decision_id,representative_item_id,decision_action,canonical_item_id,verified_item_name,verified_item_group_id,item_family_id,verified_family_name,item_subtype_id,verified_subtype_name,verified_specification,verified_unit,verified_material,evidence_source,evidence_record_id,evidence_url,evidence_field,retrieved_at,verification_status,review_status,reviewer,reviewed_at,review_note,decision_version
DECISION::classification-v1.0::ITEM_b8ea0ce13efe1f765b30,ITEM_b8ea0ce13efe1f765b30,APPROVE_ITEM,mfds_drug::199901375,아루펜정400밀리그람(이부프로펜),MED_ORAL,IBUPROFEN,이부프로펜,DRUG_TABLET,정제,400mg,TABLET,,mfds_nedrug_web,199901375,https://nedrug.mfds.go.kr/pbp/CCBBB01/getItemDetail?itemSeq=199901375,품목기준코드;제품명;원료약품및분량;제형,2026-07-15T14:04:28.826873+00:00,verified_identity,approved,codex_external_evidence_pipeline,2026-07-22T12:35:28.630356+00:00,official_name_code_ingredient_strength_match,classification-v1.0
DECISION::classification-v1.0::ITEM_14ced78de0d778f78cac,ITEM_14ced78de0d778f78cac,APPROVE_FAMILY,,,MED_SUPPLY,DISPOSABLE_SYRINGE,주사기,SYRINGE_USAGE_BASED,주사기(사용량 기준),3mL,EA,,MFDS_DEVICE_CLASSIFICATION_2026_18,MFDS_DEVICE_CLASSIFICATION_2026_18::DISPOSABLE_SYRINGE,https://www.law.go.kr/LSW/admRulLsInfoP.do?admRulSeq=2100000275656,representative_name;item_family_id;item_subtype_id;normalized_specification;unit_code,2026-07-22T12:35:28.630356+00:00,verified_family,approved,codex_external_evidence_pipeline,2026-07-22T12:35:28.630356+00:00,explicit_family_spec_unit_supported_by_official_taxonomy,classification-v1.0
DECISION::classification-v1.0::ITEM_bc0e986753408ad8e7b8,ITEM_bc0e986753408ad8e7b8,APPROVE_FAMILY,,,MED_SUPPLY,DISPOSABLE_SYRINGE,주사기,SYRINGE_USAGE_BASED,주사기(사용량 기준),3mL,EA,,MFDS_DEVICE_CLASSIFICATION_2026_18,MFDS_DEVICE_CLASSIFICATION_2026_18::DISPOSABLE_SYRINGE,https://www.law.go.kr/LSW/admRulLsInfoP.do?admRulSeq=2100000275656,representative_name;item_family_id;item_subtype_id;normalized_specification;unit_code,2026-07-22T12:35:28.630356+00:00,verified_family,approved,codex_external_evidence_pipeline,2026-07-22T12:35:28.630356+00:00,explicit_family_spec_unit_supported_by_official_taxonomy,classification-v1.0
DECISION::classification-v1.0::ITEM_ba44c17e818616ccef23,ITEM_ba44c17e818616ccef23,APPROVE_FAMILY,,,MED_SUPPLY,DISPOSABLE_SYRINGE,주사기,SYRINGE_USAGE_BASED,주사기(사용량 기준),3mL,EA,,MFDS_DEVICE_CLASSIFICATION_2026_18,MFDS_DEVICE_CLASSIFICATION_2026_18::DISPOSABLE_SYRINGE,https://www.law.go.kr/LSW/admRulLsInfoP.do?admRulSeq=2100000275656,representative_name;item_family_id;item_subtype_id;normalized_specification;unit_code,2026-07-22T12:35:28.630356+00:00,verified_family,approved,codex_external_evidence_pipeline,2026-07-22T12:35:28.630356+00:00,explicit_family_spec_unit_supported_by_official_taxonomy,classification-v1.0
DECISION::classification-v1.0::ITEM_3e6cf8aaf09e1eeb17fc,ITEM_3e6cf8aaf09e1eeb17fc,APPROVE_FAMILY,,,MED_SUPPLY,BLOOD_LANCET,채혈침,BLOOD_LANCET,채혈침,28G,EA,,MFDS_DEVICE_CLASSIFICATION_2026_18,MFDS_DEVICE_CLASSIFICATION_2026_18::BLOOD_LANCET,https://www.law.go.kr/LSW/admRulLsInfoP.do?admRulSeq=2100000275656,representative_name;item_family_id;item_subtype_id;normalized_specification;unit_code,2026-07-22T12:35:28.630356+00:00,verified_family,approved,codex_external_evidence_pipeline,2026-07-22T12:35:28.630356+00:00,explicit_family_spec_unit_supported_by_official_taxonomy,classification-v1.0
DECISION::classification-v1.0::ITEM_bd2a280ba0ac49192f40,ITEM_bd2a280ba0ac49192f40,APPROVE_FAMILY,,,MED_SUPPLY,BLOOD_LANCET,채혈침,BLOOD_LANCET,채혈침,28G,EA,,MFDS_DEVICE_CLASSIFICATION_2026_18,MFDS_DEVICE_CLASSIFICATION_2026_18::BLOOD_LANCET,https://www.law.go.kr/LSW/admRulLsInfoP.do?admRulSeq=2100000275656,representative_name;item_family_id;item_subtype_id;normalized_specification;unit_code,2026-07-22T12:35:28.630356+00:00,verified_family,approved,codex_external_evidence_pipeline,2026-07-22T12:35:28.630356+00:00,explicit_family_spec_unit_supported_by_official_taxonomy,classification-v1.0
DECISION::classification-v1.0::ITEM_dc1f7094d59cfc8b4183,ITEM_dc1f7094d59cfc8b4183,APPROVE_FAMILY,,,MED_SUPPLY,BLOOD_LANCET,채혈침,BLOOD_LANCET,채혈침,30G,EA,,MFDS_DEVICE_CLASSIFICATION_2026_18,MFDS_DEVICE_CLASSIFICATION_2026_18::BLOOD_LANCET,https://www.law.go.kr/LSW/admRulLsInfoP.do?admRulSeq=2100000275656,representative_name;item_family_id;item_subtype_id;normalized_specification;unit_code,2026-07-22T12:35:28.630356+00:00,verified_family,approved,codex_external_evidence_pipeline,2026-07-22T12:35:28.630356+00:00,explicit_family_spec_unit_supported_by_official_taxonomy,classification-v1.0
DECISION::classification-v1.0::ITEM_824f073b25c44ae890fc,ITEM_824f073b25c44ae890fc,APPROVE_FAMILY,,,MED_SUPPLY,DISPOSABLE_SYRINGE,주사기,SYRINGE_USAGE_BASED,주사기(사용량 기준),5mL,EA,,MFDS_DEVICE_CLASSIFICATION_2026_18,MFDS_DEVICE_CLASSIFICATION_2026_18::DISPOSABLE_SYRINGE,https://www.law.go.kr/LSW/admRulLsInfoP.do?admRulSeq=2100000275656,representative_name;item_family_id;item_subtype_id;normalized_specification;unit_code,2026-07-22T12:35:28.630356+00:00,verified_family,approved,codex_external_evidence_pipeline,2026-07-22T12:35:28.630356+00:00,explicit_family_spec_unit_supported_by_official_taxonomy,classification-v1.0
DECISION::classification-v1.0::ITEM_69f65e1f9f3c18dcf949,ITEM_69f65e1f9f3c18dcf949,APPROVE_FAMILY,,,MED_SUPPLY,INFUSION_SET,수액세트,INFUSION_SET,수액세트,수액세트,EA,,MFDS_DEVICE_CLASSIFICATION_2026_18,MFDS_DEVICE_CLASSIFICATION_2026_18::INFUSION_SET,https://www.law.go.kr/LSW/admRulLsInfoP.do?admRulSeq=2100000275656,representative_name;item_family_id;item_subtype_id;normalized_specification;unit_code,2026-07-22T12:35:28.630356+00:00,verified_family,approved,codex_external_evidence_pipeline,2026-07-22T12:35:28.630356+00:00,explicit_family_spec_unit_supported_by_official_taxonomy,classification-v1.0
DECISION::classification-v1.0::ITEM_51c62eef976e035e0896,ITEM_51c62eef976e035e0896,APPROVE_FAMILY,,,MED_SUPPLY,DISPOSABLE_SYRINGE,주사기,SYRINGE_USAGE_BASED,주사기(사용량 기준),1mL,EA,,MFDS_DEVICE_CLASSIFICATION_2026_18,MFDS_DEVICE_CLASSIFICATION_2026_18::DISPOSABLE_SYRINGE,https://www.law.go.kr/LSW/admRulLsInfoP.do?admRulSeq=2100000275656,representative_name;item_family_id;item_subtype_id;normalized_specification;unit_code,2026-07-22T12:35:28.630356+00:00,verified_family,approved,codex_external_evidence_pipeline,2026-07-22T12:35:28.630356+00:00,explicit_family_spec_unit_supported_by_official_taxonomy,classification-v1.0
DECISION::classification-v1.0::ITEM_eb59a166e2237bc85d7a,ITEM_eb59a166e2237bc85d7a,APPROVE_FAMILY,,,MED_SUPPLY,BLOOD_LANCET,채혈침,BLOOD_LANCET,채혈침,30G,EA,,MFDS_DEVICE_CLASSIFICATION_2026_18,MFDS_DEVICE_CLASSIFICATION_2026_18::BLOOD_LANCET,https://www.law.go.kr/LSW/admRulLsInfoP.do?admRulSeq=2100000275656,representative_name;item_family_id;item_subtype_id;normalized_specification;unit_code,2026-07-22T12:35:28.630356+00:00,verified_family,approved,codex_external_evidence_pipeline,2026-07-22T12:35:28.630356+00:00,explicit_family_spec_unit_supported_by_official_taxonomy,classification-v1.0
DECISION::classification-v1.0::ITEM_f4bff6ed3ca7e220092c,ITEM_f4bff6ed3ca7e220092c,APPROVE_FAMILY,,,MED_SUPPLY,DISPOSABLE_SYRINGE,주사기,SYRINGE_USAGE_BASED,주사기(사용량 기준),5mL,EA,,MFDS_DEVICE_CLASSIFICATION_2026_18,MFDS_DEVICE_CLASSIFICATION_2026_18::DISPOSABLE_SYRINGE,https://www.law.go.kr/LSW/admRulLsInfoP.do?admRulSeq=2100000275656,representative_name;item_family_id;item_subtype_id;normalized_specification;unit_code,2026-07-22T12:35:28.630356+00:00,verified_family,approved,codex_external_evidence_pipeline,2026-07-22T12:35:28.630356+00:00,explicit_family_spec_unit_supported_by_official_taxonomy,classification-v1.0
DECISION::classification-v1.0::ITEM_b43f75e7f995f4f71bdf,ITEM_b43f75e7f995f4f71bdf,APPROVE_FAMILY,,,MED_SUPPLY,DISPOSABLE_SYRINGE,주사기,SYRINGE_USAGE_BASED,주사기(사용량 기준),3mL,EA,,MFDS_DEVICE_CLASSIFICATION_2026_18,MFDS_DEVICE_CLASSIFICATION_2026_18::DISPOSABLE_SYRINGE,https://www.law.go.kr/LSW/admRulLsInfoP.do?admRulSeq=2100000275656,representative_name;item_family_id;item_subtype_id;normalized_specification;unit_code,2026-07-22T12:35:28.630356+00:00,verified_family,approved,codex_external_evidence_pipeline,2026-07-22T12:35:28.630356+00:00,explicit_family_spec_unit_supported_by_official_taxonomy,classification-v1.0
DECISION::classification-v1.0::ITEM_be334d488a4e2cf35633,ITEM_be334d488a4e2cf35633,APPROVE_FAMILY,,,MED_SUPPLY,DISPOSABLE_SYRINGE,주사기,SYRINGE_USAGE_BASED,주사기(사용량 기준),3mL,EA,,MFDS_DEVICE_CLASSIFICATION_2026_18,MFDS_DEVICE_CLASSIFICATION_2026_18::DISPOSABLE_SYRINGE,https://www.law.go.kr/LSW/admRulLsInfoP.do?admRulSeq=2100000275656,representative_name;item_family_id;item_subtype_id;normalized_specification;unit_code,2026-07-22T12:35:28.630356+00:00,verified_family,approved,codex_external_evidence_pipeline,2026-07-22T12:35:28.630356+00:00,explicit_family_spec_unit_supported_by_official_taxonomy,classification-v1.0
DECISION::classification-v1.0::ITEM_94f70e619078c4e9eb23,ITEM_94f70e619078c4e9eb23,APPROVE_FAMILY,,,MED_SUPPLY,DISPOSABLE_SYRINGE,주사기,SYRINGE_USAGE_BASED,주사기(사용량 기준),10mL,EA,,MFDS_DEVICE_CLASSIFICATION_2026_18,MFDS_DEVICE_CLASSIFICATION_2026_18::DISPOSABLE_SYRINGE,https://www.law.go.kr/LSW/admRulLsInfoP.do?admRulSeq=2100000275656,representative_name;item_family_id;item_subtype_id;normalized_specification;unit_code,2026-07-22T12:35:28.630356+00:00,verified_family,approved,codex_external_evidence_pipeline,2026-07-22T12:35:28.630356+00:00,explicit_family_spec_unit_supported_by_official_taxonomy,classification-v1.0
DECISION::classification-v1.0::ITEM_b02b38993fd963689014,ITEM_b02b38993fd963689014,APPROVE_FAMILY,,,MED_SUPPLY,BLOOD_LANCET,채혈침,BLOOD_LANCET,채혈침,30G,EA,,MFDS_DEVICE_CLASSIFICATION_2026_18,MFDS_DEVICE_CLASSIFICATION_2026_18::BLOOD_LANCET,https://www.law.go.kr/LSW/admRulLsInfoP.do?admRulSeq=2100000275656,representative_name;item_family_id;item_subtype_id;normalized_specification;unit_code,2026-07-22T12:35:28.630356+00:00,verified_family,approved,codex_external_evidence_pipeline,2026-07-22T12:35:28.630356+00:00,explicit_family_spec_unit_supported_by_official_taxonomy,classification-v1.0
DECISION::classification-v1.0::ITEM_22013bd1c878d7a49a97,ITEM_22013bd1c878d7a49a97,APPROVE_FAMILY,,,MED_SUPPLY,BLOOD_LANCET,채혈침,BLOOD_LANCET,채혈침,30G,EA,,MFDS_DEVICE_CLASSIFICATION_2026_18,MFDS_DEVICE_CLASSIFICATION_2026_18::BLOOD_LANCET,https://www.law.go.kr/LSW/admRulLsInfoP.do?admRulSeq=2100000275656,representative_name;item_family_id;item_subtype_id;normalized_specification;unit_code,2026-07-22T12:35:28.630356+00:00,verified_family,approved,codex_external_evidence_pipeline,2026-07-22T12:35:28.630356+00:00,explicit_family_spec_unit_supported_by_official_taxonomy,classification-v1.0
DECISION::classification-v1.0::ITEM_4a342e04e1ad62dd28b5,ITEM_4a342e04e1ad62dd28b5,APPROVE_FAMILY,,,MED_SUPPLY,DISPOSABLE_SYRINGE,주사기,SYRINGE_USAGE_BASED,주사기(사용량 기준),3mL,EA,,MFDS_DEVICE_CLASSIFICATION_2026_18,MFDS_DEVICE_CLASSIFICATION_2026_18::DISPOSABLE_SYRINGE,https://www.law.go.kr/LSW/admRulLsInfoP.do?admRulSeq=2100000275656,representative_name;item_family_id;item_subtype_id;normalized_specification;unit_code,2026-07-22T12:35:28.630356+00:00,verified_family,approved,codex_external_evidence_pipeline,2026-07-22T12:35:28.630356+00:00,explicit_family_spec_unit_supported_by_official_taxonomy,classification-v1.0
DECISION::classification-v1.0::ITEM_9924e6813610a6eda34b,ITEM_9924e6813610a6eda34b,APPROVE_FAMILY,,,MED_SUPPLY,DISPOSABLE_SYRINGE,주사기,SYRINGE_USAGE_BASED,주사기(사용량 기준),5mL,EA,,MFDS_DEVICE_CLASSIFICATION_2026_18,MFDS_DEVICE_CLASSIFICATION_2026_18::DISPOSABLE_SYRINGE,https://www.law.go.kr/LSW/admRulLsInfoP.do?admRulSeq=2100000275656,representative_name;item_family_id;item_subtype_id;normalized_specification;unit_code,2026-07-22T12:35:28.630356+00:00,verified_family,approved,codex_external_evidence_pipeline,2026-07-22T12:35:28.630356+00:00,explicit_family_spec_unit_supported_by_official_taxonomy,classification-v1.0
DECISION::classification-v1.0::ITEM_e17e34b51b82a3b27c26,ITEM_e17e34b51b82a3b27c26,APPROVE_FAMILY,,,MED_SUPPLY,DISPOSABLE_SYRINGE,주사기,SYRINGE_USAGE_BASED,주사기(사용량 기준),1mL,EA,,MFDS_DEVICE_CLASSIFICATION_2026_18,MFDS_DEVICE_CLASSIFICATION_2026_18::DISPOSABLE_SYRINGE,https://www.law.go.kr/LSW/admRulLsInfoP.do?admRulSeq=2100000275656,representative_name;item_family_id;item_subtype_id;normalized_specification;unit_code,2026-07-22T12:35:28.630356+00:00,verified_family,approved,codex_external_evidence_pipeline,2026-07-22T12:35:28.630356+00:00,explicit_family_spec_unit_supported_by_official_taxonomy,classification-v1.0
DECISION::classification-v1.0::ITEM_b4d2765d7a826cb087f7,ITEM_b4d2765d7a826cb087f7,APPROVE_FAMILY,,,MED_SUPPLY,BLOOD_LANCET,채혈침,BLOOD_LANCET,채혈침,28G,EA,,MFDS_DEVICE_CLASSIFICATION_2026_18,MFDS_DEVICE_CLASSIFICATION_2026_18::BLOOD_LANCET,https://www.law.go.kr/LSW/admRulLsInfoP.do?admRulSeq=2100000275656,representative_name;item_family_id;item_subtype_id;normalized_specification;unit_code,2026-07-22T12:35:28.630356+00:00,verified_family,approved,codex_external_evidence_pipeline,2026-07-22T12:35:28.630356+00:00,explicit_family_spec_unit_supported_by_official_taxonomy,classification-v1.0
DECISION::classification-v1.0::ITEM_93616445ef2dd8e2a3be,ITEM_93616445ef2dd8e2a3be,APPROVE_FAMILY,,,MED_SUPPLY,INFUSION_SET,수액세트,INFUSION_SET,수액세트,수액세트,EA,,MFDS_DEVICE_CLASSIFICATION_2026_18,MFDS_DEVICE_CLASSIFICATION_2026_18::INFUSION_SET,https://www.law.go.kr/LSW/admRulLsInfoP.do?admRulSeq=2100000275656,representative_name;item_family_id;item_subtype_id;normalized_specification;unit_code,2026-07-22T12:35:28.630356+00:00,verified_family,approved,codex_external_evidence_pipeline,2026-07-22T12:35:28.630356+00:00,explicit_family_spec_unit_supported_by_official_taxonomy,classification-v1.0
DECISION::classification-v1.0::ITEM_aa7c55f29b896cfb84ab,ITEM_aa7c55f29b896cfb84ab,APPROVE_FAMILY,,,MED_SUPPLY,DISPOSABLE_SYRINGE,주사기,SYRINGE_USAGE_BASED,주사기(사용량 기준),10mL,EA,,MFDS_DEVICE_CLASSIFICATION_2026_18,MFDS_DEVICE_CLASSIFICATION_2026_18::DISPOSABLE_SYRINGE,https://www.law.go.kr/LSW/admRulLsInfoP.do?admRulSeq=2100000275656,representative_name;item_family_id;item_subtype_id;normalized_specification;unit_code,2026-07-22T12:35:28.630356+00:00,verified_family,approved,codex_external_evidence_pipeline,2026-07-22T12:35:28.630356+00:00,explicit_family_spec_unit_supported_by_official_taxonomy,classification-v1.0
DECISION::classification-v1.0::ITEM_106c3ab3d38de69d214d,ITEM_106c3ab3d38de69d214d,APPROVE_FAMILY,,,MED_SUPPLY,DISPOSABLE_SYRINGE,주사기,SYRINGE_USAGE_BASED,주사기(사용량 기준),3mL,EA,,MFDS_DEVICE_CLASSIFICATION_2026_18,MFDS_DEVICE_CLASSIFICATION_2026_18::DISPOSABLE_SYRINGE,https://www.law.go.kr/LSW/admRulLsInfoP.do?admRulSeq=2100000275656,representative_name;item_family_id;item_subtype_id;normalized_specification;unit_code,2026-07-22T12:35:28.630356+00:00,verified_family,approved,codex_external_evidence_pipeline,2026-07-22T12:35:28.630356+00:00,explicit_family_spec_unit_supported_by_official_taxonomy,classification-v1.0
DECISION::classification-v1.0::ITEM_e5907b67286507e462a6,ITEM_e5907b67286507e462a6,APPROVE_FAMILY,,,MED_SUPPLY,BLOOD_LANCET,채혈침,BLOOD_LANCET,채혈침,26G,EA,,MFDS_DEVICE_CLASSIFICATION_2026_18,MFDS_DEVICE_CLASSIFICATION_2026_18::BLOOD_LANCET,https://www.law.go.kr/LSW/admRulLsInfoP.do?admRulSeq=2100000275656,representative_name;item_family_id;item_subtype_id;normalized_specification;unit_code,2026-07-22T12:35:28.630356+00:00,verified_family,approved,codex_external_evidence_pipeline,2026-07-22T12:35:28.630356+00:00,explicit_family_spec_unit_supported_by_official_taxonomy,classification-v1.0
DECISION::classification-v1.0::ITEM_c52b24c00ca33b4349c1,ITEM_c52b24c00ca33b4349c1,APPROVE_FAMILY,,,MED_SUPPLY,ANGIO_CATHETER,카테터,BUTTERFLY_NEEDLE,나비 바늘,나비 바늘,EA,,MFDS_DEVICE_CLASSIFICATION_2026_18,MFDS_DEVICE_CLASSIFICATION_2026_18::ANGIO_CATHETER,https://www.law.go.kr/LSW/admRulLsInfoP.do?admRulSeq=2100000275656,representative_name;item_family_id;item_subtype_id;normalized_specification;unit_code,2026-07-22T12:35:28.630356+00:00,verified_family,approved,codex_external_evidence_pipeline,2026-07-22T12:35:28.630356+00:00,explicit_family_spec_unit_supported_by_official_taxonomy,classification-v1.0
DECISION::classification-v1.0::ITEM_a3cccdd0114fc30e073e,ITEM_a3cccdd0114fc30e073e,APPROVE_FAMILY,,,MED_SUPPLY,BLOOD_LANCET,채혈침,BLOOD_LANCET,채혈침,23G,EA,,MFDS_DEVICE_CLASSIFICATION_2026_18,MFDS_DEVICE_CLASSIFICATION_2026_18::BLOOD_LANCET,https://www.law.go.kr/LSW/admRulLsInfoP.do?admRulSeq=2100000275656,representative_name;item_family_id;item_subtype_id;normalized_specification;unit_code,2026-07-22T12:35:28.630356+00:00,verified_family,approved,codex_external_evidence_pipeline,2026-07-22T12:35:28.630356+00:00,explicit_family_spec_unit_supported_by_official_taxonomy,classification-v1.0
DECISION::classification-v1.0::ITEM_24bfd1fb0fc59b6cd746,ITEM_24bfd1fb0fc59b6cd746,APPROVE_FAMILY,,,MED_SUPPLY,BLOOD_LANCET,채혈침,BLOOD_LANCET,채혈침,23G,EA,,MFDS_DEVICE_CLASSIFICATION_2026_18,MFDS_DEVICE_CLASSIFICATION_2026_18::BLOOD_LANCET,https://www.law.go.kr/LSW/admRulLsInfoP.do?admRulSeq=2100000275656,representative_name;item_family_id;item_subtype_id;normalized_specification;unit_code,2026-07-22T12:35:28.630356+00:00,verified_family,approved,codex_external_evidence_pipeline,2026-07-22T12:35:28.630356+00:00,explicit_family_spec_unit_supported_by_official_taxonomy,classification-v1.0
DECISION::classification-v1.0::ITEM_345446e3536a7faccac8,ITEM_345446e3536a7faccac8,APPROVE_FAMILY,,,MED_SUPPLY,DISPOSABLE_SYRINGE,주사기,SYRINGE_USAGE_BASED,주사기(사용량 기준),5mL,EA,,MFDS_DEVICE_CLASSIFICATION_2026_18,MFDS_DEVICE_CLASSIFICATION_2026_18::DISPOSABLE_SYRINGE,https://www.law.go.kr/LSW/admRulLsInfoP.do?admRulSeq=2100000275656,representative_name;item_family_id;item_subtype_id;normalized_specification;unit_code,2026-07-22T12:35:28.630356+00:00,verified_family,approved,codex_external_evidence_pipeline,2026-07-22T12:35:28.630356+00:00,explicit_family_spec_unit_supported_by_official_taxonomy,classification-v1.0
DECISION::classification-v1.0::ITEM_5e221b061d82cf2279b7,ITEM_5e221b061d82cf2279b7,APPROVE_FAMILY,,,MED_SUPPLY,DISPOSABLE_SYRINGE,주사기,SYRINGE_USAGE_BASED,주사기(사용량 기준),3mL,EA,,MFDS_DEVICE_CLASSIFICATION_2026_18,MFDS_DEVICE_CLASSIFICATION_2026_18::DISPOSABLE_SYRINGE,https://www.law.go.kr/LSW/admRulLsInfoP.do?admRulSeq=2100000275656,representative_name;item_family_id;item_subtype_id;normalized_specification;unit_code,2026-07-22T12:35:28.630356+00:00,verified_family,approved,codex_external_evidence_pipeline,2026-07-22T12:35:28.630356+00:00,explicit_family_spec_unit_supported_by_official_taxonomy,classification-v1.0
DECISION::classification-v1.0::ITEM_e06d5d22aefbb3e7cabb,ITEM_e06d5d22aefbb3e7cabb,APPROVE_FAMILY,,,MED_SUPPLY,BLOOD_LANCET,채혈침,BLOOD_LANCET,채혈침,28G,EA,,MFDS_DEVICE_CLASSIFICATION_2026_18,MFDS_DEVICE_CLASSIFICATION_2026_18::BLOOD_LANCET,https://www.law.go.kr/LSW/admRulLsInfoP.do?admRulSeq=2100000275656,representative_name;item_family_id;item_subtype_id;normalized_specification;unit_code,2026-07-22T12:35:28.630356+00:00,verified_family,approved,codex_external_evidence_pipeline,2026-07-22T12:35:28.630356+00:00,explicit_family_spec_unit_supported_by_official_taxonomy,classification-v1.0
DECISION::classification-v1.0::ITEM_e57be650a917273da39f,ITEM_e57be650a917273da39f,APPROVE_FAMILY,,,MED_SUPPLY,DISPOSABLE_SYRINGE,주사기,SYRINGE_USAGE_BASED,주사기(사용량 기준),3mL,EA,,MFDS_DEVICE_CLASSIFICATION_2026_18,MFDS_DEVICE_CLASSIFICATION_2026_18::DISPOSABLE_SYRINGE,https://www.law.go.kr/LSW/admRulLsInfoP.do?admRulSeq=2100000275656,representative_name;item_family_id;item_subtype_id;normalized_specification;unit_code,2026-07-22T12:35:28.630356+00:00,verified_family,approved,codex_external_evidence_pipeline,2026-07-22T12:35:28.630356+00:00,explicit_family_spec_unit_supported_by_official_taxonomy,classification-v1.0
DECISION::classification-v1.0::ITEM_a2d143944d31bc5fd023,ITEM_a2d143944d31bc5fd023,APPROVE_FAMILY,,,MED_SUPPLY,DISPOSABLE_SYRINGE,주사기,SYRINGE_USAGE_BASED,주사기(사용량 기준),3mL,EA,,MFDS_DEVICE_CLASSIFICATION_2026_18,MFDS_DEVICE_CLASSIFICATION_2026_18::DISPOSABLE_SYRINGE,https://www.law.go.kr/LSW/admRulLsInfoP.do?admRulSeq=2100000275656,representative_name;item_family_id;item_subtype_id;normalized_specification;unit_code,2026-07-22T12:35:28.630356+00:00,verified_family,approved,codex_external_evidence_pipeline,2026-07-22T12:35:28.630356+00:00,explicit_family_spec_unit_supported_by_official_taxonomy,classification-v1.0
DECISION::classification-v1.0::ITEM_97be2a83ac93ede720c3,ITEM_97be2a83ac93ede720c3,APPROVE_FAMILY,,,MED_SUPPLY,DISPOSABLE_SYRINGE,주사기,SYRINGE_USAGE_BASED,주사기(사용량 기준),3mL,EA,,MFDS_DEVICE_CLASSIFICATION_2026_18,MFDS_DEVICE_CLASSIFICATION_2026_18::DISPOSABLE_SYRINGE,https://www.law.go.kr/LSW/admRulLsInfoP.do?admRulSeq=2100000275656,representative_name;item_family_id;item_subtype_id;normalized_specification;unit_code,2026-07-22T12:35:28.630356+00:00,verified_family,approved,codex_external_evidence_pipeline,2026-07-22T12:35:28.630356+00:00,explicit_family_spec_unit_supported_by_official_taxonomy,classification-v1.0
DECISION::classification-v1.0::ITEM_e5fa033b949dced49de3,ITEM_e5fa033b949dced49de3,APPROVE_FAMILY,,,MED_SUPPLY,DISPOSABLE_SYRINGE,주사기,SYRINGE_USAGE_BASED,주사기(사용량 기준),5mL,EA,,MFDS_DEVICE_CLASSIFICATION_2026_18,MFDS_DEVICE_CLASSIFICATION_2026_18::DISPOSABLE_SYRINGE,https://www.law.go.kr/LSW/admRulLsInfoP.do?admRulSeq=2100000275656,representative_name;item_family_id;item_subtype_id;normalized_specification;unit_code,2026-07-22T12:35:28.630356+00:00,verified_family,approved,codex_external_evidence_pipeline,2026-07-22T12:35:28.630356+00:00,explicit_family_spec_unit_supported_by_official_taxonomy,classification-v1.0
DECISION::classification-v1.0::ITEM_2dadaf12ad6b0da60763,ITEM_2dadaf12ad6b0da60763,APPROVE_FAMILY,,,MED_SUPPLY,DISPOSABLE_SYRINGE,주사기,SYRINGE_USAGE_BASED,주사기(사용량 기준),1mL,EA,,MFDS_DEVICE_CLASSIFICATION_2026_18,MFDS_DEVICE_CLASSIFICATION_2026_18::DISPOSABLE_SYRINGE,https://www.law.go.kr/LSW/admRulLsInfoP.do?admRulSeq=2100000275656,representative_name;item_family_id;item_subtype_id;normalized_specification;unit_code,2026-07-22T12:35:28.630356+00:00,verified_family,approved,codex_external_evidence_pipeline,2026-07-22T12:35:28.630356+00:00,explicit_family_spec_unit_supported_by_official_taxonomy,classification-v1.0
DECISION::classification-v1.0::ITEM_939e4ff9ecfad188b441,ITEM_939e4ff9ecfad188b441,APPROVE_FAMILY,,,MED_SUPPLY,BLOOD_LANCET,채혈침,BLOOD_LANCET,채혈침,28G,EA,,MFDS_DEVICE_CLASSIFICATION_2026_18,MFDS_DEVICE_CLASSIFICATION_2026_18::BLOOD_LANCET,https://www.law.go.kr/LSW/admRulLsInfoP.do?admRulSeq=2100000275656,representative_name;item_family_id;item_subtype_id;normalized_specification;unit_code,2026-07-22T12:35:28.630356+00:00,verified_family,approved,codex_external_evidence_pipeline,2026-07-22T12:35:28.630356+00:00,explicit_family_spec_unit_supported_by_official_taxonomy,classification-v1.0
DECISION::classification-v1.0::ITEM_50c21a6a9baa84c74817,ITEM_50c21a6a9baa84c74817,APPROVE_FAMILY,,,MED_SUPPLY,DISPOSABLE_SYRINGE,주사기,SYRINGE_USAGE_BASED,주사기(사용량 기준),3mL,EA,,MFDS_DEVICE_CLASSIFICATION_2026_18,MFDS_DEVICE_CLASSIFICATION_2026_18::DISPOSABLE_SYRINGE,https://www.law.go.kr/LSW/admRulLsInfoP.do?admRulSeq=2100000275656,representative_name;item_family_id;item_subtype_id;normalized_specification;unit_code,2026-07-22T12:35:28.630356+00:00,verified_family,approved,codex_external_evidence_pipeline,2026-07-22T12:35:28.630356+00:00,explicit_family_spec_unit_supported_by_official_taxonomy,classification-v1.0
DECISION::classification-v1.0::ITEM_b4fcf11114139924d61c,ITEM_b4fcf11114139924d61c,APPROVE_FAMILY,,,MED_SUPPLY,BLOOD_LANCET,채혈침,BLOOD_LANCET,채혈침,28G,EA,,MFDS_DEVICE_CLASSIFICATION_2026_18,MFDS_DEVICE_CLASSIFICATION_2026_18::BLOOD_LANCET,https://www.law.go.kr/LSW/admRulLsInfoP.do?admRulSeq=2100000275656,representative_name;item_family_id;item_subtype_id;normalized_specification;unit_code,2026-07-22T12:35:28.630356+00:00,verified_family,approved,codex_external_evidence_pipeline,2026-07-22T12:35:28.630356+00:00,explicit_family_spec_unit_supported_by_official_taxonomy,classification-v1.0
DECISION::classification-v1.0::ITEM_87dceec094f22441f33b,ITEM_87dceec094f22441f33b,APPROVE_FAMILY,,,MED_SUPPLY,DISPOSABLE_SYRINGE,주사기,SYRINGE_USAGE_BASED,주사기(사용량 기준),3mL,EA,,MFDS_DEVICE_CLASSIFICATION_2026_18,MFDS_DEVICE_CLASSIFICATION_2026_18::DISPOSABLE_SYRINGE,https://www.law.go.kr/LSW/admRulLsInfoP.do?admRulSeq=2100000275656,representative_name;item_family_id;item_subtype_id;normalized_specification;unit_code,2026-07-22T12:35:28.630356+00:00,verified_family,approved,codex_external_evidence_pipeline,2026-07-22T12:35:28.630356+00:00,explicit_family_spec_unit_supported_by_official_taxonomy,classification-v1.0
DECISION::classification-v1.0::ITEM_ff969cd25b471bd849fc,ITEM_ff969cd25b471bd849fc,APPROVE_FAMILY,,,MED_SUPPLY,DISPOSABLE_SYRINGE,주사기,SYRINGE_USAGE_BASED,주사기(사용량 기준),3mL,EA,,MFDS_DEVICE_CLASSIFICATION_2026_18,MFDS_DEVICE_CLASSIFICATION_2026_18::DISPOSABLE_SYRINGE,https://www.law.go.kr/LSW/admRulLsInfoP.do?admRulSeq=2100000275656,representative_name;item_family_id;item_subtype_id;normalized_specification;unit_code,2026-07-22T12:35:28.630356+00:00,verified_family,approved,codex_external_evidence_pipeline,2026-07-22T12:35:28.630356+00:00,explicit_family_spec_unit_supported_by_official_taxonomy,classification-v1.0
DECISION::classification-v1.0::ITEM_5afc74d8a38729533f6c,ITEM_5afc74d8a38729533f6c,APPROVE_FAMILY,,,MED_SUPPLY,DISPOSABLE_SYRINGE,주사기,SYRINGE_USAGE_BASED,주사기(사용량 기준),1mL,EA,,MFDS_DEVICE_CLASSIFICATION_2026_18,MFDS_DEVICE_CLASSIFICATION_2026_18::DISPOSABLE_SYRINGE,https://www.law.go.kr/LSW/admRulLsInfoP.do?admRulSeq=2100000275656,representative_name;item_family_id;item_subtype_id;normalized_specification;unit_code,2026-07-22T12:35:28.630356+00:00,verified_family,approved,codex_external_evidence_pipeline,2026-07-22T12:35:28.630356+00:00,explicit_family_spec_unit_supported_by_official_taxonomy,classification-v1.0
DECISION::classification-v1.0::ITEM_17648e995dc2aecf9589,ITEM_17648e995dc2aecf9589,APPROVE_FAMILY,,,MED_SUPPLY,BLOOD_LANCET,채혈침,BLOOD_LANCET,채혈침,28G,EA,,MFDS_DEVICE_CLASSIFICATION_2026_18,MFDS_DEVICE_CLASSIFICATION_2026_18::BLOOD_LANCET,https://www.law.go.kr/LSW/admRulLsInfoP.do?admRulSeq=2100000275656,representative_name;item_family_id;item_subtype_id;normalized_specification;unit_code,2026-07-22T12:35:28.630356+00:00,verified_family,approved,codex_external_evidence_pipeline,2026-07-22T12:35:28.630356+00:00,explicit_family_spec_unit_supported_by_official_taxonomy,classification-v1.0
DECISION::classification-v1.0::ITEM_11bd75eab7e2855e68f0,ITEM_11bd75eab7e2855e68f0,APPROVE_FAMILY,,,MED_SUPPLY,BLOOD_LANCET,채혈침,BLOOD_LANCET,채혈침,23G,EA,,MFDS_DEVICE_CLASSIFICATION_2026_18,MFDS_DEVICE_CLASSIFICATION_2026_18::BLOOD_LANCET,https://www.law.go.kr/LSW/admRulLsInfoP.do?admRulSeq=2100000275656,representative_name;item_family_id;item_subtype_id;normalized_specification;unit_code,2026-07-22T12:35:28.630356+00:00,verified_family,approved,codex_external_evidence_pipeline,2026-07-22T12:35:28.630356+00:00,explicit_family_spec_unit_supported_by_official_taxonomy,classification-v1.0
DECISION::classification-v1.0::ITEM_701d21f81f8ac31a2b0d,ITEM_701d21f81f8ac31a2b0d,APPROVE_FAMILY,,,MED_SUPPLY,URINE_BAG,Urine bag,URINE_BAG,Urine bag,Urine bag,EA,,MFDS_DEVICE_CLASSIFICATION_2026_18,MFDS_DEVICE_CLASSIFICATION_2026_18::URINE_BAG,https://www.law.go.kr/LSW/admRulLsInfoP.do?admRulSeq=2100000275656,representative_name;item_family_id;item_subtype_id;normalized_specification;unit_code,2026-07-22T12:35:28.630356+00:00,verified_family,approved,codex_external_evidence_pipeline,2026-07-22T12:35:28.630356+00:00,explicit_family_spec_unit_supported_by_official_taxonomy,classification-v1.0
DECISION::classification-v1.0::ITEM_4604e928284bb513cca6,ITEM_4604e928284bb513cca6,APPROVE_FAMILY,,,MED_SUPPLY,DISPOSABLE_SYRINGE,주사기,SYRINGE_USAGE_BASED,주사기(사용량 기준),3mL,EA,,MFDS_DEVICE_CLASSIFICATION_2026_18,MFDS_DEVICE_CLASSIFICATION_2026_18::DISPOSABLE_SYRINGE,https://www.law.go.kr/LSW/admRulLsInfoP.do?admRulSeq=2100000275656,representative_name;item_family_id;item_subtype_id;normalized_specification;unit_code,2026-07-22T12:35:28.630356+00:00,verified_family,approved,codex_external_evidence_pipeline,2026-07-22T12:35:28.630356+00:00,explicit_family_spec_unit_supported_by_official_taxonomy,classification-v1.0
DECISION::classification-v1.0::ITEM_6cf39ba3a9fc3c0ded62,ITEM_6cf39ba3a9fc3c0ded62,APPROVE_FAMILY,,,MED_SUPPLY,DISPOSABLE_SYRINGE,주사기,SYRINGE_USAGE_BASED,주사기(사용량 기준),3mL,EA,,MFDS_DEVICE_CLASSIFICATION_2026_18,MFDS_DEVICE_CLASSIFICATION_2026_18::DISPOSABLE_SYRINGE,https://www.law.go.kr/LSW/admRulLsInfoP.do?admRulSeq=2100000275656,representative_name;item_family_id;item_subtype_id;normalized_specification;unit_code,2026-07-22T12:35:28.630356+00:00,verified_family,approved,codex_external_evidence_pipeline,2026-07-22T12:35:28.630356+00:00,explicit_family_spec_unit_supported_by_official_taxonomy,classification-v1.0
DECISION::classification-v1.0::ITEM_174ad3fafcef2ee3cd02,ITEM_174ad3fafcef2ee3cd02,APPROVE_FAMILY,,,MED_SUPPLY,BLOOD_LANCET,채혈침,BLOOD_LANCET,채혈침,30G,EA,,MFDS_DEVICE_CLASSIFICATION_2026_18,MFDS_DEVICE_CLASSIFICATION_2026_18::BLOOD_LANCET,https://www.law.go.kr/LSW/admRulLsInfoP.do?admRulSeq=2100000275656,representative_name;item_family_id;item_subtype_id;normalized_specification;unit_code,2026-07-22T12:35:28.630356+00:00,verified_family,approved,codex_external_evidence_pipeline,2026-07-22T12:35:28.630356+00:00,explicit_family_spec_unit_supported_by_official_taxonomy,classification-v1.0
DECISION::classification-v1.0::ITEM_f3ed6d54ab78ab6e956d,ITEM_f3ed6d54ab78ab6e956d,APPROVE_FAMILY,,,MED_SUPPLY,BLOOD_LANCET,채혈침,BLOOD_LANCET,채혈침,23G,EA,,MFDS_DEVICE_CLASSIFICATION_2026_18,MFDS_DEVICE_CLASSIFICATION_2026_18::BLOOD_LANCET,https://www.law.go.kr/LSW/admRulLsInfoP.do?admRulSeq=2100000275656,representative_name;item_family_id;item_subtype_id;normalized_specification;unit_code,2026-07-22T12:35:28.630356+00:00,verified_family,approved,codex_external_evidence_pipeline,2026-07-22T12:35:28.630356+00:00,explicit_family_spec_unit_supported_by_official_taxonomy,classification-v1.0
DECISION::classification-v1.0::ITEM_fd4339307ae82f025b68,ITEM_fd4339307ae82f025b68,APPROVE_FAMILY,,,MED_SUPPLY,BLOOD_LANCET,채혈침,BLOOD_LANCET,채혈침,26G,EA,,MFDS_DEVICE_CLASSIFICATION_2026_18,MFDS_DEVICE_CLASSIFICATION_2026_18::BLOOD_LANCET,https://www.law.go.kr/LSW/admRulLsInfoP.do?admRulSeq=2100000275656,representative_name;item_family_id;item_subtype_id;normalized_specification;unit_code,2026-07-22T12:35:28.630356+00:00,verified_family,approved,codex_external_evidence_pipeline,2026-07-22T12:35:28.630356+00:00,explicit_family_spec_unit_supported_by_official_taxonomy,classification-v1.0
DECISION::classification-v1.0::ITEM_5a4714c64b3eafb61eec,ITEM_5a4714c64b3eafb61eec,APPROVE_FAMILY,,,MED_SUPPLY,BLOOD_LANCET,채혈침,BLOOD_LANCET,채혈침,28G,EA,,MFDS_DEVICE_CLASSIFICATION_2026_18,MFDS_DEVICE_CLASSIFICATION_2026_18::BLOOD_LANCET,https://www.law.go.kr/LSW/admRulLsInfoP.do?admRulSeq=2100000275656,representative_name;item_family_id;item_subtype_id;normalized_specification;unit_code,2026-07-22T12:35:28.630356+00:00,verified_family,approved,codex_external_evidence_pipeline,2026-07-22T12:35:28.630356+00:00,explicit_family_spec_unit_supported_by_official_taxonomy,classification-v1.0
DECISION::classification-v1.0::ITEM_f85e398404584e1d55c8,ITEM_f85e398404584e1d55c8,APPROVE_FAMILY,,,MED_SUPPLY,INFUSION_SET,수액세트,INFUSION_SET,수액세트,수액세트,EA,,MFDS_DEVICE_CLASSIFICATION_2026_18,MFDS_DEVICE_CLASSIFICATION_2026_18::INFUSION_SET,https://www.law.go.kr/LSW/admRulLsInfoP.do?admRulSeq=2100000275656,representative_name;item_family_id;item_subtype_id;normalized_specification;unit_code,2026-07-22T12:35:28.630356+00:00,verified_family,approved,codex_external_evidence_pipeline,2026-07-22T12:35:28.630356+00:00,explicit_family_spec_unit_supported_by_official_taxonomy,classification-v1.0
DECISION::classification-v1.0::ITEM_5cd0833a8d1d6fa37595,ITEM_5cd0833a8d1d6fa37595,APPROVE_FAMILY,,,MED_SUPPLY,BLOOD_LANCET,채혈침,BLOOD_LANCET,채혈침,28G,EA,,MFDS_DEVICE_CLASSIFICATION_2026_18,MFDS_DEVICE_CLASSIFICATION_2026_18::BLOOD_LANCET,https://www.law.go.kr/LSW/admRulLsInfoP.do?admRulSeq=2100000275656,representative_name;item_family_id;item_subtype_id;normalized_specification;unit_code,2026-07-22T12:35:28.630356+00:00,verified_family,approved,codex_external_evidence_pipeline,2026-07-22T12:35:28.630356+00:00,explicit_family_spec_unit_supported_by_official_taxonomy,classification-v1.0
DECISION::classification-v1.0::ITEM_dd52f8c98d71bbdf6e5a,ITEM_dd52f8c98d71bbdf6e5a,APPROVE_FAMILY,,,MED_SUPPLY,BLOOD_LANCET,채혈침,BLOOD_LANCET,채혈침,30G,EA,,MFDS_DEVICE_CLASSIFICATION_2026_18,MFDS_DEVICE_CLASSIFICATION_2026_18::BLOOD_LANCET,https://www.law.go.kr/LSW/admRulLsInfoP.do?admRulSeq=2100000275656,representative_name;item_family_id;item_subtype_id;normalized_specification;unit_code,2026-07-22T12:35:28.630356+00:00,verified_family,approved,codex_external_evidence_pipeline,2026-07-22T12:35:28.630356+00:00,explicit_family_spec_unit_supported_by_official_taxonomy,classification-v1.0
DECISION::classification-v1.0::ITEM_c81b284e3bccabb42473,ITEM_c81b284e3bccabb42473,APPROVE_FAMILY,,,MED_SUPPLY,DISPOSABLE_SYRINGE,주사기,SYRINGE_USAGE_BASED,주사기(사용량 기준),3mL,EA,,MFDS_DEVICE_CLASSIFICATION_2026_18,MFDS_DEVICE_CLASSIFICATION_2026_18::DISPOSABLE_SYRINGE,https://www.law.go.kr/LSW/admRulLsInfoP.do?admRulSeq=2100000275656,representative_name;item_family_id;item_subtype_id;normalized_specification;unit_code,2026-07-22T12:35:28.630356+00:00,verified_family,approved,codex_external_evidence_pipeline,2026-07-22T12:35:28.630356+00:00,explicit_family_spec_unit_supported_by_official_taxonomy,classification-v1.0
DECISION::classification-v1.0::ITEM_6c35182f72dc62c81f72,ITEM_6c35182f72dc62c81f72,APPROVE_FAMILY,,,MED_SUPPLY,INJECTION_NEEDLE,주사침,INJECTION_NEEDLE,주사침,23G,EA,,MFDS_DEVICE_CLASSIFICATION_2026_18,MFDS_DEVICE_CLASSIFICATION_2026_18::INJECTION_NEEDLE,https://www.law.go.kr/LSW/admRulLsInfoP.do?admRulSeq=2100000275656,representative_name;item_family_id;item_subtype_id;normalized_specification;unit_code,2026-07-22T12:35:28.630356+00:00,verified_family,approved,codex_external_evidence_pipeline,2026-07-22T12:35:28.630356+00:00,explicit_family_spec_unit_supported_by_official_taxonomy,classification-v1.0
DECISION::classification-v1.0::ITEM_0b79b2fefba7a46a5a17,ITEM_0b79b2fefba7a46a5a17,APPROVE_FAMILY,,,MED_SUPPLY,BLOOD_LANCET,채혈침,BLOOD_LANCET,채혈침,28G,EA,,MFDS_DEVICE_CLASSIFICATION_2026_18,MFDS_DEVICE_CLASSIFICATION_2026_18::BLOOD_LANCET,https://www.law.go.kr/LSW/admRulLsInfoP.do?admRulSeq=2100000275656,representative_name;item_family_id;item_subtype_id;normalized_specification;unit_code,2026-07-22T12:35:28.630356+00:00,verified_family,approved,codex_external_evidence_pipeline,2026-07-22T12:35:28.630356+00:00,explicit_family_spec_unit_supported_by_official_taxonomy,classification-v1.0
DECISION::classification-v1.0::ITEM_7c1ccf530f21724e8a30,ITEM_7c1ccf530f21724e8a30,APPROVE_FAMILY,,,MED_SUPPLY,BLOOD_LANCET,채혈침,BLOOD_LANCET,채혈침,26G,EA,,MFDS_DEVICE_CLASSIFICATION_2026_18,MFDS_DEVICE_CLASSIFICATION_2026_18::BLOOD_LANCET,https://www.law.go.kr/LSW/admRulLsInfoP.do?admRulSeq=2100000275656,representative_name;item_family_id;item_subtype_id;normalized_specification;unit_code,2026-07-22T12:35:28.630356+00:00,verified_family,approved,codex_external_evidence_pipeline,2026-07-22T12:35:28.630356+00:00,explicit_family_spec_unit_supported_by_official_taxonomy,classification-v1.0
DECISION::classification-v1.0::ITEM_86fba46d801ec60db848,ITEM_86fba46d801ec60db848,APPROVE_FAMILY,,,MED_SUPPLY,BLOOD_LANCET,채혈침,BLOOD_LANCET,채혈침,28G,EA,,MFDS_DEVICE_CLASSIFICATION_2026_18,MFDS_DEVICE_CLASSIFICATION_2026_18::BLOOD_LANCET,https://www.law.go.kr/LSW/admRulLsInfoP.do?admRulSeq=2100000275656,representative_name;item_family_id;item_subtype_id;normalized_specification;unit_code,2026-07-22T12:35:28.630356+00:00,verified_family,approved,codex_external_evidence_pipeline,2026-07-22T12:35:28.630356+00:00,explicit_family_spec_unit_supported_by_official_taxonomy,classification-v1.0
DECISION::classification-v1.0::ITEM_235c7a4a6066be87fe81,ITEM_235c7a4a6066be87fe81,APPROVE_FAMILY,,,MED_SUPPLY,BLOOD_LANCET,채혈침,BLOOD_LANCET,채혈침,30G,EA,,MFDS_DEVICE_CLASSIFICATION_2026_18,MFDS_DEVICE_CLASSIFICATION_2026_18::BLOOD_LANCET,https://www.law.go.kr/LSW/admRulLsInfoP.do?admRulSeq=2100000275656,representative_name;item_family_id;item_subtype_id;normalized_specification;unit_code,2026-07-22T12:35:28.630356+00:00,verified_family,approved,codex_external_evidence_pipeline,2026-07-22T12:35:28.630356+00:00,explicit_family_spec_unit_supported_by_official_taxonomy,classification-v1.0
DECISION::classification-v1.0::ITEM_2bd1d3b7c5f847e6b255,ITEM_2bd1d3b7c5f847e6b255,APPROVE_FAMILY,,,MED_SUPPLY,INJECTION_NEEDLE,주사침,INJECTION_NEEDLE,주사침,18G,EA,,MFDS_DEVICE_CLASSIFICATION_2026_18,MFDS_DEVICE_CLASSIFICATION_2026_18::INJECTION_NEEDLE,https://www.law.go.kr/LSW/admRulLsInfoP.do?admRulSeq=2100000275656,representative_name;item_family_id;item_subtype_id;normalized_specification;unit_code,2026-07-22T12:35:28.630356+00:00,verified_family,approved,codex_external_evidence_pipeline,2026-07-22T12:35:28.630356+00:00,explicit_family_spec_unit_supported_by_official_taxonomy,classification-v1.0
DECISION::classification-v1.0::ITEM_c9a86ecea42364191dc8,ITEM_c9a86ecea42364191dc8,APPROVE_FAMILY,,,MED_SUPPLY,BLOOD_LANCET,채혈침,BLOOD_LANCET,채혈침,30G,EA,,MFDS_DEVICE_CLASSIFICATION_2026_18,MFDS_DEVICE_CLASSIFICATION_2026_18::BLOOD_LANCET,https://www.law.go.kr/LSW/admRulLsInfoP.do?admRulSeq=2100000275656,representative_name;item_family_id;item_subtype_id;normalized_specification;unit_code,2026-07-22T12:35:28.630356+00:00,verified_family,approved,codex_external_evidence_pipeline,2026-07-22T12:35:28.630356+00:00,explicit_family_spec_unit_supported_by_official_taxonomy,classification-v1.0
DECISION::classification-v1.0::ITEM_1dc1e2908229ece8f7b8,ITEM_1dc1e2908229ece8f7b8,APPROVE_FAMILY,,,MED_SUPPLY,BLOOD_LANCET,채혈침,BLOOD_LANCET,채혈침,26G,EA,,MFDS_DEVICE_CLASSIFICATION_2026_18,MFDS_DEVICE_CLASSIFICATION_2026_18::BLOOD_LANCET,https://www.law.go.kr/LSW/admRulLsInfoP.do?admRulSeq=2100000275656,representative_name;item_family_id;item_subtype_id;normalized_specification;unit_code,2026-07-22T12:35:28.630356+00:00,verified_family,approved,codex_external_evidence_pipeline,2026-07-22T12:35:28.630356+00:00,explicit_family_spec_unit_supported_by_official_taxonomy,classification-v1.0
DECISION::classification-v1.0::ITEM_9b1025fac22637e8c91b,ITEM_9b1025fac22637e8c91b,APPROVE_FAMILY,,,MED_SUPPLY,BLOOD_LANCET,채혈침,BLOOD_LANCET,채혈침,30G,EA,,MFDS_DEVICE_CLASSIFICATION_2026_18,MFDS_DEVICE_CLASSIFICATION_2026_18::BLOOD_LANCET,https://www.law.go.kr/LSW/admRulLsInfoP.do?admRulSeq=2100000275656,representative_name;item_family_id;item_subtype_id;normalized_specification;unit_code,2026-07-22T12:35:28.630356+00:00,verified_family,approved,codex_external_evidence_pipeline,2026-07-22T12:35:28.630356+00:00,explicit_family_spec_unit_supported_by_official_taxonomy,classification-v1.0
DECISION::classification-v1.0::ITEM_b190aed4109e9ccbf658,ITEM_b190aed4109e9ccbf658,APPROVE_FAMILY,,,MED_SUPPLY,BLOOD_LANCET,채혈침,BLOOD_LANCET,채혈침,26G,EA,,MFDS_DEVICE_CLASSIFICATION_2026_18,MFDS_DEVICE_CLASSIFICATION_2026_18::BLOOD_LANCET,https://www.law.go.kr/LSW/admRulLsInfoP.do?admRulSeq=2100000275656,representative_name;item_family_id;item_subtype_id;normalized_specification;unit_code,2026-07-22T12:35:28.630356+00:00,verified_family,approved,codex_external_evidence_pipeline,2026-07-22T12:35:28.630356+00:00,explicit_family_spec_unit_supported_by_official_taxonomy,classification-v1.0
DECISION::classification-v1.0::ITEM_7cb656680a950015a25e,ITEM_7cb656680a950015a25e,APPROVE_FAMILY,,,MED_SUPPLY,BLOOD_LANCET,채혈침,BLOOD_LANCET,채혈침,26G,EA,,MFDS_DEVICE_CLASSIFICATION_2026_18,MFDS_DEVICE_CLASSIFICATION_2026_18::BLOOD_LANCET,https://www.law.go.kr/LSW/admRulLsInfoP.do?admRulSeq=2100000275656,representative_name;item_family_id;item_subtype_id;normalized_specification;unit_code,2026-07-22T12:35:28.630356+00:00,verified_family,approved,codex_external_evidence_pipeline,2026-07-22T12:35:28.630356+00:00,explicit_family_spec_unit_supported_by_official_taxonomy,classification-v1.0
DECISION::classification-v1.0::ITEM_abc12aacf7008134af3d,ITEM_abc12aacf7008134af3d,APPROVE_FAMILY,,,MED_SUPPLY,BLOOD_LANCET,채혈침,BLOOD_LANCET,채혈침,26G,EA,,MFDS_DEVICE_CLASSIFICATION_2026_18,MFDS_DEVICE_CLASSIFICATION_2026_18::BLOOD_LANCET,https://www.law.go.kr/LSW/admRulLsInfoP.do?admRulSeq=2100000275656,representative_name;item_family_id;item_subtype_id;normalized_specification;unit_code,2026-07-22T12:35:28.630356+00:00,verified_family,approved,codex_external_evidence_pipeline,2026-07-22T12:35:28.630356+00:00,explicit_family_spec_unit_supported_by_official_taxonomy,classification-v1.0
DECISION::classification-v1.0::ITEM_1f33092c7b768a11e0c3,ITEM_1f33092c7b768a11e0c3,APPROVE_FAMILY,,,MED_SUPPLY,BLOOD_LANCET,채혈침,BLOOD_LANCET,채혈침,30G,EA,,MFDS_DEVICE_CLASSIFICATION_2026_18,MFDS_DEVICE_CLASSIFICATION_2026_18::BLOOD_LANCET,https://www.law.go.kr/LSW/admRulLsInfoP.do?admRulSeq=2100000275656,representative_name;item_family_id;item_subtype_id;normalized_specification;unit_code,2026-07-22T12:35:28.630356+00:00,verified_family,approved,codex_external_evidence_pipeline,2026-07-22T12:35:28.630356+00:00,explicit_family_spec_unit_supported_by_official_taxonomy,classification-v1.0
DECISION::classification-v1.0::ITEM_b3935c6bb9bc9d7f7d93,ITEM_b3935c6bb9bc9d7f7d93,APPROVE_FAMILY,,,MED_SUPPLY,DISPOSABLE_SYRINGE,주사기,SYRINGE_USAGE_BASED,주사기(사용량 기준),20mL,EA,,MFDS_DEVICE_CLASSIFICATION_2026_18,MFDS_DEVICE_CLASSIFICATION_2026_18::DISPOSABLE_SYRINGE,https://www.law.go.kr/LSW/admRulLsInfoP.do?admRulSeq=2100000275656,representative_name;item_family_id;item_subtype_id;normalized_specification;unit_code,2026-07-22T12:35:28.630356+00:00,verified_family,approved,codex_external_evidence_pipeline,2026-07-22T12:35:28.630356+00:00,explicit_family_spec_unit_supported_by_official_taxonomy,classification-v1.0
DECISION::classification-v1.0::ITEM_323938b1b4a626b83464,ITEM_323938b1b4a626b83464,APPROVE_FAMILY,,,MED_SUPPLY,DISPOSABLE_SYRINGE,주사기,SYRINGE_USAGE_BASED,주사기(사용량 기준),2mL,EA,,MFDS_DEVICE_CLASSIFICATION_2026_18,MFDS_DEVICE_CLASSIFICATION_2026_18::DISPOSABLE_SYRINGE,https://www.law.go.kr/LSW/admRulLsInfoP.do?admRulSeq=2100000275656,representative_name;item_family_id;item_subtype_id;normalized_specification;unit_code,2026-07-22T12:35:28.630356+00:00,verified_family,approved,codex_external_evidence_pipeline,2026-07-22T12:35:28.630356+00:00,explicit_family_spec_unit_supported_by_official_taxonomy,classification-v1.0
DECISION::classification-v1.0::ITEM_85293ee123a296a17e2a,ITEM_85293ee123a296a17e2a,APPROVE_FAMILY,,,MED_SUPPLY,BLOOD_LANCET,채혈침,BLOOD_LANCET,채혈침,28G,EA,,MFDS_DEVICE_CLASSIFICATION_2026_18,MFDS_DEVICE_CLASSIFICATION_2026_18::BLOOD_LANCET,https://www.law.go.kr/LSW/admRulLsInfoP.do?admRulSeq=2100000275656,representative_name;item_family_id;item_subtype_id;normalized_specification;unit_code,2026-07-22T12:35:28.630356+00:00,verified_family,approved,codex_external_evidence_pipeline,2026-07-22T12:35:28.630356+00:00,explicit_family_spec_unit_supported_by_official_taxonomy,classification-v1.0
DECISION::classification-v1.0::ITEM_7a71990160969d7517fa,ITEM_7a71990160969d7517fa,APPROVE_FAMILY,,,MED_SUPPLY,DISPOSABLE_SYRINGE,주사기,SYRINGE_USAGE_BASED,주사기(사용량 기준),3mL,EA,,MFDS_DEVICE_CLASSIFICATION_2026_18,MFDS_DEVICE_CLASSIFICATION_2026_18::DISPOSABLE_SYRINGE,https://www.law.go.kr/LSW/admRulLsInfoP.do?admRulSeq=2100000275656,representative_name;item_family_id;item_subtype_id;normalized_specification;unit_code,2026-07-22T12:35:28.630356+00:00,verified_family,approved,codex_external_evidence_pipeline,2026-07-22T12:35:28.630356+00:00,explicit_family_spec_unit_supported_by_official_taxonomy,classification-v1.0
DECISION::classification-v1.0::ITEM_6486a808554665d58cdb,ITEM_6486a808554665d58cdb,APPROVE_FAMILY,,,MED_SUPPLY,BLOOD_LANCET,채혈침,BLOOD_LANCET,채혈침,30G,EA,,MFDS_DEVICE_CLASSIFICATION_2026_18,MFDS_DEVICE_CLASSIFICATION_2026_18::BLOOD_LANCET,https://www.law.go.kr/LSW/admRulLsInfoP.do?admRulSeq=2100000275656,representative_name;item_family_id;item_subtype_id;normalized_specification;unit_code,2026-07-22T12:35:28.630356+00:00,verified_family,approved,codex_external_evidence_pipeline,2026-07-22T12:35:28.630356+00:00,explicit_family_spec_unit_supported_by_official_taxonomy,classification-v1.0
DECISION::classification-v1.0::ITEM_4be6b240ee392a703b11,ITEM_4be6b240ee392a703b11,APPROVE_FAMILY,,,MED_SUPPLY,DISPOSABLE_SYRINGE,주사기,SYRINGE_USAGE_BASED,주사기(사용량 기준),3mL,EA,,MFDS_DEVICE_CLASSIFICATION_2026_18,MFDS_DEVICE_CLASSIFICATION_2026_18::DISPOSABLE_SYRINGE,https://www.law.go.kr/LSW/admRulLsInfoP.do?admRulSeq=2100000275656,representative_name;item_family_id;item_subtype_id;normalized_specification;unit_code,2026-07-22T12:35:28.630356+00:00,verified_family,approved,codex_external_evidence_pipeline,2026-07-22T12:35:28.630356+00:00,explicit_family_spec_unit_supported_by_official_taxonomy,classification-v1.0
DECISION::classification-v1.0::ITEM_63d4939718d0c7ed13af,ITEM_63d4939718d0c7ed13af,APPROVE_FAMILY,,,MED_SUPPLY,ANGIO_CATHETER,카테터,ANGIO_NEEDLE,카테터(angio needle),24G,EA,,MFDS_DEVICE_CLASSIFICATION_2026_18,MFDS_DEVICE_CLASSIFICATION_2026_18::ANGIO_CATHETER,https://www.law.go.kr/LSW/admRulLsInfoP.do?admRulSeq=2100000275656,representative_name;item_family_id;item_subtype_id;normalized_specification;unit_code,2026-07-22T12:35:28.630356+00:00,verified_family,approved,codex_external_evidence_pipeline,2026-07-22T12:35:28.630356+00:00,explicit_family_spec_unit_supported_by_official_taxonomy,classification-v1.0
DECISION::classification-v1.0::ITEM_a0270fb5e70324ff7125,ITEM_a0270fb5e70324ff7125,APPROVE_FAMILY,,,MED_SUPPLY,BLOOD_LANCET,채혈침,BLOOD_LANCET,채혈침,30G,EA,,MFDS_DEVICE_CLASSIFICATION_2026_18,MFDS_DEVICE_CLASSIFICATION_2026_18::BLOOD_LANCET,https://www.law.go.kr/LSW/admRulLsInfoP.do?admRulSeq=2100000275656,representative_name;item_family_id;item_subtype_id;normalized_specification;unit_code,2026-07-22T12:35:28.630356+00:00,verified_family,approved,codex_external_evidence_pipeline,2026-07-22T12:35:28.630356+00:00,explicit_family_spec_unit_supported_by_official_taxonomy,classification-v1.0
DECISION::classification-v1.0::ITEM_8378fca9ce1cad142e94,ITEM_8378fca9ce1cad142e94,APPROVE_FAMILY,,,MED_SUPPLY,BLOOD_LANCET,채혈침,BLOOD_LANCET,채혈침,23G,EA,,MFDS_DEVICE_CLASSIFICATION_2026_18,MFDS_DEVICE_CLASSIFICATION_2026_18::BLOOD_LANCET,https://www.law.go.kr/LSW/admRulLsInfoP.do?admRulSeq=2100000275656,representative_name;item_family_id;item_subtype_id;normalized_specification;unit_code,2026-07-22T12:35:28.630356+00:00,verified_family,approved,codex_external_evidence_pipeline,2026-07-22T12:35:28.630356+00:00,explicit_family_spec_unit_supported_by_official_taxonomy,classification-v1.0
DECISION::classification-v1.0::ITEM_b3a2b8abc1c24fb2ec1d,ITEM_b3a2b8abc1c24fb2ec1d,APPROVE_FAMILY,,,MED_SUPPLY,INJECTION_NEEDLE,주사침,INJECTION_NEEDLE,주사침,26G,EA,,MFDS_DEVICE_CLASSIFICATION_2026_18,MFDS_DEVICE_CLASSIFICATION_2026_18::INJECTION_NEEDLE,https://www.law.go.kr/LSW/admRulLsInfoP.do?admRulSeq=2100000275656,representative_name;item_family_id;item_subtype_id;normalized_specification;unit_code,2026-07-22T12:35:28.630356+00:00,verified_family,approved,codex_external_evidence_pipeline,2026-07-22T12:35:28.630356+00:00,explicit_family_spec_unit_supported_by_official_taxonomy,classification-v1.0
DECISION::classification-v1.0::ITEM_410ca0335f62fbb04b26,ITEM_410ca0335f62fbb04b26,APPROVE_FAMILY,,,MED_SUPPLY,DISPOSABLE_SYRINGE,주사기,SYRINGE_USAGE_BASED,주사기(사용량 기준),3mL,EA,,MFDS_DEVICE_CLASSIFICATION_2026_18,MFDS_DEVICE_CLASSIFICATION_2026_18::DISPOSABLE_SYRINGE,https://www.law.go.kr/LSW/admRulLsInfoP.do?admRulSeq=2100000275656,representative_name;item_family_id;item_subtype_id;normalized_specification;unit_code,2026-07-22T12:35:28.630356+00:00,verified_family,approved,codex_external_evidence_pipeline,2026-07-22T12:35:28.630356+00:00,explicit_family_spec_unit_supported_by_official_taxonomy,classification-v1.0
DECISION::classification-v1.0::ITEM_66f21a2e6c46e429777e,ITEM_66f21a2e6c46e429777e,APPROVE_FAMILY,,,MED_SUPPLY,DISPOSABLE_SYRINGE,주사기,SYRINGE_USAGE_BASED,주사기(사용량 기준),20mL,EA,,MFDS_DEVICE_CLASSIFICATION_2026_18,MFDS_DEVICE_CLASSIFICATION_2026_18::DISPOSABLE_SYRINGE,https://www.law.go.kr/LSW/admRulLsInfoP.do?admRulSeq=2100000275656,representative_name;item_family_id;item_subtype_id;normalized_specification;unit_code,2026-07-22T12:35:28.630356+00:00,verified_family,approved,codex_external_evidence_pipeline,2026-07-22T12:35:28.630356+00:00,explicit_family_spec_unit_supported_by_official_taxonomy,classification-v1.0
DECISION::classification-v1.0::ITEM_06040c07fb91bd7a4652,ITEM_06040c07fb91bd7a4652,APPROVE_FAMILY,,,MED_SUPPLY,BLOOD_LANCET,채혈침,BLOOD_LANCET,채혈침,28G,EA,,MFDS_DEVICE_CLASSIFICATION_2026_18,MFDS_DEVICE_CLASSIFICATION_2026_18::BLOOD_LANCET,https://www.law.go.kr/LSW/admRulLsInfoP.do?admRulSeq=2100000275656,representative_name;item_family_id;item_subtype_id;normalized_specification;unit_code,2026-07-22T12:35:28.630356+00:00,verified_family,approved,codex_external_evidence_pipeline,2026-07-22T12:35:28.630356+00:00,explicit_family_spec_unit_supported_by_official_taxonomy,classification-v1.0
DECISION::classification-v1.0::ITEM_4bf465d4838ecfea53bd,ITEM_4bf465d4838ecfea53bd,APPROVE_FAMILY,,,MED_SUPPLY,BLOOD_LANCET,채혈침,BLOOD_LANCET,채혈침,30G,EA,,MFDS_DEVICE_CLASSIFICATION_2026_18,MFDS_DEVICE_CLASSIFICATION_2026_18::BLOOD_LANCET,https://www.law.go.kr/LSW/admRulLsInfoP.do?admRulSeq=2100000275656,representative_name;item_family_id;item_subtype_id;normalized_specification;unit_code,2026-07-22T12:35:28.630356+00:00,verified_family,approved,codex_external_evidence_pipeline,2026-07-22T12:35:28.630356+00:00,explicit_family_spec_unit_supported_by_official_taxonomy,classification-v1.0
DECISION::classification-v1.0::ITEM_bde0ce28ed0b7bb4437d,ITEM_bde0ce28ed0b7bb4437d,APPROVE_FAMILY,,,MED_SUPPLY,BLOOD_LANCET,채혈침,BLOOD_LANCET,채혈침,30G,EA,,MFDS_DEVICE_CLASSIFICATION_2026_18,MFDS_DEVICE_CLASSIFICATION_2026_18::BLOOD_LANCET,https://www.law.go.kr/LSW/admRulLsInfoP.do?admRulSeq=2100000275656,representative_name;item_family_id;item_subtype_id;normalized_specification;unit_code,2026-07-22T12:35:28.630356+00:00,verified_family,approved,codex_external_evidence_pipeline,2026-07-22T12:35:28.630356+00:00,explicit_family_spec_unit_supported_by_official_taxonomy,classification-v1.0
DECISION::classification-v1.0::ITEM_2c468d1871b6ed83c5f0,ITEM_2c468d1871b6ed83c5f0,APPROVE_FAMILY,,,MED_SUPPLY,DISPOSABLE_SYRINGE,주사기,SYRINGE_USAGE_BASED,주사기(사용량 기준),1mL,EA,,MFDS_DEVICE_CLASSIFICATION_2026_18,MFDS_DEVICE_CLASSIFICATION_2026_18::DISPOSABLE_SYRINGE,https://www.law.go.kr/LSW/admRulLsInfoP.do?admRulSeq=2100000275656,representative_name;item_family_id;item_subtype_id;normalized_specification;unit_code,2026-07-22T12:35:28.630356+00:00,verified_family,approved,codex_external_evidence_pipeline,2026-07-22T12:35:28.630356+00:00,explicit_family_spec_unit_supported_by_official_taxonomy,classification-v1.0
DECISION::classification-v1.0::ITEM_24cbe506df04d17f26df,ITEM_24cbe506df04d17f26df,APPROVE_FAMILY,,,MED_SUPPLY,DISPOSABLE_SYRINGE,주사기,SYRINGE_USAGE_BASED,주사기(사용량 기준),3mL,EA,,MFDS_DEVICE_CLASSIFICATION_2026_18,MFDS_DEVICE_CLASSIFICATION_2026_18::DISPOSABLE_SYRINGE,https://www.law.go.kr/LSW/admRulLsInfoP.do?admRulSeq=2100000275656,representative_name;item_family_id;item_subtype_id;normalized_specification;unit_code,2026-07-22T12:35:28.630356+00:00,verified_family,approved,codex_external_evidence_pipeline,2026-07-22T12:35:28.630356+00:00,explicit_family_spec_unit_supported_by_official_taxonomy,classification-v1.0
DECISION::classification-v1.0::ITEM_0fd13083bb3246d51b61,ITEM_0fd13083bb3246d51b61,APPROVE_FAMILY,,,MED_SUPPLY,DISPOSABLE_SYRINGE,주사기,SYRINGE_USAGE_BASED,주사기(사용량 기준),3mL,EA,,MFDS_DEVICE_CLASSIFICATION_2026_18,MFDS_DEVICE_CLASSIFICATION_2026_18::DISPOSABLE_SYRINGE,https://www.law.go.kr/LSW/admRulLsInfoP.do?admRulSeq=2100000275656,representative_name;item_family_id;item_subtype_id;normalized_specification;unit_code,2026-07-22T12:35:28.630356+00:00,verified_family,approved,codex_external_evidence_pipeline,2026-07-22T12:35:28.630356+00:00,explicit_family_spec_unit_supported_by_official_taxonomy,classification-v1.0
DECISION::classification-v1.0::ITEM_8092d03043fa5fc447e2,ITEM_8092d03043fa5fc447e2,APPROVE_FAMILY,,,MED_SUPPLY,INJECTION_NEEDLE,주사침,INJECTION_NEEDLE,주사침,23G,EA,,MFDS_DEVICE_CLASSIFICATION_2026_18,MFDS_DEVICE_CLASSIFICATION_2026_18::INJECTION_NEEDLE,https://www.law.go.kr/LSW/admRulLsInfoP.do?admRulSeq=2100000275656,representative_name;item_family_id;item_subtype_id;normalized_specification;unit_code,2026-07-22T12:35:28.630356+00:00,verified_family,approved,codex_external_evidence_pipeline,2026-07-22T12:35:28.630356+00:00,explicit_family_spec_unit_supported_by_official_taxonomy,classification-v1.0
DECISION::classification-v1.0::ITEM_74633fa37728b021d4ff,ITEM_74633fa37728b021d4ff,APPROVE_FAMILY,,,MED_SUPPLY,INJECTION_NEEDLE,주사침,INJECTION_NEEDLE,주사침,23G,EA,,MFDS_DEVICE_CLASSIFICATION_2026_18,MFDS_DEVICE_CLASSIFICATION_2026_18::INJECTION_NEEDLE,https://www.law.go.kr/LSW/admRulLsInfoP.do?admRulSeq=2100000275656,representative_name;item_family_id;item_subtype_id;normalized_specification;unit_code,2026-07-22T12:35:28.630356+00:00,verified_family,approved,codex_external_evidence_pipeline,2026-07-22T12:35:28.630356+00:00,explicit_family_spec_unit_supported_by_official_taxonomy,classification-v1.0
DECISION::classification-v1.0::ITEM_c859f56e7df624a5bd5d,ITEM_c859f56e7df624a5bd5d,APPROVE_FAMILY,,,MED_SUPPLY,DISPOSABLE_SYRINGE,주사기,SYRINGE_USAGE_BASED,주사기(사용량 기준),5mL,EA,,MFDS_DEVICE_CLASSIFICATION_2026_18,MFDS_DEVICE_CLASSIFICATION_2026_18::DISPOSABLE_SYRINGE,https://www.law.go.kr/LSW/admRulLsInfoP.do?admRulSeq=2100000275656,representative_name;item_family_id;item_subtype_id;normalized_specification;unit_code,2026-07-22T12:35:28.630356+00:00,verified_family,approved,codex_external_evidence_pipeline,2026-07-22T12:35:28.630356+00:00,explicit_family_spec_unit_supported_by_official_taxonomy,classification-v1.0
DECISION::classification-v1.0::ITEM_601ef6cfef6ba44f6239,ITEM_601ef6cfef6ba44f6239,APPROVE_FAMILY,,,MED_SUPPLY,BLOOD_LANCET,채혈침,BLOOD_LANCET,채혈침,28G,EA,,MFDS_DEVICE_CLASSIFICATION_2026_18,MFDS_DEVICE_CLASSIFICATION_2026_18::BLOOD_LANCET,https://www.law.go.kr/LSW/admRulLsInfoP.do?admRulSeq=2100000275656,representative_name;item_family_id;item_subtype_id;normalized_specification;unit_code,2026-07-22T12:35:28.630356+00:00,verified_family,approved,codex_external_evidence_pipeline,2026-07-22T12:35:28.630356+00:00,explicit_family_spec_unit_supported_by_official_taxonomy,classification-v1.0
DECISION::classification-v1.0::ITEM_a4aec00b65cf7814c5b5,ITEM_a4aec00b65cf7814c5b5,APPROVE_FAMILY,,,MED_SUPPLY,BLOOD_LANCET,채혈침,BLOOD_LANCET,채혈침,28G,EA,,MFDS_DEVICE_CLASSIFICATION_2026_18,MFDS_DEVICE_CLASSIFICATION_2026_18::BLOOD_LANCET,https://www.law.go.kr/LSW/admRulLsInfoP.do?admRulSeq=2100000275656,representative_name;item_family_id;item_subtype_id;normalized_specification;unit_code,2026-07-22T12:35:28.630356+00:00,verified_family,approved,codex_external_evidence_pipeline,2026-07-22T12:35:28.630356+00:00,explicit_family_spec_unit_supported_by_official_taxonomy,classification-v1.0
DECISION::classification-v1.0::ITEM_5bd800d6f2276c79a49e,ITEM_5bd800d6f2276c79a49e,APPROVE_FAMILY,,,MED_SUPPLY,DISPOSABLE_SYRINGE,주사기,SYRINGE_USAGE_BASED,주사기(사용량 기준),20mL,EA,,MFDS_DEVICE_CLASSIFICATION_2026_18,MFDS_DEVICE_CLASSIFICATION_2026_18::DISPOSABLE_SYRINGE,https://www.law.go.kr/LSW/admRulLsInfoP.do?admRulSeq=2100000275656,representative_name;item_family_id;item_subtype_id;normalized_specification;unit_code,2026-07-22T12:35:28.630356+00:00,verified_family,approved,codex_external_evidence_pipeline,2026-07-22T12:35:28.630356+00:00,explicit_family_spec_unit_supported_by_official_taxonomy,classification-v1.0
DECISION::classification-v1.0::ITEM_82acd53a2223011cfcac,ITEM_82acd53a2223011cfcac,APPROVE_FAMILY,,,MED_SUPPLY,BLOOD_LANCET,채혈침,BLOOD_LANCET,채혈침,30G,EA,,MFDS_DEVICE_CLASSIFICATION_2026_18,MFDS_DEVICE_CLASSIFICATION_2026_18::BLOOD_LANCET,https://www.law.go.kr/LSW/admRulLsInfoP.do?admRulSeq=2100000275656,representative_name;item_family_id;item_subtype_id;normalized_specification;unit_code,2026-07-22T12:35:28.630356+00:00,verified_family,approved,codex_external_evidence_pipeline,2026-07-22T12:35:28.630356+00:00,explicit_family_spec_unit_supported_by_official_taxonomy,classification-v1.0
DECISION::classification-v1.0::ITEM_c0e2b44ed504c181a226,ITEM_c0e2b44ed504c181a226,APPROVE_FAMILY,,,MED_SUPPLY,BLOOD_LANCET,채혈침,BLOOD_LANCET,채혈침,28G,EA,,MFDS_DEVICE_CLASSIFICATION_2026_18,MFDS_DEVICE_CLASSIFICATION_2026_18::BLOOD_LANCET,https://www.law.go.kr/LSW/admRulLsInfoP.do?admRulSeq=2100000275656,representative_name;item_family_id;item_subtype_id;normalized_specification;unit_code,2026-07-22T12:35:28.630356+00:00,verified_family,approved,codex_external_evidence_pipeline,2026-07-22T12:35:28.630356+00:00,explicit_family_spec_unit_supported_by_official_taxonomy,classification-v1.0
DECISION::classification-v1.0::ITEM_370594187dd135ce9b58,ITEM_370594187dd135ce9b58,APPROVE_FAMILY,,,MED_SUPPLY,INFUSION_SET,수액세트,INFUSION_SET,수액세트,수액세트,EA,,MFDS_DEVICE_CLASSIFICATION_2026_18,MFDS_DEVICE_CLASSIFICATION_2026_18::INFUSION_SET,https://www.law.go.kr/LSW/admRulLsInfoP.do?admRulSeq=2100000275656,representative_name;item_family_id;item_subtype_id;normalized_specification;unit_code,2026-07-22T12:35:28.630356+00:00,verified_family,approved,codex_external_evidence_pipeline,2026-07-22T12:35:28.630356+00:00,explicit_family_spec_unit_supported_by_official_taxonomy,classification-v1.0
DECISION::classification-v1.0::ITEM_3fd0460680978abf73ec,ITEM_3fd0460680978abf73ec,APPROVE_FAMILY,,,MED_SUPPLY,ANGIO_CATHETER,카테터,ANGIO_NEEDLE,카테터(angio needle),24G,EA,,MFDS_DEVICE_CLASSIFICATION_2026_18,MFDS_DEVICE_CLASSIFICATION_2026_18::ANGIO_CATHETER,https://www.law.go.kr/LSW/admRulLsInfoP.do?admRulSeq=2100000275656,representative_name;item_family_id;item_subtype_id;normalized_specification;unit_code,2026-07-22T12:35:28.630356+00:00,verified_family,approved,codex_external_evidence_pipeline,2026-07-22T12:35:28.630356+00:00,explicit_family_spec_unit_supported_by_official_taxonomy,classification-v1.0
DECISION::classification-v1.0::ITEM_a512b6d3cb180b435541,ITEM_a512b6d3cb180b435541,APPROVE_FAMILY,,,MED_SUPPLY,BLOOD_LANCET,채혈침,BLOOD_LANCET,채혈침,25G,EA,,MFDS_DEVICE_CLASSIFICATION_2026_18,MFDS_DEVICE_CLASSIFICATION_2026_18::BLOOD_LANCET,https://www.law.go.kr/LSW/admRulLsInfoP.do?admRulSeq=2100000275656,representative_name;item_family_id;item_subtype_id;normalized_specification;unit_code,2026-07-22T12:35:28.630356+00:00,verified_family,approved,codex_external_evidence_pipeline,2026-07-22T12:35:28.630356+00:00,explicit_family_spec_unit_supported_by_official_taxonomy,classification-v1.0
DECISION::classification-v1.0::ITEM_16b0c9144cf41320fe88,ITEM_16b0c9144cf41320fe88,APPROVE_FAMILY,,,MED_SUPPLY,INFUSION_SET,수액세트,INFUSION_SET,수액세트,수액세트,EA,,MFDS_DEVICE_CLASSIFICATION_2026_18,MFDS_DEVICE_CLASSIFICATION_2026_18::INFUSION_SET,https://www.law.go.kr/LSW/admRulLsInfoP.do?admRulSeq=2100000275656,representative_name;item_family_id;item_subtype_id;normalized_specification;unit_code,2026-07-22T12:35:28.630356+00:00,verified_family,approved,codex_external_evidence_pipeline,2026-07-22T12:35:28.630356+00:00,explicit_family_spec_unit_supported_by_official_taxonomy,classification-v1.0
DECISION::classification-v1.0::ITEM_257c1a6e56550e3ea7d4,ITEM_257c1a6e56550e3ea7d4,APPROVE_FAMILY,,,MED_SUPPLY,BLOOD_LANCET,채혈침,BLOOD_LANCET,채혈침,30G,EA,,MFDS_DEVICE_CLASSIFICATION_2026_18,MFDS_DEVICE_CLASSIFICATION_2026_18::BLOOD_LANCET,https://www.law.go.kr/LSW/admRulLsInfoP.do?admRulSeq=2100000275656,representative_name;item_family_id;item_subtype_id;normalized_specification;unit_code,2026-07-22T12:35:28.630356+00:00,verified_family,approved,codex_external_evidence_pipeline,2026-07-22T12:35:28.630356+00:00,explicit_family_spec_unit_supported_by_official_taxonomy,classification-v1.0
DECISION::classification-v1.0::ITEM_fcd2d0ccb50f7cb0b4b6,ITEM_fcd2d0ccb50f7cb0b4b6,APPROVE_FAMILY,,,MED_SUPPLY,DISPOSABLE_SYRINGE,주사기,SYRINGE_USAGE_BASED,주사기(사용량 기준),3mL,EA,,MFDS_DEVICE_CLASSIFICATION_2026_18,MFDS_DEVICE_CLASSIFICATION_2026_18::DISPOSABLE_SYRINGE,https://www.law.go.kr/LSW/admRulLsInfoP.do?admRulSeq=2100000275656,representative_name;item_family_id;item_subtype_id;normalized_specification;unit_code,2026-07-22T12:35:28.630356+00:00,verified_family,approved,codex_external_evidence_pipeline,2026-07-22T12:35:28.630356+00:00,explicit_family_spec_unit_supported_by_official_taxonomy,classification-v1.0
DECISION::classification-v1.0::ITEM_ebbe05d709ee91ca2cd7,ITEM_ebbe05d709ee91ca2cd7,APPROVE_FAMILY,,,MED_SUPPLY,BLOOD_LANCET,채혈침,BLOOD_LANCET,채혈침,28G,EA,,MFDS_DEVICE_CLASSIFICATION_2026_18,MFDS_DEVICE_CLASSIFICATION_2026_18::BLOOD_LANCET,https://www.law.go.kr/LSW/admRulLsInfoP.do?admRulSeq=2100000275656,representative_name;item_family_id;item_subtype_id;normalized_specification;unit_code,2026-07-22T12:35:28.630356+00:00,verified_family,approved,codex_external_evidence_pipeline,2026-07-22T12:35:28.630356+00:00,explicit_family_spec_unit_supported_by_official_taxonomy,classification-v1.0
DECISION::classification-v1.0::ITEM_e6e4741d696e34bd3c02,ITEM_e6e4741d696e34bd3c02,APPROVE_FAMILY,,,MED_SUPPLY,BLOOD_LANCET,채혈침,BLOOD_LANCET,채혈침,30G,EA,,MFDS_DEVICE_CLASSIFICATION_2026_18,MFDS_DEVICE_CLASSIFICATION_2026_18::BLOOD_LANCET,https://www.law.go.kr/LSW/admRulLsInfoP.do?admRulSeq=2100000275656,representative_name;item_family_id;item_subtype_id;normalized_specification;unit_code,2026-07-22T12:35:28.630356+00:00,verified_family,approved,codex_external_evidence_pipeline,2026-07-22T12:35:28.630356+00:00,explicit_family_spec_unit_supported_by_official_taxonomy,classification-v1.0
DECISION::classification-v1.0::ITEM_b61633455514980bc51c,ITEM_b61633455514980bc51c,APPROVE_FAMILY,,,MED_SUPPLY,BLOOD_LANCET,채혈침,BLOOD_LANCET,채혈침,30G,EA,,MFDS_DEVICE_CLASSIFICATION_2026_18,MFDS_DEVICE_CLASSIFICATION_2026_18::BLOOD_LANCET,https://www.law.go.kr/LSW/admRulLsInfoP.do?admRulSeq=2100000275656,representative_name;item_family_id;item_subtype_id;normalized_specification;unit_code,2026-07-22T12:35:28.630356+00:00,verified_family,approved,codex_external_evidence_pipeline,2026-07-22T12:35:28.630356+00:00,explicit_family_spec_unit_supported_by_official_taxonomy,classification-v1.0
DECISION::classification-v1.0::ITEM_3db86c92c78c2fdcb722,ITEM_3db86c92c78c2fdcb722,APPROVE_FAMILY,,,MED_SUPPLY,DISPOSABLE_SYRINGE,주사기,SYRINGE_USAGE_BASED,주사기(사용량 기준),10mL,EA,,MFDS_DEVICE_CLASSIFICATION_2026_18,MFDS_DEVICE_CLASSIFICATION_2026_18::DISPOSABLE_SYRINGE,https://www.law.go.kr/LSW/admRulLsInfoP.do?admRulSeq=2100000275656,representative_name;item_family_id;item_subtype_id;normalized_specification;unit_code,2026-07-22T12:35:28.630356+00:00,verified_family,approved,codex_external_evidence_pipeline,2026-07-22T12:35:28.630356+00:00,explicit_family_spec_unit_supported_by_official_taxonomy,classification-v1.0
DECISION::classification-v1.0::ITEM_ccd8af71cc1ace13ecaf,ITEM_ccd8af71cc1ace13ecaf,APPROVE_FAMILY,,,MED_SUPPLY,DISPOSABLE_SYRINGE,주사기,SYRINGE_USAGE_BASED,주사기(사용량 기준),50mL,EA,,MFDS_DEVICE_CLASSIFICATION_2026_18,MFDS_DEVICE_CLASSIFICATION_2026_18::DISPOSABLE_SYRINGE,https://www.law.go.kr/LSW/admRulLsInfoP.do?admRulSeq=2100000275656,representative_name;item_family_id;item_subtype_id;normalized_specification;unit_code,2026-07-22T12:35:28.630356+00:00,verified_family,approved,codex_external_evidence_pipeline,2026-07-22T12:35:28.630356+00:00,explicit_family_spec_unit_supported_by_official_taxonomy,classification-v1.0
DECISION::classification-v1.0::ITEM_80427551626d3b796fd7,ITEM_80427551626d3b796fd7,APPROVE_FAMILY,,,MED_SUPPLY,INJECTION_NEEDLE,주사침,INJECTION_NEEDLE,주사침,25G,EA,,MFDS_DEVICE_CLASSIFICATION_2026_18,MFDS_DEVICE_CLASSIFICATION_2026_18::INJECTION_NEEDLE,https://www.law.go.kr/LSW/admRulLsInfoP.do?admRulSeq=2100000275656,representative_name;item_family_id;item_subtype_id;normalized_specification;unit_code,2026-07-22T12:35:28.630356+00:00,verified_family,approved,codex_external_evidence_pipeline,2026-07-22T12:35:28.630356+00:00,explicit_family_spec_unit_supported_by_official_taxonomy,classification-v1.0
DECISION::classification-v1.0::ITEM_6fc11761a33654a2d91d,ITEM_6fc11761a33654a2d91d,APPROVE_FAMILY,,,MED_SUPPLY,DISPOSABLE_SYRINGE,주사기,SYRINGE_USAGE_BASED,주사기(사용량 기준),1mL,EA,,MFDS_DEVICE_CLASSIFICATION_2026_18,MFDS_DEVICE_CLASSIFICATION_2026_18::DISPOSABLE_SYRINGE,https://www.law.go.kr/LSW/admRulLsInfoP.do?admRulSeq=2100000275656,representative_name;item_family_id;item_subtype_id;normalized_specification;unit_code,2026-07-22T12:35:28.630356+00:00,verified_family,approved,codex_external_evidence_pipeline,2026-07-22T12:35:28.630356+00:00,explicit_family_spec_unit_supported_by_official_taxonomy,classification-v1.0
DECISION::classification-v1.0::ITEM_6a401068c49297de3dfe,ITEM_6a401068c49297de3dfe,APPROVE_FAMILY,,,MED_SUPPLY,INJECTION_NEEDLE,주사침,INJECTION_NEEDLE,주사침,18G,EA,,MFDS_DEVICE_CLASSIFICATION_2026_18,MFDS_DEVICE_CLASSIFICATION_2026_18::INJECTION_NEEDLE,https://www.law.go.kr/LSW/admRulLsInfoP.do?admRulSeq=2100000275656,representative_name;item_family_id;item_subtype_id;normalized_specification;unit_code,2026-07-22T12:35:28.630356+00:00,verified_family,approved,codex_external_evidence_pipeline,2026-07-22T12:35:28.630356+00:00,explicit_family_spec_unit_supported_by_official_taxonomy,classification-v1.0
DECISION::classification-v1.0::ITEM_593046dfca1892f02526,ITEM_593046dfca1892f02526,APPROVE_FAMILY,,,MED_SUPPLY,URINE_BAG,Urine bag,URINE_BAG,Urine bag,Urine bag,EA,,MFDS_DEVICE_CLASSIFICATION_2026_18,MFDS_DEVICE_CLASSIFICATION_2026_18::URINE_BAG,https://www.law.go.kr/LSW/admRulLsInfoP.do?admRulSeq=2100000275656,representative_name;item_family_id;item_subtype_id;normalized_specification;unit_code,2026-07-22T12:35:28.630356+00:00,verified_family,approved,codex_external_evidence_pipeline,2026-07-22T12:35:28.630356+00:00,explicit_family_spec_unit_supported_by_official_taxonomy,classification-v1.0
DECISION::classification-v1.0::ITEM_04b1a8f9b2faf25d4de8,ITEM_04b1a8f9b2faf25d4de8,APPROVE_FAMILY,,,WASTE,MEDICAL_WASTE_CONTAINER,의료폐기물 전용용기,RIGID_NEEDLE_BOX,합성수지형 용기(needle box),2L,EA,,WASTE_RULE_APPENDIX_5_2026_03_26,WASTE_RULE_APPENDIX_5_2026_03_26::MEDICAL_WASTE_CONTAINER,https://www.law.go.kr/flDownload.do?bylClsCd=110201&flSeq=162812925&gubun=,representative_name;item_family_id;item_subtype_id;normalized_specification;unit_code,2026-07-22T12:35:28.630356+00:00,verified_family,approved,codex_external_evidence_pipeline,2026-07-22T12:35:28.630356+00:00,explicit_family_spec_unit_supported_by_official_taxonomy,classification-v1.0
DECISION::classification-v1.0::ITEM_4570999d75bee30dd8cf,ITEM_4570999d75bee30dd8cf,APPROVE_FAMILY,,,MED_SUPPLY,BLOOD_LANCET,채혈침,BLOOD_LANCET,채혈침,28G,EA,,MFDS_DEVICE_CLASSIFICATION_2026_18,MFDS_DEVICE_CLASSIFICATION_2026_18::BLOOD_LANCET,https://www.law.go.kr/LSW/admRulLsInfoP.do?admRulSeq=2100000275656,representative_name;item_family_id;item_subtype_id;normalized_specification;unit_code,2026-07-22T12:35:28.630356+00:00,verified_family,approved,codex_external_evidence_pipeline,2026-07-22T12:35:28.630356+00:00,explicit_family_spec_unit_supported_by_official_taxonomy,classification-v1.0
DECISION::classification-v1.0::ITEM_20e2ae49f6bb8315c7d1,ITEM_20e2ae49f6bb8315c7d1,APPROVE_FAMILY,,,MED_SUPPLY,BLOOD_LANCET,채혈침,BLOOD_LANCET,채혈침,28G,EA,,MFDS_DEVICE_CLASSIFICATION_2026_18,MFDS_DEVICE_CLASSIFICATION_2026_18::BLOOD_LANCET,https://www.law.go.kr/LSW/admRulLsInfoP.do?admRulSeq=2100000275656,representative_name;item_family_id;item_subtype_id;normalized_specification;unit_code,2026-07-22T12:35:28.630356+00:00,verified_family,approved,codex_external_evidence_pipeline,2026-07-22T12:35:28.630356+00:00,explicit_family_spec_unit_supported_by_official_taxonomy,classification-v1.0
DECISION::classification-v1.0::ITEM_c1922b074a35067b7b5c,ITEM_c1922b074a35067b7b5c,APPROVE_FAMILY,,,MED_SUPPLY,BLOOD_LANCET,채혈침,BLOOD_LANCET,채혈침,23G,EA,,MFDS_DEVICE_CLASSIFICATION_2026_18,MFDS_DEVICE_CLASSIFICATION_2026_18::BLOOD_LANCET,https://www.law.go.kr/LSW/admRulLsInfoP.do?admRulSeq=2100000275656,representative_name;item_family_id;item_subtype_id;normalized_specification;unit_code,2026-07-22T12:35:28.630356+00:00,verified_family,approved,codex_external_evidence_pipeline,2026-07-22T12:35:28.630356+00:00,explicit_family_spec_unit_supported_by_official_taxonomy,classification-v1.0
DECISION::classification-v1.0::ITEM_841893157d249ab337b2,ITEM_841893157d249ab337b2,APPROVE_FAMILY,,,MED_SUPPLY,DISPOSABLE_SYRINGE,주사기,SYRINGE_USAGE_BASED,주사기(사용량 기준),5mL,EA,,MFDS_DEVICE_CLASSIFICATION_2026_18,MFDS_DEVICE_CLASSIFICATION_2026_18::DISPOSABLE_SYRINGE,https://www.law.go.kr/LSW/admRulLsInfoP.do?admRulSeq=2100000275656,representative_name;item_family_id;item_subtype_id;normalized_specification;unit_code,2026-07-22T12:35:28.630356+00:00,verified_family,approved,codex_external_evidence_pipeline,2026-07-22T12:35:28.630356+00:00,explicit_family_spec_unit_supported_by_official_taxonomy,classification-v1.0
DECISION::classification-v1.0::ITEM_9d22681372c890cc8166,ITEM_9d22681372c890cc8166,APPROVE_FAMILY,,,MED_SUPPLY,BLOOD_LANCET,채혈침,BLOOD_LANCET,채혈침,30G,EA,,MFDS_DEVICE_CLASSIFICATION_2026_18,MFDS_DEVICE_CLASSIFICATION_2026_18::BLOOD_LANCET,https://www.law.go.kr/LSW/admRulLsInfoP.do?admRulSeq=2100000275656,representative_name;item_family_id;item_subtype_id;normalized_specification;unit_code,2026-07-22T12:35:28.630356+00:00,verified_family,approved,codex_external_evidence_pipeline,2026-07-22T12:35:28.630356+00:00,explicit_family_spec_unit_supported_by_official_taxonomy,classification-v1.0
DECISION::classification-v1.0::ITEM_9f5ee30e498a1b8b8f29,ITEM_9f5ee30e498a1b8b8f29,APPROVE_FAMILY,,,MED_SUPPLY,INFUSION_SET,수액세트,INFUSION_SET,수액세트,수액세트,EA,,MFDS_DEVICE_CLASSIFICATION_2026_18,MFDS_DEVICE_CLASSIFICATION_2026_18::INFUSION_SET,https://www.law.go.kr/LSW/admRulLsInfoP.do?admRulSeq=2100000275656,representative_name;item_family_id;item_subtype_id;normalized_specification;unit_code,2026-07-22T12:35:28.630356+00:00,verified_family,approved,codex_external_evidence_pipeline,2026-07-22T12:35:28.630356+00:00,explicit_family_spec_unit_supported_by_official_taxonomy,classification-v1.0
DECISION::classification-v1.0::ITEM_9b98c8313e47285b75d3,ITEM_9b98c8313e47285b75d3,APPROVE_FAMILY,,,MED_SUPPLY,INFUSION_SET,수액세트,INFUSION_SET,수액세트,수액세트,EA,,MFDS_DEVICE_CLASSIFICATION_2026_18,MFDS_DEVICE_CLASSIFICATION_2026_18::INFUSION_SET,https://www.law.go.kr/LSW/admRulLsInfoP.do?admRulSeq=2100000275656,representative_name;item_family_id;item_subtype_id;normalized_specification;unit_code,2026-07-22T12:35:28.630356+00:00,verified_family,approved,codex_external_evidence_pipeline,2026-07-22T12:35:28.630356+00:00,explicit_family_spec_unit_supported_by_official_taxonomy,classification-v1.0
DECISION::classification-v1.0::ITEM_c7f5dcdf82e254fe8f6f,ITEM_c7f5dcdf82e254fe8f6f,APPROVE_FAMILY,,,MED_SUPPLY,DISPOSABLE_SYRINGE,주사기,SYRINGE_USAGE_BASED,주사기(사용량 기준),3mL,EA,,MFDS_DEVICE_CLASSIFICATION_2026_18,MFDS_DEVICE_CLASSIFICATION_2026_18::DISPOSABLE_SYRINGE,https://www.law.go.kr/LSW/admRulLsInfoP.do?admRulSeq=2100000275656,representative_name;item_family_id;item_subtype_id;normalized_specification;unit_code,2026-07-22T12:35:28.630356+00:00,verified_family,approved,codex_external_evidence_pipeline,2026-07-22T12:35:28.630356+00:00,explicit_family_spec_unit_supported_by_official_taxonomy,classification-v1.0
DECISION::classification-v1.0::ITEM_603e78d7999efcec5beb,ITEM_603e78d7999efcec5beb,APPROVE_FAMILY,,,MED_SUPPLY,BLOOD_LANCET,채혈침,BLOOD_LANCET,채혈침,26G,EA,,MFDS_DEVICE_CLASSIFICATION_2026_18,MFDS_DEVICE_CLASSIFICATION_2026_18::BLOOD_LANCET,https://www.law.go.kr/LSW/admRulLsInfoP.do?admRulSeq=2100000275656,representative_name;item_family_id;item_subtype_id;normalized_specification;unit_code,2026-07-22T12:35:28.630356+00:00,verified_family,approved,codex_external_evidence_pipeline,2026-07-22T12:35:28.630356+00:00,explicit_family_spec_unit_supported_by_official_taxonomy,classification-v1.0
DECISION::classification-v1.0::ITEM_944379e26bca8ab850cd,ITEM_944379e26bca8ab850cd,APPROVE_FAMILY,,,MED_SUPPLY,BLOOD_LANCET,채혈침,BLOOD_LANCET,채혈침,26G,EA,,MFDS_DEVICE_CLASSIFICATION_2026_18,MFDS_DEVICE_CLASSIFICATION_2026_18::BLOOD_LANCET,https://www.law.go.kr/LSW/admRulLsInfoP.do?admRulSeq=2100000275656,representative_name;item_family_id;item_subtype_id;normalized_specification;unit_code,2026-07-22T12:35:28.630356+00:00,verified_family,approved,codex_external_evidence_pipeline,2026-07-22T12:35:28.630356+00:00,explicit_family_spec_unit_supported_by_official_taxonomy,classification-v1.0
DECISION::classification-v1.0::ITEM_c86c0e2d7254527d46c7,ITEM_c86c0e2d7254527d46c7,APPROVE_FAMILY,,,MED_SUPPLY,BLOOD_LANCET,채혈침,BLOOD_LANCET,채혈침,30G,EA,,MFDS_DEVICE_CLASSIFICATION_2026_18,MFDS_DEVICE_CLASSIFICATION_2026_18::BLOOD_LANCET,https://www.law.go.kr/LSW/admRulLsInfoP.do?admRulSeq=2100000275656,representative_name;item_family_id;item_subtype_id;normalized_specification;unit_code,2026-07-22T12:35:28.630356+00:00,verified_family,approved,codex_external_evidence_pipeline,2026-07-22T12:35:28.630356+00:00,explicit_family_spec_unit_supported_by_official_taxonomy,classification-v1.0
DECISION::classification-v1.0::ITEM_b7da3a9a3e1701a88d95,ITEM_b7da3a9a3e1701a88d95,APPROVE_FAMILY,,,MED_SUPPLY,BLOOD_LANCET,채혈침,BLOOD_LANCET,채혈침,23G,EA,,MFDS_DEVICE_CLASSIFICATION_2026_18,MFDS_DEVICE_CLASSIFICATION_2026_18::BLOOD_LANCET,https://www.law.go.kr/LSW/admRulLsInfoP.do?admRulSeq=2100000275656,representative_name;item_family_id;item_subtype_id;normalized_specification;unit_code,2026-07-22T12:35:28.630356+00:00,verified_family,approved,codex_external_evidence_pipeline,2026-07-22T12:35:28.630356+00:00,explicit_family_spec_unit_supported_by_official_taxonomy,classification-v1.0
DECISION::classification-v1.0::ITEM_cf881ca21a15e0d31ef2,ITEM_cf881ca21a15e0d31ef2,APPROVE_FAMILY,,,MED_SUPPLY,URINE_BAG,Urine bag,URINE_BAG,Urine bag,2000mL,EA,,MFDS_DEVICE_CLASSIFICATION_2026_18,MFDS_DEVICE_CLASSIFICATION_2026_18::URINE_BAG,https://www.law.go.kr/LSW/admRulLsInfoP.do?admRulSeq=2100000275656,representative_name;item_family_id;item_subtype_id;normalized_specification;unit_code,2026-07-22T12:35:28.630356+00:00,verified_family,approved,codex_external_evidence_pipeline,2026-07-22T12:35:28.630356+00:00,explicit_family_spec_unit_supported_by_official_taxonomy,classification-v1.0
DECISION::classification-v1.0::ITEM_d2532ac465d963a86dd3,ITEM_d2532ac465d963a86dd3,APPROVE_FAMILY,,,MED_SUPPLY,BLOOD_LANCET,채혈침,BLOOD_LANCET,채혈침,30G,EA,,MFDS_DEVICE_CLASSIFICATION_2026_18,MFDS_DEVICE_CLASSIFICATION_2026_18::BLOOD_LANCET,https://www.law.go.kr/LSW/admRulLsInfoP.do?admRulSeq=2100000275656,representative_name;item_family_id;item_subtype_id;normalized_specification;unit_code,2026-07-22T12:35:28.630356+00:00,verified_family,approved,codex_external_evidence_pipeline,2026-07-22T12:35:28.630356+00:00,explicit_family_spec_unit_supported_by_official_taxonomy,classification-v1.0
DECISION::classification-v1.0::ITEM_b16cdc8348a2d311bc8e,ITEM_b16cdc8348a2d311bc8e,APPROVE_FAMILY,,,MED_SUPPLY,DISPOSABLE_SYRINGE,주사기,SYRINGE_USAGE_BASED,주사기(사용량 기준),1mL,EA,,MFDS_DEVICE_CLASSIFICATION_2026_18,MFDS_DEVICE_CLASSIFICATION_2026_18::DISPOSABLE_SYRINGE,https://www.law.go.kr/LSW/admRulLsInfoP.do?admRulSeq=2100000275656,representative_name;item_family_id;item_subtype_id;normalized_specification;unit_code,2026-07-22T12:35:28.630356+00:00,verified_family,approved,codex_external_evidence_pipeline,2026-07-22T12:35:28.630356+00:00,explicit_family_spec_unit_supported_by_official_taxonomy,classification-v1.0
DECISION::classification-v1.0::ITEM_c4769e5044d7e3ea1258,ITEM_c4769e5044d7e3ea1258,APPROVE_FAMILY,,,MED_SUPPLY,URINE_BAG,Urine bag,URINE_BAG,Urine bag,Urine bag,EA,,MFDS_DEVICE_CLASSIFICATION_2026_18,MFDS_DEVICE_CLASSIFICATION_2026_18::URINE_BAG,https://www.law.go.kr/LSW/admRulLsInfoP.do?admRulSeq=2100000275656,representative_name;item_family_id;item_subtype_id;normalized_specification;unit_code,2026-07-22T12:35:28.630356+00:00,verified_family,approved,codex_external_evidence_pipeline,2026-07-22T12:35:28.630356+00:00,explicit_family_spec_unit_supported_by_official_taxonomy,classification-v1.0
DECISION::classification-v1.0::ITEM_b439eb636c93d8e40fa9,ITEM_b439eb636c93d8e40fa9,APPROVE_FAMILY,,,MED_SUPPLY,ANGIO_CATHETER,카테터,ANGIO_NEEDLE,카테터(angio needle),24G,EA,,MFDS_DEVICE_CLASSIFICATION_2026_18,MFDS_DEVICE_CLASSIFICATION_2026_18::ANGIO_CATHETER,https://www.law.go.kr/LSW/admRulLsInfoP.do?admRulSeq=2100000275656,representative_name;item_family_id;item_subtype_id;normalized_specification;unit_code,2026-07-22T12:35:28.630356+00:00,verified_family,approved,codex_external_evidence_pipeline,2026-07-22T12:35:28.630356+00:00,explicit_family_spec_unit_supported_by_official_taxonomy,classification-v1.0
DECISION::classification-v1.0::ITEM_e1d37f98aaa61d1aa2e6,ITEM_e1d37f98aaa61d1aa2e6,APPROVE_FAMILY,,,MED_SUPPLY,INFUSION_SET,수액세트,INFUSION_SET,수액세트,수액세트,EA,,MFDS_DEVICE_CLASSIFICATION_2026_18,MFDS_DEVICE_CLASSIFICATION_2026_18::INFUSION_SET,https://www.law.go.kr/LSW/admRulLsInfoP.do?admRulSeq=2100000275656,representative_name;item_family_id;item_subtype_id;normalized_specification;unit_code,2026-07-22T12:35:28.630356+00:00,verified_family,approved,codex_external_evidence_pipeline,2026-07-22T12:35:28.630356+00:00,explicit_family_spec_unit_supported_by_official_taxonomy,classification-v1.0
DECISION::classification-v1.0::ITEM_58fcefcc68c1cb71f9aa,ITEM_58fcefcc68c1cb71f9aa,APPROVE_FAMILY,,,MED_SUPPLY,BLOOD_LANCET,채혈침,BLOOD_LANCET,채혈침,26G,EA,,MFDS_DEVICE_CLASSIFICATION_2026_18,MFDS_DEVICE_CLASSIFICATION_2026_18::BLOOD_LANCET,https://www.law.go.kr/LSW/admRulLsInfoP.do?admRulSeq=2100000275656,representative_name;item_family_id;item_subtype_id;normalized_specification;unit_code,2026-07-22T12:35:28.630356+00:00,verified_family,approved,codex_external_evidence_pipeline,2026-07-22T12:35:28.630356+00:00,explicit_family_spec_unit_supported_by_official_taxonomy,classification-v1.0
DECISION::classification-v1.0::ITEM_f62c47b9a0d5d8ae9709,ITEM_f62c47b9a0d5d8ae9709,APPROVE_FAMILY,,,MED_SUPPLY,DISPOSABLE_SYRINGE,주사기,SYRINGE_USAGE_BASED,주사기(사용량 기준),3mL,EA,,MFDS_DEVICE_CLASSIFICATION_2026_18,MFDS_DEVICE_CLASSIFICATION_2026_18::DISPOSABLE_SYRINGE,https://www.law.go.kr/LSW/admRulLsInfoP.do?admRulSeq=2100000275656,representative_name;item_family_id;item_subtype_id;normalized_specification;unit_code,2026-07-22T12:35:28.630356+00:00,verified_family,approved,codex_external_evidence_pipeline,2026-07-22T12:35:28.630356+00:00,explicit_family_spec_unit_supported_by_official_taxonomy,classification-v1.0
DECISION::classification-v1.0::ITEM_cf528e50be4e81dfade8,ITEM_cf528e50be4e81dfade8,APPROVE_FAMILY,,,MED_SUPPLY,BLOOD_LANCET,채혈침,BLOOD_LANCET,채혈침,28G,EA,,MFDS_DEVICE_CLASSIFICATION_2026_18,MFDS_DEVICE_CLASSIFICATION_2026_18::BLOOD_LANCET,https://www.law.go.kr/LSW/admRulLsInfoP.do?admRulSeq=2100000275656,representative_name;item_family_id;item_subtype_id;normalized_specification;unit_code,2026-07-22T12:35:28.630356+00:00,verified_family,approved,codex_external_evidence_pipeline,2026-07-22T12:35:28.630356+00:00,explicit_family_spec_unit_supported_by_official_taxonomy,classification-v1.0
DECISION::classification-v1.0::ITEM_60ab46f1c5d786408a9a,ITEM_60ab46f1c5d786408a9a,APPROVE_FAMILY,,,MED_SUPPLY,DISPOSABLE_SYRINGE,주사기,SYRINGE_USAGE_BASED,주사기(사용량 기준),10mL,EA,,MFDS_DEVICE_CLASSIFICATION_2026_18,MFDS_DEVICE_CLASSIFICATION_2026_18::DISPOSABLE_SYRINGE,https://www.law.go.kr/LSW/admRulLsInfoP.do?admRulSeq=2100000275656,representative_name;item_family_id;item_subtype_id;normalized_specification;unit_code,2026-07-22T12:35:28.630356+00:00,verified_family,approved,codex_external_evidence_pipeline,2026-07-22T12:35:28.630356+00:00,explicit_family_spec_unit_supported_by_official_taxonomy,classification-v1.0
DECISION::classification-v1.0::ITEM_72a0abcf6204f1a1998b,ITEM_72a0abcf6204f1a1998b,APPROVE_FAMILY,,,MED_SUPPLY,DISPOSABLE_SYRINGE,주사기,SYRINGE_USAGE_BASED,주사기(사용량 기준),2mL,EA,,MFDS_DEVICE_CLASSIFICATION_2026_18,MFDS_DEVICE_CLASSIFICATION_2026_18::DISPOSABLE_SYRINGE,https://www.law.go.kr/LSW/admRulLsInfoP.do?admRulSeq=2100000275656,representative_name;item_family_id;item_subtype_id;normalized_specification;unit_code,2026-07-22T12:35:28.630356+00:00,verified_family,approved,codex_external_evidence_pipeline,2026-07-22T12:35:28.630356+00:00,explicit_family_spec_unit_supported_by_official_taxonomy,classification-v1.0
DECISION::classification-v1.0::ITEM_58a5055d0fc3fc299598,ITEM_58a5055d0fc3fc299598,APPROVE_FAMILY,,,MED_SUPPLY,BLOOD_LANCET,채혈침,BLOOD_LANCET,채혈침,30G,EA,,MFDS_DEVICE_CLASSIFICATION_2026_18,MFDS_DEVICE_CLASSIFICATION_2026_18::BLOOD_LANCET,https://www.law.go.kr/LSW/admRulLsInfoP.do?admRulSeq=2100000275656,representative_name;item_family_id;item_subtype_id;normalized_specification;unit_code,2026-07-22T12:35:28.630356+00:00,verified_family,approved,codex_external_evidence_pipeline,2026-07-22T12:35:28.630356+00:00,explicit_family_spec_unit_supported_by_official_taxonomy,classification-v1.0
DECISION::classification-v1.0::ITEM_6216b2a83df0ffea72a1,ITEM_6216b2a83df0ffea72a1,APPROVE_FAMILY,,,MED_SUPPLY,BLOOD_LANCET,채혈침,BLOOD_LANCET,채혈침,23G,EA,,MFDS_DEVICE_CLASSIFICATION_2026_18,MFDS_DEVICE_CLASSIFICATION_2026_18::BLOOD_LANCET,https://www.law.go.kr/LSW/admRulLsInfoP.do?admRulSeq=2100000275656,representative_name;item_family_id;item_subtype_id;normalized_specification;unit_code,2026-07-22T12:35:28.630356+00:00,verified_family,approved,codex_external_evidence_pipeline,2026-07-22T12:35:28.630356+00:00,explicit_family_spec_unit_supported_by_official_taxonomy,classification-v1.0
DECISION::classification-v1.0::ITEM_04a13428c434d744cab4,ITEM_04a13428c434d744cab4,APPROVE_FAMILY,,,MED_SUPPLY,DISPOSABLE_SYRINGE,주사기,SYRINGE_USAGE_BASED,주사기(사용량 기준),1mL,EA,,MFDS_DEVICE_CLASSIFICATION_2026_18,MFDS_DEVICE_CLASSIFICATION_2026_18::DISPOSABLE_SYRINGE,https://www.law.go.kr/LSW/admRulLsInfoP.do?admRulSeq=2100000275656,representative_name;item_family_id;item_subtype_id;normalized_specification;unit_code,2026-07-22T12:35:28.630356+00:00,verified_family,approved,codex_external_evidence_pipeline,2026-07-22T12:35:28.630356+00:00,explicit_family_spec_unit_supported_by_official_taxonomy,classification-v1.0
DECISION::classification-v1.0::ITEM_f502fadb40d2dcf57c4a,ITEM_f502fadb40d2dcf57c4a,APPROVE_FAMILY,,,MED_SUPPLY,BLOOD_LANCET,채혈침,BLOOD_LANCET,채혈침,28G,EA,,MFDS_DEVICE_CLASSIFICATION_2026_18,MFDS_DEVICE_CLASSIFICATION_2026_18::BLOOD_LANCET,https://www.law.go.kr/LSW/admRulLsInfoP.do?admRulSeq=2100000275656,representative_name;item_family_id;item_subtype_id;normalized_specification;unit_code,2026-07-22T12:35:28.630356+00:00,verified_family,approved,codex_external_evidence_pipeline,2026-07-22T12:35:28.630356+00:00,explicit_family_spec_unit_supported_by_official_taxonomy,classification-v1.0
DECISION::classification-v1.0::ITEM_b311f342e4575ba97565,ITEM_b311f342e4575ba97565,APPROVE_FAMILY,,,MED_SUPPLY,BLOOD_LANCET,채혈침,BLOOD_LANCET,채혈침,21G,EA,,MFDS_DEVICE_CLASSIFICATION_2026_18,MFDS_DEVICE_CLASSIFICATION_2026_18::BLOOD_LANCET,https://www.law.go.kr/LSW/admRulLsInfoP.do?admRulSeq=2100000275656,representative_name;item_family_id;item_subtype_id;normalized_specification;unit_code,2026-07-22T12:35:28.630356+00:00,verified_family,approved,codex_external_evidence_pipeline,2026-07-22T12:35:28.630356+00:00,explicit_family_spec_unit_supported_by_official_taxonomy,classification-v1.0
DECISION::classification-v1.0::ITEM_68092142206015407c69,ITEM_68092142206015407c69,APPROVE_FAMILY,,,MED_SUPPLY,URINE_BAG,Urine bag,URINE_BAG,Urine bag,Urine bag,EA,,MFDS_DEVICE_CLASSIFICATION_2026_18,MFDS_DEVICE_CLASSIFICATION_2026_18::URINE_BAG,https://www.law.go.kr/LSW/admRulLsInfoP.do?admRulSeq=2100000275656,representative_name;item_family_id;item_subtype_id;normalized_specification;unit_code,2026-07-22T12:35:28.630356+00:00,verified_family,approved,codex_external_evidence_pipeline,2026-07-22T12:35:28.630356+00:00,explicit_family_spec_unit_supported_by_official_taxonomy,classification-v1.0
DECISION::classification-v1.0::ITEM_43526e7ebfb8b47b332a,ITEM_43526e7ebfb8b47b332a,APPROVE_FAMILY,,,MED_SUPPLY,BLOOD_LANCET,채혈침,BLOOD_LANCET,채혈침,30G,EA,,MFDS_DEVICE_CLASSIFICATION_2026_18,MFDS_DEVICE_CLASSIFICATION_2026_18::BLOOD_LANCET,https://www.law.go.kr/LSW/admRulLsInfoP.do?admRulSeq=2100000275656,representative_name;item_family_id;item_subtype_id;normalized_specification;unit_code,2026-07-22T12:35:28.630356+00:00,verified_family,approved,codex_external_evidence_pipeline,2026-07-22T12:35:28.630356+00:00,explicit_family_spec_unit_supported_by_official_taxonomy,classification-v1.0
DECISION::classification-v1.0::ITEM_067fa5aef4146eb0599b,ITEM_067fa5aef4146eb0599b,APPROVE_FAMILY,,,MED_SUPPLY,DISPOSABLE_SYRINGE,주사기,SYRINGE_USAGE_BASED,주사기(사용량 기준),50mL,EA,,MFDS_DEVICE_CLASSIFICATION_2026_18,MFDS_DEVICE_CLASSIFICATION_2026_18::DISPOSABLE_SYRINGE,https://www.law.go.kr/LSW/admRulLsInfoP.do?admRulSeq=2100000275656,representative_name;item_family_id;item_subtype_id;normalized_specification;unit_code,2026-07-22T12:35:28.630356+00:00,verified_family,approved,codex_external_evidence_pipeline,2026-07-22T12:35:28.630356+00:00,explicit_family_spec_unit_supported_by_official_taxonomy,classification-v1.0
DECISION::classification-v1.0::ITEM_fef183f7f2cde380e2c5,ITEM_fef183f7f2cde380e2c5,APPROVE_FAMILY,,,MED_SUPPLY,BLOOD_LANCET,채혈침,BLOOD_LANCET,채혈침,30G,EA,,MFDS_DEVICE_CLASSIFICATION_2026_18,MFDS_DEVICE_CLASSIFICATION_2026_18::BLOOD_LANCET,https://www.law.go.kr/LSW/admRulLsInfoP.do?admRulSeq=2100000275656,representative_name;item_family_id;item_subtype_id;normalized_specification;unit_code,2026-07-22T12:35:28.630356+00:00,verified_family,approved,codex_external_evidence_pipeline,2026-07-22T12:35:28.630356+00:00,explicit_family_spec_unit_supported_by_official_taxonomy,classification-v1.0
DECISION::classification-v1.0::ITEM_da936de87fb62a408194,ITEM_da936de87fb62a408194,APPROVE_FAMILY,,,MED_SUPPLY,BLOOD_LANCET,채혈침,BLOOD_LANCET,채혈침,30G,EA,,MFDS_DEVICE_CLASSIFICATION_2026_18,MFDS_DEVICE_CLASSIFICATION_2026_18::BLOOD_LANCET,https://www.law.go.kr/LSW/admRulLsInfoP.do?admRulSeq=2100000275656,representative_name;item_family_id;item_subtype_id;normalized_specification;unit_code,2026-07-22T12:35:28.630356+00:00,verified_family,approved,codex_external_evidence_pipeline,2026-07-22T12:35:28.630356+00:00,explicit_family_spec_unit_supported_by_official_taxonomy,classification-v1.0
DECISION::classification-v1.0::ITEM_09c82d10f1bbc1d6ba6f,ITEM_09c82d10f1bbc1d6ba6f,APPROVE_FAMILY,,,MED_SUPPLY,DISPOSABLE_SYRINGE,주사기,SYRINGE_USAGE_BASED,주사기(사용량 기준),1mL,EA,,MFDS_DEVICE_CLASSIFICATION_2026_18,MFDS_DEVICE_CLASSIFICATION_2026_18::DISPOSABLE_SYRINGE,https://www.law.go.kr/LSW/admRulLsInfoP.do?admRulSeq=2100000275656,representative_name;item_family_id;item_subtype_id;normalized_specification;unit_code,2026-07-22T12:35:28.630356+00:00,verified_family,approved,codex_external_evidence_pipeline,2026-07-22T12:35:28.630356+00:00,explicit_family_spec_unit_supported_by_official_taxonomy,classification-v1.0
DECISION::classification-v1.0::ITEM_8cf9f532a32aec5b1320,ITEM_8cf9f532a32aec5b1320,APPROVE_FAMILY,,,MED_SUPPLY,DISPOSABLE_SYRINGE,주사기,SYRINGE_USAGE_BASED,주사기(사용량 기준),1mL,EA,,MFDS_DEVICE_CLASSIFICATION_2026_18,MFDS_DEVICE_CLASSIFICATION_2026_18::DISPOSABLE_SYRINGE,https://www.law.go.kr/LSW/admRulLsInfoP.do?admRulSeq=2100000275656,representative_name;item_family_id;item_subtype_id;normalized_specification;unit_code,2026-07-22T12:35:28.630356+00:00,verified_family,approved,codex_external_evidence_pipeline,2026-07-22T12:35:28.630356+00:00,explicit_family_spec_unit_supported_by_official_taxonomy,classification-v1.0
DECISION::classification-v1.0::ITEM_7fd3be73ce187c352e4c,ITEM_7fd3be73ce187c352e4c,APPROVE_FAMILY,,,MED_SUPPLY,INJECTION_NEEDLE,주사침,INJECTION_NEEDLE,주사침,30G,EA,,MFDS_DEVICE_CLASSIFICATION_2026_18,MFDS_DEVICE_CLASSIFICATION_2026_18::INJECTION_NEEDLE,https://www.law.go.kr/LSW/admRulLsInfoP.do?admRulSeq=2100000275656,representative_name;item_family_id;item_subtype_id;normalized_specification;unit_code,2026-07-22T12:35:28.630356+00:00,verified_family,approved,codex_external_evidence_pipeline,2026-07-22T12:35:28.630356+00:00,explicit_family_spec_unit_supported_by_official_taxonomy,classification-v1.0
DECISION::classification-v1.0::ITEM_34b08dcce16bd5cb1e44,ITEM_34b08dcce16bd5cb1e44,APPROVE_FAMILY,,,MED_SUPPLY,BLOOD_LANCET,채혈침,BLOOD_LANCET,채혈침,28G,EA,,MFDS_DEVICE_CLASSIFICATION_2026_18,MFDS_DEVICE_CLASSIFICATION_2026_18::BLOOD_LANCET,https://www.law.go.kr/LSW/admRulLsInfoP.do?admRulSeq=2100000275656,representative_name;item_family_id;item_subtype_id;normalized_specification;unit_code,2026-07-22T12:35:28.630356+00:00,verified_family,approved,codex_external_evidence_pipeline,2026-07-22T12:35:28.630356+00:00,explicit_family_spec_unit_supported_by_official_taxonomy,classification-v1.0
DECISION::classification-v1.0::ITEM_a19565d3953be5b90748,ITEM_a19565d3953be5b90748,APPROVE_FAMILY,,,MED_SUPPLY,INJECTION_NEEDLE,주사침,INJECTION_NEEDLE,주사침,26G,EA,,MFDS_DEVICE_CLASSIFICATION_2026_18,MFDS_DEVICE_CLASSIFICATION_2026_18::INJECTION_NEEDLE,https://www.law.go.kr/LSW/admRulLsInfoP.do?admRulSeq=2100000275656,representative_name;item_family_id;item_subtype_id;normalized_specification;unit_code,2026-07-22T12:35:28.630356+00:00,verified_family,approved,codex_external_evidence_pipeline,2026-07-22T12:35:28.630356+00:00,explicit_family_spec_unit_supported_by_official_taxonomy,classification-v1.0
DECISION::classification-v1.0::ITEM_f62975c59a5662e2cb30,ITEM_f62975c59a5662e2cb30,APPROVE_FAMILY,,,MED_SUPPLY,DISPOSABLE_SYRINGE,주사기,SYRINGE_USAGE_BASED,주사기(사용량 기준),5mL,EA,,MFDS_DEVICE_CLASSIFICATION_2026_18,MFDS_DEVICE_CLASSIFICATION_2026_18::DISPOSABLE_SYRINGE,https://www.law.go.kr/LSW/admRulLsInfoP.do?admRulSeq=2100000275656,representative_name;item_family_id;item_subtype_id;normalized_specification;unit_code,2026-07-22T12:35:28.630356+00:00,verified_family,approved,codex_external_evidence_pipeline,2026-07-22T12:35:28.630356+00:00,explicit_family_spec_unit_supported_by_official_taxonomy,classification-v1.0
DECISION::classification-v1.0::ITEM_398cb1c8d9e700c5a759,ITEM_398cb1c8d9e700c5a759,APPROVE_FAMILY,,,MED_SUPPLY,INFUSION_SET,수액세트,INFUSION_SET,수액세트,수액세트,EA,,MFDS_DEVICE_CLASSIFICATION_2026_18,MFDS_DEVICE_CLASSIFICATION_2026_18::INFUSION_SET,https://www.law.go.kr/LSW/admRulLsInfoP.do?admRulSeq=2100000275656,representative_name;item_family_id;item_subtype_id;normalized_specification;unit_code,2026-07-22T12:35:28.630356+00:00,verified_family,approved,codex_external_evidence_pipeline,2026-07-22T12:35:28.630356+00:00,explicit_family_spec_unit_supported_by_official_taxonomy,classification-v1.0
DECISION::classification-v1.0::ITEM_5161a9bd2cdec1183dbc,ITEM_5161a9bd2cdec1183dbc,APPROVE_FAMILY,,,MED_SUPPLY,DISPOSABLE_SYRINGE,주사기,SYRINGE_USAGE_BASED,주사기(사용량 기준),3mL,EA,,MFDS_DEVICE_CLASSIFICATION_2026_18,MFDS_DEVICE_CLASSIFICATION_2026_18::DISPOSABLE_SYRINGE,https://www.law.go.kr/LSW/admRulLsInfoP.do?admRulSeq=2100000275656,representative_name;item_family_id;item_subtype_id;normalized_specification;unit_code,2026-07-22T12:35:28.630356+00:00,verified_family,approved,codex_external_evidence_pipeline,2026-07-22T12:35:28.630356+00:00,explicit_family_spec_unit_supported_by_official_taxonomy,classification-v1.0
DECISION::classification-v1.0::ITEM_6d1f493172207daafa88,ITEM_6d1f493172207daafa88,APPROVE_FAMILY,,,MED_SUPPLY,DISPOSABLE_SYRINGE,주사기,SYRINGE_USAGE_BASED,주사기(사용량 기준),5mL,EA,,MFDS_DEVICE_CLASSIFICATION_2026_18,MFDS_DEVICE_CLASSIFICATION_2026_18::DISPOSABLE_SYRINGE,https://www.law.go.kr/LSW/admRulLsInfoP.do?admRulSeq=2100000275656,representative_name;item_family_id;item_subtype_id;normalized_specification;unit_code,2026-07-22T12:35:28.630356+00:00,verified_family,approved,codex_external_evidence_pipeline,2026-07-22T12:35:28.630356+00:00,explicit_family_spec_unit_supported_by_official_taxonomy,classification-v1.0
DECISION::classification-v1.0::ITEM_c5616e551e92f109b9c4,ITEM_c5616e551e92f109b9c4,APPROVE_FAMILY,,,MED_SUPPLY,BLOOD_LANCET,채혈침,BLOOD_LANCET,채혈침,28G,EA,,MFDS_DEVICE_CLASSIFICATION_2026_18,MFDS_DEVICE_CLASSIFICATION_2026_18::BLOOD_LANCET,https://www.law.go.kr/LSW/admRulLsInfoP.do?admRulSeq=2100000275656,representative_name;item_family_id;item_subtype_id;normalized_specification;unit_code,2026-07-22T12:35:28.630356+00:00,verified_family,approved,codex_external_evidence_pipeline,2026-07-22T12:35:28.630356+00:00,explicit_family_spec_unit_supported_by_official_taxonomy,classification-v1.0
DECISION::classification-v1.0::ITEM_82e3cc40c7bea6213072,ITEM_82e3cc40c7bea6213072,APPROVE_FAMILY,,,MED_SUPPLY,INFUSION_SET,수액세트,INFUSION_SET,수액세트,수액세트,EA,,MFDS_DEVICE_CLASSIFICATION_2026_18,MFDS_DEVICE_CLASSIFICATION_2026_18::INFUSION_SET,https://www.law.go.kr/LSW/admRulLsInfoP.do?admRulSeq=2100000275656,representative_name;item_family_id;item_subtype_id;normalized_specification;unit_code,2026-07-22T12:35:28.630356+00:00,verified_family,approved,codex_external_evidence_pipeline,2026-07-22T12:35:28.630356+00:00,explicit_family_spec_unit_supported_by_official_taxonomy,classification-v1.0
DECISION::classification-v1.0::ITEM_3ce49da48ae2e78d0dfc,ITEM_3ce49da48ae2e78d0dfc,APPROVE_FAMILY,,,MED_SUPPLY,DISPOSABLE_SYRINGE,주사기,SYRINGE_USAGE_BASED,주사기(사용량 기준),1mL,EA,,MFDS_DEVICE_CLASSIFICATION_2026_18,MFDS_DEVICE_CLASSIFICATION_2026_18::DISPOSABLE_SYRINGE,https://www.law.go.kr/LSW/admRulLsInfoP.do?admRulSeq=2100000275656,representative_name;item_family_id;item_subtype_id;normalized_specification;unit_code,2026-07-22T12:35:28.630356+00:00,verified_family,approved,codex_external_evidence_pipeline,2026-07-22T12:35:28.630356+00:00,explicit_family_spec_unit_supported_by_official_taxonomy,classification-v1.0
DECISION::classification-v1.0::ITEM_d307e94428d8235c6573,ITEM_d307e94428d8235c6573,APPROVE_FAMILY,,,MED_SUPPLY,BLOOD_LANCET,채혈침,BLOOD_LANCET,채혈침,28G,EA,,MFDS_DEVICE_CLASSIFICATION_2026_18,MFDS_DEVICE_CLASSIFICATION_2026_18::BLOOD_LANCET,https://www.law.go.kr/LSW/admRulLsInfoP.do?admRulSeq=2100000275656,representative_name;item_family_id;item_subtype_id;normalized_specification;unit_code,2026-07-22T12:35:28.630356+00:00,verified_family,approved,codex_external_evidence_pipeline,2026-07-22T12:35:28.630356+00:00,explicit_family_spec_unit_supported_by_official_taxonomy,classification-v1.0
DECISION::classification-v1.0::ITEM_0470116c2057326de5e3,ITEM_0470116c2057326de5e3,APPROVE_FAMILY,,,MED_SUPPLY,DISPOSABLE_SYRINGE,주사기,SYRINGE_USAGE_BASED,주사기(사용량 기준),3mL,EA,,MFDS_DEVICE_CLASSIFICATION_2026_18,MFDS_DEVICE_CLASSIFICATION_2026_18::DISPOSABLE_SYRINGE,https://www.law.go.kr/LSW/admRulLsInfoP.do?admRulSeq=2100000275656,representative_name;item_family_id;item_subtype_id;normalized_specification;unit_code,2026-07-22T12:35:28.630356+00:00,verified_family,approved,codex_external_evidence_pipeline,2026-07-22T12:35:28.630356+00:00,explicit_family_spec_unit_supported_by_official_taxonomy,classification-v1.0
DECISION::classification-v1.0::ITEM_3cca7752e39c62a72a46,ITEM_3cca7752e39c62a72a46,APPROVE_FAMILY,,,MED_SUPPLY,BLOOD_LANCET,채혈침,BLOOD_LANCET,채혈침,23G,EA,,MFDS_DEVICE_CLASSIFICATION_2026_18,MFDS_DEVICE_CLASSIFICATION_2026_18::BLOOD_LANCET,https://www.law.go.kr/LSW/admRulLsInfoP.do?admRulSeq=2100000275656,representative_name;item_family_id;item_subtype_id;normalized_specification;unit_code,2026-07-22T12:35:28.630356+00:00,verified_family,approved,codex_external_evidence_pipeline,2026-07-22T12:35:28.630356+00:00,explicit_family_spec_unit_supported_by_official_taxonomy,classification-v1.0
DECISION::classification-v1.0::ITEM_26734383a214bc8046d4,ITEM_26734383a214bc8046d4,APPROVE_FAMILY,,,MED_SUPPLY,BLOOD_LANCET,채혈침,BLOOD_LANCET,채혈침,30G,EA,,MFDS_DEVICE_CLASSIFICATION_2026_18,MFDS_DEVICE_CLASSIFICATION_2026_18::BLOOD_LANCET,https://www.law.go.kr/LSW/admRulLsInfoP.do?admRulSeq=2100000275656,representative_name;item_family_id;item_subtype_id;normalized_specification;unit_code,2026-07-22T12:35:28.630356+00:00,verified_family,approved,codex_external_evidence_pipeline,2026-07-22T12:35:28.630356+00:00,explicit_family_spec_unit_supported_by_official_taxonomy,classification-v1.0
DECISION::classification-v1.0::ITEM_9e62dcac590c78e43804,ITEM_9e62dcac590c78e43804,APPROVE_FAMILY,,,WASTE,MEDICAL_WASTE_CONTAINER,의료폐기물 전용용기,RIGID_NEEDLE_BOX,합성수지형 용기(needle box),10L,EA,,WASTE_RULE_APPENDIX_5_2026_03_26,WASTE_RULE_APPENDIX_5_2026_03_26::MEDICAL_WASTE_CONTAINER,https://www.law.go.kr/flDownload.do?bylClsCd=110201&flSeq=162812925&gubun=,representative_name;item_family_id;item_subtype_id;normalized_specification;unit_code,2026-07-22T12:35:28.630356+00:00,verified_family,approved,codex_external_evidence_pipeline,2026-07-22T12:35:28.630356+00:00,explicit_family_spec_unit_supported_by_official_taxonomy,classification-v1.0
DECISION::classification-v1.0::ITEM_a60727d9d0c3b3cd1401,ITEM_a60727d9d0c3b3cd1401,APPROVE_FAMILY,,,MED_SUPPLY,BLOOD_LANCET,채혈침,BLOOD_LANCET,채혈침,30G,EA,,MFDS_DEVICE_CLASSIFICATION_2026_18,MFDS_DEVICE_CLASSIFICATION_2026_18::BLOOD_LANCET,https://www.law.go.kr/LSW/admRulLsInfoP.do?admRulSeq=2100000275656,representative_name;item_family_id;item_subtype_id;normalized_specification;unit_code,2026-07-22T12:35:28.630356+00:00,verified_family,approved,codex_external_evidence_pipeline,2026-07-22T12:35:28.630356+00:00,explicit_family_spec_unit_supported_by_official_taxonomy,classification-v1.0
DECISION::classification-v1.0::ITEM_5d0ff530083787f0ae5e,ITEM_5d0ff530083787f0ae5e,APPROVE_FAMILY,,,MED_SUPPLY,DISPOSABLE_SYRINGE,주사기,SYRINGE_USAGE_BASED,주사기(사용량 기준),10mL,EA,,MFDS_DEVICE_CLASSIFICATION_2026_18,MFDS_DEVICE_CLASSIFICATION_2026_18::DISPOSABLE_SYRINGE,https://www.law.go.kr/LSW/admRulLsInfoP.do?admRulSeq=2100000275656,representative_name;item_family_id;item_subtype_id;normalized_specification;unit_code,2026-07-22T12:35:28.630356+00:00,verified_family,approved,codex_external_evidence_pipeline,2026-07-22T12:35:28.630356+00:00,explicit_family_spec_unit_supported_by_official_taxonomy,classification-v1.0
DECISION::classification-v1.0::ITEM_fa856520478df3ae74cb,ITEM_fa856520478df3ae74cb,APPROVE_FAMILY,,,MED_SUPPLY,BLOOD_LANCET,채혈침,BLOOD_LANCET,채혈침,26G,EA,,MFDS_DEVICE_CLASSIFICATION_2026_18,MFDS_DEVICE_CLASSIFICATION_2026_18::BLOOD_LANCET,https://www.law.go.kr/LSW/admRulLsInfoP.do?admRulSeq=2100000275656,representative_name;item_family_id;item_subtype_id;normalized_specification;unit_code,2026-07-22T12:35:28.630356+00:00,verified_family,approved,codex_external_evidence_pipeline,2026-07-22T12:35:28.630356+00:00,explicit_family_spec_unit_supported_by_official_taxonomy,classification-v1.0
DECISION::classification-v1.0::ITEM_c93d78e742c6c33256f5,ITEM_c93d78e742c6c33256f5,APPROVE_FAMILY,,,MED_SUPPLY,DISPOSABLE_SYRINGE,주사기,SYRINGE_USAGE_BASED,주사기(사용량 기준),3mL,EA,,MFDS_DEVICE_CLASSIFICATION_2026_18,MFDS_DEVICE_CLASSIFICATION_2026_18::DISPOSABLE_SYRINGE,https://www.law.go.kr/LSW/admRulLsInfoP.do?admRulSeq=2100000275656,representative_name;item_family_id;item_subtype_id;normalized_specification;unit_code,2026-07-22T12:35:28.630356+00:00,verified_family,approved,codex_external_evidence_pipeline,2026-07-22T12:35:28.630356+00:00,explicit_family_spec_unit_supported_by_official_taxonomy,classification-v1.0
DECISION::classification-v1.0::ITEM_969a18dde002bca735d6,ITEM_969a18dde002bca735d6,APPROVE_FAMILY,,,MED_SUPPLY,DISPOSABLE_SYRINGE,주사기,SYRINGE_USAGE_BASED,주사기(사용량 기준),3mL,EA,,MFDS_DEVICE_CLASSIFICATION_2026_18,MFDS_DEVICE_CLASSIFICATION_2026_18::DISPOSABLE_SYRINGE,https://www.law.go.kr/LSW/admRulLsInfoP.do?admRulSeq=2100000275656,representative_name;item_family_id;item_subtype_id;normalized_specification;unit_code,2026-07-22T12:35:28.630356+00:00,verified_family,approved,codex_external_evidence_pipeline,2026-07-22T12:35:28.630356+00:00,explicit_family_spec_unit_supported_by_official_taxonomy,classification-v1.0
DECISION::classification-v1.0::ITEM_5f36a2a0091f22efab4d,ITEM_5f36a2a0091f22efab4d,APPROVE_FAMILY,,,MED_SUPPLY,BLOOD_LANCET,채혈침,BLOOD_LANCET,채혈침,26G,EA,,MFDS_DEVICE_CLASSIFICATION_2026_18,MFDS_DEVICE_CLASSIFICATION_2026_18::BLOOD_LANCET,https://www.law.go.kr/LSW/admRulLsInfoP.do?admRulSeq=2100000275656,representative_name;item_family_id;item_subtype_id;normalized_specification;unit_code,2026-07-22T12:35:28.630356+00:00,verified_family,approved,codex_external_evidence_pipeline,2026-07-22T12:35:28.630356+00:00,explicit_family_spec_unit_supported_by_official_taxonomy,classification-v1.0
DECISION::classification-v1.0::ITEM_10558be1562edcfe2b58,ITEM_10558be1562edcfe2b58,APPROVE_FAMILY,,,MED_SUPPLY,BLOOD_LANCET,채혈침,BLOOD_LANCET,채혈침,30G,EA,,MFDS_DEVICE_CLASSIFICATION_2026_18,MFDS_DEVICE_CLASSIFICATION_2026_18::BLOOD_LANCET,https://www.law.go.kr/LSW/admRulLsInfoP.do?admRulSeq=2100000275656,representative_name;item_family_id;item_subtype_id;normalized_specification;unit_code,2026-07-22T12:35:28.630356+00:00,verified_family,approved,codex_external_evidence_pipeline,2026-07-22T12:35:28.630356+00:00,explicit_family_spec_unit_supported_by_official_taxonomy,classification-v1.0
DECISION::classification-v1.0::ITEM_3a541511d802a09d0f5f,ITEM_3a541511d802a09d0f5f,APPROVE_FAMILY,,,MED_SUPPLY,DISPOSABLE_SYRINGE,주사기,SYRINGE_USAGE_BASED,주사기(사용량 기준),3mL,EA,,MFDS_DEVICE_CLASSIFICATION_2026_18,MFDS_DEVICE_CLASSIFICATION_2026_18::DISPOSABLE_SYRINGE,https://www.law.go.kr/LSW/admRulLsInfoP.do?admRulSeq=2100000275656,representative_name;item_family_id;item_subtype_id;normalized_specification;unit_code,2026-07-22T12:35:28.630356+00:00,verified_family,approved,codex_external_evidence_pipeline,2026-07-22T12:35:28.630356+00:00,explicit_family_spec_unit_supported_by_official_taxonomy,classification-v1.0
DECISION::classification-v1.0::ITEM_db37a64ed940b561614c,ITEM_db37a64ed940b561614c,APPROVE_FAMILY,,,MED_SUPPLY,BLOOD_LANCET,채혈침,BLOOD_LANCET,채혈침,30G,EA,,MFDS_DEVICE_CLASSIFICATION_2026_18,MFDS_DEVICE_CLASSIFICATION_2026_18::BLOOD_LANCET,https://www.law.go.kr/LSW/admRulLsInfoP.do?admRulSeq=2100000275656,representative_name;item_family_id;item_subtype_id;normalized_specification;unit_code,2026-07-22T12:35:28.630356+00:00,verified_family,approved,codex_external_evidence_pipeline,2026-07-22T12:35:28.630356+00:00,explicit_family_spec_unit_supported_by_official_taxonomy,classification-v1.0
DECISION::classification-v1.0::ITEM_d1f9522f1dbf1569a499,ITEM_d1f9522f1dbf1569a499,APPROVE_FAMILY,,,MED_SUPPLY,DISPOSABLE_SYRINGE,주사기,SYRINGE_USAGE_BASED,주사기(사용량 기준),0.5mL,EA,,MFDS_DEVICE_CLASSIFICATION_2026_18,MFDS_DEVICE_CLASSIFICATION_2026_18::DISPOSABLE_SYRINGE,https://www.law.go.kr/LSW/admRulLsInfoP.do?admRulSeq=2100000275656,representative_name;item_family_id;item_subtype_id;normalized_specification;unit_code,2026-07-22T12:35:28.630356+00:00,verified_family,approved,codex_external_evidence_pipeline,2026-07-22T12:35:28.630356+00:00,explicit_family_spec_unit_supported_by_official_taxonomy,classification-v1.0
DECISION::classification-v1.0::ITEM_a1013142ac27c20c1438,ITEM_a1013142ac27c20c1438,APPROVE_FAMILY,,,MED_SUPPLY,DISPOSABLE_SYRINGE,주사기,SYRINGE_USAGE_BASED,주사기(사용량 기준),1mL,EA,,MFDS_DEVICE_CLASSIFICATION_2026_18,MFDS_DEVICE_CLASSIFICATION_2026_18::DISPOSABLE_SYRINGE,https://www.law.go.kr/LSW/admRulLsInfoP.do?admRulSeq=2100000275656,representative_name;item_family_id;item_subtype_id;normalized_specification;unit_code,2026-07-22T12:35:28.630356+00:00,verified_family,approved,codex_external_evidence_pipeline,2026-07-22T12:35:28.630356+00:00,explicit_family_spec_unit_supported_by_official_taxonomy,classification-v1.0
DECISION::classification-v1.0::ITEM_213a0db36cd731811d97,ITEM_213a0db36cd731811d97,APPROVE_FAMILY,,,MED_SUPPLY,INJECTION_NEEDLE,주사침,INJECTION_NEEDLE,주사침,26G,EA,,MFDS_DEVICE_CLASSIFICATION_2026_18,MFDS_DEVICE_CLASSIFICATION_2026_18::INJECTION_NEEDLE,https://www.law.go.kr/LSW/admRulLsInfoP.do?admRulSeq=2100000275656,representative_name;item_family_id;item_subtype_id;normalized_specification;unit_code,2026-07-22T12:35:28.630356+00:00,verified_family,approved,codex_external_evidence_pipeline,2026-07-22T12:35:28.630356+00:00,explicit_family_spec_unit_supported_by_official_taxonomy,classification-v1.0
DECISION::classification-v1.0::ITEM_eec10b82f06474645740,ITEM_eec10b82f06474645740,APPROVE_FAMILY,,,MED_SUPPLY,DISPOSABLE_SYRINGE,주사기,SYRINGE_USAGE_BASED,주사기(사용량 기준),5mL,EA,,MFDS_DEVICE_CLASSIFICATION_2026_18,MFDS_DEVICE_CLASSIFICATION_2026_18::DISPOSABLE_SYRINGE,https://www.law.go.kr/LSW/admRulLsInfoP.do?admRulSeq=2100000275656,representative_name;item_family_id;item_subtype_id;normalized_specification;unit_code,2026-07-22T12:35:28.630356+00:00,verified_family,approved,codex_external_evidence_pipeline,2026-07-22T12:35:28.630356+00:00,explicit_family_spec_unit_supported_by_official_taxonomy,classification-v1.0
DECISION::classification-v1.0::ITEM_c506d2a1c35a0c77d768,ITEM_c506d2a1c35a0c77d768,APPROVE_FAMILY,,,MED_SUPPLY,INJECTION_NEEDLE,주사침,INJECTION_NEEDLE,주사침,23G,EA,,MFDS_DEVICE_CLASSIFICATION_2026_18,MFDS_DEVICE_CLASSIFICATION_2026_18::INJECTION_NEEDLE,https://www.law.go.kr/LSW/admRulLsInfoP.do?admRulSeq=2100000275656,representative_name;item_family_id;item_subtype_id;normalized_specification;unit_code,2026-07-22T12:35:28.630356+00:00,verified_family,approved,codex_external_evidence_pipeline,2026-07-22T12:35:28.630356+00:00,explicit_family_spec_unit_supported_by_official_taxonomy,classification-v1.0
DECISION::classification-v1.0::ITEM_59d6874b7bdf16af18f9,ITEM_59d6874b7bdf16af18f9,APPROVE_FAMILY,,,MED_SUPPLY,BLOOD_LANCET,채혈침,BLOOD_LANCET,채혈침,28G,EA,,MFDS_DEVICE_CLASSIFICATION_2026_18,MFDS_DEVICE_CLASSIFICATION_2026_18::BLOOD_LANCET,https://www.law.go.kr/LSW/admRulLsInfoP.do?admRulSeq=2100000275656,representative_name;item_family_id;item_subtype_id;normalized_specification;unit_code,2026-07-22T12:35:28.630356+00:00,verified_family,approved,codex_external_evidence_pipeline,2026-07-22T12:35:28.630356+00:00,explicit_family_spec_unit_supported_by_official_taxonomy,classification-v1.0
DECISION::classification-v1.0::ITEM_4500df2dc12840852984,ITEM_4500df2dc12840852984,APPROVE_FAMILY,,,MED_SUPPLY,DISPOSABLE_SYRINGE,주사기,SYRINGE_USAGE_BASED,주사기(사용량 기준),1mL,EA,,MFDS_DEVICE_CLASSIFICATION_2026_18,MFDS_DEVICE_CLASSIFICATION_2026_18::DISPOSABLE_SYRINGE,https://www.law.go.kr/LSW/admRulLsInfoP.do?admRulSeq=2100000275656,representative_name;item_family_id;item_subtype_id;normalized_specification;unit_code,2026-07-22T12:35:28.630356+00:00,verified_family,approved,codex_external_evidence_pipeline,2026-07-22T12:35:28.630356+00:00,explicit_family_spec_unit_supported_by_official_taxonomy,classification-v1.0
DECISION::classification-v1.0::ITEM_7a4f84543f4caa941a6e,ITEM_7a4f84543f4caa941a6e,APPROVE_FAMILY,,,MED_SUPPLY,INFUSION_SET,수액세트,INFUSION_SET,수액세트,수액세트,EA,,MFDS_DEVICE_CLASSIFICATION_2026_18,MFDS_DEVICE_CLASSIFICATION_2026_18::INFUSION_SET,https://www.law.go.kr/LSW/admRulLsInfoP.do?admRulSeq=2100000275656,representative_name;item_family_id;item_subtype_id;normalized_specification;unit_code,2026-07-22T12:35:28.630356+00:00,verified_family,approved,codex_external_evidence_pipeline,2026-07-22T12:35:28.630356+00:00,explicit_family_spec_unit_supported_by_official_taxonomy,classification-v1.0
DECISION::classification-v1.0::ITEM_335d13fd5466adef3bb0,ITEM_335d13fd5466adef3bb0,APPROVE_FAMILY,,,MED_SUPPLY,DISPOSABLE_SYRINGE,주사기,SYRINGE_USAGE_BASED,주사기(사용량 기준),3mL,EA,,MFDS_DEVICE_CLASSIFICATION_2026_18,MFDS_DEVICE_CLASSIFICATION_2026_18::DISPOSABLE_SYRINGE,https://www.law.go.kr/LSW/admRulLsInfoP.do?admRulSeq=2100000275656,representative_name;item_family_id;item_subtype_id;normalized_specification;unit_code,2026-07-22T12:35:28.630356+00:00,verified_family,approved,codex_external_evidence_pipeline,2026-07-22T12:35:28.630356+00:00,explicit_family_spec_unit_supported_by_official_taxonomy,classification-v1.0
DECISION::classification-v1.0::ITEM_24444b919d8c0c38b17d,ITEM_24444b919d8c0c38b17d,APPROVE_FAMILY,,,MED_SUPPLY,URINE_BAG,Urine bag,URINE_BAG,Urine bag,2L,EA,,MFDS_DEVICE_CLASSIFICATION_2026_18,MFDS_DEVICE_CLASSIFICATION_2026_18::URINE_BAG,https://www.law.go.kr/LSW/admRulLsInfoP.do?admRulSeq=2100000275656,representative_name;item_family_id;item_subtype_id;normalized_specification;unit_code,2026-07-22T12:35:28.630356+00:00,verified_family,approved,codex_external_evidence_pipeline,2026-07-22T12:35:28.630356+00:00,explicit_family_spec_unit_supported_by_official_taxonomy,classification-v1.0
DECISION::classification-v1.0::ITEM_edf1b82e515a8c6b6f4b,ITEM_edf1b82e515a8c6b6f4b,APPROVE_FAMILY,,,MED_SUPPLY,BLOOD_LANCET,채혈침,BLOOD_LANCET,채혈침,28G,EA,,MFDS_DEVICE_CLASSIFICATION_2026_18,MFDS_DEVICE_CLASSIFICATION_2026_18::BLOOD_LANCET,https://www.law.go.kr/LSW/admRulLsInfoP.do?admRulSeq=2100000275656,representative_name;item_family_id;item_subtype_id;normalized_specification;unit_code,2026-07-22T12:35:28.630356+00:00,verified_family,approved,codex_external_evidence_pipeline,2026-07-22T12:35:28.630356+00:00,explicit_family_spec_unit_supported_by_official_taxonomy,classification-v1.0
DECISION::classification-v1.0::ITEM_196d07ef7821cd17e8dd,ITEM_196d07ef7821cd17e8dd,APPROVE_FAMILY,,,MED_SUPPLY,DISPOSABLE_SYRINGE,주사기,SYRINGE_USAGE_BASED,주사기(사용량 기준),1mL,EA,,MFDS_DEVICE_CLASSIFICATION_2026_18,MFDS_DEVICE_CLASSIFICATION_2026_18::DISPOSABLE_SYRINGE,https://www.law.go.kr/LSW/admRulLsInfoP.do?admRulSeq=2100000275656,representative_name;item_family_id;item_subtype_id;normalized_specification;unit_code,2026-07-22T12:35:28.630356+00:00,verified_family,approved,codex_external_evidence_pipeline,2026-07-22T12:35:28.630356+00:00,explicit_family_spec_unit_supported_by_official_taxonomy,classification-v1.0
DECISION::classification-v1.0::ITEM_ffed150ab075a98e22e6,ITEM_ffed150ab075a98e22e6,APPROVE_FAMILY,,,MED_SUPPLY,DISPOSABLE_SYRINGE,주사기,SYRINGE_USAGE_BASED,주사기(사용량 기준),1mL,EA,,MFDS_DEVICE_CLASSIFICATION_2026_18,MFDS_DEVICE_CLASSIFICATION_2026_18::DISPOSABLE_SYRINGE,https://www.law.go.kr/LSW/admRulLsInfoP.do?admRulSeq=2100000275656,representative_name;item_family_id;item_subtype_id;normalized_specification;unit_code,2026-07-22T12:35:28.630356+00:00,verified_family,approved,codex_external_evidence_pipeline,2026-07-22T12:35:28.630356+00:00,explicit_family_spec_unit_supported_by_official_taxonomy,classification-v1.0
DECISION::classification-v1.0::ITEM_b0073055479a85241f0c,ITEM_b0073055479a85241f0c,APPROVE_FAMILY,,,MED_SUPPLY,INFUSION_SET,수액세트,INFUSION_SET,수액세트,수액세트,EA,,MFDS_DEVICE_CLASSIFICATION_2026_18,MFDS_DEVICE_CLASSIFICATION_2026_18::INFUSION_SET,https://www.law.go.kr/LSW/admRulLsInfoP.do?admRulSeq=2100000275656,representative_name;item_family_id;item_subtype_id;normalized_specification;unit_code,2026-07-22T12:35:28.630356+00:00,verified_family,approved,codex_external_evidence_pipeline,2026-07-22T12:35:28.630356+00:00,explicit_family_spec_unit_supported_by_official_taxonomy,classification-v1.0
DECISION::classification-v1.0::ITEM_bbbeefa61d97a4589202,ITEM_bbbeefa61d97a4589202,APPROVE_FAMILY,,,MED_SUPPLY,BLOOD_LANCET,채혈침,BLOOD_LANCET,채혈침,30G,EA,,MFDS_DEVICE_CLASSIFICATION_2026_18,MFDS_DEVICE_CLASSIFICATION_2026_18::BLOOD_LANCET,https://www.law.go.kr/LSW/admRulLsInfoP.do?admRulSeq=2100000275656,representative_name;item_family_id;item_subtype_id;normalized_specification;unit_code,2026-07-22T12:35:28.630356+00:00,verified_family,approved,codex_external_evidence_pipeline,2026-07-22T12:35:28.630356+00:00,explicit_family_spec_unit_supported_by_official_taxonomy,classification-v1.0
DECISION::classification-v1.0::ITEM_5f36a14e59ac4b4df38a,ITEM_5f36a14e59ac4b4df38a,APPROVE_FAMILY,,,MED_SUPPLY,BLOOD_LANCET,채혈침,BLOOD_LANCET,채혈침,28G,EA,,MFDS_DEVICE_CLASSIFICATION_2026_18,MFDS_DEVICE_CLASSIFICATION_2026_18::BLOOD_LANCET,https://www.law.go.kr/LSW/admRulLsInfoP.do?admRulSeq=2100000275656,representative_name;item_family_id;item_subtype_id;normalized_specification;unit_code,2026-07-22T12:35:28.630356+00:00,verified_family,approved,codex_external_evidence_pipeline,2026-07-22T12:35:28.630356+00:00,explicit_family_spec_unit_supported_by_official_taxonomy,classification-v1.0
DECISION::classification-v1.0::ITEM_2b7f6c3e4fac5ccb6266,ITEM_2b7f6c3e4fac5ccb6266,APPROVE_FAMILY,,,MED_SUPPLY,DISPOSABLE_SYRINGE,주사기,SYRINGE_USAGE_BASED,주사기(사용량 기준),1mL,EA,,MFDS_DEVICE_CLASSIFICATION_2026_18,MFDS_DEVICE_CLASSIFICATION_2026_18::DISPOSABLE_SYRINGE,https://www.law.go.kr/LSW/admRulLsInfoP.do?admRulSeq=2100000275656,representative_name;item_family_id;item_subtype_id;normalized_specification;unit_code,2026-07-22T12:35:28.630356+00:00,verified_family,approved,codex_external_evidence_pipeline,2026-07-22T12:35:28.630356+00:00,explicit_family_spec_unit_supported_by_official_taxonomy,classification-v1.0
DECISION::classification-v1.0::ITEM_6306440f8eb424cec2b5,ITEM_6306440f8eb424cec2b5,APPROVE_FAMILY,,,MED_SUPPLY,BLOOD_LANCET,채혈침,BLOOD_LANCET,채혈침,30G,EA,,MFDS_DEVICE_CLASSIFICATION_2026_18,MFDS_DEVICE_CLASSIFICATION_2026_18::BLOOD_LANCET,https://www.law.go.kr/LSW/admRulLsInfoP.do?admRulSeq=2100000275656,representative_name;item_family_id;item_subtype_id;normalized_specification;unit_code,2026-07-22T12:35:28.630356+00:00,verified_family,approved,codex_external_evidence_pipeline,2026-07-22T12:35:28.630356+00:00,explicit_family_spec_unit_supported_by_official_taxonomy,classification-v1.0
DECISION::classification-v1.0::ITEM_af9735768f5e4415974e,ITEM_af9735768f5e4415974e,APPROVE_FAMILY,,,MED_SUPPLY,DISPOSABLE_SYRINGE,주사기,SYRINGE_USAGE_BASED,주사기(사용량 기준),30mL,EA,,MFDS_DEVICE_CLASSIFICATION_2026_18,MFDS_DEVICE_CLASSIFICATION_2026_18::DISPOSABLE_SYRINGE,https://www.law.go.kr/LSW/admRulLsInfoP.do?admRulSeq=2100000275656,representative_name;item_family_id;item_subtype_id;normalized_specification;unit_code,2026-07-22T12:35:28.630356+00:00,verified_family,approved,codex_external_evidence_pipeline,2026-07-22T12:35:28.630356+00:00,explicit_family_spec_unit_supported_by_official_taxonomy,classification-v1.0
DECISION::classification-v1.0::ITEM_47518bbb238536e33aa3,ITEM_47518bbb238536e33aa3,APPROVE_FAMILY,,,MED_SUPPLY,DISPOSABLE_SYRINGE,주사기,SYRINGE_USAGE_BASED,주사기(사용량 기준),10mL,EA,,MFDS_DEVICE_CLASSIFICATION_2026_18,MFDS_DEVICE_CLASSIFICATION_2026_18::DISPOSABLE_SYRINGE,https://www.law.go.kr/LSW/admRulLsInfoP.do?admRulSeq=2100000275656,representative_name;item_family_id;item_subtype_id;normalized_specification;unit_code,2026-07-22T12:35:28.630356+00:00,verified_family,approved,codex_external_evidence_pipeline,2026-07-22T12:35:28.630356+00:00,explicit_family_spec_unit_supported_by_official_taxonomy,classification-v1.0
DECISION::classification-v1.0::ITEM_dcd1aadf9d6cfa6fec1b,ITEM_dcd1aadf9d6cfa6fec1b,APPROVE_FAMILY,,,MED_SUPPLY,BLOOD_LANCET,채혈침,BLOOD_LANCET,채혈침,28G,EA,,MFDS_DEVICE_CLASSIFICATION_2026_18,MFDS_DEVICE_CLASSIFICATION_2026_18::BLOOD_LANCET,https://www.law.go.kr/LSW/admRulLsInfoP.do?admRulSeq=2100000275656,representative_name;item_family_id;item_subtype_id;normalized_specification;unit_code,2026-07-22T12:35:28.630356+00:00,verified_family,approved,codex_external_evidence_pipeline,2026-07-22T12:35:28.630356+00:00,explicit_family_spec_unit_supported_by_official_taxonomy,classification-v1.0
DECISION::classification-v1.0::ITEM_86c8284187207a10c47e,ITEM_86c8284187207a10c47e,APPROVE_FAMILY,,,MED_SUPPLY,URINE_BAG,Urine bag,URINE_BAG,Urine bag,2000mL,EA,,MFDS_DEVICE_CLASSIFICATION_2026_18,MFDS_DEVICE_CLASSIFICATION_2026_18::URINE_BAG,https://www.law.go.kr/LSW/admRulLsInfoP.do?admRulSeq=2100000275656,representative_name;item_family_id;item_subtype_id;normalized_specification;unit_code,2026-07-22T12:35:28.630356+00:00,verified_family,approved,codex_external_evidence_pipeline,2026-07-22T12:35:28.630356+00:00,explicit_family_spec_unit_supported_by_official_taxonomy,classification-v1.0
DECISION::classification-v1.0::ITEM_8c8e78165c146f3b13ab,ITEM_8c8e78165c146f3b13ab,APPROVE_FAMILY,,,MED_SUPPLY,BLOOD_LANCET,채혈침,BLOOD_LANCET,채혈침,28G,EA,,MFDS_DEVICE_CLASSIFICATION_2026_18,MFDS_DEVICE_CLASSIFICATION_2026_18::BLOOD_LANCET,https://www.law.go.kr/LSW/admRulLsInfoP.do?admRulSeq=2100000275656,representative_name;item_family_id;item_subtype_id;normalized_specification;unit_code,2026-07-22T12:35:28.630356+00:00,verified_family,approved,codex_external_evidence_pipeline,2026-07-22T12:35:28.630356+00:00,explicit_family_spec_unit_supported_by_official_taxonomy,classification-v1.0
DECISION::classification-v1.0::ITEM_907d985df855ce767c6c,ITEM_907d985df855ce767c6c,APPROVE_FAMILY,,,MED_SUPPLY,BLOOD_LANCET,채혈침,BLOOD_LANCET,채혈침,28G,EA,,MFDS_DEVICE_CLASSIFICATION_2026_18,MFDS_DEVICE_CLASSIFICATION_2026_18::BLOOD_LANCET,https://www.law.go.kr/LSW/admRulLsInfoP.do?admRulSeq=2100000275656,representative_name;item_family_id;item_subtype_id;normalized_specification;unit_code,2026-07-22T12:35:28.630356+00:00,verified_family,approved,codex_external_evidence_pipeline,2026-07-22T12:35:28.630356+00:00,explicit_family_spec_unit_supported_by_official_taxonomy,classification-v1.0
DECISION::classification-v1.0::ITEM_187c0d9c30ed10772890,ITEM_187c0d9c30ed10772890,APPROVE_FAMILY,,,MED_SUPPLY,URINE_BAG,Urine bag,URINE_BAG,Urine bag,Urine bag,EA,,MFDS_DEVICE_CLASSIFICATION_2026_18,MFDS_DEVICE_CLASSIFICATION_2026_18::URINE_BAG,https://www.law.go.kr/LSW/admRulLsInfoP.do?admRulSeq=2100000275656,representative_name;item_family_id;item_subtype_id;normalized_specification;unit_code,2026-07-22T12:35:28.630356+00:00,verified_family,approved,codex_external_evidence_pipeline,2026-07-22T12:35:28.630356+00:00,explicit_family_spec_unit_supported_by_official_taxonomy,classification-v1.0
DECISION::classification-v1.0::ITEM_8b719885fb5058c621ac,ITEM_8b719885fb5058c621ac,APPROVE_FAMILY,,,MED_SUPPLY,DISPOSABLE_SYRINGE,주사기,SYRINGE_USAGE_BASED,주사기(사용량 기준),20mL,EA,,MFDS_DEVICE_CLASSIFICATION_2026_18,MFDS_DEVICE_CLASSIFICATION_2026_18::DISPOSABLE_SYRINGE,https://www.law.go.kr/LSW/admRulLsInfoP.do?admRulSeq=2100000275656,representative_name;item_family_id;item_subtype_id;normalized_specification;unit_code,2026-07-22T12:35:28.630356+00:00,verified_family,approved,codex_external_evidence_pipeline,2026-07-22T12:35:28.630356+00:00,explicit_family_spec_unit_supported_by_official_taxonomy,classification-v1.0
DECISION::classification-v1.0::ITEM_3262c1a64cc2d503f635,ITEM_3262c1a64cc2d503f635,APPROVE_FAMILY,,,MED_SUPPLY,BLOOD_LANCET,채혈침,BLOOD_LANCET,채혈침,28G,EA,,MFDS_DEVICE_CLASSIFICATION_2026_18,MFDS_DEVICE_CLASSIFICATION_2026_18::BLOOD_LANCET,https://www.law.go.kr/LSW/admRulLsInfoP.do?admRulSeq=2100000275656,representative_name;item_family_id;item_subtype_id;normalized_specification;unit_code,2026-07-22T12:35:28.630356+00:00,verified_family,approved,codex_external_evidence_pipeline,2026-07-22T12:35:28.630356+00:00,explicit_family_spec_unit_supported_by_official_taxonomy,classification-v1.0
DECISION::classification-v1.0::ITEM_04311bf992c728e69ecd,ITEM_04311bf992c728e69ecd,APPROVE_FAMILY,,,MED_SUPPLY,BLOOD_LANCET,채혈침,BLOOD_LANCET,채혈침,28G,EA,,MFDS_DEVICE_CLASSIFICATION_2026_18,MFDS_DEVICE_CLASSIFICATION_2026_18::BLOOD_LANCET,https://www.law.go.kr/LSW/admRulLsInfoP.do?admRulSeq=2100000275656,representative_name;item_family_id;item_subtype_id;normalized_specification;unit_code,2026-07-22T12:35:28.630356+00:00,verified_family,approved,codex_external_evidence_pipeline,2026-07-22T12:35:28.630356+00:00,explicit_family_spec_unit_supported_by_official_taxonomy,classification-v1.0
DECISION::classification-v1.0::ITEM_089ae70213684919dc63,ITEM_089ae70213684919dc63,APPROVE_FAMILY,,,MED_SUPPLY,BLOOD_LANCET,채혈침,BLOOD_LANCET,채혈침,30G,EA,,MFDS_DEVICE_CLASSIFICATION_2026_18,MFDS_DEVICE_CLASSIFICATION_2026_18::BLOOD_LANCET,https://www.law.go.kr/LSW/admRulLsInfoP.do?admRulSeq=2100000275656,representative_name;item_family_id;item_subtype_id;normalized_specification;unit_code,2026-07-22T12:35:28.630356+00:00,verified_family,approved,codex_external_evidence_pipeline,2026-07-22T12:35:28.630356+00:00,explicit_family_spec_unit_supported_by_official_taxonomy,classification-v1.0
DECISION::classification-v1.0::ITEM_f2162a407240b1494943,ITEM_f2162a407240b1494943,APPROVE_FAMILY,,,MED_SUPPLY,ANGIO_CATHETER,카테터,ANGIO_NEEDLE,카테터(angio needle),22G,EA,,MFDS_DEVICE_CLASSIFICATION_2026_18,MFDS_DEVICE_CLASSIFICATION_2026_18::ANGIO_CATHETER,https://www.law.go.kr/LSW/admRulLsInfoP.do?admRulSeq=2100000275656,representative_name;item_family_id;item_subtype_id;normalized_specification;unit_code,2026-07-22T12:35:28.630356+00:00,verified_family,approved,codex_external_evidence_pipeline,2026-07-22T12:35:28.630356+00:00,explicit_family_spec_unit_supported_by_official_taxonomy,classification-v1.0
DECISION::classification-v1.0::ITEM_2ec68a5a21dd827e8c92,ITEM_2ec68a5a21dd827e8c92,APPROVE_FAMILY,,,MED_SUPPLY,DISPOSABLE_SYRINGE,주사기,SYRINGE_USAGE_BASED,주사기(사용량 기준),3mL,EA,,MFDS_DEVICE_CLASSIFICATION_2026_18,MFDS_DEVICE_CLASSIFICATION_2026_18::DISPOSABLE_SYRINGE,https://www.law.go.kr/LSW/admRulLsInfoP.do?admRulSeq=2100000275656,representative_name;item_family_id;item_subtype_id;normalized_specification;unit_code,2026-07-22T12:35:28.630356+00:00,verified_family,approved,codex_external_evidence_pipeline,2026-07-22T12:35:28.630356+00:00,explicit_family_spec_unit_supported_by_official_taxonomy,classification-v1.0
DECISION::classification-v1.0::ITEM_673a8107ad04a1b9c955,ITEM_673a8107ad04a1b9c955,APPROVE_FAMILY,,,MED_SUPPLY,INJECTION_NEEDLE,주사침,INJECTION_NEEDLE,주사침,25G,EA,,MFDS_DEVICE_CLASSIFICATION_2026_18,MFDS_DEVICE_CLASSIFICATION_2026_18::INJECTION_NEEDLE,https://www.law.go.kr/LSW/admRulLsInfoP.do?admRulSeq=2100000275656,representative_name;item_family_id;item_subtype_id;normalized_specification;unit_code,2026-07-22T12:35:28.630356+00:00,verified_family,approved,codex_external_evidence_pipeline,2026-07-22T12:35:28.630356+00:00,explicit_family_spec_unit_supported_by_official_taxonomy,classification-v1.0
DECISION::classification-v1.0::ITEM_8ca16ee3cdd2f008dff9,ITEM_8ca16ee3cdd2f008dff9,APPROVE_FAMILY,,,MED_SUPPLY,DISPOSABLE_SYRINGE,주사기,SYRINGE_USAGE_BASED,주사기(사용량 기준),3mL,EA,,MFDS_DEVICE_CLASSIFICATION_2026_18,MFDS_DEVICE_CLASSIFICATION_2026_18::DISPOSABLE_SYRINGE,https://www.law.go.kr/LSW/admRulLsInfoP.do?admRulSeq=2100000275656,representative_name;item_family_id;item_subtype_id;normalized_specification;unit_code,2026-07-22T12:35:28.630356+00:00,verified_family,approved,codex_external_evidence_pipeline,2026-07-22T12:35:28.630356+00:00,explicit_family_spec_unit_supported_by_official_taxonomy,classification-v1.0
DECISION::classification-v1.0::ITEM_b01815ab10998cfce59b,ITEM_b01815ab10998cfce59b,APPROVE_FAMILY,,,MED_SUPPLY,DISPOSABLE_SYRINGE,주사기,SYRINGE_USAGE_BASED,주사기(사용량 기준),3mL,EA,,MFDS_DEVICE_CLASSIFICATION_2026_18,MFDS_DEVICE_CLASSIFICATION_2026_18::DISPOSABLE_SYRINGE,https://www.law.go.kr/LSW/admRulLsInfoP.do?admRulSeq=2100000275656,representative_name;item_family_id;item_subtype_id;normalized_specification;unit_code,2026-07-22T12:35:28.630356+00:00,verified_family,approved,codex_external_evidence_pipeline,2026-07-22T12:35:28.630356+00:00,explicit_family_spec_unit_supported_by_official_taxonomy,classification-v1.0
DECISION::classification-v1.0::ITEM_6c05690124c2ef7e450d,ITEM_6c05690124c2ef7e450d,APPROVE_FAMILY,,,MED_SUPPLY,BLOOD_LANCET,채혈침,BLOOD_LANCET,채혈침,23G,EA,,MFDS_DEVICE_CLASSIFICATION_2026_18,MFDS_DEVICE_CLASSIFICATION_2026_18::BLOOD_LANCET,https://www.law.go.kr/LSW/admRulLsInfoP.do?admRulSeq=2100000275656,representative_name;item_family_id;item_subtype_id;normalized_specification;unit_code,2026-07-22T12:35:28.630356+00:00,verified_family,approved,codex_external_evidence_pipeline,2026-07-22T12:35:28.630356+00:00,explicit_family_spec_unit_supported_by_official_taxonomy,classification-v1.0
DECISION::classification-v1.0::ITEM_b9f128c0df3fde9b1b98,ITEM_b9f128c0df3fde9b1b98,APPROVE_FAMILY,,,MED_SUPPLY,URINE_BAG,Urine bag,URINE_BAG,Urine bag,Urine bag,EA,,MFDS_DEVICE_CLASSIFICATION_2026_18,MFDS_DEVICE_CLASSIFICATION_2026_18::URINE_BAG,https://www.law.go.kr/LSW/admRulLsInfoP.do?admRulSeq=2100000275656,representative_name;item_family_id;item_subtype_id;normalized_specification;unit_code,2026-07-22T12:35:28.630356+00:00,verified_family,approved,codex_external_evidence_pipeline,2026-07-22T12:35:28.630356+00:00,explicit_family_spec_unit_supported_by_official_taxonomy,classification-v1.0
DECISION::classification-v1.0::ITEM_89be40c30d80155f39f0,ITEM_89be40c30d80155f39f0,APPROVE_FAMILY,,,MED_SUPPLY,BLOOD_LANCET,채혈침,BLOOD_LANCET,채혈침,28G,EA,,MFDS_DEVICE_CLASSIFICATION_2026_18,MFDS_DEVICE_CLASSIFICATION_2026_18::BLOOD_LANCET,https://www.law.go.kr/LSW/admRulLsInfoP.do?admRulSeq=2100000275656,representative_name;item_family_id;item_subtype_id;normalized_specification;unit_code,2026-07-22T12:35:28.630356+00:00,verified_family,approved,codex_external_evidence_pipeline,2026-07-22T12:35:28.630356+00:00,explicit_family_spec_unit_supported_by_official_taxonomy,classification-v1.0
DECISION::classification-v1.0::ITEM_75095807db98c3883eaf,ITEM_75095807db98c3883eaf,APPROVE_FAMILY,,,MED_SUPPLY,DISPOSABLE_SYRINGE,주사기,SYRINGE_USAGE_BASED,주사기(사용량 기준),2mL,EA,,MFDS_DEVICE_CLASSIFICATION_2026_18,MFDS_DEVICE_CLASSIFICATION_2026_18::DISPOSABLE_SYRINGE,https://www.law.go.kr/LSW/admRulLsInfoP.do?admRulSeq=2100000275656,representative_name;item_family_id;item_subtype_id;normalized_specification;unit_code,2026-07-22T12:35:28.630356+00:00,verified_family,approved,codex_external_evidence_pipeline,2026-07-22T12:35:28.630356+00:00,explicit_family_spec_unit_supported_by_official_taxonomy,classification-v1.0
DECISION::classification-v1.0::ITEM_9a8c4858edb9dbf6075d,ITEM_9a8c4858edb9dbf6075d,APPROVE_FAMILY,,,MED_SUPPLY,BLOOD_LANCET,채혈침,BLOOD_LANCET,채혈침,30G,EA,,MFDS_DEVICE_CLASSIFICATION_2026_18,MFDS_DEVICE_CLASSIFICATION_2026_18::BLOOD_LANCET,https://www.law.go.kr/LSW/admRulLsInfoP.do?admRulSeq=2100000275656,representative_name;item_family_id;item_subtype_id;normalized_specification;unit_code,2026-07-22T12:35:28.630356+00:00,verified_family,approved,codex_external_evidence_pipeline,2026-07-22T12:35:28.630356+00:00,explicit_family_spec_unit_supported_by_official_taxonomy,classification-v1.0
DECISION::classification-v1.0::ITEM_9bec02b971380a97efbe,ITEM_9bec02b971380a97efbe,APPROVE_FAMILY,,,MED_SUPPLY,DISPOSABLE_SYRINGE,주사기,SYRINGE_USAGE_BASED,주사기(사용량 기준),5mL,EA,,MFDS_DEVICE_CLASSIFICATION_2026_18,MFDS_DEVICE_CLASSIFICATION_2026_18::DISPOSABLE_SYRINGE,https://www.law.go.kr/LSW/admRulLsInfoP.do?admRulSeq=2100000275656,representative_name;item_family_id;item_subtype_id;normalized_specification;unit_code,2026-07-22T12:35:28.630356+00:00,verified_family,approved,codex_external_evidence_pipeline,2026-07-22T12:35:28.630356+00:00,explicit_family_spec_unit_supported_by_official_taxonomy,classification-v1.0
DECISION::classification-v1.0::ITEM_4a9227940999bcaf60f3,ITEM_4a9227940999bcaf60f3,APPROVE_FAMILY,,,MED_SUPPLY,INJECTION_NEEDLE,주사침,INJECTION_NEEDLE,주사침,25G,EA,,MFDS_DEVICE_CLASSIFICATION_2026_18,MFDS_DEVICE_CLASSIFICATION_2026_18::INJECTION_NEEDLE,https://www.law.go.kr/LSW/admRulLsInfoP.do?admRulSeq=2100000275656,representative_name;item_family_id;item_subtype_id;normalized_specification;unit_code,2026-07-22T12:35:28.630356+00:00,verified_family,approved,codex_external_evidence_pipeline,2026-07-22T12:35:28.630356+00:00,explicit_family_spec_unit_supported_by_official_taxonomy,classification-v1.0
DECISION::classification-v1.0::ITEM_7bd032bc3a97d3da4d28,ITEM_7bd032bc3a97d3da4d28,APPROVE_FAMILY,,,MED_SUPPLY,DISPOSABLE_SYRINGE,주사기,SYRINGE_USAGE_BASED,주사기(사용량 기준),3mL,EA,,MFDS_DEVICE_CLASSIFICATION_2026_18,MFDS_DEVICE_CLASSIFICATION_2026_18::DISPOSABLE_SYRINGE,https://www.law.go.kr/LSW/admRulLsInfoP.do?admRulSeq=2100000275656,representative_name;item_family_id;item_subtype_id;normalized_specification;unit_code,2026-07-22T12:35:28.630356+00:00,verified_family,approved,codex_external_evidence_pipeline,2026-07-22T12:35:28.630356+00:00,explicit_family_spec_unit_supported_by_official_taxonomy,classification-v1.0
DECISION::classification-v1.0::ITEM_8a13d6fdd71d37f42d52,ITEM_8a13d6fdd71d37f42d52,APPROVE_FAMILY,,,MED_SUPPLY,URINE_BAG,Urine bag,URINE_BAG,Urine bag,Urine bag,EA,,MFDS_DEVICE_CLASSIFICATION_2026_18,MFDS_DEVICE_CLASSIFICATION_2026_18::URINE_BAG,https://www.law.go.kr/LSW/admRulLsInfoP.do?admRulSeq=2100000275656,representative_name;item_family_id;item_subtype_id;normalized_specification;unit_code,2026-07-22T12:35:28.630356+00:00,verified_family,approved,codex_external_evidence_pipeline,2026-07-22T12:35:28.630356+00:00,explicit_family_spec_unit_supported_by_official_taxonomy,classification-v1.0
DECISION::classification-v1.0::ITEM_31e098d8393ef204a8cc,ITEM_31e098d8393ef204a8cc,APPROVE_FAMILY,,,MED_SUPPLY,DISPOSABLE_SYRINGE,주사기,SYRINGE_USAGE_BASED,주사기(사용량 기준),5mL,EA,,MFDS_DEVICE_CLASSIFICATION_2026_18,MFDS_DEVICE_CLASSIFICATION_2026_18::DISPOSABLE_SYRINGE,https://www.law.go.kr/LSW/admRulLsInfoP.do?admRulSeq=2100000275656,representative_name;item_family_id;item_subtype_id;normalized_specification;unit_code,2026-07-22T12:35:28.630356+00:00,verified_family,approved,codex_external_evidence_pipeline,2026-07-22T12:35:28.630356+00:00,explicit_family_spec_unit_supported_by_official_taxonomy,classification-v1.0
DECISION::classification-v1.0::ITEM_be5315291f05ea908d40,ITEM_be5315291f05ea908d40,APPROVE_FAMILY,,,MED_SUPPLY,BLOOD_LANCET,채혈침,BLOOD_LANCET,채혈침,30G,EA,,MFDS_DEVICE_CLASSIFICATION_2026_18,MFDS_DEVICE_CLASSIFICATION_2026_18::BLOOD_LANCET,https://www.law.go.kr/LSW/admRulLsInfoP.do?admRulSeq=2100000275656,representative_name;item_family_id;item_subtype_id;normalized_specification;unit_code,2026-07-22T12:35:28.630356+00:00,verified_family,approved,codex_external_evidence_pipeline,2026-07-22T12:35:28.630356+00:00,explicit_family_spec_unit_supported_by_official_taxonomy,classification-v1.0
DECISION::classification-v1.0::ITEM_39df8385bd3e7355daea,ITEM_39df8385bd3e7355daea,APPROVE_FAMILY,,,MED_SUPPLY,DISPOSABLE_SYRINGE,주사기,SYRINGE_USAGE_BASED,주사기(사용량 기준),1mL,EA,,MFDS_DEVICE_CLASSIFICATION_2026_18,MFDS_DEVICE_CLASSIFICATION_2026_18::DISPOSABLE_SYRINGE,https://www.law.go.kr/LSW/admRulLsInfoP.do?admRulSeq=2100000275656,representative_name;item_family_id;item_subtype_id;normalized_specification;unit_code,2026-07-22T12:35:28.630356+00:00,verified_family,approved,codex_external_evidence_pipeline,2026-07-22T12:35:28.630356+00:00,explicit_family_spec_unit_supported_by_official_taxonomy,classification-v1.0
DECISION::classification-v1.0::ITEM_9940629b5c8a718a62af,ITEM_9940629b5c8a718a62af,APPROVE_FAMILY,,,MED_SUPPLY,DISPOSABLE_SYRINGE,주사기,SYRINGE_USAGE_BASED,주사기(사용량 기준),5mL,EA,,MFDS_DEVICE_CLASSIFICATION_2026_18,MFDS_DEVICE_CLASSIFICATION_2026_18::DISPOSABLE_SYRINGE,https://www.law.go.kr/LSW/admRulLsInfoP.do?admRulSeq=2100000275656,representative_name;item_family_id;item_subtype_id;normalized_specification;unit_code,2026-07-22T12:35:28.630356+00:00,verified_family,approved,codex_external_evidence_pipeline,2026-07-22T12:35:28.630356+00:00,explicit_family_spec_unit_supported_by_official_taxonomy,classification-v1.0
DECISION::classification-v1.0::ITEM_57b6ebed04f6c601467a,ITEM_57b6ebed04f6c601467a,APPROVE_FAMILY,,,MED_SUPPLY,BLOOD_LANCET,채혈침,BLOOD_LANCET,채혈침,30G,EA,,MFDS_DEVICE_CLASSIFICATION_2026_18,MFDS_DEVICE_CLASSIFICATION_2026_18::BLOOD_LANCET,https://www.law.go.kr/LSW/admRulLsInfoP.do?admRulSeq=2100000275656,representative_name;item_family_id;item_subtype_id;normalized_specification;unit_code,2026-07-22T12:35:28.630356+00:00,verified_family,approved,codex_external_evidence_pipeline,2026-07-22T12:35:28.630356+00:00,explicit_family_spec_unit_supported_by_official_taxonomy,classification-v1.0
DECISION::classification-v1.0::ITEM_883b5813e46c5dac9adb,ITEM_883b5813e46c5dac9adb,APPROVE_FAMILY,,,MED_SUPPLY,DISPOSABLE_SYRINGE,주사기,SYRINGE_USAGE_BASED,주사기(사용량 기준),3mL,EA,,MFDS_DEVICE_CLASSIFICATION_2026_18,MFDS_DEVICE_CLASSIFICATION_2026_18::DISPOSABLE_SYRINGE,https://www.law.go.kr/LSW/admRulLsInfoP.do?admRulSeq=2100000275656,representative_name;item_family_id;item_subtype_id;normalized_specification;unit_code,2026-07-22T12:35:28.630356+00:00,verified_family,approved,codex_external_evidence_pipeline,2026-07-22T12:35:28.630356+00:00,explicit_family_spec_unit_supported_by_official_taxonomy,classification-v1.0
DECISION::classification-v1.0::ITEM_a1ce7efe57f887d51437,ITEM_a1ce7efe57f887d51437,APPROVE_FAMILY,,,MED_SUPPLY,BLOOD_LANCET,채혈침,BLOOD_LANCET,채혈침,28G,EA,,MFDS_DEVICE_CLASSIFICATION_2026_18,MFDS_DEVICE_CLASSIFICATION_2026_18::BLOOD_LANCET,https://www.law.go.kr/LSW/admRulLsInfoP.do?admRulSeq=2100000275656,representative_name;item_family_id;item_subtype_id;normalized_specification;unit_code,2026-07-22T12:35:28.630356+00:00,verified_family,approved,codex_external_evidence_pipeline,2026-07-22T12:35:28.630356+00:00,explicit_family_spec_unit_supported_by_official_taxonomy,classification-v1.0
DECISION::classification-v1.0::ITEM_338989306b26f5dd2110,ITEM_338989306b26f5dd2110,APPROVE_FAMILY,,,MED_SUPPLY,BLOOD_LANCET,채혈침,BLOOD_LANCET,채혈침,28G,EA,,MFDS_DEVICE_CLASSIFICATION_2026_18,MFDS_DEVICE_CLASSIFICATION_2026_18::BLOOD_LANCET,https://www.law.go.kr/LSW/admRulLsInfoP.do?admRulSeq=2100000275656,representative_name;item_family_id;item_subtype_id;normalized_specification;unit_code,2026-07-22T12:35:28.630356+00:00,verified_family,approved,codex_external_evidence_pipeline,2026-07-22T12:35:28.630356+00:00,explicit_family_spec_unit_supported_by_official_taxonomy,classification-v1.0
DECISION::classification-v1.0::ITEM_9936e5f774068da2d350,ITEM_9936e5f774068da2d350,APPROVE_FAMILY,,,MED_SUPPLY,URINE_BAG,Urine bag,URINE_BAG,Urine bag,2000mL,EA,,MFDS_DEVICE_CLASSIFICATION_2026_18,MFDS_DEVICE_CLASSIFICATION_2026_18::URINE_BAG,https://www.law.go.kr/LSW/admRulLsInfoP.do?admRulSeq=2100000275656,representative_name;item_family_id;item_subtype_id;normalized_specification;unit_code,2026-07-22T12:35:28.630356+00:00,verified_family,approved,codex_external_evidence_pipeline,2026-07-22T12:35:28.630356+00:00,explicit_family_spec_unit_supported_by_official_taxonomy,classification-v1.0
DECISION::classification-v1.0::ITEM_96012159fe0a2b5d2bb7,ITEM_96012159fe0a2b5d2bb7,APPROVE_FAMILY,,,MED_SUPPLY,DISPOSABLE_SYRINGE,주사기,SYRINGE_USAGE_BASED,주사기(사용량 기준),1mL,EA,,MFDS_DEVICE_CLASSIFICATION_2026_18,MFDS_DEVICE_CLASSIFICATION_2026_18::DISPOSABLE_SYRINGE,https://www.law.go.kr/LSW/admRulLsInfoP.do?admRulSeq=2100000275656,representative_name;item_family_id;item_subtype_id;normalized_specification;unit_code,2026-07-22T12:35:28.630356+00:00,verified_family,approved,codex_external_evidence_pipeline,2026-07-22T12:35:28.630356+00:00,explicit_family_spec_unit_supported_by_official_taxonomy,classification-v1.0
DECISION::classification-v1.0::ITEM_d2ba135fb46bd347e9b4,ITEM_d2ba135fb46bd347e9b4,APPROVE_FAMILY,,,WASTE,MEDICAL_WASTE_CONTAINER,의료폐기물 전용용기,MEDICAL_WASTE_CARDBOARD_BOX,골판지류 상자형 용기,10L,EA,,WASTE_RULE_APPENDIX_5_2026_03_26,WASTE_RULE_APPENDIX_5_2026_03_26::MEDICAL_WASTE_CONTAINER,https://www.law.go.kr/flDownload.do?bylClsCd=110201&flSeq=162812925&gubun=,representative_name;item_family_id;item_subtype_id;normalized_specification;unit_code,2026-07-22T12:35:28.630356+00:00,verified_family,approved,codex_external_evidence_pipeline,2026-07-22T12:35:28.630356+00:00,explicit_family_spec_unit_supported_by_official_taxonomy,classification-v1.0
DECISION::classification-v1.0::ITEM_50d9159484abc95d2cad,ITEM_50d9159484abc95d2cad,APPROVE_FAMILY,,,MED_SUPPLY,INFUSION_SET,수액세트,INFUSION_SET,수액세트,수액세트,EA,,MFDS_DEVICE_CLASSIFICATION_2026_18,MFDS_DEVICE_CLASSIFICATION_2026_18::INFUSION_SET,https://www.law.go.kr/LSW/admRulLsInfoP.do?admRulSeq=2100000275656,representative_name;item_family_id;item_subtype_id;normalized_specification;unit_code,2026-07-22T12:35:28.630356+00:00,verified_family,approved,codex_external_evidence_pipeline,2026-07-22T12:35:28.630356+00:00,explicit_family_spec_unit_supported_by_official_taxonomy,classification-v1.0
DECISION::classification-v1.0::ITEM_9344613aef094c75d725,ITEM_9344613aef094c75d725,APPROVE_FAMILY,,,MED_SUPPLY,INFUSION_SET,수액세트,INFUSION_SET,수액세트,수액세트,EA,,MFDS_DEVICE_CLASSIFICATION_2026_18,MFDS_DEVICE_CLASSIFICATION_2026_18::INFUSION_SET,https://www.law.go.kr/LSW/admRulLsInfoP.do?admRulSeq=2100000275656,representative_name;item_family_id;item_subtype_id;normalized_specification;unit_code,2026-07-22T12:35:28.630356+00:00,verified_family,approved,codex_external_evidence_pipeline,2026-07-22T12:35:28.630356+00:00,explicit_family_spec_unit_supported_by_official_taxonomy,classification-v1.0
DECISION::classification-v1.0::ITEM_8963b3133ec64469862c,ITEM_8963b3133ec64469862c,APPROVE_FAMILY,,,MED_SUPPLY,INJECTION_NEEDLE,주사침,INJECTION_NEEDLE,주사침,25G,EA,,MFDS_DEVICE_CLASSIFICATION_2026_18,MFDS_DEVICE_CLASSIFICATION_2026_18::INJECTION_NEEDLE,https://www.law.go.kr/LSW/admRulLsInfoP.do?admRulSeq=2100000275656,representative_name;item_family_id;item_subtype_id;normalized_specification;unit_code,2026-07-22T12:35:28.630356+00:00,verified_family,approved,codex_external_evidence_pipeline,2026-07-22T12:35:28.630356+00:00,explicit_family_spec_unit_supported_by_official_taxonomy,classification-v1.0
DECISION::classification-v1.0::ITEM_f3e790bf7085cbf79905,ITEM_f3e790bf7085cbf79905,APPROVE_FAMILY,,,MED_SUPPLY,DISPOSABLE_SYRINGE,주사기,SYRINGE_USAGE_BASED,주사기(사용량 기준),3mL,EA,,MFDS_DEVICE_CLASSIFICATION_2026_18,MFDS_DEVICE_CLASSIFICATION_2026_18::DISPOSABLE_SYRINGE,https://www.law.go.kr/LSW/admRulLsInfoP.do?admRulSeq=2100000275656,representative_name;item_family_id;item_subtype_id;normalized_specification;unit_code,2026-07-22T12:35:28.630356+00:00,verified_family,approved,codex_external_evidence_pipeline,2026-07-22T12:35:28.630356+00:00,explicit_family_spec_unit_supported_by_official_taxonomy,classification-v1.0
DECISION::classification-v1.0::ITEM_8e8a47cef8e2dfa3d37c,ITEM_8e8a47cef8e2dfa3d37c,APPROVE_FAMILY,,,MED_SUPPLY,ANGIO_CATHETER,카테터,BUTTERFLY_NEEDLE,나비 바늘,나비 바늘,EA,,MFDS_DEVICE_CLASSIFICATION_2026_18,MFDS_DEVICE_CLASSIFICATION_2026_18::ANGIO_CATHETER,https://www.law.go.kr/LSW/admRulLsInfoP.do?admRulSeq=2100000275656,representative_name;item_family_id;item_subtype_id;normalized_specification;unit_code,2026-07-22T12:35:28.630356+00:00,verified_family,approved,codex_external_evidence_pipeline,2026-07-22T12:35:28.630356+00:00,explicit_family_spec_unit_supported_by_official_taxonomy,classification-v1.0
DECISION::classification-v1.0::ITEM_00e897e3d6b863c528b7,ITEM_00e897e3d6b863c528b7,APPROVE_FAMILY,,,MED_SUPPLY,ANGIO_CATHETER,카테터,BUTTERFLY_NEEDLE,나비 바늘,나비 바늘,EA,,MFDS_DEVICE_CLASSIFICATION_2026_18,MFDS_DEVICE_CLASSIFICATION_2026_18::ANGIO_CATHETER,https://www.law.go.kr/LSW/admRulLsInfoP.do?admRulSeq=2100000275656,representative_name;item_family_id;item_subtype_id;normalized_specification;unit_code,2026-07-22T12:35:28.630356+00:00,verified_family,approved,codex_external_evidence_pipeline,2026-07-22T12:35:28.630356+00:00,explicit_family_spec_unit_supported_by_official_taxonomy,classification-v1.0
DECISION::classification-v1.0::ITEM_8d6a9c400a6d7c2279f1,ITEM_8d6a9c400a6d7c2279f1,APPROVE_FAMILY,,,MED_SUPPLY,BLOOD_LANCET,채혈침,BLOOD_LANCET,채혈침,26G,EA,,MFDS_DEVICE_CLASSIFICATION_2026_18,MFDS_DEVICE_CLASSIFICATION_2026_18::BLOOD_LANCET,https://www.law.go.kr/LSW/admRulLsInfoP.do?admRulSeq=2100000275656,representative_name;item_family_id;item_subtype_id;normalized_specification;unit_code,2026-07-22T12:35:28.630356+00:00,verified_family,approved,codex_external_evidence_pipeline,2026-07-22T12:35:28.630356+00:00,explicit_family_spec_unit_supported_by_official_taxonomy,classification-v1.0
DECISION::classification-v1.0::ITEM_e028640aca8dee3b7403,ITEM_e028640aca8dee3b7403,APPROVE_FAMILY,,,MED_SUPPLY,BLOOD_LANCET,채혈침,BLOOD_LANCET,채혈침,30G,EA,,MFDS_DEVICE_CLASSIFICATION_2026_18,MFDS_DEVICE_CLASSIFICATION_2026_18::BLOOD_LANCET,https://www.law.go.kr/LSW/admRulLsInfoP.do?admRulSeq=2100000275656,representative_name;item_family_id;item_subtype_id;normalized_specification;unit_code,2026-07-22T12:35:28.630356+00:00,verified_family,approved,codex_external_evidence_pipeline,2026-07-22T12:35:28.630356+00:00,explicit_family_spec_unit_supported_by_official_taxonomy,classification-v1.0
DECISION::classification-v1.0::ITEM_336b0e6ffaddcacf69ad,ITEM_336b0e6ffaddcacf69ad,APPROVE_FAMILY,,,MED_SUPPLY,ANGIO_CATHETER,카테터,ANGIO_NEEDLE,카테터(angio needle),24G,EA,,MFDS_DEVICE_CLASSIFICATION_2026_18,MFDS_DEVICE_CLASSIFICATION_2026_18::ANGIO_CATHETER,https://www.law.go.kr/LSW/admRulLsInfoP.do?admRulSeq=2100000275656,representative_name;item_family_id;item_subtype_id;normalized_specification;unit_code,2026-07-22T12:35:28.630356+00:00,verified_family,approved,codex_external_evidence_pipeline,2026-07-22T12:35:28.630356+00:00,explicit_family_spec_unit_supported_by_official_taxonomy,classification-v1.0
DECISION::classification-v1.0::ITEM_5b29c09dcd403aac6a69,ITEM_5b29c09dcd403aac6a69,APPROVE_FAMILY,,,MED_SUPPLY,URINE_BAG,Urine bag,URINE_BAG,Urine bag,600mL,EA,,MFDS_DEVICE_CLASSIFICATION_2026_18,MFDS_DEVICE_CLASSIFICATION_2026_18::URINE_BAG,https://www.law.go.kr/LSW/admRulLsInfoP.do?admRulSeq=2100000275656,representative_name;item_family_id;item_subtype_id;normalized_specification;unit_code,2026-07-22T12:35:28.630356+00:00,verified_family,approved,codex_external_evidence_pipeline,2026-07-22T12:35:28.630356+00:00,explicit_family_spec_unit_supported_by_official_taxonomy,classification-v1.0
DECISION::classification-v1.0::ITEM_9fae7c3c1e2ac2320d0a,ITEM_9fae7c3c1e2ac2320d0a,APPROVE_FAMILY,,,MED_SUPPLY,DISPOSABLE_SYRINGE,주사기,SYRINGE_USAGE_BASED,주사기(사용량 기준),1mL,EA,,MFDS_DEVICE_CLASSIFICATION_2026_18,MFDS_DEVICE_CLASSIFICATION_2026_18::DISPOSABLE_SYRINGE,https://www.law.go.kr/LSW/admRulLsInfoP.do?admRulSeq=2100000275656,representative_name;item_family_id;item_subtype_id;normalized_specification;unit_code,2026-07-22T12:35:28.630356+00:00,verified_family,approved,codex_external_evidence_pipeline,2026-07-22T12:35:28.630356+00:00,explicit_family_spec_unit_supported_by_official_taxonomy,classification-v1.0
DECISION::classification-v1.0::ITEM_06cc0fcebd57240e4a05,ITEM_06cc0fcebd57240e4a05,APPROVE_FAMILY,,,MED_SUPPLY,DISPOSABLE_SYRINGE,주사기,SYRINGE_USAGE_BASED,주사기(사용량 기준),5mL,EA,,MFDS_DEVICE_CLASSIFICATION_2026_18,MFDS_DEVICE_CLASSIFICATION_2026_18::DISPOSABLE_SYRINGE,https://www.law.go.kr/LSW/admRulLsInfoP.do?admRulSeq=2100000275656,representative_name;item_family_id;item_subtype_id;normalized_specification;unit_code,2026-07-22T12:35:28.630356+00:00,verified_family,approved,codex_external_evidence_pipeline,2026-07-22T12:35:28.630356+00:00,explicit_family_spec_unit_supported_by_official_taxonomy,classification-v1.0
DECISION::classification-v1.0::ITEM_f73c54e4caf43ddbfede,ITEM_f73c54e4caf43ddbfede,APPROVE_FAMILY,,,MED_SUPPLY,INFUSION_SET,수액세트,INFUSION_SET,수액세트,수액세트,EA,,MFDS_DEVICE_CLASSIFICATION_2026_18,MFDS_DEVICE_CLASSIFICATION_2026_18::INFUSION_SET,https://www.law.go.kr/LSW/admRulLsInfoP.do?admRulSeq=2100000275656,representative_name;item_family_id;item_subtype_id;normalized_specification;unit_code,2026-07-22T12:35:28.630356+00:00,verified_family,approved,codex_external_evidence_pipeline,2026-07-22T12:35:28.630356+00:00,explicit_family_spec_unit_supported_by_official_taxonomy,classification-v1.0
DECISION::classification-v1.0::ITEM_a3ee5af9be499f7b6b40,ITEM_a3ee5af9be499f7b6b40,APPROVE_FAMILY,,,MED_SUPPLY,DISPOSABLE_SYRINGE,주사기,SYRINGE_USAGE_BASED,주사기(사용량 기준),3mL,EA,,MFDS_DEVICE_CLASSIFICATION_2026_18,MFDS_DEVICE_CLASSIFICATION_2026_18::DISPOSABLE_SYRINGE,https://www.law.go.kr/LSW/admRulLsInfoP.do?admRulSeq=2100000275656,representative_name;item_family_id;item_subtype_id;normalized_specification;unit_code,2026-07-22T12:35:28.630356+00:00,verified_family,approved,codex_external_evidence_pipeline,2026-07-22T12:35:28.630356+00:00,explicit_family_spec_unit_supported_by_official_taxonomy,classification-v1.0
DECISION::classification-v1.0::ITEM_4782628f245d188336f3,ITEM_4782628f245d188336f3,APPROVE_FAMILY,,,MED_SUPPLY,DISPOSABLE_SYRINGE,주사기,SYRINGE_USAGE_BASED,주사기(사용량 기준),1mL,EA,,MFDS_DEVICE_CLASSIFICATION_2026_18,MFDS_DEVICE_CLASSIFICATION_2026_18::DISPOSABLE_SYRINGE,https://www.law.go.kr/LSW/admRulLsInfoP.do?admRulSeq=2100000275656,representative_name;item_family_id;item_subtype_id;normalized_specification;unit_code,2026-07-22T12:35:28.630356+00:00,verified_family,approved,codex_external_evidence_pipeline,2026-07-22T12:35:28.630356+00:00,explicit_family_spec_unit_supported_by_official_taxonomy,classification-v1.0
DECISION::classification-v1.0::ITEM_f16734b2e343b827b7f3,ITEM_f16734b2e343b827b7f3,APPROVE_FAMILY,,,WASTE,MEDICAL_WASTE_CONTAINER,의료폐기물 전용용기,RIGID_NEEDLE_BOX,합성수지형 용기(needle box),5L,EA,,WASTE_RULE_APPENDIX_5_2026_03_26,WASTE_RULE_APPENDIX_5_2026_03_26::MEDICAL_WASTE_CONTAINER,https://www.law.go.kr/flDownload.do?bylClsCd=110201&flSeq=162812925&gubun=,representative_name;item_family_id;item_subtype_id;normalized_specification;unit_code,2026-07-22T12:35:28.630356+00:00,verified_family,approved,codex_external_evidence_pipeline,2026-07-22T12:35:28.630356+00:00,explicit_family_spec_unit_supported_by_official_taxonomy,classification-v1.0
DECISION::classification-v1.0::ITEM_5753a47296cb405775ff,ITEM_5753a47296cb405775ff,APPROVE_FAMILY,,,MED_SUPPLY,BLOOD_LANCET,채혈침,BLOOD_LANCET,채혈침,30G,EA,,MFDS_DEVICE_CLASSIFICATION_2026_18,MFDS_DEVICE_CLASSIFICATION_2026_18::BLOOD_LANCET,https://www.law.go.kr/LSW/admRulLsInfoP.do?admRulSeq=2100000275656,representative_name;item_family_id;item_subtype_id;normalized_specification;unit_code,2026-07-22T12:35:28.630356+00:00,verified_family,approved,codex_external_evidence_pipeline,2026-07-22T12:35:28.630356+00:00,explicit_family_spec_unit_supported_by_official_taxonomy,classification-v1.0
DECISION::classification-v1.0::ITEM_6fd72612db4cae8403fd,ITEM_6fd72612db4cae8403fd,APPROVE_FAMILY,,,MED_SUPPLY,DISPOSABLE_SYRINGE,주사기,SYRINGE_USAGE_BASED,주사기(사용량 기준),5mL,EA,,MFDS_DEVICE_CLASSIFICATION_2026_18,MFDS_DEVICE_CLASSIFICATION_2026_18::DISPOSABLE_SYRINGE,https://www.law.go.kr/LSW/admRulLsInfoP.do?admRulSeq=2100000275656,representative_name;item_family_id;item_subtype_id;normalized_specification;unit_code,2026-07-22T12:35:28.630356+00:00,verified_family,approved,codex_external_evidence_pipeline,2026-07-22T12:35:28.630356+00:00,explicit_family_spec_unit_supported_by_official_taxonomy,classification-v1.0
DECISION::classification-v1.0::ITEM_4ae877346033cf8d5ba0,ITEM_4ae877346033cf8d5ba0,APPROVE_FAMILY,,,MED_SUPPLY,DISPOSABLE_SYRINGE,주사기,SYRINGE_USAGE_BASED,주사기(사용량 기준),3mL,EA,,MFDS_DEVICE_CLASSIFICATION_2026_18,MFDS_DEVICE_CLASSIFICATION_2026_18::DISPOSABLE_SYRINGE,https://www.law.go.kr/LSW/admRulLsInfoP.do?admRulSeq=2100000275656,representative_name;item_family_id;item_subtype_id;normalized_specification;unit_code,2026-07-22T12:35:28.630356+00:00,verified_family,approved,codex_external_evidence_pipeline,2026-07-22T12:35:28.630356+00:00,explicit_family_spec_unit_supported_by_official_taxonomy,classification-v1.0
DECISION::classification-v1.0::ITEM_d4fe163b1e0430ef9ae1,ITEM_d4fe163b1e0430ef9ae1,APPROVE_FAMILY,,,MED_SUPPLY,BLOOD_LANCET,채혈침,BLOOD_LANCET,채혈침,23G,EA,,MFDS_DEVICE_CLASSIFICATION_2026_18,MFDS_DEVICE_CLASSIFICATION_2026_18::BLOOD_LANCET,https://www.law.go.kr/LSW/admRulLsInfoP.do?admRulSeq=2100000275656,representative_name;item_family_id;item_subtype_id;normalized_specification;unit_code,2026-07-22T12:35:28.630356+00:00,verified_family,approved,codex_external_evidence_pipeline,2026-07-22T12:35:28.630356+00:00,explicit_family_spec_unit_supported_by_official_taxonomy,classification-v1.0
DECISION::classification-v1.0::ITEM_a4d47eb6491865ed6512,ITEM_a4d47eb6491865ed6512,APPROVE_FAMILY,,,MED_SUPPLY,BLOOD_LANCET,채혈침,BLOOD_LANCET,채혈침,30G,EA,,MFDS_DEVICE_CLASSIFICATION_2026_18,MFDS_DEVICE_CLASSIFICATION_2026_18::BLOOD_LANCET,https://www.law.go.kr/LSW/admRulLsInfoP.do?admRulSeq=2100000275656,representative_name;item_family_id;item_subtype_id;normalized_specification;unit_code,2026-07-22T12:35:28.630356+00:00,verified_family,approved,codex_external_evidence_pipeline,2026-07-22T12:35:28.630356+00:00,explicit_family_spec_unit_supported_by_official_taxonomy,classification-v1.0
DECISION::classification-v1.0::ITEM_be1ced3e9c77ddd45017,ITEM_be1ced3e9c77ddd45017,APPROVE_FAMILY,,,MED_SUPPLY,INJECTION_NEEDLE,주사침,INJECTION_NEEDLE,주사침,25G,EA,,MFDS_DEVICE_CLASSIFICATION_2026_18,MFDS_DEVICE_CLASSIFICATION_2026_18::INJECTION_NEEDLE,https://www.law.go.kr/LSW/admRulLsInfoP.do?admRulSeq=2100000275656,representative_name;item_family_id;item_subtype_id;normalized_specification;unit_code,2026-07-22T12:35:28.630356+00:00,verified_family,approved,codex_external_evidence_pipeline,2026-07-22T12:35:28.630356+00:00,explicit_family_spec_unit_supported_by_official_taxonomy,classification-v1.0
DECISION::classification-v1.0::ITEM_eac9a358c32c279c13c7,ITEM_eac9a358c32c279c13c7,APPROVE_FAMILY,,,MED_SUPPLY,DISPOSABLE_SYRINGE,주사기,SYRINGE_USAGE_BASED,주사기(사용량 기준),30mL,EA,,MFDS_DEVICE_CLASSIFICATION_2026_18,MFDS_DEVICE_CLASSIFICATION_2026_18::DISPOSABLE_SYRINGE,https://www.law.go.kr/LSW/admRulLsInfoP.do?admRulSeq=2100000275656,representative_name;item_family_id;item_subtype_id;normalized_specification;unit_code,2026-07-22T12:35:28.630356+00:00,verified_family,approved,codex_external_evidence_pipeline,2026-07-22T12:35:28.630356+00:00,explicit_family_spec_unit_supported_by_official_taxonomy,classification-v1.0
DECISION::classification-v1.0::ITEM_cd563c61059efec9458c,ITEM_cd563c61059efec9458c,APPROVE_FAMILY,,,MED_SUPPLY,BLOOD_LANCET,채혈침,BLOOD_LANCET,채혈침,30G,EA,,MFDS_DEVICE_CLASSIFICATION_2026_18,MFDS_DEVICE_CLASSIFICATION_2026_18::BLOOD_LANCET,https://www.law.go.kr/LSW/admRulLsInfoP.do?admRulSeq=2100000275656,representative_name;item_family_id;item_subtype_id;normalized_specification;unit_code,2026-07-22T12:35:28.630356+00:00,verified_family,approved,codex_external_evidence_pipeline,2026-07-22T12:35:28.630356+00:00,explicit_family_spec_unit_supported_by_official_taxonomy,classification-v1.0
DECISION::classification-v1.0::ITEM_28fac00f6a20478f71fc,ITEM_28fac00f6a20478f71fc,APPROVE_FAMILY,,,MED_SUPPLY,INJECTION_NEEDLE,주사침,INJECTION_NEEDLE,주사침,23G,EA,,MFDS_DEVICE_CLASSIFICATION_2026_18,MFDS_DEVICE_CLASSIFICATION_2026_18::INJECTION_NEEDLE,https://www.law.go.kr/LSW/admRulLsInfoP.do?admRulSeq=2100000275656,representative_name;item_family_id;item_subtype_id;normalized_specification;unit_code,2026-07-22T12:35:28.630356+00:00,verified_family,approved,codex_external_evidence_pipeline,2026-07-22T12:35:28.630356+00:00,explicit_family_spec_unit_supported_by_official_taxonomy,classification-v1.0
DECISION::classification-v1.0::ITEM_d10398fbe032ed84d35d,ITEM_d10398fbe032ed84d35d,APPROVE_FAMILY,,,MED_SUPPLY,BLOOD_LANCET,채혈침,BLOOD_LANCET,채혈침,30G,EA,,MFDS_DEVICE_CLASSIFICATION_2026_18,MFDS_DEVICE_CLASSIFICATION_2026_18::BLOOD_LANCET,https://www.law.go.kr/LSW/admRulLsInfoP.do?admRulSeq=2100000275656,representative_name;item_family_id;item_subtype_id;normalized_specification;unit_code,2026-07-22T12:35:28.630356+00:00,verified_family,approved,codex_external_evidence_pipeline,2026-07-22T12:35:28.630356+00:00,explicit_family_spec_unit_supported_by_official_taxonomy,classification-v1.0
DECISION::classification-v1.0::ITEM_690f74a9c701f42ec250,ITEM_690f74a9c701f42ec250,APPROVE_FAMILY,,,MED_SUPPLY,BLOOD_LANCET,채혈침,BLOOD_LANCET,채혈침,30G,EA,,MFDS_DEVICE_CLASSIFICATION_2026_18,MFDS_DEVICE_CLASSIFICATION_2026_18::BLOOD_LANCET,https://www.law.go.kr/LSW/admRulLsInfoP.do?admRulSeq=2100000275656,representative_name;item_family_id;item_subtype_id;normalized_specification;unit_code,2026-07-22T12:35:28.630356+00:00,verified_family,approved,codex_external_evidence_pipeline,2026-07-22T12:35:28.630356+00:00,explicit_family_spec_unit_supported_by_official_taxonomy,classification-v1.0
DECISION::classification-v1.0::ITEM_6c1159b81ead70444198,ITEM_6c1159b81ead70444198,APPROVE_FAMILY,,,MED_SUPPLY,DISPOSABLE_SYRINGE,주사기,SYRINGE_USAGE_BASED,주사기(사용량 기준),3mL,EA,,MFDS_DEVICE_CLASSIFICATION_2026_18,MFDS_DEVICE_CLASSIFICATION_2026_18::DISPOSABLE_SYRINGE,https://www.law.go.kr/LSW/admRulLsInfoP.do?admRulSeq=2100000275656,representative_name;item_family_id;item_subtype_id;normalized_specification;unit_code,2026-07-22T12:35:28.630356+00:00,verified_family,approved,codex_external_evidence_pipeline,2026-07-22T12:35:28.630356+00:00,explicit_family_spec_unit_supported_by_official_taxonomy,classification-v1.0
DECISION::classification-v1.0::ITEM_716df226b8e3565089bf,ITEM_716df226b8e3565089bf,APPROVE_FAMILY,,,MED_SUPPLY,BLOOD_LANCET,채혈침,BLOOD_LANCET,채혈침,30G,EA,,MFDS_DEVICE_CLASSIFICATION_2026_18,MFDS_DEVICE_CLASSIFICATION_2026_18::BLOOD_LANCET,https://www.law.go.kr/LSW/admRulLsInfoP.do?admRulSeq=2100000275656,representative_name;item_family_id;item_subtype_id;normalized_specification;unit_code,2026-07-22T12:35:28.630356+00:00,verified_family,approved,codex_external_evidence_pipeline,2026-07-22T12:35:28.630356+00:00,explicit_family_spec_unit_supported_by_official_taxonomy,classification-v1.0
DECISION::classification-v1.0::ITEM_8211e435154c25a97158,ITEM_8211e435154c25a97158,APPROVE_FAMILY,,,MED_SUPPLY,BLOOD_LANCET,채혈침,BLOOD_LANCET,채혈침,30G,EA,,MFDS_DEVICE_CLASSIFICATION_2026_18,MFDS_DEVICE_CLASSIFICATION_2026_18::BLOOD_LANCET,https://www.law.go.kr/LSW/admRulLsInfoP.do?admRulSeq=2100000275656,representative_name;item_family_id;item_subtype_id;normalized_specification;unit_code,2026-07-22T12:35:28.630356+00:00,verified_family,approved,codex_external_evidence_pipeline,2026-07-22T12:35:28.630356+00:00,explicit_family_spec_unit_supported_by_official_taxonomy,classification-v1.0
DECISION::classification-v1.0::ITEM_e833a5cc9267bfbb1870,ITEM_e833a5cc9267bfbb1870,APPROVE_FAMILY,,,MED_SUPPLY,INJECTION_NEEDLE,주사침,INJECTION_NEEDLE,주사침,24G,EA,,MFDS_DEVICE_CLASSIFICATION_2026_18,MFDS_DEVICE_CLASSIFICATION_2026_18::INJECTION_NEEDLE,https://www.law.go.kr/LSW/admRulLsInfoP.do?admRulSeq=2100000275656,representative_name;item_family_id;item_subtype_id;normalized_specification;unit_code,2026-07-22T12:35:28.630356+00:00,verified_family,approved,codex_external_evidence_pipeline,2026-07-22T12:35:28.630356+00:00,explicit_family_spec_unit_supported_by_official_taxonomy,classification-v1.0
DECISION::classification-v1.0::ITEM_723e02db0e3e8e1c638b,ITEM_723e02db0e3e8e1c638b,APPROVE_FAMILY,,,MED_SUPPLY,DISPOSABLE_SYRINGE,주사기,SYRINGE_USAGE_BASED,주사기(사용량 기준),1mL,EA,,MFDS_DEVICE_CLASSIFICATION_2026_18,MFDS_DEVICE_CLASSIFICATION_2026_18::DISPOSABLE_SYRINGE,https://www.law.go.kr/LSW/admRulLsInfoP.do?admRulSeq=2100000275656,representative_name;item_family_id;item_subtype_id;normalized_specification;unit_code,2026-07-22T12:35:28.630356+00:00,verified_family,approved,codex_external_evidence_pipeline,2026-07-22T12:35:28.630356+00:00,explicit_family_spec_unit_supported_by_official_taxonomy,classification-v1.0
DECISION::classification-v1.0::ITEM_bb58079e14c39fda063d,ITEM_bb58079e14c39fda063d,APPROVE_FAMILY,,,MED_SUPPLY,DISPOSABLE_SYRINGE,주사기,SYRINGE_USAGE_BASED,주사기(사용량 기준),3mL,EA,,MFDS_DEVICE_CLASSIFICATION_2026_18,MFDS_DEVICE_CLASSIFICATION_2026_18::DISPOSABLE_SYRINGE,https://www.law.go.kr/LSW/admRulLsInfoP.do?admRulSeq=2100000275656,representative_name;item_family_id;item_subtype_id;normalized_specification;unit_code,2026-07-22T12:35:28.630356+00:00,verified_family,approved,codex_external_evidence_pipeline,2026-07-22T12:35:28.630356+00:00,explicit_family_spec_unit_supported_by_official_taxonomy,classification-v1.0
DECISION::classification-v1.0::ITEM_73b6178edc18b20d3bcf,ITEM_73b6178edc18b20d3bcf,APPROVE_FAMILY,,,MED_SUPPLY,DISPOSABLE_SYRINGE,주사기,SYRINGE_USAGE_BASED,주사기(사용량 기준),1mL,EA,,MFDS_DEVICE_CLASSIFICATION_2026_18,MFDS_DEVICE_CLASSIFICATION_2026_18::DISPOSABLE_SYRINGE,https://www.law.go.kr/LSW/admRulLsInfoP.do?admRulSeq=2100000275656,representative_name;item_family_id;item_subtype_id;normalized_specification;unit_code,2026-07-22T12:35:28.630356+00:00,verified_family,approved,codex_external_evidence_pipeline,2026-07-22T12:35:28.630356+00:00,explicit_family_spec_unit_supported_by_official_taxonomy,classification-v1.0
DECISION::classification-v1.0::ITEM_d689957cd7a6b3998513,ITEM_d689957cd7a6b3998513,APPROVE_FAMILY,,,MED_SUPPLY,URINE_BAG,Urine bag,URINE_BAG,Urine bag,Urine bag,EA,,MFDS_DEVICE_CLASSIFICATION_2026_18,MFDS_DEVICE_CLASSIFICATION_2026_18::URINE_BAG,https://www.law.go.kr/LSW/admRulLsInfoP.do?admRulSeq=2100000275656,representative_name;item_family_id;item_subtype_id;normalized_specification;unit_code,2026-07-22T12:35:28.630356+00:00,verified_family,approved,codex_external_evidence_pipeline,2026-07-22T12:35:28.630356+00:00,explicit_family_spec_unit_supported_by_official_taxonomy,classification-v1.0
DECISION::classification-v1.0::ITEM_250c8352d5a90bbc4d5f,ITEM_250c8352d5a90bbc4d5f,APPROVE_FAMILY,,,MED_SUPPLY,BLOOD_LANCET,채혈침,BLOOD_LANCET,채혈침,21G,EA,,MFDS_DEVICE_CLASSIFICATION_2026_18,MFDS_DEVICE_CLASSIFICATION_2026_18::BLOOD_LANCET,https://www.law.go.kr/LSW/admRulLsInfoP.do?admRulSeq=2100000275656,representative_name;item_family_id;item_subtype_id;normalized_specification;unit_code,2026-07-22T12:35:28.630356+00:00,verified_family,approved,codex_external_evidence_pipeline,2026-07-22T12:35:28.630356+00:00,explicit_family_spec_unit_supported_by_official_taxonomy,classification-v1.0
DECISION::classification-v1.0::ITEM_c133679baca8da9e96e6,ITEM_c133679baca8da9e96e6,APPROVE_FAMILY,,,MED_SUPPLY,INFUSION_SET,수액세트,INFUSION_SET,수액세트,수액세트,EA,,MFDS_DEVICE_CLASSIFICATION_2026_18,MFDS_DEVICE_CLASSIFICATION_2026_18::INFUSION_SET,https://www.law.go.kr/LSW/admRulLsInfoP.do?admRulSeq=2100000275656,representative_name;item_family_id;item_subtype_id;normalized_specification;unit_code,2026-07-22T12:35:28.630356+00:00,verified_family,approved,codex_external_evidence_pipeline,2026-07-22T12:35:28.630356+00:00,explicit_family_spec_unit_supported_by_official_taxonomy,classification-v1.0
DECISION::classification-v1.0::ITEM_9989539a3afe94ef6099,ITEM_9989539a3afe94ef6099,APPROVE_FAMILY,,,MED_SUPPLY,DISPOSABLE_SYRINGE,주사기,SYRINGE_USAGE_BASED,주사기(사용량 기준),1mL,EA,,MFDS_DEVICE_CLASSIFICATION_2026_18,MFDS_DEVICE_CLASSIFICATION_2026_18::DISPOSABLE_SYRINGE,https://www.law.go.kr/LSW/admRulLsInfoP.do?admRulSeq=2100000275656,representative_name;item_family_id;item_subtype_id;normalized_specification;unit_code,2026-07-22T12:35:28.630356+00:00,verified_family,approved,codex_external_evidence_pipeline,2026-07-22T12:35:28.630356+00:00,explicit_family_spec_unit_supported_by_official_taxonomy,classification-v1.0
DECISION::classification-v1.0::ITEM_8590a86fa1f781ccbe7f,ITEM_8590a86fa1f781ccbe7f,APPROVE_FAMILY,,,MED_SUPPLY,DISPOSABLE_SYRINGE,주사기,SYRINGE_USAGE_BASED,주사기(사용량 기준),5mL,EA,,MFDS_DEVICE_CLASSIFICATION_2026_18,MFDS_DEVICE_CLASSIFICATION_2026_18::DISPOSABLE_SYRINGE,https://www.law.go.kr/LSW/admRulLsInfoP.do?admRulSeq=2100000275656,representative_name;item_family_id;item_subtype_id;normalized_specification;unit_code,2026-07-22T12:35:28.630356+00:00,verified_family,approved,codex_external_evidence_pipeline,2026-07-22T12:35:28.630356+00:00,explicit_family_spec_unit_supported_by_official_taxonomy,classification-v1.0
DECISION::classification-v1.0::ITEM_bd5c1319b3d4e95c36ca,ITEM_bd5c1319b3d4e95c36ca,APPROVE_FAMILY,,,MED_SUPPLY,DISPOSABLE_SYRINGE,주사기,SYRINGE_USAGE_BASED,주사기(사용량 기준),1mL,EA,,MFDS_DEVICE_CLASSIFICATION_2026_18,MFDS_DEVICE_CLASSIFICATION_2026_18::DISPOSABLE_SYRINGE,https://www.law.go.kr/LSW/admRulLsInfoP.do?admRulSeq=2100000275656,representative_name;item_family_id;item_subtype_id;normalized_specification;unit_code,2026-07-22T12:35:28.630356+00:00,verified_family,approved,codex_external_evidence_pipeline,2026-07-22T12:35:28.630356+00:00,explicit_family_spec_unit_supported_by_official_taxonomy,classification-v1.0
DECISION::classification-v1.0::ITEM_3ae1fc33ca50a3fdb180,ITEM_3ae1fc33ca50a3fdb180,APPROVE_FAMILY,,,MED_SUPPLY,BLOOD_LANCET,채혈침,BLOOD_LANCET,채혈침,26G,EA,,MFDS_DEVICE_CLASSIFICATION_2026_18,MFDS_DEVICE_CLASSIFICATION_2026_18::BLOOD_LANCET,https://www.law.go.kr/LSW/admRulLsInfoP.do?admRulSeq=2100000275656,representative_name;item_family_id;item_subtype_id;normalized_specification;unit_code,2026-07-22T12:35:28.630356+00:00,verified_family,approved,codex_external_evidence_pipeline,2026-07-22T12:35:28.630356+00:00,explicit_family_spec_unit_supported_by_official_taxonomy,classification-v1.0
DECISION::classification-v1.0::ITEM_56a709884d1d74b9cdf1,ITEM_56a709884d1d74b9cdf1,APPROVE_FAMILY,,,MED_SUPPLY,DISPOSABLE_SYRINGE,주사기,SYRINGE_USAGE_BASED,주사기(사용량 기준),5mL,EA,,MFDS_DEVICE_CLASSIFICATION_2026_18,MFDS_DEVICE_CLASSIFICATION_2026_18::DISPOSABLE_SYRINGE,https://www.law.go.kr/LSW/admRulLsInfoP.do?admRulSeq=2100000275656,representative_name;item_family_id;item_subtype_id;normalized_specification;unit_code,2026-07-22T12:35:28.630356+00:00,verified_family,approved,codex_external_evidence_pipeline,2026-07-22T12:35:28.630356+00:00,explicit_family_spec_unit_supported_by_official_taxonomy,classification-v1.0
DECISION::classification-v1.0::ITEM_f76f65f0e1071638f969,ITEM_f76f65f0e1071638f969,APPROVE_FAMILY,,,MED_SUPPLY,ANGIO_CATHETER,카테터,ANGIO_NEEDLE,카테터(angio needle),24G,EA,,MFDS_DEVICE_CLASSIFICATION_2026_18,MFDS_DEVICE_CLASSIFICATION_2026_18::ANGIO_CATHETER,https://www.law.go.kr/LSW/admRulLsInfoP.do?admRulSeq=2100000275656,representative_name;item_family_id;item_subtype_id;normalized_specification;unit_code,2026-07-22T12:35:28.630356+00:00,verified_family,approved,codex_external_evidence_pipeline,2026-07-22T12:35:28.630356+00:00,explicit_family_spec_unit_supported_by_official_taxonomy,classification-v1.0
DECISION::classification-v1.0::ITEM_58c0cede0d944a8aa8bb,ITEM_58c0cede0d944a8aa8bb,APPROVE_FAMILY,,,MED_SUPPLY,INFUSION_SET,수액세트,INFUSION_SET,수액세트,수액세트,EA,,MFDS_DEVICE_CLASSIFICATION_2026_18,MFDS_DEVICE_CLASSIFICATION_2026_18::INFUSION_SET,https://www.law.go.kr/LSW/admRulLsInfoP.do?admRulSeq=2100000275656,representative_name;item_family_id;item_subtype_id;normalized_specification;unit_code,2026-07-22T12:35:28.630356+00:00,verified_family,approved,codex_external_evidence_pipeline,2026-07-22T12:35:28.630356+00:00,explicit_family_spec_unit_supported_by_official_taxonomy,classification-v1.0
DECISION::classification-v1.0::ITEM_43759672418bef5f8a65,ITEM_43759672418bef5f8a65,APPROVE_FAMILY,,,WASTE,MEDICAL_WASTE_CONTAINER,의료폐기물 전용용기,RIGID_NEEDLE_BOX,합성수지형 용기(needle box),1L,EA,,WASTE_RULE_APPENDIX_5_2026_03_26,WASTE_RULE_APPENDIX_5_2026_03_26::MEDICAL_WASTE_CONTAINER,https://www.law.go.kr/flDownload.do?bylClsCd=110201&flSeq=162812925&gubun=,representative_name;item_family_id;item_subtype_id;normalized_specification;unit_code,2026-07-22T12:35:28.630356+00:00,verified_family,approved,codex_external_evidence_pipeline,2026-07-22T12:35:28.630356+00:00,explicit_family_spec_unit_supported_by_official_taxonomy,classification-v1.0
DECISION::classification-v1.0::ITEM_81e1741224ec5f1c0a8c,ITEM_81e1741224ec5f1c0a8c,APPROVE_FAMILY,,,MED_SUPPLY,INFUSION_SET,수액세트,INFUSION_SET,수액세트,수액세트,EA,,MFDS_DEVICE_CLASSIFICATION_2026_18,MFDS_DEVICE_CLASSIFICATION_2026_18::INFUSION_SET,https://www.law.go.kr/LSW/admRulLsInfoP.do?admRulSeq=2100000275656,representative_name;item_family_id;item_subtype_id;normalized_specification;unit_code,2026-07-22T12:35:28.630356+00:00,verified_family,approved,codex_external_evidence_pipeline,2026-07-22T12:35:28.630356+00:00,explicit_family_spec_unit_supported_by_official_taxonomy,classification-v1.0
DECISION::classification-v1.0::ITEM_f469c2ab86f9e78fc696,ITEM_f469c2ab86f9e78fc696,APPROVE_FAMILY,,,MED_SUPPLY,BLOOD_LANCET,채혈침,BLOOD_LANCET,채혈침,28G,EA,,MFDS_DEVICE_CLASSIFICATION_2026_18,MFDS_DEVICE_CLASSIFICATION_2026_18::BLOOD_LANCET,https://www.law.go.kr/LSW/admRulLsInfoP.do?admRulSeq=2100000275656,representative_name;item_family_id;item_subtype_id;normalized_specification;unit_code,2026-07-22T12:35:28.630356+00:00,verified_family,approved,codex_external_evidence_pipeline,2026-07-22T12:35:28.630356+00:00,explicit_family_spec_unit_supported_by_official_taxonomy,classification-v1.0
DECISION::classification-v1.0::ITEM_f36f27535eeb63419997,ITEM_f36f27535eeb63419997,APPROVE_FAMILY,,,MED_SUPPLY,URINE_BAG,Urine bag,URINE_BAG,Urine bag,2L,EA,,MFDS_DEVICE_CLASSIFICATION_2026_18,MFDS_DEVICE_CLASSIFICATION_2026_18::URINE_BAG,https://www.law.go.kr/LSW/admRulLsInfoP.do?admRulSeq=2100000275656,representative_name;item_family_id;item_subtype_id;normalized_specification;unit_code,2026-07-22T12:35:28.630356+00:00,verified_family,approved,codex_external_evidence_pipeline,2026-07-22T12:35:28.630356+00:00,explicit_family_spec_unit_supported_by_official_taxonomy,classification-v1.0
DECISION::classification-v1.0::ITEM_98f6cc5bc2402bf561ac,ITEM_98f6cc5bc2402bf561ac,APPROVE_FAMILY,,,MED_SUPPLY,URINE_BAG,Urine bag,URINE_BAG,Urine bag,Urine bag,EA,,MFDS_DEVICE_CLASSIFICATION_2026_18,MFDS_DEVICE_CLASSIFICATION_2026_18::URINE_BAG,https://www.law.go.kr/LSW/admRulLsInfoP.do?admRulSeq=2100000275656,representative_name;item_family_id;item_subtype_id;normalized_specification;unit_code,2026-07-22T12:35:28.630356+00:00,verified_family,approved,codex_external_evidence_pipeline,2026-07-22T12:35:28.630356+00:00,explicit_family_spec_unit_supported_by_official_taxonomy,classification-v1.0
DECISION::classification-v1.0::ITEM_c05d75729e43d9c4a062,ITEM_c05d75729e43d9c4a062,APPROVE_FAMILY,,,MED_SUPPLY,DISPOSABLE_SYRINGE,주사기,SYRINGE_USAGE_BASED,주사기(사용량 기준),2mL,EA,,MFDS_DEVICE_CLASSIFICATION_2026_18,MFDS_DEVICE_CLASSIFICATION_2026_18::DISPOSABLE_SYRINGE,https://www.law.go.kr/LSW/admRulLsInfoP.do?admRulSeq=2100000275656,representative_name;item_family_id;item_subtype_id;normalized_specification;unit_code,2026-07-22T12:35:28.630356+00:00,verified_family,approved,codex_external_evidence_pipeline,2026-07-22T12:35:28.630356+00:00,explicit_family_spec_unit_supported_by_official_taxonomy,classification-v1.0
DECISION::classification-v1.0::ITEM_148b5657ec4ec4386e9e,ITEM_148b5657ec4ec4386e9e,APPROVE_FAMILY,,,MED_SUPPLY,DISPOSABLE_SYRINGE,주사기,SYRINGE_USAGE_BASED,주사기(사용량 기준),5mL,EA,,MFDS_DEVICE_CLASSIFICATION_2026_18,MFDS_DEVICE_CLASSIFICATION_2026_18::DISPOSABLE_SYRINGE,https://www.law.go.kr/LSW/admRulLsInfoP.do?admRulSeq=2100000275656,representative_name;item_family_id;item_subtype_id;normalized_specification;unit_code,2026-07-22T12:35:28.630356+00:00,verified_family,approved,codex_external_evidence_pipeline,2026-07-22T12:35:28.630356+00:00,explicit_family_spec_unit_supported_by_official_taxonomy,classification-v1.0
DECISION::classification-v1.0::ITEM_043b9565ca57abb67474,ITEM_043b9565ca57abb67474,APPROVE_FAMILY,,,MED_SUPPLY,BLOOD_LANCET,채혈침,BLOOD_LANCET,채혈침,28G,EA,,MFDS_DEVICE_CLASSIFICATION_2026_18,MFDS_DEVICE_CLASSIFICATION_2026_18::BLOOD_LANCET,https://www.law.go.kr/LSW/admRulLsInfoP.do?admRulSeq=2100000275656,representative_name;item_family_id;item_subtype_id;normalized_specification;unit_code,2026-07-22T12:35:28.630356+00:00,verified_family,approved,codex_external_evidence_pipeline,2026-07-22T12:35:28.630356+00:00,explicit_family_spec_unit_supported_by_official_taxonomy,classification-v1.0
DECISION::classification-v1.0::ITEM_5ed3707217313b5d1f39,ITEM_5ed3707217313b5d1f39,APPROVE_FAMILY,,,MED_SUPPLY,BLOOD_LANCET,채혈침,BLOOD_LANCET,채혈침,30G,EA,,MFDS_DEVICE_CLASSIFICATION_2026_18,MFDS_DEVICE_CLASSIFICATION_2026_18::BLOOD_LANCET,https://www.law.go.kr/LSW/admRulLsInfoP.do?admRulSeq=2100000275656,representative_name;item_family_id;item_subtype_id;normalized_specification;unit_code,2026-07-22T12:35:28.630356+00:00,verified_family,approved,codex_external_evidence_pipeline,2026-07-22T12:35:28.630356+00:00,explicit_family_spec_unit_supported_by_official_taxonomy,classification-v1.0
DECISION::classification-v1.0::ITEM_3e41615f5d9541866eb7,ITEM_3e41615f5d9541866eb7,APPROVE_FAMILY,,,WASTE,MEDICAL_WASTE_CONTAINER,의료폐기물 전용용기,RIGID_NEEDLE_BOX,합성수지형 용기(needle box),1L,EA,,WASTE_RULE_APPENDIX_5_2026_03_26,WASTE_RULE_APPENDIX_5_2026_03_26::MEDICAL_WASTE_CONTAINER,https://www.law.go.kr/flDownload.do?bylClsCd=110201&flSeq=162812925&gubun=,representative_name;item_family_id;item_subtype_id;normalized_specification;unit_code,2026-07-22T12:35:28.630356+00:00,verified_family,approved,codex_external_evidence_pipeline,2026-07-22T12:35:28.630356+00:00,explicit_family_spec_unit_supported_by_official_taxonomy,classification-v1.0
DECISION::classification-v1.0::ITEM_ca101aff027f66f3a3b2,ITEM_ca101aff027f66f3a3b2,APPROVE_FAMILY,,,MED_SUPPLY,BLOOD_LANCET,채혈침,BLOOD_LANCET,채혈침,28G,EA,,MFDS_DEVICE_CLASSIFICATION_2026_18,MFDS_DEVICE_CLASSIFICATION_2026_18::BLOOD_LANCET,https://www.law.go.kr/LSW/admRulLsInfoP.do?admRulSeq=2100000275656,representative_name;item_family_id;item_subtype_id;normalized_specification;unit_code,2026-07-22T12:35:28.630356+00:00,verified_family,approved,codex_external_evidence_pipeline,2026-07-22T12:35:28.630356+00:00,explicit_family_spec_unit_supported_by_official_taxonomy,classification-v1.0
DECISION::classification-v1.0::ITEM_9988ab0fc60adad388e4,ITEM_9988ab0fc60adad388e4,APPROVE_FAMILY,,,MED_SUPPLY,INJECTION_NEEDLE,주사침,INJECTION_NEEDLE,주사침,26G,EA,,MFDS_DEVICE_CLASSIFICATION_2026_18,MFDS_DEVICE_CLASSIFICATION_2026_18::INJECTION_NEEDLE,https://www.law.go.kr/LSW/admRulLsInfoP.do?admRulSeq=2100000275656,representative_name;item_family_id;item_subtype_id;normalized_specification;unit_code,2026-07-22T12:35:28.630356+00:00,verified_family,approved,codex_external_evidence_pipeline,2026-07-22T12:35:28.630356+00:00,explicit_family_spec_unit_supported_by_official_taxonomy,classification-v1.0
DECISION::classification-v1.0::ITEM_a55cc2375aec15dcb16f,ITEM_a55cc2375aec15dcb16f,APPROVE_FAMILY,,,MED_SUPPLY,DISPOSABLE_SYRINGE,주사기,SYRINGE_USAGE_BASED,주사기(사용량 기준),5mL,EA,,MFDS_DEVICE_CLASSIFICATION_2026_18,MFDS_DEVICE_CLASSIFICATION_2026_18::DISPOSABLE_SYRINGE,https://www.law.go.kr/LSW/admRulLsInfoP.do?admRulSeq=2100000275656,representative_name;item_family_id;item_subtype_id;normalized_specification;unit_code,2026-07-22T12:35:28.630356+00:00,verified_family,approved,codex_external_evidence_pipeline,2026-07-22T12:35:28.630356+00:00,explicit_family_spec_unit_supported_by_official_taxonomy,classification-v1.0
DECISION::classification-v1.0::ITEM_4b39d9ab89b43756e77c,ITEM_4b39d9ab89b43756e77c,APPROVE_FAMILY,,,MED_SUPPLY,DISPOSABLE_SYRINGE,주사기,SYRINGE_USAGE_BASED,주사기(사용량 기준),10mL,EA,,MFDS_DEVICE_CLASSIFICATION_2026_18,MFDS_DEVICE_CLASSIFICATION_2026_18::DISPOSABLE_SYRINGE,https://www.law.go.kr/LSW/admRulLsInfoP.do?admRulSeq=2100000275656,representative_name;item_family_id;item_subtype_id;normalized_specification;unit_code,2026-07-22T12:35:28.630356+00:00,verified_family,approved,codex_external_evidence_pipeline,2026-07-22T12:35:28.630356+00:00,explicit_family_spec_unit_supported_by_official_taxonomy,classification-v1.0
DECISION::classification-v1.0::ITEM_7a1182112e0ca4bcfe18,ITEM_7a1182112e0ca4bcfe18,APPROVE_FAMILY,,,MED_SUPPLY,BLOOD_LANCET,채혈침,BLOOD_LANCET,채혈침,26G,EA,,MFDS_DEVICE_CLASSIFICATION_2026_18,MFDS_DEVICE_CLASSIFICATION_2026_18::BLOOD_LANCET,https://www.law.go.kr/LSW/admRulLsInfoP.do?admRulSeq=2100000275656,representative_name;item_family_id;item_subtype_id;normalized_specification;unit_code,2026-07-22T12:35:28.630356+00:00,verified_family,approved,codex_external_evidence_pipeline,2026-07-22T12:35:28.630356+00:00,explicit_family_spec_unit_supported_by_official_taxonomy,classification-v1.0
DECISION::classification-v1.0::ITEM_2a4a19988ae5dac2f5d6,ITEM_2a4a19988ae5dac2f5d6,APPROVE_FAMILY,,,MED_SUPPLY,BLOOD_LANCET,채혈침,BLOOD_LANCET,채혈침,23G,EA,,MFDS_DEVICE_CLASSIFICATION_2026_18,MFDS_DEVICE_CLASSIFICATION_2026_18::BLOOD_LANCET,https://www.law.go.kr/LSW/admRulLsInfoP.do?admRulSeq=2100000275656,representative_name;item_family_id;item_subtype_id;normalized_specification;unit_code,2026-07-22T12:35:28.630356+00:00,verified_family,approved,codex_external_evidence_pipeline,2026-07-22T12:35:28.630356+00:00,explicit_family_spec_unit_supported_by_official_taxonomy,classification-v1.0
DECISION::classification-v1.0::ITEM_b9abc23d076c99f723e7,ITEM_b9abc23d076c99f723e7,APPROVE_FAMILY,,,MED_SUPPLY,BLOOD_LANCET,채혈침,BLOOD_LANCET,채혈침,30G,EA,,MFDS_DEVICE_CLASSIFICATION_2026_18,MFDS_DEVICE_CLASSIFICATION_2026_18::BLOOD_LANCET,https://www.law.go.kr/LSW/admRulLsInfoP.do?admRulSeq=2100000275656,representative_name;item_family_id;item_subtype_id;normalized_specification;unit_code,2026-07-22T12:35:28.630356+00:00,verified_family,approved,codex_external_evidence_pipeline,2026-07-22T12:35:28.630356+00:00,explicit_family_spec_unit_supported_by_official_taxonomy,classification-v1.0
DECISION::classification-v1.0::ITEM_1a433bae3212a198ab05,ITEM_1a433bae3212a198ab05,APPROVE_FAMILY,,,MED_SUPPLY,DISPOSABLE_SYRINGE,주사기,SYRINGE_USAGE_BASED,주사기(사용량 기준),1mL,EA,,MFDS_DEVICE_CLASSIFICATION_2026_18,MFDS_DEVICE_CLASSIFICATION_2026_18::DISPOSABLE_SYRINGE,https://www.law.go.kr/LSW/admRulLsInfoP.do?admRulSeq=2100000275656,representative_name;item_family_id;item_subtype_id;normalized_specification;unit_code,2026-07-22T12:35:28.630356+00:00,verified_family,approved,codex_external_evidence_pipeline,2026-07-22T12:35:28.630356+00:00,explicit_family_spec_unit_supported_by_official_taxonomy,classification-v1.0
DECISION::classification-v1.0::ITEM_49a5dc5a7698df9e363d,ITEM_49a5dc5a7698df9e363d,APPROVE_FAMILY,,,MED_SUPPLY,DISPOSABLE_SYRINGE,주사기,SYRINGE_USAGE_BASED,주사기(사용량 기준),1mL,EA,,MFDS_DEVICE_CLASSIFICATION_2026_18,MFDS_DEVICE_CLASSIFICATION_2026_18::DISPOSABLE_SYRINGE,https://www.law.go.kr/LSW/admRulLsInfoP.do?admRulSeq=2100000275656,representative_name;item_family_id;item_subtype_id;normalized_specification;unit_code,2026-07-22T12:35:28.630356+00:00,verified_family,approved,codex_external_evidence_pipeline,2026-07-22T12:35:28.630356+00:00,explicit_family_spec_unit_supported_by_official_taxonomy,classification-v1.0
DECISION::classification-v1.0::ITEM_ea67f1e9b3b229c16b51,ITEM_ea67f1e9b3b229c16b51,APPROVE_FAMILY,,,MED_SUPPLY,ANGIO_CATHETER,카테터,ANGIO_NEEDLE,카테터(angio needle),24G,EA,,MFDS_DEVICE_CLASSIFICATION_2026_18,MFDS_DEVICE_CLASSIFICATION_2026_18::ANGIO_CATHETER,https://www.law.go.kr/LSW/admRulLsInfoP.do?admRulSeq=2100000275656,representative_name;item_family_id;item_subtype_id;normalized_specification;unit_code,2026-07-22T12:35:28.630356+00:00,verified_family,approved,codex_external_evidence_pipeline,2026-07-22T12:35:28.630356+00:00,explicit_family_spec_unit_supported_by_official_taxonomy,classification-v1.0
DECISION::classification-v1.0::ITEM_737e109cb191be9693ae,ITEM_737e109cb191be9693ae,APPROVE_FAMILY,,,MED_SUPPLY,DISPOSABLE_SYRINGE,주사기,SYRINGE_USAGE_BASED,주사기(사용량 기준),5mL,EA,,MFDS_DEVICE_CLASSIFICATION_2026_18,MFDS_DEVICE_CLASSIFICATION_2026_18::DISPOSABLE_SYRINGE,https://www.law.go.kr/LSW/admRulLsInfoP.do?admRulSeq=2100000275656,representative_name;item_family_id;item_subtype_id;normalized_specification;unit_code,2026-07-22T12:35:28.630356+00:00,verified_family,approved,codex_external_evidence_pipeline,2026-07-22T12:35:28.630356+00:00,explicit_family_spec_unit_supported_by_official_taxonomy,classification-v1.0
DECISION::classification-v1.0::ITEM_4e783d06988bdae8a34f,ITEM_4e783d06988bdae8a34f,APPROVE_FAMILY,,,MED_SUPPLY,DISPOSABLE_SYRINGE,주사기,SYRINGE_USAGE_BASED,주사기(사용량 기준),5mL,EA,,MFDS_DEVICE_CLASSIFICATION_2026_18,MFDS_DEVICE_CLASSIFICATION_2026_18::DISPOSABLE_SYRINGE,https://www.law.go.kr/LSW/admRulLsInfoP.do?admRulSeq=2100000275656,representative_name;item_family_id;item_subtype_id;normalized_specification;unit_code,2026-07-22T12:35:28.630356+00:00,verified_family,approved,codex_external_evidence_pipeline,2026-07-22T12:35:28.630356+00:00,explicit_family_spec_unit_supported_by_official_taxonomy,classification-v1.0
DECISION::classification-v1.0::ITEM_2bd718ac73136005b623,ITEM_2bd718ac73136005b623,APPROVE_FAMILY,,,MED_SUPPLY,DISPOSABLE_SYRINGE,주사기,SYRINGE_USAGE_BASED,주사기(사용량 기준),5mL,EA,,MFDS_DEVICE_CLASSIFICATION_2026_18,MFDS_DEVICE_CLASSIFICATION_2026_18::DISPOSABLE_SYRINGE,https://www.law.go.kr/LSW/admRulLsInfoP.do?admRulSeq=2100000275656,representative_name;item_family_id;item_subtype_id;normalized_specification;unit_code,2026-07-22T12:35:28.630356+00:00,verified_family,approved,codex_external_evidence_pipeline,2026-07-22T12:35:28.630356+00:00,explicit_family_spec_unit_supported_by_official_taxonomy,classification-v1.0
DECISION::classification-v1.0::ITEM_7e42210c7720487f4ca6,ITEM_7e42210c7720487f4ca6,APPROVE_FAMILY,,,MED_SUPPLY,BLOOD_LANCET,채혈침,BLOOD_LANCET,채혈침,26G,EA,,MFDS_DEVICE_CLASSIFICATION_2026_18,MFDS_DEVICE_CLASSIFICATION_2026_18::BLOOD_LANCET,https://www.law.go.kr/LSW/admRulLsInfoP.do?admRulSeq=2100000275656,representative_name;item_family_id;item_subtype_id;normalized_specification;unit_code,2026-07-22T12:35:28.630356+00:00,verified_family,approved,codex_external_evidence_pipeline,2026-07-22T12:35:28.630356+00:00,explicit_family_spec_unit_supported_by_official_taxonomy,classification-v1.0
DECISION::classification-v1.0::ITEM_3119b87b0cee802f35ee,ITEM_3119b87b0cee802f35ee,APPROVE_FAMILY,,,MED_SUPPLY,BLOOD_LANCET,채혈침,BLOOD_LANCET,채혈침,28G,EA,,MFDS_DEVICE_CLASSIFICATION_2026_18,MFDS_DEVICE_CLASSIFICATION_2026_18::BLOOD_LANCET,https://www.law.go.kr/LSW/admRulLsInfoP.do?admRulSeq=2100000275656,representative_name;item_family_id;item_subtype_id;normalized_specification;unit_code,2026-07-22T12:35:28.630356+00:00,verified_family,approved,codex_external_evidence_pipeline,2026-07-22T12:35:28.630356+00:00,explicit_family_spec_unit_supported_by_official_taxonomy,classification-v1.0
DECISION::classification-v1.0::ITEM_e302228574526c6630b4,ITEM_e302228574526c6630b4,APPROVE_FAMILY,,,MED_SUPPLY,DISPOSABLE_SYRINGE,주사기,SYRINGE_USAGE_BASED,주사기(사용량 기준),50mL,EA,,MFDS_DEVICE_CLASSIFICATION_2026_18,MFDS_DEVICE_CLASSIFICATION_2026_18::DISPOSABLE_SYRINGE,https://www.law.go.kr/LSW/admRulLsInfoP.do?admRulSeq=2100000275656,representative_name;item_family_id;item_subtype_id;normalized_specification;unit_code,2026-07-22T12:35:28.630356+00:00,verified_family,approved,codex_external_evidence_pipeline,2026-07-22T12:35:28.630356+00:00,explicit_family_spec_unit_supported_by_official_taxonomy,classification-v1.0
DECISION::classification-v1.0::ITEM_d5f3fe4172339b9a981e,ITEM_d5f3fe4172339b9a981e,APPROVE_FAMILY,,,MED_SUPPLY,BLOOD_LANCET,채혈침,BLOOD_LANCET,채혈침,30G,EA,,MFDS_DEVICE_CLASSIFICATION_2026_18,MFDS_DEVICE_CLASSIFICATION_2026_18::BLOOD_LANCET,https://www.law.go.kr/LSW/admRulLsInfoP.do?admRulSeq=2100000275656,representative_name;item_family_id;item_subtype_id;normalized_specification;unit_code,2026-07-22T12:35:28.630356+00:00,verified_family,approved,codex_external_evidence_pipeline,2026-07-22T12:35:28.630356+00:00,explicit_family_spec_unit_supported_by_official_taxonomy,classification-v1.0
DECISION::classification-v1.0::ITEM_bc0ff7161623c4854b8b,ITEM_bc0ff7161623c4854b8b,APPROVE_FAMILY,,,MED_SUPPLY,DISPOSABLE_SYRINGE,주사기,SYRINGE_USAGE_BASED,주사기(사용량 기준),3mL,EA,,MFDS_DEVICE_CLASSIFICATION_2026_18,MFDS_DEVICE_CLASSIFICATION_2026_18::DISPOSABLE_SYRINGE,https://www.law.go.kr/LSW/admRulLsInfoP.do?admRulSeq=2100000275656,representative_name;item_family_id;item_subtype_id;normalized_specification;unit_code,2026-07-22T12:35:28.630356+00:00,verified_family,approved,codex_external_evidence_pipeline,2026-07-22T12:35:28.630356+00:00,explicit_family_spec_unit_supported_by_official_taxonomy,classification-v1.0
DECISION::classification-v1.0::ITEM_597f1e72b9d55fd5087d,ITEM_597f1e72b9d55fd5087d,APPROVE_FAMILY,,,MED_SUPPLY,DISPOSABLE_SYRINGE,주사기,SYRINGE_USAGE_BASED,주사기(사용량 기준),5mL,EA,,MFDS_DEVICE_CLASSIFICATION_2026_18,MFDS_DEVICE_CLASSIFICATION_2026_18::DISPOSABLE_SYRINGE,https://www.law.go.kr/LSW/admRulLsInfoP.do?admRulSeq=2100000275656,representative_name;item_family_id;item_subtype_id;normalized_specification;unit_code,2026-07-22T12:35:28.630356+00:00,verified_family,approved,codex_external_evidence_pipeline,2026-07-22T12:35:28.630356+00:00,explicit_family_spec_unit_supported_by_official_taxonomy,classification-v1.0
DECISION::classification-v1.0::ITEM_9a85fbf7ce34d902699d,ITEM_9a85fbf7ce34d902699d,APPROVE_FAMILY,,,MED_SUPPLY,INJECTION_NEEDLE,주사침,INJECTION_NEEDLE,주사침,21G,EA,,MFDS_DEVICE_CLASSIFICATION_2026_18,MFDS_DEVICE_CLASSIFICATION_2026_18::INJECTION_NEEDLE,https://www.law.go.kr/LSW/admRulLsInfoP.do?admRulSeq=2100000275656,representative_name;item_family_id;item_subtype_id;normalized_specification;unit_code,2026-07-22T12:35:28.630356+00:00,verified_family,approved,codex_external_evidence_pipeline,2026-07-22T12:35:28.630356+00:00,explicit_family_spec_unit_supported_by_official_taxonomy,classification-v1.0
DECISION::classification-v1.0::ITEM_748fcc30541b06fd424a,ITEM_748fcc30541b06fd424a,APPROVE_FAMILY,,,MED_SUPPLY,ANGIO_CATHETER,카테터,ANGIO_NEEDLE,카테터(angio needle),18G,EA,,MFDS_DEVICE_CLASSIFICATION_2026_18,MFDS_DEVICE_CLASSIFICATION_2026_18::ANGIO_CATHETER,https://www.law.go.kr/LSW/admRulLsInfoP.do?admRulSeq=2100000275656,representative_name;item_family_id;item_subtype_id;normalized_specification;unit_code,2026-07-22T12:35:28.630356+00:00,verified_family,approved,codex_external_evidence_pipeline,2026-07-22T12:35:28.630356+00:00,explicit_family_spec_unit_supported_by_official_taxonomy,classification-v1.0
DECISION::classification-v1.0::ITEM_7b0673ef27f2561c498d,ITEM_7b0673ef27f2561c498d,APPROVE_FAMILY,,,MED_SUPPLY,DISPOSABLE_SYRINGE,주사기,SYRINGE_USAGE_BASED,주사기(사용량 기준),1mL,EA,,MFDS_DEVICE_CLASSIFICATION_2026_18,MFDS_DEVICE_CLASSIFICATION_2026_18::DISPOSABLE_SYRINGE,https://www.law.go.kr/LSW/admRulLsInfoP.do?admRulSeq=2100000275656,representative_name;item_family_id;item_subtype_id;normalized_specification;unit_code,2026-07-22T12:35:28.630356+00:00,verified_family,approved,codex_external_evidence_pipeline,2026-07-22T12:35:28.630356+00:00,explicit_family_spec_unit_supported_by_official_taxonomy,classification-v1.0
DECISION::classification-v1.0::ITEM_b9aac41268bbb2e87771,ITEM_b9aac41268bbb2e87771,APPROVE_FAMILY,,,MED_SUPPLY,INJECTION_NEEDLE,주사침,INJECTION_NEEDLE,주사침,18G,EA,,MFDS_DEVICE_CLASSIFICATION_2026_18,MFDS_DEVICE_CLASSIFICATION_2026_18::INJECTION_NEEDLE,https://www.law.go.kr/LSW/admRulLsInfoP.do?admRulSeq=2100000275656,representative_name;item_family_id;item_subtype_id;normalized_specification;unit_code,2026-07-22T12:35:28.630356+00:00,verified_family,approved,codex_external_evidence_pipeline,2026-07-22T12:35:28.630356+00:00,explicit_family_spec_unit_supported_by_official_taxonomy,classification-v1.0
DECISION::classification-v1.0::ITEM_daec488090f23adcd85c,ITEM_daec488090f23adcd85c,APPROVE_FAMILY,,,MED_SUPPLY,DISPOSABLE_SYRINGE,주사기,SYRINGE_USAGE_BASED,주사기(사용량 기준),5mL,EA,,MFDS_DEVICE_CLASSIFICATION_2026_18,MFDS_DEVICE_CLASSIFICATION_2026_18::DISPOSABLE_SYRINGE,https://www.law.go.kr/LSW/admRulLsInfoP.do?admRulSeq=2100000275656,representative_name;item_family_id;item_subtype_id;normalized_specification;unit_code,2026-07-22T12:35:28.630356+00:00,verified_family,approved,codex_external_evidence_pipeline,2026-07-22T12:35:28.630356+00:00,explicit_family_spec_unit_supported_by_official_taxonomy,classification-v1.0
DECISION::classification-v1.0::ITEM_451fedd0dc90f7bf67ec,ITEM_451fedd0dc90f7bf67ec,APPROVE_FAMILY,,,MED_SUPPLY,INJECTION_NEEDLE,주사침,INJECTION_NEEDLE,주사침,25G,EA,,MFDS_DEVICE_CLASSIFICATION_2026_18,MFDS_DEVICE_CLASSIFICATION_2026_18::INJECTION_NEEDLE,https://www.law.go.kr/LSW/admRulLsInfoP.do?admRulSeq=2100000275656,representative_name;item_family_id;item_subtype_id;normalized_specification;unit_code,2026-07-22T12:35:28.630356+00:00,verified_family,approved,codex_external_evidence_pipeline,2026-07-22T12:35:28.630356+00:00,explicit_family_spec_unit_supported_by_official_taxonomy,classification-v1.0
DECISION::classification-v1.0::ITEM_e6747e00015fdd1c49c2,ITEM_e6747e00015fdd1c49c2,APPROVE_FAMILY,,,WASTE,MEDICAL_WASTE_CONTAINER,의료폐기물 전용용기,RIGID_NEEDLE_BOX,합성수지형 용기(needle box),1L,EA,,WASTE_RULE_APPENDIX_5_2026_03_26,WASTE_RULE_APPENDIX_5_2026_03_26::MEDICAL_WASTE_CONTAINER,https://www.law.go.kr/flDownload.do?bylClsCd=110201&flSeq=162812925&gubun=,representative_name;item_family_id;item_subtype_id;normalized_specification;unit_code,2026-07-22T12:35:28.630356+00:00,verified_family,approved,codex_external_evidence_pipeline,2026-07-22T12:35:28.630356+00:00,explicit_family_spec_unit_supported_by_official_taxonomy,classification-v1.0
DECISION::classification-v1.0::ITEM_70afcc581916ce92dd43,ITEM_70afcc581916ce92dd43,APPROVE_FAMILY,,,MED_SUPPLY,DISPOSABLE_SYRINGE,주사기,SYRINGE_USAGE_BASED,주사기(사용량 기준),3mL,EA,,MFDS_DEVICE_CLASSIFICATION_2026_18,MFDS_DEVICE_CLASSIFICATION_2026_18::DISPOSABLE_SYRINGE,https://www.law.go.kr/LSW/admRulLsInfoP.do?admRulSeq=2100000275656,representative_name;item_family_id;item_subtype_id;normalized_specification;unit_code,2026-07-22T12:35:28.630356+00:00,verified_family,approved,codex_external_evidence_pipeline,2026-07-22T12:35:28.630356+00:00,explicit_family_spec_unit_supported_by_official_taxonomy,classification-v1.0
DECISION::classification-v1.0::ITEM_b672e14007a0f47f987c,ITEM_b672e14007a0f47f987c,APPROVE_FAMILY,,,MED_SUPPLY,DISPOSABLE_SYRINGE,주사기,SYRINGE_USAGE_BASED,주사기(사용량 기준),1mL,EA,,MFDS_DEVICE_CLASSIFICATION_2026_18,MFDS_DEVICE_CLASSIFICATION_2026_18::DISPOSABLE_SYRINGE,https://www.law.go.kr/LSW/admRulLsInfoP.do?admRulSeq=2100000275656,representative_name;item_family_id;item_subtype_id;normalized_specification;unit_code,2026-07-22T12:35:28.630356+00:00,verified_family,approved,codex_external_evidence_pipeline,2026-07-22T12:35:28.630356+00:00,explicit_family_spec_unit_supported_by_official_taxonomy,classification-v1.0
DECISION::classification-v1.0::ITEM_69b2bac1521cec552d4f,ITEM_69b2bac1521cec552d4f,APPROVE_FAMILY,,,MED_SUPPLY,BLOOD_LANCET,채혈침,BLOOD_LANCET,채혈침,30G,EA,,MFDS_DEVICE_CLASSIFICATION_2026_18,MFDS_DEVICE_CLASSIFICATION_2026_18::BLOOD_LANCET,https://www.law.go.kr/LSW/admRulLsInfoP.do?admRulSeq=2100000275656,representative_name;item_family_id;item_subtype_id;normalized_specification;unit_code,2026-07-22T12:35:28.630356+00:00,verified_family,approved,codex_external_evidence_pipeline,2026-07-22T12:35:28.630356+00:00,explicit_family_spec_unit_supported_by_official_taxonomy,classification-v1.0
DECISION::classification-v1.0::ITEM_f82bbe6e4cd18a2e55a7,ITEM_f82bbe6e4cd18a2e55a7,APPROVE_FAMILY,,,MED_SUPPLY,DISPOSABLE_SYRINGE,주사기,SYRINGE_USAGE_BASED,주사기(사용량 기준),30mL,EA,,MFDS_DEVICE_CLASSIFICATION_2026_18,MFDS_DEVICE_CLASSIFICATION_2026_18::DISPOSABLE_SYRINGE,https://www.law.go.kr/LSW/admRulLsInfoP.do?admRulSeq=2100000275656,representative_name;item_family_id;item_subtype_id;normalized_specification;unit_code,2026-07-22T12:35:28.630356+00:00,verified_family,approved,codex_external_evidence_pipeline,2026-07-22T12:35:28.630356+00:00,explicit_family_spec_unit_supported_by_official_taxonomy,classification-v1.0
DECISION::classification-v1.0::ITEM_334e28e35c93d277852a,ITEM_334e28e35c93d277852a,APPROVE_FAMILY,,,MED_SUPPLY,INJECTION_NEEDLE,주사침,INJECTION_NEEDLE,주사침,25G,EA,,MFDS_DEVICE_CLASSIFICATION_2026_18,MFDS_DEVICE_CLASSIFICATION_2026_18::INJECTION_NEEDLE,https://www.law.go.kr/LSW/admRulLsInfoP.do?admRulSeq=2100000275656,representative_name;item_family_id;item_subtype_id;normalized_specification;unit_code,2026-07-22T12:35:28.630356+00:00,verified_family,approved,codex_external_evidence_pipeline,2026-07-22T12:35:28.630356+00:00,explicit_family_spec_unit_supported_by_official_taxonomy,classification-v1.0
DECISION::classification-v1.0::ITEM_77032910e603021a58a9,ITEM_77032910e603021a58a9,APPROVE_FAMILY,,,MED_SUPPLY,DISPOSABLE_SYRINGE,주사기,SYRINGE_USAGE_BASED,주사기(사용량 기준),1mL,EA,,MFDS_DEVICE_CLASSIFICATION_2026_18,MFDS_DEVICE_CLASSIFICATION_2026_18::DISPOSABLE_SYRINGE,https://www.law.go.kr/LSW/admRulLsInfoP.do?admRulSeq=2100000275656,representative_name;item_family_id;item_subtype_id;normalized_specification;unit_code,2026-07-22T12:35:28.630356+00:00,verified_family,approved,codex_external_evidence_pipeline,2026-07-22T12:35:28.630356+00:00,explicit_family_spec_unit_supported_by_official_taxonomy,classification-v1.0
DECISION::classification-v1.0::ITEM_7010f6555193dd81a8ce,ITEM_7010f6555193dd81a8ce,APPROVE_FAMILY,,,MED_SUPPLY,ANGIO_CATHETER,카테터,ANGIO_NEEDLE,카테터(angio needle),24G,EA,,MFDS_DEVICE_CLASSIFICATION_2026_18,MFDS_DEVICE_CLASSIFICATION_2026_18::ANGIO_CATHETER,https://www.law.go.kr/LSW/admRulLsInfoP.do?admRulSeq=2100000275656,representative_name;item_family_id;item_subtype_id;normalized_specification;unit_code,2026-07-22T12:35:28.630356+00:00,verified_family,approved,codex_external_evidence_pipeline,2026-07-22T12:35:28.630356+00:00,explicit_family_spec_unit_supported_by_official_taxonomy,classification-v1.0
DECISION::classification-v1.0::ITEM_872241b1dbe033c2a5f4,ITEM_872241b1dbe033c2a5f4,APPROVE_FAMILY,,,MED_SUPPLY,BLOOD_LANCET,채혈침,BLOOD_LANCET,채혈침,23G,EA,,MFDS_DEVICE_CLASSIFICATION_2026_18,MFDS_DEVICE_CLASSIFICATION_2026_18::BLOOD_LANCET,https://www.law.go.kr/LSW/admRulLsInfoP.do?admRulSeq=2100000275656,representative_name;item_family_id;item_subtype_id;normalized_specification;unit_code,2026-07-22T12:35:28.630356+00:00,verified_family,approved,codex_external_evidence_pipeline,2026-07-22T12:35:28.630356+00:00,explicit_family_spec_unit_supported_by_official_taxonomy,classification-v1.0
DECISION::classification-v1.0::ITEM_a8f60fa8e0c4c0a6ed00,ITEM_a8f60fa8e0c4c0a6ed00,APPROVE_FAMILY,,,MED_SUPPLY,BLOOD_LANCET,채혈침,BLOOD_LANCET,채혈침,30G,EA,,MFDS_DEVICE_CLASSIFICATION_2026_18,MFDS_DEVICE_CLASSIFICATION_2026_18::BLOOD_LANCET,https://www.law.go.kr/LSW/admRulLsInfoP.do?admRulSeq=2100000275656,representative_name;item_family_id;item_subtype_id;normalized_specification;unit_code,2026-07-22T12:35:28.630356+00:00,verified_family,approved,codex_external_evidence_pipeline,2026-07-22T12:35:28.630356+00:00,explicit_family_spec_unit_supported_by_official_taxonomy,classification-v1.0
DECISION::classification-v1.0::ITEM_dfa8c0d677a6ae62fad9,ITEM_dfa8c0d677a6ae62fad9,APPROVE_FAMILY,,,MED_SUPPLY,ANGIO_CATHETER,카테터,BUTTERFLY_NEEDLE,나비 바늘,나비 바늘,EA,,MFDS_DEVICE_CLASSIFICATION_2026_18,MFDS_DEVICE_CLASSIFICATION_2026_18::ANGIO_CATHETER,https://www.law.go.kr/LSW/admRulLsInfoP.do?admRulSeq=2100000275656,representative_name;item_family_id;item_subtype_id;normalized_specification;unit_code,2026-07-22T12:35:28.630356+00:00,verified_family,approved,codex_external_evidence_pipeline,2026-07-22T12:35:28.630356+00:00,explicit_family_spec_unit_supported_by_official_taxonomy,classification-v1.0
DECISION::classification-v1.0::ITEM_7f8adddf0d2531cecace,ITEM_7f8adddf0d2531cecace,APPROVE_FAMILY,,,MED_SUPPLY,BLOOD_LANCET,채혈침,BLOOD_LANCET,채혈침,28G,EA,,MFDS_DEVICE_CLASSIFICATION_2026_18,MFDS_DEVICE_CLASSIFICATION_2026_18::BLOOD_LANCET,https://www.law.go.kr/LSW/admRulLsInfoP.do?admRulSeq=2100000275656,representative_name;item_family_id;item_subtype_id;normalized_specification;unit_code,2026-07-22T12:35:28.630356+00:00,verified_family,approved,codex_external_evidence_pipeline,2026-07-22T12:35:28.630356+00:00,explicit_family_spec_unit_supported_by_official_taxonomy,classification-v1.0
DECISION::classification-v1.0::ITEM_168d90bac478201878ac,ITEM_168d90bac478201878ac,APPROVE_FAMILY,,,MED_SUPPLY,BLOOD_LANCET,채혈침,BLOOD_LANCET,채혈침,26G,EA,,MFDS_DEVICE_CLASSIFICATION_2026_18,MFDS_DEVICE_CLASSIFICATION_2026_18::BLOOD_LANCET,https://www.law.go.kr/LSW/admRulLsInfoP.do?admRulSeq=2100000275656,representative_name;item_family_id;item_subtype_id;normalized_specification;unit_code,2026-07-22T12:35:28.630356+00:00,verified_family,approved,codex_external_evidence_pipeline,2026-07-22T12:35:28.630356+00:00,explicit_family_spec_unit_supported_by_official_taxonomy,classification-v1.0
DECISION::classification-v1.0::ITEM_d4294e9800542b272f7f,ITEM_d4294e9800542b272f7f,APPROVE_FAMILY,,,MED_SUPPLY,BLOOD_LANCET,채혈침,BLOOD_LANCET,채혈침,30G,EA,,MFDS_DEVICE_CLASSIFICATION_2026_18,MFDS_DEVICE_CLASSIFICATION_2026_18::BLOOD_LANCET,https://www.law.go.kr/LSW/admRulLsInfoP.do?admRulSeq=2100000275656,representative_name;item_family_id;item_subtype_id;normalized_specification;unit_code,2026-07-22T12:35:28.630356+00:00,verified_family,approved,codex_external_evidence_pipeline,2026-07-22T12:35:28.630356+00:00,explicit_family_spec_unit_supported_by_official_taxonomy,classification-v1.0
DECISION::classification-v1.0::ITEM_11291c8a25d2b572d9fc,ITEM_11291c8a25d2b572d9fc,APPROVE_FAMILY,,,MED_SUPPLY,INFUSION_SET,수액세트,INFUSION_SET,수액세트,수액세트,EA,,MFDS_DEVICE_CLASSIFICATION_2026_18,MFDS_DEVICE_CLASSIFICATION_2026_18::INFUSION_SET,https://www.law.go.kr/LSW/admRulLsInfoP.do?admRulSeq=2100000275656,representative_name;item_family_id;item_subtype_id;normalized_specification;unit_code,2026-07-22T12:35:28.630356+00:00,verified_family,approved,codex_external_evidence_pipeline,2026-07-22T12:35:28.630356+00:00,explicit_family_spec_unit_supported_by_official_taxonomy,classification-v1.0
DECISION::classification-v1.0::ITEM_4c060abd6362bc64c1dd,ITEM_4c060abd6362bc64c1dd,APPROVE_FAMILY,,,MED_SUPPLY,DISPOSABLE_SYRINGE,주사기,SYRINGE_USAGE_BASED,주사기(사용량 기준),3mL,EA,,MFDS_DEVICE_CLASSIFICATION_2026_18,MFDS_DEVICE_CLASSIFICATION_2026_18::DISPOSABLE_SYRINGE,https://www.law.go.kr/LSW/admRulLsInfoP.do?admRulSeq=2100000275656,representative_name;item_family_id;item_subtype_id;normalized_specification;unit_code,2026-07-22T12:35:28.630356+00:00,verified_family,approved,codex_external_evidence_pipeline,2026-07-22T12:35:28.630356+00:00,explicit_family_spec_unit_supported_by_official_taxonomy,classification-v1.0
DECISION::classification-v1.0::ITEM_2df8563a58903271b99d,ITEM_2df8563a58903271b99d,APPROVE_FAMILY,,,MED_SUPPLY,DISPOSABLE_SYRINGE,주사기,SYRINGE_USAGE_BASED,주사기(사용량 기준),5mL,EA,,MFDS_DEVICE_CLASSIFICATION_2026_18,MFDS_DEVICE_CLASSIFICATION_2026_18::DISPOSABLE_SYRINGE,https://www.law.go.kr/LSW/admRulLsInfoP.do?admRulSeq=2100000275656,representative_name;item_family_id;item_subtype_id;normalized_specification;unit_code,2026-07-22T12:35:28.630356+00:00,verified_family,approved,codex_external_evidence_pipeline,2026-07-22T12:35:28.630356+00:00,explicit_family_spec_unit_supported_by_official_taxonomy,classification-v1.0
DECISION::classification-v1.0::ITEM_5838f2a7e09de4b0fde0,ITEM_5838f2a7e09de4b0fde0,APPROVE_FAMILY,,,MED_SUPPLY,BLOOD_LANCET,채혈침,BLOOD_LANCET,채혈침,30G,EA,,MFDS_DEVICE_CLASSIFICATION_2026_18,MFDS_DEVICE_CLASSIFICATION_2026_18::BLOOD_LANCET,https://www.law.go.kr/LSW/admRulLsInfoP.do?admRulSeq=2100000275656,representative_name;item_family_id;item_subtype_id;normalized_specification;unit_code,2026-07-22T12:35:28.630356+00:00,verified_family,approved,codex_external_evidence_pipeline,2026-07-22T12:35:28.630356+00:00,explicit_family_spec_unit_supported_by_official_taxonomy,classification-v1.0
DECISION::classification-v1.0::ITEM_dc64e5663ecbdfd1d638,ITEM_dc64e5663ecbdfd1d638,APPROVE_FAMILY,,,MED_SUPPLY,BLOOD_LANCET,채혈침,BLOOD_LANCET,채혈침,26G,EA,,MFDS_DEVICE_CLASSIFICATION_2026_18,MFDS_DEVICE_CLASSIFICATION_2026_18::BLOOD_LANCET,https://www.law.go.kr/LSW/admRulLsInfoP.do?admRulSeq=2100000275656,representative_name;item_family_id;item_subtype_id;normalized_specification;unit_code,2026-07-22T12:35:28.630356+00:00,verified_family,approved,codex_external_evidence_pipeline,2026-07-22T12:35:28.630356+00:00,explicit_family_spec_unit_supported_by_official_taxonomy,classification-v1.0
DECISION::classification-v1.0::ITEM_396d943bc1aa2e9bed28,ITEM_396d943bc1aa2e9bed28,APPROVE_FAMILY,,,MED_SUPPLY,INJECTION_NEEDLE,주사침,INJECTION_NEEDLE,주사침,23G,EA,,MFDS_DEVICE_CLASSIFICATION_2026_18,MFDS_DEVICE_CLASSIFICATION_2026_18::INJECTION_NEEDLE,https://www.law.go.kr/LSW/admRulLsInfoP.do?admRulSeq=2100000275656,representative_name;item_family_id;item_subtype_id;normalized_specification;unit_code,2026-07-22T12:35:28.630356+00:00,verified_family,approved,codex_external_evidence_pipeline,2026-07-22T12:35:28.630356+00:00,explicit_family_spec_unit_supported_by_official_taxonomy,classification-v1.0
DECISION::classification-v1.0::ITEM_ae92cb9f65fb46cebe53,ITEM_ae92cb9f65fb46cebe53,APPROVE_FAMILY,,,MED_SUPPLY,BLOOD_LANCET,채혈침,BLOOD_LANCET,채혈침,28G,EA,,MFDS_DEVICE_CLASSIFICATION_2026_18,MFDS_DEVICE_CLASSIFICATION_2026_18::BLOOD_LANCET,https://www.law.go.kr/LSW/admRulLsInfoP.do?admRulSeq=2100000275656,representative_name;item_family_id;item_subtype_id;normalized_specification;unit_code,2026-07-22T12:35:28.630356+00:00,verified_family,approved,codex_external_evidence_pipeline,2026-07-22T12:35:28.630356+00:00,explicit_family_spec_unit_supported_by_official_taxonomy,classification-v1.0
DECISION::classification-v1.0::ITEM_016a2e69006494fe926d,ITEM_016a2e69006494fe926d,APPROVE_FAMILY,,,MED_SUPPLY,DISPOSABLE_SYRINGE,주사기,SYRINGE_USAGE_BASED,주사기(사용량 기준),5mL,EA,,MFDS_DEVICE_CLASSIFICATION_2026_18,MFDS_DEVICE_CLASSIFICATION_2026_18::DISPOSABLE_SYRINGE,https://www.law.go.kr/LSW/admRulLsInfoP.do?admRulSeq=2100000275656,representative_name;item_family_id;item_subtype_id;normalized_specification;unit_code,2026-07-22T12:35:28.630356+00:00,verified_family,approved,codex_external_evidence_pipeline,2026-07-22T12:35:28.630356+00:00,explicit_family_spec_unit_supported_by_official_taxonomy,classification-v1.0
DECISION::classification-v1.0::ITEM_9a0c7a57a4359b7b0cc7,ITEM_9a0c7a57a4359b7b0cc7,APPROVE_FAMILY,,,MED_SUPPLY,DISPOSABLE_SYRINGE,주사기,SYRINGE_USAGE_BASED,주사기(사용량 기준),5mL,EA,,MFDS_DEVICE_CLASSIFICATION_2026_18,MFDS_DEVICE_CLASSIFICATION_2026_18::DISPOSABLE_SYRINGE,https://www.law.go.kr/LSW/admRulLsInfoP.do?admRulSeq=2100000275656,representative_name;item_family_id;item_subtype_id;normalized_specification;unit_code,2026-07-22T12:35:28.630356+00:00,verified_family,approved,codex_external_evidence_pipeline,2026-07-22T12:35:28.630356+00:00,explicit_family_spec_unit_supported_by_official_taxonomy,classification-v1.0
DECISION::classification-v1.0::ITEM_9bd98908c0045525528a,ITEM_9bd98908c0045525528a,APPROVE_FAMILY,,,MED_SUPPLY,DISPOSABLE_SYRINGE,주사기,SYRINGE_USAGE_BASED,주사기(사용량 기준),5mL,EA,,MFDS_DEVICE_CLASSIFICATION_2026_18,MFDS_DEVICE_CLASSIFICATION_2026_18::DISPOSABLE_SYRINGE,https://www.law.go.kr/LSW/admRulLsInfoP.do?admRulSeq=2100000275656,representative_name;item_family_id;item_subtype_id;normalized_specification;unit_code,2026-07-22T12:35:28.630356+00:00,verified_family,approved,codex_external_evidence_pipeline,2026-07-22T12:35:28.630356+00:00,explicit_family_spec_unit_supported_by_official_taxonomy,classification-v1.0
DECISION::classification-v1.0::ITEM_e5cf1b322023d99e6fb8,ITEM_e5cf1b322023d99e6fb8,APPROVE_FAMILY,,,MED_SUPPLY,DISPOSABLE_SYRINGE,주사기,SYRINGE_USAGE_BASED,주사기(사용량 기준),5mL,EA,,MFDS_DEVICE_CLASSIFICATION_2026_18,MFDS_DEVICE_CLASSIFICATION_2026_18::DISPOSABLE_SYRINGE,https://www.law.go.kr/LSW/admRulLsInfoP.do?admRulSeq=2100000275656,representative_name;item_family_id;item_subtype_id;normalized_specification;unit_code,2026-07-22T12:35:28.630356+00:00,verified_family,approved,codex_external_evidence_pipeline,2026-07-22T12:35:28.630356+00:00,explicit_family_spec_unit_supported_by_official_taxonomy,classification-v1.0
DECISION::classification-v1.0::ITEM_f170183c7ea191f8b900,ITEM_f170183c7ea191f8b900,APPROVE_FAMILY,,,MED_SUPPLY,INJECTION_NEEDLE,주사침,INJECTION_NEEDLE,주사침,24G,EA,,MFDS_DEVICE_CLASSIFICATION_2026_18,MFDS_DEVICE_CLASSIFICATION_2026_18::INJECTION_NEEDLE,https://www.law.go.kr/LSW/admRulLsInfoP.do?admRulSeq=2100000275656,representative_name;item_family_id;item_subtype_id;normalized_specification;unit_code,2026-07-22T12:35:28.630356+00:00,verified_family,approved,codex_external_evidence_pipeline,2026-07-22T12:35:28.630356+00:00,explicit_family_spec_unit_supported_by_official_taxonomy,classification-v1.0
DECISION::classification-v1.0::ITEM_2259763b0cc2b99e9bda,ITEM_2259763b0cc2b99e9bda,APPROVE_FAMILY,,,MED_SUPPLY,DISPOSABLE_SYRINGE,주사기,SYRINGE_USAGE_BASED,주사기(사용량 기준),5mL,EA,,MFDS_DEVICE_CLASSIFICATION_2026_18,MFDS_DEVICE_CLASSIFICATION_2026_18::DISPOSABLE_SYRINGE,https://www.law.go.kr/LSW/admRulLsInfoP.do?admRulSeq=2100000275656,representative_name;item_family_id;item_subtype_id;normalized_specification;unit_code,2026-07-22T12:35:28.630356+00:00,verified_family,approved,codex_external_evidence_pipeline,2026-07-22T12:35:28.630356+00:00,explicit_family_spec_unit_supported_by_official_taxonomy,classification-v1.0
DECISION::classification-v1.0::ITEM_ff5eaabdeb5e3f4cb3c6,ITEM_ff5eaabdeb5e3f4cb3c6,APPROVE_FAMILY,,,MED_SUPPLY,BLOOD_LANCET,채혈침,BLOOD_LANCET,채혈침,23G,EA,,MFDS_DEVICE_CLASSIFICATION_2026_18,MFDS_DEVICE_CLASSIFICATION_2026_18::BLOOD_LANCET,https://www.law.go.kr/LSW/admRulLsInfoP.do?admRulSeq=2100000275656,representative_name;item_family_id;item_subtype_id;normalized_specification;unit_code,2026-07-22T12:35:28.630356+00:00,verified_family,approved,codex_external_evidence_pipeline,2026-07-22T12:35:28.630356+00:00,explicit_family_spec_unit_supported_by_official_taxonomy,classification-v1.0
DECISION::classification-v1.0::ITEM_7ec5ee494cd42b544a0c,ITEM_7ec5ee494cd42b544a0c,APPROVE_FAMILY,,,MED_SUPPLY,DISPOSABLE_SYRINGE,주사기,SYRINGE_USAGE_BASED,주사기(사용량 기준),3mL,EA,,MFDS_DEVICE_CLASSIFICATION_2026_18,MFDS_DEVICE_CLASSIFICATION_2026_18::DISPOSABLE_SYRINGE,https://www.law.go.kr/LSW/admRulLsInfoP.do?admRulSeq=2100000275656,representative_name;item_family_id;item_subtype_id;normalized_specification;unit_code,2026-07-22T12:35:28.630356+00:00,verified_family,approved,codex_external_evidence_pipeline,2026-07-22T12:35:28.630356+00:00,explicit_family_spec_unit_supported_by_official_taxonomy,classification-v1.0
DECISION::classification-v1.0::ITEM_dbcd6506f108df1d1261,ITEM_dbcd6506f108df1d1261,APPROVE_FAMILY,,,MED_SUPPLY,DISPOSABLE_SYRINGE,주사기,SYRINGE_USAGE_BASED,주사기(사용량 기준),5mL,EA,,MFDS_DEVICE_CLASSIFICATION_2026_18,MFDS_DEVICE_CLASSIFICATION_2026_18::DISPOSABLE_SYRINGE,https://www.law.go.kr/LSW/admRulLsInfoP.do?admRulSeq=2100000275656,representative_name;item_family_id;item_subtype_id;normalized_specification;unit_code,2026-07-22T12:35:28.630356+00:00,verified_family,approved,codex_external_evidence_pipeline,2026-07-22T12:35:28.630356+00:00,explicit_family_spec_unit_supported_by_official_taxonomy,classification-v1.0
DECISION::classification-v1.0::ITEM_5b04502216f51cf74d76,ITEM_5b04502216f51cf74d76,APPROVE_FAMILY,,,MED_SUPPLY,ANGIO_CATHETER,카테터,BUTTERFLY_NEEDLE,나비 바늘,나비 바늘,EA,,MFDS_DEVICE_CLASSIFICATION_2026_18,MFDS_DEVICE_CLASSIFICATION_2026_18::ANGIO_CATHETER,https://www.law.go.kr/LSW/admRulLsInfoP.do?admRulSeq=2100000275656,representative_name;item_family_id;item_subtype_id;normalized_specification;unit_code,2026-07-22T12:35:28.630356+00:00,verified_family,approved,codex_external_evidence_pipeline,2026-07-22T12:35:28.630356+00:00,explicit_family_spec_unit_supported_by_official_taxonomy,classification-v1.0
DECISION::classification-v1.0::ITEM_dbb4ce9135a7e7431787,ITEM_dbb4ce9135a7e7431787,APPROVE_FAMILY,,,MED_SUPPLY,DISPOSABLE_SYRINGE,주사기,SYRINGE_USAGE_BASED,주사기(사용량 기준),5mL,EA,,MFDS_DEVICE_CLASSIFICATION_2026_18,MFDS_DEVICE_CLASSIFICATION_2026_18::DISPOSABLE_SYRINGE,https://www.law.go.kr/LSW/admRulLsInfoP.do?admRulSeq=2100000275656,representative_name;item_family_id;item_subtype_id;normalized_specification;unit_code,2026-07-22T12:35:28.630356+00:00,verified_family,approved,codex_external_evidence_pipeline,2026-07-22T12:35:28.630356+00:00,explicit_family_spec_unit_supported_by_official_taxonomy,classification-v1.0
DECISION::classification-v1.0::ITEM_9051bd21239a999402a2,ITEM_9051bd21239a999402a2,APPROVE_FAMILY,,,MED_SUPPLY,DISPOSABLE_SYRINGE,주사기,SYRINGE_USAGE_BASED,주사기(사용량 기준),5mL,EA,,MFDS_DEVICE_CLASSIFICATION_2026_18,MFDS_DEVICE_CLASSIFICATION_2026_18::DISPOSABLE_SYRINGE,https://www.law.go.kr/LSW/admRulLsInfoP.do?admRulSeq=2100000275656,representative_name;item_family_id;item_subtype_id;normalized_specification;unit_code,2026-07-22T12:35:28.630356+00:00,verified_family,approved,codex_external_evidence_pipeline,2026-07-22T12:35:28.630356+00:00,explicit_family_spec_unit_supported_by_official_taxonomy,classification-v1.0
DECISION::classification-v1.0::ITEM_d36cf50216828108c4e8,ITEM_d36cf50216828108c4e8,APPROVE_FAMILY,,,MED_SUPPLY,DISPOSABLE_SYRINGE,주사기,SYRINGE_USAGE_BASED,주사기(사용량 기준),5mL,EA,,MFDS_DEVICE_CLASSIFICATION_2026_18,MFDS_DEVICE_CLASSIFICATION_2026_18::DISPOSABLE_SYRINGE,https://www.law.go.kr/LSW/admRulLsInfoP.do?admRulSeq=2100000275656,representative_name;item_family_id;item_subtype_id;normalized_specification;unit_code,2026-07-22T12:35:28.630356+00:00,verified_family,approved,codex_external_evidence_pipeline,2026-07-22T12:35:28.630356+00:00,explicit_family_spec_unit_supported_by_official_taxonomy,classification-v1.0
DECISION::classification-v1.0::ITEM_921ed9ffbbfb0dc2ed4d,ITEM_921ed9ffbbfb0dc2ed4d,APPROVE_FAMILY,,,MED_SUPPLY,DISPOSABLE_SYRINGE,주사기,SYRINGE_USAGE_BASED,주사기(사용량 기준),10mL,EA,,MFDS_DEVICE_CLASSIFICATION_2026_18,MFDS_DEVICE_CLASSIFICATION_2026_18::DISPOSABLE_SYRINGE,https://www.law.go.kr/LSW/admRulLsInfoP.do?admRulSeq=2100000275656,representative_name;item_family_id;item_subtype_id;normalized_specification;unit_code,2026-07-22T12:35:28.630356+00:00,verified_family,approved,codex_external_evidence_pipeline,2026-07-22T12:35:28.630356+00:00,explicit_family_spec_unit_supported_by_official_taxonomy,classification-v1.0
DECISION::classification-v1.0::ITEM_927210f640ec74e18c5f,ITEM_927210f640ec74e18c5f,APPROVE_FAMILY,,,MED_SUPPLY,INJECTION_NEEDLE,주사침,INJECTION_NEEDLE,주사침,25G,EA,,MFDS_DEVICE_CLASSIFICATION_2026_18,MFDS_DEVICE_CLASSIFICATION_2026_18::INJECTION_NEEDLE,https://www.law.go.kr/LSW/admRulLsInfoP.do?admRulSeq=2100000275656,representative_name;item_family_id;item_subtype_id;normalized_specification;unit_code,2026-07-22T12:35:28.630356+00:00,verified_family,approved,codex_external_evidence_pipeline,2026-07-22T12:35:28.630356+00:00,explicit_family_spec_unit_supported_by_official_taxonomy,classification-v1.0
DECISION::classification-v1.0::ITEM_1eb47c1658ced753e282,ITEM_1eb47c1658ced753e282,APPROVE_FAMILY,,,MED_SUPPLY,ANGIO_CATHETER,카테터,ANGIO_NEEDLE,카테터(angio needle),22G,EA,,MFDS_DEVICE_CLASSIFICATION_2026_18,MFDS_DEVICE_CLASSIFICATION_2026_18::ANGIO_CATHETER,https://www.law.go.kr/LSW/admRulLsInfoP.do?admRulSeq=2100000275656,representative_name;item_family_id;item_subtype_id;normalized_specification;unit_code,2026-07-22T12:35:28.630356+00:00,verified_family,approved,codex_external_evidence_pipeline,2026-07-22T12:35:28.630356+00:00,explicit_family_spec_unit_supported_by_official_taxonomy,classification-v1.0
DECISION::classification-v1.0::ITEM_dc2d217b8323871aa364,ITEM_dc2d217b8323871aa364,APPROVE_FAMILY,,,MED_SUPPLY,INJECTION_NEEDLE,주사침,INJECTION_NEEDLE,주사침,23G,EA,,MFDS_DEVICE_CLASSIFICATION_2026_18,MFDS_DEVICE_CLASSIFICATION_2026_18::INJECTION_NEEDLE,https://www.law.go.kr/LSW/admRulLsInfoP.do?admRulSeq=2100000275656,representative_name;item_family_id;item_subtype_id;normalized_specification;unit_code,2026-07-22T12:35:28.630356+00:00,verified_family,approved,codex_external_evidence_pipeline,2026-07-22T12:35:28.630356+00:00,explicit_family_spec_unit_supported_by_official_taxonomy,classification-v1.0
DECISION::classification-v1.0::ITEM_0ec569d67bbef72af907,ITEM_0ec569d67bbef72af907,APPROVE_FAMILY,,,MED_SUPPLY,DISPOSABLE_SYRINGE,주사기,SYRINGE_USAGE_BASED,주사기(사용량 기준),30mL,EA,,MFDS_DEVICE_CLASSIFICATION_2026_18,MFDS_DEVICE_CLASSIFICATION_2026_18::DISPOSABLE_SYRINGE,https://www.law.go.kr/LSW/admRulLsInfoP.do?admRulSeq=2100000275656,representative_name;item_family_id;item_subtype_id;normalized_specification;unit_code,2026-07-22T12:35:28.630356+00:00,verified_family,approved,codex_external_evidence_pipeline,2026-07-22T12:35:28.630356+00:00,explicit_family_spec_unit_supported_by_official_taxonomy,classification-v1.0
DECISION::classification-v1.0::ITEM_1561678e3ea824305940,ITEM_1561678e3ea824305940,APPROVE_FAMILY,,,MED_SUPPLY,DISPOSABLE_SYRINGE,주사기,SYRINGE_USAGE_BASED,주사기(사용량 기준),5mL,EA,,MFDS_DEVICE_CLASSIFICATION_2026_18,MFDS_DEVICE_CLASSIFICATION_2026_18::DISPOSABLE_SYRINGE,https://www.law.go.kr/LSW/admRulLsInfoP.do?admRulSeq=2100000275656,representative_name;item_family_id;item_subtype_id;normalized_specification;unit_code,2026-07-22T12:35:28.630356+00:00,verified_family,approved,codex_external_evidence_pipeline,2026-07-22T12:35:28.630356+00:00,explicit_family_spec_unit_supported_by_official_taxonomy,classification-v1.0
DECISION::classification-v1.0::ITEM_c7bba63ab25275952acf,ITEM_c7bba63ab25275952acf,APPROVE_FAMILY,,,MED_SUPPLY,ANGIO_CATHETER,카테터,ANGIO_NEEDLE,카테터(angio needle),20G,EA,,MFDS_DEVICE_CLASSIFICATION_2026_18,MFDS_DEVICE_CLASSIFICATION_2026_18::ANGIO_CATHETER,https://www.law.go.kr/LSW/admRulLsInfoP.do?admRulSeq=2100000275656,representative_name;item_family_id;item_subtype_id;normalized_specification;unit_code,2026-07-22T12:35:28.630356+00:00,verified_family,approved,codex_external_evidence_pipeline,2026-07-22T12:35:28.630356+00:00,explicit_family_spec_unit_supported_by_official_taxonomy,classification-v1.0
DECISION::classification-v1.0::ITEM_ec3b9f8ce6c4a7f1c256,ITEM_ec3b9f8ce6c4a7f1c256,APPROVE_FAMILY,,,MED_SUPPLY,DISPOSABLE_SYRINGE,주사기,SYRINGE_USAGE_BASED,주사기(사용량 기준),1mL,EA,,MFDS_DEVICE_CLASSIFICATION_2026_18,MFDS_DEVICE_CLASSIFICATION_2026_18::DISPOSABLE_SYRINGE,https://www.law.go.kr/LSW/admRulLsInfoP.do?admRulSeq=2100000275656,representative_name;item_family_id;item_subtype_id;normalized_specification;unit_code,2026-07-22T12:35:28.630356+00:00,verified_family,approved,codex_external_evidence_pipeline,2026-07-22T12:35:28.630356+00:00,explicit_family_spec_unit_supported_by_official_taxonomy,classification-v1.0
DECISION::classification-v1.0::ITEM_c6fdf9b595dd2c195e98,ITEM_c6fdf9b595dd2c195e98,APPROVE_FAMILY,,,MED_SUPPLY,DISPOSABLE_SYRINGE,주사기,SYRINGE_USAGE_BASED,주사기(사용량 기준),10mL,EA,,MFDS_DEVICE_CLASSIFICATION_2026_18,MFDS_DEVICE_CLASSIFICATION_2026_18::DISPOSABLE_SYRINGE,https://www.law.go.kr/LSW/admRulLsInfoP.do?admRulSeq=2100000275656,representative_name;item_family_id;item_subtype_id;normalized_specification;unit_code,2026-07-22T12:35:28.630356+00:00,verified_family,approved,codex_external_evidence_pipeline,2026-07-22T12:35:28.630356+00:00,explicit_family_spec_unit_supported_by_official_taxonomy,classification-v1.0
DECISION::classification-v1.0::ITEM_bc95e0cc8db89c886a20,ITEM_bc95e0cc8db89c886a20,APPROVE_FAMILY,,,MED_SUPPLY,BLOOD_LANCET,채혈침,BLOOD_LANCET,채혈침,23G,EA,,MFDS_DEVICE_CLASSIFICATION_2026_18,MFDS_DEVICE_CLASSIFICATION_2026_18::BLOOD_LANCET,https://www.law.go.kr/LSW/admRulLsInfoP.do?admRulSeq=2100000275656,representative_name;item_family_id;item_subtype_id;normalized_specification;unit_code,2026-07-22T12:35:28.630356+00:00,verified_family,approved,codex_external_evidence_pipeline,2026-07-22T12:35:28.630356+00:00,explicit_family_spec_unit_supported_by_official_taxonomy,classification-v1.0
DECISION::classification-v1.0::ITEM_b7a8f9cbbd45bbf2d139,ITEM_b7a8f9cbbd45bbf2d139,APPROVE_FAMILY,,,MED_SUPPLY,DISPOSABLE_SYRINGE,주사기,SYRINGE_USAGE_BASED,주사기(사용량 기준),5mL,EA,,MFDS_DEVICE_CLASSIFICATION_2026_18,MFDS_DEVICE_CLASSIFICATION_2026_18::DISPOSABLE_SYRINGE,https://www.law.go.kr/LSW/admRulLsInfoP.do?admRulSeq=2100000275656,representative_name;item_family_id;item_subtype_id;normalized_specification;unit_code,2026-07-22T12:35:28.630356+00:00,verified_family,approved,codex_external_evidence_pipeline,2026-07-22T12:35:28.630356+00:00,explicit_family_spec_unit_supported_by_official_taxonomy,classification-v1.0
DECISION::classification-v1.0::ITEM_9331e66cc9d66bba5eca,ITEM_9331e66cc9d66bba5eca,APPROVE_FAMILY,,,MED_SUPPLY,DISPOSABLE_SYRINGE,주사기,SYRINGE_USAGE_BASED,주사기(사용량 기준),10mL,EA,,MFDS_DEVICE_CLASSIFICATION_2026_18,MFDS_DEVICE_CLASSIFICATION_2026_18::DISPOSABLE_SYRINGE,https://www.law.go.kr/LSW/admRulLsInfoP.do?admRulSeq=2100000275656,representative_name;item_family_id;item_subtype_id;normalized_specification;unit_code,2026-07-22T12:35:28.630356+00:00,verified_family,approved,codex_external_evidence_pipeline,2026-07-22T12:35:28.630356+00:00,explicit_family_spec_unit_supported_by_official_taxonomy,classification-v1.0
DECISION::classification-v1.0::ITEM_9d4a3a9424ed00dd3d3e,ITEM_9d4a3a9424ed00dd3d3e,APPROVE_FAMILY,,,MED_SUPPLY,DISPOSABLE_SYRINGE,주사기,SYRINGE_USAGE_BASED,주사기(사용량 기준),1mL,EA,,MFDS_DEVICE_CLASSIFICATION_2026_18,MFDS_DEVICE_CLASSIFICATION_2026_18::DISPOSABLE_SYRINGE,https://www.law.go.kr/LSW/admRulLsInfoP.do?admRulSeq=2100000275656,representative_name;item_family_id;item_subtype_id;normalized_specification;unit_code,2026-07-22T12:35:28.630356+00:00,verified_family,approved,codex_external_evidence_pipeline,2026-07-22T12:35:28.630356+00:00,explicit_family_spec_unit_supported_by_official_taxonomy,classification-v1.0
DECISION::classification-v1.0::ITEM_6b0727e9cfe090ddf54c,ITEM_6b0727e9cfe090ddf54c,APPROVE_FAMILY,,,MED_SUPPLY,INJECTION_NEEDLE,주사침,INJECTION_NEEDLE,주사침,28G,EA,,MFDS_DEVICE_CLASSIFICATION_2026_18,MFDS_DEVICE_CLASSIFICATION_2026_18::INJECTION_NEEDLE,https://www.law.go.kr/LSW/admRulLsInfoP.do?admRulSeq=2100000275656,representative_name;item_family_id;item_subtype_id;normalized_specification;unit_code,2026-07-22T12:35:28.630356+00:00,verified_family,approved,codex_external_evidence_pipeline,2026-07-22T12:35:28.630356+00:00,explicit_family_spec_unit_supported_by_official_taxonomy,classification-v1.0
DECISION::classification-v1.0::ITEM_25019fb4f90beb2205b4,ITEM_25019fb4f90beb2205b4,APPROVE_FAMILY,,,MED_SUPPLY,INJECTION_NEEDLE,주사침,INJECTION_NEEDLE,주사침,21G,EA,,MFDS_DEVICE_CLASSIFICATION_2026_18,MFDS_DEVICE_CLASSIFICATION_2026_18::INJECTION_NEEDLE,https://www.law.go.kr/LSW/admRulLsInfoP.do?admRulSeq=2100000275656,representative_name;item_family_id;item_subtype_id;normalized_specification;unit_code,2026-07-22T12:35:28.630356+00:00,verified_family,approved,codex_external_evidence_pipeline,2026-07-22T12:35:28.630356+00:00,explicit_family_spec_unit_supported_by_official_taxonomy,classification-v1.0
DECISION::classification-v1.0::ITEM_a5f2e519933ff531087b,ITEM_a5f2e519933ff531087b,APPROVE_FAMILY,,,MED_SUPPLY,DISPOSABLE_SYRINGE,주사기,SYRINGE_USAGE_BASED,주사기(사용량 기준),1mL,EA,,MFDS_DEVICE_CLASSIFICATION_2026_18,MFDS_DEVICE_CLASSIFICATION_2026_18::DISPOSABLE_SYRINGE,https://www.law.go.kr/LSW/admRulLsInfoP.do?admRulSeq=2100000275656,representative_name;item_family_id;item_subtype_id;normalized_specification;unit_code,2026-07-22T12:35:28.630356+00:00,verified_family,approved,codex_external_evidence_pipeline,2026-07-22T12:35:28.630356+00:00,explicit_family_spec_unit_supported_by_official_taxonomy,classification-v1.0
DECISION::classification-v1.0::ITEM_3e2f470f1940c798cd87,ITEM_3e2f470f1940c798cd87,APPROVE_FAMILY,,,MED_SUPPLY,DISPOSABLE_SYRINGE,주사기,SYRINGE_USAGE_BASED,주사기(사용량 기준),1mL,EA,,MFDS_DEVICE_CLASSIFICATION_2026_18,MFDS_DEVICE_CLASSIFICATION_2026_18::DISPOSABLE_SYRINGE,https://www.law.go.kr/LSW/admRulLsInfoP.do?admRulSeq=2100000275656,representative_name;item_family_id;item_subtype_id;normalized_specification;unit_code,2026-07-22T12:35:28.630356+00:00,verified_family,approved,codex_external_evidence_pipeline,2026-07-22T12:35:28.630356+00:00,explicit_family_spec_unit_supported_by_official_taxonomy,classification-v1.0
DECISION::classification-v1.0::ITEM_fd8f810984afc48ed1a3,ITEM_fd8f810984afc48ed1a3,APPROVE_FAMILY,,,MED_SUPPLY,ANGIO_CATHETER,카테터,ANGIO_NEEDLE,카테터(angio needle),24G,EA,,MFDS_DEVICE_CLASSIFICATION_2026_18,MFDS_DEVICE_CLASSIFICATION_2026_18::ANGIO_CATHETER,https://www.law.go.kr/LSW/admRulLsInfoP.do?admRulSeq=2100000275656,representative_name;item_family_id;item_subtype_id;normalized_specification;unit_code,2026-07-22T12:35:28.630356+00:00,verified_family,approved,codex_external_evidence_pipeline,2026-07-22T12:35:28.630356+00:00,explicit_family_spec_unit_supported_by_official_taxonomy,classification-v1.0
DECISION::classification-v1.0::ITEM_aafb13891c46b0df219a,ITEM_aafb13891c46b0df219a,APPROVE_FAMILY,,,WASTE,MEDICAL_WASTE_CONTAINER,의료폐기물 전용용기,RIGID_NEEDLE_BOX,합성수지형 용기(needle box),10L,EA,,WASTE_RULE_APPENDIX_5_2026_03_26,WASTE_RULE_APPENDIX_5_2026_03_26::MEDICAL_WASTE_CONTAINER,https://www.law.go.kr/flDownload.do?bylClsCd=110201&flSeq=162812925&gubun=,representative_name;item_family_id;item_subtype_id;normalized_specification;unit_code,2026-07-22T12:35:28.630356+00:00,verified_family,approved,codex_external_evidence_pipeline,2026-07-22T12:35:28.630356+00:00,explicit_family_spec_unit_supported_by_official_taxonomy,classification-v1.0
DECISION::classification-v1.0::ITEM_56cd10efb6a4f5657fb9,ITEM_56cd10efb6a4f5657fb9,APPROVE_FAMILY,,,MED_SUPPLY,BLOOD_LANCET,채혈침,BLOOD_LANCET,채혈침,28G,EA,,MFDS_DEVICE_CLASSIFICATION_2026_18,MFDS_DEVICE_CLASSIFICATION_2026_18::BLOOD_LANCET,https://www.law.go.kr/LSW/admRulLsInfoP.do?admRulSeq=2100000275656,representative_name;item_family_id;item_subtype_id;normalized_specification;unit_code,2026-07-22T12:35:28.630356+00:00,verified_family,approved,codex_external_evidence_pipeline,2026-07-22T12:35:28.630356+00:00,explicit_family_spec_unit_supported_by_official_taxonomy,classification-v1.0
DECISION::classification-v1.0::ITEM_fd0bd56fab5cc467ab05,ITEM_fd0bd56fab5cc467ab05,APPROVE_FAMILY,,,MED_SUPPLY,BLOOD_LANCET,채혈침,BLOOD_LANCET,채혈침,26G,EA,,MFDS_DEVICE_CLASSIFICATION_2026_18,MFDS_DEVICE_CLASSIFICATION_2026_18::BLOOD_LANCET,https://www.law.go.kr/LSW/admRulLsInfoP.do?admRulSeq=2100000275656,representative_name;item_family_id;item_subtype_id;normalized_specification;unit_code,2026-07-22T12:35:28.630356+00:00,verified_family,approved,codex_external_evidence_pipeline,2026-07-22T12:35:28.630356+00:00,explicit_family_spec_unit_supported_by_official_taxonomy,classification-v1.0
DECISION::classification-v1.0::ITEM_028c8053952e2b4709e9,ITEM_028c8053952e2b4709e9,APPROVE_FAMILY,,,MED_SUPPLY,DISPOSABLE_SYRINGE,주사기,SYRINGE_USAGE_BASED,주사기(사용량 기준),5mL,EA,,MFDS_DEVICE_CLASSIFICATION_2026_18,MFDS_DEVICE_CLASSIFICATION_2026_18::DISPOSABLE_SYRINGE,https://www.law.go.kr/LSW/admRulLsInfoP.do?admRulSeq=2100000275656,representative_name;item_family_id;item_subtype_id;normalized_specification;unit_code,2026-07-22T12:35:28.630356+00:00,verified_family,approved,codex_external_evidence_pipeline,2026-07-22T12:35:28.630356+00:00,explicit_family_spec_unit_supported_by_official_taxonomy,classification-v1.0
DECISION::classification-v1.0::ITEM_29624bf48ec1614b4165,ITEM_29624bf48ec1614b4165,APPROVE_FAMILY,,,MED_SUPPLY,DISPOSABLE_SYRINGE,주사기,SYRINGE_USAGE_BASED,주사기(사용량 기준),3mL,EA,,MFDS_DEVICE_CLASSIFICATION_2026_18,MFDS_DEVICE_CLASSIFICATION_2026_18::DISPOSABLE_SYRINGE,https://www.law.go.kr/LSW/admRulLsInfoP.do?admRulSeq=2100000275656,representative_name;item_family_id;item_subtype_id;normalized_specification;unit_code,2026-07-22T12:35:28.630356+00:00,verified_family,approved,codex_external_evidence_pipeline,2026-07-22T12:35:28.630356+00:00,explicit_family_spec_unit_supported_by_official_taxonomy,classification-v1.0
DECISION::classification-v1.0::ITEM_2b9d2109c7494171ed38,ITEM_2b9d2109c7494171ed38,APPROVE_FAMILY,,,MED_SUPPLY,DISPOSABLE_SYRINGE,주사기,SYRINGE_USAGE_BASED,주사기(사용량 기준),5mL,EA,,MFDS_DEVICE_CLASSIFICATION_2026_18,MFDS_DEVICE_CLASSIFICATION_2026_18::DISPOSABLE_SYRINGE,https://www.law.go.kr/LSW/admRulLsInfoP.do?admRulSeq=2100000275656,representative_name;item_family_id;item_subtype_id;normalized_specification;unit_code,2026-07-22T12:35:28.630356+00:00,verified_family,approved,codex_external_evidence_pipeline,2026-07-22T12:35:28.630356+00:00,explicit_family_spec_unit_supported_by_official_taxonomy,classification-v1.0
DECISION::classification-v1.0::ITEM_c410fdd4a536c84687ec,ITEM_c410fdd4a536c84687ec,APPROVE_FAMILY,,,MED_SUPPLY,DISPOSABLE_SYRINGE,주사기,SYRINGE_USAGE_BASED,주사기(사용량 기준),10mL,EA,,MFDS_DEVICE_CLASSIFICATION_2026_18,MFDS_DEVICE_CLASSIFICATION_2026_18::DISPOSABLE_SYRINGE,https://www.law.go.kr/LSW/admRulLsInfoP.do?admRulSeq=2100000275656,representative_name;item_family_id;item_subtype_id;normalized_specification;unit_code,2026-07-22T12:35:28.630356+00:00,verified_family,approved,codex_external_evidence_pipeline,2026-07-22T12:35:28.630356+00:00,explicit_family_spec_unit_supported_by_official_taxonomy,classification-v1.0
DECISION::classification-v1.0::ITEM_ee500ebeab22362b6bd2,ITEM_ee500ebeab22362b6bd2,APPROVE_FAMILY,,,WASTE,MEDICAL_WASTE_CONTAINER,의료폐기물 전용용기,RIGID_NEEDLE_BOX,합성수지형 용기(needle box),2L,EA,,WASTE_RULE_APPENDIX_5_2026_03_26,WASTE_RULE_APPENDIX_5_2026_03_26::MEDICAL_WASTE_CONTAINER,https://www.law.go.kr/flDownload.do?bylClsCd=110201&flSeq=162812925&gubun=,representative_name;item_family_id;item_subtype_id;normalized_specification;unit_code,2026-07-22T12:35:28.630356+00:00,verified_family,approved,codex_external_evidence_pipeline,2026-07-22T12:35:28.630356+00:00,explicit_family_spec_unit_supported_by_official_taxonomy,classification-v1.0
DECISION::classification-v1.0::ITEM_c333b2623b6bf7691d92,ITEM_c333b2623b6bf7691d92,APPROVE_FAMILY,,,MED_SUPPLY,BLOOD_LANCET,채혈침,BLOOD_LANCET,채혈침,30G,EA,,MFDS_DEVICE_CLASSIFICATION_2026_18,MFDS_DEVICE_CLASSIFICATION_2026_18::BLOOD_LANCET,https://www.law.go.kr/LSW/admRulLsInfoP.do?admRulSeq=2100000275656,representative_name;item_family_id;item_subtype_id;normalized_specification;unit_code,2026-07-22T12:35:28.630356+00:00,verified_family,approved,codex_external_evidence_pipeline,2026-07-22T12:35:28.630356+00:00,explicit_family_spec_unit_supported_by_official_taxonomy,classification-v1.0
DECISION::classification-v1.0::ITEM_1a90e87823b50b31923a,ITEM_1a90e87823b50b31923a,APPROVE_FAMILY,,,MED_SUPPLY,ANGIO_CATHETER,카테터,ANGIO_NEEDLE,카테터(angio needle),24G,EA,,MFDS_DEVICE_CLASSIFICATION_2026_18,MFDS_DEVICE_CLASSIFICATION_2026_18::ANGIO_CATHETER,https://www.law.go.kr/LSW/admRulLsInfoP.do?admRulSeq=2100000275656,representative_name;item_family_id;item_subtype_id;normalized_specification;unit_code,2026-07-22T12:35:28.630356+00:00,verified_family,approved,codex_external_evidence_pipeline,2026-07-22T12:35:28.630356+00:00,explicit_family_spec_unit_supported_by_official_taxonomy,classification-v1.0
DECISION::classification-v1.0::ITEM_432c1e610a1f41905e3e,ITEM_432c1e610a1f41905e3e,APPROVE_FAMILY,,,MED_SUPPLY,DISPOSABLE_SYRINGE,주사기,SYRINGE_USAGE_BASED,주사기(사용량 기준),5mL,EA,,MFDS_DEVICE_CLASSIFICATION_2026_18,MFDS_DEVICE_CLASSIFICATION_2026_18::DISPOSABLE_SYRINGE,https://www.law.go.kr/LSW/admRulLsInfoP.do?admRulSeq=2100000275656,representative_name;item_family_id;item_subtype_id;normalized_specification;unit_code,2026-07-22T12:35:28.630356+00:00,verified_family,approved,codex_external_evidence_pipeline,2026-07-22T12:35:28.630356+00:00,explicit_family_spec_unit_supported_by_official_taxonomy,classification-v1.0
DECISION::classification-v1.0::ITEM_db42e27c9a2c7de16819,ITEM_db42e27c9a2c7de16819,APPROVE_FAMILY,,,MED_SUPPLY,ANGIO_CATHETER,카테터,ANGIO_NEEDLE,카테터(angio needle),22G,EA,,MFDS_DEVICE_CLASSIFICATION_2026_18,MFDS_DEVICE_CLASSIFICATION_2026_18::ANGIO_CATHETER,https://www.law.go.kr/LSW/admRulLsInfoP.do?admRulSeq=2100000275656,representative_name;item_family_id;item_subtype_id;normalized_specification;unit_code,2026-07-22T12:35:28.630356+00:00,verified_family,approved,codex_external_evidence_pipeline,2026-07-22T12:35:28.630356+00:00,explicit_family_spec_unit_supported_by_official_taxonomy,classification-v1.0
DECISION::classification-v1.0::ITEM_035aa2821a271acf3664,ITEM_035aa2821a271acf3664,APPROVE_FAMILY,,,MED_SUPPLY,BLOOD_LANCET,채혈침,BLOOD_LANCET,채혈침,28G,EA,,MFDS_DEVICE_CLASSIFICATION_2026_18,MFDS_DEVICE_CLASSIFICATION_2026_18::BLOOD_LANCET,https://www.law.go.kr/LSW/admRulLsInfoP.do?admRulSeq=2100000275656,representative_name;item_family_id;item_subtype_id;normalized_specification;unit_code,2026-07-22T12:35:28.630356+00:00,verified_family,approved,codex_external_evidence_pipeline,2026-07-22T12:35:28.630356+00:00,explicit_family_spec_unit_supported_by_official_taxonomy,classification-v1.0
DECISION::classification-v1.0::ITEM_eb282bd9caa062f6ca2d,ITEM_eb282bd9caa062f6ca2d,APPROVE_FAMILY,,,MED_SUPPLY,INJECTION_NEEDLE,주사침,INJECTION_NEEDLE,주사침,23G,EA,,MFDS_DEVICE_CLASSIFICATION_2026_18,MFDS_DEVICE_CLASSIFICATION_2026_18::INJECTION_NEEDLE,https://www.law.go.kr/LSW/admRulLsInfoP.do?admRulSeq=2100000275656,representative_name;item_family_id;item_subtype_id;normalized_specification;unit_code,2026-07-22T12:35:28.630356+00:00,verified_family,approved,codex_external_evidence_pipeline,2026-07-22T12:35:28.630356+00:00,explicit_family_spec_unit_supported_by_official_taxonomy,classification-v1.0
DECISION::classification-v1.0::ITEM_ae2e68d55b95635508b9,ITEM_ae2e68d55b95635508b9,APPROVE_FAMILY,,,MED_SUPPLY,INJECTION_NEEDLE,주사침,INJECTION_NEEDLE,주사침,26G,EA,,MFDS_DEVICE_CLASSIFICATION_2026_18,MFDS_DEVICE_CLASSIFICATION_2026_18::INJECTION_NEEDLE,https://www.law.go.kr/LSW/admRulLsInfoP.do?admRulSeq=2100000275656,representative_name;item_family_id;item_subtype_id;normalized_specification;unit_code,2026-07-22T12:35:28.630356+00:00,verified_family,approved,codex_external_evidence_pipeline,2026-07-22T12:35:28.630356+00:00,explicit_family_spec_unit_supported_by_official_taxonomy,classification-v1.0
DECISION::classification-v1.0::ITEM_6f69272b8385f30edbb1,ITEM_6f69272b8385f30edbb1,APPROVE_FAMILY,,,MED_SUPPLY,URINE_BAG,Urine bag,URINE_BAG,Urine bag,750mL,EA,,MFDS_DEVICE_CLASSIFICATION_2026_18,MFDS_DEVICE_CLASSIFICATION_2026_18::URINE_BAG,https://www.law.go.kr/LSW/admRulLsInfoP.do?admRulSeq=2100000275656,representative_name;item_family_id;item_subtype_id;normalized_specification;unit_code,2026-07-22T12:35:28.630356+00:00,verified_family,approved,codex_external_evidence_pipeline,2026-07-22T12:35:28.630356+00:00,explicit_family_spec_unit_supported_by_official_taxonomy,classification-v1.0
DECISION::classification-v1.0::ITEM_6086a435a231a415cc18,ITEM_6086a435a231a415cc18,APPROVE_FAMILY,,,MED_SUPPLY,BLOOD_LANCET,채혈침,BLOOD_LANCET,채혈침,26G,EA,,MFDS_DEVICE_CLASSIFICATION_2026_18,MFDS_DEVICE_CLASSIFICATION_2026_18::BLOOD_LANCET,https://www.law.go.kr/LSW/admRulLsInfoP.do?admRulSeq=2100000275656,representative_name;item_family_id;item_subtype_id;normalized_specification;unit_code,2026-07-22T12:35:28.630356+00:00,verified_family,approved,codex_external_evidence_pipeline,2026-07-22T12:35:28.630356+00:00,explicit_family_spec_unit_supported_by_official_taxonomy,classification-v1.0
DECISION::classification-v1.0::ITEM_a05dd11db7513a1ab1ff,ITEM_a05dd11db7513a1ab1ff,APPROVE_FAMILY,,,MED_SUPPLY,DISPOSABLE_SYRINGE,주사기,SYRINGE_USAGE_BASED,주사기(사용량 기준),1mL,EA,,MFDS_DEVICE_CLASSIFICATION_2026_18,MFDS_DEVICE_CLASSIFICATION_2026_18::DISPOSABLE_SYRINGE,https://www.law.go.kr/LSW/admRulLsInfoP.do?admRulSeq=2100000275656,representative_name;item_family_id;item_subtype_id;normalized_specification;unit_code,2026-07-22T12:35:28.630356+00:00,verified_family,approved,codex_external_evidence_pipeline,2026-07-22T12:35:28.630356+00:00,explicit_family_spec_unit_supported_by_official_taxonomy,classification-v1.0
DECISION::classification-v1.0::ITEM_f3a75a97a3b82f981f3f,ITEM_f3a75a97a3b82f981f3f,APPROVE_FAMILY,,,MED_SUPPLY,BLOOD_LANCET,채혈침,BLOOD_LANCET,채혈침,23G,EA,,MFDS_DEVICE_CLASSIFICATION_2026_18,MFDS_DEVICE_CLASSIFICATION_2026_18::BLOOD_LANCET,https://www.law.go.kr/LSW/admRulLsInfoP.do?admRulSeq=2100000275656,representative_name;item_family_id;item_subtype_id;normalized_specification;unit_code,2026-07-22T12:35:28.630356+00:00,verified_family,approved,codex_external_evidence_pipeline,2026-07-22T12:35:28.630356+00:00,explicit_family_spec_unit_supported_by_official_taxonomy,classification-v1.0
DECISION::classification-v1.0::ITEM_1c5c2707cf40f85a6ebf,ITEM_1c5c2707cf40f85a6ebf,APPROVE_FAMILY,,,MED_SUPPLY,DISPOSABLE_SYRINGE,주사기,SYRINGE_USAGE_BASED,주사기(사용량 기준),5mL,EA,,MFDS_DEVICE_CLASSIFICATION_2026_18,MFDS_DEVICE_CLASSIFICATION_2026_18::DISPOSABLE_SYRINGE,https://www.law.go.kr/LSW/admRulLsInfoP.do?admRulSeq=2100000275656,representative_name;item_family_id;item_subtype_id;normalized_specification;unit_code,2026-07-22T12:35:28.630356+00:00,verified_family,approved,codex_external_evidence_pipeline,2026-07-22T12:35:28.630356+00:00,explicit_family_spec_unit_supported_by_official_taxonomy,classification-v1.0
DECISION::classification-v1.0::ITEM_7159ef63ccac69ac3ade,ITEM_7159ef63ccac69ac3ade,APPROVE_FAMILY,,,MED_SUPPLY,DISPOSABLE_SYRINGE,주사기,SYRINGE_USAGE_BASED,주사기(사용량 기준),10mL,EA,,MFDS_DEVICE_CLASSIFICATION_2026_18,MFDS_DEVICE_CLASSIFICATION_2026_18::DISPOSABLE_SYRINGE,https://www.law.go.kr/LSW/admRulLsInfoP.do?admRulSeq=2100000275656,representative_name;item_family_id;item_subtype_id;normalized_specification;unit_code,2026-07-22T12:35:28.630356+00:00,verified_family,approved,codex_external_evidence_pipeline,2026-07-22T12:35:28.630356+00:00,explicit_family_spec_unit_supported_by_official_taxonomy,classification-v1.0
DECISION::classification-v1.0::ITEM_b1853feb505a5d75cc4a,ITEM_b1853feb505a5d75cc4a,APPROVE_FAMILY,,,MED_SUPPLY,DISPOSABLE_SYRINGE,주사기,SYRINGE_USAGE_BASED,주사기(사용량 기준),3mL,EA,,MFDS_DEVICE_CLASSIFICATION_2026_18,MFDS_DEVICE_CLASSIFICATION_2026_18::DISPOSABLE_SYRINGE,https://www.law.go.kr/LSW/admRulLsInfoP.do?admRulSeq=2100000275656,representative_name;item_family_id;item_subtype_id;normalized_specification;unit_code,2026-07-22T12:35:28.630356+00:00,verified_family,approved,codex_external_evidence_pipeline,2026-07-22T12:35:28.630356+00:00,explicit_family_spec_unit_supported_by_official_taxonomy,classification-v1.0
DECISION::classification-v1.0::ITEM_1520ae049330b49fa22e,ITEM_1520ae049330b49fa22e,APPROVE_FAMILY,,,MED_SUPPLY,DISPOSABLE_SYRINGE,주사기,SYRINGE_USAGE_BASED,주사기(사용량 기준),5mL,EA,,MFDS_DEVICE_CLASSIFICATION_2026_18,MFDS_DEVICE_CLASSIFICATION_2026_18::DISPOSABLE_SYRINGE,https://www.law.go.kr/LSW/admRulLsInfoP.do?admRulSeq=2100000275656,representative_name;item_family_id;item_subtype_id;normalized_specification;unit_code,2026-07-22T12:35:28.630356+00:00,verified_family,approved,codex_external_evidence_pipeline,2026-07-22T12:35:28.630356+00:00,explicit_family_spec_unit_supported_by_official_taxonomy,classification-v1.0
DECISION::classification-v1.0::ITEM_cad4e0ce9054d2500867,ITEM_cad4e0ce9054d2500867,APPROVE_FAMILY,,,MED_SUPPLY,DISPOSABLE_SYRINGE,주사기,SYRINGE_USAGE_BASED,주사기(사용량 기준),1mL,EA,,MFDS_DEVICE_CLASSIFICATION_2026_18,MFDS_DEVICE_CLASSIFICATION_2026_18::DISPOSABLE_SYRINGE,https://www.law.go.kr/LSW/admRulLsInfoP.do?admRulSeq=2100000275656,representative_name;item_family_id;item_subtype_id;normalized_specification;unit_code,2026-07-22T12:35:28.630356+00:00,verified_family,approved,codex_external_evidence_pipeline,2026-07-22T12:35:28.630356+00:00,explicit_family_spec_unit_supported_by_official_taxonomy,classification-v1.0
DECISION::classification-v1.0::ITEM_9144788ec886b5b92acb,ITEM_9144788ec886b5b92acb,APPROVE_FAMILY,,,MED_SUPPLY,DISPOSABLE_SYRINGE,주사기,SYRINGE_USAGE_BASED,주사기(사용량 기준),3mL,EA,,MFDS_DEVICE_CLASSIFICATION_2026_18,MFDS_DEVICE_CLASSIFICATION_2026_18::DISPOSABLE_SYRINGE,https://www.law.go.kr/LSW/admRulLsInfoP.do?admRulSeq=2100000275656,representative_name;item_family_id;item_subtype_id;normalized_specification;unit_code,2026-07-22T12:35:28.630356+00:00,verified_family,approved,codex_external_evidence_pipeline,2026-07-22T12:35:28.630356+00:00,explicit_family_spec_unit_supported_by_official_taxonomy,classification-v1.0
DECISION::classification-v1.0::ITEM_9905c6c6608584a2bbc6,ITEM_9905c6c6608584a2bbc6,APPROVE_FAMILY,,,MED_SUPPLY,INJECTION_NEEDLE,주사침,INJECTION_NEEDLE,주사침,25G,EA,,MFDS_DEVICE_CLASSIFICATION_2026_18,MFDS_DEVICE_CLASSIFICATION_2026_18::INJECTION_NEEDLE,https://www.law.go.kr/LSW/admRulLsInfoP.do?admRulSeq=2100000275656,representative_name;item_family_id;item_subtype_id;normalized_specification;unit_code,2026-07-22T12:35:28.630356+00:00,verified_family,approved,codex_external_evidence_pipeline,2026-07-22T12:35:28.630356+00:00,explicit_family_spec_unit_supported_by_official_taxonomy,classification-v1.0
DECISION::classification-v1.0::ITEM_fb8401489454eb9c281d,ITEM_fb8401489454eb9c281d,APPROVE_FAMILY,,,MED_SUPPLY,DISPOSABLE_SYRINGE,주사기,SYRINGE_USAGE_BASED,주사기(사용량 기준),3mL,EA,,MFDS_DEVICE_CLASSIFICATION_2026_18,MFDS_DEVICE_CLASSIFICATION_2026_18::DISPOSABLE_SYRINGE,https://www.law.go.kr/LSW/admRulLsInfoP.do?admRulSeq=2100000275656,representative_name;item_family_id;item_subtype_id;normalized_specification;unit_code,2026-07-22T12:35:28.630356+00:00,verified_family,approved,codex_external_evidence_pipeline,2026-07-22T12:35:28.630356+00:00,explicit_family_spec_unit_supported_by_official_taxonomy,classification-v1.0
DECISION::classification-v1.0::ITEM_2e4b4db37132ce4184ec,ITEM_2e4b4db37132ce4184ec,APPROVE_FAMILY,,,MED_SUPPLY,DISPOSABLE_SYRINGE,주사기,SYRINGE_USAGE_BASED,주사기(사용량 기준),5mL,EA,,MFDS_DEVICE_CLASSIFICATION_2026_18,MFDS_DEVICE_CLASSIFICATION_2026_18::DISPOSABLE_SYRINGE,https://www.law.go.kr/LSW/admRulLsInfoP.do?admRulSeq=2100000275656,representative_name;item_family_id;item_subtype_id;normalized_specification;unit_code,2026-07-22T12:35:28.630356+00:00,verified_family,approved,codex_external_evidence_pipeline,2026-07-22T12:35:28.630356+00:00,explicit_family_spec_unit_supported_by_official_taxonomy,classification-v1.0
DECISION::classification-v1.0::ITEM_5510d31c21ce5115f7c4,ITEM_5510d31c21ce5115f7c4,APPROVE_FAMILY,,,MED_SUPPLY,DISPOSABLE_SYRINGE,주사기,SYRINGE_USAGE_BASED,주사기(사용량 기준),1mL,EA,,MFDS_DEVICE_CLASSIFICATION_2026_18,MFDS_DEVICE_CLASSIFICATION_2026_18::DISPOSABLE_SYRINGE,https://www.law.go.kr/LSW/admRulLsInfoP.do?admRulSeq=2100000275656,representative_name;item_family_id;item_subtype_id;normalized_specification;unit_code,2026-07-22T12:35:28.630356+00:00,verified_family,approved,codex_external_evidence_pipeline,2026-07-22T12:35:28.630356+00:00,explicit_family_spec_unit_supported_by_official_taxonomy,classification-v1.0
DECISION::classification-v1.0::ITEM_8a611b0ac02622e645dc,ITEM_8a611b0ac02622e645dc,APPROVE_FAMILY,,,MED_SUPPLY,DISPOSABLE_SYRINGE,주사기,SYRINGE_USAGE_BASED,주사기(사용량 기준),3mL,EA,,MFDS_DEVICE_CLASSIFICATION_2026_18,MFDS_DEVICE_CLASSIFICATION_2026_18::DISPOSABLE_SYRINGE,https://www.law.go.kr/LSW/admRulLsInfoP.do?admRulSeq=2100000275656,representative_name;item_family_id;item_subtype_id;normalized_specification;unit_code,2026-07-22T12:35:28.630356+00:00,verified_family,approved,codex_external_evidence_pipeline,2026-07-22T12:35:28.630356+00:00,explicit_family_spec_unit_supported_by_official_taxonomy,classification-v1.0
DECISION::classification-v1.0::ITEM_fdbe79e674dcb3808eec,ITEM_fdbe79e674dcb3808eec,APPROVE_FAMILY,,,MED_SUPPLY,DISPOSABLE_SYRINGE,주사기,SYRINGE_USAGE_BASED,주사기(사용량 기준),5mL,EA,,MFDS_DEVICE_CLASSIFICATION_2026_18,MFDS_DEVICE_CLASSIFICATION_2026_18::DISPOSABLE_SYRINGE,https://www.law.go.kr/LSW/admRulLsInfoP.do?admRulSeq=2100000275656,representative_name;item_family_id;item_subtype_id;normalized_specification;unit_code,2026-07-22T12:35:28.630356+00:00,verified_family,approved,codex_external_evidence_pipeline,2026-07-22T12:35:28.630356+00:00,explicit_family_spec_unit_supported_by_official_taxonomy,classification-v1.0
DECISION::classification-v1.0::ITEM_03453b6797d8b70ab1a2,ITEM_03453b6797d8b70ab1a2,APPROVE_FAMILY,,,MED_SUPPLY,ANGIO_CATHETER,카테터,ANGIO_NEEDLE,카테터(angio needle),18G,EA,,MFDS_DEVICE_CLASSIFICATION_2026_18,MFDS_DEVICE_CLASSIFICATION_2026_18::ANGIO_CATHETER,https://www.law.go.kr/LSW/admRulLsInfoP.do?admRulSeq=2100000275656,representative_name;item_family_id;item_subtype_id;normalized_specification;unit_code,2026-07-22T12:35:28.630356+00:00,verified_family,approved,codex_external_evidence_pipeline,2026-07-22T12:35:28.630356+00:00,explicit_family_spec_unit_supported_by_official_taxonomy,classification-v1.0
DECISION::classification-v1.0::ITEM_4fe996fc6268f0727185,ITEM_4fe996fc6268f0727185,APPROVE_FAMILY,,,MED_SUPPLY,ANGIO_CATHETER,카테터,ANGIO_NEEDLE,카테터(angio needle),18G,EA,,MFDS_DEVICE_CLASSIFICATION_2026_18,MFDS_DEVICE_CLASSIFICATION_2026_18::ANGIO_CATHETER,https://www.law.go.kr/LSW/admRulLsInfoP.do?admRulSeq=2100000275656,representative_name;item_family_id;item_subtype_id;normalized_specification;unit_code,2026-07-22T12:35:28.630356+00:00,verified_family,approved,codex_external_evidence_pipeline,2026-07-22T12:35:28.630356+00:00,explicit_family_spec_unit_supported_by_official_taxonomy,classification-v1.0
DECISION::classification-v1.0::ITEM_7c7949d6e8fed53b33a5,ITEM_7c7949d6e8fed53b33a5,APPROVE_FAMILY,,,MED_SUPPLY,BLOOD_LANCET,채혈침,BLOOD_LANCET,채혈침,28G,EA,,MFDS_DEVICE_CLASSIFICATION_2026_18,MFDS_DEVICE_CLASSIFICATION_2026_18::BLOOD_LANCET,https://www.law.go.kr/LSW/admRulLsInfoP.do?admRulSeq=2100000275656,representative_name;item_family_id;item_subtype_id;normalized_specification;unit_code,2026-07-22T12:35:28.630356+00:00,verified_family,approved,codex_external_evidence_pipeline,2026-07-22T12:35:28.630356+00:00,explicit_family_spec_unit_supported_by_official_taxonomy,classification-v1.0
DECISION::classification-v1.0::ITEM_583574f5f45e008f6e1c,ITEM_583574f5f45e008f6e1c,APPROVE_FAMILY,,,MED_SUPPLY,URINE_BAG,Urine bag,URINE_BAG,Urine bag,500mL,EA,,MFDS_DEVICE_CLASSIFICATION_2026_18,MFDS_DEVICE_CLASSIFICATION_2026_18::URINE_BAG,https://www.law.go.kr/LSW/admRulLsInfoP.do?admRulSeq=2100000275656,representative_name;item_family_id;item_subtype_id;normalized_specification;unit_code,2026-07-22T12:35:28.630356+00:00,verified_family,approved,codex_external_evidence_pipeline,2026-07-22T12:35:28.630356+00:00,explicit_family_spec_unit_supported_by_official_taxonomy,classification-v1.0
DECISION::classification-v1.0::ITEM_01ca3c2c688e5cf18c66,ITEM_01ca3c2c688e5cf18c66,APPROVE_FAMILY,,,MED_SUPPLY,URINE_BAG,Urine bag,URINE_BAG,Urine bag,600mL,EA,,MFDS_DEVICE_CLASSIFICATION_2026_18,MFDS_DEVICE_CLASSIFICATION_2026_18::URINE_BAG,https://www.law.go.kr/LSW/admRulLsInfoP.do?admRulSeq=2100000275656,representative_name;item_family_id;item_subtype_id;normalized_specification;unit_code,2026-07-22T12:35:28.630356+00:00,verified_family,approved,codex_external_evidence_pipeline,2026-07-22T12:35:28.630356+00:00,explicit_family_spec_unit_supported_by_official_taxonomy,classification-v1.0
DECISION::classification-v1.0::ITEM_37b1b0560254d91b1ebe,ITEM_37b1b0560254d91b1ebe,APPROVE_FAMILY,,,WASTE,MEDICAL_WASTE_CONTAINER,의료폐기물 전용용기,RIGID_NEEDLE_BOX,합성수지형 용기(needle box),2L,EA,,WASTE_RULE_APPENDIX_5_2026_03_26,WASTE_RULE_APPENDIX_5_2026_03_26::MEDICAL_WASTE_CONTAINER,https://www.law.go.kr/flDownload.do?bylClsCd=110201&flSeq=162812925&gubun=,representative_name;item_family_id;item_subtype_id;normalized_specification;unit_code,2026-07-22T12:35:28.630356+00:00,verified_family,approved,codex_external_evidence_pipeline,2026-07-22T12:35:28.630356+00:00,explicit_family_spec_unit_supported_by_official_taxonomy,classification-v1.0
DECISION::classification-v1.0::ITEM_9aedabbdf66f5bb5ad28,ITEM_9aedabbdf66f5bb5ad28,APPROVE_FAMILY,,,MED_SUPPLY,BLOOD_LANCET,채혈침,BLOOD_LANCET,채혈침,30G,EA,,MFDS_DEVICE_CLASSIFICATION_2026_18,MFDS_DEVICE_CLASSIFICATION_2026_18::BLOOD_LANCET,https://www.law.go.kr/LSW/admRulLsInfoP.do?admRulSeq=2100000275656,representative_name;item_family_id;item_subtype_id;normalized_specification;unit_code,2026-07-22T12:35:28.630356+00:00,verified_family,approved,codex_external_evidence_pipeline,2026-07-22T12:35:28.630356+00:00,explicit_family_spec_unit_supported_by_official_taxonomy,classification-v1.0
DECISION::classification-v1.0::ITEM_f1d42a4706a996f2e400,ITEM_f1d42a4706a996f2e400,APPROVE_FAMILY,,,MED_SUPPLY,BLOOD_LANCET,채혈침,BLOOD_LANCET,채혈침,23G,EA,,MFDS_DEVICE_CLASSIFICATION_2026_18,MFDS_DEVICE_CLASSIFICATION_2026_18::BLOOD_LANCET,https://www.law.go.kr/LSW/admRulLsInfoP.do?admRulSeq=2100000275656,representative_name;item_family_id;item_subtype_id;normalized_specification;unit_code,2026-07-22T12:35:28.630356+00:00,verified_family,approved,codex_external_evidence_pipeline,2026-07-22T12:35:28.630356+00:00,explicit_family_spec_unit_supported_by_official_taxonomy,classification-v1.0
DECISION::classification-v1.0::ITEM_bbc37e518367776c7206,ITEM_bbc37e518367776c7206,APPROVE_FAMILY,,,MED_SUPPLY,INJECTION_NEEDLE,주사침,INJECTION_NEEDLE,주사침,27G,EA,,MFDS_DEVICE_CLASSIFICATION_2026_18,MFDS_DEVICE_CLASSIFICATION_2026_18::INJECTION_NEEDLE,https://www.law.go.kr/LSW/admRulLsInfoP.do?admRulSeq=2100000275656,representative_name;item_family_id;item_subtype_id;normalized_specification;unit_code,2026-07-22T12:35:28.630356+00:00,verified_family,approved,codex_external_evidence_pipeline,2026-07-22T12:35:28.630356+00:00,explicit_family_spec_unit_supported_by_official_taxonomy,classification-v1.0
DECISION::classification-v1.0::ITEM_60b622ead6fe808b6c23,ITEM_60b622ead6fe808b6c23,APPROVE_FAMILY,,,MED_SUPPLY,DISPOSABLE_SYRINGE,주사기,SYRINGE_USAGE_BASED,주사기(사용량 기준),3mL,EA,,MFDS_DEVICE_CLASSIFICATION_2026_18,MFDS_DEVICE_CLASSIFICATION_2026_18::DISPOSABLE_SYRINGE,https://www.law.go.kr/LSW/admRulLsInfoP.do?admRulSeq=2100000275656,representative_name;item_family_id;item_subtype_id;normalized_specification;unit_code,2026-07-22T12:35:28.630356+00:00,verified_family,approved,codex_external_evidence_pipeline,2026-07-22T12:35:28.630356+00:00,explicit_family_spec_unit_supported_by_official_taxonomy,classification-v1.0
DECISION::classification-v1.0::ITEM_a76a75241f8ea30f2b43,ITEM_a76a75241f8ea30f2b43,APPROVE_FAMILY,,,MED_SUPPLY,DISPOSABLE_SYRINGE,주사기,SYRINGE_USAGE_BASED,주사기(사용량 기준),1mL,EA,,MFDS_DEVICE_CLASSIFICATION_2026_18,MFDS_DEVICE_CLASSIFICATION_2026_18::DISPOSABLE_SYRINGE,https://www.law.go.kr/LSW/admRulLsInfoP.do?admRulSeq=2100000275656,representative_name;item_family_id;item_subtype_id;normalized_specification;unit_code,2026-07-22T12:35:28.630356+00:00,verified_family,approved,codex_external_evidence_pipeline,2026-07-22T12:35:28.630356+00:00,explicit_family_spec_unit_supported_by_official_taxonomy,classification-v1.0
DECISION::classification-v1.0::ITEM_d72e1492d33087587f93,ITEM_d72e1492d33087587f93,APPROVE_FAMILY,,,WASTE,MEDICAL_WASTE_CONTAINER,의료폐기물 전용용기,RIGID_NEEDLE_BOX,합성수지형 용기(needle box),20L,EA,,WASTE_RULE_APPENDIX_5_2026_03_26,WASTE_RULE_APPENDIX_5_2026_03_26::MEDICAL_WASTE_CONTAINER,https://www.law.go.kr/flDownload.do?bylClsCd=110201&flSeq=162812925&gubun=,representative_name;item_family_id;item_subtype_id;normalized_specification;unit_code,2026-07-22T12:35:28.630356+00:00,verified_family,approved,codex_external_evidence_pipeline,2026-07-22T12:35:28.630356+00:00,explicit_family_spec_unit_supported_by_official_taxonomy,classification-v1.0
DECISION::classification-v1.0::ITEM_796e5f2dcb634a2946ba,ITEM_796e5f2dcb634a2946ba,APPROVE_FAMILY,,,MED_SUPPLY,BLOOD_LANCET,채혈침,BLOOD_LANCET,채혈침,26G,EA,,MFDS_DEVICE_CLASSIFICATION_2026_18,MFDS_DEVICE_CLASSIFICATION_2026_18::BLOOD_LANCET,https://www.law.go.kr/LSW/admRulLsInfoP.do?admRulSeq=2100000275656,representative_name;item_family_id;item_subtype_id;normalized_specification;unit_code,2026-07-22T12:35:28.630356+00:00,verified_family,approved,codex_external_evidence_pipeline,2026-07-22T12:35:28.630356+00:00,explicit_family_spec_unit_supported_by_official_taxonomy,classification-v1.0
DECISION::classification-v1.0::ITEM_0bf6d2f24c750d4d7f61,ITEM_0bf6d2f24c750d4d7f61,APPROVE_FAMILY,,,MED_SUPPLY,DISPOSABLE_SYRINGE,주사기,SYRINGE_USAGE_BASED,주사기(사용량 기준),3mL,EA,,MFDS_DEVICE_CLASSIFICATION_2026_18,MFDS_DEVICE_CLASSIFICATION_2026_18::DISPOSABLE_SYRINGE,https://www.law.go.kr/LSW/admRulLsInfoP.do?admRulSeq=2100000275656,representative_name;item_family_id;item_subtype_id;normalized_specification;unit_code,2026-07-22T12:35:28.630356+00:00,verified_family,approved,codex_external_evidence_pipeline,2026-07-22T12:35:28.630356+00:00,explicit_family_spec_unit_supported_by_official_taxonomy,classification-v1.0
DECISION::classification-v1.0::ITEM_31acf64f6cff0c03a490,ITEM_31acf64f6cff0c03a490,APPROVE_FAMILY,,,MED_SUPPLY,BLOOD_LANCET,채혈침,BLOOD_LANCET,채혈침,30G,EA,,MFDS_DEVICE_CLASSIFICATION_2026_18,MFDS_DEVICE_CLASSIFICATION_2026_18::BLOOD_LANCET,https://www.law.go.kr/LSW/admRulLsInfoP.do?admRulSeq=2100000275656,representative_name;item_family_id;item_subtype_id;normalized_specification;unit_code,2026-07-22T12:35:28.630356+00:00,verified_family,approved,codex_external_evidence_pipeline,2026-07-22T12:35:28.630356+00:00,explicit_family_spec_unit_supported_by_official_taxonomy,classification-v1.0
DECISION::classification-v1.0::ITEM_65a29078bb8ce6e42a18,ITEM_65a29078bb8ce6e42a18,APPROVE_FAMILY,,,MED_SUPPLY,DISPOSABLE_SYRINGE,주사기,SYRINGE_USAGE_BASED,주사기(사용량 기준),1mL,EA,,MFDS_DEVICE_CLASSIFICATION_2026_18,MFDS_DEVICE_CLASSIFICATION_2026_18::DISPOSABLE_SYRINGE,https://www.law.go.kr/LSW/admRulLsInfoP.do?admRulSeq=2100000275656,representative_name;item_family_id;item_subtype_id;normalized_specification;unit_code,2026-07-22T12:35:28.630356+00:00,verified_family,approved,codex_external_evidence_pipeline,2026-07-22T12:35:28.630356+00:00,explicit_family_spec_unit_supported_by_official_taxonomy,classification-v1.0
DECISION::classification-v1.0::ITEM_9c748f2a27340fa56549,ITEM_9c748f2a27340fa56549,APPROVE_FAMILY,,,MED_SUPPLY,BLOOD_LANCET,채혈침,BLOOD_LANCET,채혈침,23G,EA,,MFDS_DEVICE_CLASSIFICATION_2026_18,MFDS_DEVICE_CLASSIFICATION_2026_18::BLOOD_LANCET,https://www.law.go.kr/LSW/admRulLsInfoP.do?admRulSeq=2100000275656,representative_name;item_family_id;item_subtype_id;normalized_specification;unit_code,2026-07-22T12:35:28.630356+00:00,verified_family,approved,codex_external_evidence_pipeline,2026-07-22T12:35:28.630356+00:00,explicit_family_spec_unit_supported_by_official_taxonomy,classification-v1.0
DECISION::classification-v1.0::ITEM_1b316e9e6f56359a87dc,ITEM_1b316e9e6f56359a87dc,APPROVE_FAMILY,,,MED_SUPPLY,DISPOSABLE_SYRINGE,주사기,SYRINGE_USAGE_BASED,주사기(사용량 기준),5mL,EA,,MFDS_DEVICE_CLASSIFICATION_2026_18,MFDS_DEVICE_CLASSIFICATION_2026_18::DISPOSABLE_SYRINGE,https://www.law.go.kr/LSW/admRulLsInfoP.do?admRulSeq=2100000275656,representative_name;item_family_id;item_subtype_id;normalized_specification;unit_code,2026-07-22T12:35:28.630356+00:00,verified_family,approved,codex_external_evidence_pipeline,2026-07-22T12:35:28.630356+00:00,explicit_family_spec_unit_supported_by_official_taxonomy,classification-v1.0
DECISION::classification-v1.0::ITEM_0700e415585d75061a86,ITEM_0700e415585d75061a86,APPROVE_FAMILY,,,MED_SUPPLY,DISPOSABLE_SYRINGE,주사기,SYRINGE_USAGE_BASED,주사기(사용량 기준),3mL,EA,,MFDS_DEVICE_CLASSIFICATION_2026_18,MFDS_DEVICE_CLASSIFICATION_2026_18::DISPOSABLE_SYRINGE,https://www.law.go.kr/LSW/admRulLsInfoP.do?admRulSeq=2100000275656,representative_name;item_family_id;item_subtype_id;normalized_specification;unit_code,2026-07-22T12:35:28.630356+00:00,verified_family,approved,codex_external_evidence_pipeline,2026-07-22T12:35:28.630356+00:00,explicit_family_spec_unit_supported_by_official_taxonomy,classification-v1.0
DECISION::classification-v1.0::ITEM_f35bd5b3589998f2ac49,ITEM_f35bd5b3589998f2ac49,APPROVE_FAMILY,,,MED_SUPPLY,DISPOSABLE_SYRINGE,주사기,SYRINGE_USAGE_BASED,주사기(사용량 기준),5mL,EA,,MFDS_DEVICE_CLASSIFICATION_2026_18,MFDS_DEVICE_CLASSIFICATION_2026_18::DISPOSABLE_SYRINGE,https://www.law.go.kr/LSW/admRulLsInfoP.do?admRulSeq=2100000275656,representative_name;item_family_id;item_subtype_id;normalized_specification;unit_code,2026-07-22T12:35:28.630356+00:00,verified_family,approved,codex_external_evidence_pipeline,2026-07-22T12:35:28.630356+00:00,explicit_family_spec_unit_supported_by_official_taxonomy,classification-v1.0
DECISION::classification-v1.0::ITEM_22febd6bc3d1fd97e8cd,ITEM_22febd6bc3d1fd97e8cd,APPROVE_FAMILY,,,MED_SUPPLY,BLOOD_LANCET,채혈침,BLOOD_LANCET,채혈침,26G,EA,,MFDS_DEVICE_CLASSIFICATION_2026_18,MFDS_DEVICE_CLASSIFICATION_2026_18::BLOOD_LANCET,https://www.law.go.kr/LSW/admRulLsInfoP.do?admRulSeq=2100000275656,representative_name;item_family_id;item_subtype_id;normalized_specification;unit_code,2026-07-22T12:35:28.630356+00:00,verified_family,approved,codex_external_evidence_pipeline,2026-07-22T12:35:28.630356+00:00,explicit_family_spec_unit_supported_by_official_taxonomy,classification-v1.0
DECISION::classification-v1.0::ITEM_efd85bba4c30eeb8072b,ITEM_efd85bba4c30eeb8072b,APPROVE_FAMILY,,,MED_SUPPLY,BLOOD_LANCET,채혈침,BLOOD_LANCET,채혈침,30G,EA,,MFDS_DEVICE_CLASSIFICATION_2026_18,MFDS_DEVICE_CLASSIFICATION_2026_18::BLOOD_LANCET,https://www.law.go.kr/LSW/admRulLsInfoP.do?admRulSeq=2100000275656,representative_name;item_family_id;item_subtype_id;normalized_specification;unit_code,2026-07-22T12:35:28.630356+00:00,verified_family,approved,codex_external_evidence_pipeline,2026-07-22T12:35:28.630356+00:00,explicit_family_spec_unit_supported_by_official_taxonomy,classification-v1.0
DECISION::classification-v1.0::ITEM_3add5a80a96e1cd4ab66,ITEM_3add5a80a96e1cd4ab66,APPROVE_FAMILY,,,MED_SUPPLY,INJECTION_NEEDLE,주사침,INJECTION_NEEDLE,주사침,28G,EA,,MFDS_DEVICE_CLASSIFICATION_2026_18,MFDS_DEVICE_CLASSIFICATION_2026_18::INJECTION_NEEDLE,https://www.law.go.kr/LSW/admRulLsInfoP.do?admRulSeq=2100000275656,representative_name;item_family_id;item_subtype_id;normalized_specification;unit_code,2026-07-22T12:35:28.630356+00:00,verified_family,approved,codex_external_evidence_pipeline,2026-07-22T12:35:28.630356+00:00,explicit_family_spec_unit_supported_by_official_taxonomy,classification-v1.0
DECISION::classification-v1.0::ITEM_b60aa1e43de21f6ff496,ITEM_b60aa1e43de21f6ff496,APPROVE_FAMILY,,,WASTE,MEDICAL_WASTE_CONTAINER,의료폐기물 전용용기,RIGID_NEEDLE_BOX,합성수지형 용기(needle box),2L,EA,,WASTE_RULE_APPENDIX_5_2026_03_26,WASTE_RULE_APPENDIX_5_2026_03_26::MEDICAL_WASTE_CONTAINER,https://www.law.go.kr/flDownload.do?bylClsCd=110201&flSeq=162812925&gubun=,representative_name;item_family_id;item_subtype_id;normalized_specification;unit_code,2026-07-22T12:35:28.630356+00:00,verified_family,approved,codex_external_evidence_pipeline,2026-07-22T12:35:28.630356+00:00,explicit_family_spec_unit_supported_by_official_taxonomy,classification-v1.0
DECISION::classification-v1.0::ITEM_6b3eb24155c54631c5e4,ITEM_6b3eb24155c54631c5e4,APPROVE_FAMILY,,,WASTE,MEDICAL_WASTE_CONTAINER,의료폐기물 전용용기,RIGID_NEEDLE_BOX,합성수지형 용기(needle box),2L,EA,,WASTE_RULE_APPENDIX_5_2026_03_26,WASTE_RULE_APPENDIX_5_2026_03_26::MEDICAL_WASTE_CONTAINER,https://www.law.go.kr/flDownload.do?bylClsCd=110201&flSeq=162812925&gubun=,representative_name;item_family_id;item_subtype_id;normalized_specification;unit_code,2026-07-22T12:35:28.630356+00:00,verified_family,approved,codex_external_evidence_pipeline,2026-07-22T12:35:28.630356+00:00,explicit_family_spec_unit_supported_by_official_taxonomy,classification-v1.0
DECISION::classification-v1.0::ITEM_ae7a6af440c645f423bb,ITEM_ae7a6af440c645f423bb,APPROVE_FAMILY,,,MED_SUPPLY,BLOOD_LANCET,채혈침,BLOOD_LANCET,채혈침,26G,EA,,MFDS_DEVICE_CLASSIFICATION_2026_18,MFDS_DEVICE_CLASSIFICATION_2026_18::BLOOD_LANCET,https://www.law.go.kr/LSW/admRulLsInfoP.do?admRulSeq=2100000275656,representative_name;item_family_id;item_subtype_id;normalized_specification;unit_code,2026-07-22T12:35:28.630356+00:00,verified_family,approved,codex_external_evidence_pipeline,2026-07-22T12:35:28.630356+00:00,explicit_family_spec_unit_supported_by_official_taxonomy,classification-v1.0
DECISION::classification-v1.0::ITEM_30c4fb02b9ab006c32e4,ITEM_30c4fb02b9ab006c32e4,APPROVE_FAMILY,,,MED_SUPPLY,BLOOD_LANCET,채혈침,BLOOD_LANCET,채혈침,30G,EA,,MFDS_DEVICE_CLASSIFICATION_2026_18,MFDS_DEVICE_CLASSIFICATION_2026_18::BLOOD_LANCET,https://www.law.go.kr/LSW/admRulLsInfoP.do?admRulSeq=2100000275656,representative_name;item_family_id;item_subtype_id;normalized_specification;unit_code,2026-07-22T12:35:28.630356+00:00,verified_family,approved,codex_external_evidence_pipeline,2026-07-22T12:35:28.630356+00:00,explicit_family_spec_unit_supported_by_official_taxonomy,classification-v1.0
DECISION::classification-v1.0::ITEM_3e9da42fdb0f2b6507a2,ITEM_3e9da42fdb0f2b6507a2,APPROVE_FAMILY,,,MED_SUPPLY,INJECTION_NEEDLE,주사침,INJECTION_NEEDLE,주사침,30G,EA,,MFDS_DEVICE_CLASSIFICATION_2026_18,MFDS_DEVICE_CLASSIFICATION_2026_18::INJECTION_NEEDLE,https://www.law.go.kr/LSW/admRulLsInfoP.do?admRulSeq=2100000275656,representative_name;item_family_id;item_subtype_id;normalized_specification;unit_code,2026-07-22T12:35:28.630356+00:00,verified_family,approved,codex_external_evidence_pipeline,2026-07-22T12:35:28.630356+00:00,explicit_family_spec_unit_supported_by_official_taxonomy,classification-v1.0
DECISION::classification-v1.0::ITEM_c2d592ce40d4f122cae3,ITEM_c2d592ce40d4f122cae3,APPROVE_FAMILY,,,MED_SUPPLY,DISPOSABLE_SYRINGE,주사기,SYRINGE_USAGE_BASED,주사기(사용량 기준),50mL,EA,,MFDS_DEVICE_CLASSIFICATION_2026_18,MFDS_DEVICE_CLASSIFICATION_2026_18::DISPOSABLE_SYRINGE,https://www.law.go.kr/LSW/admRulLsInfoP.do?admRulSeq=2100000275656,representative_name;item_family_id;item_subtype_id;normalized_specification;unit_code,2026-07-22T12:35:28.630356+00:00,verified_family,approved,codex_external_evidence_pipeline,2026-07-22T12:35:28.630356+00:00,explicit_family_spec_unit_supported_by_official_taxonomy,classification-v1.0
DECISION::classification-v1.0::ITEM_d2426d55e2182b205a18,ITEM_d2426d55e2182b205a18,APPROVE_FAMILY,,,MED_SUPPLY,INJECTION_NEEDLE,주사침,INJECTION_NEEDLE,주사침,22G,EA,,MFDS_DEVICE_CLASSIFICATION_2026_18,MFDS_DEVICE_CLASSIFICATION_2026_18::INJECTION_NEEDLE,https://www.law.go.kr/LSW/admRulLsInfoP.do?admRulSeq=2100000275656,representative_name;item_family_id;item_subtype_id;normalized_specification;unit_code,2026-07-22T12:35:28.630356+00:00,verified_family,approved,codex_external_evidence_pipeline,2026-07-22T12:35:28.630356+00:00,explicit_family_spec_unit_supported_by_official_taxonomy,classification-v1.0
DECISION::classification-v1.0::ITEM_74f93b2d0df59e72d209,ITEM_74f93b2d0df59e72d209,APPROVE_FAMILY,,,MED_SUPPLY,ANGIO_CATHETER,카테터,BUTTERFLY_NEEDLE,나비 바늘,나비 바늘,EA,,MFDS_DEVICE_CLASSIFICATION_2026_18,MFDS_DEVICE_CLASSIFICATION_2026_18::ANGIO_CATHETER,https://www.law.go.kr/LSW/admRulLsInfoP.do?admRulSeq=2100000275656,representative_name;item_family_id;item_subtype_id;normalized_specification;unit_code,2026-07-22T12:35:28.630356+00:00,verified_family,approved,codex_external_evidence_pipeline,2026-07-22T12:35:28.630356+00:00,explicit_family_spec_unit_supported_by_official_taxonomy,classification-v1.0
DECISION::classification-v1.0::ITEM_3d73f5c88817d7fa49e4,ITEM_3d73f5c88817d7fa49e4,APPROVE_FAMILY,,,MED_SUPPLY,DISPOSABLE_SYRINGE,주사기,SYRINGE_USAGE_BASED,주사기(사용량 기준),5mL,EA,,MFDS_DEVICE_CLASSIFICATION_2026_18,MFDS_DEVICE_CLASSIFICATION_2026_18::DISPOSABLE_SYRINGE,https://www.law.go.kr/LSW/admRulLsInfoP.do?admRulSeq=2100000275656,representative_name;item_family_id;item_subtype_id;normalized_specification;unit_code,2026-07-22T12:35:28.630356+00:00,verified_family,approved,codex_external_evidence_pipeline,2026-07-22T12:35:28.630356+00:00,explicit_family_spec_unit_supported_by_official_taxonomy,classification-v1.0
DECISION::classification-v1.0::ITEM_bffd288e0b203995a0e7,ITEM_bffd288e0b203995a0e7,APPROVE_FAMILY,,,MED_SUPPLY,DISPOSABLE_SYRINGE,주사기,SYRINGE_USAGE_BASED,주사기(사용량 기준),5mL,EA,,MFDS_DEVICE_CLASSIFICATION_2026_18,MFDS_DEVICE_CLASSIFICATION_2026_18::DISPOSABLE_SYRINGE,https://www.law.go.kr/LSW/admRulLsInfoP.do?admRulSeq=2100000275656,representative_name;item_family_id;item_subtype_id;normalized_specification;unit_code,2026-07-22T12:35:28.630356+00:00,verified_family,approved,codex_external_evidence_pipeline,2026-07-22T12:35:28.630356+00:00,explicit_family_spec_unit_supported_by_official_taxonomy,classification-v1.0
DECISION::classification-v1.0::ITEM_2304c2889de4261e7c4c,ITEM_2304c2889de4261e7c4c,APPROVE_FAMILY,,,MED_SUPPLY,INJECTION_NEEDLE,주사침,INJECTION_NEEDLE,주사침,27G,EA,,MFDS_DEVICE_CLASSIFICATION_2026_18,MFDS_DEVICE_CLASSIFICATION_2026_18::INJECTION_NEEDLE,https://www.law.go.kr/LSW/admRulLsInfoP.do?admRulSeq=2100000275656,representative_name;item_family_id;item_subtype_id;normalized_specification;unit_code,2026-07-22T12:35:28.630356+00:00,verified_family,approved,codex_external_evidence_pipeline,2026-07-22T12:35:28.630356+00:00,explicit_family_spec_unit_supported_by_official_taxonomy,classification-v1.0
DECISION::classification-v1.0::ITEM_1c94c8c138ed4c90fb40,ITEM_1c94c8c138ed4c90fb40,APPROVE_FAMILY,,,MED_SUPPLY,DISPOSABLE_SYRINGE,주사기,SYRINGE_USAGE_BASED,주사기(사용량 기준),30mL,EA,,MFDS_DEVICE_CLASSIFICATION_2026_18,MFDS_DEVICE_CLASSIFICATION_2026_18::DISPOSABLE_SYRINGE,https://www.law.go.kr/LSW/admRulLsInfoP.do?admRulSeq=2100000275656,representative_name;item_family_id;item_subtype_id;normalized_specification;unit_code,2026-07-22T12:35:28.630356+00:00,verified_family,approved,codex_external_evidence_pipeline,2026-07-22T12:35:28.630356+00:00,explicit_family_spec_unit_supported_by_official_taxonomy,classification-v1.0
DECISION::classification-v1.0::ITEM_40f86446f9986ae981f8,ITEM_40f86446f9986ae981f8,APPROVE_FAMILY,,,MED_SUPPLY,DISPOSABLE_SYRINGE,주사기,SYRINGE_USAGE_BASED,주사기(사용량 기준),3mL,EA,,MFDS_DEVICE_CLASSIFICATION_2026_18,MFDS_DEVICE_CLASSIFICATION_2026_18::DISPOSABLE_SYRINGE,https://www.law.go.kr/LSW/admRulLsInfoP.do?admRulSeq=2100000275656,representative_name;item_family_id;item_subtype_id;normalized_specification;unit_code,2026-07-22T12:35:28.630356+00:00,verified_family,approved,codex_external_evidence_pipeline,2026-07-22T12:35:28.630356+00:00,explicit_family_spec_unit_supported_by_official_taxonomy,classification-v1.0
DECISION::classification-v1.0::ITEM_03aead9d6269927db238,ITEM_03aead9d6269927db238,APPROVE_FAMILY,,,MED_SUPPLY,DISPOSABLE_SYRINGE,주사기,SYRINGE_USAGE_BASED,주사기(사용량 기준),3mL,EA,,MFDS_DEVICE_CLASSIFICATION_2026_18,MFDS_DEVICE_CLASSIFICATION_2026_18::DISPOSABLE_SYRINGE,https://www.law.go.kr/LSW/admRulLsInfoP.do?admRulSeq=2100000275656,representative_name;item_family_id;item_subtype_id;normalized_specification;unit_code,2026-07-22T12:35:28.630356+00:00,verified_family,approved,codex_external_evidence_pipeline,2026-07-22T12:35:28.630356+00:00,explicit_family_spec_unit_supported_by_official_taxonomy,classification-v1.0
DECISION::classification-v1.0::ITEM_11c008b36094543a0d59,ITEM_11c008b36094543a0d59,APPROVE_FAMILY,,,MED_SUPPLY,BLOOD_LANCET,채혈침,BLOOD_LANCET,채혈침,28G,EA,,MFDS_DEVICE_CLASSIFICATION_2026_18,MFDS_DEVICE_CLASSIFICATION_2026_18::BLOOD_LANCET,https://www.law.go.kr/LSW/admRulLsInfoP.do?admRulSeq=2100000275656,representative_name;item_family_id;item_subtype_id;normalized_specification;unit_code,2026-07-22T12:35:28.630356+00:00,verified_family,approved,codex_external_evidence_pipeline,2026-07-22T12:35:28.630356+00:00,explicit_family_spec_unit_supported_by_official_taxonomy,classification-v1.0
DECISION::classification-v1.0::ITEM_89f907908bc485c895bd,ITEM_89f907908bc485c895bd,APPROVE_FAMILY,,,MED_SUPPLY,DISPOSABLE_SYRINGE,주사기,SYRINGE_USAGE_BASED,주사기(사용량 기준),10mL,EA,,MFDS_DEVICE_CLASSIFICATION_2026_18,MFDS_DEVICE_CLASSIFICATION_2026_18::DISPOSABLE_SYRINGE,https://www.law.go.kr/LSW/admRulLsInfoP.do?admRulSeq=2100000275656,representative_name;item_family_id;item_subtype_id;normalized_specification;unit_code,2026-07-22T12:35:28.630356+00:00,verified_family,approved,codex_external_evidence_pipeline,2026-07-22T12:35:28.630356+00:00,explicit_family_spec_unit_supported_by_official_taxonomy,classification-v1.0
DECISION::classification-v1.0::ITEM_4064990b546c747c4e51,ITEM_4064990b546c747c4e51,APPROVE_FAMILY,,,MED_SUPPLY,INJECTION_NEEDLE,주사침,INJECTION_NEEDLE,주사침,23G,EA,,MFDS_DEVICE_CLASSIFICATION_2026_18,MFDS_DEVICE_CLASSIFICATION_2026_18::INJECTION_NEEDLE,https://www.law.go.kr/LSW/admRulLsInfoP.do?admRulSeq=2100000275656,representative_name;item_family_id;item_subtype_id;normalized_specification;unit_code,2026-07-22T12:35:28.630356+00:00,verified_family,approved,codex_external_evidence_pipeline,2026-07-22T12:35:28.630356+00:00,explicit_family_spec_unit_supported_by_official_taxonomy,classification-v1.0
DECISION::classification-v1.0::ITEM_1023099304b34f254d96,ITEM_1023099304b34f254d96,APPROVE_FAMILY,,,MED_SUPPLY,DISPOSABLE_SYRINGE,주사기,SYRINGE_USAGE_BASED,주사기(사용량 기준),1mL,EA,,MFDS_DEVICE_CLASSIFICATION_2026_18,MFDS_DEVICE_CLASSIFICATION_2026_18::DISPOSABLE_SYRINGE,https://www.law.go.kr/LSW/admRulLsInfoP.do?admRulSeq=2100000275656,representative_name;item_family_id;item_subtype_id;normalized_specification;unit_code,2026-07-22T12:35:28.630356+00:00,verified_family,approved,codex_external_evidence_pipeline,2026-07-22T12:35:28.630356+00:00,explicit_family_spec_unit_supported_by_official_taxonomy,classification-v1.0
DECISION::classification-v1.0::ITEM_e85a02ab69409c19729a,ITEM_e85a02ab69409c19729a,APPROVE_FAMILY,,,WASTE,MEDICAL_WASTE_CONTAINER,의료폐기물 전용용기,RIGID_NEEDLE_BOX,합성수지형 용기(needle box),5L,EA,,WASTE_RULE_APPENDIX_5_2026_03_26,WASTE_RULE_APPENDIX_5_2026_03_26::MEDICAL_WASTE_CONTAINER,https://www.law.go.kr/flDownload.do?bylClsCd=110201&flSeq=162812925&gubun=,representative_name;item_family_id;item_subtype_id;normalized_specification;unit_code,2026-07-22T12:35:28.630356+00:00,verified_family,approved,codex_external_evidence_pipeline,2026-07-22T12:35:28.630356+00:00,explicit_family_spec_unit_supported_by_official_taxonomy,classification-v1.0
DECISION::classification-v1.0::ITEM_1b34d4f771311bae0318,ITEM_1b34d4f771311bae0318,APPROVE_FAMILY,,,MED_SUPPLY,BLOOD_LANCET,채혈침,BLOOD_LANCET,채혈침,28G,EA,,MFDS_DEVICE_CLASSIFICATION_2026_18,MFDS_DEVICE_CLASSIFICATION_2026_18::BLOOD_LANCET,https://www.law.go.kr/LSW/admRulLsInfoP.do?admRulSeq=2100000275656,representative_name;item_family_id;item_subtype_id;normalized_specification;unit_code,2026-07-22T12:35:28.630356+00:00,verified_family,approved,codex_external_evidence_pipeline,2026-07-22T12:35:28.630356+00:00,explicit_family_spec_unit_supported_by_official_taxonomy,classification-v1.0
DECISION::classification-v1.0::ITEM_1d8d768ac4b38f6269b9,ITEM_1d8d768ac4b38f6269b9,APPROVE_FAMILY,,,MED_SUPPLY,BLOOD_LANCET,채혈침,BLOOD_LANCET,채혈침,30G,EA,,MFDS_DEVICE_CLASSIFICATION_2026_18,MFDS_DEVICE_CLASSIFICATION_2026_18::BLOOD_LANCET,https://www.law.go.kr/LSW/admRulLsInfoP.do?admRulSeq=2100000275656,representative_name;item_family_id;item_subtype_id;normalized_specification;unit_code,2026-07-22T12:35:28.630356+00:00,verified_family,approved,codex_external_evidence_pipeline,2026-07-22T12:35:28.630356+00:00,explicit_family_spec_unit_supported_by_official_taxonomy,classification-v1.0
DECISION::classification-v1.0::ITEM_db78cdb4d74ae18e0f44,ITEM_db78cdb4d74ae18e0f44,APPROVE_FAMILY,,,MED_SUPPLY,BLOOD_LANCET,채혈침,BLOOD_LANCET,채혈침,30G,EA,,MFDS_DEVICE_CLASSIFICATION_2026_18,MFDS_DEVICE_CLASSIFICATION_2026_18::BLOOD_LANCET,https://www.law.go.kr/LSW/admRulLsInfoP.do?admRulSeq=2100000275656,representative_name;item_family_id;item_subtype_id;normalized_specification;unit_code,2026-07-22T12:35:28.630356+00:00,verified_family,approved,codex_external_evidence_pipeline,2026-07-22T12:35:28.630356+00:00,explicit_family_spec_unit_supported_by_official_taxonomy,classification-v1.0
DECISION::classification-v1.0::ITEM_cd94fd03b158ec7e5e6f,ITEM_cd94fd03b158ec7e5e6f,APPROVE_FAMILY,,,MED_SUPPLY,INJECTION_NEEDLE,주사침,INJECTION_NEEDLE,주사침,30G,EA,,MFDS_DEVICE_CLASSIFICATION_2026_18,MFDS_DEVICE_CLASSIFICATION_2026_18::INJECTION_NEEDLE,https://www.law.go.kr/LSW/admRulLsInfoP.do?admRulSeq=2100000275656,representative_name;item_family_id;item_subtype_id;normalized_specification;unit_code,2026-07-22T12:35:28.630356+00:00,verified_family,approved,codex_external_evidence_pipeline,2026-07-22T12:35:28.630356+00:00,explicit_family_spec_unit_supported_by_official_taxonomy,classification-v1.0
DECISION::classification-v1.0::ITEM_40825df210108f089141,ITEM_40825df210108f089141,APPROVE_FAMILY,,,MED_SUPPLY,BLOOD_LANCET,채혈침,BLOOD_LANCET,채혈침,30G,EA,,MFDS_DEVICE_CLASSIFICATION_2026_18,MFDS_DEVICE_CLASSIFICATION_2026_18::BLOOD_LANCET,https://www.law.go.kr/LSW/admRulLsInfoP.do?admRulSeq=2100000275656,representative_name;item_family_id;item_subtype_id;normalized_specification;unit_code,2026-07-22T12:35:28.630356+00:00,verified_family,approved,codex_external_evidence_pipeline,2026-07-22T12:35:28.630356+00:00,explicit_family_spec_unit_supported_by_official_taxonomy,classification-v1.0
DECISION::classification-v1.0::ITEM_b49527c83749a61bf50b,ITEM_b49527c83749a61bf50b,APPROVE_FAMILY,,,MED_SUPPLY,DISPOSABLE_SYRINGE,주사기,SYRINGE_USAGE_BASED,주사기(사용량 기준),1mL,EA,,MFDS_DEVICE_CLASSIFICATION_2026_18,MFDS_DEVICE_CLASSIFICATION_2026_18::DISPOSABLE_SYRINGE,https://www.law.go.kr/LSW/admRulLsInfoP.do?admRulSeq=2100000275656,representative_name;item_family_id;item_subtype_id;normalized_specification;unit_code,2026-07-22T12:35:28.630356+00:00,verified_family,approved,codex_external_evidence_pipeline,2026-07-22T12:35:28.630356+00:00,explicit_family_spec_unit_supported_by_official_taxonomy,classification-v1.0
DECISION::classification-v1.0::ITEM_9664992c4b27a0014891,ITEM_9664992c4b27a0014891,APPROVE_FAMILY,,,MED_SUPPLY,DISPOSABLE_SYRINGE,주사기,SYRINGE_USAGE_BASED,주사기(사용량 기준),5mL,EA,,MFDS_DEVICE_CLASSIFICATION_2026_18,MFDS_DEVICE_CLASSIFICATION_2026_18::DISPOSABLE_SYRINGE,https://www.law.go.kr/LSW/admRulLsInfoP.do?admRulSeq=2100000275656,representative_name;item_family_id;item_subtype_id;normalized_specification;unit_code,2026-07-22T12:35:28.630356+00:00,verified_family,approved,codex_external_evidence_pipeline,2026-07-22T12:35:28.630356+00:00,explicit_family_spec_unit_supported_by_official_taxonomy,classification-v1.0
DECISION::classification-v1.0::ITEM_bb3f2f3e54ecbf6fa2d1,ITEM_bb3f2f3e54ecbf6fa2d1,APPROVE_FAMILY,,,MED_SUPPLY,DISPOSABLE_SYRINGE,주사기,SYRINGE_USAGE_BASED,주사기(사용량 기준),5mL,EA,,MFDS_DEVICE_CLASSIFICATION_2026_18,MFDS_DEVICE_CLASSIFICATION_2026_18::DISPOSABLE_SYRINGE,https://www.law.go.kr/LSW/admRulLsInfoP.do?admRulSeq=2100000275656,representative_name;item_family_id;item_subtype_id;normalized_specification;unit_code,2026-07-22T12:35:28.630356+00:00,verified_family,approved,codex_external_evidence_pipeline,2026-07-22T12:35:28.630356+00:00,explicit_family_spec_unit_supported_by_official_taxonomy,classification-v1.0
DECISION::classification-v1.0::ITEM_f24b187510c3e65418d5,ITEM_f24b187510c3e65418d5,APPROVE_FAMILY,,,MED_SUPPLY,INJECTION_NEEDLE,주사침,INJECTION_NEEDLE,주사침,21G,EA,,MFDS_DEVICE_CLASSIFICATION_2026_18,MFDS_DEVICE_CLASSIFICATION_2026_18::INJECTION_NEEDLE,https://www.law.go.kr/LSW/admRulLsInfoP.do?admRulSeq=2100000275656,representative_name;item_family_id;item_subtype_id;normalized_specification;unit_code,2026-07-22T12:35:28.630356+00:00,verified_family,approved,codex_external_evidence_pipeline,2026-07-22T12:35:28.630356+00:00,explicit_family_spec_unit_supported_by_official_taxonomy,classification-v1.0
DECISION::classification-v1.0::ITEM_b30f0067927a61c91fb7,ITEM_b30f0067927a61c91fb7,APPROVE_FAMILY,,,MED_SUPPLY,BLOOD_LANCET,채혈침,BLOOD_LANCET,채혈침,26G,EA,,MFDS_DEVICE_CLASSIFICATION_2026_18,MFDS_DEVICE_CLASSIFICATION_2026_18::BLOOD_LANCET,https://www.law.go.kr/LSW/admRulLsInfoP.do?admRulSeq=2100000275656,representative_name;item_family_id;item_subtype_id;normalized_specification;unit_code,2026-07-22T12:35:28.630356+00:00,verified_family,approved,codex_external_evidence_pipeline,2026-07-22T12:35:28.630356+00:00,explicit_family_spec_unit_supported_by_official_taxonomy,classification-v1.0
DECISION::classification-v1.0::ITEM_c1a64f315288d650e6a9,ITEM_c1a64f315288d650e6a9,APPROVE_FAMILY,,,MED_SUPPLY,DISPOSABLE_SYRINGE,주사기,SYRINGE_USAGE_BASED,주사기(사용량 기준),05mL,EA,,MFDS_DEVICE_CLASSIFICATION_2026_18,MFDS_DEVICE_CLASSIFICATION_2026_18::DISPOSABLE_SYRINGE,https://www.law.go.kr/LSW/admRulLsInfoP.do?admRulSeq=2100000275656,representative_name;item_family_id;item_subtype_id;normalized_specification;unit_code,2026-07-22T12:35:28.630356+00:00,verified_family,approved,codex_external_evidence_pipeline,2026-07-22T12:35:28.630356+00:00,explicit_family_spec_unit_supported_by_official_taxonomy,classification-v1.0
DECISION::classification-v1.0::ITEM_e510dc0a1403551cb20d,ITEM_e510dc0a1403551cb20d,APPROVE_FAMILY,,,MED_SUPPLY,BLOOD_LANCET,채혈침,BLOOD_LANCET,채혈침,30G,EA,,MFDS_DEVICE_CLASSIFICATION_2026_18,MFDS_DEVICE_CLASSIFICATION_2026_18::BLOOD_LANCET,https://www.law.go.kr/LSW/admRulLsInfoP.do?admRulSeq=2100000275656,representative_name;item_family_id;item_subtype_id;normalized_specification;unit_code,2026-07-22T12:35:28.630356+00:00,verified_family,approved,codex_external_evidence_pipeline,2026-07-22T12:35:28.630356+00:00,explicit_family_spec_unit_supported_by_official_taxonomy,classification-v1.0
DECISION::classification-v1.0::ITEM_b34e0c69cfe6eb946df8,ITEM_b34e0c69cfe6eb946df8,APPROVE_FAMILY,,,MED_SUPPLY,INFUSION_SET,수액세트,INFUSION_SET,수액세트,수액세트,EA,,MFDS_DEVICE_CLASSIFICATION_2026_18,MFDS_DEVICE_CLASSIFICATION_2026_18::INFUSION_SET,https://www.law.go.kr/LSW/admRulLsInfoP.do?admRulSeq=2100000275656,representative_name;item_family_id;item_subtype_id;normalized_specification;unit_code,2026-07-22T12:35:28.630356+00:00,verified_family,approved,codex_external_evidence_pipeline,2026-07-22T12:35:28.630356+00:00,explicit_family_spec_unit_supported_by_official_taxonomy,classification-v1.0
DECISION::classification-v1.0::ITEM_c0897c16e97fd9da9a5a,ITEM_c0897c16e97fd9da9a5a,APPROVE_FAMILY,,,MED_SUPPLY,DISPOSABLE_SYRINGE,주사기,SYRINGE_USAGE_BASED,주사기(사용량 기준),1mL,EA,,MFDS_DEVICE_CLASSIFICATION_2026_18,MFDS_DEVICE_CLASSIFICATION_2026_18::DISPOSABLE_SYRINGE,https://www.law.go.kr/LSW/admRulLsInfoP.do?admRulSeq=2100000275656,representative_name;item_family_id;item_subtype_id;normalized_specification;unit_code,2026-07-22T12:35:28.630356+00:00,verified_family,approved,codex_external_evidence_pipeline,2026-07-22T12:35:28.630356+00:00,explicit_family_spec_unit_supported_by_official_taxonomy,classification-v1.0
DECISION::classification-v1.0::ITEM_9a4466987c2662bad498,ITEM_9a4466987c2662bad498,APPROVE_FAMILY,,,MED_SUPPLY,INJECTION_NEEDLE,주사침,INJECTION_NEEDLE,주사침,25G,EA,,MFDS_DEVICE_CLASSIFICATION_2026_18,MFDS_DEVICE_CLASSIFICATION_2026_18::INJECTION_NEEDLE,https://www.law.go.kr/LSW/admRulLsInfoP.do?admRulSeq=2100000275656,representative_name;item_family_id;item_subtype_id;normalized_specification;unit_code,2026-07-22T12:35:28.630356+00:00,verified_family,approved,codex_external_evidence_pipeline,2026-07-22T12:35:28.630356+00:00,explicit_family_spec_unit_supported_by_official_taxonomy,classification-v1.0
DECISION::classification-v1.0::ITEM_139614290ff9e08bb127,ITEM_139614290ff9e08bb127,APPROVE_FAMILY,,,MED_SUPPLY,DISPOSABLE_SYRINGE,주사기,SYRINGE_USAGE_BASED,주사기(사용량 기준),5mL,EA,,MFDS_DEVICE_CLASSIFICATION_2026_18,MFDS_DEVICE_CLASSIFICATION_2026_18::DISPOSABLE_SYRINGE,https://www.law.go.kr/LSW/admRulLsInfoP.do?admRulSeq=2100000275656,representative_name;item_family_id;item_subtype_id;normalized_specification;unit_code,2026-07-22T12:35:28.630356+00:00,verified_family,approved,codex_external_evidence_pipeline,2026-07-22T12:35:28.630356+00:00,explicit_family_spec_unit_supported_by_official_taxonomy,classification-v1.0
DECISION::classification-v1.0::ITEM_a084ac1f9c7ff9f793fc,ITEM_a084ac1f9c7ff9f793fc,APPROVE_FAMILY,,,MED_SUPPLY,INFUSION_SET,수액세트,INFUSION_SET,수액세트,수액세트,EA,,MFDS_DEVICE_CLASSIFICATION_2026_18,MFDS_DEVICE_CLASSIFICATION_2026_18::INFUSION_SET,https://www.law.go.kr/LSW/admRulLsInfoP.do?admRulSeq=2100000275656,representative_name;item_family_id;item_subtype_id;normalized_specification;unit_code,2026-07-22T12:35:28.630356+00:00,verified_family,approved,codex_external_evidence_pipeline,2026-07-22T12:35:28.630356+00:00,explicit_family_spec_unit_supported_by_official_taxonomy,classification-v1.0
DECISION::classification-v1.0::ITEM_e3d18d862ef4375ff9d1,ITEM_e3d18d862ef4375ff9d1,APPROVE_FAMILY,,,MED_SUPPLY,DISPOSABLE_SYRINGE,주사기,SYRINGE_USAGE_BASED,주사기(사용량 기준),3mL,EA,,MFDS_DEVICE_CLASSIFICATION_2026_18,MFDS_DEVICE_CLASSIFICATION_2026_18::DISPOSABLE_SYRINGE,https://www.law.go.kr/LSW/admRulLsInfoP.do?admRulSeq=2100000275656,representative_name;item_family_id;item_subtype_id;normalized_specification;unit_code,2026-07-22T12:35:28.630356+00:00,verified_family,approved,codex_external_evidence_pipeline,2026-07-22T12:35:28.630356+00:00,explicit_family_spec_unit_supported_by_official_taxonomy,classification-v1.0
DECISION::classification-v1.0::ITEM_0f27b8911c6edc014aaf,ITEM_0f27b8911c6edc014aaf,APPROVE_FAMILY,,,MED_SUPPLY,DISPOSABLE_SYRINGE,주사기,SYRINGE_USAGE_BASED,주사기(사용량 기준),1mL,EA,,MFDS_DEVICE_CLASSIFICATION_2026_18,MFDS_DEVICE_CLASSIFICATION_2026_18::DISPOSABLE_SYRINGE,https://www.law.go.kr/LSW/admRulLsInfoP.do?admRulSeq=2100000275656,representative_name;item_family_id;item_subtype_id;normalized_specification;unit_code,2026-07-22T12:35:28.630356+00:00,verified_family,approved,codex_external_evidence_pipeline,2026-07-22T12:35:28.630356+00:00,explicit_family_spec_unit_supported_by_official_taxonomy,classification-v1.0
DECISION::classification-v1.0::ITEM_3394d82fa4cb539b39a0,ITEM_3394d82fa4cb539b39a0,APPROVE_FAMILY,,,MED_SUPPLY,BLOOD_LANCET,채혈침,BLOOD_LANCET,채혈침,28G,EA,,MFDS_DEVICE_CLASSIFICATION_2026_18,MFDS_DEVICE_CLASSIFICATION_2026_18::BLOOD_LANCET,https://www.law.go.kr/LSW/admRulLsInfoP.do?admRulSeq=2100000275656,representative_name;item_family_id;item_subtype_id;normalized_specification;unit_code,2026-07-22T12:35:28.630356+00:00,verified_family,approved,codex_external_evidence_pipeline,2026-07-22T12:35:28.630356+00:00,explicit_family_spec_unit_supported_by_official_taxonomy,classification-v1.0
DECISION::classification-v1.0::ITEM_6fca45217142b2b035c8,ITEM_6fca45217142b2b035c8,APPROVE_FAMILY,,,MED_SUPPLY,DISPOSABLE_SYRINGE,주사기,SYRINGE_USAGE_BASED,주사기(사용량 기준),5mL,EA,,MFDS_DEVICE_CLASSIFICATION_2026_18,MFDS_DEVICE_CLASSIFICATION_2026_18::DISPOSABLE_SYRINGE,https://www.law.go.kr/LSW/admRulLsInfoP.do?admRulSeq=2100000275656,representative_name;item_family_id;item_subtype_id;normalized_specification;unit_code,2026-07-22T12:35:28.630356+00:00,verified_family,approved,codex_external_evidence_pipeline,2026-07-22T12:35:28.630356+00:00,explicit_family_spec_unit_supported_by_official_taxonomy,classification-v1.0
DECISION::classification-v1.0::ITEM_c0ceacd4365cfc069bda,ITEM_c0ceacd4365cfc069bda,APPROVE_FAMILY,,,MED_SUPPLY,INJECTION_NEEDLE,주사침,INJECTION_NEEDLE,주사침,23G,EA,,MFDS_DEVICE_CLASSIFICATION_2026_18,MFDS_DEVICE_CLASSIFICATION_2026_18::INJECTION_NEEDLE,https://www.law.go.kr/LSW/admRulLsInfoP.do?admRulSeq=2100000275656,representative_name;item_family_id;item_subtype_id;normalized_specification;unit_code,2026-07-22T12:35:28.630356+00:00,verified_family,approved,codex_external_evidence_pipeline,2026-07-22T12:35:28.630356+00:00,explicit_family_spec_unit_supported_by_official_taxonomy,classification-v1.0
DECISION::classification-v1.0::ITEM_720d65d5471ffe60871c,ITEM_720d65d5471ffe60871c,APPROVE_FAMILY,,,MED_SUPPLY,INJECTION_NEEDLE,주사침,INJECTION_NEEDLE,주사침,25G,EA,,MFDS_DEVICE_CLASSIFICATION_2026_18,MFDS_DEVICE_CLASSIFICATION_2026_18::INJECTION_NEEDLE,https://www.law.go.kr/LSW/admRulLsInfoP.do?admRulSeq=2100000275656,representative_name;item_family_id;item_subtype_id;normalized_specification;unit_code,2026-07-22T12:35:28.630356+00:00,verified_family,approved,codex_external_evidence_pipeline,2026-07-22T12:35:28.630356+00:00,explicit_family_spec_unit_supported_by_official_taxonomy,classification-v1.0
DECISION::classification-v1.0::ITEM_0ad257673d05b926c13b,ITEM_0ad257673d05b926c13b,APPROVE_FAMILY,,,MED_SUPPLY,DISPOSABLE_SYRINGE,주사기,SYRINGE_USAGE_BASED,주사기(사용량 기준),3mL,EA,,MFDS_DEVICE_CLASSIFICATION_2026_18,MFDS_DEVICE_CLASSIFICATION_2026_18::DISPOSABLE_SYRINGE,https://www.law.go.kr/LSW/admRulLsInfoP.do?admRulSeq=2100000275656,representative_name;item_family_id;item_subtype_id;normalized_specification;unit_code,2026-07-22T12:35:28.630356+00:00,verified_family,approved,codex_external_evidence_pipeline,2026-07-22T12:35:28.630356+00:00,explicit_family_spec_unit_supported_by_official_taxonomy,classification-v1.0
DECISION::classification-v1.0::ITEM_4bea61f76d95d5b88e9c,ITEM_4bea61f76d95d5b88e9c,APPROVE_FAMILY,,,MED_SUPPLY,INJECTION_NEEDLE,주사침,INJECTION_NEEDLE,주사침,23G,EA,,MFDS_DEVICE_CLASSIFICATION_2026_18,MFDS_DEVICE_CLASSIFICATION_2026_18::INJECTION_NEEDLE,https://www.law.go.kr/LSW/admRulLsInfoP.do?admRulSeq=2100000275656,representative_name;item_family_id;item_subtype_id;normalized_specification;unit_code,2026-07-22T12:35:28.630356+00:00,verified_family,approved,codex_external_evidence_pipeline,2026-07-22T12:35:28.630356+00:00,explicit_family_spec_unit_supported_by_official_taxonomy,classification-v1.0
DECISION::classification-v1.0::ITEM_668569d413e40aff5332,ITEM_668569d413e40aff5332,APPROVE_FAMILY,,,MED_SUPPLY,ANGIO_CATHETER,카테터,BUTTERFLY_NEEDLE,나비 바늘,나비 바늘,EA,,MFDS_DEVICE_CLASSIFICATION_2026_18,MFDS_DEVICE_CLASSIFICATION_2026_18::ANGIO_CATHETER,https://www.law.go.kr/LSW/admRulLsInfoP.do?admRulSeq=2100000275656,representative_name;item_family_id;item_subtype_id;normalized_specification;unit_code,2026-07-22T12:35:28.630356+00:00,verified_family,approved,codex_external_evidence_pipeline,2026-07-22T12:35:28.630356+00:00,explicit_family_spec_unit_supported_by_official_taxonomy,classification-v1.0
DECISION::classification-v1.0::ITEM_2d2aa21d8a91dbd53e14,ITEM_2d2aa21d8a91dbd53e14,APPROVE_FAMILY,,,MED_SUPPLY,INFUSION_SET,수액세트,INFUSION_SET,수액세트,수액세트,EA,,MFDS_DEVICE_CLASSIFICATION_2026_18,MFDS_DEVICE_CLASSIFICATION_2026_18::INFUSION_SET,https://www.law.go.kr/LSW/admRulLsInfoP.do?admRulSeq=2100000275656,representative_name;item_family_id;item_subtype_id;normalized_specification;unit_code,2026-07-22T12:35:28.630356+00:00,verified_family,approved,codex_external_evidence_pipeline,2026-07-22T12:35:28.630356+00:00,explicit_family_spec_unit_supported_by_official_taxonomy,classification-v1.0
DECISION::classification-v1.0::ITEM_2b311b267fa53ca746a7,ITEM_2b311b267fa53ca746a7,APPROVE_FAMILY,,,MED_SUPPLY,BLOOD_LANCET,채혈침,BLOOD_LANCET,채혈침,26G,EA,,MFDS_DEVICE_CLASSIFICATION_2026_18,MFDS_DEVICE_CLASSIFICATION_2026_18::BLOOD_LANCET,https://www.law.go.kr/LSW/admRulLsInfoP.do?admRulSeq=2100000275656,representative_name;item_family_id;item_subtype_id;normalized_specification;unit_code,2026-07-22T12:35:28.630356+00:00,verified_family,approved,codex_external_evidence_pipeline,2026-07-22T12:35:28.630356+00:00,explicit_family_spec_unit_supported_by_official_taxonomy,classification-v1.0
DECISION::classification-v1.0::ITEM_f09e7007752843aaeab7,ITEM_f09e7007752843aaeab7,APPROVE_FAMILY,,,MED_SUPPLY,BLOOD_LANCET,채혈침,BLOOD_LANCET,채혈침,30G,EA,,MFDS_DEVICE_CLASSIFICATION_2026_18,MFDS_DEVICE_CLASSIFICATION_2026_18::BLOOD_LANCET,https://www.law.go.kr/LSW/admRulLsInfoP.do?admRulSeq=2100000275656,representative_name;item_family_id;item_subtype_id;normalized_specification;unit_code,2026-07-22T12:35:28.630356+00:00,verified_family,approved,codex_external_evidence_pipeline,2026-07-22T12:35:28.630356+00:00,explicit_family_spec_unit_supported_by_official_taxonomy,classification-v1.0
DECISION::classification-v1.0::ITEM_1ec5332637243c65405e,ITEM_1ec5332637243c65405e,APPROVE_FAMILY,,,MED_SUPPLY,URINE_BAG,Urine bag,URINE_BAG,Urine bag,Urine bag,EA,,MFDS_DEVICE_CLASSIFICATION_2026_18,MFDS_DEVICE_CLASSIFICATION_2026_18::URINE_BAG,https://www.law.go.kr/LSW/admRulLsInfoP.do?admRulSeq=2100000275656,representative_name;item_family_id;item_subtype_id;normalized_specification;unit_code,2026-07-22T12:35:28.630356+00:00,verified_family,approved,codex_external_evidence_pipeline,2026-07-22T12:35:28.630356+00:00,explicit_family_spec_unit_supported_by_official_taxonomy,classification-v1.0
DECISION::classification-v1.0::ITEM_34b6aa67e698dbfcf5bb,ITEM_34b6aa67e698dbfcf5bb,APPROVE_FAMILY,,,WASTE,MEDICAL_WASTE_CONTAINER,의료폐기물 전용용기,RIGID_NEEDLE_BOX,합성수지형 용기(needle box),10L,EA,,WASTE_RULE_APPENDIX_5_2026_03_26,WASTE_RULE_APPENDIX_5_2026_03_26::MEDICAL_WASTE_CONTAINER,https://www.law.go.kr/flDownload.do?bylClsCd=110201&flSeq=162812925&gubun=,representative_name;item_family_id;item_subtype_id;normalized_specification;unit_code,2026-07-22T12:35:28.630356+00:00,verified_family,approved,codex_external_evidence_pipeline,2026-07-22T12:35:28.630356+00:00,explicit_family_spec_unit_supported_by_official_taxonomy,classification-v1.0
DECISION::classification-v1.0::ITEM_fded52d82d2b2ae42240,ITEM_fded52d82d2b2ae42240,APPROVE_FAMILY,,,WASTE,MEDICAL_WASTE_CONTAINER,의료폐기물 전용용기,RIGID_NEEDLE_BOX,합성수지형 용기(needle box),1L,EA,,WASTE_RULE_APPENDIX_5_2026_03_26,WASTE_RULE_APPENDIX_5_2026_03_26::MEDICAL_WASTE_CONTAINER,https://www.law.go.kr/flDownload.do?bylClsCd=110201&flSeq=162812925&gubun=,representative_name;item_family_id;item_subtype_id;normalized_specification;unit_code,2026-07-22T12:35:28.630356+00:00,verified_family,approved,codex_external_evidence_pipeline,2026-07-22T12:35:28.630356+00:00,explicit_family_spec_unit_supported_by_official_taxonomy,classification-v1.0
DECISION::classification-v1.0::ITEM_fea6ca0d6f82e243c82d,ITEM_fea6ca0d6f82e243c82d,APPROVE_FAMILY,,,MED_SUPPLY,BLOOD_LANCET,채혈침,BLOOD_LANCET,채혈침,30G,EA,,MFDS_DEVICE_CLASSIFICATION_2026_18,MFDS_DEVICE_CLASSIFICATION_2026_18::BLOOD_LANCET,https://www.law.go.kr/LSW/admRulLsInfoP.do?admRulSeq=2100000275656,representative_name;item_family_id;item_subtype_id;normalized_specification;unit_code,2026-07-22T12:35:28.630356+00:00,verified_family,approved,codex_external_evidence_pipeline,2026-07-22T12:35:28.630356+00:00,explicit_family_spec_unit_supported_by_official_taxonomy,classification-v1.0
DECISION::classification-v1.0::ITEM_615e4a9e95578d1420d9,ITEM_615e4a9e95578d1420d9,APPROVE_FAMILY,,,MED_SUPPLY,INJECTION_NEEDLE,주사침,INJECTION_NEEDLE,주사침,27G,EA,,MFDS_DEVICE_CLASSIFICATION_2026_18,MFDS_DEVICE_CLASSIFICATION_2026_18::INJECTION_NEEDLE,https://www.law.go.kr/LSW/admRulLsInfoP.do?admRulSeq=2100000275656,representative_name;item_family_id;item_subtype_id;normalized_specification;unit_code,2026-07-22T12:35:28.630356+00:00,verified_family,approved,codex_external_evidence_pipeline,2026-07-22T12:35:28.630356+00:00,explicit_family_spec_unit_supported_by_official_taxonomy,classification-v1.0
DECISION::classification-v1.0::ITEM_be09a8c1c6b5c0d96265,ITEM_be09a8c1c6b5c0d96265,APPROVE_FAMILY,,,MED_SUPPLY,DISPOSABLE_SYRINGE,주사기,SYRINGE_USAGE_BASED,주사기(사용량 기준),5mL,EA,,MFDS_DEVICE_CLASSIFICATION_2026_18,MFDS_DEVICE_CLASSIFICATION_2026_18::DISPOSABLE_SYRINGE,https://www.law.go.kr/LSW/admRulLsInfoP.do?admRulSeq=2100000275656,representative_name;item_family_id;item_subtype_id;normalized_specification;unit_code,2026-07-22T12:35:28.630356+00:00,verified_family,approved,codex_external_evidence_pipeline,2026-07-22T12:35:28.630356+00:00,explicit_family_spec_unit_supported_by_official_taxonomy,classification-v1.0
DECISION::classification-v1.0::ITEM_6a19a38b171a62e3357b,ITEM_6a19a38b171a62e3357b,APPROVE_FAMILY,,,MED_SUPPLY,INJECTION_NEEDLE,주사침,INJECTION_NEEDLE,주사침,30G,EA,,MFDS_DEVICE_CLASSIFICATION_2026_18,MFDS_DEVICE_CLASSIFICATION_2026_18::INJECTION_NEEDLE,https://www.law.go.kr/LSW/admRulLsInfoP.do?admRulSeq=2100000275656,representative_name;item_family_id;item_subtype_id;normalized_specification;unit_code,2026-07-22T12:35:28.630356+00:00,verified_family,approved,codex_external_evidence_pipeline,2026-07-22T12:35:28.630356+00:00,explicit_family_spec_unit_supported_by_official_taxonomy,classification-v1.0
DECISION::classification-v1.0::ITEM_dc85cecf10d8b5cdb90d,ITEM_dc85cecf10d8b5cdb90d,APPROVE_FAMILY,,,MED_SUPPLY,BLOOD_LANCET,채혈침,BLOOD_LANCET,채혈침,28G,EA,,MFDS_DEVICE_CLASSIFICATION_2026_18,MFDS_DEVICE_CLASSIFICATION_2026_18::BLOOD_LANCET,https://www.law.go.kr/LSW/admRulLsInfoP.do?admRulSeq=2100000275656,representative_name;item_family_id;item_subtype_id;normalized_specification;unit_code,2026-07-22T12:35:28.630356+00:00,verified_family,approved,codex_external_evidence_pipeline,2026-07-22T12:35:28.630356+00:00,explicit_family_spec_unit_supported_by_official_taxonomy,classification-v1.0
DECISION::classification-v1.0::ITEM_b57c2b7e16586234a793,ITEM_b57c2b7e16586234a793,APPROVE_FAMILY,,,MED_SUPPLY,BLOOD_LANCET,채혈침,BLOOD_LANCET,채혈침,30G,EA,,MFDS_DEVICE_CLASSIFICATION_2026_18,MFDS_DEVICE_CLASSIFICATION_2026_18::BLOOD_LANCET,https://www.law.go.kr/LSW/admRulLsInfoP.do?admRulSeq=2100000275656,representative_name;item_family_id;item_subtype_id;normalized_specification;unit_code,2026-07-22T12:35:28.630356+00:00,verified_family,approved,codex_external_evidence_pipeline,2026-07-22T12:35:28.630356+00:00,explicit_family_spec_unit_supported_by_official_taxonomy,classification-v1.0
DECISION::classification-v1.0::ITEM_d5ea96744e4486c398dc,ITEM_d5ea96744e4486c398dc,APPROVE_FAMILY,,,MED_SUPPLY,DISPOSABLE_SYRINGE,주사기,SYRINGE_USAGE_BASED,주사기(사용량 기준),3mL,EA,,MFDS_DEVICE_CLASSIFICATION_2026_18,MFDS_DEVICE_CLASSIFICATION_2026_18::DISPOSABLE_SYRINGE,https://www.law.go.kr/LSW/admRulLsInfoP.do?admRulSeq=2100000275656,representative_name;item_family_id;item_subtype_id;normalized_specification;unit_code,2026-07-22T12:35:28.630356+00:00,verified_family,approved,codex_external_evidence_pipeline,2026-07-22T12:35:28.630356+00:00,explicit_family_spec_unit_supported_by_official_taxonomy,classification-v1.0
DECISION::classification-v1.0::ITEM_c306c402eeb175b3d8e4,ITEM_c306c402eeb175b3d8e4,APPROVE_FAMILY,,,MED_SUPPLY,DISPOSABLE_SYRINGE,주사기,SYRINGE_USAGE_BASED,주사기(사용량 기준),1mL,EA,,MFDS_DEVICE_CLASSIFICATION_2026_18,MFDS_DEVICE_CLASSIFICATION_2026_18::DISPOSABLE_SYRINGE,https://www.law.go.kr/LSW/admRulLsInfoP.do?admRulSeq=2100000275656,representative_name;item_family_id;item_subtype_id;normalized_specification;unit_code,2026-07-22T12:35:28.630356+00:00,verified_family,approved,codex_external_evidence_pipeline,2026-07-22T12:35:28.630356+00:00,explicit_family_spec_unit_supported_by_official_taxonomy,classification-v1.0
DECISION::classification-v1.0::ITEM_0a3263f84486f7674fff,ITEM_0a3263f84486f7674fff,APPROVE_FAMILY,,,MED_SUPPLY,DISPOSABLE_SYRINGE,주사기,SYRINGE_USAGE_BASED,주사기(사용량 기준),1mL,EA,,MFDS_DEVICE_CLASSIFICATION_2026_18,MFDS_DEVICE_CLASSIFICATION_2026_18::DISPOSABLE_SYRINGE,https://www.law.go.kr/LSW/admRulLsInfoP.do?admRulSeq=2100000275656,representative_name;item_family_id;item_subtype_id;normalized_specification;unit_code,2026-07-22T12:35:28.630356+00:00,verified_family,approved,codex_external_evidence_pipeline,2026-07-22T12:35:28.630356+00:00,explicit_family_spec_unit_supported_by_official_taxonomy,classification-v1.0
DECISION::classification-v1.0::ITEM_d8ff09e7fd41782ffce1,ITEM_d8ff09e7fd41782ffce1,APPROVE_FAMILY,,,MED_SUPPLY,DISPOSABLE_SYRINGE,주사기,SYRINGE_USAGE_BASED,주사기(사용량 기준),10mL,EA,,MFDS_DEVICE_CLASSIFICATION_2026_18,MFDS_DEVICE_CLASSIFICATION_2026_18::DISPOSABLE_SYRINGE,https://www.law.go.kr/LSW/admRulLsInfoP.do?admRulSeq=2100000275656,representative_name;item_family_id;item_subtype_id;normalized_specification;unit_code,2026-07-22T12:35:28.630356+00:00,verified_family,approved,codex_external_evidence_pipeline,2026-07-22T12:35:28.630356+00:00,explicit_family_spec_unit_supported_by_official_taxonomy,classification-v1.0
DECISION::classification-v1.0::ITEM_b8f8f5f232bad1d5c107,ITEM_b8f8f5f232bad1d5c107,APPROVE_FAMILY,,,MED_SUPPLY,DISPOSABLE_SYRINGE,주사기,SYRINGE_USAGE_BASED,주사기(사용량 기준),3mL,EA,,MFDS_DEVICE_CLASSIFICATION_2026_18,MFDS_DEVICE_CLASSIFICATION_2026_18::DISPOSABLE_SYRINGE,https://www.law.go.kr/LSW/admRulLsInfoP.do?admRulSeq=2100000275656,representative_name;item_family_id;item_subtype_id;normalized_specification;unit_code,2026-07-22T12:35:28.630356+00:00,verified_family,approved,codex_external_evidence_pipeline,2026-07-22T12:35:28.630356+00:00,explicit_family_spec_unit_supported_by_official_taxonomy,classification-v1.0
DECISION::classification-v1.0::ITEM_66e9aadd145b4cef3b8a,ITEM_66e9aadd145b4cef3b8a,APPROVE_FAMILY,,,MED_SUPPLY,DISPOSABLE_SYRINGE,주사기,SYRINGE_USAGE_BASED,주사기(사용량 기준),3mL,EA,,MFDS_DEVICE_CLASSIFICATION_2026_18,MFDS_DEVICE_CLASSIFICATION_2026_18::DISPOSABLE_SYRINGE,https://www.law.go.kr/LSW/admRulLsInfoP.do?admRulSeq=2100000275656,representative_name;item_family_id;item_subtype_id;normalized_specification;unit_code,2026-07-22T12:35:28.630356+00:00,verified_family,approved,codex_external_evidence_pipeline,2026-07-22T12:35:28.630356+00:00,explicit_family_spec_unit_supported_by_official_taxonomy,classification-v1.0
DECISION::classification-v1.0::ITEM_9a4aa161675eb3def74d,ITEM_9a4aa161675eb3def74d,APPROVE_FAMILY,,,MED_SUPPLY,ANGIO_CATHETER,카테터,ANGIO_NEEDLE,카테터(angio needle),22G,EA,,MFDS_DEVICE_CLASSIFICATION_2026_18,MFDS_DEVICE_CLASSIFICATION_2026_18::ANGIO_CATHETER,https://www.law.go.kr/LSW/admRulLsInfoP.do?admRulSeq=2100000275656,representative_name;item_family_id;item_subtype_id;normalized_specification;unit_code,2026-07-22T12:35:28.630356+00:00,verified_family,approved,codex_external_evidence_pipeline,2026-07-22T12:35:28.630356+00:00,explicit_family_spec_unit_supported_by_official_taxonomy,classification-v1.0
DECISION::classification-v1.0::ITEM_e008adeddf39c5b97603,ITEM_e008adeddf39c5b97603,APPROVE_FAMILY,,,MED_SUPPLY,ANGIO_CATHETER,카테터,BUTTERFLY_NEEDLE,나비 바늘,나비 바늘,EA,,MFDS_DEVICE_CLASSIFICATION_2026_18,MFDS_DEVICE_CLASSIFICATION_2026_18::ANGIO_CATHETER,https://www.law.go.kr/LSW/admRulLsInfoP.do?admRulSeq=2100000275656,representative_name;item_family_id;item_subtype_id;normalized_specification;unit_code,2026-07-22T12:35:28.630356+00:00,verified_family,approved,codex_external_evidence_pipeline,2026-07-22T12:35:28.630356+00:00,explicit_family_spec_unit_supported_by_official_taxonomy,classification-v1.0
DECISION::classification-v1.0::ITEM_b1b177125c65184a312c,ITEM_b1b177125c65184a312c,APPROVE_FAMILY,,,MED_SUPPLY,ANGIO_CATHETER,카테터,BUTTERFLY_NEEDLE,나비 바늘,나비 바늘,EA,,MFDS_DEVICE_CLASSIFICATION_2026_18,MFDS_DEVICE_CLASSIFICATION_2026_18::ANGIO_CATHETER,https://www.law.go.kr/LSW/admRulLsInfoP.do?admRulSeq=2100000275656,representative_name;item_family_id;item_subtype_id;normalized_specification;unit_code,2026-07-22T12:35:28.630356+00:00,verified_family,approved,codex_external_evidence_pipeline,2026-07-22T12:35:28.630356+00:00,explicit_family_spec_unit_supported_by_official_taxonomy,classification-v1.0
DECISION::classification-v1.0::ITEM_e3a3827e2864079c1479,ITEM_e3a3827e2864079c1479,APPROVE_FAMILY,,,MED_SUPPLY,BLOOD_LANCET,채혈침,BLOOD_LANCET,채혈침,30G,EA,,MFDS_DEVICE_CLASSIFICATION_2026_18,MFDS_DEVICE_CLASSIFICATION_2026_18::BLOOD_LANCET,https://www.law.go.kr/LSW/admRulLsInfoP.do?admRulSeq=2100000275656,representative_name;item_family_id;item_subtype_id;normalized_specification;unit_code,2026-07-22T12:35:28.630356+00:00,verified_family,approved,codex_external_evidence_pipeline,2026-07-22T12:35:28.630356+00:00,explicit_family_spec_unit_supported_by_official_taxonomy,classification-v1.0
DECISION::classification-v1.0::ITEM_b9809350deb0b75f3e41,ITEM_b9809350deb0b75f3e41,APPROVE_FAMILY,,,MED_SUPPLY,INJECTION_NEEDLE,주사침,INJECTION_NEEDLE,주사침,26G,EA,,MFDS_DEVICE_CLASSIFICATION_2026_18,MFDS_DEVICE_CLASSIFICATION_2026_18::INJECTION_NEEDLE,https://www.law.go.kr/LSW/admRulLsInfoP.do?admRulSeq=2100000275656,representative_name;item_family_id;item_subtype_id;normalized_specification;unit_code,2026-07-22T12:35:28.630356+00:00,verified_family,approved,codex_external_evidence_pipeline,2026-07-22T12:35:28.630356+00:00,explicit_family_spec_unit_supported_by_official_taxonomy,classification-v1.0
DECISION::classification-v1.0::ITEM_0d8fa61c0c0bd3bafc47,ITEM_0d8fa61c0c0bd3bafc47,APPROVE_FAMILY,,,MED_SUPPLY,DISPOSABLE_SYRINGE,주사기,SYRINGE_USAGE_BASED,주사기(사용량 기준),1mL,EA,,MFDS_DEVICE_CLASSIFICATION_2026_18,MFDS_DEVICE_CLASSIFICATION_2026_18::DISPOSABLE_SYRINGE,https://www.law.go.kr/LSW/admRulLsInfoP.do?admRulSeq=2100000275656,representative_name;item_family_id;item_subtype_id;normalized_specification;unit_code,2026-07-22T12:35:28.630356+00:00,verified_family,approved,codex_external_evidence_pipeline,2026-07-22T12:35:28.630356+00:00,explicit_family_spec_unit_supported_by_official_taxonomy,classification-v1.0
DECISION::classification-v1.0::ITEM_ac912c66a39d373b1f04,ITEM_ac912c66a39d373b1f04,APPROVE_FAMILY,,,MED_SUPPLY,DISPOSABLE_SYRINGE,주사기,SYRINGE_USAGE_BASED,주사기(사용량 기준),1mL,EA,,MFDS_DEVICE_CLASSIFICATION_2026_18,MFDS_DEVICE_CLASSIFICATION_2026_18::DISPOSABLE_SYRINGE,https://www.law.go.kr/LSW/admRulLsInfoP.do?admRulSeq=2100000275656,representative_name;item_family_id;item_subtype_id;normalized_specification;unit_code,2026-07-22T12:35:28.630356+00:00,verified_family,approved,codex_external_evidence_pipeline,2026-07-22T12:35:28.630356+00:00,explicit_family_spec_unit_supported_by_official_taxonomy,classification-v1.0
DECISION::classification-v1.0::ITEM_39245bc8a6590e7c5a61,ITEM_39245bc8a6590e7c5a61,APPROVE_FAMILY,,,WASTE,MEDICAL_WASTE_CONTAINER,의료폐기물 전용용기,RIGID_NEEDLE_BOX,합성수지형 용기(needle box),1L,EA,,WASTE_RULE_APPENDIX_5_2026_03_26,WASTE_RULE_APPENDIX_5_2026_03_26::MEDICAL_WASTE_CONTAINER,https://www.law.go.kr/flDownload.do?bylClsCd=110201&flSeq=162812925&gubun=,representative_name;item_family_id;item_subtype_id;normalized_specification;unit_code,2026-07-22T12:35:28.630356+00:00,verified_family,approved,codex_external_evidence_pipeline,2026-07-22T12:35:28.630356+00:00,explicit_family_spec_unit_supported_by_official_taxonomy,classification-v1.0
DECISION::classification-v1.0::ITEM_53298ec81f8f470b6669,ITEM_53298ec81f8f470b6669,APPROVE_FAMILY,,,MED_SUPPLY,ANGIO_CATHETER,카테터,ANGIO_NEEDLE,카테터(angio needle),24G,EA,,MFDS_DEVICE_CLASSIFICATION_2026_18,MFDS_DEVICE_CLASSIFICATION_2026_18::ANGIO_CATHETER,https://www.law.go.kr/LSW/admRulLsInfoP.do?admRulSeq=2100000275656,representative_name;item_family_id;item_subtype_id;normalized_specification;unit_code,2026-07-22T12:35:28.630356+00:00,verified_family,approved,codex_external_evidence_pipeline,2026-07-22T12:35:28.630356+00:00,explicit_family_spec_unit_supported_by_official_taxonomy,classification-v1.0
DECISION::classification-v1.0::ITEM_7c0e761a6883b78c64b4,ITEM_7c0e761a6883b78c64b4,APPROVE_FAMILY,,,MED_SUPPLY,ANGIO_CATHETER,카테터,ANGIO_NEEDLE,카테터(angio needle),18G,EA,,MFDS_DEVICE_CLASSIFICATION_2026_18,MFDS_DEVICE_CLASSIFICATION_2026_18::ANGIO_CATHETER,https://www.law.go.kr/LSW/admRulLsInfoP.do?admRulSeq=2100000275656,representative_name;item_family_id;item_subtype_id;normalized_specification;unit_code,2026-07-22T12:35:28.630356+00:00,verified_family,approved,codex_external_evidence_pipeline,2026-07-22T12:35:28.630356+00:00,explicit_family_spec_unit_supported_by_official_taxonomy,classification-v1.0
DECISION::classification-v1.0::ITEM_e302308c3c4c2be84247,ITEM_e302308c3c4c2be84247,APPROVE_FAMILY,,,MED_SUPPLY,ANGIO_CATHETER,카테터,ANGIO_NEEDLE,카테터(angio needle),20G,EA,,MFDS_DEVICE_CLASSIFICATION_2026_18,MFDS_DEVICE_CLASSIFICATION_2026_18::ANGIO_CATHETER,https://www.law.go.kr/LSW/admRulLsInfoP.do?admRulSeq=2100000275656,representative_name;item_family_id;item_subtype_id;normalized_specification;unit_code,2026-07-22T12:35:28.630356+00:00,verified_family,approved,codex_external_evidence_pipeline,2026-07-22T12:35:28.630356+00:00,explicit_family_spec_unit_supported_by_official_taxonomy,classification-v1.0
DECISION::classification-v1.0::ITEM_c1c6c77d5309720afa03,ITEM_c1c6c77d5309720afa03,APPROVE_FAMILY,,,MED_SUPPLY,DISPOSABLE_SYRINGE,주사기,SYRINGE_USAGE_BASED,주사기(사용량 기준),10mL,EA,,MFDS_DEVICE_CLASSIFICATION_2026_18,MFDS_DEVICE_CLASSIFICATION_2026_18::DISPOSABLE_SYRINGE,https://www.law.go.kr/LSW/admRulLsInfoP.do?admRulSeq=2100000275656,representative_name;item_family_id;item_subtype_id;normalized_specification;unit_code,2026-07-22T12:35:28.630356+00:00,verified_family,approved,codex_external_evidence_pipeline,2026-07-22T12:35:28.630356+00:00,explicit_family_spec_unit_supported_by_official_taxonomy,classification-v1.0
DECISION::classification-v1.0::ITEM_7b31dcf22865a22cf724,ITEM_7b31dcf22865a22cf724,APPROVE_FAMILY,,,MED_SUPPLY,DISPOSABLE_SYRINGE,주사기,SYRINGE_USAGE_BASED,주사기(사용량 기준),20mL,EA,,MFDS_DEVICE_CLASSIFICATION_2026_18,MFDS_DEVICE_CLASSIFICATION_2026_18::DISPOSABLE_SYRINGE,https://www.law.go.kr/LSW/admRulLsInfoP.do?admRulSeq=2100000275656,representative_name;item_family_id;item_subtype_id;normalized_specification;unit_code,2026-07-22T12:35:28.630356+00:00,verified_family,approved,codex_external_evidence_pipeline,2026-07-22T12:35:28.630356+00:00,explicit_family_spec_unit_supported_by_official_taxonomy,classification-v1.0
DECISION::classification-v1.0::ITEM_3148f81023b46ceabf9d,ITEM_3148f81023b46ceabf9d,APPROVE_FAMILY,,,MED_SUPPLY,DISPOSABLE_SYRINGE,주사기,SYRINGE_USAGE_BASED,주사기(사용량 기준),5mL,EA,,MFDS_DEVICE_CLASSIFICATION_2026_18,MFDS_DEVICE_CLASSIFICATION_2026_18::DISPOSABLE_SYRINGE,https://www.law.go.kr/LSW/admRulLsInfoP.do?admRulSeq=2100000275656,representative_name;item_family_id;item_subtype_id;normalized_specification;unit_code,2026-07-22T12:35:28.630356+00:00,verified_family,approved,codex_external_evidence_pipeline,2026-07-22T12:35:28.630356+00:00,explicit_family_spec_unit_supported_by_official_taxonomy,classification-v1.0
DECISION::classification-v1.0::ITEM_7c78535cd9ca73a1976b,ITEM_7c78535cd9ca73a1976b,APPROVE_FAMILY,,,MED_SUPPLY,DISPOSABLE_SYRINGE,주사기,SYRINGE_USAGE_BASED,주사기(사용량 기준),60mL,EA,,MFDS_DEVICE_CLASSIFICATION_2026_18,MFDS_DEVICE_CLASSIFICATION_2026_18::DISPOSABLE_SYRINGE,https://www.law.go.kr/LSW/admRulLsInfoP.do?admRulSeq=2100000275656,representative_name;item_family_id;item_subtype_id;normalized_specification;unit_code,2026-07-22T12:35:28.630356+00:00,verified_family,approved,codex_external_evidence_pipeline,2026-07-22T12:35:28.630356+00:00,explicit_family_spec_unit_supported_by_official_taxonomy,classification-v1.0
DECISION::classification-v1.0::ITEM_987f65b6cfa88047ad3e,ITEM_987f65b6cfa88047ad3e,APPROVE_FAMILY,,,MED_SUPPLY,INJECTION_NEEDLE,주사침,INJECTION_NEEDLE,주사침,25G,EA,,MFDS_DEVICE_CLASSIFICATION_2026_18,MFDS_DEVICE_CLASSIFICATION_2026_18::INJECTION_NEEDLE,https://www.law.go.kr/LSW/admRulLsInfoP.do?admRulSeq=2100000275656,representative_name;item_family_id;item_subtype_id;normalized_specification;unit_code,2026-07-22T12:35:28.630356+00:00,verified_family,approved,codex_external_evidence_pipeline,2026-07-22T12:35:28.630356+00:00,explicit_family_spec_unit_supported_by_official_taxonomy,classification-v1.0
DECISION::classification-v1.0::ITEM_bea386d366568f5f8170,ITEM_bea386d366568f5f8170,APPROVE_FAMILY,,,MED_SUPPLY,INJECTION_NEEDLE,주사침,INJECTION_NEEDLE,주사침,26G,EA,,MFDS_DEVICE_CLASSIFICATION_2026_18,MFDS_DEVICE_CLASSIFICATION_2026_18::INJECTION_NEEDLE,https://www.law.go.kr/LSW/admRulLsInfoP.do?admRulSeq=2100000275656,representative_name;item_family_id;item_subtype_id;normalized_specification;unit_code,2026-07-22T12:35:28.630356+00:00,verified_family,approved,codex_external_evidence_pipeline,2026-07-22T12:35:28.630356+00:00,explicit_family_spec_unit_supported_by_official_taxonomy,classification-v1.0
DECISION::classification-v1.0::ITEM_ff7143632c661b96aa5c,ITEM_ff7143632c661b96aa5c,APPROVE_FAMILY,,,MED_SUPPLY,DISPOSABLE_SYRINGE,주사기,SYRINGE_USAGE_BASED,주사기(사용량 기준),10mL,EA,,MFDS_DEVICE_CLASSIFICATION_2026_18,MFDS_DEVICE_CLASSIFICATION_2026_18::DISPOSABLE_SYRINGE,https://www.law.go.kr/LSW/admRulLsInfoP.do?admRulSeq=2100000275656,representative_name;item_family_id;item_subtype_id;normalized_specification;unit_code,2026-07-22T12:35:28.630356+00:00,verified_family,approved,codex_external_evidence_pipeline,2026-07-22T12:35:28.630356+00:00,explicit_family_spec_unit_supported_by_official_taxonomy,classification-v1.0
DECISION::classification-v1.0::ITEM_d7862b3f859e4b9df90e,ITEM_d7862b3f859e4b9df90e,APPROVE_FAMILY,,,MED_SUPPLY,ANGIO_CATHETER,카테터,BUTTERFLY_NEEDLE,나비 바늘,나비 바늘,EA,,MFDS_DEVICE_CLASSIFICATION_2026_18,MFDS_DEVICE_CLASSIFICATION_2026_18::ANGIO_CATHETER,https://www.law.go.kr/LSW/admRulLsInfoP.do?admRulSeq=2100000275656,representative_name;item_family_id;item_subtype_id;normalized_specification;unit_code,2026-07-22T12:35:28.630356+00:00,verified_family,approved,codex_external_evidence_pipeline,2026-07-22T12:35:28.630356+00:00,explicit_family_spec_unit_supported_by_official_taxonomy,classification-v1.0
DECISION::classification-v1.0::ITEM_3f087aca33c9f4b32254,ITEM_3f087aca33c9f4b32254,APPROVE_FAMILY,,,MED_SUPPLY,DISPOSABLE_SYRINGE,주사기,SYRINGE_USAGE_BASED,주사기(사용량 기준),5mL,EA,,MFDS_DEVICE_CLASSIFICATION_2026_18,MFDS_DEVICE_CLASSIFICATION_2026_18::DISPOSABLE_SYRINGE,https://www.law.go.kr/LSW/admRulLsInfoP.do?admRulSeq=2100000275656,representative_name;item_family_id;item_subtype_id;normalized_specification;unit_code,2026-07-22T12:35:28.630356+00:00,verified_family,approved,codex_external_evidence_pipeline,2026-07-22T12:35:28.630356+00:00,explicit_family_spec_unit_supported_by_official_taxonomy,classification-v1.0
DECISION::classification-v1.0::ITEM_07a4cd7734c160c3ac08,ITEM_07a4cd7734c160c3ac08,APPROVE_FAMILY,,,MED_SUPPLY,DISPOSABLE_SYRINGE,주사기,SYRINGE_USAGE_BASED,주사기(사용량 기준),10mL,EA,,MFDS_DEVICE_CLASSIFICATION_2026_18,MFDS_DEVICE_CLASSIFICATION_2026_18::DISPOSABLE_SYRINGE,https://www.law.go.kr/LSW/admRulLsInfoP.do?admRulSeq=2100000275656,representative_name;item_family_id;item_subtype_id;normalized_specification;unit_code,2026-07-22T12:35:28.630356+00:00,verified_family,approved,codex_external_evidence_pipeline,2026-07-22T12:35:28.630356+00:00,explicit_family_spec_unit_supported_by_official_taxonomy,classification-v1.0
DECISION::classification-v1.0::ITEM_38498ae3d38a964929c6,ITEM_38498ae3d38a964929c6,APPROVE_FAMILY,,,MED_SUPPLY,DISPOSABLE_SYRINGE,주사기,SYRINGE_USAGE_BASED,주사기(사용량 기준),10mL,EA,,MFDS_DEVICE_CLASSIFICATION_2026_18,MFDS_DEVICE_CLASSIFICATION_2026_18::DISPOSABLE_SYRINGE,https://www.law.go.kr/LSW/admRulLsInfoP.do?admRulSeq=2100000275656,representative_name;item_family_id;item_subtype_id;normalized_specification;unit_code,2026-07-22T12:35:28.630356+00:00,verified_family,approved,codex_external_evidence_pipeline,2026-07-22T12:35:28.630356+00:00,explicit_family_spec_unit_supported_by_official_taxonomy,classification-v1.0
DECISION::classification-v1.0::ITEM_6e2cb82f88f0b221136b,ITEM_6e2cb82f88f0b221136b,APPROVE_FAMILY,,,MED_SUPPLY,DISPOSABLE_SYRINGE,주사기,SYRINGE_USAGE_BASED,주사기(사용량 기준),1mL,EA,,MFDS_DEVICE_CLASSIFICATION_2026_18,MFDS_DEVICE_CLASSIFICATION_2026_18::DISPOSABLE_SYRINGE,https://www.law.go.kr/LSW/admRulLsInfoP.do?admRulSeq=2100000275656,representative_name;item_family_id;item_subtype_id;normalized_specification;unit_code,2026-07-22T12:35:28.630356+00:00,verified_family,approved,codex_external_evidence_pipeline,2026-07-22T12:35:28.630356+00:00,explicit_family_spec_unit_supported_by_official_taxonomy,classification-v1.0
DECISION::classification-v1.0::ITEM_8feb2bbc830e668a24c3,ITEM_8feb2bbc830e668a24c3,APPROVE_FAMILY,,,MED_SUPPLY,DISPOSABLE_SYRINGE,주사기,SYRINGE_USAGE_BASED,주사기(사용량 기준),1mL,EA,,MFDS_DEVICE_CLASSIFICATION_2026_18,MFDS_DEVICE_CLASSIFICATION_2026_18::DISPOSABLE_SYRINGE,https://www.law.go.kr/LSW/admRulLsInfoP.do?admRulSeq=2100000275656,representative_name;item_family_id;item_subtype_id;normalized_specification;unit_code,2026-07-22T12:35:28.630356+00:00,verified_family,approved,codex_external_evidence_pipeline,2026-07-22T12:35:28.630356+00:00,explicit_family_spec_unit_supported_by_official_taxonomy,classification-v1.0
DECISION::classification-v1.0::ITEM_79bf69151bea9daa76f2,ITEM_79bf69151bea9daa76f2,APPROVE_FAMILY,,,MED_SUPPLY,BLOOD_LANCET,채혈침,BLOOD_LANCET,채혈침,23G,EA,,MFDS_DEVICE_CLASSIFICATION_2026_18,MFDS_DEVICE_CLASSIFICATION_2026_18::BLOOD_LANCET,https://www.law.go.kr/LSW/admRulLsInfoP.do?admRulSeq=2100000275656,representative_name;item_family_id;item_subtype_id;normalized_specification;unit_code,2026-07-22T12:35:28.630356+00:00,verified_family,approved,codex_external_evidence_pipeline,2026-07-22T12:35:28.630356+00:00,explicit_family_spec_unit_supported_by_official_taxonomy,classification-v1.0
DECISION::classification-v1.0::ITEM_439403ede45590f6c350,ITEM_439403ede45590f6c350,APPROVE_FAMILY,,,MED_SUPPLY,ANGIO_CATHETER,카테터,ANGIO_NEEDLE,카테터(angio needle),24G,EA,,MFDS_DEVICE_CLASSIFICATION_2026_18,MFDS_DEVICE_CLASSIFICATION_2026_18::ANGIO_CATHETER,https://www.law.go.kr/LSW/admRulLsInfoP.do?admRulSeq=2100000275656,representative_name;item_family_id;item_subtype_id;normalized_specification;unit_code,2026-07-22T12:35:28.630356+00:00,verified_family,approved,codex_external_evidence_pipeline,2026-07-22T12:35:28.630356+00:00,explicit_family_spec_unit_supported_by_official_taxonomy,classification-v1.0
DECISION::classification-v1.0::ITEM_c4d0b39cbed2ff9a095c,ITEM_c4d0b39cbed2ff9a095c,APPROVE_FAMILY,,,MED_SUPPLY,ANGIO_CATHETER,카테터,ANGIO_NEEDLE,카테터(angio needle),18G,EA,,MFDS_DEVICE_CLASSIFICATION_2026_18,MFDS_DEVICE_CLASSIFICATION_2026_18::ANGIO_CATHETER,https://www.law.go.kr/LSW/admRulLsInfoP.do?admRulSeq=2100000275656,representative_name;item_family_id;item_subtype_id;normalized_specification;unit_code,2026-07-22T12:35:28.630356+00:00,verified_family,approved,codex_external_evidence_pipeline,2026-07-22T12:35:28.630356+00:00,explicit_family_spec_unit_supported_by_official_taxonomy,classification-v1.0
DECISION::classification-v1.0::ITEM_8e84f796dc0ed421b2a1,ITEM_8e84f796dc0ed421b2a1,APPROVE_FAMILY,,,MED_SUPPLY,INFUSION_SET,수액세트,INFUSION_SET,수액세트,수액세트,EA,,MFDS_DEVICE_CLASSIFICATION_2026_18,MFDS_DEVICE_CLASSIFICATION_2026_18::INFUSION_SET,https://www.law.go.kr/LSW/admRulLsInfoP.do?admRulSeq=2100000275656,representative_name;item_family_id;item_subtype_id;normalized_specification;unit_code,2026-07-22T12:35:28.630356+00:00,verified_family,approved,codex_external_evidence_pipeline,2026-07-22T12:35:28.630356+00:00,explicit_family_spec_unit_supported_by_official_taxonomy,classification-v1.0
DECISION::classification-v1.0::ITEM_65ed95f926680605a78e,ITEM_65ed95f926680605a78e,APPROVE_FAMILY,,,MED_SUPPLY,BLOOD_LANCET,채혈침,BLOOD_LANCET,채혈침,30G,EA,,MFDS_DEVICE_CLASSIFICATION_2026_18,MFDS_DEVICE_CLASSIFICATION_2026_18::BLOOD_LANCET,https://www.law.go.kr/LSW/admRulLsInfoP.do?admRulSeq=2100000275656,representative_name;item_family_id;item_subtype_id;normalized_specification;unit_code,2026-07-22T12:35:28.630356+00:00,verified_family,approved,codex_external_evidence_pipeline,2026-07-22T12:35:28.630356+00:00,explicit_family_spec_unit_supported_by_official_taxonomy,classification-v1.0
DECISION::classification-v1.0::ITEM_e4120d701614178cca38,ITEM_e4120d701614178cca38,APPROVE_FAMILY,,,MED_SUPPLY,BLOOD_LANCET,채혈침,BLOOD_LANCET,채혈침,30G,EA,,MFDS_DEVICE_CLASSIFICATION_2026_18,MFDS_DEVICE_CLASSIFICATION_2026_18::BLOOD_LANCET,https://www.law.go.kr/LSW/admRulLsInfoP.do?admRulSeq=2100000275656,representative_name;item_family_id;item_subtype_id;normalized_specification;unit_code,2026-07-22T12:35:28.630356+00:00,verified_family,approved,codex_external_evidence_pipeline,2026-07-22T12:35:28.630356+00:00,explicit_family_spec_unit_supported_by_official_taxonomy,classification-v1.0
DECISION::classification-v1.0::ITEM_e05ed0d13c112e94b656,ITEM_e05ed0d13c112e94b656,APPROVE_FAMILY,,,MED_SUPPLY,BLOOD_LANCET,채혈침,BLOOD_LANCET,채혈침,28G,EA,,MFDS_DEVICE_CLASSIFICATION_2026_18,MFDS_DEVICE_CLASSIFICATION_2026_18::BLOOD_LANCET,https://www.law.go.kr/LSW/admRulLsInfoP.do?admRulSeq=2100000275656,representative_name;item_family_id;item_subtype_id;normalized_specification;unit_code,2026-07-22T12:35:28.630356+00:00,verified_family,approved,codex_external_evidence_pipeline,2026-07-22T12:35:28.630356+00:00,explicit_family_spec_unit_supported_by_official_taxonomy,classification-v1.0
DECISION::classification-v1.0::ITEM_0a8fde365b8b59feb73f,ITEM_0a8fde365b8b59feb73f,APPROVE_FAMILY,,,MED_SUPPLY,INFUSION_SET,수액세트,INFUSION_SET,수액세트,수액세트,EA,,MFDS_DEVICE_CLASSIFICATION_2026_18,MFDS_DEVICE_CLASSIFICATION_2026_18::INFUSION_SET,https://www.law.go.kr/LSW/admRulLsInfoP.do?admRulSeq=2100000275656,representative_name;item_family_id;item_subtype_id;normalized_specification;unit_code,2026-07-22T12:35:28.630356+00:00,verified_family,approved,codex_external_evidence_pipeline,2026-07-22T12:35:28.630356+00:00,explicit_family_spec_unit_supported_by_official_taxonomy,classification-v1.0
DECISION::classification-v1.0::ITEM_d9c1e05e95dd61cd8438,ITEM_d9c1e05e95dd61cd8438,APPROVE_FAMILY,,,MED_SUPPLY,BLOOD_LANCET,채혈침,BLOOD_LANCET,채혈침,23G,EA,,MFDS_DEVICE_CLASSIFICATION_2026_18,MFDS_DEVICE_CLASSIFICATION_2026_18::BLOOD_LANCET,https://www.law.go.kr/LSW/admRulLsInfoP.do?admRulSeq=2100000275656,representative_name;item_family_id;item_subtype_id;normalized_specification;unit_code,2026-07-22T12:35:28.630356+00:00,verified_family,approved,codex_external_evidence_pipeline,2026-07-22T12:35:28.630356+00:00,explicit_family_spec_unit_supported_by_official_taxonomy,classification-v1.0
DECISION::classification-v1.0::ITEM_18bbd61c4a237e68175e,ITEM_18bbd61c4a237e68175e,APPROVE_FAMILY,,,MED_SUPPLY,DISPOSABLE_SYRINGE,주사기,SYRINGE_USAGE_BASED,주사기(사용량 기준),3mL,EA,,MFDS_DEVICE_CLASSIFICATION_2026_18,MFDS_DEVICE_CLASSIFICATION_2026_18::DISPOSABLE_SYRINGE,https://www.law.go.kr/LSW/admRulLsInfoP.do?admRulSeq=2100000275656,representative_name;item_family_id;item_subtype_id;normalized_specification;unit_code,2026-07-22T12:35:28.630356+00:00,verified_family,approved,codex_external_evidence_pipeline,2026-07-22T12:35:28.630356+00:00,explicit_family_spec_unit_supported_by_official_taxonomy,classification-v1.0
DECISION::classification-v1.0::ITEM_205eff1170e6450b23d1,ITEM_205eff1170e6450b23d1,APPROVE_FAMILY,,,MED_SUPPLY,DISPOSABLE_SYRINGE,주사기,SYRINGE_USAGE_BASED,주사기(사용량 기준),3mL,EA,,MFDS_DEVICE_CLASSIFICATION_2026_18,MFDS_DEVICE_CLASSIFICATION_2026_18::DISPOSABLE_SYRINGE,https://www.law.go.kr/LSW/admRulLsInfoP.do?admRulSeq=2100000275656,representative_name;item_family_id;item_subtype_id;normalized_specification;unit_code,2026-07-22T12:35:28.630356+00:00,verified_family,approved,codex_external_evidence_pipeline,2026-07-22T12:35:28.630356+00:00,explicit_family_spec_unit_supported_by_official_taxonomy,classification-v1.0
DECISION::classification-v1.0::ITEM_87b0ad266a55b9b79d30,ITEM_87b0ad266a55b9b79d30,APPROVE_FAMILY,,,MED_SUPPLY,DISPOSABLE_SYRINGE,주사기,SYRINGE_USAGE_BASED,주사기(사용량 기준),3mL,EA,,MFDS_DEVICE_CLASSIFICATION_2026_18,MFDS_DEVICE_CLASSIFICATION_2026_18::DISPOSABLE_SYRINGE,https://www.law.go.kr/LSW/admRulLsInfoP.do?admRulSeq=2100000275656,representative_name;item_family_id;item_subtype_id;normalized_specification;unit_code,2026-07-22T12:35:28.630356+00:00,verified_family,approved,codex_external_evidence_pipeline,2026-07-22T12:35:28.630356+00:00,explicit_family_spec_unit_supported_by_official_taxonomy,classification-v1.0
DECISION::classification-v1.0::ITEM_67e3285e16033825761d,ITEM_67e3285e16033825761d,APPROVE_FAMILY,,,MED_SUPPLY,BLOOD_LANCET,채혈침,BLOOD_LANCET,채혈침,30G,EA,,MFDS_DEVICE_CLASSIFICATION_2026_18,MFDS_DEVICE_CLASSIFICATION_2026_18::BLOOD_LANCET,https://www.law.go.kr/LSW/admRulLsInfoP.do?admRulSeq=2100000275656,representative_name;item_family_id;item_subtype_id;normalized_specification;unit_code,2026-07-22T12:35:28.630356+00:00,verified_family,approved,codex_external_evidence_pipeline,2026-07-22T12:35:28.630356+00:00,explicit_family_spec_unit_supported_by_official_taxonomy,classification-v1.0
DECISION::classification-v1.0::ITEM_3ad41685714d218e5a2c,ITEM_3ad41685714d218e5a2c,APPROVE_FAMILY,,,MED_SUPPLY,DISPOSABLE_SYRINGE,주사기,SYRINGE_USAGE_BASED,주사기(사용량 기준),3mL,EA,,MFDS_DEVICE_CLASSIFICATION_2026_18,MFDS_DEVICE_CLASSIFICATION_2026_18::DISPOSABLE_SYRINGE,https://www.law.go.kr/LSW/admRulLsInfoP.do?admRulSeq=2100000275656,representative_name;item_family_id;item_subtype_id;normalized_specification;unit_code,2026-07-22T12:35:28.630356+00:00,verified_family,approved,codex_external_evidence_pipeline,2026-07-22T12:35:28.630356+00:00,explicit_family_spec_unit_supported_by_official_taxonomy,classification-v1.0
DECISION::classification-v1.0::ITEM_57c46cce899ddcad27ce,ITEM_57c46cce899ddcad27ce,APPROVE_FAMILY,,,MED_SUPPLY,DISPOSABLE_SYRINGE,주사기,SYRINGE_USAGE_BASED,주사기(사용량 기준),50mL,EA,,MFDS_DEVICE_CLASSIFICATION_2026_18,MFDS_DEVICE_CLASSIFICATION_2026_18::DISPOSABLE_SYRINGE,https://www.law.go.kr/LSW/admRulLsInfoP.do?admRulSeq=2100000275656,representative_name;item_family_id;item_subtype_id;normalized_specification;unit_code,2026-07-22T12:35:28.630356+00:00,verified_family,approved,codex_external_evidence_pipeline,2026-07-22T12:35:28.630356+00:00,explicit_family_spec_unit_supported_by_official_taxonomy,classification-v1.0
DECISION::classification-v1.0::ITEM_ec7bd1e0fbd015f0993b,ITEM_ec7bd1e0fbd015f0993b,APPROVE_FAMILY,,,MED_SUPPLY,DISPOSABLE_SYRINGE,주사기,SYRINGE_USAGE_BASED,주사기(사용량 기준),10mL,EA,,MFDS_DEVICE_CLASSIFICATION_2026_18,MFDS_DEVICE_CLASSIFICATION_2026_18::DISPOSABLE_SYRINGE,https://www.law.go.kr/LSW/admRulLsInfoP.do?admRulSeq=2100000275656,representative_name;item_family_id;item_subtype_id;normalized_specification;unit_code,2026-07-22T12:35:28.630356+00:00,verified_family,approved,codex_external_evidence_pipeline,2026-07-22T12:35:28.630356+00:00,explicit_family_spec_unit_supported_by_official_taxonomy,classification-v1.0
DECISION::classification-v1.0::ITEM_22061a493303a697bbc1,ITEM_22061a493303a697bbc1,APPROVE_FAMILY,,,MED_SUPPLY,DISPOSABLE_SYRINGE,주사기,SYRINGE_USAGE_BASED,주사기(사용량 기준),3mL,EA,,MFDS_DEVICE_CLASSIFICATION_2026_18,MFDS_DEVICE_CLASSIFICATION_2026_18::DISPOSABLE_SYRINGE,https://www.law.go.kr/LSW/admRulLsInfoP.do?admRulSeq=2100000275656,representative_name;item_family_id;item_subtype_id;normalized_specification;unit_code,2026-07-22T12:35:28.630356+00:00,verified_family,approved,codex_external_evidence_pipeline,2026-07-22T12:35:28.630356+00:00,explicit_family_spec_unit_supported_by_official_taxonomy,classification-v1.0
DECISION::classification-v1.0::ITEM_60ec3b7244f927179298,ITEM_60ec3b7244f927179298,APPROVE_FAMILY,,,MED_SUPPLY,DISPOSABLE_SYRINGE,주사기,SYRINGE_USAGE_BASED,주사기(사용량 기준),5mL,EA,,MFDS_DEVICE_CLASSIFICATION_2026_18,MFDS_DEVICE_CLASSIFICATION_2026_18::DISPOSABLE_SYRINGE,https://www.law.go.kr/LSW/admRulLsInfoP.do?admRulSeq=2100000275656,representative_name;item_family_id;item_subtype_id;normalized_specification;unit_code,2026-07-22T12:35:28.630356+00:00,verified_family,approved,codex_external_evidence_pipeline,2026-07-22T12:35:28.630356+00:00,explicit_family_spec_unit_supported_by_official_taxonomy,classification-v1.0
DECISION::classification-v1.0::ITEM_84ef7f671bc7b9f10743,ITEM_84ef7f671bc7b9f10743,APPROVE_FAMILY,,,MED_SUPPLY,DISPOSABLE_SYRINGE,주사기,SYRINGE_USAGE_BASED,주사기(사용량 기준),1mL,EA,,MFDS_DEVICE_CLASSIFICATION_2026_18,MFDS_DEVICE_CLASSIFICATION_2026_18::DISPOSABLE_SYRINGE,https://www.law.go.kr/LSW/admRulLsInfoP.do?admRulSeq=2100000275656,representative_name;item_family_id;item_subtype_id;normalized_specification;unit_code,2026-07-22T12:35:28.630356+00:00,verified_family,approved,codex_external_evidence_pipeline,2026-07-22T12:35:28.630356+00:00,explicit_family_spec_unit_supported_by_official_taxonomy,classification-v1.0
DECISION::classification-v1.0::ITEM_ea777c9cb92ded176540,ITEM_ea777c9cb92ded176540,APPROVE_FAMILY,,,MED_SUPPLY,DISPOSABLE_SYRINGE,주사기,SYRINGE_USAGE_BASED,주사기(사용량 기준),10mL,EA,,MFDS_DEVICE_CLASSIFICATION_2026_18,MFDS_DEVICE_CLASSIFICATION_2026_18::DISPOSABLE_SYRINGE,https://www.law.go.kr/LSW/admRulLsInfoP.do?admRulSeq=2100000275656,representative_name;item_family_id;item_subtype_id;normalized_specification;unit_code,2026-07-22T12:35:28.630356+00:00,verified_family,approved,codex_external_evidence_pipeline,2026-07-22T12:35:28.630356+00:00,explicit_family_spec_unit_supported_by_official_taxonomy,classification-v1.0
DECISION::classification-v1.0::ITEM_1bb7f25253f8e48a95b5,ITEM_1bb7f25253f8e48a95b5,APPROVE_FAMILY,,,MED_SUPPLY,DISPOSABLE_SYRINGE,주사기,SYRINGE_USAGE_BASED,주사기(사용량 기준),2mL,EA,,MFDS_DEVICE_CLASSIFICATION_2026_18,MFDS_DEVICE_CLASSIFICATION_2026_18::DISPOSABLE_SYRINGE,https://www.law.go.kr/LSW/admRulLsInfoP.do?admRulSeq=2100000275656,representative_name;item_family_id;item_subtype_id;normalized_specification;unit_code,2026-07-22T12:35:28.630356+00:00,verified_family,approved,codex_external_evidence_pipeline,2026-07-22T12:35:28.630356+00:00,explicit_family_spec_unit_supported_by_official_taxonomy,classification-v1.0
DECISION::classification-v1.0::ITEM_2ab163d7d006bb30ad63,ITEM_2ab163d7d006bb30ad63,APPROVE_FAMILY,,,MED_SUPPLY,ANGIO_CATHETER,카테터,ANGIO_NEEDLE,카테터(angio needle),24G,EA,,MFDS_DEVICE_CLASSIFICATION_2026_18,MFDS_DEVICE_CLASSIFICATION_2026_18::ANGIO_CATHETER,https://www.law.go.kr/LSW/admRulLsInfoP.do?admRulSeq=2100000275656,representative_name;item_family_id;item_subtype_id;normalized_specification;unit_code,2026-07-22T12:35:28.630356+00:00,verified_family,approved,codex_external_evidence_pipeline,2026-07-22T12:35:28.630356+00:00,explicit_family_spec_unit_supported_by_official_taxonomy,classification-v1.0
DECISION::classification-v1.0::ITEM_83008b4290213e009acc,ITEM_83008b4290213e009acc,APPROVE_FAMILY,,,MED_SUPPLY,DISPOSABLE_SYRINGE,주사기,SYRINGE_USAGE_BASED,주사기(사용량 기준),3mL,EA,,MFDS_DEVICE_CLASSIFICATION_2026_18,MFDS_DEVICE_CLASSIFICATION_2026_18::DISPOSABLE_SYRINGE,https://www.law.go.kr/LSW/admRulLsInfoP.do?admRulSeq=2100000275656,representative_name;item_family_id;item_subtype_id;normalized_specification;unit_code,2026-07-22T12:35:28.630356+00:00,verified_family,approved,codex_external_evidence_pipeline,2026-07-22T12:35:28.630356+00:00,explicit_family_spec_unit_supported_by_official_taxonomy,classification-v1.0
DECISION::classification-v1.0::ITEM_a289f294506279470db0,ITEM_a289f294506279470db0,APPROVE_FAMILY,,,MED_SUPPLY,DISPOSABLE_SYRINGE,주사기,SYRINGE_USAGE_BASED,주사기(사용량 기준),1mL,EA,,MFDS_DEVICE_CLASSIFICATION_2026_18,MFDS_DEVICE_CLASSIFICATION_2026_18::DISPOSABLE_SYRINGE,https://www.law.go.kr/LSW/admRulLsInfoP.do?admRulSeq=2100000275656,representative_name;item_family_id;item_subtype_id;normalized_specification;unit_code,2026-07-22T12:35:28.630356+00:00,verified_family,approved,codex_external_evidence_pipeline,2026-07-22T12:35:28.630356+00:00,explicit_family_spec_unit_supported_by_official_taxonomy,classification-v1.0
DECISION::classification-v1.0::ITEM_0602268ce2f4e5db5260,ITEM_0602268ce2f4e5db5260,APPROVE_FAMILY,,,MED_SUPPLY,DISPOSABLE_SYRINGE,주사기,SYRINGE_USAGE_BASED,주사기(사용량 기준),1mL,EA,,MFDS_DEVICE_CLASSIFICATION_2026_18,MFDS_DEVICE_CLASSIFICATION_2026_18::DISPOSABLE_SYRINGE,https://www.law.go.kr/LSW/admRulLsInfoP.do?admRulSeq=2100000275656,representative_name;item_family_id;item_subtype_id;normalized_specification;unit_code,2026-07-22T12:35:28.630356+00:00,verified_family,approved,codex_external_evidence_pipeline,2026-07-22T12:35:28.630356+00:00,explicit_family_spec_unit_supported_by_official_taxonomy,classification-v1.0
DECISION::classification-v1.0::ITEM_ff647b05b9e9ecf31e0b,ITEM_ff647b05b9e9ecf31e0b,APPROVE_FAMILY,,,MED_SUPPLY,DISPOSABLE_SYRINGE,주사기,SYRINGE_USAGE_BASED,주사기(사용량 기준),10mL,EA,,MFDS_DEVICE_CLASSIFICATION_2026_18,MFDS_DEVICE_CLASSIFICATION_2026_18::DISPOSABLE_SYRINGE,https://www.law.go.kr/LSW/admRulLsInfoP.do?admRulSeq=2100000275656,representative_name;item_family_id;item_subtype_id;normalized_specification;unit_code,2026-07-22T12:35:28.630356+00:00,verified_family,approved,codex_external_evidence_pipeline,2026-07-22T12:35:28.630356+00:00,explicit_family_spec_unit_supported_by_official_taxonomy,classification-v1.0
DECISION::classification-v1.0::ITEM_faf9ed32f31cf026853f,ITEM_faf9ed32f31cf026853f,APPROVE_FAMILY,,,MED_SUPPLY,BLOOD_LANCET,채혈침,BLOOD_LANCET,채혈침,30G,EA,,MFDS_DEVICE_CLASSIFICATION_2026_18,MFDS_DEVICE_CLASSIFICATION_2026_18::BLOOD_LANCET,https://www.law.go.kr/LSW/admRulLsInfoP.do?admRulSeq=2100000275656,representative_name;item_family_id;item_subtype_id;normalized_specification;unit_code,2026-07-22T12:35:28.630356+00:00,verified_family,approved,codex_external_evidence_pipeline,2026-07-22T12:35:28.630356+00:00,explicit_family_spec_unit_supported_by_official_taxonomy,classification-v1.0
DECISION::classification-v1.0::ITEM_d41b6cb8ad3b9a72888a,ITEM_d41b6cb8ad3b9a72888a,APPROVE_FAMILY,,,WASTE,MEDICAL_WASTE_CONTAINER,의료폐기물 전용용기,RIGID_NEEDLE_BOX,합성수지형 용기(needle box),5L,EA,,WASTE_RULE_APPENDIX_5_2026_03_26,WASTE_RULE_APPENDIX_5_2026_03_26::MEDICAL_WASTE_CONTAINER,https://www.law.go.kr/flDownload.do?bylClsCd=110201&flSeq=162812925&gubun=,representative_name;item_family_id;item_subtype_id;normalized_specification;unit_code,2026-07-22T12:35:28.630356+00:00,verified_family,approved,codex_external_evidence_pipeline,2026-07-22T12:35:28.630356+00:00,explicit_family_spec_unit_supported_by_official_taxonomy,classification-v1.0
DECISION::classification-v1.0::ITEM_d5a7c5a32bf0437cd31e,ITEM_d5a7c5a32bf0437cd31e,APPROVE_FAMILY,,,MED_SUPPLY,INJECTION_NEEDLE,주사침,INJECTION_NEEDLE,주사침,25G,EA,,MFDS_DEVICE_CLASSIFICATION_2026_18,MFDS_DEVICE_CLASSIFICATION_2026_18::INJECTION_NEEDLE,https://www.law.go.kr/LSW/admRulLsInfoP.do?admRulSeq=2100000275656,representative_name;item_family_id;item_subtype_id;normalized_specification;unit_code,2026-07-22T12:35:28.630356+00:00,verified_family,approved,codex_external_evidence_pipeline,2026-07-22T12:35:28.630356+00:00,explicit_family_spec_unit_supported_by_official_taxonomy,classification-v1.0
DECISION::classification-v1.0::ITEM_63ac3f2750159c00bf09,ITEM_63ac3f2750159c00bf09,APPROVE_FAMILY,,,MED_SUPPLY,DISPOSABLE_SYRINGE,주사기,SYRINGE_USAGE_BASED,주사기(사용량 기준),5mL,EA,,MFDS_DEVICE_CLASSIFICATION_2026_18,MFDS_DEVICE_CLASSIFICATION_2026_18::DISPOSABLE_SYRINGE,https://www.law.go.kr/LSW/admRulLsInfoP.do?admRulSeq=2100000275656,representative_name;item_family_id;item_subtype_id;normalized_specification;unit_code,2026-07-22T12:35:28.630356+00:00,verified_family,approved,codex_external_evidence_pipeline,2026-07-22T12:35:28.630356+00:00,explicit_family_spec_unit_supported_by_official_taxonomy,classification-v1.0
DECISION::classification-v1.0::ITEM_54491128c66791c61d3c,ITEM_54491128c66791c61d3c,APPROVE_FAMILY,,,MED_SUPPLY,DISPOSABLE_SYRINGE,주사기,SYRINGE_USAGE_BASED,주사기(사용량 기준),2mL,EA,,MFDS_DEVICE_CLASSIFICATION_2026_18,MFDS_DEVICE_CLASSIFICATION_2026_18::DISPOSABLE_SYRINGE,https://www.law.go.kr/LSW/admRulLsInfoP.do?admRulSeq=2100000275656,representative_name;item_family_id;item_subtype_id;normalized_specification;unit_code,2026-07-22T12:35:28.630356+00:00,verified_family,approved,codex_external_evidence_pipeline,2026-07-22T12:35:28.630356+00:00,explicit_family_spec_unit_supported_by_official_taxonomy,classification-v1.0
DECISION::classification-v1.0::ITEM_e0ae942124f5f92eb953,ITEM_e0ae942124f5f92eb953,APPROVE_FAMILY,,,MED_SUPPLY,INJECTION_NEEDLE,주사침,INJECTION_NEEDLE,주사침,23G,EA,,MFDS_DEVICE_CLASSIFICATION_2026_18,MFDS_DEVICE_CLASSIFICATION_2026_18::INJECTION_NEEDLE,https://www.law.go.kr/LSW/admRulLsInfoP.do?admRulSeq=2100000275656,representative_name;item_family_id;item_subtype_id;normalized_specification;unit_code,2026-07-22T12:35:28.630356+00:00,verified_family,approved,codex_external_evidence_pipeline,2026-07-22T12:35:28.630356+00:00,explicit_family_spec_unit_supported_by_official_taxonomy,classification-v1.0
DECISION::classification-v1.0::ITEM_9a2a8f1075f32c025186,ITEM_9a2a8f1075f32c025186,APPROVE_FAMILY,,,MED_SUPPLY,INJECTION_NEEDLE,주사침,INJECTION_NEEDLE,주사침,26G,EA,,MFDS_DEVICE_CLASSIFICATION_2026_18,MFDS_DEVICE_CLASSIFICATION_2026_18::INJECTION_NEEDLE,https://www.law.go.kr/LSW/admRulLsInfoP.do?admRulSeq=2100000275656,representative_name;item_family_id;item_subtype_id;normalized_specification;unit_code,2026-07-22T12:35:28.630356+00:00,verified_family,approved,codex_external_evidence_pipeline,2026-07-22T12:35:28.630356+00:00,explicit_family_spec_unit_supported_by_official_taxonomy,classification-v1.0
DECISION::classification-v1.0::ITEM_ece541ebd50d0e7887d8,ITEM_ece541ebd50d0e7887d8,APPROVE_FAMILY,,,MED_SUPPLY,BLOOD_LANCET,채혈침,BLOOD_LANCET,채혈침,28G,EA,,MFDS_DEVICE_CLASSIFICATION_2026_18,MFDS_DEVICE_CLASSIFICATION_2026_18::BLOOD_LANCET,https://www.law.go.kr/LSW/admRulLsInfoP.do?admRulSeq=2100000275656,representative_name;item_family_id;item_subtype_id;normalized_specification;unit_code,2026-07-22T12:35:28.630356+00:00,verified_family,approved,codex_external_evidence_pipeline,2026-07-22T12:35:28.630356+00:00,explicit_family_spec_unit_supported_by_official_taxonomy,classification-v1.0
DECISION::classification-v1.0::ITEM_29ea7c54420ff6b43e5f,ITEM_29ea7c54420ff6b43e5f,APPROVE_FAMILY,,,MED_SUPPLY,BLOOD_LANCET,채혈침,BLOOD_LANCET,채혈침,28G,EA,,MFDS_DEVICE_CLASSIFICATION_2026_18,MFDS_DEVICE_CLASSIFICATION_2026_18::BLOOD_LANCET,https://www.law.go.kr/LSW/admRulLsInfoP.do?admRulSeq=2100000275656,representative_name;item_family_id;item_subtype_id;normalized_specification;unit_code,2026-07-22T12:35:28.630356+00:00,verified_family,approved,codex_external_evidence_pipeline,2026-07-22T12:35:28.630356+00:00,explicit_family_spec_unit_supported_by_official_taxonomy,classification-v1.0
DECISION::classification-v1.0::ITEM_0350d8ac19e0cafc8ea1,ITEM_0350d8ac19e0cafc8ea1,APPROVE_FAMILY,,,MED_SUPPLY,DISPOSABLE_SYRINGE,주사기,SYRINGE_USAGE_BASED,주사기(사용량 기준),0.05mL,EA,,MFDS_DEVICE_CLASSIFICATION_2026_18,MFDS_DEVICE_CLASSIFICATION_2026_18::DISPOSABLE_SYRINGE,https://www.law.go.kr/LSW/admRulLsInfoP.do?admRulSeq=2100000275656,representative_name;item_family_id;item_subtype_id;normalized_specification;unit_code,2026-07-22T12:35:28.630356+00:00,verified_family,approved,codex_external_evidence_pipeline,2026-07-22T12:35:28.630356+00:00,explicit_family_spec_unit_supported_by_official_taxonomy,classification-v1.0
DECISION::classification-v1.0::ITEM_0d4fb054919590fd312b,ITEM_0d4fb054919590fd312b,APPROVE_FAMILY,,,MED_SUPPLY,DISPOSABLE_SYRINGE,주사기,SYRINGE_USAGE_BASED,주사기(사용량 기준),1mL,EA,,MFDS_DEVICE_CLASSIFICATION_2026_18,MFDS_DEVICE_CLASSIFICATION_2026_18::DISPOSABLE_SYRINGE,https://www.law.go.kr/LSW/admRulLsInfoP.do?admRulSeq=2100000275656,representative_name;item_family_id;item_subtype_id;normalized_specification;unit_code,2026-07-22T12:35:28.630356+00:00,verified_family,approved,codex_external_evidence_pipeline,2026-07-22T12:35:28.630356+00:00,explicit_family_spec_unit_supported_by_official_taxonomy,classification-v1.0
DECISION::classification-v1.0::ITEM_5b6ed017c3460a8019f6,ITEM_5b6ed017c3460a8019f6,APPROVE_FAMILY,,,MED_SUPPLY,DISPOSABLE_SYRINGE,주사기,SYRINGE_USAGE_BASED,주사기(사용량 기준),1mL,EA,,MFDS_DEVICE_CLASSIFICATION_2026_18,MFDS_DEVICE_CLASSIFICATION_2026_18::DISPOSABLE_SYRINGE,https://www.law.go.kr/LSW/admRulLsInfoP.do?admRulSeq=2100000275656,representative_name;item_family_id;item_subtype_id;normalized_specification;unit_code,2026-07-22T12:35:28.630356+00:00,verified_family,approved,codex_external_evidence_pipeline,2026-07-22T12:35:28.630356+00:00,explicit_family_spec_unit_supported_by_official_taxonomy,classification-v1.0
DECISION::classification-v1.0::ITEM_89f39986223efee8ce10,ITEM_89f39986223efee8ce10,APPROVE_FAMILY,,,MED_SUPPLY,INJECTION_NEEDLE,주사침,INJECTION_NEEDLE,주사침,25G,EA,,MFDS_DEVICE_CLASSIFICATION_2026_18,MFDS_DEVICE_CLASSIFICATION_2026_18::INJECTION_NEEDLE,https://www.law.go.kr/LSW/admRulLsInfoP.do?admRulSeq=2100000275656,representative_name;item_family_id;item_subtype_id;normalized_specification;unit_code,2026-07-22T12:35:28.630356+00:00,verified_family,approved,codex_external_evidence_pipeline,2026-07-22T12:35:28.630356+00:00,explicit_family_spec_unit_supported_by_official_taxonomy,classification-v1.0
DECISION::classification-v1.0::ITEM_d6b6e9a5321e2545a61a,ITEM_d6b6e9a5321e2545a61a,APPROVE_FAMILY,,,MED_SUPPLY,DISPOSABLE_SYRINGE,주사기,SYRINGE_USAGE_BASED,주사기(사용량 기준),10mL,EA,,MFDS_DEVICE_CLASSIFICATION_2026_18,MFDS_DEVICE_CLASSIFICATION_2026_18::DISPOSABLE_SYRINGE,https://www.law.go.kr/LSW/admRulLsInfoP.do?admRulSeq=2100000275656,representative_name;item_family_id;item_subtype_id;normalized_specification;unit_code,2026-07-22T12:35:28.630356+00:00,verified_family,approved,codex_external_evidence_pipeline,2026-07-22T12:35:28.630356+00:00,explicit_family_spec_unit_supported_by_official_taxonomy,classification-v1.0
DECISION::classification-v1.0::ITEM_fe1539df2ea1e7c9923d,ITEM_fe1539df2ea1e7c9923d,APPROVE_FAMILY,,,MED_SUPPLY,DISPOSABLE_SYRINGE,주사기,SYRINGE_USAGE_BASED,주사기(사용량 기준),3mL,EA,,MFDS_DEVICE_CLASSIFICATION_2026_18,MFDS_DEVICE_CLASSIFICATION_2026_18::DISPOSABLE_SYRINGE,https://www.law.go.kr/LSW/admRulLsInfoP.do?admRulSeq=2100000275656,representative_name;item_family_id;item_subtype_id;normalized_specification;unit_code,2026-07-22T12:35:28.630356+00:00,verified_family,approved,codex_external_evidence_pipeline,2026-07-22T12:35:28.630356+00:00,explicit_family_spec_unit_supported_by_official_taxonomy,classification-v1.0
DECISION::classification-v1.0::ITEM_8720d18cbaba51a4e5f3,ITEM_8720d18cbaba51a4e5f3,APPROVE_FAMILY,,,MED_SUPPLY,DISPOSABLE_SYRINGE,주사기,SYRINGE_USAGE_BASED,주사기(사용량 기준),0.3mL,EA,,MFDS_DEVICE_CLASSIFICATION_2026_18,MFDS_DEVICE_CLASSIFICATION_2026_18::DISPOSABLE_SYRINGE,https://www.law.go.kr/LSW/admRulLsInfoP.do?admRulSeq=2100000275656,representative_name;item_family_id;item_subtype_id;normalized_specification;unit_code,2026-07-22T12:35:28.630356+00:00,verified_family,approved,codex_external_evidence_pipeline,2026-07-22T12:35:28.630356+00:00,explicit_family_spec_unit_supported_by_official_taxonomy,classification-v1.0
DECISION::classification-v1.0::ITEM_c3b67947a58a50685376,ITEM_c3b67947a58a50685376,APPROVE_FAMILY,,,MED_SUPPLY,BLOOD_LANCET,채혈침,BLOOD_LANCET,채혈침,30G,EA,,MFDS_DEVICE_CLASSIFICATION_2026_18,MFDS_DEVICE_CLASSIFICATION_2026_18::BLOOD_LANCET,https://www.law.go.kr/LSW/admRulLsInfoP.do?admRulSeq=2100000275656,representative_name;item_family_id;item_subtype_id;normalized_specification;unit_code,2026-07-22T12:35:28.630356+00:00,verified_family,approved,codex_external_evidence_pipeline,2026-07-22T12:35:28.630356+00:00,explicit_family_spec_unit_supported_by_official_taxonomy,classification-v1.0
DECISION::classification-v1.0::ITEM_0d08065448aeceab1d9f,ITEM_0d08065448aeceab1d9f,APPROVE_FAMILY,,,MED_SUPPLY,BLOOD_LANCET,채혈침,BLOOD_LANCET,채혈침,28G,EA,,MFDS_DEVICE_CLASSIFICATION_2026_18,MFDS_DEVICE_CLASSIFICATION_2026_18::BLOOD_LANCET,https://www.law.go.kr/LSW/admRulLsInfoP.do?admRulSeq=2100000275656,representative_name;item_family_id;item_subtype_id;normalized_specification;unit_code,2026-07-22T12:35:28.630356+00:00,verified_family,approved,codex_external_evidence_pipeline,2026-07-22T12:35:28.630356+00:00,explicit_family_spec_unit_supported_by_official_taxonomy,classification-v1.0
DECISION::classification-v1.0::ITEM_bb5bf2fdc3420edec3b6,ITEM_bb5bf2fdc3420edec3b6,APPROVE_FAMILY,,,MED_SUPPLY,ANGIO_CATHETER,카테터,BUTTERFLY_NEEDLE,나비 바늘,나비 바늘,EA,,MFDS_DEVICE_CLASSIFICATION_2026_18,MFDS_DEVICE_CLASSIFICATION_2026_18::ANGIO_CATHETER,https://www.law.go.kr/LSW/admRulLsInfoP.do?admRulSeq=2100000275656,representative_name;item_family_id;item_subtype_id;normalized_specification;unit_code,2026-07-22T12:35:28.630356+00:00,verified_family,approved,codex_external_evidence_pipeline,2026-07-22T12:35:28.630356+00:00,explicit_family_spec_unit_supported_by_official_taxonomy,classification-v1.0
DECISION::classification-v1.0::ITEM_756e46ba83bb57f1363d,ITEM_756e46ba83bb57f1363d,APPROVE_FAMILY,,,MED_SUPPLY,DISPOSABLE_SYRINGE,주사기,SYRINGE_USAGE_BASED,주사기(사용량 기준),10mL,EA,,MFDS_DEVICE_CLASSIFICATION_2026_18,MFDS_DEVICE_CLASSIFICATION_2026_18::DISPOSABLE_SYRINGE,https://www.law.go.kr/LSW/admRulLsInfoP.do?admRulSeq=2100000275656,representative_name;item_family_id;item_subtype_id;normalized_specification;unit_code,2026-07-22T12:35:28.630356+00:00,verified_family,approved,codex_external_evidence_pipeline,2026-07-22T12:35:28.630356+00:00,explicit_family_spec_unit_supported_by_official_taxonomy,classification-v1.0
DECISION::classification-v1.0::ITEM_bb86babbf6181efa9a3b,ITEM_bb86babbf6181efa9a3b,APPROVE_FAMILY,,,MED_SUPPLY,DISPOSABLE_SYRINGE,주사기,SYRINGE_USAGE_BASED,주사기(사용량 기준),1mL,EA,,MFDS_DEVICE_CLASSIFICATION_2026_18,MFDS_DEVICE_CLASSIFICATION_2026_18::DISPOSABLE_SYRINGE,https://www.law.go.kr/LSW/admRulLsInfoP.do?admRulSeq=2100000275656,representative_name;item_family_id;item_subtype_id;normalized_specification;unit_code,2026-07-22T12:35:28.630356+00:00,verified_family,approved,codex_external_evidence_pipeline,2026-07-22T12:35:28.630356+00:00,explicit_family_spec_unit_supported_by_official_taxonomy,classification-v1.0
DECISION::classification-v1.0::ITEM_dc12273846b9ffc8a4ea,ITEM_dc12273846b9ffc8a4ea,APPROVE_FAMILY,,,MED_SUPPLY,INJECTION_NEEDLE,주사침,INJECTION_NEEDLE,주사침,26G,EA,,MFDS_DEVICE_CLASSIFICATION_2026_18,MFDS_DEVICE_CLASSIFICATION_2026_18::INJECTION_NEEDLE,https://www.law.go.kr/LSW/admRulLsInfoP.do?admRulSeq=2100000275656,representative_name;item_family_id;item_subtype_id;normalized_specification;unit_code,2026-07-22T12:35:28.630356+00:00,verified_family,approved,codex_external_evidence_pipeline,2026-07-22T12:35:28.630356+00:00,explicit_family_spec_unit_supported_by_official_taxonomy,classification-v1.0
DECISION::classification-v1.0::ITEM_eaea7882e30cbbda9e69,ITEM_eaea7882e30cbbda9e69,APPROVE_FAMILY,,,MED_SUPPLY,BLOOD_LANCET,채혈침,BLOOD_LANCET,채혈침,23G,EA,,MFDS_DEVICE_CLASSIFICATION_2026_18,MFDS_DEVICE_CLASSIFICATION_2026_18::BLOOD_LANCET,https://www.law.go.kr/LSW/admRulLsInfoP.do?admRulSeq=2100000275656,representative_name;item_family_id;item_subtype_id;normalized_specification;unit_code,2026-07-22T12:35:28.630356+00:00,verified_family,approved,codex_external_evidence_pipeline,2026-07-22T12:35:28.630356+00:00,explicit_family_spec_unit_supported_by_official_taxonomy,classification-v1.0
DECISION::classification-v1.0::ITEM_628ecc7389e1249959b2,ITEM_628ecc7389e1249959b2,APPROVE_FAMILY,,,MED_SUPPLY,DISPOSABLE_SYRINGE,주사기,SYRINGE_USAGE_BASED,주사기(사용량 기준),1mL,EA,,MFDS_DEVICE_CLASSIFICATION_2026_18,MFDS_DEVICE_CLASSIFICATION_2026_18::DISPOSABLE_SYRINGE,https://www.law.go.kr/LSW/admRulLsInfoP.do?admRulSeq=2100000275656,representative_name;item_family_id;item_subtype_id;normalized_specification;unit_code,2026-07-22T12:35:28.630356+00:00,verified_family,approved,codex_external_evidence_pipeline,2026-07-22T12:35:28.630356+00:00,explicit_family_spec_unit_supported_by_official_taxonomy,classification-v1.0
DECISION::classification-v1.0::ITEM_7b7425160849fd3e49c3,ITEM_7b7425160849fd3e49c3,APPROVE_FAMILY,,,MED_SUPPLY,DISPOSABLE_SYRINGE,주사기,SYRINGE_USAGE_BASED,주사기(사용량 기준),1mL,EA,,MFDS_DEVICE_CLASSIFICATION_2026_18,MFDS_DEVICE_CLASSIFICATION_2026_18::DISPOSABLE_SYRINGE,https://www.law.go.kr/LSW/admRulLsInfoP.do?admRulSeq=2100000275656,representative_name;item_family_id;item_subtype_id;normalized_specification;unit_code,2026-07-22T12:35:28.630356+00:00,verified_family,approved,codex_external_evidence_pipeline,2026-07-22T12:35:28.630356+00:00,explicit_family_spec_unit_supported_by_official_taxonomy,classification-v1.0
DECISION::classification-v1.0::ITEM_806b758e143f390761e8,ITEM_806b758e143f390761e8,APPROVE_FAMILY,,,MED_SUPPLY,BLOOD_LANCET,채혈침,BLOOD_LANCET,채혈침,26G,EA,,MFDS_DEVICE_CLASSIFICATION_2026_18,MFDS_DEVICE_CLASSIFICATION_2026_18::BLOOD_LANCET,https://www.law.go.kr/LSW/admRulLsInfoP.do?admRulSeq=2100000275656,representative_name;item_family_id;item_subtype_id;normalized_specification;unit_code,2026-07-22T12:35:28.630356+00:00,verified_family,approved,codex_external_evidence_pipeline,2026-07-22T12:35:28.630356+00:00,explicit_family_spec_unit_supported_by_official_taxonomy,classification-v1.0
DECISION::classification-v1.0::ITEM_a396694d810f577d3a59,ITEM_a396694d810f577d3a59,APPROVE_FAMILY,,,MED_SUPPLY,INFUSION_SET,수액세트,INFUSION_SET,수액세트,수액세트,EA,,MFDS_DEVICE_CLASSIFICATION_2026_18,MFDS_DEVICE_CLASSIFICATION_2026_18::INFUSION_SET,https://www.law.go.kr/LSW/admRulLsInfoP.do?admRulSeq=2100000275656,representative_name;item_family_id;item_subtype_id;normalized_specification;unit_code,2026-07-22T12:35:28.630356+00:00,verified_family,approved,codex_external_evidence_pipeline,2026-07-22T12:35:28.630356+00:00,explicit_family_spec_unit_supported_by_official_taxonomy,classification-v1.0
DECISION::classification-v1.0::ITEM_a2f97b44bb3a510d6144,ITEM_a2f97b44bb3a510d6144,APPROVE_FAMILY,,,MED_SUPPLY,BLOOD_LANCET,채혈침,BLOOD_LANCET,채혈침,23G,EA,,MFDS_DEVICE_CLASSIFICATION_2026_18,MFDS_DEVICE_CLASSIFICATION_2026_18::BLOOD_LANCET,https://www.law.go.kr/LSW/admRulLsInfoP.do?admRulSeq=2100000275656,representative_name;item_family_id;item_subtype_id;normalized_specification;unit_code,2026-07-22T12:35:28.630356+00:00,verified_family,approved,codex_external_evidence_pipeline,2026-07-22T12:35:28.630356+00:00,explicit_family_spec_unit_supported_by_official_taxonomy,classification-v1.0
DECISION::classification-v1.0::ITEM_482004d0e4fcc1dd70ad,ITEM_482004d0e4fcc1dd70ad,APPROVE_FAMILY,,,MED_SUPPLY,BLOOD_LANCET,채혈침,BLOOD_LANCET,채혈침,30G,EA,,MFDS_DEVICE_CLASSIFICATION_2026_18,MFDS_DEVICE_CLASSIFICATION_2026_18::BLOOD_LANCET,https://www.law.go.kr/LSW/admRulLsInfoP.do?admRulSeq=2100000275656,representative_name;item_family_id;item_subtype_id;normalized_specification;unit_code,2026-07-22T12:35:28.630356+00:00,verified_family,approved,codex_external_evidence_pipeline,2026-07-22T12:35:28.630356+00:00,explicit_family_spec_unit_supported_by_official_taxonomy,classification-v1.0
DECISION::classification-v1.0::ITEM_810a771336abb0b2fee5,ITEM_810a771336abb0b2fee5,APPROVE_FAMILY,,,MED_SUPPLY,DISPOSABLE_SYRINGE,주사기,SYRINGE_USAGE_BASED,주사기(사용량 기준),1mL,EA,,MFDS_DEVICE_CLASSIFICATION_2026_18,MFDS_DEVICE_CLASSIFICATION_2026_18::DISPOSABLE_SYRINGE,https://www.law.go.kr/LSW/admRulLsInfoP.do?admRulSeq=2100000275656,representative_name;item_family_id;item_subtype_id;normalized_specification;unit_code,2026-07-22T12:35:28.630356+00:00,verified_family,approved,codex_external_evidence_pipeline,2026-07-22T12:35:28.630356+00:00,explicit_family_spec_unit_supported_by_official_taxonomy,classification-v1.0
DECISION::classification-v1.0::ITEM_0ca73a1acdc8ea34031a,ITEM_0ca73a1acdc8ea34031a,APPROVE_FAMILY,,,MED_SUPPLY,DISPOSABLE_SYRINGE,주사기,SYRINGE_USAGE_BASED,주사기(사용량 기준),3mL,EA,,MFDS_DEVICE_CLASSIFICATION_2026_18,MFDS_DEVICE_CLASSIFICATION_2026_18::DISPOSABLE_SYRINGE,https://www.law.go.kr/LSW/admRulLsInfoP.do?admRulSeq=2100000275656,representative_name;item_family_id;item_subtype_id;normalized_specification;unit_code,2026-07-22T12:35:28.630356+00:00,verified_family,approved,codex_external_evidence_pipeline,2026-07-22T12:35:28.630356+00:00,explicit_family_spec_unit_supported_by_official_taxonomy,classification-v1.0
DECISION::classification-v1.0::ITEM_fdce565e71405cac91fb,ITEM_fdce565e71405cac91fb,APPROVE_FAMILY,,,MED_SUPPLY,INJECTION_NEEDLE,주사침,INJECTION_NEEDLE,주사침,25G,EA,,MFDS_DEVICE_CLASSIFICATION_2026_18,MFDS_DEVICE_CLASSIFICATION_2026_18::INJECTION_NEEDLE,https://www.law.go.kr/LSW/admRulLsInfoP.do?admRulSeq=2100000275656,representative_name;item_family_id;item_subtype_id;normalized_specification;unit_code,2026-07-22T12:35:28.630356+00:00,verified_family,approved,codex_external_evidence_pipeline,2026-07-22T12:35:28.630356+00:00,explicit_family_spec_unit_supported_by_official_taxonomy,classification-v1.0
DECISION::classification-v1.0::ITEM_df49990a508248284e5c,ITEM_df49990a508248284e5c,APPROVE_FAMILY,,,MED_SUPPLY,INJECTION_NEEDLE,주사침,INJECTION_NEEDLE,주사침,25G,EA,,MFDS_DEVICE_CLASSIFICATION_2026_18,MFDS_DEVICE_CLASSIFICATION_2026_18::INJECTION_NEEDLE,https://www.law.go.kr/LSW/admRulLsInfoP.do?admRulSeq=2100000275656,representative_name;item_family_id;item_subtype_id;normalized_specification;unit_code,2026-07-22T12:35:28.630356+00:00,verified_family,approved,codex_external_evidence_pipeline,2026-07-22T12:35:28.630356+00:00,explicit_family_spec_unit_supported_by_official_taxonomy,classification-v1.0
DECISION::classification-v1.0::ITEM_4e448132d88201109e2f,ITEM_4e448132d88201109e2f,APPROVE_FAMILY,,,MED_SUPPLY,BLOOD_LANCET,채혈침,BLOOD_LANCET,채혈침,26G,EA,,MFDS_DEVICE_CLASSIFICATION_2026_18,MFDS_DEVICE_CLASSIFICATION_2026_18::BLOOD_LANCET,https://www.law.go.kr/LSW/admRulLsInfoP.do?admRulSeq=2100000275656,representative_name;item_family_id;item_subtype_id;normalized_specification;unit_code,2026-07-22T12:35:28.630356+00:00,verified_family,approved,codex_external_evidence_pipeline,2026-07-22T12:35:28.630356+00:00,explicit_family_spec_unit_supported_by_official_taxonomy,classification-v1.0
DECISION::classification-v1.0::ITEM_5db3aaf95dcdcc87c88e,ITEM_5db3aaf95dcdcc87c88e,APPROVE_FAMILY,,,MED_SUPPLY,BLOOD_LANCET,채혈침,BLOOD_LANCET,채혈침,28G,EA,,MFDS_DEVICE_CLASSIFICATION_2026_18,MFDS_DEVICE_CLASSIFICATION_2026_18::BLOOD_LANCET,https://www.law.go.kr/LSW/admRulLsInfoP.do?admRulSeq=2100000275656,representative_name;item_family_id;item_subtype_id;normalized_specification;unit_code,2026-07-22T12:35:28.630356+00:00,verified_family,approved,codex_external_evidence_pipeline,2026-07-22T12:35:28.630356+00:00,explicit_family_spec_unit_supported_by_official_taxonomy,classification-v1.0
DECISION::classification-v1.0::ITEM_c25a875618ca46d336b1,ITEM_c25a875618ca46d336b1,APPROVE_FAMILY,,,MED_SUPPLY,DISPOSABLE_SYRINGE,주사기,SYRINGE_USAGE_BASED,주사기(사용량 기준),3mL,EA,,MFDS_DEVICE_CLASSIFICATION_2026_18,MFDS_DEVICE_CLASSIFICATION_2026_18::DISPOSABLE_SYRINGE,https://www.law.go.kr/LSW/admRulLsInfoP.do?admRulSeq=2100000275656,representative_name;item_family_id;item_subtype_id;normalized_specification;unit_code,2026-07-22T12:35:28.630356+00:00,verified_family,approved,codex_external_evidence_pipeline,2026-07-22T12:35:28.630356+00:00,explicit_family_spec_unit_supported_by_official_taxonomy,classification-v1.0
DECISION::classification-v1.0::ITEM_33bb0031cd4b7ce5506a,ITEM_33bb0031cd4b7ce5506a,APPROVE_FAMILY,,,MED_SUPPLY,DISPOSABLE_SYRINGE,주사기,SYRINGE_USAGE_BASED,주사기(사용량 기준),5mL,EA,,MFDS_DEVICE_CLASSIFICATION_2026_18,MFDS_DEVICE_CLASSIFICATION_2026_18::DISPOSABLE_SYRINGE,https://www.law.go.kr/LSW/admRulLsInfoP.do?admRulSeq=2100000275656,representative_name;item_family_id;item_subtype_id;normalized_specification;unit_code,2026-07-22T12:35:28.630356+00:00,verified_family,approved,codex_external_evidence_pipeline,2026-07-22T12:35:28.630356+00:00,explicit_family_spec_unit_supported_by_official_taxonomy,classification-v1.0
DECISION::classification-v1.0::ITEM_a542e201fb31e25bf0d9,ITEM_a542e201fb31e25bf0d9,APPROVE_FAMILY,,,MED_SUPPLY,INJECTION_NEEDLE,주사침,INJECTION_NEEDLE,주사침,26G,EA,,MFDS_DEVICE_CLASSIFICATION_2026_18,MFDS_DEVICE_CLASSIFICATION_2026_18::INJECTION_NEEDLE,https://www.law.go.kr/LSW/admRulLsInfoP.do?admRulSeq=2100000275656,representative_name;item_family_id;item_subtype_id;normalized_specification;unit_code,2026-07-22T12:35:28.630356+00:00,verified_family,approved,codex_external_evidence_pipeline,2026-07-22T12:35:28.630356+00:00,explicit_family_spec_unit_supported_by_official_taxonomy,classification-v1.0
DECISION::classification-v1.0::ITEM_b3d4c803fcf0ac02586f,ITEM_b3d4c803fcf0ac02586f,APPROVE_FAMILY,,,MED_SUPPLY,DISPOSABLE_SYRINGE,주사기,SYRINGE_USAGE_BASED,주사기(사용량 기준),5mL,EA,,MFDS_DEVICE_CLASSIFICATION_2026_18,MFDS_DEVICE_CLASSIFICATION_2026_18::DISPOSABLE_SYRINGE,https://www.law.go.kr/LSW/admRulLsInfoP.do?admRulSeq=2100000275656,representative_name;item_family_id;item_subtype_id;normalized_specification;unit_code,2026-07-22T12:35:28.630356+00:00,verified_family,approved,codex_external_evidence_pipeline,2026-07-22T12:35:28.630356+00:00,explicit_family_spec_unit_supported_by_official_taxonomy,classification-v1.0
DECISION::classification-v1.0::ITEM_1e09ca887b65f0369928,ITEM_1e09ca887b65f0369928,APPROVE_FAMILY,,,MED_SUPPLY,DISPOSABLE_SYRINGE,주사기,SYRINGE_USAGE_BASED,주사기(사용량 기준),10mL,EA,,MFDS_DEVICE_CLASSIFICATION_2026_18,MFDS_DEVICE_CLASSIFICATION_2026_18::DISPOSABLE_SYRINGE,https://www.law.go.kr/LSW/admRulLsInfoP.do?admRulSeq=2100000275656,representative_name;item_family_id;item_subtype_id;normalized_specification;unit_code,2026-07-22T12:35:28.630356+00:00,verified_family,approved,codex_external_evidence_pipeline,2026-07-22T12:35:28.630356+00:00,explicit_family_spec_unit_supported_by_official_taxonomy,classification-v1.0
DECISION::classification-v1.0::ITEM_5a14bba5c7b520068c1d,ITEM_5a14bba5c7b520068c1d,APPROVE_FAMILY,,,MED_SUPPLY,DISPOSABLE_SYRINGE,주사기,SYRINGE_USAGE_BASED,주사기(사용량 기준),3mL,EA,,MFDS_DEVICE_CLASSIFICATION_2026_18,MFDS_DEVICE_CLASSIFICATION_2026_18::DISPOSABLE_SYRINGE,https://www.law.go.kr/LSW/admRulLsInfoP.do?admRulSeq=2100000275656,representative_name;item_family_id;item_subtype_id;normalized_specification;unit_code,2026-07-22T12:35:28.630356+00:00,verified_family,approved,codex_external_evidence_pipeline,2026-07-22T12:35:28.630356+00:00,explicit_family_spec_unit_supported_by_official_taxonomy,classification-v1.0
DECISION::classification-v1.0::ITEM_d7f1f09bc60b8e30d7a6,ITEM_d7f1f09bc60b8e30d7a6,APPROVE_FAMILY,,,MED_SUPPLY,DISPOSABLE_SYRINGE,주사기,SYRINGE_USAGE_BASED,주사기(사용량 기준),1mL,EA,,MFDS_DEVICE_CLASSIFICATION_2026_18,MFDS_DEVICE_CLASSIFICATION_2026_18::DISPOSABLE_SYRINGE,https://www.law.go.kr/LSW/admRulLsInfoP.do?admRulSeq=2100000275656,representative_name;item_family_id;item_subtype_id;normalized_specification;unit_code,2026-07-22T12:35:28.630356+00:00,verified_family,approved,codex_external_evidence_pipeline,2026-07-22T12:35:28.630356+00:00,explicit_family_spec_unit_supported_by_official_taxonomy,classification-v1.0
DECISION::classification-v1.0::ITEM_1ff21061331c8bc2ceee,ITEM_1ff21061331c8bc2ceee,APPROVE_FAMILY,,,MED_SUPPLY,INJECTION_NEEDLE,주사침,INJECTION_NEEDLE,주사침,26G,EA,,MFDS_DEVICE_CLASSIFICATION_2026_18,MFDS_DEVICE_CLASSIFICATION_2026_18::INJECTION_NEEDLE,https://www.law.go.kr/LSW/admRulLsInfoP.do?admRulSeq=2100000275656,representative_name;item_family_id;item_subtype_id;normalized_specification;unit_code,2026-07-22T12:35:28.630356+00:00,verified_family,approved,codex_external_evidence_pipeline,2026-07-22T12:35:28.630356+00:00,explicit_family_spec_unit_supported_by_official_taxonomy,classification-v1.0
DECISION::classification-v1.0::ITEM_5cf69eb4dc6cd65beafa,ITEM_5cf69eb4dc6cd65beafa,APPROVE_FAMILY,,,MED_SUPPLY,DISPOSABLE_SYRINGE,주사기,SYRINGE_USAGE_BASED,주사기(사용량 기준),5mL,EA,,MFDS_DEVICE_CLASSIFICATION_2026_18,MFDS_DEVICE_CLASSIFICATION_2026_18::DISPOSABLE_SYRINGE,https://www.law.go.kr/LSW/admRulLsInfoP.do?admRulSeq=2100000275656,representative_name;item_family_id;item_subtype_id;normalized_specification;unit_code,2026-07-22T12:35:28.630356+00:00,verified_family,approved,codex_external_evidence_pipeline,2026-07-22T12:35:28.630356+00:00,explicit_family_spec_unit_supported_by_official_taxonomy,classification-v1.0
DECISION::classification-v1.0::ITEM_5c1589d853bafb6ec143,ITEM_5c1589d853bafb6ec143,APPROVE_FAMILY,,,MED_SUPPLY,INJECTION_NEEDLE,주사침,INJECTION_NEEDLE,주사침,23G,EA,,MFDS_DEVICE_CLASSIFICATION_2026_18,MFDS_DEVICE_CLASSIFICATION_2026_18::INJECTION_NEEDLE,https://www.law.go.kr/LSW/admRulLsInfoP.do?admRulSeq=2100000275656,representative_name;item_family_id;item_subtype_id;normalized_specification;unit_code,2026-07-22T12:35:28.630356+00:00,verified_family,approved,codex_external_evidence_pipeline,2026-07-22T12:35:28.630356+00:00,explicit_family_spec_unit_supported_by_official_taxonomy,classification-v1.0
DECISION::classification-v1.0::ITEM_2d310b9a774d1af04a5b,ITEM_2d310b9a774d1af04a5b,APPROVE_FAMILY,,,MED_SUPPLY,INJECTION_NEEDLE,주사침,INJECTION_NEEDLE,주사침,25G,EA,,MFDS_DEVICE_CLASSIFICATION_2026_18,MFDS_DEVICE_CLASSIFICATION_2026_18::INJECTION_NEEDLE,https://www.law.go.kr/LSW/admRulLsInfoP.do?admRulSeq=2100000275656,representative_name;item_family_id;item_subtype_id;normalized_specification;unit_code,2026-07-22T12:35:28.630356+00:00,verified_family,approved,codex_external_evidence_pipeline,2026-07-22T12:35:28.630356+00:00,explicit_family_spec_unit_supported_by_official_taxonomy,classification-v1.0
DECISION::classification-v1.0::ITEM_6f266463a58ef40ff26b,ITEM_6f266463a58ef40ff26b,APPROVE_FAMILY,,,MED_SUPPLY,DISPOSABLE_SYRINGE,주사기,SYRINGE_USAGE_BASED,주사기(사용량 기준),5mL,EA,,MFDS_DEVICE_CLASSIFICATION_2026_18,MFDS_DEVICE_CLASSIFICATION_2026_18::DISPOSABLE_SYRINGE,https://www.law.go.kr/LSW/admRulLsInfoP.do?admRulSeq=2100000275656,representative_name;item_family_id;item_subtype_id;normalized_specification;unit_code,2026-07-22T12:35:28.630356+00:00,verified_family,approved,codex_external_evidence_pipeline,2026-07-22T12:35:28.630356+00:00,explicit_family_spec_unit_supported_by_official_taxonomy,classification-v1.0
DECISION::classification-v1.0::ITEM_db623e0779eaa681a497,ITEM_db623e0779eaa681a497,APPROVE_FAMILY,,,MED_SUPPLY,DISPOSABLE_SYRINGE,주사기,SYRINGE_USAGE_BASED,주사기(사용량 기준),3mL,EA,,MFDS_DEVICE_CLASSIFICATION_2026_18,MFDS_DEVICE_CLASSIFICATION_2026_18::DISPOSABLE_SYRINGE,https://www.law.go.kr/LSW/admRulLsInfoP.do?admRulSeq=2100000275656,representative_name;item_family_id;item_subtype_id;normalized_specification;unit_code,2026-07-22T12:35:28.630356+00:00,verified_family,approved,codex_external_evidence_pipeline,2026-07-22T12:35:28.630356+00:00,explicit_family_spec_unit_supported_by_official_taxonomy,classification-v1.0
DECISION::classification-v1.0::ITEM_498a23559d4dd14c81bb,ITEM_498a23559d4dd14c81bb,APPROVE_FAMILY,,,MED_SUPPLY,INJECTION_NEEDLE,주사침,INJECTION_NEEDLE,주사침,26G,EA,,MFDS_DEVICE_CLASSIFICATION_2026_18,MFDS_DEVICE_CLASSIFICATION_2026_18::INJECTION_NEEDLE,https://www.law.go.kr/LSW/admRulLsInfoP.do?admRulSeq=2100000275656,representative_name;item_family_id;item_subtype_id;normalized_specification;unit_code,2026-07-22T12:35:28.630356+00:00,verified_family,approved,codex_external_evidence_pipeline,2026-07-22T12:35:28.630356+00:00,explicit_family_spec_unit_supported_by_official_taxonomy,classification-v1.0
DECISION::classification-v1.0::ITEM_3ca2287347bc96935aff,ITEM_3ca2287347bc96935aff,APPROVE_FAMILY,,,MED_SUPPLY,INJECTION_NEEDLE,주사침,INJECTION_NEEDLE,주사침,27G,EA,,MFDS_DEVICE_CLASSIFICATION_2026_18,MFDS_DEVICE_CLASSIFICATION_2026_18::INJECTION_NEEDLE,https://www.law.go.kr/LSW/admRulLsInfoP.do?admRulSeq=2100000275656,representative_name;item_family_id;item_subtype_id;normalized_specification;unit_code,2026-07-22T12:35:28.630356+00:00,verified_family,approved,codex_external_evidence_pipeline,2026-07-22T12:35:28.630356+00:00,explicit_family_spec_unit_supported_by_official_taxonomy,classification-v1.0
DECISION::classification-v1.0::ITEM_6b96e1edc5e2234ed22d,ITEM_6b96e1edc5e2234ed22d,APPROVE_FAMILY,,,MED_SUPPLY,INJECTION_NEEDLE,주사침,INJECTION_NEEDLE,주사침,27G,EA,,MFDS_DEVICE_CLASSIFICATION_2026_18,MFDS_DEVICE_CLASSIFICATION_2026_18::INJECTION_NEEDLE,https://www.law.go.kr/LSW/admRulLsInfoP.do?admRulSeq=2100000275656,representative_name;item_family_id;item_subtype_id;normalized_specification;unit_code,2026-07-22T12:35:28.630356+00:00,verified_family,approved,codex_external_evidence_pipeline,2026-07-22T12:35:28.630356+00:00,explicit_family_spec_unit_supported_by_official_taxonomy,classification-v1.0
DECISION::classification-v1.0::ITEM_81556cc3c60e93eabc26,ITEM_81556cc3c60e93eabc26,APPROVE_FAMILY,,,MED_SUPPLY,DISPOSABLE_SYRINGE,주사기,SYRINGE_USAGE_BASED,주사기(사용량 기준),3mL,EA,,MFDS_DEVICE_CLASSIFICATION_2026_18,MFDS_DEVICE_CLASSIFICATION_2026_18::DISPOSABLE_SYRINGE,https://www.law.go.kr/LSW/admRulLsInfoP.do?admRulSeq=2100000275656,representative_name;item_family_id;item_subtype_id;normalized_specification;unit_code,2026-07-22T12:35:28.630356+00:00,verified_family,approved,codex_external_evidence_pipeline,2026-07-22T12:35:28.630356+00:00,explicit_family_spec_unit_supported_by_official_taxonomy,classification-v1.0
DECISION::classification-v1.0::ITEM_5428108ddd86280ee0c4,ITEM_5428108ddd86280ee0c4,APPROVE_FAMILY,,,MED_SUPPLY,DISPOSABLE_SYRINGE,주사기,SYRINGE_USAGE_BASED,주사기(사용량 기준),20mL,EA,,MFDS_DEVICE_CLASSIFICATION_2026_18,MFDS_DEVICE_CLASSIFICATION_2026_18::DISPOSABLE_SYRINGE,https://www.law.go.kr/LSW/admRulLsInfoP.do?admRulSeq=2100000275656,representative_name;item_family_id;item_subtype_id;normalized_specification;unit_code,2026-07-22T12:35:28.630356+00:00,verified_family,approved,codex_external_evidence_pipeline,2026-07-22T12:35:28.630356+00:00,explicit_family_spec_unit_supported_by_official_taxonomy,classification-v1.0
DECISION::classification-v1.0::ITEM_db7691f3b5a40beb71e6,ITEM_db7691f3b5a40beb71e6,APPROVE_FAMILY,,,MED_SUPPLY,BLOOD_LANCET,채혈침,BLOOD_LANCET,채혈침,23G,EA,,MFDS_DEVICE_CLASSIFICATION_2026_18,MFDS_DEVICE_CLASSIFICATION_2026_18::BLOOD_LANCET,https://www.law.go.kr/LSW/admRulLsInfoP.do?admRulSeq=2100000275656,representative_name;item_family_id;item_subtype_id;normalized_specification;unit_code,2026-07-22T12:35:28.630356+00:00,verified_family,approved,codex_external_evidence_pipeline,2026-07-22T12:35:28.630356+00:00,explicit_family_spec_unit_supported_by_official_taxonomy,classification-v1.0
DECISION::classification-v1.0::ITEM_ad344d533e80213221af,ITEM_ad344d533e80213221af,APPROVE_FAMILY,,,MED_SUPPLY,DISPOSABLE_SYRINGE,주사기,SYRINGE_USAGE_BASED,주사기(사용량 기준),1mL,EA,,MFDS_DEVICE_CLASSIFICATION_2026_18,MFDS_DEVICE_CLASSIFICATION_2026_18::DISPOSABLE_SYRINGE,https://www.law.go.kr/LSW/admRulLsInfoP.do?admRulSeq=2100000275656,representative_name;item_family_id;item_subtype_id;normalized_specification;unit_code,2026-07-22T12:35:28.630356+00:00,verified_family,approved,codex_external_evidence_pipeline,2026-07-22T12:35:28.630356+00:00,explicit_family_spec_unit_supported_by_official_taxonomy,classification-v1.0
DECISION::classification-v1.0::ITEM_70acd5e3b4ac35be48bd,ITEM_70acd5e3b4ac35be48bd,APPROVE_FAMILY,,,MED_SUPPLY,ANGIO_CATHETER,카테터,BUTTERFLY_NEEDLE,나비 바늘,나비 바늘,EA,,MFDS_DEVICE_CLASSIFICATION_2026_18,MFDS_DEVICE_CLASSIFICATION_2026_18::ANGIO_CATHETER,https://www.law.go.kr/LSW/admRulLsInfoP.do?admRulSeq=2100000275656,representative_name;item_family_id;item_subtype_id;normalized_specification;unit_code,2026-07-22T12:35:28.630356+00:00,verified_family,approved,codex_external_evidence_pipeline,2026-07-22T12:35:28.630356+00:00,explicit_family_spec_unit_supported_by_official_taxonomy,classification-v1.0
DECISION::classification-v1.0::ITEM_6a3c027f223fb26dc29a,ITEM_6a3c027f223fb26dc29a,APPROVE_FAMILY,,,MED_SUPPLY,DISPOSABLE_SYRINGE,주사기,SYRINGE_USAGE_BASED,주사기(사용량 기준),60mL,EA,,MFDS_DEVICE_CLASSIFICATION_2026_18,MFDS_DEVICE_CLASSIFICATION_2026_18::DISPOSABLE_SYRINGE,https://www.law.go.kr/LSW/admRulLsInfoP.do?admRulSeq=2100000275656,representative_name;item_family_id;item_subtype_id;normalized_specification;unit_code,2026-07-22T12:35:28.630356+00:00,verified_family,approved,codex_external_evidence_pipeline,2026-07-22T12:35:28.630356+00:00,explicit_family_spec_unit_supported_by_official_taxonomy,classification-v1.0
DECISION::classification-v1.0::ITEM_d12bb4a3f60cda104112,ITEM_d12bb4a3f60cda104112,APPROVE_FAMILY,,,MED_SUPPLY,ANGIO_CATHETER,카테터,BUTTERFLY_NEEDLE,나비 바늘,나비 바늘,EA,,MFDS_DEVICE_CLASSIFICATION_2026_18,MFDS_DEVICE_CLASSIFICATION_2026_18::ANGIO_CATHETER,https://www.law.go.kr/LSW/admRulLsInfoP.do?admRulSeq=2100000275656,representative_name;item_family_id;item_subtype_id;normalized_specification;unit_code,2026-07-22T12:35:28.630356+00:00,verified_family,approved,codex_external_evidence_pipeline,2026-07-22T12:35:28.630356+00:00,explicit_family_spec_unit_supported_by_official_taxonomy,classification-v1.0
DECISION::classification-v1.0::ITEM_8c505644932389df6b68,ITEM_8c505644932389df6b68,APPROVE_FAMILY,,,MED_SUPPLY,BLOOD_LANCET,채혈침,BLOOD_LANCET,채혈침,26G,EA,,MFDS_DEVICE_CLASSIFICATION_2026_18,MFDS_DEVICE_CLASSIFICATION_2026_18::BLOOD_LANCET,https://www.law.go.kr/LSW/admRulLsInfoP.do?admRulSeq=2100000275656,representative_name;item_family_id;item_subtype_id;normalized_specification;unit_code,2026-07-22T12:35:28.630356+00:00,verified_family,approved,codex_external_evidence_pipeline,2026-07-22T12:35:28.630356+00:00,explicit_family_spec_unit_supported_by_official_taxonomy,classification-v1.0
DECISION::classification-v1.0::ITEM_1b52321ee01f5f104d96,ITEM_1b52321ee01f5f104d96,APPROVE_FAMILY,,,MED_SUPPLY,BLOOD_LANCET,채혈침,BLOOD_LANCET,채혈침,30G,EA,,MFDS_DEVICE_CLASSIFICATION_2026_18,MFDS_DEVICE_CLASSIFICATION_2026_18::BLOOD_LANCET,https://www.law.go.kr/LSW/admRulLsInfoP.do?admRulSeq=2100000275656,representative_name;item_family_id;item_subtype_id;normalized_specification;unit_code,2026-07-22T12:35:28.630356+00:00,verified_family,approved,codex_external_evidence_pipeline,2026-07-22T12:35:28.630356+00:00,explicit_family_spec_unit_supported_by_official_taxonomy,classification-v1.0
DECISION::classification-v1.0::ITEM_a8907e2218d92dc1fb72,ITEM_a8907e2218d92dc1fb72,APPROVE_FAMILY,,,MED_SUPPLY,BLOOD_LANCET,채혈침,BLOOD_LANCET,채혈침,26G,EA,,MFDS_DEVICE_CLASSIFICATION_2026_18,MFDS_DEVICE_CLASSIFICATION_2026_18::BLOOD_LANCET,https://www.law.go.kr/LSW/admRulLsInfoP.do?admRulSeq=2100000275656,representative_name;item_family_id;item_subtype_id;normalized_specification;unit_code,2026-07-22T12:35:28.630356+00:00,verified_family,approved,codex_external_evidence_pipeline,2026-07-22T12:35:28.630356+00:00,explicit_family_spec_unit_supported_by_official_taxonomy,classification-v1.0
DECISION::classification-v1.0::ITEM_062cdbce136eb928e4d3,ITEM_062cdbce136eb928e4d3,APPROVE_FAMILY,,,MED_SUPPLY,BLOOD_LANCET,채혈침,BLOOD_LANCET,채혈침,28G,EA,,MFDS_DEVICE_CLASSIFICATION_2026_18,MFDS_DEVICE_CLASSIFICATION_2026_18::BLOOD_LANCET,https://www.law.go.kr/LSW/admRulLsInfoP.do?admRulSeq=2100000275656,representative_name;item_family_id;item_subtype_id;normalized_specification;unit_code,2026-07-22T12:35:28.630356+00:00,verified_family,approved,codex_external_evidence_pipeline,2026-07-22T12:35:28.630356+00:00,explicit_family_spec_unit_supported_by_official_taxonomy,classification-v1.0
DECISION::classification-v1.0::ITEM_ae6d7f638469bd5069d6,ITEM_ae6d7f638469bd5069d6,APPROVE_FAMILY,,,MED_SUPPLY,DISPOSABLE_SYRINGE,주사기,SYRINGE_USAGE_BASED,주사기(사용량 기준),1mL,EA,,MFDS_DEVICE_CLASSIFICATION_2026_18,MFDS_DEVICE_CLASSIFICATION_2026_18::DISPOSABLE_SYRINGE,https://www.law.go.kr/LSW/admRulLsInfoP.do?admRulSeq=2100000275656,representative_name;item_family_id;item_subtype_id;normalized_specification;unit_code,2026-07-22T12:35:28.630356+00:00,verified_family,approved,codex_external_evidence_pipeline,2026-07-22T12:35:28.630356+00:00,explicit_family_spec_unit_supported_by_official_taxonomy,classification-v1.0
DECISION::classification-v1.0::ITEM_bfed6830794ff645598a,ITEM_bfed6830794ff645598a,APPROVE_FAMILY,,,MED_SUPPLY,DISPOSABLE_SYRINGE,주사기,SYRINGE_USAGE_BASED,주사기(사용량 기준),1mL,EA,,MFDS_DEVICE_CLASSIFICATION_2026_18,MFDS_DEVICE_CLASSIFICATION_2026_18::DISPOSABLE_SYRINGE,https://www.law.go.kr/LSW/admRulLsInfoP.do?admRulSeq=2100000275656,representative_name;item_family_id;item_subtype_id;normalized_specification;unit_code,2026-07-22T12:35:28.630356+00:00,verified_family,approved,codex_external_evidence_pipeline,2026-07-22T12:35:28.630356+00:00,explicit_family_spec_unit_supported_by_official_taxonomy,classification-v1.0
DECISION::classification-v1.0::ITEM_bc77fa505ddb4e262f10,ITEM_bc77fa505ddb4e262f10,APPROVE_FAMILY,,,MED_SUPPLY,DISPOSABLE_SYRINGE,주사기,SYRINGE_USAGE_BASED,주사기(사용량 기준),20mL,EA,,MFDS_DEVICE_CLASSIFICATION_2026_18,MFDS_DEVICE_CLASSIFICATION_2026_18::DISPOSABLE_SYRINGE,https://www.law.go.kr/LSW/admRulLsInfoP.do?admRulSeq=2100000275656,representative_name;item_family_id;item_subtype_id;normalized_specification;unit_code,2026-07-22T12:35:28.630356+00:00,verified_family,approved,codex_external_evidence_pipeline,2026-07-22T12:35:28.630356+00:00,explicit_family_spec_unit_supported_by_official_taxonomy,classification-v1.0
DECISION::classification-v1.0::ITEM_1dcef1353704e40d216f,ITEM_1dcef1353704e40d216f,APPROVE_FAMILY,,,MED_SUPPLY,DISPOSABLE_SYRINGE,주사기,SYRINGE_USAGE_BASED,주사기(사용량 기준),3mL,EA,,MFDS_DEVICE_CLASSIFICATION_2026_18,MFDS_DEVICE_CLASSIFICATION_2026_18::DISPOSABLE_SYRINGE,https://www.law.go.kr/LSW/admRulLsInfoP.do?admRulSeq=2100000275656,representative_name;item_family_id;item_subtype_id;normalized_specification;unit_code,2026-07-22T12:35:28.630356+00:00,verified_family,approved,codex_external_evidence_pipeline,2026-07-22T12:35:28.630356+00:00,explicit_family_spec_unit_supported_by_official_taxonomy,classification-v1.0
DECISION::classification-v1.0::ITEM_a337ef5650068889268e,ITEM_a337ef5650068889268e,APPROVE_FAMILY,,,MED_SUPPLY,ANGIO_CATHETER,카테터,ANGIO_NEEDLE,카테터(angio needle),22G,EA,,MFDS_DEVICE_CLASSIFICATION_2026_18,MFDS_DEVICE_CLASSIFICATION_2026_18::ANGIO_CATHETER,https://www.law.go.kr/LSW/admRulLsInfoP.do?admRulSeq=2100000275656,representative_name;item_family_id;item_subtype_id;normalized_specification;unit_code,2026-07-22T12:35:28.630356+00:00,verified_family,approved,codex_external_evidence_pipeline,2026-07-22T12:35:28.630356+00:00,explicit_family_spec_unit_supported_by_official_taxonomy,classification-v1.0
DECISION::classification-v1.0::ITEM_ec2d4941766d9d50e7f2,ITEM_ec2d4941766d9d50e7f2,APPROVE_FAMILY,,,MED_SUPPLY,INJECTION_NEEDLE,주사침,INJECTION_NEEDLE,주사침,25G,EA,,MFDS_DEVICE_CLASSIFICATION_2026_18,MFDS_DEVICE_CLASSIFICATION_2026_18::INJECTION_NEEDLE,https://www.law.go.kr/LSW/admRulLsInfoP.do?admRulSeq=2100000275656,representative_name;item_family_id;item_subtype_id;normalized_specification;unit_code,2026-07-22T12:35:28.630356+00:00,verified_family,approved,codex_external_evidence_pipeline,2026-07-22T12:35:28.630356+00:00,explicit_family_spec_unit_supported_by_official_taxonomy,classification-v1.0
DECISION::classification-v1.0::ITEM_0c0d541d7a6776516bd1,ITEM_0c0d541d7a6776516bd1,APPROVE_FAMILY,,,MED_SUPPLY,INJECTION_NEEDLE,주사침,INJECTION_NEEDLE,주사침,23G,EA,,MFDS_DEVICE_CLASSIFICATION_2026_18,MFDS_DEVICE_CLASSIFICATION_2026_18::INJECTION_NEEDLE,https://www.law.go.kr/LSW/admRulLsInfoP.do?admRulSeq=2100000275656,representative_name;item_family_id;item_subtype_id;normalized_specification;unit_code,2026-07-22T12:35:28.630356+00:00,verified_family,approved,codex_external_evidence_pipeline,2026-07-22T12:35:28.630356+00:00,explicit_family_spec_unit_supported_by_official_taxonomy,classification-v1.0
DECISION::classification-v1.0::ITEM_815582effe097767dde5,ITEM_815582effe097767dde5,APPROVE_FAMILY,,,MED_SUPPLY,DISPOSABLE_SYRINGE,주사기,SYRINGE_USAGE_BASED,주사기(사용량 기준),5mL,EA,,MFDS_DEVICE_CLASSIFICATION_2026_18,MFDS_DEVICE_CLASSIFICATION_2026_18::DISPOSABLE_SYRINGE,https://www.law.go.kr/LSW/admRulLsInfoP.do?admRulSeq=2100000275656,representative_name;item_family_id;item_subtype_id;normalized_specification;unit_code,2026-07-22T12:35:28.630356+00:00,verified_family,approved,codex_external_evidence_pipeline,2026-07-22T12:35:28.630356+00:00,explicit_family_spec_unit_supported_by_official_taxonomy,classification-v1.0
DECISION::classification-v1.0::ITEM_a5decc152d4c1b4e5afe,ITEM_a5decc152d4c1b4e5afe,APPROVE_FAMILY,,,MED_SUPPLY,BLOOD_LANCET,채혈침,BLOOD_LANCET,채혈침,28G,EA,,MFDS_DEVICE_CLASSIFICATION_2026_18,MFDS_DEVICE_CLASSIFICATION_2026_18::BLOOD_LANCET,https://www.law.go.kr/LSW/admRulLsInfoP.do?admRulSeq=2100000275656,representative_name;item_family_id;item_subtype_id;normalized_specification;unit_code,2026-07-22T12:35:28.630356+00:00,verified_family,approved,codex_external_evidence_pipeline,2026-07-22T12:35:28.630356+00:00,explicit_family_spec_unit_supported_by_official_taxonomy,classification-v1.0
DECISION::classification-v1.0::ITEM_ea4c90c4e6559da0f8e7,ITEM_ea4c90c4e6559da0f8e7,APPROVE_FAMILY,,,MED_SUPPLY,INFUSION_SET,수액세트,INFUSION_SET,수액세트,수액세트,EA,,MFDS_DEVICE_CLASSIFICATION_2026_18,MFDS_DEVICE_CLASSIFICATION_2026_18::INFUSION_SET,https://www.law.go.kr/LSW/admRulLsInfoP.do?admRulSeq=2100000275656,representative_name;item_family_id;item_subtype_id;normalized_specification;unit_code,2026-07-22T12:35:28.630356+00:00,verified_family,approved,codex_external_evidence_pipeline,2026-07-22T12:35:28.630356+00:00,explicit_family_spec_unit_supported_by_official_taxonomy,classification-v1.0
DECISION::classification-v1.0::ITEM_54e1e31f6960ec1702f6,ITEM_54e1e31f6960ec1702f6,APPROVE_FAMILY,,,MED_SUPPLY,BLOOD_LANCET,채혈침,BLOOD_LANCET,채혈침,26G,EA,,MFDS_DEVICE_CLASSIFICATION_2026_18,MFDS_DEVICE_CLASSIFICATION_2026_18::BLOOD_LANCET,https://www.law.go.kr/LSW/admRulLsInfoP.do?admRulSeq=2100000275656,representative_name;item_family_id;item_subtype_id;normalized_specification;unit_code,2026-07-22T12:35:28.630356+00:00,verified_family,approved,codex_external_evidence_pipeline,2026-07-22T12:35:28.630356+00:00,explicit_family_spec_unit_supported_by_official_taxonomy,classification-v1.0
DECISION::classification-v1.0::ITEM_0aa01a9d6591b95a0e8e,ITEM_0aa01a9d6591b95a0e8e,APPROVE_FAMILY,,,MED_SUPPLY,DISPOSABLE_SYRINGE,주사기,SYRINGE_USAGE_BASED,주사기(사용량 기준),1mL,EA,,MFDS_DEVICE_CLASSIFICATION_2026_18,MFDS_DEVICE_CLASSIFICATION_2026_18::DISPOSABLE_SYRINGE,https://www.law.go.kr/LSW/admRulLsInfoP.do?admRulSeq=2100000275656,representative_name;item_family_id;item_subtype_id;normalized_specification;unit_code,2026-07-22T12:35:28.630356+00:00,verified_family,approved,codex_external_evidence_pipeline,2026-07-22T12:35:28.630356+00:00,explicit_family_spec_unit_supported_by_official_taxonomy,classification-v1.0
DECISION::classification-v1.0::ITEM_aef820e486b6412db0d0,ITEM_aef820e486b6412db0d0,APPROVE_FAMILY,,,MED_SUPPLY,DISPOSABLE_SYRINGE,주사기,SYRINGE_USAGE_BASED,주사기(사용량 기준),3mL,EA,,MFDS_DEVICE_CLASSIFICATION_2026_18,MFDS_DEVICE_CLASSIFICATION_2026_18::DISPOSABLE_SYRINGE,https://www.law.go.kr/LSW/admRulLsInfoP.do?admRulSeq=2100000275656,representative_name;item_family_id;item_subtype_id;normalized_specification;unit_code,2026-07-22T12:35:28.630356+00:00,verified_family,approved,codex_external_evidence_pipeline,2026-07-22T12:35:28.630356+00:00,explicit_family_spec_unit_supported_by_official_taxonomy,classification-v1.0
DECISION::classification-v1.0::ITEM_ae04d7d728ab14695215,ITEM_ae04d7d728ab14695215,APPROVE_FAMILY,,,MED_SUPPLY,DISPOSABLE_SYRINGE,주사기,SYRINGE_USAGE_BASED,주사기(사용량 기준),10mL,EA,,MFDS_DEVICE_CLASSIFICATION_2026_18,MFDS_DEVICE_CLASSIFICATION_2026_18::DISPOSABLE_SYRINGE,https://www.law.go.kr/LSW/admRulLsInfoP.do?admRulSeq=2100000275656,representative_name;item_family_id;item_subtype_id;normalized_specification;unit_code,2026-07-22T12:35:28.630356+00:00,verified_family,approved,codex_external_evidence_pipeline,2026-07-22T12:35:28.630356+00:00,explicit_family_spec_unit_supported_by_official_taxonomy,classification-v1.0
DECISION::classification-v1.0::ITEM_8639f8824f74cb3b1e2b,ITEM_8639f8824f74cb3b1e2b,APPROVE_FAMILY,,,MED_SUPPLY,DISPOSABLE_SYRINGE,주사기,SYRINGE_USAGE_BASED,주사기(사용량 기준),1mL,EA,,MFDS_DEVICE_CLASSIFICATION_2026_18,MFDS_DEVICE_CLASSIFICATION_2026_18::DISPOSABLE_SYRINGE,https://www.law.go.kr/LSW/admRulLsInfoP.do?admRulSeq=2100000275656,representative_name;item_family_id;item_subtype_id;normalized_specification;unit_code,2026-07-22T12:35:28.630356+00:00,verified_family,approved,codex_external_evidence_pipeline,2026-07-22T12:35:28.630356+00:00,explicit_family_spec_unit_supported_by_official_taxonomy,classification-v1.0
DECISION::classification-v1.0::ITEM_a1c4d55a4115f4eb2211,ITEM_a1c4d55a4115f4eb2211,APPROVE_FAMILY,,,MED_SUPPLY,DISPOSABLE_SYRINGE,주사기,SYRINGE_USAGE_BASED,주사기(사용량 기준),3mL,EA,,MFDS_DEVICE_CLASSIFICATION_2026_18,MFDS_DEVICE_CLASSIFICATION_2026_18::DISPOSABLE_SYRINGE,https://www.law.go.kr/LSW/admRulLsInfoP.do?admRulSeq=2100000275656,representative_name;item_family_id;item_subtype_id;normalized_specification;unit_code,2026-07-22T12:35:28.630356+00:00,verified_family,approved,codex_external_evidence_pipeline,2026-07-22T12:35:28.630356+00:00,explicit_family_spec_unit_supported_by_official_taxonomy,classification-v1.0
DECISION::classification-v1.0::ITEM_ccd5dbdbdf1316de7582,ITEM_ccd5dbdbdf1316de7582,APPROVE_FAMILY,,,MED_SUPPLY,ANGIO_CATHETER,카테터,ANGIO_NEEDLE,카테터(angio needle),20G,EA,,MFDS_DEVICE_CLASSIFICATION_2026_18,MFDS_DEVICE_CLASSIFICATION_2026_18::ANGIO_CATHETER,https://www.law.go.kr/LSW/admRulLsInfoP.do?admRulSeq=2100000275656,representative_name;item_family_id;item_subtype_id;normalized_specification;unit_code,2026-07-22T12:35:28.630356+00:00,verified_family,approved,codex_external_evidence_pipeline,2026-07-22T12:35:28.630356+00:00,explicit_family_spec_unit_supported_by_official_taxonomy,classification-v1.0
DECISION::classification-v1.0::ITEM_cd6e987984a2dfdc73a2,ITEM_cd6e987984a2dfdc73a2,APPROVE_FAMILY,,,MED_SUPPLY,ANGIO_CATHETER,카테터,ANGIO_NEEDLE,카테터(angio needle),22G,EA,,MFDS_DEVICE_CLASSIFICATION_2026_18,MFDS_DEVICE_CLASSIFICATION_2026_18::ANGIO_CATHETER,https://www.law.go.kr/LSW/admRulLsInfoP.do?admRulSeq=2100000275656,representative_name;item_family_id;item_subtype_id;normalized_specification;unit_code,2026-07-22T12:35:28.630356+00:00,verified_family,approved,codex_external_evidence_pipeline,2026-07-22T12:35:28.630356+00:00,explicit_family_spec_unit_supported_by_official_taxonomy,classification-v1.0
DECISION::classification-v1.0::ITEM_e456c4798b4ab4204c96,ITEM_e456c4798b4ab4204c96,APPROVE_FAMILY,,,MED_SUPPLY,ANGIO_CATHETER,카테터,BUTTERFLY_NEEDLE,나비 바늘,나비 바늘,EA,,MFDS_DEVICE_CLASSIFICATION_2026_18,MFDS_DEVICE_CLASSIFICATION_2026_18::ANGIO_CATHETER,https://www.law.go.kr/LSW/admRulLsInfoP.do?admRulSeq=2100000275656,representative_name;item_family_id;item_subtype_id;normalized_specification;unit_code,2026-07-22T12:35:28.630356+00:00,verified_family,approved,codex_external_evidence_pipeline,2026-07-22T12:35:28.630356+00:00,explicit_family_spec_unit_supported_by_official_taxonomy,classification-v1.0
DECISION::classification-v1.0::ITEM_89b4ca676118a73a9f93,ITEM_89b4ca676118a73a9f93,APPROVE_FAMILY,,,MED_SUPPLY,INJECTION_NEEDLE,주사침,INJECTION_NEEDLE,주사침,25G,EA,,MFDS_DEVICE_CLASSIFICATION_2026_18,MFDS_DEVICE_CLASSIFICATION_2026_18::INJECTION_NEEDLE,https://www.law.go.kr/LSW/admRulLsInfoP.do?admRulSeq=2100000275656,representative_name;item_family_id;item_subtype_id;normalized_specification;unit_code,2026-07-22T12:35:28.630356+00:00,verified_family,approved,codex_external_evidence_pipeline,2026-07-22T12:35:28.630356+00:00,explicit_family_spec_unit_supported_by_official_taxonomy,classification-v1.0
DECISION::classification-v1.0::ITEM_d8e3280358c21e761411,ITEM_d8e3280358c21e761411,APPROVE_FAMILY,,,MED_SUPPLY,INJECTION_NEEDLE,주사침,INJECTION_NEEDLE,주사침,27G,EA,,MFDS_DEVICE_CLASSIFICATION_2026_18,MFDS_DEVICE_CLASSIFICATION_2026_18::INJECTION_NEEDLE,https://www.law.go.kr/LSW/admRulLsInfoP.do?admRulSeq=2100000275656,representative_name;item_family_id;item_subtype_id;normalized_specification;unit_code,2026-07-22T12:35:28.630356+00:00,verified_family,approved,codex_external_evidence_pipeline,2026-07-22T12:35:28.630356+00:00,explicit_family_spec_unit_supported_by_official_taxonomy,classification-v1.0
DECISION::classification-v1.0::ITEM_00f174cc6e5fd526e4c1,ITEM_00f174cc6e5fd526e4c1,APPROVE_FAMILY,,,MED_SUPPLY,DISPOSABLE_SYRINGE,주사기,SYRINGE_USAGE_BASED,주사기(사용량 기준),3mL,EA,,MFDS_DEVICE_CLASSIFICATION_2026_18,MFDS_DEVICE_CLASSIFICATION_2026_18::DISPOSABLE_SYRINGE,https://www.law.go.kr/LSW/admRulLsInfoP.do?admRulSeq=2100000275656,representative_name;item_family_id;item_subtype_id;normalized_specification;unit_code,2026-07-22T12:35:28.630356+00:00,verified_family,approved,codex_external_evidence_pipeline,2026-07-22T12:35:28.630356+00:00,explicit_family_spec_unit_supported_by_official_taxonomy,classification-v1.0
DECISION::classification-v1.0::ITEM_ba89baba8ec794d02eb7,ITEM_ba89baba8ec794d02eb7,APPROVE_FAMILY,,,MED_SUPPLY,INFUSION_SET,수액세트,INFUSION_SET,수액세트,수액세트,EA,,MFDS_DEVICE_CLASSIFICATION_2026_18,MFDS_DEVICE_CLASSIFICATION_2026_18::INFUSION_SET,https://www.law.go.kr/LSW/admRulLsInfoP.do?admRulSeq=2100000275656,representative_name;item_family_id;item_subtype_id;normalized_specification;unit_code,2026-07-22T12:35:28.630356+00:00,verified_family,approved,codex_external_evidence_pipeline,2026-07-22T12:35:28.630356+00:00,explicit_family_spec_unit_supported_by_official_taxonomy,classification-v1.0
DECISION::classification-v1.0::ITEM_30198cb8fad9505860cd,ITEM_30198cb8fad9505860cd,APPROVE_FAMILY,,,MED_SUPPLY,BLOOD_LANCET,채혈침,BLOOD_LANCET,채혈침,26G,EA,,MFDS_DEVICE_CLASSIFICATION_2026_18,MFDS_DEVICE_CLASSIFICATION_2026_18::BLOOD_LANCET,https://www.law.go.kr/LSW/admRulLsInfoP.do?admRulSeq=2100000275656,representative_name;item_family_id;item_subtype_id;normalized_specification;unit_code,2026-07-22T12:35:28.630356+00:00,verified_family,approved,codex_external_evidence_pipeline,2026-07-22T12:35:28.630356+00:00,explicit_family_spec_unit_supported_by_official_taxonomy,classification-v1.0
DECISION::classification-v1.0::ITEM_abafad7d2403c4d6660a,ITEM_abafad7d2403c4d6660a,APPROVE_FAMILY,,,MED_SUPPLY,DISPOSABLE_SYRINGE,주사기,SYRINGE_USAGE_BASED,주사기(사용량 기준),50mL,EA,,MFDS_DEVICE_CLASSIFICATION_2026_18,MFDS_DEVICE_CLASSIFICATION_2026_18::DISPOSABLE_SYRINGE,https://www.law.go.kr/LSW/admRulLsInfoP.do?admRulSeq=2100000275656,representative_name;item_family_id;item_subtype_id;normalized_specification;unit_code,2026-07-22T12:35:28.630356+00:00,verified_family,approved,codex_external_evidence_pipeline,2026-07-22T12:35:28.630356+00:00,explicit_family_spec_unit_supported_by_official_taxonomy,classification-v1.0
DECISION::classification-v1.0::ITEM_426e42f131e299b2bb34,ITEM_426e42f131e299b2bb34,APPROVE_FAMILY,,,MED_SUPPLY,BLOOD_LANCET,채혈침,BLOOD_LANCET,채혈침,28G,EA,,MFDS_DEVICE_CLASSIFICATION_2026_18,MFDS_DEVICE_CLASSIFICATION_2026_18::BLOOD_LANCET,https://www.law.go.kr/LSW/admRulLsInfoP.do?admRulSeq=2100000275656,representative_name;item_family_id;item_subtype_id;normalized_specification;unit_code,2026-07-22T12:35:28.630356+00:00,verified_family,approved,codex_external_evidence_pipeline,2026-07-22T12:35:28.630356+00:00,explicit_family_spec_unit_supported_by_official_taxonomy,classification-v1.0
DECISION::classification-v1.0::ITEM_0f48ba402ea5b91b2eed,ITEM_0f48ba402ea5b91b2eed,APPROVE_FAMILY,,,MED_SUPPLY,BLOOD_LANCET,채혈침,BLOOD_LANCET,채혈침,28G,EA,,MFDS_DEVICE_CLASSIFICATION_2026_18,MFDS_DEVICE_CLASSIFICATION_2026_18::BLOOD_LANCET,https://www.law.go.kr/LSW/admRulLsInfoP.do?admRulSeq=2100000275656,representative_name;item_family_id;item_subtype_id;normalized_specification;unit_code,2026-07-22T12:35:28.630356+00:00,verified_family,approved,codex_external_evidence_pipeline,2026-07-22T12:35:28.630356+00:00,explicit_family_spec_unit_supported_by_official_taxonomy,classification-v1.0
DECISION::classification-v1.0::ITEM_1ca58e30a3edb6a63b6e,ITEM_1ca58e30a3edb6a63b6e,APPROVE_FAMILY,,,MED_SUPPLY,BLOOD_LANCET,채혈침,BLOOD_LANCET,채혈침,28G,EA,,MFDS_DEVICE_CLASSIFICATION_2026_18,MFDS_DEVICE_CLASSIFICATION_2026_18::BLOOD_LANCET,https://www.law.go.kr/LSW/admRulLsInfoP.do?admRulSeq=2100000275656,representative_name;item_family_id;item_subtype_id;normalized_specification;unit_code,2026-07-22T12:35:28.630356+00:00,verified_family,approved,codex_external_evidence_pipeline,2026-07-22T12:35:28.630356+00:00,explicit_family_spec_unit_supported_by_official_taxonomy,classification-v1.0
DECISION::classification-v1.0::ITEM_40ab69e5d6bf97142a4c,ITEM_40ab69e5d6bf97142a4c,APPROVE_FAMILY,,,MED_SUPPLY,BLOOD_LANCET,채혈침,BLOOD_LANCET,채혈침,30G,EA,,MFDS_DEVICE_CLASSIFICATION_2026_18,MFDS_DEVICE_CLASSIFICATION_2026_18::BLOOD_LANCET,https://www.law.go.kr/LSW/admRulLsInfoP.do?admRulSeq=2100000275656,representative_name;item_family_id;item_subtype_id;normalized_specification;unit_code,2026-07-22T12:35:28.630356+00:00,verified_family,approved,codex_external_evidence_pipeline,2026-07-22T12:35:28.630356+00:00,explicit_family_spec_unit_supported_by_official_taxonomy,classification-v1.0
DECISION::classification-v1.0::ITEM_b637a64cf7e9fa88c26e,ITEM_b637a64cf7e9fa88c26e,APPROVE_FAMILY,,,MED_SUPPLY,BLOOD_LANCET,채혈침,BLOOD_LANCET,채혈침,30G,EA,,MFDS_DEVICE_CLASSIFICATION_2026_18,MFDS_DEVICE_CLASSIFICATION_2026_18::BLOOD_LANCET,https://www.law.go.kr/LSW/admRulLsInfoP.do?admRulSeq=2100000275656,representative_name;item_family_id;item_subtype_id;normalized_specification;unit_code,2026-07-22T12:35:28.630356+00:00,verified_family,approved,codex_external_evidence_pipeline,2026-07-22T12:35:28.630356+00:00,explicit_family_spec_unit_supported_by_official_taxonomy,classification-v1.0
DECISION::classification-v1.0::ITEM_468ae6216544a9bc1d6d,ITEM_468ae6216544a9bc1d6d,APPROVE_FAMILY,,,MED_SUPPLY,INFUSION_SET,수액세트,INFUSION_SET,수액세트,수액세트,EA,,MFDS_DEVICE_CLASSIFICATION_2026_18,MFDS_DEVICE_CLASSIFICATION_2026_18::INFUSION_SET,https://www.law.go.kr/LSW/admRulLsInfoP.do?admRulSeq=2100000275656,representative_name;item_family_id;item_subtype_id;normalized_specification;unit_code,2026-07-22T12:35:28.630356+00:00,verified_family,approved,codex_external_evidence_pipeline,2026-07-22T12:35:28.630356+00:00,explicit_family_spec_unit_supported_by_official_taxonomy,classification-v1.0
DECISION::classification-v1.0::ITEM_b78e465496f2c32cd101,ITEM_b78e465496f2c32cd101,APPROVE_FAMILY,,,MED_SUPPLY,DISPOSABLE_SYRINGE,주사기,SYRINGE_USAGE_BASED,주사기(사용량 기준),3mL,EA,,MFDS_DEVICE_CLASSIFICATION_2026_18,MFDS_DEVICE_CLASSIFICATION_2026_18::DISPOSABLE_SYRINGE,https://www.law.go.kr/LSW/admRulLsInfoP.do?admRulSeq=2100000275656,representative_name;item_family_id;item_subtype_id;normalized_specification;unit_code,2026-07-22T12:35:28.630356+00:00,verified_family,approved,codex_external_evidence_pipeline,2026-07-22T12:35:28.630356+00:00,explicit_family_spec_unit_supported_by_official_taxonomy,classification-v1.0
DECISION::classification-v1.0::ITEM_748ae07af128abb0c2d6,ITEM_748ae07af128abb0c2d6,APPROVE_FAMILY,,,MED_SUPPLY,BLOOD_LANCET,채혈침,BLOOD_LANCET,채혈침,30G,EA,,MFDS_DEVICE_CLASSIFICATION_2026_18,MFDS_DEVICE_CLASSIFICATION_2026_18::BLOOD_LANCET,https://www.law.go.kr/LSW/admRulLsInfoP.do?admRulSeq=2100000275656,representative_name;item_family_id;item_subtype_id;normalized_specification;unit_code,2026-07-22T12:35:28.630356+00:00,verified_family,approved,codex_external_evidence_pipeline,2026-07-22T12:35:28.630356+00:00,explicit_family_spec_unit_supported_by_official_taxonomy,classification-v1.0
DECISION::classification-v1.0::ITEM_251f7604dc7e2637a38f,ITEM_251f7604dc7e2637a38f,APPROVE_FAMILY,,,WASTE,MEDICAL_WASTE_CONTAINER,의료폐기물 전용용기,RIGID_NEEDLE_BOX,합성수지형 용기(needle box),2L,EA,,WASTE_RULE_APPENDIX_5_2026_03_26,WASTE_RULE_APPENDIX_5_2026_03_26::MEDICAL_WASTE_CONTAINER,https://www.law.go.kr/flDownload.do?bylClsCd=110201&flSeq=162812925&gubun=,representative_name;item_family_id;item_subtype_id;normalized_specification;unit_code,2026-07-22T12:35:28.630356+00:00,verified_family,approved,codex_external_evidence_pipeline,2026-07-22T12:35:28.630356+00:00,explicit_family_spec_unit_supported_by_official_taxonomy,classification-v1.0
DECISION::classification-v1.0::ITEM_386fe69086fd29018fb4,ITEM_386fe69086fd29018fb4,APPROVE_FAMILY,,,MED_SUPPLY,BLOOD_LANCET,채혈침,BLOOD_LANCET,채혈침,30G,EA,,MFDS_DEVICE_CLASSIFICATION_2026_18,MFDS_DEVICE_CLASSIFICATION_2026_18::BLOOD_LANCET,https://www.law.go.kr/LSW/admRulLsInfoP.do?admRulSeq=2100000275656,representative_name;item_family_id;item_subtype_id;normalized_specification;unit_code,2026-07-22T12:35:28.630356+00:00,verified_family,approved,codex_external_evidence_pipeline,2026-07-22T12:35:28.630356+00:00,explicit_family_spec_unit_supported_by_official_taxonomy,classification-v1.0
DECISION::classification-v1.0::ITEM_5210eafad925a8d26900,ITEM_5210eafad925a8d26900,APPROVE_FAMILY,,,MED_SUPPLY,DISPOSABLE_SYRINGE,주사기,SYRINGE_USAGE_BASED,주사기(사용량 기준),5mL,EA,,MFDS_DEVICE_CLASSIFICATION_2026_18,MFDS_DEVICE_CLASSIFICATION_2026_18::DISPOSABLE_SYRINGE,https://www.law.go.kr/LSW/admRulLsInfoP.do?admRulSeq=2100000275656,representative_name;item_family_id;item_subtype_id;normalized_specification;unit_code,2026-07-22T12:35:28.630356+00:00,verified_family,approved,codex_external_evidence_pipeline,2026-07-22T12:35:28.630356+00:00,explicit_family_spec_unit_supported_by_official_taxonomy,classification-v1.0
DECISION::classification-v1.0::ITEM_417e60255f65fc101bcb,ITEM_417e60255f65fc101bcb,APPROVE_FAMILY,,,MED_SUPPLY,BLOOD_LANCET,채혈침,BLOOD_LANCET,채혈침,28G,EA,,MFDS_DEVICE_CLASSIFICATION_2026_18,MFDS_DEVICE_CLASSIFICATION_2026_18::BLOOD_LANCET,https://www.law.go.kr/LSW/admRulLsInfoP.do?admRulSeq=2100000275656,representative_name;item_family_id;item_subtype_id;normalized_specification;unit_code,2026-07-22T12:35:28.630356+00:00,verified_family,approved,codex_external_evidence_pipeline,2026-07-22T12:35:28.630356+00:00,explicit_family_spec_unit_supported_by_official_taxonomy,classification-v1.0
DECISION::classification-v1.0::ITEM_c6e4b054b82a5f719af9,ITEM_c6e4b054b82a5f719af9,APPROVE_FAMILY,,,MED_SUPPLY,DISPOSABLE_SYRINGE,주사기,SYRINGE_USAGE_BASED,주사기(사용량 기준),10mL,EA,,MFDS_DEVICE_CLASSIFICATION_2026_18,MFDS_DEVICE_CLASSIFICATION_2026_18::DISPOSABLE_SYRINGE,https://www.law.go.kr/LSW/admRulLsInfoP.do?admRulSeq=2100000275656,representative_name;item_family_id;item_subtype_id;normalized_specification;unit_code,2026-07-22T12:35:28.630356+00:00,verified_family,approved,codex_external_evidence_pipeline,2026-07-22T12:35:28.630356+00:00,explicit_family_spec_unit_supported_by_official_taxonomy,classification-v1.0
DECISION::classification-v1.0::ITEM_ab3114b82fa3507bae26,ITEM_ab3114b82fa3507bae26,APPROVE_FAMILY,,,MED_SUPPLY,DISPOSABLE_SYRINGE,주사기,SYRINGE_USAGE_BASED,주사기(사용량 기준),1mL,EA,,MFDS_DEVICE_CLASSIFICATION_2026_18,MFDS_DEVICE_CLASSIFICATION_2026_18::DISPOSABLE_SYRINGE,https://www.law.go.kr/LSW/admRulLsInfoP.do?admRulSeq=2100000275656,representative_name;item_family_id;item_subtype_id;normalized_specification;unit_code,2026-07-22T12:35:28.630356+00:00,verified_family,approved,codex_external_evidence_pipeline,2026-07-22T12:35:28.630356+00:00,explicit_family_spec_unit_supported_by_official_taxonomy,classification-v1.0
DECISION::classification-v1.0::ITEM_f8c8346496566d0aad85,ITEM_f8c8346496566d0aad85,APPROVE_FAMILY,,,MED_SUPPLY,INJECTION_NEEDLE,주사침,INJECTION_NEEDLE,주사침,23G,EA,,MFDS_DEVICE_CLASSIFICATION_2026_18,MFDS_DEVICE_CLASSIFICATION_2026_18::INJECTION_NEEDLE,https://www.law.go.kr/LSW/admRulLsInfoP.do?admRulSeq=2100000275656,representative_name;item_family_id;item_subtype_id;normalized_specification;unit_code,2026-07-22T12:35:28.630356+00:00,verified_family,approved,codex_external_evidence_pipeline,2026-07-22T12:35:28.630356+00:00,explicit_family_spec_unit_supported_by_official_taxonomy,classification-v1.0
DECISION::classification-v1.0::ITEM_e8a6d9bc849cc4be2280,ITEM_e8a6d9bc849cc4be2280,APPROVE_FAMILY,,,MED_SUPPLY,ANGIO_CATHETER,카테터,ANGIO_NEEDLE,카테터(angio needle),20G,EA,,MFDS_DEVICE_CLASSIFICATION_2026_18,MFDS_DEVICE_CLASSIFICATION_2026_18::ANGIO_CATHETER,https://www.law.go.kr/LSW/admRulLsInfoP.do?admRulSeq=2100000275656,representative_name;item_family_id;item_subtype_id;normalized_specification;unit_code,2026-07-22T12:35:28.630356+00:00,verified_family,approved,codex_external_evidence_pipeline,2026-07-22T12:35:28.630356+00:00,explicit_family_spec_unit_supported_by_official_taxonomy,classification-v1.0
DECISION::classification-v1.0::ITEM_bfb4d3a6008bc40a7880,ITEM_bfb4d3a6008bc40a7880,APPROVE_FAMILY,,,MED_SUPPLY,DISPOSABLE_SYRINGE,주사기,SYRINGE_USAGE_BASED,주사기(사용량 기준),10mL,EA,,MFDS_DEVICE_CLASSIFICATION_2026_18,MFDS_DEVICE_CLASSIFICATION_2026_18::DISPOSABLE_SYRINGE,https://www.law.go.kr/LSW/admRulLsInfoP.do?admRulSeq=2100000275656,representative_name;item_family_id;item_subtype_id;normalized_specification;unit_code,2026-07-22T12:35:28.630356+00:00,verified_family,approved,codex_external_evidence_pipeline,2026-07-22T12:35:28.630356+00:00,explicit_family_spec_unit_supported_by_official_taxonomy,classification-v1.0
DECISION::classification-v1.0::ITEM_78484004d35eafaabcaa,ITEM_78484004d35eafaabcaa,APPROVE_FAMILY,,,MED_SUPPLY,DISPOSABLE_SYRINGE,주사기,SYRINGE_USAGE_BASED,주사기(사용량 기준),3mL,EA,,MFDS_DEVICE_CLASSIFICATION_2026_18,MFDS_DEVICE_CLASSIFICATION_2026_18::DISPOSABLE_SYRINGE,https://www.law.go.kr/LSW/admRulLsInfoP.do?admRulSeq=2100000275656,representative_name;item_family_id;item_subtype_id;normalized_specification;unit_code,2026-07-22T12:35:28.630356+00:00,verified_family,approved,codex_external_evidence_pipeline,2026-07-22T12:35:28.630356+00:00,explicit_family_spec_unit_supported_by_official_taxonomy,classification-v1.0
DECISION::classification-v1.0::ITEM_4617a61a7d6d7af58e65,ITEM_4617a61a7d6d7af58e65,APPROVE_FAMILY,,,MED_SUPPLY,DISPOSABLE_SYRINGE,주사기,SYRINGE_USAGE_BASED,주사기(사용량 기준),5mL,EA,,MFDS_DEVICE_CLASSIFICATION_2026_18,MFDS_DEVICE_CLASSIFICATION_2026_18::DISPOSABLE_SYRINGE,https://www.law.go.kr/LSW/admRulLsInfoP.do?admRulSeq=2100000275656,representative_name;item_family_id;item_subtype_id;normalized_specification;unit_code,2026-07-22T12:35:28.630356+00:00,verified_family,approved,codex_external_evidence_pipeline,2026-07-22T12:35:28.630356+00:00,explicit_family_spec_unit_supported_by_official_taxonomy,classification-v1.0
DECISION::classification-v1.0::ITEM_0f05720bdeebf0164c8f,ITEM_0f05720bdeebf0164c8f,APPROVE_FAMILY,,,MED_SUPPLY,DISPOSABLE_SYRINGE,주사기,SYRINGE_USAGE_BASED,주사기(사용량 기준),5mL,EA,,MFDS_DEVICE_CLASSIFICATION_2026_18,MFDS_DEVICE_CLASSIFICATION_2026_18::DISPOSABLE_SYRINGE,https://www.law.go.kr/LSW/admRulLsInfoP.do?admRulSeq=2100000275656,representative_name;item_family_id;item_subtype_id;normalized_specification;unit_code,2026-07-22T12:35:28.630356+00:00,verified_family,approved,codex_external_evidence_pipeline,2026-07-22T12:35:28.630356+00:00,explicit_family_spec_unit_supported_by_official_taxonomy,classification-v1.0
DECISION::classification-v1.0::ITEM_47d23a55febbca332092,ITEM_47d23a55febbca332092,APPROVE_FAMILY,,,MED_SUPPLY,DISPOSABLE_SYRINGE,주사기,SYRINGE_USAGE_BASED,주사기(사용량 기준),1mL,EA,,MFDS_DEVICE_CLASSIFICATION_2026_18,MFDS_DEVICE_CLASSIFICATION_2026_18::DISPOSABLE_SYRINGE,https://www.law.go.kr/LSW/admRulLsInfoP.do?admRulSeq=2100000275656,representative_name;item_family_id;item_subtype_id;normalized_specification;unit_code,2026-07-22T12:35:28.630356+00:00,verified_family,approved,codex_external_evidence_pipeline,2026-07-22T12:35:28.630356+00:00,explicit_family_spec_unit_supported_by_official_taxonomy,classification-v1.0
DECISION::classification-v1.0::ITEM_b5032c37f123346b34f9,ITEM_b5032c37f123346b34f9,APPROVE_FAMILY,,,MED_SUPPLY,INJECTION_NEEDLE,주사침,INJECTION_NEEDLE,주사침,22G,EA,,MFDS_DEVICE_CLASSIFICATION_2026_18,MFDS_DEVICE_CLASSIFICATION_2026_18::INJECTION_NEEDLE,https://www.law.go.kr/LSW/admRulLsInfoP.do?admRulSeq=2100000275656,representative_name;item_family_id;item_subtype_id;normalized_specification;unit_code,2026-07-22T12:35:28.630356+00:00,verified_family,approved,codex_external_evidence_pipeline,2026-07-22T12:35:28.630356+00:00,explicit_family_spec_unit_supported_by_official_taxonomy,classification-v1.0
DECISION::classification-v1.0::ITEM_ad8c16e4257323521d08,ITEM_ad8c16e4257323521d08,APPROVE_FAMILY,,,MED_SUPPLY,INJECTION_NEEDLE,주사침,INJECTION_NEEDLE,주사침,23G,EA,,MFDS_DEVICE_CLASSIFICATION_2026_18,MFDS_DEVICE_CLASSIFICATION_2026_18::INJECTION_NEEDLE,https://www.law.go.kr/LSW/admRulLsInfoP.do?admRulSeq=2100000275656,representative_name;item_family_id;item_subtype_id;normalized_specification;unit_code,2026-07-22T12:35:28.630356+00:00,verified_family,approved,codex_external_evidence_pipeline,2026-07-22T12:35:28.630356+00:00,explicit_family_spec_unit_supported_by_official_taxonomy,classification-v1.0
DECISION::classification-v1.0::ITEM_3cb6dc702f9b5bf909ab,ITEM_3cb6dc702f9b5bf909ab,APPROVE_FAMILY,,,MED_SUPPLY,INJECTION_NEEDLE,주사침,INJECTION_NEEDLE,주사침,23G,EA,,MFDS_DEVICE_CLASSIFICATION_2026_18,MFDS_DEVICE_CLASSIFICATION_2026_18::INJECTION_NEEDLE,https://www.law.go.kr/LSW/admRulLsInfoP.do?admRulSeq=2100000275656,representative_name;item_family_id;item_subtype_id;normalized_specification;unit_code,2026-07-22T12:35:28.630356+00:00,verified_family,approved,codex_external_evidence_pipeline,2026-07-22T12:35:28.630356+00:00,explicit_family_spec_unit_supported_by_official_taxonomy,classification-v1.0
DECISION::classification-v1.0::ITEM_a29bc02da2c72cefb622,ITEM_a29bc02da2c72cefb622,APPROVE_FAMILY,,,MED_SUPPLY,ANGIO_CATHETER,카테터,ANGIO_NEEDLE,카테터(angio needle),18G,EA,,MFDS_DEVICE_CLASSIFICATION_2026_18,MFDS_DEVICE_CLASSIFICATION_2026_18::ANGIO_CATHETER,https://www.law.go.kr/LSW/admRulLsInfoP.do?admRulSeq=2100000275656,representative_name;item_family_id;item_subtype_id;normalized_specification;unit_code,2026-07-22T12:35:28.630356+00:00,verified_family,approved,codex_external_evidence_pipeline,2026-07-22T12:35:28.630356+00:00,explicit_family_spec_unit_supported_by_official_taxonomy,classification-v1.0
DECISION::classification-v1.0::ITEM_7708c4d71d707c50904d,ITEM_7708c4d71d707c50904d,APPROVE_FAMILY,,,MED_SUPPLY,ANGIO_CATHETER,카테터,ANGIO_NEEDLE,카테터(angio needle),20G,EA,,MFDS_DEVICE_CLASSIFICATION_2026_18,MFDS_DEVICE_CLASSIFICATION_2026_18::ANGIO_CATHETER,https://www.law.go.kr/LSW/admRulLsInfoP.do?admRulSeq=2100000275656,representative_name;item_family_id;item_subtype_id;normalized_specification;unit_code,2026-07-22T12:35:28.630356+00:00,verified_family,approved,codex_external_evidence_pipeline,2026-07-22T12:35:28.630356+00:00,explicit_family_spec_unit_supported_by_official_taxonomy,classification-v1.0
DECISION::classification-v1.0::ITEM_24841d5cbbfc7bb79e49,ITEM_24841d5cbbfc7bb79e49,APPROVE_FAMILY,,,MED_SUPPLY,BLOOD_LANCET,채혈침,BLOOD_LANCET,채혈침,30G,EA,,MFDS_DEVICE_CLASSIFICATION_2026_18,MFDS_DEVICE_CLASSIFICATION_2026_18::BLOOD_LANCET,https://www.law.go.kr/LSW/admRulLsInfoP.do?admRulSeq=2100000275656,representative_name;item_family_id;item_subtype_id;normalized_specification;unit_code,2026-07-22T12:35:28.630356+00:00,verified_family,approved,codex_external_evidence_pipeline,2026-07-22T12:35:28.630356+00:00,explicit_family_spec_unit_supported_by_official_taxonomy,classification-v1.0
DECISION::classification-v1.0::ITEM_74fa0a9a47635655453b,ITEM_74fa0a9a47635655453b,APPROVE_FAMILY,,,MED_SUPPLY,INJECTION_NEEDLE,주사침,INJECTION_NEEDLE,주사침,26G,EA,,MFDS_DEVICE_CLASSIFICATION_2026_18,MFDS_DEVICE_CLASSIFICATION_2026_18::INJECTION_NEEDLE,https://www.law.go.kr/LSW/admRulLsInfoP.do?admRulSeq=2100000275656,representative_name;item_family_id;item_subtype_id;normalized_specification;unit_code,2026-07-22T12:35:28.630356+00:00,verified_family,approved,codex_external_evidence_pipeline,2026-07-22T12:35:28.630356+00:00,explicit_family_spec_unit_supported_by_official_taxonomy,classification-v1.0
DECISION::classification-v1.0::ITEM_773c09df4a0ed34185f4,ITEM_773c09df4a0ed34185f4,APPROVE_FAMILY,,,MED_SUPPLY,BLOOD_LANCET,채혈침,BLOOD_LANCET,채혈침,26G,EA,,MFDS_DEVICE_CLASSIFICATION_2026_18,MFDS_DEVICE_CLASSIFICATION_2026_18::BLOOD_LANCET,https://www.law.go.kr/LSW/admRulLsInfoP.do?admRulSeq=2100000275656,representative_name;item_family_id;item_subtype_id;normalized_specification;unit_code,2026-07-22T12:35:28.630356+00:00,verified_family,approved,codex_external_evidence_pipeline,2026-07-22T12:35:28.630356+00:00,explicit_family_spec_unit_supported_by_official_taxonomy,classification-v1.0
DECISION::classification-v1.0::ITEM_69c0ccb4c58784fcdc35,ITEM_69c0ccb4c58784fcdc35,APPROVE_FAMILY,,,WASTE,MEDICAL_WASTE_CONTAINER,의료폐기물 전용용기,RIGID_NEEDLE_BOX,합성수지형 용기(needle box),1L,EA,,WASTE_RULE_APPENDIX_5_2026_03_26,WASTE_RULE_APPENDIX_5_2026_03_26::MEDICAL_WASTE_CONTAINER,https://www.law.go.kr/flDownload.do?bylClsCd=110201&flSeq=162812925&gubun=,representative_name;item_family_id;item_subtype_id;normalized_specification;unit_code,2026-07-22T12:35:28.630356+00:00,verified_family,approved,codex_external_evidence_pipeline,2026-07-22T12:35:28.630356+00:00,explicit_family_spec_unit_supported_by_official_taxonomy,classification-v1.0
DECISION::classification-v1.0::ITEM_7f0cfd73790b2a9c96b8,ITEM_7f0cfd73790b2a9c96b8,APPROVE_FAMILY,,,MED_SUPPLY,DISPOSABLE_SYRINGE,주사기,SYRINGE_USAGE_BASED,주사기(사용량 기준),1mL,EA,,MFDS_DEVICE_CLASSIFICATION_2026_18,MFDS_DEVICE_CLASSIFICATION_2026_18::DISPOSABLE_SYRINGE,https://www.law.go.kr/LSW/admRulLsInfoP.do?admRulSeq=2100000275656,representative_name;item_family_id;item_subtype_id;normalized_specification;unit_code,2026-07-22T12:35:28.630356+00:00,verified_family,approved,codex_external_evidence_pipeline,2026-07-22T12:35:28.630356+00:00,explicit_family_spec_unit_supported_by_official_taxonomy,classification-v1.0
DECISION::classification-v1.0::ITEM_85177377eb56258771a0,ITEM_85177377eb56258771a0,APPROVE_FAMILY,,,MED_SUPPLY,DISPOSABLE_SYRINGE,주사기,SYRINGE_USAGE_BASED,주사기(사용량 기준),1mL,EA,,MFDS_DEVICE_CLASSIFICATION_2026_18,MFDS_DEVICE_CLASSIFICATION_2026_18::DISPOSABLE_SYRINGE,https://www.law.go.kr/LSW/admRulLsInfoP.do?admRulSeq=2100000275656,representative_name;item_family_id;item_subtype_id;normalized_specification;unit_code,2026-07-22T12:35:28.630356+00:00,verified_family,approved,codex_external_evidence_pipeline,2026-07-22T12:35:28.630356+00:00,explicit_family_spec_unit_supported_by_official_taxonomy,classification-v1.0
DECISION::classification-v1.0::ITEM_5ff86d5a577a61e35e44,ITEM_5ff86d5a577a61e35e44,APPROVE_FAMILY,,,MED_SUPPLY,DISPOSABLE_SYRINGE,주사기,SYRINGE_USAGE_BASED,주사기(사용량 기준),1mL,EA,,MFDS_DEVICE_CLASSIFICATION_2026_18,MFDS_DEVICE_CLASSIFICATION_2026_18::DISPOSABLE_SYRINGE,https://www.law.go.kr/LSW/admRulLsInfoP.do?admRulSeq=2100000275656,representative_name;item_family_id;item_subtype_id;normalized_specification;unit_code,2026-07-22T12:35:28.630356+00:00,verified_family,approved,codex_external_evidence_pipeline,2026-07-22T12:35:28.630356+00:00,explicit_family_spec_unit_supported_by_official_taxonomy,classification-v1.0
DECISION::classification-v1.0::ITEM_e023514d2423b63da54c,ITEM_e023514d2423b63da54c,APPROVE_FAMILY,,,MED_SUPPLY,DISPOSABLE_SYRINGE,주사기,SYRINGE_USAGE_BASED,주사기(사용량 기준),1mL,EA,,MFDS_DEVICE_CLASSIFICATION_2026_18,MFDS_DEVICE_CLASSIFICATION_2026_18::DISPOSABLE_SYRINGE,https://www.law.go.kr/LSW/admRulLsInfoP.do?admRulSeq=2100000275656,representative_name;item_family_id;item_subtype_id;normalized_specification;unit_code,2026-07-22T12:35:28.630356+00:00,verified_family,approved,codex_external_evidence_pipeline,2026-07-22T12:35:28.630356+00:00,explicit_family_spec_unit_supported_by_official_taxonomy,classification-v1.0
DECISION::classification-v1.0::ITEM_fff71d0e80dcf4a7f16b,ITEM_fff71d0e80dcf4a7f16b,APPROVE_FAMILY,,,MED_SUPPLY,ANGIO_CATHETER,카테터,ANGIO_NEEDLE,카테터(angio needle),24G,EA,,MFDS_DEVICE_CLASSIFICATION_2026_18,MFDS_DEVICE_CLASSIFICATION_2026_18::ANGIO_CATHETER,https://www.law.go.kr/LSW/admRulLsInfoP.do?admRulSeq=2100000275656,representative_name;item_family_id;item_subtype_id;normalized_specification;unit_code,2026-07-22T12:35:28.630356+00:00,verified_family,approved,codex_external_evidence_pipeline,2026-07-22T12:35:28.630356+00:00,explicit_family_spec_unit_supported_by_official_taxonomy,classification-v1.0
DECISION::classification-v1.0::ITEM_96e1db53866d3d764c8e,ITEM_96e1db53866d3d764c8e,APPROVE_FAMILY,,,MED_SUPPLY,INJECTION_NEEDLE,주사침,INJECTION_NEEDLE,주사침,25G,EA,,MFDS_DEVICE_CLASSIFICATION_2026_18,MFDS_DEVICE_CLASSIFICATION_2026_18::INJECTION_NEEDLE,https://www.law.go.kr/LSW/admRulLsInfoP.do?admRulSeq=2100000275656,representative_name;item_family_id;item_subtype_id;normalized_specification;unit_code,2026-07-22T12:35:28.630356+00:00,verified_family,approved,codex_external_evidence_pipeline,2026-07-22T12:35:28.630356+00:00,explicit_family_spec_unit_supported_by_official_taxonomy,classification-v1.0
DECISION::classification-v1.0::ITEM_e99c7cd969091345837c,ITEM_e99c7cd969091345837c,APPROVE_FAMILY,,,MED_SUPPLY,INJECTION_NEEDLE,주사침,INJECTION_NEEDLE,주사침,26G,EA,,MFDS_DEVICE_CLASSIFICATION_2026_18,MFDS_DEVICE_CLASSIFICATION_2026_18::INJECTION_NEEDLE,https://www.law.go.kr/LSW/admRulLsInfoP.do?admRulSeq=2100000275656,representative_name;item_family_id;item_subtype_id;normalized_specification;unit_code,2026-07-22T12:35:28.630356+00:00,verified_family,approved,codex_external_evidence_pipeline,2026-07-22T12:35:28.630356+00:00,explicit_family_spec_unit_supported_by_official_taxonomy,classification-v1.0
DECISION::classification-v1.0::ITEM_7c77470b286db9c407df,ITEM_7c77470b286db9c407df,APPROVE_FAMILY,,,MED_SUPPLY,BLOOD_LANCET,채혈침,BLOOD_LANCET,채혈침,30G,EA,,MFDS_DEVICE_CLASSIFICATION_2026_18,MFDS_DEVICE_CLASSIFICATION_2026_18::BLOOD_LANCET,https://www.law.go.kr/LSW/admRulLsInfoP.do?admRulSeq=2100000275656,representative_name;item_family_id;item_subtype_id;normalized_specification;unit_code,2026-07-22T12:35:28.630356+00:00,verified_family,approved,codex_external_evidence_pipeline,2026-07-22T12:35:28.630356+00:00,explicit_family_spec_unit_supported_by_official_taxonomy,classification-v1.0
DECISION::classification-v1.0::ITEM_c21816ec1abbc292d45e,ITEM_c21816ec1abbc292d45e,APPROVE_FAMILY,,,MED_SUPPLY,DISPOSABLE_SYRINGE,주사기,SYRINGE_USAGE_BASED,주사기(사용량 기준),3mL,EA,,MFDS_DEVICE_CLASSIFICATION_2026_18,MFDS_DEVICE_CLASSIFICATION_2026_18::DISPOSABLE_SYRINGE,https://www.law.go.kr/LSW/admRulLsInfoP.do?admRulSeq=2100000275656,representative_name;item_family_id;item_subtype_id;normalized_specification;unit_code,2026-07-22T12:35:28.630356+00:00,verified_family,approved,codex_external_evidence_pipeline,2026-07-22T12:35:28.630356+00:00,explicit_family_spec_unit_supported_by_official_taxonomy,classification-v1.0
DECISION::classification-v1.0::ITEM_ac91f64e069b2f4c30c7,ITEM_ac91f64e069b2f4c30c7,APPROVE_FAMILY,,,MED_SUPPLY,INJECTION_NEEDLE,주사침,INJECTION_NEEDLE,주사침,23G,EA,,MFDS_DEVICE_CLASSIFICATION_2026_18,MFDS_DEVICE_CLASSIFICATION_2026_18::INJECTION_NEEDLE,https://www.law.go.kr/LSW/admRulLsInfoP.do?admRulSeq=2100000275656,representative_name;item_family_id;item_subtype_id;normalized_specification;unit_code,2026-07-22T12:35:28.630356+00:00,verified_family,approved,codex_external_evidence_pipeline,2026-07-22T12:35:28.630356+00:00,explicit_family_spec_unit_supported_by_official_taxonomy,classification-v1.0
DECISION::classification-v1.0::ITEM_e49d14dc880c587f8a8c,ITEM_e49d14dc880c587f8a8c,APPROVE_FAMILY,,,MED_SUPPLY,DISPOSABLE_SYRINGE,주사기,SYRINGE_USAGE_BASED,주사기(사용량 기준),50mL,EA,,MFDS_DEVICE_CLASSIFICATION_2026_18,MFDS_DEVICE_CLASSIFICATION_2026_18::DISPOSABLE_SYRINGE,https://www.law.go.kr/LSW/admRulLsInfoP.do?admRulSeq=2100000275656,representative_name;item_family_id;item_subtype_id;normalized_specification;unit_code,2026-07-22T12:35:28.630356+00:00,verified_family,approved,codex_external_evidence_pipeline,2026-07-22T12:35:28.630356+00:00,explicit_family_spec_unit_supported_by_official_taxonomy,classification-v1.0
DECISION::classification-v1.0::ITEM_0faaa1527b7bc043fd49,ITEM_0faaa1527b7bc043fd49,APPROVE_FAMILY,,,MED_SUPPLY,DISPOSABLE_SYRINGE,주사기,SYRINGE_USAGE_BASED,주사기(사용량 기준),60mL,EA,,MFDS_DEVICE_CLASSIFICATION_2026_18,MFDS_DEVICE_CLASSIFICATION_2026_18::DISPOSABLE_SYRINGE,https://www.law.go.kr/LSW/admRulLsInfoP.do?admRulSeq=2100000275656,representative_name;item_family_id;item_subtype_id;normalized_specification;unit_code,2026-07-22T12:35:28.630356+00:00,verified_family,approved,codex_external_evidence_pipeline,2026-07-22T12:35:28.630356+00:00,explicit_family_spec_unit_supported_by_official_taxonomy,classification-v1.0
DECISION::classification-v1.0::ITEM_d1b17c1888555fea31e9,ITEM_d1b17c1888555fea31e9,APPROVE_FAMILY,,,MED_SUPPLY,BLOOD_LANCET,채혈침,BLOOD_LANCET,채혈침,28G,EA,,MFDS_DEVICE_CLASSIFICATION_2026_18,MFDS_DEVICE_CLASSIFICATION_2026_18::BLOOD_LANCET,https://www.law.go.kr/LSW/admRulLsInfoP.do?admRulSeq=2100000275656,representative_name;item_family_id;item_subtype_id;normalized_specification;unit_code,2026-07-22T12:35:28.630356+00:00,verified_family,approved,codex_external_evidence_pipeline,2026-07-22T12:35:28.630356+00:00,explicit_family_spec_unit_supported_by_official_taxonomy,classification-v1.0
DECISION::classification-v1.0::ITEM_2e292151d708f21b8f21,ITEM_2e292151d708f21b8f21,APPROVE_FAMILY,,,MED_SUPPLY,BLOOD_LANCET,채혈침,BLOOD_LANCET,채혈침,28G,EA,,MFDS_DEVICE_CLASSIFICATION_2026_18,MFDS_DEVICE_CLASSIFICATION_2026_18::BLOOD_LANCET,https://www.law.go.kr/LSW/admRulLsInfoP.do?admRulSeq=2100000275656,representative_name;item_family_id;item_subtype_id;normalized_specification;unit_code,2026-07-22T12:35:28.630356+00:00,verified_family,approved,codex_external_evidence_pipeline,2026-07-22T12:35:28.630356+00:00,explicit_family_spec_unit_supported_by_official_taxonomy,classification-v1.0
DECISION::classification-v1.0::ITEM_41dd8e4f228a43ffeefe,ITEM_41dd8e4f228a43ffeefe,APPROVE_FAMILY,,,MED_SUPPLY,BLOOD_LANCET,채혈침,BLOOD_LANCET,채혈침,30G,EA,,MFDS_DEVICE_CLASSIFICATION_2026_18,MFDS_DEVICE_CLASSIFICATION_2026_18::BLOOD_LANCET,https://www.law.go.kr/LSW/admRulLsInfoP.do?admRulSeq=2100000275656,representative_name;item_family_id;item_subtype_id;normalized_specification;unit_code,2026-07-22T12:35:28.630356+00:00,verified_family,approved,codex_external_evidence_pipeline,2026-07-22T12:35:28.630356+00:00,explicit_family_spec_unit_supported_by_official_taxonomy,classification-v1.0
DECISION::classification-v1.0::ITEM_fe010af0dae294e1c50e,ITEM_fe010af0dae294e1c50e,APPROVE_FAMILY,,,MED_SUPPLY,URINE_BAG,Urine bag,URINE_BAG,Urine bag,600mL,EA,,MFDS_DEVICE_CLASSIFICATION_2026_18,MFDS_DEVICE_CLASSIFICATION_2026_18::URINE_BAG,https://www.law.go.kr/LSW/admRulLsInfoP.do?admRulSeq=2100000275656,representative_name;item_family_id;item_subtype_id;normalized_specification;unit_code,2026-07-22T12:35:28.630356+00:00,verified_family,approved,codex_external_evidence_pipeline,2026-07-22T12:35:28.630356+00:00,explicit_family_spec_unit_supported_by_official_taxonomy,classification-v1.0
DECISION::classification-v1.0::ITEM_39576a8edb486c5a2f6f,ITEM_39576a8edb486c5a2f6f,APPROVE_FAMILY,,,MED_SUPPLY,INFUSION_SET,수액세트,INFUSION_SET,수액세트,수액세트,EA,,MFDS_DEVICE_CLASSIFICATION_2026_18,MFDS_DEVICE_CLASSIFICATION_2026_18::INFUSION_SET,https://www.law.go.kr/LSW/admRulLsInfoP.do?admRulSeq=2100000275656,representative_name;item_family_id;item_subtype_id;normalized_specification;unit_code,2026-07-22T12:35:28.630356+00:00,verified_family,approved,codex_external_evidence_pipeline,2026-07-22T12:35:28.630356+00:00,explicit_family_spec_unit_supported_by_official_taxonomy,classification-v1.0
DECISION::classification-v1.0::ITEM_cbe0ebf3d67fe6e65966,ITEM_cbe0ebf3d67fe6e65966,APPROVE_FAMILY,,,MED_SUPPLY,ANGIO_CATHETER,카테터,BUTTERFLY_NEEDLE,나비 바늘,나비 바늘,EA,,MFDS_DEVICE_CLASSIFICATION_2026_18,MFDS_DEVICE_CLASSIFICATION_2026_18::ANGIO_CATHETER,https://www.law.go.kr/LSW/admRulLsInfoP.do?admRulSeq=2100000275656,representative_name;item_family_id;item_subtype_id;normalized_specification;unit_code,2026-07-22T12:35:28.630356+00:00,verified_family,approved,codex_external_evidence_pipeline,2026-07-22T12:35:28.630356+00:00,explicit_family_spec_unit_supported_by_official_taxonomy,classification-v1.0
DECISION::classification-v1.0::ITEM_807d8e73a4b195802027,ITEM_807d8e73a4b195802027,APPROVE_FAMILY,,,MED_SUPPLY,DISPOSABLE_SYRINGE,주사기,SYRINGE_USAGE_BASED,주사기(사용량 기준),5mL,EA,,MFDS_DEVICE_CLASSIFICATION_2026_18,MFDS_DEVICE_CLASSIFICATION_2026_18::DISPOSABLE_SYRINGE,https://www.law.go.kr/LSW/admRulLsInfoP.do?admRulSeq=2100000275656,representative_name;item_family_id;item_subtype_id;normalized_specification;unit_code,2026-07-22T12:35:28.630356+00:00,verified_family,approved,codex_external_evidence_pipeline,2026-07-22T12:35:28.630356+00:00,explicit_family_spec_unit_supported_by_official_taxonomy,classification-v1.0
DECISION::classification-v1.0::ITEM_f0c1fac0aaa3547cc690,ITEM_f0c1fac0aaa3547cc690,APPROVE_FAMILY,,,MED_SUPPLY,BLOOD_LANCET,채혈침,BLOOD_LANCET,채혈침,28G,EA,,MFDS_DEVICE_CLASSIFICATION_2026_18,MFDS_DEVICE_CLASSIFICATION_2026_18::BLOOD_LANCET,https://www.law.go.kr/LSW/admRulLsInfoP.do?admRulSeq=2100000275656,representative_name;item_family_id;item_subtype_id;normalized_specification;unit_code,2026-07-22T12:35:28.630356+00:00,verified_family,approved,codex_external_evidence_pipeline,2026-07-22T12:35:28.630356+00:00,explicit_family_spec_unit_supported_by_official_taxonomy,classification-v1.0
DECISION::classification-v1.0::ITEM_c72d1c33c974b8464438,ITEM_c72d1c33c974b8464438,APPROVE_FAMILY,,,WASTE,MEDICAL_WASTE_CONTAINER,의료폐기물 전용용기,RIGID_NEEDLE_BOX,합성수지형 용기(needle box),1L,EA,,WASTE_RULE_APPENDIX_5_2026_03_26,WASTE_RULE_APPENDIX_5_2026_03_26::MEDICAL_WASTE_CONTAINER,https://www.law.go.kr/flDownload.do?bylClsCd=110201&flSeq=162812925&gubun=,representative_name;item_family_id;item_subtype_id;normalized_specification;unit_code,2026-07-22T12:35:28.630356+00:00,verified_family,approved,codex_external_evidence_pipeline,2026-07-22T12:35:28.630356+00:00,explicit_family_spec_unit_supported_by_official_taxonomy,classification-v1.0
DECISION::classification-v1.0::ITEM_b0c61ec65ec7a6270cea,ITEM_b0c61ec65ec7a6270cea,APPROVE_FAMILY,,,MED_SUPPLY,DISPOSABLE_SYRINGE,주사기,SYRINGE_USAGE_BASED,주사기(사용량 기준),3mL,EA,,MFDS_DEVICE_CLASSIFICATION_2026_18,MFDS_DEVICE_CLASSIFICATION_2026_18::DISPOSABLE_SYRINGE,https://www.law.go.kr/LSW/admRulLsInfoP.do?admRulSeq=2100000275656,representative_name;item_family_id;item_subtype_id;normalized_specification;unit_code,2026-07-22T12:35:28.630356+00:00,verified_family,approved,codex_external_evidence_pipeline,2026-07-22T12:35:28.630356+00:00,explicit_family_spec_unit_supported_by_official_taxonomy,classification-v1.0
DECISION::classification-v1.0::ITEM_d2c84fbae1a828a40fc4,ITEM_d2c84fbae1a828a40fc4,APPROVE_FAMILY,,,MED_SUPPLY,INJECTION_NEEDLE,주사침,INJECTION_NEEDLE,주사침,26G,EA,,MFDS_DEVICE_CLASSIFICATION_2026_18,MFDS_DEVICE_CLASSIFICATION_2026_18::INJECTION_NEEDLE,https://www.law.go.kr/LSW/admRulLsInfoP.do?admRulSeq=2100000275656,representative_name;item_family_id;item_subtype_id;normalized_specification;unit_code,2026-07-22T12:35:28.630356+00:00,verified_family,approved,codex_external_evidence_pipeline,2026-07-22T12:35:28.630356+00:00,explicit_family_spec_unit_supported_by_official_taxonomy,classification-v1.0
DECISION::classification-v1.0::ITEM_4c07dc12ab93e39c85b3,ITEM_4c07dc12ab93e39c85b3,APPROVE_FAMILY,,,MED_SUPPLY,BLOOD_LANCET,채혈침,BLOOD_LANCET,채혈침,28G,EA,,MFDS_DEVICE_CLASSIFICATION_2026_18,MFDS_DEVICE_CLASSIFICATION_2026_18::BLOOD_LANCET,https://www.law.go.kr/LSW/admRulLsInfoP.do?admRulSeq=2100000275656,representative_name;item_family_id;item_subtype_id;normalized_specification;unit_code,2026-07-22T12:35:28.630356+00:00,verified_family,approved,codex_external_evidence_pipeline,2026-07-22T12:35:28.630356+00:00,explicit_family_spec_unit_supported_by_official_taxonomy,classification-v1.0
DECISION::classification-v1.0::ITEM_64a57ab015a850ea50cc,ITEM_64a57ab015a850ea50cc,APPROVE_FAMILY,,,MED_SUPPLY,BLOOD_LANCET,채혈침,BLOOD_LANCET,채혈침,30G,EA,,MFDS_DEVICE_CLASSIFICATION_2026_18,MFDS_DEVICE_CLASSIFICATION_2026_18::BLOOD_LANCET,https://www.law.go.kr/LSW/admRulLsInfoP.do?admRulSeq=2100000275656,representative_name;item_family_id;item_subtype_id;normalized_specification;unit_code,2026-07-22T12:35:28.630356+00:00,verified_family,approved,codex_external_evidence_pipeline,2026-07-22T12:35:28.630356+00:00,explicit_family_spec_unit_supported_by_official_taxonomy,classification-v1.0
DECISION::classification-v1.0::ITEM_898632bda5c7ebf72c78,ITEM_898632bda5c7ebf72c78,APPROVE_FAMILY,,,MED_SUPPLY,DISPOSABLE_SYRINGE,주사기,SYRINGE_USAGE_BASED,주사기(사용량 기준),3mL,EA,,MFDS_DEVICE_CLASSIFICATION_2026_18,MFDS_DEVICE_CLASSIFICATION_2026_18::DISPOSABLE_SYRINGE,https://www.law.go.kr/LSW/admRulLsInfoP.do?admRulSeq=2100000275656,representative_name;item_family_id;item_subtype_id;normalized_specification;unit_code,2026-07-22T12:35:28.630356+00:00,verified_family,approved,codex_external_evidence_pipeline,2026-07-22T12:35:28.630356+00:00,explicit_family_spec_unit_supported_by_official_taxonomy,classification-v1.0
DECISION::classification-v1.0::ITEM_5a2ca4d3b1629f68d1c7,ITEM_5a2ca4d3b1629f68d1c7,APPROVE_FAMILY,,,MED_SUPPLY,INJECTION_NEEDLE,주사침,INJECTION_NEEDLE,주사침,20G,EA,,MFDS_DEVICE_CLASSIFICATION_2026_18,MFDS_DEVICE_CLASSIFICATION_2026_18::INJECTION_NEEDLE,https://www.law.go.kr/LSW/admRulLsInfoP.do?admRulSeq=2100000275656,representative_name;item_family_id;item_subtype_id;normalized_specification;unit_code,2026-07-22T12:35:28.630356+00:00,verified_family,approved,codex_external_evidence_pipeline,2026-07-22T12:35:28.630356+00:00,explicit_family_spec_unit_supported_by_official_taxonomy,classification-v1.0
DECISION::classification-v1.0::ITEM_0832cf08a4b0acf6b45f,ITEM_0832cf08a4b0acf6b45f,APPROVE_FAMILY,,,MED_SUPPLY,ANGIO_CATHETER,카테터,ANGIO_NEEDLE,카테터(angio needle),24G,EA,,MFDS_DEVICE_CLASSIFICATION_2026_18,MFDS_DEVICE_CLASSIFICATION_2026_18::ANGIO_CATHETER,https://www.law.go.kr/LSW/admRulLsInfoP.do?admRulSeq=2100000275656,representative_name;item_family_id;item_subtype_id;normalized_specification;unit_code,2026-07-22T12:35:28.630356+00:00,verified_family,approved,codex_external_evidence_pipeline,2026-07-22T12:35:28.630356+00:00,explicit_family_spec_unit_supported_by_official_taxonomy,classification-v1.0
DECISION::classification-v1.0::ITEM_a6e2c11c437a2a8d0cbe,ITEM_a6e2c11c437a2a8d0cbe,APPROVE_FAMILY,,,MED_SUPPLY,DISPOSABLE_SYRINGE,주사기,SYRINGE_USAGE_BASED,주사기(사용량 기준),5mL,EA,,MFDS_DEVICE_CLASSIFICATION_2026_18,MFDS_DEVICE_CLASSIFICATION_2026_18::DISPOSABLE_SYRINGE,https://www.law.go.kr/LSW/admRulLsInfoP.do?admRulSeq=2100000275656,representative_name;item_family_id;item_subtype_id;normalized_specification;unit_code,2026-07-22T12:35:28.630356+00:00,verified_family,approved,codex_external_evidence_pipeline,2026-07-22T12:35:28.630356+00:00,explicit_family_spec_unit_supported_by_official_taxonomy,classification-v1.0
DECISION::classification-v1.0::ITEM_42e3c52af8a315d91cd0,ITEM_42e3c52af8a315d91cd0,APPROVE_FAMILY,,,MED_SUPPLY,INJECTION_NEEDLE,주사침,INJECTION_NEEDLE,주사침,30G,EA,,MFDS_DEVICE_CLASSIFICATION_2026_18,MFDS_DEVICE_CLASSIFICATION_2026_18::INJECTION_NEEDLE,https://www.law.go.kr/LSW/admRulLsInfoP.do?admRulSeq=2100000275656,representative_name;item_family_id;item_subtype_id;normalized_specification;unit_code,2026-07-22T12:35:28.630356+00:00,verified_family,approved,codex_external_evidence_pipeline,2026-07-22T12:35:28.630356+00:00,explicit_family_spec_unit_supported_by_official_taxonomy,classification-v1.0
DECISION::classification-v1.0::ITEM_e59baa31ae5a853dcce4,ITEM_e59baa31ae5a853dcce4,APPROVE_FAMILY,,,WASTE,MEDICAL_WASTE_CONTAINER,의료폐기물 전용용기,RIGID_NEEDLE_BOX,합성수지형 용기(needle box),5L,EA,,WASTE_RULE_APPENDIX_5_2026_03_26,WASTE_RULE_APPENDIX_5_2026_03_26::MEDICAL_WASTE_CONTAINER,https://www.law.go.kr/flDownload.do?bylClsCd=110201&flSeq=162812925&gubun=,representative_name;item_family_id;item_subtype_id;normalized_specification;unit_code,2026-07-22T12:35:28.630356+00:00,verified_family,approved,codex_external_evidence_pipeline,2026-07-22T12:35:28.630356+00:00,explicit_family_spec_unit_supported_by_official_taxonomy,classification-v1.0
DECISION::classification-v1.0::ITEM_ffabf34356b2f2517301,ITEM_ffabf34356b2f2517301,APPROVE_FAMILY,,,MED_SUPPLY,DISPOSABLE_SYRINGE,주사기,SYRINGE_USAGE_BASED,주사기(사용량 기준),3mL,EA,,MFDS_DEVICE_CLASSIFICATION_2026_18,MFDS_DEVICE_CLASSIFICATION_2026_18::DISPOSABLE_SYRINGE,https://www.law.go.kr/LSW/admRulLsInfoP.do?admRulSeq=2100000275656,representative_name;item_family_id;item_subtype_id;normalized_specification;unit_code,2026-07-22T12:35:28.630356+00:00,verified_family,approved,codex_external_evidence_pipeline,2026-07-22T12:35:28.630356+00:00,explicit_family_spec_unit_supported_by_official_taxonomy,classification-v1.0
DECISION::classification-v1.0::ITEM_ab471207f70cef61edd8,ITEM_ab471207f70cef61edd8,APPROVE_FAMILY,,,MED_SUPPLY,INFUSION_SET,수액세트,INFUSION_SET,수액세트,수액세트,EA,,MFDS_DEVICE_CLASSIFICATION_2026_18,MFDS_DEVICE_CLASSIFICATION_2026_18::INFUSION_SET,https://www.law.go.kr/LSW/admRulLsInfoP.do?admRulSeq=2100000275656,representative_name;item_family_id;item_subtype_id;normalized_specification;unit_code,2026-07-22T12:35:28.630356+00:00,verified_family,approved,codex_external_evidence_pipeline,2026-07-22T12:35:28.630356+00:00,explicit_family_spec_unit_supported_by_official_taxonomy,classification-v1.0
DECISION::classification-v1.0::ITEM_7e049dad2143f6a5b8ef,ITEM_7e049dad2143f6a5b8ef,APPROVE_FAMILY,,,MED_SUPPLY,BLOOD_LANCET,채혈침,BLOOD_LANCET,채혈침,28G,EA,,MFDS_DEVICE_CLASSIFICATION_2026_18,MFDS_DEVICE_CLASSIFICATION_2026_18::BLOOD_LANCET,https://www.law.go.kr/LSW/admRulLsInfoP.do?admRulSeq=2100000275656,representative_name;item_family_id;item_subtype_id;normalized_specification;unit_code,2026-07-22T12:35:28.630356+00:00,verified_family,approved,codex_external_evidence_pipeline,2026-07-22T12:35:28.630356+00:00,explicit_family_spec_unit_supported_by_official_taxonomy,classification-v1.0
DECISION::classification-v1.0::ITEM_68610c31314b423d4373,ITEM_68610c31314b423d4373,APPROVE_FAMILY,,,MED_SUPPLY,DISPOSABLE_SYRINGE,주사기,SYRINGE_USAGE_BASED,주사기(사용량 기준),1mL,EA,,MFDS_DEVICE_CLASSIFICATION_2026_18,MFDS_DEVICE_CLASSIFICATION_2026_18::DISPOSABLE_SYRINGE,https://www.law.go.kr/LSW/admRulLsInfoP.do?admRulSeq=2100000275656,representative_name;item_family_id;item_subtype_id;normalized_specification;unit_code,2026-07-22T12:35:28.630356+00:00,verified_family,approved,codex_external_evidence_pipeline,2026-07-22T12:35:28.630356+00:00,explicit_family_spec_unit_supported_by_official_taxonomy,classification-v1.0
DECISION::classification-v1.0::ITEM_9b6d57c5671fb411c27a,ITEM_9b6d57c5671fb411c27a,APPROVE_FAMILY,,,MED_SUPPLY,DISPOSABLE_SYRINGE,주사기,SYRINGE_USAGE_BASED,주사기(사용량 기준),1mL,EA,,MFDS_DEVICE_CLASSIFICATION_2026_18,MFDS_DEVICE_CLASSIFICATION_2026_18::DISPOSABLE_SYRINGE,https://www.law.go.kr/LSW/admRulLsInfoP.do?admRulSeq=2100000275656,representative_name;item_family_id;item_subtype_id;normalized_specification;unit_code,2026-07-22T12:35:28.630356+00:00,verified_family,approved,codex_external_evidence_pipeline,2026-07-22T12:35:28.630356+00:00,explicit_family_spec_unit_supported_by_official_taxonomy,classification-v1.0
DECISION::classification-v1.0::ITEM_31e978f6d4a7c13acdda,ITEM_31e978f6d4a7c13acdda,APPROVE_FAMILY,,,MED_SUPPLY,DISPOSABLE_SYRINGE,주사기,SYRINGE_USAGE_BASED,주사기(사용량 기준),3mL,EA,,MFDS_DEVICE_CLASSIFICATION_2026_18,MFDS_DEVICE_CLASSIFICATION_2026_18::DISPOSABLE_SYRINGE,https://www.law.go.kr/LSW/admRulLsInfoP.do?admRulSeq=2100000275656,representative_name;item_family_id;item_subtype_id;normalized_specification;unit_code,2026-07-22T12:35:28.630356+00:00,verified_family,approved,codex_external_evidence_pipeline,2026-07-22T12:35:28.630356+00:00,explicit_family_spec_unit_supported_by_official_taxonomy,classification-v1.0
DECISION::classification-v1.0::ITEM_227433e69ecd53af40c7,ITEM_227433e69ecd53af40c7,APPROVE_FAMILY,,,MED_SUPPLY,DISPOSABLE_SYRINGE,주사기,SYRINGE_USAGE_BASED,주사기(사용량 기준),20mL,EA,,MFDS_DEVICE_CLASSIFICATION_2026_18,MFDS_DEVICE_CLASSIFICATION_2026_18::DISPOSABLE_SYRINGE,https://www.law.go.kr/LSW/admRulLsInfoP.do?admRulSeq=2100000275656,representative_name;item_family_id;item_subtype_id;normalized_specification;unit_code,2026-07-22T12:35:28.630356+00:00,verified_family,approved,codex_external_evidence_pipeline,2026-07-22T12:35:28.630356+00:00,explicit_family_spec_unit_supported_by_official_taxonomy,classification-v1.0
DECISION::classification-v1.0::ITEM_530188e86340408f52b4,ITEM_530188e86340408f52b4,APPROVE_FAMILY,,,MED_SUPPLY,DISPOSABLE_SYRINGE,주사기,SYRINGE_USAGE_BASED,주사기(사용량 기준),5mL,EA,,MFDS_DEVICE_CLASSIFICATION_2026_18,MFDS_DEVICE_CLASSIFICATION_2026_18::DISPOSABLE_SYRINGE,https://www.law.go.kr/LSW/admRulLsInfoP.do?admRulSeq=2100000275656,representative_name;item_family_id;item_subtype_id;normalized_specification;unit_code,2026-07-22T12:35:28.630356+00:00,verified_family,approved,codex_external_evidence_pipeline,2026-07-22T12:35:28.630356+00:00,explicit_family_spec_unit_supported_by_official_taxonomy,classification-v1.0
DECISION::classification-v1.0::ITEM_52668be22f7c0c079108,ITEM_52668be22f7c0c079108,APPROVE_FAMILY,,,MED_SUPPLY,DISPOSABLE_SYRINGE,주사기,SYRINGE_USAGE_BASED,주사기(사용량 기준),1mL,EA,,MFDS_DEVICE_CLASSIFICATION_2026_18,MFDS_DEVICE_CLASSIFICATION_2026_18::DISPOSABLE_SYRINGE,https://www.law.go.kr/LSW/admRulLsInfoP.do?admRulSeq=2100000275656,representative_name;item_family_id;item_subtype_id;normalized_specification;unit_code,2026-07-22T12:35:28.630356+00:00,verified_family,approved,codex_external_evidence_pipeline,2026-07-22T12:35:28.630356+00:00,explicit_family_spec_unit_supported_by_official_taxonomy,classification-v1.0
DECISION::classification-v1.0::ITEM_25bd9803f0deb9ae17e4,ITEM_25bd9803f0deb9ae17e4,APPROVE_FAMILY,,,MED_SUPPLY,ANGIO_CATHETER,카테터,ANGIO_NEEDLE,카테터(angio needle),24G,EA,,MFDS_DEVICE_CLASSIFICATION_2026_18,MFDS_DEVICE_CLASSIFICATION_2026_18::ANGIO_CATHETER,https://www.law.go.kr/LSW/admRulLsInfoP.do?admRulSeq=2100000275656,representative_name;item_family_id;item_subtype_id;normalized_specification;unit_code,2026-07-22T12:35:28.630356+00:00,verified_family,approved,codex_external_evidence_pipeline,2026-07-22T12:35:28.630356+00:00,explicit_family_spec_unit_supported_by_official_taxonomy,classification-v1.0
DECISION::classification-v1.0::ITEM_b7d4c617fca45116beba,ITEM_b7d4c617fca45116beba,APPROVE_FAMILY,,,MED_SUPPLY,ANGIO_CATHETER,카테터,ANGIO_NEEDLE,카테터(angio needle),24G,EA,,MFDS_DEVICE_CLASSIFICATION_2026_18,MFDS_DEVICE_CLASSIFICATION_2026_18::ANGIO_CATHETER,https://www.law.go.kr/LSW/admRulLsInfoP.do?admRulSeq=2100000275656,representative_name;item_family_id;item_subtype_id;normalized_specification;unit_code,2026-07-22T12:35:28.630356+00:00,verified_family,approved,codex_external_evidence_pipeline,2026-07-22T12:35:28.630356+00:00,explicit_family_spec_unit_supported_by_official_taxonomy,classification-v1.0
DECISION::classification-v1.0::ITEM_7a411fc6cb26d1e4e0ec,ITEM_7a411fc6cb26d1e4e0ec,APPROVE_FAMILY,,,MED_SUPPLY,ANGIO_CATHETER,카테터,ANGIO_NEEDLE,카테터(angio needle),24G,EA,,MFDS_DEVICE_CLASSIFICATION_2026_18,MFDS_DEVICE_CLASSIFICATION_2026_18::ANGIO_CATHETER,https://www.law.go.kr/LSW/admRulLsInfoP.do?admRulSeq=2100000275656,representative_name;item_family_id;item_subtype_id;normalized_specification;unit_code,2026-07-22T12:35:28.630356+00:00,verified_family,approved,codex_external_evidence_pipeline,2026-07-22T12:35:28.630356+00:00,explicit_family_spec_unit_supported_by_official_taxonomy,classification-v1.0
DECISION::classification-v1.0::ITEM_0ba02082dd4cf6f25811,ITEM_0ba02082dd4cf6f25811,APPROVE_FAMILY,,,MED_SUPPLY,DISPOSABLE_SYRINGE,주사기,SYRINGE_USAGE_BASED,주사기(사용량 기준),3mL,EA,,MFDS_DEVICE_CLASSIFICATION_2026_18,MFDS_DEVICE_CLASSIFICATION_2026_18::DISPOSABLE_SYRINGE,https://www.law.go.kr/LSW/admRulLsInfoP.do?admRulSeq=2100000275656,representative_name;item_family_id;item_subtype_id;normalized_specification;unit_code,2026-07-22T12:35:28.630356+00:00,verified_family,approved,codex_external_evidence_pipeline,2026-07-22T12:35:28.630356+00:00,explicit_family_spec_unit_supported_by_official_taxonomy,classification-v1.0
DECISION::classification-v1.0::ITEM_f790b85077befe016107,ITEM_f790b85077befe016107,APPROVE_FAMILY,,,MED_SUPPLY,DISPOSABLE_SYRINGE,주사기,SYRINGE_USAGE_BASED,주사기(사용량 기준),5mL,EA,,MFDS_DEVICE_CLASSIFICATION_2026_18,MFDS_DEVICE_CLASSIFICATION_2026_18::DISPOSABLE_SYRINGE,https://www.law.go.kr/LSW/admRulLsInfoP.do?admRulSeq=2100000275656,representative_name;item_family_id;item_subtype_id;normalized_specification;unit_code,2026-07-22T12:35:28.630356+00:00,verified_family,approved,codex_external_evidence_pipeline,2026-07-22T12:35:28.630356+00:00,explicit_family_spec_unit_supported_by_official_taxonomy,classification-v1.0
DECISION::classification-v1.0::ITEM_12a2780b9e512fc2d5db,ITEM_12a2780b9e512fc2d5db,APPROVE_FAMILY,,,MED_SUPPLY,DISPOSABLE_SYRINGE,주사기,SYRINGE_USAGE_BASED,주사기(사용량 기준),5mL,EA,,MFDS_DEVICE_CLASSIFICATION_2026_18,MFDS_DEVICE_CLASSIFICATION_2026_18::DISPOSABLE_SYRINGE,https://www.law.go.kr/LSW/admRulLsInfoP.do?admRulSeq=2100000275656,representative_name;item_family_id;item_subtype_id;normalized_specification;unit_code,2026-07-22T12:35:28.630356+00:00,verified_family,approved,codex_external_evidence_pipeline,2026-07-22T12:35:28.630356+00:00,explicit_family_spec_unit_supported_by_official_taxonomy,classification-v1.0
DECISION::classification-v1.0::ITEM_4513d709f6bffdd9133c,ITEM_4513d709f6bffdd9133c,APPROVE_FAMILY,,,MED_SUPPLY,ANGIO_CATHETER,카테터,ANGIO_NEEDLE,카테터(angio needle),20G,EA,,MFDS_DEVICE_CLASSIFICATION_2026_18,MFDS_DEVICE_CLASSIFICATION_2026_18::ANGIO_CATHETER,https://www.law.go.kr/LSW/admRulLsInfoP.do?admRulSeq=2100000275656,representative_name;item_family_id;item_subtype_id;normalized_specification;unit_code,2026-07-22T12:35:28.630356+00:00,verified_family,approved,codex_external_evidence_pipeline,2026-07-22T12:35:28.630356+00:00,explicit_family_spec_unit_supported_by_official_taxonomy,classification-v1.0
DECISION::classification-v1.0::ITEM_abae736d1cbdf1b28c33,ITEM_abae736d1cbdf1b28c33,APPROVE_FAMILY,,,MED_SUPPLY,INFUSION_SET,수액세트,INFUSION_SET,수액세트,수액세트,EA,,MFDS_DEVICE_CLASSIFICATION_2026_18,MFDS_DEVICE_CLASSIFICATION_2026_18::INFUSION_SET,https://www.law.go.kr/LSW/admRulLsInfoP.do?admRulSeq=2100000275656,representative_name;item_family_id;item_subtype_id;normalized_specification;unit_code,2026-07-22T12:35:28.630356+00:00,verified_family,approved,codex_external_evidence_pipeline,2026-07-22T12:35:28.630356+00:00,explicit_family_spec_unit_supported_by_official_taxonomy,classification-v1.0
DECISION::classification-v1.0::ITEM_31358c09327fc76b0ea5,ITEM_31358c09327fc76b0ea5,APPROVE_FAMILY,,,MED_SUPPLY,ANGIO_CATHETER,카테터,BUTTERFLY_NEEDLE,나비 바늘,나비 바늘,EA,,MFDS_DEVICE_CLASSIFICATION_2026_18,MFDS_DEVICE_CLASSIFICATION_2026_18::ANGIO_CATHETER,https://www.law.go.kr/LSW/admRulLsInfoP.do?admRulSeq=2100000275656,representative_name;item_family_id;item_subtype_id;normalized_specification;unit_code,2026-07-22T12:35:28.630356+00:00,verified_family,approved,codex_external_evidence_pipeline,2026-07-22T12:35:28.630356+00:00,explicit_family_spec_unit_supported_by_official_taxonomy,classification-v1.0
DECISION::classification-v1.0::ITEM_ed5f3de509420071dada,ITEM_ed5f3de509420071dada,APPROVE_FAMILY,,,MED_SUPPLY,INJECTION_NEEDLE,주사침,INJECTION_NEEDLE,주사침,23G,EA,,MFDS_DEVICE_CLASSIFICATION_2026_18,MFDS_DEVICE_CLASSIFICATION_2026_18::INJECTION_NEEDLE,https://www.law.go.kr/LSW/admRulLsInfoP.do?admRulSeq=2100000275656,representative_name;item_family_id;item_subtype_id;normalized_specification;unit_code,2026-07-22T12:35:28.630356+00:00,verified_family,approved,codex_external_evidence_pipeline,2026-07-22T12:35:28.630356+00:00,explicit_family_spec_unit_supported_by_official_taxonomy,classification-v1.0
DECISION::classification-v1.0::ITEM_2b7e20113919b4762ee6,ITEM_2b7e20113919b4762ee6,APPROVE_FAMILY,,,MED_SUPPLY,BLOOD_LANCET,채혈침,BLOOD_LANCET,채혈침,28G,EA,,MFDS_DEVICE_CLASSIFICATION_2026_18,MFDS_DEVICE_CLASSIFICATION_2026_18::BLOOD_LANCET,https://www.law.go.kr/LSW/admRulLsInfoP.do?admRulSeq=2100000275656,representative_name;item_family_id;item_subtype_id;normalized_specification;unit_code,2026-07-22T12:35:28.630356+00:00,verified_family,approved,codex_external_evidence_pipeline,2026-07-22T12:35:28.630356+00:00,explicit_family_spec_unit_supported_by_official_taxonomy,classification-v1.0
DECISION::classification-v1.0::ITEM_e4e005522d74dbd3822a,ITEM_e4e005522d74dbd3822a,APPROVE_FAMILY,,,MED_SUPPLY,BLOOD_LANCET,채혈침,BLOOD_LANCET,채혈침,23G,EA,,MFDS_DEVICE_CLASSIFICATION_2026_18,MFDS_DEVICE_CLASSIFICATION_2026_18::BLOOD_LANCET,https://www.law.go.kr/LSW/admRulLsInfoP.do?admRulSeq=2100000275656,representative_name;item_family_id;item_subtype_id;normalized_specification;unit_code,2026-07-22T12:35:28.630356+00:00,verified_family,approved,codex_external_evidence_pipeline,2026-07-22T12:35:28.630356+00:00,explicit_family_spec_unit_supported_by_official_taxonomy,classification-v1.0
DECISION::classification-v1.0::ITEM_801194a71c2903796ac0,ITEM_801194a71c2903796ac0,APPROVE_FAMILY,,,MED_SUPPLY,BLOOD_LANCET,채혈침,BLOOD_LANCET,채혈침,28G,EA,,MFDS_DEVICE_CLASSIFICATION_2026_18,MFDS_DEVICE_CLASSIFICATION_2026_18::BLOOD_LANCET,https://www.law.go.kr/LSW/admRulLsInfoP.do?admRulSeq=2100000275656,representative_name;item_family_id;item_subtype_id;normalized_specification;unit_code,2026-07-22T12:35:28.630356+00:00,verified_family,approved,codex_external_evidence_pipeline,2026-07-22T12:35:28.630356+00:00,explicit_family_spec_unit_supported_by_official_taxonomy,classification-v1.0
DECISION::classification-v1.0::ITEM_495534dcf05a8f8c7291,ITEM_495534dcf05a8f8c7291,APPROVE_FAMILY,,,MED_SUPPLY,BLOOD_LANCET,채혈침,BLOOD_LANCET,채혈침,28G,EA,,MFDS_DEVICE_CLASSIFICATION_2026_18,MFDS_DEVICE_CLASSIFICATION_2026_18::BLOOD_LANCET,https://www.law.go.kr/LSW/admRulLsInfoP.do?admRulSeq=2100000275656,representative_name;item_family_id;item_subtype_id;normalized_specification;unit_code,2026-07-22T12:35:28.630356+00:00,verified_family,approved,codex_external_evidence_pipeline,2026-07-22T12:35:28.630356+00:00,explicit_family_spec_unit_supported_by_official_taxonomy,classification-v1.0
DECISION::classification-v1.0::ITEM_6f63e56b9a793e013b86,ITEM_6f63e56b9a793e013b86,APPROVE_FAMILY,,,MED_SUPPLY,BLOOD_LANCET,채혈침,BLOOD_LANCET,채혈침,23G,EA,,MFDS_DEVICE_CLASSIFICATION_2026_18,MFDS_DEVICE_CLASSIFICATION_2026_18::BLOOD_LANCET,https://www.law.go.kr/LSW/admRulLsInfoP.do?admRulSeq=2100000275656,representative_name;item_family_id;item_subtype_id;normalized_specification;unit_code,2026-07-22T12:35:28.630356+00:00,verified_family,approved,codex_external_evidence_pipeline,2026-07-22T12:35:28.630356+00:00,explicit_family_spec_unit_supported_by_official_taxonomy,classification-v1.0
DECISION::classification-v1.0::ITEM_3c9d254fbe49c60124c3,ITEM_3c9d254fbe49c60124c3,APPROVE_FAMILY,,,MED_SUPPLY,BLOOD_LANCET,채혈침,BLOOD_LANCET,채혈침,26G,EA,,MFDS_DEVICE_CLASSIFICATION_2026_18,MFDS_DEVICE_CLASSIFICATION_2026_18::BLOOD_LANCET,https://www.law.go.kr/LSW/admRulLsInfoP.do?admRulSeq=2100000275656,representative_name;item_family_id;item_subtype_id;normalized_specification;unit_code,2026-07-22T12:35:28.630356+00:00,verified_family,approved,codex_external_evidence_pipeline,2026-07-22T12:35:28.630356+00:00,explicit_family_spec_unit_supported_by_official_taxonomy,classification-v1.0
DECISION::classification-v1.0::ITEM_cd338fd578c5a5945d93,ITEM_cd338fd578c5a5945d93,APPROVE_FAMILY,,,MED_SUPPLY,DISPOSABLE_SYRINGE,주사기,SYRINGE_USAGE_BASED,주사기(사용량 기준),3mL,EA,,MFDS_DEVICE_CLASSIFICATION_2026_18,MFDS_DEVICE_CLASSIFICATION_2026_18::DISPOSABLE_SYRINGE,https://www.law.go.kr/LSW/admRulLsInfoP.do?admRulSeq=2100000275656,representative_name;item_family_id;item_subtype_id;normalized_specification;unit_code,2026-07-22T12:35:28.630356+00:00,verified_family,approved,codex_external_evidence_pipeline,2026-07-22T12:35:28.630356+00:00,explicit_family_spec_unit_supported_by_official_taxonomy,classification-v1.0
DECISION::classification-v1.0::ITEM_3d75fbd9424702d63425,ITEM_3d75fbd9424702d63425,APPROVE_FAMILY,,,MED_SUPPLY,BLOOD_LANCET,채혈침,BLOOD_LANCET,채혈침,30G,EA,,MFDS_DEVICE_CLASSIFICATION_2026_18,MFDS_DEVICE_CLASSIFICATION_2026_18::BLOOD_LANCET,https://www.law.go.kr/LSW/admRulLsInfoP.do?admRulSeq=2100000275656,representative_name;item_family_id;item_subtype_id;normalized_specification;unit_code,2026-07-22T12:35:28.630356+00:00,verified_family,approved,codex_external_evidence_pipeline,2026-07-22T12:35:28.630356+00:00,explicit_family_spec_unit_supported_by_official_taxonomy,classification-v1.0
DECISION::classification-v1.0::ITEM_75f960d44fcf11299fb3,ITEM_75f960d44fcf11299fb3,APPROVE_FAMILY,,,WASTE,MEDICAL_WASTE_CONTAINER,의료폐기물 전용용기,RIGID_NEEDLE_BOX,합성수지형 용기(needle box),5L,EA,,WASTE_RULE_APPENDIX_5_2026_03_26,WASTE_RULE_APPENDIX_5_2026_03_26::MEDICAL_WASTE_CONTAINER,https://www.law.go.kr/flDownload.do?bylClsCd=110201&flSeq=162812925&gubun=,representative_name;item_family_id;item_subtype_id;normalized_specification;unit_code,2026-07-22T12:35:28.630356+00:00,verified_family,approved,codex_external_evidence_pipeline,2026-07-22T12:35:28.630356+00:00,explicit_family_spec_unit_supported_by_official_taxonomy,classification-v1.0
DECISION::classification-v1.0::ITEM_a14e450350d0b3b4bed1,ITEM_a14e450350d0b3b4bed1,APPROVE_FAMILY,,,WASTE,MEDICAL_WASTE_CONTAINER,의료폐기물 전용용기,RIGID_NEEDLE_BOX,합성수지형 용기(needle box),2L,EA,,WASTE_RULE_APPENDIX_5_2026_03_26,WASTE_RULE_APPENDIX_5_2026_03_26::MEDICAL_WASTE_CONTAINER,https://www.law.go.kr/flDownload.do?bylClsCd=110201&flSeq=162812925&gubun=,representative_name;item_family_id;item_subtype_id;normalized_specification;unit_code,2026-07-22T12:35:28.630356+00:00,verified_family,approved,codex_external_evidence_pipeline,2026-07-22T12:35:28.630356+00:00,explicit_family_spec_unit_supported_by_official_taxonomy,classification-v1.0
DECISION::classification-v1.0::ITEM_057acde7f4699978f0cb,ITEM_057acde7f4699978f0cb,APPROVE_FAMILY,,,MED_SUPPLY,ANGIO_CATHETER,카테터,BUTTERFLY_NEEDLE,나비 바늘,나비 바늘,EA,,MFDS_DEVICE_CLASSIFICATION_2026_18,MFDS_DEVICE_CLASSIFICATION_2026_18::ANGIO_CATHETER,https://www.law.go.kr/LSW/admRulLsInfoP.do?admRulSeq=2100000275656,representative_name;item_family_id;item_subtype_id;normalized_specification;unit_code,2026-07-22T12:35:28.630356+00:00,verified_family,approved,codex_external_evidence_pipeline,2026-07-22T12:35:28.630356+00:00,explicit_family_spec_unit_supported_by_official_taxonomy,classification-v1.0
DECISION::classification-v1.0::ITEM_10921763491becba3a6f,ITEM_10921763491becba3a6f,APPROVE_FAMILY,,,MED_SUPPLY,BLOOD_LANCET,채혈침,BLOOD_LANCET,채혈침,30G,EA,,MFDS_DEVICE_CLASSIFICATION_2026_18,MFDS_DEVICE_CLASSIFICATION_2026_18::BLOOD_LANCET,https://www.law.go.kr/LSW/admRulLsInfoP.do?admRulSeq=2100000275656,representative_name;item_family_id;item_subtype_id;normalized_specification;unit_code,2026-07-22T12:35:28.630356+00:00,verified_family,approved,codex_external_evidence_pipeline,2026-07-22T12:35:28.630356+00:00,explicit_family_spec_unit_supported_by_official_taxonomy,classification-v1.0
DECISION::classification-v1.0::ITEM_074586572d9ba7c6e99e,ITEM_074586572d9ba7c6e99e,APPROVE_FAMILY,,,MED_SUPPLY,DISPOSABLE_SYRINGE,주사기,SYRINGE_USAGE_BASED,주사기(사용량 기준),5mL,EA,,MFDS_DEVICE_CLASSIFICATION_2026_18,MFDS_DEVICE_CLASSIFICATION_2026_18::DISPOSABLE_SYRINGE,https://www.law.go.kr/LSW/admRulLsInfoP.do?admRulSeq=2100000275656,representative_name;item_family_id;item_subtype_id;normalized_specification;unit_code,2026-07-22T12:35:28.630356+00:00,verified_family,approved,codex_external_evidence_pipeline,2026-07-22T12:35:28.630356+00:00,explicit_family_spec_unit_supported_by_official_taxonomy,classification-v1.0
DECISION::classification-v1.0::ITEM_cf4963f2a456f72c46f6,ITEM_cf4963f2a456f72c46f6,APPROVE_FAMILY,,,MED_SUPPLY,BLOOD_LANCET,채혈침,BLOOD_LANCET,채혈침,28G,EA,,MFDS_DEVICE_CLASSIFICATION_2026_18,MFDS_DEVICE_CLASSIFICATION_2026_18::BLOOD_LANCET,https://www.law.go.kr/LSW/admRulLsInfoP.do?admRulSeq=2100000275656,representative_name;item_family_id;item_subtype_id;normalized_specification;unit_code,2026-07-22T12:35:28.630356+00:00,verified_family,approved,codex_external_evidence_pipeline,2026-07-22T12:35:28.630356+00:00,explicit_family_spec_unit_supported_by_official_taxonomy,classification-v1.0
DECISION::classification-v1.0::ITEM_286f373d46077a3924b3,ITEM_286f373d46077a3924b3,APPROVE_FAMILY,,,MED_SUPPLY,BLOOD_LANCET,채혈침,BLOOD_LANCET,채혈침,30G,EA,,MFDS_DEVICE_CLASSIFICATION_2026_18,MFDS_DEVICE_CLASSIFICATION_2026_18::BLOOD_LANCET,https://www.law.go.kr/LSW/admRulLsInfoP.do?admRulSeq=2100000275656,representative_name;item_family_id;item_subtype_id;normalized_specification;unit_code,2026-07-22T12:35:28.630356+00:00,verified_family,approved,codex_external_evidence_pipeline,2026-07-22T12:35:28.630356+00:00,explicit_family_spec_unit_supported_by_official_taxonomy,classification-v1.0
DECISION::classification-v1.0::ITEM_a4aabed78ef240fd0e7f,ITEM_a4aabed78ef240fd0e7f,APPROVE_FAMILY,,,MED_SUPPLY,BLOOD_LANCET,채혈침,BLOOD_LANCET,채혈침,28G,EA,,MFDS_DEVICE_CLASSIFICATION_2026_18,MFDS_DEVICE_CLASSIFICATION_2026_18::BLOOD_LANCET,https://www.law.go.kr/LSW/admRulLsInfoP.do?admRulSeq=2100000275656,representative_name;item_family_id;item_subtype_id;normalized_specification;unit_code,2026-07-22T12:35:28.630356+00:00,verified_family,approved,codex_external_evidence_pipeline,2026-07-22T12:35:28.630356+00:00,explicit_family_spec_unit_supported_by_official_taxonomy,classification-v1.0
DECISION::classification-v1.0::ITEM_50fd109bd99aad504cb5,ITEM_50fd109bd99aad504cb5,APPROVE_FAMILY,,,MED_SUPPLY,BLOOD_LANCET,채혈침,BLOOD_LANCET,채혈침,30G,EA,,MFDS_DEVICE_CLASSIFICATION_2026_18,MFDS_DEVICE_CLASSIFICATION_2026_18::BLOOD_LANCET,https://www.law.go.kr/LSW/admRulLsInfoP.do?admRulSeq=2100000275656,representative_name;item_family_id;item_subtype_id;normalized_specification;unit_code,2026-07-22T12:35:28.630356+00:00,verified_family,approved,codex_external_evidence_pipeline,2026-07-22T12:35:28.630356+00:00,explicit_family_spec_unit_supported_by_official_taxonomy,classification-v1.0
DECISION::classification-v1.0::ITEM_2767c6f6149db6256c54,ITEM_2767c6f6149db6256c54,APPROVE_FAMILY,,,MED_SUPPLY,BLOOD_LANCET,채혈침,BLOOD_LANCET,채혈침,23G,EA,,MFDS_DEVICE_CLASSIFICATION_2026_18,MFDS_DEVICE_CLASSIFICATION_2026_18::BLOOD_LANCET,https://www.law.go.kr/LSW/admRulLsInfoP.do?admRulSeq=2100000275656,representative_name;item_family_id;item_subtype_id;normalized_specification;unit_code,2026-07-22T12:35:28.630356+00:00,verified_family,approved,codex_external_evidence_pipeline,2026-07-22T12:35:28.630356+00:00,explicit_family_spec_unit_supported_by_official_taxonomy,classification-v1.0
DECISION::classification-v1.0::ITEM_61df8ecf70f8a2b787d2,ITEM_61df8ecf70f8a2b787d2,APPROVE_FAMILY,,,MED_SUPPLY,DISPOSABLE_SYRINGE,주사기,SYRINGE_USAGE_BASED,주사기(사용량 기준),60mL,EA,,MFDS_DEVICE_CLASSIFICATION_2026_18,MFDS_DEVICE_CLASSIFICATION_2026_18::DISPOSABLE_SYRINGE,https://www.law.go.kr/LSW/admRulLsInfoP.do?admRulSeq=2100000275656,representative_name;item_family_id;item_subtype_id;normalized_specification;unit_code,2026-07-22T12:35:28.630356+00:00,verified_family,approved,codex_external_evidence_pipeline,2026-07-22T12:35:28.630356+00:00,explicit_family_spec_unit_supported_by_official_taxonomy,classification-v1.0
DECISION::classification-v1.0::ITEM_886d56f82085eb166ce3,ITEM_886d56f82085eb166ce3,APPROVE_FAMILY,,,WASTE,MEDICAL_WASTE_CONTAINER,의료폐기물 전용용기,RIGID_NEEDLE_BOX,합성수지형 용기(needle box),10L,EA,,WASTE_RULE_APPENDIX_5_2026_03_26,WASTE_RULE_APPENDIX_5_2026_03_26::MEDICAL_WASTE_CONTAINER,https://www.law.go.kr/flDownload.do?bylClsCd=110201&flSeq=162812925&gubun=,representative_name;item_family_id;item_subtype_id;normalized_specification;unit_code,2026-07-22T12:35:28.630356+00:00,verified_family,approved,codex_external_evidence_pipeline,2026-07-22T12:35:28.630356+00:00,explicit_family_spec_unit_supported_by_official_taxonomy,classification-v1.0
DECISION::classification-v1.0::ITEM_aa586dc04c8e196d8530,ITEM_aa586dc04c8e196d8530,APPROVE_FAMILY,,,WASTE,MEDICAL_WASTE_CONTAINER,의료폐기물 전용용기,RIGID_NEEDLE_BOX,합성수지형 용기(needle box),1L,EA,,WASTE_RULE_APPENDIX_5_2026_03_26,WASTE_RULE_APPENDIX_5_2026_03_26::MEDICAL_WASTE_CONTAINER,https://www.law.go.kr/flDownload.do?bylClsCd=110201&flSeq=162812925&gubun=,representative_name;item_family_id;item_subtype_id;normalized_specification;unit_code,2026-07-22T12:35:28.630356+00:00,verified_family,approved,codex_external_evidence_pipeline,2026-07-22T12:35:28.630356+00:00,explicit_family_spec_unit_supported_by_official_taxonomy,classification-v1.0
DECISION::classification-v1.0::ITEM_5664cdfa629befed9c3a,ITEM_5664cdfa629befed9c3a,APPROVE_FAMILY,,,MED_SUPPLY,DISPOSABLE_SYRINGE,주사기,SYRINGE_USAGE_BASED,주사기(사용량 기준),1mL,EA,,MFDS_DEVICE_CLASSIFICATION_2026_18,MFDS_DEVICE_CLASSIFICATION_2026_18::DISPOSABLE_SYRINGE,https://www.law.go.kr/LSW/admRulLsInfoP.do?admRulSeq=2100000275656,representative_name;item_family_id;item_subtype_id;normalized_specification;unit_code,2026-07-22T12:35:28.630356+00:00,verified_family,approved,codex_external_evidence_pipeline,2026-07-22T12:35:28.630356+00:00,explicit_family_spec_unit_supported_by_official_taxonomy,classification-v1.0
DECISION::classification-v1.0::ITEM_02ecee258557202da9ec,ITEM_02ecee258557202da9ec,APPROVE_FAMILY,,,MED_SUPPLY,INJECTION_NEEDLE,주사침,INJECTION_NEEDLE,주사침,23G,EA,,MFDS_DEVICE_CLASSIFICATION_2026_18,MFDS_DEVICE_CLASSIFICATION_2026_18::INJECTION_NEEDLE,https://www.law.go.kr/LSW/admRulLsInfoP.do?admRulSeq=2100000275656,representative_name;item_family_id;item_subtype_id;normalized_specification;unit_code,2026-07-22T12:35:28.630356+00:00,verified_family,approved,codex_external_evidence_pipeline,2026-07-22T12:35:28.630356+00:00,explicit_family_spec_unit_supported_by_official_taxonomy,classification-v1.0
DECISION::classification-v1.0::ITEM_34db8812abf66fc09579,ITEM_34db8812abf66fc09579,APPROVE_FAMILY,,,MED_SUPPLY,INFUSION_SET,수액세트,INFUSION_SET,수액세트,수액세트,EA,,MFDS_DEVICE_CLASSIFICATION_2026_18,MFDS_DEVICE_CLASSIFICATION_2026_18::INFUSION_SET,https://www.law.go.kr/LSW/admRulLsInfoP.do?admRulSeq=2100000275656,representative_name;item_family_id;item_subtype_id;normalized_specification;unit_code,2026-07-22T12:35:28.630356+00:00,verified_family,approved,codex_external_evidence_pipeline,2026-07-22T12:35:28.630356+00:00,explicit_family_spec_unit_supported_by_official_taxonomy,classification-v1.0
DECISION::classification-v1.0::ITEM_4ad34d1b70afff68c1ed,ITEM_4ad34d1b70afff68c1ed,APPROVE_FAMILY,,,MED_SUPPLY,DISPOSABLE_SYRINGE,주사기,SYRINGE_USAGE_BASED,주사기(사용량 기준),10mL,EA,,MFDS_DEVICE_CLASSIFICATION_2026_18,MFDS_DEVICE_CLASSIFICATION_2026_18::DISPOSABLE_SYRINGE,https://www.law.go.kr/LSW/admRulLsInfoP.do?admRulSeq=2100000275656,representative_name;item_family_id;item_subtype_id;normalized_specification;unit_code,2026-07-22T12:35:28.630356+00:00,verified_family,approved,codex_external_evidence_pipeline,2026-07-22T12:35:28.630356+00:00,explicit_family_spec_unit_supported_by_official_taxonomy,classification-v1.0
DECISION::classification-v1.0::ITEM_7a2acf7355d6e616eab6,ITEM_7a2acf7355d6e616eab6,APPROVE_FAMILY,,,MED_SUPPLY,INJECTION_NEEDLE,주사침,INJECTION_NEEDLE,주사침,25G,EA,,MFDS_DEVICE_CLASSIFICATION_2026_18,MFDS_DEVICE_CLASSIFICATION_2026_18::INJECTION_NEEDLE,https://www.law.go.kr/LSW/admRulLsInfoP.do?admRulSeq=2100000275656,representative_name;item_family_id;item_subtype_id;normalized_specification;unit_code,2026-07-22T12:35:28.630356+00:00,verified_family,approved,codex_external_evidence_pipeline,2026-07-22T12:35:28.630356+00:00,explicit_family_spec_unit_supported_by_official_taxonomy,classification-v1.0
DECISION::classification-v1.0::ITEM_3e3fa689acf1764ef1a1,ITEM_3e3fa689acf1764ef1a1,APPROVE_FAMILY,,,MED_SUPPLY,DISPOSABLE_SYRINGE,주사기,SYRINGE_USAGE_BASED,주사기(사용량 기준),1mL,EA,,MFDS_DEVICE_CLASSIFICATION_2026_18,MFDS_DEVICE_CLASSIFICATION_2026_18::DISPOSABLE_SYRINGE,https://www.law.go.kr/LSW/admRulLsInfoP.do?admRulSeq=2100000275656,representative_name;item_family_id;item_subtype_id;normalized_specification;unit_code,2026-07-22T12:35:28.630356+00:00,verified_family,approved,codex_external_evidence_pipeline,2026-07-22T12:35:28.630356+00:00,explicit_family_spec_unit_supported_by_official_taxonomy,classification-v1.0
DECISION::classification-v1.0::ITEM_e129e02d8d40fb96ecf6,ITEM_e129e02d8d40fb96ecf6,APPROVE_FAMILY,,,MED_SUPPLY,DISPOSABLE_SYRINGE,주사기,SYRINGE_USAGE_BASED,주사기(사용량 기준),20mL,EA,,MFDS_DEVICE_CLASSIFICATION_2026_18,MFDS_DEVICE_CLASSIFICATION_2026_18::DISPOSABLE_SYRINGE,https://www.law.go.kr/LSW/admRulLsInfoP.do?admRulSeq=2100000275656,representative_name;item_family_id;item_subtype_id;normalized_specification;unit_code,2026-07-22T12:35:28.630356+00:00,verified_family,approved,codex_external_evidence_pipeline,2026-07-22T12:35:28.630356+00:00,explicit_family_spec_unit_supported_by_official_taxonomy,classification-v1.0
DECISION::classification-v1.0::ITEM_b8ffb3c3e47043620f9b,ITEM_b8ffb3c3e47043620f9b,APPROVE_FAMILY,,,MED_SUPPLY,DISPOSABLE_SYRINGE,주사기,SYRINGE_USAGE_BASED,주사기(사용량 기준),3mL,EA,,MFDS_DEVICE_CLASSIFICATION_2026_18,MFDS_DEVICE_CLASSIFICATION_2026_18::DISPOSABLE_SYRINGE,https://www.law.go.kr/LSW/admRulLsInfoP.do?admRulSeq=2100000275656,representative_name;item_family_id;item_subtype_id;normalized_specification;unit_code,2026-07-22T12:35:28.630356+00:00,verified_family,approved,codex_external_evidence_pipeline,2026-07-22T12:35:28.630356+00:00,explicit_family_spec_unit_supported_by_official_taxonomy,classification-v1.0
DECISION::classification-v1.0::ITEM_3e843a54c120597e7af6,ITEM_3e843a54c120597e7af6,APPROVE_FAMILY,,,MED_SUPPLY,INJECTION_NEEDLE,주사침,INJECTION_NEEDLE,주사침,23G,EA,,MFDS_DEVICE_CLASSIFICATION_2026_18,MFDS_DEVICE_CLASSIFICATION_2026_18::INJECTION_NEEDLE,https://www.law.go.kr/LSW/admRulLsInfoP.do?admRulSeq=2100000275656,representative_name;item_family_id;item_subtype_id;normalized_specification;unit_code,2026-07-22T12:35:28.630356+00:00,verified_family,approved,codex_external_evidence_pipeline,2026-07-22T12:35:28.630356+00:00,explicit_family_spec_unit_supported_by_official_taxonomy,classification-v1.0
DECISION::classification-v1.0::ITEM_342b522bd3adca60f178,ITEM_342b522bd3adca60f178,APPROVE_FAMILY,,,MED_SUPPLY,INJECTION_NEEDLE,주사침,INJECTION_NEEDLE,주사침,25G,EA,,MFDS_DEVICE_CLASSIFICATION_2026_18,MFDS_DEVICE_CLASSIFICATION_2026_18::INJECTION_NEEDLE,https://www.law.go.kr/LSW/admRulLsInfoP.do?admRulSeq=2100000275656,representative_name;item_family_id;item_subtype_id;normalized_specification;unit_code,2026-07-22T12:35:28.630356+00:00,verified_family,approved,codex_external_evidence_pipeline,2026-07-22T12:35:28.630356+00:00,explicit_family_spec_unit_supported_by_official_taxonomy,classification-v1.0
DECISION::classification-v1.0::ITEM_35d78796d1d741206468,ITEM_35d78796d1d741206468,APPROVE_FAMILY,,,MED_SUPPLY,INJECTION_NEEDLE,주사침,INJECTION_NEEDLE,주사침,18G,EA,,MFDS_DEVICE_CLASSIFICATION_2026_18,MFDS_DEVICE_CLASSIFICATION_2026_18::INJECTION_NEEDLE,https://www.law.go.kr/LSW/admRulLsInfoP.do?admRulSeq=2100000275656,representative_name;item_family_id;item_subtype_id;normalized_specification;unit_code,2026-07-22T12:35:28.630356+00:00,verified_family,approved,codex_external_evidence_pipeline,2026-07-22T12:35:28.630356+00:00,explicit_family_spec_unit_supported_by_official_taxonomy,classification-v1.0
DECISION::classification-v1.0::ITEM_9a84875c8a75c73a87b1,ITEM_9a84875c8a75c73a87b1,APPROVE_FAMILY,,,MED_SUPPLY,INJECTION_NEEDLE,주사침,INJECTION_NEEDLE,주사침,21G,EA,,MFDS_DEVICE_CLASSIFICATION_2026_18,MFDS_DEVICE_CLASSIFICATION_2026_18::INJECTION_NEEDLE,https://www.law.go.kr/LSW/admRulLsInfoP.do?admRulSeq=2100000275656,representative_name;item_family_id;item_subtype_id;normalized_specification;unit_code,2026-07-22T12:35:28.630356+00:00,verified_family,approved,codex_external_evidence_pipeline,2026-07-22T12:35:28.630356+00:00,explicit_family_spec_unit_supported_by_official_taxonomy,classification-v1.0
DECISION::classification-v1.0::ITEM_b5c868b76358a6da9c6b,ITEM_b5c868b76358a6da9c6b,APPROVE_FAMILY,,,WASTE,MEDICAL_WASTE_CONTAINER,의료폐기물 전용용기,RIGID_NEEDLE_BOX,합성수지형 용기(needle box),1L,EA,,WASTE_RULE_APPENDIX_5_2026_03_26,WASTE_RULE_APPENDIX_5_2026_03_26::MEDICAL_WASTE_CONTAINER,https://www.law.go.kr/flDownload.do?bylClsCd=110201&flSeq=162812925&gubun=,representative_name;item_family_id;item_subtype_id;normalized_specification;unit_code,2026-07-22T12:35:28.630356+00:00,verified_family,approved,codex_external_evidence_pipeline,2026-07-22T12:35:28.630356+00:00,explicit_family_spec_unit_supported_by_official_taxonomy,classification-v1.0
DECISION::classification-v1.0::ITEM_d45a92a83ec00822be77,ITEM_d45a92a83ec00822be77,APPROVE_FAMILY,,,MED_SUPPLY,DISPOSABLE_SYRINGE,주사기,SYRINGE_USAGE_BASED,주사기(사용량 기준),1mL,EA,,MFDS_DEVICE_CLASSIFICATION_2026_18,MFDS_DEVICE_CLASSIFICATION_2026_18::DISPOSABLE_SYRINGE,https://www.law.go.kr/LSW/admRulLsInfoP.do?admRulSeq=2100000275656,representative_name;item_family_id;item_subtype_id;normalized_specification;unit_code,2026-07-22T12:35:28.630356+00:00,verified_family,approved,codex_external_evidence_pipeline,2026-07-22T12:35:28.630356+00:00,explicit_family_spec_unit_supported_by_official_taxonomy,classification-v1.0
DECISION::classification-v1.0::ITEM_e5579553b4491df21dc8,ITEM_e5579553b4491df21dc8,APPROVE_FAMILY,,,MED_SUPPLY,BLOOD_LANCET,채혈침,BLOOD_LANCET,채혈침,23G,EA,,MFDS_DEVICE_CLASSIFICATION_2026_18,MFDS_DEVICE_CLASSIFICATION_2026_18::BLOOD_LANCET,https://www.law.go.kr/LSW/admRulLsInfoP.do?admRulSeq=2100000275656,representative_name;item_family_id;item_subtype_id;normalized_specification;unit_code,2026-07-22T12:35:28.630356+00:00,verified_family,approved,codex_external_evidence_pipeline,2026-07-22T12:35:28.630356+00:00,explicit_family_spec_unit_supported_by_official_taxonomy,classification-v1.0
DECISION::classification-v1.0::ITEM_634db4ec23f564f73761,ITEM_634db4ec23f564f73761,APPROVE_FAMILY,,,MED_SUPPLY,DISPOSABLE_SYRINGE,주사기,SYRINGE_USAGE_BASED,주사기(사용량 기준),1mL,EA,,MFDS_DEVICE_CLASSIFICATION_2026_18,MFDS_DEVICE_CLASSIFICATION_2026_18::DISPOSABLE_SYRINGE,https://www.law.go.kr/LSW/admRulLsInfoP.do?admRulSeq=2100000275656,representative_name;item_family_id;item_subtype_id;normalized_specification;unit_code,2026-07-22T12:35:28.630356+00:00,verified_family,approved,codex_external_evidence_pipeline,2026-07-22T12:35:28.630356+00:00,explicit_family_spec_unit_supported_by_official_taxonomy,classification-v1.0
DECISION::classification-v1.0::ITEM_c3bb69ed2a7db9262d76,ITEM_c3bb69ed2a7db9262d76,APPROVE_FAMILY,,,MED_SUPPLY,ANGIO_CATHETER,카테터,ANGIO_NEEDLE,카테터(angio needle),18G,EA,,MFDS_DEVICE_CLASSIFICATION_2026_18,MFDS_DEVICE_CLASSIFICATION_2026_18::ANGIO_CATHETER,https://www.law.go.kr/LSW/admRulLsInfoP.do?admRulSeq=2100000275656,representative_name;item_family_id;item_subtype_id;normalized_specification;unit_code,2026-07-22T12:35:28.630356+00:00,verified_family,approved,codex_external_evidence_pipeline,2026-07-22T12:35:28.630356+00:00,explicit_family_spec_unit_supported_by_official_taxonomy,classification-v1.0
DECISION::classification-v1.0::ITEM_819d13b0fc3f109abf86,ITEM_819d13b0fc3f109abf86,APPROVE_FAMILY,,,MED_SUPPLY,DISPOSABLE_SYRINGE,주사기,SYRINGE_USAGE_BASED,주사기(사용량 기준),1mL,EA,,MFDS_DEVICE_CLASSIFICATION_2026_18,MFDS_DEVICE_CLASSIFICATION_2026_18::DISPOSABLE_SYRINGE,https://www.law.go.kr/LSW/admRulLsInfoP.do?admRulSeq=2100000275656,representative_name;item_family_id;item_subtype_id;normalized_specification;unit_code,2026-07-22T12:35:28.630356+00:00,verified_family,approved,codex_external_evidence_pipeline,2026-07-22T12:35:28.630356+00:00,explicit_family_spec_unit_supported_by_official_taxonomy,classification-v1.0
DECISION::classification-v1.0::ITEM_fd00f240ef8bf6552253,ITEM_fd00f240ef8bf6552253,APPROVE_FAMILY,,,MED_SUPPLY,DISPOSABLE_SYRINGE,주사기,SYRINGE_USAGE_BASED,주사기(사용량 기준),1mL,EA,,MFDS_DEVICE_CLASSIFICATION_2026_18,MFDS_DEVICE_CLASSIFICATION_2026_18::DISPOSABLE_SYRINGE,https://www.law.go.kr/LSW/admRulLsInfoP.do?admRulSeq=2100000275656,representative_name;item_family_id;item_subtype_id;normalized_specification;unit_code,2026-07-22T12:35:28.630356+00:00,verified_family,approved,codex_external_evidence_pipeline,2026-07-22T12:35:28.630356+00:00,explicit_family_spec_unit_supported_by_official_taxonomy,classification-v1.0
DECISION::classification-v1.0::ITEM_691f3ffd20334ee5214a,ITEM_691f3ffd20334ee5214a,APPROVE_FAMILY,,,MED_SUPPLY,INJECTION_NEEDLE,주사침,INJECTION_NEEDLE,주사침,27G,EA,,MFDS_DEVICE_CLASSIFICATION_2026_18,MFDS_DEVICE_CLASSIFICATION_2026_18::INJECTION_NEEDLE,https://www.law.go.kr/LSW/admRulLsInfoP.do?admRulSeq=2100000275656,representative_name;item_family_id;item_subtype_id;normalized_specification;unit_code,2026-07-22T12:35:28.630356+00:00,verified_family,approved,codex_external_evidence_pipeline,2026-07-22T12:35:28.630356+00:00,explicit_family_spec_unit_supported_by_official_taxonomy,classification-v1.0
DECISION::classification-v1.0::ITEM_e41231e8408f3ebc2887,ITEM_e41231e8408f3ebc2887,APPROVE_FAMILY,,,MED_SUPPLY,INJECTION_NEEDLE,주사침,INJECTION_NEEDLE,주사침,25G,EA,,MFDS_DEVICE_CLASSIFICATION_2026_18,MFDS_DEVICE_CLASSIFICATION_2026_18::INJECTION_NEEDLE,https://www.law.go.kr/LSW/admRulLsInfoP.do?admRulSeq=2100000275656,representative_name;item_family_id;item_subtype_id;normalized_specification;unit_code,2026-07-22T12:35:28.630356+00:00,verified_family,approved,codex_external_evidence_pipeline,2026-07-22T12:35:28.630356+00:00,explicit_family_spec_unit_supported_by_official_taxonomy,classification-v1.0
DECISION::classification-v1.0::ITEM_dcc07b8022de24a4ffc3,ITEM_dcc07b8022de24a4ffc3,APPROVE_FAMILY,,,MED_SUPPLY,INJECTION_NEEDLE,주사침,INJECTION_NEEDLE,주사침,30G,EA,,MFDS_DEVICE_CLASSIFICATION_2026_18,MFDS_DEVICE_CLASSIFICATION_2026_18::INJECTION_NEEDLE,https://www.law.go.kr/LSW/admRulLsInfoP.do?admRulSeq=2100000275656,representative_name;item_family_id;item_subtype_id;normalized_specification;unit_code,2026-07-22T12:35:28.630356+00:00,verified_family,approved,codex_external_evidence_pipeline,2026-07-22T12:35:28.630356+00:00,explicit_family_spec_unit_supported_by_official_taxonomy,classification-v1.0
DECISION::classification-v1.0::ITEM_5621e4e3fa0a4b2dbeb7,ITEM_5621e4e3fa0a4b2dbeb7,APPROVE_FAMILY,,,MED_SUPPLY,ANGIO_CATHETER,카테터,ANGIO_NEEDLE,카테터(angio needle),24G,EA,,MFDS_DEVICE_CLASSIFICATION_2026_18,MFDS_DEVICE_CLASSIFICATION_2026_18::ANGIO_CATHETER,https://www.law.go.kr/LSW/admRulLsInfoP.do?admRulSeq=2100000275656,representative_name;item_family_id;item_subtype_id;normalized_specification;unit_code,2026-07-22T12:35:28.630356+00:00,verified_family,approved,codex_external_evidence_pipeline,2026-07-22T12:35:28.630356+00:00,explicit_family_spec_unit_supported_by_official_taxonomy,classification-v1.0
DECISION::classification-v1.0::ITEM_f69dc89ef82b224260d9,ITEM_f69dc89ef82b224260d9,APPROVE_FAMILY,,,MED_SUPPLY,ANGIO_CATHETER,카테터,ANGIO_NEEDLE,카테터(angio needle),24G,EA,,MFDS_DEVICE_CLASSIFICATION_2026_18,MFDS_DEVICE_CLASSIFICATION_2026_18::ANGIO_CATHETER,https://www.law.go.kr/LSW/admRulLsInfoP.do?admRulSeq=2100000275656,representative_name;item_family_id;item_subtype_id;normalized_specification;unit_code,2026-07-22T12:35:28.630356+00:00,verified_family,approved,codex_external_evidence_pipeline,2026-07-22T12:35:28.630356+00:00,explicit_family_spec_unit_supported_by_official_taxonomy,classification-v1.0
DECISION::classification-v1.0::ITEM_74e3d9afbbf2825c9105,ITEM_74e3d9afbbf2825c9105,APPROVE_FAMILY,,,MED_SUPPLY,DISPOSABLE_SYRINGE,주사기,SYRINGE_USAGE_BASED,주사기(사용량 기준),1mL,EA,,MFDS_DEVICE_CLASSIFICATION_2026_18,MFDS_DEVICE_CLASSIFICATION_2026_18::DISPOSABLE_SYRINGE,https://www.law.go.kr/LSW/admRulLsInfoP.do?admRulSeq=2100000275656,representative_name;item_family_id;item_subtype_id;normalized_specification;unit_code,2026-07-22T12:35:28.630356+00:00,verified_family,approved,codex_external_evidence_pipeline,2026-07-22T12:35:28.630356+00:00,explicit_family_spec_unit_supported_by_official_taxonomy,classification-v1.0
DECISION::classification-v1.0::ITEM_e1b51ecd3c7d50acecad,ITEM_e1b51ecd3c7d50acecad,APPROVE_FAMILY,,,MED_SUPPLY,DISPOSABLE_SYRINGE,주사기,SYRINGE_USAGE_BASED,주사기(사용량 기준),3mL,EA,,MFDS_DEVICE_CLASSIFICATION_2026_18,MFDS_DEVICE_CLASSIFICATION_2026_18::DISPOSABLE_SYRINGE,https://www.law.go.kr/LSW/admRulLsInfoP.do?admRulSeq=2100000275656,representative_name;item_family_id;item_subtype_id;normalized_specification;unit_code,2026-07-22T12:35:28.630356+00:00,verified_family,approved,codex_external_evidence_pipeline,2026-07-22T12:35:28.630356+00:00,explicit_family_spec_unit_supported_by_official_taxonomy,classification-v1.0
DECISION::classification-v1.0::ITEM_ee81b515ff52b825145c,ITEM_ee81b515ff52b825145c,APPROVE_FAMILY,,,MED_SUPPLY,DISPOSABLE_SYRINGE,주사기,SYRINGE_USAGE_BASED,주사기(사용량 기준),3mL,EA,,MFDS_DEVICE_CLASSIFICATION_2026_18,MFDS_DEVICE_CLASSIFICATION_2026_18::DISPOSABLE_SYRINGE,https://www.law.go.kr/LSW/admRulLsInfoP.do?admRulSeq=2100000275656,representative_name;item_family_id;item_subtype_id;normalized_specification;unit_code,2026-07-22T12:35:28.630356+00:00,verified_family,approved,codex_external_evidence_pipeline,2026-07-22T12:35:28.630356+00:00,explicit_family_spec_unit_supported_by_official_taxonomy,classification-v1.0
DECISION::classification-v1.0::ITEM_b93147d4c6b8b32dbc01,ITEM_b93147d4c6b8b32dbc01,APPROVE_FAMILY,,,MED_SUPPLY,ANGIO_CATHETER,카테터,ANGIO_NEEDLE,카테터(angio needle),24G,EA,,MFDS_DEVICE_CLASSIFICATION_2026_18,MFDS_DEVICE_CLASSIFICATION_2026_18::ANGIO_CATHETER,https://www.law.go.kr/LSW/admRulLsInfoP.do?admRulSeq=2100000275656,representative_name;item_family_id;item_subtype_id;normalized_specification;unit_code,2026-07-22T12:35:28.630356+00:00,verified_family,approved,codex_external_evidence_pipeline,2026-07-22T12:35:28.630356+00:00,explicit_family_spec_unit_supported_by_official_taxonomy,classification-v1.0
DECISION::classification-v1.0::ITEM_82dc8008dce24a067e08,ITEM_82dc8008dce24a067e08,APPROVE_FAMILY,,,MED_SUPPLY,ANGIO_CATHETER,카테터,ANGIO_NEEDLE,카테터(angio needle),24G,EA,,MFDS_DEVICE_CLASSIFICATION_2026_18,MFDS_DEVICE_CLASSIFICATION_2026_18::ANGIO_CATHETER,https://www.law.go.kr/LSW/admRulLsInfoP.do?admRulSeq=2100000275656,representative_name;item_family_id;item_subtype_id;normalized_specification;unit_code,2026-07-22T12:35:28.630356+00:00,verified_family,approved,codex_external_evidence_pipeline,2026-07-22T12:35:28.630356+00:00,explicit_family_spec_unit_supported_by_official_taxonomy,classification-v1.0
DECISION::classification-v1.0::ITEM_9946a89f3b02e6a249fc,ITEM_9946a89f3b02e6a249fc,APPROVE_FAMILY,,,MED_SUPPLY,ANGIO_CATHETER,카테터,ANGIO_NEEDLE,카테터(angio needle),24G,EA,,MFDS_DEVICE_CLASSIFICATION_2026_18,MFDS_DEVICE_CLASSIFICATION_2026_18::ANGIO_CATHETER,https://www.law.go.kr/LSW/admRulLsInfoP.do?admRulSeq=2100000275656,representative_name;item_family_id;item_subtype_id;normalized_specification;unit_code,2026-07-22T12:35:28.630356+00:00,verified_family,approved,codex_external_evidence_pipeline,2026-07-22T12:35:28.630356+00:00,explicit_family_spec_unit_supported_by_official_taxonomy,classification-v1.0
DECISION::classification-v1.0::ITEM_1e0fd51d7cd45a71f87c,ITEM_1e0fd51d7cd45a71f87c,APPROVE_FAMILY,,,MED_SUPPLY,ANGIO_CATHETER,카테터,ANGIO_NEEDLE,카테터(angio needle),22G,EA,,MFDS_DEVICE_CLASSIFICATION_2026_18,MFDS_DEVICE_CLASSIFICATION_2026_18::ANGIO_CATHETER,https://www.law.go.kr/LSW/admRulLsInfoP.do?admRulSeq=2100000275656,representative_name;item_family_id;item_subtype_id;normalized_specification;unit_code,2026-07-22T12:35:28.630356+00:00,verified_family,approved,codex_external_evidence_pipeline,2026-07-22T12:35:28.630356+00:00,explicit_family_spec_unit_supported_by_official_taxonomy,classification-v1.0
DECISION::classification-v1.0::ITEM_c35590dce2cd7e365dc8,ITEM_c35590dce2cd7e365dc8,APPROVE_FAMILY,,,MED_SUPPLY,DISPOSABLE_SYRINGE,주사기,SYRINGE_USAGE_BASED,주사기(사용량 기준),3mL,EA,,MFDS_DEVICE_CLASSIFICATION_2026_18,MFDS_DEVICE_CLASSIFICATION_2026_18::DISPOSABLE_SYRINGE,https://www.law.go.kr/LSW/admRulLsInfoP.do?admRulSeq=2100000275656,representative_name;item_family_id;item_subtype_id;normalized_specification;unit_code,2026-07-22T12:35:28.630356+00:00,verified_family,approved,codex_external_evidence_pipeline,2026-07-22T12:35:28.630356+00:00,explicit_family_spec_unit_supported_by_official_taxonomy,classification-v1.0
DECISION::classification-v1.0::ITEM_f2e6af07deee5ae2a4b3,ITEM_f2e6af07deee5ae2a4b3,APPROVE_FAMILY,,,MED_SUPPLY,BLOOD_LANCET,채혈침,BLOOD_LANCET,채혈침,28G,EA,,MFDS_DEVICE_CLASSIFICATION_2026_18,MFDS_DEVICE_CLASSIFICATION_2026_18::BLOOD_LANCET,https://www.law.go.kr/LSW/admRulLsInfoP.do?admRulSeq=2100000275656,representative_name;item_family_id;item_subtype_id;normalized_specification;unit_code,2026-07-22T12:35:28.630356+00:00,verified_family,approved,codex_external_evidence_pipeline,2026-07-22T12:35:28.630356+00:00,explicit_family_spec_unit_supported_by_official_taxonomy,classification-v1.0
DECISION::classification-v1.0::ITEM_960caa0a7ca0528194e9,ITEM_960caa0a7ca0528194e9,APPROVE_FAMILY,,,MED_SUPPLY,ANGIO_CATHETER,카테터,ANGIO_NEEDLE,카테터(angio needle),22G,EA,,MFDS_DEVICE_CLASSIFICATION_2026_18,MFDS_DEVICE_CLASSIFICATION_2026_18::ANGIO_CATHETER,https://www.law.go.kr/LSW/admRulLsInfoP.do?admRulSeq=2100000275656,representative_name;item_family_id;item_subtype_id;normalized_specification;unit_code,2026-07-22T12:35:28.630356+00:00,verified_family,approved,codex_external_evidence_pipeline,2026-07-22T12:35:28.630356+00:00,explicit_family_spec_unit_supported_by_official_taxonomy,classification-v1.0
DECISION::classification-v1.0::ITEM_e03830d2b2d06dde0892,ITEM_e03830d2b2d06dde0892,APPROVE_FAMILY,,,MED_SUPPLY,ANGIO_CATHETER,카테터,BUTTERFLY_NEEDLE,나비 바늘,나비 바늘,EA,,MFDS_DEVICE_CLASSIFICATION_2026_18,MFDS_DEVICE_CLASSIFICATION_2026_18::ANGIO_CATHETER,https://www.law.go.kr/LSW/admRulLsInfoP.do?admRulSeq=2100000275656,representative_name;item_family_id;item_subtype_id;normalized_specification;unit_code,2026-07-22T12:35:28.630356+00:00,verified_family,approved,codex_external_evidence_pipeline,2026-07-22T12:35:28.630356+00:00,explicit_family_spec_unit_supported_by_official_taxonomy,classification-v1.0
DECISION::classification-v1.0::ITEM_b346ee7e50f23f20c9a7,ITEM_b346ee7e50f23f20c9a7,APPROVE_FAMILY,,,MED_SUPPLY,ANGIO_CATHETER,카테터,BUTTERFLY_NEEDLE,나비 바늘,나비 바늘,EA,,MFDS_DEVICE_CLASSIFICATION_2026_18,MFDS_DEVICE_CLASSIFICATION_2026_18::ANGIO_CATHETER,https://www.law.go.kr/LSW/admRulLsInfoP.do?admRulSeq=2100000275656,representative_name;item_family_id;item_subtype_id;normalized_specification;unit_code,2026-07-22T12:35:28.630356+00:00,verified_family,approved,codex_external_evidence_pipeline,2026-07-22T12:35:28.630356+00:00,explicit_family_spec_unit_supported_by_official_taxonomy,classification-v1.0
DECISION::classification-v1.0::ITEM_0f48847881d639073a24,ITEM_0f48847881d639073a24,APPROVE_FAMILY,,,MED_SUPPLY,ANGIO_CATHETER,카테터,BUTTERFLY_NEEDLE,나비 바늘,나비 바늘,EA,,MFDS_DEVICE_CLASSIFICATION_2026_18,MFDS_DEVICE_CLASSIFICATION_2026_18::ANGIO_CATHETER,https://www.law.go.kr/LSW/admRulLsInfoP.do?admRulSeq=2100000275656,representative_name;item_family_id;item_subtype_id;normalized_specification;unit_code,2026-07-22T12:35:28.630356+00:00,verified_family,approved,codex_external_evidence_pipeline,2026-07-22T12:35:28.630356+00:00,explicit_family_spec_unit_supported_by_official_taxonomy,classification-v1.0
DECISION::classification-v1.0::ITEM_66246db5792a347587cb,ITEM_66246db5792a347587cb,APPROVE_FAMILY,,,MED_SUPPLY,BLOOD_LANCET,채혈침,BLOOD_LANCET,채혈침,28G,EA,,MFDS_DEVICE_CLASSIFICATION_2026_18,MFDS_DEVICE_CLASSIFICATION_2026_18::BLOOD_LANCET,https://www.law.go.kr/LSW/admRulLsInfoP.do?admRulSeq=2100000275656,representative_name;item_family_id;item_subtype_id;normalized_specification;unit_code,2026-07-22T12:35:28.630356+00:00,verified_family,approved,codex_external_evidence_pipeline,2026-07-22T12:35:28.630356+00:00,explicit_family_spec_unit_supported_by_official_taxonomy,classification-v1.0
DECISION::classification-v1.0::ITEM_bd5491da89573b02b4b2,ITEM_bd5491da89573b02b4b2,APPROVE_FAMILY,,,MED_SUPPLY,BLOOD_LANCET,채혈침,BLOOD_LANCET,채혈침,28G,EA,,MFDS_DEVICE_CLASSIFICATION_2026_18,MFDS_DEVICE_CLASSIFICATION_2026_18::BLOOD_LANCET,https://www.law.go.kr/LSW/admRulLsInfoP.do?admRulSeq=2100000275656,representative_name;item_family_id;item_subtype_id;normalized_specification;unit_code,2026-07-22T12:35:28.630356+00:00,verified_family,approved,codex_external_evidence_pipeline,2026-07-22T12:35:28.630356+00:00,explicit_family_spec_unit_supported_by_official_taxonomy,classification-v1.0
DECISION::classification-v1.0::ITEM_745794fb9c38f7906052,ITEM_745794fb9c38f7906052,APPROVE_FAMILY,,,MED_SUPPLY,BLOOD_LANCET,채혈침,BLOOD_LANCET,채혈침,26G,EA,,MFDS_DEVICE_CLASSIFICATION_2026_18,MFDS_DEVICE_CLASSIFICATION_2026_18::BLOOD_LANCET,https://www.law.go.kr/LSW/admRulLsInfoP.do?admRulSeq=2100000275656,representative_name;item_family_id;item_subtype_id;normalized_specification;unit_code,2026-07-22T12:35:28.630356+00:00,verified_family,approved,codex_external_evidence_pipeline,2026-07-22T12:35:28.630356+00:00,explicit_family_spec_unit_supported_by_official_taxonomy,classification-v1.0
DECISION::classification-v1.0::ITEM_878c1525173f8dc91cd7,ITEM_878c1525173f8dc91cd7,APPROVE_FAMILY,,,MED_SUPPLY,BLOOD_LANCET,채혈침,BLOOD_LANCET,채혈침,28G,EA,,MFDS_DEVICE_CLASSIFICATION_2026_18,MFDS_DEVICE_CLASSIFICATION_2026_18::BLOOD_LANCET,https://www.law.go.kr/LSW/admRulLsInfoP.do?admRulSeq=2100000275656,representative_name;item_family_id;item_subtype_id;normalized_specification;unit_code,2026-07-22T12:35:28.630356+00:00,verified_family,approved,codex_external_evidence_pipeline,2026-07-22T12:35:28.630356+00:00,explicit_family_spec_unit_supported_by_official_taxonomy,classification-v1.0
DECISION::classification-v1.0::ITEM_2d3381cdf50bc8d05b0a,ITEM_2d3381cdf50bc8d05b0a,APPROVE_FAMILY,,,MED_SUPPLY,BLOOD_LANCET,채혈침,BLOOD_LANCET,채혈침,26G,EA,,MFDS_DEVICE_CLASSIFICATION_2026_18,MFDS_DEVICE_CLASSIFICATION_2026_18::BLOOD_LANCET,https://www.law.go.kr/LSW/admRulLsInfoP.do?admRulSeq=2100000275656,representative_name;item_family_id;item_subtype_id;normalized_specification;unit_code,2026-07-22T12:35:28.630356+00:00,verified_family,approved,codex_external_evidence_pipeline,2026-07-22T12:35:28.630356+00:00,explicit_family_spec_unit_supported_by_official_taxonomy,classification-v1.0
DECISION::classification-v1.0::ITEM_6c267e48d2762c27b204,ITEM_6c267e48d2762c27b204,APPROVE_FAMILY,,,MED_SUPPLY,DISPOSABLE_SYRINGE,주사기,SYRINGE_USAGE_BASED,주사기(사용량 기준),1mL,EA,,MFDS_DEVICE_CLASSIFICATION_2026_18,MFDS_DEVICE_CLASSIFICATION_2026_18::DISPOSABLE_SYRINGE,https://www.law.go.kr/LSW/admRulLsInfoP.do?admRulSeq=2100000275656,representative_name;item_family_id;item_subtype_id;normalized_specification;unit_code,2026-07-22T12:35:28.630356+00:00,verified_family,approved,codex_external_evidence_pipeline,2026-07-22T12:35:28.630356+00:00,explicit_family_spec_unit_supported_by_official_taxonomy,classification-v1.0
DECISION::classification-v1.0::ITEM_f75bd032dc4767240214,ITEM_f75bd032dc4767240214,APPROVE_FAMILY,,,MED_SUPPLY,DISPOSABLE_SYRINGE,주사기,SYRINGE_USAGE_BASED,주사기(사용량 기준),1mL,EA,,MFDS_DEVICE_CLASSIFICATION_2026_18,MFDS_DEVICE_CLASSIFICATION_2026_18::DISPOSABLE_SYRINGE,https://www.law.go.kr/LSW/admRulLsInfoP.do?admRulSeq=2100000275656,representative_name;item_family_id;item_subtype_id;normalized_specification;unit_code,2026-07-22T12:35:28.630356+00:00,verified_family,approved,codex_external_evidence_pipeline,2026-07-22T12:35:28.630356+00:00,explicit_family_spec_unit_supported_by_official_taxonomy,classification-v1.0
DECISION::classification-v1.0::ITEM_fc1e7ab4b2262cd991ba,ITEM_fc1e7ab4b2262cd991ba,APPROVE_FAMILY,,,MED_SUPPLY,BLOOD_LANCET,채혈침,BLOOD_LANCET,채혈침,26G,EA,,MFDS_DEVICE_CLASSIFICATION_2026_18,MFDS_DEVICE_CLASSIFICATION_2026_18::BLOOD_LANCET,https://www.law.go.kr/LSW/admRulLsInfoP.do?admRulSeq=2100000275656,representative_name;item_family_id;item_subtype_id;normalized_specification;unit_code,2026-07-22T12:35:28.630356+00:00,verified_family,approved,codex_external_evidence_pipeline,2026-07-22T12:35:28.630356+00:00,explicit_family_spec_unit_supported_by_official_taxonomy,classification-v1.0
DECISION::classification-v1.0::ITEM_9b97dfdcf09456de8d15,ITEM_9b97dfdcf09456de8d15,APPROVE_FAMILY,,,MED_SUPPLY,URINE_BAG,Urine bag,URINE_BAG,Urine bag,Urine bag,EA,,MFDS_DEVICE_CLASSIFICATION_2026_18,MFDS_DEVICE_CLASSIFICATION_2026_18::URINE_BAG,https://www.law.go.kr/LSW/admRulLsInfoP.do?admRulSeq=2100000275656,representative_name;item_family_id;item_subtype_id;normalized_specification;unit_code,2026-07-22T12:35:28.630356+00:00,verified_family,approved,codex_external_evidence_pipeline,2026-07-22T12:35:28.630356+00:00,explicit_family_spec_unit_supported_by_official_taxonomy,classification-v1.0
DECISION::classification-v1.0::ITEM_7abe4b3c9980291668b4,ITEM_7abe4b3c9980291668b4,APPROVE_FAMILY,,,WASTE,MEDICAL_WASTE_CONTAINER,의료폐기물 전용용기,RIGID_NEEDLE_BOX,합성수지형 용기(needle box),1L,EA,,WASTE_RULE_APPENDIX_5_2026_03_26,WASTE_RULE_APPENDIX_5_2026_03_26::MEDICAL_WASTE_CONTAINER,https://www.law.go.kr/flDownload.do?bylClsCd=110201&flSeq=162812925&gubun=,representative_name;item_family_id;item_subtype_id;normalized_specification;unit_code,2026-07-22T12:35:28.630356+00:00,verified_family,approved,codex_external_evidence_pipeline,2026-07-22T12:35:28.630356+00:00,explicit_family_spec_unit_supported_by_official_taxonomy,classification-v1.0
DECISION::classification-v1.0::ITEM_9dd2241ae23e3d189000,ITEM_9dd2241ae23e3d189000,APPROVE_FAMILY,,,MED_SUPPLY,INFUSION_SET,수액세트,INFUSION_SET,수액세트,수액세트,EA,,MFDS_DEVICE_CLASSIFICATION_2026_18,MFDS_DEVICE_CLASSIFICATION_2026_18::INFUSION_SET,https://www.law.go.kr/LSW/admRulLsInfoP.do?admRulSeq=2100000275656,representative_name;item_family_id;item_subtype_id;normalized_specification;unit_code,2026-07-22T12:35:28.630356+00:00,verified_family,approved,codex_external_evidence_pipeline,2026-07-22T12:35:28.630356+00:00,explicit_family_spec_unit_supported_by_official_taxonomy,classification-v1.0
DECISION::classification-v1.0::ITEM_d6521c3e6d76a86f30e1,ITEM_d6521c3e6d76a86f30e1,APPROVE_FAMILY,,,MED_SUPPLY,INFUSION_SET,수액세트,INFUSION_SET,수액세트,수액세트,EA,,MFDS_DEVICE_CLASSIFICATION_2026_18,MFDS_DEVICE_CLASSIFICATION_2026_18::INFUSION_SET,https://www.law.go.kr/LSW/admRulLsInfoP.do?admRulSeq=2100000275656,representative_name;item_family_id;item_subtype_id;normalized_specification;unit_code,2026-07-22T12:35:28.630356+00:00,verified_family,approved,codex_external_evidence_pipeline,2026-07-22T12:35:28.630356+00:00,explicit_family_spec_unit_supported_by_official_taxonomy,classification-v1.0
DECISION::classification-v1.0::ITEM_f61a9810b21a31687a79,ITEM_f61a9810b21a31687a79,APPROVE_FAMILY,,,MED_SUPPLY,INFUSION_SET,수액세트,INFUSION_SET,수액세트,수액세트,EA,,MFDS_DEVICE_CLASSIFICATION_2026_18,MFDS_DEVICE_CLASSIFICATION_2026_18::INFUSION_SET,https://www.law.go.kr/LSW/admRulLsInfoP.do?admRulSeq=2100000275656,representative_name;item_family_id;item_subtype_id;normalized_specification;unit_code,2026-07-22T12:35:28.630356+00:00,verified_family,approved,codex_external_evidence_pipeline,2026-07-22T12:35:28.630356+00:00,explicit_family_spec_unit_supported_by_official_taxonomy,classification-v1.0
DECISION::classification-v1.0::ITEM_fa57ab6a10e0f6f32f7f,ITEM_fa57ab6a10e0f6f32f7f,APPROVE_FAMILY,,,MED_SUPPLY,INFUSION_SET,수액세트,INFUSION_SET,수액세트,수액세트,EA,,MFDS_DEVICE_CLASSIFICATION_2026_18,MFDS_DEVICE_CLASSIFICATION_2026_18::INFUSION_SET,https://www.law.go.kr/LSW/admRulLsInfoP.do?admRulSeq=2100000275656,representative_name;item_family_id;item_subtype_id;normalized_specification;unit_code,2026-07-22T12:35:28.630356+00:00,verified_family,approved,codex_external_evidence_pipeline,2026-07-22T12:35:28.630356+00:00,explicit_family_spec_unit_supported_by_official_taxonomy,classification-v1.0
DECISION::classification-v1.0::ITEM_f2b238fe88718dd3ade5,ITEM_f2b238fe88718dd3ade5,APPROVE_FAMILY,,,MED_SUPPLY,BLOOD_LANCET,채혈침,BLOOD_LANCET,채혈침,28G,EA,,MFDS_DEVICE_CLASSIFICATION_2026_18,MFDS_DEVICE_CLASSIFICATION_2026_18::BLOOD_LANCET,https://www.law.go.kr/LSW/admRulLsInfoP.do?admRulSeq=2100000275656,representative_name;item_family_id;item_subtype_id;normalized_specification;unit_code,2026-07-22T12:35:28.630356+00:00,verified_family,approved,codex_external_evidence_pipeline,2026-07-22T12:35:28.630356+00:00,explicit_family_spec_unit_supported_by_official_taxonomy,classification-v1.0
DECISION::classification-v1.0::ITEM_2543a6e51c3d93fe80a5,ITEM_2543a6e51c3d93fe80a5,APPROVE_FAMILY,,,WASTE,MEDICAL_WASTE_CONTAINER,의료폐기물 전용용기,RIGID_NEEDLE_BOX,합성수지형 용기(needle box),1L,EA,,WASTE_RULE_APPENDIX_5_2026_03_26,WASTE_RULE_APPENDIX_5_2026_03_26::MEDICAL_WASTE_CONTAINER,https://www.law.go.kr/flDownload.do?bylClsCd=110201&flSeq=162812925&gubun=,representative_name;item_family_id;item_subtype_id;normalized_specification;unit_code,2026-07-22T12:35:28.630356+00:00,verified_family,approved,codex_external_evidence_pipeline,2026-07-22T12:35:28.630356+00:00,explicit_family_spec_unit_supported_by_official_taxonomy,classification-v1.0
DECISION::classification-v1.0::ITEM_493aed1309db27c4fc4d,ITEM_493aed1309db27c4fc4d,APPROVE_FAMILY,,,MED_SUPPLY,DISPOSABLE_SYRINGE,주사기,SYRINGE_USAGE_BASED,주사기(사용량 기준),0.5mL,EA,,MFDS_DEVICE_CLASSIFICATION_2026_18,MFDS_DEVICE_CLASSIFICATION_2026_18::DISPOSABLE_SYRINGE,https://www.law.go.kr/LSW/admRulLsInfoP.do?admRulSeq=2100000275656,representative_name;item_family_id;item_subtype_id;normalized_specification;unit_code,2026-07-22T12:35:28.630356+00:00,verified_family,approved,codex_external_evidence_pipeline,2026-07-22T12:35:28.630356+00:00,explicit_family_spec_unit_supported_by_official_taxonomy,classification-v1.0
DECISION::classification-v1.0::ITEM_b3301d975a8c029d637b,ITEM_b3301d975a8c029d637b,APPROVE_FAMILY,,,MED_SUPPLY,INJECTION_NEEDLE,주사침,INJECTION_NEEDLE,주사침,23G,EA,,MFDS_DEVICE_CLASSIFICATION_2026_18,MFDS_DEVICE_CLASSIFICATION_2026_18::INJECTION_NEEDLE,https://www.law.go.kr/LSW/admRulLsInfoP.do?admRulSeq=2100000275656,representative_name;item_family_id;item_subtype_id;normalized_specification;unit_code,2026-07-22T12:35:28.630356+00:00,verified_family,approved,codex_external_evidence_pipeline,2026-07-22T12:35:28.630356+00:00,explicit_family_spec_unit_supported_by_official_taxonomy,classification-v1.0
DECISION::classification-v1.0::ITEM_9160e0a67af27cde304e,ITEM_9160e0a67af27cde304e,APPROVE_FAMILY,,,MED_SUPPLY,INJECTION_NEEDLE,주사침,INJECTION_NEEDLE,주사침,26G,EA,,MFDS_DEVICE_CLASSIFICATION_2026_18,MFDS_DEVICE_CLASSIFICATION_2026_18::INJECTION_NEEDLE,https://www.law.go.kr/LSW/admRulLsInfoP.do?admRulSeq=2100000275656,representative_name;item_family_id;item_subtype_id;normalized_specification;unit_code,2026-07-22T12:35:28.630356+00:00,verified_family,approved,codex_external_evidence_pipeline,2026-07-22T12:35:28.630356+00:00,explicit_family_spec_unit_supported_by_official_taxonomy,classification-v1.0
DECISION::classification-v1.0::ITEM_0954be3801397460166c,ITEM_0954be3801397460166c,APPROVE_FAMILY,,,MED_SUPPLY,INJECTION_NEEDLE,주사침,INJECTION_NEEDLE,주사침,30G,EA,,MFDS_DEVICE_CLASSIFICATION_2026_18,MFDS_DEVICE_CLASSIFICATION_2026_18::INJECTION_NEEDLE,https://www.law.go.kr/LSW/admRulLsInfoP.do?admRulSeq=2100000275656,representative_name;item_family_id;item_subtype_id;normalized_specification;unit_code,2026-07-22T12:35:28.630356+00:00,verified_family,approved,codex_external_evidence_pipeline,2026-07-22T12:35:28.630356+00:00,explicit_family_spec_unit_supported_by_official_taxonomy,classification-v1.0
DECISION::classification-v1.0::ITEM_5b90486db1e3a772979e,ITEM_5b90486db1e3a772979e,APPROVE_FAMILY,,,MED_SUPPLY,INJECTION_NEEDLE,주사침,INJECTION_NEEDLE,주사침,26G,EA,,MFDS_DEVICE_CLASSIFICATION_2026_18,MFDS_DEVICE_CLASSIFICATION_2026_18::INJECTION_NEEDLE,https://www.law.go.kr/LSW/admRulLsInfoP.do?admRulSeq=2100000275656,representative_name;item_family_id;item_subtype_id;normalized_specification;unit_code,2026-07-22T12:35:28.630356+00:00,verified_family,approved,codex_external_evidence_pipeline,2026-07-22T12:35:28.630356+00:00,explicit_family_spec_unit_supported_by_official_taxonomy,classification-v1.0
DECISION::classification-v1.0::ITEM_9bbe677c372cce6efb18,ITEM_9bbe677c372cce6efb18,APPROVE_FAMILY,,,MED_SUPPLY,DISPOSABLE_SYRINGE,주사기,SYRINGE_USAGE_BASED,주사기(사용량 기준),5mL,EA,,MFDS_DEVICE_CLASSIFICATION_2026_18,MFDS_DEVICE_CLASSIFICATION_2026_18::DISPOSABLE_SYRINGE,https://www.law.go.kr/LSW/admRulLsInfoP.do?admRulSeq=2100000275656,representative_name;item_family_id;item_subtype_id;normalized_specification;unit_code,2026-07-22T12:35:28.630356+00:00,verified_family,approved,codex_external_evidence_pipeline,2026-07-22T12:35:28.630356+00:00,explicit_family_spec_unit_supported_by_official_taxonomy,classification-v1.0
DECISION::classification-v1.0::ITEM_67114a5a4a01e0f2dc9f,ITEM_67114a5a4a01e0f2dc9f,APPROVE_FAMILY,,,MED_SUPPLY,DISPOSABLE_SYRINGE,주사기,SYRINGE_USAGE_BASED,주사기(사용량 기준),3mL,EA,,MFDS_DEVICE_CLASSIFICATION_2026_18,MFDS_DEVICE_CLASSIFICATION_2026_18::DISPOSABLE_SYRINGE,https://www.law.go.kr/LSW/admRulLsInfoP.do?admRulSeq=2100000275656,representative_name;item_family_id;item_subtype_id;normalized_specification;unit_code,2026-07-22T12:35:28.630356+00:00,verified_family,approved,codex_external_evidence_pipeline,2026-07-22T12:35:28.630356+00:00,explicit_family_spec_unit_supported_by_official_taxonomy,classification-v1.0
DECISION::classification-v1.0::ITEM_6629a25f4ff30df4d63f,ITEM_6629a25f4ff30df4d63f,APPROVE_FAMILY,,,MED_SUPPLY,DISPOSABLE_SYRINGE,주사기,SYRINGE_USAGE_BASED,주사기(사용량 기준),10mL,EA,,MFDS_DEVICE_CLASSIFICATION_2026_18,MFDS_DEVICE_CLASSIFICATION_2026_18::DISPOSABLE_SYRINGE,https://www.law.go.kr/LSW/admRulLsInfoP.do?admRulSeq=2100000275656,representative_name;item_family_id;item_subtype_id;normalized_specification;unit_code,2026-07-22T12:35:28.630356+00:00,verified_family,approved,codex_external_evidence_pipeline,2026-07-22T12:35:28.630356+00:00,explicit_family_spec_unit_supported_by_official_taxonomy,classification-v1.0
DECISION::classification-v1.0::ITEM_040c1c670fa324edd61d,ITEM_040c1c670fa324edd61d,APPROVE_FAMILY,,,MED_SUPPLY,DISPOSABLE_SYRINGE,주사기,SYRINGE_USAGE_BASED,주사기(사용량 기준),3mL,EA,,MFDS_DEVICE_CLASSIFICATION_2026_18,MFDS_DEVICE_CLASSIFICATION_2026_18::DISPOSABLE_SYRINGE,https://www.law.go.kr/LSW/admRulLsInfoP.do?admRulSeq=2100000275656,representative_name;item_family_id;item_subtype_id;normalized_specification;unit_code,2026-07-22T12:35:28.630356+00:00,verified_family,approved,codex_external_evidence_pipeline,2026-07-22T12:35:28.630356+00:00,explicit_family_spec_unit_supported_by_official_taxonomy,classification-v1.0
DECISION::classification-v1.0::ITEM_20d2534468fb04625b64,ITEM_20d2534468fb04625b64,APPROVE_FAMILY,,,MED_SUPPLY,INJECTION_NEEDLE,주사침,INJECTION_NEEDLE,주사침,23G,EA,,MFDS_DEVICE_CLASSIFICATION_2026_18,MFDS_DEVICE_CLASSIFICATION_2026_18::INJECTION_NEEDLE,https://www.law.go.kr/LSW/admRulLsInfoP.do?admRulSeq=2100000275656,representative_name;item_family_id;item_subtype_id;normalized_specification;unit_code,2026-07-22T12:35:28.630356+00:00,verified_family,approved,codex_external_evidence_pipeline,2026-07-22T12:35:28.630356+00:00,explicit_family_spec_unit_supported_by_official_taxonomy,classification-v1.0
DECISION::classification-v1.0::ITEM_aa5f52f2d1d75bc064c4,ITEM_aa5f52f2d1d75bc064c4,APPROVE_FAMILY,,,MED_SUPPLY,INJECTION_NEEDLE,주사침,INJECTION_NEEDLE,주사침,23G,EA,,MFDS_DEVICE_CLASSIFICATION_2026_18,MFDS_DEVICE_CLASSIFICATION_2026_18::INJECTION_NEEDLE,https://www.law.go.kr/LSW/admRulLsInfoP.do?admRulSeq=2100000275656,representative_name;item_family_id;item_subtype_id;normalized_specification;unit_code,2026-07-22T12:35:28.630356+00:00,verified_family,approved,codex_external_evidence_pipeline,2026-07-22T12:35:28.630356+00:00,explicit_family_spec_unit_supported_by_official_taxonomy,classification-v1.0
DECISION::classification-v1.0::ITEM_80046e3100fd87441030,ITEM_80046e3100fd87441030,APPROVE_FAMILY,,,MED_SUPPLY,BLOOD_LANCET,채혈침,BLOOD_LANCET,채혈침,28G,EA,,MFDS_DEVICE_CLASSIFICATION_2026_18,MFDS_DEVICE_CLASSIFICATION_2026_18::BLOOD_LANCET,https://www.law.go.kr/LSW/admRulLsInfoP.do?admRulSeq=2100000275656,representative_name;item_family_id;item_subtype_id;normalized_specification;unit_code,2026-07-22T12:35:28.630356+00:00,verified_family,approved,codex_external_evidence_pipeline,2026-07-22T12:35:28.630356+00:00,explicit_family_spec_unit_supported_by_official_taxonomy,classification-v1.0
DECISION::classification-v1.0::ITEM_8447af1afe7367a08e8b,ITEM_8447af1afe7367a08e8b,APPROVE_FAMILY,,,MED_SUPPLY,ANGIO_CATHETER,카테터,ANGIO_NEEDLE,카테터(angio needle),18G,EA,,MFDS_DEVICE_CLASSIFICATION_2026_18,MFDS_DEVICE_CLASSIFICATION_2026_18::ANGIO_CATHETER,https://www.law.go.kr/LSW/admRulLsInfoP.do?admRulSeq=2100000275656,representative_name;item_family_id;item_subtype_id;normalized_specification;unit_code,2026-07-22T12:35:28.630356+00:00,verified_family,approved,codex_external_evidence_pipeline,2026-07-22T12:35:28.630356+00:00,explicit_family_spec_unit_supported_by_official_taxonomy,classification-v1.0
DECISION::classification-v1.0::ITEM_478587336548e105a58a,ITEM_478587336548e105a58a,APPROVE_FAMILY,,,MED_SUPPLY,DISPOSABLE_SYRINGE,주사기,SYRINGE_USAGE_BASED,주사기(사용량 기준),1mL,EA,,MFDS_DEVICE_CLASSIFICATION_2026_18,MFDS_DEVICE_CLASSIFICATION_2026_18::DISPOSABLE_SYRINGE,https://www.law.go.kr/LSW/admRulLsInfoP.do?admRulSeq=2100000275656,representative_name;item_family_id;item_subtype_id;normalized_specification;unit_code,2026-07-22T12:35:28.630356+00:00,verified_family,approved,codex_external_evidence_pipeline,2026-07-22T12:35:28.630356+00:00,explicit_family_spec_unit_supported_by_official_taxonomy,classification-v1.0
DECISION::classification-v1.0::ITEM_554803f2b702895e55ce,ITEM_554803f2b702895e55ce,APPROVE_FAMILY,,,MED_SUPPLY,DISPOSABLE_SYRINGE,주사기,SYRINGE_USAGE_BASED,주사기(사용량 기준),5mL,EA,,MFDS_DEVICE_CLASSIFICATION_2026_18,MFDS_DEVICE_CLASSIFICATION_2026_18::DISPOSABLE_SYRINGE,https://www.law.go.kr/LSW/admRulLsInfoP.do?admRulSeq=2100000275656,representative_name;item_family_id;item_subtype_id;normalized_specification;unit_code,2026-07-22T12:35:28.630356+00:00,verified_family,approved,codex_external_evidence_pipeline,2026-07-22T12:35:28.630356+00:00,explicit_family_spec_unit_supported_by_official_taxonomy,classification-v1.0
DECISION::classification-v1.0::ITEM_5260b3562f86846badbc,ITEM_5260b3562f86846badbc,APPROVE_FAMILY,,,MED_SUPPLY,DISPOSABLE_SYRINGE,주사기,SYRINGE_USAGE_BASED,주사기(사용량 기준),5mL,EA,,MFDS_DEVICE_CLASSIFICATION_2026_18,MFDS_DEVICE_CLASSIFICATION_2026_18::DISPOSABLE_SYRINGE,https://www.law.go.kr/LSW/admRulLsInfoP.do?admRulSeq=2100000275656,representative_name;item_family_id;item_subtype_id;normalized_specification;unit_code,2026-07-22T12:35:28.630356+00:00,verified_family,approved,codex_external_evidence_pipeline,2026-07-22T12:35:28.630356+00:00,explicit_family_spec_unit_supported_by_official_taxonomy,classification-v1.0
DECISION::classification-v1.0::ITEM_e669780b09f98b659d48,ITEM_e669780b09f98b659d48,APPROVE_FAMILY,,,MED_SUPPLY,DISPOSABLE_SYRINGE,주사기,SYRINGE_USAGE_BASED,주사기(사용량 기준),10mL,EA,,MFDS_DEVICE_CLASSIFICATION_2026_18,MFDS_DEVICE_CLASSIFICATION_2026_18::DISPOSABLE_SYRINGE,https://www.law.go.kr/LSW/admRulLsInfoP.do?admRulSeq=2100000275656,representative_name;item_family_id;item_subtype_id;normalized_specification;unit_code,2026-07-22T12:35:28.630356+00:00,verified_family,approved,codex_external_evidence_pipeline,2026-07-22T12:35:28.630356+00:00,explicit_family_spec_unit_supported_by_official_taxonomy,classification-v1.0
DECISION::classification-v1.0::ITEM_a22d392abf94f776bbc3,ITEM_a22d392abf94f776bbc3,APPROVE_FAMILY,,,MED_SUPPLY,DISPOSABLE_SYRINGE,주사기,SYRINGE_USAGE_BASED,주사기(사용량 기준),10mL,EA,,MFDS_DEVICE_CLASSIFICATION_2026_18,MFDS_DEVICE_CLASSIFICATION_2026_18::DISPOSABLE_SYRINGE,https://www.law.go.kr/LSW/admRulLsInfoP.do?admRulSeq=2100000275656,representative_name;item_family_id;item_subtype_id;normalized_specification;unit_code,2026-07-22T12:35:28.630356+00:00,verified_family,approved,codex_external_evidence_pipeline,2026-07-22T12:35:28.630356+00:00,explicit_family_spec_unit_supported_by_official_taxonomy,classification-v1.0
DECISION::classification-v1.0::ITEM_bf32b70babb6d9009a51,ITEM_bf32b70babb6d9009a51,APPROVE_FAMILY,,,MED_SUPPLY,INJECTION_NEEDLE,주사침,INJECTION_NEEDLE,주사침,18G,EA,,MFDS_DEVICE_CLASSIFICATION_2026_18,MFDS_DEVICE_CLASSIFICATION_2026_18::INJECTION_NEEDLE,https://www.law.go.kr/LSW/admRulLsInfoP.do?admRulSeq=2100000275656,representative_name;item_family_id;item_subtype_id;normalized_specification;unit_code,2026-07-22T12:35:28.630356+00:00,verified_family,approved,codex_external_evidence_pipeline,2026-07-22T12:35:28.630356+00:00,explicit_family_spec_unit_supported_by_official_taxonomy,classification-v1.0
DECISION::classification-v1.0::ITEM_9c4a7d874bd93f401bf6,ITEM_9c4a7d874bd93f401bf6,APPROVE_FAMILY,,,MED_SUPPLY,INJECTION_NEEDLE,주사침,INJECTION_NEEDLE,주사침,25G,EA,,MFDS_DEVICE_CLASSIFICATION_2026_18,MFDS_DEVICE_CLASSIFICATION_2026_18::INJECTION_NEEDLE,https://www.law.go.kr/LSW/admRulLsInfoP.do?admRulSeq=2100000275656,representative_name;item_family_id;item_subtype_id;normalized_specification;unit_code,2026-07-22T12:35:28.630356+00:00,verified_family,approved,codex_external_evidence_pipeline,2026-07-22T12:35:28.630356+00:00,explicit_family_spec_unit_supported_by_official_taxonomy,classification-v1.0
DECISION::classification-v1.0::ITEM_9a481675138a5a2fd93c,ITEM_9a481675138a5a2fd93c,APPROVE_FAMILY,,,MED_SUPPLY,INJECTION_NEEDLE,주사침,INJECTION_NEEDLE,주사침,26G,EA,,MFDS_DEVICE_CLASSIFICATION_2026_18,MFDS_DEVICE_CLASSIFICATION_2026_18::INJECTION_NEEDLE,https://www.law.go.kr/LSW/admRulLsInfoP.do?admRulSeq=2100000275656,representative_name;item_family_id;item_subtype_id;normalized_specification;unit_code,2026-07-22T12:35:28.630356+00:00,verified_family,approved,codex_external_evidence_pipeline,2026-07-22T12:35:28.630356+00:00,explicit_family_spec_unit_supported_by_official_taxonomy,classification-v1.0
DECISION::classification-v1.0::ITEM_ccd7dd00f83bebfa1885,ITEM_ccd7dd00f83bebfa1885,APPROVE_FAMILY,,,MED_SUPPLY,INJECTION_NEEDLE,주사침,INJECTION_NEEDLE,주사침,25G,EA,,MFDS_DEVICE_CLASSIFICATION_2026_18,MFDS_DEVICE_CLASSIFICATION_2026_18::INJECTION_NEEDLE,https://www.law.go.kr/LSW/admRulLsInfoP.do?admRulSeq=2100000275656,representative_name;item_family_id;item_subtype_id;normalized_specification;unit_code,2026-07-22T12:35:28.630356+00:00,verified_family,approved,codex_external_evidence_pipeline,2026-07-22T12:35:28.630356+00:00,explicit_family_spec_unit_supported_by_official_taxonomy,classification-v1.0
DECISION::classification-v1.0::ITEM_ddc4c0a9734bace89df0,ITEM_ddc4c0a9734bace89df0,APPROVE_FAMILY,,,MED_SUPPLY,DISPOSABLE_SYRINGE,주사기,SYRINGE_USAGE_BASED,주사기(사용량 기준),5mL,EA,,MFDS_DEVICE_CLASSIFICATION_2026_18,MFDS_DEVICE_CLASSIFICATION_2026_18::DISPOSABLE_SYRINGE,https://www.law.go.kr/LSW/admRulLsInfoP.do?admRulSeq=2100000275656,representative_name;item_family_id;item_subtype_id;normalized_specification;unit_code,2026-07-22T12:35:28.630356+00:00,verified_family,approved,codex_external_evidence_pipeline,2026-07-22T12:35:28.630356+00:00,explicit_family_spec_unit_supported_by_official_taxonomy,classification-v1.0
DECISION::classification-v1.0::ITEM_e467bc71b78660d2fd21,ITEM_e467bc71b78660d2fd21,APPROVE_FAMILY,,,MED_SUPPLY,ANGIO_CATHETER,카테터,ANGIO_NEEDLE,카테터(angio needle),18G,EA,,MFDS_DEVICE_CLASSIFICATION_2026_18,MFDS_DEVICE_CLASSIFICATION_2026_18::ANGIO_CATHETER,https://www.law.go.kr/LSW/admRulLsInfoP.do?admRulSeq=2100000275656,representative_name;item_family_id;item_subtype_id;normalized_specification;unit_code,2026-07-22T12:35:28.630356+00:00,verified_family,approved,codex_external_evidence_pipeline,2026-07-22T12:35:28.630356+00:00,explicit_family_spec_unit_supported_by_official_taxonomy,classification-v1.0
DECISION::classification-v1.0::ITEM_53c1572e17f0118aecfa,ITEM_53c1572e17f0118aecfa,APPROVE_FAMILY,,,MED_SUPPLY,ANGIO_CATHETER,카테터,ANGIO_NEEDLE,카테터(angio needle),22G,EA,,MFDS_DEVICE_CLASSIFICATION_2026_18,MFDS_DEVICE_CLASSIFICATION_2026_18::ANGIO_CATHETER,https://www.law.go.kr/LSW/admRulLsInfoP.do?admRulSeq=2100000275656,representative_name;item_family_id;item_subtype_id;normalized_specification;unit_code,2026-07-22T12:35:28.630356+00:00,verified_family,approved,codex_external_evidence_pipeline,2026-07-22T12:35:28.630356+00:00,explicit_family_spec_unit_supported_by_official_taxonomy,classification-v1.0
DECISION::classification-v1.0::ITEM_ab3c8296390bdec702b3,ITEM_ab3c8296390bdec702b3,APPROVE_FAMILY,,,MED_SUPPLY,BLOOD_LANCET,채혈침,BLOOD_LANCET,채혈침,30G,EA,,MFDS_DEVICE_CLASSIFICATION_2026_18,MFDS_DEVICE_CLASSIFICATION_2026_18::BLOOD_LANCET,https://www.law.go.kr/LSW/admRulLsInfoP.do?admRulSeq=2100000275656,representative_name;item_family_id;item_subtype_id;normalized_specification;unit_code,2026-07-22T12:35:28.630356+00:00,verified_family,approved,codex_external_evidence_pipeline,2026-07-22T12:35:28.630356+00:00,explicit_family_spec_unit_supported_by_official_taxonomy,classification-v1.0
DECISION::classification-v1.0::ITEM_bed559035ad247c91ad1,ITEM_bed559035ad247c91ad1,APPROVE_FAMILY,,,MED_SUPPLY,DISPOSABLE_SYRINGE,주사기,SYRINGE_USAGE_BASED,주사기(사용량 기준),1mL,EA,,MFDS_DEVICE_CLASSIFICATION_2026_18,MFDS_DEVICE_CLASSIFICATION_2026_18::DISPOSABLE_SYRINGE,https://www.law.go.kr/LSW/admRulLsInfoP.do?admRulSeq=2100000275656,representative_name;item_family_id;item_subtype_id;normalized_specification;unit_code,2026-07-22T12:35:28.630356+00:00,verified_family,approved,codex_external_evidence_pipeline,2026-07-22T12:35:28.630356+00:00,explicit_family_spec_unit_supported_by_official_taxonomy,classification-v1.0
DECISION::classification-v1.0::ITEM_e5f01b0e998f54effc62,ITEM_e5f01b0e998f54effc62,APPROVE_FAMILY,,,MED_SUPPLY,ANGIO_CATHETER,카테터,ANGIO_NEEDLE,카테터(angio needle),20G,EA,,MFDS_DEVICE_CLASSIFICATION_2026_18,MFDS_DEVICE_CLASSIFICATION_2026_18::ANGIO_CATHETER,https://www.law.go.kr/LSW/admRulLsInfoP.do?admRulSeq=2100000275656,representative_name;item_family_id;item_subtype_id;normalized_specification;unit_code,2026-07-22T12:35:28.630356+00:00,verified_family,approved,codex_external_evidence_pipeline,2026-07-22T12:35:28.630356+00:00,explicit_family_spec_unit_supported_by_official_taxonomy,classification-v1.0
DECISION::classification-v1.0::ITEM_0231b1ce4f2eb9572b7f,ITEM_0231b1ce4f2eb9572b7f,APPROVE_FAMILY,,,WASTE,MEDICAL_WASTE_CONTAINER,의료폐기물 전용용기,RIGID_NEEDLE_BOX,합성수지형 용기(needle box),10L,EA,,WASTE_RULE_APPENDIX_5_2026_03_26,WASTE_RULE_APPENDIX_5_2026_03_26::MEDICAL_WASTE_CONTAINER,https://www.law.go.kr/flDownload.do?bylClsCd=110201&flSeq=162812925&gubun=,representative_name;item_family_id;item_subtype_id;normalized_specification;unit_code,2026-07-22T12:35:28.630356+00:00,verified_family,approved,codex_external_evidence_pipeline,2026-07-22T12:35:28.630356+00:00,explicit_family_spec_unit_supported_by_official_taxonomy,classification-v1.0
DECISION::classification-v1.0::ITEM_c74a5cb026da0198c223,ITEM_c74a5cb026da0198c223,APPROVE_FAMILY,,,MED_SUPPLY,BLOOD_LANCET,채혈침,BLOOD_LANCET,채혈침,28G,EA,,MFDS_DEVICE_CLASSIFICATION_2026_18,MFDS_DEVICE_CLASSIFICATION_2026_18::BLOOD_LANCET,https://www.law.go.kr/LSW/admRulLsInfoP.do?admRulSeq=2100000275656,representative_name;item_family_id;item_subtype_id;normalized_specification;unit_code,2026-07-22T12:35:28.630356+00:00,verified_family,approved,codex_external_evidence_pipeline,2026-07-22T12:35:28.630356+00:00,explicit_family_spec_unit_supported_by_official_taxonomy,classification-v1.0
DECISION::classification-v1.0::ITEM_5202eb806172ccc0b512,ITEM_5202eb806172ccc0b512,APPROVE_FAMILY,,,MED_SUPPLY,INJECTION_NEEDLE,주사침,INJECTION_NEEDLE,주사침,18G,EA,,MFDS_DEVICE_CLASSIFICATION_2026_18,MFDS_DEVICE_CLASSIFICATION_2026_18::INJECTION_NEEDLE,https://www.law.go.kr/LSW/admRulLsInfoP.do?admRulSeq=2100000275656,representative_name;item_family_id;item_subtype_id;normalized_specification;unit_code,2026-07-22T12:35:28.630356+00:00,verified_family,approved,codex_external_evidence_pipeline,2026-07-22T12:35:28.630356+00:00,explicit_family_spec_unit_supported_by_official_taxonomy,classification-v1.0
DECISION::classification-v1.0::ITEM_da2e77472fd82e436a10,ITEM_da2e77472fd82e436a10,APPROVE_FAMILY,,,MED_SUPPLY,ANGIO_CATHETER,카테터,ANGIO_NEEDLE,카테터(angio needle),18G,EA,,MFDS_DEVICE_CLASSIFICATION_2026_18,MFDS_DEVICE_CLASSIFICATION_2026_18::ANGIO_CATHETER,https://www.law.go.kr/LSW/admRulLsInfoP.do?admRulSeq=2100000275656,representative_name;item_family_id;item_subtype_id;normalized_specification;unit_code,2026-07-22T12:35:28.630356+00:00,verified_family,approved,codex_external_evidence_pipeline,2026-07-22T12:35:28.630356+00:00,explicit_family_spec_unit_supported_by_official_taxonomy,classification-v1.0
DECISION::classification-v1.0::ITEM_c6318501f2427b8972f2,ITEM_c6318501f2427b8972f2,APPROVE_FAMILY,,,MED_SUPPLY,DISPOSABLE_SYRINGE,주사기,SYRINGE_USAGE_BASED,주사기(사용량 기준),1mL,EA,,MFDS_DEVICE_CLASSIFICATION_2026_18,MFDS_DEVICE_CLASSIFICATION_2026_18::DISPOSABLE_SYRINGE,https://www.law.go.kr/LSW/admRulLsInfoP.do?admRulSeq=2100000275656,representative_name;item_family_id;item_subtype_id;normalized_specification;unit_code,2026-07-22T12:35:28.630356+00:00,verified_family,approved,codex_external_evidence_pipeline,2026-07-22T12:35:28.630356+00:00,explicit_family_spec_unit_supported_by_official_taxonomy,classification-v1.0
DECISION::classification-v1.0::ITEM_6f81bbffb60ff5f13c10,ITEM_6f81bbffb60ff5f13c10,APPROVE_FAMILY,,,MED_SUPPLY,DISPOSABLE_SYRINGE,주사기,SYRINGE_USAGE_BASED,주사기(사용량 기준),1mL,EA,,MFDS_DEVICE_CLASSIFICATION_2026_18,MFDS_DEVICE_CLASSIFICATION_2026_18::DISPOSABLE_SYRINGE,https://www.law.go.kr/LSW/admRulLsInfoP.do?admRulSeq=2100000275656,representative_name;item_family_id;item_subtype_id;normalized_specification;unit_code,2026-07-22T12:35:28.630356+00:00,verified_family,approved,codex_external_evidence_pipeline,2026-07-22T12:35:28.630356+00:00,explicit_family_spec_unit_supported_by_official_taxonomy,classification-v1.0
DECISION::classification-v1.0::ITEM_2f48fc475916d4693498,ITEM_2f48fc475916d4693498,APPROVE_FAMILY,,,MED_SUPPLY,DISPOSABLE_SYRINGE,주사기,SYRINGE_USAGE_BASED,주사기(사용량 기준),5mL,EA,,MFDS_DEVICE_CLASSIFICATION_2026_18,MFDS_DEVICE_CLASSIFICATION_2026_18::DISPOSABLE_SYRINGE,https://www.law.go.kr/LSW/admRulLsInfoP.do?admRulSeq=2100000275656,representative_name;item_family_id;item_subtype_id;normalized_specification;unit_code,2026-07-22T12:35:28.630356+00:00,verified_family,approved,codex_external_evidence_pipeline,2026-07-22T12:35:28.630356+00:00,explicit_family_spec_unit_supported_by_official_taxonomy,classification-v1.0
DECISION::classification-v1.0::ITEM_4957c8332c9d8164cd9c,ITEM_4957c8332c9d8164cd9c,APPROVE_FAMILY,,,MED_SUPPLY,DISPOSABLE_SYRINGE,주사기,SYRINGE_USAGE_BASED,주사기(사용량 기준),1mL,EA,,MFDS_DEVICE_CLASSIFICATION_2026_18,MFDS_DEVICE_CLASSIFICATION_2026_18::DISPOSABLE_SYRINGE,https://www.law.go.kr/LSW/admRulLsInfoP.do?admRulSeq=2100000275656,representative_name;item_family_id;item_subtype_id;normalized_specification;unit_code,2026-07-22T12:35:28.630356+00:00,verified_family,approved,codex_external_evidence_pipeline,2026-07-22T12:35:28.630356+00:00,explicit_family_spec_unit_supported_by_official_taxonomy,classification-v1.0
DECISION::classification-v1.0::ITEM_cc3703fc188ef4d6759a,ITEM_cc3703fc188ef4d6759a,APPROVE_FAMILY,,,MED_SUPPLY,DISPOSABLE_SYRINGE,주사기,SYRINGE_USAGE_BASED,주사기(사용량 기준),1mL,EA,,MFDS_DEVICE_CLASSIFICATION_2026_18,MFDS_DEVICE_CLASSIFICATION_2026_18::DISPOSABLE_SYRINGE,https://www.law.go.kr/LSW/admRulLsInfoP.do?admRulSeq=2100000275656,representative_name;item_family_id;item_subtype_id;normalized_specification;unit_code,2026-07-22T12:35:28.630356+00:00,verified_family,approved,codex_external_evidence_pipeline,2026-07-22T12:35:28.630356+00:00,explicit_family_spec_unit_supported_by_official_taxonomy,classification-v1.0
DECISION::classification-v1.0::ITEM_8a21fed1649ae7eacc2f,ITEM_8a21fed1649ae7eacc2f,APPROVE_FAMILY,,,MED_SUPPLY,INJECTION_NEEDLE,주사침,INJECTION_NEEDLE,주사침,25G,EA,,MFDS_DEVICE_CLASSIFICATION_2026_18,MFDS_DEVICE_CLASSIFICATION_2026_18::INJECTION_NEEDLE,https://www.law.go.kr/LSW/admRulLsInfoP.do?admRulSeq=2100000275656,representative_name;item_family_id;item_subtype_id;normalized_specification;unit_code,2026-07-22T12:35:28.630356+00:00,verified_family,approved,codex_external_evidence_pipeline,2026-07-22T12:35:28.630356+00:00,explicit_family_spec_unit_supported_by_official_taxonomy,classification-v1.0
DECISION::classification-v1.0::ITEM_dd1ed02a4f825ee3f424,ITEM_dd1ed02a4f825ee3f424,APPROVE_FAMILY,,,MED_SUPPLY,DISPOSABLE_SYRINGE,주사기,SYRINGE_USAGE_BASED,주사기(사용량 기준),3mL,EA,,MFDS_DEVICE_CLASSIFICATION_2026_18,MFDS_DEVICE_CLASSIFICATION_2026_18::DISPOSABLE_SYRINGE,https://www.law.go.kr/LSW/admRulLsInfoP.do?admRulSeq=2100000275656,representative_name;item_family_id;item_subtype_id;normalized_specification;unit_code,2026-07-22T12:35:28.630356+00:00,verified_family,approved,codex_external_evidence_pipeline,2026-07-22T12:35:28.630356+00:00,explicit_family_spec_unit_supported_by_official_taxonomy,classification-v1.0
DECISION::classification-v1.0::ITEM_7b0769d999beff5b7b75,ITEM_7b0769d999beff5b7b75,APPROVE_FAMILY,,,MED_SUPPLY,DISPOSABLE_SYRINGE,주사기,SYRINGE_USAGE_BASED,주사기(사용량 기준),5mL,EA,,MFDS_DEVICE_CLASSIFICATION_2026_18,MFDS_DEVICE_CLASSIFICATION_2026_18::DISPOSABLE_SYRINGE,https://www.law.go.kr/LSW/admRulLsInfoP.do?admRulSeq=2100000275656,representative_name;item_family_id;item_subtype_id;normalized_specification;unit_code,2026-07-22T12:35:28.630356+00:00,verified_family,approved,codex_external_evidence_pipeline,2026-07-22T12:35:28.630356+00:00,explicit_family_spec_unit_supported_by_official_taxonomy,classification-v1.0
DECISION::classification-v1.0::ITEM_f9ffeaebacc8e7adf8ca,ITEM_f9ffeaebacc8e7adf8ca,APPROVE_FAMILY,,,MED_SUPPLY,INFUSION_SET,수액세트,INFUSION_SET,수액세트,수액세트,EA,,MFDS_DEVICE_CLASSIFICATION_2026_18,MFDS_DEVICE_CLASSIFICATION_2026_18::INFUSION_SET,https://www.law.go.kr/LSW/admRulLsInfoP.do?admRulSeq=2100000275656,representative_name;item_family_id;item_subtype_id;normalized_specification;unit_code,2026-07-22T12:35:28.630356+00:00,verified_family,approved,codex_external_evidence_pipeline,2026-07-22T12:35:28.630356+00:00,explicit_family_spec_unit_supported_by_official_taxonomy,classification-v1.0
DECISION::classification-v1.0::ITEM_9e2010dd4455f5123b2d,ITEM_9e2010dd4455f5123b2d,APPROVE_FAMILY,,,MED_SUPPLY,ANGIO_CATHETER,카테터,BUTTERFLY_NEEDLE,나비 바늘,나비 바늘,EA,,MFDS_DEVICE_CLASSIFICATION_2026_18,MFDS_DEVICE_CLASSIFICATION_2026_18::ANGIO_CATHETER,https://www.law.go.kr/LSW/admRulLsInfoP.do?admRulSeq=2100000275656,representative_name;item_family_id;item_subtype_id;normalized_specification;unit_code,2026-07-22T12:35:28.630356+00:00,verified_family,approved,codex_external_evidence_pipeline,2026-07-22T12:35:28.630356+00:00,explicit_family_spec_unit_supported_by_official_taxonomy,classification-v1.0
DECISION::classification-v1.0::ITEM_fbf8c0b80c9cc21b1710,ITEM_fbf8c0b80c9cc21b1710,APPROVE_FAMILY,,,MED_SUPPLY,DISPOSABLE_SYRINGE,주사기,SYRINGE_USAGE_BASED,주사기(사용량 기준),1mL,EA,,MFDS_DEVICE_CLASSIFICATION_2026_18,MFDS_DEVICE_CLASSIFICATION_2026_18::DISPOSABLE_SYRINGE,https://www.law.go.kr/LSW/admRulLsInfoP.do?admRulSeq=2100000275656,representative_name;item_family_id;item_subtype_id;normalized_specification;unit_code,2026-07-22T12:35:28.630356+00:00,verified_family,approved,codex_external_evidence_pipeline,2026-07-22T12:35:28.630356+00:00,explicit_family_spec_unit_supported_by_official_taxonomy,classification-v1.0
DECISION::classification-v1.0::ITEM_9f9af285883d5d211fab,ITEM_9f9af285883d5d211fab,APPROVE_FAMILY,,,MED_SUPPLY,BLOOD_LANCET,채혈침,BLOOD_LANCET,채혈침,28G,EA,,MFDS_DEVICE_CLASSIFICATION_2026_18,MFDS_DEVICE_CLASSIFICATION_2026_18::BLOOD_LANCET,https://www.law.go.kr/LSW/admRulLsInfoP.do?admRulSeq=2100000275656,representative_name;item_family_id;item_subtype_id;normalized_specification;unit_code,2026-07-22T12:35:28.630356+00:00,verified_family,approved,codex_external_evidence_pipeline,2026-07-22T12:35:28.630356+00:00,explicit_family_spec_unit_supported_by_official_taxonomy,classification-v1.0
DECISION::classification-v1.0::ITEM_76a0c4b9c32483892f9c,ITEM_76a0c4b9c32483892f9c,APPROVE_FAMILY,,,MED_SUPPLY,DISPOSABLE_SYRINGE,주사기,SYRINGE_USAGE_BASED,주사기(사용량 기준),1mL,EA,,MFDS_DEVICE_CLASSIFICATION_2026_18,MFDS_DEVICE_CLASSIFICATION_2026_18::DISPOSABLE_SYRINGE,https://www.law.go.kr/LSW/admRulLsInfoP.do?admRulSeq=2100000275656,representative_name;item_family_id;item_subtype_id;normalized_specification;unit_code,2026-07-22T12:35:28.630356+00:00,verified_family,approved,codex_external_evidence_pipeline,2026-07-22T12:35:28.630356+00:00,explicit_family_spec_unit_supported_by_official_taxonomy,classification-v1.0
DECISION::classification-v1.0::ITEM_7e35a2867a1fa533130d,ITEM_7e35a2867a1fa533130d,APPROVE_FAMILY,,,MED_SUPPLY,ANGIO_CATHETER,카테터,ANGIO_NEEDLE,카테터(angio needle),20G,EA,,MFDS_DEVICE_CLASSIFICATION_2026_18,MFDS_DEVICE_CLASSIFICATION_2026_18::ANGIO_CATHETER,https://www.law.go.kr/LSW/admRulLsInfoP.do?admRulSeq=2100000275656,representative_name;item_family_id;item_subtype_id;normalized_specification;unit_code,2026-07-22T12:35:28.630356+00:00,verified_family,approved,codex_external_evidence_pipeline,2026-07-22T12:35:28.630356+00:00,explicit_family_spec_unit_supported_by_official_taxonomy,classification-v1.0
DECISION::classification-v1.0::ITEM_6f6ab3f377a0f1c6cd7a,ITEM_6f6ab3f377a0f1c6cd7a,APPROVE_FAMILY,,,MED_SUPPLY,ANGIO_CATHETER,카테터,ANGIO_NEEDLE,카테터(angio needle),24G,EA,,MFDS_DEVICE_CLASSIFICATION_2026_18,MFDS_DEVICE_CLASSIFICATION_2026_18::ANGIO_CATHETER,https://www.law.go.kr/LSW/admRulLsInfoP.do?admRulSeq=2100000275656,representative_name;item_family_id;item_subtype_id;normalized_specification;unit_code,2026-07-22T12:35:28.630356+00:00,verified_family,approved,codex_external_evidence_pipeline,2026-07-22T12:35:28.630356+00:00,explicit_family_spec_unit_supported_by_official_taxonomy,classification-v1.0
DECISION::classification-v1.0::ITEM_e978f6d2cfe137981aeb,ITEM_e978f6d2cfe137981aeb,APPROVE_FAMILY,,,MED_SUPPLY,BLOOD_LANCET,채혈침,BLOOD_LANCET,채혈침,26G,EA,,MFDS_DEVICE_CLASSIFICATION_2026_18,MFDS_DEVICE_CLASSIFICATION_2026_18::BLOOD_LANCET,https://www.law.go.kr/LSW/admRulLsInfoP.do?admRulSeq=2100000275656,representative_name;item_family_id;item_subtype_id;normalized_specification;unit_code,2026-07-22T12:35:28.630356+00:00,verified_family,approved,codex_external_evidence_pipeline,2026-07-22T12:35:28.630356+00:00,explicit_family_spec_unit_supported_by_official_taxonomy,classification-v1.0
DECISION::classification-v1.0::ITEM_b6853a0fa4f94839afb7,ITEM_b6853a0fa4f94839afb7,APPROVE_FAMILY,,,MED_SUPPLY,BLOOD_LANCET,채혈침,BLOOD_LANCET,채혈침,23G,EA,,MFDS_DEVICE_CLASSIFICATION_2026_18,MFDS_DEVICE_CLASSIFICATION_2026_18::BLOOD_LANCET,https://www.law.go.kr/LSW/admRulLsInfoP.do?admRulSeq=2100000275656,representative_name;item_family_id;item_subtype_id;normalized_specification;unit_code,2026-07-22T12:35:28.630356+00:00,verified_family,approved,codex_external_evidence_pipeline,2026-07-22T12:35:28.630356+00:00,explicit_family_spec_unit_supported_by_official_taxonomy,classification-v1.0
DECISION::classification-v1.0::ITEM_dac8336f3c9155799e4e,ITEM_dac8336f3c9155799e4e,APPROVE_FAMILY,,,MED_SUPPLY,BLOOD_LANCET,채혈침,BLOOD_LANCET,채혈침,25G,EA,,MFDS_DEVICE_CLASSIFICATION_2026_18,MFDS_DEVICE_CLASSIFICATION_2026_18::BLOOD_LANCET,https://www.law.go.kr/LSW/admRulLsInfoP.do?admRulSeq=2100000275656,representative_name;item_family_id;item_subtype_id;normalized_specification;unit_code,2026-07-22T12:35:28.630356+00:00,verified_family,approved,codex_external_evidence_pipeline,2026-07-22T12:35:28.630356+00:00,explicit_family_spec_unit_supported_by_official_taxonomy,classification-v1.0
DECISION::classification-v1.0::ITEM_317cc184ae045d02f92d,ITEM_317cc184ae045d02f92d,APPROVE_FAMILY,,,MED_SUPPLY,BLOOD_LANCET,채혈침,BLOOD_LANCET,채혈침,28G,EA,,MFDS_DEVICE_CLASSIFICATION_2026_18,MFDS_DEVICE_CLASSIFICATION_2026_18::BLOOD_LANCET,https://www.law.go.kr/LSW/admRulLsInfoP.do?admRulSeq=2100000275656,representative_name;item_family_id;item_subtype_id;normalized_specification;unit_code,2026-07-22T12:35:28.630356+00:00,verified_family,approved,codex_external_evidence_pipeline,2026-07-22T12:35:28.630356+00:00,explicit_family_spec_unit_supported_by_official_taxonomy,classification-v1.0
DECISION::classification-v1.0::ITEM_0b5924ee233a5b4b8927,ITEM_0b5924ee233a5b4b8927,APPROVE_FAMILY,,,MED_SUPPLY,BLOOD_LANCET,채혈침,BLOOD_LANCET,채혈침,26G,EA,,MFDS_DEVICE_CLASSIFICATION_2026_18,MFDS_DEVICE_CLASSIFICATION_2026_18::BLOOD_LANCET,https://www.law.go.kr/LSW/admRulLsInfoP.do?admRulSeq=2100000275656,representative_name;item_family_id;item_subtype_id;normalized_specification;unit_code,2026-07-22T12:35:28.630356+00:00,verified_family,approved,codex_external_evidence_pipeline,2026-07-22T12:35:28.630356+00:00,explicit_family_spec_unit_supported_by_official_taxonomy,classification-v1.0
DECISION::classification-v1.0::ITEM_476f45bccb37f5c41fdd,ITEM_476f45bccb37f5c41fdd,APPROVE_FAMILY,,,MED_SUPPLY,BLOOD_LANCET,채혈침,BLOOD_LANCET,채혈침,30G,EA,,MFDS_DEVICE_CLASSIFICATION_2026_18,MFDS_DEVICE_CLASSIFICATION_2026_18::BLOOD_LANCET,https://www.law.go.kr/LSW/admRulLsInfoP.do?admRulSeq=2100000275656,representative_name;item_family_id;item_subtype_id;normalized_specification;unit_code,2026-07-22T12:35:28.630356+00:00,verified_family,approved,codex_external_evidence_pipeline,2026-07-22T12:35:28.630356+00:00,explicit_family_spec_unit_supported_by_official_taxonomy,classification-v1.0
DECISION::classification-v1.0::ITEM_694abef217f10c3bb479,ITEM_694abef217f10c3bb479,APPROVE_FAMILY,,,MED_SUPPLY,DISPOSABLE_SYRINGE,주사기,SYRINGE_USAGE_BASED,주사기(사용량 기준),10mL,EA,,MFDS_DEVICE_CLASSIFICATION_2026_18,MFDS_DEVICE_CLASSIFICATION_2026_18::DISPOSABLE_SYRINGE,https://www.law.go.kr/LSW/admRulLsInfoP.do?admRulSeq=2100000275656,representative_name;item_family_id;item_subtype_id;normalized_specification;unit_code,2026-07-22T12:35:28.630356+00:00,verified_family,approved,codex_external_evidence_pipeline,2026-07-22T12:35:28.630356+00:00,explicit_family_spec_unit_supported_by_official_taxonomy,classification-v1.0
DECISION::classification-v1.0::ITEM_98f8d89ac36008540001,ITEM_98f8d89ac36008540001,APPROVE_FAMILY,,,MED_SUPPLY,DISPOSABLE_SYRINGE,주사기,SYRINGE_USAGE_BASED,주사기(사용량 기준),5mL,EA,,MFDS_DEVICE_CLASSIFICATION_2026_18,MFDS_DEVICE_CLASSIFICATION_2026_18::DISPOSABLE_SYRINGE,https://www.law.go.kr/LSW/admRulLsInfoP.do?admRulSeq=2100000275656,representative_name;item_family_id;item_subtype_id;normalized_specification;unit_code,2026-07-22T12:35:28.630356+00:00,verified_family,approved,codex_external_evidence_pipeline,2026-07-22T12:35:28.630356+00:00,explicit_family_spec_unit_supported_by_official_taxonomy,classification-v1.0
DECISION::classification-v1.0::ITEM_c3896fa3ead8f218ede2,ITEM_c3896fa3ead8f218ede2,APPROVE_FAMILY,,,MED_SUPPLY,BLOOD_LANCET,채혈침,BLOOD_LANCET,채혈침,26G,EA,,MFDS_DEVICE_CLASSIFICATION_2026_18,MFDS_DEVICE_CLASSIFICATION_2026_18::BLOOD_LANCET,https://www.law.go.kr/LSW/admRulLsInfoP.do?admRulSeq=2100000275656,representative_name;item_family_id;item_subtype_id;normalized_specification;unit_code,2026-07-22T12:35:28.630356+00:00,verified_family,approved,codex_external_evidence_pipeline,2026-07-22T12:35:28.630356+00:00,explicit_family_spec_unit_supported_by_official_taxonomy,classification-v1.0
DECISION::classification-v1.0::ITEM_8bd7bede20150eba46a4,ITEM_8bd7bede20150eba46a4,APPROVE_FAMILY,,,MED_SUPPLY,DISPOSABLE_SYRINGE,주사기,SYRINGE_USAGE_BASED,주사기(사용량 기준),1mL,EA,,MFDS_DEVICE_CLASSIFICATION_2026_18,MFDS_DEVICE_CLASSIFICATION_2026_18::DISPOSABLE_SYRINGE,https://www.law.go.kr/LSW/admRulLsInfoP.do?admRulSeq=2100000275656,representative_name;item_family_id;item_subtype_id;normalized_specification;unit_code,2026-07-22T12:35:28.630356+00:00,verified_family,approved,codex_external_evidence_pipeline,2026-07-22T12:35:28.630356+00:00,explicit_family_spec_unit_supported_by_official_taxonomy,classification-v1.0
DECISION::classification-v1.0::ITEM_b0f12d8e8342bca22e4b,ITEM_b0f12d8e8342bca22e4b,APPROVE_FAMILY,,,MED_SUPPLY,BLOOD_LANCET,채혈침,BLOOD_LANCET,채혈침,30G,EA,,MFDS_DEVICE_CLASSIFICATION_2026_18,MFDS_DEVICE_CLASSIFICATION_2026_18::BLOOD_LANCET,https://www.law.go.kr/LSW/admRulLsInfoP.do?admRulSeq=2100000275656,representative_name;item_family_id;item_subtype_id;normalized_specification;unit_code,2026-07-22T12:35:28.630356+00:00,verified_family,approved,codex_external_evidence_pipeline,2026-07-22T12:35:28.630356+00:00,explicit_family_spec_unit_supported_by_official_taxonomy,classification-v1.0
DECISION::classification-v1.0::ITEM_0df7a92325c8a3766c13,ITEM_0df7a92325c8a3766c13,APPROVE_FAMILY,,,MED_SUPPLY,INFUSION_SET,수액세트,INFUSION_SET,수액세트,수액세트,EA,,MFDS_DEVICE_CLASSIFICATION_2026_18,MFDS_DEVICE_CLASSIFICATION_2026_18::INFUSION_SET,https://www.law.go.kr/LSW/admRulLsInfoP.do?admRulSeq=2100000275656,representative_name;item_family_id;item_subtype_id;normalized_specification;unit_code,2026-07-22T12:35:28.630356+00:00,verified_family,approved,codex_external_evidence_pipeline,2026-07-22T12:35:28.630356+00:00,explicit_family_spec_unit_supported_by_official_taxonomy,classification-v1.0
DECISION::classification-v1.0::ITEM_6eca6c3391208b5ce53c,ITEM_6eca6c3391208b5ce53c,APPROVE_FAMILY,,,MED_SUPPLY,INFUSION_SET,수액세트,INFUSION_SET,수액세트,수액세트,EA,,MFDS_DEVICE_CLASSIFICATION_2026_18,MFDS_DEVICE_CLASSIFICATION_2026_18::INFUSION_SET,https://www.law.go.kr/LSW/admRulLsInfoP.do?admRulSeq=2100000275656,representative_name;item_family_id;item_subtype_id;normalized_specification;unit_code,2026-07-22T12:35:28.630356+00:00,verified_family,approved,codex_external_evidence_pipeline,2026-07-22T12:35:28.630356+00:00,explicit_family_spec_unit_supported_by_official_taxonomy,classification-v1.0
DECISION::classification-v1.0::ITEM_7dd151b5d7fbf814d914,ITEM_7dd151b5d7fbf814d914,APPROVE_FAMILY,,,MED_SUPPLY,INFUSION_SET,수액세트,INFUSION_SET,수액세트,수액세트,EA,,MFDS_DEVICE_CLASSIFICATION_2026_18,MFDS_DEVICE_CLASSIFICATION_2026_18::INFUSION_SET,https://www.law.go.kr/LSW/admRulLsInfoP.do?admRulSeq=2100000275656,representative_name;item_family_id;item_subtype_id;normalized_specification;unit_code,2026-07-22T12:35:28.630356+00:00,verified_family,approved,codex_external_evidence_pipeline,2026-07-22T12:35:28.630356+00:00,explicit_family_spec_unit_supported_by_official_taxonomy,classification-v1.0
DECISION::classification-v1.0::ITEM_3fcf549a909090b7eb65,ITEM_3fcf549a909090b7eb65,APPROVE_FAMILY,,,MED_SUPPLY,INJECTION_NEEDLE,주사침,INJECTION_NEEDLE,주사침,25G,EA,,MFDS_DEVICE_CLASSIFICATION_2026_18,MFDS_DEVICE_CLASSIFICATION_2026_18::INJECTION_NEEDLE,https://www.law.go.kr/LSW/admRulLsInfoP.do?admRulSeq=2100000275656,representative_name;item_family_id;item_subtype_id;normalized_specification;unit_code,2026-07-22T12:35:28.630356+00:00,verified_family,approved,codex_external_evidence_pipeline,2026-07-22T12:35:28.630356+00:00,explicit_family_spec_unit_supported_by_official_taxonomy,classification-v1.0
DECISION::classification-v1.0::ITEM_c53f873d069f0fe3dd11,ITEM_c53f873d069f0fe3dd11,APPROVE_FAMILY,,,MED_SUPPLY,BLOOD_LANCET,채혈침,BLOOD_LANCET,채혈침,28G,EA,,MFDS_DEVICE_CLASSIFICATION_2026_18,MFDS_DEVICE_CLASSIFICATION_2026_18::BLOOD_LANCET,https://www.law.go.kr/LSW/admRulLsInfoP.do?admRulSeq=2100000275656,representative_name;item_family_id;item_subtype_id;normalized_specification;unit_code,2026-07-22T12:35:28.630356+00:00,verified_family,approved,codex_external_evidence_pipeline,2026-07-22T12:35:28.630356+00:00,explicit_family_spec_unit_supported_by_official_taxonomy,classification-v1.0
DECISION::classification-v1.0::ITEM_748f3a454301d8f22c17,ITEM_748f3a454301d8f22c17,APPROVE_FAMILY,,,MED_SUPPLY,DISPOSABLE_SYRINGE,주사기,SYRINGE_USAGE_BASED,주사기(사용량 기준),3mL,EA,,MFDS_DEVICE_CLASSIFICATION_2026_18,MFDS_DEVICE_CLASSIFICATION_2026_18::DISPOSABLE_SYRINGE,https://www.law.go.kr/LSW/admRulLsInfoP.do?admRulSeq=2100000275656,representative_name;item_family_id;item_subtype_id;normalized_specification;unit_code,2026-07-22T12:35:28.630356+00:00,verified_family,approved,codex_external_evidence_pipeline,2026-07-22T12:35:28.630356+00:00,explicit_family_spec_unit_supported_by_official_taxonomy,classification-v1.0
DECISION::classification-v1.0::ITEM_3a3f1297526659d3694f,ITEM_3a3f1297526659d3694f,APPROVE_FAMILY,,,MED_SUPPLY,DISPOSABLE_SYRINGE,주사기,SYRINGE_USAGE_BASED,주사기(사용량 기준),1mL,EA,,MFDS_DEVICE_CLASSIFICATION_2026_18,MFDS_DEVICE_CLASSIFICATION_2026_18::DISPOSABLE_SYRINGE,https://www.law.go.kr/LSW/admRulLsInfoP.do?admRulSeq=2100000275656,representative_name;item_family_id;item_subtype_id;normalized_specification;unit_code,2026-07-22T12:35:28.630356+00:00,verified_family,approved,codex_external_evidence_pipeline,2026-07-22T12:35:28.630356+00:00,explicit_family_spec_unit_supported_by_official_taxonomy,classification-v1.0
DECISION::classification-v1.0::ITEM_7ae9a3d34be7b5cb71d6,ITEM_7ae9a3d34be7b5cb71d6,APPROVE_FAMILY,,,MED_SUPPLY,DISPOSABLE_SYRINGE,주사기,SYRINGE_USAGE_BASED,주사기(사용량 기준),3mL,EA,,MFDS_DEVICE_CLASSIFICATION_2026_18,MFDS_DEVICE_CLASSIFICATION_2026_18::DISPOSABLE_SYRINGE,https://www.law.go.kr/LSW/admRulLsInfoP.do?admRulSeq=2100000275656,representative_name;item_family_id;item_subtype_id;normalized_specification;unit_code,2026-07-22T12:35:28.630356+00:00,verified_family,approved,codex_external_evidence_pipeline,2026-07-22T12:35:28.630356+00:00,explicit_family_spec_unit_supported_by_official_taxonomy,classification-v1.0
DECISION::classification-v1.0::ITEM_c5fa39aba49e30bd1af3,ITEM_c5fa39aba49e30bd1af3,APPROVE_FAMILY,,,MED_SUPPLY,DISPOSABLE_SYRINGE,주사기,SYRINGE_USAGE_BASED,주사기(사용량 기준),5mL,EA,,MFDS_DEVICE_CLASSIFICATION_2026_18,MFDS_DEVICE_CLASSIFICATION_2026_18::DISPOSABLE_SYRINGE,https://www.law.go.kr/LSW/admRulLsInfoP.do?admRulSeq=2100000275656,representative_name;item_family_id;item_subtype_id;normalized_specification;unit_code,2026-07-22T12:35:28.630356+00:00,verified_family,approved,codex_external_evidence_pipeline,2026-07-22T12:35:28.630356+00:00,explicit_family_spec_unit_supported_by_official_taxonomy,classification-v1.0
DECISION::classification-v1.0::ITEM_113e840722daa4949034,ITEM_113e840722daa4949034,APPROVE_FAMILY,,,MED_SUPPLY,DISPOSABLE_SYRINGE,주사기,SYRINGE_USAGE_BASED,주사기(사용량 기준),10mL,EA,,MFDS_DEVICE_CLASSIFICATION_2026_18,MFDS_DEVICE_CLASSIFICATION_2026_18::DISPOSABLE_SYRINGE,https://www.law.go.kr/LSW/admRulLsInfoP.do?admRulSeq=2100000275656,representative_name;item_family_id;item_subtype_id;normalized_specification;unit_code,2026-07-22T12:35:28.630356+00:00,verified_family,approved,codex_external_evidence_pipeline,2026-07-22T12:35:28.630356+00:00,explicit_family_spec_unit_supported_by_official_taxonomy,classification-v1.0
DECISION::classification-v1.0::ITEM_72be68ecb97f2365aa85,ITEM_72be68ecb97f2365aa85,APPROVE_FAMILY,,,MED_SUPPLY,DISPOSABLE_SYRINGE,주사기,SYRINGE_USAGE_BASED,주사기(사용량 기준),10mL,EA,,MFDS_DEVICE_CLASSIFICATION_2026_18,MFDS_DEVICE_CLASSIFICATION_2026_18::DISPOSABLE_SYRINGE,https://www.law.go.kr/LSW/admRulLsInfoP.do?admRulSeq=2100000275656,representative_name;item_family_id;item_subtype_id;normalized_specification;unit_code,2026-07-22T12:35:28.630356+00:00,verified_family,approved,codex_external_evidence_pipeline,2026-07-22T12:35:28.630356+00:00,explicit_family_spec_unit_supported_by_official_taxonomy,classification-v1.0
DECISION::classification-v1.0::ITEM_609c7ad588706130d9d0,ITEM_609c7ad588706130d9d0,APPROVE_FAMILY,,,MED_SUPPLY,DISPOSABLE_SYRINGE,주사기,SYRINGE_USAGE_BASED,주사기(사용량 기준),10mL,EA,,MFDS_DEVICE_CLASSIFICATION_2026_18,MFDS_DEVICE_CLASSIFICATION_2026_18::DISPOSABLE_SYRINGE,https://www.law.go.kr/LSW/admRulLsInfoP.do?admRulSeq=2100000275656,representative_name;item_family_id;item_subtype_id;normalized_specification;unit_code,2026-07-22T12:35:28.630356+00:00,verified_family,approved,codex_external_evidence_pipeline,2026-07-22T12:35:28.630356+00:00,explicit_family_spec_unit_supported_by_official_taxonomy,classification-v1.0
DECISION::classification-v1.0::ITEM_cb122ec63b7224fddc61,ITEM_cb122ec63b7224fddc61,APPROVE_FAMILY,,,MED_SUPPLY,DISPOSABLE_SYRINGE,주사기,SYRINGE_USAGE_BASED,주사기(사용량 기준),10mL,EA,,MFDS_DEVICE_CLASSIFICATION_2026_18,MFDS_DEVICE_CLASSIFICATION_2026_18::DISPOSABLE_SYRINGE,https://www.law.go.kr/LSW/admRulLsInfoP.do?admRulSeq=2100000275656,representative_name;item_family_id;item_subtype_id;normalized_specification;unit_code,2026-07-22T12:35:28.630356+00:00,verified_family,approved,codex_external_evidence_pipeline,2026-07-22T12:35:28.630356+00:00,explicit_family_spec_unit_supported_by_official_taxonomy,classification-v1.0
DECISION::classification-v1.0::ITEM_f29831b4aca5238c2c09,ITEM_f29831b4aca5238c2c09,APPROVE_FAMILY,,,MED_SUPPLY,DISPOSABLE_SYRINGE,주사기,SYRINGE_USAGE_BASED,주사기(사용량 기준),10mL,EA,,MFDS_DEVICE_CLASSIFICATION_2026_18,MFDS_DEVICE_CLASSIFICATION_2026_18::DISPOSABLE_SYRINGE,https://www.law.go.kr/LSW/admRulLsInfoP.do?admRulSeq=2100000275656,representative_name;item_family_id;item_subtype_id;normalized_specification;unit_code,2026-07-22T12:35:28.630356+00:00,verified_family,approved,codex_external_evidence_pipeline,2026-07-22T12:35:28.630356+00:00,explicit_family_spec_unit_supported_by_official_taxonomy,classification-v1.0
DECISION::classification-v1.0::ITEM_9e609db8398335f133ea,ITEM_9e609db8398335f133ea,APPROVE_FAMILY,,,MED_SUPPLY,INJECTION_NEEDLE,주사침,INJECTION_NEEDLE,주사침,18G,EA,,MFDS_DEVICE_CLASSIFICATION_2026_18,MFDS_DEVICE_CLASSIFICATION_2026_18::INJECTION_NEEDLE,https://www.law.go.kr/LSW/admRulLsInfoP.do?admRulSeq=2100000275656,representative_name;item_family_id;item_subtype_id;normalized_specification;unit_code,2026-07-22T12:35:28.630356+00:00,verified_family,approved,codex_external_evidence_pipeline,2026-07-22T12:35:28.630356+00:00,explicit_family_spec_unit_supported_by_official_taxonomy,classification-v1.0
DECISION::classification-v1.0::ITEM_c1312ab916805611c0a0,ITEM_c1312ab916805611c0a0,APPROVE_FAMILY,,,MED_SUPPLY,INJECTION_NEEDLE,주사침,INJECTION_NEEDLE,주사침,23G,EA,,MFDS_DEVICE_CLASSIFICATION_2026_18,MFDS_DEVICE_CLASSIFICATION_2026_18::INJECTION_NEEDLE,https://www.law.go.kr/LSW/admRulLsInfoP.do?admRulSeq=2100000275656,representative_name;item_family_id;item_subtype_id;normalized_specification;unit_code,2026-07-22T12:35:28.630356+00:00,verified_family,approved,codex_external_evidence_pipeline,2026-07-22T12:35:28.630356+00:00,explicit_family_spec_unit_supported_by_official_taxonomy,classification-v1.0
DECISION::classification-v1.0::ITEM_87e5a0ac2dea5ffd0528,ITEM_87e5a0ac2dea5ffd0528,APPROVE_FAMILY,,,MED_SUPPLY,BLOOD_LANCET,채혈침,BLOOD_LANCET,채혈침,30G,EA,,MFDS_DEVICE_CLASSIFICATION_2026_18,MFDS_DEVICE_CLASSIFICATION_2026_18::BLOOD_LANCET,https://www.law.go.kr/LSW/admRulLsInfoP.do?admRulSeq=2100000275656,representative_name;item_family_id;item_subtype_id;normalized_specification;unit_code,2026-07-22T12:35:28.630356+00:00,verified_family,approved,codex_external_evidence_pipeline,2026-07-22T12:35:28.630356+00:00,explicit_family_spec_unit_supported_by_official_taxonomy,classification-v1.0
DECISION::classification-v1.0::ITEM_0dff0638ec9dfb1db9fb,ITEM_0dff0638ec9dfb1db9fb,APPROVE_FAMILY,,,MED_SUPPLY,INFUSION_SET,수액세트,INFUSION_SET,수액세트,수액세트,EA,,MFDS_DEVICE_CLASSIFICATION_2026_18,MFDS_DEVICE_CLASSIFICATION_2026_18::INFUSION_SET,https://www.law.go.kr/LSW/admRulLsInfoP.do?admRulSeq=2100000275656,representative_name;item_family_id;item_subtype_id;normalized_specification;unit_code,2026-07-22T12:35:28.630356+00:00,verified_family,approved,codex_external_evidence_pipeline,2026-07-22T12:35:28.630356+00:00,explicit_family_spec_unit_supported_by_official_taxonomy,classification-v1.0
DECISION::classification-v1.0::ITEM_4df63e20e48917d224cb,ITEM_4df63e20e48917d224cb,APPROVE_FAMILY,,,MED_SUPPLY,DISPOSABLE_SYRINGE,주사기,SYRINGE_USAGE_BASED,주사기(사용량 기준),0.05mL,EA,,MFDS_DEVICE_CLASSIFICATION_2026_18,MFDS_DEVICE_CLASSIFICATION_2026_18::DISPOSABLE_SYRINGE,https://www.law.go.kr/LSW/admRulLsInfoP.do?admRulSeq=2100000275656,representative_name;item_family_id;item_subtype_id;normalized_specification;unit_code,2026-07-22T12:35:28.630356+00:00,verified_family,approved,codex_external_evidence_pipeline,2026-07-22T12:35:28.630356+00:00,explicit_family_spec_unit_supported_by_official_taxonomy,classification-v1.0
DECISION::classification-v1.0::ITEM_7f59b16fe6acc1ef9cc2,ITEM_7f59b16fe6acc1ef9cc2,APPROVE_FAMILY,,,MED_SUPPLY,DISPOSABLE_SYRINGE,주사기,SYRINGE_USAGE_BASED,주사기(사용량 기준),20mL,EA,,MFDS_DEVICE_CLASSIFICATION_2026_18,MFDS_DEVICE_CLASSIFICATION_2026_18::DISPOSABLE_SYRINGE,https://www.law.go.kr/LSW/admRulLsInfoP.do?admRulSeq=2100000275656,representative_name;item_family_id;item_subtype_id;normalized_specification;unit_code,2026-07-22T12:35:28.630356+00:00,verified_family,approved,codex_external_evidence_pipeline,2026-07-22T12:35:28.630356+00:00,explicit_family_spec_unit_supported_by_official_taxonomy,classification-v1.0
DECISION::classification-v1.0::ITEM_1bf920e6448d41f62c68,ITEM_1bf920e6448d41f62c68,APPROVE_FAMILY,,,MED_SUPPLY,DISPOSABLE_SYRINGE,주사기,SYRINGE_USAGE_BASED,주사기(사용량 기준),60mL,EA,,MFDS_DEVICE_CLASSIFICATION_2026_18,MFDS_DEVICE_CLASSIFICATION_2026_18::DISPOSABLE_SYRINGE,https://www.law.go.kr/LSW/admRulLsInfoP.do?admRulSeq=2100000275656,representative_name;item_family_id;item_subtype_id;normalized_specification;unit_code,2026-07-22T12:35:28.630356+00:00,verified_family,approved,codex_external_evidence_pipeline,2026-07-22T12:35:28.630356+00:00,explicit_family_spec_unit_supported_by_official_taxonomy,classification-v1.0
DECISION::classification-v1.0::ITEM_6d5cf603bfcd6b9b0e2a,ITEM_6d5cf603bfcd6b9b0e2a,APPROVE_FAMILY,,,MED_SUPPLY,DISPOSABLE_SYRINGE,주사기,SYRINGE_USAGE_BASED,주사기(사용량 기준),10mL,EA,,MFDS_DEVICE_CLASSIFICATION_2026_18,MFDS_DEVICE_CLASSIFICATION_2026_18::DISPOSABLE_SYRINGE,https://www.law.go.kr/LSW/admRulLsInfoP.do?admRulSeq=2100000275656,representative_name;item_family_id;item_subtype_id;normalized_specification;unit_code,2026-07-22T12:35:28.630356+00:00,verified_family,approved,codex_external_evidence_pipeline,2026-07-22T12:35:28.630356+00:00,explicit_family_spec_unit_supported_by_official_taxonomy,classification-v1.0
DECISION::classification-v1.0::ITEM_447698450f3dea7cb78a,ITEM_447698450f3dea7cb78a,APPROVE_FAMILY,,,MED_SUPPLY,INJECTION_NEEDLE,주사침,INJECTION_NEEDLE,주사침,26G,EA,,MFDS_DEVICE_CLASSIFICATION_2026_18,MFDS_DEVICE_CLASSIFICATION_2026_18::INJECTION_NEEDLE,https://www.law.go.kr/LSW/admRulLsInfoP.do?admRulSeq=2100000275656,representative_name;item_family_id;item_subtype_id;normalized_specification;unit_code,2026-07-22T12:35:28.630356+00:00,verified_family,approved,codex_external_evidence_pipeline,2026-07-22T12:35:28.630356+00:00,explicit_family_spec_unit_supported_by_official_taxonomy,classification-v1.0
DECISION::classification-v1.0::ITEM_0dc77e7d7d87a7bcef04,ITEM_0dc77e7d7d87a7bcef04,APPROVE_FAMILY,,,MED_SUPPLY,DISPOSABLE_SYRINGE,주사기,SYRINGE_USAGE_BASED,주사기(사용량 기준),10mL,EA,,MFDS_DEVICE_CLASSIFICATION_2026_18,MFDS_DEVICE_CLASSIFICATION_2026_18::DISPOSABLE_SYRINGE,https://www.law.go.kr/LSW/admRulLsInfoP.do?admRulSeq=2100000275656,representative_name;item_family_id;item_subtype_id;normalized_specification;unit_code,2026-07-22T12:35:28.630356+00:00,verified_family,approved,codex_external_evidence_pipeline,2026-07-22T12:35:28.630356+00:00,explicit_family_spec_unit_supported_by_official_taxonomy,classification-v1.0
DECISION::classification-v1.0::ITEM_ceb161270133ea324954,ITEM_ceb161270133ea324954,APPROVE_FAMILY,,,MED_SUPPLY,DISPOSABLE_SYRINGE,주사기,SYRINGE_USAGE_BASED,주사기(사용량 기준),5mL,EA,,MFDS_DEVICE_CLASSIFICATION_2026_18,MFDS_DEVICE_CLASSIFICATION_2026_18::DISPOSABLE_SYRINGE,https://www.law.go.kr/LSW/admRulLsInfoP.do?admRulSeq=2100000275656,representative_name;item_family_id;item_subtype_id;normalized_specification;unit_code,2026-07-22T12:35:28.630356+00:00,verified_family,approved,codex_external_evidence_pipeline,2026-07-22T12:35:28.630356+00:00,explicit_family_spec_unit_supported_by_official_taxonomy,classification-v1.0
DECISION::classification-v1.0::ITEM_e73d6f5543e0988c1b0c,ITEM_e73d6f5543e0988c1b0c,APPROVE_FAMILY,,,MED_SUPPLY,BLOOD_LANCET,채혈침,BLOOD_LANCET,채혈침,30G,EA,,MFDS_DEVICE_CLASSIFICATION_2026_18,MFDS_DEVICE_CLASSIFICATION_2026_18::BLOOD_LANCET,https://www.law.go.kr/LSW/admRulLsInfoP.do?admRulSeq=2100000275656,representative_name;item_family_id;item_subtype_id;normalized_specification;unit_code,2026-07-22T12:35:28.630356+00:00,verified_family,approved,codex_external_evidence_pipeline,2026-07-22T12:35:28.630356+00:00,explicit_family_spec_unit_supported_by_official_taxonomy,classification-v1.0
DECISION::classification-v1.0::ITEM_cf8f9c14f9bd0e4b87ab,ITEM_cf8f9c14f9bd0e4b87ab,APPROVE_FAMILY,,,MED_SUPPLY,BLOOD_LANCET,채혈침,BLOOD_LANCET,채혈침,30G,EA,,MFDS_DEVICE_CLASSIFICATION_2026_18,MFDS_DEVICE_CLASSIFICATION_2026_18::BLOOD_LANCET,https://www.law.go.kr/LSW/admRulLsInfoP.do?admRulSeq=2100000275656,representative_name;item_family_id;item_subtype_id;normalized_specification;unit_code,2026-07-22T12:35:28.630356+00:00,verified_family,approved,codex_external_evidence_pipeline,2026-07-22T12:35:28.630356+00:00,explicit_family_spec_unit_supported_by_official_taxonomy,classification-v1.0
DECISION::classification-v1.0::ITEM_cdeae5075be6c5ba5cb3,ITEM_cdeae5075be6c5ba5cb3,APPROVE_FAMILY,,,WASTE,MEDICAL_WASTE_CONTAINER,의료폐기물 전용용기,RIGID_NEEDLE_BOX,합성수지형 용기(needle box),5L,EA,,WASTE_RULE_APPENDIX_5_2026_03_26,WASTE_RULE_APPENDIX_5_2026_03_26::MEDICAL_WASTE_CONTAINER,https://www.law.go.kr/flDownload.do?bylClsCd=110201&flSeq=162812925&gubun=,representative_name;item_family_id;item_subtype_id;normalized_specification;unit_code,2026-07-22T12:35:28.630356+00:00,verified_family,approved,codex_external_evidence_pipeline,2026-07-22T12:35:28.630356+00:00,explicit_family_spec_unit_supported_by_official_taxonomy,classification-v1.0
DECISION::classification-v1.0::ITEM_cc9e9548e5b259ee4977,ITEM_cc9e9548e5b259ee4977,APPROVE_FAMILY,,,MED_SUPPLY,ANGIO_CATHETER,카테터,ANGIO_NEEDLE,카테터(angio needle),24G,EA,,MFDS_DEVICE_CLASSIFICATION_2026_18,MFDS_DEVICE_CLASSIFICATION_2026_18::ANGIO_CATHETER,https://www.law.go.kr/LSW/admRulLsInfoP.do?admRulSeq=2100000275656,representative_name;item_family_id;item_subtype_id;normalized_specification;unit_code,2026-07-22T12:35:28.630356+00:00,verified_family,approved,codex_external_evidence_pipeline,2026-07-22T12:35:28.630356+00:00,explicit_family_spec_unit_supported_by_official_taxonomy,classification-v1.0
DECISION::classification-v1.0::ITEM_840e1d093858a67895b3,ITEM_840e1d093858a67895b3,APPROVE_FAMILY,,,MED_SUPPLY,INFUSION_SET,수액세트,INFUSION_SET,수액세트,수액세트,EA,,MFDS_DEVICE_CLASSIFICATION_2026_18,MFDS_DEVICE_CLASSIFICATION_2026_18::INFUSION_SET,https://www.law.go.kr/LSW/admRulLsInfoP.do?admRulSeq=2100000275656,representative_name;item_family_id;item_subtype_id;normalized_specification;unit_code,2026-07-22T12:35:28.630356+00:00,verified_family,approved,codex_external_evidence_pipeline,2026-07-22T12:35:28.630356+00:00,explicit_family_spec_unit_supported_by_official_taxonomy,classification-v1.0
DECISION::classification-v1.0::ITEM_0ed43e284dd592e778d5,ITEM_0ed43e284dd592e778d5,APPROVE_FAMILY,,,MED_SUPPLY,ANGIO_CATHETER,카테터,ANGIO_NEEDLE,카테터(angio needle),24G,EA,,MFDS_DEVICE_CLASSIFICATION_2026_18,MFDS_DEVICE_CLASSIFICATION_2026_18::ANGIO_CATHETER,https://www.law.go.kr/LSW/admRulLsInfoP.do?admRulSeq=2100000275656,representative_name;item_family_id;item_subtype_id;normalized_specification;unit_code,2026-07-22T12:35:28.630356+00:00,verified_family,approved,codex_external_evidence_pipeline,2026-07-22T12:35:28.630356+00:00,explicit_family_spec_unit_supported_by_official_taxonomy,classification-v1.0
DECISION::classification-v1.0::ITEM_b377b1a1a3f16767dd23,ITEM_b377b1a1a3f16767dd23,APPROVE_FAMILY,,,MED_SUPPLY,INFUSION_SET,수액세트,INFUSION_SET,수액세트,수액세트,EA,,MFDS_DEVICE_CLASSIFICATION_2026_18,MFDS_DEVICE_CLASSIFICATION_2026_18::INFUSION_SET,https://www.law.go.kr/LSW/admRulLsInfoP.do?admRulSeq=2100000275656,representative_name;item_family_id;item_subtype_id;normalized_specification;unit_code,2026-07-22T12:35:28.630356+00:00,verified_family,approved,codex_external_evidence_pipeline,2026-07-22T12:35:28.630356+00:00,explicit_family_spec_unit_supported_by_official_taxonomy,classification-v1.0
DECISION::classification-v1.0::ITEM_e98e9e4c1a7552d7642e,ITEM_e98e9e4c1a7552d7642e,APPROVE_FAMILY,,,MED_SUPPLY,ANGIO_CATHETER,카테터,ANGIO_NEEDLE,카테터(angio needle),22G,EA,,MFDS_DEVICE_CLASSIFICATION_2026_18,MFDS_DEVICE_CLASSIFICATION_2026_18::ANGIO_CATHETER,https://www.law.go.kr/LSW/admRulLsInfoP.do?admRulSeq=2100000275656,representative_name;item_family_id;item_subtype_id;normalized_specification;unit_code,2026-07-22T12:35:28.630356+00:00,verified_family,approved,codex_external_evidence_pipeline,2026-07-22T12:35:28.630356+00:00,explicit_family_spec_unit_supported_by_official_taxonomy,classification-v1.0
DECISION::classification-v1.0::ITEM_7de5e5233998911ccd87,ITEM_7de5e5233998911ccd87,APPROVE_FAMILY,,,MED_SUPPLY,INFUSION_SET,수액세트,INFUSION_SET,수액세트,수액세트,EA,,MFDS_DEVICE_CLASSIFICATION_2026_18,MFDS_DEVICE_CLASSIFICATION_2026_18::INFUSION_SET,https://www.law.go.kr/LSW/admRulLsInfoP.do?admRulSeq=2100000275656,representative_name;item_family_id;item_subtype_id;normalized_specification;unit_code,2026-07-22T12:35:28.630356+00:00,verified_family,approved,codex_external_evidence_pipeline,2026-07-22T12:35:28.630356+00:00,explicit_family_spec_unit_supported_by_official_taxonomy,classification-v1.0
DECISION::classification-v1.0::ITEM_eb890576588826968da9,ITEM_eb890576588826968da9,APPROVE_FAMILY,,,MED_SUPPLY,BLOOD_LANCET,채혈침,BLOOD_LANCET,채혈침,30G,EA,,MFDS_DEVICE_CLASSIFICATION_2026_18,MFDS_DEVICE_CLASSIFICATION_2026_18::BLOOD_LANCET,https://www.law.go.kr/LSW/admRulLsInfoP.do?admRulSeq=2100000275656,representative_name;item_family_id;item_subtype_id;normalized_specification;unit_code,2026-07-22T12:35:28.630356+00:00,verified_family,approved,codex_external_evidence_pipeline,2026-07-22T12:35:28.630356+00:00,explicit_family_spec_unit_supported_by_official_taxonomy,classification-v1.0
DECISION::classification-v1.0::ITEM_9f9625171b5d99950c23,ITEM_9f9625171b5d99950c23,APPROVE_FAMILY,,,MED_SUPPLY,DISPOSABLE_SYRINGE,주사기,SYRINGE_USAGE_BASED,주사기(사용량 기준),10mL,EA,,MFDS_DEVICE_CLASSIFICATION_2026_18,MFDS_DEVICE_CLASSIFICATION_2026_18::DISPOSABLE_SYRINGE,https://www.law.go.kr/LSW/admRulLsInfoP.do?admRulSeq=2100000275656,representative_name;item_family_id;item_subtype_id;normalized_specification;unit_code,2026-07-22T12:35:28.630356+00:00,verified_family,approved,codex_external_evidence_pipeline,2026-07-22T12:35:28.630356+00:00,explicit_family_spec_unit_supported_by_official_taxonomy,classification-v1.0
DECISION::classification-v1.0::ITEM_d612411937a2771a7ca1,ITEM_d612411937a2771a7ca1,APPROVE_FAMILY,,,MED_SUPPLY,DISPOSABLE_SYRINGE,주사기,SYRINGE_USAGE_BASED,주사기(사용량 기준),5mL,EA,,MFDS_DEVICE_CLASSIFICATION_2026_18,MFDS_DEVICE_CLASSIFICATION_2026_18::DISPOSABLE_SYRINGE,https://www.law.go.kr/LSW/admRulLsInfoP.do?admRulSeq=2100000275656,representative_name;item_family_id;item_subtype_id;normalized_specification;unit_code,2026-07-22T12:35:28.630356+00:00,verified_family,approved,codex_external_evidence_pipeline,2026-07-22T12:35:28.630356+00:00,explicit_family_spec_unit_supported_by_official_taxonomy,classification-v1.0
DECISION::classification-v1.0::ITEM_bd2db674a66f08dff866,ITEM_bd2db674a66f08dff866,APPROVE_FAMILY,,,MED_SUPPLY,DISPOSABLE_SYRINGE,주사기,SYRINGE_USAGE_BASED,주사기(사용량 기준),10mL,EA,,MFDS_DEVICE_CLASSIFICATION_2026_18,MFDS_DEVICE_CLASSIFICATION_2026_18::DISPOSABLE_SYRINGE,https://www.law.go.kr/LSW/admRulLsInfoP.do?admRulSeq=2100000275656,representative_name;item_family_id;item_subtype_id;normalized_specification;unit_code,2026-07-22T12:35:28.630356+00:00,verified_family,approved,codex_external_evidence_pipeline,2026-07-22T12:35:28.630356+00:00,explicit_family_spec_unit_supported_by_official_taxonomy,classification-v1.0
DECISION::classification-v1.0::ITEM_6e73171387a524d586b6,ITEM_6e73171387a524d586b6,APPROVE_FAMILY,,,MED_SUPPLY,DISPOSABLE_SYRINGE,주사기,SYRINGE_USAGE_BASED,주사기(사용량 기준),10mL,EA,,MFDS_DEVICE_CLASSIFICATION_2026_18,MFDS_DEVICE_CLASSIFICATION_2026_18::DISPOSABLE_SYRINGE,https://www.law.go.kr/LSW/admRulLsInfoP.do?admRulSeq=2100000275656,representative_name;item_family_id;item_subtype_id;normalized_specification;unit_code,2026-07-22T12:35:28.630356+00:00,verified_family,approved,codex_external_evidence_pipeline,2026-07-22T12:35:28.630356+00:00,explicit_family_spec_unit_supported_by_official_taxonomy,classification-v1.0
DECISION::classification-v1.0::ITEM_e8bc4b848829d833dd64,ITEM_e8bc4b848829d833dd64,APPROVE_FAMILY,,,MED_SUPPLY,ANGIO_CATHETER,카테터,ANGIO_NEEDLE,카테터(angio needle),18G,EA,,MFDS_DEVICE_CLASSIFICATION_2026_18,MFDS_DEVICE_CLASSIFICATION_2026_18::ANGIO_CATHETER,https://www.law.go.kr/LSW/admRulLsInfoP.do?admRulSeq=2100000275656,representative_name;item_family_id;item_subtype_id;normalized_specification;unit_code,2026-07-22T12:35:28.630356+00:00,verified_family,approved,codex_external_evidence_pipeline,2026-07-22T12:35:28.630356+00:00,explicit_family_spec_unit_supported_by_official_taxonomy,classification-v1.0
DECISION::classification-v1.0::ITEM_8ef39507ee724e5ae9b5,ITEM_8ef39507ee724e5ae9b5,APPROVE_FAMILY,,,MED_SUPPLY,DISPOSABLE_SYRINGE,주사기,SYRINGE_USAGE_BASED,주사기(사용량 기준),1mL,EA,,MFDS_DEVICE_CLASSIFICATION_2026_18,MFDS_DEVICE_CLASSIFICATION_2026_18::DISPOSABLE_SYRINGE,https://www.law.go.kr/LSW/admRulLsInfoP.do?admRulSeq=2100000275656,representative_name;item_family_id;item_subtype_id;normalized_specification;unit_code,2026-07-22T12:35:28.630356+00:00,verified_family,approved,codex_external_evidence_pipeline,2026-07-22T12:35:28.630356+00:00,explicit_family_spec_unit_supported_by_official_taxonomy,classification-v1.0
DECISION::classification-v1.0::ITEM_f187c6909c11109a6391,ITEM_f187c6909c11109a6391,APPROVE_FAMILY,,,MED_SUPPLY,DISPOSABLE_SYRINGE,주사기,SYRINGE_USAGE_BASED,주사기(사용량 기준),1mL,EA,,MFDS_DEVICE_CLASSIFICATION_2026_18,MFDS_DEVICE_CLASSIFICATION_2026_18::DISPOSABLE_SYRINGE,https://www.law.go.kr/LSW/admRulLsInfoP.do?admRulSeq=2100000275656,representative_name;item_family_id;item_subtype_id;normalized_specification;unit_code,2026-07-22T12:35:28.630356+00:00,verified_family,approved,codex_external_evidence_pipeline,2026-07-22T12:35:28.630356+00:00,explicit_family_spec_unit_supported_by_official_taxonomy,classification-v1.0
DECISION::classification-v1.0::ITEM_8bc63e19a727a1f58879,ITEM_8bc63e19a727a1f58879,APPROVE_FAMILY,,,MED_SUPPLY,DISPOSABLE_SYRINGE,주사기,SYRINGE_USAGE_BASED,주사기(사용량 기준),1mL,EA,,MFDS_DEVICE_CLASSIFICATION_2026_18,MFDS_DEVICE_CLASSIFICATION_2026_18::DISPOSABLE_SYRINGE,https://www.law.go.kr/LSW/admRulLsInfoP.do?admRulSeq=2100000275656,representative_name;item_family_id;item_subtype_id;normalized_specification;unit_code,2026-07-22T12:35:28.630356+00:00,verified_family,approved,codex_external_evidence_pipeline,2026-07-22T12:35:28.630356+00:00,explicit_family_spec_unit_supported_by_official_taxonomy,classification-v1.0
DECISION::classification-v1.0::ITEM_74a97a8e4871ff3958be,ITEM_74a97a8e4871ff3958be,APPROVE_FAMILY,,,MED_SUPPLY,DISPOSABLE_SYRINGE,주사기,SYRINGE_USAGE_BASED,주사기(사용량 기준),1mL,EA,,MFDS_DEVICE_CLASSIFICATION_2026_18,MFDS_DEVICE_CLASSIFICATION_2026_18::DISPOSABLE_SYRINGE,https://www.law.go.kr/LSW/admRulLsInfoP.do?admRulSeq=2100000275656,representative_name;item_family_id;item_subtype_id;normalized_specification;unit_code,2026-07-22T12:35:28.630356+00:00,verified_family,approved,codex_external_evidence_pipeline,2026-07-22T12:35:28.630356+00:00,explicit_family_spec_unit_supported_by_official_taxonomy,classification-v1.0
DECISION::classification-v1.0::ITEM_a6d73c87d54fd671bb86,ITEM_a6d73c87d54fd671bb86,APPROVE_FAMILY,,,MED_SUPPLY,INJECTION_NEEDLE,주사침,INJECTION_NEEDLE,주사침,30G,EA,,MFDS_DEVICE_CLASSIFICATION_2026_18,MFDS_DEVICE_CLASSIFICATION_2026_18::INJECTION_NEEDLE,https://www.law.go.kr/LSW/admRulLsInfoP.do?admRulSeq=2100000275656,representative_name;item_family_id;item_subtype_id;normalized_specification;unit_code,2026-07-22T12:35:28.630356+00:00,verified_family,approved,codex_external_evidence_pipeline,2026-07-22T12:35:28.630356+00:00,explicit_family_spec_unit_supported_by_official_taxonomy,classification-v1.0
DECISION::classification-v1.0::ITEM_1649b2e45fd9b3e2fb0d,ITEM_1649b2e45fd9b3e2fb0d,APPROVE_FAMILY,,,MED_SUPPLY,ANGIO_CATHETER,카테터,ANGIO_NEEDLE,카테터(angio needle),22G,EA,,MFDS_DEVICE_CLASSIFICATION_2026_18,MFDS_DEVICE_CLASSIFICATION_2026_18::ANGIO_CATHETER,https://www.law.go.kr/LSW/admRulLsInfoP.do?admRulSeq=2100000275656,representative_name;item_family_id;item_subtype_id;normalized_specification;unit_code,2026-07-22T12:35:28.630356+00:00,verified_family,approved,codex_external_evidence_pipeline,2026-07-22T12:35:28.630356+00:00,explicit_family_spec_unit_supported_by_official_taxonomy,classification-v1.0
DECISION::classification-v1.0::ITEM_3ca7661c0ede78b6b810,ITEM_3ca7661c0ede78b6b810,APPROVE_FAMILY,,,MED_SUPPLY,ANGIO_CATHETER,카테터,ANGIO_NEEDLE,카테터(angio needle),24G,EA,,MFDS_DEVICE_CLASSIFICATION_2026_18,MFDS_DEVICE_CLASSIFICATION_2026_18::ANGIO_CATHETER,https://www.law.go.kr/LSW/admRulLsInfoP.do?admRulSeq=2100000275656,representative_name;item_family_id;item_subtype_id;normalized_specification;unit_code,2026-07-22T12:35:28.630356+00:00,verified_family,approved,codex_external_evidence_pipeline,2026-07-22T12:35:28.630356+00:00,explicit_family_spec_unit_supported_by_official_taxonomy,classification-v1.0
DECISION::classification-v1.0::ITEM_5a1293f5870d943ff50c,ITEM_5a1293f5870d943ff50c,APPROVE_FAMILY,,,MED_SUPPLY,ANGIO_CATHETER,카테터,ANGIO_NEEDLE,카테터(angio needle),24G,EA,,MFDS_DEVICE_CLASSIFICATION_2026_18,MFDS_DEVICE_CLASSIFICATION_2026_18::ANGIO_CATHETER,https://www.law.go.kr/LSW/admRulLsInfoP.do?admRulSeq=2100000275656,representative_name;item_family_id;item_subtype_id;normalized_specification;unit_code,2026-07-22T12:35:28.630356+00:00,verified_family,approved,codex_external_evidence_pipeline,2026-07-22T12:35:28.630356+00:00,explicit_family_spec_unit_supported_by_official_taxonomy,classification-v1.0
DECISION::classification-v1.0::ITEM_3228134b30663c353f63,ITEM_3228134b30663c353f63,APPROVE_FAMILY,,,MED_SUPPLY,INJECTION_NEEDLE,주사침,INJECTION_NEEDLE,주사침,24G,EA,,MFDS_DEVICE_CLASSIFICATION_2026_18,MFDS_DEVICE_CLASSIFICATION_2026_18::INJECTION_NEEDLE,https://www.law.go.kr/LSW/admRulLsInfoP.do?admRulSeq=2100000275656,representative_name;item_family_id;item_subtype_id;normalized_specification;unit_code,2026-07-22T12:35:28.630356+00:00,verified_family,approved,codex_external_evidence_pipeline,2026-07-22T12:35:28.630356+00:00,explicit_family_spec_unit_supported_by_official_taxonomy,classification-v1.0
DECISION::classification-v1.0::ITEM_96edc2127ef878e1a898,ITEM_96edc2127ef878e1a898,APPROVE_FAMILY,,,MED_SUPPLY,INJECTION_NEEDLE,주사침,INJECTION_NEEDLE,주사침,25G,EA,,MFDS_DEVICE_CLASSIFICATION_2026_18,MFDS_DEVICE_CLASSIFICATION_2026_18::INJECTION_NEEDLE,https://www.law.go.kr/LSW/admRulLsInfoP.do?admRulSeq=2100000275656,representative_name;item_family_id;item_subtype_id;normalized_specification;unit_code,2026-07-22T12:35:28.630356+00:00,verified_family,approved,codex_external_evidence_pipeline,2026-07-22T12:35:28.630356+00:00,explicit_family_spec_unit_supported_by_official_taxonomy,classification-v1.0
DECISION::classification-v1.0::ITEM_336f42508a3084efa8e4,ITEM_336f42508a3084efa8e4,APPROVE_FAMILY,,,MED_SUPPLY,INJECTION_NEEDLE,주사침,INJECTION_NEEDLE,주사침,26G,EA,,MFDS_DEVICE_CLASSIFICATION_2026_18,MFDS_DEVICE_CLASSIFICATION_2026_18::INJECTION_NEEDLE,https://www.law.go.kr/LSW/admRulLsInfoP.do?admRulSeq=2100000275656,representative_name;item_family_id;item_subtype_id;normalized_specification;unit_code,2026-07-22T12:35:28.630356+00:00,verified_family,approved,codex_external_evidence_pipeline,2026-07-22T12:35:28.630356+00:00,explicit_family_spec_unit_supported_by_official_taxonomy,classification-v1.0
DECISION::classification-v1.0::ITEM_a08160edb4fb0ccc0546,ITEM_a08160edb4fb0ccc0546,APPROVE_FAMILY,,,MED_SUPPLY,DISPOSABLE_SYRINGE,주사기,SYRINGE_USAGE_BASED,주사기(사용량 기준),1mL,EA,,MFDS_DEVICE_CLASSIFICATION_2026_18,MFDS_DEVICE_CLASSIFICATION_2026_18::DISPOSABLE_SYRINGE,https://www.law.go.kr/LSW/admRulLsInfoP.do?admRulSeq=2100000275656,representative_name;item_family_id;item_subtype_id;normalized_specification;unit_code,2026-07-22T12:35:28.630356+00:00,verified_family,approved,codex_external_evidence_pipeline,2026-07-22T12:35:28.630356+00:00,explicit_family_spec_unit_supported_by_official_taxonomy,classification-v1.0
DECISION::classification-v1.0::ITEM_f8d812205154a6df951b,ITEM_f8d812205154a6df951b,APPROVE_FAMILY,,,MED_SUPPLY,DISPOSABLE_SYRINGE,주사기,SYRINGE_USAGE_BASED,주사기(사용량 기준),3mL,EA,,MFDS_DEVICE_CLASSIFICATION_2026_18,MFDS_DEVICE_CLASSIFICATION_2026_18::DISPOSABLE_SYRINGE,https://www.law.go.kr/LSW/admRulLsInfoP.do?admRulSeq=2100000275656,representative_name;item_family_id;item_subtype_id;normalized_specification;unit_code,2026-07-22T12:35:28.630356+00:00,verified_family,approved,codex_external_evidence_pipeline,2026-07-22T12:35:28.630356+00:00,explicit_family_spec_unit_supported_by_official_taxonomy,classification-v1.0
DECISION::classification-v1.0::ITEM_b0090d04c32fd1bf3d0d,ITEM_b0090d04c32fd1bf3d0d,APPROVE_FAMILY,,,MED_SUPPLY,DISPOSABLE_SYRINGE,주사기,SYRINGE_USAGE_BASED,주사기(사용량 기준),3mL,EA,,MFDS_DEVICE_CLASSIFICATION_2026_18,MFDS_DEVICE_CLASSIFICATION_2026_18::DISPOSABLE_SYRINGE,https://www.law.go.kr/LSW/admRulLsInfoP.do?admRulSeq=2100000275656,representative_name;item_family_id;item_subtype_id;normalized_specification;unit_code,2026-07-22T12:35:28.630356+00:00,verified_family,approved,codex_external_evidence_pipeline,2026-07-22T12:35:28.630356+00:00,explicit_family_spec_unit_supported_by_official_taxonomy,classification-v1.0
DECISION::classification-v1.0::ITEM_a61e62fce1730f5460d5,ITEM_a61e62fce1730f5460d5,APPROVE_FAMILY,,,MED_SUPPLY,DISPOSABLE_SYRINGE,주사기,SYRINGE_USAGE_BASED,주사기(사용량 기준),3mL,EA,,MFDS_DEVICE_CLASSIFICATION_2026_18,MFDS_DEVICE_CLASSIFICATION_2026_18::DISPOSABLE_SYRINGE,https://www.law.go.kr/LSW/admRulLsInfoP.do?admRulSeq=2100000275656,representative_name;item_family_id;item_subtype_id;normalized_specification;unit_code,2026-07-22T12:35:28.630356+00:00,verified_family,approved,codex_external_evidence_pipeline,2026-07-22T12:35:28.630356+00:00,explicit_family_spec_unit_supported_by_official_taxonomy,classification-v1.0
DECISION::classification-v1.0::ITEM_5734e0fb69094f09f5be,ITEM_5734e0fb69094f09f5be,APPROVE_FAMILY,,,MED_SUPPLY,DISPOSABLE_SYRINGE,주사기,SYRINGE_USAGE_BASED,주사기(사용량 기준),3mL,EA,,MFDS_DEVICE_CLASSIFICATION_2026_18,MFDS_DEVICE_CLASSIFICATION_2026_18::DISPOSABLE_SYRINGE,https://www.law.go.kr/LSW/admRulLsInfoP.do?admRulSeq=2100000275656,representative_name;item_family_id;item_subtype_id;normalized_specification;unit_code,2026-07-22T12:35:28.630356+00:00,verified_family,approved,codex_external_evidence_pipeline,2026-07-22T12:35:28.630356+00:00,explicit_family_spec_unit_supported_by_official_taxonomy,classification-v1.0
DECISION::classification-v1.0::ITEM_ceabe5d8b529c1d0e7b4,ITEM_ceabe5d8b529c1d0e7b4,APPROVE_FAMILY,,,MED_SUPPLY,DISPOSABLE_SYRINGE,주사기,SYRINGE_USAGE_BASED,주사기(사용량 기준),50mL,EA,,MFDS_DEVICE_CLASSIFICATION_2026_18,MFDS_DEVICE_CLASSIFICATION_2026_18::DISPOSABLE_SYRINGE,https://www.law.go.kr/LSW/admRulLsInfoP.do?admRulSeq=2100000275656,representative_name;item_family_id;item_subtype_id;normalized_specification;unit_code,2026-07-22T12:35:28.630356+00:00,verified_family,approved,codex_external_evidence_pipeline,2026-07-22T12:35:28.630356+00:00,explicit_family_spec_unit_supported_by_official_taxonomy,classification-v1.0
DECISION::classification-v1.0::ITEM_bb15d8140da0003ad835,ITEM_bb15d8140da0003ad835,APPROVE_FAMILY,,,MED_SUPPLY,ANGIO_CATHETER,카테터,ANGIO_NEEDLE,카테터(angio needle),18G,EA,,MFDS_DEVICE_CLASSIFICATION_2026_18,MFDS_DEVICE_CLASSIFICATION_2026_18::ANGIO_CATHETER,https://www.law.go.kr/LSW/admRulLsInfoP.do?admRulSeq=2100000275656,representative_name;item_family_id;item_subtype_id;normalized_specification;unit_code,2026-07-22T12:35:28.630356+00:00,verified_family,approved,codex_external_evidence_pipeline,2026-07-22T12:35:28.630356+00:00,explicit_family_spec_unit_supported_by_official_taxonomy,classification-v1.0
DECISION::classification-v1.0::ITEM_600feaf25a2a70ce112b,ITEM_600feaf25a2a70ce112b,APPROVE_FAMILY,,,MED_SUPPLY,ANGIO_CATHETER,카테터,ANGIO_NEEDLE,카테터(angio needle),22G,EA,,MFDS_DEVICE_CLASSIFICATION_2026_18,MFDS_DEVICE_CLASSIFICATION_2026_18::ANGIO_CATHETER,https://www.law.go.kr/LSW/admRulLsInfoP.do?admRulSeq=2100000275656,representative_name;item_family_id;item_subtype_id;normalized_specification;unit_code,2026-07-22T12:35:28.630356+00:00,verified_family,approved,codex_external_evidence_pipeline,2026-07-22T12:35:28.630356+00:00,explicit_family_spec_unit_supported_by_official_taxonomy,classification-v1.0
DECISION::classification-v1.0::ITEM_64c8faf0bd6b669dba1e,ITEM_64c8faf0bd6b669dba1e,APPROVE_FAMILY,,,MED_SUPPLY,INJECTION_NEEDLE,주사침,INJECTION_NEEDLE,주사침,26G,EA,,MFDS_DEVICE_CLASSIFICATION_2026_18,MFDS_DEVICE_CLASSIFICATION_2026_18::INJECTION_NEEDLE,https://www.law.go.kr/LSW/admRulLsInfoP.do?admRulSeq=2100000275656,representative_name;item_family_id;item_subtype_id;normalized_specification;unit_code,2026-07-22T12:35:28.630356+00:00,verified_family,approved,codex_external_evidence_pipeline,2026-07-22T12:35:28.630356+00:00,explicit_family_spec_unit_supported_by_official_taxonomy,classification-v1.0
DECISION::classification-v1.0::ITEM_4f8d6377e98c18239e8e,ITEM_4f8d6377e98c18239e8e,APPROVE_FAMILY,,,MED_SUPPLY,INFUSION_SET,수액세트,INFUSION_SET,수액세트,수액세트,EA,,MFDS_DEVICE_CLASSIFICATION_2026_18,MFDS_DEVICE_CLASSIFICATION_2026_18::INFUSION_SET,https://www.law.go.kr/LSW/admRulLsInfoP.do?admRulSeq=2100000275656,representative_name;item_family_id;item_subtype_id;normalized_specification;unit_code,2026-07-22T12:35:28.630356+00:00,verified_family,approved,codex_external_evidence_pipeline,2026-07-22T12:35:28.630356+00:00,explicit_family_spec_unit_supported_by_official_taxonomy,classification-v1.0
DECISION::classification-v1.0::ITEM_a4aa9ea1c017a6e1e0e2,ITEM_a4aa9ea1c017a6e1e0e2,APPROVE_FAMILY,,,MED_SUPPLY,ANGIO_CATHETER,카테터,ANGIO_NEEDLE,카테터(angio needle),18G,EA,,MFDS_DEVICE_CLASSIFICATION_2026_18,MFDS_DEVICE_CLASSIFICATION_2026_18::ANGIO_CATHETER,https://www.law.go.kr/LSW/admRulLsInfoP.do?admRulSeq=2100000275656,representative_name;item_family_id;item_subtype_id;normalized_specification;unit_code,2026-07-22T12:35:28.630356+00:00,verified_family,approved,codex_external_evidence_pipeline,2026-07-22T12:35:28.630356+00:00,explicit_family_spec_unit_supported_by_official_taxonomy,classification-v1.0
DECISION::classification-v1.0::ITEM_6bece2b197c346037b04,ITEM_6bece2b197c346037b04,APPROVE_FAMILY,,,MED_SUPPLY,DISPOSABLE_SYRINGE,주사기,SYRINGE_USAGE_BASED,주사기(사용량 기준),1mL,EA,,MFDS_DEVICE_CLASSIFICATION_2026_18,MFDS_DEVICE_CLASSIFICATION_2026_18::DISPOSABLE_SYRINGE,https://www.law.go.kr/LSW/admRulLsInfoP.do?admRulSeq=2100000275656,representative_name;item_family_id;item_subtype_id;normalized_specification;unit_code,2026-07-22T12:35:28.630356+00:00,verified_family,approved,codex_external_evidence_pipeline,2026-07-22T12:35:28.630356+00:00,explicit_family_spec_unit_supported_by_official_taxonomy,classification-v1.0
DECISION::classification-v1.0::ITEM_776f62a9538a4055a449,ITEM_776f62a9538a4055a449,APPROVE_FAMILY,,,MED_SUPPLY,INFUSION_SET,수액세트,INFUSION_SET,수액세트,수액세트,EA,,MFDS_DEVICE_CLASSIFICATION_2026_18,MFDS_DEVICE_CLASSIFICATION_2026_18::INFUSION_SET,https://www.law.go.kr/LSW/admRulLsInfoP.do?admRulSeq=2100000275656,representative_name;item_family_id;item_subtype_id;normalized_specification;unit_code,2026-07-22T12:35:28.630356+00:00,verified_family,approved,codex_external_evidence_pipeline,2026-07-22T12:35:28.630356+00:00,explicit_family_spec_unit_supported_by_official_taxonomy,classification-v1.0
DECISION::classification-v1.0::ITEM_c4f42e5e33235369905b,ITEM_c4f42e5e33235369905b,APPROVE_FAMILY,,,MED_SUPPLY,DISPOSABLE_SYRINGE,주사기,SYRINGE_USAGE_BASED,주사기(사용량 기준),10mL,EA,,MFDS_DEVICE_CLASSIFICATION_2026_18,MFDS_DEVICE_CLASSIFICATION_2026_18::DISPOSABLE_SYRINGE,https://www.law.go.kr/LSW/admRulLsInfoP.do?admRulSeq=2100000275656,representative_name;item_family_id;item_subtype_id;normalized_specification;unit_code,2026-07-22T12:35:28.630356+00:00,verified_family,approved,codex_external_evidence_pipeline,2026-07-22T12:35:28.630356+00:00,explicit_family_spec_unit_supported_by_official_taxonomy,classification-v1.0
DECISION::classification-v1.0::ITEM_748bd844fb23bb7398ae,ITEM_748bd844fb23bb7398ae,APPROVE_FAMILY,,,MED_SUPPLY,DISPOSABLE_SYRINGE,주사기,SYRINGE_USAGE_BASED,주사기(사용량 기준),5mL,EA,,MFDS_DEVICE_CLASSIFICATION_2026_18,MFDS_DEVICE_CLASSIFICATION_2026_18::DISPOSABLE_SYRINGE,https://www.law.go.kr/LSW/admRulLsInfoP.do?admRulSeq=2100000275656,representative_name;item_family_id;item_subtype_id;normalized_specification;unit_code,2026-07-22T12:35:28.630356+00:00,verified_family,approved,codex_external_evidence_pipeline,2026-07-22T12:35:28.630356+00:00,explicit_family_spec_unit_supported_by_official_taxonomy,classification-v1.0
DECISION::classification-v1.0::ITEM_311cc30e46ba2ddb2dcd,ITEM_311cc30e46ba2ddb2dcd,APPROVE_FAMILY,,,MED_SUPPLY,ANGIO_CATHETER,카테터,ANGIO_NEEDLE,카테터(angio needle),24G,EA,,MFDS_DEVICE_CLASSIFICATION_2026_18,MFDS_DEVICE_CLASSIFICATION_2026_18::ANGIO_CATHETER,https://www.law.go.kr/LSW/admRulLsInfoP.do?admRulSeq=2100000275656,representative_name;item_family_id;item_subtype_id;normalized_specification;unit_code,2026-07-22T12:35:28.630356+00:00,verified_family,approved,codex_external_evidence_pipeline,2026-07-22T12:35:28.630356+00:00,explicit_family_spec_unit_supported_by_official_taxonomy,classification-v1.0
DECISION::classification-v1.0::ITEM_8ada9d5de48d7670d6a2,ITEM_8ada9d5de48d7670d6a2,APPROVE_FAMILY,,,MED_SUPPLY,ANGIO_CATHETER,카테터,ANGIO_NEEDLE,카테터(angio needle),24G,EA,,MFDS_DEVICE_CLASSIFICATION_2026_18,MFDS_DEVICE_CLASSIFICATION_2026_18::ANGIO_CATHETER,https://www.law.go.kr/LSW/admRulLsInfoP.do?admRulSeq=2100000275656,representative_name;item_family_id;item_subtype_id;normalized_specification;unit_code,2026-07-22T12:35:28.630356+00:00,verified_family,approved,codex_external_evidence_pipeline,2026-07-22T12:35:28.630356+00:00,explicit_family_spec_unit_supported_by_official_taxonomy,classification-v1.0
DECISION::classification-v1.0::ITEM_ab873eddf193e882cc5d,ITEM_ab873eddf193e882cc5d,APPROVE_FAMILY,,,MED_SUPPLY,DISPOSABLE_SYRINGE,주사기,SYRINGE_USAGE_BASED,주사기(사용량 기준),10mL,EA,,MFDS_DEVICE_CLASSIFICATION_2026_18,MFDS_DEVICE_CLASSIFICATION_2026_18::DISPOSABLE_SYRINGE,https://www.law.go.kr/LSW/admRulLsInfoP.do?admRulSeq=2100000275656,representative_name;item_family_id;item_subtype_id;normalized_specification;unit_code,2026-07-22T12:35:28.630356+00:00,verified_family,approved,codex_external_evidence_pipeline,2026-07-22T12:35:28.630356+00:00,explicit_family_spec_unit_supported_by_official_taxonomy,classification-v1.0
DECISION::classification-v1.0::ITEM_5c93432b8af9cacb02bf,ITEM_5c93432b8af9cacb02bf,APPROVE_FAMILY,,,MED_SUPPLY,DISPOSABLE_SYRINGE,주사기,SYRINGE_USAGE_BASED,주사기(사용량 기준),5mL,EA,,MFDS_DEVICE_CLASSIFICATION_2026_18,MFDS_DEVICE_CLASSIFICATION_2026_18::DISPOSABLE_SYRINGE,https://www.law.go.kr/LSW/admRulLsInfoP.do?admRulSeq=2100000275656,representative_name;item_family_id;item_subtype_id;normalized_specification;unit_code,2026-07-22T12:35:28.630356+00:00,verified_family,approved,codex_external_evidence_pipeline,2026-07-22T12:35:28.630356+00:00,explicit_family_spec_unit_supported_by_official_taxonomy,classification-v1.0
DECISION::classification-v1.0::ITEM_615ce6a2ed9696f7cbb9,ITEM_615ce6a2ed9696f7cbb9,APPROVE_FAMILY,,,MED_SUPPLY,DISPOSABLE_SYRINGE,주사기,SYRINGE_USAGE_BASED,주사기(사용량 기준),60mL,EA,,MFDS_DEVICE_CLASSIFICATION_2026_18,MFDS_DEVICE_CLASSIFICATION_2026_18::DISPOSABLE_SYRINGE,https://www.law.go.kr/LSW/admRulLsInfoP.do?admRulSeq=2100000275656,representative_name;item_family_id;item_subtype_id;normalized_specification;unit_code,2026-07-22T12:35:28.630356+00:00,verified_family,approved,codex_external_evidence_pipeline,2026-07-22T12:35:28.630356+00:00,explicit_family_spec_unit_supported_by_official_taxonomy,classification-v1.0
DECISION::classification-v1.0::ITEM_15f5315698d8f752c046,ITEM_15f5315698d8f752c046,APPROVE_FAMILY,,,MED_SUPPLY,ANGIO_CATHETER,카테터,ANGIO_NEEDLE,카테터(angio needle),24G,EA,,MFDS_DEVICE_CLASSIFICATION_2026_18,MFDS_DEVICE_CLASSIFICATION_2026_18::ANGIO_CATHETER,https://www.law.go.kr/LSW/admRulLsInfoP.do?admRulSeq=2100000275656,representative_name;item_family_id;item_subtype_id;normalized_specification;unit_code,2026-07-22T12:35:28.630356+00:00,verified_family,approved,codex_external_evidence_pipeline,2026-07-22T12:35:28.630356+00:00,explicit_family_spec_unit_supported_by_official_taxonomy,classification-v1.0
DECISION::classification-v1.0::ITEM_f2e7cacb93a58a8f3751,ITEM_f2e7cacb93a58a8f3751,APPROVE_FAMILY,,,MED_SUPPLY,INFUSION_SET,수액세트,INFUSION_SET,수액세트,수액세트,EA,,MFDS_DEVICE_CLASSIFICATION_2026_18,MFDS_DEVICE_CLASSIFICATION_2026_18::INFUSION_SET,https://www.law.go.kr/LSW/admRulLsInfoP.do?admRulSeq=2100000275656,representative_name;item_family_id;item_subtype_id;normalized_specification;unit_code,2026-07-22T12:35:28.630356+00:00,verified_family,approved,codex_external_evidence_pipeline,2026-07-22T12:35:28.630356+00:00,explicit_family_spec_unit_supported_by_official_taxonomy,classification-v1.0
DECISION::classification-v1.0::ITEM_78752188d456d2cdecfd,ITEM_78752188d456d2cdecfd,APPROVE_FAMILY,,,MED_SUPPLY,DISPOSABLE_SYRINGE,주사기,SYRINGE_USAGE_BASED,주사기(사용량 기준),1mL,EA,,MFDS_DEVICE_CLASSIFICATION_2026_18,MFDS_DEVICE_CLASSIFICATION_2026_18::DISPOSABLE_SYRINGE,https://www.law.go.kr/LSW/admRulLsInfoP.do?admRulSeq=2100000275656,representative_name;item_family_id;item_subtype_id;normalized_specification;unit_code,2026-07-22T12:35:28.630356+00:00,verified_family,approved,codex_external_evidence_pipeline,2026-07-22T12:35:28.630356+00:00,explicit_family_spec_unit_supported_by_official_taxonomy,classification-v1.0
DECISION::classification-v1.0::ITEM_ca8210d780a9639824f2,ITEM_ca8210d780a9639824f2,APPROVE_FAMILY,,,MED_SUPPLY,DISPOSABLE_SYRINGE,주사기,SYRINGE_USAGE_BASED,주사기(사용량 기준),5mL,EA,,MFDS_DEVICE_CLASSIFICATION_2026_18,MFDS_DEVICE_CLASSIFICATION_2026_18::DISPOSABLE_SYRINGE,https://www.law.go.kr/LSW/admRulLsInfoP.do?admRulSeq=2100000275656,representative_name;item_family_id;item_subtype_id;normalized_specification;unit_code,2026-07-22T12:35:28.630356+00:00,verified_family,approved,codex_external_evidence_pipeline,2026-07-22T12:35:28.630356+00:00,explicit_family_spec_unit_supported_by_official_taxonomy,classification-v1.0
DECISION::classification-v1.0::ITEM_b7ad7cd9f537f4237619,ITEM_b7ad7cd9f537f4237619,APPROVE_FAMILY,,,MED_SUPPLY,BLOOD_LANCET,채혈침,BLOOD_LANCET,채혈침,28G,EA,,MFDS_DEVICE_CLASSIFICATION_2026_18,MFDS_DEVICE_CLASSIFICATION_2026_18::BLOOD_LANCET,https://www.law.go.kr/LSW/admRulLsInfoP.do?admRulSeq=2100000275656,representative_name;item_family_id;item_subtype_id;normalized_specification;unit_code,2026-07-22T12:35:28.630356+00:00,verified_family,approved,codex_external_evidence_pipeline,2026-07-22T12:35:28.630356+00:00,explicit_family_spec_unit_supported_by_official_taxonomy,classification-v1.0
DECISION::classification-v1.0::ITEM_13fdf286f15d007efabd,ITEM_13fdf286f15d007efabd,APPROVE_FAMILY,,,MED_SUPPLY,ANGIO_CATHETER,카테터,BUTTERFLY_NEEDLE,나비 바늘,나비 바늘,EA,,MFDS_DEVICE_CLASSIFICATION_2026_18,MFDS_DEVICE_CLASSIFICATION_2026_18::ANGIO_CATHETER,https://www.law.go.kr/LSW/admRulLsInfoP.do?admRulSeq=2100000275656,representative_name;item_family_id;item_subtype_id;normalized_specification;unit_code,2026-07-22T12:35:28.630356+00:00,verified_family,approved,codex_external_evidence_pipeline,2026-07-22T12:35:28.630356+00:00,explicit_family_spec_unit_supported_by_official_taxonomy,classification-v1.0
DECISION::classification-v1.0::ITEM_9102c3f2df7fe399af06,ITEM_9102c3f2df7fe399af06,APPROVE_FAMILY,,,MED_SUPPLY,BLOOD_LANCET,채혈침,BLOOD_LANCET,채혈침,23G,EA,,MFDS_DEVICE_CLASSIFICATION_2026_18,MFDS_DEVICE_CLASSIFICATION_2026_18::BLOOD_LANCET,https://www.law.go.kr/LSW/admRulLsInfoP.do?admRulSeq=2100000275656,representative_name;item_family_id;item_subtype_id;normalized_specification;unit_code,2026-07-22T12:35:28.630356+00:00,verified_family,approved,codex_external_evidence_pipeline,2026-07-22T12:35:28.630356+00:00,explicit_family_spec_unit_supported_by_official_taxonomy,classification-v1.0
DECISION::classification-v1.0::ITEM_0bdf0e248f152f7149f4,ITEM_0bdf0e248f152f7149f4,APPROVE_FAMILY,,,MED_SUPPLY,BLOOD_LANCET,채혈침,BLOOD_LANCET,채혈침,30G,EA,,MFDS_DEVICE_CLASSIFICATION_2026_18,MFDS_DEVICE_CLASSIFICATION_2026_18::BLOOD_LANCET,https://www.law.go.kr/LSW/admRulLsInfoP.do?admRulSeq=2100000275656,representative_name;item_family_id;item_subtype_id;normalized_specification;unit_code,2026-07-22T12:35:28.630356+00:00,verified_family,approved,codex_external_evidence_pipeline,2026-07-22T12:35:28.630356+00:00,explicit_family_spec_unit_supported_by_official_taxonomy,classification-v1.0
DECISION::classification-v1.0::ITEM_f5db47ea87ecc72f98a9,ITEM_f5db47ea87ecc72f98a9,APPROVE_FAMILY,,,MED_SUPPLY,BLOOD_LANCET,채혈침,BLOOD_LANCET,채혈침,23G,EA,,MFDS_DEVICE_CLASSIFICATION_2026_18,MFDS_DEVICE_CLASSIFICATION_2026_18::BLOOD_LANCET,https://www.law.go.kr/LSW/admRulLsInfoP.do?admRulSeq=2100000275656,representative_name;item_family_id;item_subtype_id;normalized_specification;unit_code,2026-07-22T12:35:28.630356+00:00,verified_family,approved,codex_external_evidence_pipeline,2026-07-22T12:35:28.630356+00:00,explicit_family_spec_unit_supported_by_official_taxonomy,classification-v1.0
DECISION::classification-v1.0::ITEM_47f83309d495f8f6fc65,ITEM_47f83309d495f8f6fc65,APPROVE_FAMILY,,,MED_SUPPLY,BLOOD_LANCET,채혈침,BLOOD_LANCET,채혈침,30G,EA,,MFDS_DEVICE_CLASSIFICATION_2026_18,MFDS_DEVICE_CLASSIFICATION_2026_18::BLOOD_LANCET,https://www.law.go.kr/LSW/admRulLsInfoP.do?admRulSeq=2100000275656,representative_name;item_family_id;item_subtype_id;normalized_specification;unit_code,2026-07-22T12:35:28.630356+00:00,verified_family,approved,codex_external_evidence_pipeline,2026-07-22T12:35:28.630356+00:00,explicit_family_spec_unit_supported_by_official_taxonomy,classification-v1.0
DECISION::classification-v1.0::ITEM_b4d48a42cfda78fd6bc0,ITEM_b4d48a42cfda78fd6bc0,APPROVE_FAMILY,,,MED_SUPPLY,BLOOD_LANCET,채혈침,BLOOD_LANCET,채혈침,26G,EA,,MFDS_DEVICE_CLASSIFICATION_2026_18,MFDS_DEVICE_CLASSIFICATION_2026_18::BLOOD_LANCET,https://www.law.go.kr/LSW/admRulLsInfoP.do?admRulSeq=2100000275656,representative_name;item_family_id;item_subtype_id;normalized_specification;unit_code,2026-07-22T12:35:28.630356+00:00,verified_family,approved,codex_external_evidence_pipeline,2026-07-22T12:35:28.630356+00:00,explicit_family_spec_unit_supported_by_official_taxonomy,classification-v1.0
DECISION::classification-v1.0::ITEM_dedfeb6ce89442e1ed0e,ITEM_dedfeb6ce89442e1ed0e,APPROVE_FAMILY,,,MED_SUPPLY,BLOOD_LANCET,채혈침,BLOOD_LANCET,채혈침,30G,EA,,MFDS_DEVICE_CLASSIFICATION_2026_18,MFDS_DEVICE_CLASSIFICATION_2026_18::BLOOD_LANCET,https://www.law.go.kr/LSW/admRulLsInfoP.do?admRulSeq=2100000275656,representative_name;item_family_id;item_subtype_id;normalized_specification;unit_code,2026-07-22T12:35:28.630356+00:00,verified_family,approved,codex_external_evidence_pipeline,2026-07-22T12:35:28.630356+00:00,explicit_family_spec_unit_supported_by_official_taxonomy,classification-v1.0
DECISION::classification-v1.0::ITEM_f6f65daaf7f351272007,ITEM_f6f65daaf7f351272007,APPROVE_FAMILY,,,MED_SUPPLY,BLOOD_LANCET,채혈침,BLOOD_LANCET,채혈침,28G,EA,,MFDS_DEVICE_CLASSIFICATION_2026_18,MFDS_DEVICE_CLASSIFICATION_2026_18::BLOOD_LANCET,https://www.law.go.kr/LSW/admRulLsInfoP.do?admRulSeq=2100000275656,representative_name;item_family_id;item_subtype_id;normalized_specification;unit_code,2026-07-22T12:35:28.630356+00:00,verified_family,approved,codex_external_evidence_pipeline,2026-07-22T12:35:28.630356+00:00,explicit_family_spec_unit_supported_by_official_taxonomy,classification-v1.0
DECISION::classification-v1.0::ITEM_17fbc6c85ff30048d36f,ITEM_17fbc6c85ff30048d36f,APPROVE_FAMILY,,,MED_SUPPLY,INJECTION_NEEDLE,주사침,INJECTION_NEEDLE,주사침,30G,EA,,MFDS_DEVICE_CLASSIFICATION_2026_18,MFDS_DEVICE_CLASSIFICATION_2026_18::INJECTION_NEEDLE,https://www.law.go.kr/LSW/admRulLsInfoP.do?admRulSeq=2100000275656,representative_name;item_family_id;item_subtype_id;normalized_specification;unit_code,2026-07-22T12:35:28.630356+00:00,verified_family,approved,codex_external_evidence_pipeline,2026-07-22T12:35:28.630356+00:00,explicit_family_spec_unit_supported_by_official_taxonomy,classification-v1.0
DECISION::classification-v1.0::ITEM_b3de9a7ac4a676c42b30,ITEM_b3de9a7ac4a676c42b30,APPROVE_FAMILY,,,MED_SUPPLY,DISPOSABLE_SYRINGE,주사기,SYRINGE_USAGE_BASED,주사기(사용량 기준),50mL,EA,,MFDS_DEVICE_CLASSIFICATION_2026_18,MFDS_DEVICE_CLASSIFICATION_2026_18::DISPOSABLE_SYRINGE,https://www.law.go.kr/LSW/admRulLsInfoP.do?admRulSeq=2100000275656,representative_name;item_family_id;item_subtype_id;normalized_specification;unit_code,2026-07-22T12:35:28.630356+00:00,verified_family,approved,codex_external_evidence_pipeline,2026-07-22T12:35:28.630356+00:00,explicit_family_spec_unit_supported_by_official_taxonomy,classification-v1.0
DECISION::classification-v1.0::ITEM_4a6f37748cf8ca28b392,ITEM_4a6f37748cf8ca28b392,APPROVE_FAMILY,,,MED_SUPPLY,DISPOSABLE_SYRINGE,주사기,SYRINGE_USAGE_BASED,주사기(사용량 기준),60mL,EA,,MFDS_DEVICE_CLASSIFICATION_2026_18,MFDS_DEVICE_CLASSIFICATION_2026_18::DISPOSABLE_SYRINGE,https://www.law.go.kr/LSW/admRulLsInfoP.do?admRulSeq=2100000275656,representative_name;item_family_id;item_subtype_id;normalized_specification;unit_code,2026-07-22T12:35:28.630356+00:00,verified_family,approved,codex_external_evidence_pipeline,2026-07-22T12:35:28.630356+00:00,explicit_family_spec_unit_supported_by_official_taxonomy,classification-v1.0
DECISION::classification-v1.0::ITEM_050d42d6ce7fc0ad0729,ITEM_050d42d6ce7fc0ad0729,APPROVE_FAMILY,,,MED_SUPPLY,INJECTION_NEEDLE,주사침,INJECTION_NEEDLE,주사침,23G,EA,,MFDS_DEVICE_CLASSIFICATION_2026_18,MFDS_DEVICE_CLASSIFICATION_2026_18::INJECTION_NEEDLE,https://www.law.go.kr/LSW/admRulLsInfoP.do?admRulSeq=2100000275656,representative_name;item_family_id;item_subtype_id;normalized_specification;unit_code,2026-07-22T12:35:28.630356+00:00,verified_family,approved,codex_external_evidence_pipeline,2026-07-22T12:35:28.630356+00:00,explicit_family_spec_unit_supported_by_official_taxonomy,classification-v1.0
DECISION::classification-v1.0::ITEM_97e5b8a6c4f529da92f1,ITEM_97e5b8a6c4f529da92f1,APPROVE_FAMILY,,,MED_SUPPLY,BLOOD_LANCET,채혈침,BLOOD_LANCET,채혈침,26G,EA,,MFDS_DEVICE_CLASSIFICATION_2026_18,MFDS_DEVICE_CLASSIFICATION_2026_18::BLOOD_LANCET,https://www.law.go.kr/LSW/admRulLsInfoP.do?admRulSeq=2100000275656,representative_name;item_family_id;item_subtype_id;normalized_specification;unit_code,2026-07-22T12:35:28.630356+00:00,verified_family,approved,codex_external_evidence_pipeline,2026-07-22T12:35:28.630356+00:00,explicit_family_spec_unit_supported_by_official_taxonomy,classification-v1.0
DECISION::classification-v1.0::ITEM_384095953df5838db1ea,ITEM_384095953df5838db1ea,APPROVE_FAMILY,,,MED_SUPPLY,URINE_BAG,Urine bag,URINE_BAG,Urine bag,2000mL,EA,,MFDS_DEVICE_CLASSIFICATION_2026_18,MFDS_DEVICE_CLASSIFICATION_2026_18::URINE_BAG,https://www.law.go.kr/LSW/admRulLsInfoP.do?admRulSeq=2100000275656,representative_name;item_family_id;item_subtype_id;normalized_specification;unit_code,2026-07-22T12:35:28.630356+00:00,verified_family,approved,codex_external_evidence_pipeline,2026-07-22T12:35:28.630356+00:00,explicit_family_spec_unit_supported_by_official_taxonomy,classification-v1.0
DECISION::classification-v1.0::ITEM_d3b47013dcb4c19c1ddb,ITEM_d3b47013dcb4c19c1ddb,APPROVE_FAMILY,,,MED_SUPPLY,BLOOD_LANCET,채혈침,BLOOD_LANCET,채혈침,30G,EA,,MFDS_DEVICE_CLASSIFICATION_2026_18,MFDS_DEVICE_CLASSIFICATION_2026_18::BLOOD_LANCET,https://www.law.go.kr/LSW/admRulLsInfoP.do?admRulSeq=2100000275656,representative_name;item_family_id;item_subtype_id;normalized_specification;unit_code,2026-07-22T12:35:28.630356+00:00,verified_family,approved,codex_external_evidence_pipeline,2026-07-22T12:35:28.630356+00:00,explicit_family_spec_unit_supported_by_official_taxonomy,classification-v1.0
DECISION::classification-v1.0::ITEM_fde31ef8d3c7f0cf5afe,ITEM_fde31ef8d3c7f0cf5afe,APPROVE_FAMILY,,,MED_SUPPLY,BLOOD_LANCET,채혈침,BLOOD_LANCET,채혈침,28G,EA,,MFDS_DEVICE_CLASSIFICATION_2026_18,MFDS_DEVICE_CLASSIFICATION_2026_18::BLOOD_LANCET,https://www.law.go.kr/LSW/admRulLsInfoP.do?admRulSeq=2100000275656,representative_name;item_family_id;item_subtype_id;normalized_specification;unit_code,2026-07-22T12:35:28.630356+00:00,verified_family,approved,codex_external_evidence_pipeline,2026-07-22T12:35:28.630356+00:00,explicit_family_spec_unit_supported_by_official_taxonomy,classification-v1.0
DECISION::classification-v1.0::ITEM_37e176316c41507bc8fa,ITEM_37e176316c41507bc8fa,APPROVE_FAMILY,,,MED_SUPPLY,INFUSION_SET,수액세트,INFUSION_SET,수액세트,수액세트,EA,,MFDS_DEVICE_CLASSIFICATION_2026_18,MFDS_DEVICE_CLASSIFICATION_2026_18::INFUSION_SET,https://www.law.go.kr/LSW/admRulLsInfoP.do?admRulSeq=2100000275656,representative_name;item_family_id;item_subtype_id;normalized_specification;unit_code,2026-07-22T12:35:28.630356+00:00,verified_family,approved,codex_external_evidence_pipeline,2026-07-22T12:35:28.630356+00:00,explicit_family_spec_unit_supported_by_official_taxonomy,classification-v1.0
DECISION::classification-v1.0::ITEM_e85c1100cb813acecfa4,ITEM_e85c1100cb813acecfa4,APPROVE_FAMILY,,,MED_SUPPLY,INFUSION_SET,수액세트,INFUSION_SET,수액세트,수액세트,EA,,MFDS_DEVICE_CLASSIFICATION_2026_18,MFDS_DEVICE_CLASSIFICATION_2026_18::INFUSION_SET,https://www.law.go.kr/LSW/admRulLsInfoP.do?admRulSeq=2100000275656,representative_name;item_family_id;item_subtype_id;normalized_specification;unit_code,2026-07-22T12:35:28.630356+00:00,verified_family,approved,codex_external_evidence_pipeline,2026-07-22T12:35:28.630356+00:00,explicit_family_spec_unit_supported_by_official_taxonomy,classification-v1.0
DECISION::classification-v1.0::ITEM_0be0784b728b836b62cc,ITEM_0be0784b728b836b62cc,APPROVE_FAMILY,,,MED_SUPPLY,INFUSION_SET,수액세트,INFUSION_SET,수액세트,수액세트,EA,,MFDS_DEVICE_CLASSIFICATION_2026_18,MFDS_DEVICE_CLASSIFICATION_2026_18::INFUSION_SET,https://www.law.go.kr/LSW/admRulLsInfoP.do?admRulSeq=2100000275656,representative_name;item_family_id;item_subtype_id;normalized_specification;unit_code,2026-07-22T12:35:28.630356+00:00,verified_family,approved,codex_external_evidence_pipeline,2026-07-22T12:35:28.630356+00:00,explicit_family_spec_unit_supported_by_official_taxonomy,classification-v1.0
DECISION::classification-v1.0::ITEM_1626f1ff43b3ba1600a9,ITEM_1626f1ff43b3ba1600a9,APPROVE_FAMILY,,,MED_SUPPLY,INFUSION_SET,수액세트,INFUSION_SET,수액세트,수액세트,EA,,MFDS_DEVICE_CLASSIFICATION_2026_18,MFDS_DEVICE_CLASSIFICATION_2026_18::INFUSION_SET,https://www.law.go.kr/LSW/admRulLsInfoP.do?admRulSeq=2100000275656,representative_name;item_family_id;item_subtype_id;normalized_specification;unit_code,2026-07-22T12:35:28.630356+00:00,verified_family,approved,codex_external_evidence_pipeline,2026-07-22T12:35:28.630356+00:00,explicit_family_spec_unit_supported_by_official_taxonomy,classification-v1.0
DECISION::classification-v1.0::ITEM_e10d758be09013cce253,ITEM_e10d758be09013cce253,APPROVE_FAMILY,,,MED_SUPPLY,INFUSION_SET,수액세트,INFUSION_SET,수액세트,수액세트,EA,,MFDS_DEVICE_CLASSIFICATION_2026_18,MFDS_DEVICE_CLASSIFICATION_2026_18::INFUSION_SET,https://www.law.go.kr/LSW/admRulLsInfoP.do?admRulSeq=2100000275656,representative_name;item_family_id;item_subtype_id;normalized_specification;unit_code,2026-07-22T12:35:28.630356+00:00,verified_family,approved,codex_external_evidence_pipeline,2026-07-22T12:35:28.630356+00:00,explicit_family_spec_unit_supported_by_official_taxonomy,classification-v1.0
DECISION::classification-v1.0::ITEM_57105ed08999bb6a20e6,ITEM_57105ed08999bb6a20e6,APPROVE_FAMILY,,,MED_SUPPLY,BLOOD_LANCET,채혈침,BLOOD_LANCET,채혈침,30G,EA,,MFDS_DEVICE_CLASSIFICATION_2026_18,MFDS_DEVICE_CLASSIFICATION_2026_18::BLOOD_LANCET,https://www.law.go.kr/LSW/admRulLsInfoP.do?admRulSeq=2100000275656,representative_name;item_family_id;item_subtype_id;normalized_specification;unit_code,2026-07-22T12:35:28.630356+00:00,verified_family,approved,codex_external_evidence_pipeline,2026-07-22T12:35:28.630356+00:00,explicit_family_spec_unit_supported_by_official_taxonomy,classification-v1.0
DECISION::classification-v1.0::ITEM_90f0899135b4c421270b,ITEM_90f0899135b4c421270b,APPROVE_FAMILY,,,MED_SUPPLY,BLOOD_LANCET,채혈침,BLOOD_LANCET,채혈침,30G,EA,,MFDS_DEVICE_CLASSIFICATION_2026_18,MFDS_DEVICE_CLASSIFICATION_2026_18::BLOOD_LANCET,https://www.law.go.kr/LSW/admRulLsInfoP.do?admRulSeq=2100000275656,representative_name;item_family_id;item_subtype_id;normalized_specification;unit_code,2026-07-22T12:35:28.630356+00:00,verified_family,approved,codex_external_evidence_pipeline,2026-07-22T12:35:28.630356+00:00,explicit_family_spec_unit_supported_by_official_taxonomy,classification-v1.0
DECISION::classification-v1.0::ITEM_936da86ebf87bdae96c0,ITEM_936da86ebf87bdae96c0,APPROVE_FAMILY,,,MED_SUPPLY,BLOOD_LANCET,채혈침,BLOOD_LANCET,채혈침,28G,EA,,MFDS_DEVICE_CLASSIFICATION_2026_18,MFDS_DEVICE_CLASSIFICATION_2026_18::BLOOD_LANCET,https://www.law.go.kr/LSW/admRulLsInfoP.do?admRulSeq=2100000275656,representative_name;item_family_id;item_subtype_id;normalized_specification;unit_code,2026-07-22T12:35:28.630356+00:00,verified_family,approved,codex_external_evidence_pipeline,2026-07-22T12:35:28.630356+00:00,explicit_family_spec_unit_supported_by_official_taxonomy,classification-v1.0
DECISION::classification-v1.0::ITEM_7e56a0d2a2a039129d98,ITEM_7e56a0d2a2a039129d98,APPROVE_FAMILY,,,MED_SUPPLY,ANGIO_CATHETER,카테터,ANGIO_NEEDLE,카테터(angio needle),18G,EA,,MFDS_DEVICE_CLASSIFICATION_2026_18,MFDS_DEVICE_CLASSIFICATION_2026_18::ANGIO_CATHETER,https://www.law.go.kr/LSW/admRulLsInfoP.do?admRulSeq=2100000275656,representative_name;item_family_id;item_subtype_id;normalized_specification;unit_code,2026-07-22T12:35:28.630356+00:00,verified_family,approved,codex_external_evidence_pipeline,2026-07-22T12:35:28.630356+00:00,explicit_family_spec_unit_supported_by_official_taxonomy,classification-v1.0
DECISION::classification-v1.0::ITEM_7fa87f33b06db2b0362c,ITEM_7fa87f33b06db2b0362c,APPROVE_FAMILY,,,MED_SUPPLY,ANGIO_CATHETER,카테터,ANGIO_NEEDLE,카테터(angio needle),22G,EA,,MFDS_DEVICE_CLASSIFICATION_2026_18,MFDS_DEVICE_CLASSIFICATION_2026_18::ANGIO_CATHETER,https://www.law.go.kr/LSW/admRulLsInfoP.do?admRulSeq=2100000275656,representative_name;item_family_id;item_subtype_id;normalized_specification;unit_code,2026-07-22T12:35:28.630356+00:00,verified_family,approved,codex_external_evidence_pipeline,2026-07-22T12:35:28.630356+00:00,explicit_family_spec_unit_supported_by_official_taxonomy,classification-v1.0
DECISION::classification-v1.0::ITEM_5d9d0771c0e61232e9f0,ITEM_5d9d0771c0e61232e9f0,APPROVE_FAMILY,,,MED_SUPPLY,ANGIO_CATHETER,카테터,ANGIO_NEEDLE,카테터(angio needle),24G,EA,,MFDS_DEVICE_CLASSIFICATION_2026_18,MFDS_DEVICE_CLASSIFICATION_2026_18::ANGIO_CATHETER,https://www.law.go.kr/LSW/admRulLsInfoP.do?admRulSeq=2100000275656,representative_name;item_family_id;item_subtype_id;normalized_specification;unit_code,2026-07-22T12:35:28.630356+00:00,verified_family,approved,codex_external_evidence_pipeline,2026-07-22T12:35:28.630356+00:00,explicit_family_spec_unit_supported_by_official_taxonomy,classification-v1.0
DECISION::classification-v1.0::ITEM_04beb1e4641728c7cab1,ITEM_04beb1e4641728c7cab1,APPROVE_FAMILY,,,WASTE,MEDICAL_WASTE_CONTAINER,의료폐기물 전용용기,RIGID_NEEDLE_BOX,합성수지형 용기(needle box),10L,EA,,WASTE_RULE_APPENDIX_5_2026_03_26,WASTE_RULE_APPENDIX_5_2026_03_26::MEDICAL_WASTE_CONTAINER,https://www.law.go.kr/flDownload.do?bylClsCd=110201&flSeq=162812925&gubun=,representative_name;item_family_id;item_subtype_id;normalized_specification;unit_code,2026-07-22T12:35:28.630356+00:00,verified_family,approved,codex_external_evidence_pipeline,2026-07-22T12:35:28.630356+00:00,explicit_family_spec_unit_supported_by_official_taxonomy,classification-v1.0
DECISION::classification-v1.0::ITEM_6ff92deb3c9ab496043f,ITEM_6ff92deb3c9ab496043f,APPROVE_FAMILY,,,WASTE,MEDICAL_WASTE_CONTAINER,의료폐기물 전용용기,RIGID_NEEDLE_BOX,합성수지형 용기(needle box),1L,EA,,WASTE_RULE_APPENDIX_5_2026_03_26,WASTE_RULE_APPENDIX_5_2026_03_26::MEDICAL_WASTE_CONTAINER,https://www.law.go.kr/flDownload.do?bylClsCd=110201&flSeq=162812925&gubun=,representative_name;item_family_id;item_subtype_id;normalized_specification;unit_code,2026-07-22T12:35:28.630356+00:00,verified_family,approved,codex_external_evidence_pipeline,2026-07-22T12:35:28.630356+00:00,explicit_family_spec_unit_supported_by_official_taxonomy,classification-v1.0
DECISION::classification-v1.0::ITEM_72cf2f246c10fcc39802,ITEM_72cf2f246c10fcc39802,APPROVE_FAMILY,,,WASTE,MEDICAL_WASTE_CONTAINER,의료폐기물 전용용기,RIGID_NEEDLE_BOX,합성수지형 용기(needle box),5L,EA,,WASTE_RULE_APPENDIX_5_2026_03_26,WASTE_RULE_APPENDIX_5_2026_03_26::MEDICAL_WASTE_CONTAINER,https://www.law.go.kr/flDownload.do?bylClsCd=110201&flSeq=162812925&gubun=,representative_name;item_family_id;item_subtype_id;normalized_specification;unit_code,2026-07-22T12:35:28.630356+00:00,verified_family,approved,codex_external_evidence_pipeline,2026-07-22T12:35:28.630356+00:00,explicit_family_spec_unit_supported_by_official_taxonomy,classification-v1.0
DECISION::classification-v1.0::ITEM_bcd90139ea5eaa9ef860,ITEM_bcd90139ea5eaa9ef860,APPROVE_FAMILY,,,MED_SUPPLY,INFUSION_SET,수액세트,INFUSION_SET,수액세트,수액세트,EA,,MFDS_DEVICE_CLASSIFICATION_2026_18,MFDS_DEVICE_CLASSIFICATION_2026_18::INFUSION_SET,https://www.law.go.kr/LSW/admRulLsInfoP.do?admRulSeq=2100000275656,representative_name;item_family_id;item_subtype_id;normalized_specification;unit_code,2026-07-22T12:35:28.630356+00:00,verified_family,approved,codex_external_evidence_pipeline,2026-07-22T12:35:28.630356+00:00,explicit_family_spec_unit_supported_by_official_taxonomy,classification-v1.0
DECISION::classification-v1.0::ITEM_fa45a94cc6ccaa4d80d8,ITEM_fa45a94cc6ccaa4d80d8,APPROVE_FAMILY,,,MED_SUPPLY,DISPOSABLE_SYRINGE,주사기,SYRINGE_USAGE_BASED,주사기(사용량 기준),1mL,EA,,MFDS_DEVICE_CLASSIFICATION_2026_18,MFDS_DEVICE_CLASSIFICATION_2026_18::DISPOSABLE_SYRINGE,https://www.law.go.kr/LSW/admRulLsInfoP.do?admRulSeq=2100000275656,representative_name;item_family_id;item_subtype_id;normalized_specification;unit_code,2026-07-22T12:35:28.630356+00:00,verified_family,approved,codex_external_evidence_pipeline,2026-07-22T12:35:28.630356+00:00,explicit_family_spec_unit_supported_by_official_taxonomy,classification-v1.0
DECISION::classification-v1.0::ITEM_b31b712b6be1cb7f9864,ITEM_b31b712b6be1cb7f9864,APPROVE_FAMILY,,,MED_SUPPLY,DISPOSABLE_SYRINGE,주사기,SYRINGE_USAGE_BASED,주사기(사용량 기준),3mL,EA,,MFDS_DEVICE_CLASSIFICATION_2026_18,MFDS_DEVICE_CLASSIFICATION_2026_18::DISPOSABLE_SYRINGE,https://www.law.go.kr/LSW/admRulLsInfoP.do?admRulSeq=2100000275656,representative_name;item_family_id;item_subtype_id;normalized_specification;unit_code,2026-07-22T12:35:28.630356+00:00,verified_family,approved,codex_external_evidence_pipeline,2026-07-22T12:35:28.630356+00:00,explicit_family_spec_unit_supported_by_official_taxonomy,classification-v1.0
DECISION::classification-v1.0::ITEM_9c912b6e1633d50894d5,ITEM_9c912b6e1633d50894d5,APPROVE_FAMILY,,,MED_SUPPLY,BLOOD_LANCET,채혈침,BLOOD_LANCET,채혈침,30G,EA,,MFDS_DEVICE_CLASSIFICATION_2026_18,MFDS_DEVICE_CLASSIFICATION_2026_18::BLOOD_LANCET,https://www.law.go.kr/LSW/admRulLsInfoP.do?admRulSeq=2100000275656,representative_name;item_family_id;item_subtype_id;normalized_specification;unit_code,2026-07-22T12:35:28.630356+00:00,verified_family,approved,codex_external_evidence_pipeline,2026-07-22T12:35:28.630356+00:00,explicit_family_spec_unit_supported_by_official_taxonomy,classification-v1.0
DECISION::classification-v1.0::ITEM_b9c453d89a95819f7a32,ITEM_b9c453d89a95819f7a32,APPROVE_FAMILY,,,MED_SUPPLY,BLOOD_LANCET,채혈침,BLOOD_LANCET,채혈침,28G,EA,,MFDS_DEVICE_CLASSIFICATION_2026_18,MFDS_DEVICE_CLASSIFICATION_2026_18::BLOOD_LANCET,https://www.law.go.kr/LSW/admRulLsInfoP.do?admRulSeq=2100000275656,representative_name;item_family_id;item_subtype_id;normalized_specification;unit_code,2026-07-22T12:35:28.630356+00:00,verified_family,approved,codex_external_evidence_pipeline,2026-07-22T12:35:28.630356+00:00,explicit_family_spec_unit_supported_by_official_taxonomy,classification-v1.0
DECISION::classification-v1.0::ITEM_81d221017954e2e3dfcb,ITEM_81d221017954e2e3dfcb,APPROVE_FAMILY,,,MED_SUPPLY,INJECTION_NEEDLE,주사침,INJECTION_NEEDLE,주사침,25G,EA,,MFDS_DEVICE_CLASSIFICATION_2026_18,MFDS_DEVICE_CLASSIFICATION_2026_18::INJECTION_NEEDLE,https://www.law.go.kr/LSW/admRulLsInfoP.do?admRulSeq=2100000275656,representative_name;item_family_id;item_subtype_id;normalized_specification;unit_code,2026-07-22T12:35:28.630356+00:00,verified_family,approved,codex_external_evidence_pipeline,2026-07-22T12:35:28.630356+00:00,explicit_family_spec_unit_supported_by_official_taxonomy,classification-v1.0
DECISION::classification-v1.0::ITEM_b1df5a4d2a4b52769f5b,ITEM_b1df5a4d2a4b52769f5b,APPROVE_FAMILY,,,MED_SUPPLY,BLOOD_LANCET,채혈침,BLOOD_LANCET,채혈침,28G,EA,,MFDS_DEVICE_CLASSIFICATION_2026_18,MFDS_DEVICE_CLASSIFICATION_2026_18::BLOOD_LANCET,https://www.law.go.kr/LSW/admRulLsInfoP.do?admRulSeq=2100000275656,representative_name;item_family_id;item_subtype_id;normalized_specification;unit_code,2026-07-22T12:35:28.630356+00:00,verified_family,approved,codex_external_evidence_pipeline,2026-07-22T12:35:28.630356+00:00,explicit_family_spec_unit_supported_by_official_taxonomy,classification-v1.0
DECISION::classification-v1.0::ITEM_9122f3b4bc00dac797d6,ITEM_9122f3b4bc00dac797d6,APPROVE_FAMILY,,,MED_SUPPLY,BLOOD_LANCET,채혈침,BLOOD_LANCET,채혈침,30G,EA,,MFDS_DEVICE_CLASSIFICATION_2026_18,MFDS_DEVICE_CLASSIFICATION_2026_18::BLOOD_LANCET,https://www.law.go.kr/LSW/admRulLsInfoP.do?admRulSeq=2100000275656,representative_name;item_family_id;item_subtype_id;normalized_specification;unit_code,2026-07-22T12:35:28.630356+00:00,verified_family,approved,codex_external_evidence_pipeline,2026-07-22T12:35:28.630356+00:00,explicit_family_spec_unit_supported_by_official_taxonomy,classification-v1.0
DECISION::classification-v1.0::ITEM_dea140ee902042cd4634,ITEM_dea140ee902042cd4634,APPROVE_FAMILY,,,MED_SUPPLY,INJECTION_NEEDLE,주사침,INJECTION_NEEDLE,주사침,17G,EA,,MFDS_DEVICE_CLASSIFICATION_2026_18,MFDS_DEVICE_CLASSIFICATION_2026_18::INJECTION_NEEDLE,https://www.law.go.kr/LSW/admRulLsInfoP.do?admRulSeq=2100000275656,representative_name;item_family_id;item_subtype_id;normalized_specification;unit_code,2026-07-22T12:35:28.630356+00:00,verified_family,approved,codex_external_evidence_pipeline,2026-07-22T12:35:28.630356+00:00,explicit_family_spec_unit_supported_by_official_taxonomy,classification-v1.0
DECISION::classification-v1.0::ITEM_2034f4b53e14170a35e3,ITEM_2034f4b53e14170a35e3,APPROVE_FAMILY,,,MED_SUPPLY,INJECTION_NEEDLE,주사침,INJECTION_NEEDLE,주사침,25G,EA,,MFDS_DEVICE_CLASSIFICATION_2026_18,MFDS_DEVICE_CLASSIFICATION_2026_18::INJECTION_NEEDLE,https://www.law.go.kr/LSW/admRulLsInfoP.do?admRulSeq=2100000275656,representative_name;item_family_id;item_subtype_id;normalized_specification;unit_code,2026-07-22T12:35:28.630356+00:00,verified_family,approved,codex_external_evidence_pipeline,2026-07-22T12:35:28.630356+00:00,explicit_family_spec_unit_supported_by_official_taxonomy,classification-v1.0
DECISION::classification-v1.0::ITEM_3f6d6ced74bcb3347866,ITEM_3f6d6ced74bcb3347866,APPROVE_FAMILY,,,MED_SUPPLY,DISPOSABLE_SYRINGE,주사기,SYRINGE_USAGE_BASED,주사기(사용량 기준),10mL,EA,,MFDS_DEVICE_CLASSIFICATION_2026_18,MFDS_DEVICE_CLASSIFICATION_2026_18::DISPOSABLE_SYRINGE,https://www.law.go.kr/LSW/admRulLsInfoP.do?admRulSeq=2100000275656,representative_name;item_family_id;item_subtype_id;normalized_specification;unit_code,2026-07-22T12:35:28.630356+00:00,verified_family,approved,codex_external_evidence_pipeline,2026-07-22T12:35:28.630356+00:00,explicit_family_spec_unit_supported_by_official_taxonomy,classification-v1.0
DECISION::classification-v1.0::ITEM_5580ff396dbce7323381,ITEM_5580ff396dbce7323381,APPROVE_FAMILY,,,MED_SUPPLY,DISPOSABLE_SYRINGE,주사기,SYRINGE_USAGE_BASED,주사기(사용량 기준),3mL,EA,,MFDS_DEVICE_CLASSIFICATION_2026_18,MFDS_DEVICE_CLASSIFICATION_2026_18::DISPOSABLE_SYRINGE,https://www.law.go.kr/LSW/admRulLsInfoP.do?admRulSeq=2100000275656,representative_name;item_family_id;item_subtype_id;normalized_specification;unit_code,2026-07-22T12:35:28.630356+00:00,verified_family,approved,codex_external_evidence_pipeline,2026-07-22T12:35:28.630356+00:00,explicit_family_spec_unit_supported_by_official_taxonomy,classification-v1.0
DECISION::classification-v1.0::ITEM_ac40badba7d116941efa,ITEM_ac40badba7d116941efa,APPROVE_FAMILY,,,MED_SUPPLY,DISPOSABLE_SYRINGE,주사기,SYRINGE_USAGE_BASED,주사기(사용량 기준),5mL,EA,,MFDS_DEVICE_CLASSIFICATION_2026_18,MFDS_DEVICE_CLASSIFICATION_2026_18::DISPOSABLE_SYRINGE,https://www.law.go.kr/LSW/admRulLsInfoP.do?admRulSeq=2100000275656,representative_name;item_family_id;item_subtype_id;normalized_specification;unit_code,2026-07-22T12:35:28.630356+00:00,verified_family,approved,codex_external_evidence_pipeline,2026-07-22T12:35:28.630356+00:00,explicit_family_spec_unit_supported_by_official_taxonomy,classification-v1.0
DECISION::classification-v1.0::ITEM_7c29ae7d7eb0022f1cee,ITEM_7c29ae7d7eb0022f1cee,APPROVE_FAMILY,,,MED_SUPPLY,INJECTION_NEEDLE,주사침,INJECTION_NEEDLE,주사침,25G,EA,,MFDS_DEVICE_CLASSIFICATION_2026_18,MFDS_DEVICE_CLASSIFICATION_2026_18::INJECTION_NEEDLE,https://www.law.go.kr/LSW/admRulLsInfoP.do?admRulSeq=2100000275656,representative_name;item_family_id;item_subtype_id;normalized_specification;unit_code,2026-07-22T12:35:28.630356+00:00,verified_family,approved,codex_external_evidence_pipeline,2026-07-22T12:35:28.630356+00:00,explicit_family_spec_unit_supported_by_official_taxonomy,classification-v1.0
DECISION::classification-v1.0::ITEM_22a74e572caab937b046,ITEM_22a74e572caab937b046,APPROVE_FAMILY,,,MED_SUPPLY,INJECTION_NEEDLE,주사침,INJECTION_NEEDLE,주사침,30G,EA,,MFDS_DEVICE_CLASSIFICATION_2026_18,MFDS_DEVICE_CLASSIFICATION_2026_18::INJECTION_NEEDLE,https://www.law.go.kr/LSW/admRulLsInfoP.do?admRulSeq=2100000275656,representative_name;item_family_id;item_subtype_id;normalized_specification;unit_code,2026-07-22T12:35:28.630356+00:00,verified_family,approved,codex_external_evidence_pipeline,2026-07-22T12:35:28.630356+00:00,explicit_family_spec_unit_supported_by_official_taxonomy,classification-v1.0
DECISION::classification-v1.0::ITEM_1fc05cf1dc24dcc6718c,ITEM_1fc05cf1dc24dcc6718c,APPROVE_FAMILY,,,MED_SUPPLY,INJECTION_NEEDLE,주사침,INJECTION_NEEDLE,주사침,26G,EA,,MFDS_DEVICE_CLASSIFICATION_2026_18,MFDS_DEVICE_CLASSIFICATION_2026_18::INJECTION_NEEDLE,https://www.law.go.kr/LSW/admRulLsInfoP.do?admRulSeq=2100000275656,representative_name;item_family_id;item_subtype_id;normalized_specification;unit_code,2026-07-22T12:35:28.630356+00:00,verified_family,approved,codex_external_evidence_pipeline,2026-07-22T12:35:28.630356+00:00,explicit_family_spec_unit_supported_by_official_taxonomy,classification-v1.0
DECISION::classification-v1.0::ITEM_d948e09432460305c64a,ITEM_d948e09432460305c64a,APPROVE_FAMILY,,,MED_SUPPLY,BLOOD_LANCET,채혈침,BLOOD_LANCET,채혈침,30G,EA,,MFDS_DEVICE_CLASSIFICATION_2026_18,MFDS_DEVICE_CLASSIFICATION_2026_18::BLOOD_LANCET,https://www.law.go.kr/LSW/admRulLsInfoP.do?admRulSeq=2100000275656,representative_name;item_family_id;item_subtype_id;normalized_specification;unit_code,2026-07-22T12:35:28.630356+00:00,verified_family,approved,codex_external_evidence_pipeline,2026-07-22T12:35:28.630356+00:00,explicit_family_spec_unit_supported_by_official_taxonomy,classification-v1.0
DECISION::classification-v1.0::ITEM_2fca9b94fbe3d09c885f,ITEM_2fca9b94fbe3d09c885f,APPROVE_FAMILY,,,MED_SUPPLY,ANGIO_CATHETER,카테터,ANGIO_NEEDLE,카테터(angio needle),18G,EA,,MFDS_DEVICE_CLASSIFICATION_2026_18,MFDS_DEVICE_CLASSIFICATION_2026_18::ANGIO_CATHETER,https://www.law.go.kr/LSW/admRulLsInfoP.do?admRulSeq=2100000275656,representative_name;item_family_id;item_subtype_id;normalized_specification;unit_code,2026-07-22T12:35:28.630356+00:00,verified_family,approved,codex_external_evidence_pipeline,2026-07-22T12:35:28.630356+00:00,explicit_family_spec_unit_supported_by_official_taxonomy,classification-v1.0
DECISION::classification-v1.0::ITEM_64b9c4db6fb04d60a55a,ITEM_64b9c4db6fb04d60a55a,APPROVE_FAMILY,,,MED_SUPPLY,DISPOSABLE_SYRINGE,주사기,SYRINGE_USAGE_BASED,주사기(사용량 기준),1mL,EA,,MFDS_DEVICE_CLASSIFICATION_2026_18,MFDS_DEVICE_CLASSIFICATION_2026_18::DISPOSABLE_SYRINGE,https://www.law.go.kr/LSW/admRulLsInfoP.do?admRulSeq=2100000275656,representative_name;item_family_id;item_subtype_id;normalized_specification;unit_code,2026-07-22T12:35:28.630356+00:00,verified_family,approved,codex_external_evidence_pipeline,2026-07-22T12:35:28.630356+00:00,explicit_family_spec_unit_supported_by_official_taxonomy,classification-v1.0
DECISION::classification-v1.0::ITEM_19af101ee1e5fa34fa73,ITEM_19af101ee1e5fa34fa73,APPROVE_FAMILY,,,MED_SUPPLY,DISPOSABLE_SYRINGE,주사기,SYRINGE_USAGE_BASED,주사기(사용량 기준),1mL,EA,,MFDS_DEVICE_CLASSIFICATION_2026_18,MFDS_DEVICE_CLASSIFICATION_2026_18::DISPOSABLE_SYRINGE,https://www.law.go.kr/LSW/admRulLsInfoP.do?admRulSeq=2100000275656,representative_name;item_family_id;item_subtype_id;normalized_specification;unit_code,2026-07-22T12:35:28.630356+00:00,verified_family,approved,codex_external_evidence_pipeline,2026-07-22T12:35:28.630356+00:00,explicit_family_spec_unit_supported_by_official_taxonomy,classification-v1.0
DECISION::classification-v1.0::ITEM_a651be404caaa61f1aa4,ITEM_a651be404caaa61f1aa4,APPROVE_FAMILY,,,MED_SUPPLY,DISPOSABLE_SYRINGE,주사기,SYRINGE_USAGE_BASED,주사기(사용량 기준),3mL,EA,,MFDS_DEVICE_CLASSIFICATION_2026_18,MFDS_DEVICE_CLASSIFICATION_2026_18::DISPOSABLE_SYRINGE,https://www.law.go.kr/LSW/admRulLsInfoP.do?admRulSeq=2100000275656,representative_name;item_family_id;item_subtype_id;normalized_specification;unit_code,2026-07-22T12:35:28.630356+00:00,verified_family,approved,codex_external_evidence_pipeline,2026-07-22T12:35:28.630356+00:00,explicit_family_spec_unit_supported_by_official_taxonomy,classification-v1.0
DECISION::classification-v1.0::ITEM_d6f52c92f1647f7586f7,ITEM_d6f52c92f1647f7586f7,APPROVE_FAMILY,,,MED_SUPPLY,DISPOSABLE_SYRINGE,주사기,SYRINGE_USAGE_BASED,주사기(사용량 기준),50mL,EA,,MFDS_DEVICE_CLASSIFICATION_2026_18,MFDS_DEVICE_CLASSIFICATION_2026_18::DISPOSABLE_SYRINGE,https://www.law.go.kr/LSW/admRulLsInfoP.do?admRulSeq=2100000275656,representative_name;item_family_id;item_subtype_id;normalized_specification;unit_code,2026-07-22T12:35:28.630356+00:00,verified_family,approved,codex_external_evidence_pipeline,2026-07-22T12:35:28.630356+00:00,explicit_family_spec_unit_supported_by_official_taxonomy,classification-v1.0
DECISION::classification-v1.0::ITEM_df78cb56a8be3eed163a,ITEM_df78cb56a8be3eed163a,APPROVE_FAMILY,,,MED_SUPPLY,DISPOSABLE_SYRINGE,주사기,SYRINGE_USAGE_BASED,주사기(사용량 기준),1mL,EA,,MFDS_DEVICE_CLASSIFICATION_2026_18,MFDS_DEVICE_CLASSIFICATION_2026_18::DISPOSABLE_SYRINGE,https://www.law.go.kr/LSW/admRulLsInfoP.do?admRulSeq=2100000275656,representative_name;item_family_id;item_subtype_id;normalized_specification;unit_code,2026-07-22T12:35:28.630356+00:00,verified_family,approved,codex_external_evidence_pipeline,2026-07-22T12:35:28.630356+00:00,explicit_family_spec_unit_supported_by_official_taxonomy,classification-v1.0
DECISION::classification-v1.0::ITEM_d977ffa9af3dce4fb20f,ITEM_d977ffa9af3dce4fb20f,APPROVE_FAMILY,,,MED_SUPPLY,DISPOSABLE_SYRINGE,주사기,SYRINGE_USAGE_BASED,주사기(사용량 기준),3mL,EA,,MFDS_DEVICE_CLASSIFICATION_2026_18,MFDS_DEVICE_CLASSIFICATION_2026_18::DISPOSABLE_SYRINGE,https://www.law.go.kr/LSW/admRulLsInfoP.do?admRulSeq=2100000275656,representative_name;item_family_id;item_subtype_id;normalized_specification;unit_code,2026-07-22T12:35:28.630356+00:00,verified_family,approved,codex_external_evidence_pipeline,2026-07-22T12:35:28.630356+00:00,explicit_family_spec_unit_supported_by_official_taxonomy,classification-v1.0
DECISION::classification-v1.0::ITEM_68c73c83256ae8ca9e0a,ITEM_68c73c83256ae8ca9e0a,APPROVE_FAMILY,,,MED_SUPPLY,DISPOSABLE_SYRINGE,주사기,SYRINGE_USAGE_BASED,주사기(사용량 기준),3mL,EA,,MFDS_DEVICE_CLASSIFICATION_2026_18,MFDS_DEVICE_CLASSIFICATION_2026_18::DISPOSABLE_SYRINGE,https://www.law.go.kr/LSW/admRulLsInfoP.do?admRulSeq=2100000275656,representative_name;item_family_id;item_subtype_id;normalized_specification;unit_code,2026-07-22T12:35:28.630356+00:00,verified_family,approved,codex_external_evidence_pipeline,2026-07-22T12:35:28.630356+00:00,explicit_family_spec_unit_supported_by_official_taxonomy,classification-v1.0
DECISION::classification-v1.0::ITEM_5e7444e8f2877456461a,ITEM_5e7444e8f2877456461a,APPROVE_FAMILY,,,MED_SUPPLY,DISPOSABLE_SYRINGE,주사기,SYRINGE_USAGE_BASED,주사기(사용량 기준),1mL,EA,,MFDS_DEVICE_CLASSIFICATION_2026_18,MFDS_DEVICE_CLASSIFICATION_2026_18::DISPOSABLE_SYRINGE,https://www.law.go.kr/LSW/admRulLsInfoP.do?admRulSeq=2100000275656,representative_name;item_family_id;item_subtype_id;normalized_specification;unit_code,2026-07-22T12:35:28.630356+00:00,verified_family,approved,codex_external_evidence_pipeline,2026-07-22T12:35:28.630356+00:00,explicit_family_spec_unit_supported_by_official_taxonomy,classification-v1.0
DECISION::classification-v1.0::ITEM_25a5e590e40592848cbe,ITEM_25a5e590e40592848cbe,APPROVE_FAMILY,,,MED_SUPPLY,DISPOSABLE_SYRINGE,주사기,SYRINGE_USAGE_BASED,주사기(사용량 기준),3mL,EA,,MFDS_DEVICE_CLASSIFICATION_2026_18,MFDS_DEVICE_CLASSIFICATION_2026_18::DISPOSABLE_SYRINGE,https://www.law.go.kr/LSW/admRulLsInfoP.do?admRulSeq=2100000275656,representative_name;item_family_id;item_subtype_id;normalized_specification;unit_code,2026-07-22T12:35:28.630356+00:00,verified_family,approved,codex_external_evidence_pipeline,2026-07-22T12:35:28.630356+00:00,explicit_family_spec_unit_supported_by_official_taxonomy,classification-v1.0
DECISION::classification-v1.0::ITEM_d7ed6bf9bfb0694948e8,ITEM_d7ed6bf9bfb0694948e8,APPROVE_FAMILY,,,MED_SUPPLY,DISPOSABLE_SYRINGE,주사기,SYRINGE_USAGE_BASED,주사기(사용량 기준),10mL,EA,,MFDS_DEVICE_CLASSIFICATION_2026_18,MFDS_DEVICE_CLASSIFICATION_2026_18::DISPOSABLE_SYRINGE,https://www.law.go.kr/LSW/admRulLsInfoP.do?admRulSeq=2100000275656,representative_name;item_family_id;item_subtype_id;normalized_specification;unit_code,2026-07-22T12:35:28.630356+00:00,verified_family,approved,codex_external_evidence_pipeline,2026-07-22T12:35:28.630356+00:00,explicit_family_spec_unit_supported_by_official_taxonomy,classification-v1.0
DECISION::classification-v1.0::ITEM_398710e5243361d041c7,ITEM_398710e5243361d041c7,APPROVE_FAMILY,,,MED_SUPPLY,DISPOSABLE_SYRINGE,주사기,SYRINGE_USAGE_BASED,주사기(사용량 기준),3mL,EA,,MFDS_DEVICE_CLASSIFICATION_2026_18,MFDS_DEVICE_CLASSIFICATION_2026_18::DISPOSABLE_SYRINGE,https://www.law.go.kr/LSW/admRulLsInfoP.do?admRulSeq=2100000275656,representative_name;item_family_id;item_subtype_id;normalized_specification;unit_code,2026-07-22T12:35:28.630356+00:00,verified_family,approved,codex_external_evidence_pipeline,2026-07-22T12:35:28.630356+00:00,explicit_family_spec_unit_supported_by_official_taxonomy,classification-v1.0
DECISION::classification-v1.0::ITEM_9759111e78fa6a49708a,ITEM_9759111e78fa6a49708a,APPROVE_FAMILY,,,MED_SUPPLY,DISPOSABLE_SYRINGE,주사기,SYRINGE_USAGE_BASED,주사기(사용량 기준),5mL,EA,,MFDS_DEVICE_CLASSIFICATION_2026_18,MFDS_DEVICE_CLASSIFICATION_2026_18::DISPOSABLE_SYRINGE,https://www.law.go.kr/LSW/admRulLsInfoP.do?admRulSeq=2100000275656,representative_name;item_family_id;item_subtype_id;normalized_specification;unit_code,2026-07-22T12:35:28.630356+00:00,verified_family,approved,codex_external_evidence_pipeline,2026-07-22T12:35:28.630356+00:00,explicit_family_spec_unit_supported_by_official_taxonomy,classification-v1.0
DECISION::classification-v1.0::ITEM_37c7ae621b01b26ce01e,ITEM_37c7ae621b01b26ce01e,APPROVE_FAMILY,,,MED_SUPPLY,INJECTION_NEEDLE,주사침,INJECTION_NEEDLE,주사침,27G,EA,,MFDS_DEVICE_CLASSIFICATION_2026_18,MFDS_DEVICE_CLASSIFICATION_2026_18::INJECTION_NEEDLE,https://www.law.go.kr/LSW/admRulLsInfoP.do?admRulSeq=2100000275656,representative_name;item_family_id;item_subtype_id;normalized_specification;unit_code,2026-07-22T12:35:28.630356+00:00,verified_family,approved,codex_external_evidence_pipeline,2026-07-22T12:35:28.630356+00:00,explicit_family_spec_unit_supported_by_official_taxonomy,classification-v1.0
DECISION::classification-v1.0::ITEM_2086ecd803f6609ff304,ITEM_2086ecd803f6609ff304,APPROVE_FAMILY,,,WASTE,MEDICAL_WASTE_CONTAINER,의료폐기물 전용용기,RIGID_NEEDLE_BOX,합성수지형 용기(needle box),1L,EA,,WASTE_RULE_APPENDIX_5_2026_03_26,WASTE_RULE_APPENDIX_5_2026_03_26::MEDICAL_WASTE_CONTAINER,https://www.law.go.kr/flDownload.do?bylClsCd=110201&flSeq=162812925&gubun=,representative_name;item_family_id;item_subtype_id;normalized_specification;unit_code,2026-07-22T12:35:28.630356+00:00,verified_family,approved,codex_external_evidence_pipeline,2026-07-22T12:35:28.630356+00:00,explicit_family_spec_unit_supported_by_official_taxonomy,classification-v1.0
DECISION::classification-v1.0::ITEM_c57800f053960ecf2d70,ITEM_c57800f053960ecf2d70,APPROVE_FAMILY,,,MED_SUPPLY,INJECTION_NEEDLE,주사침,INJECTION_NEEDLE,주사침,25G,EA,,MFDS_DEVICE_CLASSIFICATION_2026_18,MFDS_DEVICE_CLASSIFICATION_2026_18::INJECTION_NEEDLE,https://www.law.go.kr/LSW/admRulLsInfoP.do?admRulSeq=2100000275656,representative_name;item_family_id;item_subtype_id;normalized_specification;unit_code,2026-07-22T12:35:28.630356+00:00,verified_family,approved,codex_external_evidence_pipeline,2026-07-22T12:35:28.630356+00:00,explicit_family_spec_unit_supported_by_official_taxonomy,classification-v1.0
DECISION::classification-v1.0::ITEM_bb39b06635962176650b,ITEM_bb39b06635962176650b,APPROVE_FAMILY,,,MED_SUPPLY,INJECTION_NEEDLE,주사침,INJECTION_NEEDLE,주사침,26G,EA,,MFDS_DEVICE_CLASSIFICATION_2026_18,MFDS_DEVICE_CLASSIFICATION_2026_18::INJECTION_NEEDLE,https://www.law.go.kr/LSW/admRulLsInfoP.do?admRulSeq=2100000275656,representative_name;item_family_id;item_subtype_id;normalized_specification;unit_code,2026-07-22T12:35:28.630356+00:00,verified_family,approved,codex_external_evidence_pipeline,2026-07-22T12:35:28.630356+00:00,explicit_family_spec_unit_supported_by_official_taxonomy,classification-v1.0
DECISION::classification-v1.0::ITEM_ecb0de4888fc96aaac96,ITEM_ecb0de4888fc96aaac96,APPROVE_FAMILY,,,MED_SUPPLY,INJECTION_NEEDLE,주사침,INJECTION_NEEDLE,주사침,30G,EA,,MFDS_DEVICE_CLASSIFICATION_2026_18,MFDS_DEVICE_CLASSIFICATION_2026_18::INJECTION_NEEDLE,https://www.law.go.kr/LSW/admRulLsInfoP.do?admRulSeq=2100000275656,representative_name;item_family_id;item_subtype_id;normalized_specification;unit_code,2026-07-22T12:35:28.630356+00:00,verified_family,approved,codex_external_evidence_pipeline,2026-07-22T12:35:28.630356+00:00,explicit_family_spec_unit_supported_by_official_taxonomy,classification-v1.0
DECISION::classification-v1.0::ITEM_14468db9783f63d8e288,ITEM_14468db9783f63d8e288,APPROVE_FAMILY,,,MED_SUPPLY,INJECTION_NEEDLE,주사침,INJECTION_NEEDLE,주사침,23G,EA,,MFDS_DEVICE_CLASSIFICATION_2026_18,MFDS_DEVICE_CLASSIFICATION_2026_18::INJECTION_NEEDLE,https://www.law.go.kr/LSW/admRulLsInfoP.do?admRulSeq=2100000275656,representative_name;item_family_id;item_subtype_id;normalized_specification;unit_code,2026-07-22T12:35:28.630356+00:00,verified_family,approved,codex_external_evidence_pipeline,2026-07-22T12:35:28.630356+00:00,explicit_family_spec_unit_supported_by_official_taxonomy,classification-v1.0
DECISION::classification-v1.0::ITEM_edd96740438fa7ec8f19,ITEM_edd96740438fa7ec8f19,APPROVE_FAMILY,,,MED_SUPPLY,INJECTION_NEEDLE,주사침,INJECTION_NEEDLE,주사침,26G,EA,,MFDS_DEVICE_CLASSIFICATION_2026_18,MFDS_DEVICE_CLASSIFICATION_2026_18::INJECTION_NEEDLE,https://www.law.go.kr/LSW/admRulLsInfoP.do?admRulSeq=2100000275656,representative_name;item_family_id;item_subtype_id;normalized_specification;unit_code,2026-07-22T12:35:28.630356+00:00,verified_family,approved,codex_external_evidence_pipeline,2026-07-22T12:35:28.630356+00:00,explicit_family_spec_unit_supported_by_official_taxonomy,classification-v1.0
DECISION::classification-v1.0::ITEM_9fa8b5ada48cd4d6c8df,ITEM_9fa8b5ada48cd4d6c8df,APPROVE_FAMILY,,,MED_SUPPLY,INJECTION_NEEDLE,주사침,INJECTION_NEEDLE,주사침,21G,EA,,MFDS_DEVICE_CLASSIFICATION_2026_18,MFDS_DEVICE_CLASSIFICATION_2026_18::INJECTION_NEEDLE,https://www.law.go.kr/LSW/admRulLsInfoP.do?admRulSeq=2100000275656,representative_name;item_family_id;item_subtype_id;normalized_specification;unit_code,2026-07-22T12:35:28.630356+00:00,verified_family,approved,codex_external_evidence_pipeline,2026-07-22T12:35:28.630356+00:00,explicit_family_spec_unit_supported_by_official_taxonomy,classification-v1.0
DECISION::classification-v1.0::ITEM_3cc1a82d4fb67de6c373,ITEM_3cc1a82d4fb67de6c373,APPROVE_FAMILY,,,MED_SUPPLY,ANGIO_CATHETER,카테터,BUTTERFLY_NEEDLE,나비 바늘,나비 바늘,EA,,MFDS_DEVICE_CLASSIFICATION_2026_18,MFDS_DEVICE_CLASSIFICATION_2026_18::ANGIO_CATHETER,https://www.law.go.kr/LSW/admRulLsInfoP.do?admRulSeq=2100000275656,representative_name;item_family_id;item_subtype_id;normalized_specification;unit_code,2026-07-22T12:35:28.630356+00:00,verified_family,approved,codex_external_evidence_pipeline,2026-07-22T12:35:28.630356+00:00,explicit_family_spec_unit_supported_by_official_taxonomy,classification-v1.0
DECISION::classification-v1.0::ITEM_8d9d35a5010ee82b6507,ITEM_8d9d35a5010ee82b6507,APPROVE_FAMILY,,,MED_SUPPLY,DISPOSABLE_SYRINGE,주사기,SYRINGE_USAGE_BASED,주사기(사용량 기준),3mL,EA,,MFDS_DEVICE_CLASSIFICATION_2026_18,MFDS_DEVICE_CLASSIFICATION_2026_18::DISPOSABLE_SYRINGE,https://www.law.go.kr/LSW/admRulLsInfoP.do?admRulSeq=2100000275656,representative_name;item_family_id;item_subtype_id;normalized_specification;unit_code,2026-07-22T12:35:28.630356+00:00,verified_family,approved,codex_external_evidence_pipeline,2026-07-22T12:35:28.630356+00:00,explicit_family_spec_unit_supported_by_official_taxonomy,classification-v1.0
DECISION::classification-v1.0::ITEM_d073dafa904d4c2eece4,ITEM_d073dafa904d4c2eece4,APPROVE_FAMILY,,,MED_SUPPLY,DISPOSABLE_SYRINGE,주사기,SYRINGE_USAGE_BASED,주사기(사용량 기준),5mL,EA,,MFDS_DEVICE_CLASSIFICATION_2026_18,MFDS_DEVICE_CLASSIFICATION_2026_18::DISPOSABLE_SYRINGE,https://www.law.go.kr/LSW/admRulLsInfoP.do?admRulSeq=2100000275656,representative_name;item_family_id;item_subtype_id;normalized_specification;unit_code,2026-07-22T12:35:28.630356+00:00,verified_family,approved,codex_external_evidence_pipeline,2026-07-22T12:35:28.630356+00:00,explicit_family_spec_unit_supported_by_official_taxonomy,classification-v1.0
DECISION::classification-v1.0::ITEM_7f915bfe793d89c65cf0,ITEM_7f915bfe793d89c65cf0,APPROVE_FAMILY,,,MED_SUPPLY,INJECTION_NEEDLE,주사침,INJECTION_NEEDLE,주사침,27G,EA,,MFDS_DEVICE_CLASSIFICATION_2026_18,MFDS_DEVICE_CLASSIFICATION_2026_18::INJECTION_NEEDLE,https://www.law.go.kr/LSW/admRulLsInfoP.do?admRulSeq=2100000275656,representative_name;item_family_id;item_subtype_id;normalized_specification;unit_code,2026-07-22T12:35:28.630356+00:00,verified_family,approved,codex_external_evidence_pipeline,2026-07-22T12:35:28.630356+00:00,explicit_family_spec_unit_supported_by_official_taxonomy,classification-v1.0
DECISION::classification-v1.0::ITEM_cca01c47946c3aca32e5,ITEM_cca01c47946c3aca32e5,APPROVE_FAMILY,,,MED_SUPPLY,INJECTION_NEEDLE,주사침,INJECTION_NEEDLE,주사침,30G,EA,,MFDS_DEVICE_CLASSIFICATION_2026_18,MFDS_DEVICE_CLASSIFICATION_2026_18::INJECTION_NEEDLE,https://www.law.go.kr/LSW/admRulLsInfoP.do?admRulSeq=2100000275656,representative_name;item_family_id;item_subtype_id;normalized_specification;unit_code,2026-07-22T12:35:28.630356+00:00,verified_family,approved,codex_external_evidence_pipeline,2026-07-22T12:35:28.630356+00:00,explicit_family_spec_unit_supported_by_official_taxonomy,classification-v1.0
DECISION::classification-v1.0::ITEM_da62b04c3fccb9cca16c,ITEM_da62b04c3fccb9cca16c,APPROVE_FAMILY,,,MED_SUPPLY,ANGIO_CATHETER,카테터,ANGIO_NEEDLE,카테터(angio needle),20G,EA,,MFDS_DEVICE_CLASSIFICATION_2026_18,MFDS_DEVICE_CLASSIFICATION_2026_18::ANGIO_CATHETER,https://www.law.go.kr/LSW/admRulLsInfoP.do?admRulSeq=2100000275656,representative_name;item_family_id;item_subtype_id;normalized_specification;unit_code,2026-07-22T12:35:28.630356+00:00,verified_family,approved,codex_external_evidence_pipeline,2026-07-22T12:35:28.630356+00:00,explicit_family_spec_unit_supported_by_official_taxonomy,classification-v1.0
DECISION::classification-v1.0::ITEM_89b91dbb82bbac321a97,ITEM_89b91dbb82bbac321a97,APPROVE_FAMILY,,,MED_SUPPLY,DISPOSABLE_SYRINGE,주사기,SYRINGE_USAGE_BASED,주사기(사용량 기준),5mL,EA,,MFDS_DEVICE_CLASSIFICATION_2026_18,MFDS_DEVICE_CLASSIFICATION_2026_18::DISPOSABLE_SYRINGE,https://www.law.go.kr/LSW/admRulLsInfoP.do?admRulSeq=2100000275656,representative_name;item_family_id;item_subtype_id;normalized_specification;unit_code,2026-07-22T12:35:28.630356+00:00,verified_family,approved,codex_external_evidence_pipeline,2026-07-22T12:35:28.630356+00:00,explicit_family_spec_unit_supported_by_official_taxonomy,classification-v1.0
DECISION::classification-v1.0::ITEM_359ee33bc39d5f8a2c3c,ITEM_359ee33bc39d5f8a2c3c,APPROVE_FAMILY,,,MED_SUPPLY,INFUSION_SET,수액세트,INFUSION_SET,수액세트,수액세트,EA,,MFDS_DEVICE_CLASSIFICATION_2026_18,MFDS_DEVICE_CLASSIFICATION_2026_18::INFUSION_SET,https://www.law.go.kr/LSW/admRulLsInfoP.do?admRulSeq=2100000275656,representative_name;item_family_id;item_subtype_id;normalized_specification;unit_code,2026-07-22T12:35:28.630356+00:00,verified_family,approved,codex_external_evidence_pipeline,2026-07-22T12:35:28.630356+00:00,explicit_family_spec_unit_supported_by_official_taxonomy,classification-v1.0
DECISION::classification-v1.0::ITEM_a4303267fc638c8ffba1,ITEM_a4303267fc638c8ffba1,APPROVE_FAMILY,,,MED_SUPPLY,INFUSION_SET,수액세트,INFUSION_SET,수액세트,수액세트,EA,,MFDS_DEVICE_CLASSIFICATION_2026_18,MFDS_DEVICE_CLASSIFICATION_2026_18::INFUSION_SET,https://www.law.go.kr/LSW/admRulLsInfoP.do?admRulSeq=2100000275656,representative_name;item_family_id;item_subtype_id;normalized_specification;unit_code,2026-07-22T12:35:28.630356+00:00,verified_family,approved,codex_external_evidence_pipeline,2026-07-22T12:35:28.630356+00:00,explicit_family_spec_unit_supported_by_official_taxonomy,classification-v1.0
DECISION::classification-v1.0::ITEM_b3014a9e074343731640,ITEM_b3014a9e074343731640,APPROVE_FAMILY,,,MED_SUPPLY,BLOOD_LANCET,채혈침,BLOOD_LANCET,채혈침,30G,EA,,MFDS_DEVICE_CLASSIFICATION_2026_18,MFDS_DEVICE_CLASSIFICATION_2026_18::BLOOD_LANCET,https://www.law.go.kr/LSW/admRulLsInfoP.do?admRulSeq=2100000275656,representative_name;item_family_id;item_subtype_id;normalized_specification;unit_code,2026-07-22T12:35:28.630356+00:00,verified_family,approved,codex_external_evidence_pipeline,2026-07-22T12:35:28.630356+00:00,explicit_family_spec_unit_supported_by_official_taxonomy,classification-v1.0
DECISION::classification-v1.0::ITEM_d2f7016515eb1261debc,ITEM_d2f7016515eb1261debc,APPROVE_FAMILY,,,MED_SUPPLY,BLOOD_LANCET,채혈침,BLOOD_LANCET,채혈침,26G,EA,,MFDS_DEVICE_CLASSIFICATION_2026_18,MFDS_DEVICE_CLASSIFICATION_2026_18::BLOOD_LANCET,https://www.law.go.kr/LSW/admRulLsInfoP.do?admRulSeq=2100000275656,representative_name;item_family_id;item_subtype_id;normalized_specification;unit_code,2026-07-22T12:35:28.630356+00:00,verified_family,approved,codex_external_evidence_pipeline,2026-07-22T12:35:28.630356+00:00,explicit_family_spec_unit_supported_by_official_taxonomy,classification-v1.0
DECISION::classification-v1.0::ITEM_7de94eb06dd5a7d53b6f,ITEM_7de94eb06dd5a7d53b6f,APPROVE_FAMILY,,,MED_SUPPLY,DISPOSABLE_SYRINGE,주사기,SYRINGE_USAGE_BASED,주사기(사용량 기준),3mL,EA,,MFDS_DEVICE_CLASSIFICATION_2026_18,MFDS_DEVICE_CLASSIFICATION_2026_18::DISPOSABLE_SYRINGE,https://www.law.go.kr/LSW/admRulLsInfoP.do?admRulSeq=2100000275656,representative_name;item_family_id;item_subtype_id;normalized_specification;unit_code,2026-07-22T12:35:28.630356+00:00,verified_family,approved,codex_external_evidence_pipeline,2026-07-22T12:35:28.630356+00:00,explicit_family_spec_unit_supported_by_official_taxonomy,classification-v1.0
DECISION::classification-v1.0::ITEM_a18db22b85a5a2d5262a,ITEM_a18db22b85a5a2d5262a,APPROVE_FAMILY,,,MED_SUPPLY,DISPOSABLE_SYRINGE,주사기,SYRINGE_USAGE_BASED,주사기(사용량 기준),5mL,EA,,MFDS_DEVICE_CLASSIFICATION_2026_18,MFDS_DEVICE_CLASSIFICATION_2026_18::DISPOSABLE_SYRINGE,https://www.law.go.kr/LSW/admRulLsInfoP.do?admRulSeq=2100000275656,representative_name;item_family_id;item_subtype_id;normalized_specification;unit_code,2026-07-22T12:35:28.630356+00:00,verified_family,approved,codex_external_evidence_pipeline,2026-07-22T12:35:28.630356+00:00,explicit_family_spec_unit_supported_by_official_taxonomy,classification-v1.0
DECISION::classification-v1.0::ITEM_6c7854808df2aeeae2d2,ITEM_6c7854808df2aeeae2d2,APPROVE_FAMILY,,,MED_SUPPLY,DISPOSABLE_SYRINGE,주사기,SYRINGE_USAGE_BASED,주사기(사용량 기준),3mL,EA,,MFDS_DEVICE_CLASSIFICATION_2026_18,MFDS_DEVICE_CLASSIFICATION_2026_18::DISPOSABLE_SYRINGE,https://www.law.go.kr/LSW/admRulLsInfoP.do?admRulSeq=2100000275656,representative_name;item_family_id;item_subtype_id;normalized_specification;unit_code,2026-07-22T12:35:28.630356+00:00,verified_family,approved,codex_external_evidence_pipeline,2026-07-22T12:35:28.630356+00:00,explicit_family_spec_unit_supported_by_official_taxonomy,classification-v1.0
DECISION::classification-v1.0::ITEM_28d1787f04fffc66a374,ITEM_28d1787f04fffc66a374,APPROVE_FAMILY,,,MED_SUPPLY,ANGIO_CATHETER,카테터,ANGIO_NEEDLE,카테터(angio needle),24G,EA,,MFDS_DEVICE_CLASSIFICATION_2026_18,MFDS_DEVICE_CLASSIFICATION_2026_18::ANGIO_CATHETER,https://www.law.go.kr/LSW/admRulLsInfoP.do?admRulSeq=2100000275656,representative_name;item_family_id;item_subtype_id;normalized_specification;unit_code,2026-07-22T12:35:28.630356+00:00,verified_family,approved,codex_external_evidence_pipeline,2026-07-22T12:35:28.630356+00:00,explicit_family_spec_unit_supported_by_official_taxonomy,classification-v1.0
DECISION::classification-v1.0::ITEM_95e78c8b0c103e2be63c,ITEM_95e78c8b0c103e2be63c,APPROVE_FAMILY,,,MED_SUPPLY,BLOOD_LANCET,채혈침,BLOOD_LANCET,채혈침,28G,EA,,MFDS_DEVICE_CLASSIFICATION_2026_18,MFDS_DEVICE_CLASSIFICATION_2026_18::BLOOD_LANCET,https://www.law.go.kr/LSW/admRulLsInfoP.do?admRulSeq=2100000275656,representative_name;item_family_id;item_subtype_id;normalized_specification;unit_code,2026-07-22T12:35:28.630356+00:00,verified_family,approved,codex_external_evidence_pipeline,2026-07-22T12:35:28.630356+00:00,explicit_family_spec_unit_supported_by_official_taxonomy,classification-v1.0
DECISION::classification-v1.0::ITEM_d93385e615c1a5b7f67c,ITEM_d93385e615c1a5b7f67c,APPROVE_FAMILY,,,MED_SUPPLY,BLOOD_LANCET,채혈침,BLOOD_LANCET,채혈침,28G,EA,,MFDS_DEVICE_CLASSIFICATION_2026_18,MFDS_DEVICE_CLASSIFICATION_2026_18::BLOOD_LANCET,https://www.law.go.kr/LSW/admRulLsInfoP.do?admRulSeq=2100000275656,representative_name;item_family_id;item_subtype_id;normalized_specification;unit_code,2026-07-22T12:35:28.630356+00:00,verified_family,approved,codex_external_evidence_pipeline,2026-07-22T12:35:28.630356+00:00,explicit_family_spec_unit_supported_by_official_taxonomy,classification-v1.0
DECISION::classification-v1.0::ITEM_ae4eb931deadce1ec47f,ITEM_ae4eb931deadce1ec47f,APPROVE_FAMILY,,,MED_SUPPLY,BLOOD_LANCET,채혈침,BLOOD_LANCET,채혈침,30G,EA,,MFDS_DEVICE_CLASSIFICATION_2026_18,MFDS_DEVICE_CLASSIFICATION_2026_18::BLOOD_LANCET,https://www.law.go.kr/LSW/admRulLsInfoP.do?admRulSeq=2100000275656,representative_name;item_family_id;item_subtype_id;normalized_specification;unit_code,2026-07-22T12:35:28.630356+00:00,verified_family,approved,codex_external_evidence_pipeline,2026-07-22T12:35:28.630356+00:00,explicit_family_spec_unit_supported_by_official_taxonomy,classification-v1.0
DECISION::classification-v1.0::ITEM_24e37f20229c54a5aa2e,ITEM_24e37f20229c54a5aa2e,APPROVE_FAMILY,,,MED_SUPPLY,BLOOD_LANCET,채혈침,BLOOD_LANCET,채혈침,26G,EA,,MFDS_DEVICE_CLASSIFICATION_2026_18,MFDS_DEVICE_CLASSIFICATION_2026_18::BLOOD_LANCET,https://www.law.go.kr/LSW/admRulLsInfoP.do?admRulSeq=2100000275656,representative_name;item_family_id;item_subtype_id;normalized_specification;unit_code,2026-07-22T12:35:28.630356+00:00,verified_family,approved,codex_external_evidence_pipeline,2026-07-22T12:35:28.630356+00:00,explicit_family_spec_unit_supported_by_official_taxonomy,classification-v1.0
DECISION::classification-v1.0::ITEM_4dad87ef729ce3e1e74e,ITEM_4dad87ef729ce3e1e74e,APPROVE_FAMILY,,,MED_SUPPLY,BLOOD_LANCET,채혈침,BLOOD_LANCET,채혈침,26G,EA,,MFDS_DEVICE_CLASSIFICATION_2026_18,MFDS_DEVICE_CLASSIFICATION_2026_18::BLOOD_LANCET,https://www.law.go.kr/LSW/admRulLsInfoP.do?admRulSeq=2100000275656,representative_name;item_family_id;item_subtype_id;normalized_specification;unit_code,2026-07-22T12:35:28.630356+00:00,verified_family,approved,codex_external_evidence_pipeline,2026-07-22T12:35:28.630356+00:00,explicit_family_spec_unit_supported_by_official_taxonomy,classification-v1.0
DECISION::classification-v1.0::ITEM_68e50cf017c60a4a8049,ITEM_68e50cf017c60a4a8049,APPROVE_FAMILY,,,MED_SUPPLY,INFUSION_SET,수액세트,INFUSION_SET,수액세트,수액세트,EA,,MFDS_DEVICE_CLASSIFICATION_2026_18,MFDS_DEVICE_CLASSIFICATION_2026_18::INFUSION_SET,https://www.law.go.kr/LSW/admRulLsInfoP.do?admRulSeq=2100000275656,representative_name;item_family_id;item_subtype_id;normalized_specification;unit_code,2026-07-22T12:35:28.630356+00:00,verified_family,approved,codex_external_evidence_pipeline,2026-07-22T12:35:28.630356+00:00,explicit_family_spec_unit_supported_by_official_taxonomy,classification-v1.0
DECISION::classification-v1.0::ITEM_bad0292b95a94db72502,ITEM_bad0292b95a94db72502,APPROVE_FAMILY,,,MED_SUPPLY,DISPOSABLE_SYRINGE,주사기,SYRINGE_USAGE_BASED,주사기(사용량 기준),10mL,EA,,MFDS_DEVICE_CLASSIFICATION_2026_18,MFDS_DEVICE_CLASSIFICATION_2026_18::DISPOSABLE_SYRINGE,https://www.law.go.kr/LSW/admRulLsInfoP.do?admRulSeq=2100000275656,representative_name;item_family_id;item_subtype_id;normalized_specification;unit_code,2026-07-22T12:35:28.630356+00:00,verified_family,approved,codex_external_evidence_pipeline,2026-07-22T12:35:28.630356+00:00,explicit_family_spec_unit_supported_by_official_taxonomy,classification-v1.0
DECISION::classification-v1.0::ITEM_b6e15047d315e629d83f,ITEM_b6e15047d315e629d83f,APPROVE_FAMILY,,,MED_SUPPLY,BLOOD_LANCET,채혈침,BLOOD_LANCET,채혈침,28G,EA,,MFDS_DEVICE_CLASSIFICATION_2026_18,MFDS_DEVICE_CLASSIFICATION_2026_18::BLOOD_LANCET,https://www.law.go.kr/LSW/admRulLsInfoP.do?admRulSeq=2100000275656,representative_name;item_family_id;item_subtype_id;normalized_specification;unit_code,2026-07-22T12:35:28.630356+00:00,verified_family,approved,codex_external_evidence_pipeline,2026-07-22T12:35:28.630356+00:00,explicit_family_spec_unit_supported_by_official_taxonomy,classification-v1.0
DECISION::classification-v1.0::ITEM_68bcc7eb3077a449c7f5,ITEM_68bcc7eb3077a449c7f5,APPROVE_FAMILY,,,MED_SUPPLY,ANGIO_CATHETER,카테터,ANGIO_NEEDLE,카테터(angio needle),22G,EA,,MFDS_DEVICE_CLASSIFICATION_2026_18,MFDS_DEVICE_CLASSIFICATION_2026_18::ANGIO_CATHETER,https://www.law.go.kr/LSW/admRulLsInfoP.do?admRulSeq=2100000275656,representative_name;item_family_id;item_subtype_id;normalized_specification;unit_code,2026-07-22T12:35:28.630356+00:00,verified_family,approved,codex_external_evidence_pipeline,2026-07-22T12:35:28.630356+00:00,explicit_family_spec_unit_supported_by_official_taxonomy,classification-v1.0
DECISION::classification-v1.0::ITEM_43414bb753ca40c4c0fa,ITEM_43414bb753ca40c4c0fa,APPROVE_FAMILY,,,MED_SUPPLY,DISPOSABLE_SYRINGE,주사기,SYRINGE_USAGE_BASED,주사기(사용량 기준),3mL,EA,,MFDS_DEVICE_CLASSIFICATION_2026_18,MFDS_DEVICE_CLASSIFICATION_2026_18::DISPOSABLE_SYRINGE,https://www.law.go.kr/LSW/admRulLsInfoP.do?admRulSeq=2100000275656,representative_name;item_family_id;item_subtype_id;normalized_specification;unit_code,2026-07-22T12:35:28.630356+00:00,verified_family,approved,codex_external_evidence_pipeline,2026-07-22T12:35:28.630356+00:00,explicit_family_spec_unit_supported_by_official_taxonomy,classification-v1.0
DECISION::classification-v1.0::ITEM_ab02b93e345bcf16c583,ITEM_ab02b93e345bcf16c583,APPROVE_FAMILY,,,MED_SUPPLY,DISPOSABLE_SYRINGE,주사기,SYRINGE_USAGE_BASED,주사기(사용량 기준),1mL,EA,,MFDS_DEVICE_CLASSIFICATION_2026_18,MFDS_DEVICE_CLASSIFICATION_2026_18::DISPOSABLE_SYRINGE,https://www.law.go.kr/LSW/admRulLsInfoP.do?admRulSeq=2100000275656,representative_name;item_family_id;item_subtype_id;normalized_specification;unit_code,2026-07-22T12:35:28.630356+00:00,verified_family,approved,codex_external_evidence_pipeline,2026-07-22T12:35:28.630356+00:00,explicit_family_spec_unit_supported_by_official_taxonomy,classification-v1.0
DECISION::classification-v1.0::ITEM_6c347faa9b57e349ea8e,ITEM_6c347faa9b57e349ea8e,APPROVE_FAMILY,,,MED_SUPPLY,ANGIO_CATHETER,카테터,BUTTERFLY_NEEDLE,나비 바늘,나비 바늘,EA,,MFDS_DEVICE_CLASSIFICATION_2026_18,MFDS_DEVICE_CLASSIFICATION_2026_18::ANGIO_CATHETER,https://www.law.go.kr/LSW/admRulLsInfoP.do?admRulSeq=2100000275656,representative_name;item_family_id;item_subtype_id;normalized_specification;unit_code,2026-07-22T12:35:28.630356+00:00,verified_family,approved,codex_external_evidence_pipeline,2026-07-22T12:35:28.630356+00:00,explicit_family_spec_unit_supported_by_official_taxonomy,classification-v1.0
DECISION::classification-v1.0::ITEM_51aa9c7f9006970d8465,ITEM_51aa9c7f9006970d8465,APPROVE_FAMILY,,,MED_SUPPLY,ANGIO_CATHETER,카테터,BUTTERFLY_NEEDLE,나비 바늘,나비 바늘,EA,,MFDS_DEVICE_CLASSIFICATION_2026_18,MFDS_DEVICE_CLASSIFICATION_2026_18::ANGIO_CATHETER,https://www.law.go.kr/LSW/admRulLsInfoP.do?admRulSeq=2100000275656,representative_name;item_family_id;item_subtype_id;normalized_specification;unit_code,2026-07-22T12:35:28.630356+00:00,verified_family,approved,codex_external_evidence_pipeline,2026-07-22T12:35:28.630356+00:00,explicit_family_spec_unit_supported_by_official_taxonomy,classification-v1.0
DECISION::classification-v1.0::ITEM_c0d840c7e27efd02b1f7,ITEM_c0d840c7e27efd02b1f7,APPROVE_FAMILY,,,MED_SUPPLY,DISPOSABLE_SYRINGE,주사기,SYRINGE_USAGE_BASED,주사기(사용량 기준),3mL,EA,,MFDS_DEVICE_CLASSIFICATION_2026_18,MFDS_DEVICE_CLASSIFICATION_2026_18::DISPOSABLE_SYRINGE,https://www.law.go.kr/LSW/admRulLsInfoP.do?admRulSeq=2100000275656,representative_name;item_family_id;item_subtype_id;normalized_specification;unit_code,2026-07-22T12:35:28.630356+00:00,verified_family,approved,codex_external_evidence_pipeline,2026-07-22T12:35:28.630356+00:00,explicit_family_spec_unit_supported_by_official_taxonomy,classification-v1.0
DECISION::classification-v1.0::ITEM_ced45407019e5f4158ba,ITEM_ced45407019e5f4158ba,APPROVE_FAMILY,,,MED_SUPPLY,DISPOSABLE_SYRINGE,주사기,SYRINGE_USAGE_BASED,주사기(사용량 기준),10mL,EA,,MFDS_DEVICE_CLASSIFICATION_2026_18,MFDS_DEVICE_CLASSIFICATION_2026_18::DISPOSABLE_SYRINGE,https://www.law.go.kr/LSW/admRulLsInfoP.do?admRulSeq=2100000275656,representative_name;item_family_id;item_subtype_id;normalized_specification;unit_code,2026-07-22T12:35:28.630356+00:00,verified_family,approved,codex_external_evidence_pipeline,2026-07-22T12:35:28.630356+00:00,explicit_family_spec_unit_supported_by_official_taxonomy,classification-v1.0
DECISION::classification-v1.0::ITEM_0d27f503b5a5add40965,ITEM_0d27f503b5a5add40965,APPROVE_FAMILY,,,MED_SUPPLY,ANGIO_CATHETER,카테터,ANGIO_NEEDLE,카테터(angio needle),16G,EA,,MFDS_DEVICE_CLASSIFICATION_2026_18,MFDS_DEVICE_CLASSIFICATION_2026_18::ANGIO_CATHETER,https://www.law.go.kr/LSW/admRulLsInfoP.do?admRulSeq=2100000275656,representative_name;item_family_id;item_subtype_id;normalized_specification;unit_code,2026-07-22T12:35:28.630356+00:00,verified_family,approved,codex_external_evidence_pipeline,2026-07-22T12:35:28.630356+00:00,explicit_family_spec_unit_supported_by_official_taxonomy,classification-v1.0
DECISION::classification-v1.0::ITEM_e5e09e51a66f9866de92,ITEM_e5e09e51a66f9866de92,APPROVE_FAMILY,,,MED_SUPPLY,ANGIO_CATHETER,카테터,ANGIO_NEEDLE,카테터(angio needle),16G,EA,,MFDS_DEVICE_CLASSIFICATION_2026_18,MFDS_DEVICE_CLASSIFICATION_2026_18::ANGIO_CATHETER,https://www.law.go.kr/LSW/admRulLsInfoP.do?admRulSeq=2100000275656,representative_name;item_family_id;item_subtype_id;normalized_specification;unit_code,2026-07-22T12:35:28.630356+00:00,verified_family,approved,codex_external_evidence_pipeline,2026-07-22T12:35:28.630356+00:00,explicit_family_spec_unit_supported_by_official_taxonomy,classification-v1.0
DECISION::classification-v1.0::ITEM_768dda4b0a4dea0b4b8f,ITEM_768dda4b0a4dea0b4b8f,APPROVE_FAMILY,,,MED_SUPPLY,ANGIO_CATHETER,카테터,ANGIO_NEEDLE,카테터(angio needle),18G,EA,,MFDS_DEVICE_CLASSIFICATION_2026_18,MFDS_DEVICE_CLASSIFICATION_2026_18::ANGIO_CATHETER,https://www.law.go.kr/LSW/admRulLsInfoP.do?admRulSeq=2100000275656,representative_name;item_family_id;item_subtype_id;normalized_specification;unit_code,2026-07-22T12:35:28.630356+00:00,verified_family,approved,codex_external_evidence_pipeline,2026-07-22T12:35:28.630356+00:00,explicit_family_spec_unit_supported_by_official_taxonomy,classification-v1.0
DECISION::classification-v1.0::ITEM_17b6cd7ae05836f6cad5,ITEM_17b6cd7ae05836f6cad5,APPROVE_FAMILY,,,MED_SUPPLY,ANGIO_CATHETER,카테터,ANGIO_NEEDLE,카테터(angio needle),18G,EA,,MFDS_DEVICE_CLASSIFICATION_2026_18,MFDS_DEVICE_CLASSIFICATION_2026_18::ANGIO_CATHETER,https://www.law.go.kr/LSW/admRulLsInfoP.do?admRulSeq=2100000275656,representative_name;item_family_id;item_subtype_id;normalized_specification;unit_code,2026-07-22T12:35:28.630356+00:00,verified_family,approved,codex_external_evidence_pipeline,2026-07-22T12:35:28.630356+00:00,explicit_family_spec_unit_supported_by_official_taxonomy,classification-v1.0
DECISION::classification-v1.0::ITEM_999e2f288567f70a345e,ITEM_999e2f288567f70a345e,APPROVE_FAMILY,,,MED_SUPPLY,ANGIO_CATHETER,카테터,ANGIO_NEEDLE,카테터(angio needle),18G,EA,,MFDS_DEVICE_CLASSIFICATION_2026_18,MFDS_DEVICE_CLASSIFICATION_2026_18::ANGIO_CATHETER,https://www.law.go.kr/LSW/admRulLsInfoP.do?admRulSeq=2100000275656,representative_name;item_family_id;item_subtype_id;normalized_specification;unit_code,2026-07-22T12:35:28.630356+00:00,verified_family,approved,codex_external_evidence_pipeline,2026-07-22T12:35:28.630356+00:00,explicit_family_spec_unit_supported_by_official_taxonomy,classification-v1.0
DECISION::classification-v1.0::ITEM_aac23d9df73131fdf8ef,ITEM_aac23d9df73131fdf8ef,APPROVE_FAMILY,,,MED_SUPPLY,DISPOSABLE_SYRINGE,주사기,SYRINGE_USAGE_BASED,주사기(사용량 기준),1mL,EA,,MFDS_DEVICE_CLASSIFICATION_2026_18,MFDS_DEVICE_CLASSIFICATION_2026_18::DISPOSABLE_SYRINGE,https://www.law.go.kr/LSW/admRulLsInfoP.do?admRulSeq=2100000275656,representative_name;item_family_id;item_subtype_id;normalized_specification;unit_code,2026-07-22T12:35:28.630356+00:00,verified_family,approved,codex_external_evidence_pipeline,2026-07-22T12:35:28.630356+00:00,explicit_family_spec_unit_supported_by_official_taxonomy,classification-v1.0
DECISION::classification-v1.0::ITEM_b55c8e52fbf975aa7d8b,ITEM_b55c8e52fbf975aa7d8b,APPROVE_FAMILY,,,MED_SUPPLY,DISPOSABLE_SYRINGE,주사기,SYRINGE_USAGE_BASED,주사기(사용량 기준),1mL,EA,,MFDS_DEVICE_CLASSIFICATION_2026_18,MFDS_DEVICE_CLASSIFICATION_2026_18::DISPOSABLE_SYRINGE,https://www.law.go.kr/LSW/admRulLsInfoP.do?admRulSeq=2100000275656,representative_name;item_family_id;item_subtype_id;normalized_specification;unit_code,2026-07-22T12:35:28.630356+00:00,verified_family,approved,codex_external_evidence_pipeline,2026-07-22T12:35:28.630356+00:00,explicit_family_spec_unit_supported_by_official_taxonomy,classification-v1.0
DECISION::classification-v1.0::ITEM_3ef6592b9982dc5bfe22,ITEM_3ef6592b9982dc5bfe22,APPROVE_FAMILY,,,MED_SUPPLY,DISPOSABLE_SYRINGE,주사기,SYRINGE_USAGE_BASED,주사기(사용량 기준),1mL,EA,,MFDS_DEVICE_CLASSIFICATION_2026_18,MFDS_DEVICE_CLASSIFICATION_2026_18::DISPOSABLE_SYRINGE,https://www.law.go.kr/LSW/admRulLsInfoP.do?admRulSeq=2100000275656,representative_name;item_family_id;item_subtype_id;normalized_specification;unit_code,2026-07-22T12:35:28.630356+00:00,verified_family,approved,codex_external_evidence_pipeline,2026-07-22T12:35:28.630356+00:00,explicit_family_spec_unit_supported_by_official_taxonomy,classification-v1.0
DECISION::classification-v1.0::ITEM_b50913b3aad5013da44a,ITEM_b50913b3aad5013da44a,APPROVE_FAMILY,,,MED_SUPPLY,DISPOSABLE_SYRINGE,주사기,SYRINGE_USAGE_BASED,주사기(사용량 기준),1mL,EA,,MFDS_DEVICE_CLASSIFICATION_2026_18,MFDS_DEVICE_CLASSIFICATION_2026_18::DISPOSABLE_SYRINGE,https://www.law.go.kr/LSW/admRulLsInfoP.do?admRulSeq=2100000275656,representative_name;item_family_id;item_subtype_id;normalized_specification;unit_code,2026-07-22T12:35:28.630356+00:00,verified_family,approved,codex_external_evidence_pipeline,2026-07-22T12:35:28.630356+00:00,explicit_family_spec_unit_supported_by_official_taxonomy,classification-v1.0
DECISION::classification-v1.0::ITEM_8c967fbe62172963843f,ITEM_8c967fbe62172963843f,APPROVE_FAMILY,,,MED_SUPPLY,DISPOSABLE_SYRINGE,주사기,SYRINGE_USAGE_BASED,주사기(사용량 기준),1mL,EA,,MFDS_DEVICE_CLASSIFICATION_2026_18,MFDS_DEVICE_CLASSIFICATION_2026_18::DISPOSABLE_SYRINGE,https://www.law.go.kr/LSW/admRulLsInfoP.do?admRulSeq=2100000275656,representative_name;item_family_id;item_subtype_id;normalized_specification;unit_code,2026-07-22T12:35:28.630356+00:00,verified_family,approved,codex_external_evidence_pipeline,2026-07-22T12:35:28.630356+00:00,explicit_family_spec_unit_supported_by_official_taxonomy,classification-v1.0
DECISION::classification-v1.0::ITEM_780b2f133791fd448e79,ITEM_780b2f133791fd448e79,APPROVE_FAMILY,,,MED_SUPPLY,DISPOSABLE_SYRINGE,주사기,SYRINGE_USAGE_BASED,주사기(사용량 기준),1mL,EA,,MFDS_DEVICE_CLASSIFICATION_2026_18,MFDS_DEVICE_CLASSIFICATION_2026_18::DISPOSABLE_SYRINGE,https://www.law.go.kr/LSW/admRulLsInfoP.do?admRulSeq=2100000275656,representative_name;item_family_id;item_subtype_id;normalized_specification;unit_code,2026-07-22T12:35:28.630356+00:00,verified_family,approved,codex_external_evidence_pipeline,2026-07-22T12:35:28.630356+00:00,explicit_family_spec_unit_supported_by_official_taxonomy,classification-v1.0
DECISION::classification-v1.0::ITEM_4c7eece0b67735f55811,ITEM_4c7eece0b67735f55811,APPROVE_FAMILY,,,MED_SUPPLY,DISPOSABLE_SYRINGE,주사기,SYRINGE_USAGE_BASED,주사기(사용량 기준),3mL,EA,,MFDS_DEVICE_CLASSIFICATION_2026_18,MFDS_DEVICE_CLASSIFICATION_2026_18::DISPOSABLE_SYRINGE,https://www.law.go.kr/LSW/admRulLsInfoP.do?admRulSeq=2100000275656,representative_name;item_family_id;item_subtype_id;normalized_specification;unit_code,2026-07-22T12:35:28.630356+00:00,verified_family,approved,codex_external_evidence_pipeline,2026-07-22T12:35:28.630356+00:00,explicit_family_spec_unit_supported_by_official_taxonomy,classification-v1.0
DECISION::classification-v1.0::ITEM_b16c683fe0316f07b364,ITEM_b16c683fe0316f07b364,APPROVE_FAMILY,,,MED_SUPPLY,DISPOSABLE_SYRINGE,주사기,SYRINGE_USAGE_BASED,주사기(사용량 기준),200mL,EA,,MFDS_DEVICE_CLASSIFICATION_2026_18,MFDS_DEVICE_CLASSIFICATION_2026_18::DISPOSABLE_SYRINGE,https://www.law.go.kr/LSW/admRulLsInfoP.do?admRulSeq=2100000275656,representative_name;item_family_id;item_subtype_id;normalized_specification;unit_code,2026-07-22T12:35:28.630356+00:00,verified_family,approved,codex_external_evidence_pipeline,2026-07-22T12:35:28.630356+00:00,explicit_family_spec_unit_supported_by_official_taxonomy,classification-v1.0
DECISION::classification-v1.0::ITEM_33aad2dc3a72ef886309,ITEM_33aad2dc3a72ef886309,APPROVE_FAMILY,,,MED_SUPPLY,INJECTION_NEEDLE,주사침,INJECTION_NEEDLE,주사침,23G,EA,,MFDS_DEVICE_CLASSIFICATION_2026_18,MFDS_DEVICE_CLASSIFICATION_2026_18::INJECTION_NEEDLE,https://www.law.go.kr/LSW/admRulLsInfoP.do?admRulSeq=2100000275656,representative_name;item_family_id;item_subtype_id;normalized_specification;unit_code,2026-07-22T12:35:28.630356+00:00,verified_family,approved,codex_external_evidence_pipeline,2026-07-22T12:35:28.630356+00:00,explicit_family_spec_unit_supported_by_official_taxonomy,classification-v1.0
DECISION::classification-v1.0::ITEM_3a2dd5e4bee6803067cb,ITEM_3a2dd5e4bee6803067cb,APPROVE_FAMILY,,,MED_SUPPLY,INJECTION_NEEDLE,주사침,INJECTION_NEEDLE,주사침,26G,EA,,MFDS_DEVICE_CLASSIFICATION_2026_18,MFDS_DEVICE_CLASSIFICATION_2026_18::INJECTION_NEEDLE,https://www.law.go.kr/LSW/admRulLsInfoP.do?admRulSeq=2100000275656,representative_name;item_family_id;item_subtype_id;normalized_specification;unit_code,2026-07-22T12:35:28.630356+00:00,verified_family,approved,codex_external_evidence_pipeline,2026-07-22T12:35:28.630356+00:00,explicit_family_spec_unit_supported_by_official_taxonomy,classification-v1.0
DECISION::classification-v1.0::ITEM_846d1346a46aa2dbc390,ITEM_846d1346a46aa2dbc390,APPROVE_FAMILY,,,MED_SUPPLY,INJECTION_NEEDLE,주사침,INJECTION_NEEDLE,주사침,30G,EA,,MFDS_DEVICE_CLASSIFICATION_2026_18,MFDS_DEVICE_CLASSIFICATION_2026_18::INJECTION_NEEDLE,https://www.law.go.kr/LSW/admRulLsInfoP.do?admRulSeq=2100000275656,representative_name;item_family_id;item_subtype_id;normalized_specification;unit_code,2026-07-22T12:35:28.630356+00:00,verified_family,approved,codex_external_evidence_pipeline,2026-07-22T12:35:28.630356+00:00,explicit_family_spec_unit_supported_by_official_taxonomy,classification-v1.0
DECISION::classification-v1.0::ITEM_3ac06f25680b01f12e3c,ITEM_3ac06f25680b01f12e3c,APPROVE_FAMILY,,,MED_SUPPLY,INFUSION_SET,수액세트,INFUSION_SET,수액세트,수액세트,EA,,MFDS_DEVICE_CLASSIFICATION_2026_18,MFDS_DEVICE_CLASSIFICATION_2026_18::INFUSION_SET,https://www.law.go.kr/LSW/admRulLsInfoP.do?admRulSeq=2100000275656,representative_name;item_family_id;item_subtype_id;normalized_specification;unit_code,2026-07-22T12:35:28.630356+00:00,verified_family,approved,codex_external_evidence_pipeline,2026-07-22T12:35:28.630356+00:00,explicit_family_spec_unit_supported_by_official_taxonomy,classification-v1.0
DECISION::classification-v1.0::ITEM_6fc69216c7f558c00235,ITEM_6fc69216c7f558c00235,APPROVE_FAMILY,,,MED_SUPPLY,ANGIO_CATHETER,카테터,ANGIO_NEEDLE,카테터(angio needle),20G,EA,,MFDS_DEVICE_CLASSIFICATION_2026_18,MFDS_DEVICE_CLASSIFICATION_2026_18::ANGIO_CATHETER,https://www.law.go.kr/LSW/admRulLsInfoP.do?admRulSeq=2100000275656,representative_name;item_family_id;item_subtype_id;normalized_specification;unit_code,2026-07-22T12:35:28.630356+00:00,verified_family,approved,codex_external_evidence_pipeline,2026-07-22T12:35:28.630356+00:00,explicit_family_spec_unit_supported_by_official_taxonomy,classification-v1.0
DECISION::classification-v1.0::ITEM_1a804dd62c90d0c87d26,ITEM_1a804dd62c90d0c87d26,APPROVE_FAMILY,,,MED_SUPPLY,ANGIO_CATHETER,카테터,ANGIO_NEEDLE,카테터(angio needle),20G,EA,,MFDS_DEVICE_CLASSIFICATION_2026_18,MFDS_DEVICE_CLASSIFICATION_2026_18::ANGIO_CATHETER,https://www.law.go.kr/LSW/admRulLsInfoP.do?admRulSeq=2100000275656,representative_name;item_family_id;item_subtype_id;normalized_specification;unit_code,2026-07-22T12:35:28.630356+00:00,verified_family,approved,codex_external_evidence_pipeline,2026-07-22T12:35:28.630356+00:00,explicit_family_spec_unit_supported_by_official_taxonomy,classification-v1.0
DECISION::classification-v1.0::ITEM_736a328eb19555a88e59,ITEM_736a328eb19555a88e59,APPROVE_FAMILY,,,MED_SUPPLY,DISPOSABLE_SYRINGE,주사기,SYRINGE_USAGE_BASED,주사기(사용량 기준),20mL,EA,,MFDS_DEVICE_CLASSIFICATION_2026_18,MFDS_DEVICE_CLASSIFICATION_2026_18::DISPOSABLE_SYRINGE,https://www.law.go.kr/LSW/admRulLsInfoP.do?admRulSeq=2100000275656,representative_name;item_family_id;item_subtype_id;normalized_specification;unit_code,2026-07-22T12:35:28.630356+00:00,verified_family,approved,codex_external_evidence_pipeline,2026-07-22T12:35:28.630356+00:00,explicit_family_spec_unit_supported_by_official_taxonomy,classification-v1.0
DECISION::classification-v1.0::ITEM_e38d278bc9292f2213bb,ITEM_e38d278bc9292f2213bb,APPROVE_FAMILY,,,MED_SUPPLY,ANGIO_CATHETER,카테터,ANGIO_NEEDLE,카테터(angio needle),22G,EA,,MFDS_DEVICE_CLASSIFICATION_2026_18,MFDS_DEVICE_CLASSIFICATION_2026_18::ANGIO_CATHETER,https://www.law.go.kr/LSW/admRulLsInfoP.do?admRulSeq=2100000275656,representative_name;item_family_id;item_subtype_id;normalized_specification;unit_code,2026-07-22T12:35:28.630356+00:00,verified_family,approved,codex_external_evidence_pipeline,2026-07-22T12:35:28.630356+00:00,explicit_family_spec_unit_supported_by_official_taxonomy,classification-v1.0
DECISION::classification-v1.0::ITEM_32be9d2913b90878afa5,ITEM_32be9d2913b90878afa5,APPROVE_FAMILY,,,MED_SUPPLY,ANGIO_CATHETER,카테터,ANGIO_NEEDLE,카테터(angio needle),22G,EA,,MFDS_DEVICE_CLASSIFICATION_2026_18,MFDS_DEVICE_CLASSIFICATION_2026_18::ANGIO_CATHETER,https://www.law.go.kr/LSW/admRulLsInfoP.do?admRulSeq=2100000275656,representative_name;item_family_id;item_subtype_id;normalized_specification;unit_code,2026-07-22T12:35:28.630356+00:00,verified_family,approved,codex_external_evidence_pipeline,2026-07-22T12:35:28.630356+00:00,explicit_family_spec_unit_supported_by_official_taxonomy,classification-v1.0
DECISION::classification-v1.0::ITEM_b2df6eb51c00f0eea0fa,ITEM_b2df6eb51c00f0eea0fa,APPROVE_FAMILY,,,MED_SUPPLY,INJECTION_NEEDLE,주사침,INJECTION_NEEDLE,주사침,23G,EA,,MFDS_DEVICE_CLASSIFICATION_2026_18,MFDS_DEVICE_CLASSIFICATION_2026_18::INJECTION_NEEDLE,https://www.law.go.kr/LSW/admRulLsInfoP.do?admRulSeq=2100000275656,representative_name;item_family_id;item_subtype_id;normalized_specification;unit_code,2026-07-22T12:35:28.630356+00:00,verified_family,approved,codex_external_evidence_pipeline,2026-07-22T12:35:28.630356+00:00,explicit_family_spec_unit_supported_by_official_taxonomy,classification-v1.0
DECISION::classification-v1.0::ITEM_ec8015c4f7e5759936e2,ITEM_ec8015c4f7e5759936e2,APPROVE_FAMILY,,,MED_SUPPLY,DISPOSABLE_SYRINGE,주사기,SYRINGE_USAGE_BASED,주사기(사용량 기준),1mL,EA,,MFDS_DEVICE_CLASSIFICATION_2026_18,MFDS_DEVICE_CLASSIFICATION_2026_18::DISPOSABLE_SYRINGE,https://www.law.go.kr/LSW/admRulLsInfoP.do?admRulSeq=2100000275656,representative_name;item_family_id;item_subtype_id;normalized_specification;unit_code,2026-07-22T12:35:28.630356+00:00,verified_family,approved,codex_external_evidence_pipeline,2026-07-22T12:35:28.630356+00:00,explicit_family_spec_unit_supported_by_official_taxonomy,classification-v1.0
DECISION::classification-v1.0::ITEM_13c4f0cfbdf13219d541,ITEM_13c4f0cfbdf13219d541,APPROVE_FAMILY,,,MED_SUPPLY,DISPOSABLE_SYRINGE,주사기,SYRINGE_USAGE_BASED,주사기(사용량 기준),1mL,EA,,MFDS_DEVICE_CLASSIFICATION_2026_18,MFDS_DEVICE_CLASSIFICATION_2026_18::DISPOSABLE_SYRINGE,https://www.law.go.kr/LSW/admRulLsInfoP.do?admRulSeq=2100000275656,representative_name;item_family_id;item_subtype_id;normalized_specification;unit_code,2026-07-22T12:35:28.630356+00:00,verified_family,approved,codex_external_evidence_pipeline,2026-07-22T12:35:28.630356+00:00,explicit_family_spec_unit_supported_by_official_taxonomy,classification-v1.0
DECISION::classification-v1.0::ITEM_d71ff621e9009d4d7b8a,ITEM_d71ff621e9009d4d7b8a,APPROVE_FAMILY,,,MED_SUPPLY,DISPOSABLE_SYRINGE,주사기,SYRINGE_USAGE_BASED,주사기(사용량 기준),3mL,EA,,MFDS_DEVICE_CLASSIFICATION_2026_18,MFDS_DEVICE_CLASSIFICATION_2026_18::DISPOSABLE_SYRINGE,https://www.law.go.kr/LSW/admRulLsInfoP.do?admRulSeq=2100000275656,representative_name;item_family_id;item_subtype_id;normalized_specification;unit_code,2026-07-22T12:35:28.630356+00:00,verified_family,approved,codex_external_evidence_pipeline,2026-07-22T12:35:28.630356+00:00,explicit_family_spec_unit_supported_by_official_taxonomy,classification-v1.0
DECISION::classification-v1.0::ITEM_f0c0c3671267c4a1bdaa,ITEM_f0c0c3671267c4a1bdaa,APPROVE_FAMILY,,,MED_SUPPLY,ANGIO_CATHETER,카테터,ANGIO_NEEDLE,카테터(angio needle),24G,EA,,MFDS_DEVICE_CLASSIFICATION_2026_18,MFDS_DEVICE_CLASSIFICATION_2026_18::ANGIO_CATHETER,https://www.law.go.kr/LSW/admRulLsInfoP.do?admRulSeq=2100000275656,representative_name;item_family_id;item_subtype_id;normalized_specification;unit_code,2026-07-22T12:35:28.630356+00:00,verified_family,approved,codex_external_evidence_pipeline,2026-07-22T12:35:28.630356+00:00,explicit_family_spec_unit_supported_by_official_taxonomy,classification-v1.0
DECISION::classification-v1.0::ITEM_e79313a44c58a043ece9,ITEM_e79313a44c58a043ece9,APPROVE_FAMILY,,,MED_SUPPLY,INFUSION_SET,수액세트,INFUSION_SET,수액세트,수액세트,EA,,MFDS_DEVICE_CLASSIFICATION_2026_18,MFDS_DEVICE_CLASSIFICATION_2026_18::INFUSION_SET,https://www.law.go.kr/LSW/admRulLsInfoP.do?admRulSeq=2100000275656,representative_name;item_family_id;item_subtype_id;normalized_specification;unit_code,2026-07-22T12:35:28.630356+00:00,verified_family,approved,codex_external_evidence_pipeline,2026-07-22T12:35:28.630356+00:00,explicit_family_spec_unit_supported_by_official_taxonomy,classification-v1.0
DECISION::classification-v1.0::ITEM_bb6365f2a02d813bb63b,ITEM_bb6365f2a02d813bb63b,APPROVE_FAMILY,,,MED_SUPPLY,ANGIO_CATHETER,카테터,ANGIO_NEEDLE,카테터(angio needle),18G,EA,,MFDS_DEVICE_CLASSIFICATION_2026_18,MFDS_DEVICE_CLASSIFICATION_2026_18::ANGIO_CATHETER,https://www.law.go.kr/LSW/admRulLsInfoP.do?admRulSeq=2100000275656,representative_name;item_family_id;item_subtype_id;normalized_specification;unit_code,2026-07-22T12:35:28.630356+00:00,verified_family,approved,codex_external_evidence_pipeline,2026-07-22T12:35:28.630356+00:00,explicit_family_spec_unit_supported_by_official_taxonomy,classification-v1.0
DECISION::classification-v1.0::ITEM_2e76a9ade2d70832beb7,ITEM_2e76a9ade2d70832beb7,APPROVE_FAMILY,,,MED_SUPPLY,INJECTION_NEEDLE,주사침,INJECTION_NEEDLE,주사침,25G,EA,,MFDS_DEVICE_CLASSIFICATION_2026_18,MFDS_DEVICE_CLASSIFICATION_2026_18::INJECTION_NEEDLE,https://www.law.go.kr/LSW/admRulLsInfoP.do?admRulSeq=2100000275656,representative_name;item_family_id;item_subtype_id;normalized_specification;unit_code,2026-07-22T12:35:28.630356+00:00,verified_family,approved,codex_external_evidence_pipeline,2026-07-22T12:35:28.630356+00:00,explicit_family_spec_unit_supported_by_official_taxonomy,classification-v1.0
DECISION::classification-v1.0::ITEM_7bed48d56296604f7cb9,ITEM_7bed48d56296604f7cb9,APPROVE_FAMILY,,,MED_SUPPLY,INJECTION_NEEDLE,주사침,INJECTION_NEEDLE,주사침,26G,EA,,MFDS_DEVICE_CLASSIFICATION_2026_18,MFDS_DEVICE_CLASSIFICATION_2026_18::INJECTION_NEEDLE,https://www.law.go.kr/LSW/admRulLsInfoP.do?admRulSeq=2100000275656,representative_name;item_family_id;item_subtype_id;normalized_specification;unit_code,2026-07-22T12:35:28.630356+00:00,verified_family,approved,codex_external_evidence_pipeline,2026-07-22T12:35:28.630356+00:00,explicit_family_spec_unit_supported_by_official_taxonomy,classification-v1.0
DECISION::classification-v1.0::ITEM_9e8e1d1633445333a428,ITEM_9e8e1d1633445333a428,APPROVE_FAMILY,,,MED_SUPPLY,INJECTION_NEEDLE,주사침,INJECTION_NEEDLE,주사침,26G,EA,,MFDS_DEVICE_CLASSIFICATION_2026_18,MFDS_DEVICE_CLASSIFICATION_2026_18::INJECTION_NEEDLE,https://www.law.go.kr/LSW/admRulLsInfoP.do?admRulSeq=2100000275656,representative_name;item_family_id;item_subtype_id;normalized_specification;unit_code,2026-07-22T12:35:28.630356+00:00,verified_family,approved,codex_external_evidence_pipeline,2026-07-22T12:35:28.630356+00:00,explicit_family_spec_unit_supported_by_official_taxonomy,classification-v1.0
DECISION::classification-v1.0::ITEM_3201c7f3a68579dfebfe,ITEM_3201c7f3a68579dfebfe,APPROVE_FAMILY,,,MED_SUPPLY,DISPOSABLE_SYRINGE,주사기,SYRINGE_USAGE_BASED,주사기(사용량 기준),2mL,EA,,MFDS_DEVICE_CLASSIFICATION_2026_18,MFDS_DEVICE_CLASSIFICATION_2026_18::DISPOSABLE_SYRINGE,https://www.law.go.kr/LSW/admRulLsInfoP.do?admRulSeq=2100000275656,representative_name;item_family_id;item_subtype_id;normalized_specification;unit_code,2026-07-22T12:35:28.630356+00:00,verified_family,approved,codex_external_evidence_pipeline,2026-07-22T12:35:28.630356+00:00,explicit_family_spec_unit_supported_by_official_taxonomy,classification-v1.0
DECISION::classification-v1.0::ITEM_319f11fa9003e95c4bc3,ITEM_319f11fa9003e95c4bc3,APPROVE_FAMILY,,,MED_SUPPLY,BLOOD_LANCET,채혈침,BLOOD_LANCET,채혈침,28G,EA,,MFDS_DEVICE_CLASSIFICATION_2026_18,MFDS_DEVICE_CLASSIFICATION_2026_18::BLOOD_LANCET,https://www.law.go.kr/LSW/admRulLsInfoP.do?admRulSeq=2100000275656,representative_name;item_family_id;item_subtype_id;normalized_specification;unit_code,2026-07-22T12:35:28.630356+00:00,verified_family,approved,codex_external_evidence_pipeline,2026-07-22T12:35:28.630356+00:00,explicit_family_spec_unit_supported_by_official_taxonomy,classification-v1.0
DECISION::classification-v1.0::ITEM_73c7757f425580e4d2b1,ITEM_73c7757f425580e4d2b1,APPROVE_FAMILY,,,MED_SUPPLY,INJECTION_NEEDLE,주사침,INJECTION_NEEDLE,주사침,30G,EA,,MFDS_DEVICE_CLASSIFICATION_2026_18,MFDS_DEVICE_CLASSIFICATION_2026_18::INJECTION_NEEDLE,https://www.law.go.kr/LSW/admRulLsInfoP.do?admRulSeq=2100000275656,representative_name;item_family_id;item_subtype_id;normalized_specification;unit_code,2026-07-22T12:35:28.630356+00:00,verified_family,approved,codex_external_evidence_pipeline,2026-07-22T12:35:28.630356+00:00,explicit_family_spec_unit_supported_by_official_taxonomy,classification-v1.0
DECISION::classification-v1.0::ITEM_bfdba780b1676863e373,ITEM_bfdba780b1676863e373,APPROVE_FAMILY,,,MED_SUPPLY,DISPOSABLE_SYRINGE,주사기,SYRINGE_USAGE_BASED,주사기(사용량 기준),3mL,EA,,MFDS_DEVICE_CLASSIFICATION_2026_18,MFDS_DEVICE_CLASSIFICATION_2026_18::DISPOSABLE_SYRINGE,https://www.law.go.kr/LSW/admRulLsInfoP.do?admRulSeq=2100000275656,representative_name;item_family_id;item_subtype_id;normalized_specification;unit_code,2026-07-22T12:35:28.630356+00:00,verified_family,approved,codex_external_evidence_pipeline,2026-07-22T12:35:28.630356+00:00,explicit_family_spec_unit_supported_by_official_taxonomy,classification-v1.0
DECISION::classification-v1.0::ITEM_d1ec0bfb2d85484cbb9c,ITEM_d1ec0bfb2d85484cbb9c,APPROVE_FAMILY,,,MED_SUPPLY,DISPOSABLE_SYRINGE,주사기,SYRINGE_USAGE_BASED,주사기(사용량 기준),3mL,EA,,MFDS_DEVICE_CLASSIFICATION_2026_18,MFDS_DEVICE_CLASSIFICATION_2026_18::DISPOSABLE_SYRINGE,https://www.law.go.kr/LSW/admRulLsInfoP.do?admRulSeq=2100000275656,representative_name;item_family_id;item_subtype_id;normalized_specification;unit_code,2026-07-22T12:35:28.630356+00:00,verified_family,approved,codex_external_evidence_pipeline,2026-07-22T12:35:28.630356+00:00,explicit_family_spec_unit_supported_by_official_taxonomy,classification-v1.0
DECISION::classification-v1.0::ITEM_b823c3deaa595175dc85,ITEM_b823c3deaa595175dc85,APPROVE_FAMILY,,,MED_SUPPLY,DISPOSABLE_SYRINGE,주사기,SYRINGE_USAGE_BASED,주사기(사용량 기준),50mL,EA,,MFDS_DEVICE_CLASSIFICATION_2026_18,MFDS_DEVICE_CLASSIFICATION_2026_18::DISPOSABLE_SYRINGE,https://www.law.go.kr/LSW/admRulLsInfoP.do?admRulSeq=2100000275656,representative_name;item_family_id;item_subtype_id;normalized_specification;unit_code,2026-07-22T12:35:28.630356+00:00,verified_family,approved,codex_external_evidence_pipeline,2026-07-22T12:35:28.630356+00:00,explicit_family_spec_unit_supported_by_official_taxonomy,classification-v1.0
DECISION::classification-v1.0::ITEM_de4ec2bdad2fe756ff27,ITEM_de4ec2bdad2fe756ff27,APPROVE_FAMILY,,,MED_SUPPLY,DISPOSABLE_SYRINGE,주사기,SYRINGE_USAGE_BASED,주사기(사용량 기준),50mL,EA,,MFDS_DEVICE_CLASSIFICATION_2026_18,MFDS_DEVICE_CLASSIFICATION_2026_18::DISPOSABLE_SYRINGE,https://www.law.go.kr/LSW/admRulLsInfoP.do?admRulSeq=2100000275656,representative_name;item_family_id;item_subtype_id;normalized_specification;unit_code,2026-07-22T12:35:28.630356+00:00,verified_family,approved,codex_external_evidence_pipeline,2026-07-22T12:35:28.630356+00:00,explicit_family_spec_unit_supported_by_official_taxonomy,classification-v1.0
DECISION::classification-v1.0::ITEM_12792f0687f9f1971787,ITEM_12792f0687f9f1971787,APPROVE_FAMILY,,,MED_SUPPLY,DISPOSABLE_SYRINGE,주사기,SYRINGE_USAGE_BASED,주사기(사용량 기준),5mL,EA,,MFDS_DEVICE_CLASSIFICATION_2026_18,MFDS_DEVICE_CLASSIFICATION_2026_18::DISPOSABLE_SYRINGE,https://www.law.go.kr/LSW/admRulLsInfoP.do?admRulSeq=2100000275656,representative_name;item_family_id;item_subtype_id;normalized_specification;unit_code,2026-07-22T12:35:28.630356+00:00,verified_family,approved,codex_external_evidence_pipeline,2026-07-22T12:35:28.630356+00:00,explicit_family_spec_unit_supported_by_official_taxonomy,classification-v1.0
DECISION::classification-v1.0::ITEM_215657802a15d007f729,ITEM_215657802a15d007f729,APPROVE_FAMILY,,,MED_SUPPLY,DISPOSABLE_SYRINGE,주사기,SYRINGE_USAGE_BASED,주사기(사용량 기준),0.05mL,EA,,MFDS_DEVICE_CLASSIFICATION_2026_18,MFDS_DEVICE_CLASSIFICATION_2026_18::DISPOSABLE_SYRINGE,https://www.law.go.kr/LSW/admRulLsInfoP.do?admRulSeq=2100000275656,representative_name;item_family_id;item_subtype_id;normalized_specification;unit_code,2026-07-22T12:35:28.630356+00:00,verified_family,approved,codex_external_evidence_pipeline,2026-07-22T12:35:28.630356+00:00,explicit_family_spec_unit_supported_by_official_taxonomy,classification-v1.0
DECISION::classification-v1.0::ITEM_9c15497096a46818a494,ITEM_9c15497096a46818a494,APPROVE_FAMILY,,,MED_SUPPLY,DISPOSABLE_SYRINGE,주사기,SYRINGE_USAGE_BASED,주사기(사용량 기준),1mL,EA,,MFDS_DEVICE_CLASSIFICATION_2026_18,MFDS_DEVICE_CLASSIFICATION_2026_18::DISPOSABLE_SYRINGE,https://www.law.go.kr/LSW/admRulLsInfoP.do?admRulSeq=2100000275656,representative_name;item_family_id;item_subtype_id;normalized_specification;unit_code,2026-07-22T12:35:28.630356+00:00,verified_family,approved,codex_external_evidence_pipeline,2026-07-22T12:35:28.630356+00:00,explicit_family_spec_unit_supported_by_official_taxonomy,classification-v1.0
DECISION::classification-v1.0::ITEM_2904dc50e204ec55206e,ITEM_2904dc50e204ec55206e,APPROVE_FAMILY,,,MED_SUPPLY,DISPOSABLE_SYRINGE,주사기,SYRINGE_USAGE_BASED,주사기(사용량 기준),10mL,EA,,MFDS_DEVICE_CLASSIFICATION_2026_18,MFDS_DEVICE_CLASSIFICATION_2026_18::DISPOSABLE_SYRINGE,https://www.law.go.kr/LSW/admRulLsInfoP.do?admRulSeq=2100000275656,representative_name;item_family_id;item_subtype_id;normalized_specification;unit_code,2026-07-22T12:35:28.630356+00:00,verified_family,approved,codex_external_evidence_pipeline,2026-07-22T12:35:28.630356+00:00,explicit_family_spec_unit_supported_by_official_taxonomy,classification-v1.0
DECISION::classification-v1.0::ITEM_55bfd52a5f4a574d5e5e,ITEM_55bfd52a5f4a574d5e5e,APPROVE_FAMILY,,,MED_SUPPLY,INFUSION_SET,수액세트,INFUSION_SET,수액세트,수액세트,EA,,MFDS_DEVICE_CLASSIFICATION_2026_18,MFDS_DEVICE_CLASSIFICATION_2026_18::INFUSION_SET,https://www.law.go.kr/LSW/admRulLsInfoP.do?admRulSeq=2100000275656,representative_name;item_family_id;item_subtype_id;normalized_specification;unit_code,2026-07-22T12:35:28.630356+00:00,verified_family,approved,codex_external_evidence_pipeline,2026-07-22T12:35:28.630356+00:00,explicit_family_spec_unit_supported_by_official_taxonomy,classification-v1.0
DECISION::classification-v1.0::ITEM_ece7e08fb861810e0423,ITEM_ece7e08fb861810e0423,APPROVE_FAMILY,,,MED_SUPPLY,ANGIO_CATHETER,카테터,ANGIO_NEEDLE,카테터(angio needle),24G,EA,,MFDS_DEVICE_CLASSIFICATION_2026_18,MFDS_DEVICE_CLASSIFICATION_2026_18::ANGIO_CATHETER,https://www.law.go.kr/LSW/admRulLsInfoP.do?admRulSeq=2100000275656,representative_name;item_family_id;item_subtype_id;normalized_specification;unit_code,2026-07-22T12:35:28.630356+00:00,verified_family,approved,codex_external_evidence_pipeline,2026-07-22T12:35:28.630356+00:00,explicit_family_spec_unit_supported_by_official_taxonomy,classification-v1.0
DECISION::classification-v1.0::ITEM_2eaf5717ffedf0ae138f,ITEM_2eaf5717ffedf0ae138f,APPROVE_FAMILY,,,MED_SUPPLY,ANGIO_CATHETER,카테터,ANGIO_NEEDLE,카테터(angio needle),20G,EA,,MFDS_DEVICE_CLASSIFICATION_2026_18,MFDS_DEVICE_CLASSIFICATION_2026_18::ANGIO_CATHETER,https://www.law.go.kr/LSW/admRulLsInfoP.do?admRulSeq=2100000275656,representative_name;item_family_id;item_subtype_id;normalized_specification;unit_code,2026-07-22T12:35:28.630356+00:00,verified_family,approved,codex_external_evidence_pipeline,2026-07-22T12:35:28.630356+00:00,explicit_family_spec_unit_supported_by_official_taxonomy,classification-v1.0
DECISION::classification-v1.0::ITEM_16a73db91a200884b70b,ITEM_16a73db91a200884b70b,APPROVE_FAMILY,,,MED_SUPPLY,DISPOSABLE_SYRINGE,주사기,SYRINGE_USAGE_BASED,주사기(사용량 기준),1mL,EA,,MFDS_DEVICE_CLASSIFICATION_2026_18,MFDS_DEVICE_CLASSIFICATION_2026_18::DISPOSABLE_SYRINGE,https://www.law.go.kr/LSW/admRulLsInfoP.do?admRulSeq=2100000275656,representative_name;item_family_id;item_subtype_id;normalized_specification;unit_code,2026-07-22T12:35:28.630356+00:00,verified_family,approved,codex_external_evidence_pipeline,2026-07-22T12:35:28.630356+00:00,explicit_family_spec_unit_supported_by_official_taxonomy,classification-v1.0
DECISION::classification-v1.0::ITEM_4016d875654a1944efbc,ITEM_4016d875654a1944efbc,APPROVE_FAMILY,,,MED_SUPPLY,ANGIO_CATHETER,카테터,BUTTERFLY_NEEDLE,나비 바늘,나비 바늘,EA,,MFDS_DEVICE_CLASSIFICATION_2026_18,MFDS_DEVICE_CLASSIFICATION_2026_18::ANGIO_CATHETER,https://www.law.go.kr/LSW/admRulLsInfoP.do?admRulSeq=2100000275656,representative_name;item_family_id;item_subtype_id;normalized_specification;unit_code,2026-07-22T12:35:28.630356+00:00,verified_family,approved,codex_external_evidence_pipeline,2026-07-22T12:35:28.630356+00:00,explicit_family_spec_unit_supported_by_official_taxonomy,classification-v1.0
DECISION::classification-v1.0::ITEM_6877d7bd566c1b66f5e7,ITEM_6877d7bd566c1b66f5e7,APPROVE_FAMILY,,,MED_SUPPLY,DISPOSABLE_SYRINGE,주사기,SYRINGE_USAGE_BASED,주사기(사용량 기준),3mL,EA,,MFDS_DEVICE_CLASSIFICATION_2026_18,MFDS_DEVICE_CLASSIFICATION_2026_18::DISPOSABLE_SYRINGE,https://www.law.go.kr/LSW/admRulLsInfoP.do?admRulSeq=2100000275656,representative_name;item_family_id;item_subtype_id;normalized_specification;unit_code,2026-07-22T12:35:28.630356+00:00,verified_family,approved,codex_external_evidence_pipeline,2026-07-22T12:35:28.630356+00:00,explicit_family_spec_unit_supported_by_official_taxonomy,classification-v1.0
DECISION::classification-v1.0::ITEM_899e96d596c6f400b7b7,ITEM_899e96d596c6f400b7b7,APPROVE_FAMILY,,,MED_SUPPLY,BLOOD_LANCET,채혈침,BLOOD_LANCET,채혈침,23G,EA,,MFDS_DEVICE_CLASSIFICATION_2026_18,MFDS_DEVICE_CLASSIFICATION_2026_18::BLOOD_LANCET,https://www.law.go.kr/LSW/admRulLsInfoP.do?admRulSeq=2100000275656,representative_name;item_family_id;item_subtype_id;normalized_specification;unit_code,2026-07-22T12:35:28.630356+00:00,verified_family,approved,codex_external_evidence_pipeline,2026-07-22T12:35:28.630356+00:00,explicit_family_spec_unit_supported_by_official_taxonomy,classification-v1.0
DECISION::classification-v1.0::ITEM_1af07e65fb67ef78e553,ITEM_1af07e65fb67ef78e553,APPROVE_FAMILY,,,MED_SUPPLY,INFUSION_SET,수액세트,INFUSION_SET,수액세트,수액세트,EA,,MFDS_DEVICE_CLASSIFICATION_2026_18,MFDS_DEVICE_CLASSIFICATION_2026_18::INFUSION_SET,https://www.law.go.kr/LSW/admRulLsInfoP.do?admRulSeq=2100000275656,representative_name;item_family_id;item_subtype_id;normalized_specification;unit_code,2026-07-22T12:35:28.630356+00:00,verified_family,approved,codex_external_evidence_pipeline,2026-07-22T12:35:28.630356+00:00,explicit_family_spec_unit_supported_by_official_taxonomy,classification-v1.0
DECISION::classification-v1.0::ITEM_6f8a3d4e093ad60d5b3f,ITEM_6f8a3d4e093ad60d5b3f,APPROVE_FAMILY,,,MED_SUPPLY,INFUSION_SET,수액세트,INFUSION_SET,수액세트,수액세트,EA,,MFDS_DEVICE_CLASSIFICATION_2026_18,MFDS_DEVICE_CLASSIFICATION_2026_18::INFUSION_SET,https://www.law.go.kr/LSW/admRulLsInfoP.do?admRulSeq=2100000275656,representative_name;item_family_id;item_subtype_id;normalized_specification;unit_code,2026-07-22T12:35:28.630356+00:00,verified_family,approved,codex_external_evidence_pipeline,2026-07-22T12:35:28.630356+00:00,explicit_family_spec_unit_supported_by_official_taxonomy,classification-v1.0
DECISION::classification-v1.0::ITEM_7626c5eb8857c7f5501e,ITEM_7626c5eb8857c7f5501e,APPROVE_FAMILY,,,MED_SUPPLY,INFUSION_SET,수액세트,INFUSION_SET,수액세트,수액세트,EA,,MFDS_DEVICE_CLASSIFICATION_2026_18,MFDS_DEVICE_CLASSIFICATION_2026_18::INFUSION_SET,https://www.law.go.kr/LSW/admRulLsInfoP.do?admRulSeq=2100000275656,representative_name;item_family_id;item_subtype_id;normalized_specification;unit_code,2026-07-22T12:35:28.630356+00:00,verified_family,approved,codex_external_evidence_pipeline,2026-07-22T12:35:28.630356+00:00,explicit_family_spec_unit_supported_by_official_taxonomy,classification-v1.0
DECISION::classification-v1.0::ITEM_9d240b5d64a2c0e46de6,ITEM_9d240b5d64a2c0e46de6,APPROVE_FAMILY,,,WASTE,MEDICAL_WASTE_CONTAINER,의료폐기물 전용용기,RIGID_NEEDLE_BOX,합성수지형 용기(needle box),30L,EA,,WASTE_RULE_APPENDIX_5_2026_03_26,WASTE_RULE_APPENDIX_5_2026_03_26::MEDICAL_WASTE_CONTAINER,https://www.law.go.kr/flDownload.do?bylClsCd=110201&flSeq=162812925&gubun=,representative_name;item_family_id;item_subtype_id;normalized_specification;unit_code,2026-07-22T12:35:28.630356+00:00,verified_family,approved,codex_external_evidence_pipeline,2026-07-22T12:35:28.630356+00:00,explicit_family_spec_unit_supported_by_official_taxonomy,classification-v1.0
DECISION::classification-v1.0::ITEM_7b24be226e148cbd0bbb,ITEM_7b24be226e148cbd0bbb,APPROVE_FAMILY,,,WASTE,MEDICAL_WASTE_CONTAINER,의료폐기물 전용용기,RIGID_NEEDLE_BOX,합성수지형 용기(needle box),32L,EA,,WASTE_RULE_APPENDIX_5_2026_03_26,WASTE_RULE_APPENDIX_5_2026_03_26::MEDICAL_WASTE_CONTAINER,https://www.law.go.kr/flDownload.do?bylClsCd=110201&flSeq=162812925&gubun=,representative_name;item_family_id;item_subtype_id;normalized_specification;unit_code,2026-07-22T12:35:28.630356+00:00,verified_family,approved,codex_external_evidence_pipeline,2026-07-22T12:35:28.630356+00:00,explicit_family_spec_unit_supported_by_official_taxonomy,classification-v1.0
DECISION::classification-v1.0::ITEM_637182ceb632e890da7d,ITEM_637182ceb632e890da7d,APPROVE_FAMILY,,,MED_SUPPLY,ANGIO_CATHETER,카테터,ANGIO_NEEDLE,카테터(angio needle),24G,EA,,MFDS_DEVICE_CLASSIFICATION_2026_18,MFDS_DEVICE_CLASSIFICATION_2026_18::ANGIO_CATHETER,https://www.law.go.kr/LSW/admRulLsInfoP.do?admRulSeq=2100000275656,representative_name;item_family_id;item_subtype_id;normalized_specification;unit_code,2026-07-22T12:35:28.630356+00:00,verified_family,approved,codex_external_evidence_pipeline,2026-07-22T12:35:28.630356+00:00,explicit_family_spec_unit_supported_by_official_taxonomy,classification-v1.0
DECISION::classification-v1.0::ITEM_adb58382eb50d39552b0,ITEM_adb58382eb50d39552b0,APPROVE_FAMILY,,,MED_SUPPLY,ANGIO_CATHETER,카테터,ANGIO_NEEDLE,카테터(angio needle),24G,EA,,MFDS_DEVICE_CLASSIFICATION_2026_18,MFDS_DEVICE_CLASSIFICATION_2026_18::ANGIO_CATHETER,https://www.law.go.kr/LSW/admRulLsInfoP.do?admRulSeq=2100000275656,representative_name;item_family_id;item_subtype_id;normalized_specification;unit_code,2026-07-22T12:35:28.630356+00:00,verified_family,approved,codex_external_evidence_pipeline,2026-07-22T12:35:28.630356+00:00,explicit_family_spec_unit_supported_by_official_taxonomy,classification-v1.0
DECISION::classification-v1.0::ITEM_291b6efc162caf0340fe,ITEM_291b6efc162caf0340fe,APPROVE_FAMILY,,,MED_SUPPLY,INFUSION_SET,수액세트,INFUSION_SET,수액세트,수액세트,EA,,MFDS_DEVICE_CLASSIFICATION_2026_18,MFDS_DEVICE_CLASSIFICATION_2026_18::INFUSION_SET,https://www.law.go.kr/LSW/admRulLsInfoP.do?admRulSeq=2100000275656,representative_name;item_family_id;item_subtype_id;normalized_specification;unit_code,2026-07-22T12:35:28.630356+00:00,verified_family,approved,codex_external_evidence_pipeline,2026-07-22T12:35:28.630356+00:00,explicit_family_spec_unit_supported_by_official_taxonomy,classification-v1.0
DECISION::classification-v1.0::ITEM_021d46abb3d4239407ff,ITEM_021d46abb3d4239407ff,APPROVE_FAMILY,,,MED_SUPPLY,DISPOSABLE_SYRINGE,주사기,SYRINGE_USAGE_BASED,주사기(사용량 기준),3mL,EA,,MFDS_DEVICE_CLASSIFICATION_2026_18,MFDS_DEVICE_CLASSIFICATION_2026_18::DISPOSABLE_SYRINGE,https://www.law.go.kr/LSW/admRulLsInfoP.do?admRulSeq=2100000275656,representative_name;item_family_id;item_subtype_id;normalized_specification;unit_code,2026-07-22T12:35:28.630356+00:00,verified_family,approved,codex_external_evidence_pipeline,2026-07-22T12:35:28.630356+00:00,explicit_family_spec_unit_supported_by_official_taxonomy,classification-v1.0
DECISION::classification-v1.0::ITEM_ab68c76b6dec2f0edac7,ITEM_ab68c76b6dec2f0edac7,APPROVE_FAMILY,,,MED_SUPPLY,BLOOD_LANCET,채혈침,BLOOD_LANCET,채혈침,30G,EA,,MFDS_DEVICE_CLASSIFICATION_2026_18,MFDS_DEVICE_CLASSIFICATION_2026_18::BLOOD_LANCET,https://www.law.go.kr/LSW/admRulLsInfoP.do?admRulSeq=2100000275656,representative_name;item_family_id;item_subtype_id;normalized_specification;unit_code,2026-07-22T12:35:28.630356+00:00,verified_family,approved,codex_external_evidence_pipeline,2026-07-22T12:35:28.630356+00:00,explicit_family_spec_unit_supported_by_official_taxonomy,classification-v1.0
DECISION::classification-v1.0::ITEM_141ce57333fabf244984,ITEM_141ce57333fabf244984,APPROVE_FAMILY,,,MED_SUPPLY,INJECTION_NEEDLE,주사침,INJECTION_NEEDLE,주사침,32G,EA,,MFDS_DEVICE_CLASSIFICATION_2026_18,MFDS_DEVICE_CLASSIFICATION_2026_18::INJECTION_NEEDLE,https://www.law.go.kr/LSW/admRulLsInfoP.do?admRulSeq=2100000275656,representative_name;item_family_id;item_subtype_id;normalized_specification;unit_code,2026-07-22T12:35:28.630356+00:00,verified_family,approved,codex_external_evidence_pipeline,2026-07-22T12:35:28.630356+00:00,explicit_family_spec_unit_supported_by_official_taxonomy,classification-v1.0
DECISION::classification-v1.0::ITEM_1950aac0915087e8596a,ITEM_1950aac0915087e8596a,APPROVE_FAMILY,,,MED_SUPPLY,INJECTION_NEEDLE,주사침,INJECTION_NEEDLE,주사침,18G,EA,,MFDS_DEVICE_CLASSIFICATION_2026_18,MFDS_DEVICE_CLASSIFICATION_2026_18::INJECTION_NEEDLE,https://www.law.go.kr/LSW/admRulLsInfoP.do?admRulSeq=2100000275656,representative_name;item_family_id;item_subtype_id;normalized_specification;unit_code,2026-07-22T12:35:28.630356+00:00,verified_family,approved,codex_external_evidence_pipeline,2026-07-22T12:35:28.630356+00:00,explicit_family_spec_unit_supported_by_official_taxonomy,classification-v1.0
DECISION::classification-v1.0::ITEM_4df94325e08e66dbbb33,ITEM_4df94325e08e66dbbb33,APPROVE_FAMILY,,,MED_SUPPLY,INJECTION_NEEDLE,주사침,INJECTION_NEEDLE,주사침,26G,EA,,MFDS_DEVICE_CLASSIFICATION_2026_18,MFDS_DEVICE_CLASSIFICATION_2026_18::INJECTION_NEEDLE,https://www.law.go.kr/LSW/admRulLsInfoP.do?admRulSeq=2100000275656,representative_name;item_family_id;item_subtype_id;normalized_specification;unit_code,2026-07-22T12:35:28.630356+00:00,verified_family,approved,codex_external_evidence_pipeline,2026-07-22T12:35:28.630356+00:00,explicit_family_spec_unit_supported_by_official_taxonomy,classification-v1.0
DECISION::classification-v1.0::ITEM_8f30715f76593c31102c,ITEM_8f30715f76593c31102c,APPROVE_FAMILY,,,MED_SUPPLY,BLOOD_LANCET,채혈침,BLOOD_LANCET,채혈침,18G,EA,,MFDS_DEVICE_CLASSIFICATION_2026_18,MFDS_DEVICE_CLASSIFICATION_2026_18::BLOOD_LANCET,https://www.law.go.kr/LSW/admRulLsInfoP.do?admRulSeq=2100000275656,representative_name;item_family_id;item_subtype_id;normalized_specification;unit_code,2026-07-22T12:35:28.630356+00:00,verified_family,approved,codex_external_evidence_pipeline,2026-07-22T12:35:28.630356+00:00,explicit_family_spec_unit_supported_by_official_taxonomy,classification-v1.0
DECISION::classification-v1.0::ITEM_4f91fa27a2b0cf5fb967,ITEM_4f91fa27a2b0cf5fb967,APPROVE_FAMILY,,,MED_SUPPLY,BLOOD_LANCET,채혈침,BLOOD_LANCET,채혈침,29G,EA,,MFDS_DEVICE_CLASSIFICATION_2026_18,MFDS_DEVICE_CLASSIFICATION_2026_18::BLOOD_LANCET,https://www.law.go.kr/LSW/admRulLsInfoP.do?admRulSeq=2100000275656,representative_name;item_family_id;item_subtype_id;normalized_specification;unit_code,2026-07-22T12:35:28.630356+00:00,verified_family,approved,codex_external_evidence_pipeline,2026-07-22T12:35:28.630356+00:00,explicit_family_spec_unit_supported_by_official_taxonomy,classification-v1.0
DECISION::classification-v1.0::ITEM_bb7cb9133332749e5006,ITEM_bb7cb9133332749e5006,APPROVE_FAMILY,,,MED_SUPPLY,BLOOD_LANCET,채혈침,BLOOD_LANCET,채혈침,30G,EA,,MFDS_DEVICE_CLASSIFICATION_2026_18,MFDS_DEVICE_CLASSIFICATION_2026_18::BLOOD_LANCET,https://www.law.go.kr/LSW/admRulLsInfoP.do?admRulSeq=2100000275656,representative_name;item_family_id;item_subtype_id;normalized_specification;unit_code,2026-07-22T12:35:28.630356+00:00,verified_family,approved,codex_external_evidence_pipeline,2026-07-22T12:35:28.630356+00:00,explicit_family_spec_unit_supported_by_official_taxonomy,classification-v1.0
DECISION::classification-v1.0::ITEM_e8b88eb7d3832c325e51,ITEM_e8b88eb7d3832c325e51,APPROVE_FAMILY,,,MED_SUPPLY,BLOOD_LANCET,채혈침,BLOOD_LANCET,채혈침,30G,EA,,MFDS_DEVICE_CLASSIFICATION_2026_18,MFDS_DEVICE_CLASSIFICATION_2026_18::BLOOD_LANCET,https://www.law.go.kr/LSW/admRulLsInfoP.do?admRulSeq=2100000275656,representative_name;item_family_id;item_subtype_id;normalized_specification;unit_code,2026-07-22T12:35:28.630356+00:00,verified_family,approved,codex_external_evidence_pipeline,2026-07-22T12:35:28.630356+00:00,explicit_family_spec_unit_supported_by_official_taxonomy,classification-v1.0
DECISION::classification-v1.0::ITEM_93e3b8163d1fd8edb173,ITEM_93e3b8163d1fd8edb173,APPROVE_FAMILY,,,MED_SUPPLY,BLOOD_LANCET,채혈침,BLOOD_LANCET,채혈침,28G,EA,,MFDS_DEVICE_CLASSIFICATION_2026_18,MFDS_DEVICE_CLASSIFICATION_2026_18::BLOOD_LANCET,https://www.law.go.kr/LSW/admRulLsInfoP.do?admRulSeq=2100000275656,representative_name;item_family_id;item_subtype_id;normalized_specification;unit_code,2026-07-22T12:35:28.630356+00:00,verified_family,approved,codex_external_evidence_pipeline,2026-07-22T12:35:28.630356+00:00,explicit_family_spec_unit_supported_by_official_taxonomy,classification-v1.0
DECISION::classification-v1.0::ITEM_f24483e3df7d848f3777,ITEM_f24483e3df7d848f3777,APPROVE_FAMILY,,,MED_SUPPLY,BLOOD_LANCET,채혈침,BLOOD_LANCET,채혈침,26G,EA,,MFDS_DEVICE_CLASSIFICATION_2026_18,MFDS_DEVICE_CLASSIFICATION_2026_18::BLOOD_LANCET,https://www.law.go.kr/LSW/admRulLsInfoP.do?admRulSeq=2100000275656,representative_name;item_family_id;item_subtype_id;normalized_specification;unit_code,2026-07-22T12:35:28.630356+00:00,verified_family,approved,codex_external_evidence_pipeline,2026-07-22T12:35:28.630356+00:00,explicit_family_spec_unit_supported_by_official_taxonomy,classification-v1.0
DECISION::classification-v1.0::ITEM_4ea55985112615de7c69,ITEM_4ea55985112615de7c69,APPROVE_FAMILY,,,MED_SUPPLY,BLOOD_LANCET,채혈침,BLOOD_LANCET,채혈침,23G,EA,,MFDS_DEVICE_CLASSIFICATION_2026_18,MFDS_DEVICE_CLASSIFICATION_2026_18::BLOOD_LANCET,https://www.law.go.kr/LSW/admRulLsInfoP.do?admRulSeq=2100000275656,representative_name;item_family_id;item_subtype_id;normalized_specification;unit_code,2026-07-22T12:35:28.630356+00:00,verified_family,approved,codex_external_evidence_pipeline,2026-07-22T12:35:28.630356+00:00,explicit_family_spec_unit_supported_by_official_taxonomy,classification-v1.0
DECISION::classification-v1.0::ITEM_f1b3ce424c9cb619e47e,ITEM_f1b3ce424c9cb619e47e,APPROVE_FAMILY,,,MED_SUPPLY,BLOOD_LANCET,채혈침,BLOOD_LANCET,채혈침,30G,EA,,MFDS_DEVICE_CLASSIFICATION_2026_18,MFDS_DEVICE_CLASSIFICATION_2026_18::BLOOD_LANCET,https://www.law.go.kr/LSW/admRulLsInfoP.do?admRulSeq=2100000275656,representative_name;item_family_id;item_subtype_id;normalized_specification;unit_code,2026-07-22T12:35:28.630356+00:00,verified_family,approved,codex_external_evidence_pipeline,2026-07-22T12:35:28.630356+00:00,explicit_family_spec_unit_supported_by_official_taxonomy,classification-v1.0
DECISION::classification-v1.0::ITEM_bc2d63bf67e01f1a3de4,ITEM_bc2d63bf67e01f1a3de4,APPROVE_FAMILY,,,MED_SUPPLY,BLOOD_LANCET,채혈침,BLOOD_LANCET,채혈침,28G,EA,,MFDS_DEVICE_CLASSIFICATION_2026_18,MFDS_DEVICE_CLASSIFICATION_2026_18::BLOOD_LANCET,https://www.law.go.kr/LSW/admRulLsInfoP.do?admRulSeq=2100000275656,representative_name;item_family_id;item_subtype_id;normalized_specification;unit_code,2026-07-22T12:35:28.630356+00:00,verified_family,approved,codex_external_evidence_pipeline,2026-07-22T12:35:28.630356+00:00,explicit_family_spec_unit_supported_by_official_taxonomy,classification-v1.0
DECISION::classification-v1.0::ITEM_bb59e854b1828e674bfc,ITEM_bb59e854b1828e674bfc,APPROVE_FAMILY,,,MED_SUPPLY,BLOOD_LANCET,채혈침,BLOOD_LANCET,채혈침,28G,EA,,MFDS_DEVICE_CLASSIFICATION_2026_18,MFDS_DEVICE_CLASSIFICATION_2026_18::BLOOD_LANCET,https://www.law.go.kr/LSW/admRulLsInfoP.do?admRulSeq=2100000275656,representative_name;item_family_id;item_subtype_id;normalized_specification;unit_code,2026-07-22T12:35:28.630356+00:00,verified_family,approved,codex_external_evidence_pipeline,2026-07-22T12:35:28.630356+00:00,explicit_family_spec_unit_supported_by_official_taxonomy,classification-v1.0
DECISION::classification-v1.0::ITEM_fb18ded1e4ffaf8ea160,ITEM_fb18ded1e4ffaf8ea160,APPROVE_FAMILY,,,MED_SUPPLY,BLOOD_LANCET,채혈침,BLOOD_LANCET,채혈침,26G,EA,,MFDS_DEVICE_CLASSIFICATION_2026_18,MFDS_DEVICE_CLASSIFICATION_2026_18::BLOOD_LANCET,https://www.law.go.kr/LSW/admRulLsInfoP.do?admRulSeq=2100000275656,representative_name;item_family_id;item_subtype_id;normalized_specification;unit_code,2026-07-22T12:35:28.630356+00:00,verified_family,approved,codex_external_evidence_pipeline,2026-07-22T12:35:28.630356+00:00,explicit_family_spec_unit_supported_by_official_taxonomy,classification-v1.0
DECISION::classification-v1.0::ITEM_f48948bc74de2aa953ec,ITEM_f48948bc74de2aa953ec,APPROVE_FAMILY,,,MED_SUPPLY,BLOOD_LANCET,채혈침,BLOOD_LANCET,채혈침,30G,EA,,MFDS_DEVICE_CLASSIFICATION_2026_18,MFDS_DEVICE_CLASSIFICATION_2026_18::BLOOD_LANCET,https://www.law.go.kr/LSW/admRulLsInfoP.do?admRulSeq=2100000275656,representative_name;item_family_id;item_subtype_id;normalized_specification;unit_code,2026-07-22T12:35:28.630356+00:00,verified_family,approved,codex_external_evidence_pipeline,2026-07-22T12:35:28.630356+00:00,explicit_family_spec_unit_supported_by_official_taxonomy,classification-v1.0
DECISION::classification-v1.0::ITEM_3a06cb141ce8f9f39adf,ITEM_3a06cb141ce8f9f39adf,APPROVE_FAMILY,,,MED_SUPPLY,INFUSION_SET,수액세트,INFUSION_SET,수액세트,수액세트,EA,,MFDS_DEVICE_CLASSIFICATION_2026_18,MFDS_DEVICE_CLASSIFICATION_2026_18::INFUSION_SET,https://www.law.go.kr/LSW/admRulLsInfoP.do?admRulSeq=2100000275656,representative_name;item_family_id;item_subtype_id;normalized_specification;unit_code,2026-07-22T12:35:28.630356+00:00,verified_family,approved,codex_external_evidence_pipeline,2026-07-22T12:35:28.630356+00:00,explicit_family_spec_unit_supported_by_official_taxonomy,classification-v1.0
DECISION::classification-v1.0::ITEM_76667762953863378298,ITEM_76667762953863378298,APPROVE_FAMILY,,,MED_SUPPLY,INJECTION_NEEDLE,주사침,INJECTION_NEEDLE,주사침,24G,EA,,MFDS_DEVICE_CLASSIFICATION_2026_18,MFDS_DEVICE_CLASSIFICATION_2026_18::INJECTION_NEEDLE,https://www.law.go.kr/LSW/admRulLsInfoP.do?admRulSeq=2100000275656,representative_name;item_family_id;item_subtype_id;normalized_specification;unit_code,2026-07-22T12:35:28.630356+00:00,verified_family,approved,codex_external_evidence_pipeline,2026-07-22T12:35:28.630356+00:00,explicit_family_spec_unit_supported_by_official_taxonomy,classification-v1.0
DECISION::classification-v1.0::ITEM_3a48aa4d63e9bc615962,ITEM_3a48aa4d63e9bc615962,APPROVE_FAMILY,,,MED_SUPPLY,INJECTION_NEEDLE,주사침,INJECTION_NEEDLE,주사침,25G,EA,,MFDS_DEVICE_CLASSIFICATION_2026_18,MFDS_DEVICE_CLASSIFICATION_2026_18::INJECTION_NEEDLE,https://www.law.go.kr/LSW/admRulLsInfoP.do?admRulSeq=2100000275656,representative_name;item_family_id;item_subtype_id;normalized_specification;unit_code,2026-07-22T12:35:28.630356+00:00,verified_family,approved,codex_external_evidence_pipeline,2026-07-22T12:35:28.630356+00:00,explicit_family_spec_unit_supported_by_official_taxonomy,classification-v1.0
DECISION::classification-v1.0::ITEM_f8880d2046f2a6d10348,ITEM_f8880d2046f2a6d10348,APPROVE_FAMILY,,,MED_SUPPLY,DISPOSABLE_SYRINGE,주사기,SYRINGE_USAGE_BASED,주사기(사용량 기준),10mL,EA,,MFDS_DEVICE_CLASSIFICATION_2026_18,MFDS_DEVICE_CLASSIFICATION_2026_18::DISPOSABLE_SYRINGE,https://www.law.go.kr/LSW/admRulLsInfoP.do?admRulSeq=2100000275656,representative_name;item_family_id;item_subtype_id;normalized_specification;unit_code,2026-07-22T12:35:28.630356+00:00,verified_family,approved,codex_external_evidence_pipeline,2026-07-22T12:35:28.630356+00:00,explicit_family_spec_unit_supported_by_official_taxonomy,classification-v1.0
DECISION::classification-v1.0::ITEM_46e7e9ca7669494385a7,ITEM_46e7e9ca7669494385a7,APPROVE_FAMILY,,,MED_SUPPLY,INJECTION_NEEDLE,주사침,INJECTION_NEEDLE,주사침,23G,EA,,MFDS_DEVICE_CLASSIFICATION_2026_18,MFDS_DEVICE_CLASSIFICATION_2026_18::INJECTION_NEEDLE,https://www.law.go.kr/LSW/admRulLsInfoP.do?admRulSeq=2100000275656,representative_name;item_family_id;item_subtype_id;normalized_specification;unit_code,2026-07-22T12:35:28.630356+00:00,verified_family,approved,codex_external_evidence_pipeline,2026-07-22T12:35:28.630356+00:00,explicit_family_spec_unit_supported_by_official_taxonomy,classification-v1.0
DECISION::classification-v1.0::ITEM_da0792d31c8e1116fa45,ITEM_da0792d31c8e1116fa45,APPROVE_FAMILY,,,MED_SUPPLY,INJECTION_NEEDLE,주사침,INJECTION_NEEDLE,주사침,24G,EA,,MFDS_DEVICE_CLASSIFICATION_2026_18,MFDS_DEVICE_CLASSIFICATION_2026_18::INJECTION_NEEDLE,https://www.law.go.kr/LSW/admRulLsInfoP.do?admRulSeq=2100000275656,representative_name;item_family_id;item_subtype_id;normalized_specification;unit_code,2026-07-22T12:35:28.630356+00:00,verified_family,approved,codex_external_evidence_pipeline,2026-07-22T12:35:28.630356+00:00,explicit_family_spec_unit_supported_by_official_taxonomy,classification-v1.0
DECISION::classification-v1.0::ITEM_05805030c06dde5d111b,ITEM_05805030c06dde5d111b,APPROVE_FAMILY,,,MED_SUPPLY,INJECTION_NEEDLE,주사침,INJECTION_NEEDLE,주사침,25G,EA,,MFDS_DEVICE_CLASSIFICATION_2026_18,MFDS_DEVICE_CLASSIFICATION_2026_18::INJECTION_NEEDLE,https://www.law.go.kr/LSW/admRulLsInfoP.do?admRulSeq=2100000275656,representative_name;item_family_id;item_subtype_id;normalized_specification;unit_code,2026-07-22T12:35:28.630356+00:00,verified_family,approved,codex_external_evidence_pipeline,2026-07-22T12:35:28.630356+00:00,explicit_family_spec_unit_supported_by_official_taxonomy,classification-v1.0
DECISION::classification-v1.0::ITEM_c0b8713e9c074544ede5,ITEM_c0b8713e9c074544ede5,APPROVE_FAMILY,,,MED_SUPPLY,BLOOD_LANCET,채혈침,BLOOD_LANCET,채혈침,26G,EA,,MFDS_DEVICE_CLASSIFICATION_2026_18,MFDS_DEVICE_CLASSIFICATION_2026_18::BLOOD_LANCET,https://www.law.go.kr/LSW/admRulLsInfoP.do?admRulSeq=2100000275656,representative_name;item_family_id;item_subtype_id;normalized_specification;unit_code,2026-07-22T12:35:28.630356+00:00,verified_family,approved,codex_external_evidence_pipeline,2026-07-22T12:35:28.630356+00:00,explicit_family_spec_unit_supported_by_official_taxonomy,classification-v1.0
DECISION::classification-v1.0::ITEM_1b57216a5e830c7f5ede,ITEM_1b57216a5e830c7f5ede,APPROVE_FAMILY,,,MED_SUPPLY,BLOOD_LANCET,채혈침,BLOOD_LANCET,채혈침,28G,EA,,MFDS_DEVICE_CLASSIFICATION_2026_18,MFDS_DEVICE_CLASSIFICATION_2026_18::BLOOD_LANCET,https://www.law.go.kr/LSW/admRulLsInfoP.do?admRulSeq=2100000275656,representative_name;item_family_id;item_subtype_id;normalized_specification;unit_code,2026-07-22T12:35:28.630356+00:00,verified_family,approved,codex_external_evidence_pipeline,2026-07-22T12:35:28.630356+00:00,explicit_family_spec_unit_supported_by_official_taxonomy,classification-v1.0
DECISION::classification-v1.0::ITEM_ff2aea57a26f7263a197,ITEM_ff2aea57a26f7263a197,APPROVE_FAMILY,,,MED_SUPPLY,BLOOD_LANCET,채혈침,BLOOD_LANCET,채혈침,26G,EA,,MFDS_DEVICE_CLASSIFICATION_2026_18,MFDS_DEVICE_CLASSIFICATION_2026_18::BLOOD_LANCET,https://www.law.go.kr/LSW/admRulLsInfoP.do?admRulSeq=2100000275656,representative_name;item_family_id;item_subtype_id;normalized_specification;unit_code,2026-07-22T12:35:28.630356+00:00,verified_family,approved,codex_external_evidence_pipeline,2026-07-22T12:35:28.630356+00:00,explicit_family_spec_unit_supported_by_official_taxonomy,classification-v1.0
DECISION::classification-v1.0::ITEM_98ec1ed1813889e5a7a4,ITEM_98ec1ed1813889e5a7a4,APPROVE_FAMILY,,,MED_SUPPLY,DISPOSABLE_SYRINGE,주사기,SYRINGE_USAGE_BASED,주사기(사용량 기준),3mL,EA,,MFDS_DEVICE_CLASSIFICATION_2026_18,MFDS_DEVICE_CLASSIFICATION_2026_18::DISPOSABLE_SYRINGE,https://www.law.go.kr/LSW/admRulLsInfoP.do?admRulSeq=2100000275656,representative_name;item_family_id;item_subtype_id;normalized_specification;unit_code,2026-07-22T12:35:28.630356+00:00,verified_family,approved,codex_external_evidence_pipeline,2026-07-22T12:35:28.630356+00:00,explicit_family_spec_unit_supported_by_official_taxonomy,classification-v1.0
DECISION::classification-v1.0::ITEM_3211984206b0f550c9cc,ITEM_3211984206b0f550c9cc,APPROVE_FAMILY,,,MED_SUPPLY,DISPOSABLE_SYRINGE,주사기,SYRINGE_USAGE_BASED,주사기(사용량 기준),3mL,EA,,MFDS_DEVICE_CLASSIFICATION_2026_18,MFDS_DEVICE_CLASSIFICATION_2026_18::DISPOSABLE_SYRINGE,https://www.law.go.kr/LSW/admRulLsInfoP.do?admRulSeq=2100000275656,representative_name;item_family_id;item_subtype_id;normalized_specification;unit_code,2026-07-22T12:35:28.630356+00:00,verified_family,approved,codex_external_evidence_pipeline,2026-07-22T12:35:28.630356+00:00,explicit_family_spec_unit_supported_by_official_taxonomy,classification-v1.0
DECISION::classification-v1.0::ITEM_57f1bd9b1e7838c11b74,ITEM_57f1bd9b1e7838c11b74,APPROVE_FAMILY,,,MED_SUPPLY,DISPOSABLE_SYRINGE,주사기,SYRINGE_USAGE_BASED,주사기(사용량 기준),3mL,EA,,MFDS_DEVICE_CLASSIFICATION_2026_18,MFDS_DEVICE_CLASSIFICATION_2026_18::DISPOSABLE_SYRINGE,https://www.law.go.kr/LSW/admRulLsInfoP.do?admRulSeq=2100000275656,representative_name;item_family_id;item_subtype_id;normalized_specification;unit_code,2026-07-22T12:35:28.630356+00:00,verified_family,approved,codex_external_evidence_pipeline,2026-07-22T12:35:28.630356+00:00,explicit_family_spec_unit_supported_by_official_taxonomy,classification-v1.0
DECISION::classification-v1.0::ITEM_3d1862fd4d08d7d0a3a6,ITEM_3d1862fd4d08d7d0a3a6,APPROVE_FAMILY,,,MED_SUPPLY,DISPOSABLE_SYRINGE,주사기,SYRINGE_USAGE_BASED,주사기(사용량 기준),1mL,EA,,MFDS_DEVICE_CLASSIFICATION_2026_18,MFDS_DEVICE_CLASSIFICATION_2026_18::DISPOSABLE_SYRINGE,https://www.law.go.kr/LSW/admRulLsInfoP.do?admRulSeq=2100000275656,representative_name;item_family_id;item_subtype_id;normalized_specification;unit_code,2026-07-22T12:35:28.630356+00:00,verified_family,approved,codex_external_evidence_pipeline,2026-07-22T12:35:28.630356+00:00,explicit_family_spec_unit_supported_by_official_taxonomy,classification-v1.0
DECISION::classification-v1.0::ITEM_129ea737fea056bba73b,ITEM_129ea737fea056bba73b,APPROVE_FAMILY,,,MED_SUPPLY,DISPOSABLE_SYRINGE,주사기,SYRINGE_USAGE_BASED,주사기(사용량 기준),1mL,EA,,MFDS_DEVICE_CLASSIFICATION_2026_18,MFDS_DEVICE_CLASSIFICATION_2026_18::DISPOSABLE_SYRINGE,https://www.law.go.kr/LSW/admRulLsInfoP.do?admRulSeq=2100000275656,representative_name;item_family_id;item_subtype_id;normalized_specification;unit_code,2026-07-22T12:35:28.630356+00:00,verified_family,approved,codex_external_evidence_pipeline,2026-07-22T12:35:28.630356+00:00,explicit_family_spec_unit_supported_by_official_taxonomy,classification-v1.0
DECISION::classification-v1.0::ITEM_cbdec7e0ecd13ab791b7,ITEM_cbdec7e0ecd13ab791b7,APPROVE_FAMILY,,,MED_SUPPLY,DISPOSABLE_SYRINGE,주사기,SYRINGE_USAGE_BASED,주사기(사용량 기준),1mL,EA,,MFDS_DEVICE_CLASSIFICATION_2026_18,MFDS_DEVICE_CLASSIFICATION_2026_18::DISPOSABLE_SYRINGE,https://www.law.go.kr/LSW/admRulLsInfoP.do?admRulSeq=2100000275656,representative_name;item_family_id;item_subtype_id;normalized_specification;unit_code,2026-07-22T12:35:28.630356+00:00,verified_family,approved,codex_external_evidence_pipeline,2026-07-22T12:35:28.630356+00:00,explicit_family_spec_unit_supported_by_official_taxonomy,classification-v1.0
DECISION::classification-v1.0::ITEM_2d19cdefa65d206700ba,ITEM_2d19cdefa65d206700ba,APPROVE_FAMILY,,,MED_SUPPLY,BLOOD_LANCET,채혈침,BLOOD_LANCET,채혈침,28G,EA,,MFDS_DEVICE_CLASSIFICATION_2026_18,MFDS_DEVICE_CLASSIFICATION_2026_18::BLOOD_LANCET,https://www.law.go.kr/LSW/admRulLsInfoP.do?admRulSeq=2100000275656,representative_name;item_family_id;item_subtype_id;normalized_specification;unit_code,2026-07-22T12:35:28.630356+00:00,verified_family,approved,codex_external_evidence_pipeline,2026-07-22T12:35:28.630356+00:00,explicit_family_spec_unit_supported_by_official_taxonomy,classification-v1.0
DECISION::classification-v1.0::ITEM_809473168d2fc6a6695e,ITEM_809473168d2fc6a6695e,APPROVE_FAMILY,,,MED_SUPPLY,DISPOSABLE_SYRINGE,주사기,SYRINGE_USAGE_BASED,주사기(사용량 기준),1mL,EA,,MFDS_DEVICE_CLASSIFICATION_2026_18,MFDS_DEVICE_CLASSIFICATION_2026_18::DISPOSABLE_SYRINGE,https://www.law.go.kr/LSW/admRulLsInfoP.do?admRulSeq=2100000275656,representative_name;item_family_id;item_subtype_id;normalized_specification;unit_code,2026-07-22T12:35:28.630356+00:00,verified_family,approved,codex_external_evidence_pipeline,2026-07-22T12:35:28.630356+00:00,explicit_family_spec_unit_supported_by_official_taxonomy,classification-v1.0
DECISION::classification-v1.0::ITEM_f0b1be1c61a41154bddc,ITEM_f0b1be1c61a41154bddc,APPROVE_FAMILY,,,MED_SUPPLY,DISPOSABLE_SYRINGE,주사기,SYRINGE_USAGE_BASED,주사기(사용량 기준),1mL,EA,,MFDS_DEVICE_CLASSIFICATION_2026_18,MFDS_DEVICE_CLASSIFICATION_2026_18::DISPOSABLE_SYRINGE,https://www.law.go.kr/LSW/admRulLsInfoP.do?admRulSeq=2100000275656,representative_name;item_family_id;item_subtype_id;normalized_specification;unit_code,2026-07-22T12:35:28.630356+00:00,verified_family,approved,codex_external_evidence_pipeline,2026-07-22T12:35:28.630356+00:00,explicit_family_spec_unit_supported_by_official_taxonomy,classification-v1.0
DECISION::classification-v1.0::ITEM_54cd63dc0a2beca2b958,ITEM_54cd63dc0a2beca2b958,APPROVE_FAMILY,,,MED_SUPPLY,DISPOSABLE_SYRINGE,주사기,SYRINGE_USAGE_BASED,주사기(사용량 기준),3mL,EA,,MFDS_DEVICE_CLASSIFICATION_2026_18,MFDS_DEVICE_CLASSIFICATION_2026_18::DISPOSABLE_SYRINGE,https://www.law.go.kr/LSW/admRulLsInfoP.do?admRulSeq=2100000275656,representative_name;item_family_id;item_subtype_id;normalized_specification;unit_code,2026-07-22T12:35:28.630356+00:00,verified_family,approved,codex_external_evidence_pipeline,2026-07-22T12:35:28.630356+00:00,explicit_family_spec_unit_supported_by_official_taxonomy,classification-v1.0
DECISION::classification-v1.0::ITEM_b2ccce13b6b64d251da8,ITEM_b2ccce13b6b64d251da8,APPROVE_FAMILY,,,MED_SUPPLY,INJECTION_NEEDLE,주사침,INJECTION_NEEDLE,주사침,27G,EA,,MFDS_DEVICE_CLASSIFICATION_2026_18,MFDS_DEVICE_CLASSIFICATION_2026_18::INJECTION_NEEDLE,https://www.law.go.kr/LSW/admRulLsInfoP.do?admRulSeq=2100000275656,representative_name;item_family_id;item_subtype_id;normalized_specification;unit_code,2026-07-22T12:35:28.630356+00:00,verified_family,approved,codex_external_evidence_pipeline,2026-07-22T12:35:28.630356+00:00,explicit_family_spec_unit_supported_by_official_taxonomy,classification-v1.0
DECISION::classification-v1.0::ITEM_6b64ce49c6607a28a3dd,ITEM_6b64ce49c6607a28a3dd,APPROVE_FAMILY,,,MED_SUPPLY,INJECTION_NEEDLE,주사침,INJECTION_NEEDLE,주사침,30G,EA,,MFDS_DEVICE_CLASSIFICATION_2026_18,MFDS_DEVICE_CLASSIFICATION_2026_18::INJECTION_NEEDLE,https://www.law.go.kr/LSW/admRulLsInfoP.do?admRulSeq=2100000275656,representative_name;item_family_id;item_subtype_id;normalized_specification;unit_code,2026-07-22T12:35:28.630356+00:00,verified_family,approved,codex_external_evidence_pipeline,2026-07-22T12:35:28.630356+00:00,explicit_family_spec_unit_supported_by_official_taxonomy,classification-v1.0
DECISION::classification-v1.0::ITEM_fa328ced88874b8d7a25,ITEM_fa328ced88874b8d7a25,APPROVE_FAMILY,,,MED_SUPPLY,BLOOD_LANCET,채혈침,BLOOD_LANCET,채혈침,30G,EA,,MFDS_DEVICE_CLASSIFICATION_2026_18,MFDS_DEVICE_CLASSIFICATION_2026_18::BLOOD_LANCET,https://www.law.go.kr/LSW/admRulLsInfoP.do?admRulSeq=2100000275656,representative_name;item_family_id;item_subtype_id;normalized_specification;unit_code,2026-07-22T12:35:28.630356+00:00,verified_family,approved,codex_external_evidence_pipeline,2026-07-22T12:35:28.630356+00:00,explicit_family_spec_unit_supported_by_official_taxonomy,classification-v1.0
DECISION::classification-v1.0::ITEM_7ae9f740012b1e397f56,ITEM_7ae9f740012b1e397f56,APPROVE_FAMILY,,,MED_SUPPLY,BLOOD_LANCET,채혈침,BLOOD_LANCET,채혈침,28G,EA,,MFDS_DEVICE_CLASSIFICATION_2026_18,MFDS_DEVICE_CLASSIFICATION_2026_18::BLOOD_LANCET,https://www.law.go.kr/LSW/admRulLsInfoP.do?admRulSeq=2100000275656,representative_name;item_family_id;item_subtype_id;normalized_specification;unit_code,2026-07-22T12:35:28.630356+00:00,verified_family,approved,codex_external_evidence_pipeline,2026-07-22T12:35:28.630356+00:00,explicit_family_spec_unit_supported_by_official_taxonomy,classification-v1.0
DECISION::classification-v1.0::ITEM_0af1fffdf72dd7215892,ITEM_0af1fffdf72dd7215892,APPROVE_FAMILY,,,MED_SUPPLY,BLOOD_LANCET,채혈침,BLOOD_LANCET,채혈침,28G,EA,,MFDS_DEVICE_CLASSIFICATION_2026_18,MFDS_DEVICE_CLASSIFICATION_2026_18::BLOOD_LANCET,https://www.law.go.kr/LSW/admRulLsInfoP.do?admRulSeq=2100000275656,representative_name;item_family_id;item_subtype_id;normalized_specification;unit_code,2026-07-22T12:35:28.630356+00:00,verified_family,approved,codex_external_evidence_pipeline,2026-07-22T12:35:28.630356+00:00,explicit_family_spec_unit_supported_by_official_taxonomy,classification-v1.0
DECISION::classification-v1.0::ITEM_d17a5d532409b7e472ac,ITEM_d17a5d532409b7e472ac,APPROVE_FAMILY,,,MED_SUPPLY,URINE_BAG,Urine bag,URINE_BAG,Urine bag,1000mL,EA,,MFDS_DEVICE_CLASSIFICATION_2026_18,MFDS_DEVICE_CLASSIFICATION_2026_18::URINE_BAG,https://www.law.go.kr/LSW/admRulLsInfoP.do?admRulSeq=2100000275656,representative_name;item_family_id;item_subtype_id;normalized_specification;unit_code,2026-07-22T12:35:28.630356+00:00,verified_family,approved,codex_external_evidence_pipeline,2026-07-22T12:35:28.630356+00:00,explicit_family_spec_unit_supported_by_official_taxonomy,classification-v1.0
DECISION::classification-v1.0::ITEM_8a9e24afc4df04c36d8f,ITEM_8a9e24afc4df04c36d8f,APPROVE_FAMILY,,,MED_SUPPLY,BLOOD_LANCET,채혈침,BLOOD_LANCET,채혈침,30G,EA,,MFDS_DEVICE_CLASSIFICATION_2026_18,MFDS_DEVICE_CLASSIFICATION_2026_18::BLOOD_LANCET,https://www.law.go.kr/LSW/admRulLsInfoP.do?admRulSeq=2100000275656,representative_name;item_family_id;item_subtype_id;normalized_specification;unit_code,2026-07-22T12:35:28.630356+00:00,verified_family,approved,codex_external_evidence_pipeline,2026-07-22T12:35:28.630356+00:00,explicit_family_spec_unit_supported_by_official_taxonomy,classification-v1.0
DECISION::classification-v1.0::ITEM_7bc6ba4fdbcf5afae8e7,ITEM_7bc6ba4fdbcf5afae8e7,APPROVE_FAMILY,,,MED_SUPPLY,BLOOD_LANCET,채혈침,BLOOD_LANCET,채혈침,30G,EA,,MFDS_DEVICE_CLASSIFICATION_2026_18,MFDS_DEVICE_CLASSIFICATION_2026_18::BLOOD_LANCET,https://www.law.go.kr/LSW/admRulLsInfoP.do?admRulSeq=2100000275656,representative_name;item_family_id;item_subtype_id;normalized_specification;unit_code,2026-07-22T12:35:28.630356+00:00,verified_family,approved,codex_external_evidence_pipeline,2026-07-22T12:35:28.630356+00:00,explicit_family_spec_unit_supported_by_official_taxonomy,classification-v1.0
DECISION::classification-v1.0::ITEM_bfe85f4af6df064f5e1e,ITEM_bfe85f4af6df064f5e1e,APPROVE_FAMILY,,,MED_SUPPLY,INFUSION_SET,수액세트,INFUSION_SET,수액세트,수액세트,EA,,MFDS_DEVICE_CLASSIFICATION_2026_18,MFDS_DEVICE_CLASSIFICATION_2026_18::INFUSION_SET,https://www.law.go.kr/LSW/admRulLsInfoP.do?admRulSeq=2100000275656,representative_name;item_family_id;item_subtype_id;normalized_specification;unit_code,2026-07-22T12:35:28.630356+00:00,verified_family,approved,codex_external_evidence_pipeline,2026-07-22T12:35:28.630356+00:00,explicit_family_spec_unit_supported_by_official_taxonomy,classification-v1.0
DECISION::classification-v1.0::ITEM_2ecd9b20a68a47923626,ITEM_2ecd9b20a68a47923626,APPROVE_FAMILY,,,MED_SUPPLY,INFUSION_SET,수액세트,INFUSION_SET,수액세트,수액세트,EA,,MFDS_DEVICE_CLASSIFICATION_2026_18,MFDS_DEVICE_CLASSIFICATION_2026_18::INFUSION_SET,https://www.law.go.kr/LSW/admRulLsInfoP.do?admRulSeq=2100000275656,representative_name;item_family_id;item_subtype_id;normalized_specification;unit_code,2026-07-22T12:35:28.630356+00:00,verified_family,approved,codex_external_evidence_pipeline,2026-07-22T12:35:28.630356+00:00,explicit_family_spec_unit_supported_by_official_taxonomy,classification-v1.0
DECISION::classification-v1.0::ITEM_a5a58db227b1db82c714,ITEM_a5a58db227b1db82c714,APPROVE_FAMILY,,,MED_SUPPLY,INFUSION_SET,수액세트,INFUSION_SET,수액세트,수액세트,EA,,MFDS_DEVICE_CLASSIFICATION_2026_18,MFDS_DEVICE_CLASSIFICATION_2026_18::INFUSION_SET,https://www.law.go.kr/LSW/admRulLsInfoP.do?admRulSeq=2100000275656,representative_name;item_family_id;item_subtype_id;normalized_specification;unit_code,2026-07-22T12:35:28.630356+00:00,verified_family,approved,codex_external_evidence_pipeline,2026-07-22T12:35:28.630356+00:00,explicit_family_spec_unit_supported_by_official_taxonomy,classification-v1.0
DECISION::classification-v1.0::ITEM_e2f22ea09d81c499733c,ITEM_e2f22ea09d81c499733c,APPROVE_FAMILY,,,MED_SUPPLY,INFUSION_SET,수액세트,INFUSION_SET,수액세트,수액세트,EA,,MFDS_DEVICE_CLASSIFICATION_2026_18,MFDS_DEVICE_CLASSIFICATION_2026_18::INFUSION_SET,https://www.law.go.kr/LSW/admRulLsInfoP.do?admRulSeq=2100000275656,representative_name;item_family_id;item_subtype_id;normalized_specification;unit_code,2026-07-22T12:35:28.630356+00:00,verified_family,approved,codex_external_evidence_pipeline,2026-07-22T12:35:28.630356+00:00,explicit_family_spec_unit_supported_by_official_taxonomy,classification-v1.0
DECISION::classification-v1.0::ITEM_aafe6fb1e91060f8f544,ITEM_aafe6fb1e91060f8f544,APPROVE_FAMILY,,,MED_SUPPLY,INFUSION_SET,수액세트,INFUSION_SET,수액세트,수액세트,EA,,MFDS_DEVICE_CLASSIFICATION_2026_18,MFDS_DEVICE_CLASSIFICATION_2026_18::INFUSION_SET,https://www.law.go.kr/LSW/admRulLsInfoP.do?admRulSeq=2100000275656,representative_name;item_family_id;item_subtype_id;normalized_specification;unit_code,2026-07-22T12:35:28.630356+00:00,verified_family,approved,codex_external_evidence_pipeline,2026-07-22T12:35:28.630356+00:00,explicit_family_spec_unit_supported_by_official_taxonomy,classification-v1.0
DECISION::classification-v1.0::ITEM_3dbceaea539d37cc3d46,ITEM_3dbceaea539d37cc3d46,APPROVE_FAMILY,,,MED_SUPPLY,INFUSION_SET,수액세트,INFUSION_SET,수액세트,수액세트,EA,,MFDS_DEVICE_CLASSIFICATION_2026_18,MFDS_DEVICE_CLASSIFICATION_2026_18::INFUSION_SET,https://www.law.go.kr/LSW/admRulLsInfoP.do?admRulSeq=2100000275656,representative_name;item_family_id;item_subtype_id;normalized_specification;unit_code,2026-07-22T12:35:28.630356+00:00,verified_family,approved,codex_external_evidence_pipeline,2026-07-22T12:35:28.630356+00:00,explicit_family_spec_unit_supported_by_official_taxonomy,classification-v1.0
DECISION::classification-v1.0::ITEM_537eefef7b2d556b71aa,ITEM_537eefef7b2d556b71aa,APPROVE_FAMILY,,,MED_SUPPLY,INFUSION_SET,수액세트,INFUSION_SET,수액세트,수액세트,EA,,MFDS_DEVICE_CLASSIFICATION_2026_18,MFDS_DEVICE_CLASSIFICATION_2026_18::INFUSION_SET,https://www.law.go.kr/LSW/admRulLsInfoP.do?admRulSeq=2100000275656,representative_name;item_family_id;item_subtype_id;normalized_specification;unit_code,2026-07-22T12:35:28.630356+00:00,verified_family,approved,codex_external_evidence_pipeline,2026-07-22T12:35:28.630356+00:00,explicit_family_spec_unit_supported_by_official_taxonomy,classification-v1.0
DECISION::classification-v1.0::ITEM_1dda57ae44598f16ec69,ITEM_1dda57ae44598f16ec69,APPROVE_FAMILY,,,MED_SUPPLY,INFUSION_SET,수액세트,INFUSION_SET,수액세트,수액세트,EA,,MFDS_DEVICE_CLASSIFICATION_2026_18,MFDS_DEVICE_CLASSIFICATION_2026_18::INFUSION_SET,https://www.law.go.kr/LSW/admRulLsInfoP.do?admRulSeq=2100000275656,representative_name;item_family_id;item_subtype_id;normalized_specification;unit_code,2026-07-22T12:35:28.630356+00:00,verified_family,approved,codex_external_evidence_pipeline,2026-07-22T12:35:28.630356+00:00,explicit_family_spec_unit_supported_by_official_taxonomy,classification-v1.0
DECISION::classification-v1.0::ITEM_0ca9c626adf148d79d11,ITEM_0ca9c626adf148d79d11,APPROVE_FAMILY,,,MED_SUPPLY,INFUSION_SET,수액세트,INFUSION_SET,수액세트,수액세트,EA,,MFDS_DEVICE_CLASSIFICATION_2026_18,MFDS_DEVICE_CLASSIFICATION_2026_18::INFUSION_SET,https://www.law.go.kr/LSW/admRulLsInfoP.do?admRulSeq=2100000275656,representative_name;item_family_id;item_subtype_id;normalized_specification;unit_code,2026-07-22T12:35:28.630356+00:00,verified_family,approved,codex_external_evidence_pipeline,2026-07-22T12:35:28.630356+00:00,explicit_family_spec_unit_supported_by_official_taxonomy,classification-v1.0
DECISION::classification-v1.0::ITEM_f14cabd9ae975733111b,ITEM_f14cabd9ae975733111b,APPROVE_FAMILY,,,MED_SUPPLY,INFUSION_SET,수액세트,INFUSION_SET,수액세트,수액세트,EA,,MFDS_DEVICE_CLASSIFICATION_2026_18,MFDS_DEVICE_CLASSIFICATION_2026_18::INFUSION_SET,https://www.law.go.kr/LSW/admRulLsInfoP.do?admRulSeq=2100000275656,representative_name;item_family_id;item_subtype_id;normalized_specification;unit_code,2026-07-22T12:35:28.630356+00:00,verified_family,approved,codex_external_evidence_pipeline,2026-07-22T12:35:28.630356+00:00,explicit_family_spec_unit_supported_by_official_taxonomy,classification-v1.0
DECISION::classification-v1.0::ITEM_90a6fec6ba15907180cc,ITEM_90a6fec6ba15907180cc,APPROVE_FAMILY,,,MED_SUPPLY,INFUSION_SET,수액세트,INFUSION_SET,수액세트,수액세트,EA,,MFDS_DEVICE_CLASSIFICATION_2026_18,MFDS_DEVICE_CLASSIFICATION_2026_18::INFUSION_SET,https://www.law.go.kr/LSW/admRulLsInfoP.do?admRulSeq=2100000275656,representative_name;item_family_id;item_subtype_id;normalized_specification;unit_code,2026-07-22T12:35:28.630356+00:00,verified_family,approved,codex_external_evidence_pipeline,2026-07-22T12:35:28.630356+00:00,explicit_family_spec_unit_supported_by_official_taxonomy,classification-v1.0
DECISION::classification-v1.0::ITEM_6f46726f03a76b0490ae,ITEM_6f46726f03a76b0490ae,APPROVE_FAMILY,,,MED_SUPPLY,INFUSION_SET,수액세트,INFUSION_SET,수액세트,수액세트,EA,,MFDS_DEVICE_CLASSIFICATION_2026_18,MFDS_DEVICE_CLASSIFICATION_2026_18::INFUSION_SET,https://www.law.go.kr/LSW/admRulLsInfoP.do?admRulSeq=2100000275656,representative_name;item_family_id;item_subtype_id;normalized_specification;unit_code,2026-07-22T12:35:28.630356+00:00,verified_family,approved,codex_external_evidence_pipeline,2026-07-22T12:35:28.630356+00:00,explicit_family_spec_unit_supported_by_official_taxonomy,classification-v1.0
DECISION::classification-v1.0::ITEM_5d8c2f88733c52a8b2f9,ITEM_5d8c2f88733c52a8b2f9,APPROVE_FAMILY,,,MED_SUPPLY,INJECTION_NEEDLE,주사침,INJECTION_NEEDLE,주사침,24G,EA,,MFDS_DEVICE_CLASSIFICATION_2026_18,MFDS_DEVICE_CLASSIFICATION_2026_18::INJECTION_NEEDLE,https://www.law.go.kr/LSW/admRulLsInfoP.do?admRulSeq=2100000275656,representative_name;item_family_id;item_subtype_id;normalized_specification;unit_code,2026-07-22T12:35:28.630356+00:00,verified_family,approved,codex_external_evidence_pipeline,2026-07-22T12:35:28.630356+00:00,explicit_family_spec_unit_supported_by_official_taxonomy,classification-v1.0
DECISION::classification-v1.0::ITEM_e78d7a27348c7940f5ed,ITEM_e78d7a27348c7940f5ed,APPROVE_FAMILY,,,MED_SUPPLY,ANGIO_CATHETER,카테터,BUTTERFLY_NEEDLE,나비 바늘,나비 바늘,EA,,MFDS_DEVICE_CLASSIFICATION_2026_18,MFDS_DEVICE_CLASSIFICATION_2026_18::ANGIO_CATHETER,https://www.law.go.kr/LSW/admRulLsInfoP.do?admRulSeq=2100000275656,representative_name;item_family_id;item_subtype_id;normalized_specification;unit_code,2026-07-22T12:35:28.630356+00:00,verified_family,approved,codex_external_evidence_pipeline,2026-07-22T12:35:28.630356+00:00,explicit_family_spec_unit_supported_by_official_taxonomy,classification-v1.0
DECISION::classification-v1.0::ITEM_26b940e4c4f61961549d,ITEM_26b940e4c4f61961549d,APPROVE_FAMILY,,,MED_SUPPLY,DISPOSABLE_SYRINGE,주사기,SYRINGE_USAGE_BASED,주사기(사용량 기준),5mL,EA,,MFDS_DEVICE_CLASSIFICATION_2026_18,MFDS_DEVICE_CLASSIFICATION_2026_18::DISPOSABLE_SYRINGE,https://www.law.go.kr/LSW/admRulLsInfoP.do?admRulSeq=2100000275656,representative_name;item_family_id;item_subtype_id;normalized_specification;unit_code,2026-07-22T12:35:28.630356+00:00,verified_family,approved,codex_external_evidence_pipeline,2026-07-22T12:35:28.630356+00:00,explicit_family_spec_unit_supported_by_official_taxonomy,classification-v1.0
DECISION::classification-v1.0::ITEM_abc80c58bf765751a3d5,ITEM_abc80c58bf765751a3d5,APPROVE_FAMILY,,,MED_SUPPLY,DISPOSABLE_SYRINGE,주사기,SYRINGE_USAGE_BASED,주사기(사용량 기준),3mL,EA,,MFDS_DEVICE_CLASSIFICATION_2026_18,MFDS_DEVICE_CLASSIFICATION_2026_18::DISPOSABLE_SYRINGE,https://www.law.go.kr/LSW/admRulLsInfoP.do?admRulSeq=2100000275656,representative_name;item_family_id;item_subtype_id;normalized_specification;unit_code,2026-07-22T12:35:28.630356+00:00,verified_family,approved,codex_external_evidence_pipeline,2026-07-22T12:35:28.630356+00:00,explicit_family_spec_unit_supported_by_official_taxonomy,classification-v1.0
DECISION::classification-v1.0::ITEM_6512fa9aad16465293ea,ITEM_6512fa9aad16465293ea,APPROVE_FAMILY,,,MED_SUPPLY,BLOOD_LANCET,채혈침,BLOOD_LANCET,채혈침,23G,EA,,MFDS_DEVICE_CLASSIFICATION_2026_18,MFDS_DEVICE_CLASSIFICATION_2026_18::BLOOD_LANCET,https://www.law.go.kr/LSW/admRulLsInfoP.do?admRulSeq=2100000275656,representative_name;item_family_id;item_subtype_id;normalized_specification;unit_code,2026-07-22T12:35:28.630356+00:00,verified_family,approved,codex_external_evidence_pipeline,2026-07-22T12:35:28.630356+00:00,explicit_family_spec_unit_supported_by_official_taxonomy,classification-v1.0
DECISION::classification-v1.0::ITEM_e26e57e5856e8cefa0ee,ITEM_e26e57e5856e8cefa0ee,APPROVE_FAMILY,,,MED_SUPPLY,BLOOD_LANCET,채혈침,BLOOD_LANCET,채혈침,28G,EA,,MFDS_DEVICE_CLASSIFICATION_2026_18,MFDS_DEVICE_CLASSIFICATION_2026_18::BLOOD_LANCET,https://www.law.go.kr/LSW/admRulLsInfoP.do?admRulSeq=2100000275656,representative_name;item_family_id;item_subtype_id;normalized_specification;unit_code,2026-07-22T12:35:28.630356+00:00,verified_family,approved,codex_external_evidence_pipeline,2026-07-22T12:35:28.630356+00:00,explicit_family_spec_unit_supported_by_official_taxonomy,classification-v1.0
DECISION::classification-v1.0::ITEM_388ff96e9c14b985e99b,ITEM_388ff96e9c14b985e99b,APPROVE_FAMILY,,,MED_SUPPLY,BLOOD_LANCET,채혈침,BLOOD_LANCET,채혈침,30G,EA,,MFDS_DEVICE_CLASSIFICATION_2026_18,MFDS_DEVICE_CLASSIFICATION_2026_18::BLOOD_LANCET,https://www.law.go.kr/LSW/admRulLsInfoP.do?admRulSeq=2100000275656,representative_name;item_family_id;item_subtype_id;normalized_specification;unit_code,2026-07-22T12:35:28.630356+00:00,verified_family,approved,codex_external_evidence_pipeline,2026-07-22T12:35:28.630356+00:00,explicit_family_spec_unit_supported_by_official_taxonomy,classification-v1.0
DECISION::classification-v1.0::ITEM_3111cda22c151e8fbc8b,ITEM_3111cda22c151e8fbc8b,APPROVE_FAMILY,,,MED_SUPPLY,BLOOD_LANCET,채혈침,BLOOD_LANCET,채혈침,30G,EA,,MFDS_DEVICE_CLASSIFICATION_2026_18,MFDS_DEVICE_CLASSIFICATION_2026_18::BLOOD_LANCET,https://www.law.go.kr/LSW/admRulLsInfoP.do?admRulSeq=2100000275656,representative_name;item_family_id;item_subtype_id;normalized_specification;unit_code,2026-07-22T12:35:28.630356+00:00,verified_family,approved,codex_external_evidence_pipeline,2026-07-22T12:35:28.630356+00:00,explicit_family_spec_unit_supported_by_official_taxonomy,classification-v1.0
DECISION::classification-v1.0::ITEM_fc183ad57520a7ff7ee9,ITEM_fc183ad57520a7ff7ee9,APPROVE_FAMILY,,,MED_SUPPLY,BLOOD_LANCET,채혈침,BLOOD_LANCET,채혈침,28G,EA,,MFDS_DEVICE_CLASSIFICATION_2026_18,MFDS_DEVICE_CLASSIFICATION_2026_18::BLOOD_LANCET,https://www.law.go.kr/LSW/admRulLsInfoP.do?admRulSeq=2100000275656,representative_name;item_family_id;item_subtype_id;normalized_specification;unit_code,2026-07-22T12:35:28.630356+00:00,verified_family,approved,codex_external_evidence_pipeline,2026-07-22T12:35:28.630356+00:00,explicit_family_spec_unit_supported_by_official_taxonomy,classification-v1.0
DECISION::classification-v1.0::ITEM_6c96681d097e5ecf9c4f,ITEM_6c96681d097e5ecf9c4f,APPROVE_FAMILY,,,MED_SUPPLY,BLOOD_LANCET,채혈침,BLOOD_LANCET,채혈침,30G,EA,,MFDS_DEVICE_CLASSIFICATION_2026_18,MFDS_DEVICE_CLASSIFICATION_2026_18::BLOOD_LANCET,https://www.law.go.kr/LSW/admRulLsInfoP.do?admRulSeq=2100000275656,representative_name;item_family_id;item_subtype_id;normalized_specification;unit_code,2026-07-22T12:35:28.630356+00:00,verified_family,approved,codex_external_evidence_pipeline,2026-07-22T12:35:28.630356+00:00,explicit_family_spec_unit_supported_by_official_taxonomy,classification-v1.0
DECISION::classification-v1.0::ITEM_1f4abb80dd97be975255,ITEM_1f4abb80dd97be975255,APPROVE_FAMILY,,,MED_SUPPLY,BLOOD_LANCET,채혈침,BLOOD_LANCET,채혈침,30G,EA,,MFDS_DEVICE_CLASSIFICATION_2026_18,MFDS_DEVICE_CLASSIFICATION_2026_18::BLOOD_LANCET,https://www.law.go.kr/LSW/admRulLsInfoP.do?admRulSeq=2100000275656,representative_name;item_family_id;item_subtype_id;normalized_specification;unit_code,2026-07-22T12:35:28.630356+00:00,verified_family,approved,codex_external_evidence_pipeline,2026-07-22T12:35:28.630356+00:00,explicit_family_spec_unit_supported_by_official_taxonomy,classification-v1.0
DECISION::classification-v1.0::ITEM_1ee838f97ffb4dc87a4d,ITEM_1ee838f97ffb4dc87a4d,APPROVE_FAMILY,,,MED_SUPPLY,ANGIO_CATHETER,카테터,ANGIO_NEEDLE,카테터(angio needle),16G,EA,,MFDS_DEVICE_CLASSIFICATION_2026_18,MFDS_DEVICE_CLASSIFICATION_2026_18::ANGIO_CATHETER,https://www.law.go.kr/LSW/admRulLsInfoP.do?admRulSeq=2100000275656,representative_name;item_family_id;item_subtype_id;normalized_specification;unit_code,2026-07-22T12:35:28.630356+00:00,verified_family,approved,codex_external_evidence_pipeline,2026-07-22T12:35:28.630356+00:00,explicit_family_spec_unit_supported_by_official_taxonomy,classification-v1.0
DECISION::classification-v1.0::ITEM_042e74ce5588091d6529,ITEM_042e74ce5588091d6529,APPROVE_FAMILY,,,MED_SUPPLY,DISPOSABLE_SYRINGE,주사기,SYRINGE_USAGE_BASED,주사기(사용량 기준),1mL,EA,,MFDS_DEVICE_CLASSIFICATION_2026_18,MFDS_DEVICE_CLASSIFICATION_2026_18::DISPOSABLE_SYRINGE,https://www.law.go.kr/LSW/admRulLsInfoP.do?admRulSeq=2100000275656,representative_name;item_family_id;item_subtype_id;normalized_specification;unit_code,2026-07-22T12:35:28.630356+00:00,verified_family,approved,codex_external_evidence_pipeline,2026-07-22T12:35:28.630356+00:00,explicit_family_spec_unit_supported_by_official_taxonomy,classification-v1.0
DECISION::classification-v1.0::ITEM_d77689d42b431ba82dec,ITEM_d77689d42b431ba82dec,APPROVE_FAMILY,,,MED_SUPPLY,BLOOD_LANCET,채혈침,BLOOD_LANCET,채혈침,28G,EA,,MFDS_DEVICE_CLASSIFICATION_2026_18,MFDS_DEVICE_CLASSIFICATION_2026_18::BLOOD_LANCET,https://www.law.go.kr/LSW/admRulLsInfoP.do?admRulSeq=2100000275656,representative_name;item_family_id;item_subtype_id;normalized_specification;unit_code,2026-07-22T12:35:28.630356+00:00,verified_family,approved,codex_external_evidence_pipeline,2026-07-22T12:35:28.630356+00:00,explicit_family_spec_unit_supported_by_official_taxonomy,classification-v1.0
DECISION::classification-v1.0::ITEM_1b7fa185c1ea62a3b12b,ITEM_1b7fa185c1ea62a3b12b,APPROVE_FAMILY,,,WASTE,MEDICAL_WASTE_CONTAINER,의료폐기물 전용용기,MEDICAL_WASTE_SYNTHETIC_BAG,봉투형 용기(합성수지류),4L,EA,,WASTE_RULE_APPENDIX_5_2026_03_26,WASTE_RULE_APPENDIX_5_2026_03_26::MEDICAL_WASTE_CONTAINER,https://www.law.go.kr/flDownload.do?bylClsCd=110201&flSeq=162812925&gubun=,representative_name;item_family_id;item_subtype_id;normalized_specification;unit_code,2026-07-22T12:35:28.630356+00:00,verified_family,approved,codex_external_evidence_pipeline,2026-07-22T12:35:28.630356+00:00,explicit_family_spec_unit_supported_by_official_taxonomy,classification-v1.0
DECISION::classification-v1.0::ITEM_ac457307bf76e3715d40,ITEM_ac457307bf76e3715d40,APPROVE_FAMILY,,,MED_SUPPLY,BLOOD_LANCET,채혈침,BLOOD_LANCET,채혈침,28G,EA,,MFDS_DEVICE_CLASSIFICATION_2026_18,MFDS_DEVICE_CLASSIFICATION_2026_18::BLOOD_LANCET,https://www.law.go.kr/LSW/admRulLsInfoP.do?admRulSeq=2100000275656,representative_name;item_family_id;item_subtype_id;normalized_specification;unit_code,2026-07-22T12:35:28.630356+00:00,verified_family,approved,codex_external_evidence_pipeline,2026-07-22T12:35:28.630356+00:00,explicit_family_spec_unit_supported_by_official_taxonomy,classification-v1.0
DECISION::classification-v1.0::ITEM_86c1148a457b7d5fcd0e,ITEM_86c1148a457b7d5fcd0e,APPROVE_FAMILY,,,MED_SUPPLY,DISPOSABLE_SYRINGE,주사기,SYRINGE_USAGE_BASED,주사기(사용량 기준),10mL,EA,,MFDS_DEVICE_CLASSIFICATION_2026_18,MFDS_DEVICE_CLASSIFICATION_2026_18::DISPOSABLE_SYRINGE,https://www.law.go.kr/LSW/admRulLsInfoP.do?admRulSeq=2100000275656,representative_name;item_family_id;item_subtype_id;normalized_specification;unit_code,2026-07-22T12:35:28.630356+00:00,verified_family,approved,codex_external_evidence_pipeline,2026-07-22T12:35:28.630356+00:00,explicit_family_spec_unit_supported_by_official_taxonomy,classification-v1.0
DECISION::classification-v1.0::ITEM_fc618aca10cd0dd1aef8,ITEM_fc618aca10cd0dd1aef8,APPROVE_FAMILY,,,MED_SUPPLY,DISPOSABLE_SYRINGE,주사기,SYRINGE_USAGE_BASED,주사기(사용량 기준),20mL,EA,,MFDS_DEVICE_CLASSIFICATION_2026_18,MFDS_DEVICE_CLASSIFICATION_2026_18::DISPOSABLE_SYRINGE,https://www.law.go.kr/LSW/admRulLsInfoP.do?admRulSeq=2100000275656,representative_name;item_family_id;item_subtype_id;normalized_specification;unit_code,2026-07-22T12:35:28.630356+00:00,verified_family,approved,codex_external_evidence_pipeline,2026-07-22T12:35:28.630356+00:00,explicit_family_spec_unit_supported_by_official_taxonomy,classification-v1.0
DECISION::classification-v1.0::ITEM_97b8de955541366d52c3,ITEM_97b8de955541366d52c3,APPROVE_FAMILY,,,MED_SUPPLY,DISPOSABLE_SYRINGE,주사기,SYRINGE_USAGE_BASED,주사기(사용량 기준),10mL,EA,,MFDS_DEVICE_CLASSIFICATION_2026_18,MFDS_DEVICE_CLASSIFICATION_2026_18::DISPOSABLE_SYRINGE,https://www.law.go.kr/LSW/admRulLsInfoP.do?admRulSeq=2100000275656,representative_name;item_family_id;item_subtype_id;normalized_specification;unit_code,2026-07-22T12:35:28.630356+00:00,verified_family,approved,codex_external_evidence_pipeline,2026-07-22T12:35:28.630356+00:00,explicit_family_spec_unit_supported_by_official_taxonomy,classification-v1.0
DECISION::classification-v1.0::ITEM_c59b151c15057251ca86,ITEM_c59b151c15057251ca86,APPROVE_FAMILY,,,MED_SUPPLY,DISPOSABLE_SYRINGE,주사기,SYRINGE_USAGE_BASED,주사기(사용량 기준),5mL,EA,,MFDS_DEVICE_CLASSIFICATION_2026_18,MFDS_DEVICE_CLASSIFICATION_2026_18::DISPOSABLE_SYRINGE,https://www.law.go.kr/LSW/admRulLsInfoP.do?admRulSeq=2100000275656,representative_name;item_family_id;item_subtype_id;normalized_specification;unit_code,2026-07-22T12:35:28.630356+00:00,verified_family,approved,codex_external_evidence_pipeline,2026-07-22T12:35:28.630356+00:00,explicit_family_spec_unit_supported_by_official_taxonomy,classification-v1.0
DECISION::classification-v1.0::ITEM_94c58a0de8d463b58435,ITEM_94c58a0de8d463b58435,APPROVE_FAMILY,,,MED_SUPPLY,DISPOSABLE_SYRINGE,주사기,SYRINGE_USAGE_BASED,주사기(사용량 기준),60mL,EA,,MFDS_DEVICE_CLASSIFICATION_2026_18,MFDS_DEVICE_CLASSIFICATION_2026_18::DISPOSABLE_SYRINGE,https://www.law.go.kr/LSW/admRulLsInfoP.do?admRulSeq=2100000275656,representative_name;item_family_id;item_subtype_id;normalized_specification;unit_code,2026-07-22T12:35:28.630356+00:00,verified_family,approved,codex_external_evidence_pipeline,2026-07-22T12:35:28.630356+00:00,explicit_family_spec_unit_supported_by_official_taxonomy,classification-v1.0
DECISION::classification-v1.0::ITEM_1d5f4d551b36a3be6a77,ITEM_1d5f4d551b36a3be6a77,APPROVE_FAMILY,,,MED_SUPPLY,INJECTION_NEEDLE,주사침,INJECTION_NEEDLE,주사침,25G,EA,,MFDS_DEVICE_CLASSIFICATION_2026_18,MFDS_DEVICE_CLASSIFICATION_2026_18::INJECTION_NEEDLE,https://www.law.go.kr/LSW/admRulLsInfoP.do?admRulSeq=2100000275656,representative_name;item_family_id;item_subtype_id;normalized_specification;unit_code,2026-07-22T12:35:28.630356+00:00,verified_family,approved,codex_external_evidence_pipeline,2026-07-22T12:35:28.630356+00:00,explicit_family_spec_unit_supported_by_official_taxonomy,classification-v1.0
DECISION::classification-v1.0::ITEM_e82f1d3267adee23c3e7,ITEM_e82f1d3267adee23c3e7,APPROVE_FAMILY,,,MED_SUPPLY,INJECTION_NEEDLE,주사침,INJECTION_NEEDLE,주사침,26G,EA,,MFDS_DEVICE_CLASSIFICATION_2026_18,MFDS_DEVICE_CLASSIFICATION_2026_18::INJECTION_NEEDLE,https://www.law.go.kr/LSW/admRulLsInfoP.do?admRulSeq=2100000275656,representative_name;item_family_id;item_subtype_id;normalized_specification;unit_code,2026-07-22T12:35:28.630356+00:00,verified_family,approved,codex_external_evidence_pipeline,2026-07-22T12:35:28.630356+00:00,explicit_family_spec_unit_supported_by_official_taxonomy,classification-v1.0
DECISION::classification-v1.0::ITEM_3b9bb029ee8e265a5c36,ITEM_3b9bb029ee8e265a5c36,APPROVE_FAMILY,,,MED_SUPPLY,INJECTION_NEEDLE,주사침,INJECTION_NEEDLE,주사침,30G,EA,,MFDS_DEVICE_CLASSIFICATION_2026_18,MFDS_DEVICE_CLASSIFICATION_2026_18::INJECTION_NEEDLE,https://www.law.go.kr/LSW/admRulLsInfoP.do?admRulSeq=2100000275656,representative_name;item_family_id;item_subtype_id;normalized_specification;unit_code,2026-07-22T12:35:28.630356+00:00,verified_family,approved,codex_external_evidence_pipeline,2026-07-22T12:35:28.630356+00:00,explicit_family_spec_unit_supported_by_official_taxonomy,classification-v1.0
DECISION::classification-v1.0::ITEM_ef3eedfd462646ac83bb,ITEM_ef3eedfd462646ac83bb,APPROVE_FAMILY,,,MED_SUPPLY,BLOOD_LANCET,채혈침,BLOOD_LANCET,채혈침,30G,EA,,MFDS_DEVICE_CLASSIFICATION_2026_18,MFDS_DEVICE_CLASSIFICATION_2026_18::BLOOD_LANCET,https://www.law.go.kr/LSW/admRulLsInfoP.do?admRulSeq=2100000275656,representative_name;item_family_id;item_subtype_id;normalized_specification;unit_code,2026-07-22T12:35:28.630356+00:00,verified_family,approved,codex_external_evidence_pipeline,2026-07-22T12:35:28.630356+00:00,explicit_family_spec_unit_supported_by_official_taxonomy,classification-v1.0
DECISION::classification-v1.0::ITEM_b7f77c0a3274f21e8a7b,ITEM_b7f77c0a3274f21e8a7b,APPROVE_FAMILY,,,MED_SUPPLY,INJECTION_NEEDLE,주사침,INJECTION_NEEDLE,주사침,27G,EA,,MFDS_DEVICE_CLASSIFICATION_2026_18,MFDS_DEVICE_CLASSIFICATION_2026_18::INJECTION_NEEDLE,https://www.law.go.kr/LSW/admRulLsInfoP.do?admRulSeq=2100000275656,representative_name;item_family_id;item_subtype_id;normalized_specification;unit_code,2026-07-22T12:35:28.630356+00:00,verified_family,approved,codex_external_evidence_pipeline,2026-07-22T12:35:28.630356+00:00,explicit_family_spec_unit_supported_by_official_taxonomy,classification-v1.0
DECISION::classification-v1.0::ITEM_424c0585799344628e6f,ITEM_424c0585799344628e6f,APPROVE_FAMILY,,,MED_SUPPLY,DISPOSABLE_SYRINGE,주사기,SYRINGE_USAGE_BASED,주사기(사용량 기준),1mL,EA,,MFDS_DEVICE_CLASSIFICATION_2026_18,MFDS_DEVICE_CLASSIFICATION_2026_18::DISPOSABLE_SYRINGE,https://www.law.go.kr/LSW/admRulLsInfoP.do?admRulSeq=2100000275656,representative_name;item_family_id;item_subtype_id;normalized_specification;unit_code,2026-07-22T12:35:28.630356+00:00,verified_family,approved,codex_external_evidence_pipeline,2026-07-22T12:35:28.630356+00:00,explicit_family_spec_unit_supported_by_official_taxonomy,classification-v1.0
DECISION::classification-v1.0::ITEM_8f3545765ef40e1891f3,ITEM_8f3545765ef40e1891f3,APPROVE_FAMILY,,,MED_SUPPLY,DISPOSABLE_SYRINGE,주사기,SYRINGE_USAGE_BASED,주사기(사용량 기준),5mL,EA,,MFDS_DEVICE_CLASSIFICATION_2026_18,MFDS_DEVICE_CLASSIFICATION_2026_18::DISPOSABLE_SYRINGE,https://www.law.go.kr/LSW/admRulLsInfoP.do?admRulSeq=2100000275656,representative_name;item_family_id;item_subtype_id;normalized_specification;unit_code,2026-07-22T12:35:28.630356+00:00,verified_family,approved,codex_external_evidence_pipeline,2026-07-22T12:35:28.630356+00:00,explicit_family_spec_unit_supported_by_official_taxonomy,classification-v1.0
DECISION::classification-v1.0::ITEM_25755a7de822247727d5,ITEM_25755a7de822247727d5,APPROVE_FAMILY,,,MED_SUPPLY,DISPOSABLE_SYRINGE,주사기,SYRINGE_USAGE_BASED,주사기(사용량 기준),10mL,EA,,MFDS_DEVICE_CLASSIFICATION_2026_18,MFDS_DEVICE_CLASSIFICATION_2026_18::DISPOSABLE_SYRINGE,https://www.law.go.kr/LSW/admRulLsInfoP.do?admRulSeq=2100000275656,representative_name;item_family_id;item_subtype_id;normalized_specification;unit_code,2026-07-22T12:35:28.630356+00:00,verified_family,approved,codex_external_evidence_pipeline,2026-07-22T12:35:28.630356+00:00,explicit_family_spec_unit_supported_by_official_taxonomy,classification-v1.0
DECISION::classification-v1.0::ITEM_fd0f95064ac3d449c547,ITEM_fd0f95064ac3d449c547,APPROVE_FAMILY,,,MED_SUPPLY,INJECTION_NEEDLE,주사침,INJECTION_NEEDLE,주사침,25G,EA,,MFDS_DEVICE_CLASSIFICATION_2026_18,MFDS_DEVICE_CLASSIFICATION_2026_18::INJECTION_NEEDLE,https://www.law.go.kr/LSW/admRulLsInfoP.do?admRulSeq=2100000275656,representative_name;item_family_id;item_subtype_id;normalized_specification;unit_code,2026-07-22T12:35:28.630356+00:00,verified_family,approved,codex_external_evidence_pipeline,2026-07-22T12:35:28.630356+00:00,explicit_family_spec_unit_supported_by_official_taxonomy,classification-v1.0
DECISION::classification-v1.0::ITEM_027a367ecb022cb9d17b,ITEM_027a367ecb022cb9d17b,APPROVE_FAMILY,,,MED_SUPPLY,INJECTION_NEEDLE,주사침,INJECTION_NEEDLE,주사침,26G,EA,,MFDS_DEVICE_CLASSIFICATION_2026_18,MFDS_DEVICE_CLASSIFICATION_2026_18::INJECTION_NEEDLE,https://www.law.go.kr/LSW/admRulLsInfoP.do?admRulSeq=2100000275656,representative_name;item_family_id;item_subtype_id;normalized_specification;unit_code,2026-07-22T12:35:28.630356+00:00,verified_family,approved,codex_external_evidence_pipeline,2026-07-22T12:35:28.630356+00:00,explicit_family_spec_unit_supported_by_official_taxonomy,classification-v1.0
DECISION::classification-v1.0::ITEM_ba0f521253499b7d99df,ITEM_ba0f521253499b7d99df,APPROVE_FAMILY,,,MED_SUPPLY,INJECTION_NEEDLE,주사침,INJECTION_NEEDLE,주사침,26G,EA,,MFDS_DEVICE_CLASSIFICATION_2026_18,MFDS_DEVICE_CLASSIFICATION_2026_18::INJECTION_NEEDLE,https://www.law.go.kr/LSW/admRulLsInfoP.do?admRulSeq=2100000275656,representative_name;item_family_id;item_subtype_id;normalized_specification;unit_code,2026-07-22T12:35:28.630356+00:00,verified_family,approved,codex_external_evidence_pipeline,2026-07-22T12:35:28.630356+00:00,explicit_family_spec_unit_supported_by_official_taxonomy,classification-v1.0
DECISION::classification-v1.0::ITEM_27f8ecd4cc9a5dd7c742,ITEM_27f8ecd4cc9a5dd7c742,APPROVE_FAMILY,,,MED_SUPPLY,INJECTION_NEEDLE,주사침,INJECTION_NEEDLE,주사침,26G,EA,,MFDS_DEVICE_CLASSIFICATION_2026_18,MFDS_DEVICE_CLASSIFICATION_2026_18::INJECTION_NEEDLE,https://www.law.go.kr/LSW/admRulLsInfoP.do?admRulSeq=2100000275656,representative_name;item_family_id;item_subtype_id;normalized_specification;unit_code,2026-07-22T12:35:28.630356+00:00,verified_family,approved,codex_external_evidence_pipeline,2026-07-22T12:35:28.630356+00:00,explicit_family_spec_unit_supported_by_official_taxonomy,classification-v1.0
DECISION::classification-v1.0::ITEM_1b6a606c1f5575ecec3e,ITEM_1b6a606c1f5575ecec3e,APPROVE_FAMILY,,,MED_SUPPLY,INJECTION_NEEDLE,주사침,INJECTION_NEEDLE,주사침,25G,EA,,MFDS_DEVICE_CLASSIFICATION_2026_18,MFDS_DEVICE_CLASSIFICATION_2026_18::INJECTION_NEEDLE,https://www.law.go.kr/LSW/admRulLsInfoP.do?admRulSeq=2100000275656,representative_name;item_family_id;item_subtype_id;normalized_specification;unit_code,2026-07-22T12:35:28.630356+00:00,verified_family,approved,codex_external_evidence_pipeline,2026-07-22T12:35:28.630356+00:00,explicit_family_spec_unit_supported_by_official_taxonomy,classification-v1.0
DECISION::classification-v1.0::ITEM_9fd8997afebc296b78c1,ITEM_9fd8997afebc296b78c1,APPROVE_FAMILY,,,MED_SUPPLY,DISPOSABLE_SYRINGE,주사기,SYRINGE_USAGE_BASED,주사기(사용량 기준),5mL,EA,,MFDS_DEVICE_CLASSIFICATION_2026_18,MFDS_DEVICE_CLASSIFICATION_2026_18::DISPOSABLE_SYRINGE,https://www.law.go.kr/LSW/admRulLsInfoP.do?admRulSeq=2100000275656,representative_name;item_family_id;item_subtype_id;normalized_specification;unit_code,2026-07-22T12:35:28.630356+00:00,verified_family,approved,codex_external_evidence_pipeline,2026-07-22T12:35:28.630356+00:00,explicit_family_spec_unit_supported_by_official_taxonomy,classification-v1.0
DECISION::classification-v1.0::ITEM_3f77970b371daeaa2ed9,ITEM_3f77970b371daeaa2ed9,APPROVE_FAMILY,,,MED_SUPPLY,BLOOD_LANCET,채혈침,BLOOD_LANCET,채혈침,30G,EA,,MFDS_DEVICE_CLASSIFICATION_2026_18,MFDS_DEVICE_CLASSIFICATION_2026_18::BLOOD_LANCET,https://www.law.go.kr/LSW/admRulLsInfoP.do?admRulSeq=2100000275656,representative_name;item_family_id;item_subtype_id;normalized_specification;unit_code,2026-07-22T12:35:28.630356+00:00,verified_family,approved,codex_external_evidence_pipeline,2026-07-22T12:35:28.630356+00:00,explicit_family_spec_unit_supported_by_official_taxonomy,classification-v1.0
DECISION::classification-v1.0::ITEM_ac150358623058fd03a0,ITEM_ac150358623058fd03a0,APPROVE_FAMILY,,,MED_SUPPLY,BLOOD_LANCET,채혈침,BLOOD_LANCET,채혈침,28G,EA,,MFDS_DEVICE_CLASSIFICATION_2026_18,MFDS_DEVICE_CLASSIFICATION_2026_18::BLOOD_LANCET,https://www.law.go.kr/LSW/admRulLsInfoP.do?admRulSeq=2100000275656,representative_name;item_family_id;item_subtype_id;normalized_specification;unit_code,2026-07-22T12:35:28.630356+00:00,verified_family,approved,codex_external_evidence_pipeline,2026-07-22T12:35:28.630356+00:00,explicit_family_spec_unit_supported_by_official_taxonomy,classification-v1.0
DECISION::classification-v1.0::ITEM_0168a0b240ee69f87002,ITEM_0168a0b240ee69f87002,APPROVE_FAMILY,,,MED_SUPPLY,BLOOD_LANCET,채혈침,BLOOD_LANCET,채혈침,23G,EA,,MFDS_DEVICE_CLASSIFICATION_2026_18,MFDS_DEVICE_CLASSIFICATION_2026_18::BLOOD_LANCET,https://www.law.go.kr/LSW/admRulLsInfoP.do?admRulSeq=2100000275656,representative_name;item_family_id;item_subtype_id;normalized_specification;unit_code,2026-07-22T12:35:28.630356+00:00,verified_family,approved,codex_external_evidence_pipeline,2026-07-22T12:35:28.630356+00:00,explicit_family_spec_unit_supported_by_official_taxonomy,classification-v1.0
DECISION::classification-v1.0::ITEM_2e35c18a054de6a8375a,ITEM_2e35c18a054de6a8375a,APPROVE_FAMILY,,,MED_SUPPLY,BLOOD_LANCET,채혈침,BLOOD_LANCET,채혈침,30G,EA,,MFDS_DEVICE_CLASSIFICATION_2026_18,MFDS_DEVICE_CLASSIFICATION_2026_18::BLOOD_LANCET,https://www.law.go.kr/LSW/admRulLsInfoP.do?admRulSeq=2100000275656,representative_name;item_family_id;item_subtype_id;normalized_specification;unit_code,2026-07-22T12:35:28.630356+00:00,verified_family,approved,codex_external_evidence_pipeline,2026-07-22T12:35:28.630356+00:00,explicit_family_spec_unit_supported_by_official_taxonomy,classification-v1.0
DECISION::classification-v1.0::ITEM_c5ade3d1085208e019e1,ITEM_c5ade3d1085208e019e1,APPROVE_FAMILY,,,MED_SUPPLY,BLOOD_LANCET,채혈침,BLOOD_LANCET,채혈침,26G,EA,,MFDS_DEVICE_CLASSIFICATION_2026_18,MFDS_DEVICE_CLASSIFICATION_2026_18::BLOOD_LANCET,https://www.law.go.kr/LSW/admRulLsInfoP.do?admRulSeq=2100000275656,representative_name;item_family_id;item_subtype_id;normalized_specification;unit_code,2026-07-22T12:35:28.630356+00:00,verified_family,approved,codex_external_evidence_pipeline,2026-07-22T12:35:28.630356+00:00,explicit_family_spec_unit_supported_by_official_taxonomy,classification-v1.0
DECISION::classification-v1.0::ITEM_c03e72f99d745825471d,ITEM_c03e72f99d745825471d,APPROVE_FAMILY,,,MED_SUPPLY,ANGIO_CATHETER,카테터,ANGIO_NEEDLE,카테터(angio needle),24G,EA,,MFDS_DEVICE_CLASSIFICATION_2026_18,MFDS_DEVICE_CLASSIFICATION_2026_18::ANGIO_CATHETER,https://www.law.go.kr/LSW/admRulLsInfoP.do?admRulSeq=2100000275656,representative_name;item_family_id;item_subtype_id;normalized_specification;unit_code,2026-07-22T12:35:28.630356+00:00,verified_family,approved,codex_external_evidence_pipeline,2026-07-22T12:35:28.630356+00:00,explicit_family_spec_unit_supported_by_official_taxonomy,classification-v1.0
DECISION::classification-v1.0::ITEM_3f6c8f6f2b837180735d,ITEM_3f6c8f6f2b837180735d,APPROVE_FAMILY,,,MED_SUPPLY,INJECTION_NEEDLE,주사침,INJECTION_NEEDLE,주사침,24G,EA,,MFDS_DEVICE_CLASSIFICATION_2026_18,MFDS_DEVICE_CLASSIFICATION_2026_18::INJECTION_NEEDLE,https://www.law.go.kr/LSW/admRulLsInfoP.do?admRulSeq=2100000275656,representative_name;item_family_id;item_subtype_id;normalized_specification;unit_code,2026-07-22T12:35:28.630356+00:00,verified_family,approved,codex_external_evidence_pipeline,2026-07-22T12:35:28.630356+00:00,explicit_family_spec_unit_supported_by_official_taxonomy,classification-v1.0
DECISION::classification-v1.0::ITEM_a39691cda4a5dfae7f46,ITEM_a39691cda4a5dfae7f46,APPROVE_FAMILY,,,MED_SUPPLY,DISPOSABLE_SYRINGE,주사기,SYRINGE_USAGE_BASED,주사기(사용량 기준),10mL,EA,,MFDS_DEVICE_CLASSIFICATION_2026_18,MFDS_DEVICE_CLASSIFICATION_2026_18::DISPOSABLE_SYRINGE,https://www.law.go.kr/LSW/admRulLsInfoP.do?admRulSeq=2100000275656,representative_name;item_family_id;item_subtype_id;normalized_specification;unit_code,2026-07-22T12:35:28.630356+00:00,verified_family,approved,codex_external_evidence_pipeline,2026-07-22T12:35:28.630356+00:00,explicit_family_spec_unit_supported_by_official_taxonomy,classification-v1.0
DECISION::classification-v1.0::ITEM_f838588056cbb052f39d,ITEM_f838588056cbb052f39d,APPROVE_FAMILY,,,MED_SUPPLY,DISPOSABLE_SYRINGE,주사기,SYRINGE_USAGE_BASED,주사기(사용량 기준),1mL,EA,,MFDS_DEVICE_CLASSIFICATION_2026_18,MFDS_DEVICE_CLASSIFICATION_2026_18::DISPOSABLE_SYRINGE,https://www.law.go.kr/LSW/admRulLsInfoP.do?admRulSeq=2100000275656,representative_name;item_family_id;item_subtype_id;normalized_specification;unit_code,2026-07-22T12:35:28.630356+00:00,verified_family,approved,codex_external_evidence_pipeline,2026-07-22T12:35:28.630356+00:00,explicit_family_spec_unit_supported_by_official_taxonomy,classification-v1.0
DECISION::classification-v1.0::ITEM_bb1b72dd279058a818a9,ITEM_bb1b72dd279058a818a9,APPROVE_FAMILY,,,MED_SUPPLY,DISPOSABLE_SYRINGE,주사기,SYRINGE_USAGE_BASED,주사기(사용량 기준),1mL,EA,,MFDS_DEVICE_CLASSIFICATION_2026_18,MFDS_DEVICE_CLASSIFICATION_2026_18::DISPOSABLE_SYRINGE,https://www.law.go.kr/LSW/admRulLsInfoP.do?admRulSeq=2100000275656,representative_name;item_family_id;item_subtype_id;normalized_specification;unit_code,2026-07-22T12:35:28.630356+00:00,verified_family,approved,codex_external_evidence_pipeline,2026-07-22T12:35:28.630356+00:00,explicit_family_spec_unit_supported_by_official_taxonomy,classification-v1.0
DECISION::classification-v1.0::ITEM_c2567f3766372211c39c,ITEM_c2567f3766372211c39c,APPROVE_FAMILY,,,MED_SUPPLY,DISPOSABLE_SYRINGE,주사기,SYRINGE_USAGE_BASED,주사기(사용량 기준),1mL,EA,,MFDS_DEVICE_CLASSIFICATION_2026_18,MFDS_DEVICE_CLASSIFICATION_2026_18::DISPOSABLE_SYRINGE,https://www.law.go.kr/LSW/admRulLsInfoP.do?admRulSeq=2100000275656,representative_name;item_family_id;item_subtype_id;normalized_specification;unit_code,2026-07-22T12:35:28.630356+00:00,verified_family,approved,codex_external_evidence_pipeline,2026-07-22T12:35:28.630356+00:00,explicit_family_spec_unit_supported_by_official_taxonomy,classification-v1.0
DECISION::classification-v1.0::ITEM_7b0162c567f234b2c5d8,ITEM_7b0162c567f234b2c5d8,APPROVE_FAMILY,,,MED_SUPPLY,DISPOSABLE_SYRINGE,주사기,SYRINGE_USAGE_BASED,주사기(사용량 기준),50mL,EA,,MFDS_DEVICE_CLASSIFICATION_2026_18,MFDS_DEVICE_CLASSIFICATION_2026_18::DISPOSABLE_SYRINGE,https://www.law.go.kr/LSW/admRulLsInfoP.do?admRulSeq=2100000275656,representative_name;item_family_id;item_subtype_id;normalized_specification;unit_code,2026-07-22T12:35:28.630356+00:00,verified_family,approved,codex_external_evidence_pipeline,2026-07-22T12:35:28.630356+00:00,explicit_family_spec_unit_supported_by_official_taxonomy,classification-v1.0
DECISION::classification-v1.0::ITEM_bf9d1512da9847257f76,ITEM_bf9d1512da9847257f76,APPROVE_FAMILY,,,MED_SUPPLY,DISPOSABLE_SYRINGE,주사기,SYRINGE_USAGE_BASED,주사기(사용량 기준),1mL,EA,,MFDS_DEVICE_CLASSIFICATION_2026_18,MFDS_DEVICE_CLASSIFICATION_2026_18::DISPOSABLE_SYRINGE,https://www.law.go.kr/LSW/admRulLsInfoP.do?admRulSeq=2100000275656,representative_name;item_family_id;item_subtype_id;normalized_specification;unit_code,2026-07-22T12:35:28.630356+00:00,verified_family,approved,codex_external_evidence_pipeline,2026-07-22T12:35:28.630356+00:00,explicit_family_spec_unit_supported_by_official_taxonomy,classification-v1.0
DECISION::classification-v1.0::ITEM_c8eecbdbffbed90ef22a,ITEM_c8eecbdbffbed90ef22a,APPROVE_FAMILY,,,MED_SUPPLY,DISPOSABLE_SYRINGE,주사기,SYRINGE_USAGE_BASED,주사기(사용량 기준),50mL,EA,,MFDS_DEVICE_CLASSIFICATION_2026_18,MFDS_DEVICE_CLASSIFICATION_2026_18::DISPOSABLE_SYRINGE,https://www.law.go.kr/LSW/admRulLsInfoP.do?admRulSeq=2100000275656,representative_name;item_family_id;item_subtype_id;normalized_specification;unit_code,2026-07-22T12:35:28.630356+00:00,verified_family,approved,codex_external_evidence_pipeline,2026-07-22T12:35:28.630356+00:00,explicit_family_spec_unit_supported_by_official_taxonomy,classification-v1.0
DECISION::classification-v1.0::ITEM_b3f3c8f5111aa0290ab1,ITEM_b3f3c8f5111aa0290ab1,APPROVE_FAMILY,,,MED_SUPPLY,INJECTION_NEEDLE,주사침,INJECTION_NEEDLE,주사침,26G,EA,,MFDS_DEVICE_CLASSIFICATION_2026_18,MFDS_DEVICE_CLASSIFICATION_2026_18::INJECTION_NEEDLE,https://www.law.go.kr/LSW/admRulLsInfoP.do?admRulSeq=2100000275656,representative_name;item_family_id;item_subtype_id;normalized_specification;unit_code,2026-07-22T12:35:28.630356+00:00,verified_family,approved,codex_external_evidence_pipeline,2026-07-22T12:35:28.630356+00:00,explicit_family_spec_unit_supported_by_official_taxonomy,classification-v1.0
DECISION::classification-v1.0::ITEM_116685115048618fe4da,ITEM_116685115048618fe4da,APPROVE_FAMILY,,,MED_SUPPLY,INJECTION_NEEDLE,주사침,INJECTION_NEEDLE,주사침,30G,EA,,MFDS_DEVICE_CLASSIFICATION_2026_18,MFDS_DEVICE_CLASSIFICATION_2026_18::INJECTION_NEEDLE,https://www.law.go.kr/LSW/admRulLsInfoP.do?admRulSeq=2100000275656,representative_name;item_family_id;item_subtype_id;normalized_specification;unit_code,2026-07-22T12:35:28.630356+00:00,verified_family,approved,codex_external_evidence_pipeline,2026-07-22T12:35:28.630356+00:00,explicit_family_spec_unit_supported_by_official_taxonomy,classification-v1.0
DECISION::classification-v1.0::ITEM_38620c85f4f8d7cb7a6d,ITEM_38620c85f4f8d7cb7a6d,APPROVE_FAMILY,,,MED_SUPPLY,INJECTION_NEEDLE,주사침,INJECTION_NEEDLE,주사침,25G,EA,,MFDS_DEVICE_CLASSIFICATION_2026_18,MFDS_DEVICE_CLASSIFICATION_2026_18::INJECTION_NEEDLE,https://www.law.go.kr/LSW/admRulLsInfoP.do?admRulSeq=2100000275656,representative_name;item_family_id;item_subtype_id;normalized_specification;unit_code,2026-07-22T12:35:28.630356+00:00,verified_family,approved,codex_external_evidence_pipeline,2026-07-22T12:35:28.630356+00:00,explicit_family_spec_unit_supported_by_official_taxonomy,classification-v1.0
DECISION::classification-v1.0::ITEM_f1304f59c3cfea8287e0,ITEM_f1304f59c3cfea8287e0,APPROVE_FAMILY,,,MED_SUPPLY,INJECTION_NEEDLE,주사침,INJECTION_NEEDLE,주사침,23G,EA,,MFDS_DEVICE_CLASSIFICATION_2026_18,MFDS_DEVICE_CLASSIFICATION_2026_18::INJECTION_NEEDLE,https://www.law.go.kr/LSW/admRulLsInfoP.do?admRulSeq=2100000275656,representative_name;item_family_id;item_subtype_id;normalized_specification;unit_code,2026-07-22T12:35:28.630356+00:00,verified_family,approved,codex_external_evidence_pipeline,2026-07-22T12:35:28.630356+00:00,explicit_family_spec_unit_supported_by_official_taxonomy,classification-v1.0
DECISION::classification-v1.0::ITEM_8583903f7ac876f1c522,ITEM_8583903f7ac876f1c522,APPROVE_FAMILY,,,MED_SUPPLY,INJECTION_NEEDLE,주사침,INJECTION_NEEDLE,주사침,27G,EA,,MFDS_DEVICE_CLASSIFICATION_2026_18,MFDS_DEVICE_CLASSIFICATION_2026_18::INJECTION_NEEDLE,https://www.law.go.kr/LSW/admRulLsInfoP.do?admRulSeq=2100000275656,representative_name;item_family_id;item_subtype_id;normalized_specification;unit_code,2026-07-22T12:35:28.630356+00:00,verified_family,approved,codex_external_evidence_pipeline,2026-07-22T12:35:28.630356+00:00,explicit_family_spec_unit_supported_by_official_taxonomy,classification-v1.0
DECISION::classification-v1.0::ITEM_e82af9c39cdde85f37f5,ITEM_e82af9c39cdde85f37f5,APPROVE_FAMILY,,,MED_SUPPLY,INJECTION_NEEDLE,주사침,INJECTION_NEEDLE,주사침,27G,EA,,MFDS_DEVICE_CLASSIFICATION_2026_18,MFDS_DEVICE_CLASSIFICATION_2026_18::INJECTION_NEEDLE,https://www.law.go.kr/LSW/admRulLsInfoP.do?admRulSeq=2100000275656,representative_name;item_family_id;item_subtype_id;normalized_specification;unit_code,2026-07-22T12:35:28.630356+00:00,verified_family,approved,codex_external_evidence_pipeline,2026-07-22T12:35:28.630356+00:00,explicit_family_spec_unit_supported_by_official_taxonomy,classification-v1.0
DECISION::classification-v1.0::ITEM_9fb8193838b17e312027,ITEM_9fb8193838b17e312027,APPROVE_FAMILY,,,MED_SUPPLY,INJECTION_NEEDLE,주사침,INJECTION_NEEDLE,주사침,27G,EA,,MFDS_DEVICE_CLASSIFICATION_2026_18,MFDS_DEVICE_CLASSIFICATION_2026_18::INJECTION_NEEDLE,https://www.law.go.kr/LSW/admRulLsInfoP.do?admRulSeq=2100000275656,representative_name;item_family_id;item_subtype_id;normalized_specification;unit_code,2026-07-22T12:35:28.630356+00:00,verified_family,approved,codex_external_evidence_pipeline,2026-07-22T12:35:28.630356+00:00,explicit_family_spec_unit_supported_by_official_taxonomy,classification-v1.0
DECISION::classification-v1.0::ITEM_3d40dbc76543bdae1e3c,ITEM_3d40dbc76543bdae1e3c,APPROVE_FAMILY,,,MED_SUPPLY,INJECTION_NEEDLE,주사침,INJECTION_NEEDLE,주사침,23G,EA,,MFDS_DEVICE_CLASSIFICATION_2026_18,MFDS_DEVICE_CLASSIFICATION_2026_18::INJECTION_NEEDLE,https://www.law.go.kr/LSW/admRulLsInfoP.do?admRulSeq=2100000275656,representative_name;item_family_id;item_subtype_id;normalized_specification;unit_code,2026-07-22T12:35:28.630356+00:00,verified_family,approved,codex_external_evidence_pipeline,2026-07-22T12:35:28.630356+00:00,explicit_family_spec_unit_supported_by_official_taxonomy,classification-v1.0
DECISION::classification-v1.0::ITEM_077c5124706132364b6f,ITEM_077c5124706132364b6f,APPROVE_FAMILY,,,MED_SUPPLY,INJECTION_NEEDLE,주사침,INJECTION_NEEDLE,주사침,26G,EA,,MFDS_DEVICE_CLASSIFICATION_2026_18,MFDS_DEVICE_CLASSIFICATION_2026_18::INJECTION_NEEDLE,https://www.law.go.kr/LSW/admRulLsInfoP.do?admRulSeq=2100000275656,representative_name;item_family_id;item_subtype_id;normalized_specification;unit_code,2026-07-22T12:35:28.630356+00:00,verified_family,approved,codex_external_evidence_pipeline,2026-07-22T12:35:28.630356+00:00,explicit_family_spec_unit_supported_by_official_taxonomy,classification-v1.0
DECISION::classification-v1.0::ITEM_cecf10fd4a84bcb27077,ITEM_cecf10fd4a84bcb27077,APPROVE_FAMILY,,,MED_SUPPLY,INJECTION_NEEDLE,주사침,INJECTION_NEEDLE,주사침,24G,EA,,MFDS_DEVICE_CLASSIFICATION_2026_18,MFDS_DEVICE_CLASSIFICATION_2026_18::INJECTION_NEEDLE,https://www.law.go.kr/LSW/admRulLsInfoP.do?admRulSeq=2100000275656,representative_name;item_family_id;item_subtype_id;normalized_specification;unit_code,2026-07-22T12:35:28.630356+00:00,verified_family,approved,codex_external_evidence_pipeline,2026-07-22T12:35:28.630356+00:00,explicit_family_spec_unit_supported_by_official_taxonomy,classification-v1.0
DECISION::classification-v1.0::ITEM_8f3001cdb629ae647553,ITEM_8f3001cdb629ae647553,APPROVE_FAMILY,,,MED_SUPPLY,ANGIO_CATHETER,카테터,ANGIO_NEEDLE,카테터(angio needle),24G,EA,,MFDS_DEVICE_CLASSIFICATION_2026_18,MFDS_DEVICE_CLASSIFICATION_2026_18::ANGIO_CATHETER,https://www.law.go.kr/LSW/admRulLsInfoP.do?admRulSeq=2100000275656,representative_name;item_family_id;item_subtype_id;normalized_specification;unit_code,2026-07-22T12:35:28.630356+00:00,verified_family,approved,codex_external_evidence_pipeline,2026-07-22T12:35:28.630356+00:00,explicit_family_spec_unit_supported_by_official_taxonomy,classification-v1.0
DECISION::classification-v1.0::ITEM_3952153ecc34bfa1511f,ITEM_3952153ecc34bfa1511f,APPROVE_FAMILY,,,MED_SUPPLY,ANGIO_CATHETER,카테터,BUTTERFLY_NEEDLE,나비 바늘,나비 바늘,EA,,MFDS_DEVICE_CLASSIFICATION_2026_18,MFDS_DEVICE_CLASSIFICATION_2026_18::ANGIO_CATHETER,https://www.law.go.kr/LSW/admRulLsInfoP.do?admRulSeq=2100000275656,representative_name;item_family_id;item_subtype_id;normalized_specification;unit_code,2026-07-22T12:35:28.630356+00:00,verified_family,approved,codex_external_evidence_pipeline,2026-07-22T12:35:28.630356+00:00,explicit_family_spec_unit_supported_by_official_taxonomy,classification-v1.0
DECISION::classification-v1.0::ITEM_fb18ada98b3482368643,ITEM_fb18ada98b3482368643,APPROVE_FAMILY,,,MED_SUPPLY,DISPOSABLE_SYRINGE,주사기,SYRINGE_USAGE_BASED,주사기(사용량 기준),1mL,EA,,MFDS_DEVICE_CLASSIFICATION_2026_18,MFDS_DEVICE_CLASSIFICATION_2026_18::DISPOSABLE_SYRINGE,https://www.law.go.kr/LSW/admRulLsInfoP.do?admRulSeq=2100000275656,representative_name;item_family_id;item_subtype_id;normalized_specification;unit_code,2026-07-22T12:35:28.630356+00:00,verified_family,approved,codex_external_evidence_pipeline,2026-07-22T12:35:28.630356+00:00,explicit_family_spec_unit_supported_by_official_taxonomy,classification-v1.0
DECISION::classification-v1.0::ITEM_149b42cdf2e35b2f15ab,ITEM_149b42cdf2e35b2f15ab,APPROVE_FAMILY,,,MED_SUPPLY,ANGIO_CATHETER,카테터,ANGIO_NEEDLE,카테터(angio needle),18G,EA,,MFDS_DEVICE_CLASSIFICATION_2026_18,MFDS_DEVICE_CLASSIFICATION_2026_18::ANGIO_CATHETER,https://www.law.go.kr/LSW/admRulLsInfoP.do?admRulSeq=2100000275656,representative_name;item_family_id;item_subtype_id;normalized_specification;unit_code,2026-07-22T12:35:28.630356+00:00,verified_family,approved,codex_external_evidence_pipeline,2026-07-22T12:35:28.630356+00:00,explicit_family_spec_unit_supported_by_official_taxonomy,classification-v1.0
DECISION::classification-v1.0::ITEM_83ad71fa1f5e9ec4bcf5,ITEM_83ad71fa1f5e9ec4bcf5,APPROVE_FAMILY,,,MED_SUPPLY,ANGIO_CATHETER,카테터,ANGIO_NEEDLE,카테터(angio needle),22G,EA,,MFDS_DEVICE_CLASSIFICATION_2026_18,MFDS_DEVICE_CLASSIFICATION_2026_18::ANGIO_CATHETER,https://www.law.go.kr/LSW/admRulLsInfoP.do?admRulSeq=2100000275656,representative_name;item_family_id;item_subtype_id;normalized_specification;unit_code,2026-07-22T12:35:28.630356+00:00,verified_family,approved,codex_external_evidence_pipeline,2026-07-22T12:35:28.630356+00:00,explicit_family_spec_unit_supported_by_official_taxonomy,classification-v1.0
DECISION::classification-v1.0::ITEM_88180c81fda48bdfc227,ITEM_88180c81fda48bdfc227,APPROVE_FAMILY,,,MED_SUPPLY,ANGIO_CATHETER,카테터,ANGIO_NEEDLE,카테터(angio needle),24G,EA,,MFDS_DEVICE_CLASSIFICATION_2026_18,MFDS_DEVICE_CLASSIFICATION_2026_18::ANGIO_CATHETER,https://www.law.go.kr/LSW/admRulLsInfoP.do?admRulSeq=2100000275656,representative_name;item_family_id;item_subtype_id;normalized_specification;unit_code,2026-07-22T12:35:28.630356+00:00,verified_family,approved,codex_external_evidence_pipeline,2026-07-22T12:35:28.630356+00:00,explicit_family_spec_unit_supported_by_official_taxonomy,classification-v1.0
DECISION::classification-v1.0::ITEM_d117e0fdb2230b516cba,ITEM_d117e0fdb2230b516cba,APPROVE_FAMILY,,,MED_SUPPLY,BLOOD_LANCET,채혈침,BLOOD_LANCET,채혈침,28G,EA,,MFDS_DEVICE_CLASSIFICATION_2026_18,MFDS_DEVICE_CLASSIFICATION_2026_18::BLOOD_LANCET,https://www.law.go.kr/LSW/admRulLsInfoP.do?admRulSeq=2100000275656,representative_name;item_family_id;item_subtype_id;normalized_specification;unit_code,2026-07-22T12:35:28.630356+00:00,verified_family,approved,codex_external_evidence_pipeline,2026-07-22T12:35:28.630356+00:00,explicit_family_spec_unit_supported_by_official_taxonomy,classification-v1.0
DECISION::classification-v1.0::ITEM_b7c85e535fd93bf186d3,ITEM_b7c85e535fd93bf186d3,APPROVE_FAMILY,,,MED_SUPPLY,DISPOSABLE_SYRINGE,주사기,SYRINGE_USAGE_BASED,주사기(사용량 기준),3mL,EA,,MFDS_DEVICE_CLASSIFICATION_2026_18,MFDS_DEVICE_CLASSIFICATION_2026_18::DISPOSABLE_SYRINGE,https://www.law.go.kr/LSW/admRulLsInfoP.do?admRulSeq=2100000275656,representative_name;item_family_id;item_subtype_id;normalized_specification;unit_code,2026-07-22T12:35:28.630356+00:00,verified_family,approved,codex_external_evidence_pipeline,2026-07-22T12:35:28.630356+00:00,explicit_family_spec_unit_supported_by_official_taxonomy,classification-v1.0
DECISION::classification-v1.0::ITEM_ee24ff0985ff302183b5,ITEM_ee24ff0985ff302183b5,APPROVE_FAMILY,,,MED_SUPPLY,DISPOSABLE_SYRINGE,주사기,SYRINGE_USAGE_BASED,주사기(사용량 기준),3mL,EA,,MFDS_DEVICE_CLASSIFICATION_2026_18,MFDS_DEVICE_CLASSIFICATION_2026_18::DISPOSABLE_SYRINGE,https://www.law.go.kr/LSW/admRulLsInfoP.do?admRulSeq=2100000275656,representative_name;item_family_id;item_subtype_id;normalized_specification;unit_code,2026-07-22T12:35:28.630356+00:00,verified_family,approved,codex_external_evidence_pipeline,2026-07-22T12:35:28.630356+00:00,explicit_family_spec_unit_supported_by_official_taxonomy,classification-v1.0
