STD_YYYYMM,hs_code,country_code,country_name,export_weight_kg,export_value_usd,import_weight_kg,import_value_usd,trade_balance_usd,provider,source_endpoint,retrieved_at
2023-01,1701990000,AE,아랍에미리트 연합,1162,1625,9,44,1581,korea_customs_service,https://apis.data.go.kr/1220000/nitemtrade/getNitemtradeList,2026-08-10T12:44:34.845925+00:00
2023-02,1701990000,AE,아랍에미리트 연합,884,328,0,0,328,korea_customs_service,https://apis.data.go.kr/1220000/nitemtrade/getNitemtradeList,2026-08-10T12:44:34.845925+00:00
2023-03,1701990000,AE,아랍에미리트 연합,0,0,1000,571,-571,korea_customs_service,https://apis.data.go.kr/1220000/nitemtrade/getNitemtradeList,2026-08-10T12:44:34.845925+00:00
2023-04,1701990000,AE,아랍에미리트 연합,555,771,0,0,771,korea_customs_service,https://apis.data.go.kr/1220000/nitemtrade/getNitemtradeList,2026-08-10T12:44:34.845925+00:00
2023-05,1701990000,AE,아랍에미리트 연합,32,35,0,0,35,korea_customs_service,https://apis.data.go.kr/1220000/nitemtrade/getNitemtradeList,2026-08-10T12:44:34.845925+00:00
2023-09,1701990000,AE,아랍에미리트 연합,96,119,0,0,119,korea_customs_service,https://apis.data.go.kr/1220000/nitemtrade/getNitemtradeList,2026-08-10T12:44:34.845925+00:00
2023-10,1701990000,AE,아랍에미리트 연합,1216,2304,0,0,2304,korea_customs_service,https://apis.data.go.kr/1220000/nitemtrade/getNitemtradeList,2026-08-10T12:44:34.845925+00:00
2023-11,1701990000,AE,아랍에미리트 연합,1160,3160,0,0,3160,korea_customs_service,https://apis.data.go.kr/1220000/nitemtrade/getNitemtradeList,2026-08-10T12:44:34.845925+00:00
2023-12,1701990000,AE,아랍에미리트 연합,1440,2170,0,0,2170,korea_customs_service,https://apis.data.go.kr/1220000/nitemtrade/getNitemtradeList,2026-08-10T12:44:34.845925+00:00
2024-01,1701990000,AE,아랍에미리트 연합,180,394,0,0,394,korea_customs_service,https://apis.data.go.kr/1220000/nitemtrade/getNitemtradeList,2026-08-10T12:44:35.251581+00:00
2024-02,1701990000,AE,아랍에미리트 연합,75,145,0,0,145,korea_customs_service,https://apis.data.go.kr/1220000/nitemtrade/getNitemtradeList,2026-08-10T12:44:35.251581+00:00
2024-04,1701990000,AE,아랍에미리트 연합,384,664,0,0,664,korea_customs_service,https://apis.data.go.kr/1220000/nitemtrade/getNitemtradeList,2026-08-10T12:44:35.251581+00:00
2024-05,1701990000,AE,아랍에미리트 연합,256,530,0,0,530,korea_customs_service,https://apis.data.go.kr/1220000/nitemtrade/getNitemtradeList,2026-08-10T12:44:35.251581+00:00
2024-06,1701990000,AE,아랍에미리트 연합,160,375,0,0,375,korea_customs_service,https://apis.data.go.kr/1220000/nitemtrade/getNitemtradeList,2026-08-10T12:44:35.251581+00:00
2024-07,1701990000,AE,아랍에미리트 연합,587,1190,1000,533,657,korea_customs_service,https://apis.data.go.kr/1220000/nitemtrade/getNitemtradeList,2026-08-10T12:44:35.251581+00:00
2024-09,1701990000,AE,아랍에미리트 연합,705,1521,0,0,1521,korea_customs_service,https://apis.data.go.kr/1220000/nitemtrade/getNitemtradeList,2026-08-10T12:44:35.251581+00:00
2024-11,1701990000,AE,아랍에미리트 연합,400,919,1000,552,367,korea_customs_service,https://apis.data.go.kr/1220000/nitemtrade/getNitemtradeList,2026-08-10T12:44:35.251581+00:00
2024-12,1701990000,AE,아랍에미리트 연합,160,299,0,0,299,korea_customs_service,https://apis.data.go.kr/1220000/nitemtrade/getNitemtradeList,2026-08-10T12:44:35.251581+00:00
2025-01,1701990000,AE,아랍에미리트 연합,10,55,0,0,55,korea_customs_service,https://apis.data.go.kr/1220000/nitemtrade/getNitemtradeList,2026-08-10T12:44:35.687508+00:00
2025-02,1701990000,AE,아랍에미리트 연합,160,359,0,0,359,korea_customs_service,https://apis.data.go.kr/1220000/nitemtrade/getNitemtradeList,2026-08-10T12:44:35.687508+00:00
2025-06,1701990000,AE,아랍에미리트 연합,80,187,0,0,187,korea_customs_service,https://apis.data.go.kr/1220000/nitemtrade/getNitemtradeList,2026-08-10T12:44:35.687508+00:00
2025-07,1701990000,AE,아랍에미리트 연합,64,160,3,19,141,korea_customs_service,https://apis.data.go.kr/1220000/nitemtrade/getNitemtradeList,2026-08-10T12:44:35.687508+00:00
2025-08,1701990000,AE,아랍에미리트 연합,160,455,0,0,455,korea_customs_service,https://apis.data.go.kr/1220000/nitemtrade/getNitemtradeList,2026-08-10T12:44:35.687508+00:00
2025-09,1701990000,AE,아랍에미리트 연합,1680,2312,0,0,2312,korea_customs_service,https://apis.data.go.kr/1220000/nitemtrade/getNitemtradeList,2026-08-10T12:44:35.687508+00:00
2025-10,1701990000,AE,아랍에미리트 연합,400,809,0,0,809,korea_customs_service,https://apis.data.go.kr/1220000/nitemtrade/getNitemtradeList,2026-08-10T12:44:35.687508+00:00
2025-12,1701990000,AE,아랍에미리트 연합,80,146,0,0,146,korea_customs_service,https://apis.data.go.kr/1220000/nitemtrade/getNitemtradeList,2026-08-10T12:44:35.687508+00:00
2026-02,1701990000,AE,아랍에미리트 연합,400,899,0,0,899,korea_customs_service,https://apis.data.go.kr/1220000/nitemtrade/getNitemtradeList,2026-08-10T12:44:36.011207+00:00
2018-01,1701990000,CN,중국,7576090,3717298,16042,13912,3703386,korea_customs_service,https://apis.data.go.kr/1220000/nitemtrade/getNitemtradeList,2026-08-10T15:32:46.370724+00:00
2018-02,1701990000,CN,중국,4152131,1986703,4610,2811,1983892,korea_customs_service,https://apis.data.go.kr/1220000/nitemtrade/getNitemtradeList,2026-08-10T15:32:46.370724+00:00
2018-03,1701990000,CN,중국,18853881,8867601,6356,7574,8860027,korea_customs_service,https://apis.data.go.kr/1220000/nitemtrade/getNitemtradeList,2026-08-10T15:32:46.370724+00:00
2018-04,1701990000,CN,중국,18669233,9053675,52757,24643,9029032,korea_customs_service,https://apis.data.go.kr/1220000/nitemtrade/getNitemtradeList,2026-08-10T15:32:46.370724+00:00
2018-05,1701990000,CN,중국,13590478,6142707,7352,19219,6123488,korea_customs_service,https://apis.data.go.kr/1220000/nitemtrade/getNitemtradeList,2026-08-10T15:32:46.370724+00:00
2018-06,1701990000,CN,중국,14856933,6633895,3452,3600,6630295,korea_customs_service,https://apis.data.go.kr/1220000/nitemtrade/getNitemtradeList,2026-08-10T15:32:46.370724+00:00
2018-07,1701990000,CN,중국,12601029,5577653,2158,2433,5575220,korea_customs_service,https://apis.data.go.kr/1220000/nitemtrade/getNitemtradeList,2026-08-10T15:32:46.370724+00:00
2018-08,1701990000,CN,중국,16903894,7323960,1,43,7323917,korea_customs_service,https://apis.data.go.kr/1220000/nitemtrade/getNitemtradeList,2026-08-10T15:32:46.370724+00:00
2018-09,1701990000,CN,중국,16282152,6981151,5424,7691,6973460,korea_customs_service,https://apis.data.go.kr/1220000/nitemtrade/getNitemtradeList,2026-08-10T15:32:46.370724+00:00
2018-10,1701990000,CN,중국,20811294,8680849,4784,7985,8672864,korea_customs_service,https://apis.data.go.kr/1220000/nitemtrade/getNitemtradeList,2026-08-10T15:32:46.370724+00:00
2018-11,1701990000,CN,중국,18181159,7599059,48,275,7598784,korea_customs_service,https://apis.data.go.kr/1220000/nitemtrade/getNitemtradeList,2026-08-10T15:32:46.370724+00:00
2018-12,1701990000,CN,중국,19685967,8116154,11162,23288,8092866,korea_customs_service,https://apis.data.go.kr/1220000/nitemtrade/getNitemtradeList,2026-08-10T15:32:46.370724+00:00
2019-01,1701990000,CN,중국,14191690,5928639,6474,8513,5920126,korea_customs_service,https://apis.data.go.kr/1220000/nitemtrade/getNitemtradeList,2026-08-10T15:32:46.742669+00:00
2019-02,1701990000,CN,중국,3752518,1443605,69,528,1443077,korea_customs_service,https://apis.data.go.kr/1220000/nitemtrade/getNitemtradeList,2026-08-10T15:32:46.742669+00:00
2019-03,1701990000,CN,중국,9535890,3690406,22584,27875,3662531,korea_customs_service,https://apis.data.go.kr/1220000/nitemtrade/getNitemtradeList,2026-08-10T15:32:46.742669+00:00
2019-04,1701990000,CN,중국,10311802,3901060,98,1190,3899870,korea_customs_service,https://apis.data.go.kr/1220000/nitemtrade/getNitemtradeList,2026-08-10T15:32:46.742669+00:00
2019-05,1701990000,CN,중국,9974731,3809839,947,3319,3806520,korea_customs_service,https://apis.data.go.kr/1220000/nitemtrade/getNitemtradeList,2026-08-10T15:32:46.742669+00:00
2019-06,1701990000,CN,중국,12003880,4545262,11860,22231,4523031,korea_customs_service,https://apis.data.go.kr/1220000/nitemtrade/getNitemtradeList,2026-08-10T15:32:46.742669+00:00
2019-07,1701990000,CN,중국,13397077,5134050,167,1372,5132678,korea_customs_service,https://apis.data.go.kr/1220000/nitemtrade/getNitemtradeList,2026-08-10T15:32:46.742669+00:00
2019-08,1701990000,CN,중국,17678256,6749927,8503,20302,6729625,korea_customs_service,https://apis.data.go.kr/1220000/nitemtrade/getNitemtradeList,2026-08-10T15:32:46.742669+00:00
2019-09,1701990000,CN,중국,21807756,8520666,7793,14527,8506139,korea_customs_service,https://apis.data.go.kr/1220000/nitemtrade/getNitemtradeList,2026-08-10T15:32:46.742669+00:00
2019-10,1701990000,CN,중국,17964061,6912028,14627,21687,6890341,korea_customs_service,https://apis.data.go.kr/1220000/nitemtrade/getNitemtradeList,2026-08-10T15:32:46.742669+00:00
2019-11,1701990000,CN,중국,27827519,10756253,3452,11584,10744669,korea_customs_service,https://apis.data.go.kr/1220000/nitemtrade/getNitemtradeList,2026-08-10T15:32:46.742669+00:00
2019-12,1701990000,CN,중국,21097240,8306121,20552,33088,8273033,korea_customs_service,https://apis.data.go.kr/1220000/nitemtrade/getNitemtradeList,2026-08-10T15:32:46.742669+00:00
2020-01,1701990000,CN,중국,13948006,5462948,3573,9766,5453182,korea_customs_service,https://apis.data.go.kr/1220000/nitemtrade/getNitemtradeList,2026-08-10T15:32:47.109971+00:00
2020-02,1701990000,CN,중국,7278625,2945550,82,850,2944700,korea_customs_service,https://apis.data.go.kr/1220000/nitemtrade/getNitemtradeList,2026-08-10T15:32:47.109971+00:00
2020-03,1701990000,CN,중국,7729603,3233574,53228,67887,3165687,korea_customs_service,https://apis.data.go.kr/1220000/nitemtrade/getNitemtradeList,2026-08-10T15:32:47.109971+00:00
2020-04,1701990000,CN,중국,8521842,3576021,17281,29702,3546319,korea_customs_service,https://apis.data.go.kr/1220000/nitemtrade/getNitemtradeList,2026-08-10T15:32:47.109971+00:00
2020-05,1701990000,CN,중국,12095990,5046672,15561,34308,5012364,korea_customs_service,https://apis.data.go.kr/1220000/nitemtrade/getNitemtradeList,2026-08-10T15:32:47.109971+00:00
2020-06,1701990000,CN,중국,19392769,8022329,8741,22727,7999602,korea_customs_service,https://apis.data.go.kr/1220000/nitemtrade/getNitemtradeList,2026-08-10T15:32:47.109971+00:00
2020-07,1701990000,CN,중국,14748720,6126101,5148,15892,6110209,korea_customs_service,https://apis.data.go.kr/1220000/nitemtrade/getNitemtradeList,2026-08-10T15:32:47.109971+00:00
2020-08,1701990000,CN,중국,22213373,9314581,13235,23541,9291040,korea_customs_service,https://apis.data.go.kr/1220000/nitemtrade/getNitemtradeList,2026-08-10T15:32:47.109971+00:00
2020-09,1701990000,CN,중국,21373639,9038605,12365,27514,9011091,korea_customs_service,https://apis.data.go.kr/1220000/nitemtrade/getNitemtradeList,2026-08-10T15:32:47.109971+00:00
2020-10,1701990000,CN,중국,21501415,9094521,5174,12013,9082508,korea_customs_service,https://apis.data.go.kr/1220000/nitemtrade/getNitemtradeList,2026-08-10T15:32:47.109971+00:00
2020-11,1701990000,CN,중국,24110796,10361850,19683,41048,10320802,korea_customs_service,https://apis.data.go.kr/1220000/nitemtrade/getNitemtradeList,2026-08-10T15:32:47.109971+00:00
2020-12,1701990000,CN,중국,22489640,9653040,7676,26978,9626062,korea_customs_service,https://apis.data.go.kr/1220000/nitemtrade/getNitemtradeList,2026-08-10T15:32:47.109971+00:00
2021-01,1701990000,CN,중국,11554461,5325500,7740,24521,5300979,korea_customs_service,https://apis.data.go.kr/1220000/nitemtrade/getNitemtradeList,2026-08-10T15:32:47.492270+00:00
2021-02,1701990000,CN,중국,4904697,2350759,934,7212,2343547,korea_customs_service,https://apis.data.go.kr/1220000/nitemtrade/getNitemtradeList,2026-08-10T15:32:47.492270+00:00
2021-03,1701990000,CN,중국,3646963,1926632,25517,49536,1877096,korea_customs_service,https://apis.data.go.kr/1220000/nitemtrade/getNitemtradeList,2026-08-10T15:32:47.492270+00:00
2021-04,1701990000,CN,중국,7769699,4043983,2472,11630,4032353,korea_customs_service,https://apis.data.go.kr/1220000/nitemtrade/getNitemtradeList,2026-08-10T15:32:47.492270+00:00
2021-05,1701990000,CN,중국,14403952,7778746,1972,9153,7769593,korea_customs_service,https://apis.data.go.kr/1220000/nitemtrade/getNitemtradeList,2026-08-10T15:32:47.492270+00:00
2021-06,1701990000,CN,중국,13934595,7427788,7248,23998,7403790,korea_customs_service,https://apis.data.go.kr/1220000/nitemtrade/getNitemtradeList,2026-08-10T15:32:47.492270+00:00
2021-07,1701990000,CN,중국,16280782,8885003,1462,11636,8873367,korea_customs_service,https://apis.data.go.kr/1220000/nitemtrade/getNitemtradeList,2026-08-10T15:32:47.492270+00:00
2021-08,1701990000,CN,중국,16470270,9173647,12448,36239,9137408,korea_customs_service,https://apis.data.go.kr/1220000/nitemtrade/getNitemtradeList,2026-08-10T15:32:47.492270+00:00
2021-09,1701990000,CN,중국,14756203,8110121,17131,47457,8062664,korea_customs_service,https://apis.data.go.kr/1220000/nitemtrade/getNitemtradeList,2026-08-10T15:32:47.492270+00:00
2021-10,1701990000,CN,중국,14530642,8064772,20356,56901,8007871,korea_customs_service,https://apis.data.go.kr/1220000/nitemtrade/getNitemtradeList,2026-08-10T15:32:47.492270+00:00
2021-11,1701990000,CN,중국,17861527,10506736,31969,82021,10424715,korea_customs_service,https://apis.data.go.kr/1220000/nitemtrade/getNitemtradeList,2026-08-10T15:32:47.492270+00:00
2021-12,1701990000,CN,중국,19353484,11492788,10901,54683,11438105,korea_customs_service,https://apis.data.go.kr/1220000/nitemtrade/getNitemtradeList,2026-08-10T15:32:47.492270+00:00
2022-01,1701990000,CN,중국,17016148,10408681,14488,69392,10339289,korea_customs_service,https://apis.data.go.kr/1220000/nitemtrade/getNitemtradeList,2026-08-10T15:32:47.856217+00:00
2022-02,1701990000,CN,중국,4530854,2736770,6997,25830,2710940,korea_customs_service,https://apis.data.go.kr/1220000/nitemtrade/getNitemtradeList,2026-08-10T15:32:47.856217+00:00
2022-03,1701990000,CN,중국,2339160,1412178,10575,35423,1376755,korea_customs_service,https://apis.data.go.kr/1220000/nitemtrade/getNitemtradeList,2026-08-10T15:32:47.856217+00:00
2022-04,1701990000,CN,중국,4465522,2704984,14364,48264,2656720,korea_customs_service,https://apis.data.go.kr/1220000/nitemtrade/getNitemtradeList,2026-08-10T15:32:47.856217+00:00
2022-05,1701990000,CN,중국,7028449,4311390,28091,81884,4229506,korea_customs_service,https://apis.data.go.kr/1220000/nitemtrade/getNitemtradeList,2026-08-10T15:32:47.856217+00:00
2022-06,1701990000,CN,중국,10522010,6504835,13761,31600,6473235,korea_customs_service,https://apis.data.go.kr/1220000/nitemtrade/getNitemtradeList,2026-08-10T15:32:47.856217+00:00
2022-07,1701990000,CN,중국,12287430,7653383,5355,21876,7631507,korea_customs_service,https://apis.data.go.kr/1220000/nitemtrade/getNitemtradeList,2026-08-10T15:32:47.856217+00:00
2022-08,1701990000,CN,중국,19277550,11916724,12366,39216,11877508,korea_customs_service,https://apis.data.go.kr/1220000/nitemtrade/getNitemtradeList,2026-08-10T15:32:47.856217+00:00
2022-09,1701990000,CN,중국,18162530,11247891,7841,32899,11214992,korea_customs_service,https://apis.data.go.kr/1220000/nitemtrade/getNitemtradeList,2026-08-10T15:32:47.856217+00:00
2022-10,1701990000,CN,중국,14106432,8598291,9563,39857,8558434,korea_customs_service,https://apis.data.go.kr/1220000/nitemtrade/getNitemtradeList,2026-08-10T15:32:47.856217+00:00
2022-11,1701990000,CN,중국,20644570,12512732,18561,61215,12451517,korea_customs_service,https://apis.data.go.kr/1220000/nitemtrade/getNitemtradeList,2026-08-10T15:32:47.856217+00:00
2022-12,1701990000,CN,중국,26258590,16122189,22955,64194,16057995,korea_customs_service,https://apis.data.go.kr/1220000/nitemtrade/getNitemtradeList,2026-08-10T15:32:47.856217+00:00
2023-01,1701990000,CN,중국,21741307,13535798,11556,54269,13481529,korea_customs_service,https://apis.data.go.kr/1220000/nitemtrade/getNitemtradeList,2026-08-10T15:32:48.228354+00:00
2023-02,1701990000,CN,중국,2132668,1324397,22699,66599,1257798,korea_customs_service,https://apis.data.go.kr/1220000/nitemtrade/getNitemtradeList,2026-08-10T15:32:48.228354+00:00
2023-03,1701990000,CN,중국,3772263,2428676,12651,61351,2367325,korea_customs_service,https://apis.data.go.kr/1220000/nitemtrade/getNitemtradeList,2026-08-10T15:32:48.228354+00:00
2023-04,1701990000,CN,중국,2885660,1901266,6939,45844,1855422,korea_customs_service,https://apis.data.go.kr/1220000/nitemtrade/getNitemtradeList,2026-08-10T15:32:48.228354+00:00
2023-05,1701990000,CN,중국,8003494,5766085,26895,67301,5698784,korea_customs_service,https://apis.data.go.kr/1220000/nitemtrade/getNitemtradeList,2026-08-10T15:32:48.228354+00:00
2023-06,1701990000,CN,중국,13600950,10028590,21039,58991,9969599,korea_customs_service,https://apis.data.go.kr/1220000/nitemtrade/getNitemtradeList,2026-08-10T15:32:48.228354+00:00
2023-07,1701990000,CN,중국,10503680,8001845,11973,36092,7965753,korea_customs_service,https://apis.data.go.kr/1220000/nitemtrade/getNitemtradeList,2026-08-10T15:32:48.228354+00:00
2023-08,1701990000,CN,중국,12770890,9687121,100541,100393,9586728,korea_customs_service,https://apis.data.go.kr/1220000/nitemtrade/getNitemtradeList,2026-08-10T15:32:48.228354+00:00
2023-09,1701990000,CN,중국,16092296,12050009,236138,213954,11836055,korea_customs_service,https://apis.data.go.kr/1220000/nitemtrade/getNitemtradeList,2026-08-10T15:32:48.228354+00:00
2023-10,1701990000,CN,중국,17885730,13373849,20466,60636,13313213,korea_customs_service,https://apis.data.go.kr/1220000/nitemtrade/getNitemtradeList,2026-08-10T15:32:48.228354+00:00
2023-11,1701990000,CN,중국,18195540,13561268,46128,93141,13468127,korea_customs_service,https://apis.data.go.kr/1220000/nitemtrade/getNitemtradeList,2026-08-10T15:32:48.228354+00:00
2023-12,1701990000,CN,중국,20864650,15813699,25278,67024,15746675,korea_customs_service,https://apis.data.go.kr/1220000/nitemtrade/getNitemtradeList,2026-08-10T15:32:48.228354+00:00
2024-01,1701990000,CN,중국,14158430,11253657,21866,67516,11186141,korea_customs_service,https://apis.data.go.kr/1220000/nitemtrade/getNitemtradeList,2026-08-10T15:32:48.602123+00:00
2024-02,1701990000,CN,중국,13732398,10280578,25552,55765,10224813,korea_customs_service,https://apis.data.go.kr/1220000/nitemtrade/getNitemtradeList,2026-08-10T15:32:48.602123+00:00
2024-03,1701990000,CN,중국,2903680,2079996,10794,28334,2051662,korea_customs_service,https://apis.data.go.kr/1220000/nitemtrade/getNitemtradeList,2026-08-10T15:32:48.602123+00:00
2024-04,1701990000,CN,중국,5870088,4024075,3674,20769,4003306,korea_customs_service,https://apis.data.go.kr/1220000/nitemtrade/getNitemtradeList,2026-08-10T15:32:48.602123+00:00
2024-05,1701990000,CN,중국,8015159,5286761,6275,22317,5264444,korea_customs_service,https://apis.data.go.kr/1220000/nitemtrade/getNitemtradeList,2026-08-10T15:32:48.602123+00:00
2024-06,1701990000,CN,중국,10961534,6968376,10114,23325,6945051,korea_customs_service,https://apis.data.go.kr/1220000/nitemtrade/getNitemtradeList,2026-08-10T15:32:48.602123+00:00
2024-07,1701990000,CN,중국,16301434,10341963,989,6630,10335333,korea_customs_service,https://apis.data.go.kr/1220000/nitemtrade/getNitemtradeList,2026-08-10T15:32:48.602123+00:00
2024-08,1701990000,CN,중국,16798828,10477849,24187,49571,10428278,korea_customs_service,https://apis.data.go.kr/1220000/nitemtrade/getNitemtradeList,2026-08-10T15:32:48.602123+00:00
2024-09,1701990000,CN,중국,21154042,13353541,5235,12999,13340542,korea_customs_service,https://apis.data.go.kr/1220000/nitemtrade/getNitemtradeList,2026-08-10T15:32:48.602123+00:00
2024-10,1701990000,CN,중국,23307976,14734762,5854,18029,14716733,korea_customs_service,https://apis.data.go.kr/1220000/nitemtrade/getNitemtradeList,2026-08-10T15:32:48.602123+00:00
2024-11,1701990000,CN,중국,23391780,14813700,21281,36205,14777495,korea_customs_service,https://apis.data.go.kr/1220000/nitemtrade/getNitemtradeList,2026-08-10T15:32:48.602123+00:00
2024-12,1701990000,CN,중국,16946117,10989958,7364,16730,10973228,korea_customs_service,https://apis.data.go.kr/1220000/nitemtrade/getNitemtradeList,2026-08-10T15:32:48.602123+00:00
2025-01,1701990000,CN,중국,1100480,695651,21920,45790,649861,korea_customs_service,https://apis.data.go.kr/1220000/nitemtrade/getNitemtradeList,2026-08-10T15:32:48.988798+00:00
2025-02,1701990000,CN,중국,3954443,2509173,2918,6118,2503055,korea_customs_service,https://apis.data.go.kr/1220000/nitemtrade/getNitemtradeList,2026-08-10T15:32:48.988798+00:00
2025-03,1701990000,CN,중국,3955534,2444414,1247,9291,2435123,korea_customs_service,https://apis.data.go.kr/1220000/nitemtrade/getNitemtradeList,2026-08-10T15:32:48.988798+00:00
2025-04,1701990000,CN,중국,4316942,2565405,1977,8328,2557077,korea_customs_service,https://apis.data.go.kr/1220000/nitemtrade/getNitemtradeList,2026-08-10T15:32:48.988798+00:00
2025-05,1701990000,CN,중국,5349934,3246058,7663,14706,3231352,korea_customs_service,https://apis.data.go.kr/1220000/nitemtrade/getNitemtradeList,2026-08-10T15:32:48.988798+00:00
2025-06,1701990000,CN,중국,14811297,8236925,10881,28860,8208065,korea_customs_service,https://apis.data.go.kr/1220000/nitemtrade/getNitemtradeList,2026-08-10T15:32:48.988798+00:00
2025-07,1701990000,CN,중국,15083259,8263579,45852,76820,8186759,korea_customs_service,https://apis.data.go.kr/1220000/nitemtrade/getNitemtradeList,2026-08-10T15:32:48.988798+00:00
2025-08,1701990000,CN,중국,10503854,5674915,4906,10341,5664574,korea_customs_service,https://apis.data.go.kr/1220000/nitemtrade/getNitemtradeList,2026-08-10T15:32:48.988798+00:00
2025-09,1701990000,CN,중국,12826040,6818801,2096,8449,6810352,korea_customs_service,https://apis.data.go.kr/1220000/nitemtrade/getNitemtradeList,2026-08-10T15:32:48.988798+00:00
2025-10,1701990000,CN,중국,16690733,8949034,19552,30437,8918597,korea_customs_service,https://apis.data.go.kr/1220000/nitemtrade/getNitemtradeList,2026-08-10T15:32:48.988798+00:00
2025-11,1701990000,CN,중국,19033340,10168908,25675,53792,10115116,korea_customs_service,https://apis.data.go.kr/1220000/nitemtrade/getNitemtradeList,2026-08-10T15:32:48.988798+00:00
2025-12,1701990000,CN,중국,9166990,4833455,11963,29726,4803729,korea_customs_service,https://apis.data.go.kr/1220000/nitemtrade/getNitemtradeList,2026-08-10T15:32:48.988798+00:00
2026-01,1701990000,CN,중국,3641645,1750425,8075,24022,1726403,korea_customs_service,https://apis.data.go.kr/1220000/nitemtrade/getNitemtradeList,2026-08-10T15:32:49.308874+00:00
2026-02,1701990000,CN,중국,4143870,1966395,2895,12914,1953481,korea_customs_service,https://apis.data.go.kr/1220000/nitemtrade/getNitemtradeList,2026-08-10T15:32:49.308874+00:00
2026-03,1701990000,CN,중국,8703860,4066880,10387,33840,4033040,korea_customs_service,https://apis.data.go.kr/1220000/nitemtrade/getNitemtradeList,2026-08-10T15:32:49.308874+00:00
2026-04,1701990000,CN,중국,8292475,3795094,6862,35666,3759428,korea_customs_service,https://apis.data.go.kr/1220000/nitemtrade/getNitemtradeList,2026-08-10T15:32:49.308874+00:00
2026-05,1701990000,CN,중국,8871660,4012957,4522,42595,3970362,korea_customs_service,https://apis.data.go.kr/1220000/nitemtrade/getNitemtradeList,2026-08-10T15:32:49.308874+00:00
2026-06,1701990000,CN,중국,8498800,3842856,19875,58510,3784346,korea_customs_service,https://apis.data.go.kr/1220000/nitemtrade/getNitemtradeList,2026-08-10T15:32:49.308874+00:00
2023-01,1701990000,KW,쿠웨이트,3184,4797,0,0,4797,korea_customs_service,https://apis.data.go.kr/1220000/nitemtrade/getNitemtradeList,2026-08-10T12:45:58.731912+00:00
2023-03,1701990000,KW,쿠웨이트,7328,11654,0,0,11654,korea_customs_service,https://apis.data.go.kr/1220000/nitemtrade/getNitemtradeList,2026-08-10T12:45:58.731912+00:00
2023-04,1701990000,KW,쿠웨이트,4160,6257,0,0,6257,korea_customs_service,https://apis.data.go.kr/1220000/nitemtrade/getNitemtradeList,2026-08-10T12:45:58.731912+00:00
2023-05,1701990000,KW,쿠웨이트,1904,4121,0,0,4121,korea_customs_service,https://apis.data.go.kr/1220000/nitemtrade/getNitemtradeList,2026-08-10T12:45:58.731912+00:00
2023-06,1701990000,KW,쿠웨이트,5584,8978,0,0,8978,korea_customs_service,https://apis.data.go.kr/1220000/nitemtrade/getNitemtradeList,2026-08-10T12:45:58.731912+00:00
2023-07,1701990000,KW,쿠웨이트,910,1148,0,0,1148,korea_customs_service,https://apis.data.go.kr/1220000/nitemtrade/getNitemtradeList,2026-08-10T12:45:58.731912+00:00
2023-09,1701990000,KW,쿠웨이트,385,436,0,0,436,korea_customs_service,https://apis.data.go.kr/1220000/nitemtrade/getNitemtradeList,2026-08-10T12:45:58.731912+00:00
2023-10,1701990000,KW,쿠웨이트,4320,5491,0,0,5491,korea_customs_service,https://apis.data.go.kr/1220000/nitemtrade/getNitemtradeList,2026-08-10T12:45:58.731912+00:00
2023-11,1701990000,KW,쿠웨이트,150,140,0,0,140,korea_customs_service,https://apis.data.go.kr/1220000/nitemtrade/getNitemtradeList,2026-08-10T12:45:58.731912+00:00
2023-12,1701990000,KW,쿠웨이트,100,76,0,0,76,korea_customs_service,https://apis.data.go.kr/1220000/nitemtrade/getNitemtradeList,2026-08-10T12:45:58.731912+00:00
2024-01,1701990000,KW,쿠웨이트,6710,8609,0,0,8609,korea_customs_service,https://apis.data.go.kr/1220000/nitemtrade/getNitemtradeList,2026-08-10T12:45:59.135009+00:00
2024-03,1701990000,KW,쿠웨이트,2544,3849,0,0,3849,korea_customs_service,https://apis.data.go.kr/1220000/nitemtrade/getNitemtradeList,2026-08-10T12:45:59.135009+00:00
2024-04,1701990000,KW,쿠웨이트,800,1565,0,0,1565,korea_customs_service,https://apis.data.go.kr/1220000/nitemtrade/getNitemtradeList,2026-08-10T12:45:59.135009+00:00
2024-07,1701990000,KW,쿠웨이트,800,1481,0,0,1481,korea_customs_service,https://apis.data.go.kr/1220000/nitemtrade/getNitemtradeList,2026-08-10T12:45:59.135009+00:00
2024-08,1701990000,KW,쿠웨이트,480,702,0,0,702,korea_customs_service,https://apis.data.go.kr/1220000/nitemtrade/getNitemtradeList,2026-08-10T12:45:59.135009+00:00
2024-10,1701990000,KW,쿠웨이트,140,261,0,0,261,korea_customs_service,https://apis.data.go.kr/1220000/nitemtrade/getNitemtradeList,2026-08-10T12:45:59.135009+00:00
2024-11,1701990000,KW,쿠웨이트,4000,7904,0,0,7904,korea_customs_service,https://apis.data.go.kr/1220000/nitemtrade/getNitemtradeList,2026-08-10T12:45:59.135009+00:00
2024-12,1701990000,KW,쿠웨이트,160,198,0,0,198,korea_customs_service,https://apis.data.go.kr/1220000/nitemtrade/getNitemtradeList,2026-08-10T12:45:59.135009+00:00
2025-05,1701990000,KW,쿠웨이트,3200,5922,0,0,5922,korea_customs_service,https://apis.data.go.kr/1220000/nitemtrade/getNitemtradeList,2026-08-10T12:45:59.539161+00:00
2025-06,1701990000,KW,쿠웨이트,160,257,0,0,257,korea_customs_service,https://apis.data.go.kr/1220000/nitemtrade/getNitemtradeList,2026-08-10T12:45:59.539161+00:00
2025-07,1701990000,KW,쿠웨이트,3200,6671,0,0,6671,korea_customs_service,https://apis.data.go.kr/1220000/nitemtrade/getNitemtradeList,2026-08-10T12:45:59.539161+00:00
2025-08,1701990000,KW,쿠웨이트,3874,6842,0,0,6842,korea_customs_service,https://apis.data.go.kr/1220000/nitemtrade/getNitemtradeList,2026-08-10T12:45:59.539161+00:00
2025-09,1701990000,KW,쿠웨이트,4800,9576,0,0,9576,korea_customs_service,https://apis.data.go.kr/1220000/nitemtrade/getNitemtradeList,2026-08-10T12:45:59.539161+00:00
2025-11,1701990000,KW,쿠웨이트,1330,1323,0,0,1323,korea_customs_service,https://apis.data.go.kr/1220000/nitemtrade/getNitemtradeList,2026-08-10T12:45:59.539161+00:00
2026-01,1701990000,KW,쿠웨이트,10210,20531,0,0,20531,korea_customs_service,https://apis.data.go.kr/1220000/nitemtrade/getNitemtradeList,2026-08-10T12:45:59.878629+00:00
2026-06,1701990000,KW,쿠웨이트,6570,8303,0,0,8303,korea_customs_service,https://apis.data.go.kr/1220000/nitemtrade/getNitemtradeList,2026-08-10T12:45:59.878629+00:00
2023-10,1701990000,QA,카타르,27,73,0,0,73,korea_customs_service,https://apis.data.go.kr/1220000/nitemtrade/getNitemtradeList,2026-08-10T12:47:25.134435+00:00
2024-11,1701990000,QA,카타르,44,343,0,0,343,korea_customs_service,https://apis.data.go.kr/1220000/nitemtrade/getNitemtradeList,2026-08-10T12:47:25.496976+00:00
2025-02,1701990000,QA,카타르,22,172,0,0,172,korea_customs_service,https://apis.data.go.kr/1220000/nitemtrade/getNitemtradeList,2026-08-10T12:47:25.895672+00:00
2025-07,1701990000,QA,카타르,784,884,0,0,884,korea_customs_service,https://apis.data.go.kr/1220000/nitemtrade/getNitemtradeList,2026-08-10T12:47:25.895672+00:00
2023-06,1702301000,AE,아랍에미리트 연합,28,36,0,0,36,korea_customs_service,https://apis.data.go.kr/1220000/nitemtrade/getNitemtradeList,2026-08-10T12:44:36.232686+00:00
2024-02,1702301000,AE,아랍에미리트 연합,1000,935,0,0,935,korea_customs_service,https://apis.data.go.kr/1220000/nitemtrade/getNitemtradeList,2026-08-10T12:44:36.629609+00:00
2024-06,1702301000,AE,아랍에미리트 연합,2500,2157,0,0,2157,korea_customs_service,https://apis.data.go.kr/1220000/nitemtrade/getNitemtradeList,2026-08-10T12:44:36.629609+00:00
2025-01,1702301000,AE,아랍에미리트 연합,10,54,0,0,54,korea_customs_service,https://apis.data.go.kr/1220000/nitemtrade/getNitemtradeList,2026-08-10T12:44:37.042269+00:00
2025-02,1702301000,AE,아랍에미리트 연합,2000,1923,0,0,1923,korea_customs_service,https://apis.data.go.kr/1220000/nitemtrade/getNitemtradeList,2026-08-10T12:44:37.042269+00:00
2025-06,1702301000,AE,아랍에미리트 연합,20000,25800,0,0,25800,korea_customs_service,https://apis.data.go.kr/1220000/nitemtrade/getNitemtradeList,2026-08-10T12:44:37.042269+00:00
2026-02,1702301000,AE,아랍에미리트 연합,50,267,0,0,267,korea_customs_service,https://apis.data.go.kr/1220000/nitemtrade/getNitemtradeList,2026-08-10T12:44:37.382550+00:00
2018-01,1702301000,CN,중국,18000,10880,2457625,1399439,-1388559,korea_customs_service,https://apis.data.go.kr/1220000/nitemtrade/getNitemtradeList,2026-08-10T15:32:49.503189+00:00
2018-02,1702301000,CN,중국,18000,10880,1870931,1066510,-1055630,korea_customs_service,https://apis.data.go.kr/1220000/nitemtrade/getNitemtradeList,2026-08-10T15:32:49.503189+00:00
2018-03,1702301000,CN,중국,0,0,2262404,1341389,-1341389,korea_customs_service,https://apis.data.go.kr/1220000/nitemtrade/getNitemtradeList,2026-08-10T15:32:49.503189+00:00
2018-04,1702301000,CN,중국,0,0,3195381,1721584,-1721584,korea_customs_service,https://apis.data.go.kr/1220000/nitemtrade/getNitemtradeList,2026-08-10T15:32:49.503189+00:00
2018-05,1702301000,CN,중국,18000,10610,3488401,1897524,-1886914,korea_customs_service,https://apis.data.go.kr/1220000/nitemtrade/getNitemtradeList,2026-08-10T15:32:49.503189+00:00
2018-06,1702301000,CN,중국,0,0,2466300,1390392,-1390392,korea_customs_service,https://apis.data.go.kr/1220000/nitemtrade/getNitemtradeList,2026-08-10T15:32:49.503189+00:00
2018-07,1702301000,CN,중국,0,0,2427501,1331338,-1331338,korea_customs_service,https://apis.data.go.kr/1220000/nitemtrade/getNitemtradeList,2026-08-10T15:32:49.503189+00:00
2018-08,1702301000,CN,중국,0,0,3735656,1866941,-1866941,korea_customs_service,https://apis.data.go.kr/1220000/nitemtrade/getNitemtradeList,2026-08-10T15:32:49.503189+00:00
2018-09,1702301000,CN,중국,30000,33787,3712170,1832179,-1798392,korea_customs_service,https://apis.data.go.kr/1220000/nitemtrade/getNitemtradeList,2026-08-10T15:32:49.503189+00:00
2018-10,1702301000,CN,중국,0,0,5250801,2546793,-2546793,korea_customs_service,https://apis.data.go.kr/1220000/nitemtrade/getNitemtradeList,2026-08-10T15:32:49.503189+00:00
2018-11,1702301000,CN,중국,0,0,2386004,1258008,-1258008,korea_customs_service,https://apis.data.go.kr/1220000/nitemtrade/getNitemtradeList,2026-08-10T15:32:49.503189+00:00
2018-12,1702301000,CN,중국,0,0,2733701,1572557,-1572557,korea_customs_service,https://apis.data.go.kr/1220000/nitemtrade/getNitemtradeList,2026-08-10T15:32:49.503189+00:00
2019-01,1702301000,CN,중국,0,0,4724506,2336387,-2336387,korea_customs_service,https://apis.data.go.kr/1220000/nitemtrade/getNitemtradeList,2026-08-10T15:32:49.860900+00:00
2019-02,1702301000,CN,중국,39,77,1735005,970506,-970429,korea_customs_service,https://apis.data.go.kr/1220000/nitemtrade/getNitemtradeList,2026-08-10T15:32:49.860900+00:00
2019-03,1702301000,CN,중국,1,1,5143601,2442166,-2442165,korea_customs_service,https://apis.data.go.kr/1220000/nitemtrade/getNitemtradeList,2026-08-10T15:32:49.860900+00:00
2019-04,1702301000,CN,중국,1,1,2741003,1384756,-1384755,korea_customs_service,https://apis.data.go.kr/1220000/nitemtrade/getNitemtradeList,2026-08-10T15:32:49.860900+00:00
2019-05,1702301000,CN,중국,3,87,2418502,1252137,-1252050,korea_customs_service,https://apis.data.go.kr/1220000/nitemtrade/getNitemtradeList,2026-08-10T15:32:49.860900+00:00
2019-06,1702301000,CN,중국,0,0,4882003,2041634,-2041634,korea_customs_service,https://apis.data.go.kr/1220000/nitemtrade/getNitemtradeList,2026-08-10T15:32:49.860900+00:00
2019-07,1702301000,CN,중국,0,0,5036124,2256408,-2256408,korea_customs_service,https://apis.data.go.kr/1220000/nitemtrade/getNitemtradeList,2026-08-10T15:32:49.860900+00:00
2019-08,1702301000,CN,중국,2,13,2300002,1177701,-1177688,korea_customs_service,https://apis.data.go.kr/1220000/nitemtrade/getNitemtradeList,2026-08-10T15:32:49.860900+00:00
2019-09,1702301000,CN,중국,1,6,4601050,2077020,-2077014,korea_customs_service,https://apis.data.go.kr/1220000/nitemtrade/getNitemtradeList,2026-08-10T15:32:49.860900+00:00
2019-10,1702301000,CN,중국,2,13,3375501,1683091,-1683078,korea_customs_service,https://apis.data.go.kr/1220000/nitemtrade/getNitemtradeList,2026-08-10T15:32:49.860900+00:00
2019-11,1702301000,CN,중국,0,0,4560752,1995283,-1995283,korea_customs_service,https://apis.data.go.kr/1220000/nitemtrade/getNitemtradeList,2026-08-10T15:32:49.860900+00:00
2019-12,1702301000,CN,중국,0,0,2300530,1111429,-1111429,korea_customs_service,https://apis.data.go.kr/1220000/nitemtrade/getNitemtradeList,2026-08-10T15:32:49.860900+00:00
2020-01,1702301000,CN,중국,0,0,5150005,2288262,-2288262,korea_customs_service,https://apis.data.go.kr/1220000/nitemtrade/getNitemtradeList,2026-08-10T15:32:50.229237+00:00
2020-02,1702301000,CN,중국,0,0,2388000,1205578,-1205578,korea_customs_service,https://apis.data.go.kr/1220000/nitemtrade/getNitemtradeList,2026-08-10T15:32:50.229237+00:00
2020-03,1702301000,CN,중국,0,0,2870002,1451174,-1451174,korea_customs_service,https://apis.data.go.kr/1220000/nitemtrade/getNitemtradeList,2026-08-10T15:32:50.229237+00:00
2020-04,1702301000,CN,중국,0,0,6198405,2738418,-2738418,korea_customs_service,https://apis.data.go.kr/1220000/nitemtrade/getNitemtradeList,2026-08-10T15:32:50.229237+00:00
2020-05,1702301000,CN,중국,6,38,3135048,1555691,-1555653,korea_customs_service,https://apis.data.go.kr/1220000/nitemtrade/getNitemtradeList,2026-08-10T15:32:50.229237+00:00
2020-06,1702301000,CN,중국,3,19,5364456,2303596,-2303577,korea_customs_service,https://apis.data.go.kr/1220000/nitemtrade/getNitemtradeList,2026-08-10T15:32:50.229237+00:00
2020-07,1702301000,CN,중국,15,95,3168627,1639559,-1639464,korea_customs_service,https://apis.data.go.kr/1220000/nitemtrade/getNitemtradeList,2026-08-10T15:32:50.229237+00:00
2020-08,1702301000,CN,중국,0,0,5198140,2283459,-2283459,korea_customs_service,https://apis.data.go.kr/1220000/nitemtrade/getNitemtradeList,2026-08-10T15:32:50.229237+00:00
2020-09,1702301000,CN,중국,0,0,2608129,1270551,-1270551,korea_customs_service,https://apis.data.go.kr/1220000/nitemtrade/getNitemtradeList,2026-08-10T15:32:50.229237+00:00
2020-10,1702301000,CN,중국,10,67,5637591,2494593,-2494526,korea_customs_service,https://apis.data.go.kr/1220000/nitemtrade/getNitemtradeList,2026-08-10T15:32:50.229237+00:00
2020-11,1702301000,CN,중국,0,0,2949504,1504205,-1504205,korea_customs_service,https://apis.data.go.kr/1220000/nitemtrade/getNitemtradeList,2026-08-10T15:32:50.229237+00:00
2020-12,1702301000,CN,중국,0,0,2951029,1542175,-1542175,korea_customs_service,https://apis.data.go.kr/1220000/nitemtrade/getNitemtradeList,2026-08-10T15:32:50.229237+00:00
2021-01,1702301000,CN,중국,261,399,2691033,1494658,-1494259,korea_customs_service,https://apis.data.go.kr/1220000/nitemtrade/getNitemtradeList,2026-08-10T15:32:50.604444+00:00
2021-02,1702301000,CN,중국,0,0,2590459,1628223,-1628223,korea_customs_service,https://apis.data.go.kr/1220000/nitemtrade/getNitemtradeList,2026-08-10T15:32:50.604444+00:00
2021-03,1702301000,CN,중국,0,0,5307592,3104752,-3104752,korea_customs_service,https://apis.data.go.kr/1220000/nitemtrade/getNitemtradeList,2026-08-10T15:32:50.604444+00:00
2021-04,1702301000,CN,중국,2,14,6464524,4268190,-4268176,korea_customs_service,https://apis.data.go.kr/1220000/nitemtrade/getNitemtradeList,2026-08-10T15:32:50.604444+00:00
2021-05,1702301000,CN,중국,0,0,3309403,2348336,-2348336,korea_customs_service,https://apis.data.go.kr/1220000/nitemtrade/getNitemtradeList,2026-08-10T15:32:50.604444+00:00
2021-06,1702301000,CN,중국,0,0,5851502,3661708,-3661708,korea_customs_service,https://apis.data.go.kr/1220000/nitemtrade/getNitemtradeList,2026-08-10T15:32:50.604444+00:00
2021-07,1702301000,CN,중국,0,0,3068505,2219185,-2219185,korea_customs_service,https://apis.data.go.kr/1220000/nitemtrade/getNitemtradeList,2026-08-10T15:32:50.604444+00:00
2021-08,1702301000,CN,중국,0,0,2858502,2103606,-2103606,korea_customs_service,https://apis.data.go.kr/1220000/nitemtrade/getNitemtradeList,2026-08-10T15:32:50.604444+00:00
2021-09,1702301000,CN,중국,2,13,5773501,3623804,-3623791,korea_customs_service,https://apis.data.go.kr/1220000/nitemtrade/getNitemtradeList,2026-08-10T15:32:50.604444+00:00
2021-10,1702301000,CN,중국,3,19,6055037,3867068,-3867049,korea_customs_service,https://apis.data.go.kr/1220000/nitemtrade/getNitemtradeList,2026-08-10T15:32:50.604444+00:00
2021-11,1702301000,CN,중국,0,0,2759535,1919992,-1919992,korea_customs_service,https://apis.data.go.kr/1220000/nitemtrade/getNitemtradeList,2026-08-10T15:32:50.604444+00:00
2021-12,1702301000,CN,중국,25,162,2384001,1649366,-1649204,korea_customs_service,https://apis.data.go.kr/1220000/nitemtrade/getNitemtradeList,2026-08-10T15:32:50.604444+00:00
2022-01,1702301000,CN,중국,0,0,9629954,6265673,-6265673,korea_customs_service,https://apis.data.go.kr/1220000/nitemtrade/getNitemtradeList,2026-08-10T15:32:51.004638+00:00
2022-02,1702301000,CN,중국,0,0,5425615,3744888,-3744888,korea_customs_service,https://apis.data.go.kr/1220000/nitemtrade/getNitemtradeList,2026-08-10T15:32:51.004638+00:00
2022-03,1702301000,CN,중국,0,0,5734024,3630270,-3630270,korea_customs_service,https://apis.data.go.kr/1220000/nitemtrade/getNitemtradeList,2026-08-10T15:32:51.004638+00:00
2022-04,1702301000,CN,중국,0,0,6282282,4229435,-4229435,korea_customs_service,https://apis.data.go.kr/1220000/nitemtrade/getNitemtradeList,2026-08-10T15:32:51.004638+00:00
2022-05,1702301000,CN,중국,0,0,6653040,4582584,-4582584,korea_customs_service,https://apis.data.go.kr/1220000/nitemtrade/getNitemtradeList,2026-08-10T15:32:51.004638+00:00
2022-06,1702301000,CN,중국,0,0,3052511,2279749,-2279749,korea_customs_service,https://apis.data.go.kr/1220000/nitemtrade/getNitemtradeList,2026-08-10T15:32:51.004638+00:00
2022-07,1702301000,CN,중국,12000,38095,2780818,2144308,-2106213,korea_customs_service,https://apis.data.go.kr/1220000/nitemtrade/getNitemtradeList,2026-08-10T15:32:51.004638+00:00
2022-08,1702301000,CN,중국,10,57,3949154,2878930,-2878873,korea_customs_service,https://apis.data.go.kr/1220000/nitemtrade/getNitemtradeList,2026-08-10T15:32:51.004638+00:00
2022-09,1702301000,CN,중국,0,0,2415134,1698230,-1698230,korea_customs_service,https://apis.data.go.kr/1220000/nitemtrade/getNitemtradeList,2026-08-10T15:32:51.004638+00:00
2022-10,1702301000,CN,중국,12000,32388,5925304,3489104,-3456716,korea_customs_service,https://apis.data.go.kr/1220000/nitemtrade/getNitemtradeList,2026-08-10T15:32:51.004638+00:00
2022-11,1702301000,CN,중국,0,0,2407903,1520764,-1520764,korea_customs_service,https://apis.data.go.kr/1220000/nitemtrade/getNitemtradeList,2026-08-10T15:32:51.004638+00:00
2022-12,1702301000,CN,중국,0,0,2336860,1479057,-1479057,korea_customs_service,https://apis.data.go.kr/1220000/nitemtrade/getNitemtradeList,2026-08-10T15:32:51.004638+00:00
2023-01,1702301000,CN,중국,0,0,3441136,2234414,-2234414,korea_customs_service,https://apis.data.go.kr/1220000/nitemtrade/getNitemtradeList,2026-08-10T15:32:51.381352+00:00
2023-02,1702301000,CN,중국,0,0,3219163,2234186,-2234186,korea_customs_service,https://apis.data.go.kr/1220000/nitemtrade/getNitemtradeList,2026-08-10T15:32:51.381352+00:00
2023-03,1702301000,CN,중국,12000,34774,3118305,2131330,-2096556,korea_customs_service,https://apis.data.go.kr/1220000/nitemtrade/getNitemtradeList,2026-08-10T15:32:51.381352+00:00
2023-04,1702301000,CN,중국,48751,47776,3515990,2323125,-2275349,korea_customs_service,https://apis.data.go.kr/1220000/nitemtrade/getNitemtradeList,2026-08-10T15:32:51.381352+00:00
2023-05,1702301000,CN,중국,0,0,2737105,1900470,-1900470,korea_customs_service,https://apis.data.go.kr/1220000/nitemtrade/getNitemtradeList,2026-08-10T15:32:51.381352+00:00
2023-06,1702301000,CN,중국,1,1,6019598,3525973,-3525972,korea_customs_service,https://apis.data.go.kr/1220000/nitemtrade/getNitemtradeList,2026-08-10T15:32:51.381352+00:00
2023-07,1702301000,CN,중국,6,600,2739877,1674687,-1674087,korea_customs_service,https://apis.data.go.kr/1220000/nitemtrade/getNitemtradeList,2026-08-10T15:32:51.381352+00:00
2023-08,1702301000,CN,중국,49075,52507,5679545,3205983,-3153476,korea_customs_service,https://apis.data.go.kr/1220000/nitemtrade/getNitemtradeList,2026-08-10T15:32:51.381352+00:00
2023-09,1702301000,CN,중국,0,0,3395001,2118915,-2118915,korea_customs_service,https://apis.data.go.kr/1220000/nitemtrade/getNitemtradeList,2026-08-10T15:32:51.381352+00:00
2023-10,1702301000,CN,중국,0,0,3493210,2375821,-2375821,korea_customs_service,https://apis.data.go.kr/1220000/nitemtrade/getNitemtradeList,2026-08-10T15:32:51.381352+00:00
2023-11,1702301000,CN,중국,60,106,9472829,5318204,-5318098,korea_customs_service,https://apis.data.go.kr/1220000/nitemtrade/getNitemtradeList,2026-08-10T15:32:51.381352+00:00
2023-12,1702301000,CN,중국,0,0,15863207,8518635,-8518635,korea_customs_service,https://apis.data.go.kr/1220000/nitemtrade/getNitemtradeList,2026-08-10T15:32:51.381352+00:00
2024-01,1702301000,CN,중국,0,0,9281586,5130264,-5130264,korea_customs_service,https://apis.data.go.kr/1220000/nitemtrade/getNitemtradeList,2026-08-10T15:32:51.756642+00:00
2024-02,1702301000,CN,중국,0,0,8964634,4970220,-4970220,korea_customs_service,https://apis.data.go.kr/1220000/nitemtrade/getNitemtradeList,2026-08-10T15:32:51.756642+00:00
2024-03,1702301000,CN,중국,120,215,18114854,9324392,-9324177,korea_customs_service,https://apis.data.go.kr/1220000/nitemtrade/getNitemtradeList,2026-08-10T15:32:51.756642+00:00
2024-04,1702301000,CN,중국,10,103,10938638,5986954,-5986851,korea_customs_service,https://apis.data.go.kr/1220000/nitemtrade/getNitemtradeList,2026-08-10T15:32:51.756642+00:00
2024-05,1702301000,CN,중국,6,600,11686935,6312821,-6312221,korea_customs_service,https://apis.data.go.kr/1220000/nitemtrade/getNitemtradeList,2026-08-10T15:32:51.756642+00:00
2024-06,1702301000,CN,중국,0,0,16547581,8339834,-8339834,korea_customs_service,https://apis.data.go.kr/1220000/nitemtrade/getNitemtradeList,2026-08-10T15:32:51.756642+00:00
2024-07,1702301000,CN,중국,0,0,19891269,10069089,-10069089,korea_customs_service,https://apis.data.go.kr/1220000/nitemtrade/getNitemtradeList,2026-08-10T15:32:51.756642+00:00
2024-08,1702301000,CN,중국,0,0,3501588,2205048,-2205048,korea_customs_service,https://apis.data.go.kr/1220000/nitemtrade/getNitemtradeList,2026-08-10T15:32:51.756642+00:00
2024-09,1702301000,CN,중국,40,73,6599085,3723378,-3723305,korea_customs_service,https://apis.data.go.kr/1220000/nitemtrade/getNitemtradeList,2026-08-10T15:32:51.756642+00:00
2024-10,1702301000,CN,중국,0,0,16905344,8242802,-8242802,korea_customs_service,https://apis.data.go.kr/1220000/nitemtrade/getNitemtradeList,2026-08-10T15:32:51.756642+00:00
2024-11,1702301000,CN,중국,0,0,16284993,7936660,-7936660,korea_customs_service,https://apis.data.go.kr/1220000/nitemtrade/getNitemtradeList,2026-08-10T15:32:51.756642+00:00
2024-12,1702301000,CN,중국,0,0,11388722,6090951,-6090951,korea_customs_service,https://apis.data.go.kr/1220000/nitemtrade/getNitemtradeList,2026-08-10T15:32:51.756642+00:00
2025-01,1702301000,CN,중국,0,0,15092839,7476219,-7476219,korea_customs_service,https://apis.data.go.kr/1220000/nitemtrade/getNitemtradeList,2026-08-10T15:32:52.154516+00:00
2025-02,1702301000,CN,중국,0,0,11190069,5682023,-5682023,korea_customs_service,https://apis.data.go.kr/1220000/nitemtrade/getNitemtradeList,2026-08-10T15:32:52.154516+00:00
2025-03,1702301000,CN,중국,0,0,19821305,9711633,-9711633,korea_customs_service,https://apis.data.go.kr/1220000/nitemtrade/getNitemtradeList,2026-08-10T15:32:52.154516+00:00
2025-04,1702301000,CN,중국,0,0,16242933,8210078,-8210078,korea_customs_service,https://apis.data.go.kr/1220000/nitemtrade/getNitemtradeList,2026-08-10T15:32:52.154516+00:00
2025-05,1702301000,CN,중국,0,0,19172371,9712329,-9712329,korea_customs_service,https://apis.data.go.kr/1220000/nitemtrade/getNitemtradeList,2026-08-10T15:32:52.154516+00:00
2025-06,1702301000,CN,중국,80,152,14134184,7357206,-7357054,korea_customs_service,https://apis.data.go.kr/1220000/nitemtrade/getNitemtradeList,2026-08-10T15:32:52.154516+00:00
2025-07,1702301000,CN,중국,1200,1528,8502309,4681143,-4679615,korea_customs_service,https://apis.data.go.kr/1220000/nitemtrade/getNitemtradeList,2026-08-10T15:32:52.154516+00:00
2025-08,1702301000,CN,중국,0,0,7963487,4273038,-4273038,korea_customs_service,https://apis.data.go.kr/1220000/nitemtrade/getNitemtradeList,2026-08-10T15:32:52.154516+00:00
2025-09,1702301000,CN,중국,0,0,4324501,2569099,-2569099,korea_customs_service,https://apis.data.go.kr/1220000/nitemtrade/getNitemtradeList,2026-08-10T15:32:52.154516+00:00
2025-10,1702301000,CN,중국,0,0,3360255,2014599,-2014599,korea_customs_service,https://apis.data.go.kr/1220000/nitemtrade/getNitemtradeList,2026-08-10T15:32:52.154516+00:00
2025-11,1702301000,CN,중국,0,0,2919174,1695721,-1695721,korea_customs_service,https://apis.data.go.kr/1220000/nitemtrade/getNitemtradeList,2026-08-10T15:32:52.154516+00:00
2025-12,1702301000,CN,중국,0,0,7797268,4060964,-4060964,korea_customs_service,https://apis.data.go.kr/1220000/nitemtrade/getNitemtradeList,2026-08-10T15:32:52.154516+00:00
2026-01,1702301000,CN,중국,0,0,16171044,6816577,-6816577,korea_customs_service,https://apis.data.go.kr/1220000/nitemtrade/getNitemtradeList,2026-08-10T15:32:52.468833+00:00
2026-02,1702301000,CN,중국,0,0,6886097,3156977,-3156977,korea_customs_service,https://apis.data.go.kr/1220000/nitemtrade/getNitemtradeList,2026-08-10T15:32:52.468833+00:00
2026-03,1702301000,CN,중국,0,0,12549892,5541753,-5541753,korea_customs_service,https://apis.data.go.kr/1220000/nitemtrade/getNitemtradeList,2026-08-10T15:32:52.468833+00:00
2026-04,1702301000,CN,중국,0,0,12191775,5644698,-5644698,korea_customs_service,https://apis.data.go.kr/1220000/nitemtrade/getNitemtradeList,2026-08-10T15:32:52.468833+00:00
2026-05,1702301000,CN,중국,0,0,17160568,8556167,-8556167,korea_customs_service,https://apis.data.go.kr/1220000/nitemtrade/getNitemtradeList,2026-08-10T15:32:52.468833+00:00
2026-06,1702301000,CN,중국,40,78,17832584,8960925,-8960847,korea_customs_service,https://apis.data.go.kr/1220000/nitemtrade/getNitemtradeList,2026-08-10T15:32:52.468833+00:00
2023-03,1702401000,AE,아랍에미리트 연합,100,253,0,0,253,korea_customs_service,https://apis.data.go.kr/1220000/nitemtrade/getNitemtradeList,2026-08-10T12:44:37.549349+00:00
2023-09,2501009020,AE,아랍에미리트 연합,800,2539,0,0,2539,korea_customs_service,https://apis.data.go.kr/1220000/nitemtrade/getNitemtradeList,2026-08-10T12:44:38.818429+00:00
2024-07,2501009020,AE,아랍에미리트 연합,300,1185,0,0,1185,korea_customs_service,https://apis.data.go.kr/1220000/nitemtrade/getNitemtradeList,2026-08-10T12:44:39.192204+00:00
2025-01,2501009020,AE,아랍에미리트 연합,20,52,0,0,52,korea_customs_service,https://apis.data.go.kr/1220000/nitemtrade/getNitemtradeList,2026-08-10T12:44:39.573824+00:00
2023-03,2710124000,BH,바레인,0,0,54972590,40206517,-40206517,korea_customs_service,https://apis.data.go.kr/1220000/nitemtrade/getNitemtradeList,2026-08-10T14:39:30.630651+00:00
2023-06,2710124000,BH,바레인,0,0,25249490,16707617,-16707617,korea_customs_service,https://apis.data.go.kr/1220000/nitemtrade/getNitemtradeList,2026-08-10T14:39:30.630651+00:00
2023-09,2710124000,BH,바레인,0,0,78870780,52253041,-52253041,korea_customs_service,https://apis.data.go.kr/1220000/nitemtrade/getNitemtradeList,2026-08-10T14:39:30.630651+00:00
2023-10,2710124000,BH,바레인,0,0,54997270,38681013,-38681013,korea_customs_service,https://apis.data.go.kr/1220000/nitemtrade/getNitemtradeList,2026-08-10T14:39:30.630651+00:00
2023-11,2710124000,BH,바레인,0,0,54776160,36791230,-36791230,korea_customs_service,https://apis.data.go.kr/1220000/nitemtrade/getNitemtradeList,2026-08-10T14:39:30.630651+00:00
2024-04,2710124000,BH,바레인,0,0,54988960,40016830,-40016830,korea_customs_service,https://apis.data.go.kr/1220000/nitemtrade/getNitemtradeList,2026-08-10T14:39:31.034338+00:00
2024-06,2710124000,BH,바레인,0,0,54599460,37258939,-37258939,korea_customs_service,https://apis.data.go.kr/1220000/nitemtrade/getNitemtradeList,2026-08-10T14:39:31.034338+00:00
2024-09,2710124000,BH,바레인,0,0,35172390,24156032,-24156032,korea_customs_service,https://apis.data.go.kr/1220000/nitemtrade/getNitemtradeList,2026-08-10T14:39:31.034338+00:00
2024-12,2710124000,BH,바레인,0,0,54900240,35523698,-35523698,korea_customs_service,https://apis.data.go.kr/1220000/nitemtrade/getNitemtradeList,2026-08-10T14:39:31.034338+00:00
2025-01,2710124000,BH,바레인,0,0,56603206,36404930,-36404930,korea_customs_service,https://apis.data.go.kr/1220000/nitemtrade/getNitemtradeList,2026-08-10T14:39:31.470471+00:00
2025-02,2710124000,BH,바레인,0,0,72674190,49080794,-49080794,korea_customs_service,https://apis.data.go.kr/1220000/nitemtrade/getNitemtradeList,2026-08-10T14:39:31.470471+00:00
2025-03,2710124000,BH,바레인,0,0,2079970,1319479,-1319479,korea_customs_service,https://apis.data.go.kr/1220000/nitemtrade/getNitemtradeList,2026-08-10T14:39:31.470471+00:00
2025-05,2710124000,BH,바레인,0,0,140329940,80626114,-80626114,korea_customs_service,https://apis.data.go.kr/1220000/nitemtrade/getNitemtradeList,2026-08-10T14:39:31.470471+00:00
2025-06,2710124000,BH,바레인,0,0,54999290,31317762,-31317762,korea_customs_service,https://apis.data.go.kr/1220000/nitemtrade/getNitemtradeList,2026-08-10T14:39:31.470471+00:00
2025-07,2710124000,BH,바레인,0,0,112461100,64657847,-64657847,korea_customs_service,https://apis.data.go.kr/1220000/nitemtrade/getNitemtradeList,2026-08-10T14:39:31.470471+00:00
2025-08,2710124000,BH,바레인,0,0,55193020,32806770,-32806770,korea_customs_service,https://apis.data.go.kr/1220000/nitemtrade/getNitemtradeList,2026-08-10T14:39:31.470471+00:00
2025-09,2710124000,BH,바레인,0,0,99017817,57215699,-57215699,korea_customs_service,https://apis.data.go.kr/1220000/nitemtrade/getNitemtradeList,2026-08-10T14:39:31.470471+00:00
2025-10,2710124000,BH,바레인,0,0,29482675,17087626,-17087626,korea_customs_service,https://apis.data.go.kr/1220000/nitemtrade/getNitemtradeList,2026-08-10T14:39:31.470471+00:00
2025-11,2710124000,BH,바레인,0,0,88500000,51439350,-51439350,korea_customs_service,https://apis.data.go.kr/1220000/nitemtrade/getNitemtradeList,2026-08-10T14:39:31.470471+00:00
2025-12,2710124000,BH,바레인,0,0,16183154,9432646,-9432646,korea_customs_service,https://apis.data.go.kr/1220000/nitemtrade/getNitemtradeList,2026-08-10T14:39:31.470471+00:00
2026-01,2710124000,BH,바레인,0,0,204889660,113043382,-113043382,korea_customs_service,https://apis.data.go.kr/1220000/nitemtrade/getNitemtradeList,2026-08-10T14:39:31.787522+00:00
2026-02,2710124000,BH,바레인,0,0,78129544,44475947,-44475947,korea_customs_service,https://apis.data.go.kr/1220000/nitemtrade/getNitemtradeList,2026-08-10T14:39:31.787522+00:00
2026-03,2710124000,BH,바레인,0,0,62289003,38843526,-38843526,korea_customs_service,https://apis.data.go.kr/1220000/nitemtrade/getNitemtradeList,2026-08-10T14:39:31.787522+00:00
2018-01,2710124000,CN,중국,193713737,119606134,0,0,119606134,korea_customs_service,https://apis.data.go.kr/1220000/nitemtrade/getNitemtradeList,2026-08-10T15:32:52.657016+00:00
2018-02,2710124000,CN,중국,225389525,137438169,0,0,137438169,korea_customs_service,https://apis.data.go.kr/1220000/nitemtrade/getNitemtradeList,2026-08-10T15:32:52.657016+00:00
2018-03,2710124000,CN,중국,124837148,73055043,0,0,73055043,korea_customs_service,https://apis.data.go.kr/1220000/nitemtrade/getNitemtradeList,2026-08-10T15:32:52.657016+00:00
2018-04,2710124000,CN,중국,262063570,157813328,0,0,157813328,korea_customs_service,https://apis.data.go.kr/1220000/nitemtrade/getNitemtradeList,2026-08-10T15:32:52.657016+00:00
2018-05,2710124000,CN,중국,194967626,126150131,0,0,126150131,korea_customs_service,https://apis.data.go.kr/1220000/nitemtrade/getNitemtradeList,2026-08-10T15:32:52.657016+00:00
2018-06,2710124000,CN,중국,151165205,101229101,0,0,101229101,korea_customs_service,https://apis.data.go.kr/1220000/nitemtrade/getNitemtradeList,2026-08-10T15:32:52.657016+00:00
2018-07,2710124000,CN,중국,149969104,101015224,0,0,101015224,korea_customs_service,https://apis.data.go.kr/1220000/nitemtrade/getNitemtradeList,2026-08-10T15:32:52.657016+00:00
2018-08,2710124000,CN,중국,154387733,103314503,0,0,103314503,korea_customs_service,https://apis.data.go.kr/1220000/nitemtrade/getNitemtradeList,2026-08-10T15:32:52.657016+00:00
2018-09,2710124000,CN,중국,132953466,90323845,0,0,90323845,korea_customs_service,https://apis.data.go.kr/1220000/nitemtrade/getNitemtradeList,2026-08-10T15:32:52.657016+00:00
2018-10,2710124000,CN,중국,191234200,134066892,0,0,134066892,korea_customs_service,https://apis.data.go.kr/1220000/nitemtrade/getNitemtradeList,2026-08-10T15:32:52.657016+00:00
2018-11,2710124000,CN,중국,184085035,125061321,0,0,125061321,korea_customs_service,https://apis.data.go.kr/1220000/nitemtrade/getNitemtradeList,2026-08-10T15:32:52.657016+00:00
2018-12,2710124000,CN,중국,202873492,107638129,0,0,107638129,korea_customs_service,https://apis.data.go.kr/1220000/nitemtrade/getNitemtradeList,2026-08-10T15:32:52.657016+00:00
2019-01,2710124000,CN,중국,191661619,93462047,0,0,93462047,korea_customs_service,https://apis.data.go.kr/1220000/nitemtrade/getNitemtradeList,2026-08-10T15:32:53.028583+00:00
2019-02,2710124000,CN,중국,187564434,96876531,0,0,96876531,korea_customs_service,https://apis.data.go.kr/1220000/nitemtrade/getNitemtradeList,2026-08-10T15:32:53.028583+00:00
2019-03,2710124000,CN,중국,222090243,122660432,0,0,122660432,korea_customs_service,https://apis.data.go.kr/1220000/nitemtrade/getNitemtradeList,2026-08-10T15:32:53.028583+00:00
2019-04,2710124000,CN,중국,194677113,111986391,0,0,111986391,korea_customs_service,https://apis.data.go.kr/1220000/nitemtrade/getNitemtradeList,2026-08-10T15:32:53.028583+00:00
2019-05,2710124000,CN,중국,64358942,36069763,0,0,36069763,korea_customs_service,https://apis.data.go.kr/1220000/nitemtrade/getNitemtradeList,2026-08-10T15:32:53.028583+00:00
2019-06,2710124000,CN,중국,242063227,120908265,0,0,120908265,korea_customs_service,https://apis.data.go.kr/1220000/nitemtrade/getNitemtradeList,2026-08-10T15:32:53.028583+00:00
2019-07,2710124000,CN,중국,182266121,92262778,0,0,92262778,korea_customs_service,https://apis.data.go.kr/1220000/nitemtrade/getNitemtradeList,2026-08-10T15:32:53.028583+00:00
2019-08,2710124000,CN,중국,226301716,112978304,0,0,112978304,korea_customs_service,https://apis.data.go.kr/1220000/nitemtrade/getNitemtradeList,2026-08-10T15:32:53.028583+00:00
2019-09,2710124000,CN,중국,162356500,78910511,0,0,78910511,korea_customs_service,https://apis.data.go.kr/1220000/nitemtrade/getNitemtradeList,2026-08-10T15:32:53.028583+00:00
2019-10,2710124000,CN,중국,135473200,71727570,0,0,71727570,korea_customs_service,https://apis.data.go.kr/1220000/nitemtrade/getNitemtradeList,2026-08-10T15:32:53.028583+00:00
2019-11,2710124000,CN,중국,170506587,93255338,0,0,93255338,korea_customs_service,https://apis.data.go.kr/1220000/nitemtrade/getNitemtradeList,2026-08-10T15:32:53.028583+00:00
2019-12,2710124000,CN,중국,159444867,93051116,0,0,93051116,korea_customs_service,https://apis.data.go.kr/1220000/nitemtrade/getNitemtradeList,2026-08-10T15:32:53.028583+00:00
2020-01,2710124000,CN,중국,127751673,74247562,0,0,74247562,korea_customs_service,https://apis.data.go.kr/1220000/nitemtrade/getNitemtradeList,2026-08-10T15:32:53.395829+00:00
2020-02,2710124000,CN,중국,59159100,33699900,0,0,33699900,korea_customs_service,https://apis.data.go.kr/1220000/nitemtrade/getNitemtradeList,2026-08-10T15:32:53.395829+00:00
2020-03,2710124000,CN,중국,280567219,104332155,0,0,104332155,korea_customs_service,https://apis.data.go.kr/1220000/nitemtrade/getNitemtradeList,2026-08-10T15:32:53.395829+00:00
2020-04,2710124000,CN,중국,191519443,46732552,0,0,46732552,korea_customs_service,https://apis.data.go.kr/1220000/nitemtrade/getNitemtradeList,2026-08-10T15:32:53.395829+00:00
2020-05,2710124000,CN,중국,184640679,42083795,0,0,42083795,korea_customs_service,https://apis.data.go.kr/1220000/nitemtrade/getNitemtradeList,2026-08-10T15:32:53.395829+00:00
2020-06,2710124000,CN,중국,310695771,103481212,0,0,103481212,korea_customs_service,https://apis.data.go.kr/1220000/nitemtrade/getNitemtradeList,2026-08-10T15:32:53.395829+00:00
2020-07,2710124000,CN,중국,154709817,59791878,0,0,59791878,korea_customs_service,https://apis.data.go.kr/1220000/nitemtrade/getNitemtradeList,2026-08-10T15:32:53.395829+00:00
2020-08,2710124000,CN,중국,63714800,25986282,0,0,25986282,korea_customs_service,https://apis.data.go.kr/1220000/nitemtrade/getNitemtradeList,2026-08-10T15:32:53.395829+00:00
2020-09,2710124000,CN,중국,63742600,25938998,0,0,25938998,korea_customs_service,https://apis.data.go.kr/1220000/nitemtrade/getNitemtradeList,2026-08-10T15:32:53.395829+00:00
2020-10,2710124000,CN,중국,95576200,39849634,0,0,39849634,korea_customs_service,https://apis.data.go.kr/1220000/nitemtrade/getNitemtradeList,2026-08-10T15:32:53.395829+00:00
2020-11,2710124000,CN,중국,63704900,26247170,0,0,26247170,korea_customs_service,https://apis.data.go.kr/1220000/nitemtrade/getNitemtradeList,2026-08-10T15:32:53.395829+00:00
2020-12,2710124000,CN,중국,132031600,51582529,0,0,51582529,korea_customs_service,https://apis.data.go.kr/1220000/nitemtrade/getNitemtradeList,2026-08-10T15:32:53.395829+00:00
2021-01,2710124000,CN,중국,95628200,43061615,0,0,43061615,korea_customs_service,https://apis.data.go.kr/1220000/nitemtrade/getNitemtradeList,2026-08-10T15:32:53.756884+00:00
2021-02,2710124000,CN,중국,128378656,65497716,0,0,65497716,korea_customs_service,https://apis.data.go.kr/1220000/nitemtrade/getNitemtradeList,2026-08-10T15:32:53.756884+00:00
2021-03,2710124000,CN,중국,99731300,54559222,0,0,54559222,korea_customs_service,https://apis.data.go.kr/1220000/nitemtrade/getNitemtradeList,2026-08-10T15:32:53.756884+00:00
2021-04,2710124000,CN,중국,30963900,18583039,0,0,18583039,korea_customs_service,https://apis.data.go.kr/1220000/nitemtrade/getNitemtradeList,2026-08-10T15:32:53.756884+00:00
2021-05,2710124000,CN,중국,186109575,109710832,0,0,109710832,korea_customs_service,https://apis.data.go.kr/1220000/nitemtrade/getNitemtradeList,2026-08-10T15:32:53.756884+00:00
2021-06,2710124000,CN,중국,95552400,58273880,0,0,58273880,korea_customs_service,https://apis.data.go.kr/1220000/nitemtrade/getNitemtradeList,2026-08-10T15:32:53.756884+00:00
2021-07,2710124000,CN,중국,138161000,91033626,0,0,91033626,korea_customs_service,https://apis.data.go.kr/1220000/nitemtrade/getNitemtradeList,2026-08-10T15:32:53.756884+00:00
2021-08,2710124000,CN,중국,99843000,69920544,0,0,69920544,korea_customs_service,https://apis.data.go.kr/1220000/nitemtrade/getNitemtradeList,2026-08-10T15:32:53.756884+00:00
2021-09,2710124000,CN,중국,154355300,103914777,0,0,103914777,korea_customs_service,https://apis.data.go.kr/1220000/nitemtrade/getNitemtradeList,2026-08-10T15:32:53.756884+00:00
2021-10,2710124000,CN,중국,218941444,158235349,0,0,158235349,korea_customs_service,https://apis.data.go.kr/1220000/nitemtrade/getNitemtradeList,2026-08-10T15:32:53.756884+00:00
2021-11,2710124000,CN,중국,140288644,108858815,0,0,108858815,korea_customs_service,https://apis.data.go.kr/1220000/nitemtrade/getNitemtradeList,2026-08-10T15:32:53.756884+00:00
2021-12,2710124000,CN,중국,180396491,138543459,0,0,138543459,korea_customs_service,https://apis.data.go.kr/1220000/nitemtrade/getNitemtradeList,2026-08-10T15:32:53.756884+00:00
2022-01,2710124000,CN,중국,63754500,49999325,0,0,49999325,korea_customs_service,https://apis.data.go.kr/1220000/nitemtrade/getNitemtradeList,2026-08-10T15:32:54.146907+00:00
2022-02,2710124000,CN,중국,195258864,166897508,0,0,166897508,korea_customs_service,https://apis.data.go.kr/1220000/nitemtrade/getNitemtradeList,2026-08-10T15:32:54.146907+00:00
2022-03,2710124000,CN,중국,101607800,103648672,0,0,103648672,korea_customs_service,https://apis.data.go.kr/1220000/nitemtrade/getNitemtradeList,2026-08-10T15:32:54.146907+00:00
2022-04,2710124000,CN,중국,31906900,29184323,0,0,29184323,korea_customs_service,https://apis.data.go.kr/1220000/nitemtrade/getNitemtradeList,2026-08-10T15:32:54.146907+00:00
2022-05,2710124000,CN,중국,127390400,114040199,0,0,114040199,korea_customs_service,https://apis.data.go.kr/1220000/nitemtrade/getNitemtradeList,2026-08-10T15:32:54.146907+00:00
2022-06,2710124000,CN,중국,95594300,80012447,0,0,80012447,korea_customs_service,https://apis.data.go.kr/1220000/nitemtrade/getNitemtradeList,2026-08-10T15:32:54.146907+00:00
2022-07,2710124000,CN,중국,189533584,148623893,0,0,148623893,korea_customs_service,https://apis.data.go.kr/1220000/nitemtrade/getNitemtradeList,2026-08-10T15:32:54.146907+00:00
2022-08,2710124000,CN,중국,201591046,139439615,0,0,139439615,korea_customs_service,https://apis.data.go.kr/1220000/nitemtrade/getNitemtradeList,2026-08-10T15:32:54.146907+00:00
2022-09,2710124000,CN,중국,203787400,136099712,0,0,136099712,korea_customs_service,https://apis.data.go.kr/1220000/nitemtrade/getNitemtradeList,2026-08-10T15:32:54.146907+00:00
2022-10,2710124000,CN,중국,181575611,124146355,0,0,124146355,korea_customs_service,https://apis.data.go.kr/1220000/nitemtrade/getNitemtradeList,2026-08-10T15:32:54.146907+00:00
2022-11,2710124000,CN,중국,239031762,162669520,0,0,162669520,korea_customs_service,https://apis.data.go.kr/1220000/nitemtrade/getNitemtradeList,2026-08-10T15:32:54.146907+00:00
2022-12,2710124000,CN,중국,288019407,192195614,0,0,192195614,korea_customs_service,https://apis.data.go.kr/1220000/nitemtrade/getNitemtradeList,2026-08-10T15:32:54.146907+00:00
2023-01,2710124000,CN,중국,144536976,97438593,0,0,97438593,korea_customs_service,https://apis.data.go.kr/1220000/nitemtrade/getNitemtradeList,2026-08-10T15:32:54.530450+00:00
2023-02,2710124000,CN,중국,176019375,127361180,0,0,127361180,korea_customs_service,https://apis.data.go.kr/1220000/nitemtrade/getNitemtradeList,2026-08-10T15:32:54.530450+00:00
2023-03,2710124000,CN,중국,239111434,163221287,0,0,163221287,korea_customs_service,https://apis.data.go.kr/1220000/nitemtrade/getNitemtradeList,2026-08-10T15:32:54.530450+00:00
2023-04,2710124000,CN,중국,135663100,92576508,0,0,92576508,korea_customs_service,https://apis.data.go.kr/1220000/nitemtrade/getNitemtradeList,2026-08-10T15:32:54.530450+00:00
2023-05,2710124000,CN,중국,219157638,137997482,0,0,137997482,korea_customs_service,https://apis.data.go.kr/1220000/nitemtrade/getNitemtradeList,2026-08-10T15:32:54.530450+00:00
2023-06,2710124000,CN,중국,161539469,90222941,8998465,6069249,84153692,korea_customs_service,https://apis.data.go.kr/1220000/nitemtrade/getNitemtradeList,2026-08-10T15:32:54.530450+00:00
2023-07,2710124000,CN,중국,161161909,94252097,0,0,94252097,korea_customs_service,https://apis.data.go.kr/1220000/nitemtrade/getNitemtradeList,2026-08-10T15:32:54.530450+00:00
2023-08,2710124000,CN,중국,220689794,147896591,30505702,17102572,130794019,korea_customs_service,https://apis.data.go.kr/1220000/nitemtrade/getNitemtradeList,2026-08-10T15:32:54.530450+00:00
2023-09,2710124000,CN,중국,188934791,134835502,76873522,48329751,86505751,korea_customs_service,https://apis.data.go.kr/1220000/nitemtrade/getNitemtradeList,2026-08-10T15:32:54.530450+00:00
2023-10,2710124000,CN,중국,127533900,87214403,27074579,16642496,70571907,korea_customs_service,https://apis.data.go.kr/1220000/nitemtrade/getNitemtradeList,2026-08-10T15:32:54.530450+00:00
2023-11,2710124000,CN,중국,201313883,133072685,37097522,24510630,108562055,korea_customs_service,https://apis.data.go.kr/1220000/nitemtrade/getNitemtradeList,2026-08-10T15:32:54.530450+00:00
2023-12,2710124000,CN,중국,60538100,40385403,26740262,16798955,23586448,korea_customs_service,https://apis.data.go.kr/1220000/nitemtrade/getNitemtradeList,2026-08-10T15:32:54.530450+00:00
2024-01,2710124000,CN,중국,179556710,120077256,0,0,120077256,korea_customs_service,https://apis.data.go.kr/1220000/nitemtrade/getNitemtradeList,2026-08-10T15:32:54.920199+00:00
2024-02,2710124000,CN,중국,95558200,67078522,34186823,23702442,43376080,korea_customs_service,https://apis.data.go.kr/1220000/nitemtrade/getNitemtradeList,2026-08-10T15:32:54.920199+00:00
2024-03,2710124000,CN,중국,217524134,156242998,0,0,156242998,korea_customs_service,https://apis.data.go.kr/1220000/nitemtrade/getNitemtradeList,2026-08-10T15:32:54.920199+00:00
2024-04,2710124000,CN,중국,186402158,135111183,0,0,135111183,korea_customs_service,https://apis.data.go.kr/1220000/nitemtrade/getNitemtradeList,2026-08-10T15:32:54.920199+00:00
2024-05,2710124000,CN,중국,189852200,134368110,0,0,134368110,korea_customs_service,https://apis.data.go.kr/1220000/nitemtrade/getNitemtradeList,2026-08-10T15:32:54.920199+00:00
2024-06,2710124000,CN,중국,176276574,121911062,0,0,121911062,korea_customs_service,https://apis.data.go.kr/1220000/nitemtrade/getNitemtradeList,2026-08-10T15:32:54.920199+00:00
2024-07,2710124000,CN,중국,191237600,134455249,5287071,3836938,130618311,korea_customs_service,https://apis.data.go.kr/1220000/nitemtrade/getNitemtradeList,2026-08-10T15:32:54.920199+00:00
2024-08,2710124000,CN,중국,125602482,86972571,0,0,86972571,korea_customs_service,https://apis.data.go.kr/1220000/nitemtrade/getNitemtradeList,2026-08-10T15:32:54.920199+00:00
2024-09,2710124000,CN,중국,215298184,144138227,0,0,144138227,korea_customs_service,https://apis.data.go.kr/1220000/nitemtrade/getNitemtradeList,2026-08-10T15:32:54.920199+00:00
2024-10,2710124000,CN,중국,209302518,141171350,0,0,141171350,korea_customs_service,https://apis.data.go.kr/1220000/nitemtrade/getNitemtradeList,2026-08-10T15:32:54.920199+00:00
2024-11,2710124000,CN,중국,132704036,87539802,0,0,87539802,korea_customs_service,https://apis.data.go.kr/1220000/nitemtrade/getNitemtradeList,2026-08-10T15:32:54.920199+00:00
2024-12,2710124000,CN,중국,154233600,101394527,0,0,101394527,korea_customs_service,https://apis.data.go.kr/1220000/nitemtrade/getNitemtradeList,2026-08-10T15:32:54.920199+00:00
2025-01,2710124000,CN,중국,75716400,52493422,0,0,52493422,korea_customs_service,https://apis.data.go.kr/1220000/nitemtrade/getNitemtradeList,2026-08-10T15:32:55.320347+00:00
2025-02,2710124000,CN,중국,113709400,78019262,0,0,78019262,korea_customs_service,https://apis.data.go.kr/1220000/nitemtrade/getNitemtradeList,2026-08-10T15:32:55.320347+00:00
2025-03,2710124000,CN,중국,138549088,90137645,0,0,90137645,korea_customs_service,https://apis.data.go.kr/1220000/nitemtrade/getNitemtradeList,2026-08-10T15:32:55.320347+00:00
2025-04,2710124000,CN,중국,207646772,122214566,0,0,122214566,korea_customs_service,https://apis.data.go.kr/1220000/nitemtrade/getNitemtradeList,2026-08-10T15:32:55.320347+00:00
2025-05,2710124000,CN,중국,238437482,139446635,0,0,139446635,korea_customs_service,https://apis.data.go.kr/1220000/nitemtrade/getNitemtradeList,2026-08-10T15:32:55.320347+00:00
2025-06,2710124000,CN,중국,113613400,68871601,0,0,68871601,korea_customs_service,https://apis.data.go.kr/1220000/nitemtrade/getNitemtradeList,2026-08-10T15:32:55.320347+00:00
2025-07,2710124000,CN,중국,145511667,87069762,0,0,87069762,korea_customs_service,https://apis.data.go.kr/1220000/nitemtrade/getNitemtradeList,2026-08-10T15:32:55.320347+00:00
2025-08,2710124000,CN,중국,113499400,68077868,0,0,68077868,korea_customs_service,https://apis.data.go.kr/1220000/nitemtrade/getNitemtradeList,2026-08-10T15:32:55.320347+00:00
2025-09,2710124000,CN,중국,198862163,118909923,0,0,118909923,korea_customs_service,https://apis.data.go.kr/1220000/nitemtrade/getNitemtradeList,2026-08-10T15:32:55.320347+00:00
2025-10,2710124000,CN,중국,175340859,102509079,0,0,102509079,korea_customs_service,https://apis.data.go.kr/1220000/nitemtrade/getNitemtradeList,2026-08-10T15:32:55.320347+00:00
2025-11,2710124000,CN,중국,147447500,87007096,0,0,87007096,korea_customs_service,https://apis.data.go.kr/1220000/nitemtrade/getNitemtradeList,2026-08-10T15:32:55.320347+00:00
2025-12,2710124000,CN,중국,113584900,65718741,0,0,65718741,korea_customs_service,https://apis.data.go.kr/1220000/nitemtrade/getNitemtradeList,2026-08-10T15:32:55.320347+00:00
2026-01,2710124000,CN,중국,113622200,65091560,0,0,65091560,korea_customs_service,https://apis.data.go.kr/1220000/nitemtrade/getNitemtradeList,2026-08-10T15:32:55.639893+00:00
2026-02,2710124000,CN,중국,177131138,108951167,0,0,108951167,korea_customs_service,https://apis.data.go.kr/1220000/nitemtrade/getNitemtradeList,2026-08-10T15:32:55.639893+00:00
2026-03,2710124000,CN,중국,109032300,83229466,0,0,83229466,korea_customs_service,https://apis.data.go.kr/1220000/nitemtrade/getNitemtradeList,2026-08-10T15:32:55.639893+00:00
2026-05,2710124000,CN,중국,75697200,74778211,0,0,74778211,korea_customs_service,https://apis.data.go.kr/1220000/nitemtrade/getNitemtradeList,2026-08-10T15:32:55.639893+00:00
2026-06,2710124000,CN,중국,75713100,54617024,0,0,54617024,korea_customs_service,https://apis.data.go.kr/1220000/nitemtrade/getNitemtradeList,2026-08-10T15:32:55.639893+00:00
2023-02,2710197320,AE,아랍에미리트 연합,1739530,2610518,0,0,2610518,korea_customs_service,https://apis.data.go.kr/1220000/nitemtrade/getNitemtradeList,2026-08-10T12:44:40.090760+00:00
2023-05,2710197320,AE,아랍에미리트 연합,581380,883010,0,0,883010,korea_customs_service,https://apis.data.go.kr/1220000/nitemtrade/getNitemtradeList,2026-08-10T12:44:40.090760+00:00
2023-08,2710197320,AE,아랍에미리트 연합,28000,48421,0,0,48421,korea_customs_service,https://apis.data.go.kr/1220000/nitemtrade/getNitemtradeList,2026-08-10T12:44:40.090760+00:00
2023-10,2710197320,AE,아랍에미리트 연합,399210,581783,0,0,581783,korea_customs_service,https://apis.data.go.kr/1220000/nitemtrade/getNitemtradeList,2026-08-10T12:44:40.090760+00:00
2023-11,2710197320,AE,아랍에미리트 연합,1600770,2336882,0,0,2336882,korea_customs_service,https://apis.data.go.kr/1220000/nitemtrade/getNitemtradeList,2026-08-10T12:44:40.090760+00:00
2024-02,2710197320,AE,아랍에미리트 연합,105000,500875,0,0,500875,korea_customs_service,https://apis.data.go.kr/1220000/nitemtrade/getNitemtradeList,2026-08-10T12:44:40.484824+00:00
2024-03,2710197320,AE,아랍에미리트 연합,14000,23693,0,0,23693,korea_customs_service,https://apis.data.go.kr/1220000/nitemtrade/getNitemtradeList,2026-08-10T12:44:40.484824+00:00
2024-05,2710197320,AE,아랍에미리트 연합,112000,163682,0,0,163682,korea_customs_service,https://apis.data.go.kr/1220000/nitemtrade/getNitemtradeList,2026-08-10T12:44:40.484824+00:00
2024-07,2710197320,AE,아랍에미리트 연합,14000,23343,0,0,23343,korea_customs_service,https://apis.data.go.kr/1220000/nitemtrade/getNitemtradeList,2026-08-10T12:44:40.484824+00:00
2025-07,2710197320,AE,아랍에미리트 연합,105000,560694,0,0,560694,korea_customs_service,https://apis.data.go.kr/1220000/nitemtrade/getNitemtradeList,2026-08-10T12:44:40.881683+00:00
2025-08,2710197320,AE,아랍에미리트 연합,56000,80980,0,0,80980,korea_customs_service,https://apis.data.go.kr/1220000/nitemtrade/getNitemtradeList,2026-08-10T12:44:40.881683+00:00
2023-09,2712200000,AE,아랍에미리트 연합,150,4161,0,0,4161,korea_customs_service,https://apis.data.go.kr/1220000/nitemtrade/getNitemtradeList,2026-08-10T12:44:41.425981+00:00
2025-02,2712200000,AE,아랍에미리트 연합,0,0,18000,24366,-24366,korea_customs_service,https://apis.data.go.kr/1220000/nitemtrade/getNitemtradeList,2026-08-10T12:44:42.210739+00:00
2025-11,2712200000,AE,아랍에미리트 연합,0,0,1,22,-22,korea_customs_service,https://apis.data.go.kr/1220000/nitemtrade/getNitemtradeList,2026-08-10T12:44:42.210739+00:00
2018-01,2712200000,CN,중국,12312,34846,1400450,1662151,-1627305,korea_customs_service,https://apis.data.go.kr/1220000/nitemtrade/getNitemtradeList,2026-08-10T15:32:55.829630+00:00
2018-02,2712200000,CN,중국,1312,9112,1034141,1252221,-1243109,korea_customs_service,https://apis.data.go.kr/1220000/nitemtrade/getNitemtradeList,2026-08-10T15:32:55.829630+00:00
2018-03,2712200000,CN,중국,1200,8685,1167813,1420170,-1411485,korea_customs_service,https://apis.data.go.kr/1220000/nitemtrade/getNitemtradeList,2026-08-10T15:32:55.829630+00:00
2018-04,2712200000,CN,중국,727,5957,1030620,1305329,-1299372,korea_customs_service,https://apis.data.go.kr/1220000/nitemtrade/getNitemtradeList,2026-08-10T15:32:55.829630+00:00
2018-05,2712200000,CN,중국,5758,36242,1479187,1881035,-1844793,korea_customs_service,https://apis.data.go.kr/1220000/nitemtrade/getNitemtradeList,2026-08-10T15:32:55.829630+00:00
2018-06,2712200000,CN,중국,1320,5181,969791,1228799,-1223618,korea_customs_service,https://apis.data.go.kr/1220000/nitemtrade/getNitemtradeList,2026-08-10T15:32:55.829630+00:00
2018-07,2712200000,CN,중국,1357,21564,1126391,1404987,-1383423,korea_customs_service,https://apis.data.go.kr/1220000/nitemtrade/getNitemtradeList,2026-08-10T15:32:55.829630+00:00
2018-08,2712200000,CN,중국,13383,47756,489521,613380,-565624,korea_customs_service,https://apis.data.go.kr/1220000/nitemtrade/getNitemtradeList,2026-08-10T15:32:55.829630+00:00
2018-09,2712200000,CN,중국,3565,25769,982600,1153590,-1127821,korea_customs_service,https://apis.data.go.kr/1220000/nitemtrade/getNitemtradeList,2026-08-10T15:32:55.829630+00:00
2018-10,2712200000,CN,중국,1535,12200,1245923,1492246,-1480046,korea_customs_service,https://apis.data.go.kr/1220000/nitemtrade/getNitemtradeList,2026-08-10T15:32:55.829630+00:00
2018-11,2712200000,CN,중국,11052,26004,1403804,1654233,-1628229,korea_customs_service,https://apis.data.go.kr/1220000/nitemtrade/getNitemtradeList,2026-08-10T15:32:55.829630+00:00
2018-12,2712200000,CN,중국,15172,40208,1079629,1259944,-1219736,korea_customs_service,https://apis.data.go.kr/1220000/nitemtrade/getNitemtradeList,2026-08-10T15:32:55.829630+00:00
2019-01,2712200000,CN,중국,11958,36337,1175501,1304353,-1268016,korea_customs_service,https://apis.data.go.kr/1220000/nitemtrade/getNitemtradeList,2026-08-10T15:32:56.175146+00:00
2019-02,2712200000,CN,중국,12416,43295,1094275,1178392,-1135097,korea_customs_service,https://apis.data.go.kr/1220000/nitemtrade/getNitemtradeList,2026-08-10T15:32:56.175146+00:00
2019-03,2712200000,CN,중국,969,7352,1236411,1324306,-1316954,korea_customs_service,https://apis.data.go.kr/1220000/nitemtrade/getNitemtradeList,2026-08-10T15:32:56.175146+00:00
2019-04,2712200000,CN,중국,4042,41160,1170370,1260048,-1218888,korea_customs_service,https://apis.data.go.kr/1220000/nitemtrade/getNitemtradeList,2026-08-10T15:32:56.175146+00:00
2019-05,2712200000,CN,중국,1662,18649,1350625,1439449,-1420800,korea_customs_service,https://apis.data.go.kr/1220000/nitemtrade/getNitemtradeList,2026-08-10T15:32:56.175146+00:00
2019-06,2712200000,CN,중국,1393,7797,704517,731000,-723203,korea_customs_service,https://apis.data.go.kr/1220000/nitemtrade/getNitemtradeList,2026-08-10T15:32:56.175146+00:00
2019-07,2712200000,CN,중국,2502,21479,967618,995362,-973883,korea_customs_service,https://apis.data.go.kr/1220000/nitemtrade/getNitemtradeList,2026-08-10T15:32:56.175146+00:00
2019-08,2712200000,CN,중국,4309,34808,563354,543523,-508715,korea_customs_service,https://apis.data.go.kr/1220000/nitemtrade/getNitemtradeList,2026-08-10T15:32:56.175146+00:00
2019-09,2712200000,CN,중국,117,407,1068020,1057947,-1057540,korea_customs_service,https://apis.data.go.kr/1220000/nitemtrade/getNitemtradeList,2026-08-10T15:32:56.175146+00:00
2019-10,2712200000,CN,중국,57,198,839185,807842,-807644,korea_customs_service,https://apis.data.go.kr/1220000/nitemtrade/getNitemtradeList,2026-08-10T15:32:56.175146+00:00
2019-11,2712200000,CN,중국,3816,28334,980092,901019,-872685,korea_customs_service,https://apis.data.go.kr/1220000/nitemtrade/getNitemtradeList,2026-08-10T15:32:56.175146+00:00
2019-12,2712200000,CN,중국,924,3002,1277022,1192196,-1189194,korea_customs_service,https://apis.data.go.kr/1220000/nitemtrade/getNitemtradeList,2026-08-10T15:32:56.175146+00:00
2020-01,2712200000,CN,중국,687,2489,1300709,1183429,-1180940,korea_customs_service,https://apis.data.go.kr/1220000/nitemtrade/getNitemtradeList,2026-08-10T15:32:56.558142+00:00
2020-02,2712200000,CN,중국,440,9136,1291502,1163399,-1154263,korea_customs_service,https://apis.data.go.kr/1220000/nitemtrade/getNitemtradeList,2026-08-10T15:32:56.558142+00:00
2020-03,2712200000,CN,중국,141,479,1544030,1444779,-1444300,korea_customs_service,https://apis.data.go.kr/1220000/nitemtrade/getNitemtradeList,2026-08-10T15:32:56.558142+00:00
2020-04,2712200000,CN,중국,17338,93880,782552,710724,-616844,korea_customs_service,https://apis.data.go.kr/1220000/nitemtrade/getNitemtradeList,2026-08-10T15:32:56.558142+00:00
2020-05,2712200000,CN,중국,113,376,848185,743938,-743562,korea_customs_service,https://apis.data.go.kr/1220000/nitemtrade/getNitemtradeList,2026-08-10T15:32:56.558142+00:00
2020-06,2712200000,CN,중국,64,2111,828277,680200,-678089,korea_customs_service,https://apis.data.go.kr/1220000/nitemtrade/getNitemtradeList,2026-08-10T15:32:56.558142+00:00
2020-07,2712200000,CN,중국,129,3266,758929,641280,-638014,korea_customs_service,https://apis.data.go.kr/1220000/nitemtrade/getNitemtradeList,2026-08-10T15:32:56.558142+00:00
2020-08,2712200000,CN,중국,685,12836,739102,623548,-610712,korea_customs_service,https://apis.data.go.kr/1220000/nitemtrade/getNitemtradeList,2026-08-10T15:32:56.558142+00:00
2020-09,2712200000,CN,중국,409,4363,730890,647536,-643173,korea_customs_service,https://apis.data.go.kr/1220000/nitemtrade/getNitemtradeList,2026-08-10T15:32:56.558142+00:00
2020-10,2712200000,CN,중국,10212,58996,1017609,917325,-858329,korea_customs_service,https://apis.data.go.kr/1220000/nitemtrade/getNitemtradeList,2026-08-10T15:32:56.558142+00:00
2020-11,2712200000,CN,중국,3568,22665,1121971,1016672,-994007,korea_customs_service,https://apis.data.go.kr/1220000/nitemtrade/getNitemtradeList,2026-08-10T15:32:56.558142+00:00
2020-12,2712200000,CN,중국,629,9719,1254026,1170801,-1161082,korea_customs_service,https://apis.data.go.kr/1220000/nitemtrade/getNitemtradeList,2026-08-10T15:32:56.558142+00:00
2021-01,2712200000,CN,중국,524,9489,794623,784308,-774819,korea_customs_service,https://apis.data.go.kr/1220000/nitemtrade/getNitemtradeList,2026-08-10T15:32:56.923326+00:00
2021-02,2712200000,CN,중국,113,424,1888616,2597276,-2596852,korea_customs_service,https://apis.data.go.kr/1220000/nitemtrade/getNitemtradeList,2026-08-10T15:32:56.923326+00:00
2021-03,2712200000,CN,중국,564,8186,943838,1008673,-1000487,korea_customs_service,https://apis.data.go.kr/1220000/nitemtrade/getNitemtradeList,2026-08-10T15:32:56.923326+00:00
2021-04,2712200000,CN,중국,174,6752,1131543,1403251,-1396499,korea_customs_service,https://apis.data.go.kr/1220000/nitemtrade/getNitemtradeList,2026-08-10T15:32:56.923326+00:00
2021-05,2712200000,CN,중국,4113,20253,842900,1104414,-1084161,korea_customs_service,https://apis.data.go.kr/1220000/nitemtrade/getNitemtradeList,2026-08-10T15:32:56.923326+00:00
2021-06,2712200000,CN,중국,245,8052,762809,1005891,-997839,korea_customs_service,https://apis.data.go.kr/1220000/nitemtrade/getNitemtradeList,2026-08-10T15:32:56.923326+00:00
2021-07,2712200000,CN,중국,6602,42378,1097277,1427711,-1385333,korea_customs_service,https://apis.data.go.kr/1220000/nitemtrade/getNitemtradeList,2026-08-10T15:32:56.923326+00:00
2021-08,2712200000,CN,중국,248,931,621064,824984,-824053,korea_customs_service,https://apis.data.go.kr/1220000/nitemtrade/getNitemtradeList,2026-08-10T15:32:56.923326+00:00
2021-09,2712200000,CN,중국,413,4339,655825,886535,-882196,korea_customs_service,https://apis.data.go.kr/1220000/nitemtrade/getNitemtradeList,2026-08-10T15:32:56.923326+00:00
2021-10,2712200000,CN,중국,612,6319,1007501,1378966,-1372647,korea_customs_service,https://apis.data.go.kr/1220000/nitemtrade/getNitemtradeList,2026-08-10T15:32:56.923326+00:00
2021-11,2712200000,CN,중국,1247,10234,1441027,2091333,-2081099,korea_customs_service,https://apis.data.go.kr/1220000/nitemtrade/getNitemtradeList,2026-08-10T15:32:56.923326+00:00
2021-12,2712200000,CN,중국,6168,30006,773316,1198039,-1168033,korea_customs_service,https://apis.data.go.kr/1220000/nitemtrade/getNitemtradeList,2026-08-10T15:32:56.923326+00:00
2022-01,2712200000,CN,중국,1197,6734,1087575,1690964,-1684230,korea_customs_service,https://apis.data.go.kr/1220000/nitemtrade/getNitemtradeList,2026-08-10T15:32:57.256690+00:00
2022-02,2712200000,CN,중국,15,218,936906,1478539,-1478321,korea_customs_service,https://apis.data.go.kr/1220000/nitemtrade/getNitemtradeList,2026-08-10T15:32:57.256690+00:00
2022-03,2712200000,CN,중국,141,507,543450,892935,-892428,korea_customs_service,https://apis.data.go.kr/1220000/nitemtrade/getNitemtradeList,2026-08-10T15:32:57.256690+00:00
2022-04,2712200000,CN,중국,99,1274,733775,1263375,-1262101,korea_customs_service,https://apis.data.go.kr/1220000/nitemtrade/getNitemtradeList,2026-08-10T15:32:57.256690+00:00
2022-05,2712200000,CN,중국,174,1828,1023705,1767954,-1766126,korea_customs_service,https://apis.data.go.kr/1220000/nitemtrade/getNitemtradeList,2026-08-10T15:32:57.256690+00:00
2022-06,2712200000,CN,중국,86,2413,552507,921572,-919159,korea_customs_service,https://apis.data.go.kr/1220000/nitemtrade/getNitemtradeList,2026-08-10T15:32:57.256690+00:00
2022-07,2712200000,CN,중국,157,1539,807915,1377662,-1376123,korea_customs_service,https://apis.data.go.kr/1220000/nitemtrade/getNitemtradeList,2026-08-10T15:32:57.256690+00:00
2022-08,2712200000,CN,중국,267,3705,540630,894060,-890355,korea_customs_service,https://apis.data.go.kr/1220000/nitemtrade/getNitemtradeList,2026-08-10T15:32:57.256690+00:00
2022-09,2712200000,CN,중국,9670,58851,630454,972329,-913478,korea_customs_service,https://apis.data.go.kr/1220000/nitemtrade/getNitemtradeList,2026-08-10T15:32:57.256690+00:00
2022-10,2712200000,CN,중국,744,4664,779474,1086158,-1081494,korea_customs_service,https://apis.data.go.kr/1220000/nitemtrade/getNitemtradeList,2026-08-10T15:32:57.256690+00:00
2022-11,2712200000,CN,중국,295,993,1004658,1317037,-1316044,korea_customs_service,https://apis.data.go.kr/1220000/nitemtrade/getNitemtradeList,2026-08-10T15:32:57.256690+00:00
2022-12,2712200000,CN,중국,494,5531,887246,1151942,-1146411,korea_customs_service,https://apis.data.go.kr/1220000/nitemtrade/getNitemtradeList,2026-08-10T15:32:57.256690+00:00
2023-01,2712200000,CN,중국,180,643,1029006,1256255,-1255612,korea_customs_service,https://apis.data.go.kr/1220000/nitemtrade/getNitemtradeList,2026-08-10T15:32:57.628273+00:00
2023-02,2712200000,CN,중국,65,422,1120133,1374105,-1373683,korea_customs_service,https://apis.data.go.kr/1220000/nitemtrade/getNitemtradeList,2026-08-10T15:32:57.628273+00:00
2023-03,2712200000,CN,중국,379,2502,1031747,1334926,-1332424,korea_customs_service,https://apis.data.go.kr/1220000/nitemtrade/getNitemtradeList,2026-08-10T15:32:57.628273+00:00
2023-04,2712200000,CN,중국,231,2108,1082451,1471410,-1469302,korea_customs_service,https://apis.data.go.kr/1220000/nitemtrade/getNitemtradeList,2026-08-10T15:32:57.628273+00:00
2023-05,2712200000,CN,중국,248,1044,937738,1292429,-1291385,korea_customs_service,https://apis.data.go.kr/1220000/nitemtrade/getNitemtradeList,2026-08-10T15:32:57.628273+00:00
2023-06,2712200000,CN,중국,228,4993,577640,812414,-807421,korea_customs_service,https://apis.data.go.kr/1220000/nitemtrade/getNitemtradeList,2026-08-10T15:32:57.628273+00:00
2023-07,2712200000,CN,중국,43,1303,1045445,1499458,-1498155,korea_customs_service,https://apis.data.go.kr/1220000/nitemtrade/getNitemtradeList,2026-08-10T15:32:57.628273+00:00
2023-08,2712200000,CN,중국,264,2049,404855,563353,-561304,korea_customs_service,https://apis.data.go.kr/1220000/nitemtrade/getNitemtradeList,2026-08-10T15:32:57.628273+00:00
2023-09,2712200000,CN,중국,10335,22535,761886,1035978,-1013443,korea_customs_service,https://apis.data.go.kr/1220000/nitemtrade/getNitemtradeList,2026-08-10T15:32:57.628273+00:00
2023-10,2712200000,CN,중국,4685,21171,1003206,1329087,-1307916,korea_customs_service,https://apis.data.go.kr/1220000/nitemtrade/getNitemtradeList,2026-08-10T15:32:57.628273+00:00
2023-11,2712200000,CN,중국,377,2432,790294,1070328,-1067896,korea_customs_service,https://apis.data.go.kr/1220000/nitemtrade/getNitemtradeList,2026-08-10T15:32:57.628273+00:00
2023-12,2712200000,CN,중국,276,11870,691896,903089,-891219,korea_customs_service,https://apis.data.go.kr/1220000/nitemtrade/getNitemtradeList,2026-08-10T15:32:57.628273+00:00
2024-01,2712200000,CN,중국,341,3241,1072214,1390421,-1387180,korea_customs_service,https://apis.data.go.kr/1220000/nitemtrade/getNitemtradeList,2026-08-10T15:32:58.014837+00:00
2024-02,2712200000,CN,중국,437,4993,762105,964769,-959776,korea_customs_service,https://apis.data.go.kr/1220000/nitemtrade/getNitemtradeList,2026-08-10T15:32:58.014837+00:00
2024-03,2712200000,CN,중국,114,2949,932189,1215539,-1212590,korea_customs_service,https://apis.data.go.kr/1220000/nitemtrade/getNitemtradeList,2026-08-10T15:32:58.014837+00:00
2024-04,2712200000,CN,중국,211,1983,950366,1304771,-1302788,korea_customs_service,https://apis.data.go.kr/1220000/nitemtrade/getNitemtradeList,2026-08-10T15:32:58.014837+00:00
2024-05,2712200000,CN,중국,269,8704,792161,1103490,-1094786,korea_customs_service,https://apis.data.go.kr/1220000/nitemtrade/getNitemtradeList,2026-08-10T15:32:58.014837+00:00
2024-06,2712200000,CN,중국,231,3051,582009,777729,-774678,korea_customs_service,https://apis.data.go.kr/1220000/nitemtrade/getNitemtradeList,2026-08-10T15:32:58.014837+00:00
2024-07,2712200000,CN,중국,360,3442,799820,1009940,-1006498,korea_customs_service,https://apis.data.go.kr/1220000/nitemtrade/getNitemtradeList,2026-08-10T15:32:58.014837+00:00
2024-08,2712200000,CN,중국,377,4618,421721,538773,-534155,korea_customs_service,https://apis.data.go.kr/1220000/nitemtrade/getNitemtradeList,2026-08-10T15:32:58.014837+00:00
2024-09,2712200000,CN,중국,459,2887,910808,1186025,-1183138,korea_customs_service,https://apis.data.go.kr/1220000/nitemtrade/getNitemtradeList,2026-08-10T15:32:58.014837+00:00
2024-10,2712200000,CN,중국,13929,23268,889384,1177194,-1153926,korea_customs_service,https://apis.data.go.kr/1220000/nitemtrade/getNitemtradeList,2026-08-10T15:32:58.014837+00:00
2024-11,2712200000,CN,중국,545,5763,842453,1125820,-1120057,korea_customs_service,https://apis.data.go.kr/1220000/nitemtrade/getNitemtradeList,2026-08-10T15:32:58.014837+00:00
2024-12,2712200000,CN,중국,623,3343,896073,1196232,-1192889,korea_customs_service,https://apis.data.go.kr/1220000/nitemtrade/getNitemtradeList,2026-08-10T15:32:58.014837+00:00
2025-01,2712200000,CN,중국,914,5461,720299,978358,-972897,korea_customs_service,https://apis.data.go.kr/1220000/nitemtrade/getNitemtradeList,2026-08-10T15:32:58.388207+00:00
2025-02,2712200000,CN,중국,378,7236,669005,881882,-874646,korea_customs_service,https://apis.data.go.kr/1220000/nitemtrade/getNitemtradeList,2026-08-10T15:32:58.388207+00:00
2025-03,2712200000,CN,중국,1094,6046,607997,824460,-818414,korea_customs_service,https://apis.data.go.kr/1220000/nitemtrade/getNitemtradeList,2026-08-10T15:32:58.388207+00:00
2025-04,2712200000,CN,중국,236,4996,526927,723185,-718189,korea_customs_service,https://apis.data.go.kr/1220000/nitemtrade/getNitemtradeList,2026-08-10T15:32:58.388207+00:00
2025-05,2712200000,CN,중국,222,3142,579610,763166,-760024,korea_customs_service,https://apis.data.go.kr/1220000/nitemtrade/getNitemtradeList,2026-08-10T15:32:58.388207+00:00
2025-06,2712200000,CN,중국,216,2784,545196,690912,-688128,korea_customs_service,https://apis.data.go.kr/1220000/nitemtrade/getNitemtradeList,2026-08-10T15:32:58.388207+00:00
2025-07,2712200000,CN,중국,314,5675,733470,974732,-969057,korea_customs_service,https://apis.data.go.kr/1220000/nitemtrade/getNitemtradeList,2026-08-10T15:32:58.388207+00:00
2025-08,2712200000,CN,중국,267,3870,426302,607087,-603217,korea_customs_service,https://apis.data.go.kr/1220000/nitemtrade/getNitemtradeList,2026-08-10T15:32:58.388207+00:00
2025-09,2712200000,CN,중국,568,4873,607613,824158,-819285,korea_customs_service,https://apis.data.go.kr/1220000/nitemtrade/getNitemtradeList,2026-08-10T15:32:58.388207+00:00
2025-10,2712200000,CN,중국,679,6680,257567,367259,-360579,korea_customs_service,https://apis.data.go.kr/1220000/nitemtrade/getNitemtradeList,2026-08-10T15:32:58.388207+00:00
2025-11,2712200000,CN,중국,786,17696,792729,991743,-974047,korea_customs_service,https://apis.data.go.kr/1220000/nitemtrade/getNitemtradeList,2026-08-10T15:32:58.388207+00:00
2025-12,2712200000,CN,중국,611,4133,1048520,1299059,-1294926,korea_customs_service,https://apis.data.go.kr/1220000/nitemtrade/getNitemtradeList,2026-08-10T15:32:58.388207+00:00
2026-01,2712200000,CN,중국,646,4615,406634,481134,-476519,korea_customs_service,https://apis.data.go.kr/1220000/nitemtrade/getNitemtradeList,2026-08-10T15:32:58.729791+00:00
2026-02,2712200000,CN,중국,148,4406,584392,683832,-679426,korea_customs_service,https://apis.data.go.kr/1220000/nitemtrade/getNitemtradeList,2026-08-10T15:32:58.729791+00:00
2026-03,2712200000,CN,중국,86,4707,820539,970826,-966119,korea_customs_service,https://apis.data.go.kr/1220000/nitemtrade/getNitemtradeList,2026-08-10T15:32:58.729791+00:00
2026-04,2712200000,CN,중국,396,4381,1105772,1567528,-1563147,korea_customs_service,https://apis.data.go.kr/1220000/nitemtrade/getNitemtradeList,2026-08-10T15:32:58.729791+00:00
2026-05,2712200000,CN,중국,112,4361,710051,1023755,-1019394,korea_customs_service,https://apis.data.go.kr/1220000/nitemtrade/getNitemtradeList,2026-08-10T15:32:58.729791+00:00
2026-06,2712200000,CN,중국,213,2126,435713,658084,-655958,korea_customs_service,https://apis.data.go.kr/1220000/nitemtrade/getNitemtradeList,2026-08-10T15:32:58.729791+00:00
2023-08,2816101000,AE,아랍에미리트 연합,250,1242,0,0,1242,korea_customs_service,https://apis.data.go.kr/1220000/nitemtrade/getNitemtradeList,2026-08-10T12:44:42.728249+00:00
2023-10,2816101000,AE,아랍에미리트 연합,0,0,0,0,0,korea_customs_service,https://apis.data.go.kr/1220000/nitemtrade/getNitemtradeList,2026-08-10T12:44:42.728249+00:00
2024-03,2816101000,AE,아랍에미리트 연합,250,1197,0,0,1197,korea_customs_service,https://apis.data.go.kr/1220000/nitemtrade/getNitemtradeList,2026-08-10T12:44:43.107420+00:00
2024-03,2816101000,KW,쿠웨이트,300,2538,0,0,2538,korea_customs_service,https://apis.data.go.kr/1220000/nitemtrade/getNitemtradeList,2026-08-10T12:46:07.115699+00:00
2024-11,2816101000,KW,쿠웨이트,200,2635,0,0,2635,korea_customs_service,https://apis.data.go.kr/1220000/nitemtrade/getNitemtradeList,2026-08-10T12:46:07.115699+00:00
2025-05,2816101000,KW,쿠웨이트,510,4233,0,0,4233,korea_customs_service,https://apis.data.go.kr/1220000/nitemtrade/getNitemtradeList,2026-08-10T12:46:07.525103+00:00
2023-06,2816101000,QA,카타르,395,6885,0,0,6885,korea_customs_service,https://apis.data.go.kr/1220000/nitemtrade/getNitemtradeList,2026-08-10T12:47:32.923897+00:00
2024-06,2816101000,QA,카타르,400,3905,0,0,3905,korea_customs_service,https://apis.data.go.kr/1220000/nitemtrade/getNitemtradeList,2026-08-10T12:47:33.315885+00:00
2025-01,2816101000,QA,카타르,200,1920,0,0,1920,korea_customs_service,https://apis.data.go.kr/1220000/nitemtrade/getNitemtradeList,2026-08-10T12:47:33.693762+00:00
2023-09,2827100000,AE,아랍에미리트 연합,82,480,0,0,480,korea_customs_service,https://apis.data.go.kr/1220000/nitemtrade/getNitemtradeList,2026-08-10T12:44:44.033333+00:00
2024-06,2827100000,AE,아랍에미리트 연합,20,112,0,0,112,korea_customs_service,https://apis.data.go.kr/1220000/nitemtrade/getNitemtradeList,2026-08-10T12:44:44.437113+00:00
2024-07,2827100000,AE,아랍에미리트 연합,48,284,0,0,284,korea_customs_service,https://apis.data.go.kr/1220000/nitemtrade/getNitemtradeList,2026-08-10T12:44:44.437113+00:00
2025-01,2827100000,AE,아랍에미리트 연합,20,111,0,0,111,korea_customs_service,https://apis.data.go.kr/1220000/nitemtrade/getNitemtradeList,2026-08-10T12:44:44.841791+00:00
2025-02,2827100000,AE,아랍에미리트 연합,60,362,0,0,362,korea_customs_service,https://apis.data.go.kr/1220000/nitemtrade/getNitemtradeList,2026-08-10T12:44:44.841791+00:00
2025-03,2827100000,AE,아랍에미리트 연합,122,1010,0,0,1010,korea_customs_service,https://apis.data.go.kr/1220000/nitemtrade/getNitemtradeList,2026-08-10T12:44:44.841791+00:00
2023-10,2827100000,OM,오만,7,1800,0,0,1800,korea_customs_service,https://apis.data.go.kr/1220000/nitemtrade/getNitemtradeList,2026-08-10T12:46:51.625069+00:00
2023-08,2827200000,AE,아랍에미리트 연합,250,1915,0,0,1915,korea_customs_service,https://apis.data.go.kr/1220000/nitemtrade/getNitemtradeList,2026-08-10T12:44:45.366887+00:00
2023-09,2827200000,AE,아랍에미리트 연합,15,109,0,0,109,korea_customs_service,https://apis.data.go.kr/1220000/nitemtrade/getNitemtradeList,2026-08-10T12:44:45.366887+00:00
2024-01,2827200000,AE,아랍에미리트 연합,17472,59914,0,0,59914,korea_customs_service,https://apis.data.go.kr/1220000/nitemtrade/getNitemtradeList,2026-08-10T12:44:45.765853+00:00
2024-06,2827200000,AE,아랍에미리트 연합,60,402,0,0,402,korea_customs_service,https://apis.data.go.kr/1220000/nitemtrade/getNitemtradeList,2026-08-10T12:44:45.765853+00:00
2024-07,2827200000,AE,아랍에미리트 연합,6,56,0,0,56,korea_customs_service,https://apis.data.go.kr/1220000/nitemtrade/getNitemtradeList,2026-08-10T12:44:45.765853+00:00
2024-08,2827200000,AE,아랍에미리트 연합,50,384,0,0,384,korea_customs_service,https://apis.data.go.kr/1220000/nitemtrade/getNitemtradeList,2026-08-10T12:44:45.765853+00:00
2025-08,2827200000,AE,아랍에미리트 연합,20,177,0,0,177,korea_customs_service,https://apis.data.go.kr/1220000/nitemtrade/getNitemtradeList,2026-08-10T12:44:46.160712+00:00
2025-09,2827200000,AE,아랍에미리트 연합,100,991,0,0,991,korea_customs_service,https://apis.data.go.kr/1220000/nitemtrade/getNitemtradeList,2026-08-10T12:44:46.160712+00:00
2024-06,2827609010,AE,아랍에미리트 연합,50,4953,0,0,4953,korea_customs_service,https://apis.data.go.kr/1220000/nitemtrade/getNitemtradeList,2026-08-10T12:44:47.040999+00:00
2024-08,2827609010,AE,아랍에미리트 연합,25,3154,0,0,3154,korea_customs_service,https://apis.data.go.kr/1220000/nitemtrade/getNitemtradeList,2026-08-10T12:44:47.040999+00:00
2025-01,2827609010,AE,아랍에미리트 연합,10,600,0,0,600,korea_customs_service,https://apis.data.go.kr/1220000/nitemtrade/getNitemtradeList,2026-08-10T12:44:47.439054+00:00
2025-09,2827609010,AE,아랍에미리트 연합,25,3152,0,0,3152,korea_customs_service,https://apis.data.go.kr/1220000/nitemtrade/getNitemtradeList,2026-08-10T12:44:47.439054+00:00
2023-07,2836500000,AE,아랍에미리트 연합,48000,31920,0,0,31920,korea_customs_service,https://apis.data.go.kr/1220000/nitemtrade/getNitemtradeList,2026-08-10T12:44:47.938665+00:00
2023-09,2836500000,AE,아랍에미리트 연합,50,299,0,0,299,korea_customs_service,https://apis.data.go.kr/1220000/nitemtrade/getNitemtradeList,2026-08-10T12:44:47.938665+00:00
2023-10,2836500000,AE,아랍에미리트 연합,48015,31695,0,0,31695,korea_customs_service,https://apis.data.go.kr/1220000/nitemtrade/getNitemtradeList,2026-08-10T12:44:47.938665+00:00
2023-11,2836500000,AE,아랍에미리트 연합,9000,5220,0,0,5220,korea_customs_service,https://apis.data.go.kr/1220000/nitemtrade/getNitemtradeList,2026-08-10T12:44:47.938665+00:00
2024-05,2836500000,AE,아랍에미리트 연합,0,0,1,24,-24,korea_customs_service,https://apis.data.go.kr/1220000/nitemtrade/getNitemtradeList,2026-08-10T12:44:48.356224+00:00
2024-06,2836500000,AE,아랍에미리트 연합,10,47,0,0,47,korea_customs_service,https://apis.data.go.kr/1220000/nitemtrade/getNitemtradeList,2026-08-10T12:44:48.356224+00:00
2024-08,2836500000,AE,아랍에미리트 연합,10500,6090,0,0,6090,korea_customs_service,https://apis.data.go.kr/1220000/nitemtrade/getNitemtradeList,2026-08-10T12:44:48.356224+00:00
2024-12,2836500000,AE,아랍에미리트 연합,48000,32160,0,0,32160,korea_customs_service,https://apis.data.go.kr/1220000/nitemtrade/getNitemtradeList,2026-08-10T12:44:48.356224+00:00
2025-02,2836500000,AE,아랍에미리트 연합,48000,32160,0,0,32160,korea_customs_service,https://apis.data.go.kr/1220000/nitemtrade/getNitemtradeList,2026-08-10T12:44:48.758686+00:00
2025-08,2836500000,AE,아랍에미리트 연합,10500,6090,0,0,6090,korea_customs_service,https://apis.data.go.kr/1220000/nitemtrade/getNitemtradeList,2026-08-10T12:44:48.758686+00:00
2025-09,2918111000,AE,아랍에미리트 연합,25,270,0,0,270,korea_customs_service,https://apis.data.go.kr/1220000/nitemtrade/getNitemtradeList,2026-08-10T12:44:51.375578+00:00
2024-11,2924299010,AE,아랍에미리트 연합,1,9,0,0,9,korea_customs_service,https://apis.data.go.kr/1220000/nitemtrade/getNitemtradeList,2026-08-10T12:44:53.535681+00:00
2024-01,2936271000,AE,아랍에미리트 연합,6,177,0,0,177,korea_customs_service,https://apis.data.go.kr/1220000/nitemtrade/getNitemtradeList,2026-08-10T12:44:54.859100+00:00
2024-06,2936271000,AE,아랍에미리트 연합,5,112,0,0,112,korea_customs_service,https://apis.data.go.kr/1220000/nitemtrade/getNitemtradeList,2026-08-10T12:44:54.859100+00:00
2023-09,3104200000,AE,아랍에미리트 연합,97,582,0,0,582,korea_customs_service,https://apis.data.go.kr/1220000/nitemtrade/getNitemtradeList,2026-08-10T12:45:00.968025+00:00
2024-07,3104200000,AE,아랍에미리트 연합,24,151,0,0,151,korea_customs_service,https://apis.data.go.kr/1220000/nitemtrade/getNitemtradeList,2026-08-10T12:45:01.347249+00:00
2025-01,3104200000,AE,아랍에미리트 연합,20,76,0,0,76,korea_customs_service,https://apis.data.go.kr/1220000/nitemtrade/getNitemtradeList,2026-08-10T12:45:01.749340+00:00
2025-03,3104200000,AE,아랍에미리트 연합,72,452,0,0,452,korea_customs_service,https://apis.data.go.kr/1220000/nitemtrade/getNitemtradeList,2026-08-10T12:45:01.749340+00:00
2023-01,3901101000,AE,아랍에미리트 연합,49500,55572,26000,31200,24372,korea_customs_service,https://apis.data.go.kr/1220000/nitemtrade/getNitemtradeList,2026-08-10T12:45:02.280674+00:00
2023-02,3901101000,AE,아랍에미리트 연합,29600,50342,117000,142220,-91878,korea_customs_service,https://apis.data.go.kr/1220000/nitemtrade/getNitemtradeList,2026-08-10T12:45:02.280674+00:00
2023-03,3901101000,AE,아랍에미리트 연합,9000,27348,273000,337740,-310392,korea_customs_service,https://apis.data.go.kr/1220000/nitemtrade/getNitemtradeList,2026-08-10T12:45:02.280674+00:00
2023-04,3901101000,AE,아랍에미리트 연합,0,0,65000,81341,-81341,korea_customs_service,https://apis.data.go.kr/1220000/nitemtrade/getNitemtradeList,2026-08-10T12:45:02.280674+00:00
2023-05,3901101000,AE,아랍에미리트 연합,96000,128419,0,0,128419,korea_customs_service,https://apis.data.go.kr/1220000/nitemtrade/getNitemtradeList,2026-08-10T12:45:02.280674+00:00
2023-06,3901101000,AE,아랍에미리트 연합,0,0,50750,61871,-61871,korea_customs_service,https://apis.data.go.kr/1220000/nitemtrade/getNitemtradeList,2026-08-10T12:45:02.280674+00:00
2023-07,3901101000,AE,아랍에미리트 연합,0,0,26000,32500,-32500,korea_customs_service,https://apis.data.go.kr/1220000/nitemtrade/getNitemtradeList,2026-08-10T12:45:02.280674+00:00
2023-08,3901101000,AE,아랍에미리트 연합,10200,30484,26000,31200,-716,korea_customs_service,https://apis.data.go.kr/1220000/nitemtrade/getNitemtradeList,2026-08-10T12:45:02.280674+00:00
2023-09,3901101000,AE,아랍에미리트 연합,0,0,45500,55857,-55857,korea_customs_service,https://apis.data.go.kr/1220000/nitemtrade/getNitemtradeList,2026-08-10T12:45:02.280674+00:00
2023-10,3901101000,AE,아랍에미리트 연합,0,0,44000,44880,-44880,korea_customs_service,https://apis.data.go.kr/1220000/nitemtrade/getNitemtradeList,2026-08-10T12:45:02.280674+00:00
2023-11,3901101000,AE,아랍에미리트 연합,0,0,52000,63200,-63200,korea_customs_service,https://apis.data.go.kr/1220000/nitemtrade/getNitemtradeList,2026-08-10T12:45:02.280674+00:00
2024-01,3901101000,AE,아랍에미리트 연합,10200,32833,52000,65000,-32167,korea_customs_service,https://apis.data.go.kr/1220000/nitemtrade/getNitemtradeList,2026-08-10T12:45:02.637099+00:00
2024-04,3901101000,AE,아랍에미리트 연합,0,0,161500,179716,-179716,korea_customs_service,https://apis.data.go.kr/1220000/nitemtrade/getNitemtradeList,2026-08-10T12:45:02.637099+00:00
2024-05,3901101000,AE,아랍에미리트 연합,144000,199540,13000,15340,184200,korea_customs_service,https://apis.data.go.kr/1220000/nitemtrade/getNitemtradeList,2026-08-10T12:45:02.637099+00:00
2024-06,3901101000,AE,아랍에미리트 연합,144000,196392,74250,83902,112490,korea_customs_service,https://apis.data.go.kr/1220000/nitemtrade/getNitemtradeList,2026-08-10T12:45:02.637099+00:00
2024-07,3901101000,AE,아랍에미리트 연합,0,0,13000,15340,-15340,korea_customs_service,https://apis.data.go.kr/1220000/nitemtrade/getNitemtradeList,2026-08-10T12:45:02.637099+00:00
2024-08,3901101000,AE,아랍에미리트 연합,10200,29580,24750,27487,2093,korea_customs_service,https://apis.data.go.kr/1220000/nitemtrade/getNitemtradeList,2026-08-10T12:45:02.637099+00:00
2024-09,3901101000,AE,아랍에미리트 연합,0,0,74250,86221,-86221,korea_customs_service,https://apis.data.go.kr/1220000/nitemtrade/getNitemtradeList,2026-08-10T12:45:02.637099+00:00
2024-10,3901101000,AE,아랍에미리트 연합,96000,123792,138000,157034,-33242,korea_customs_service,https://apis.data.go.kr/1220000/nitemtrade/getNitemtradeList,2026-08-10T12:45:02.637099+00:00
2024-11,3901101000,AE,아랍에미리트 연합,0,0,125000,138023,-138023,korea_customs_service,https://apis.data.go.kr/1220000/nitemtrade/getNitemtradeList,2026-08-10T12:45:02.637099+00:00
2024-12,3901101000,AE,아랍에미리트 연합,35300,69008,24750,26977,42031,korea_customs_service,https://apis.data.go.kr/1220000/nitemtrade/getNitemtradeList,2026-08-10T12:45:02.637099+00:00
2025-01,3901101000,AE,아랍에미리트 연합,13000,39300,0,0,39300,korea_customs_service,https://apis.data.go.kr/1220000/nitemtrade/getNitemtradeList,2026-08-10T12:45:03.026136+00:00
2025-03,3901101000,AE,아랍에미리트 연합,0,0,151000,170813,-170813,korea_customs_service,https://apis.data.go.kr/1220000/nitemtrade/getNitemtradeList,2026-08-10T12:45:03.026136+00:00
2025-04,3901101000,AE,아랍에미리트 연합,2000,2859,49500,55440,-52581,korea_customs_service,https://apis.data.go.kr/1220000/nitemtrade/getNitemtradeList,2026-08-10T12:45:03.026136+00:00
2025-05,3901101000,AE,아랍에미리트 연합,24000,22580,136750,153593,-131013,korea_customs_service,https://apis.data.go.kr/1220000/nitemtrade/getNitemtradeList,2026-08-10T12:45:03.026136+00:00
2025-06,3901101000,AE,아랍에미리트 연합,0,0,162776,210102,-210102,korea_customs_service,https://apis.data.go.kr/1220000/nitemtrade/getNitemtradeList,2026-08-10T12:45:03.026136+00:00
2025-07,3901101000,AE,아랍에미리트 연합,16200,44280,62500,69067,-24787,korea_customs_service,https://apis.data.go.kr/1220000/nitemtrade/getNitemtradeList,2026-08-10T12:45:03.026136+00:00
2025-08,3901101000,AE,아랍에미리트 연합,29400,52960,62500,67575,-14615,korea_customs_service,https://apis.data.go.kr/1220000/nitemtrade/getNitemtradeList,2026-08-10T12:45:03.026136+00:00
2025-09,3901101000,AE,아랍에미리트 연합,0,0,75500,81195,-81195,korea_customs_service,https://apis.data.go.kr/1220000/nitemtrade/getNitemtradeList,2026-08-10T12:45:03.026136+00:00
2025-10,3901101000,AE,아랍에미리트 연합,120000,139493,26,31200,108293,korea_customs_service,https://apis.data.go.kr/1220000/nitemtrade/getNitemtradeList,2026-08-10T12:45:03.026136+00:00
2025-11,3901101000,AE,아랍에미리트 연합,240000,245618,88500,96169,149449,korea_customs_service,https://apis.data.go.kr/1220000/nitemtrade/getNitemtradeList,2026-08-10T12:45:03.026136+00:00
2025-12,3901101000,AE,아랍에미리트 연합,0,0,124250,114207,-114207,korea_customs_service,https://apis.data.go.kr/1220000/nitemtrade/getNitemtradeList,2026-08-10T12:45:03.026136+00:00
2026-02,3901101000,AE,아랍에미리트 연합,24000,26400,0,0,26400,korea_customs_service,https://apis.data.go.kr/1220000/nitemtrade/getNitemtradeList,2026-08-10T12:45:03.367810+00:00
2026-03,3901101000,AE,아랍에미리트 연합,0,0,13000,14300,-14300,korea_customs_service,https://apis.data.go.kr/1220000/nitemtrade/getNitemtradeList,2026-08-10T12:45:03.367810+00:00
2026-06,3901101000,AE,아랍에미리트 연합,11500,35950,26000,54600,-18650,korea_customs_service,https://apis.data.go.kr/1220000/nitemtrade/getNitemtradeList,2026-08-10T12:45:03.367810+00:00
2018-01,3901101000,CN,중국,10563260,13005532,24716,46388,12959144,korea_customs_service,https://apis.data.go.kr/1220000/nitemtrade/getNitemtradeList,2026-08-10T15:32:58.890150+00:00
2018-02,3901101000,CN,중국,9465315,12415072,18046,28798,12386274,korea_customs_service,https://apis.data.go.kr/1220000/nitemtrade/getNitemtradeList,2026-08-10T15:32:58.890150+00:00
2018-03,3901101000,CN,중국,13341244,17498506,46880,2941,17495565,korea_customs_service,https://apis.data.go.kr/1220000/nitemtrade/getNitemtradeList,2026-08-10T15:32:58.890150+00:00
2018-04,3901101000,CN,중국,14887280,19062870,56253,73642,18989228,korea_customs_service,https://apis.data.go.kr/1220000/nitemtrade/getNitemtradeList,2026-08-10T15:32:58.890150+00:00
2018-05,3901101000,CN,중국,13985075,18694563,2349,3559,18691004,korea_customs_service,https://apis.data.go.kr/1220000/nitemtrade/getNitemtradeList,2026-08-10T15:32:58.890150+00:00
2018-06,3901101000,CN,중국,17295380,23672557,4260,8975,23663582,korea_customs_service,https://apis.data.go.kr/1220000/nitemtrade/getNitemtradeList,2026-08-10T15:32:58.890150+00:00
2018-07,3901101000,CN,중국,14385840,19263646,28254,41480,19222166,korea_customs_service,https://apis.data.go.kr/1220000/nitemtrade/getNitemtradeList,2026-08-10T15:32:58.890150+00:00
2018-08,3901101000,CN,중국,14277305,19068059,1275,1965,19066094,korea_customs_service,https://apis.data.go.kr/1220000/nitemtrade/getNitemtradeList,2026-08-10T15:32:58.890150+00:00
2018-09,3901101000,CN,중국,13474430,17909036,25986,5824,17903212,korea_customs_service,https://apis.data.go.kr/1220000/nitemtrade/getNitemtradeList,2026-08-10T15:32:58.890150+00:00
2018-10,3901101000,CN,중국,9586752,12571356,1162,2124,12569232,korea_customs_service,https://apis.data.go.kr/1220000/nitemtrade/getNitemtradeList,2026-08-10T15:32:58.890150+00:00
2018-11,3901101000,CN,중국,13111890,15961846,7141,14329,15947517,korea_customs_service,https://apis.data.go.kr/1220000/nitemtrade/getNitemtradeList,2026-08-10T15:32:58.890150+00:00
2018-12,3901101000,CN,중국,11062255,12472174,2607,4273,12467901,korea_customs_service,https://apis.data.go.kr/1220000/nitemtrade/getNitemtradeList,2026-08-10T15:32:58.890150+00:00
2019-01,3901101000,CN,중국,10733145,12129884,6663,12573,12117311,korea_customs_service,https://apis.data.go.kr/1220000/nitemtrade/getNitemtradeList,2026-08-10T15:32:59.257648+00:00
2019-02,3901101000,CN,중국,12264635,14002621,52,238,14002383,korea_customs_service,https://apis.data.go.kr/1220000/nitemtrade/getNitemtradeList,2026-08-10T15:32:59.257648+00:00
2019-03,3901101000,CN,중국,11375719,13433199,3000,6842,13426357,korea_customs_service,https://apis.data.go.kr/1220000/nitemtrade/getNitemtradeList,2026-08-10T15:32:59.257648+00:00
2019-04,3901101000,CN,중국,12705126,15664187,1538,3472,15660715,korea_customs_service,https://apis.data.go.kr/1220000/nitemtrade/getNitemtradeList,2026-08-10T15:32:59.257648+00:00
2019-05,3901101000,CN,중국,14512480,17998595,14863,9264,17989331,korea_customs_service,https://apis.data.go.kr/1220000/nitemtrade/getNitemtradeList,2026-08-10T15:32:59.257648+00:00
2019-06,3901101000,CN,중국,13797675,16150652,26008,20834,16129818,korea_customs_service,https://apis.data.go.kr/1220000/nitemtrade/getNitemtradeList,2026-08-10T15:32:59.257648+00:00
2019-07,3901101000,CN,중국,19935385,23455508,7888,10757,23444751,korea_customs_service,https://apis.data.go.kr/1220000/nitemtrade/getNitemtradeList,2026-08-10T15:32:59.257648+00:00
2019-08,3901101000,CN,중국,20234070,23535264,7479,14656,23520608,korea_customs_service,https://apis.data.go.kr/1220000/nitemtrade/getNitemtradeList,2026-08-10T15:32:59.257648+00:00
2019-09,3901101000,CN,중국,17292517,19016623,66800,91590,18925033,korea_customs_service,https://apis.data.go.kr/1220000/nitemtrade/getNitemtradeList,2026-08-10T15:32:59.257648+00:00
2019-10,3901101000,CN,중국,19644590,19768136,170888,243270,19524866,korea_customs_service,https://apis.data.go.kr/1220000/nitemtrade/getNitemtradeList,2026-08-10T15:32:59.257648+00:00
2019-11,3901101000,CN,중국,17948015,17864600,142799,218728,17645872,korea_customs_service,https://apis.data.go.kr/1220000/nitemtrade/getNitemtradeList,2026-08-10T15:32:59.257648+00:00
2019-12,3901101000,CN,중국,17780325,17253968,512321,648913,16605055,korea_customs_service,https://apis.data.go.kr/1220000/nitemtrade/getNitemtradeList,2026-08-10T15:32:59.257648+00:00
2020-01,3901101000,CN,중국,14600860,15049767,348601,479660,14570107,korea_customs_service,https://apis.data.go.kr/1220000/nitemtrade/getNitemtradeList,2026-08-10T15:32:59.616080+00:00
2020-02,3901101000,CN,중국,13926190,15408660,182731,361025,15047635,korea_customs_service,https://apis.data.go.kr/1220000/nitemtrade/getNitemtradeList,2026-08-10T15:32:59.616080+00:00
2020-03,3901101000,CN,중국,7099615,6792436,481796,1023516,5768920,korea_customs_service,https://apis.data.go.kr/1220000/nitemtrade/getNitemtradeList,2026-08-10T15:32:59.616080+00:00
2020-04,3901101000,CN,중국,12143965,10175310,446808,619985,9555325,korea_customs_service,https://apis.data.go.kr/1220000/nitemtrade/getNitemtradeList,2026-08-10T15:32:59.616080+00:00
2020-05,3901101000,CN,중국,15095796,12040810,384345,658329,11382481,korea_customs_service,https://apis.data.go.kr/1220000/nitemtrade/getNitemtradeList,2026-08-10T15:32:59.616080+00:00
2020-06,3901101000,CN,중국,11203100,8815597,156705,233297,8582300,korea_customs_service,https://apis.data.go.kr/1220000/nitemtrade/getNitemtradeList,2026-08-10T15:32:59.616080+00:00
2020-07,3901101000,CN,중국,11904990,10557889,278178,385223,10172666,korea_customs_service,https://apis.data.go.kr/1220000/nitemtrade/getNitemtradeList,2026-08-10T15:32:59.616080+00:00
2020-08,3901101000,CN,중국,15027400,14692503,595000,735845,13956658,korea_customs_service,https://apis.data.go.kr/1220000/nitemtrade/getNitemtradeList,2026-08-10T15:32:59.616080+00:00
2020-09,3901101000,CN,중국,18917050,19678062,412755,593137,19084925,korea_customs_service,https://apis.data.go.kr/1220000/nitemtrade/getNitemtradeList,2026-08-10T15:32:59.616080+00:00
2020-10,3901101000,CN,중국,17623857,18358996,282200,487496,17871500,korea_customs_service,https://apis.data.go.kr/1220000/nitemtrade/getNitemtradeList,2026-08-10T15:32:59.616080+00:00
2020-11,3901101000,CN,중국,12601837,12948798,311692,895466,12053332,korea_customs_service,https://apis.data.go.kr/1220000/nitemtrade/getNitemtradeList,2026-08-10T15:32:59.616080+00:00
2020-12,3901101000,CN,중국,9747160,9832402,419442,762658,9069744,korea_customs_service,https://apis.data.go.kr/1220000/nitemtrade/getNitemtradeList,2026-08-10T15:32:59.616080+00:00
2021-01,3901101000,CN,중국,11312625,12342060,325000,598052,11744008,korea_customs_service,https://apis.data.go.kr/1220000/nitemtrade/getNitemtradeList,2026-08-10T15:32:59.972669+00:00
2021-02,3901101000,CN,중국,18729920,20565862,499000,1094537,19471325,korea_customs_service,https://apis.data.go.kr/1220000/nitemtrade/getNitemtradeList,2026-08-10T15:32:59.972669+00:00
2021-03,3901101000,CN,중국,21997745,27097987,476874,1145188,25952799,korea_customs_service,https://apis.data.go.kr/1220000/nitemtrade/getNitemtradeList,2026-08-10T15:32:59.972669+00:00
2021-04,3901101000,CN,중국,22118945,28814641,292205,562965,28251676,korea_customs_service,https://apis.data.go.kr/1220000/nitemtrade/getNitemtradeList,2026-08-10T15:32:59.972669+00:00
2021-05,3901101000,CN,중국,14920365,19150107,539169,1016324,18133783,korea_customs_service,https://apis.data.go.kr/1220000/nitemtrade/getNitemtradeList,2026-08-10T15:32:59.972669+00:00
2021-06,3901101000,CN,중국,16239230,20542016,454581,1005824,19536192,korea_customs_service,https://apis.data.go.kr/1220000/nitemtrade/getNitemtradeList,2026-08-10T15:32:59.972669+00:00
2021-07,3901101000,CN,중국,24177747,29404847,455442,984576,28420271,korea_customs_service,https://apis.data.go.kr/1220000/nitemtrade/getNitemtradeList,2026-08-10T15:32:59.972669+00:00
2021-08,3901101000,CN,중국,18143350,23208272,816277,1580414,21627858,korea_customs_service,https://apis.data.go.kr/1220000/nitemtrade/getNitemtradeList,2026-08-10T15:32:59.972669+00:00
2021-09,3901101000,CN,중국,24738325,30744935,55553,86198,30658737,korea_customs_service,https://apis.data.go.kr/1220000/nitemtrade/getNitemtradeList,2026-08-10T15:32:59.972669+00:00
2021-10,3901101000,CN,중국,15552205,19564270,142514,273627,19290643,korea_customs_service,https://apis.data.go.kr/1220000/nitemtrade/getNitemtradeList,2026-08-10T15:32:59.972669+00:00
2021-11,3901101000,CN,중국,8516500,10847311,436081,1257886,9589425,korea_customs_service,https://apis.data.go.kr/1220000/nitemtrade/getNitemtradeList,2026-08-10T15:32:59.972669+00:00
2021-12,3901101000,CN,중국,13584396,17500334,187500,643613,16856721,korea_customs_service,https://apis.data.go.kr/1220000/nitemtrade/getNitemtradeList,2026-08-10T15:32:59.972669+00:00
2022-01,3901101000,CN,중국,17794775,21814905,131850,326095,21488810,korea_customs_service,https://apis.data.go.kr/1220000/nitemtrade/getNitemtradeList,2026-08-10T15:33:00.341933+00:00
2022-02,3901101000,CN,중국,15471710,20174825,416114,1147945,19026880,korea_customs_service,https://apis.data.go.kr/1220000/nitemtrade/getNitemtradeList,2026-08-10T15:33:00.341933+00:00
2022-03,3901101000,CN,중국,8509990,12036342,327545,875775,11160567,korea_customs_service,https://apis.data.go.kr/1220000/nitemtrade/getNitemtradeList,2026-08-10T15:33:00.341933+00:00
2022-04,3901101000,CN,중국,5364050,8729826,293676,846434,7883392,korea_customs_service,https://apis.data.go.kr/1220000/nitemtrade/getNitemtradeList,2026-08-10T15:33:00.341933+00:00
2022-05,3901101000,CN,중국,4376455,6394247,630537,1285596,5108651,korea_customs_service,https://apis.data.go.kr/1220000/nitemtrade/getNitemtradeList,2026-08-10T15:33:00.341933+00:00
2022-06,3901101000,CN,중국,9796848,13684212,638326,1590598,12093614,korea_customs_service,https://apis.data.go.kr/1220000/nitemtrade/getNitemtradeList,2026-08-10T15:33:00.341933+00:00
2022-07,3901101000,CN,중국,8474360,11001392,518523,1969995,9031397,korea_customs_service,https://apis.data.go.kr/1220000/nitemtrade/getNitemtradeList,2026-08-10T15:33:00.341933+00:00
2022-08,3901101000,CN,중국,6916575,8304196,669044,1345895,6958301,korea_customs_service,https://apis.data.go.kr/1220000/nitemtrade/getNitemtradeList,2026-08-10T15:33:00.341933+00:00
2022-09,3901101000,CN,중국,9375195,10573411,337753,703334,9870077,korea_customs_service,https://apis.data.go.kr/1220000/nitemtrade/getNitemtradeList,2026-08-10T15:33:00.341933+00:00
2022-10,3901101000,CN,중국,3879807,4611969,278125,589493,4022476,korea_customs_service,https://apis.data.go.kr/1220000/nitemtrade/getNitemtradeList,2026-08-10T15:33:00.341933+00:00
2022-11,3901101000,CN,중국,5660035,6569188,485317,906449,5662739,korea_customs_service,https://apis.data.go.kr/1220000/nitemtrade/getNitemtradeList,2026-08-10T15:33:00.341933+00:00
2022-12,3901101000,CN,중국,6404575,7228878,534325,933727,6295151,korea_customs_service,https://apis.data.go.kr/1220000/nitemtrade/getNitemtradeList,2026-08-10T15:33:00.341933+00:00
2023-01,3901101000,CN,중국,8004825,8810649,618836,1231877,7578772,korea_customs_service,https://apis.data.go.kr/1220000/nitemtrade/getNitemtradeList,2026-08-10T15:33:00.699507+00:00
2023-02,3901101000,CN,중국,8814450,10658861,166526,334648,10324213,korea_customs_service,https://apis.data.go.kr/1220000/nitemtrade/getNitemtradeList,2026-08-10T15:33:00.699507+00:00
2023-03,3901101000,CN,중국,7439650,9386376,415109,1148446,8237930,korea_customs_service,https://apis.data.go.kr/1220000/nitemtrade/getNitemtradeList,2026-08-10T15:33:00.699507+00:00
2023-04,3901101000,CN,중국,6266255,7437492,539750,1123272,6314220,korea_customs_service,https://apis.data.go.kr/1220000/nitemtrade/getNitemtradeList,2026-08-10T15:33:00.699507+00:00
2023-05,3901101000,CN,중국,6758200,7924513,701255,1435276,6489237,korea_customs_service,https://apis.data.go.kr/1220000/nitemtrade/getNitemtradeList,2026-08-10T15:33:00.699507+00:00
2023-06,3901101000,CN,중국,7560536,7918896,504050,713584,7205312,korea_customs_service,https://apis.data.go.kr/1220000/nitemtrade/getNitemtradeList,2026-08-10T15:33:00.699507+00:00
2023-07,3901101000,CN,중국,7472386,7748350,39680,45781,7702569,korea_customs_service,https://apis.data.go.kr/1220000/nitemtrade/getNitemtradeList,2026-08-10T15:33:00.699507+00:00
2023-08,3901101000,CN,중국,6143125,6340756,286500,580174,5760582,korea_customs_service,https://apis.data.go.kr/1220000/nitemtrade/getNitemtradeList,2026-08-10T15:33:00.699507+00:00
2023-09,3901101000,CN,중국,5456415,5865040,70150,98702,5766338,korea_customs_service,https://apis.data.go.kr/1220000/nitemtrade/getNitemtradeList,2026-08-10T15:33:00.699507+00:00
2023-10,3901101000,CN,중국,4446850,4769478,393606,769077,4000401,korea_customs_service,https://apis.data.go.kr/1220000/nitemtrade/getNitemtradeList,2026-08-10T15:33:00.699507+00:00
2023-11,3901101000,CN,중국,3553912,3963268,376500,737607,3225661,korea_customs_service,https://apis.data.go.kr/1220000/nitemtrade/getNitemtradeList,2026-08-10T15:33:00.699507+00:00
2023-12,3901101000,CN,중국,3406703,3806187,265000,522899,3283288,korea_customs_service,https://apis.data.go.kr/1220000/nitemtrade/getNitemtradeList,2026-08-10T15:33:00.699507+00:00
2024-01,3901101000,CN,중국,7697150,8327154,732129,1379557,6947597,korea_customs_service,https://apis.data.go.kr/1220000/nitemtrade/getNitemtradeList,2026-08-10T15:33:01.058866+00:00
2024-02,3901101000,CN,중국,7194950,7785750,343242,605601,7180149,korea_customs_service,https://apis.data.go.kr/1220000/nitemtrade/getNitemtradeList,2026-08-10T15:33:01.058866+00:00
2024-03,3901101000,CN,중국,4353507,5010624,531337,1128191,3882433,korea_customs_service,https://apis.data.go.kr/1220000/nitemtrade/getNitemtradeList,2026-08-10T15:33:01.058866+00:00
2024-04,3901101000,CN,중국,5758320,6270243,337502,703739,5566504,korea_customs_service,https://apis.data.go.kr/1220000/nitemtrade/getNitemtradeList,2026-08-10T15:33:01.058866+00:00
2024-05,3901101000,CN,중국,6797370,8035689,664259,1439967,6595722,korea_customs_service,https://apis.data.go.kr/1220000/nitemtrade/getNitemtradeList,2026-08-10T15:33:01.058866+00:00
2024-06,3901101000,CN,중국,7083185,7792315,946003,2547499,5244816,korea_customs_service,https://apis.data.go.kr/1220000/nitemtrade/getNitemtradeList,2026-08-10T15:33:01.058866+00:00
2024-07,3901101000,CN,중국,9042050,9736014,137712,205787,9530227,korea_customs_service,https://apis.data.go.kr/1220000/nitemtrade/getNitemtradeList,2026-08-10T15:33:01.058866+00:00
2024-08,3901101000,CN,중국,7106190,7587559,250693,371610,7215949,korea_customs_service,https://apis.data.go.kr/1220000/nitemtrade/getNitemtradeList,2026-08-10T15:33:01.058866+00:00
2024-09,3901101000,CN,중국,4295185,4414570,248589,369976,4044594,korea_customs_service,https://apis.data.go.kr/1220000/nitemtrade/getNitemtradeList,2026-08-10T15:33:01.058866+00:00
2024-10,3901101000,CN,중국,5323014,5766628,382551,724231,5042397,korea_customs_service,https://apis.data.go.kr/1220000/nitemtrade/getNitemtradeList,2026-08-10T15:33:01.058866+00:00
2024-11,3901101000,CN,중국,4513175,4845022,748860,1206240,3638782,korea_customs_service,https://apis.data.go.kr/1220000/nitemtrade/getNitemtradeList,2026-08-10T15:33:01.058866+00:00
2024-12,3901101000,CN,중국,5217955,5706222,649512,1462376,4243846,korea_customs_service,https://apis.data.go.kr/1220000/nitemtrade/getNitemtradeList,2026-08-10T15:33:01.058866+00:00
2025-01,3901101000,CN,중국,5682475,5831210,339451,948601,4882609,korea_customs_service,https://apis.data.go.kr/1220000/nitemtrade/getNitemtradeList,2026-08-10T15:33:01.463501+00:00
2025-02,3901101000,CN,중국,2420182,2778746,338601,674076,2104670,korea_customs_service,https://apis.data.go.kr/1220000/nitemtrade/getNitemtradeList,2026-08-10T15:33:01.463501+00:00
2025-03,3901101000,CN,중국,1686400,1900128,579705,997457,902671,korea_customs_service,https://apis.data.go.kr/1220000/nitemtrade/getNitemtradeList,2026-08-10T15:33:01.463501+00:00
2025-04,3901101000,CN,중국,2404065,2539939,632178,1185381,1354558,korea_customs_service,https://apis.data.go.kr/1220000/nitemtrade/getNitemtradeList,2026-08-10T15:33:01.463501+00:00
2025-05,3901101000,CN,중국,2920120,2869128,730312,1657046,1212082,korea_customs_service,https://apis.data.go.kr/1220000/nitemtrade/getNitemtradeList,2026-08-10T15:33:01.463501+00:00
2025-06,3901101000,CN,중국,2876513,2899294,839560,1263417,1635877,korea_customs_service,https://apis.data.go.kr/1220000/nitemtrade/getNitemtradeList,2026-08-10T15:33:01.463501+00:00
2025-07,3901101000,CN,중국,5953475,5817431,974085,1667906,4149525,korea_customs_service,https://apis.data.go.kr/1220000/nitemtrade/getNitemtradeList,2026-08-10T15:33:01.463501+00:00
2025-08,3901101000,CN,중국,4904604,4663157,792517,1326175,3336982,korea_customs_service,https://apis.data.go.kr/1220000/nitemtrade/getNitemtradeList,2026-08-10T15:33:01.463501+00:00
2025-09,3901101000,CN,중국,4463725,4467485,646048,1066259,3401226,korea_customs_service,https://apis.data.go.kr/1220000/nitemtrade/getNitemtradeList,2026-08-10T15:33:01.463501+00:00
2025-10,3901101000,CN,중국,4011400,3952626,881044,1523804,2428822,korea_customs_service,https://apis.data.go.kr/1220000/nitemtrade/getNitemtradeList,2026-08-10T15:33:01.463501+00:00
2025-11,3901101000,CN,중국,1577582,1554503,514757,1214894,339609,korea_customs_service,https://apis.data.go.kr/1220000/nitemtrade/getNitemtradeList,2026-08-10T15:33:01.463501+00:00
2025-12,3901101000,CN,중국,2667930,2526752,677807,1372093,1154659,korea_customs_service,https://apis.data.go.kr/1220000/nitemtrade/getNitemtradeList,2026-08-10T15:33:01.463501+00:00
2026-01,3901101000,CN,중국,2188825,2181337,886000,1515427,665910,korea_customs_service,https://apis.data.go.kr/1220000/nitemtrade/getNitemtradeList,2026-08-10T15:33:01.782643+00:00
2026-02,3901101000,CN,중국,2659170,2543320,497501,1013591,1529729,korea_customs_service,https://apis.data.go.kr/1220000/nitemtrade/getNitemtradeList,2026-08-10T15:33:01.782643+00:00
2026-03,3901101000,CN,중국,3192450,3795828,799206,1476359,2319469,korea_customs_service,https://apis.data.go.kr/1220000/nitemtrade/getNitemtradeList,2026-08-10T15:33:01.782643+00:00
2026-04,3901101000,CN,중국,828180,1222281,2454250,4049481,-2827200,korea_customs_service,https://apis.data.go.kr/1220000/nitemtrade/getNitemtradeList,2026-08-10T15:33:01.782643+00:00
2026-05,3901101000,CN,중국,1147700,1461525,4649835,7262932,-5801407,korea_customs_service,https://apis.data.go.kr/1220000/nitemtrade/getNitemtradeList,2026-08-10T15:33:01.782643+00:00
2026-06,3901101000,CN,중국,1498400,2101195,2828126,4453878,-2352683,korea_customs_service,https://apis.data.go.kr/1220000/nitemtrade/getNitemtradeList,2026-08-10T15:33:01.782643+00:00
2023-01,3901101000,OM,오만,0,0,99000,94545,-94545,korea_customs_service,https://apis.data.go.kr/1220000/nitemtrade/getNitemtradeList,2026-08-10T12:47:12.011448+00:00
2023-02,3901101000,OM,오만,0,0,371250,365063,-365063,korea_customs_service,https://apis.data.go.kr/1220000/nitemtrade/getNitemtradeList,2026-08-10T12:47:12.011448+00:00
2023-03,3901101000,OM,오만,0,0,198000,220275,-220275,korea_customs_service,https://apis.data.go.kr/1220000/nitemtrade/getNitemtradeList,2026-08-10T12:47:12.011448+00:00
2023-05,3901101000,OM,오만,0,0,470250,504257,-504257,korea_customs_service,https://apis.data.go.kr/1220000/nitemtrade/getNitemtradeList,2026-08-10T12:47:12.011448+00:00
2023-06,3901101000,OM,오만,0,0,495000,520740,-520740,korea_customs_service,https://apis.data.go.kr/1220000/nitemtrade/getNitemtradeList,2026-08-10T12:47:12.011448+00:00
2023-07,3901101000,OM,오만,0,0,297000,298980,-298980,korea_customs_service,https://apis.data.go.kr/1220000/nitemtrade/getNitemtradeList,2026-08-10T12:47:12.011448+00:00
2023-08,3901101000,OM,오만,0,0,495000,473221,-473221,korea_customs_service,https://apis.data.go.kr/1220000/nitemtrade/getNitemtradeList,2026-08-10T12:47:12.011448+00:00
2023-09,3901101000,OM,오만,0,0,99000,93555,-93555,korea_customs_service,https://apis.data.go.kr/1220000/nitemtrade/getNitemtradeList,2026-08-10T12:47:12.011448+00:00
2023-10,3901101000,OM,오만,0,0,346500,350460,-350460,korea_customs_service,https://apis.data.go.kr/1220000/nitemtrade/getNitemtradeList,2026-08-10T12:47:12.011448+00:00
2023-11,3901101000,OM,오만,0,0,297000,306040,-306040,korea_customs_service,https://apis.data.go.kr/1220000/nitemtrade/getNitemtradeList,2026-08-10T12:47:12.011448+00:00
2023-12,3901101000,OM,오만,0,0,99000,96030,-96030,korea_customs_service,https://apis.data.go.kr/1220000/nitemtrade/getNitemtradeList,2026-08-10T12:47:12.011448+00:00
2024-01,3901101000,OM,오만,0,0,297000,287150,-287150,korea_customs_service,https://apis.data.go.kr/1220000/nitemtrade/getNitemtradeList,2026-08-10T12:47:12.403047+00:00
2024-02,3901101000,OM,오만,0,0,297000,288090,-288090,korea_customs_service,https://apis.data.go.kr/1220000/nitemtrade/getNitemtradeList,2026-08-10T12:47:12.403047+00:00
2024-03,3901101000,OM,오만,0,0,99000,94545,-94545,korea_customs_service,https://apis.data.go.kr/1220000/nitemtrade/getNitemtradeList,2026-08-10T12:47:12.403047+00:00
2024-04,3901101000,OM,오만,0,0,297000,299970,-299970,korea_customs_service,https://apis.data.go.kr/1220000/nitemtrade/getNitemtradeList,2026-08-10T12:47:12.403047+00:00
2024-05,3901101000,OM,오만,0,0,99000,99495,-99495,korea_customs_service,https://apis.data.go.kr/1220000/nitemtrade/getNitemtradeList,2026-08-10T12:47:12.403047+00:00
2024-06,3901101000,OM,오만,0,0,99000,99495,-99495,korea_customs_service,https://apis.data.go.kr/1220000/nitemtrade/getNitemtradeList,2026-08-10T12:47:12.403047+00:00
2024-07,3901101000,OM,오만,0,0,272250,272744,-272744,korea_customs_service,https://apis.data.go.kr/1220000/nitemtrade/getNitemtradeList,2026-08-10T12:47:12.403047+00:00
2024-08,3901101000,OM,오만,0,0,198000,201960,-201960,korea_customs_service,https://apis.data.go.kr/1220000/nitemtrade/getNitemtradeList,2026-08-10T12:47:12.403047+00:00
2024-10,3901101000,OM,오만,0,0,247500,246912,-246912,korea_customs_service,https://apis.data.go.kr/1220000/nitemtrade/getNitemtradeList,2026-08-10T12:47:12.403047+00:00
2024-11,3901101000,OM,오만,0,0,99000,98010,-98010,korea_customs_service,https://apis.data.go.kr/1220000/nitemtrade/getNitemtradeList,2026-08-10T12:47:12.403047+00:00
2024-12,3901101000,OM,오만,0,0,99000,98010,-98010,korea_customs_service,https://apis.data.go.kr/1220000/nitemtrade/getNitemtradeList,2026-08-10T12:47:12.403047+00:00
2025-01,3901101000,OM,오만,0,0,445500,431640,-431640,korea_customs_service,https://apis.data.go.kr/1220000/nitemtrade/getNitemtradeList,2026-08-10T12:47:12.807205+00:00
2025-02,3901101000,OM,오만,21600,82325,49500,47767,34558,korea_customs_service,https://apis.data.go.kr/1220000/nitemtrade/getNitemtradeList,2026-08-10T12:47:12.807205+00:00
2025-06,3901101000,OM,오만,0,0,74250,72720,-72720,korea_customs_service,https://apis.data.go.kr/1220000/nitemtrade/getNitemtradeList,2026-08-10T12:47:12.807205+00:00
2023-01,3901101000,QA,카타르,120000,124800,672000,677640,-552840,korea_customs_service,https://apis.data.go.kr/1220000/nitemtrade/getNitemtradeList,2026-08-10T12:47:53.282539+00:00
2023-02,3901101000,QA,카타르,0,0,96000,106560,-106560,korea_customs_service,https://apis.data.go.kr/1220000/nitemtrade/getNitemtradeList,2026-08-10T12:47:53.282539+00:00
2023-03,3901101000,QA,카타르,0,0,456000,473520,-473520,korea_customs_service,https://apis.data.go.kr/1220000/nitemtrade/getNitemtradeList,2026-08-10T12:47:53.282539+00:00
2023-04,3901101000,QA,카타르,0,0,409000,445780,-445780,korea_customs_service,https://apis.data.go.kr/1220000/nitemtrade/getNitemtradeList,2026-08-10T12:47:53.282539+00:00
2023-05,3901101000,QA,카타르,0,0,456000,505830,-505830,korea_customs_service,https://apis.data.go.kr/1220000/nitemtrade/getNitemtradeList,2026-08-10T12:47:53.282539+00:00
2023-06,3901101000,QA,카타르,0,0,336000,355272,-355272,korea_customs_service,https://apis.data.go.kr/1220000/nitemtrade/getNitemtradeList,2026-08-10T12:47:53.282539+00:00
2023-07,3901101000,QA,카타르,0,0,480000,501636,-501636,korea_customs_service,https://apis.data.go.kr/1220000/nitemtrade/getNitemtradeList,2026-08-10T12:47:53.282539+00:00
2023-08,3901101000,QA,카타르,0,0,168000,173640,-173640,korea_customs_service,https://apis.data.go.kr/1220000/nitemtrade/getNitemtradeList,2026-08-10T12:47:53.282539+00:00
2023-09,3901101000,QA,카타르,0,0,511000,511140,-511140,korea_customs_service,https://apis.data.go.kr/1220000/nitemtrade/getNitemtradeList,2026-08-10T12:47:53.282539+00:00
2023-10,3901101000,QA,카타르,0,0,270000,276900,-276900,korea_customs_service,https://apis.data.go.kr/1220000/nitemtrade/getNitemtradeList,2026-08-10T12:47:53.282539+00:00
2023-11,3901101000,QA,카타르,0,0,319000,326240,-326240,korea_customs_service,https://apis.data.go.kr/1220000/nitemtrade/getNitemtradeList,2026-08-10T12:47:53.282539+00:00
2023-12,3901101000,QA,카타르,110000,111672,344500,353265,-241593,korea_customs_service,https://apis.data.go.kr/1220000/nitemtrade/getNitemtradeList,2026-08-10T12:47:53.282539+00:00
2024-01,3901101000,QA,카타르,0,0,192000,195480,-195480,korea_customs_service,https://apis.data.go.kr/1220000/nitemtrade/getNitemtradeList,2026-08-10T12:47:55.635569+00:00
2024-02,3901101000,QA,카타르,0,0,288500,294075,-294075,korea_customs_service,https://apis.data.go.kr/1220000/nitemtrade/getNitemtradeList,2026-08-10T12:47:55.635569+00:00
2024-03,3901101000,QA,카타르,0,0,120000,130919,-130919,korea_customs_service,https://apis.data.go.kr/1220000/nitemtrade/getNitemtradeList,2026-08-10T12:47:55.635569+00:00
2024-04,3901101000,QA,카타르,0,0,360000,365760,-365760,korea_customs_service,https://apis.data.go.kr/1220000/nitemtrade/getNitemtradeList,2026-08-10T12:47:55.635569+00:00
2024-05,3901101000,QA,카타르,0,0,336000,342480,-342480,korea_customs_service,https://apis.data.go.kr/1220000/nitemtrade/getNitemtradeList,2026-08-10T12:47:55.635569+00:00
2024-06,3901101000,QA,카타르,0,0,96000,102000,-102000,korea_customs_service,https://apis.data.go.kr/1220000/nitemtrade/getNitemtradeList,2026-08-10T12:47:55.635569+00:00
2024-07,3901101000,QA,카타르,0,0,218000,239170,-239170,korea_customs_service,https://apis.data.go.kr/1220000/nitemtrade/getNitemtradeList,2026-08-10T12:47:55.635569+00:00
2024-08,3901101000,QA,카타르,110000,118900,488000,545740,-426840,korea_customs_service,https://apis.data.go.kr/1220000/nitemtrade/getNitemtradeList,2026-08-10T12:47:55.635569+00:00
2024-09,3901101000,QA,카타르,44000,46320,372000,381140,-334820,korea_customs_service,https://apis.data.go.kr/1220000/nitemtrade/getNitemtradeList,2026-08-10T12:47:55.635569+00:00
2024-10,3901101000,QA,카타르,176000,190028,589000,613512,-423484,korea_customs_service,https://apis.data.go.kr/1220000/nitemtrade/getNitemtradeList,2026-08-10T12:47:55.635569+00:00
2024-11,3901101000,QA,카타르,0,0,425000,443952,-443952,korea_customs_service,https://apis.data.go.kr/1220000/nitemtrade/getNitemtradeList,2026-08-10T12:47:55.635569+00:00
2024-12,3901101000,QA,카타르,120000,125163,266000,291680,-166517,korea_customs_service,https://apis.data.go.kr/1220000/nitemtrade/getNitemtradeList,2026-08-10T12:47:55.635569+00:00
2025-01,3901101000,QA,카타르,120000,124361,122000,136010,-11649,korea_customs_service,https://apis.data.go.kr/1220000/nitemtrade/getNitemtradeList,2026-08-10T12:47:56.035575+00:00
2025-02,3901101000,QA,카타르,0,0,72000,85320,-85320,korea_customs_service,https://apis.data.go.kr/1220000/nitemtrade/getNitemtradeList,2026-08-10T12:47:56.035575+00:00
2025-03,3901101000,QA,카타르,0,0,96000,96960,-96960,korea_customs_service,https://apis.data.go.kr/1220000/nitemtrade/getNitemtradeList,2026-08-10T12:47:56.035575+00:00
2025-04,3901101000,QA,카타르,0,0,72000,84960,-84960,korea_customs_service,https://apis.data.go.kr/1220000/nitemtrade/getNitemtradeList,2026-08-10T12:47:56.035575+00:00
2025-05,3901101000,QA,카타르,0,0,96000,105360,-105360,korea_customs_service,https://apis.data.go.kr/1220000/nitemtrade/getNitemtradeList,2026-08-10T12:47:56.035575+00:00
2025-09,3901101000,QA,카타르,0,0,48000,45600,-45600,korea_customs_service,https://apis.data.go.kr/1220000/nitemtrade/getNitemtradeList,2026-08-10T12:47:56.035575+00:00
2025-10,3901101000,QA,카타르,600,2237,0,0,2237,korea_customs_service,https://apis.data.go.kr/1220000/nitemtrade/getNitemtradeList,2026-08-10T12:47:56.035575+00:00
2025-12,3901101000,QA,카타르,0,0,96000,87600,-87600,korea_customs_service,https://apis.data.go.kr/1220000/nitemtrade/getNitemtradeList,2026-08-10T12:47:56.035575+00:00
2026-06,3901101000,QA,카타르,600,2639,0,0,2639,korea_customs_service,https://apis.data.go.kr/1220000/nitemtrade/getNitemtradeList,2026-08-10T12:47:56.381981+00:00
2023-01,3901200000,AE,아랍에미리트 연합,1596000,1960570,239500,273347,1687223,korea_customs_service,https://apis.data.go.kr/1220000/nitemtrade/getNitemtradeList,2026-08-10T12:45:03.550576+00:00
2023-02,3901200000,AE,아랍에미리트 연합,322000,433580,244500,284483,149097,korea_customs_service,https://apis.data.go.kr/1220000/nitemtrade/getNitemtradeList,2026-08-10T12:45:03.550576+00:00
2023-03,3901200000,AE,아랍에미리트 연합,742500,941932,195000,229032,712900,korea_customs_service,https://apis.data.go.kr/1220000/nitemtrade/getNitemtradeList,2026-08-10T12:45:03.550576+00:00
2023-04,3901200000,AE,아랍에미리트 연합,956000,1125184,78000,92734,1032450,korea_customs_service,https://apis.data.go.kr/1220000/nitemtrade/getNitemtradeList,2026-08-10T12:45:03.550576+00:00
2023-05,3901200000,AE,아랍에미리트 연합,680000,882903,220200,274207,608696,korea_customs_service,https://apis.data.go.kr/1220000/nitemtrade/getNitemtradeList,2026-08-10T12:45:03.550576+00:00
2023-06,3901200000,AE,아랍에미리트 연합,578000,594480,194226,282710,311770,korea_customs_service,https://apis.data.go.kr/1220000/nitemtrade/getNitemtradeList,2026-08-10T12:45:03.550576+00:00
2023-07,3901200000,AE,아랍에미리트 연합,721000,825769,219802,326408,499361,korea_customs_service,https://apis.data.go.kr/1220000/nitemtrade/getNitemtradeList,2026-08-10T12:45:03.550576+00:00
2023-08,3901200000,AE,아랍에미리트 연합,407750,400914,104000,124899,276015,korea_customs_service,https://apis.data.go.kr/1220000/nitemtrade/getNitemtradeList,2026-08-10T12:45:03.550576+00:00
2023-09,3901200000,AE,아랍에미리트 연합,209400,240034,128150,147525,92509,korea_customs_service,https://apis.data.go.kr/1220000/nitemtrade/getNitemtradeList,2026-08-10T12:45:03.550576+00:00
2023-10,3901200000,AE,아랍에미리트 연합,353750,399538,164500,182165,217373,korea_customs_service,https://apis.data.go.kr/1220000/nitemtrade/getNitemtradeList,2026-08-10T12:45:03.550576+00:00
2023-11,3901200000,AE,아랍에미리트 연합,268000,289240,78650,95320,193920,korea_customs_service,https://apis.data.go.kr/1220000/nitemtrade/getNitemtradeList,2026-08-10T12:45:03.550576+00:00
2023-12,3901200000,AE,아랍에미리트 연합,144000,154020,195000,228280,-74260,korea_customs_service,https://apis.data.go.kr/1220000/nitemtrade/getNitemtradeList,2026-08-10T12:45:03.550576+00:00
2024-01,3901200000,AE,아랍에미리트 연합,1035000,1099701,221000,261560,838141,korea_customs_service,https://apis.data.go.kr/1220000/nitemtrade/getNitemtradeList,2026-08-10T12:45:05.929115+00:00
2024-02,3901200000,AE,아랍에미리트 연합,420000,479270,104000,114657,364613,korea_customs_service,https://apis.data.go.kr/1220000/nitemtrade/getNitemtradeList,2026-08-10T12:45:05.929115+00:00
2024-03,3901200000,AE,아랍에미리트 연합,384000,452014,310750,350607,101407,korea_customs_service,https://apis.data.go.kr/1220000/nitemtrade/getNitemtradeList,2026-08-10T12:45:05.929115+00:00
2024-04,3901200000,AE,아랍에미리트 연합,864600,984260,143000,157567,826693,korea_customs_service,https://apis.data.go.kr/1220000/nitemtrade/getNitemtradeList,2026-08-10T12:45:05.929115+00:00
2024-05,3901200000,AE,아랍에미리트 연합,1225000,1313609,39000,42777,1270832,korea_customs_service,https://apis.data.go.kr/1220000/nitemtrade/getNitemtradeList,2026-08-10T12:45:05.929115+00:00
2024-06,3901200000,AE,아랍에미리트 연합,440000,464822,299050,332535,132287,korea_customs_service,https://apis.data.go.kr/1220000/nitemtrade/getNitemtradeList,2026-08-10T12:45:05.929115+00:00
2024-07,3901200000,AE,아랍에미리트 연합,1069000,1144471,299000,338721,805750,korea_customs_service,https://apis.data.go.kr/1220000/nitemtrade/getNitemtradeList,2026-08-10T12:45:05.929115+00:00
2024-08,3901200000,AE,아랍에미리트 연합,1532000,1574868,206750,227641,1347227,korea_customs_service,https://apis.data.go.kr/1220000/nitemtrade/getNitemtradeList,2026-08-10T12:45:05.929115+00:00
2024-09,3901200000,AE,아랍에미리트 연합,518000,533658,156000,175481,358177,korea_customs_service,https://apis.data.go.kr/1220000/nitemtrade/getNitemtradeList,2026-08-10T12:45:05.929115+00:00
2024-10,3901200000,AE,아랍에미리트 연합,98400,104557,286000,320998,-216441,korea_customs_service,https://apis.data.go.kr/1220000/nitemtrade/getNitemtradeList,2026-08-10T12:45:05.929115+00:00
2024-11,3901200000,AE,아랍에미리트 연합,2346800,2448713,182000,207363,2241350,korea_customs_service,https://apis.data.go.kr/1220000/nitemtrade/getNitemtradeList,2026-08-10T12:45:05.929115+00:00
2024-12,3901200000,AE,아랍에미리트 연합,714000,721245,221000,249773,471472,korea_customs_service,https://apis.data.go.kr/1220000/nitemtrade/getNitemtradeList,2026-08-10T12:45:05.929115+00:00
2025-01,3901200000,AE,아랍에미리트 연합,1907850,1940727,193000,216430,1724297,korea_customs_service,https://apis.data.go.kr/1220000/nitemtrade/getNitemtradeList,2026-08-10T12:45:06.359162+00:00
2025-02,3901200000,AE,아랍에미리트 연합,1726000,1737530,39000,44070,1693460,korea_customs_service,https://apis.data.go.kr/1220000/nitemtrade/getNitemtradeList,2026-08-10T12:45:06.359162+00:00
2025-03,3901200000,AE,아랍에미리트 연합,628000,674340,26000,28860,645480,korea_customs_service,https://apis.data.go.kr/1220000/nitemtrade/getNitemtradeList,2026-08-10T12:45:06.359162+00:00
2025-04,3901200000,AE,아랍에미리트 연합,614000,637875,209950,236631,401244,korea_customs_service,https://apis.data.go.kr/1220000/nitemtrade/getNitemtradeList,2026-08-10T12:45:06.359162+00:00
2025-05,3901200000,AE,아랍에미리트 연합,393000,366176,39000,43550,322626,korea_customs_service,https://apis.data.go.kr/1220000/nitemtrade/getNitemtradeList,2026-08-10T12:45:06.359162+00:00
2025-06,3901200000,AE,아랍에미리트 연합,600000,608660,63000,73737,534923,korea_customs_service,https://apis.data.go.kr/1220000/nitemtrade/getNitemtradeList,2026-08-10T12:45:06.359162+00:00
2025-07,3901200000,AE,아랍에미리트 연합,210000,224880,180750,209692,15188,korea_customs_service,https://apis.data.go.kr/1220000/nitemtrade/getNitemtradeList,2026-08-10T12:45:06.359162+00:00
2025-08,3901200000,AE,아랍에미리트 연합,1364000,1366460,91000,103350,1263110,korea_customs_service,https://apis.data.go.kr/1220000/nitemtrade/getNitemtradeList,2026-08-10T12:45:06.359162+00:00
2025-09,3901200000,AE,아랍에미리트 연합,624000,623035,152750,173186,449849,korea_customs_service,https://apis.data.go.kr/1220000/nitemtrade/getNitemtradeList,2026-08-10T12:45:06.359162+00:00
2025-10,3901200000,AE,아랍에미리트 연합,625000,616594,37000,41670,574924,korea_customs_service,https://apis.data.go.kr/1220000/nitemtrade/getNitemtradeList,2026-08-10T12:45:06.359162+00:00
2025-11,3901200000,AE,아랍에미리트 연합,144000,126840,138250,159975,-33135,korea_customs_service,https://apis.data.go.kr/1220000/nitemtrade/getNitemtradeList,2026-08-10T12:45:06.359162+00:00
2025-12,3901200000,AE,아랍에미리트 연합,474000,427040,154757,177185,249855,korea_customs_service,https://apis.data.go.kr/1220000/nitemtrade/getNitemtradeList,2026-08-10T12:45:06.359162+00:00
2026-01,3901200000,AE,아랍에미리트 연합,144000,157680,141013,162775,-5095,korea_customs_service,https://apis.data.go.kr/1220000/nitemtrade/getNitemtradeList,2026-08-10T12:45:06.704003+00:00
2026-02,3901200000,AE,아랍에미리트 연합,474000,423180,89750,100626,322554,korea_customs_service,https://apis.data.go.kr/1220000/nitemtrade/getNitemtradeList,2026-08-10T12:45:06.704003+00:00
2026-03,3901200000,AE,아랍에미리트 연합,144000,145440,100306,116577,28863,korea_customs_service,https://apis.data.go.kr/1220000/nitemtrade/getNitemtradeList,2026-08-10T12:45:06.704003+00:00
2026-04,3901200000,AE,아랍에미리트 연합,0,0,361675,556483,-556483,korea_customs_service,https://apis.data.go.kr/1220000/nitemtrade/getNitemtradeList,2026-08-10T12:45:06.704003+00:00
2026-05,3901200000,AE,아랍에미리트 연합,0,0,104300,194253,-194253,korea_customs_service,https://apis.data.go.kr/1220000/nitemtrade/getNitemtradeList,2026-08-10T12:45:06.704003+00:00
2026-06,3901200000,AE,아랍에미리트 연합,0,0,325000,617450,-617450,korea_customs_service,https://apis.data.go.kr/1220000/nitemtrade/getNitemtradeList,2026-08-10T12:45:06.704003+00:00
2023-03,3901200000,BH,바레인,45500,51780,0,0,51780,korea_customs_service,https://apis.data.go.kr/1220000/nitemtrade/getNitemtradeList,2026-08-10T12:45:46.781773+00:00
2023-07,3901200000,BH,바레인,216000,201480,0,0,201480,korea_customs_service,https://apis.data.go.kr/1220000/nitemtrade/getNitemtradeList,2026-08-10T12:45:46.781773+00:00
2023-08,3901200000,BH,바레인,113750,118600,0,0,118600,korea_customs_service,https://apis.data.go.kr/1220000/nitemtrade/getNitemtradeList,2026-08-10T12:45:46.781773+00:00
2023-09,3901200000,BH,바레인,159250,171929,0,0,171929,korea_customs_service,https://apis.data.go.kr/1220000/nitemtrade/getNitemtradeList,2026-08-10T12:45:46.781773+00:00
2023-11,3901200000,BH,바레인,96000,95360,0,0,95360,korea_customs_service,https://apis.data.go.kr/1220000/nitemtrade/getNitemtradeList,2026-08-10T12:45:46.781773+00:00
2024-01,3901200000,BH,바레인,115000,112095,0,0,112095,korea_customs_service,https://apis.data.go.kr/1220000/nitemtrade/getNitemtradeList,2026-08-10T12:45:47.148313+00:00
2024-03,3901200000,BH,바레인,115000,121319,0,0,121319,korea_customs_service,https://apis.data.go.kr/1220000/nitemtrade/getNitemtradeList,2026-08-10T12:45:47.148313+00:00
2024-04,3901200000,BH,바레인,115000,122469,0,0,122469,korea_customs_service,https://apis.data.go.kr/1220000/nitemtrade/getNitemtradeList,2026-08-10T12:45:47.148313+00:00
2024-09,3901200000,BH,바레인,96000,98989,0,0,98989,korea_customs_service,https://apis.data.go.kr/1220000/nitemtrade/getNitemtradeList,2026-08-10T12:45:47.148313+00:00
2025-05,3901200000,BH,바레인,192000,182231,0,0,182231,korea_customs_service,https://apis.data.go.kr/1220000/nitemtrade/getNitemtradeList,2026-08-10T12:45:47.544029+00:00
2025-09,3901200000,BH,바레인,192000,179671,0,0,179671,korea_customs_service,https://apis.data.go.kr/1220000/nitemtrade/getNitemtradeList,2026-08-10T12:45:47.544029+00:00
2023-09,3901200000,KW,쿠웨이트,44000,46188,0,0,46188,korea_customs_service,https://apis.data.go.kr/1220000/nitemtrade/getNitemtradeList,2026-08-10T12:46:30.026384+00:00
2023-12,3901200000,KW,쿠웨이트,110000,116567,0,0,116567,korea_customs_service,https://apis.data.go.kr/1220000/nitemtrade/getNitemtradeList,2026-08-10T12:46:30.026384+00:00
2024-01,3901200000,KW,쿠웨이트,2000,8409,0,0,8409,korea_customs_service,https://apis.data.go.kr/1220000/nitemtrade/getNitemtradeList,2026-08-10T12:46:30.421963+00:00
2024-02,3901200000,KW,쿠웨이트,154000,168766,0,0,168766,korea_customs_service,https://apis.data.go.kr/1220000/nitemtrade/getNitemtradeList,2026-08-10T12:46:30.421963+00:00
2024-05,3901200000,KW,쿠웨이트,66000,77936,0,0,77936,korea_customs_service,https://apis.data.go.kr/1220000/nitemtrade/getNitemtradeList,2026-08-10T12:46:30.421963+00:00
2024-07,3901200000,KW,쿠웨이트,44000,46080,0,0,46080,korea_customs_service,https://apis.data.go.kr/1220000/nitemtrade/getNitemtradeList,2026-08-10T12:46:30.421963+00:00
2024-10,3901200000,KW,쿠웨이트,25000,32126,0,0,32126,korea_customs_service,https://apis.data.go.kr/1220000/nitemtrade/getNitemtradeList,2026-08-10T12:46:30.421963+00:00
2024-11,3901200000,KW,쿠웨이트,22000,22837,0,0,22837,korea_customs_service,https://apis.data.go.kr/1220000/nitemtrade/getNitemtradeList,2026-08-10T12:46:30.421963+00:00
2025-01,3901200000,KW,쿠웨이트,22000,22288,0,0,22288,korea_customs_service,https://apis.data.go.kr/1220000/nitemtrade/getNitemtradeList,2026-08-10T12:46:30.826328+00:00
2025-05,3901200000,KW,쿠웨이트,133000,147490,0,0,147490,korea_customs_service,https://apis.data.go.kr/1220000/nitemtrade/getNitemtradeList,2026-08-10T12:46:30.826328+00:00
2025-07,3901200000,KW,쿠웨이트,66000,76929,0,0,76929,korea_customs_service,https://apis.data.go.kr/1220000/nitemtrade/getNitemtradeList,2026-08-10T12:46:30.826328+00:00
2025-09,3901200000,KW,쿠웨이트,88000,99053,0,0,99053,korea_customs_service,https://apis.data.go.kr/1220000/nitemtrade/getNitemtradeList,2026-08-10T12:46:30.826328+00:00
2025-11,3901200000,KW,쿠웨이트,11100,11717,0,0,11717,korea_customs_service,https://apis.data.go.kr/1220000/nitemtrade/getNitemtradeList,2026-08-10T12:46:30.826328+00:00
2026-01,3901200000,KW,쿠웨이트,88000,89376,0,0,89376,korea_customs_service,https://apis.data.go.kr/1220000/nitemtrade/getNitemtradeList,2026-08-10T12:46:31.171946+00:00
2026-04,3901200000,KW,쿠웨이트,0,0,24750,39812,-39812,korea_customs_service,https://apis.data.go.kr/1220000/nitemtrade/getNitemtradeList,2026-08-10T12:46:31.171946+00:00
2026-06,3901200000,KW,쿠웨이트,9000,23211,0,0,23211,korea_customs_service,https://apis.data.go.kr/1220000/nitemtrade/getNitemtradeList,2026-08-10T12:46:31.171946+00:00
2023-01,3901200000,OM,오만,21600,85819,99000,95040,-9221,korea_customs_service,https://apis.data.go.kr/1220000/nitemtrade/getNitemtradeList,2026-08-10T12:47:13.327889+00:00
2023-02,3901200000,OM,오만,414800,641861,0,0,641861,korea_customs_service,https://apis.data.go.kr/1220000/nitemtrade/getNitemtradeList,2026-08-10T12:47:13.327889+00:00
2023-03,3901200000,OM,오만,308000,387234,0,0,387234,korea_customs_service,https://apis.data.go.kr/1220000/nitemtrade/getNitemtradeList,2026-08-10T12:47:13.327889+00:00
2023-05,3901200000,OM,오만,504000,570939,0,0,570939,korea_customs_service,https://apis.data.go.kr/1220000/nitemtrade/getNitemtradeList,2026-08-10T12:47:13.327889+00:00
2023-08,3901200000,OM,오만,0,0,49500,41827,-41827,korea_customs_service,https://apis.data.go.kr/1220000/nitemtrade/getNitemtradeList,2026-08-10T12:47:13.327889+00:00
2023-09,3901200000,OM,오만,448000,478032,0,0,478032,korea_customs_service,https://apis.data.go.kr/1220000/nitemtrade/getNitemtradeList,2026-08-10T12:47:13.327889+00:00
2023-10,3901200000,OM,오만,448000,472813,0,0,472813,korea_customs_service,https://apis.data.go.kr/1220000/nitemtrade/getNitemtradeList,2026-08-10T12:47:13.327889+00:00
2023-11,3901200000,OM,오만,0,0,99000,99990,-99990,korea_customs_service,https://apis.data.go.kr/1220000/nitemtrade/getNitemtradeList,2026-08-10T12:47:13.327889+00:00
2024-01,3901200000,OM,오만,0,0,99000,95040,-95040,korea_customs_service,https://apis.data.go.kr/1220000/nitemtrade/getNitemtradeList,2026-08-10T12:47:13.720405+00:00
2024-03,3901200000,OM,오만,64000,77303,0,0,77303,korea_customs_service,https://apis.data.go.kr/1220000/nitemtrade/getNitemtradeList,2026-08-10T12:47:13.720405+00:00
2025-01,3901200000,OM,오만,0,0,24750,24255,-24255,korea_customs_service,https://apis.data.go.kr/1220000/nitemtrade/getNitemtradeList,2026-08-10T12:47:14.113481+00:00
2023-01,3901200000,QA,카타르,0,0,1136724,1081045,-1081045,korea_customs_service,https://apis.data.go.kr/1220000/nitemtrade/getNitemtradeList,2026-08-10T12:47:56.611676+00:00
2023-02,3901200000,QA,카타르,0,0,744582,686175,-686175,korea_customs_service,https://apis.data.go.kr/1220000/nitemtrade/getNitemtradeList,2026-08-10T12:47:56.611676+00:00
2023-03,3901200000,QA,카타르,0,0,1208996,1168598,-1168598,korea_customs_service,https://apis.data.go.kr/1220000/nitemtrade/getNitemtradeList,2026-08-10T12:47:56.611676+00:00
2023-04,3901200000,QA,카타르,0,0,1181030,1156478,-1156478,korea_customs_service,https://apis.data.go.kr/1220000/nitemtrade/getNitemtradeList,2026-08-10T12:47:56.611676+00:00
2023-05,3901200000,QA,카타르,0,0,853960,873024,-873024,korea_customs_service,https://apis.data.go.kr/1220000/nitemtrade/getNitemtradeList,2026-08-10T12:47:56.611676+00:00
2023-06,3901200000,QA,카타르,66100,129669,1692240,1754009,-1624340,korea_customs_service,https://apis.data.go.kr/1220000/nitemtrade/getNitemtradeList,2026-08-10T12:47:56.611676+00:00
2023-07,3901200000,QA,카타르,44000,44067,1886840,1945577,-1901510,korea_customs_service,https://apis.data.go.kr/1220000/nitemtrade/getNitemtradeList,2026-08-10T12:47:56.611676+00:00
2023-08,3901200000,QA,카타르,0,0,1466560,1443855,-1443855,korea_customs_service,https://apis.data.go.kr/1220000/nitemtrade/getNitemtradeList,2026-08-10T12:47:56.611676+00:00
2023-09,3901200000,QA,카타르,6000,13180,778670,756267,-743087,korea_customs_service,https://apis.data.go.kr/1220000/nitemtrade/getNitemtradeList,2026-08-10T12:47:56.611676+00:00
2023-10,3901200000,QA,카타르,0,0,1095000,1059371,-1059371,korea_customs_service,https://apis.data.go.kr/1220000/nitemtrade/getNitemtradeList,2026-08-10T12:47:56.611676+00:00
2023-11,3901200000,QA,카타르,0,0,902444,893690,-893690,korea_customs_service,https://apis.data.go.kr/1220000/nitemtrade/getNitemtradeList,2026-08-10T12:47:56.611676+00:00
2023-12,3901200000,QA,카타르,0,0,1216327,1215118,-1215118,korea_customs_service,https://apis.data.go.kr/1220000/nitemtrade/getNitemtradeList,2026-08-10T12:47:56.611676+00:00
2024-01,3901200000,QA,카타르,0,0,853420,829017,-829017,korea_customs_service,https://apis.data.go.kr/1220000/nitemtrade/getNitemtradeList,2026-08-10T12:47:57.025217+00:00
2024-02,3901200000,QA,카타르,0,0,650684,617243,-617243,korea_customs_service,https://apis.data.go.kr/1220000/nitemtrade/getNitemtradeList,2026-08-10T12:47:57.025217+00:00
2024-03,3901200000,QA,카타르,0,0,1027920,988403,-988403,korea_customs_service,https://apis.data.go.kr/1220000/nitemtrade/getNitemtradeList,2026-08-10T12:47:57.025217+00:00
2024-04,3901200000,QA,카타르,0,0,1023840,994275,-994275,korea_customs_service,https://apis.data.go.kr/1220000/nitemtrade/getNitemtradeList,2026-08-10T12:47:57.025217+00:00
2024-05,3901200000,QA,카타르,0,0,835300,825291,-825291,korea_customs_service,https://apis.data.go.kr/1220000/nitemtrade/getNitemtradeList,2026-08-10T12:47:57.025217+00:00
2024-06,3901200000,QA,카타르,1000,3283,703530,694377,-691094,korea_customs_service,https://apis.data.go.kr/1220000/nitemtrade/getNitemtradeList,2026-08-10T12:47:57.025217+00:00
2024-07,3901200000,QA,카타르,0,0,1438740,1431943,-1431943,korea_customs_service,https://apis.data.go.kr/1220000/nitemtrade/getNitemtradeList,2026-08-10T12:47:57.025217+00:00
2024-08,3901200000,QA,카타르,0,0,884560,894171,-894171,korea_customs_service,https://apis.data.go.kr/1220000/nitemtrade/getNitemtradeList,2026-08-10T12:47:57.025217+00:00
2024-09,3901200000,QA,카타르,0,0,1123040,1139993,-1139993,korea_customs_service,https://apis.data.go.kr/1220000/nitemtrade/getNitemtradeList,2026-08-10T12:47:57.025217+00:00
2024-10,3901200000,QA,카타르,0,0,1164180,1144044,-1144044,korea_customs_service,https://apis.data.go.kr/1220000/nitemtrade/getNitemtradeList,2026-08-10T12:47:57.025217+00:00
2024-11,3901200000,QA,카타르,0,0,810020,783344,-783344,korea_customs_service,https://apis.data.go.kr/1220000/nitemtrade/getNitemtradeList,2026-08-10T12:47:57.025217+00:00
2024-12,3901200000,QA,카타르,0,0,1477132,1423319,-1423319,korea_customs_service,https://apis.data.go.kr/1220000/nitemtrade/getNitemtradeList,2026-08-10T12:47:57.025217+00:00
2025-01,3901200000,QA,카타르,2000,6600,1067184,1022966,-1016366,korea_customs_service,https://apis.data.go.kr/1220000/nitemtrade/getNitemtradeList,2026-08-10T12:47:57.402145+00:00
2025-02,3901200000,QA,카타르,0,0,1144340,1069936,-1069936,korea_customs_service,https://apis.data.go.kr/1220000/nitemtrade/getNitemtradeList,2026-08-10T12:47:57.402145+00:00
2025-03,3901200000,QA,카타르,0,0,649780,598997,-598997,korea_customs_service,https://apis.data.go.kr/1220000/nitemtrade/getNitemtradeList,2026-08-10T12:47:57.402145+00:00
2025-04,3901200000,QA,카타르,0,0,893852,819114,-819114,korea_customs_service,https://apis.data.go.kr/1220000/nitemtrade/getNitemtradeList,2026-08-10T12:47:57.402145+00:00
2025-05,3901200000,QA,카타르,0,0,1384996,1280010,-1280010,korea_customs_service,https://apis.data.go.kr/1220000/nitemtrade/getNitemtradeList,2026-08-10T12:47:57.402145+00:00
2025-06,3901200000,QA,카타르,2100,6720,817112,746140,-739420,korea_customs_service,https://apis.data.go.kr/1220000/nitemtrade/getNitemtradeList,2026-08-10T12:47:57.402145+00:00
2025-07,3901200000,QA,카타르,0,0,1186128,1049168,-1049168,korea_customs_service,https://apis.data.go.kr/1220000/nitemtrade/getNitemtradeList,2026-08-10T12:47:57.402145+00:00
2025-08,3901200000,QA,카타르,0,0,1643590,1454197,-1454197,korea_customs_service,https://apis.data.go.kr/1220000/nitemtrade/getNitemtradeList,2026-08-10T12:47:57.402145+00:00
2025-09,3901200000,QA,카타르,0,0,692440,610237,-610237,korea_customs_service,https://apis.data.go.kr/1220000/nitemtrade/getNitemtradeList,2026-08-10T12:47:57.402145+00:00
2025-10,3901200000,QA,카타르,2100,6720,1468580,1295581,-1288861,korea_customs_service,https://apis.data.go.kr/1220000/nitemtrade/getNitemtradeList,2026-08-10T12:47:57.402145+00:00
2025-11,3901200000,QA,카타르,1171,1500,1164700,1024127,-1022627,korea_customs_service,https://apis.data.go.kr/1220000/nitemtrade/getNitemtradeList,2026-08-10T12:47:57.402145+00:00
2025-12,3901200000,QA,카타르,24500,26578,784420,684803,-658225,korea_customs_service,https://apis.data.go.kr/1220000/nitemtrade/getNitemtradeList,2026-08-10T12:47:57.402145+00:00
2026-01,3901200000,QA,카타르,0,0,1192920,1028112,-1028112,korea_customs_service,https://apis.data.go.kr/1220000/nitemtrade/getNitemtradeList,2026-08-10T12:47:57.745742+00:00
2026-02,3901200000,QA,카타르,0,0,1143240,972984,-972984,korea_customs_service,https://apis.data.go.kr/1220000/nitemtrade/getNitemtradeList,2026-08-10T12:47:57.745742+00:00
2026-03,3901200000,QA,카타르,0,0,856636,726768,-726768,korea_customs_service,https://apis.data.go.kr/1220000/nitemtrade/getNitemtradeList,2026-08-10T12:47:57.745742+00:00
2026-04,3901200000,QA,카타르,0,0,492016,417282,-417282,korea_customs_service,https://apis.data.go.kr/1220000/nitemtrade/getNitemtradeList,2026-08-10T12:47:57.745742+00:00
2023-01,3902100000,AE,아랍에미리트 연합,1652000,1866828,6,30,1866798,korea_customs_service,https://apis.data.go.kr/1220000/nitemtrade/getNitemtradeList,2026-08-10T12:41:32.519982+00:00
2023-02,3902100000,AE,아랍에미리트 연합,240000,276175,0,0,276175,korea_customs_service,https://apis.data.go.kr/1220000/nitemtrade/getNitemtradeList,2026-08-10T12:41:32.519982+00:00
2023-03,3902100000,AE,아랍에미리트 연합,1536000,1808345,21560,8488,1799857,korea_customs_service,https://apis.data.go.kr/1220000/nitemtrade/getNitemtradeList,2026-08-10T12:41:32.519982+00:00
2023-04,3902100000,AE,아랍에미리트 연합,910000,1081605,3,20,1081585,korea_customs_service,https://apis.data.go.kr/1220000/nitemtrade/getNitemtradeList,2026-08-10T12:41:32.519982+00:00
2023-05,3902100000,AE,아랍에미리트 연합,1386000,1568227,76,220,1568007,korea_customs_service,https://apis.data.go.kr/1220000/nitemtrade/getNitemtradeList,2026-08-10T12:41:32.519982+00:00
2023-06,3902100000,AE,아랍에미리트 연합,1223000,1340815,26,122,1340693,korea_customs_service,https://apis.data.go.kr/1220000/nitemtrade/getNitemtradeList,2026-08-10T12:41:32.519982+00:00
2023-07,3902100000,AE,아랍에미리트 연합,480000,467399,0,0,467399,korea_customs_service,https://apis.data.go.kr/1220000/nitemtrade/getNitemtradeList,2026-08-10T12:41:32.519982+00:00
2023-08,3902100000,AE,아랍에미리트 연합,432000,429448,0,0,429448,korea_customs_service,https://apis.data.go.kr/1220000/nitemtrade/getNitemtradeList,2026-08-10T12:41:32.519982+00:00
2023-09,3902100000,AE,아랍에미리트 연합,846000,911565,0,0,911565,korea_customs_service,https://apis.data.go.kr/1220000/nitemtrade/getNitemtradeList,2026-08-10T12:41:32.519982+00:00
2023-10,3902100000,AE,아랍에미리트 연합,182000,206084,11000,15400,190684,korea_customs_service,https://apis.data.go.kr/1220000/nitemtrade/getNitemtradeList,2026-08-10T12:41:32.519982+00:00
2023-11,3902100000,AE,아랍에미리트 연합,910350,1000417,0,0,1000417,korea_customs_service,https://apis.data.go.kr/1220000/nitemtrade/getNitemtradeList,2026-08-10T12:41:32.519982+00:00
2023-12,3902100000,AE,아랍에미리트 연합,571001,637527,99000,95547,541980,korea_customs_service,https://apis.data.go.kr/1220000/nitemtrade/getNitemtradeList,2026-08-10T12:41:32.519982+00:00
2024-01,3902100000,AE,아랍에미리트 연합,320000,345938,123750,120037,225901,korea_customs_service,https://apis.data.go.kr/1220000/nitemtrade/getNitemtradeList,2026-08-10T12:41:32.941811+00:00
2024-02,3902100000,AE,아랍에미리트 연합,758400,744485,0,0,744485,korea_customs_service,https://apis.data.go.kr/1220000/nitemtrade/getNitemtradeList,2026-08-10T12:41:32.941811+00:00
2024-03,3902100000,AE,아랍에미리트 연합,528000,568811,500,5199,563612,korea_customs_service,https://apis.data.go.kr/1220000/nitemtrade/getNitemtradeList,2026-08-10T12:41:32.941811+00:00
2024-04,3902100000,AE,아랍에미리트 연합,378000,443526,0,0,443526,korea_customs_service,https://apis.data.go.kr/1220000/nitemtrade/getNitemtradeList,2026-08-10T12:41:32.941811+00:00
2024-05,3902100000,AE,아랍에미리트 연합,520000,577767,0,0,577767,korea_customs_service,https://apis.data.go.kr/1220000/nitemtrade/getNitemtradeList,2026-08-10T12:41:32.941811+00:00
2024-06,3902100000,AE,아랍에미리트 연합,180000,219990,0,0,219990,korea_customs_service,https://apis.data.go.kr/1220000/nitemtrade/getNitemtradeList,2026-08-10T12:41:32.941811+00:00
2024-07,3902100000,AE,아랍에미리트 연합,344400,373458,11000,14850,358608,korea_customs_service,https://apis.data.go.kr/1220000/nitemtrade/getNitemtradeList,2026-08-10T12:41:32.941811+00:00
2024-08,3902100000,AE,아랍에미리트 연합,324375,345640,0,0,345640,korea_customs_service,https://apis.data.go.kr/1220000/nitemtrade/getNitemtradeList,2026-08-10T12:41:32.941811+00:00
2024-09,3902100000,AE,아랍에미리트 연합,336000,371434,0,0,371434,korea_customs_service,https://apis.data.go.kr/1220000/nitemtrade/getNitemtradeList,2026-08-10T12:41:32.941811+00:00
2024-10,3902100000,AE,아랍에미리트 연합,168000,173703,0,0,173703,korea_customs_service,https://apis.data.go.kr/1220000/nitemtrade/getNitemtradeList,2026-08-10T12:41:32.941811+00:00
2024-11,3902100000,AE,아랍에미리트 연합,605600,628853,2750,3327,625526,korea_customs_service,https://apis.data.go.kr/1220000/nitemtrade/getNitemtradeList,2026-08-10T12:41:32.941811+00:00
2024-12,3902100000,AE,아랍에미리트 연합,472000,482742,0,0,482742,korea_customs_service,https://apis.data.go.kr/1220000/nitemtrade/getNitemtradeList,2026-08-10T12:41:32.941811+00:00
2025-01,3902100000,AE,아랍에미리트 연합,214864,289346,0,0,289346,korea_customs_service,https://apis.data.go.kr/1220000/nitemtrade/getNitemtradeList,2026-08-10T12:41:33.413135+00:00
2025-02,3902100000,AE,아랍에미리트 연합,534000,622262,0,0,622262,korea_customs_service,https://apis.data.go.kr/1220000/nitemtrade/getNitemtradeList,2026-08-10T12:41:33.413135+00:00
2025-03,3902100000,AE,아랍에미리트 연합,36000,54928,0,0,54928,korea_customs_service,https://apis.data.go.kr/1220000/nitemtrade/getNitemtradeList,2026-08-10T12:41:33.413135+00:00
2025-04,3902100000,AE,아랍에미리트 연합,600000,657542,0,0,657542,korea_customs_service,https://apis.data.go.kr/1220000/nitemtrade/getNitemtradeList,2026-08-10T12:41:33.413135+00:00
2025-05,3902100000,AE,아랍에미리트 연합,336000,376585,0,0,376585,korea_customs_service,https://apis.data.go.kr/1220000/nitemtrade/getNitemtradeList,2026-08-10T12:41:33.413135+00:00
2025-06,3902100000,AE,아랍에미리트 연합,1080000,1148844,0,0,1148844,korea_customs_service,https://apis.data.go.kr/1220000/nitemtrade/getNitemtradeList,2026-08-10T12:41:33.413135+00:00
2025-07,3902100000,AE,아랍에미리트 연합,1194100,1242386,0,0,1242386,korea_customs_service,https://apis.data.go.kr/1220000/nitemtrade/getNitemtradeList,2026-08-10T12:41:33.413135+00:00
2025-08,3902100000,AE,아랍에미리트 연합,456000,501349,0,0,501349,korea_customs_service,https://apis.data.go.kr/1220000/nitemtrade/getNitemtradeList,2026-08-10T12:41:33.413135+00:00
2025-09,3902100000,AE,아랍에미리트 연합,636000,665511,0,0,665511,korea_customs_service,https://apis.data.go.kr/1220000/nitemtrade/getNitemtradeList,2026-08-10T12:41:33.413135+00:00
2025-10,3902100000,AE,아랍에미리트 연합,1743150,1707966,0,0,1707966,korea_customs_service,https://apis.data.go.kr/1220000/nitemtrade/getNitemtradeList,2026-08-10T12:41:33.413135+00:00
2025-11,3902100000,AE,아랍에미리트 연합,312000,318470,0,0,318470,korea_customs_service,https://apis.data.go.kr/1220000/nitemtrade/getNitemtradeList,2026-08-10T12:41:33.413135+00:00
2025-12,3902100000,AE,아랍에미리트 연합,1051000,1025979,22,84,1025895,korea_customs_service,https://apis.data.go.kr/1220000/nitemtrade/getNitemtradeList,2026-08-10T12:41:33.413135+00:00
2026-01,3902100000,AE,아랍에미리트 연합,573000,573830,0,0,573830,korea_customs_service,https://apis.data.go.kr/1220000/nitemtrade/getNitemtradeList,2026-08-10T12:41:33.770346+00:00
2026-02,3902100000,AE,아랍에미리트 연합,684100,671944,0,0,671944,korea_customs_service,https://apis.data.go.kr/1220000/nitemtrade/getNitemtradeList,2026-08-10T12:41:33.770346+00:00
2026-05,3902100000,AE,아랍에미리트 연합,96000,180491,0,0,180491,korea_customs_service,https://apis.data.go.kr/1220000/nitemtrade/getNitemtradeList,2026-08-10T12:41:33.770346+00:00
2023-01,3902100000,BE,벨기에,3868220,5987441,0,0,5987441,korea_customs_service,https://apis.data.go.kr/1220000/nitemtrade/getNitemtradeList,2026-08-10T12:41:33.988652+00:00
2023-02,3902100000,BE,벨기에,1894930,2745688,20040,50253,2695435,korea_customs_service,https://apis.data.go.kr/1220000/nitemtrade/getNitemtradeList,2026-08-10T12:41:33.988652+00:00
2023-03,3902100000,BE,벨기에,3569130,5501525,100,450,5501075,korea_customs_service,https://apis.data.go.kr/1220000/nitemtrade/getNitemtradeList,2026-08-10T12:41:33.988652+00:00
2023-04,3902100000,BE,벨기에,2588220,3800324,0,242,3800082,korea_customs_service,https://apis.data.go.kr/1220000/nitemtrade/getNitemtradeList,2026-08-10T12:41:33.988652+00:00
2023-05,3902100000,BE,벨기에,3054320,4289133,0,0,4289133,korea_customs_service,https://apis.data.go.kr/1220000/nitemtrade/getNitemtradeList,2026-08-10T12:41:33.988652+00:00
2023-06,3902100000,BE,벨기에,1248140,1612397,0,0,1612397,korea_customs_service,https://apis.data.go.kr/1220000/nitemtrade/getNitemtradeList,2026-08-10T12:41:33.988652+00:00
2023-07,3902100000,BE,벨기에,908500,1078853,39561,72836,1006017,korea_customs_service,https://apis.data.go.kr/1220000/nitemtrade/getNitemtradeList,2026-08-10T12:41:33.988652+00:00
2023-08,3902100000,BE,벨기에,782250,950376,0,10,950366,korea_customs_service,https://apis.data.go.kr/1220000/nitemtrade/getNitemtradeList,2026-08-10T12:41:33.988652+00:00
2023-09,3902100000,BE,벨기에,1897890,2299185,40000,61418,2237767,korea_customs_service,https://apis.data.go.kr/1220000/nitemtrade/getNitemtradeList,2026-08-10T12:41:33.988652+00:00
2023-10,3902100000,BE,벨기에,1897910,2308927,23500,33647,2275280,korea_customs_service,https://apis.data.go.kr/1220000/nitemtrade/getNitemtradeList,2026-08-10T12:41:33.988652+00:00
2023-11,3902100000,BE,벨기에,2426290,3067867,0,0,3067867,korea_customs_service,https://apis.data.go.kr/1220000/nitemtrade/getNitemtradeList,2026-08-10T12:41:33.988652+00:00
2023-12,3902100000,BE,벨기에,2002880,2359917,20,168,2359749,korea_customs_service,https://apis.data.go.kr/1220000/nitemtrade/getNitemtradeList,2026-08-10T12:41:33.988652+00:00
2024-01,3902100000,BE,벨기에,3505700,3892245,44753,114126,3778119,korea_customs_service,https://apis.data.go.kr/1220000/nitemtrade/getNitemtradeList,2026-08-10T12:41:34.433832+00:00
2024-02,3902100000,BE,벨기에,2886720,3504953,1000,611,3504342,korea_customs_service,https://apis.data.go.kr/1220000/nitemtrade/getNitemtradeList,2026-08-10T12:41:34.433832+00:00
2024-03,3902100000,BE,벨기에,1132490,1459550,40018,60994,1398556,korea_customs_service,https://apis.data.go.kr/1220000/nitemtrade/getNitemtradeList,2026-08-10T12:41:34.433832+00:00
2024-04,3902100000,BE,벨기에,5073080,6058235,0,0,6058235,korea_customs_service,https://apis.data.go.kr/1220000/nitemtrade/getNitemtradeList,2026-08-10T12:41:34.433832+00:00
2024-05,3902100000,BE,벨기에,4576944,5195159,40000,88000,5107159,korea_customs_service,https://apis.data.go.kr/1220000/nitemtrade/getNitemtradeList,2026-08-10T12:41:34.433832+00:00
2024-06,3902100000,BE,벨기에,3544580,3819570,20000,13366,3806204,korea_customs_service,https://apis.data.go.kr/1220000/nitemtrade/getNitemtradeList,2026-08-10T12:41:34.433832+00:00
2024-07,3902100000,BE,벨기에,2813300,2903924,70000,155000,2748924,korea_customs_service,https://apis.data.go.kr/1220000/nitemtrade/getNitemtradeList,2026-08-10T12:41:34.433832+00:00
2024-08,3902100000,BE,벨기에,4486180,4822968,20018,14507,4808461,korea_customs_service,https://apis.data.go.kr/1220000/nitemtrade/getNitemtradeList,2026-08-10T12:41:34.433832+00:00
2024-09,3902100000,BE,벨기에,2099220,2333866,0,0,2333866,korea_customs_service,https://apis.data.go.kr/1220000/nitemtrade/getNitemtradeList,2026-08-10T12:41:34.433832+00:00
2024-10,3902100000,BE,벨기에,3060780,3821224,20000,14102,3807122,korea_customs_service,https://apis.data.go.kr/1220000/nitemtrade/getNitemtradeList,2026-08-10T12:41:34.433832+00:00
2024-11,3902100000,BE,벨기에,3341790,3874933,0,0,3874933,korea_customs_service,https://apis.data.go.kr/1220000/nitemtrade/getNitemtradeList,2026-08-10T12:41:34.433832+00:00
2024-12,3902100000,BE,벨기에,4157470,4964241,80000,146643,4817598,korea_customs_service,https://apis.data.go.kr/1220000/nitemtrade/getNitemtradeList,2026-08-10T12:41:34.433832+00:00
2025-01,3902100000,BE,벨기에,2866140,3394521,60200,130131,3264390,korea_customs_service,https://apis.data.go.kr/1220000/nitemtrade/getNitemtradeList,2026-08-10T12:41:34.826932+00:00
2025-02,3902100000,BE,벨기에,4399680,5396058,19500,12710,5383348,korea_customs_service,https://apis.data.go.kr/1220000/nitemtrade/getNitemtradeList,2026-08-10T12:41:34.826932+00:00
2025-03,3902100000,BE,벨기에,3380510,4270130,5,15,4270115,korea_customs_service,https://apis.data.go.kr/1220000/nitemtrade/getNitemtradeList,2026-08-10T12:41:34.826932+00:00
2025-04,3902100000,BE,벨기에,3211430,3921968,402,4759,3917209,korea_customs_service,https://apis.data.go.kr/1220000/nitemtrade/getNitemtradeList,2026-08-10T12:41:34.826932+00:00
2025-05,3902100000,BE,벨기에,2990940,3555700,0,0,3555700,korea_customs_service,https://apis.data.go.kr/1220000/nitemtrade/getNitemtradeList,2026-08-10T12:41:34.826932+00:00
2025-06,3902100000,BE,벨기에,3070940,3824279,0,0,3824279,korea_customs_service,https://apis.data.go.kr/1220000/nitemtrade/getNitemtradeList,2026-08-10T12:41:34.826932+00:00
2025-07,3902100000,BE,벨기에,3798470,4512163,133,3209,4508954,korea_customs_service,https://apis.data.go.kr/1220000/nitemtrade/getNitemtradeList,2026-08-10T12:41:34.826932+00:00
2025-08,3902100000,BE,벨기에,2454560,3110236,0,0,3110236,korea_customs_service,https://apis.data.go.kr/1220000/nitemtrade/getNitemtradeList,2026-08-10T12:41:34.826932+00:00
2025-09,3902100000,BE,벨기에,3989050,4858286,83,2842,4855444,korea_customs_service,https://apis.data.go.kr/1220000/nitemtrade/getNitemtradeList,2026-08-10T12:41:34.826932+00:00
2025-10,3902100000,BE,벨기에,2998150,3752536,25,147,3752389,korea_customs_service,https://apis.data.go.kr/1220000/nitemtrade/getNitemtradeList,2026-08-10T12:41:34.826932+00:00
2025-11,3902100000,BE,벨기에,3019390,3811513,163,1086,3810427,korea_customs_service,https://apis.data.go.kr/1220000/nitemtrade/getNitemtradeList,2026-08-10T12:41:34.826932+00:00
2025-12,3902100000,BE,벨기에,2685240,2803418,0,0,2803418,korea_customs_service,https://apis.data.go.kr/1220000/nitemtrade/getNitemtradeList,2026-08-10T12:41:34.826932+00:00
2026-01,3902100000,BE,벨기에,4308510,5220713,0,0,5220713,korea_customs_service,https://apis.data.go.kr/1220000/nitemtrade/getNitemtradeList,2026-08-10T12:41:35.172695+00:00
2026-02,3902100000,BE,벨기에,4539490,5538535,200,1034,5537501,korea_customs_service,https://apis.data.go.kr/1220000/nitemtrade/getNitemtradeList,2026-08-10T12:41:35.172695+00:00
2026-03,3902100000,BE,벨기에,3784040,5052342,0,4,5052338,korea_customs_service,https://apis.data.go.kr/1220000/nitemtrade/getNitemtradeList,2026-08-10T12:41:35.172695+00:00
2026-04,3902100000,BE,벨기에,3565190,5942072,0,0,5942072,korea_customs_service,https://apis.data.go.kr/1220000/nitemtrade/getNitemtradeList,2026-08-10T12:41:35.172695+00:00
2026-05,3902100000,BE,벨기에,2726130,5105381,0,0,5105381,korea_customs_service,https://apis.data.go.kr/1220000/nitemtrade/getNitemtradeList,2026-08-10T12:41:35.172695+00:00
2026-06,3902100000,BE,벨기에,3664800,6244335,0,0,6244335,korea_customs_service,https://apis.data.go.kr/1220000/nitemtrade/getNitemtradeList,2026-08-10T12:41:35.172695+00:00
2023-03,3902100000,BH,바레인,22000,23320,0,0,23320,korea_customs_service,https://apis.data.go.kr/1220000/nitemtrade/getNitemtradeList,2026-08-10T12:41:35.355832+00:00
2023-07,3902100000,BH,바레인,48000,50229,0,0,50229,korea_customs_service,https://apis.data.go.kr/1220000/nitemtrade/getNitemtradeList,2026-08-10T12:41:35.355832+00:00
2023-09,3902100000,BH,바레인,48000,49422,0,0,49422,korea_customs_service,https://apis.data.go.kr/1220000/nitemtrade/getNitemtradeList,2026-08-10T12:41:35.355832+00:00
2023-12,3902100000,BH,바레인,48000,49689,0,0,49689,korea_customs_service,https://apis.data.go.kr/1220000/nitemtrade/getNitemtradeList,2026-08-10T12:41:35.355832+00:00
2024-02,3902100000,BH,바레인,118000,129996,0,0,129996,korea_customs_service,https://apis.data.go.kr/1220000/nitemtrade/getNitemtradeList,2026-08-10T12:41:35.719714+00:00
2024-03,3902100000,BH,바레인,120000,131970,0,0,131970,korea_customs_service,https://apis.data.go.kr/1220000/nitemtrade/getNitemtradeList,2026-08-10T12:41:35.719714+00:00
2024-05,3902100000,BH,바레인,96000,101857,0,0,101857,korea_customs_service,https://apis.data.go.kr/1220000/nitemtrade/getNitemtradeList,2026-08-10T12:41:35.719714+00:00
2026-01,3902100000,BH,바레인,14000,13117,0,0,13117,korea_customs_service,https://apis.data.go.kr/1220000/nitemtrade/getNitemtradeList,2026-08-10T12:41:36.477414+00:00
2018-01,3902100000,CN,중국,48938075,62021206,39667,108226,61912980,korea_customs_service,https://apis.data.go.kr/1220000/nitemtrade/getNitemtradeList,2026-08-10T15:33:01.975070+00:00
2018-02,3902100000,CN,중국,46665761,64598962,31585,123892,64475070,korea_customs_service,https://apis.data.go.kr/1220000/nitemtrade/getNitemtradeList,2026-08-10T15:33:01.975070+00:00
2018-03,3902100000,CN,중국,50671478,69548940,101233,247775,69301165,korea_customs_service,https://apis.data.go.kr/1220000/nitemtrade/getNitemtradeList,2026-08-10T15:33:01.975070+00:00
2018-04,3902100000,CN,중국,57085977,76475729,65671,165705,76310024,korea_customs_service,https://apis.data.go.kr/1220000/nitemtrade/getNitemtradeList,2026-08-10T15:33:01.975070+00:00
2018-05,3902100000,CN,중국,56289828,76660970,60078,181727,76479243,korea_customs_service,https://apis.data.go.kr/1220000/nitemtrade/getNitemtradeList,2026-08-10T15:33:01.975070+00:00
2018-06,3902100000,CN,중국,53933266,75395931,142240,365487,75030444,korea_customs_service,https://apis.data.go.kr/1220000/nitemtrade/getNitemtradeList,2026-08-10T15:33:01.975070+00:00
2018-07,3902100000,CN,중국,59381706,82993604,57694,108777,82884827,korea_customs_service,https://apis.data.go.kr/1220000/nitemtrade/getNitemtradeList,2026-08-10T15:33:01.975070+00:00
2018-08,3902100000,CN,중국,61547447,84618235,48039,131378,84486857,korea_customs_service,https://apis.data.go.kr/1220000/nitemtrade/getNitemtradeList,2026-08-10T15:33:01.975070+00:00
2018-09,3902100000,CN,중국,49810941,68276266,79075,191829,68084437,korea_customs_service,https://apis.data.go.kr/1220000/nitemtrade/getNitemtradeList,2026-08-10T15:33:01.975070+00:00
2018-10,3902100000,CN,중국,57155308,77671149,52691,193741,77477408,korea_customs_service,https://apis.data.go.kr/1220000/nitemtrade/getNitemtradeList,2026-08-10T15:33:01.975070+00:00
2018-11,3902100000,CN,중국,69577319,90752782,78668,277501,90475281,korea_customs_service,https://apis.data.go.kr/1220000/nitemtrade/getNitemtradeList,2026-08-10T15:33:01.975070+00:00
2018-12,3902100000,CN,중국,55473190,68143562,90751,304377,67839185,korea_customs_service,https://apis.data.go.kr/1220000/nitemtrade/getNitemtradeList,2026-08-10T15:33:01.975070+00:00
2019-01,3902100000,CN,중국,49299324,59304952,122556,291177,59013775,korea_customs_service,https://apis.data.go.kr/1220000/nitemtrade/getNitemtradeList,2026-08-10T15:33:02.348983+00:00
2019-02,3902100000,CN,중국,57886527,69295330,57723,145946,69149384,korea_customs_service,https://apis.data.go.kr/1220000/nitemtrade/getNitemtradeList,2026-08-10T15:33:02.348983+00:00
2019-03,3902100000,CN,중국,47850154,61021199,131045,416364,60604835,korea_customs_service,https://apis.data.go.kr/1220000/nitemtrade/getNitemtradeList,2026-08-10T15:33:02.348983+00:00
2019-04,3902100000,CN,중국,52068696,66490772,68158,211233,66279539,korea_customs_service,https://apis.data.go.kr/1220000/nitemtrade/getNitemtradeList,2026-08-10T15:33:02.348983+00:00
2019-05,3902100000,CN,중국,52085721,67880371,96498,323147,67557224,korea_customs_service,https://apis.data.go.kr/1220000/nitemtrade/getNitemtradeList,2026-08-10T15:33:02.348983+00:00
2019-06,3902100000,CN,중국,43458341,55093784,92647,323691,54770093,korea_customs_service,https://apis.data.go.kr/1220000/nitemtrade/getNitemtradeList,2026-08-10T15:33:02.348983+00:00
2019-07,3902100000,CN,중국,59127696,73324790,117278,259155,73065635,korea_customs_service,https://apis.data.go.kr/1220000/nitemtrade/getNitemtradeList,2026-08-10T15:33:02.348983+00:00
2019-08,3902100000,CN,중국,61815164,74910728,73117,211973,74698755,korea_customs_service,https://apis.data.go.kr/1220000/nitemtrade/getNitemtradeList,2026-08-10T15:33:02.348983+00:00
2019-09,3902100000,CN,중국,54610548,63797146,602710,854808,62942338,korea_customs_service,https://apis.data.go.kr/1220000/nitemtrade/getNitemtradeList,2026-08-10T15:33:02.348983+00:00
2019-10,3902100000,CN,중국,58534288,68389343,334840,542137,67847206,korea_customs_service,https://apis.data.go.kr/1220000/nitemtrade/getNitemtradeList,2026-08-10T15:33:02.348983+00:00
2019-11,3902100000,CN,중국,57256251,65377793,385824,544726,64833067,korea_customs_service,https://apis.data.go.kr/1220000/nitemtrade/getNitemtradeList,2026-08-10T15:33:02.348983+00:00
2019-12,3902100000,CN,중국,63900300,70291474,199210,340628,69950846,korea_customs_service,https://apis.data.go.kr/1220000/nitemtrade/getNitemtradeList,2026-08-10T15:33:02.348983+00:00
2020-01,3902100000,CN,중국,45304780,50433520,154968,357708,50075812,korea_customs_service,https://apis.data.go.kr/1220000/nitemtrade/getNitemtradeList,2026-08-10T15:33:02.728560+00:00
2020-02,3902100000,CN,중국,36278520,40667343,75395,223970,40443373,korea_customs_service,https://apis.data.go.kr/1220000/nitemtrade/getNitemtradeList,2026-08-10T15:33:02.728560+00:00
2020-03,3902100000,CN,중국,57374197,65712366,104117,330935,65381431,korea_customs_service,https://apis.data.go.kr/1220000/nitemtrade/getNitemtradeList,2026-08-10T15:33:02.728560+00:00
2020-04,3902100000,CN,중국,71739917,73434728,157951,284481,73150247,korea_customs_service,https://apis.data.go.kr/1220000/nitemtrade/getNitemtradeList,2026-08-10T15:33:02.728560+00:00
2020-05,3902100000,CN,중국,86432513,92265553,104336,372817,91892736,korea_customs_service,https://apis.data.go.kr/1220000/nitemtrade/getNitemtradeList,2026-08-10T15:33:02.728560+00:00
2020-06,3902100000,CN,중국,75190796,83062193,170632,441175,82621018,korea_customs_service,https://apis.data.go.kr/1220000/nitemtrade/getNitemtradeList,2026-08-10T15:33:02.728560+00:00
2020-07,3902100000,CN,중국,70483629,76041761,142169,498406,75543355,korea_customs_service,https://apis.data.go.kr/1220000/nitemtrade/getNitemtradeList,2026-08-10T15:33:02.728560+00:00
2020-08,3902100000,CN,중국,59972667,65205183,132023,416444,64788739,korea_customs_service,https://apis.data.go.kr/1220000/nitemtrade/getNitemtradeList,2026-08-10T15:33:02.728560+00:00
2020-09,3902100000,CN,중국,66279948,71937481,115226,344545,71592936,korea_customs_service,https://apis.data.go.kr/1220000/nitemtrade/getNitemtradeList,2026-08-10T15:33:02.728560+00:00
2020-10,3902100000,CN,중국,54485268,61678377,277661,583307,61095070,korea_customs_service,https://apis.data.go.kr/1220000/nitemtrade/getNitemtradeList,2026-08-10T15:33:02.728560+00:00
2020-11,3902100000,CN,중국,54123933,61391453,145898,326204,61065249,korea_customs_service,https://apis.data.go.kr/1220000/nitemtrade/getNitemtradeList,2026-08-10T15:33:02.728560+00:00
2020-12,3902100000,CN,중국,66145391,79418334,243603,638932,78779402,korea_customs_service,https://apis.data.go.kr/1220000/nitemtrade/getNitemtradeList,2026-08-10T15:33:02.728560+00:00
2021-01,3902100000,CN,중국,51433428,64723351,148401,455971,64267380,korea_customs_service,https://apis.data.go.kr/1220000/nitemtrade/getNitemtradeList,2026-08-10T15:33:03.114975+00:00
2021-02,3902100000,CN,중국,52422914,67750510,91424,204347,67546163,korea_customs_service,https://apis.data.go.kr/1220000/nitemtrade/getNitemtradeList,2026-08-10T15:33:03.114975+00:00
2021-03,3902100000,CN,중국,56021478,76159793,185539,601814,75557979,korea_customs_service,https://apis.data.go.kr/1220000/nitemtrade/getNitemtradeList,2026-08-10T15:33:03.114975+00:00
2021-04,3902100000,CN,중국,47525676,71184654,116418,361969,70822685,korea_customs_service,https://apis.data.go.kr/1220000/nitemtrade/getNitemtradeList,2026-08-10T15:33:03.114975+00:00
2021-05,3902100000,CN,중국,71121224,102942976,1117969,1677136,101265840,korea_customs_service,https://apis.data.go.kr/1220000/nitemtrade/getNitemtradeList,2026-08-10T15:33:03.114975+00:00
2021-06,3902100000,CN,중국,58015543,81572297,889122,1374681,80197616,korea_customs_service,https://apis.data.go.kr/1220000/nitemtrade/getNitemtradeList,2026-08-10T15:33:03.114975+00:00
2021-07,3902100000,CN,중국,58252543,77969570,86621,172549,77797021,korea_customs_service,https://apis.data.go.kr/1220000/nitemtrade/getNitemtradeList,2026-08-10T15:33:03.114975+00:00
2021-08,3902100000,CN,중국,60760574,79928089,147730,427096,79500993,korea_customs_service,https://apis.data.go.kr/1220000/nitemtrade/getNitemtradeList,2026-08-10T15:33:03.114975+00:00
2021-09,3902100000,CN,중국,54701926,71688895,109100,377365,71311530,korea_customs_service,https://apis.data.go.kr/1220000/nitemtrade/getNitemtradeList,2026-08-10T15:33:03.114975+00:00
2021-10,3902100000,CN,중국,64141185,80450158,52038,185671,80264487,korea_customs_service,https://apis.data.go.kr/1220000/nitemtrade/getNitemtradeList,2026-08-10T15:33:03.114975+00:00
2021-11,3902100000,CN,중국,60219782,75193725,104044,525954,74667771,korea_customs_service,https://apis.data.go.kr/1220000/nitemtrade/getNitemtradeList,2026-08-10T15:33:03.114975+00:00
2021-12,3902100000,CN,중국,67445768,85777782,127076,607128,85170654,korea_customs_service,https://apis.data.go.kr/1220000/nitemtrade/getNitemtradeList,2026-08-10T15:33:03.114975+00:00
2022-01,3902100000,CN,중국,64164816,79416088,96572,204841,79211247,korea_customs_service,https://apis.data.go.kr/1220000/nitemtrade/getNitemtradeList,2026-08-10T15:33:03.484916+00:00
2022-02,3902100000,CN,중국,56993263,73385185,99640,388754,72996431,korea_customs_service,https://apis.data.go.kr/1220000/nitemtrade/getNitemtradeList,2026-08-10T15:33:03.484916+00:00
2022-03,3902100000,CN,중국,47545184,65040451,515219,1052590,63987861,korea_customs_service,https://apis.data.go.kr/1220000/nitemtrade/getNitemtradeList,2026-08-10T15:33:03.484916+00:00
2022-04,3902100000,CN,중국,46183397,67681985,309267,593486,67088499,korea_customs_service,https://apis.data.go.kr/1220000/nitemtrade/getNitemtradeList,2026-08-10T15:33:03.484916+00:00
2022-05,3902100000,CN,중국,54167155,79403096,553119,1113507,78289589,korea_customs_service,https://apis.data.go.kr/1220000/nitemtrade/getNitemtradeList,2026-08-10T15:33:03.484916+00:00
2022-06,3902100000,CN,중국,47905866,68792636,483757,943706,67848930,korea_customs_service,https://apis.data.go.kr/1220000/nitemtrade/getNitemtradeList,2026-08-10T15:33:03.484916+00:00
2022-07,3902100000,CN,중국,44546918,59510990,330312,810301,58700689,korea_customs_service,https://apis.data.go.kr/1220000/nitemtrade/getNitemtradeList,2026-08-10T15:33:03.484916+00:00
2022-08,3902100000,CN,중국,55747319,65641157,116340,266738,65374419,korea_customs_service,https://apis.data.go.kr/1220000/nitemtrade/getNitemtradeList,2026-08-10T15:33:03.484916+00:00
2022-09,3902100000,CN,중국,48758924,58663812,93782,362592,58301220,korea_customs_service,https://apis.data.go.kr/1220000/nitemtrade/getNitemtradeList,2026-08-10T15:33:03.484916+00:00
2022-10,3902100000,CN,중국,42924367,48979186,149125,373685,48605501,korea_customs_service,https://apis.data.go.kr/1220000/nitemtrade/getNitemtradeList,2026-08-10T15:33:03.484916+00:00
2022-11,3902100000,CN,중국,47559912,51235622,119234,364938,50870684,korea_customs_service,https://apis.data.go.kr/1220000/nitemtrade/getNitemtradeList,2026-08-10T15:33:03.484916+00:00
2022-12,3902100000,CN,중국,66166141,71569052,280565,762916,70806136,korea_customs_service,https://apis.data.go.kr/1220000/nitemtrade/getNitemtradeList,2026-08-10T15:33:03.484916+00:00
2023-01,3902100000,CN,중국,46858170,52088716,291318,791457,51297259,korea_customs_service,https://apis.data.go.kr/1220000/nitemtrade/getNitemtradeList,2026-08-10T15:33:03.860506+00:00
2023-02,3902100000,CN,중국,33667895,40522387,1144246,1831209,38691178,korea_customs_service,https://apis.data.go.kr/1220000/nitemtrade/getNitemtradeList,2026-08-10T15:33:03.860506+00:00
2023-03,3902100000,CN,중국,31307064,37171009,1530644,2162285,35008724,korea_customs_service,https://apis.data.go.kr/1220000/nitemtrade/getNitemtradeList,2026-08-10T15:33:03.860506+00:00
2023-04,3902100000,CN,중국,34874909,42457243,680201,1274437,41182806,korea_customs_service,https://apis.data.go.kr/1220000/nitemtrade/getNitemtradeList,2026-08-10T15:33:03.860506+00:00
2023-05,3902100000,CN,중국,38619732,46743816,1467688,2320793,44423023,korea_customs_service,https://apis.data.go.kr/1220000/nitemtrade/getNitemtradeList,2026-08-10T15:33:03.860506+00:00
2023-06,3902100000,CN,중국,41924276,49110135,511916,1064616,48045519,korea_customs_service,https://apis.data.go.kr/1220000/nitemtrade/getNitemtradeList,2026-08-10T15:33:03.860506+00:00
2023-07,3902100000,CN,중국,43385087,50539857,625022,1113315,49426542,korea_customs_service,https://apis.data.go.kr/1220000/nitemtrade/getNitemtradeList,2026-08-10T15:33:03.860506+00:00
2023-08,3902100000,CN,중국,41285819,47276417,668509,1529045,45747372,korea_customs_service,https://apis.data.go.kr/1220000/nitemtrade/getNitemtradeList,2026-08-10T15:33:03.860506+00:00
2023-09,3902100000,CN,중국,43861100,51209467,680852,1258931,49950536,korea_customs_service,https://apis.data.go.kr/1220000/nitemtrade/getNitemtradeList,2026-08-10T15:33:03.860506+00:00
2023-10,3902100000,CN,중국,36100212,41927008,638002,1269578,40657430,korea_customs_service,https://apis.data.go.kr/1220000/nitemtrade/getNitemtradeList,2026-08-10T15:33:03.860506+00:00
2023-11,3902100000,CN,중국,43672506,53905672,1133816,1836303,52069369,korea_customs_service,https://apis.data.go.kr/1220000/nitemtrade/getNitemtradeList,2026-08-10T15:33:03.860506+00:00
2023-12,3902100000,CN,중국,42585883,50093889,500348,939062,49154827,korea_customs_service,https://apis.data.go.kr/1220000/nitemtrade/getNitemtradeList,2026-08-10T15:33:03.860506+00:00
2024-01,3902100000,CN,중국,33394716,38718633,251675,601147,38117486,korea_customs_service,https://apis.data.go.kr/1220000/nitemtrade/getNitemtradeList,2026-08-10T15:33:04.248551+00:00
2024-02,3902100000,CN,중국,34005927,39255824,419201,676617,38579207,korea_customs_service,https://apis.data.go.kr/1220000/nitemtrade/getNitemtradeList,2026-08-10T15:33:04.248551+00:00
2024-03,3902100000,CN,중국,33246336,40353982,524828,933470,39420512,korea_customs_service,https://apis.data.go.kr/1220000/nitemtrade/getNitemtradeList,2026-08-10T15:33:04.248551+00:00
2024-04,3902100000,CN,중국,40628955,48436978,988533,1735474,46701504,korea_customs_service,https://apis.data.go.kr/1220000/nitemtrade/getNitemtradeList,2026-08-10T15:33:04.248551+00:00
2024-05,3902100000,CN,중국,45546401,53037815,729595,1028341,52009474,korea_customs_service,https://apis.data.go.kr/1220000/nitemtrade/getNitemtradeList,2026-08-10T15:33:04.248551+00:00
2024-06,3902100000,CN,중국,37359062,43698902,417941,644721,43054181,korea_customs_service,https://apis.data.go.kr/1220000/nitemtrade/getNitemtradeList,2026-08-10T15:33:04.248551+00:00
2024-07,3902100000,CN,중국,39205495,45698784,572768,980001,44718783,korea_customs_service,https://apis.data.go.kr/1220000/nitemtrade/getNitemtradeList,2026-08-10T15:33:04.248551+00:00
2024-08,3902100000,CN,중국,36465071,43002993,679934,1216489,41786504,korea_customs_service,https://apis.data.go.kr/1220000/nitemtrade/getNitemtradeList,2026-08-10T15:33:04.248551+00:00
2024-09,3902100000,CN,중국,35992840,42675332,665429,1121075,41554257,korea_customs_service,https://apis.data.go.kr/1220000/nitemtrade/getNitemtradeList,2026-08-10T15:33:04.248551+00:00
2024-10,3902100000,CN,중국,36467789,44174075,754724,1275199,42898876,korea_customs_service,https://apis.data.go.kr/1220000/nitemtrade/getNitemtradeList,2026-08-10T15:33:04.248551+00:00
2024-11,3902100000,CN,중국,36441831,43687648,567591,959401,42728247,korea_customs_service,https://apis.data.go.kr/1220000/nitemtrade/getNitemtradeList,2026-08-10T15:33:04.248551+00:00
2024-12,3902100000,CN,중국,41582845,48725005,621521,1119030,47605975,korea_customs_service,https://apis.data.go.kr/1220000/nitemtrade/getNitemtradeList,2026-08-10T15:33:04.248551+00:00
2025-01,3902100000,CN,중국,34760515,41387281,627505,1010276,40377005,korea_customs_service,https://apis.data.go.kr/1220000/nitemtrade/getNitemtradeList,2026-08-10T15:33:04.625838+00:00
2025-02,3902100000,CN,중국,33680798,39811879,642441,1002622,38809257,korea_customs_service,https://apis.data.go.kr/1220000/nitemtrade/getNitemtradeList,2026-08-10T15:33:04.625838+00:00
2025-03,3902100000,CN,중국,31658713,37698543,700124,1148605,36549938,korea_customs_service,https://apis.data.go.kr/1220000/nitemtrade/getNitemtradeList,2026-08-10T15:33:04.625838+00:00
2025-04,3902100000,CN,중국,34059625,40976219,669349,1049134,39927085,korea_customs_service,https://apis.data.go.kr/1220000/nitemtrade/getNitemtradeList,2026-08-10T15:33:04.625838+00:00
2025-05,3902100000,CN,중국,32772663,37692087,1007068,1521898,36170189,korea_customs_service,https://apis.data.go.kr/1220000/nitemtrade/getNitemtradeList,2026-08-10T15:33:04.625838+00:00
2025-06,3902100000,CN,중국,36527387,41807638,729734,1194421,40613217,korea_customs_service,https://apis.data.go.kr/1220000/nitemtrade/getNitemtradeList,2026-08-10T15:33:04.625838+00:00
2025-07,3902100000,CN,중국,37682657,43442275,682633,1201719,42240556,korea_customs_service,https://apis.data.go.kr/1220000/nitemtrade/getNitemtradeList,2026-08-10T15:33:04.625838+00:00
2025-08,3902100000,CN,중국,35082129,39814408,647085,1220020,38594388,korea_customs_service,https://apis.data.go.kr/1220000/nitemtrade/getNitemtradeList,2026-08-10T15:33:04.625838+00:00
2025-09,3902100000,CN,중국,35501846,40181270,606293,804678,39376592,korea_customs_service,https://apis.data.go.kr/1220000/nitemtrade/getNitemtradeList,2026-08-10T15:33:04.625838+00:00
2025-10,3902100000,CN,중국,33857746,38788794,1209210,1743799,37044995,korea_customs_service,https://apis.data.go.kr/1220000/nitemtrade/getNitemtradeList,2026-08-10T15:33:04.625838+00:00
2025-11,3902100000,CN,중국,33460224,38427180,883066,2090304,36336876,korea_customs_service,https://apis.data.go.kr/1220000/nitemtrade/getNitemtradeList,2026-08-10T15:33:04.625838+00:00
2025-12,3902100000,CN,중국,35388359,40604256,1935282,2575521,38028735,korea_customs_service,https://apis.data.go.kr/1220000/nitemtrade/getNitemtradeList,2026-08-10T15:33:04.625838+00:00
2026-01,3902100000,CN,중국,31762256,36647207,1303261,1987342,34659865,korea_customs_service,https://apis.data.go.kr/1220000/nitemtrade/getNitemtradeList,2026-08-10T15:33:04.964951+00:00
2026-02,3902100000,CN,중국,31166141,35188090,877849,1566535,33621555,korea_customs_service,https://apis.data.go.kr/1220000/nitemtrade/getNitemtradeList,2026-08-10T15:33:04.964951+00:00
2026-03,3902100000,CN,중국,34468010,40718744,1618984,2486761,38231983,korea_customs_service,https://apis.data.go.kr/1220000/nitemtrade/getNitemtradeList,2026-08-10T15:33:04.964951+00:00
2026-04,3902100000,CN,중국,28337147,41525021,4696125,7346992,34178029,korea_customs_service,https://apis.data.go.kr/1220000/nitemtrade/getNitemtradeList,2026-08-10T15:33:04.964951+00:00
2026-05,3902100000,CN,중국,23313318,40979294,6217988,9722718,31256576,korea_customs_service,https://apis.data.go.kr/1220000/nitemtrade/getNitemtradeList,2026-08-10T15:33:04.964951+00:00
2026-06,3902100000,CN,중국,36271421,59818106,4439510,7341815,52476291,korea_customs_service,https://apis.data.go.kr/1220000/nitemtrade/getNitemtradeList,2026-08-10T15:33:04.964951+00:00
2023-01,3902100000,DE,독일,450000,596555,26153,109852,486703,korea_customs_service,https://apis.data.go.kr/1220000/nitemtrade/getNitemtradeList,2026-08-10T12:41:38.076976+00:00
2023-02,3902100000,DE,독일,79415,103074,41426,134364,-31290,korea_customs_service,https://apis.data.go.kr/1220000/nitemtrade/getNitemtradeList,2026-08-10T12:41:38.076976+00:00
2023-03,3902100000,DE,독일,289400,378170,50864,169459,208711,korea_customs_service,https://apis.data.go.kr/1220000/nitemtrade/getNitemtradeList,2026-08-10T12:41:38.076976+00:00
2023-04,3902100000,DE,독일,144120,203576,69213,245981,-42405,korea_customs_service,https://apis.data.go.kr/1220000/nitemtrade/getNitemtradeList,2026-08-10T12:41:38.076976+00:00
2023-05,3902100000,DE,독일,252325,321002,43130,185156,135846,korea_customs_service,https://apis.data.go.kr/1220000/nitemtrade/getNitemtradeList,2026-08-10T12:41:38.076976+00:00
2023-06,3902100000,DE,독일,186200,232080,93316,361114,-129034,korea_customs_service,https://apis.data.go.kr/1220000/nitemtrade/getNitemtradeList,2026-08-10T12:41:38.076976+00:00
2023-07,3902100000,DE,독일,352025,409672,51071,167631,242041,korea_customs_service,https://apis.data.go.kr/1220000/nitemtrade/getNitemtradeList,2026-08-10T12:41:38.076976+00:00
2023-08,3902100000,DE,독일,289150,328145,48779,155211,172934,korea_customs_service,https://apis.data.go.kr/1220000/nitemtrade/getNitemtradeList,2026-08-10T12:41:38.076976+00:00
2023-09,3902100000,DE,독일,46311,47354,24850,59083,-11729,korea_customs_service,https://apis.data.go.kr/1220000/nitemtrade/getNitemtradeList,2026-08-10T12:41:38.076976+00:00
2023-10,3902100000,DE,독일,1201,2178,90805,276184,-274006,korea_customs_service,https://apis.data.go.kr/1220000/nitemtrade/getNitemtradeList,2026-08-10T12:41:38.076976+00:00
2023-11,3902100000,DE,독일,701100,876877,76750,272011,604866,korea_customs_service,https://apis.data.go.kr/1220000/nitemtrade/getNitemtradeList,2026-08-10T12:41:38.076976+00:00
2023-12,3902100000,DE,독일,1421501,1634070,100050,286625,1347445,korea_customs_service,https://apis.data.go.kr/1220000/nitemtrade/getNitemtradeList,2026-08-10T12:41:38.076976+00:00
2024-01,3902100000,DE,독일,1398950,1588520,51252,168226,1420294,korea_customs_service,https://apis.data.go.kr/1220000/nitemtrade/getNitemtradeList,2026-08-10T12:41:38.458877+00:00
2024-02,3902100000,DE,독일,1209750,1512048,1025,5145,1506903,korea_customs_service,https://apis.data.go.kr/1220000/nitemtrade/getNitemtradeList,2026-08-10T12:41:38.458877+00:00
2024-03,3902100000,DE,독일,2131750,2726819,27762,99105,2627714,korea_customs_service,https://apis.data.go.kr/1220000/nitemtrade/getNitemtradeList,2026-08-10T12:41:38.458877+00:00
2024-04,3902100000,DE,독일,2578050,3148524,91074,372518,2776006,korea_customs_service,https://apis.data.go.kr/1220000/nitemtrade/getNitemtradeList,2026-08-10T12:41:38.458877+00:00
2024-05,3902100000,DE,독일,998650,1234819,56375,243986,990833,korea_customs_service,https://apis.data.go.kr/1220000/nitemtrade/getNitemtradeList,2026-08-10T12:41:38.458877+00:00
2024-06,3902100000,DE,독일,1136700,1349897,63214,307258,1042639,korea_customs_service,https://apis.data.go.kr/1220000/nitemtrade/getNitemtradeList,2026-08-10T12:41:38.458877+00:00
2024-07,3902100000,DE,독일,1316200,1707670,27000,113893,1593777,korea_customs_service,https://apis.data.go.kr/1220000/nitemtrade/getNitemtradeList,2026-08-10T12:41:38.458877+00:00
2024-08,3902100000,DE,독일,542800,640791,53175,181644,459147,korea_customs_service,https://apis.data.go.kr/1220000/nitemtrade/getNitemtradeList,2026-08-10T12:41:38.458877+00:00
2024-09,3902100000,DE,독일,966350,1129650,61357,214989,914661,korea_customs_service,https://apis.data.go.kr/1220000/nitemtrade/getNitemtradeList,2026-08-10T12:41:38.458877+00:00
2024-10,3902100000,DE,독일,703114,787326,72750,208092,579234,korea_customs_service,https://apis.data.go.kr/1220000/nitemtrade/getNitemtradeList,2026-08-10T12:41:38.458877+00:00
2024-11,3902100000,DE,독일,320625,361598,51907,165816,195782,korea_customs_service,https://apis.data.go.kr/1220000/nitemtrade/getNitemtradeList,2026-08-10T12:41:38.458877+00:00
2024-12,3902100000,DE,독일,712800,790423,75251,239774,550649,korea_customs_service,https://apis.data.go.kr/1220000/nitemtrade/getNitemtradeList,2026-08-10T12:41:38.458877+00:00
2025-01,3902100000,DE,독일,413200,450649,75501,216689,233960,korea_customs_service,https://apis.data.go.kr/1220000/nitemtrade/getNitemtradeList,2026-08-10T12:41:38.859307+00:00
2025-02,3902100000,DE,독일,97500,126206,27250,108703,17503,korea_customs_service,https://apis.data.go.kr/1220000/nitemtrade/getNitemtradeList,2026-08-10T12:41:38.859307+00:00
2025-03,3902100000,DE,독일,385550,523626,51064,167225,356401,korea_customs_service,https://apis.data.go.kr/1220000/nitemtrade/getNitemtradeList,2026-08-10T12:41:38.859307+00:00
2025-04,3902100000,DE,독일,264000,331835,53752,194860,136975,korea_customs_service,https://apis.data.go.kr/1220000/nitemtrade/getNitemtradeList,2026-08-10T12:41:38.859307+00:00
2025-05,3902100000,DE,독일,236000,346327,98834,330003,16324,korea_customs_service,https://apis.data.go.kr/1220000/nitemtrade/getNitemtradeList,2026-08-10T12:41:38.859307+00:00
2025-06,3902100000,DE,독일,276000,460789,87946,316502,144287,korea_customs_service,https://apis.data.go.kr/1220000/nitemtrade/getNitemtradeList,2026-08-10T12:41:38.859307+00:00
2025-07,3902100000,DE,독일,329532,441290,127130,488413,-47123,korea_customs_service,https://apis.data.go.kr/1220000/nitemtrade/getNitemtradeList,2026-08-10T12:41:38.859307+00:00
2025-08,3902100000,DE,독일,248025,413068,82023,347024,66044,korea_customs_service,https://apis.data.go.kr/1220000/nitemtrade/getNitemtradeList,2026-08-10T12:41:38.859307+00:00
2025-09,3902100000,DE,독일,300600,415203,50756,175175,240028,korea_customs_service,https://apis.data.go.kr/1220000/nitemtrade/getNitemtradeList,2026-08-10T12:41:38.859307+00:00
2025-10,3902100000,DE,독일,437105,514274,45,289,513985,korea_customs_service,https://apis.data.go.kr/1220000/nitemtrade/getNitemtradeList,2026-08-10T12:41:38.859307+00:00
2025-11,3902100000,DE,독일,322600,455568,53001,232326,223242,korea_customs_service,https://apis.data.go.kr/1220000/nitemtrade/getNitemtradeList,2026-08-10T12:41:38.859307+00:00
2025-12,3902100000,DE,독일,512000,635804,53804,156568,479236,korea_customs_service,https://apis.data.go.kr/1220000/nitemtrade/getNitemtradeList,2026-08-10T12:41:38.859307+00:00
2026-01,3902100000,DE,독일,564877,751581,88101,319737,431844,korea_customs_service,https://apis.data.go.kr/1220000/nitemtrade/getNitemtradeList,2026-08-10T12:41:39.196356+00:00
2026-02,3902100000,DE,독일,1115051,1350642,34951,80831,1269811,korea_customs_service,https://apis.data.go.kr/1220000/nitemtrade/getNitemtradeList,2026-08-10T12:41:39.196356+00:00
2026-03,3902100000,DE,독일,344075,439860,56000,229566,210294,korea_customs_service,https://apis.data.go.kr/1220000/nitemtrade/getNitemtradeList,2026-08-10T12:41:39.196356+00:00
2026-04,3902100000,DE,독일,542999,1125906,103964,402345,723561,korea_customs_service,https://apis.data.go.kr/1220000/nitemtrade/getNitemtradeList,2026-08-10T12:41:39.196356+00:00
2026-05,3902100000,DE,독일,714000,1546599,99905,337432,1209167,korea_customs_service,https://apis.data.go.kr/1220000/nitemtrade/getNitemtradeList,2026-08-10T12:41:39.196356+00:00
2026-06,3902100000,DE,독일,792000,1493638,50751,197608,1296030,korea_customs_service,https://apis.data.go.kr/1220000/nitemtrade/getNitemtradeList,2026-08-10T12:41:39.196356+00:00
2023-01,3902100000,ID,인도네시아,4361260,4241085,50,172,4240913,korea_customs_service,https://apis.data.go.kr/1220000/nitemtrade/getNitemtradeList,2026-08-10T12:41:39.409116+00:00
2023-02,3902100000,ID,인도네시아,5030300,5432691,0,0,5432691,korea_customs_service,https://apis.data.go.kr/1220000/nitemtrade/getNitemtradeList,2026-08-10T12:41:39.409116+00:00
2023-03,3902100000,ID,인도네시아,2957320,3453688,0,0,3453688,korea_customs_service,https://apis.data.go.kr/1220000/nitemtrade/getNitemtradeList,2026-08-10T12:41:39.409116+00:00
2023-04,3902100000,ID,인도네시아,1502250,1783748,0,0,1783748,korea_customs_service,https://apis.data.go.kr/1220000/nitemtrade/getNitemtradeList,2026-08-10T12:41:39.409116+00:00
2023-05,3902100000,ID,인도네시아,1701410,2004994,53,467,2004527,korea_customs_service,https://apis.data.go.kr/1220000/nitemtrade/getNitemtradeList,2026-08-10T12:41:39.409116+00:00
2023-06,3902100000,ID,인도네시아,1372450,1522416,0,0,1522416,korea_customs_service,https://apis.data.go.kr/1220000/nitemtrade/getNitemtradeList,2026-08-10T12:41:39.409116+00:00
2023-07,3902100000,ID,인도네시아,2142952,2179450,3,62,2179388,korea_customs_service,https://apis.data.go.kr/1220000/nitemtrade/getNitemtradeList,2026-08-10T12:41:39.409116+00:00
2023-08,3902100000,ID,인도네시아,2209539,2257288,0,0,2257288,korea_customs_service,https://apis.data.go.kr/1220000/nitemtrade/getNitemtradeList,2026-08-10T12:41:39.409116+00:00
2023-09,3902100000,ID,인도네시아,3976750,4027838,0,0,4027838,korea_customs_service,https://apis.data.go.kr/1220000/nitemtrade/getNitemtradeList,2026-08-10T12:41:39.409116+00:00
2023-10,3902100000,ID,인도네시아,2448615,2643611,0,0,2643611,korea_customs_service,https://apis.data.go.kr/1220000/nitemtrade/getNitemtradeList,2026-08-10T12:41:39.409116+00:00
2023-11,3902100000,ID,인도네시아,2296645,2437657,0,0,2437657,korea_customs_service,https://apis.data.go.kr/1220000/nitemtrade/getNitemtradeList,2026-08-10T12:41:39.409116+00:00
2023-12,3902100000,ID,인도네시아,1744225,1880681,53,156,1880525,korea_customs_service,https://apis.data.go.kr/1220000/nitemtrade/getNitemtradeList,2026-08-10T12:41:39.409116+00:00
2024-01,3902100000,ID,인도네시아,9717760,9457576,5,70,9457506,korea_customs_service,https://apis.data.go.kr/1220000/nitemtrade/getNitemtradeList,2026-08-10T12:41:39.809056+00:00
2024-02,3902100000,ID,인도네시아,3431710,3633090,0,0,3633090,korea_customs_service,https://apis.data.go.kr/1220000/nitemtrade/getNitemtradeList,2026-08-10T12:41:39.809056+00:00
2024-03,3902100000,ID,인도네시아,1183260,1325904,0,0,1325904,korea_customs_service,https://apis.data.go.kr/1220000/nitemtrade/getNitemtradeList,2026-08-10T12:41:39.809056+00:00
2024-04,3902100000,ID,인도네시아,5757483,6052678,550,558,6052120,korea_customs_service,https://apis.data.go.kr/1220000/nitemtrade/getNitemtradeList,2026-08-10T12:41:39.809056+00:00
2024-05,3902100000,ID,인도네시아,5613133,5827015,12,66,5826949,korea_customs_service,https://apis.data.go.kr/1220000/nitemtrade/getNitemtradeList,2026-08-10T12:41:39.809056+00:00
2024-06,3902100000,ID,인도네시아,4532223,4798118,60,255,4797863,korea_customs_service,https://apis.data.go.kr/1220000/nitemtrade/getNitemtradeList,2026-08-10T12:41:39.809056+00:00
2024-07,3902100000,ID,인도네시아,5311560,5637595,1425,2240,5635355,korea_customs_service,https://apis.data.go.kr/1220000/nitemtrade/getNitemtradeList,2026-08-10T12:41:39.809056+00:00
2024-08,3902100000,ID,인도네시아,2155630,2273021,0,0,2273021,korea_customs_service,https://apis.data.go.kr/1220000/nitemtrade/getNitemtradeList,2026-08-10T12:41:39.809056+00:00
2024-09,3902100000,ID,인도네시아,2039330,2181726,18,88,2181638,korea_customs_service,https://apis.data.go.kr/1220000/nitemtrade/getNitemtradeList,2026-08-10T12:41:39.809056+00:00
2024-10,3902100000,ID,인도네시아,2342907,2474399,363,1547,2472852,korea_customs_service,https://apis.data.go.kr/1220000/nitemtrade/getNitemtradeList,2026-08-10T12:41:39.809056+00:00
2024-11,3902100000,ID,인도네시아,2934555,3001857,54,194,3001663,korea_customs_service,https://apis.data.go.kr/1220000/nitemtrade/getNitemtradeList,2026-08-10T12:41:39.809056+00:00
2024-12,3902100000,ID,인도네시아,3293547,3303332,1772,2500,3300832,korea_customs_service,https://apis.data.go.kr/1220000/nitemtrade/getNitemtradeList,2026-08-10T12:41:39.809056+00:00
2025-01,3902100000,ID,인도네시아,2319925,2434683,2001,1013,2433670,korea_customs_service,https://apis.data.go.kr/1220000/nitemtrade/getNitemtradeList,2026-08-10T12:41:40.228131+00:00
2025-02,3902100000,ID,인도네시아,1729242,1911353,0,0,1911353,korea_customs_service,https://apis.data.go.kr/1220000/nitemtrade/getNitemtradeList,2026-08-10T12:41:40.228131+00:00
2025-03,3902100000,ID,인도네시아,1545809,1620419,10,44,1620375,korea_customs_service,https://apis.data.go.kr/1220000/nitemtrade/getNitemtradeList,2026-08-10T12:41:40.228131+00:00
2025-04,3902100000,ID,인도네시아,2255111,2467845,25,178,2467667,korea_customs_service,https://apis.data.go.kr/1220000/nitemtrade/getNitemtradeList,2026-08-10T12:41:40.228131+00:00
2025-05,3902100000,ID,인도네시아,1908392,2081158,0,0,2081158,korea_customs_service,https://apis.data.go.kr/1220000/nitemtrade/getNitemtradeList,2026-08-10T12:41:40.228131+00:00
2025-06,3902100000,ID,인도네시아,1857460,2057906,20,89,2057817,korea_customs_service,https://apis.data.go.kr/1220000/nitemtrade/getNitemtradeList,2026-08-10T12:41:40.228131+00:00
2025-07,3902100000,ID,인도네시아,3375850,3450325,0,9,3450316,korea_customs_service,https://apis.data.go.kr/1220000/nitemtrade/getNitemtradeList,2026-08-10T12:41:40.228131+00:00
2025-08,3902100000,ID,인도네시아,2339065,2471543,10,48,2471495,korea_customs_service,https://apis.data.go.kr/1220000/nitemtrade/getNitemtradeList,2026-08-10T12:41:40.228131+00:00
2025-09,3902100000,ID,인도네시아,2077082,2294244,0,9,2294235,korea_customs_service,https://apis.data.go.kr/1220000/nitemtrade/getNitemtradeList,2026-08-10T12:41:40.228131+00:00
2025-10,3902100000,ID,인도네시아,1602040,1693321,1,9,1693312,korea_customs_service,https://apis.data.go.kr/1220000/nitemtrade/getNitemtradeList,2026-08-10T12:41:40.228131+00:00
2025-11,3902100000,ID,인도네시아,1613801,1648828,28025,27342,1621486,korea_customs_service,https://apis.data.go.kr/1220000/nitemtrade/getNitemtradeList,2026-08-10T12:41:40.228131+00:00
2025-12,3902100000,ID,인도네시아,1044451,1089947,42000,39059,1050888,korea_customs_service,https://apis.data.go.kr/1220000/nitemtrade/getNitemtradeList,2026-08-10T12:41:40.228131+00:00
2026-01,3902100000,ID,인도네시아,1019580,1238746,4,27,1238719,korea_customs_service,https://apis.data.go.kr/1220000/nitemtrade/getNitemtradeList,2026-08-10T12:41:40.580435+00:00
2026-02,3902100000,ID,인도네시아,2404036,2486109,12002,14630,2471479,korea_customs_service,https://apis.data.go.kr/1220000/nitemtrade/getNitemtradeList,2026-08-10T12:41:40.580435+00:00
2026-03,3902100000,ID,인도네시아,1954385,2206070,740,941,2205129,korea_customs_service,https://apis.data.go.kr/1220000/nitemtrade/getNitemtradeList,2026-08-10T12:41:40.580435+00:00
2026-04,3902100000,ID,인도네시아,3146655,4738022,139,875,4737147,korea_customs_service,https://apis.data.go.kr/1220000/nitemtrade/getNitemtradeList,2026-08-10T12:41:40.580435+00:00
2026-05,3902100000,ID,인도네시아,1899725,3080602,25,85,3080517,korea_customs_service,https://apis.data.go.kr/1220000/nitemtrade/getNitemtradeList,2026-08-10T12:41:40.580435+00:00
2026-06,3902100000,ID,인도네시아,1796935,2833731,50,144,2833587,korea_customs_service,https://apis.data.go.kr/1220000/nitemtrade/getNitemtradeList,2026-08-10T12:41:40.580435+00:00
2023-01,3902100000,IN,인도,3669506,4154051,11985,26164,4127887,korea_customs_service,https://apis.data.go.kr/1220000/nitemtrade/getNitemtradeList,2026-08-10T12:41:40.788685+00:00
2023-02,3902100000,IN,인도,3783108,4785257,12332,16041,4769216,korea_customs_service,https://apis.data.go.kr/1220000/nitemtrade/getNitemtradeList,2026-08-10T12:41:40.788685+00:00
2023-03,3902100000,IN,인도,3003745,3885942,1325,3418,3882524,korea_customs_service,https://apis.data.go.kr/1220000/nitemtrade/getNitemtradeList,2026-08-10T12:41:40.788685+00:00
2023-04,3902100000,IN,인도,3114626,3912796,889,10366,3902430,korea_customs_service,https://apis.data.go.kr/1220000/nitemtrade/getNitemtradeList,2026-08-10T12:41:40.788685+00:00
2023-05,3902100000,IN,인도,3680504,4629705,27432,38080,4591625,korea_customs_service,https://apis.data.go.kr/1220000/nitemtrade/getNitemtradeList,2026-08-10T12:41:40.788685+00:00
2023-06,3902100000,IN,인도,2931768,3580619,45603,51397,3529222,korea_customs_service,https://apis.data.go.kr/1220000/nitemtrade/getNitemtradeList,2026-08-10T12:41:40.788685+00:00
2023-07,3902100000,IN,인도,6951772,7116514,43937,45288,7071226,korea_customs_service,https://apis.data.go.kr/1220000/nitemtrade/getNitemtradeList,2026-08-10T12:41:40.788685+00:00
2023-08,3902100000,IN,인도,8357250,8093923,133989,133883,7960040,korea_customs_service,https://apis.data.go.kr/1220000/nitemtrade/getNitemtradeList,2026-08-10T12:41:40.788685+00:00
2023-09,3902100000,IN,인도,6418287,7096021,229260,224561,6871460,korea_customs_service,https://apis.data.go.kr/1220000/nitemtrade/getNitemtradeList,2026-08-10T12:41:40.788685+00:00
2023-10,3902100000,IN,인도,2981788,3505345,1120,8075,3497270,korea_customs_service,https://apis.data.go.kr/1220000/nitemtrade/getNitemtradeList,2026-08-10T12:41:40.788685+00:00
2023-11,3902100000,IN,인도,3313169,4243340,5792,16502,4226838,korea_customs_service,https://apis.data.go.kr/1220000/nitemtrade/getNitemtradeList,2026-08-10T12:41:40.788685+00:00
2023-12,3902100000,IN,인도,2977590,3630876,3151,10315,3620561,korea_customs_service,https://apis.data.go.kr/1220000/nitemtrade/getNitemtradeList,2026-08-10T12:41:40.788685+00:00
2024-01,3902100000,IN,인도,3205159,3783329,1920,4885,3778444,korea_customs_service,https://apis.data.go.kr/1220000/nitemtrade/getNitemtradeList,2026-08-10T12:41:41.165288+00:00
2024-02,3902100000,IN,인도,3201878,3952473,1724,5188,3947285,korea_customs_service,https://apis.data.go.kr/1220000/nitemtrade/getNitemtradeList,2026-08-10T12:41:41.165288+00:00
2024-03,3902100000,IN,인도,3565795,4224060,1837,3423,4220637,korea_customs_service,https://apis.data.go.kr/1220000/nitemtrade/getNitemtradeList,2026-08-10T12:41:41.165288+00:00
2024-04,3902100000,IN,인도,4267369,5064287,1660,10590,5053697,korea_customs_service,https://apis.data.go.kr/1220000/nitemtrade/getNitemtradeList,2026-08-10T12:41:41.165288+00:00
2024-05,3902100000,IN,인도,4838655,5819996,2459,6775,5813221,korea_customs_service,https://apis.data.go.kr/1220000/nitemtrade/getNitemtradeList,2026-08-10T12:41:41.165288+00:00
2024-06,3902100000,IN,인도,5008239,6288047,381,736,6287311,korea_customs_service,https://apis.data.go.kr/1220000/nitemtrade/getNitemtradeList,2026-08-10T12:41:41.165288+00:00
2024-07,3902100000,IN,인도,3954823,5249546,14145,32477,5217069,korea_customs_service,https://apis.data.go.kr/1220000/nitemtrade/getNitemtradeList,2026-08-10T12:41:41.165288+00:00
2024-08,3902100000,IN,인도,3327387,4100002,1330,5753,4094249,korea_customs_service,https://apis.data.go.kr/1220000/nitemtrade/getNitemtradeList,2026-08-10T12:41:41.165288+00:00
2024-09,3902100000,IN,인도,4400790,5038265,1176,3353,5034912,korea_customs_service,https://apis.data.go.kr/1220000/nitemtrade/getNitemtradeList,2026-08-10T12:41:41.165288+00:00
2024-10,3902100000,IN,인도,3399446,3760312,398,1946,3758366,korea_customs_service,https://apis.data.go.kr/1220000/nitemtrade/getNitemtradeList,2026-08-10T12:41:41.165288+00:00
2024-11,3902100000,IN,인도,3598661,4623861,2038,3056,4620805,korea_customs_service,https://apis.data.go.kr/1220000/nitemtrade/getNitemtradeList,2026-08-10T12:41:41.165288+00:00
2024-12,3902100000,IN,인도,4151914,4794812,836,1314,4793498,korea_customs_service,https://apis.data.go.kr/1220000/nitemtrade/getNitemtradeList,2026-08-10T12:41:41.165288+00:00
2025-01,3902100000,IN,인도,2912922,3587052,110,420,3586632,korea_customs_service,https://apis.data.go.kr/1220000/nitemtrade/getNitemtradeList,2026-08-10T12:41:41.558107+00:00
2025-02,3902100000,IN,인도,4382256,5060318,626,1959,5058359,korea_customs_service,https://apis.data.go.kr/1220000/nitemtrade/getNitemtradeList,2026-08-10T12:41:41.558107+00:00
2025-03,3902100000,IN,인도,2682966,3438526,3328,3721,3434805,korea_customs_service,https://apis.data.go.kr/1220000/nitemtrade/getNitemtradeList,2026-08-10T12:41:41.558107+00:00
2025-04,3902100000,IN,인도,3368515,4258756,1509,2267,4256489,korea_customs_service,https://apis.data.go.kr/1220000/nitemtrade/getNitemtradeList,2026-08-10T12:41:41.558107+00:00
2025-05,3902100000,IN,인도,4180432,4731318,250,2356,4728962,korea_customs_service,https://apis.data.go.kr/1220000/nitemtrade/getNitemtradeList,2026-08-10T12:41:41.558107+00:00
2025-06,3902100000,IN,인도,3196640,3698326,7407,29120,3669206,korea_customs_service,https://apis.data.go.kr/1220000/nitemtrade/getNitemtradeList,2026-08-10T12:41:41.558107+00:00
2025-07,3902100000,IN,인도,5782767,5968459,501,291,5968168,korea_customs_service,https://apis.data.go.kr/1220000/nitemtrade/getNitemtradeList,2026-08-10T12:41:41.558107+00:00
2025-08,3902100000,IN,인도,3914004,4409421,202,326,4409095,korea_customs_service,https://apis.data.go.kr/1220000/nitemtrade/getNitemtradeList,2026-08-10T12:41:41.558107+00:00
2025-09,3902100000,IN,인도,4902723,5635155,3529,13215,5621940,korea_customs_service,https://apis.data.go.kr/1220000/nitemtrade/getNitemtradeList,2026-08-10T12:41:41.558107+00:00
2025-10,3902100000,IN,인도,2217685,2748213,2150,2643,2745570,korea_customs_service,https://apis.data.go.kr/1220000/nitemtrade/getNitemtradeList,2026-08-10T12:41:41.558107+00:00
2025-11,3902100000,IN,인도,3199804,3654053,4206,15049,3639004,korea_customs_service,https://apis.data.go.kr/1220000/nitemtrade/getNitemtradeList,2026-08-10T12:41:41.558107+00:00
2025-12,3902100000,IN,인도,3837414,4129741,9026,23260,4106481,korea_customs_service,https://apis.data.go.kr/1220000/nitemtrade/getNitemtradeList,2026-08-10T12:41:41.558107+00:00
2026-01,3902100000,IN,인도,3434392,3550052,3425,6116,3543936,korea_customs_service,https://apis.data.go.kr/1220000/nitemtrade/getNitemtradeList,2026-08-10T12:41:41.913744+00:00
2026-02,3902100000,IN,인도,3898359,4313159,225,642,4312517,korea_customs_service,https://apis.data.go.kr/1220000/nitemtrade/getNitemtradeList,2026-08-10T12:41:41.913744+00:00
2026-03,3902100000,IN,인도,3310308,3979403,14480,26195,3953208,korea_customs_service,https://apis.data.go.kr/1220000/nitemtrade/getNitemtradeList,2026-08-10T12:41:41.913744+00:00
2026-04,3902100000,IN,인도,5127223,8258861,3400,9083,8249778,korea_customs_service,https://apis.data.go.kr/1220000/nitemtrade/getNitemtradeList,2026-08-10T12:41:41.913744+00:00
2026-05,3902100000,IN,인도,4176678,7111359,11450,15832,7095527,korea_customs_service,https://apis.data.go.kr/1220000/nitemtrade/getNitemtradeList,2026-08-10T12:41:41.913744+00:00
2026-06,3902100000,IN,인도,8052416,10304872,4254,9787,10295085,korea_customs_service,https://apis.data.go.kr/1220000/nitemtrade/getNitemtradeList,2026-08-10T12:41:41.913744+00:00
2023-01,3902100000,JP,일본,4624892,5656015,211187,297084,5358931,korea_customs_service,https://apis.data.go.kr/1220000/nitemtrade/getNitemtradeList,2026-08-10T12:41:42.131278+00:00
2023-02,3902100000,JP,일본,3681402,4692654,230795,242228,4450426,korea_customs_service,https://apis.data.go.kr/1220000/nitemtrade/getNitemtradeList,2026-08-10T12:41:42.131278+00:00
2023-03,3902100000,JP,일본,3390754,4332531,212072,208835,4123696,korea_customs_service,https://apis.data.go.kr/1220000/nitemtrade/getNitemtradeList,2026-08-10T12:41:42.131278+00:00
2023-04,3902100000,JP,일본,3263014,4089937,163011,236566,3853371,korea_customs_service,https://apis.data.go.kr/1220000/nitemtrade/getNitemtradeList,2026-08-10T12:41:42.131278+00:00
2023-05,3902100000,JP,일본,3788203,4728752,206415,307714,4421038,korea_customs_service,https://apis.data.go.kr/1220000/nitemtrade/getNitemtradeList,2026-08-10T12:41:42.131278+00:00
2023-06,3902100000,JP,일본,2668258,3363486,147422,220860,3142626,korea_customs_service,https://apis.data.go.kr/1220000/nitemtrade/getNitemtradeList,2026-08-10T12:41:42.131278+00:00
2023-07,3902100000,JP,일본,2297996,2624790,129010,215054,2409736,korea_customs_service,https://apis.data.go.kr/1220000/nitemtrade/getNitemtradeList,2026-08-10T12:41:42.131278+00:00
2023-08,3902100000,JP,일본,2372675,2660269,289276,340184,2320085,korea_customs_service,https://apis.data.go.kr/1220000/nitemtrade/getNitemtradeList,2026-08-10T12:41:42.131278+00:00
2023-09,3902100000,JP,일본,2446050,2895274,273659,388721,2506553,korea_customs_service,https://apis.data.go.kr/1220000/nitemtrade/getNitemtradeList,2026-08-10T12:41:42.131278+00:00
2023-10,3902100000,JP,일본,2604930,3305510,305579,263579,3041931,korea_customs_service,https://apis.data.go.kr/1220000/nitemtrade/getNitemtradeList,2026-08-10T12:41:42.131278+00:00
2023-11,3902100000,JP,일본,3233227,4047068,214453,239418,3807650,korea_customs_service,https://apis.data.go.kr/1220000/nitemtrade/getNitemtradeList,2026-08-10T12:41:42.131278+00:00
2023-12,3902100000,JP,일본,1819502,2140993,453006,636544,1504449,korea_customs_service,https://apis.data.go.kr/1220000/nitemtrade/getNitemtradeList,2026-08-10T12:41:42.131278+00:00
2024-01,3902100000,JP,일본,2163787,2744084,296140,350320,2393764,korea_customs_service,https://apis.data.go.kr/1220000/nitemtrade/getNitemtradeList,2026-08-10T12:41:42.540571+00:00
2024-02,3902100000,JP,일본,2544219,2993448,109889,148153,2845295,korea_customs_service,https://apis.data.go.kr/1220000/nitemtrade/getNitemtradeList,2026-08-10T12:41:42.540571+00:00
2024-03,3902100000,JP,일본,2320026,2825002,302396,329104,2495898,korea_customs_service,https://apis.data.go.kr/1220000/nitemtrade/getNitemtradeList,2026-08-10T12:41:42.540571+00:00
2024-04,3902100000,JP,일본,2707592,3374668,285634,340506,3034162,korea_customs_service,https://apis.data.go.kr/1220000/nitemtrade/getNitemtradeList,2026-08-10T12:41:42.540571+00:00
2024-05,3902100000,JP,일본,2902800,3712512,345632,272692,3439820,korea_customs_service,https://apis.data.go.kr/1220000/nitemtrade/getNitemtradeList,2026-08-10T12:41:42.540571+00:00
2024-06,3902100000,JP,일본,2801415,3532290,193954,216960,3315330,korea_customs_service,https://apis.data.go.kr/1220000/nitemtrade/getNitemtradeList,2026-08-10T12:41:42.540571+00:00
2024-07,3902100000,JP,일본,2958030,3732221,374827,542397,3189824,korea_customs_service,https://apis.data.go.kr/1220000/nitemtrade/getNitemtradeList,2026-08-10T12:41:42.540571+00:00
2024-08,3902100000,JP,일본,2854480,3505786,249323,262338,3243448,korea_customs_service,https://apis.data.go.kr/1220000/nitemtrade/getNitemtradeList,2026-08-10T12:41:42.540571+00:00
2024-09,3902100000,JP,일본,4863072,6002475,371810,392569,5609906,korea_customs_service,https://apis.data.go.kr/1220000/nitemtrade/getNitemtradeList,2026-08-10T12:41:42.540571+00:00
2024-10,3902100000,JP,일본,4581094,5405394,214072,269411,5135983,korea_customs_service,https://apis.data.go.kr/1220000/nitemtrade/getNitemtradeList,2026-08-10T12:41:42.540571+00:00
2024-11,3902100000,JP,일본,3813560,4558352,420654,312298,4246054,korea_customs_service,https://apis.data.go.kr/1220000/nitemtrade/getNitemtradeList,2026-08-10T12:41:42.540571+00:00
2024-12,3902100000,JP,일본,2930022,3534809,350062,558855,2975954,korea_customs_service,https://apis.data.go.kr/1220000/nitemtrade/getNitemtradeList,2026-08-10T12:41:42.540571+00:00
2025-01,3902100000,JP,일본,3274139,4062070,212637,246151,3815919,korea_customs_service,https://apis.data.go.kr/1220000/nitemtrade/getNitemtradeList,2026-08-10T12:41:42.972052+00:00
2025-02,3902100000,JP,일본,3480658,4238250,290220,276007,3962243,korea_customs_service,https://apis.data.go.kr/1220000/nitemtrade/getNitemtradeList,2026-08-10T12:41:42.972052+00:00
2025-03,3902100000,JP,일본,3485946,4285160,225833,202253,4082907,korea_customs_service,https://apis.data.go.kr/1220000/nitemtrade/getNitemtradeList,2026-08-10T12:41:42.972052+00:00
2025-04,3902100000,JP,일본,3358802,4144087,288406,360762,3783325,korea_customs_service,https://apis.data.go.kr/1220000/nitemtrade/getNitemtradeList,2026-08-10T12:41:42.972052+00:00
2025-05,3902100000,JP,일본,2669425,3358290,334891,409784,2948506,korea_customs_service,https://apis.data.go.kr/1220000/nitemtrade/getNitemtradeList,2026-08-10T12:41:42.972052+00:00
2025-06,3902100000,JP,일본,2673529,3430373,178048,253110,3177263,korea_customs_service,https://apis.data.go.kr/1220000/nitemtrade/getNitemtradeList,2026-08-10T12:41:42.972052+00:00
2025-07,3902100000,JP,일본,3415515,3957842,177529,221149,3736693,korea_customs_service,https://apis.data.go.kr/1220000/nitemtrade/getNitemtradeList,2026-08-10T12:41:42.972052+00:00
2025-08,3902100000,JP,일본,3277836,3766323,169114,184750,3581573,korea_customs_service,https://apis.data.go.kr/1220000/nitemtrade/getNitemtradeList,2026-08-10T12:41:42.972052+00:00
2025-09,3902100000,JP,일본,3278326,3978293,405341,373567,3604726,korea_customs_service,https://apis.data.go.kr/1220000/nitemtrade/getNitemtradeList,2026-08-10T12:41:42.972052+00:00
2025-10,3902100000,JP,일본,3233761,3816716,266262,240379,3576337,korea_customs_service,https://apis.data.go.kr/1220000/nitemtrade/getNitemtradeList,2026-08-10T12:41:42.972052+00:00
2025-11,3902100000,JP,일본,3950833,4419393,146715,191450,4227943,korea_customs_service,https://apis.data.go.kr/1220000/nitemtrade/getNitemtradeList,2026-08-10T12:41:42.972052+00:00
2025-12,3902100000,JP,일본,2991879,3488208,381502,290137,3198071,korea_customs_service,https://apis.data.go.kr/1220000/nitemtrade/getNitemtradeList,2026-08-10T12:41:42.972052+00:00
2026-01,3902100000,JP,일본,2903699,3481408,197573,286868,3194540,korea_customs_service,https://apis.data.go.kr/1220000/nitemtrade/getNitemtradeList,2026-08-10T12:41:43.315129+00:00
2026-02,3902100000,JP,일본,2840213,3237150,259282,302068,2935082,korea_customs_service,https://apis.data.go.kr/1220000/nitemtrade/getNitemtradeList,2026-08-10T12:41:43.315129+00:00
2026-03,3902100000,JP,일본,2605946,2982282,322617,345254,2637028,korea_customs_service,https://apis.data.go.kr/1220000/nitemtrade/getNitemtradeList,2026-08-10T12:41:43.315129+00:00
2026-04,3902100000,JP,일본,3718037,5808448,246612,376225,5432223,korea_customs_service,https://apis.data.go.kr/1220000/nitemtrade/getNitemtradeList,2026-08-10T12:41:43.315129+00:00
2026-05,3902100000,JP,일본,3247533,5788140,339067,344900,5443240,korea_customs_service,https://apis.data.go.kr/1220000/nitemtrade/getNitemtradeList,2026-08-10T12:41:43.315129+00:00
2026-06,3902100000,JP,일본,3176483,5380052,423240,405297,4974755,korea_customs_service,https://apis.data.go.kr/1220000/nitemtrade/getNitemtradeList,2026-08-10T12:41:43.315129+00:00
2023-03,3902100000,KW,쿠웨이트,2,16,0,0,16,korea_customs_service,https://apis.data.go.kr/1220000/nitemtrade/getNitemtradeList,2026-08-10T12:41:43.563213+00:00
2024-10,3902100000,KW,쿠웨이트,24000,26454,0,0,26454,korea_customs_service,https://apis.data.go.kr/1220000/nitemtrade/getNitemtradeList,2026-08-10T12:41:43.956227+00:00
2025-05,3902100000,KW,쿠웨이트,24000,27274,0,0,27274,korea_customs_service,https://apis.data.go.kr/1220000/nitemtrade/getNitemtradeList,2026-08-10T12:41:44.360174+00:00
2026-01,3902100000,KW,쿠웨이트,24000,23765,0,0,23765,korea_customs_service,https://apis.data.go.kr/1220000/nitemtrade/getNitemtradeList,2026-08-10T12:41:44.680530+00:00
2026-06,3902100000,KW,쿠웨이트,9,196,0,0,196,korea_customs_service,https://apis.data.go.kr/1220000/nitemtrade/getNitemtradeList,2026-08-10T12:41:44.680530+00:00
2023-01,3902100000,MY,말레이시아,582370,695811,28033,31533,664278,korea_customs_service,https://apis.data.go.kr/1220000/nitemtrade/getNitemtradeList,2026-08-10T12:41:44.908115+00:00
2023-02,3902100000,MY,말레이시아,772590,983291,163,319,982972,korea_customs_service,https://apis.data.go.kr/1220000/nitemtrade/getNitemtradeList,2026-08-10T12:41:44.908115+00:00
2023-03,3902100000,MY,말레이시아,758720,1021227,0,0,1021227,korea_customs_service,https://apis.data.go.kr/1220000/nitemtrade/getNitemtradeList,2026-08-10T12:41:44.908115+00:00
2023-04,3902100000,MY,말레이시아,572840,783387,0,0,783387,korea_customs_service,https://apis.data.go.kr/1220000/nitemtrade/getNitemtradeList,2026-08-10T12:41:44.908115+00:00
2023-05,3902100000,MY,말레이시아,809620,1029386,25880,20230,1009156,korea_customs_service,https://apis.data.go.kr/1220000/nitemtrade/getNitemtradeList,2026-08-10T12:41:44.908115+00:00
2023-06,3902100000,MY,말레이시아,738640,880533,24002,29295,851238,korea_customs_service,https://apis.data.go.kr/1220000/nitemtrade/getNitemtradeList,2026-08-10T12:41:44.908115+00:00
2023-07,3902100000,MY,말레이시아,924150,1164349,26000,18720,1145629,korea_customs_service,https://apis.data.go.kr/1220000/nitemtrade/getNitemtradeList,2026-08-10T12:41:44.908115+00:00
2023-08,3902100000,MY,말레이시아,1328550,1125320,17,135,1125185,korea_customs_service,https://apis.data.go.kr/1220000/nitemtrade/getNitemtradeList,2026-08-10T12:41:44.908115+00:00
2023-09,3902100000,MY,말레이시아,924380,1239116,18,68,1239048,korea_customs_service,https://apis.data.go.kr/1220000/nitemtrade/getNitemtradeList,2026-08-10T12:41:44.908115+00:00
2023-10,3902100000,MY,말레이시아,685795,1013088,24626,19044,994044,korea_customs_service,https://apis.data.go.kr/1220000/nitemtrade/getNitemtradeList,2026-08-10T12:41:44.908115+00:00
2023-11,3902100000,MY,말레이시아,1132840,1464531,0,0,1464531,korea_customs_service,https://apis.data.go.kr/1220000/nitemtrade/getNitemtradeList,2026-08-10T12:41:44.908115+00:00
2023-12,3902100000,MY,말레이시아,810891,748104,72000,36994,711110,korea_customs_service,https://apis.data.go.kr/1220000/nitemtrade/getNitemtradeList,2026-08-10T12:41:44.908115+00:00
2024-01,3902100000,MY,말레이시아,1146670,1132493,138318,77301,1055192,korea_customs_service,https://apis.data.go.kr/1220000/nitemtrade/getNitemtradeList,2026-08-10T12:41:45.302125+00:00
2024-02,3902100000,MY,말레이시아,1076560,970898,500,2949,967949,korea_customs_service,https://apis.data.go.kr/1220000/nitemtrade/getNitemtradeList,2026-08-10T12:41:45.302125+00:00
2024-03,3902100000,MY,말레이시아,987044,1228460,211270,86527,1141933,korea_customs_service,https://apis.data.go.kr/1220000/nitemtrade/getNitemtradeList,2026-08-10T12:41:45.302125+00:00
2024-04,3902100000,MY,말레이시아,879320,1053296,107773,52604,1000692,korea_customs_service,https://apis.data.go.kr/1220000/nitemtrade/getNitemtradeList,2026-08-10T12:41:45.302125+00:00
2024-05,3902100000,MY,말레이시아,971670,1256419,41314,22437,1233982,korea_customs_service,https://apis.data.go.kr/1220000/nitemtrade/getNitemtradeList,2026-08-10T12:41:45.302125+00:00
2024-06,3902100000,MY,말레이시아,854580,1190867,113430,73065,1117802,korea_customs_service,https://apis.data.go.kr/1220000/nitemtrade/getNitemtradeList,2026-08-10T12:41:45.302125+00:00
2024-07,3902100000,MY,말레이시아,1736910,1971063,138302,69669,1901394,korea_customs_service,https://apis.data.go.kr/1220000/nitemtrade/getNitemtradeList,2026-08-10T12:41:45.302125+00:00
2024-08,3902100000,MY,말레이시아,823400,1340565,24752,19441,1321124,korea_customs_service,https://apis.data.go.kr/1220000/nitemtrade/getNitemtradeList,2026-08-10T12:41:45.302125+00:00
2024-09,3902100000,MY,말레이시아,646650,810361,47120,29037,781324,korea_customs_service,https://apis.data.go.kr/1220000/nitemtrade/getNitemtradeList,2026-08-10T12:41:45.302125+00:00
2024-10,3902100000,MY,말레이시아,630880,773544,104088,71873,701671,korea_customs_service,https://apis.data.go.kr/1220000/nitemtrade/getNitemtradeList,2026-08-10T12:41:45.302125+00:00
2024-11,3902100000,MY,말레이시아,322090,393490,9,30,393460,korea_customs_service,https://apis.data.go.kr/1220000/nitemtrade/getNitemtradeList,2026-08-10T12:41:45.302125+00:00
2024-12,3902100000,MY,말레이시아,1381820,2169437,108445,71014,2098423,korea_customs_service,https://apis.data.go.kr/1220000/nitemtrade/getNitemtradeList,2026-08-10T12:41:45.302125+00:00
2025-01,3902100000,MY,말레이시아,965330,1230998,69809,44193,1186805,korea_customs_service,https://apis.data.go.kr/1220000/nitemtrade/getNitemtradeList,2026-08-10T12:41:45.724561+00:00
2025-02,3902100000,MY,말레이시아,787180,956048,72297,71286,884762,korea_customs_service,https://apis.data.go.kr/1220000/nitemtrade/getNitemtradeList,2026-08-10T12:41:45.724561+00:00
2025-03,3902100000,MY,말레이시아,526520,713289,21,76,713213,korea_customs_service,https://apis.data.go.kr/1220000/nitemtrade/getNitemtradeList,2026-08-10T12:41:45.724561+00:00
2025-04,3902100000,MY,말레이시아,837180,1189558,167942,105804,1083754,korea_customs_service,https://apis.data.go.kr/1220000/nitemtrade/getNitemtradeList,2026-08-10T12:41:45.724561+00:00
2025-05,3902100000,MY,말레이시아,817570,999769,0,0,999769,korea_customs_service,https://apis.data.go.kr/1220000/nitemtrade/getNitemtradeList,2026-08-10T12:41:45.724561+00:00
2025-06,3902100000,MY,말레이시아,756080,934782,21780,15196,919586,korea_customs_service,https://apis.data.go.kr/1220000/nitemtrade/getNitemtradeList,2026-08-10T12:41:45.724561+00:00
2025-07,3902100000,MY,말레이시아,956110,1141586,0,16,1141570,korea_customs_service,https://apis.data.go.kr/1220000/nitemtrade/getNitemtradeList,2026-08-10T12:41:45.724561+00:00
2025-08,3902100000,MY,말레이시아,548550,688322,0,0,688322,korea_customs_service,https://apis.data.go.kr/1220000/nitemtrade/getNitemtradeList,2026-08-10T12:41:45.724561+00:00
2025-09,3902100000,MY,말레이시아,921304,1352233,74420,37210,1315023,korea_customs_service,https://apis.data.go.kr/1220000/nitemtrade/getNitemtradeList,2026-08-10T12:41:45.724561+00:00
2025-10,3902100000,MY,말레이시아,824387,1004405,95681,60955,943450,korea_customs_service,https://apis.data.go.kr/1220000/nitemtrade/getNitemtradeList,2026-08-10T12:41:45.724561+00:00
2025-11,3902100000,MY,말레이시아,744630,877871,49400,24700,853171,korea_customs_service,https://apis.data.go.kr/1220000/nitemtrade/getNitemtradeList,2026-08-10T12:41:45.724561+00:00
2025-12,3902100000,MY,말레이시아,1170546,1327354,149765,75975,1251379,korea_customs_service,https://apis.data.go.kr/1220000/nitemtrade/getNitemtradeList,2026-08-10T12:41:45.724561+00:00
2026-01,3902100000,MY,말레이시아,894760,1068019,83880,42672,1025347,korea_customs_service,https://apis.data.go.kr/1220000/nitemtrade/getNitemtradeList,2026-08-10T12:41:46.066928+00:00
2026-02,3902100000,MY,말레이시아,968814,1393757,116510,63350,1330407,korea_customs_service,https://apis.data.go.kr/1220000/nitemtrade/getNitemtradeList,2026-08-10T12:41:46.066928+00:00
2026-03,3902100000,MY,말레이시아,1205821,1297180,75800,23931,1273249,korea_customs_service,https://apis.data.go.kr/1220000/nitemtrade/getNitemtradeList,2026-08-10T12:41:46.066928+00:00
2026-04,3902100000,MY,말레이시아,1514960,2232940,89800,26940,2206000,korea_customs_service,https://apis.data.go.kr/1220000/nitemtrade/getNitemtradeList,2026-08-10T12:41:46.066928+00:00
2026-05,3902100000,MY,말레이시아,804350,1302708,0,0,1302708,korea_customs_service,https://apis.data.go.kr/1220000/nitemtrade/getNitemtradeList,2026-08-10T12:41:46.066928+00:00
2026-06,3902100000,MY,말레이시아,695068,1148536,600,3908,1144628,korea_customs_service,https://apis.data.go.kr/1220000/nitemtrade/getNitemtradeList,2026-08-10T12:41:46.066928+00:00
2023-01,3902100000,NL,네덜란드,1474900,1635129,123877,326328,1308801,korea_customs_service,https://apis.data.go.kr/1220000/nitemtrade/getNitemtradeList,2026-08-10T12:41:46.270600+00:00
2023-02,3902100000,NL,네덜란드,728400,1063561,17,187,1063374,korea_customs_service,https://apis.data.go.kr/1220000/nitemtrade/getNitemtradeList,2026-08-10T12:41:46.270600+00:00
2023-03,3902100000,NL,네덜란드,529100,746410,2500,21894,724516,korea_customs_service,https://apis.data.go.kr/1220000/nitemtrade/getNitemtradeList,2026-08-10T12:41:46.270600+00:00
2023-04,3902100000,NL,네덜란드,1091400,1476663,49509,120712,1355951,korea_customs_service,https://apis.data.go.kr/1220000/nitemtrade/getNitemtradeList,2026-08-10T12:41:46.270600+00:00
2023-05,3902100000,NL,네덜란드,919100,1182456,0,0,1182456,korea_customs_service,https://apis.data.go.kr/1220000/nitemtrade/getNitemtradeList,2026-08-10T12:41:46.270600+00:00
2023-06,3902100000,NL,네덜란드,1094500,1294386,153,1542,1292844,korea_customs_service,https://apis.data.go.kr/1220000/nitemtrade/getNitemtradeList,2026-08-10T12:41:46.270600+00:00
2023-07,3902100000,NL,네덜란드,451000,565839,43,1206,564633,korea_customs_service,https://apis.data.go.kr/1220000/nitemtrade/getNitemtradeList,2026-08-10T12:41:46.270600+00:00
2023-08,3902100000,NL,네덜란드,733200,866062,44,1326,864736,korea_customs_service,https://apis.data.go.kr/1220000/nitemtrade/getNitemtradeList,2026-08-10T12:41:46.270600+00:00
2023-09,3902100000,NL,네덜란드,730800,872792,1172,2870,869922,korea_customs_service,https://apis.data.go.kr/1220000/nitemtrade/getNitemtradeList,2026-08-10T12:41:46.270600+00:00
2023-10,3902100000,NL,네덜란드,380800,473185,17,501,472684,korea_customs_service,https://apis.data.go.kr/1220000/nitemtrade/getNitemtradeList,2026-08-10T12:41:46.270600+00:00
2023-11,3902100000,NL,네덜란드,340400,438821,30,667,438154,korea_customs_service,https://apis.data.go.kr/1220000/nitemtrade/getNitemtradeList,2026-08-10T12:41:46.270600+00:00
2023-12,3902100000,NL,네덜란드,24000,33468,24752,57158,-23690,korea_customs_service,https://apis.data.go.kr/1220000/nitemtrade/getNitemtradeList,2026-08-10T12:41:46.270600+00:00
2024-01,3902100000,NL,네덜란드,72000,99810,1295,12712,87098,korea_customs_service,https://apis.data.go.kr/1220000/nitemtrade/getNitemtradeList,2026-08-10T12:41:46.665148+00:00
2024-02,3902100000,NL,네덜란드,73100,102524,14975,39790,62734,korea_customs_service,https://apis.data.go.kr/1220000/nitemtrade/getNitemtradeList,2026-08-10T12:41:46.665148+00:00
2024-03,3902100000,NL,네덜란드,72000,100800,74250,165825,-65025,korea_customs_service,https://apis.data.go.kr/1220000/nitemtrade/getNitemtradeList,2026-08-10T12:41:46.665148+00:00
2024-04,3902100000,NL,네덜란드,176000,230492,99000,207900,22592,korea_customs_service,https://apis.data.go.kr/1220000/nitemtrade/getNitemtradeList,2026-08-10T12:41:46.665148+00:00
2024-05,3902100000,NL,네덜란드,48000,68520,139,1029,67491,korea_customs_service,https://apis.data.go.kr/1220000/nitemtrade/getNitemtradeList,2026-08-10T12:41:46.665148+00:00
2024-06,3902100000,NL,네덜란드,48000,69312,24752,53369,15943,korea_customs_service,https://apis.data.go.kr/1220000/nitemtrade/getNitemtradeList,2026-08-10T12:41:46.665148+00:00
2024-07,3902100000,NL,네덜란드,24000,34380,173293,377669,-343289,korea_customs_service,https://apis.data.go.kr/1220000/nitemtrade/getNitemtradeList,2026-08-10T12:41:46.665148+00:00
2024-08,3902100000,NL,네덜란드,48000,68040,119008,258170,-190130,korea_customs_service,https://apis.data.go.kr/1220000/nitemtrade/getNitemtradeList,2026-08-10T12:41:46.665148+00:00
2024-09,3902100000,NL,네덜란드,71800,100197,84002,171238,-71041,korea_customs_service,https://apis.data.go.kr/1220000/nitemtrade/getNitemtradeList,2026-08-10T12:41:46.665148+00:00
2024-10,3902100000,NL,네덜란드,85000,129294,49521,105280,24014,korea_customs_service,https://apis.data.go.kr/1220000/nitemtrade/getNitemtradeList,2026-08-10T12:41:46.665148+00:00
2024-11,3902100000,NL,네덜란드,123200,235967,26,619,235348,korea_customs_service,https://apis.data.go.kr/1220000/nitemtrade/getNitemtradeList,2026-08-10T12:41:46.665148+00:00
2024-12,3902100000,NL,네덜란드,95425,152226,88319,198163,-45937,korea_customs_service,https://apis.data.go.kr/1220000/nitemtrade/getNitemtradeList,2026-08-10T12:41:46.665148+00:00
2025-01,3902100000,NL,네덜란드,923600,1060817,5,225,1060592,korea_customs_service,https://apis.data.go.kr/1220000/nitemtrade/getNitemtradeList,2026-08-10T12:41:47.087222+00:00
2025-02,3902100000,NL,네덜란드,928800,1085822,83,1600,1084222,korea_customs_service,https://apis.data.go.kr/1220000/nitemtrade/getNitemtradeList,2026-08-10T12:41:47.087222+00:00
2025-03,3902100000,NL,네덜란드,252200,338555,17,562,337993,korea_customs_service,https://apis.data.go.kr/1220000/nitemtrade/getNitemtradeList,2026-08-10T12:41:47.087222+00:00
2025-04,3902100000,NL,네덜란드,1072600,1379006,20,258,1378748,korea_customs_service,https://apis.data.go.kr/1220000/nitemtrade/getNitemtradeList,2026-08-10T12:41:47.087222+00:00
2025-05,3902100000,NL,네덜란드,1149600,1444886,13,389,1444497,korea_customs_service,https://apis.data.go.kr/1220000/nitemtrade/getNitemtradeList,2026-08-10T12:41:47.087222+00:00
2025-06,3902100000,NL,네덜란드,165600,329575,49508,105051,224524,korea_customs_service,https://apis.data.go.kr/1220000/nitemtrade/getNitemtradeList,2026-08-10T12:41:47.087222+00:00
2025-07,3902100000,NL,네덜란드,354400,529066,10,165,528901,korea_customs_service,https://apis.data.go.kr/1220000/nitemtrade/getNitemtradeList,2026-08-10T12:41:47.087222+00:00
2025-08,3902100000,NL,네덜란드,321400,478419,1395,15192,463227,korea_customs_service,https://apis.data.go.kr/1220000/nitemtrade/getNitemtradeList,2026-08-10T12:41:47.087222+00:00
2025-09,3902100000,NL,네덜란드,523000,668119,65,525,667594,korea_customs_service,https://apis.data.go.kr/1220000/nitemtrade/getNitemtradeList,2026-08-10T12:41:47.087222+00:00
2025-10,3902100000,NL,네덜란드,718800,876920,25,282,876638,korea_customs_service,https://apis.data.go.kr/1220000/nitemtrade/getNitemtradeList,2026-08-10T12:41:47.087222+00:00
2025-11,3902100000,NL,네덜란드,205200,308158,15,99,308059,korea_customs_service,https://apis.data.go.kr/1220000/nitemtrade/getNitemtradeList,2026-08-10T12:41:47.087222+00:00
2025-12,3902100000,NL,네덜란드,1158200,1473089,28114,32179,1440910,korea_customs_service,https://apis.data.go.kr/1220000/nitemtrade/getNitemtradeList,2026-08-10T12:41:47.087222+00:00
2026-01,3902100000,NL,네덜란드,672200,831031,165,3514,827517,korea_customs_service,https://apis.data.go.kr/1220000/nitemtrade/getNitemtradeList,2026-08-10T12:41:49.406858+00:00
2026-02,3902100000,NL,네덜란드,1411500,1700805,0,0,1700805,korea_customs_service,https://apis.data.go.kr/1220000/nitemtrade/getNitemtradeList,2026-08-10T12:41:49.406858+00:00
2026-03,3902100000,NL,네덜란드,1722050,2108149,37,231,2107918,korea_customs_service,https://apis.data.go.kr/1220000/nitemtrade/getNitemtradeList,2026-08-10T12:41:49.406858+00:00
2026-04,3902100000,NL,네덜란드,1507950,2282041,1,164,2281877,korea_customs_service,https://apis.data.go.kr/1220000/nitemtrade/getNitemtradeList,2026-08-10T12:41:49.406858+00:00
2026-05,3902100000,NL,네덜란드,1496400,2846947,0,0,2846947,korea_customs_service,https://apis.data.go.kr/1220000/nitemtrade/getNitemtradeList,2026-08-10T12:41:49.406858+00:00
2026-06,3902100000,NL,네덜란드,1521100,2773901,2508,25629,2748272,korea_customs_service,https://apis.data.go.kr/1220000/nitemtrade/getNitemtradeList,2026-08-10T12:41:49.406858+00:00
2023-03,3902100000,OM,오만,504000,596071,0,0,596071,korea_customs_service,https://apis.data.go.kr/1220000/nitemtrade/getNitemtradeList,2026-08-10T12:41:49.632485+00:00
2023-04,3902100000,OM,오만,408000,481337,0,0,481337,korea_customs_service,https://apis.data.go.kr/1220000/nitemtrade/getNitemtradeList,2026-08-10T12:41:49.632485+00:00
2023-05,3902100000,OM,오만,456000,494303,0,0,494303,korea_customs_service,https://apis.data.go.kr/1220000/nitemtrade/getNitemtradeList,2026-08-10T12:41:49.632485+00:00
2023-06,3902100000,OM,오만,48000,49349,0,0,49349,korea_customs_service,https://apis.data.go.kr/1220000/nitemtrade/getNitemtradeList,2026-08-10T12:41:49.632485+00:00
2023-07,3902100000,OM,오만,192000,188099,0,0,188099,korea_customs_service,https://apis.data.go.kr/1220000/nitemtrade/getNitemtradeList,2026-08-10T12:41:49.632485+00:00
2023-08,3902100000,OM,오만,24000,22715,49500,42570,-19855,korea_customs_service,https://apis.data.go.kr/1220000/nitemtrade/getNitemtradeList,2026-08-10T12:41:49.632485+00:00
2023-09,3902100000,OM,오만,48000,50149,198000,168547,-118398,korea_customs_service,https://apis.data.go.kr/1220000/nitemtrade/getNitemtradeList,2026-08-10T12:41:49.632485+00:00
2023-10,3902100000,OM,오만,312000,335118,93600,84708,250410,korea_customs_service,https://apis.data.go.kr/1220000/nitemtrade/getNitemtradeList,2026-08-10T12:41:49.632485+00:00
2023-11,3902100000,OM,오만,462750,471900,0,0,471900,korea_customs_service,https://apis.data.go.kr/1220000/nitemtrade/getNitemtradeList,2026-08-10T12:41:49.632485+00:00
2023-12,3902100000,OM,오만,192000,195638,99000,89595,106043,korea_customs_service,https://apis.data.go.kr/1220000/nitemtrade/getNitemtradeList,2026-08-10T12:41:49.632485+00:00
2024-03,3902100000,OM,오만,576000,601327,140400,128466,472861,korea_customs_service,https://apis.data.go.kr/1220000/nitemtrade/getNitemtradeList,2026-08-10T12:41:50.034208+00:00
2024-04,3902100000,OM,오만,504000,512944,0,0,512944,korea_customs_service,https://apis.data.go.kr/1220000/nitemtrade/getNitemtradeList,2026-08-10T12:41:50.034208+00:00
2024-07,3902100000,OM,오만,48000,49088,0,0,49088,korea_customs_service,https://apis.data.go.kr/1220000/nitemtrade/getNitemtradeList,2026-08-10T12:41:50.034208+00:00
2024-08,3902100000,OM,오만,24000,24284,0,0,24284,korea_customs_service,https://apis.data.go.kr/1220000/nitemtrade/getNitemtradeList,2026-08-10T12:41:50.034208+00:00
2024-09,3902100000,OM,오만,96000,99058,0,0,99058,korea_customs_service,https://apis.data.go.kr/1220000/nitemtrade/getNitemtradeList,2026-08-10T12:41:50.034208+00:00
2024-10,3902100000,OM,오만,24000,24695,0,0,24695,korea_customs_service,https://apis.data.go.kr/1220000/nitemtrade/getNitemtradeList,2026-08-10T12:41:50.034208+00:00
2024-11,3902100000,OM,오만,48000,50229,0,0,50229,korea_customs_service,https://apis.data.go.kr/1220000/nitemtrade/getNitemtradeList,2026-08-10T12:41:50.034208+00:00
2024-12,3902100000,OM,오만,48000,49589,0,0,49589,korea_customs_service,https://apis.data.go.kr/1220000/nitemtrade/getNitemtradeList,2026-08-10T12:41:50.034208+00:00
2025-01,3902100000,OM,오만,408000,416579,0,0,416579,korea_customs_service,https://apis.data.go.kr/1220000/nitemtrade/getNitemtradeList,2026-08-10T12:41:50.435794+00:00
2025-05,3902100000,OM,오만,456000,485312,0,0,485312,korea_customs_service,https://apis.data.go.kr/1220000/nitemtrade/getNitemtradeList,2026-08-10T12:41:50.435794+00:00
2025-08,3902100000,OM,오만,48000,49189,0,0,49189,korea_customs_service,https://apis.data.go.kr/1220000/nitemtrade/getNitemtradeList,2026-08-10T12:41:50.435794+00:00
2026-01,3902100000,OM,오만,600000,567873,0,0,567873,korea_customs_service,https://apis.data.go.kr/1220000/nitemtrade/getNitemtradeList,2026-08-10T12:41:50.787085+00:00
2023-01,3902100000,QA,카타르,0,0,94,419,-419,korea_customs_service,https://apis.data.go.kr/1220000/nitemtrade/getNitemtradeList,2026-08-10T12:41:50.942565+00:00
2023-05,3902100000,QA,카타르,14000,15257,0,0,15257,korea_customs_service,https://apis.data.go.kr/1220000/nitemtrade/getNitemtradeList,2026-08-10T12:41:50.942565+00:00
2023-07,3902100000,QA,카타르,14000,14577,0,0,14577,korea_customs_service,https://apis.data.go.kr/1220000/nitemtrade/getNitemtradeList,2026-08-10T12:41:50.942565+00:00
2023-12,3902100000,QA,카타르,96000,95739,0,0,95739,korea_customs_service,https://apis.data.go.kr/1220000/nitemtrade/getNitemtradeList,2026-08-10T12:41:50.942565+00:00
2024-02,3902100000,QA,카타르,24000,27904,0,0,27904,korea_customs_service,https://apis.data.go.kr/1220000/nitemtrade/getNitemtradeList,2026-08-10T12:41:51.330796+00:00
2024-07,3902100000,QA,카타르,48000,49648,0,0,49648,korea_customs_service,https://apis.data.go.kr/1220000/nitemtrade/getNitemtradeList,2026-08-10T12:41:51.330796+00:00
2024-08,3902100000,QA,카타르,14000,13847,0,0,13847,korea_customs_service,https://apis.data.go.kr/1220000/nitemtrade/getNitemtradeList,2026-08-10T12:41:51.330796+00:00
2024-11,3902100000,QA,카타르,48000,52948,0,0,52948,korea_customs_service,https://apis.data.go.kr/1220000/nitemtrade/getNitemtradeList,2026-08-10T12:41:51.330796+00:00
2025-01,3902100000,QA,카타르,72000,76033,0,0,76033,korea_customs_service,https://apis.data.go.kr/1220000/nitemtrade/getNitemtradeList,2026-08-10T12:41:51.743918+00:00
2025-05,3902100000,QA,카타르,62000,68464,0,0,68464,korea_customs_service,https://apis.data.go.kr/1220000/nitemtrade/getNitemtradeList,2026-08-10T12:41:51.743918+00:00
2025-06,3902100000,QA,카타르,360,2160,0,0,2160,korea_customs_service,https://apis.data.go.kr/1220000/nitemtrade/getNitemtradeList,2026-08-10T12:41:51.743918+00:00
2025-07,3902100000,QA,카타르,14000,15566,0,0,15566,korea_customs_service,https://apis.data.go.kr/1220000/nitemtrade/getNitemtradeList,2026-08-10T12:41:51.743918+00:00
2025-08,3902100000,QA,카타르,28000,30277,0,0,30277,korea_customs_service,https://apis.data.go.kr/1220000/nitemtrade/getNitemtradeList,2026-08-10T12:41:51.743918+00:00
2025-09,3902100000,QA,카타르,28000,29654,0,0,29654,korea_customs_service,https://apis.data.go.kr/1220000/nitemtrade/getNitemtradeList,2026-08-10T12:41:51.743918+00:00
2025-10,3902100000,QA,카타르,14360,16344,0,0,16344,korea_customs_service,https://apis.data.go.kr/1220000/nitemtrade/getNitemtradeList,2026-08-10T12:41:51.743918+00:00
2023-01,3902100000,RU,러시아 연방,458500,621361,0,0,621361,korea_customs_service,https://apis.data.go.kr/1220000/nitemtrade/getNitemtradeList,2026-08-10T12:41:52.282115+00:00
2023-02,3902100000,RU,러시아 연방,372250,531484,0,0,531484,korea_customs_service,https://apis.data.go.kr/1220000/nitemtrade/getNitemtradeList,2026-08-10T12:41:52.282115+00:00
2023-03,3902100000,RU,러시아 연방,566800,668647,0,0,668647,korea_customs_service,https://apis.data.go.kr/1220000/nitemtrade/getNitemtradeList,2026-08-10T12:41:52.282115+00:00
2023-04,3902100000,RU,러시아 연방,494300,634615,0,0,634615,korea_customs_service,https://apis.data.go.kr/1220000/nitemtrade/getNitemtradeList,2026-08-10T12:41:52.282115+00:00
2023-05,3902100000,RU,러시아 연방,391000,469801,250,162,469639,korea_customs_service,https://apis.data.go.kr/1220000/nitemtrade/getNitemtradeList,2026-08-10T12:41:52.282115+00:00
2023-06,3902100000,RU,러시아 연방,2033600,2253708,144900,411264,1842444,korea_customs_service,https://apis.data.go.kr/1220000/nitemtrade/getNitemtradeList,2026-08-10T12:41:52.282115+00:00
2023-07,3902100000,RU,러시아 연방,2062500,2128508,0,0,2128508,korea_customs_service,https://apis.data.go.kr/1220000/nitemtrade/getNitemtradeList,2026-08-10T12:41:52.282115+00:00
2023-08,3902100000,RU,러시아 연방,947000,1077769,0,0,1077769,korea_customs_service,https://apis.data.go.kr/1220000/nitemtrade/getNitemtradeList,2026-08-10T12:41:52.282115+00:00
2023-09,3902100000,RU,러시아 연방,1628000,1880227,135,937,1879290,korea_customs_service,https://apis.data.go.kr/1220000/nitemtrade/getNitemtradeList,2026-08-10T12:41:52.282115+00:00
2023-10,3902100000,RU,러시아 연방,189100,263532,375,1288,262244,korea_customs_service,https://apis.data.go.kr/1220000/nitemtrade/getNitemtradeList,2026-08-10T12:41:52.282115+00:00
2023-11,3902100000,RU,러시아 연방,673500,741914,0,0,741914,korea_customs_service,https://apis.data.go.kr/1220000/nitemtrade/getNitemtradeList,2026-08-10T12:41:52.282115+00:00
2023-12,3902100000,RU,러시아 연방,194400,251086,0,0,251086,korea_customs_service,https://apis.data.go.kr/1220000/nitemtrade/getNitemtradeList,2026-08-10T12:41:52.282115+00:00
2024-01,3902100000,RU,러시아 연방,594000,640800,0,0,640800,korea_customs_service,https://apis.data.go.kr/1220000/nitemtrade/getNitemtradeList,2026-08-10T12:41:52.662347+00:00
2024-02,3902100000,RU,러시아 연방,855810,969335,100,1366,967969,korea_customs_service,https://apis.data.go.kr/1220000/nitemtrade/getNitemtradeList,2026-08-10T12:41:52.662347+00:00
2024-03,3902100000,RU,러시아 연방,620891,822297,0,0,822297,korea_customs_service,https://apis.data.go.kr/1220000/nitemtrade/getNitemtradeList,2026-08-10T12:41:52.662347+00:00
2024-04,3902100000,RU,러시아 연방,295600,492332,0,0,492332,korea_customs_service,https://apis.data.go.kr/1220000/nitemtrade/getNitemtradeList,2026-08-10T12:41:52.662347+00:00
2024-05,3902100000,RU,러시아 연방,723501,796837,1250,5194,791643,korea_customs_service,https://apis.data.go.kr/1220000/nitemtrade/getNitemtradeList,2026-08-10T12:41:52.662347+00:00
2024-06,3902100000,RU,러시아 연방,505001,714950,0,0,714950,korea_customs_service,https://apis.data.go.kr/1220000/nitemtrade/getNitemtradeList,2026-08-10T12:41:52.662347+00:00
2024-07,3902100000,RU,러시아 연방,229100,304446,0,0,304446,korea_customs_service,https://apis.data.go.kr/1220000/nitemtrade/getNitemtradeList,2026-08-10T12:41:52.662347+00:00
2024-08,3902100000,RU,러시아 연방,893000,986273,50,575,985698,korea_customs_service,https://apis.data.go.kr/1220000/nitemtrade/getNitemtradeList,2026-08-10T12:41:52.662347+00:00
2024-09,3902100000,RU,러시아 연방,136600,185834,0,0,185834,korea_customs_service,https://apis.data.go.kr/1220000/nitemtrade/getNitemtradeList,2026-08-10T12:41:52.662347+00:00
2024-10,3902100000,RU,러시아 연방,112500,151516,300,30,151486,korea_customs_service,https://apis.data.go.kr/1220000/nitemtrade/getNitemtradeList,2026-08-10T12:41:52.662347+00:00
2024-11,3902100000,RU,러시아 연방,141000,190553,0,0,190553,korea_customs_service,https://apis.data.go.kr/1220000/nitemtrade/getNitemtradeList,2026-08-10T12:41:52.662347+00:00
2024-12,3902100000,RU,러시아 연방,189000,238632,0,0,238632,korea_customs_service,https://apis.data.go.kr/1220000/nitemtrade/getNitemtradeList,2026-08-10T12:41:52.662347+00:00
2025-01,3902100000,RU,러시아 연방,136500,174617,0,0,174617,korea_customs_service,https://apis.data.go.kr/1220000/nitemtrade/getNitemtradeList,2026-08-10T12:41:53.095795+00:00
2025-02,3902100000,RU,러시아 연방,151000,204896,0,0,204896,korea_customs_service,https://apis.data.go.kr/1220000/nitemtrade/getNitemtradeList,2026-08-10T12:41:53.095795+00:00
2025-03,3902100000,RU,러시아 연방,669000,798514,0,0,798514,korea_customs_service,https://apis.data.go.kr/1220000/nitemtrade/getNitemtradeList,2026-08-10T12:41:53.095795+00:00
2025-04,3902100000,RU,러시아 연방,501000,689609,0,0,689609,korea_customs_service,https://apis.data.go.kr/1220000/nitemtrade/getNitemtradeList,2026-08-10T12:41:53.095795+00:00
2025-05,3902100000,RU,러시아 연방,977500,1179569,0,0,1179569,korea_customs_service,https://apis.data.go.kr/1220000/nitemtrade/getNitemtradeList,2026-08-10T12:41:53.095795+00:00
2025-06,3902100000,RU,러시아 연방,158000,200249,0,0,200249,korea_customs_service,https://apis.data.go.kr/1220000/nitemtrade/getNitemtradeList,2026-08-10T12:41:53.095795+00:00
2025-07,3902100000,RU,러시아 연방,1409300,1649663,0,0,1649663,korea_customs_service,https://apis.data.go.kr/1220000/nitemtrade/getNitemtradeList,2026-08-10T12:41:53.095795+00:00
2025-08,3902100000,RU,러시아 연방,563000,639037,0,0,639037,korea_customs_service,https://apis.data.go.kr/1220000/nitemtrade/getNitemtradeList,2026-08-10T12:41:53.095795+00:00
2025-09,3902100000,RU,러시아 연방,169000,206242,0,0,206242,korea_customs_service,https://apis.data.go.kr/1220000/nitemtrade/getNitemtradeList,2026-08-10T12:41:53.095795+00:00
2025-10,3902100000,RU,러시아 연방,111000,145059,0,0,145059,korea_customs_service,https://apis.data.go.kr/1220000/nitemtrade/getNitemtradeList,2026-08-10T12:41:53.095795+00:00
2025-11,3902100000,RU,러시아 연방,186300,231963,0,0,231963,korea_customs_service,https://apis.data.go.kr/1220000/nitemtrade/getNitemtradeList,2026-08-10T12:41:53.095795+00:00
2025-12,3902100000,RU,러시아 연방,561000,607822,0,0,607822,korea_customs_service,https://apis.data.go.kr/1220000/nitemtrade/getNitemtradeList,2026-08-10T12:41:53.095795+00:00
2026-01,3902100000,RU,러시아 연방,126100,172558,0,0,172558,korea_customs_service,https://apis.data.go.kr/1220000/nitemtrade/getNitemtradeList,2026-08-10T12:41:53.447457+00:00
2026-02,3902100000,RU,러시아 연방,649000,708718,0,0,708718,korea_customs_service,https://apis.data.go.kr/1220000/nitemtrade/getNitemtradeList,2026-08-10T12:41:53.447457+00:00
2026-03,3902100000,RU,러시아 연방,263050,315726,0,0,315726,korea_customs_service,https://apis.data.go.kr/1220000/nitemtrade/getNitemtradeList,2026-08-10T12:41:53.447457+00:00
2026-04,3902100000,RU,러시아 연방,251000,372946,39375,53460,319486,korea_customs_service,https://apis.data.go.kr/1220000/nitemtrade/getNitemtradeList,2026-08-10T12:41:53.447457+00:00
2026-05,3902100000,RU,러시아 연방,794000,1323682,0,0,1323682,korea_customs_service,https://apis.data.go.kr/1220000/nitemtrade/getNitemtradeList,2026-08-10T12:41:53.447457+00:00
2026-06,3902100000,RU,러시아 연방,168000,272720,200,1029,271691,korea_customs_service,https://apis.data.go.kr/1220000/nitemtrade/getNitemtradeList,2026-08-10T12:41:53.447457+00:00
2023-01,3902100000,SA,사우디아라비아,808000,1243400,0,0,1243400,korea_customs_service,https://apis.data.go.kr/1220000/nitemtrade/getNitemtradeList,2026-08-10T12:41:53.642976+00:00
2023-02,3902100000,SA,사우디아라비아,624600,949396,0,0,949396,korea_customs_service,https://apis.data.go.kr/1220000/nitemtrade/getNitemtradeList,2026-08-10T12:41:53.642976+00:00
2023-03,3902100000,SA,사우디아라비아,1779500,2447313,0,0,2447313,korea_customs_service,https://apis.data.go.kr/1220000/nitemtrade/getNitemtradeList,2026-08-10T12:41:53.642976+00:00
2023-04,3902100000,SA,사우디아라비아,1584000,2037085,0,0,2037085,korea_customs_service,https://apis.data.go.kr/1220000/nitemtrade/getNitemtradeList,2026-08-10T12:41:53.642976+00:00
2023-05,3902100000,SA,사우디아라비아,1062000,1448824,23,95,1448729,korea_customs_service,https://apis.data.go.kr/1220000/nitemtrade/getNitemtradeList,2026-08-10T12:41:53.642976+00:00
2023-06,3902100000,SA,사우디아라비아,1182100,1498328,0,0,1498328,korea_customs_service,https://apis.data.go.kr/1220000/nitemtrade/getNitemtradeList,2026-08-10T12:41:53.642976+00:00
2023-07,3902100000,SA,사우디아라비아,879000,1123961,300,1686,1122275,korea_customs_service,https://apis.data.go.kr/1220000/nitemtrade/getNitemtradeList,2026-08-10T12:41:53.642976+00:00
2023-08,3902100000,SA,사우디아라비아,1440000,1598553,23,25,1598528,korea_customs_service,https://apis.data.go.kr/1220000/nitemtrade/getNitemtradeList,2026-08-10T12:41:53.642976+00:00
2023-09,3902100000,SA,사우디아라비아,1622000,1866925,0,0,1866925,korea_customs_service,https://apis.data.go.kr/1220000/nitemtrade/getNitemtradeList,2026-08-10T12:41:53.642976+00:00
2023-10,3902100000,SA,사우디아라비아,654052,977271,0,0,977271,korea_customs_service,https://apis.data.go.kr/1220000/nitemtrade/getNitemtradeList,2026-08-10T12:41:53.642976+00:00
2023-11,3902100000,SA,사우디아라비아,516100,600107,0,0,600107,korea_customs_service,https://apis.data.go.kr/1220000/nitemtrade/getNitemtradeList,2026-08-10T12:41:53.642976+00:00
2023-12,3902100000,SA,사우디아라비아,1358400,1618468,0,0,1618468,korea_customs_service,https://apis.data.go.kr/1220000/nitemtrade/getNitemtradeList,2026-08-10T12:41:53.642976+00:00
2024-01,3902100000,SA,사우디아라비아,948100,1310162,0,0,1310162,korea_customs_service,https://apis.data.go.kr/1220000/nitemtrade/getNitemtradeList,2026-08-10T12:41:54.077677+00:00
2024-02,3902100000,SA,사우디아라비아,1460000,1615152,0,0,1615152,korea_customs_service,https://apis.data.go.kr/1220000/nitemtrade/getNitemtradeList,2026-08-10T12:41:54.077677+00:00
2024-03,3902100000,SA,사우디아라비아,872400,1245690,0,0,1245690,korea_customs_service,https://apis.data.go.kr/1220000/nitemtrade/getNitemtradeList,2026-08-10T12:41:54.077677+00:00
2024-04,3902100000,SA,사우디아라비아,701700,1033836,0,0,1033836,korea_customs_service,https://apis.data.go.kr/1220000/nitemtrade/getNitemtradeList,2026-08-10T12:41:54.077677+00:00
2024-05,3902100000,SA,사우디아라비아,1223800,1549201,22,182,1549019,korea_customs_service,https://apis.data.go.kr/1220000/nitemtrade/getNitemtradeList,2026-08-10T12:41:54.077677+00:00
2024-06,3902100000,SA,사우디아라비아,1203300,1561462,0,0,1561462,korea_customs_service,https://apis.data.go.kr/1220000/nitemtrade/getNitemtradeList,2026-08-10T12:41:54.077677+00:00
2024-07,3902100000,SA,사우디아라비아,762300,1102551,0,0,1102551,korea_customs_service,https://apis.data.go.kr/1220000/nitemtrade/getNitemtradeList,2026-08-10T12:41:54.077677+00:00
2024-08,3902100000,SA,사우디아라비아,2201900,2508430,0,0,2508430,korea_customs_service,https://apis.data.go.kr/1220000/nitemtrade/getNitemtradeList,2026-08-10T12:41:54.077677+00:00
2024-09,3902100000,SA,사우디아라비아,1939050,2199914,0,0,2199914,korea_customs_service,https://apis.data.go.kr/1220000/nitemtrade/getNitemtradeList,2026-08-10T12:41:54.077677+00:00
2024-10,3902100000,SA,사우디아라비아,676700,881284,0,0,881284,korea_customs_service,https://apis.data.go.kr/1220000/nitemtrade/getNitemtradeList,2026-08-10T12:41:54.077677+00:00
2024-11,3902100000,SA,사우디아라비아,1446000,1619672,0,0,1619672,korea_customs_service,https://apis.data.go.kr/1220000/nitemtrade/getNitemtradeList,2026-08-10T12:41:54.077677+00:00
2024-12,3902100000,SA,사우디아라비아,466600,757826,0,0,757826,korea_customs_service,https://apis.data.go.kr/1220000/nitemtrade/getNitemtradeList,2026-08-10T12:41:54.077677+00:00
2025-01,3902100000,SA,사우디아라비아,134000,164113,0,0,164113,korea_customs_service,https://apis.data.go.kr/1220000/nitemtrade/getNitemtradeList,2026-08-10T12:41:54.469252+00:00
2025-02,3902100000,SA,사우디아라비아,194100,281686,3,384,281302,korea_customs_service,https://apis.data.go.kr/1220000/nitemtrade/getNitemtradeList,2026-08-10T12:41:54.469252+00:00
2025-03,3902100000,SA,사우디아라비아,522750,792909,0,0,792909,korea_customs_service,https://apis.data.go.kr/1220000/nitemtrade/getNitemtradeList,2026-08-10T12:41:54.469252+00:00
2025-04,3902100000,SA,사우디아라비아,509000,706642,30,114,706528,korea_customs_service,https://apis.data.go.kr/1220000/nitemtrade/getNitemtradeList,2026-08-10T12:41:54.469252+00:00
2025-05,3902100000,SA,사우디아라비아,272000,357819,0,0,357819,korea_customs_service,https://apis.data.go.kr/1220000/nitemtrade/getNitemtradeList,2026-08-10T12:41:54.469252+00:00
2025-06,3902100000,SA,사우디아라비아,217200,308907,0,0,308907,korea_customs_service,https://apis.data.go.kr/1220000/nitemtrade/getNitemtradeList,2026-08-10T12:41:54.469252+00:00
2025-07,3902100000,SA,사우디아라비아,617800,851069,0,0,851069,korea_customs_service,https://apis.data.go.kr/1220000/nitemtrade/getNitemtradeList,2026-08-10T12:41:54.469252+00:00
2025-08,3902100000,SA,사우디아라비아,29600,37350,100,977,36373,korea_customs_service,https://apis.data.go.kr/1220000/nitemtrade/getNitemtradeList,2026-08-10T12:41:54.469252+00:00
2025-09,3902100000,SA,사우디아라비아,604400,903319,91,244,903075,korea_customs_service,https://apis.data.go.kr/1220000/nitemtrade/getNitemtradeList,2026-08-10T12:41:54.469252+00:00
2025-10,3902100000,SA,사우디아라비아,604800,846549,0,0,846549,korea_customs_service,https://apis.data.go.kr/1220000/nitemtrade/getNitemtradeList,2026-08-10T12:41:54.469252+00:00
2025-11,3902100000,SA,사우디아라비아,340200,436079,0,0,436079,korea_customs_service,https://apis.data.go.kr/1220000/nitemtrade/getNitemtradeList,2026-08-10T12:41:54.469252+00:00
2025-12,3902100000,SA,사우디아라비아,100800,149635,0,0,149635,korea_customs_service,https://apis.data.go.kr/1220000/nitemtrade/getNitemtradeList,2026-08-10T12:41:54.469252+00:00
2026-01,3902100000,SA,사우디아라비아,186200,250408,24050,25631,224777,korea_customs_service,https://apis.data.go.kr/1220000/nitemtrade/getNitemtradeList,2026-08-10T12:41:54.804913+00:00
2026-02,3902100000,SA,사우디아라비아,109800,156765,0,0,156765,korea_customs_service,https://apis.data.go.kr/1220000/nitemtrade/getNitemtradeList,2026-08-10T12:41:54.804913+00:00
2026-03,3902100000,SA,사우디아라비아,136000,195810,43,480,195330,korea_customs_service,https://apis.data.go.kr/1220000/nitemtrade/getNitemtradeList,2026-08-10T12:41:54.804913+00:00
2026-04,3902100000,SA,사우디아라비아,40000,90800,0,0,90800,korea_customs_service,https://apis.data.go.kr/1220000/nitemtrade/getNitemtradeList,2026-08-10T12:41:54.804913+00:00
2026-05,3902100000,SA,사우디아라비아,80000,185600,0,0,185600,korea_customs_service,https://apis.data.go.kr/1220000/nitemtrade/getNitemtradeList,2026-08-10T12:41:54.804913+00:00
2026-06,3902100000,SA,사우디아라비아,94225,183995,43,187,183808,korea_customs_service,https://apis.data.go.kr/1220000/nitemtrade/getNitemtradeList,2026-08-10T12:41:54.804913+00:00
2023-01,3902100000,SG,싱가포르,257310,354166,466390,514807,-160641,korea_customs_service,https://apis.data.go.kr/1220000/nitemtrade/getNitemtradeList,2026-08-10T12:41:55.007907+00:00
2023-02,3902100000,SG,싱가포르,180400,273851,453260,474267,-200416,korea_customs_service,https://apis.data.go.kr/1220000/nitemtrade/getNitemtradeList,2026-08-10T12:41:55.007907+00:00
2023-03,3902100000,SG,싱가포르,231080,339640,687430,738875,-399235,korea_customs_service,https://apis.data.go.kr/1220000/nitemtrade/getNitemtradeList,2026-08-10T12:41:55.007907+00:00
2023-04,3902100000,SG,싱가포르,286260,381036,301385,322714,58322,korea_customs_service,https://apis.data.go.kr/1220000/nitemtrade/getNitemtradeList,2026-08-10T12:41:55.007907+00:00
2023-05,3902100000,SG,싱가포르,199320,287489,192140,203551,83938,korea_customs_service,https://apis.data.go.kr/1220000/nitemtrade/getNitemtradeList,2026-08-10T12:41:55.007907+00:00
2023-06,3902100000,SG,싱가포르,169260,236657,330320,332424,-95767,korea_customs_service,https://apis.data.go.kr/1220000/nitemtrade/getNitemtradeList,2026-08-10T12:41:55.007907+00:00
2023-07,3902100000,SG,싱가포르,220280,277903,524980,499879,-221976,korea_customs_service,https://apis.data.go.kr/1220000/nitemtrade/getNitemtradeList,2026-08-10T12:41:55.007907+00:00
2023-08,3902100000,SG,싱가포르,202180,262072,503620,474159,-212087,korea_customs_service,https://apis.data.go.kr/1220000/nitemtrade/getNitemtradeList,2026-08-10T12:41:55.007907+00:00
2023-09,3902100000,SG,싱가포르,187070,247273,335460,329673,-82400,korea_customs_service,https://apis.data.go.kr/1220000/nitemtrade/getNitemtradeList,2026-08-10T12:41:55.007907+00:00
2023-10,3902100000,SG,싱가포르,274210,351876,835200,844805,-492929,korea_customs_service,https://apis.data.go.kr/1220000/nitemtrade/getNitemtradeList,2026-08-10T12:41:55.007907+00:00
2023-11,3902100000,SG,싱가포르,284920,364884,268170,270584,94300,korea_customs_service,https://apis.data.go.kr/1220000/nitemtrade/getNitemtradeList,2026-08-10T12:41:55.007907+00:00
2023-12,3902100000,SG,싱가포르,226980,302043,390700,420070,-118027,korea_customs_service,https://apis.data.go.kr/1220000/nitemtrade/getNitemtradeList,2026-08-10T12:41:55.007907+00:00
2024-01,3902100000,SG,싱가포르,267865,356908,0,10,356898,korea_customs_service,https://apis.data.go.kr/1220000/nitemtrade/getNitemtradeList,2026-08-10T12:41:57.388518+00:00
2024-02,3902100000,SG,싱가포르,288240,392803,661794,644651,-251848,korea_customs_service,https://apis.data.go.kr/1220000/nitemtrade/getNitemtradeList,2026-08-10T12:41:57.388518+00:00
2024-03,3902100000,SG,싱가포르,247970,332818,154704,151422,181396,korea_customs_service,https://apis.data.go.kr/1220000/nitemtrade/getNitemtradeList,2026-08-10T12:41:57.388518+00:00
2024-04,3902100000,SG,싱가포르,261600,359148,1015030,1008440,-649292,korea_customs_service,https://apis.data.go.kr/1220000/nitemtrade/getNitemtradeList,2026-08-10T12:41:57.388518+00:00
2024-05,3902100000,SG,싱가포르,256280,347637,1081165,1096763,-749126,korea_customs_service,https://apis.data.go.kr/1220000/nitemtrade/getNitemtradeList,2026-08-10T12:41:57.388518+00:00
2024-06,3902100000,SG,싱가포르,290670,397458,553380,584755,-187297,korea_customs_service,https://apis.data.go.kr/1220000/nitemtrade/getNitemtradeList,2026-08-10T12:41:57.388518+00:00
2024-07,3902100000,SG,싱가포르,334750,440213,1355850,1412958,-972745,korea_customs_service,https://apis.data.go.kr/1220000/nitemtrade/getNitemtradeList,2026-08-10T12:41:57.388518+00:00
2024-08,3902100000,SG,싱가포르,244920,303508,1337280,1361717,-1058209,korea_customs_service,https://apis.data.go.kr/1220000/nitemtrade/getNitemtradeList,2026-08-10T12:41:57.388518+00:00
2024-09,3902100000,SG,싱가포르,336330,383697,282010,286675,97022,korea_customs_service,https://apis.data.go.kr/1220000/nitemtrade/getNitemtradeList,2026-08-10T12:41:57.388518+00:00
2024-10,3902100000,SG,싱가포르,236680,306683,817650,813329,-506646,korea_customs_service,https://apis.data.go.kr/1220000/nitemtrade/getNitemtradeList,2026-08-10T12:41:57.388518+00:00
2024-11,3902100000,SG,싱가포르,327210,380782,1071090,1046280,-665498,korea_customs_service,https://apis.data.go.kr/1220000/nitemtrade/getNitemtradeList,2026-08-10T12:41:57.388518+00:00
2024-12,3902100000,SG,싱가포르,222800,291861,16500,33000,258861,korea_customs_service,https://apis.data.go.kr/1220000/nitemtrade/getNitemtradeList,2026-08-10T12:41:57.388518+00:00
2025-01,3902100000,SG,싱가포르,289370,368929,0,0,368929,korea_customs_service,https://apis.data.go.kr/1220000/nitemtrade/getNitemtradeList,2026-08-10T12:41:57.788666+00:00
2025-02,3902100000,SG,싱가포르,325520,395431,799580,771595,-376164,korea_customs_service,https://apis.data.go.kr/1220000/nitemtrade/getNitemtradeList,2026-08-10T12:41:57.788666+00:00
2025-03,3902100000,SG,싱가포르,321590,396025,808300,781697,-385672,korea_customs_service,https://apis.data.go.kr/1220000/nitemtrade/getNitemtradeList,2026-08-10T12:41:57.788666+00:00
2025-04,3902100000,SG,싱가포르,424745,514130,1193470,1158344,-644214,korea_customs_service,https://apis.data.go.kr/1220000/nitemtrade/getNitemtradeList,2026-08-10T12:41:57.788666+00:00
2025-05,3902100000,SG,싱가포르,313490,407947,1223210,1180450,-772503,korea_customs_service,https://apis.data.go.kr/1220000/nitemtrade/getNitemtradeList,2026-08-10T12:41:57.788666+00:00
2025-06,3902100000,SG,싱가포르,271990,330417,817530,798091,-467674,korea_customs_service,https://apis.data.go.kr/1220000/nitemtrade/getNitemtradeList,2026-08-10T12:41:57.788666+00:00
2025-07,3902100000,SG,싱가포르,201950,245478,1376040,1301569,-1056091,korea_customs_service,https://apis.data.go.kr/1220000/nitemtrade/getNitemtradeList,2026-08-10T12:41:57.788666+00:00
2025-08,3902100000,SG,싱가포르,312410,387883,766810,718806,-330923,korea_customs_service,https://apis.data.go.kr/1220000/nitemtrade/getNitemtradeList,2026-08-10T12:41:57.788666+00:00
2025-09,3902100000,SG,싱가포르,214455,252685,840970,805004,-552319,korea_customs_service,https://apis.data.go.kr/1220000/nitemtrade/getNitemtradeList,2026-08-10T12:41:57.788666+00:00
2025-10,3902100000,SG,싱가포르,400260,490407,1382151,1290572,-800165,korea_customs_service,https://apis.data.go.kr/1220000/nitemtrade/getNitemtradeList,2026-08-10T12:41:57.788666+00:00
2025-11,3902100000,SG,싱가포르,235480,293237,845870,753176,-459939,korea_customs_service,https://apis.data.go.kr/1220000/nitemtrade/getNitemtradeList,2026-08-10T12:41:57.788666+00:00
2025-12,3902100000,SG,싱가포르,357860,416480,690580,594356,-177876,korea_customs_service,https://apis.data.go.kr/1220000/nitemtrade/getNitemtradeList,2026-08-10T12:41:57.788666+00:00
2026-01,3902100000,SG,싱가포르,421690,469750,538510,449655,20095,korea_customs_service,https://apis.data.go.kr/1220000/nitemtrade/getNitemtradeList,2026-08-10T12:41:58.131683+00:00
2026-02,3902100000,SG,싱가포르,349160,393452,12000,13560,379892,korea_customs_service,https://apis.data.go.kr/1220000/nitemtrade/getNitemtradeList,2026-08-10T12:41:58.131683+00:00
2026-03,3902100000,SG,싱가포르,336350,393186,15000,28050,365136,korea_customs_service,https://apis.data.go.kr/1220000/nitemtrade/getNitemtradeList,2026-08-10T12:41:58.131683+00:00
2026-04,3902100000,SG,싱가포르,484290,811387,0,0,811387,korea_customs_service,https://apis.data.go.kr/1220000/nitemtrade/getNitemtradeList,2026-08-10T12:41:58.131683+00:00
2026-05,3902100000,SG,싱가포르,356770,625099,12028,19948,605151,korea_customs_service,https://apis.data.go.kr/1220000/nitemtrade/getNitemtradeList,2026-08-10T12:41:58.131683+00:00
2026-06,3902100000,SG,싱가포르,417371,696133,16521,39657,656476,korea_customs_service,https://apis.data.go.kr/1220000/nitemtrade/getNitemtradeList,2026-08-10T12:41:58.131683+00:00
2023-01,3902100000,TH,태국,4046175,4587870,66950,92039,4495831,korea_customs_service,https://apis.data.go.kr/1220000/nitemtrade/getNitemtradeList,2026-08-10T12:41:58.358368+00:00
2023-02,3902100000,TH,태국,6007650,6692276,51200,67930,6624346,korea_customs_service,https://apis.data.go.kr/1220000/nitemtrade/getNitemtradeList,2026-08-10T12:41:58.358368+00:00
2023-03,3902100000,TH,태국,4324995,5035120,51005,72257,4962863,korea_customs_service,https://apis.data.go.kr/1220000/nitemtrade/getNitemtradeList,2026-08-10T12:41:58.358368+00:00
2023-04,3902100000,TH,태국,2796600,3383969,1204,2639,3381330,korea_customs_service,https://apis.data.go.kr/1220000/nitemtrade/getNitemtradeList,2026-08-10T12:41:58.358368+00:00
2023-05,3902100000,TH,태국,2677800,3166095,96221,160617,3005478,korea_customs_service,https://apis.data.go.kr/1220000/nitemtrade/getNitemtradeList,2026-08-10T12:41:58.358368+00:00
2023-06,3902100000,TH,태국,3264080,3520550,29232,38464,3482086,korea_customs_service,https://apis.data.go.kr/1220000/nitemtrade/getNitemtradeList,2026-08-10T12:41:58.358368+00:00
2023-07,3902100000,TH,태국,3256610,3415167,63064,82318,3332849,korea_customs_service,https://apis.data.go.kr/1220000/nitemtrade/getNitemtradeList,2026-08-10T12:41:58.358368+00:00
2023-08,3902100000,TH,태국,2486675,2783433,26082,33747,2749686,korea_customs_service,https://apis.data.go.kr/1220000/nitemtrade/getNitemtradeList,2026-08-10T12:41:58.358368+00:00
2023-09,3902100000,TH,태국,4086800,4276785,51023,64943,4211842,korea_customs_service,https://apis.data.go.kr/1220000/nitemtrade/getNitemtradeList,2026-08-10T12:41:58.358368+00:00
2023-10,3902100000,TH,태국,1958175,2246690,75428,95379,2151311,korea_customs_service,https://apis.data.go.kr/1220000/nitemtrade/getNitemtradeList,2026-08-10T12:41:58.358368+00:00
2023-11,3902100000,TH,태국,3632956,3826504,51312,65080,3761424,korea_customs_service,https://apis.data.go.kr/1220000/nitemtrade/getNitemtradeList,2026-08-10T12:41:58.358368+00:00
2023-12,3902100000,TH,태국,2476766,2755524,42659,73961,2681563,korea_customs_service,https://apis.data.go.kr/1220000/nitemtrade/getNitemtradeList,2026-08-10T12:41:58.358368+00:00
2024-01,3902100000,TH,태국,4802000,4764973,51252,64033,4700940,korea_customs_service,https://apis.data.go.kr/1220000/nitemtrade/getNitemtradeList,2026-08-10T12:41:58.792855+00:00
2024-02,3902100000,TH,태국,9616818,9619942,63075,81170,9538772,korea_customs_service,https://apis.data.go.kr/1220000/nitemtrade/getNitemtradeList,2026-08-10T12:41:58.792855+00:00
2024-03,3902100000,TH,태국,4665303,4890697,52128,68700,4821997,korea_customs_service,https://apis.data.go.kr/1220000/nitemtrade/getNitemtradeList,2026-08-10T12:41:58.792855+00:00
2024-04,3902100000,TH,태국,4914475,5166287,88790,116676,5049611,korea_customs_service,https://apis.data.go.kr/1220000/nitemtrade/getNitemtradeList,2026-08-10T12:41:58.792855+00:00
2024-05,3902100000,TH,태국,4090385,4353424,75798,125482,4227942,korea_customs_service,https://apis.data.go.kr/1220000/nitemtrade/getNitemtradeList,2026-08-10T12:41:58.792855+00:00
2024-06,3902100000,TH,태국,6470580,6746976,123787,155989,6590987,korea_customs_service,https://apis.data.go.kr/1220000/nitemtrade/getNitemtradeList,2026-08-10T12:41:58.792855+00:00
2024-07,3902100000,TH,태국,4285245,4584664,76319,68073,4516591,korea_customs_service,https://apis.data.go.kr/1220000/nitemtrade/getNitemtradeList,2026-08-10T12:41:58.792855+00:00
2024-08,3902100000,TH,태국,2398450,2674942,54836,75545,2599397,korea_customs_service,https://apis.data.go.kr/1220000/nitemtrade/getNitemtradeList,2026-08-10T12:41:58.792855+00:00
2024-09,3902100000,TH,태국,3424920,3841362,404669,666921,3174441,korea_customs_service,https://apis.data.go.kr/1220000/nitemtrade/getNitemtradeList,2026-08-10T12:41:58.792855+00:00
2024-10,3902100000,TH,태국,3374095,3439886,104280,135803,3304083,korea_customs_service,https://apis.data.go.kr/1220000/nitemtrade/getNitemtradeList,2026-08-10T12:41:58.792855+00:00
2024-11,3902100000,TH,태국,1519490,1751043,94713,93178,1657865,korea_customs_service,https://apis.data.go.kr/1220000/nitemtrade/getNitemtradeList,2026-08-10T12:41:58.792855+00:00
2024-12,3902100000,TH,태국,3483134,3647356,55900,73132,3574224,korea_customs_service,https://apis.data.go.kr/1220000/nitemtrade/getNitemtradeList,2026-08-10T12:41:58.792855+00:00
2025-01,3902100000,TH,태국,3616680,3544290,309102,480998,3063292,korea_customs_service,https://apis.data.go.kr/1220000/nitemtrade/getNitemtradeList,2026-08-10T12:41:59.207734+00:00
2025-02,3902100000,TH,태국,3769450,4084439,205576,295562,3788877,korea_customs_service,https://apis.data.go.kr/1220000/nitemtrade/getNitemtradeList,2026-08-10T12:41:59.207734+00:00
2025-03,3902100000,TH,태국,2399980,2797436,157635,257671,2539765,korea_customs_service,https://apis.data.go.kr/1220000/nitemtrade/getNitemtradeList,2026-08-10T12:41:59.207734+00:00
2025-04,3902100000,TH,태국,4732975,4758509,266023,410329,4348180,korea_customs_service,https://apis.data.go.kr/1220000/nitemtrade/getNitemtradeList,2026-08-10T12:41:59.207734+00:00
2025-05,3902100000,TH,태국,3234775,3144672,202401,336845,2807827,korea_customs_service,https://apis.data.go.kr/1220000/nitemtrade/getNitemtradeList,2026-08-10T12:41:59.207734+00:00
2025-06,3902100000,TH,태국,3730318,3772255,256632,369755,3402500,korea_customs_service,https://apis.data.go.kr/1220000/nitemtrade/getNitemtradeList,2026-08-10T12:41:59.207734+00:00
2025-07,3902100000,TH,태국,4073790,3962848,196530,317021,3645827,korea_customs_service,https://apis.data.go.kr/1220000/nitemtrade/getNitemtradeList,2026-08-10T12:41:59.207734+00:00
2025-08,3902100000,TH,태국,2966725,3007314,246210,395074,2612240,korea_customs_service,https://apis.data.go.kr/1220000/nitemtrade/getNitemtradeList,2026-08-10T12:41:59.207734+00:00
2025-09,3902100000,TH,태국,2589500,3014838,244505,402133,2612705,korea_customs_service,https://apis.data.go.kr/1220000/nitemtrade/getNitemtradeList,2026-08-10T12:41:59.207734+00:00
2025-10,3902100000,TH,태국,2423380,2519910,249510,408038,2111872,korea_customs_service,https://apis.data.go.kr/1220000/nitemtrade/getNitemtradeList,2026-08-10T12:41:59.207734+00:00
2025-11,3902100000,TH,태국,3318431,3230799,173275,327445,2903354,korea_customs_service,https://apis.data.go.kr/1220000/nitemtrade/getNitemtradeList,2026-08-10T12:41:59.207734+00:00
2025-12,3902100000,TH,태국,4256700,4071738,262458,398755,3672983,korea_customs_service,https://apis.data.go.kr/1220000/nitemtrade/getNitemtradeList,2026-08-10T12:41:59.207734+00:00
2026-01,3902100000,TH,태국,2293175,2259600,295500,457378,1802222,korea_customs_service,https://apis.data.go.kr/1220000/nitemtrade/getNitemtradeList,2026-08-10T12:41:59.543787+00:00
2026-02,3902100000,TH,태국,2115846,1973947,227025,315232,1658715,korea_customs_service,https://apis.data.go.kr/1220000/nitemtrade/getNitemtradeList,2026-08-10T12:41:59.543787+00:00
2026-03,3902100000,TH,태국,5061522,5939845,368260,520089,5419756,korea_customs_service,https://apis.data.go.kr/1220000/nitemtrade/getNitemtradeList,2026-08-10T12:41:59.543787+00:00
2026-04,3902100000,TH,태국,2126843,3200195,236906,423898,2776297,korea_customs_service,https://apis.data.go.kr/1220000/nitemtrade/getNitemtradeList,2026-08-10T12:41:59.543787+00:00
2026-05,3902100000,TH,태국,2411525,3820128,153020,350079,3470049,korea_customs_service,https://apis.data.go.kr/1220000/nitemtrade/getNitemtradeList,2026-08-10T12:41:59.543787+00:00
2026-06,3902100000,TH,태국,3188790,4447023,172550,390767,4056256,korea_customs_service,https://apis.data.go.kr/1220000/nitemtrade/getNitemtradeList,2026-08-10T12:41:59.543787+00:00
2023-01,3902100000,TW,대만,1262450,1388786,27025,56256,1332530,korea_customs_service,https://apis.data.go.kr/1220000/nitemtrade/getNitemtradeList,2026-08-10T12:42:01.748692+00:00
2023-02,3902100000,TW,대만,483197,623094,200,4269,618825,korea_customs_service,https://apis.data.go.kr/1220000/nitemtrade/getNitemtradeList,2026-08-10T12:42:01.748692+00:00
2023-03,3902100000,TW,대만,692951,890050,27000,46964,843086,korea_customs_service,https://apis.data.go.kr/1220000/nitemtrade/getNitemtradeList,2026-08-10T12:42:01.748692+00:00
2023-04,3902100000,TW,대만,789870,958801,24700,42626,916175,korea_customs_service,https://apis.data.go.kr/1220000/nitemtrade/getNitemtradeList,2026-08-10T12:42:01.748692+00:00
2023-05,3902100000,TW,대만,1226819,1408542,34103,68576,1339966,korea_customs_service,https://apis.data.go.kr/1220000/nitemtrade/getNitemtradeList,2026-08-10T12:42:01.748692+00:00
2023-06,3902100000,TW,대만,744428,829310,1002,4309,825001,korea_customs_service,https://apis.data.go.kr/1220000/nitemtrade/getNitemtradeList,2026-08-10T12:42:01.748692+00:00
2023-07,3902100000,TW,대만,510742,552432,28025,48047,504385,korea_customs_service,https://apis.data.go.kr/1220000/nitemtrade/getNitemtradeList,2026-08-10T12:42:01.748692+00:00
2023-08,3902100000,TW,대만,490897,584792,28105,55965,528827,korea_customs_service,https://apis.data.go.kr/1220000/nitemtrade/getNitemtradeList,2026-08-10T12:42:01.748692+00:00
2023-09,3902100000,TW,대만,999150,969890,5747,16416,953474,korea_customs_service,https://apis.data.go.kr/1220000/nitemtrade/getNitemtradeList,2026-08-10T12:42:01.748692+00:00
2023-10,3902100000,TW,대만,455146,546549,23050,46407,500142,korea_customs_service,https://apis.data.go.kr/1220000/nitemtrade/getNitemtradeList,2026-08-10T12:42:01.748692+00:00
2023-11,3902100000,TW,대만,772075,989439,3500,9460,979979,korea_customs_service,https://apis.data.go.kr/1220000/nitemtrade/getNitemtradeList,2026-08-10T12:42:01.748692+00:00
2023-12,3902100000,TW,대만,1305700,1388163,6020,18387,1369776,korea_customs_service,https://apis.data.go.kr/1220000/nitemtrade/getNitemtradeList,2026-08-10T12:42:01.748692+00:00
2024-01,3902100000,TW,대만,1213603,1277036,33010,55542,1221494,korea_customs_service,https://apis.data.go.kr/1220000/nitemtrade/getNitemtradeList,2026-08-10T12:42:02.168402+00:00
2024-02,3902100000,TW,대만,1679663,1714810,28010,47817,1666993,korea_customs_service,https://apis.data.go.kr/1220000/nitemtrade/getNitemtradeList,2026-08-10T12:42:02.168402+00:00
2024-03,3902100000,TW,대만,511135,637170,26000,44342,592828,korea_customs_service,https://apis.data.go.kr/1220000/nitemtrade/getNitemtradeList,2026-08-10T12:42:02.168402+00:00
2024-04,3902100000,TW,대만,1225983,1367953,5000,9676,1358277,korea_customs_service,https://apis.data.go.kr/1220000/nitemtrade/getNitemtradeList,2026-08-10T12:42:02.168402+00:00
2024-05,3902100000,TW,대만,1390497,1491030,31025,63282,1427748,korea_customs_service,https://apis.data.go.kr/1220000/nitemtrade/getNitemtradeList,2026-08-10T12:42:02.168402+00:00
2024-06,3902100000,TW,대만,1474060,1556826,12975,23286,1533540,korea_customs_service,https://apis.data.go.kr/1220000/nitemtrade/getNitemtradeList,2026-08-10T12:42:02.168402+00:00
2024-07,3902100000,TW,대만,551425,686824,1103,1291,685533,korea_customs_service,https://apis.data.go.kr/1220000/nitemtrade/getNitemtradeList,2026-08-10T12:42:02.168402+00:00
2024-08,3902100000,TW,대만,328249,466893,28000,49354,417539,korea_customs_service,https://apis.data.go.kr/1220000/nitemtrade/getNitemtradeList,2026-08-10T12:42:02.168402+00:00
2024-09,3902100000,TW,대만,1056452,1201894,74160,60307,1141587,korea_customs_service,https://apis.data.go.kr/1220000/nitemtrade/getNitemtradeList,2026-08-10T12:42:02.168402+00:00
2024-10,3902100000,TW,대만,939089,1025568,3022,13911,1011657,korea_customs_service,https://apis.data.go.kr/1220000/nitemtrade/getNitemtradeList,2026-08-10T12:42:02.168402+00:00
2024-11,3902100000,TW,대만,413663,555322,25500,50588,504734,korea_customs_service,https://apis.data.go.kr/1220000/nitemtrade/getNitemtradeList,2026-08-10T12:42:02.168402+00:00
2024-12,3902100000,TW,대만,535583,693725,57,47,693678,korea_customs_service,https://apis.data.go.kr/1220000/nitemtrade/getNitemtradeList,2026-08-10T12:42:02.168402+00:00
2025-01,3902100000,TW,대만,692074,818369,25026,44990,773379,korea_customs_service,https://apis.data.go.kr/1220000/nitemtrade/getNitemtradeList,2026-08-10T12:42:02.567360+00:00
2025-02,3902100000,TW,대만,993975,1130310,1975,8731,1121579,korea_customs_service,https://apis.data.go.kr/1220000/nitemtrade/getNitemtradeList,2026-08-10T12:42:02.567360+00:00
2025-03,3902100000,TW,대만,692629,754160,65565,120242,633918,korea_customs_service,https://apis.data.go.kr/1220000/nitemtrade/getNitemtradeList,2026-08-10T12:42:02.567360+00:00
2025-04,3902100000,TW,대만,1335374,1372727,32200,57958,1314769,korea_customs_service,https://apis.data.go.kr/1220000/nitemtrade/getNitemtradeList,2026-08-10T12:42:02.567360+00:00
2025-05,3902100000,TW,대만,804205,851475,106,496,850979,korea_customs_service,https://apis.data.go.kr/1220000/nitemtrade/getNitemtradeList,2026-08-10T12:42:02.567360+00:00
2025-06,3902100000,TW,대만,1123958,1278234,1025,2293,1275941,korea_customs_service,https://apis.data.go.kr/1220000/nitemtrade/getNitemtradeList,2026-08-10T12:42:02.567360+00:00
2025-07,3902100000,TW,대만,1301373,1389440,25100,44604,1344836,korea_customs_service,https://apis.data.go.kr/1220000/nitemtrade/getNitemtradeList,2026-08-10T12:42:02.567360+00:00
2025-08,3902100000,TW,대만,1190621,1246709,31121,62739,1183970,korea_customs_service,https://apis.data.go.kr/1220000/nitemtrade/getNitemtradeList,2026-08-10T12:42:02.567360+00:00
2025-09,3902100000,TW,대만,856223,964522,2584,8416,956106,korea_customs_service,https://apis.data.go.kr/1220000/nitemtrade/getNitemtradeList,2026-08-10T12:42:02.567360+00:00
2025-10,3902100000,TW,대만,929328,946444,30216,52312,894132,korea_customs_service,https://apis.data.go.kr/1220000/nitemtrade/getNitemtradeList,2026-08-10T12:42:02.567360+00:00
2025-11,3902100000,TW,대만,426776,450119,1,21,450098,korea_customs_service,https://apis.data.go.kr/1220000/nitemtrade/getNitemtradeList,2026-08-10T12:42:02.567360+00:00
2025-12,3902100000,TW,대만,525758,624924,50050,88942,535982,korea_customs_service,https://apis.data.go.kr/1220000/nitemtrade/getNitemtradeList,2026-08-10T12:42:02.567360+00:00
2026-01,3902100000,TW,대만,528383,637935,4570,19314,618621,korea_customs_service,https://apis.data.go.kr/1220000/nitemtrade/getNitemtradeList,2026-08-10T12:42:02.959677+00:00
2026-02,3902100000,TW,대만,593158,759510,25025,44464,715046,korea_customs_service,https://apis.data.go.kr/1220000/nitemtrade/getNitemtradeList,2026-08-10T12:42:02.959677+00:00
2026-03,3902100000,TW,대만,541415,692145,3000,4435,687710,korea_customs_service,https://apis.data.go.kr/1220000/nitemtrade/getNitemtradeList,2026-08-10T12:42:02.959677+00:00
2026-04,3902100000,TW,대만,299245,610859,101000,204857,406002,korea_customs_service,https://apis.data.go.kr/1220000/nitemtrade/getNitemtradeList,2026-08-10T12:42:02.959677+00:00
2026-05,3902100000,TW,대만,225125,492095,4125,19044,473051,korea_customs_service,https://apis.data.go.kr/1220000/nitemtrade/getNitemtradeList,2026-08-10T12:42:02.959677+00:00
2026-06,3902100000,TW,대만,416459,671213,97,501,670712,korea_customs_service,https://apis.data.go.kr/1220000/nitemtrade/getNitemtradeList,2026-08-10T12:42:02.959677+00:00
2023-01,3902100000,US,미국,3980250,5020283,219025,197362,4822921,korea_customs_service,https://apis.data.go.kr/1220000/nitemtrade/getNitemtradeList,2026-08-10T12:42:03.192499+00:00
2023-02,3902100000,US,미국,4797598,6107322,247712,209580,5897742,korea_customs_service,https://apis.data.go.kr/1220000/nitemtrade/getNitemtradeList,2026-08-10T12:42:03.192499+00:00
2023-03,3902100000,US,미국,6642553,8611204,305224,319371,8291833,korea_customs_service,https://apis.data.go.kr/1220000/nitemtrade/getNitemtradeList,2026-08-10T12:42:03.192499+00:00
2023-04,3902100000,US,미국,6701400,8772912,269095,171570,8601342,korea_customs_service,https://apis.data.go.kr/1220000/nitemtrade/getNitemtradeList,2026-08-10T12:42:03.192499+00:00
2023-05,3902100000,US,미국,3057697,4192685,310593,265881,3926804,korea_customs_service,https://apis.data.go.kr/1220000/nitemtrade/getNitemtradeList,2026-08-10T12:42:03.192499+00:00
2023-06,3902100000,US,미국,4931365,6129881,189705,116883,6012998,korea_customs_service,https://apis.data.go.kr/1220000/nitemtrade/getNitemtradeList,2026-08-10T12:42:03.192499+00:00
2023-07,3902100000,US,미국,2309592,3211798,125125,92832,3118966,korea_customs_service,https://apis.data.go.kr/1220000/nitemtrade/getNitemtradeList,2026-08-10T12:42:03.192499+00:00
2023-08,3902100000,US,미국,4290440,5218459,201855,223620,4994839,korea_customs_service,https://apis.data.go.kr/1220000/nitemtrade/getNitemtradeList,2026-08-10T12:42:03.192499+00:00
2023-09,3902100000,US,미국,4652640,5751162,110427,101262,5649900,korea_customs_service,https://apis.data.go.kr/1220000/nitemtrade/getNitemtradeList,2026-08-10T12:42:03.192499+00:00
2023-10,3902100000,US,미국,4092952,5327754,284206,129525,5198229,korea_customs_service,https://apis.data.go.kr/1220000/nitemtrade/getNitemtradeList,2026-08-10T12:42:03.192499+00:00
2023-11,3902100000,US,미국,4866452,5907500,193409,118412,5789088,korea_customs_service,https://apis.data.go.kr/1220000/nitemtrade/getNitemtradeList,2026-08-10T12:42:03.192499+00:00
2023-12,3902100000,US,미국,5687856,6900783,186668,84449,6816334,korea_customs_service,https://apis.data.go.kr/1220000/nitemtrade/getNitemtradeList,2026-08-10T12:42:03.192499+00:00
2024-01,3902100000,US,미국,4371002,5640437,242750,128807,5511630,korea_customs_service,https://apis.data.go.kr/1220000/nitemtrade/getNitemtradeList,2026-08-10T12:42:03.657511+00:00
2024-02,3902100000,US,미국,5359205,6646390,191655,76305,6570085,korea_customs_service,https://apis.data.go.kr/1220000/nitemtrade/getNitemtradeList,2026-08-10T12:42:03.657511+00:00
2024-03,3902100000,US,미국,6014508,7513791,218145,117398,7396393,korea_customs_service,https://apis.data.go.kr/1220000/nitemtrade/getNitemtradeList,2026-08-10T12:42:03.657511+00:00
2024-04,3902100000,US,미국,6545094,7833910,257822,245819,7588091,korea_customs_service,https://apis.data.go.kr/1220000/nitemtrade/getNitemtradeList,2026-08-10T12:42:03.657511+00:00
2024-05,3902100000,US,미국,3431726,4273895,252675,126643,4147252,korea_customs_service,https://apis.data.go.kr/1220000/nitemtrade/getNitemtradeList,2026-08-10T12:42:03.657511+00:00
2024-06,3902100000,US,미국,2766240,3539202,259785,90445,3448757,korea_customs_service,https://apis.data.go.kr/1220000/nitemtrade/getNitemtradeList,2026-08-10T12:42:03.657511+00:00
2024-07,3902100000,US,미국,5334233,6163165,144085,163426,5999739,korea_customs_service,https://apis.data.go.kr/1220000/nitemtrade/getNitemtradeList,2026-08-10T12:42:03.657511+00:00
2024-08,3902100000,US,미국,4995058,6116155,163392,107699,6008456,korea_customs_service,https://apis.data.go.kr/1220000/nitemtrade/getNitemtradeList,2026-08-10T12:42:03.657511+00:00
2024-09,3902100000,US,미국,5459440,7038414,193817,64598,6973816,korea_customs_service,https://apis.data.go.kr/1220000/nitemtrade/getNitemtradeList,2026-08-10T12:42:03.657511+00:00
2024-10,3902100000,US,미국,4906872,6139275,219252,115778,6023497,korea_customs_service,https://apis.data.go.kr/1220000/nitemtrade/getNitemtradeList,2026-08-10T12:42:03.657511+00:00
2024-11,3902100000,US,미국,6211926,8000633,241028,191517,7809116,korea_customs_service,https://apis.data.go.kr/1220000/nitemtrade/getNitemtradeList,2026-08-10T12:42:03.657511+00:00
2024-12,3902100000,US,미국,5906923,7635447,192856,72964,7562483,korea_customs_service,https://apis.data.go.kr/1220000/nitemtrade/getNitemtradeList,2026-08-10T12:42:03.657511+00:00
2025-01,3902100000,US,미국,3447171,4906660,149426,78363,4828297,korea_customs_service,https://apis.data.go.kr/1220000/nitemtrade/getNitemtradeList,2026-08-10T12:42:04.060193+00:00
2025-02,3902100000,US,미국,4760653,6467847,189946,88584,6379263,korea_customs_service,https://apis.data.go.kr/1220000/nitemtrade/getNitemtradeList,2026-08-10T12:42:04.060193+00:00
2025-03,3902100000,US,미국,3612280,4878228,264724,213803,4664425,korea_customs_service,https://apis.data.go.kr/1220000/nitemtrade/getNitemtradeList,2026-08-10T12:42:04.060193+00:00
2025-04,3902100000,US,미국,4879388,6578062,245919,183506,6394556,korea_customs_service,https://apis.data.go.kr/1220000/nitemtrade/getNitemtradeList,2026-08-10T12:42:04.060193+00:00
2025-05,3902100000,US,미국,3486158,4979192,194690,204123,4775069,korea_customs_service,https://apis.data.go.kr/1220000/nitemtrade/getNitemtradeList,2026-08-10T12:42:04.060193+00:00
2025-06,3902100000,US,미국,4089841,5532041,260152,139954,5392087,korea_customs_service,https://apis.data.go.kr/1220000/nitemtrade/getNitemtradeList,2026-08-10T12:42:04.060193+00:00
2025-07,3902100000,US,미국,3444011,5004686,156896,179483,4825203,korea_customs_service,https://apis.data.go.kr/1220000/nitemtrade/getNitemtradeList,2026-08-10T12:42:04.060193+00:00
2025-08,3902100000,US,미국,3430920,4703274,170659,149860,4553414,korea_customs_service,https://apis.data.go.kr/1220000/nitemtrade/getNitemtradeList,2026-08-10T12:42:04.060193+00:00
2025-09,3902100000,US,미국,3982180,5478202,218329,89244,5388958,korea_customs_service,https://apis.data.go.kr/1220000/nitemtrade/getNitemtradeList,2026-08-10T12:42:04.060193+00:00
2025-10,3902100000,US,미국,3808203,4753836,179887,37846,4715990,korea_customs_service,https://apis.data.go.kr/1220000/nitemtrade/getNitemtradeList,2026-08-10T12:42:04.060193+00:00
2025-11,3902100000,US,미국,3760150,4732628,147043,57259,4675369,korea_customs_service,https://apis.data.go.kr/1220000/nitemtrade/getNitemtradeList,2026-08-10T12:42:04.060193+00:00
2025-12,3902100000,US,미국,4004042,4885385,194046,100576,4784809,korea_customs_service,https://apis.data.go.kr/1220000/nitemtrade/getNitemtradeList,2026-08-10T12:42:04.060193+00:00
2026-01,3902100000,US,미국,4808925,5680681,167447,86433,5594248,korea_customs_service,https://apis.data.go.kr/1220000/nitemtrade/getNitemtradeList,2026-08-10T12:42:04.440183+00:00
2026-02,3902100000,US,미국,4325700,4976674,251609,164640,4812034,korea_customs_service,https://apis.data.go.kr/1220000/nitemtrade/getNitemtradeList,2026-08-10T12:42:04.440183+00:00
2026-03,3902100000,US,미국,2751736,3498440,191860,80746,3417694,korea_customs_service,https://apis.data.go.kr/1220000/nitemtrade/getNitemtradeList,2026-08-10T12:42:04.440183+00:00
2026-04,3902100000,US,미국,2794782,3992487,241998,135262,3857225,korea_customs_service,https://apis.data.go.kr/1220000/nitemtrade/getNitemtradeList,2026-08-10T12:42:04.440183+00:00
2026-05,3902100000,US,미국,2779287,4565019,181303,177567,4387452,korea_customs_service,https://apis.data.go.kr/1220000/nitemtrade/getNitemtradeList,2026-08-10T12:42:04.440183+00:00
2026-06,3902100000,US,미국,3258910,5043359,172879,162398,4880961,korea_customs_service,https://apis.data.go.kr/1220000/nitemtrade/getNitemtradeList,2026-08-10T12:42:04.440183+00:00
2023-01,3902100000,VN,베트남,11608956,12112902,135899,262387,11850515,korea_customs_service,https://apis.data.go.kr/1220000/nitemtrade/getNitemtradeList,2026-08-10T12:42:04.628015+00:00
2023-02,3902100000,VN,베트남,17873083,19089808,196840,250867,18838941,korea_customs_service,https://apis.data.go.kr/1220000/nitemtrade/getNitemtradeList,2026-08-10T12:42:04.628015+00:00
2023-03,3902100000,VN,베트남,16054689,17802970,264900,429713,17373257,korea_customs_service,https://apis.data.go.kr/1220000/nitemtrade/getNitemtradeList,2026-08-10T12:42:04.628015+00:00
2023-04,3902100000,VN,베트남,11376496,12613498,273513,305960,12307538,korea_customs_service,https://apis.data.go.kr/1220000/nitemtrade/getNitemtradeList,2026-08-10T12:42:04.628015+00:00
2023-05,3902100000,VN,베트남,14460366,15414299,200318,281807,15132492,korea_customs_service,https://apis.data.go.kr/1220000/nitemtrade/getNitemtradeList,2026-08-10T12:42:04.628015+00:00
2023-06,3902100000,VN,베트남,17881850,17366788,178794,208956,17157832,korea_customs_service,https://apis.data.go.kr/1220000/nitemtrade/getNitemtradeList,2026-08-10T12:42:04.628015+00:00
2023-07,3902100000,VN,베트남,25107059,22707086,248293,414438,22292648,korea_customs_service,https://apis.data.go.kr/1220000/nitemtrade/getNitemtradeList,2026-08-10T12:42:04.628015+00:00
2023-08,3902100000,VN,베트남,36461864,32759908,119039,116628,32643280,korea_customs_service,https://apis.data.go.kr/1220000/nitemtrade/getNitemtradeList,2026-08-10T12:42:04.628015+00:00
2023-09,3902100000,VN,베트남,30220176,28531512,439635,454856,28076656,korea_customs_service,https://apis.data.go.kr/1220000/nitemtrade/getNitemtradeList,2026-08-10T12:42:04.628015+00:00
2023-10,3902100000,VN,베트남,22014564,21549031,206964,180034,21368997,korea_customs_service,https://apis.data.go.kr/1220000/nitemtrade/getNitemtradeList,2026-08-10T12:42:04.628015+00:00
2023-11,3902100000,VN,베트남,21104730,20679215,171936,272613,20406602,korea_customs_service,https://apis.data.go.kr/1220000/nitemtrade/getNitemtradeList,2026-08-10T12:42:04.628015+00:00
2023-12,3902100000,VN,베트남,18763294,17332551,117105,170057,17162494,korea_customs_service,https://apis.data.go.kr/1220000/nitemtrade/getNitemtradeList,2026-08-10T12:42:04.628015+00:00
2024-01,3902100000,VN,베트남,18925388,18228483,125939,193463,18035020,korea_customs_service,https://apis.data.go.kr/1220000/nitemtrade/getNitemtradeList,2026-08-10T12:42:05.014113+00:00
2024-02,3902100000,VN,베트남,20324770,20110100,120174,205068,19905032,korea_customs_service,https://apis.data.go.kr/1220000/nitemtrade/getNitemtradeList,2026-08-10T12:42:05.014113+00:00
2024-03,3902100000,VN,베트남,20395424,20137715,50040,82758,20054957,korea_customs_service,https://apis.data.go.kr/1220000/nitemtrade/getNitemtradeList,2026-08-10T12:42:05.014113+00:00
2024-04,3902100000,VN,베트남,21951857,21847402,197029,276092,21571310,korea_customs_service,https://apis.data.go.kr/1220000/nitemtrade/getNitemtradeList,2026-08-10T12:42:05.014113+00:00
2024-05,3902100000,VN,베트남,21546936,21298980,100524,157335,21141645,korea_customs_service,https://apis.data.go.kr/1220000/nitemtrade/getNitemtradeList,2026-08-10T12:42:05.014113+00:00
2024-06,3902100000,VN,베트남,22210458,22481475,123871,167620,22313855,korea_customs_service,https://apis.data.go.kr/1220000/nitemtrade/getNitemtradeList,2026-08-10T12:42:05.014113+00:00
2024-07,3902100000,VN,베트남,28064890,26615720,157719,255553,26360167,korea_customs_service,https://apis.data.go.kr/1220000/nitemtrade/getNitemtradeList,2026-08-10T12:42:05.014113+00:00
2024-08,3902100000,VN,베트남,20423650,19675979,120022,192541,19483438,korea_customs_service,https://apis.data.go.kr/1220000/nitemtrade/getNitemtradeList,2026-08-10T12:42:05.014113+00:00
2024-09,3902100000,VN,베트남,24119341,22307383,101415,137277,22170106,korea_customs_service,https://apis.data.go.kr/1220000/nitemtrade/getNitemtradeList,2026-08-10T12:42:05.014113+00:00
2024-10,3902100000,VN,베트남,21926307,20665072,143226,183310,20481762,korea_customs_service,https://apis.data.go.kr/1220000/nitemtrade/getNitemtradeList,2026-08-10T12:42:05.014113+00:00
2024-11,3902100000,VN,베트남,20160195,19249229,97712,113895,19135334,korea_customs_service,https://apis.data.go.kr/1220000/nitemtrade/getNitemtradeList,2026-08-10T12:42:05.014113+00:00
2024-12,3902100000,VN,베트남,27493322,25804777,121010,156872,25647905,korea_customs_service,https://apis.data.go.kr/1220000/nitemtrade/getNitemtradeList,2026-08-10T12:42:05.014113+00:00
2025-01,3902100000,VN,베트남,18624966,17717620,89601,146231,17571389,korea_customs_service,https://apis.data.go.kr/1220000/nitemtrade/getNitemtradeList,2026-08-10T12:42:05.421511+00:00
2025-02,3902100000,VN,베트남,23981760,22775893,68062,91188,22684705,korea_customs_service,https://apis.data.go.kr/1220000/nitemtrade/getNitemtradeList,2026-08-10T12:42:05.421511+00:00
2025-03,3902100000,VN,베트남,14016526,14186811,133822,218424,13968387,korea_customs_service,https://apis.data.go.kr/1220000/nitemtrade/getNitemtradeList,2026-08-10T12:42:05.421511+00:00
2025-04,3902100000,VN,베트남,21143760,20695018,48582,80614,20614404,korea_customs_service,https://apis.data.go.kr/1220000/nitemtrade/getNitemtradeList,2026-08-10T12:42:05.421511+00:00
2025-05,3902100000,VN,베트남,13937477,13569972,71329,115721,13454251,korea_customs_service,https://apis.data.go.kr/1220000/nitemtrade/getNitemtradeList,2026-08-10T12:42:05.421511+00:00
2025-06,3902100000,VN,베트남,22855926,21313063,207412,278229,21034834,korea_customs_service,https://apis.data.go.kr/1220000/nitemtrade/getNitemtradeList,2026-08-10T12:42:05.421511+00:00
2025-07,3902100000,VN,베트남,32346683,29975243,110905,169266,29805977,korea_customs_service,https://apis.data.go.kr/1220000/nitemtrade/getNitemtradeList,2026-08-10T12:42:05.421511+00:00
2025-08,3902100000,VN,베트남,28831529,26106415,98379,161433,25944982,korea_customs_service,https://apis.data.go.kr/1220000/nitemtrade/getNitemtradeList,2026-08-10T12:42:05.421511+00:00
2025-09,3902100000,VN,베트남,22182251,20297059,72176,120248,20176811,korea_customs_service,https://apis.data.go.kr/1220000/nitemtrade/getNitemtradeList,2026-08-10T12:42:05.421511+00:00
2025-10,3902100000,VN,베트남,20151979,17778042,72353,112078,17665964,korea_customs_service,https://apis.data.go.kr/1220000/nitemtrade/getNitemtradeList,2026-08-10T12:42:05.421511+00:00
2025-11,3902100000,VN,베트남,18044176,15645225,72630,121045,15524180,korea_customs_service,https://apis.data.go.kr/1220000/nitemtrade/getNitemtradeList,2026-08-10T12:42:05.421511+00:00
2025-12,3902100000,VN,베트남,23287356,19501188,95915,157326,19343862,korea_customs_service,https://apis.data.go.kr/1220000/nitemtrade/getNitemtradeList,2026-08-10T12:42:05.421511+00:00
2026-01,3902100000,VN,베트남,16989903,14601203,103095,165236,14435967,korea_customs_service,https://apis.data.go.kr/1220000/nitemtrade/getNitemtradeList,2026-08-10T12:42:05.770385+00:00
2026-02,3902100000,VN,베트남,20935507,17692271,85363,134323,17557948,korea_customs_service,https://apis.data.go.kr/1220000/nitemtrade/getNitemtradeList,2026-08-10T12:42:05.770385+00:00
2026-03,3902100000,VN,베트남,17062756,16974513,70271,110252,16864261,korea_customs_service,https://apis.data.go.kr/1220000/nitemtrade/getNitemtradeList,2026-08-10T12:42:05.770385+00:00
2026-04,3902100000,VN,베트남,10998901,14482568,358505,581780,13900788,korea_customs_service,https://apis.data.go.kr/1220000/nitemtrade/getNitemtradeList,2026-08-10T12:42:05.770385+00:00
2026-05,3902100000,VN,베트남,6834059,9705214,441077,756616,8948598,korea_customs_service,https://apis.data.go.kr/1220000/nitemtrade/getNitemtradeList,2026-08-10T12:42:05.770385+00:00
2026-06,3902100000,VN,베트남,17454824,21373367,91762,161626,21211741,korea_customs_service,https://apis.data.go.kr/1220000/nitemtrade/getNitemtradeList,2026-08-10T12:42:05.770385+00:00
2023-01,3904100000,AE,아랍에미리트 연합,689317,762219,0,0,762219,korea_customs_service,https://apis.data.go.kr/1220000/nitemtrade/getNitemtradeList,2026-08-10T12:45:06.928223+00:00
2023-02,3904100000,AE,아랍에미리트 연합,731200,690825,0,0,690825,korea_customs_service,https://apis.data.go.kr/1220000/nitemtrade/getNitemtradeList,2026-08-10T12:45:06.928223+00:00
2023-03,3904100000,AE,아랍에미리트 연합,1069600,1041755,0,0,1041755,korea_customs_service,https://apis.data.go.kr/1220000/nitemtrade/getNitemtradeList,2026-08-10T12:45:06.928223+00:00
2023-04,3904100000,AE,아랍에미리트 연합,1278400,1144919,0,0,1144919,korea_customs_service,https://apis.data.go.kr/1220000/nitemtrade/getNitemtradeList,2026-08-10T12:45:06.928223+00:00
2023-05,3904100000,AE,아랍에미리트 연합,680700,687693,0,0,687693,korea_customs_service,https://apis.data.go.kr/1220000/nitemtrade/getNitemtradeList,2026-08-10T12:45:06.928223+00:00
2023-06,3904100000,AE,아랍에미리트 연합,404500,339672,0,0,339672,korea_customs_service,https://apis.data.go.kr/1220000/nitemtrade/getNitemtradeList,2026-08-10T12:45:06.928223+00:00
2023-07,3904100000,AE,아랍에미리트 연합,695400,519238,0,0,519238,korea_customs_service,https://apis.data.go.kr/1220000/nitemtrade/getNitemtradeList,2026-08-10T12:45:06.928223+00:00
2023-08,3904100000,AE,아랍에미리트 연합,787400,638894,0,0,638894,korea_customs_service,https://apis.data.go.kr/1220000/nitemtrade/getNitemtradeList,2026-08-10T12:45:06.928223+00:00
2023-09,3904100000,AE,아랍에미리트 연합,888400,926439,0,0,926439,korea_customs_service,https://apis.data.go.kr/1220000/nitemtrade/getNitemtradeList,2026-08-10T12:45:06.928223+00:00
2023-10,3904100000,AE,아랍에미리트 연합,2330000,1744816,240000,193200,1551616,korea_customs_service,https://apis.data.go.kr/1220000/nitemtrade/getNitemtradeList,2026-08-10T12:45:06.928223+00:00
2023-11,3904100000,AE,아랍에미리트 연합,1266500,958184,0,0,958184,korea_customs_service,https://apis.data.go.kr/1220000/nitemtrade/getNitemtradeList,2026-08-10T12:45:06.928223+00:00
2023-12,3904100000,AE,아랍에미리트 연합,598400,460498,0,0,460498,korea_customs_service,https://apis.data.go.kr/1220000/nitemtrade/getNitemtradeList,2026-08-10T12:45:06.928223+00:00
2024-01,3904100000,AE,아랍에미리트 연합,2871000,2158417,0,0,2158417,korea_customs_service,https://apis.data.go.kr/1220000/nitemtrade/getNitemtradeList,2026-08-10T12:45:07.339337+00:00
2024-02,3904100000,AE,아랍에미리트 연합,1738100,1380064,0,0,1380064,korea_customs_service,https://apis.data.go.kr/1220000/nitemtrade/getNitemtradeList,2026-08-10T12:45:07.339337+00:00
2024-03,3904100000,AE,아랍에미리트 연합,3181180,2503188,0,0,2503188,korea_customs_service,https://apis.data.go.kr/1220000/nitemtrade/getNitemtradeList,2026-08-10T12:45:07.339337+00:00
2024-04,3904100000,AE,아랍에미리트 연합,667200,529103,0,0,529103,korea_customs_service,https://apis.data.go.kr/1220000/nitemtrade/getNitemtradeList,2026-08-10T12:45:07.339337+00:00
2024-05,3904100000,AE,아랍에미리트 연합,432000,307554,0,0,307554,korea_customs_service,https://apis.data.go.kr/1220000/nitemtrade/getNitemtradeList,2026-08-10T12:45:07.339337+00:00
2024-06,3904100000,AE,아랍에미리트 연합,432000,423560,0,0,423560,korea_customs_service,https://apis.data.go.kr/1220000/nitemtrade/getNitemtradeList,2026-08-10T12:45:07.339337+00:00
2024-07,3904100000,AE,아랍에미리트 연합,2491200,2192358,0,0,2192358,korea_customs_service,https://apis.data.go.kr/1220000/nitemtrade/getNitemtradeList,2026-08-10T12:45:07.339337+00:00
2024-08,3904100000,AE,아랍에미리트 연합,1326400,1260119,0,0,1260119,korea_customs_service,https://apis.data.go.kr/1220000/nitemtrade/getNitemtradeList,2026-08-10T12:45:07.339337+00:00
2024-09,3904100000,AE,아랍에미리트 연합,1366275,1138947,0,0,1138947,korea_customs_service,https://apis.data.go.kr/1220000/nitemtrade/getNitemtradeList,2026-08-10T12:45:07.339337+00:00
2024-10,3904100000,AE,아랍에미리트 연합,1314000,984270,0,0,984270,korea_customs_service,https://apis.data.go.kr/1220000/nitemtrade/getNitemtradeList,2026-08-10T12:45:07.339337+00:00
2024-11,3904100000,AE,아랍에미리트 연합,144000,111264,0,0,111264,korea_customs_service,https://apis.data.go.kr/1220000/nitemtrade/getNitemtradeList,2026-08-10T12:45:07.339337+00:00
2024-12,3904100000,AE,아랍에미리트 연합,416000,330093,0,0,330093,korea_customs_service,https://apis.data.go.kr/1220000/nitemtrade/getNitemtradeList,2026-08-10T12:45:07.339337+00:00
2025-01,3904100000,AE,아랍에미리트 연합,169600,247937,0,0,247937,korea_customs_service,https://apis.data.go.kr/1220000/nitemtrade/getNitemtradeList,2026-08-10T12:45:07.740674+00:00
2025-02,3904100000,AE,아랍에미리트 연합,1274000,855882,0,0,855882,korea_customs_service,https://apis.data.go.kr/1220000/nitemtrade/getNitemtradeList,2026-08-10T12:45:07.740674+00:00
2025-03,3904100000,AE,아랍에미리트 연합,809600,557911,0,0,557911,korea_customs_service,https://apis.data.go.kr/1220000/nitemtrade/getNitemtradeList,2026-08-10T12:45:07.740674+00:00
2025-04,3904100000,AE,아랍에미리트 연합,323200,262235,0,0,262235,korea_customs_service,https://apis.data.go.kr/1220000/nitemtrade/getNitemtradeList,2026-08-10T12:45:07.740674+00:00
2025-05,3904100000,AE,아랍에미리트 연합,102400,68279,0,0,68279,korea_customs_service,https://apis.data.go.kr/1220000/nitemtrade/getNitemtradeList,2026-08-10T12:45:07.740674+00:00
2025-06,3904100000,AE,아랍에미리트 연합,57600,69120,0,0,69120,korea_customs_service,https://apis.data.go.kr/1220000/nitemtrade/getNitemtradeList,2026-08-10T12:45:07.740674+00:00
2025-07,3904100000,AE,아랍에미리트 연합,99200,68655,0,0,68655,korea_customs_service,https://apis.data.go.kr/1220000/nitemtrade/getNitemtradeList,2026-08-10T12:45:07.740674+00:00
2025-08,3904100000,AE,아랍에미리트 연합,24000,16270,0,0,16270,korea_customs_service,https://apis.data.go.kr/1220000/nitemtrade/getNitemtradeList,2026-08-10T12:45:07.740674+00:00
2025-09,3904100000,AE,아랍에미리트 연합,56640,70416,0,0,70416,korea_customs_service,https://apis.data.go.kr/1220000/nitemtrade/getNitemtradeList,2026-08-10T12:45:07.740674+00:00
2025-10,3904100000,AE,아랍에미리트 연합,69100,54590,0,0,54590,korea_customs_service,https://apis.data.go.kr/1220000/nitemtrade/getNitemtradeList,2026-08-10T12:45:07.740674+00:00
2025-12,3904100000,AE,아랍에미리트 연합,404800,242470,0,0,242470,korea_customs_service,https://apis.data.go.kr/1220000/nitemtrade/getNitemtradeList,2026-08-10T12:45:07.740674+00:00
2026-01,3904100000,AE,아랍에미리트 연합,418000,289801,0,0,289801,korea_customs_service,https://apis.data.go.kr/1220000/nitemtrade/getNitemtradeList,2026-08-10T12:45:08.084162+00:00
2026-02,3904100000,AE,아랍에미리트 연합,193000,301496,0,0,301496,korea_customs_service,https://apis.data.go.kr/1220000/nitemtrade/getNitemtradeList,2026-08-10T12:45:08.084162+00:00
2026-03,3904100000,AE,아랍에미리트 연합,34200,84804,0,0,84804,korea_customs_service,https://apis.data.go.kr/1220000/nitemtrade/getNitemtradeList,2026-08-10T12:45:08.084162+00:00
2026-04,3904100000,AE,아랍에미리트 연합,354048,301953,0,0,301953,korea_customs_service,https://apis.data.go.kr/1220000/nitemtrade/getNitemtradeList,2026-08-10T12:45:08.084162+00:00
2026-05,3904100000,AE,아랍에미리트 연합,456000,402048,0,0,402048,korea_customs_service,https://apis.data.go.kr/1220000/nitemtrade/getNitemtradeList,2026-08-10T12:45:08.084162+00:00
2026-06,3904100000,AE,아랍에미리트 연합,264000,266041,0,0,266041,korea_customs_service,https://apis.data.go.kr/1220000/nitemtrade/getNitemtradeList,2026-08-10T12:45:08.084162+00:00
2023-01,3904100000,BH,바레인,538000,445290,0,0,445290,korea_customs_service,https://apis.data.go.kr/1220000/nitemtrade/getNitemtradeList,2026-08-10T12:45:48.100048+00:00
2023-02,3904100000,BH,바레인,256000,215738,0,0,215738,korea_customs_service,https://apis.data.go.kr/1220000/nitemtrade/getNitemtradeList,2026-08-10T12:45:48.100048+00:00
2023-03,3904100000,BH,바레인,360000,302170,0,0,302170,korea_customs_service,https://apis.data.go.kr/1220000/nitemtrade/getNitemtradeList,2026-08-10T12:45:48.100048+00:00
2023-04,3904100000,BH,바레인,216000,177030,0,0,177030,korea_customs_service,https://apis.data.go.kr/1220000/nitemtrade/getNitemtradeList,2026-08-10T12:45:48.100048+00:00
2023-05,3904100000,BH,바레인,48000,42640,0,0,42640,korea_customs_service,https://apis.data.go.kr/1220000/nitemtrade/getNitemtradeList,2026-08-10T12:45:48.100048+00:00
2023-06,3904100000,BH,바레인,216000,154167,0,0,154167,korea_customs_service,https://apis.data.go.kr/1220000/nitemtrade/getNitemtradeList,2026-08-10T12:45:48.100048+00:00
2023-08,3904100000,BH,바레인,72000,55500,0,0,55500,korea_customs_service,https://apis.data.go.kr/1220000/nitemtrade/getNitemtradeList,2026-08-10T12:45:48.100048+00:00
2023-10,3904100000,BH,바레인,312000,233213,0,0,233213,korea_customs_service,https://apis.data.go.kr/1220000/nitemtrade/getNitemtradeList,2026-08-10T12:45:48.100048+00:00
2023-11,3904100000,BH,바레인,288000,209940,0,0,209940,korea_customs_service,https://apis.data.go.kr/1220000/nitemtrade/getNitemtradeList,2026-08-10T12:45:48.100048+00:00
2024-01,3904100000,BH,바레인,439500,315359,0,0,315359,korea_customs_service,https://apis.data.go.kr/1220000/nitemtrade/getNitemtradeList,2026-08-10T12:45:48.479350+00:00
2024-02,3904100000,BH,바레인,72000,53760,0,0,53760,korea_customs_service,https://apis.data.go.kr/1220000/nitemtrade/getNitemtradeList,2026-08-10T12:45:48.479350+00:00
2024-03,3904100000,BH,바레인,456000,352065,0,0,352065,korea_customs_service,https://apis.data.go.kr/1220000/nitemtrade/getNitemtradeList,2026-08-10T12:45:48.479350+00:00
2024-06,3904100000,BH,바레인,168000,118908,0,0,118908,korea_customs_service,https://apis.data.go.kr/1220000/nitemtrade/getNitemtradeList,2026-08-10T12:45:48.479350+00:00
2024-08,3904100000,BH,바레인,432000,318450,0,0,318450,korea_customs_service,https://apis.data.go.kr/1220000/nitemtrade/getNitemtradeList,2026-08-10T12:45:48.479350+00:00
2024-11,3904100000,BH,바레인,66000,49181,0,0,49181,korea_customs_service,https://apis.data.go.kr/1220000/nitemtrade/getNitemtradeList,2026-08-10T12:45:48.479350+00:00
2024-12,3904100000,BH,바레인,264000,205647,0,0,205647,korea_customs_service,https://apis.data.go.kr/1220000/nitemtrade/getNitemtradeList,2026-08-10T12:45:48.479350+00:00
2025-01,3904100000,BH,바레인,44000,33563,0,0,33563,korea_customs_service,https://apis.data.go.kr/1220000/nitemtrade/getNitemtradeList,2026-08-10T12:45:48.889070+00:00
2025-03,3904100000,BH,바레인,44000,32683,0,0,32683,korea_customs_service,https://apis.data.go.kr/1220000/nitemtrade/getNitemtradeList,2026-08-10T12:45:48.889070+00:00
2025-06,3904100000,BH,바레인,208550,139820,0,0,139820,korea_customs_service,https://apis.data.go.kr/1220000/nitemtrade/getNitemtradeList,2026-08-10T12:45:48.889070+00:00
2025-08,3904100000,BH,바레인,44000,31366,0,0,31366,korea_customs_service,https://apis.data.go.kr/1220000/nitemtrade/getNitemtradeList,2026-08-10T12:45:48.889070+00:00
2025-12,3904100000,BH,바레인,552750,357481,0,0,357481,korea_customs_service,https://apis.data.go.kr/1220000/nitemtrade/getNitemtradeList,2026-08-10T12:45:48.889070+00:00
2026-01,3904100000,BH,바레인,523200,292920,0,0,292920,korea_customs_service,https://apis.data.go.kr/1220000/nitemtrade/getNitemtradeList,2026-08-10T12:45:49.201564+00:00
2018-01,3904100000,CN,중국,3299810,3566154,3090432,2629747,936407,korea_customs_service,https://apis.data.go.kr/1220000/nitemtrade/getNitemtradeList,2026-08-10T15:33:05.163249+00:00
2018-02,3904100000,CN,중국,2889120,3164760,2206450,1945340,1219420,korea_customs_service,https://apis.data.go.kr/1220000/nitemtrade/getNitemtradeList,2026-08-10T15:33:05.163249+00:00
2018-03,3904100000,CN,중국,1914223,2286119,2897401,2705751,-419632,korea_customs_service,https://apis.data.go.kr/1220000/nitemtrade/getNitemtradeList,2026-08-10T15:33:05.163249+00:00
2018-04,3904100000,CN,중국,2191450,2696647,2528953,2397825,298822,korea_customs_service,https://apis.data.go.kr/1220000/nitemtrade/getNitemtradeList,2026-08-10T15:33:05.163249+00:00
2018-05,3904100000,CN,중국,2575881,3122709,1932946,1784669,1338040,korea_customs_service,https://apis.data.go.kr/1220000/nitemtrade/getNitemtradeList,2026-08-10T15:33:05.163249+00:00
2018-06,3904100000,CN,중국,2005351,2419010,1518021,1393051,1025959,korea_customs_service,https://apis.data.go.kr/1220000/nitemtrade/getNitemtradeList,2026-08-10T15:33:05.163249+00:00
2018-07,3904100000,CN,중국,1319600,1636383,491604,467058,1169325,korea_customs_service,https://apis.data.go.kr/1220000/nitemtrade/getNitemtradeList,2026-08-10T15:33:05.163249+00:00
2018-08,3904100000,CN,중국,1927100,2314628,766861,720329,1594299,korea_customs_service,https://apis.data.go.kr/1220000/nitemtrade/getNitemtradeList,2026-08-10T15:33:05.163249+00:00
2018-09,3904100000,CN,중국,1305049,1552048,949493,894316,657732,korea_customs_service,https://apis.data.go.kr/1220000/nitemtrade/getNitemtradeList,2026-08-10T15:33:05.163249+00:00
2018-10,3904100000,CN,중국,1730235,2026645,500999,458687,1567958,korea_customs_service,https://apis.data.go.kr/1220000/nitemtrade/getNitemtradeList,2026-08-10T15:33:05.163249+00:00
2018-11,3904100000,CN,중국,1356121,1590769,940347,813666,777103,korea_customs_service,https://apis.data.go.kr/1220000/nitemtrade/getNitemtradeList,2026-08-10T15:33:05.163249+00:00
2018-12,3904100000,CN,중국,1567384,1751521,1316608,1115594,635927,korea_customs_service,https://apis.data.go.kr/1220000/nitemtrade/getNitemtradeList,2026-08-10T15:33:05.163249+00:00
2019-01,3904100000,CN,중국,1281754,1284520,1663110,1441879,-157359,korea_customs_service,https://apis.data.go.kr/1220000/nitemtrade/getNitemtradeList,2026-08-10T15:33:05.528601+00:00
2019-02,3904100000,CN,중국,845750,921556,1162400,1016138,-94582,korea_customs_service,https://apis.data.go.kr/1220000/nitemtrade/getNitemtradeList,2026-08-10T15:33:05.528601+00:00
2019-03,3904100000,CN,중국,499825,599358,1005356,873065,-273707,korea_customs_service,https://apis.data.go.kr/1220000/nitemtrade/getNitemtradeList,2026-08-10T15:33:05.528601+00:00
2019-04,3904100000,CN,중국,1237900,1408206,1392405,1207418,200788,korea_customs_service,https://apis.data.go.kr/1220000/nitemtrade/getNitemtradeList,2026-08-10T15:33:05.528601+00:00
2019-05,3904100000,CN,중국,645626,785531,1127188,1116013,-330482,korea_customs_service,https://apis.data.go.kr/1220000/nitemtrade/getNitemtradeList,2026-08-10T15:33:05.528601+00:00
2019-06,3904100000,CN,중국,283793,374520,1516476,1389230,-1014710,korea_customs_service,https://apis.data.go.kr/1220000/nitemtrade/getNitemtradeList,2026-08-10T15:33:05.528601+00:00
2019-07,3904100000,CN,중국,292820,392040,1691383,1622314,-1230274,korea_customs_service,https://apis.data.go.kr/1220000/nitemtrade/getNitemtradeList,2026-08-10T15:33:05.528601+00:00
2019-08,3904100000,CN,중국,400377,486963,1539673,1506960,-1019997,korea_customs_service,https://apis.data.go.kr/1220000/nitemtrade/getNitemtradeList,2026-08-10T15:33:05.528601+00:00
2019-09,3904100000,CN,중국,371792,486849,535590,511181,-24332,korea_customs_service,https://apis.data.go.kr/1220000/nitemtrade/getNitemtradeList,2026-08-10T15:33:05.528601+00:00
2019-10,3904100000,CN,중국,1055187,1043390,466576,463717,579673,korea_customs_service,https://apis.data.go.kr/1220000/nitemtrade/getNitemtradeList,2026-08-10T15:33:05.528601+00:00
2019-11,3904100000,CN,중국,593743,666545,1011923,938406,-271861,korea_customs_service,https://apis.data.go.kr/1220000/nitemtrade/getNitemtradeList,2026-08-10T15:33:05.528601+00:00
2019-12,3904100000,CN,중국,1852875,1697389,1365907,1234640,462749,korea_customs_service,https://apis.data.go.kr/1220000/nitemtrade/getNitemtradeList,2026-08-10T15:33:05.528601+00:00
2020-01,3904100000,CN,중국,1238675,1129506,244858,224311,905195,korea_customs_service,https://apis.data.go.kr/1220000/nitemtrade/getNitemtradeList,2026-08-10T15:33:05.935110+00:00
2020-02,3904100000,CN,중국,449500,446450,1321584,1210712,-764262,korea_customs_service,https://apis.data.go.kr/1220000/nitemtrade/getNitemtradeList,2026-08-10T15:33:05.935110+00:00
2020-03,3904100000,CN,중국,910094,860274,3454881,3155881,-2295607,korea_customs_service,https://apis.data.go.kr/1220000/nitemtrade/getNitemtradeList,2026-08-10T15:33:05.935110+00:00
2020-04,3904100000,CN,중국,16361800,9680935,1182919,1117741,8563194,korea_customs_service,https://apis.data.go.kr/1220000/nitemtrade/getNitemtradeList,2026-08-10T15:33:05.935110+00:00
2020-05,3904100000,CN,중국,23924990,14658629,2621694,1983673,12674956,korea_customs_service,https://apis.data.go.kr/1220000/nitemtrade/getNitemtradeList,2026-08-10T15:33:05.935110+00:00
2020-06,3904100000,CN,중국,12101970,8697341,622425,508851,8188490,korea_customs_service,https://apis.data.go.kr/1220000/nitemtrade/getNitemtradeList,2026-08-10T15:33:05.935110+00:00
2020-07,3904100000,CN,중국,8273050,6606017,364748,351716,6254301,korea_customs_service,https://apis.data.go.kr/1220000/nitemtrade/getNitemtradeList,2026-08-10T15:33:05.935110+00:00
2020-08,3904100000,CN,중국,6408318,6428094,14606,28540,6399554,korea_customs_service,https://apis.data.go.kr/1220000/nitemtrade/getNitemtradeList,2026-08-10T15:33:05.935110+00:00
2020-09,3904100000,CN,중국,2214025,3642486,154706,83098,3559388,korea_customs_service,https://apis.data.go.kr/1220000/nitemtrade/getNitemtradeList,2026-08-10T15:33:05.935110+00:00
2020-10,3904100000,CN,중국,1417125,2376548,66143,68578,2307970,korea_customs_service,https://apis.data.go.kr/1220000/nitemtrade/getNitemtradeList,2026-08-10T15:33:05.935110+00:00
2020-11,3904100000,CN,중국,1237755,2063192,41384,61299,2001893,korea_customs_service,https://apis.data.go.kr/1220000/nitemtrade/getNitemtradeList,2026-08-10T15:33:05.935110+00:00
2020-12,3904100000,CN,중국,206000,290812,75151,89382,201430,korea_customs_service,https://apis.data.go.kr/1220000/nitemtrade/getNitemtradeList,2026-08-10T15:33:05.935110+00:00
2021-01,3904100000,CN,중국,1009990,2788689,25593,44008,2744681,korea_customs_service,https://apis.data.go.kr/1220000/nitemtrade/getNitemtradeList,2026-08-10T15:33:06.326930+00:00
2021-02,3904100000,CN,중국,478525,662793,291530,387250,275543,korea_customs_service,https://apis.data.go.kr/1220000/nitemtrade/getNitemtradeList,2026-08-10T15:33:06.326930+00:00
2021-03,3904100000,CN,중국,1037225,2390660,680854,924882,1465778,korea_customs_service,https://apis.data.go.kr/1220000/nitemtrade/getNitemtradeList,2026-08-10T15:33:06.326930+00:00
2021-04,3904100000,CN,중국,190400,371420,242269,519265,-147845,korea_customs_service,https://apis.data.go.kr/1220000/nitemtrade/getNitemtradeList,2026-08-10T15:33:06.326930+00:00
2021-05,3904100000,CN,중국,131850,233214,1018203,1965969,-1732755,korea_customs_service,https://apis.data.go.kr/1220000/nitemtrade/getNitemtradeList,2026-08-10T15:33:06.326930+00:00
2021-06,3904100000,CN,중국,110275,172889,2653400,4173232,-4000343,korea_customs_service,https://apis.data.go.kr/1220000/nitemtrade/getNitemtradeList,2026-08-10T15:33:06.326930+00:00
2021-07,3904100000,CN,중국,199990,358595,759682,1227273,-868678,korea_customs_service,https://apis.data.go.kr/1220000/nitemtrade/getNitemtradeList,2026-08-10T15:33:06.326930+00:00
2021-08,3904100000,CN,중국,553875,742415,603160,901363,-158948,korea_customs_service,https://apis.data.go.kr/1220000/nitemtrade/getNitemtradeList,2026-08-10T15:33:06.326930+00:00
2021-09,3904100000,CN,중국,483650,754432,549064,854487,-100055,korea_customs_service,https://apis.data.go.kr/1220000/nitemtrade/getNitemtradeList,2026-08-10T15:33:06.326930+00:00
2021-10,3904100000,CN,중국,650475,1106972,248099,369381,737591,korea_customs_service,https://apis.data.go.kr/1220000/nitemtrade/getNitemtradeList,2026-08-10T15:33:06.326930+00:00
2021-11,3904100000,CN,중국,461300,991212,282095,483180,508032,korea_customs_service,https://apis.data.go.kr/1220000/nitemtrade/getNitemtradeList,2026-08-10T15:33:06.326930+00:00
2021-12,3904100000,CN,중국,374035,663557,749966,1189483,-525926,korea_customs_service,https://apis.data.go.kr/1220000/nitemtrade/getNitemtradeList,2026-08-10T15:33:06.326930+00:00
2022-01,3904100000,CN,중국,838375,1154460,1202139,1881459,-726999,korea_customs_service,https://apis.data.go.kr/1220000/nitemtrade/getNitemtradeList,2026-08-10T15:33:06.726674+00:00
2022-02,3904100000,CN,중국,1167550,1599068,404171,613527,985541,korea_customs_service,https://apis.data.go.kr/1220000/nitemtrade/getNitemtradeList,2026-08-10T15:33:06.726674+00:00
2022-03,3904100000,CN,중국,398600,603325,1301698,1928594,-1325269,korea_customs_service,https://apis.data.go.kr/1220000/nitemtrade/getNitemtradeList,2026-08-10T15:33:06.726674+00:00
2022-04,3904100000,CN,중국,793225,1244299,453438,725042,519257,korea_customs_service,https://apis.data.go.kr/1220000/nitemtrade/getNitemtradeList,2026-08-10T15:33:06.726674+00:00
2022-05,3904100000,CN,중국,518422,819249,303591,483727,335522,korea_customs_service,https://apis.data.go.kr/1220000/nitemtrade/getNitemtradeList,2026-08-10T15:33:06.726674+00:00
2022-06,3904100000,CN,중국,465900,646258,1053225,1431652,-785394,korea_customs_service,https://apis.data.go.kr/1220000/nitemtrade/getNitemtradeList,2026-08-10T15:33:06.726674+00:00
2022-07,3904100000,CN,중국,1110600,1216303,2564885,3225686,-2009383,korea_customs_service,https://apis.data.go.kr/1220000/nitemtrade/getNitemtradeList,2026-08-10T15:33:06.726674+00:00
2022-08,3904100000,CN,중국,7559125,6507186,3880890,4043534,2463652,korea_customs_service,https://apis.data.go.kr/1220000/nitemtrade/getNitemtradeList,2026-08-10T15:33:06.726674+00:00
2022-09,3904100000,CN,중국,2456000,2229814,226174,218760,2011054,korea_customs_service,https://apis.data.go.kr/1220000/nitemtrade/getNitemtradeList,2026-08-10T15:33:06.726674+00:00
2022-10,3904100000,CN,중국,213175,249098,122495,122497,126601,korea_customs_service,https://apis.data.go.kr/1220000/nitemtrade/getNitemtradeList,2026-08-10T15:33:06.726674+00:00
2022-11,3904100000,CN,중국,3002600,2488457,300849,267893,2220564,korea_customs_service,https://apis.data.go.kr/1220000/nitemtrade/getNitemtradeList,2026-08-10T15:33:06.726674+00:00
2022-12,3904100000,CN,중국,3151700,2175028,559119,537667,1637361,korea_customs_service,https://apis.data.go.kr/1220000/nitemtrade/getNitemtradeList,2026-08-10T15:33:06.726674+00:00
2023-01,3904100000,CN,중국,477079,531448,208761,197258,334190,korea_customs_service,https://apis.data.go.kr/1220000/nitemtrade/getNitemtradeList,2026-08-10T15:33:07.087407+00:00
2023-02,3904100000,CN,중국,240425,273590,765676,751110,-477520,korea_customs_service,https://apis.data.go.kr/1220000/nitemtrade/getNitemtradeList,2026-08-10T15:33:07.087407+00:00
2023-03,3904100000,CN,중국,642575,683203,1380173,1326372,-643169,korea_customs_service,https://apis.data.go.kr/1220000/nitemtrade/getNitemtradeList,2026-08-10T15:33:07.087407+00:00
2023-04,3904100000,CN,중국,1320601,1288660,507241,497751,790909,korea_customs_service,https://apis.data.go.kr/1220000/nitemtrade/getNitemtradeList,2026-08-10T15:33:07.087407+00:00
2023-05,3904100000,CN,중국,1188075,1088989,963952,908096,180893,korea_customs_service,https://apis.data.go.kr/1220000/nitemtrade/getNitemtradeList,2026-08-10T15:33:07.087407+00:00
2023-06,3904100000,CN,중국,1257300,1098683,569579,480938,617745,korea_customs_service,https://apis.data.go.kr/1220000/nitemtrade/getNitemtradeList,2026-08-10T15:33:07.087407+00:00
2023-07,3904100000,CN,중국,998430,889333,501077,427985,461348,korea_customs_service,https://apis.data.go.kr/1220000/nitemtrade/getNitemtradeList,2026-08-10T15:33:07.087407+00:00
2023-08,3904100000,CN,중국,684606,638020,1391298,1133685,-495665,korea_customs_service,https://apis.data.go.kr/1220000/nitemtrade/getNitemtradeList,2026-08-10T15:33:07.087407+00:00
2023-09,3904100000,CN,중국,1022556,1021639,819556,706678,314961,korea_customs_service,https://apis.data.go.kr/1220000/nitemtrade/getNitemtradeList,2026-08-10T15:33:07.087407+00:00
2023-10,3904100000,CN,중국,2516050,2338492,1556756,1264276,1074216,korea_customs_service,https://apis.data.go.kr/1220000/nitemtrade/getNitemtradeList,2026-08-10T15:33:07.087407+00:00
2023-11,3904100000,CN,중국,2278398,2021658,1216884,1058457,963201,korea_customs_service,https://apis.data.go.kr/1220000/nitemtrade/getNitemtradeList,2026-08-10T15:33:07.087407+00:00
2023-12,3904100000,CN,중국,2047590,1785533,816788,698336,1087197,korea_customs_service,https://apis.data.go.kr/1220000/nitemtrade/getNitemtradeList,2026-08-10T15:33:07.087407+00:00
2024-01,3904100000,CN,중국,1864613,1725617,1477451,1179361,546256,korea_customs_service,https://apis.data.go.kr/1220000/nitemtrade/getNitemtradeList,2026-08-10T15:33:09.511924+00:00
2024-02,3904100000,CN,중국,798250,819962,690629,524428,295534,korea_customs_service,https://apis.data.go.kr/1220000/nitemtrade/getNitemtradeList,2026-08-10T15:33:09.511924+00:00
2024-03,3904100000,CN,중국,1087328,1094798,1426238,1215016,-120218,korea_customs_service,https://apis.data.go.kr/1220000/nitemtrade/getNitemtradeList,2026-08-10T15:33:09.511924+00:00
2024-04,3904100000,CN,중국,711265,704752,2078210,1685386,-980634,korea_customs_service,https://apis.data.go.kr/1220000/nitemtrade/getNitemtradeList,2026-08-10T15:33:09.511924+00:00
2024-05,3904100000,CN,중국,586900,565785,1314895,1061419,-495634,korea_customs_service,https://apis.data.go.kr/1220000/nitemtrade/getNitemtradeList,2026-08-10T15:33:09.511924+00:00
2024-06,3904100000,CN,중국,573417,618078,1204312,1039346,-421268,korea_customs_service,https://apis.data.go.kr/1220000/nitemtrade/getNitemtradeList,2026-08-10T15:33:09.511924+00:00
2024-07,3904100000,CN,중국,1709300,1625272,861023,739157,886115,korea_customs_service,https://apis.data.go.kr/1220000/nitemtrade/getNitemtradeList,2026-08-10T15:33:09.511924+00:00
2024-08,3904100000,CN,중국,1047293,975955,993546,798402,177553,korea_customs_service,https://apis.data.go.kr/1220000/nitemtrade/getNitemtradeList,2026-08-10T15:33:09.511924+00:00
2024-09,3904100000,CN,중국,1856925,1670150,1147739,880788,789362,korea_customs_service,https://apis.data.go.kr/1220000/nitemtrade/getNitemtradeList,2026-08-10T15:33:09.511924+00:00
2024-10,3904100000,CN,중국,1822900,1686226,1066559,849491,836735,korea_customs_service,https://apis.data.go.kr/1220000/nitemtrade/getNitemtradeList,2026-08-10T15:33:09.511924+00:00
2024-11,3904100000,CN,중국,864900,733699,772450,612764,120935,korea_customs_service,https://apis.data.go.kr/1220000/nitemtrade/getNitemtradeList,2026-08-10T15:33:09.511924+00:00
2024-12,3904100000,CN,중국,1662000,1506681,1312202,1012768,493913,korea_customs_service,https://apis.data.go.kr/1220000/nitemtrade/getNitemtradeList,2026-08-10T15:33:09.511924+00:00
2025-01,3904100000,CN,중국,1205600,1096023,1311852,923110,172913,korea_customs_service,https://apis.data.go.kr/1220000/nitemtrade/getNitemtradeList,2026-08-10T15:33:09.911517+00:00
2025-02,3904100000,CN,중국,727609,665577,1093008,734765,-69188,korea_customs_service,https://apis.data.go.kr/1220000/nitemtrade/getNitemtradeList,2026-08-10T15:33:09.911517+00:00
2025-03,3904100000,CN,중국,1556657,1312777,2461876,1852209,-539432,korea_customs_service,https://apis.data.go.kr/1220000/nitemtrade/getNitemtradeList,2026-08-10T15:33:09.911517+00:00
2025-04,3904100000,CN,중국,220150,276964,1370270,1041647,-764683,korea_customs_service,https://apis.data.go.kr/1220000/nitemtrade/getNitemtradeList,2026-08-10T15:33:09.911517+00:00
2025-05,3904100000,CN,중국,1843598,1470290,2432205,1804339,-334049,korea_customs_service,https://apis.data.go.kr/1220000/nitemtrade/getNitemtradeList,2026-08-10T15:33:09.911517+00:00
2025-06,3904100000,CN,중국,1429394,1122286,6959982,4738462,-3616176,korea_customs_service,https://apis.data.go.kr/1220000/nitemtrade/getNitemtradeList,2026-08-10T15:33:09.911517+00:00
2025-07,3904100000,CN,중국,994039,801076,4952580,3401320,-2600244,korea_customs_service,https://apis.data.go.kr/1220000/nitemtrade/getNitemtradeList,2026-08-10T15:33:09.911517+00:00
2025-08,3904100000,CN,중국,1608012,1401750,2645762,1857784,-456034,korea_customs_service,https://apis.data.go.kr/1220000/nitemtrade/getNitemtradeList,2026-08-10T15:33:09.911517+00:00
2025-09,3904100000,CN,중국,1259400,1029290,3366484,2339075,-1309785,korea_customs_service,https://apis.data.go.kr/1220000/nitemtrade/getNitemtradeList,2026-08-10T15:33:09.911517+00:00
2025-10,3904100000,CN,중국,1370450,1140387,3131629,2140728,-1000341,korea_customs_service,https://apis.data.go.kr/1220000/nitemtrade/getNitemtradeList,2026-08-10T15:33:09.911517+00:00
2025-11,3904100000,CN,중국,1343795,1170421,4092129,2985667,-1815246,korea_customs_service,https://apis.data.go.kr/1220000/nitemtrade/getNitemtradeList,2026-08-10T15:33:09.911517+00:00
2025-12,3904100000,CN,중국,1369114,1068844,4248749,2971947,-1903103,korea_customs_service,https://apis.data.go.kr/1220000/nitemtrade/getNitemtradeList,2026-08-10T15:33:09.911517+00:00
2026-01,3904100000,CN,중국,1711993,1447377,4418234,2891442,-1444065,korea_customs_service,https://apis.data.go.kr/1220000/nitemtrade/getNitemtradeList,2026-08-10T15:33:10.250644+00:00
2026-02,3904100000,CN,중국,1766167,1442635,4593389,2979414,-1536779,korea_customs_service,https://apis.data.go.kr/1220000/nitemtrade/getNitemtradeList,2026-08-10T15:33:10.250644+00:00
2026-03,3904100000,CN,중국,959645,949007,9890226,6729645,-5780638,korea_customs_service,https://apis.data.go.kr/1220000/nitemtrade/getNitemtradeList,2026-08-10T15:33:10.250644+00:00
2026-04,3904100000,CN,중국,391329,583462,3846638,3570960,-2987498,korea_customs_service,https://apis.data.go.kr/1220000/nitemtrade/getNitemtradeList,2026-08-10T15:33:10.250644+00:00
2026-05,3904100000,CN,중국,947535,979293,7871245,7547110,-6567817,korea_customs_service,https://apis.data.go.kr/1220000/nitemtrade/getNitemtradeList,2026-08-10T15:33:10.250644+00:00
2026-06,3904100000,CN,중국,871726,832277,5736205,5275084,-4442807,korea_customs_service,https://apis.data.go.kr/1220000/nitemtrade/getNitemtradeList,2026-08-10T15:33:10.250644+00:00
2023-03,3904100000,KW,쿠웨이트,1605600,1532666,0,0,1532666,korea_customs_service,https://apis.data.go.kr/1220000/nitemtrade/getNitemtradeList,2026-08-10T12:46:31.421405+00:00
2023-04,3904100000,KW,쿠웨이트,1512000,1242885,0,0,1242885,korea_customs_service,https://apis.data.go.kr/1220000/nitemtrade/getNitemtradeList,2026-08-10T12:46:31.421405+00:00
2023-07,3904100000,KW,쿠웨이트,93600,70778,0,0,70778,korea_customs_service,https://apis.data.go.kr/1220000/nitemtrade/getNitemtradeList,2026-08-10T12:46:31.421405+00:00
2023-10,3904100000,KW,쿠웨이트,1008000,788718,0,0,788718,korea_customs_service,https://apis.data.go.kr/1220000/nitemtrade/getNitemtradeList,2026-08-10T12:46:31.421405+00:00
2023-12,3904100000,KW,쿠웨이트,224000,166406,0,0,166406,korea_customs_service,https://apis.data.go.kr/1220000/nitemtrade/getNitemtradeList,2026-08-10T12:46:31.421405+00:00
2024-02,3904100000,KW,쿠웨이트,208000,159580,0,0,159580,korea_customs_service,https://apis.data.go.kr/1220000/nitemtrade/getNitemtradeList,2026-08-10T12:46:31.866950+00:00
2024-03,3904100000,KW,쿠웨이트,208000,159580,0,0,159580,korea_customs_service,https://apis.data.go.kr/1220000/nitemtrade/getNitemtradeList,2026-08-10T12:46:31.866950+00:00
2024-05,3904100000,KW,쿠웨이트,504000,388889,0,0,388889,korea_customs_service,https://apis.data.go.kr/1220000/nitemtrade/getNitemtradeList,2026-08-10T12:46:31.866950+00:00
2025-02,3904100000,KW,쿠웨이트,1512000,1045155,0,0,1045155,korea_customs_service,https://apis.data.go.kr/1220000/nitemtrade/getNitemtradeList,2026-08-10T12:46:32.245686+00:00
2024-10,3904100000,OM,오만,405000,303750,0,0,303750,korea_customs_service,https://apis.data.go.kr/1220000/nitemtrade/getNitemtradeList,2026-08-10T12:47:15.039662+00:00
2025-03,3904100000,OM,오만,26440,10161,0,0,10161,korea_customs_service,https://apis.data.go.kr/1220000/nitemtrade/getNitemtradeList,2026-08-10T12:47:15.410929+00:00
2026-01,3904100000,OM,오만,409500,280458,0,0,280458,korea_customs_service,https://apis.data.go.kr/1220000/nitemtrade/getNitemtradeList,2026-08-10T12:47:15.741569+00:00
2026-05,3904100000,OM,오만,358400,388864,0,0,388864,korea_customs_service,https://apis.data.go.kr/1220000/nitemtrade/getNitemtradeList,2026-08-10T12:47:15.741569+00:00
2026-06,3904100000,OM,오만,1110000,980480,0,0,980480,korea_customs_service,https://apis.data.go.kr/1220000/nitemtrade/getNitemtradeList,2026-08-10T12:47:15.741569+00:00
2023-02,3904100000,QA,카타르,304000,257901,0,0,257901,korea_customs_service,https://apis.data.go.kr/1220000/nitemtrade/getNitemtradeList,2026-08-10T12:47:57.927686+00:00
2023-03,3904100000,QA,카타르,168000,144760,0,0,144760,korea_customs_service,https://apis.data.go.kr/1220000/nitemtrade/getNitemtradeList,2026-08-10T12:47:57.927686+00:00
2023-10,3904100000,QA,카타르,464000,341470,0,0,341470,korea_customs_service,https://apis.data.go.kr/1220000/nitemtrade/getNitemtradeList,2026-08-10T12:47:57.927686+00:00
2023-11,3904100000,QA,카타르,400000,277034,0,0,277034,korea_customs_service,https://apis.data.go.kr/1220000/nitemtrade/getNitemtradeList,2026-08-10T12:47:57.927686+00:00
2023-12,3904100000,QA,카타르,424000,313095,0,0,313095,korea_customs_service,https://apis.data.go.kr/1220000/nitemtrade/getNitemtradeList,2026-08-10T12:47:57.927686+00:00
2024-01,3904100000,QA,카타르,216000,163256,0,0,163256,korea_customs_service,https://apis.data.go.kr/1220000/nitemtrade/getNitemtradeList,2026-08-10T12:47:58.322697+00:00
2024-02,3904100000,QA,카타르,208000,158809,0,0,158809,korea_customs_service,https://apis.data.go.kr/1220000/nitemtrade/getNitemtradeList,2026-08-10T12:47:58.322697+00:00
2024-03,3904100000,QA,카타르,224000,170240,0,0,170240,korea_customs_service,https://apis.data.go.kr/1220000/nitemtrade/getNitemtradeList,2026-08-10T12:47:58.322697+00:00
2024-05,3904100000,QA,카타르,304000,229067,0,0,229067,korea_customs_service,https://apis.data.go.kr/1220000/nitemtrade/getNitemtradeList,2026-08-10T12:47:58.322697+00:00
2024-06,3904100000,QA,카타르,216000,159702,0,0,159702,korea_customs_service,https://apis.data.go.kr/1220000/nitemtrade/getNitemtradeList,2026-08-10T12:47:58.322697+00:00
2024-07,3904100000,QA,카타르,176000,133760,0,0,133760,korea_customs_service,https://apis.data.go.kr/1220000/nitemtrade/getNitemtradeList,2026-08-10T12:47:58.322697+00:00
2024-08,3904100000,QA,카타르,368000,262356,0,0,262356,korea_customs_service,https://apis.data.go.kr/1220000/nitemtrade/getNitemtradeList,2026-08-10T12:47:58.322697+00:00
2024-10,3904100000,QA,카타르,320000,225600,0,0,225600,korea_customs_service,https://apis.data.go.kr/1220000/nitemtrade/getNitemtradeList,2026-08-10T12:47:58.322697+00:00
2025-03,3904100000,QA,카타르,120000,80450,0,0,80450,korea_customs_service,https://apis.data.go.kr/1220000/nitemtrade/getNitemtradeList,2026-08-10T12:47:58.722183+00:00
2025-04,3904100000,QA,카타르,24000,17060,0,0,17060,korea_customs_service,https://apis.data.go.kr/1220000/nitemtrade/getNitemtradeList,2026-08-10T12:47:58.722183+00:00
2025-06,3904100000,QA,카타르,72000,50610,0,0,50610,korea_customs_service,https://apis.data.go.kr/1220000/nitemtrade/getNitemtradeList,2026-08-10T12:47:58.722183+00:00
2023-01,3909500000,AE,아랍에미리트 연합,10168,63363,0,0,63363,korea_customs_service,https://apis.data.go.kr/1220000/nitemtrade/getNitemtradeList,2026-08-10T12:45:08.307222+00:00
2023-02,3909500000,AE,아랍에미리트 연합,34800,173604,0,0,173604,korea_customs_service,https://apis.data.go.kr/1220000/nitemtrade/getNitemtradeList,2026-08-10T12:45:08.307222+00:00
2023-03,3909500000,AE,아랍에미리트 연합,32858,157903,0,0,157903,korea_customs_service,https://apis.data.go.kr/1220000/nitemtrade/getNitemtradeList,2026-08-10T12:45:08.307222+00:00
2023-04,3909500000,AE,아랍에미리트 연합,52000,185485,0,0,185485,korea_customs_service,https://apis.data.go.kr/1220000/nitemtrade/getNitemtradeList,2026-08-10T12:45:08.307222+00:00
2023-05,3909500000,AE,아랍에미리트 연합,32726,140583,0,0,140583,korea_customs_service,https://apis.data.go.kr/1220000/nitemtrade/getNitemtradeList,2026-08-10T12:45:08.307222+00:00
2023-06,3909500000,AE,아랍에미리트 연합,67493,267082,0,0,267082,korea_customs_service,https://apis.data.go.kr/1220000/nitemtrade/getNitemtradeList,2026-08-10T12:45:08.307222+00:00
2023-07,3909500000,AE,아랍에미리트 연합,79958,309148,0,0,309148,korea_customs_service,https://apis.data.go.kr/1220000/nitemtrade/getNitemtradeList,2026-08-10T12:45:08.307222+00:00
2023-08,3909500000,AE,아랍에미리트 연합,45120,165603,0,0,165603,korea_customs_service,https://apis.data.go.kr/1220000/nitemtrade/getNitemtradeList,2026-08-10T12:45:08.307222+00:00
2023-09,3909500000,AE,아랍에미리트 연합,46358,129555,0,0,129555,korea_customs_service,https://apis.data.go.kr/1220000/nitemtrade/getNitemtradeList,2026-08-10T12:45:08.307222+00:00
2023-10,3909500000,AE,아랍에미리트 연합,34757,143042,0,0,143042,korea_customs_service,https://apis.data.go.kr/1220000/nitemtrade/getNitemtradeList,2026-08-10T12:45:08.307222+00:00
2023-11,3909500000,AE,아랍에미리트 연합,58830,291035,0,0,291035,korea_customs_service,https://apis.data.go.kr/1220000/nitemtrade/getNitemtradeList,2026-08-10T12:45:08.307222+00:00
2023-12,3909500000,AE,아랍에미리트 연합,61463,200645,0,0,200645,korea_customs_service,https://apis.data.go.kr/1220000/nitemtrade/getNitemtradeList,2026-08-10T12:45:08.307222+00:00
2024-01,3909500000,AE,아랍에미리트 연합,15740,60300,0,0,60300,korea_customs_service,https://apis.data.go.kr/1220000/nitemtrade/getNitemtradeList,2026-08-10T12:45:08.694197+00:00
2024-02,3909500000,AE,아랍에미리트 연합,102736,343178,0,0,343178,korea_customs_service,https://apis.data.go.kr/1220000/nitemtrade/getNitemtradeList,2026-08-10T12:45:08.694197+00:00
2024-03,3909500000,AE,아랍에미리트 연합,58132,208493,0,0,208493,korea_customs_service,https://apis.data.go.kr/1220000/nitemtrade/getNitemtradeList,2026-08-10T12:45:08.694197+00:00
2024-04,3909500000,AE,아랍에미리트 연합,40336,138811,0,0,138811,korea_customs_service,https://apis.data.go.kr/1220000/nitemtrade/getNitemtradeList,2026-08-10T12:45:08.694197+00:00
2024-05,3909500000,AE,아랍에미리트 연합,79400,273314,0,0,273314,korea_customs_service,https://apis.data.go.kr/1220000/nitemtrade/getNitemtradeList,2026-08-10T12:45:08.694197+00:00
2024-06,3909500000,AE,아랍에미리트 연합,34302,110903,0,0,110903,korea_customs_service,https://apis.data.go.kr/1220000/nitemtrade/getNitemtradeList,2026-08-10T12:45:08.694197+00:00
2024-07,3909500000,AE,아랍에미리트 연합,26071,83195,38,128,83067,korea_customs_service,https://apis.data.go.kr/1220000/nitemtrade/getNitemtradeList,2026-08-10T12:45:08.694197+00:00
2024-08,3909500000,AE,아랍에미리트 연합,15659,53937,1,457,53480,korea_customs_service,https://apis.data.go.kr/1220000/nitemtrade/getNitemtradeList,2026-08-10T12:45:08.694197+00:00
2024-09,3909500000,AE,아랍에미리트 연합,70541,234812,0,0,234812,korea_customs_service,https://apis.data.go.kr/1220000/nitemtrade/getNitemtradeList,2026-08-10T12:45:08.694197+00:00
2024-10,3909500000,AE,아랍에미리트 연합,49600,162303,0,0,162303,korea_customs_service,https://apis.data.go.kr/1220000/nitemtrade/getNitemtradeList,2026-08-10T12:45:08.694197+00:00
2024-11,3909500000,AE,아랍에미리트 연합,55088,179644,0,0,179644,korea_customs_service,https://apis.data.go.kr/1220000/nitemtrade/getNitemtradeList,2026-08-10T12:45:08.694197+00:00
2024-12,3909500000,AE,아랍에미리트 연합,58172,389000,0,0,389000,korea_customs_service,https://apis.data.go.kr/1220000/nitemtrade/getNitemtradeList,2026-08-10T12:45:08.694197+00:00
2025-01,3909500000,AE,아랍에미리트 연합,53275,186634,0,0,186634,korea_customs_service,https://apis.data.go.kr/1220000/nitemtrade/getNitemtradeList,2026-08-10T12:45:09.103934+00:00
2025-02,3909500000,AE,아랍에미리트 연합,18022,64006,0,0,64006,korea_customs_service,https://apis.data.go.kr/1220000/nitemtrade/getNitemtradeList,2026-08-10T12:45:09.103934+00:00
2025-03,3909500000,AE,아랍에미리트 연합,74780,234287,0,0,234287,korea_customs_service,https://apis.data.go.kr/1220000/nitemtrade/getNitemtradeList,2026-08-10T12:45:09.103934+00:00
2025-04,3909500000,AE,아랍에미리트 연합,60883,206292,0,0,206292,korea_customs_service,https://apis.data.go.kr/1220000/nitemtrade/getNitemtradeList,2026-08-10T12:45:09.103934+00:00
2025-05,3909500000,AE,아랍에미리트 연합,33100,312728,0,0,312728,korea_customs_service,https://apis.data.go.kr/1220000/nitemtrade/getNitemtradeList,2026-08-10T12:45:09.103934+00:00
2025-06,3909500000,AE,아랍에미리트 연합,8930,118122,0,0,118122,korea_customs_service,https://apis.data.go.kr/1220000/nitemtrade/getNitemtradeList,2026-08-10T12:45:09.103934+00:00
2025-07,3909500000,AE,아랍에미리트 연합,27352,280538,0,0,280538,korea_customs_service,https://apis.data.go.kr/1220000/nitemtrade/getNitemtradeList,2026-08-10T12:45:09.103934+00:00
2025-08,3909500000,AE,아랍에미리트 연합,30170,116832,0,0,116832,korea_customs_service,https://apis.data.go.kr/1220000/nitemtrade/getNitemtradeList,2026-08-10T12:45:09.103934+00:00
2025-09,3909500000,AE,아랍에미리트 연합,50456,199367,0,0,199367,korea_customs_service,https://apis.data.go.kr/1220000/nitemtrade/getNitemtradeList,2026-08-10T12:45:09.103934+00:00
2025-10,3909500000,AE,아랍에미리트 연합,17609,58468,0,0,58468,korea_customs_service,https://apis.data.go.kr/1220000/nitemtrade/getNitemtradeList,2026-08-10T12:45:09.103934+00:00
2025-11,3909500000,AE,아랍에미리트 연합,17900,118334,0,0,118334,korea_customs_service,https://apis.data.go.kr/1220000/nitemtrade/getNitemtradeList,2026-08-10T12:45:09.103934+00:00
2025-12,3909500000,AE,아랍에미리트 연합,42620,181709,0,0,181709,korea_customs_service,https://apis.data.go.kr/1220000/nitemtrade/getNitemtradeList,2026-08-10T12:45:09.103934+00:00
2026-01,3909500000,AE,아랍에미리트 연합,35200,125511,0,0,125511,korea_customs_service,https://apis.data.go.kr/1220000/nitemtrade/getNitemtradeList,2026-08-10T12:45:09.438703+00:00
2026-03,3909500000,AE,아랍에미리트 연합,205,59550,0,0,59550,korea_customs_service,https://apis.data.go.kr/1220000/nitemtrade/getNitemtradeList,2026-08-10T12:45:09.438703+00:00
2026-04,3909500000,AE,아랍에미리트 연합,36,10729,0,0,10729,korea_customs_service,https://apis.data.go.kr/1220000/nitemtrade/getNitemtradeList,2026-08-10T12:45:09.438703+00:00
2026-05,3909500000,AE,아랍에미리트 연합,2000,11750,0,0,11750,korea_customs_service,https://apis.data.go.kr/1220000/nitemtrade/getNitemtradeList,2026-08-10T12:45:09.438703+00:00
2026-06,3909500000,AE,아랍에미리트 연합,21041,1179912,0,0,1179912,korea_customs_service,https://apis.data.go.kr/1220000/nitemtrade/getNitemtradeList,2026-08-10T12:45:09.438703+00:00
2024-06,3909500000,BH,바레인,1200,7800,0,0,7800,korea_customs_service,https://apis.data.go.kr/1220000/nitemtrade/getNitemtradeList,2026-08-10T12:45:49.785940+00:00
2024-12,3909500000,BH,바레인,50,12975,0,0,12975,korea_customs_service,https://apis.data.go.kr/1220000/nitemtrade/getNitemtradeList,2026-08-10T12:45:49.785940+00:00
2023-03,3909500000,KW,쿠웨이트,4480,26264,0,0,26264,korea_customs_service,https://apis.data.go.kr/1220000/nitemtrade/getNitemtradeList,2026-08-10T12:46:32.793800+00:00
2023-04,3909500000,KW,쿠웨이트,2000,9860,0,0,9860,korea_customs_service,https://apis.data.go.kr/1220000/nitemtrade/getNitemtradeList,2026-08-10T12:46:32.793800+00:00
2023-07,3909500000,KW,쿠웨이트,5000,26000,0,0,26000,korea_customs_service,https://apis.data.go.kr/1220000/nitemtrade/getNitemtradeList,2026-08-10T12:46:32.793800+00:00
2023-09,3909500000,KW,쿠웨이트,192,24,0,0,24,korea_customs_service,https://apis.data.go.kr/1220000/nitemtrade/getNitemtradeList,2026-08-10T12:46:32.793800+00:00
2023-12,3909500000,KW,쿠웨이트,4000,22400,0,0,22400,korea_customs_service,https://apis.data.go.kr/1220000/nitemtrade/getNitemtradeList,2026-08-10T12:46:32.793800+00:00
2024-07,3909500000,KW,쿠웨이트,4000,21800,0,0,21800,korea_customs_service,https://apis.data.go.kr/1220000/nitemtrade/getNitemtradeList,2026-08-10T12:46:33.200274+00:00
2024-11,3909500000,KW,쿠웨이트,4000,21800,0,0,21800,korea_customs_service,https://apis.data.go.kr/1220000/nitemtrade/getNitemtradeList,2026-08-10T12:46:33.200274+00:00
2024-12,3909500000,KW,쿠웨이트,6,2100,0,0,2100,korea_customs_service,https://apis.data.go.kr/1220000/nitemtrade/getNitemtradeList,2026-08-10T12:46:33.200274+00:00
2025-01,3909500000,KW,쿠웨이트,2000,10200,0,0,10200,korea_customs_service,https://apis.data.go.kr/1220000/nitemtrade/getNitemtradeList,2026-08-10T12:46:33.613577+00:00
2025-03,3909500000,KW,쿠웨이트,6004,37150,0,0,37150,korea_customs_service,https://apis.data.go.kr/1220000/nitemtrade/getNitemtradeList,2026-08-10T12:46:33.613577+00:00
2025-04,3909500000,KW,쿠웨이트,5000,25500,0,0,25500,korea_customs_service,https://apis.data.go.kr/1220000/nitemtrade/getNitemtradeList,2026-08-10T12:46:33.613577+00:00
2025-05,3909500000,KW,쿠웨이트,27,9450,0,0,9450,korea_customs_service,https://apis.data.go.kr/1220000/nitemtrade/getNitemtradeList,2026-08-10T12:46:33.613577+00:00
2025-12,3909500000,KW,쿠웨이트,2500,12391,0,0,12391,korea_customs_service,https://apis.data.go.kr/1220000/nitemtrade/getNitemtradeList,2026-08-10T12:46:33.613577+00:00
2023-04,3909500000,OM,오만,407,24384,0,0,24384,korea_customs_service,https://apis.data.go.kr/1220000/nitemtrade/getNitemtradeList,2026-08-10T12:47:15.950746+00:00
2023-07,3909500000,OM,오만,4,2000,0,0,2000,korea_customs_service,https://apis.data.go.kr/1220000/nitemtrade/getNitemtradeList,2026-08-10T12:47:15.950746+00:00
2023-09,3909500000,OM,오만,1215,12194,0,0,12194,korea_customs_service,https://apis.data.go.kr/1220000/nitemtrade/getNitemtradeList,2026-08-10T12:47:15.950746+00:00
2024-07,3909500000,OM,오만,30,720,0,0,720,korea_customs_service,https://apis.data.go.kr/1220000/nitemtrade/getNitemtradeList,2026-08-10T12:47:16.352200+00:00
2024-09,3909500000,OM,오만,310,23300,0,0,23300,korea_customs_service,https://apis.data.go.kr/1220000/nitemtrade/getNitemtradeList,2026-08-10T12:47:16.352200+00:00
2024-11,3909500000,OM,오만,10,3500,0,0,3500,korea_customs_service,https://apis.data.go.kr/1220000/nitemtrade/getNitemtradeList,2026-08-10T12:47:16.352200+00:00
2025-03,3909500000,OM,오만,1200,7190,0,0,7190,korea_customs_service,https://apis.data.go.kr/1220000/nitemtrade/getNitemtradeList,2026-08-10T12:47:16.731118+00:00
2025-10,3909500000,OM,오만,218,13738,0,0,13738,korea_customs_service,https://apis.data.go.kr/1220000/nitemtrade/getNitemtradeList,2026-08-10T12:47:16.731118+00:00
2023-04,3909500000,QA,카타르,68,8958,0,0,8958,korea_customs_service,https://apis.data.go.kr/1220000/nitemtrade/getNitemtradeList,2026-08-10T12:47:59.275165+00:00
2023-05,3909500000,QA,카타르,4600,22367,0,0,22367,korea_customs_service,https://apis.data.go.kr/1220000/nitemtrade/getNitemtradeList,2026-08-10T12:47:59.275165+00:00
2023-06,3909500000,QA,카타르,5168,14587,0,0,14587,korea_customs_service,https://apis.data.go.kr/1220000/nitemtrade/getNitemtradeList,2026-08-10T12:47:59.275165+00:00
2023-07,3909500000,QA,카타르,5856,16303,0,0,16303,korea_customs_service,https://apis.data.go.kr/1220000/nitemtrade/getNitemtradeList,2026-08-10T12:47:59.275165+00:00
2023-08,3909500000,QA,카타르,8510,43314,0,0,43314,korea_customs_service,https://apis.data.go.kr/1220000/nitemtrade/getNitemtradeList,2026-08-10T12:47:59.275165+00:00
2023-11,3909500000,QA,카타르,9056,69586,0,0,69586,korea_customs_service,https://apis.data.go.kr/1220000/nitemtrade/getNitemtradeList,2026-08-10T12:47:59.275165+00:00
2024-02,3909500000,QA,카타르,16800,81817,0,0,81817,korea_customs_service,https://apis.data.go.kr/1220000/nitemtrade/getNitemtradeList,2026-08-10T12:47:59.634827+00:00
2024-04,3909500000,QA,카타르,7680,103843,0,0,103843,korea_customs_service,https://apis.data.go.kr/1220000/nitemtrade/getNitemtradeList,2026-08-10T12:47:59.634827+00:00
2024-06,3909500000,QA,카타르,960,9394,0,0,9394,korea_customs_service,https://apis.data.go.kr/1220000/nitemtrade/getNitemtradeList,2026-08-10T12:47:59.634827+00:00
2024-07,3909500000,QA,카타르,9600,124517,0,0,124517,korea_customs_service,https://apis.data.go.kr/1220000/nitemtrade/getNitemtradeList,2026-08-10T12:47:59.634827+00:00
2024-08,3909500000,QA,카타르,16368,77033,0,0,77033,korea_customs_service,https://apis.data.go.kr/1220000/nitemtrade/getNitemtradeList,2026-08-10T12:47:59.634827+00:00
2024-09,3909500000,QA,카타르,15568,140600,0,0,140600,korea_customs_service,https://apis.data.go.kr/1220000/nitemtrade/getNitemtradeList,2026-08-10T12:47:59.634827+00:00
2024-10,3909500000,QA,카타르,8800,33371,0,0,33371,korea_customs_service,https://apis.data.go.kr/1220000/nitemtrade/getNitemtradeList,2026-08-10T12:47:59.634827+00:00
2025-01,3909500000,QA,카타르,9372,47902,0,0,47902,korea_customs_service,https://apis.data.go.kr/1220000/nitemtrade/getNitemtradeList,2026-08-10T12:48:00.032900+00:00
2025-04,3909500000,QA,카타르,14,4856,0,0,4856,korea_customs_service,https://apis.data.go.kr/1220000/nitemtrade/getNitemtradeList,2026-08-10T12:48:00.032900+00:00
2025-05,3909500000,QA,카타르,608,732,0,0,732,korea_customs_service,https://apis.data.go.kr/1220000/nitemtrade/getNitemtradeList,2026-08-10T12:48:00.032900+00:00
2025-06,3909500000,QA,카타르,7200,10472,0,0,10472,korea_customs_service,https://apis.data.go.kr/1220000/nitemtrade/getNitemtradeList,2026-08-10T12:48:00.032900+00:00
2025-08,3909500000,QA,카타르,4608,7085,0,0,7085,korea_customs_service,https://apis.data.go.kr/1220000/nitemtrade/getNitemtradeList,2026-08-10T12:48:00.032900+00:00
2025-09,3909500000,QA,카타르,48300,99749,0,0,99749,korea_customs_service,https://apis.data.go.kr/1220000/nitemtrade/getNitemtradeList,2026-08-10T12:48:00.032900+00:00
2025-10,3909500000,QA,카타르,7872,12094,0,0,12094,korea_customs_service,https://apis.data.go.kr/1220000/nitemtrade/getNitemtradeList,2026-08-10T12:48:00.032900+00:00
2025-12,3909500000,QA,카타르,2304,3537,0,0,3537,korea_customs_service,https://apis.data.go.kr/1220000/nitemtrade/getNitemtradeList,2026-08-10T12:48:00.032900+00:00
2026-01,3909500000,QA,카타르,17200,68005,0,0,68005,korea_customs_service,https://apis.data.go.kr/1220000/nitemtrade/getNitemtradeList,2026-08-10T12:48:00.364859+00:00
2026-05,3909500000,QA,카타르,2304,3600,0,0,3600,korea_customs_service,https://apis.data.go.kr/1220000/nitemtrade/getNitemtradeList,2026-08-10T12:48:00.364859+00:00
2023-01,3912311000,AE,아랍에미리트 연합,0,3,0,0,3,korea_customs_service,https://apis.data.go.kr/1220000/nitemtrade/getNitemtradeList,2026-08-10T12:45:09.625629+00:00
2023-02,3912311000,AE,아랍에미리트 연합,0,3,0,0,3,korea_customs_service,https://apis.data.go.kr/1220000/nitemtrade/getNitemtradeList,2026-08-10T12:45:09.625629+00:00
2023-03,3912311000,AE,아랍에미리트 연합,0,3,0,0,3,korea_customs_service,https://apis.data.go.kr/1220000/nitemtrade/getNitemtradeList,2026-08-10T12:45:09.625629+00:00
2023-04,3912311000,AE,아랍에미리트 연합,0,6,0,0,6,korea_customs_service,https://apis.data.go.kr/1220000/nitemtrade/getNitemtradeList,2026-08-10T12:45:09.625629+00:00
2023-10,3912311000,AE,아랍에미리트 연합,0,7,0,0,7,korea_customs_service,https://apis.data.go.kr/1220000/nitemtrade/getNitemtradeList,2026-08-10T12:45:09.625629+00:00
2023-11,3912311000,AE,아랍에미리트 연합,0,7,0,0,7,korea_customs_service,https://apis.data.go.kr/1220000/nitemtrade/getNitemtradeList,2026-08-10T12:45:09.625629+00:00
2024-01,3912311000,AE,아랍에미리트 연합,0,13,0,0,13,korea_customs_service,https://apis.data.go.kr/1220000/nitemtrade/getNitemtradeList,2026-08-10T12:45:10.043005+00:00
2024-05,3912311000,AE,아랍에미리트 연합,0,14,0,0,14,korea_customs_service,https://apis.data.go.kr/1220000/nitemtrade/getNitemtradeList,2026-08-10T12:45:10.043005+00:00
2024-07,3912311000,AE,아랍에미리트 연합,0,6,0,0,6,korea_customs_service,https://apis.data.go.kr/1220000/nitemtrade/getNitemtradeList,2026-08-10T12:45:10.043005+00:00
2024-09,3912311000,AE,아랍에미리트 연합,0,7,0,0,7,korea_customs_service,https://apis.data.go.kr/1220000/nitemtrade/getNitemtradeList,2026-08-10T12:45:10.043005+00:00
2025-01,3912311000,AE,아랍에미리트 연합,0,6,0,0,6,korea_customs_service,https://apis.data.go.kr/1220000/nitemtrade/getNitemtradeList,2026-08-10T12:45:10.451961+00:00
2025-02,3912311000,AE,아랍에미리트 연합,0,14,0,0,14,korea_customs_service,https://apis.data.go.kr/1220000/nitemtrade/getNitemtradeList,2026-08-10T12:45:10.451961+00:00
2025-08,3912311000,AE,아랍에미리트 연합,0,14,0,0,14,korea_customs_service,https://apis.data.go.kr/1220000/nitemtrade/getNitemtradeList,2026-08-10T12:45:10.451961+00:00
2025-11,3912311000,AE,아랍에미리트 연합,0,9,0,0,9,korea_customs_service,https://apis.data.go.kr/1220000/nitemtrade/getNitemtradeList,2026-08-10T12:45:10.451961+00:00
2026-01,3912311000,AE,아랍에미리트 연합,0,14,0,0,14,korea_customs_service,https://apis.data.go.kr/1220000/nitemtrade/getNitemtradeList,2026-08-10T12:45:10.787840+00:00
2026-05,3912311000,AE,아랍에미리트 연합,0,14,0,0,14,korea_customs_service,https://apis.data.go.kr/1220000/nitemtrade/getNitemtradeList,2026-08-10T12:45:10.787840+00:00
2024-07,5201001000,AE,아랍에미리트 연합,42,2271,0,0,2271,korea_customs_service,https://apis.data.go.kr/1220000/nitemtrade/getNitemtradeList,2026-08-10T12:45:12.748984+00:00
2024-09,5201001000,AE,아랍에미리트 연합,0,0,0,1,-1,korea_customs_service,https://apis.data.go.kr/1220000/nitemtrade/getNitemtradeList,2026-08-10T12:45:12.748984+00:00
2018-01,5201001000,CN,중국,0,0,0,19,-19,korea_customs_service,https://apis.data.go.kr/1220000/nitemtrade/getNitemtradeList,2026-08-10T15:33:10.425736+00:00
2018-02,5201001000,CN,중국,2,43,0,0,43,korea_customs_service,https://apis.data.go.kr/1220000/nitemtrade/getNitemtradeList,2026-08-10T15:33:10.425736+00:00
2018-03,5201001000,CN,중국,2,6,0,0,6,korea_customs_service,https://apis.data.go.kr/1220000/nitemtrade/getNitemtradeList,2026-08-10T15:33:10.425736+00:00
2019-05,5201001000,CN,중국,0,0,6,69,-69,korea_customs_service,https://apis.data.go.kr/1220000/nitemtrade/getNitemtradeList,2026-08-10T15:33:10.800963+00:00
2020-03,5201001000,CN,중국,0,0,72,1893,-1893,korea_customs_service,https://apis.data.go.kr/1220000/nitemtrade/getNitemtradeList,2026-08-10T15:33:11.191653+00:00
2020-05,5201001000,CN,중국,0,0,10,57,-57,korea_customs_service,https://apis.data.go.kr/1220000/nitemtrade/getNitemtradeList,2026-08-10T15:33:11.191653+00:00
2022-04,5201001000,CN,중국,0,0,3,229,-229,korea_customs_service,https://apis.data.go.kr/1220000/nitemtrade/getNitemtradeList,2026-08-10T15:33:13.955614+00:00
2022-08,5201001000,CN,중국,0,0,18,108,-108,korea_customs_service,https://apis.data.go.kr/1220000/nitemtrade/getNitemtradeList,2026-08-10T15:33:13.955614+00:00
2022-09,5201001000,CN,중국,0,0,37,826,-826,korea_customs_service,https://apis.data.go.kr/1220000/nitemtrade/getNitemtradeList,2026-08-10T15:33:13.955614+00:00
2022-10,5201001000,CN,중국,0,0,96,726,-726,korea_customs_service,https://apis.data.go.kr/1220000/nitemtrade/getNitemtradeList,2026-08-10T15:33:13.955614+00:00
2022-11,5201001000,CN,중국,0,0,136,1316,-1316,korea_customs_service,https://apis.data.go.kr/1220000/nitemtrade/getNitemtradeList,2026-08-10T15:33:13.955614+00:00
2022-12,5201001000,CN,중국,0,0,140,1531,-1531,korea_customs_service,https://apis.data.go.kr/1220000/nitemtrade/getNitemtradeList,2026-08-10T15:33:13.955614+00:00
2023-01,5201001000,CN,중국,0,0,102,1089,-1089,korea_customs_service,https://apis.data.go.kr/1220000/nitemtrade/getNitemtradeList,2026-08-10T15:33:14.344533+00:00
2023-02,5201001000,CN,중국,0,0,57,556,-556,korea_customs_service,https://apis.data.go.kr/1220000/nitemtrade/getNitemtradeList,2026-08-10T15:33:14.344533+00:00
2023-03,5201001000,CN,중국,0,0,46,471,-471,korea_customs_service,https://apis.data.go.kr/1220000/nitemtrade/getNitemtradeList,2026-08-10T15:33:14.344533+00:00
2023-04,5201001000,CN,중국,0,0,12,120,-120,korea_customs_service,https://apis.data.go.kr/1220000/nitemtrade/getNitemtradeList,2026-08-10T15:33:14.344533+00:00
2023-05,5201001000,CN,중국,0,0,18,201,-201,korea_customs_service,https://apis.data.go.kr/1220000/nitemtrade/getNitemtradeList,2026-08-10T15:33:14.344533+00:00
2023-08,5201001000,CN,중국,0,0,7,218,-218,korea_customs_service,https://apis.data.go.kr/1220000/nitemtrade/getNitemtradeList,2026-08-10T15:33:14.344533+00:00
2023-09,5201001000,CN,중국,0,0,1,10,-10,korea_customs_service,https://apis.data.go.kr/1220000/nitemtrade/getNitemtradeList,2026-08-10T15:33:14.344533+00:00
2023-11,5201001000,CN,중국,0,0,3,6,-6,korea_customs_service,https://apis.data.go.kr/1220000/nitemtrade/getNitemtradeList,2026-08-10T15:33:14.344533+00:00
2023-12,5201001000,CN,중국,0,0,46,1538,-1538,korea_customs_service,https://apis.data.go.kr/1220000/nitemtrade/getNitemtradeList,2026-08-10T15:33:14.344533+00:00
2024-01,5201001000,CN,중국,0,0,97,958,-958,korea_customs_service,https://apis.data.go.kr/1220000/nitemtrade/getNitemtradeList,2026-08-10T15:33:14.730508+00:00
2024-02,5201001000,CN,중국,0,0,72,1248,-1248,korea_customs_service,https://apis.data.go.kr/1220000/nitemtrade/getNitemtradeList,2026-08-10T15:33:14.730508+00:00
2024-03,5201001000,CN,중국,0,0,50,1184,-1184,korea_customs_service,https://apis.data.go.kr/1220000/nitemtrade/getNitemtradeList,2026-08-10T15:33:14.730508+00:00
2024-05,5201001000,CN,중국,0,0,305,1840,-1840,korea_customs_service,https://apis.data.go.kr/1220000/nitemtrade/getNitemtradeList,2026-08-10T15:33:14.730508+00:00
2024-07,5201001000,CN,중국,0,0,3,6,-6,korea_customs_service,https://apis.data.go.kr/1220000/nitemtrade/getNitemtradeList,2026-08-10T15:33:14.730508+00:00
2024-11,5201001000,CN,중국,0,0,6,91,-91,korea_customs_service,https://apis.data.go.kr/1220000/nitemtrade/getNitemtradeList,2026-08-10T15:33:14.730508+00:00
2024-12,5201001000,CN,중국,0,0,15,195,-195,korea_customs_service,https://apis.data.go.kr/1220000/nitemtrade/getNitemtradeList,2026-08-10T15:33:14.730508+00:00
2025-01,5201001000,CN,중국,0,0,5,59,-59,korea_customs_service,https://apis.data.go.kr/1220000/nitemtrade/getNitemtradeList,2026-08-10T15:33:15.100269+00:00
2025-02,5201001000,CN,중국,0,0,1,403,-403,korea_customs_service,https://apis.data.go.kr/1220000/nitemtrade/getNitemtradeList,2026-08-10T15:33:15.100269+00:00
2025-04,5201001000,CN,중국,0,0,0,0,0,korea_customs_service,https://apis.data.go.kr/1220000/nitemtrade/getNitemtradeList,2026-08-10T15:33:15.100269+00:00
2025-06,5201001000,CN,중국,0,0,6,7,-7,korea_customs_service,https://apis.data.go.kr/1220000/nitemtrade/getNitemtradeList,2026-08-10T15:33:15.100269+00:00
2025-07,5201001000,CN,중국,0,0,118,297,-297,korea_customs_service,https://apis.data.go.kr/1220000/nitemtrade/getNitemtradeList,2026-08-10T15:33:15.100269+00:00
2025-08,5201001000,CN,중국,0,60,0,0,60,korea_customs_service,https://apis.data.go.kr/1220000/nitemtrade/getNitemtradeList,2026-08-10T15:33:15.100269+00:00
2025-10,5201001000,CN,중국,0,0,0,42,-42,korea_customs_service,https://apis.data.go.kr/1220000/nitemtrade/getNitemtradeList,2026-08-10T15:33:15.100269+00:00
2025-11,5201001000,CN,중국,0,0,35,163,-163,korea_customs_service,https://apis.data.go.kr/1220000/nitemtrade/getNitemtradeList,2026-08-10T15:33:15.100269+00:00
2026-01,5201001000,CN,중국,0,0,9,211,-211,korea_customs_service,https://apis.data.go.kr/1220000/nitemtrade/getNitemtradeList,2026-08-10T15:33:15.445405+00:00
2026-02,5201001000,CN,중국,1,304,0,0,304,korea_customs_service,https://apis.data.go.kr/1220000/nitemtrade/getNitemtradeList,2026-08-10T15:33:15.445405+00:00
2026-03,5201001000,CN,중국,0,54,80,1065,-1011,korea_customs_service,https://apis.data.go.kr/1220000/nitemtrade/getNitemtradeList,2026-08-10T15:33:15.445405+00:00
2026-04,5201001000,CN,중국,0,0,43,672,-672,korea_customs_service,https://apis.data.go.kr/1220000/nitemtrade/getNitemtradeList,2026-08-10T15:33:15.445405+00:00
2026-06,5201001000,CN,중국,0,0,527,2908,-2908,korea_customs_service,https://apis.data.go.kr/1220000/nitemtrade/getNitemtradeList,2026-08-10T15:33:15.445405+00:00
2023-08,5501200000,AE,아랍에미리트 연합,3000,8880,0,0,8880,korea_customs_service,https://apis.data.go.kr/1220000/nitemtrade/getNitemtradeList,2026-08-10T12:45:15.080818+00:00
2023-01,7601100000,AE,아랍에미리트 연합,0,0,3279331,8486918,-8486918,korea_customs_service,https://apis.data.go.kr/1220000/nitemtrade/getNitemtradeList,2026-08-10T12:45:16.339677+00:00
2023-02,7601100000,AE,아랍에미리트 연합,0,0,3033297,8221756,-8221756,korea_customs_service,https://apis.data.go.kr/1220000/nitemtrade/getNitemtradeList,2026-08-10T12:45:16.339677+00:00
2023-03,7601100000,AE,아랍에미리트 연합,0,0,962828,2624706,-2624706,korea_customs_service,https://apis.data.go.kr/1220000/nitemtrade/getNitemtradeList,2026-08-10T12:45:16.339677+00:00
2023-04,7601100000,AE,아랍에미리트 연합,0,0,931731,2470941,-2470941,korea_customs_service,https://apis.data.go.kr/1220000/nitemtrade/getNitemtradeList,2026-08-10T12:45:16.339677+00:00
2023-06,7601100000,AE,아랍에미리트 연합,0,0,1607849,4379652,-4379652,korea_customs_service,https://apis.data.go.kr/1220000/nitemtrade/getNitemtradeList,2026-08-10T12:45:16.339677+00:00
2023-07,7601100000,AE,아랍에미리트 연합,0,0,2498955,6531238,-6531238,korea_customs_service,https://apis.data.go.kr/1220000/nitemtrade/getNitemtradeList,2026-08-10T12:45:16.339677+00:00
2023-08,7601100000,AE,아랍에미리트 연합,0,0,731664,1808579,-1808579,korea_customs_service,https://apis.data.go.kr/1220000/nitemtrade/getNitemtradeList,2026-08-10T12:45:16.339677+00:00
2023-09,7601100000,AE,아랍에미리트 연합,0,0,39124,86855,-86855,korea_customs_service,https://apis.data.go.kr/1220000/nitemtrade/getNitemtradeList,2026-08-10T12:45:16.339677+00:00
2023-10,7601100000,AE,아랍에미리트 연합,0,0,844854,2083383,-2083383,korea_customs_service,https://apis.data.go.kr/1220000/nitemtrade/getNitemtradeList,2026-08-10T12:45:16.339677+00:00
2023-12,7601100000,AE,아랍에미리트 연합,0,0,739152,1951982,-1951982,korea_customs_service,https://apis.data.go.kr/1220000/nitemtrade/getNitemtradeList,2026-08-10T12:45:16.339677+00:00
2024-01,7601100000,AE,아랍에미리트 연합,0,0,1995630,4693215,-4693215,korea_customs_service,https://apis.data.go.kr/1220000/nitemtrade/getNitemtradeList,2026-08-10T12:45:16.690642+00:00
2024-02,7601100000,AE,아랍에미리트 연합,0,0,372400,898499,-898499,korea_customs_service,https://apis.data.go.kr/1220000/nitemtrade/getNitemtradeList,2026-08-10T12:45:16.690642+00:00
2024-03,7601100000,AE,아랍에미리트 연합,0,0,2373100,5611934,-5611934,korea_customs_service,https://apis.data.go.kr/1220000/nitemtrade/getNitemtradeList,2026-08-10T12:45:16.690642+00:00
2024-04,7601100000,AE,아랍에미리트 연합,0,0,3332039,8758908,-8758908,korea_customs_service,https://apis.data.go.kr/1220000/nitemtrade/getNitemtradeList,2026-08-10T12:45:16.690642+00:00
2024-05,7601100000,AE,아랍에미리트 연합,0,0,4171240,11333177,-11333177,korea_customs_service,https://apis.data.go.kr/1220000/nitemtrade/getNitemtradeList,2026-08-10T12:45:16.690642+00:00
2024-06,7601100000,AE,아랍에미리트 연합,0,0,605211,1637117,-1637117,korea_customs_service,https://apis.data.go.kr/1220000/nitemtrade/getNitemtradeList,2026-08-10T12:45:16.690642+00:00
2024-07,7601100000,AE,아랍에미리트 연합,0,0,807597,2166928,-2166928,korea_customs_service,https://apis.data.go.kr/1220000/nitemtrade/getNitemtradeList,2026-08-10T12:45:16.690642+00:00
2024-08,7601100000,AE,아랍에미리트 연합,0,0,561400,1509341,-1509341,korea_customs_service,https://apis.data.go.kr/1220000/nitemtrade/getNitemtradeList,2026-08-10T12:45:16.690642+00:00
2024-11,7601100000,AE,아랍에미리트 연합,0,0,72323,169033,-169033,korea_customs_service,https://apis.data.go.kr/1220000/nitemtrade/getNitemtradeList,2026-08-10T12:45:16.690642+00:00
2024-12,7601100000,AE,아랍에미리트 연합,0,0,481040,1401087,-1401087,korea_customs_service,https://apis.data.go.kr/1220000/nitemtrade/getNitemtradeList,2026-08-10T12:45:16.690642+00:00
2025-01,7601100000,AE,아랍에미리트 연합,0,0,778192,2154958,-2154958,korea_customs_service,https://apis.data.go.kr/1220000/nitemtrade/getNitemtradeList,2026-08-10T12:45:17.101150+00:00
2025-02,7601100000,AE,아랍에미리트 연합,0,0,192223,504714,-504714,korea_customs_service,https://apis.data.go.kr/1220000/nitemtrade/getNitemtradeList,2026-08-10T12:45:17.101150+00:00
2025-03,7601100000,AE,아랍에미리트 연합,0,0,4334510,12307338,-12307338,korea_customs_service,https://apis.data.go.kr/1220000/nitemtrade/getNitemtradeList,2026-08-10T12:45:17.101150+00:00
2025-04,7601100000,AE,아랍에미리트 연합,0,0,4212049,11677107,-11677107,korea_customs_service,https://apis.data.go.kr/1220000/nitemtrade/getNitemtradeList,2026-08-10T12:45:17.101150+00:00
2025-05,7601100000,AE,아랍에미리트 연합,0,0,8502069,24321018,-24321018,korea_customs_service,https://apis.data.go.kr/1220000/nitemtrade/getNitemtradeList,2026-08-10T12:45:17.101150+00:00
2025-06,7601100000,AE,아랍에미리트 연합,0,0,2011473,5182165,-5182165,korea_customs_service,https://apis.data.go.kr/1220000/nitemtrade/getNitemtradeList,2026-08-10T12:45:17.101150+00:00
2025-07,7601100000,AE,아랍에미리트 연합,0,0,1909407,5011048,-5011048,korea_customs_service,https://apis.data.go.kr/1220000/nitemtrade/getNitemtradeList,2026-08-10T12:45:17.101150+00:00
2025-08,7601100000,AE,아랍에미리트 연합,0,0,2863152,7514286,-7514286,korea_customs_service,https://apis.data.go.kr/1220000/nitemtrade/getNitemtradeList,2026-08-10T12:45:17.101150+00:00
2025-09,7601100000,AE,아랍에미리트 연합,0,0,4294708,11409970,-11409970,korea_customs_service,https://apis.data.go.kr/1220000/nitemtrade/getNitemtradeList,2026-08-10T12:45:17.101150+00:00
2025-10,7601100000,AE,아랍에미리트 연합,0,0,2480938,6703569,-6703569,korea_customs_service,https://apis.data.go.kr/1220000/nitemtrade/getNitemtradeList,2026-08-10T12:45:17.101150+00:00
2025-11,7601100000,AE,아랍에미리트 연합,0,0,379845,1026353,-1026353,korea_customs_service,https://apis.data.go.kr/1220000/nitemtrade/getNitemtradeList,2026-08-10T12:45:17.101150+00:00
2025-12,7601100000,AE,아랍에미리트 연합,0,0,762669,2190614,-2190614,korea_customs_service,https://apis.data.go.kr/1220000/nitemtrade/getNitemtradeList,2026-08-10T12:45:17.101150+00:00
2026-01,7601100000,AE,아랍에미리트 연합,0,0,5875008,18715111,-18715111,korea_customs_service,https://apis.data.go.kr/1220000/nitemtrade/getNitemtradeList,2026-08-10T12:45:17.440960+00:00
2026-02,7601100000,AE,아랍에미리트 연합,0,0,1193239,3949209,-3949209,korea_customs_service,https://apis.data.go.kr/1220000/nitemtrade/getNitemtradeList,2026-08-10T12:45:17.440960+00:00
2026-03,7601100000,AE,아랍에미리트 연합,0,0,6617822,21396082,-21396082,korea_customs_service,https://apis.data.go.kr/1220000/nitemtrade/getNitemtradeList,2026-08-10T12:45:17.440960+00:00
2026-05,7601100000,AE,아랍에미리트 연합,0,0,25932,79093,-79093,korea_customs_service,https://apis.data.go.kr/1220000/nitemtrade/getNitemtradeList,2026-08-10T12:45:17.440960+00:00
2023-01,7601100000,BH,바레인,0,0,1692867,4247062,-4247062,korea_customs_service,https://apis.data.go.kr/1220000/nitemtrade/getNitemtradeList,2026-08-10T12:45:57.417276+00:00
2023-02,7601100000,BH,바레인,0,0,1898876,5101584,-5101584,korea_customs_service,https://apis.data.go.kr/1220000/nitemtrade/getNitemtradeList,2026-08-10T12:45:57.417276+00:00
2023-03,7601100000,BH,바레인,0,0,2809740,6962501,-6962501,korea_customs_service,https://apis.data.go.kr/1220000/nitemtrade/getNitemtradeList,2026-08-10T12:45:57.417276+00:00
2023-04,7601100000,BH,바레인,0,0,1184664,2970948,-2970948,korea_customs_service,https://apis.data.go.kr/1220000/nitemtrade/getNitemtradeList,2026-08-10T12:45:57.417276+00:00
2023-05,7601100000,BH,바레인,0,0,149379,372949,-372949,korea_customs_service,https://apis.data.go.kr/1220000/nitemtrade/getNitemtradeList,2026-08-10T12:45:57.417276+00:00
2023-07,7601100000,BH,바레인,0,0,396190,1032545,-1032545,korea_customs_service,https://apis.data.go.kr/1220000/nitemtrade/getNitemtradeList,2026-08-10T12:45:57.417276+00:00
2023-08,7601100000,BH,바레인,0,0,430560,1050703,-1050703,korea_customs_service,https://apis.data.go.kr/1220000/nitemtrade/getNitemtradeList,2026-08-10T12:45:57.417276+00:00
2023-09,7601100000,BH,바레인,0,0,325720,798836,-798836,korea_customs_service,https://apis.data.go.kr/1220000/nitemtrade/getNitemtradeList,2026-08-10T12:45:57.417276+00:00
2023-10,7601100000,BH,바레인,0,0,359655,897321,-897321,korea_customs_service,https://apis.data.go.kr/1220000/nitemtrade/getNitemtradeList,2026-08-10T12:45:57.417276+00:00
2023-12,7601100000,BH,바레인,0,0,138985,355854,-355854,korea_customs_service,https://apis.data.go.kr/1220000/nitemtrade/getNitemtradeList,2026-08-10T12:45:57.417276+00:00
2024-01,7601100000,BH,바레인,0,0,232280,603470,-603470,korea_customs_service,https://apis.data.go.kr/1220000/nitemtrade/getNitemtradeList,2026-08-10T12:45:57.791043+00:00
2024-02,7601100000,BH,바레인,0,0,349810,856584,-856584,korea_customs_service,https://apis.data.go.kr/1220000/nitemtrade/getNitemtradeList,2026-08-10T12:45:57.791043+00:00
2024-03,7601100000,BH,바레인,0,0,116725,278729,-278729,korea_customs_service,https://apis.data.go.kr/1220000/nitemtrade/getNitemtradeList,2026-08-10T12:45:57.791043+00:00
2024-04,7601100000,BH,바레인,0,0,348910,819809,-819809,korea_customs_service,https://apis.data.go.kr/1220000/nitemtrade/getNitemtradeList,2026-08-10T12:45:57.791043+00:00
2024-05,7601100000,BH,바레인,0,0,336880,833775,-833775,korea_customs_service,https://apis.data.go.kr/1220000/nitemtrade/getNitemtradeList,2026-08-10T12:45:57.791043+00:00
2024-07,7601100000,BH,바레인,0,0,872565,2512230,-2512230,korea_customs_service,https://apis.data.go.kr/1220000/nitemtrade/getNitemtradeList,2026-08-10T12:45:57.791043+00:00
2024-08,7601100000,BH,바레인,0,0,522625,1593782,-1593782,korea_customs_service,https://apis.data.go.kr/1220000/nitemtrade/getNitemtradeList,2026-08-10T12:45:57.791043+00:00
2024-09,7601100000,BH,바레인,0,0,1156454,2984542,-2984542,korea_customs_service,https://apis.data.go.kr/1220000/nitemtrade/getNitemtradeList,2026-08-10T12:45:57.791043+00:00
2024-10,7601100000,BH,바레인,0,0,909555,2431701,-2431701,korea_customs_service,https://apis.data.go.kr/1220000/nitemtrade/getNitemtradeList,2026-08-10T12:45:57.791043+00:00
2024-11,7601100000,BH,바레인,0,0,477605,1241765,-1241765,korea_customs_service,https://apis.data.go.kr/1220000/nitemtrade/getNitemtradeList,2026-08-10T12:45:57.791043+00:00
2024-12,7601100000,BH,바레인,0,0,81710,235354,-235354,korea_customs_service,https://apis.data.go.kr/1220000/nitemtrade/getNitemtradeList,2026-08-10T12:45:57.791043+00:00
2025-01,7601100000,BH,바레인,0,0,790715,2224352,-2224352,korea_customs_service,https://apis.data.go.kr/1220000/nitemtrade/getNitemtradeList,2026-08-10T12:45:58.205770+00:00
2025-02,7601100000,BH,바레인,0,0,1416810,4078452,-4078452,korea_customs_service,https://apis.data.go.kr/1220000/nitemtrade/getNitemtradeList,2026-08-10T12:45:58.205770+00:00
2025-04,7601100000,BH,바레인,0,0,999818,2919848,-2919848,korea_customs_service,https://apis.data.go.kr/1220000/nitemtrade/getNitemtradeList,2026-08-10T12:45:58.205770+00:00
2025-05,7601100000,BH,바레인,0,0,1997516,5519600,-5519600,korea_customs_service,https://apis.data.go.kr/1220000/nitemtrade/getNitemtradeList,2026-08-10T12:45:58.205770+00:00
2025-07,7601100000,BH,바레인,0,0,998848,2660331,-2660331,korea_customs_service,https://apis.data.go.kr/1220000/nitemtrade/getNitemtradeList,2026-08-10T12:45:58.205770+00:00
2025-08,7601100000,BH,바레인,0,0,1995760,5465993,-5465993,korea_customs_service,https://apis.data.go.kr/1220000/nitemtrade/getNitemtradeList,2026-08-10T12:45:58.205770+00:00
2026-01,7601100000,BH,바레인,0,0,215585,676172,-676172,korea_customs_service,https://apis.data.go.kr/1220000/nitemtrade/getNitemtradeList,2026-08-10T12:45:58.547071+00:00
2018-01,7601100000,CN,중국,3569,47480,0,0,47480,korea_customs_service,https://apis.data.go.kr/1220000/nitemtrade/getNitemtradeList,2026-08-10T15:33:15.636589+00:00
2018-02,7601100000,CN,중국,0,0,1,71,-71,korea_customs_service,https://apis.data.go.kr/1220000/nitemtrade/getNitemtradeList,2026-08-10T15:33:15.636589+00:00
2018-03,7601100000,CN,중국,0,0,7200,20741,-20741,korea_customs_service,https://apis.data.go.kr/1220000/nitemtrade/getNitemtradeList,2026-08-10T15:33:15.636589+00:00
2018-04,7601100000,CN,중국,0,0,1116087,2375592,-2375592,korea_customs_service,https://apis.data.go.kr/1220000/nitemtrade/getNitemtradeList,2026-08-10T15:33:15.636589+00:00
2018-05,7601100000,CN,중국,0,0,7250,20543,-20543,korea_customs_service,https://apis.data.go.kr/1220000/nitemtrade/getNitemtradeList,2026-08-10T15:33:15.636589+00:00
2018-06,7601100000,CN,중국,0,0,195189,460699,-460699,korea_customs_service,https://apis.data.go.kr/1220000/nitemtrade/getNitemtradeList,2026-08-10T15:33:15.636589+00:00
2018-07,7601100000,CN,중국,0,0,7300,21466,-21466,korea_customs_service,https://apis.data.go.kr/1220000/nitemtrade/getNitemtradeList,2026-08-10T15:33:15.636589+00:00
2018-08,7601100000,CN,중국,0,0,17445,56569,-56569,korea_customs_service,https://apis.data.go.kr/1220000/nitemtrade/getNitemtradeList,2026-08-10T15:33:15.636589+00:00
2018-09,7601100000,CN,중국,0,0,57,3178,-3178,korea_customs_service,https://apis.data.go.kr/1220000/nitemtrade/getNitemtradeList,2026-08-10T15:33:15.636589+00:00
2018-11,7601100000,CN,중국,3440,40134,220,3957,36177,korea_customs_service,https://apis.data.go.kr/1220000/nitemtrade/getNitemtradeList,2026-08-10T15:33:15.636589+00:00
2018-12,7601100000,CN,중국,0,0,7200,19701,-19701,korea_customs_service,https://apis.data.go.kr/1220000/nitemtrade/getNitemtradeList,2026-08-10T15:33:15.636589+00:00
2019-01,7601100000,CN,중국,120,10323,0,0,10323,korea_customs_service,https://apis.data.go.kr/1220000/nitemtrade/getNitemtradeList,2026-08-10T15:33:15.976544+00:00
2019-03,7601100000,CN,중국,0,0,872390,1689377,-1689377,korea_customs_service,https://apis.data.go.kr/1220000/nitemtrade/getNitemtradeList,2026-08-10T15:33:15.976544+00:00
2019-04,7601100000,CN,중국,3873,5020,571284,1125814,-1120794,korea_customs_service,https://apis.data.go.kr/1220000/nitemtrade/getNitemtradeList,2026-08-10T15:33:15.976544+00:00
2019-05,7601100000,CN,중국,806,3163,78651,152896,-149733,korea_customs_service,https://apis.data.go.kr/1220000/nitemtrade/getNitemtradeList,2026-08-10T15:33:15.976544+00:00
2019-06,7601100000,CN,중국,22240,34422,24876,49870,-15448,korea_customs_service,https://apis.data.go.kr/1220000/nitemtrade/getNitemtradeList,2026-08-10T15:33:15.976544+00:00
2019-07,7601100000,CN,중국,7,97,107664,202661,-202564,korea_customs_service,https://apis.data.go.kr/1220000/nitemtrade/getNitemtradeList,2026-08-10T15:33:15.976544+00:00
2019-08,7601100000,CN,중국,0,0,1129992,2119174,-2119174,korea_customs_service,https://apis.data.go.kr/1220000/nitemtrade/getNitemtradeList,2026-08-10T15:33:15.976544+00:00
2019-09,7601100000,CN,중국,0,0,7219,21238,-21238,korea_customs_service,https://apis.data.go.kr/1220000/nitemtrade/getNitemtradeList,2026-08-10T15:33:15.976544+00:00
2019-10,7601100000,CN,중국,0,0,21,281,-281,korea_customs_service,https://apis.data.go.kr/1220000/nitemtrade/getNitemtradeList,2026-08-10T15:33:15.976544+00:00
2019-11,7601100000,CN,중국,23230,98968,9251,33659,65309,korea_customs_service,https://apis.data.go.kr/1220000/nitemtrade/getNitemtradeList,2026-08-10T15:33:15.976544+00:00
2019-12,7601100000,CN,중국,411,65382,14,2712,62670,korea_customs_service,https://apis.data.go.kr/1220000/nitemtrade/getNitemtradeList,2026-08-10T15:33:15.976544+00:00
2020-01,7601100000,CN,중국,0,0,2217048,4186190,-4186190,korea_customs_service,https://apis.data.go.kr/1220000/nitemtrade/getNitemtradeList,2026-08-10T15:33:16.367719+00:00
2020-02,7601100000,CN,중국,411,65349,400,849,64500,korea_customs_service,https://apis.data.go.kr/1220000/nitemtrade/getNitemtradeList,2026-08-10T15:33:16.367719+00:00
2020-03,7601100000,CN,중국,39040,56508,40002,71986,-15478,korea_customs_service,https://apis.data.go.kr/1220000/nitemtrade/getNitemtradeList,2026-08-10T15:33:16.367719+00:00
2020-04,7601100000,CN,중국,0,0,7213,19693,-19693,korea_customs_service,https://apis.data.go.kr/1220000/nitemtrade/getNitemtradeList,2026-08-10T15:33:16.367719+00:00
2020-05,7601100000,CN,중국,50515,345407,23,2715,342692,korea_customs_service,https://apis.data.go.kr/1220000/nitemtrade/getNitemtradeList,2026-08-10T15:33:16.367719+00:00
2020-06,7601100000,CN,중국,41231,248156,1755,21195,226961,korea_customs_service,https://apis.data.go.kr/1220000/nitemtrade/getNitemtradeList,2026-08-10T15:33:16.367719+00:00
2020-07,7601100000,CN,중국,973979,2100933,9205,31252,2069681,korea_customs_service,https://apis.data.go.kr/1220000/nitemtrade/getNitemtradeList,2026-08-10T15:33:16.367719+00:00
2020-08,7601100000,CN,중국,297165,533593,2186,26446,507147,korea_customs_service,https://apis.data.go.kr/1220000/nitemtrade/getNitemtradeList,2026-08-10T15:33:16.367719+00:00
2020-10,7601100000,CN,중국,390,61230,0,0,61230,korea_customs_service,https://apis.data.go.kr/1220000/nitemtrade/getNitemtradeList,2026-08-10T15:33:16.367719+00:00
2020-11,7601100000,CN,중국,1139,170972,2000,7623,163349,korea_customs_service,https://apis.data.go.kr/1220000/nitemtrade/getNitemtradeList,2026-08-10T15:33:16.367719+00:00
2020-12,7601100000,CN,중국,551873,1237760,0,0,1237760,korea_customs_service,https://apis.data.go.kr/1220000/nitemtrade/getNitemtradeList,2026-08-10T15:33:16.367719+00:00
2021-01,7601100000,CN,중국,539,84544,3938,48551,35993,korea_customs_service,https://apis.data.go.kr/1220000/nitemtrade/getNitemtradeList,2026-08-10T15:33:16.734703+00:00
2021-02,7601100000,CN,중국,1074,182256,0,0,182256,korea_customs_service,https://apis.data.go.kr/1220000/nitemtrade/getNitemtradeList,2026-08-10T15:33:16.734703+00:00
2021-03,7601100000,CN,중국,1805,134812,11544,76976,57836,korea_customs_service,https://apis.data.go.kr/1220000/nitemtrade/getNitemtradeList,2026-08-10T15:33:16.734703+00:00
2021-04,7601100000,CN,중국,906,162084,5522,66665,95419,korea_customs_service,https://apis.data.go.kr/1220000/nitemtrade/getNitemtradeList,2026-08-10T15:33:16.734703+00:00
2021-05,7601100000,CN,중국,707,126552,0,0,126552,korea_customs_service,https://apis.data.go.kr/1220000/nitemtrade/getNitemtradeList,2026-08-10T15:33:16.734703+00:00
2021-06,7601100000,CN,중국,578,103462,10207,121129,-17667,korea_customs_service,https://apis.data.go.kr/1220000/nitemtrade/getNitemtradeList,2026-08-10T15:33:16.734703+00:00
2021-07,7601100000,CN,중국,2596,217864,0,0,217864,korea_customs_service,https://apis.data.go.kr/1220000/nitemtrade/getNitemtradeList,2026-08-10T15:33:16.734703+00:00
2021-08,7601100000,CN,중국,917,155909,17068,147609,8300,korea_customs_service,https://apis.data.go.kr/1220000/nitemtrade/getNitemtradeList,2026-08-10T15:33:16.734703+00:00
2021-09,7601100000,CN,중국,885,158415,0,195,158220,korea_customs_service,https://apis.data.go.kr/1220000/nitemtrade/getNitemtradeList,2026-08-10T15:33:16.734703+00:00
2021-10,7601100000,CN,중국,1007,110563,16471,48194,62369,korea_customs_service,https://apis.data.go.kr/1220000/nitemtrade/getNitemtradeList,2026-08-10T15:33:16.734703+00:00
2021-11,7601100000,CN,중국,770,137740,49,5833,131907,korea_customs_service,https://apis.data.go.kr/1220000/nitemtrade/getNitemtradeList,2026-08-10T15:33:16.734703+00:00
2021-12,7601100000,CN,중국,12799,163461,7200,27910,135551,korea_customs_service,https://apis.data.go.kr/1220000/nitemtrade/getNitemtradeList,2026-08-10T15:33:16.734703+00:00
2022-01,7601100000,CN,중국,719,122230,10004,119661,2569,korea_customs_service,https://apis.data.go.kr/1220000/nitemtrade/getNitemtradeList,2026-08-10T15:33:17.107844+00:00
2022-02,7601100000,CN,중국,25768,140405,0,0,140405,korea_customs_service,https://apis.data.go.kr/1220000/nitemtrade/getNitemtradeList,2026-08-10T15:33:17.107844+00:00
2022-03,7601100000,CN,중국,1430,243100,7200,32328,210772,korea_customs_service,https://apis.data.go.kr/1220000/nitemtrade/getNitemtradeList,2026-08-10T15:33:17.107844+00:00
2022-04,7601100000,CN,중국,8635,113140,118,1710,111430,korea_customs_service,https://apis.data.go.kr/1220000/nitemtrade/getNitemtradeList,2026-08-10T15:33:17.107844+00:00
2022-05,7601100000,CN,중국,623,105910,13285,89723,16187,korea_customs_service,https://apis.data.go.kr/1220000/nitemtrade/getNitemtradeList,2026-08-10T15:33:17.107844+00:00
2022-06,7601100000,CN,중국,72597,380683,7200,28668,352015,korea_customs_service,https://apis.data.go.kr/1220000/nitemtrade/getNitemtradeList,2026-08-10T15:33:17.107844+00:00
2022-07,7601100000,CN,중국,48361,287836,2,301,287535,korea_customs_service,https://apis.data.go.kr/1220000/nitemtrade/getNitemtradeList,2026-08-10T15:33:17.107844+00:00
2022-08,7601100000,CN,중국,140076,417204,20315,170116,247088,korea_customs_service,https://apis.data.go.kr/1220000/nitemtrade/getNitemtradeList,2026-08-10T15:33:17.107844+00:00
2022-09,7601100000,CN,중국,112,19040,63,5606,13434,korea_customs_service,https://apis.data.go.kr/1220000/nitemtrade/getNitemtradeList,2026-08-10T15:33:17.107844+00:00
2022-10,7601100000,CN,중국,287,48790,31036,82014,-33224,korea_customs_service,https://apis.data.go.kr/1220000/nitemtrade/getNitemtradeList,2026-08-10T15:33:17.107844+00:00
2022-11,7601100000,CN,중국,3,2537,183041,387933,-385396,korea_customs_service,https://apis.data.go.kr/1220000/nitemtrade/getNitemtradeList,2026-08-10T15:33:17.107844+00:00
2022-12,7601100000,CN,중국,0,0,5320,104194,-104194,korea_customs_service,https://apis.data.go.kr/1220000/nitemtrade/getNitemtradeList,2026-08-10T15:33:17.107844+00:00
2023-01,7601100000,CN,중국,254,39799,415742,1203009,-1163210,korea_customs_service,https://apis.data.go.kr/1220000/nitemtrade/getNitemtradeList,2026-08-10T15:33:17.498271+00:00
2023-02,7601100000,CN,중국,225,35246,145190,425616,-390370,korea_customs_service,https://apis.data.go.kr/1220000/nitemtrade/getNitemtradeList,2026-08-10T15:33:17.498271+00:00
2023-03,7601100000,CN,중국,462,72533,50240,137418,-64885,korea_customs_service,https://apis.data.go.kr/1220000/nitemtrade/getNitemtradeList,2026-08-10T15:33:17.498271+00:00
2023-04,7601100000,CN,중국,74,11618,522056,1281537,-1269919,korea_customs_service,https://apis.data.go.kr/1220000/nitemtrade/getNitemtradeList,2026-08-10T15:33:17.498271+00:00
2023-05,7601100000,CN,중국,664,104169,8275,42261,61908,korea_customs_service,https://apis.data.go.kr/1220000/nitemtrade/getNitemtradeList,2026-08-10T15:33:17.498271+00:00
2023-06,7601100000,CN,중국,486,76302,495525,1176700,-1100398,korea_customs_service,https://apis.data.go.kr/1220000/nitemtrade/getNitemtradeList,2026-08-10T15:33:17.498271+00:00
2023-07,7601100000,CN,중국,225,35246,96248,261065,-225819,korea_customs_service,https://apis.data.go.kr/1220000/nitemtrade/getNitemtradeList,2026-08-10T15:33:17.498271+00:00
2023-08,7601100000,CN,중국,841,131958,277458,755658,-623700,korea_customs_service,https://apis.data.go.kr/1220000/nitemtrade/getNitemtradeList,2026-08-10T15:33:17.498271+00:00
2023-09,7601100000,CN,중국,52274,126316,250451,670839,-544523,korea_customs_service,https://apis.data.go.kr/1220000/nitemtrade/getNitemtradeList,2026-08-10T15:33:17.498271+00:00
2023-10,7601100000,CN,중국,1188,186608,46490,121745,64863,korea_customs_service,https://apis.data.go.kr/1220000/nitemtrade/getNitemtradeList,2026-08-10T15:33:17.498271+00:00
2023-11,7601100000,CN,중국,175,27396,132132,331890,-304494,korea_customs_service,https://apis.data.go.kr/1220000/nitemtrade/getNitemtradeList,2026-08-10T15:33:17.498271+00:00
2023-12,7601100000,CN,중국,541,81407,278812,709019,-627612,korea_customs_service,https://apis.data.go.kr/1220000/nitemtrade/getNitemtradeList,2026-08-10T15:33:17.498271+00:00
2024-01,7601100000,CN,중국,1175,172652,703039,1832925,-1660273,korea_customs_service,https://apis.data.go.kr/1220000/nitemtrade/getNitemtradeList,2026-08-10T15:33:17.886842+00:00
2024-02,7601100000,CN,중국,561,82467,138616,344705,-262238,korea_customs_service,https://apis.data.go.kr/1220000/nitemtrade/getNitemtradeList,2026-08-10T15:33:17.886842+00:00
2024-03,7601100000,CN,중국,564,82834,77152,209432,-126598,korea_customs_service,https://apis.data.go.kr/1220000/nitemtrade/getNitemtradeList,2026-08-10T15:33:17.886842+00:00
2024-04,7601100000,CN,중국,568,83496,466528,1212136,-1128640,korea_customs_service,https://apis.data.go.kr/1220000/nitemtrade/getNitemtradeList,2026-08-10T15:33:17.886842+00:00
2024-05,7601100000,CN,중국,502,73794,186,1211,72583,korea_customs_service,https://apis.data.go.kr/1220000/nitemtrade/getNitemtradeList,2026-08-10T15:33:17.886842+00:00
2024-06,7601100000,CN,중국,324175,272439,529342,1559212,-1286773,korea_customs_service,https://apis.data.go.kr/1220000/nitemtrade/getNitemtradeList,2026-08-10T15:33:17.886842+00:00
2024-07,7601100000,CN,중국,137072,217960,286841,719015,-501055,korea_customs_service,https://apis.data.go.kr/1220000/nitemtrade/getNitemtradeList,2026-08-10T15:33:17.886842+00:00
2024-08,7601100000,CN,중국,219060,252933,4508047,10856391,-10603458,korea_customs_service,https://apis.data.go.kr/1220000/nitemtrade/getNitemtradeList,2026-08-10T15:33:17.886842+00:00
2024-09,7601100000,CN,중국,97626,151557,1368471,3432804,-3281247,korea_customs_service,https://apis.data.go.kr/1220000/nitemtrade/getNitemtradeList,2026-08-10T15:33:17.886842+00:00
2024-10,7601100000,CN,중국,118272,173185,825070,2271707,-2098522,korea_customs_service,https://apis.data.go.kr/1220000/nitemtrade/getNitemtradeList,2026-08-10T15:33:17.886842+00:00
2024-11,7601100000,CN,중국,98749,148903,875631,2365872,-2216969,korea_customs_service,https://apis.data.go.kr/1220000/nitemtrade/getNitemtradeList,2026-08-10T15:33:17.886842+00:00
2024-12,7601100000,CN,중국,1350,197655,12467,97020,100635,korea_customs_service,https://apis.data.go.kr/1220000/nitemtrade/getNitemtradeList,2026-08-10T15:33:17.886842+00:00
2025-01,7601100000,CN,중국,1341,195713,8662,117090,78623,korea_customs_service,https://apis.data.go.kr/1220000/nitemtrade/getNitemtradeList,2026-08-10T15:33:18.271853+00:00
2025-02,7601100000,CN,중국,805,117534,7202,27326,90208,korea_customs_service,https://apis.data.go.kr/1220000/nitemtrade/getNitemtradeList,2026-08-10T15:33:18.271853+00:00
2025-03,7601100000,CN,중국,405,59130,2210,281128,-221998,korea_customs_service,https://apis.data.go.kr/1220000/nitemtrade/getNitemtradeList,2026-08-10T15:33:18.271853+00:00
2025-04,7601100000,CN,중국,0,0,115121,333862,-333862,korea_customs_service,https://apis.data.go.kr/1220000/nitemtrade/getNitemtradeList,2026-08-10T15:33:18.271853+00:00
2025-06,7601100000,CN,중국,1,3,7284,29757,-29754,korea_customs_service,https://apis.data.go.kr/1220000/nitemtrade/getNitemtradeList,2026-08-10T15:33:18.271853+00:00
2025-07,7601100000,CN,중국,0,0,720,10058,-10058,korea_customs_service,https://apis.data.go.kr/1220000/nitemtrade/getNitemtradeList,2026-08-10T15:33:18.271853+00:00
2025-08,7601100000,CN,중국,0,0,1470476,3932119,-3932119,korea_customs_service,https://apis.data.go.kr/1220000/nitemtrade/getNitemtradeList,2026-08-10T15:33:18.271853+00:00
2025-09,7601100000,CN,중국,0,0,8757,118169,-118169,korea_customs_service,https://apis.data.go.kr/1220000/nitemtrade/getNitemtradeList,2026-08-10T15:33:18.271853+00:00
2025-10,7601100000,CN,중국,0,0,491,8408,-8408,korea_customs_service,https://apis.data.go.kr/1220000/nitemtrade/getNitemtradeList,2026-08-10T15:33:18.271853+00:00
2025-11,7601100000,CN,중국,0,0,7575,31907,-31907,korea_customs_service,https://apis.data.go.kr/1220000/nitemtrade/getNitemtradeList,2026-08-10T15:33:18.271853+00:00
2025-12,7601100000,CN,중국,0,3,0,216,-213,korea_customs_service,https://apis.data.go.kr/1220000/nitemtrade/getNitemtradeList,2026-08-10T15:33:18.271853+00:00
2026-01,7601100000,CN,중국,0,0,7234,28708,-28708,korea_customs_service,https://apis.data.go.kr/1220000/nitemtrade/getNitemtradeList,2026-08-10T15:33:18.626908+00:00
2026-02,7601100000,CN,중국,0,0,29236,100064,-100064,korea_customs_service,https://apis.data.go.kr/1220000/nitemtrade/getNitemtradeList,2026-08-10T15:33:18.626908+00:00
2026-03,7601100000,CN,중국,198976,650573,8479,57428,593145,korea_customs_service,https://apis.data.go.kr/1220000/nitemtrade/getNitemtradeList,2026-08-10T15:33:18.626908+00:00
2026-04,7601100000,CN,중국,0,0,8782,118564,-118564,korea_customs_service,https://apis.data.go.kr/1220000/nitemtrade/getNitemtradeList,2026-08-10T15:33:18.626908+00:00
2026-05,7601100000,CN,중국,0,0,14401,64718,-64718,korea_customs_service,https://apis.data.go.kr/1220000/nitemtrade/getNitemtradeList,2026-08-10T15:33:18.626908+00:00
2026-06,7601100000,CN,중국,0,0,30014,117660,-117660,korea_customs_service,https://apis.data.go.kr/1220000/nitemtrade/getNitemtradeList,2026-08-10T15:33:18.626908+00:00
2023-03,7601100000,OM,오만,0,0,297700,761860,-761860,korea_customs_service,https://apis.data.go.kr/1220000/nitemtrade/getNitemtradeList,2026-08-10T12:47:23.764388+00:00
2023-04,7601100000,OM,오만,0,0,1435658,3485707,-3485707,korea_customs_service,https://apis.data.go.kr/1220000/nitemtrade/getNitemtradeList,2026-08-10T12:47:23.764388+00:00
2024-03,7601100000,OM,오만,0,0,1479581,3451478,-3451478,korea_customs_service,https://apis.data.go.kr/1220000/nitemtrade/getNitemtradeList,2026-08-10T12:47:24.181215+00:00
2024-04,7601100000,OM,오만,0,0,2674300,6681432,-6681432,korea_customs_service,https://apis.data.go.kr/1220000/nitemtrade/getNitemtradeList,2026-08-10T12:47:24.181215+00:00
2024-05,7601100000,OM,오만,0,0,5805550,15955493,-15955493,korea_customs_service,https://apis.data.go.kr/1220000/nitemtrade/getNitemtradeList,2026-08-10T12:47:24.181215+00:00
2024-06,7601100000,OM,오만,0,0,1680982,4706750,-4706750,korea_customs_service,https://apis.data.go.kr/1220000/nitemtrade/getNitemtradeList,2026-08-10T12:47:24.181215+00:00
2024-07,7601100000,OM,오만,0,0,944340,2547846,-2547846,korea_customs_service,https://apis.data.go.kr/1220000/nitemtrade/getNitemtradeList,2026-08-10T12:47:24.181215+00:00
2024-08,7601100000,OM,오만,0,0,494416,1247575,-1247575,korea_customs_service,https://apis.data.go.kr/1220000/nitemtrade/getNitemtradeList,2026-08-10T12:47:24.181215+00:00
2024-09,7601100000,OM,오만,0,0,1725240,4518485,-4518485,korea_customs_service,https://apis.data.go.kr/1220000/nitemtrade/getNitemtradeList,2026-08-10T12:47:24.181215+00:00
2024-10,7601100000,OM,오만,0,0,923773,2499559,-2499559,korea_customs_service,https://apis.data.go.kr/1220000/nitemtrade/getNitemtradeList,2026-08-10T12:47:24.181215+00:00
2025-06,7601100000,OM,오만,0,0,986668,2682236,-2682236,korea_customs_service,https://apis.data.go.kr/1220000/nitemtrade/getNitemtradeList,2026-08-10T12:47:24.598391+00:00
2025-07,7601100000,OM,오만,0,0,493846,1340040,-1340040,korea_customs_service,https://apis.data.go.kr/1220000/nitemtrade/getNitemtradeList,2026-08-10T12:47:24.598391+00:00
2025-12,7601100000,OM,오만,0,0,495579,1391214,-1391214,korea_customs_service,https://apis.data.go.kr/1220000/nitemtrade/getNitemtradeList,2026-08-10T12:47:24.598391+00:00
2026-03,7601100000,OM,오만,0,0,493211,1762632,-1762632,korea_customs_service,https://apis.data.go.kr/1220000/nitemtrade/getNitemtradeList,2026-08-10T12:47:24.944568+00:00
2026-05,7601100000,OM,오만,0,0,246475,953264,-953264,korea_customs_service,https://apis.data.go.kr/1220000/nitemtrade/getNitemtradeList,2026-08-10T12:47:24.944568+00:00
2023-01,7601100000,QA,카타르,0,0,4019857,10014338,-10014338,korea_customs_service,https://apis.data.go.kr/1220000/nitemtrade/getNitemtradeList,2026-08-10T12:48:13.319738+00:00
2023-02,7601100000,QA,카타르,0,0,2463232,6433312,-6433312,korea_customs_service,https://apis.data.go.kr/1220000/nitemtrade/getNitemtradeList,2026-08-10T12:48:13.319738+00:00
2023-03,7601100000,QA,카타르,0,0,2643766,6726024,-6726024,korea_customs_service,https://apis.data.go.kr/1220000/nitemtrade/getNitemtradeList,2026-08-10T12:48:13.319738+00:00
2023-04,7601100000,QA,카타르,0,0,2407723,6018259,-6018259,korea_customs_service,https://apis.data.go.kr/1220000/nitemtrade/getNitemtradeList,2026-08-10T12:48:13.319738+00:00
2023-05,7601100000,QA,카타르,0,0,2030257,5078937,-5078937,korea_customs_service,https://apis.data.go.kr/1220000/nitemtrade/getNitemtradeList,2026-08-10T12:48:13.319738+00:00
2023-06,7601100000,QA,카타르,0,0,200971,481442,-481442,korea_customs_service,https://apis.data.go.kr/1220000/nitemtrade/getNitemtradeList,2026-08-10T12:48:13.319738+00:00
2023-07,7601100000,QA,카타르,0,0,200971,467937,-467937,korea_customs_service,https://apis.data.go.kr/1220000/nitemtrade/getNitemtradeList,2026-08-10T12:48:13.319738+00:00
2023-08,7601100000,QA,카타르,0,0,199964,480919,-480919,korea_customs_service,https://apis.data.go.kr/1220000/nitemtrade/getNitemtradeList,2026-08-10T12:48:13.319738+00:00
2023-10,7601100000,QA,카타르,0,0,400132,962014,-962014,korea_customs_service,https://apis.data.go.kr/1220000/nitemtrade/getNitemtradeList,2026-08-10T12:48:13.319738+00:00
2023-11,7601100000,QA,카타르,0,0,200066,482949,-482949,korea_customs_service,https://apis.data.go.kr/1220000/nitemtrade/getNitemtradeList,2026-08-10T12:48:13.319738+00:00
2023-12,7601100000,QA,카타르,0,0,200066,472972,-472972,korea_customs_service,https://apis.data.go.kr/1220000/nitemtrade/getNitemtradeList,2026-08-10T12:48:13.319738+00:00
2024-06,7601100000,QA,카타르,0,0,996961,2684576,-2684576,korea_customs_service,https://apis.data.go.kr/1220000/nitemtrade/getNitemtradeList,2026-08-10T12:48:13.714939+00:00
2024-07,7601100000,QA,카타르,0,0,1988577,5354761,-5354761,korea_customs_service,https://apis.data.go.kr/1220000/nitemtrade/getNitemtradeList,2026-08-10T12:48:13.714939+00:00
2024-08,7601100000,QA,카타르,0,0,1190559,2997411,-2997411,korea_customs_service,https://apis.data.go.kr/1220000/nitemtrade/getNitemtradeList,2026-08-10T12:48:13.714939+00:00
2024-09,7601100000,QA,카타르,0,0,1980120,5028134,-5028134,korea_customs_service,https://apis.data.go.kr/1220000/nitemtrade/getNitemtradeList,2026-08-10T12:48:13.714939+00:00
2024-10,7601100000,QA,카타르,0,0,495204,1244897,-1244897,korea_customs_service,https://apis.data.go.kr/1220000/nitemtrade/getNitemtradeList,2026-08-10T12:48:13.714939+00:00
2025-11,7601100000,QA,카타르,0,0,2038,6359,-6359,korea_customs_service,https://apis.data.go.kr/1220000/nitemtrade/getNitemtradeList,2026-08-10T12:48:14.133261+00:00
2026-01,7601100000,QA,카타르,0,0,46300,143486,-143486,korea_customs_service,https://apis.data.go.kr/1220000/nitemtrade/getNitemtradeList,2026-08-10T12:48:14.474447+00:00
2026-04,7601100000,QA,카타르,0,0,1007497,4061896,-4061896,korea_customs_service,https://apis.data.go.kr/1220000/nitemtrade/getNitemtradeList,2026-08-10T12:48:14.474447+00:00
2023-08,9018310000,BH,바레인,45,5415,0,0,5415,korea_customs_service,https://apis.data.go.kr/1220000/nitemtrade/getNitemtradeList,2026-08-10T14:44:17.310694+00:00
2024-04,9018310000,BH,바레인,22,2335,0,0,2335,korea_customs_service,https://apis.data.go.kr/1220000/nitemtrade/getNitemtradeList,2026-08-10T14:44:17.703123+00:00
2024-07,9018310000,BH,바레인,44,4649,0,0,4649,korea_customs_service,https://apis.data.go.kr/1220000/nitemtrade/getNitemtradeList,2026-08-10T14:44:17.703123+00:00
2025-02,9018310000,BH,바레인,29,2160,0,0,2160,korea_customs_service,https://apis.data.go.kr/1220000/nitemtrade/getNitemtradeList,2026-08-10T14:44:18.093109+00:00
2025-08,9018310000,BH,바레인,38,2880,0,0,2880,korea_customs_service,https://apis.data.go.kr/1220000/nitemtrade/getNitemtradeList,2026-08-10T14:44:18.093109+00:00
2026-04,9018310000,BH,바레인,14,5280,0,0,5280,korea_customs_service,https://apis.data.go.kr/1220000/nitemtrade/getNitemtradeList,2026-08-10T14:44:18.434041+00:00
2026-05,9018310000,BH,바레인,38,2880,0,0,2880,korea_customs_service,https://apis.data.go.kr/1220000/nitemtrade/getNitemtradeList,2026-08-10T14:44:18.434041+00:00
2018-01,9018310000,CN,중국,4161,149012,82667,389972,-240960,korea_customs_service,https://apis.data.go.kr/1220000/nitemtrade/getNitemtradeList,2026-08-10T15:33:18.818207+00:00
2018-02,9018310000,CN,중국,343,25861,47083,280886,-255025,korea_customs_service,https://apis.data.go.kr/1220000/nitemtrade/getNitemtradeList,2026-08-10T15:33:18.818207+00:00
2018-03,9018310000,CN,중국,1107,109402,23595,88927,20475,korea_customs_service,https://apis.data.go.kr/1220000/nitemtrade/getNitemtradeList,2026-08-10T15:33:18.818207+00:00
2018-04,9018310000,CN,중국,583,44831,28922,240384,-195553,korea_customs_service,https://apis.data.go.kr/1220000/nitemtrade/getNitemtradeList,2026-08-10T15:33:18.818207+00:00
2018-05,9018310000,CN,중국,2692,140078,29250,259478,-119400,korea_customs_service,https://apis.data.go.kr/1220000/nitemtrade/getNitemtradeList,2026-08-10T15:33:18.818207+00:00
2018-06,9018310000,CN,중국,2898,260378,28643,229986,30392,korea_customs_service,https://apis.data.go.kr/1220000/nitemtrade/getNitemtradeList,2026-08-10T15:33:18.818207+00:00
2018-07,9018310000,CN,중국,517,37465,25422,145067,-107602,korea_customs_service,https://apis.data.go.kr/1220000/nitemtrade/getNitemtradeList,2026-08-10T15:33:18.818207+00:00
2018-08,9018310000,CN,중국,653,52915,20967,249098,-196183,korea_customs_service,https://apis.data.go.kr/1220000/nitemtrade/getNitemtradeList,2026-08-10T15:33:18.818207+00:00
2018-09,9018310000,CN,중국,2459,27949,20366,198608,-170659,korea_customs_service,https://apis.data.go.kr/1220000/nitemtrade/getNitemtradeList,2026-08-10T15:33:18.818207+00:00
2018-10,9018310000,CN,중국,521,43350,17695,233312,-189962,korea_customs_service,https://apis.data.go.kr/1220000/nitemtrade/getNitemtradeList,2026-08-10T15:33:18.818207+00:00
2018-11,9018310000,CN,중국,588,44216,17136,135771,-91555,korea_customs_service,https://apis.data.go.kr/1220000/nitemtrade/getNitemtradeList,2026-08-10T15:33:18.818207+00:00
2018-12,9018310000,CN,중국,636,61349,57197,317792,-256443,korea_customs_service,https://apis.data.go.kr/1220000/nitemtrade/getNitemtradeList,2026-08-10T15:33:18.818207+00:00
2019-01,9018310000,CN,중국,797,76276,36642,225436,-149160,korea_customs_service,https://apis.data.go.kr/1220000/nitemtrade/getNitemtradeList,2026-08-10T15:33:19.174876+00:00
2019-02,9018310000,CN,중국,710,51776,14331,148348,-96572,korea_customs_service,https://apis.data.go.kr/1220000/nitemtrade/getNitemtradeList,2026-08-10T15:33:19.174876+00:00
2019-03,9018310000,CN,중국,598,45101,10920,70943,-25842,korea_customs_service,https://apis.data.go.kr/1220000/nitemtrade/getNitemtradeList,2026-08-10T15:33:19.174876+00:00
2019-04,9018310000,CN,중국,1204,33236,15792,182687,-149451,korea_customs_service,https://apis.data.go.kr/1220000/nitemtrade/getNitemtradeList,2026-08-10T15:33:19.174876+00:00
2019-05,9018310000,CN,중국,596,46468,36155,288711,-242243,korea_customs_service,https://apis.data.go.kr/1220000/nitemtrade/getNitemtradeList,2026-08-10T15:33:19.174876+00:00
2019-06,9018310000,CN,중국,1220,118870,28472,296089,-177219,korea_customs_service,https://apis.data.go.kr/1220000/nitemtrade/getNitemtradeList,2026-08-10T15:33:19.174876+00:00
2019-07,9018310000,CN,중국,1990,147374,48064,325033,-177659,korea_customs_service,https://apis.data.go.kr/1220000/nitemtrade/getNitemtradeList,2026-08-10T15:33:19.174876+00:00
2019-08,9018310000,CN,중국,9009,68964,33118,352362,-283398,korea_customs_service,https://apis.data.go.kr/1220000/nitemtrade/getNitemtradeList,2026-08-10T15:33:19.174876+00:00
2019-09,9018310000,CN,중국,1523,39851,42340,259918,-220067,korea_customs_service,https://apis.data.go.kr/1220000/nitemtrade/getNitemtradeList,2026-08-10T15:33:19.174876+00:00
2019-10,9018310000,CN,중국,1395,84044,13056,104015,-19971,korea_customs_service,https://apis.data.go.kr/1220000/nitemtrade/getNitemtradeList,2026-08-10T15:33:19.174876+00:00
2019-11,9018310000,CN,중국,2590,181749,19285,174874,6875,korea_customs_service,https://apis.data.go.kr/1220000/nitemtrade/getNitemtradeList,2026-08-10T15:33:19.174876+00:00
2019-12,9018310000,CN,중국,1113,87297,61062,420369,-333072,korea_customs_service,https://apis.data.go.kr/1220000/nitemtrade/getNitemtradeList,2026-08-10T15:33:19.174876+00:00
2020-01,9018310000,CN,중국,2260,69926,43903,318356,-248430,korea_customs_service,https://apis.data.go.kr/1220000/nitemtrade/getNitemtradeList,2026-08-10T15:33:19.568713+00:00
2020-02,9018310000,CN,중국,498,48630,23102,108675,-60045,korea_customs_service,https://apis.data.go.kr/1220000/nitemtrade/getNitemtradeList,2026-08-10T15:33:19.568713+00:00
2020-03,9018310000,CN,중국,885,68320,35738,271540,-203220,korea_customs_service,https://apis.data.go.kr/1220000/nitemtrade/getNitemtradeList,2026-08-10T15:33:19.568713+00:00
2020-04,9018310000,CN,중국,502,39597,29215,235281,-195684,korea_customs_service,https://apis.data.go.kr/1220000/nitemtrade/getNitemtradeList,2026-08-10T15:33:19.568713+00:00
2020-05,9018310000,CN,중국,818,63461,36153,232931,-169470,korea_customs_service,https://apis.data.go.kr/1220000/nitemtrade/getNitemtradeList,2026-08-10T15:33:19.568713+00:00
2020-06,9018310000,CN,중국,751,56311,39989,388961,-332650,korea_customs_service,https://apis.data.go.kr/1220000/nitemtrade/getNitemtradeList,2026-08-10T15:33:19.568713+00:00
2020-07,9018310000,CN,중국,0,0,29964,146792,-146792,korea_customs_service,https://apis.data.go.kr/1220000/nitemtrade/getNitemtradeList,2026-08-10T15:33:19.568713+00:00
2020-08,9018310000,CN,중국,731,73117,38295,168192,-95075,korea_customs_service,https://apis.data.go.kr/1220000/nitemtrade/getNitemtradeList,2026-08-10T15:33:19.568713+00:00
2020-09,9018310000,CN,중국,336,27148,44373,214242,-187094,korea_customs_service,https://apis.data.go.kr/1220000/nitemtrade/getNitemtradeList,2026-08-10T15:33:19.568713+00:00
2020-10,9018310000,CN,중국,948,74013,47470,312397,-238384,korea_customs_service,https://apis.data.go.kr/1220000/nitemtrade/getNitemtradeList,2026-08-10T15:33:19.568713+00:00
2020-11,9018310000,CN,중국,640,60402,38691,157025,-96623,korea_customs_service,https://apis.data.go.kr/1220000/nitemtrade/getNitemtradeList,2026-08-10T15:33:19.568713+00:00
2020-12,9018310000,CN,중국,92,5491,46697,352329,-346838,korea_customs_service,https://apis.data.go.kr/1220000/nitemtrade/getNitemtradeList,2026-08-10T15:33:19.568713+00:00
2021-01,9018310000,CN,중국,2009,125870,55737,392618,-266748,korea_customs_service,https://apis.data.go.kr/1220000/nitemtrade/getNitemtradeList,2026-08-10T15:33:19.964224+00:00
2021-02,9018310000,CN,중국,1169,88907,31438,305801,-216894,korea_customs_service,https://apis.data.go.kr/1220000/nitemtrade/getNitemtradeList,2026-08-10T15:33:19.964224+00:00
2021-03,9018310000,CN,중국,14,1089,41091,274828,-273739,korea_customs_service,https://apis.data.go.kr/1220000/nitemtrade/getNitemtradeList,2026-08-10T15:33:19.964224+00:00
2021-04,9018310000,CN,중국,361,27885,66893,387729,-359844,korea_customs_service,https://apis.data.go.kr/1220000/nitemtrade/getNitemtradeList,2026-08-10T15:33:19.964224+00:00
2021-05,9018310000,CN,중국,337,25926,61497,253369,-227443,korea_customs_service,https://apis.data.go.kr/1220000/nitemtrade/getNitemtradeList,2026-08-10T15:33:19.964224+00:00
2021-06,9018310000,CN,중국,1020,80851,69632,426131,-345280,korea_customs_service,https://apis.data.go.kr/1220000/nitemtrade/getNitemtradeList,2026-08-10T15:33:19.964224+00:00
2021-07,9018310000,CN,중국,3130,371362,36974,196687,174675,korea_customs_service,https://apis.data.go.kr/1220000/nitemtrade/getNitemtradeList,2026-08-10T15:33:19.964224+00:00
2021-08,9018310000,CN,중국,670,59862,35342,238284,-178422,korea_customs_service,https://apis.data.go.kr/1220000/nitemtrade/getNitemtradeList,2026-08-10T15:33:19.964224+00:00
2021-09,9018310000,CN,중국,1875,150362,51886,285260,-134898,korea_customs_service,https://apis.data.go.kr/1220000/nitemtrade/getNitemtradeList,2026-08-10T15:33:19.964224+00:00
2021-10,9018310000,CN,중국,0,0,26943,166283,-166283,korea_customs_service,https://apis.data.go.kr/1220000/nitemtrade/getNitemtradeList,2026-08-10T15:33:19.964224+00:00
2021-11,9018310000,CN,중국,1798,149233,48397,265546,-116313,korea_customs_service,https://apis.data.go.kr/1220000/nitemtrade/getNitemtradeList,2026-08-10T15:33:19.964224+00:00
2021-12,9018310000,CN,중국,865,54911,49353,266828,-211917,korea_customs_service,https://apis.data.go.kr/1220000/nitemtrade/getNitemtradeList,2026-08-10T15:33:19.964224+00:00
2022-01,9018310000,CN,중국,0,0,54983,338746,-338746,korea_customs_service,https://apis.data.go.kr/1220000/nitemtrade/getNitemtradeList,2026-08-10T15:33:20.355531+00:00
2022-02,9018310000,CN,중국,1005,78281,40710,256591,-178310,korea_customs_service,https://apis.data.go.kr/1220000/nitemtrade/getNitemtradeList,2026-08-10T15:33:20.355531+00:00
2022-03,9018310000,CN,중국,0,0,38894,284401,-284401,korea_customs_service,https://apis.data.go.kr/1220000/nitemtrade/getNitemtradeList,2026-08-10T15:33:20.355531+00:00
2022-04,9018310000,CN,중국,1147,92740,45915,268184,-175444,korea_customs_service,https://apis.data.go.kr/1220000/nitemtrade/getNitemtradeList,2026-08-10T15:33:20.355531+00:00
2022-05,9018310000,CN,중국,499,40148,71274,376900,-336752,korea_customs_service,https://apis.data.go.kr/1220000/nitemtrade/getNitemtradeList,2026-08-10T15:33:20.355531+00:00
2022-06,9018310000,CN,중국,260,5429,77906,611079,-605650,korea_customs_service,https://apis.data.go.kr/1220000/nitemtrade/getNitemtradeList,2026-08-10T15:33:20.355531+00:00
2022-07,9018310000,CN,중국,1235,95708,63959,438955,-343247,korea_customs_service,https://apis.data.go.kr/1220000/nitemtrade/getNitemtradeList,2026-08-10T15:33:20.355531+00:00
2022-08,9018310000,CN,중국,480,38661,86068,624757,-586096,korea_customs_service,https://apis.data.go.kr/1220000/nitemtrade/getNitemtradeList,2026-08-10T15:33:20.355531+00:00
2022-09,9018310000,CN,중국,490,39195,63592,383019,-343824,korea_customs_service,https://apis.data.go.kr/1220000/nitemtrade/getNitemtradeList,2026-08-10T15:33:20.355531+00:00
2022-10,9018310000,CN,중국,192,39091,61167,285923,-246832,korea_customs_service,https://apis.data.go.kr/1220000/nitemtrade/getNitemtradeList,2026-08-10T15:33:20.355531+00:00
2022-11,9018310000,CN,중국,1373,106178,38598,258024,-151846,korea_customs_service,https://apis.data.go.kr/1220000/nitemtrade/getNitemtradeList,2026-08-10T15:33:20.355531+00:00
2022-12,9018310000,CN,중국,600,48795,93504,590353,-541558,korea_customs_service,https://apis.data.go.kr/1220000/nitemtrade/getNitemtradeList,2026-08-10T15:33:20.355531+00:00
2023-01,9018310000,CN,중국,736,56287,92210,677567,-621280,korea_customs_service,https://apis.data.go.kr/1220000/nitemtrade/getNitemtradeList,2026-08-10T15:33:20.757208+00:00
2023-02,9018310000,CN,중국,8457,281262,53181,302119,-20857,korea_customs_service,https://apis.data.go.kr/1220000/nitemtrade/getNitemtradeList,2026-08-10T15:33:20.757208+00:00
2023-03,9018310000,CN,중국,891,74754,62654,413532,-338778,korea_customs_service,https://apis.data.go.kr/1220000/nitemtrade/getNitemtradeList,2026-08-10T15:33:20.757208+00:00
2023-04,9018310000,CN,중국,0,1,48114,371993,-371992,korea_customs_service,https://apis.data.go.kr/1220000/nitemtrade/getNitemtradeList,2026-08-10T15:33:20.757208+00:00
2023-05,9018310000,CN,중국,770,60885,64301,416859,-355974,korea_customs_service,https://apis.data.go.kr/1220000/nitemtrade/getNitemtradeList,2026-08-10T15:33:20.757208+00:00
2023-06,9018310000,CN,중국,653,53372,53755,325448,-272076,korea_customs_service,https://apis.data.go.kr/1220000/nitemtrade/getNitemtradeList,2026-08-10T15:33:20.757208+00:00
2023-07,9018310000,CN,중국,14038,507000,60348,426596,80404,korea_customs_service,https://apis.data.go.kr/1220000/nitemtrade/getNitemtradeList,2026-08-10T15:33:20.757208+00:00
2023-08,9018310000,CN,중국,265,20568,63017,382583,-362015,korea_customs_service,https://apis.data.go.kr/1220000/nitemtrade/getNitemtradeList,2026-08-10T15:33:20.757208+00:00
2023-09,9018310000,CN,중국,24,1276,70535,367729,-366453,korea_customs_service,https://apis.data.go.kr/1220000/nitemtrade/getNitemtradeList,2026-08-10T15:33:20.757208+00:00
2023-10,9018310000,CN,중국,18543,642312,54449,372074,270238,korea_customs_service,https://apis.data.go.kr/1220000/nitemtrade/getNitemtradeList,2026-08-10T15:33:20.757208+00:00
2023-11,9018310000,CN,중국,26960,938244,69929,420534,517710,korea_customs_service,https://apis.data.go.kr/1220000/nitemtrade/getNitemtradeList,2026-08-10T15:33:20.757208+00:00
2023-12,9018310000,CN,중국,1068,85572,71676,409294,-323722,korea_customs_service,https://apis.data.go.kr/1220000/nitemtrade/getNitemtradeList,2026-08-10T15:33:20.757208+00:00
2024-01,9018310000,CN,중국,631,48584,122597,647062,-598478,korea_customs_service,https://apis.data.go.kr/1220000/nitemtrade/getNitemtradeList,2026-08-10T15:33:21.163570+00:00
2024-02,9018310000,CN,중국,289,1818,109791,711796,-709978,korea_customs_service,https://apis.data.go.kr/1220000/nitemtrade/getNitemtradeList,2026-08-10T15:33:21.163570+00:00
2024-03,9018310000,CN,중국,826,62947,85002,509817,-446870,korea_customs_service,https://apis.data.go.kr/1220000/nitemtrade/getNitemtradeList,2026-08-10T15:33:21.163570+00:00
2024-04,9018310000,CN,중국,901,39905,29124,298426,-258521,korea_customs_service,https://apis.data.go.kr/1220000/nitemtrade/getNitemtradeList,2026-08-10T15:33:21.163570+00:00
2024-05,9018310000,CN,중국,703,34406,40288,409263,-374857,korea_customs_service,https://apis.data.go.kr/1220000/nitemtrade/getNitemtradeList,2026-08-10T15:33:21.163570+00:00
2024-06,9018310000,CN,중국,6098,198540,43709,646473,-447933,korea_customs_service,https://apis.data.go.kr/1220000/nitemtrade/getNitemtradeList,2026-08-10T15:33:21.163570+00:00
2024-07,9018310000,CN,중국,26,7571,47793,348159,-340588,korea_customs_service,https://apis.data.go.kr/1220000/nitemtrade/getNitemtradeList,2026-08-10T15:33:21.163570+00:00
2024-08,9018310000,CN,중국,2043,157184,65525,479177,-321993,korea_customs_service,https://apis.data.go.kr/1220000/nitemtrade/getNitemtradeList,2026-08-10T15:33:21.163570+00:00
2024-09,9018310000,CN,중국,410,30344,84698,735911,-705567,korea_customs_service,https://apis.data.go.kr/1220000/nitemtrade/getNitemtradeList,2026-08-10T15:33:21.163570+00:00
2024-10,9018310000,CN,중국,1823,91985,61071,339231,-247246,korea_customs_service,https://apis.data.go.kr/1220000/nitemtrade/getNitemtradeList,2026-08-10T15:33:21.163570+00:00
2024-11,9018310000,CN,중국,1669,57611,47052,373763,-316152,korea_customs_service,https://apis.data.go.kr/1220000/nitemtrade/getNitemtradeList,2026-08-10T15:33:21.163570+00:00
2024-12,9018310000,CN,중국,1115,86596,79464,571055,-484459,korea_customs_service,https://apis.data.go.kr/1220000/nitemtrade/getNitemtradeList,2026-08-10T15:33:21.163570+00:00
2025-01,9018310000,CN,중국,88,3032,86329,794608,-791576,korea_customs_service,https://apis.data.go.kr/1220000/nitemtrade/getNitemtradeList,2026-08-10T15:33:21.591585+00:00
2025-02,9018310000,CN,중국,13,1105,56377,372993,-371888,korea_customs_service,https://apis.data.go.kr/1220000/nitemtrade/getNitemtradeList,2026-08-10T15:33:21.591585+00:00
2025-03,9018310000,CN,중국,366,28396,81516,463421,-435025,korea_customs_service,https://apis.data.go.kr/1220000/nitemtrade/getNitemtradeList,2026-08-10T15:33:21.591585+00:00
2025-04,9018310000,CN,중국,716,16473,52875,508188,-491715,korea_customs_service,https://apis.data.go.kr/1220000/nitemtrade/getNitemtradeList,2026-08-10T15:33:21.591585+00:00
2025-05,9018310000,CN,중국,847,65807,54518,541143,-475336,korea_customs_service,https://apis.data.go.kr/1220000/nitemtrade/getNitemtradeList,2026-08-10T15:33:21.591585+00:00
2025-06,9018310000,CN,중국,350,27084,69833,556763,-529679,korea_customs_service,https://apis.data.go.kr/1220000/nitemtrade/getNitemtradeList,2026-08-10T15:33:21.591585+00:00
2025-07,9018310000,CN,중국,929,71967,82527,707342,-635375,korea_customs_service,https://apis.data.go.kr/1220000/nitemtrade/getNitemtradeList,2026-08-10T15:33:21.591585+00:00
2025-08,9018310000,CN,중국,1003,50091,55895,462812,-412721,korea_customs_service,https://apis.data.go.kr/1220000/nitemtrade/getNitemtradeList,2026-08-10T15:33:21.591585+00:00
2025-09,9018310000,CN,중국,337,28003,100323,1053098,-1025095,korea_customs_service,https://apis.data.go.kr/1220000/nitemtrade/getNitemtradeList,2026-08-10T15:33:21.591585+00:00
2025-10,9018310000,CN,중국,597,46137,60843,514013,-467876,korea_customs_service,https://apis.data.go.kr/1220000/nitemtrade/getNitemtradeList,2026-08-10T15:33:21.591585+00:00
2025-11,9018310000,CN,중국,3026,201982,49583,461308,-259326,korea_customs_service,https://apis.data.go.kr/1220000/nitemtrade/getNitemtradeList,2026-08-10T15:33:21.591585+00:00
2025-12,9018310000,CN,중국,803,61145,99921,1034776,-973631,korea_customs_service,https://apis.data.go.kr/1220000/nitemtrade/getNitemtradeList,2026-08-10T15:33:21.591585+00:00
2026-01,9018310000,CN,중국,656,50814,57746,471871,-421057,korea_customs_service,https://apis.data.go.kr/1220000/nitemtrade/getNitemtradeList,2026-08-10T15:33:21.921717+00:00
2026-02,9018310000,CN,중국,315,25433,82663,599373,-573940,korea_customs_service,https://apis.data.go.kr/1220000/nitemtrade/getNitemtradeList,2026-08-10T15:33:21.921717+00:00
2026-03,9018310000,CN,중국,607,45850,75302,605897,-560047,korea_customs_service,https://apis.data.go.kr/1220000/nitemtrade/getNitemtradeList,2026-08-10T15:33:21.921717+00:00
2026-04,9018310000,CN,중국,855,67119,123381,860667,-793548,korea_customs_service,https://apis.data.go.kr/1220000/nitemtrade/getNitemtradeList,2026-08-10T15:33:21.921717+00:00
2026-05,9018310000,CN,중국,707,55267,160714,1137143,-1081876,korea_customs_service,https://apis.data.go.kr/1220000/nitemtrade/getNitemtradeList,2026-08-10T15:33:21.921717+00:00
2026-06,9018310000,CN,중국,505,35033,166275,1173876,-1138843,korea_customs_service,https://apis.data.go.kr/1220000/nitemtrade/getNitemtradeList,2026-08-10T15:33:21.921717+00:00
