STD_YYYYMM,hs_code,country_code,country_name,export_weight_kg,export_value_usd,import_weight_kg,import_value_usd,trade_balance_usd,provider,source_endpoint,retrieved_at
2018-01,1701990000,ALL,,16766162,8495070,3817256,2308403,6186667,korea_customs_service,https://apis.data.go.kr/1220000/Itemtrade/getItemtradeList,2026-08-10T15:32:17.885229+00:00
2018-02,1701990000,ALL,,11659935,5940975,12288569,6628336,-687361,korea_customs_service,https://apis.data.go.kr/1220000/Itemtrade/getItemtradeList,2026-08-10T15:32:17.885229+00:00
2018-03,1701990000,ALL,,28955503,14113371,10078020,5463530,8649841,korea_customs_service,https://apis.data.go.kr/1220000/Itemtrade/getItemtradeList,2026-08-10T15:32:17.885229+00:00
2018-04,1701990000,ALL,,29776994,15087355,9110505,4612697,10474658,korea_customs_service,https://apis.data.go.kr/1220000/Itemtrade/getItemtradeList,2026-08-10T15:32:17.885229+00:00
2018-05,1701990000,ALL,,27911023,13580685,8912655,4468791,9111894,korea_customs_service,https://apis.data.go.kr/1220000/Itemtrade/getItemtradeList,2026-08-10T15:32:17.885229+00:00
2018-06,1701990000,ALL,,24858327,11610956,8730163,4325995,7284961,korea_customs_service,https://apis.data.go.kr/1220000/Itemtrade/getItemtradeList,2026-08-10T15:32:17.885229+00:00
2018-07,1701990000,ALL,,20513477,9584920,9394377,4439295,5145625,korea_customs_service,https://apis.data.go.kr/1220000/Itemtrade/getItemtradeList,2026-08-10T15:32:17.885229+00:00
2018-08,1701990000,ALL,,27607963,12583054,11076173,5620054,6963000,korea_customs_service,https://apis.data.go.kr/1220000/Itemtrade/getItemtradeList,2026-08-10T15:32:17.885229+00:00
2018-09,1701990000,ALL,,26629449,12116776,6879960,3266884,8849892,korea_customs_service,https://apis.data.go.kr/1220000/Itemtrade/getItemtradeList,2026-08-10T15:32:17.885229+00:00
2018-10,1701990000,ALL,,30207880,13291651,10475643,4853974,8437677,korea_customs_service,https://apis.data.go.kr/1220000/Itemtrade/getItemtradeList,2026-08-10T15:32:17.885229+00:00
2018-11,1701990000,ALL,,27190467,11718299,9382154,4206130,7512169,korea_customs_service,https://apis.data.go.kr/1220000/Itemtrade/getItemtradeList,2026-08-10T15:32:17.885229+00:00
2018-12,1701990000,ALL,,27587001,11740773,7183718,3370499,8370274,korea_customs_service,https://apis.data.go.kr/1220000/Itemtrade/getItemtradeList,2026-08-10T15:32:17.885229+00:00
2019-01,1701990000,ALL,,22945048,10068353,5499299,2669514,7398839,korea_customs_service,https://apis.data.go.kr/1220000/Itemtrade/getItemtradeList,2026-08-10T15:32:18.227602+00:00
2019-02,1701990000,ALL,,9671195,4150412,7514032,3440668,709744,korea_customs_service,https://apis.data.go.kr/1220000/Itemtrade/getItemtradeList,2026-08-10T15:32:18.227602+00:00
2019-03,1701990000,ALL,,18372319,7748179,8982721,4232482,3515697,korea_customs_service,https://apis.data.go.kr/1220000/Itemtrade/getItemtradeList,2026-08-10T15:32:18.227602+00:00
2019-04,1701990000,ALL,,21876509,9771915,10895438,5148330,4623585,korea_customs_service,https://apis.data.go.kr/1220000/Itemtrade/getItemtradeList,2026-08-10T15:32:18.227602+00:00
2019-05,1701990000,ALL,,18975173,7953968,10538640,4659601,3294367,korea_customs_service,https://apis.data.go.kr/1220000/Itemtrade/getItemtradeList,2026-08-10T15:32:18.227602+00:00
2019-06,1701990000,ALL,,20681175,8492625,9881668,4543254,3949371,korea_customs_service,https://apis.data.go.kr/1220000/Itemtrade/getItemtradeList,2026-08-10T15:32:18.227602+00:00
2019-07,1701990000,ALL,,22681843,9355708,11791384,5412736,3942972,korea_customs_service,https://apis.data.go.kr/1220000/Itemtrade/getItemtradeList,2026-08-10T15:32:18.227602+00:00
2019-08,1701990000,ALL,,27272747,11258660,9508614,4242336,7016324,korea_customs_service,https://apis.data.go.kr/1220000/Itemtrade/getItemtradeList,2026-08-10T15:32:18.227602+00:00
2019-09,1701990000,ALL,,30433385,12701494,9643192,4246566,8454928,korea_customs_service,https://apis.data.go.kr/1220000/Itemtrade/getItemtradeList,2026-08-10T15:32:18.227602+00:00
2019-10,1701990000,ALL,,27599448,11425712,9703531,4274152,7151560,korea_customs_service,https://apis.data.go.kr/1220000/Itemtrade/getItemtradeList,2026-08-10T15:32:18.227602+00:00
2019-11,1701990000,ALL,,36351205,14759549,9479672,4175190,10584359,korea_customs_service,https://apis.data.go.kr/1220000/Itemtrade/getItemtradeList,2026-08-10T15:32:18.227602+00:00
2019-12,1701990000,ALL,,28770987,11695273,9440220,4153432,7541841,korea_customs_service,https://apis.data.go.kr/1220000/Itemtrade/getItemtradeList,2026-08-10T15:32:18.227602+00:00
2020-01,1701990000,ALL,,20557225,8556390,3516516,1725247,6831143,korea_customs_service,https://apis.data.go.kr/1220000/Itemtrade/getItemtradeList,2026-08-10T15:32:18.570744+00:00
2020-02,1701990000,ALL,,15460260,6892955,11746950,5376988,1515967,korea_customs_service,https://apis.data.go.kr/1220000/Itemtrade/getItemtradeList,2026-08-10T15:32:18.570744+00:00
2020-03,1701990000,ALL,,20564548,9702817,9393848,4412981,5289836,korea_customs_service,https://apis.data.go.kr/1220000/Itemtrade/getItemtradeList,2026-08-10T15:32:18.570744+00:00
2020-04,1701990000,ALL,,22996062,10441426,8506362,4144033,6297393,korea_customs_service,https://apis.data.go.kr/1220000/Itemtrade/getItemtradeList,2026-08-10T15:32:18.570744+00:00
2020-05,1701990000,ALL,,22067201,9892389,10535864,5442948,4449441,korea_customs_service,https://apis.data.go.kr/1220000/Itemtrade/getItemtradeList,2026-08-10T15:32:18.570744+00:00
2020-06,1701990000,ALL,,27902165,12019189,10160513,4943266,7075923,korea_customs_service,https://apis.data.go.kr/1220000/Itemtrade/getItemtradeList,2026-08-10T15:32:18.570744+00:00
2020-07,1701990000,ALL,,25749822,11227129,10024963,4971356,6255773,korea_customs_service,https://apis.data.go.kr/1220000/Itemtrade/getItemtradeList,2026-08-10T15:32:18.570744+00:00
2020-08,1701990000,ALL,,30243603,12980865,8671967,4112631,8868234,korea_customs_service,https://apis.data.go.kr/1220000/Itemtrade/getItemtradeList,2026-08-10T15:32:18.570744+00:00
2020-09,1701990000,ALL,,32323590,13963826,8787552,5099477,8864349,korea_customs_service,https://apis.data.go.kr/1220000/Itemtrade/getItemtradeList,2026-08-10T15:32:18.570744+00:00
2020-10,1701990000,ALL,,29623881,12815526,7282477,4173956,8641570,korea_customs_service,https://apis.data.go.kr/1220000/Itemtrade/getItemtradeList,2026-08-10T15:32:18.570744+00:00
2020-11,1701990000,ALL,,34054358,15139826,8158590,4422189,10717637,korea_customs_service,https://apis.data.go.kr/1220000/Itemtrade/getItemtradeList,2026-08-10T15:32:18.570744+00:00
2020-12,1701990000,ALL,,32113577,14065450,7710532,4106998,9958452,korea_customs_service,https://apis.data.go.kr/1220000/Itemtrade/getItemtradeList,2026-08-10T15:32:18.570744+00:00
2021-01,1701990000,ALL,,20154361,9500862,1874433,1154738,8346124,korea_customs_service,https://apis.data.go.kr/1220000/Itemtrade/getItemtradeList,2026-08-10T15:32:18.906506+00:00
2021-02,1701990000,ALL,,12771829,6369742,6386086,3657891,2711851,korea_customs_service,https://apis.data.go.kr/1220000/Itemtrade/getItemtradeList,2026-08-10T15:32:18.906506+00:00
2021-03,1701990000,ALL,,13545010,7185592,10593916,6338782,846810,korea_customs_service,https://apis.data.go.kr/1220000/Itemtrade/getItemtradeList,2026-08-10T15:32:18.906506+00:00
2021-04,1701990000,ALL,,18377771,9443615,7781863,5717767,3725848,korea_customs_service,https://apis.data.go.kr/1220000/Itemtrade/getItemtradeList,2026-08-10T15:32:18.906506+00:00
2021-05,1701990000,ALL,,25008771,13563592,8383898,5126765,8436827,korea_customs_service,https://apis.data.go.kr/1220000/Itemtrade/getItemtradeList,2026-08-10T15:32:18.906506+00:00
2021-06,1701990000,ALL,,21602226,11505600,9442047,6776411,4729189,korea_customs_service,https://apis.data.go.kr/1220000/Itemtrade/getItemtradeList,2026-08-10T15:32:18.906506+00:00
2021-07,1701990000,ALL,,25656646,13928537,8954771,6070781,7857756,korea_customs_service,https://apis.data.go.kr/1220000/Itemtrade/getItemtradeList,2026-08-10T15:32:18.906506+00:00
2021-08,1701990000,ALL,,26973841,15022598,11003927,7404910,7617688,korea_customs_service,https://apis.data.go.kr/1220000/Itemtrade/getItemtradeList,2026-08-10T15:32:18.906506+00:00
2021-09,1701990000,ALL,,25886786,14508148,9164126,6013261,8494887,korea_customs_service,https://apis.data.go.kr/1220000/Itemtrade/getItemtradeList,2026-08-10T15:32:18.906506+00:00
2021-10,1701990000,ALL,,22580103,12783254,9079651,5731482,7051772,korea_customs_service,https://apis.data.go.kr/1220000/Itemtrade/getItemtradeList,2026-08-10T15:32:18.906506+00:00
2021-11,1701990000,ALL,,26470642,15452982,10386898,6202331,9250651,korea_customs_service,https://apis.data.go.kr/1220000/Itemtrade/getItemtradeList,2026-08-10T15:32:18.906506+00:00
2021-12,1701990000,ALL,,30283050,17873764,14551448,9066624,8807140,korea_customs_service,https://apis.data.go.kr/1220000/Itemtrade/getItemtradeList,2026-08-10T15:32:18.906506+00:00
2022-01,1701990000,ALL,,25417154,15696579,2883479,2373733,13322846,korea_customs_service,https://apis.data.go.kr/1220000/Itemtrade/getItemtradeList,2026-08-10T15:32:19.249650+00:00
2022-02,1701990000,ALL,,9914613,6167292,5821983,4021646,2145646,korea_customs_service,https://apis.data.go.kr/1220000/Itemtrade/getItemtradeList,2026-08-10T15:32:19.249650+00:00
2022-03,1701990000,ALL,,8133825,4985568,10391633,6561456,-1575888,korea_customs_service,https://apis.data.go.kr/1220000/Itemtrade/getItemtradeList,2026-08-10T15:32:19.249650+00:00
2022-04,1701990000,ALL,,13597631,8472228,7980724,5418509,3053719,korea_customs_service,https://apis.data.go.kr/1220000/Itemtrade/getItemtradeList,2026-08-10T15:32:19.249650+00:00
2022-05,1701990000,ALL,,17509850,10868316,9403046,6193024,4675292,korea_customs_service,https://apis.data.go.kr/1220000/Itemtrade/getItemtradeList,2026-08-10T15:32:19.249650+00:00
2022-06,1701990000,ALL,,17024614,10525093,8048979,5070045,5455048,korea_customs_service,https://apis.data.go.kr/1220000/Itemtrade/getItemtradeList,2026-08-10T15:32:19.249650+00:00
2022-07,1701990000,ALL,,20214553,12632572,10130994,6524711,6107861,korea_customs_service,https://apis.data.go.kr/1220000/Itemtrade/getItemtradeList,2026-08-10T15:32:19.249650+00:00
2022-08,1701990000,ALL,,28422959,17810257,12101284,8063048,9747209,korea_customs_service,https://apis.data.go.kr/1220000/Itemtrade/getItemtradeList,2026-08-10T15:32:19.249650+00:00
2022-09,1701990000,ALL,,25371420,15719584,8685579,5583177,10136407,korea_customs_service,https://apis.data.go.kr/1220000/Itemtrade/getItemtradeList,2026-08-10T15:32:19.249650+00:00
2022-10,1701990000,ALL,,22257973,13620511,11098746,7833585,5786926,korea_customs_service,https://apis.data.go.kr/1220000/Itemtrade/getItemtradeList,2026-08-10T15:32:19.249650+00:00
2022-11,1701990000,ALL,,27620869,16709799,11426807,7753350,8956449,korea_customs_service,https://apis.data.go.kr/1220000/Itemtrade/getItemtradeList,2026-08-10T15:32:19.249650+00:00
2022-12,1701990000,ALL,,33975118,20896849,12795967,9268865,11627984,korea_customs_service,https://apis.data.go.kr/1220000/Itemtrade/getItemtradeList,2026-08-10T15:32:19.249650+00:00
2023-01,1701990000,ALL,,29301723,18394327,3578181,2548763,15845564,korea_customs_service,https://apis.data.go.kr/1220000/Itemtrade/getItemtradeList,2026-08-10T15:32:19.553579+00:00
2023-02,1701990000,ALL,,8364905,5330540,4037485,2598912,2731628,korea_customs_service,https://apis.data.go.kr/1220000/Itemtrade/getItemtradeList,2026-08-10T15:32:19.553579+00:00
2023-03,1701990000,ALL,,10879878,7145619,7740210,5095651,2049968,korea_customs_service,https://apis.data.go.kr/1220000/Itemtrade/getItemtradeList,2026-08-10T15:32:19.553579+00:00
2023-04,1701990000,ALL,,11728674,7799079,9898871,6293086,1505993,korea_customs_service,https://apis.data.go.kr/1220000/Itemtrade/getItemtradeList,2026-08-10T15:32:19.553579+00:00
2023-05,1701990000,ALL,,16819458,11892450,7580157,5267885,6624565,korea_customs_service,https://apis.data.go.kr/1220000/Itemtrade/getItemtradeList,2026-08-10T15:32:19.553579+00:00
2023-06,1701990000,ALL,,20716502,15188729,9999423,7609472,7579257,korea_customs_service,https://apis.data.go.kr/1220000/Itemtrade/getItemtradeList,2026-08-10T15:32:19.553579+00:00
2023-07,1701990000,ALL,,18452606,14164225,9134977,6296733,7867492,korea_customs_service,https://apis.data.go.kr/1220000/Itemtrade/getItemtradeList,2026-08-10T15:32:19.553579+00:00
2023-08,1701990000,ALL,,25226510,19184743,9962112,7264720,11920023,korea_customs_service,https://apis.data.go.kr/1220000/Itemtrade/getItemtradeList,2026-08-10T15:32:19.553579+00:00
2023-09,1701990000,ALL,,28782133,21723867,8553925,6605966,15117901,korea_customs_service,https://apis.data.go.kr/1220000/Itemtrade/getItemtradeList,2026-08-10T15:32:19.553579+00:00
2023-10,1701990000,ALL,,25122788,18983114,11919142,9751710,9231404,korea_customs_service,https://apis.data.go.kr/1220000/Itemtrade/getItemtradeList,2026-08-10T15:32:19.553579+00:00
2023-11,1701990000,ALL,,26751776,20230599,12763961,10346198,9884401,korea_customs_service,https://apis.data.go.kr/1220000/Itemtrade/getItemtradeList,2026-08-10T15:32:19.553579+00:00
2023-12,1701990000,ALL,,29450500,22414469,15856380,12945532,9468937,korea_customs_service,https://apis.data.go.kr/1220000/Itemtrade/getItemtradeList,2026-08-10T15:32:19.553579+00:00
2024-01,1701990000,ALL,,23943473,18811098,5183386,4209028,14602070,korea_customs_service,https://apis.data.go.kr/1220000/Itemtrade/getItemtradeList,2026-08-10T15:32:19.874591+00:00
2024-02,1701990000,ALL,,19203283,14567799,3555987,2942394,11625405,korea_customs_service,https://apis.data.go.kr/1220000/Itemtrade/getItemtradeList,2026-08-10T15:32:19.874591+00:00
2024-03,1701990000,ALL,,10231245,7871554,7898322,6820211,1051343,korea_customs_service,https://apis.data.go.kr/1220000/Itemtrade/getItemtradeList,2026-08-10T15:32:19.874591+00:00
2024-04,1701990000,ALL,,13585651,9507339,11613612,8979657,527682,korea_customs_service,https://apis.data.go.kr/1220000/Itemtrade/getItemtradeList,2026-08-10T15:32:19.874591+00:00
2024-05,1701990000,ALL,,16664846,11140200,11557195,10251795,888405,korea_customs_service,https://apis.data.go.kr/1220000/Itemtrade/getItemtradeList,2026-08-10T15:32:19.874591+00:00
2024-06,1701990000,ALL,,19922143,12855004,13789154,10414500,2440504,korea_customs_service,https://apis.data.go.kr/1220000/Itemtrade/getItemtradeList,2026-08-10T15:32:19.874591+00:00
2024-07,1701990000,ALL,,27462419,17662024,12486585,9573875,8088149,korea_customs_service,https://apis.data.go.kr/1220000/Itemtrade/getItemtradeList,2026-08-10T15:32:19.874591+00:00
2024-08,1701990000,ALL,,25575148,16263365,6313200,4597244,11666121,korea_customs_service,https://apis.data.go.kr/1220000/Itemtrade/getItemtradeList,2026-08-10T15:32:19.874591+00:00
2024-09,1701990000,ALL,,29425673,18878642,7642566,5753814,13124828,korea_customs_service,https://apis.data.go.kr/1220000/Itemtrade/getItemtradeList,2026-08-10T15:32:19.874591+00:00
2024-10,1701990000,ALL,,28510870,18439318,9874501,6812188,11627130,korea_customs_service,https://apis.data.go.kr/1220000/Itemtrade/getItemtradeList,2026-08-10T15:32:19.874591+00:00
2024-11,1701990000,ALL,,29688619,19223642,9027876,6570820,12652822,korea_customs_service,https://apis.data.go.kr/1220000/Itemtrade/getItemtradeList,2026-08-10T15:32:19.874591+00:00
2024-12,1701990000,ALL,,26139516,17120639,10551252,7547843,9572796,korea_customs_service,https://apis.data.go.kr/1220000/Itemtrade/getItemtradeList,2026-08-10T15:32:19.874591+00:00
2025-01,1701990000,ALL,,9045416,6077415,2579205,1964160,4113255,korea_customs_service,https://apis.data.go.kr/1220000/Itemtrade/getItemtradeList,2026-08-10T15:32:20.169616+00:00
2025-02,1701990000,ALL,,9754664,6475056,4788822,3394321,3080735,korea_customs_service,https://apis.data.go.kr/1220000/Itemtrade/getItemtradeList,2026-08-10T15:32:20.169616+00:00
2025-03,1701990000,ALL,,11051097,7257736,8611827,5829764,1427972,korea_customs_service,https://apis.data.go.kr/1220000/Itemtrade/getItemtradeList,2026-08-10T15:32:20.169616+00:00
2025-04,1701990000,ALL,,13766541,8783014,10624626,7077357,1705657,korea_customs_service,https://apis.data.go.kr/1220000/Itemtrade/getItemtradeList,2026-08-10T15:32:20.169616+00:00
2025-05,1701990000,ALL,,12195636,7785650,9191931,6168026,1617624,korea_customs_service,https://apis.data.go.kr/1220000/Itemtrade/getItemtradeList,2026-08-10T15:32:20.169616+00:00
2025-06,1701990000,ALL,,20647277,12038588,11393523,8161658,3876930,korea_customs_service,https://apis.data.go.kr/1220000/Itemtrade/getItemtradeList,2026-08-10T15:32:20.169616+00:00
2025-07,1701990000,ALL,,23142069,13313330,11462451,7810043,5503287,korea_customs_service,https://apis.data.go.kr/1220000/Itemtrade/getItemtradeList,2026-08-10T15:32:20.169616+00:00
2025-08,1701990000,ALL,,16999556,9670933,8401277,5726349,3944584,korea_customs_service,https://apis.data.go.kr/1220000/Itemtrade/getItemtradeList,2026-08-10T15:32:20.169616+00:00
2025-09,1701990000,ALL,,20911526,11739474,8709812,6893690,4845784,korea_customs_service,https://apis.data.go.kr/1220000/Itemtrade/getItemtradeList,2026-08-10T15:32:20.169616+00:00
2025-10,1701990000,ALL,,23940164,13326179,9068069,5900689,7425490,korea_customs_service,https://apis.data.go.kr/1220000/Itemtrade/getItemtradeList,2026-08-10T15:32:20.169616+00:00
2025-11,1701990000,ALL,,25057024,13737616,7856647,5451430,8286186,korea_customs_service,https://apis.data.go.kr/1220000/Itemtrade/getItemtradeList,2026-08-10T15:32:20.169616+00:00
2025-12,1701990000,ALL,,18660677,10158548,12297772,8252000,1906548,korea_customs_service,https://apis.data.go.kr/1220000/Itemtrade/getItemtradeList,2026-08-10T15:32:20.169616+00:00
2026-01,1701990000,ALL,,9828519,5298099,3191231,2533986,2764113,korea_customs_service,https://apis.data.go.kr/1220000/Itemtrade/getItemtradeList,2026-08-10T15:32:20.428619+00:00
2026-02,1701990000,ALL,,8459876,4435171,7874955,4958680,-523509,korea_customs_service,https://apis.data.go.kr/1220000/Itemtrade/getItemtradeList,2026-08-10T15:32:20.428619+00:00
2026-03,1701990000,ALL,,14963155,7521451,11108048,6287456,1233995,korea_customs_service,https://apis.data.go.kr/1220000/Itemtrade/getItemtradeList,2026-08-10T15:32:20.428619+00:00
2026-04,1701990000,ALL,,16861604,8357301,9013599,4797205,3560096,korea_customs_service,https://apis.data.go.kr/1220000/Itemtrade/getItemtradeList,2026-08-10T15:32:20.428619+00:00
2026-05,1701990000,ALL,,16141593,7962455,8241291,5342739,2619716,korea_customs_service,https://apis.data.go.kr/1220000/Itemtrade/getItemtradeList,2026-08-10T15:32:20.428619+00:00
2026-06,1701990000,ALL,,14509132,7060809,12609716,6669605,391204,korea_customs_service,https://apis.data.go.kr/1220000/Itemtrade/getItemtradeList,2026-08-10T15:32:20.428619+00:00
2018-01,1702301000,ALL,,531989,422201,2630990,1557451,-1135250,korea_customs_service,https://apis.data.go.kr/1220000/Itemtrade/getItemtradeList,2026-08-10T15:32:20.583321+00:00
2018-02,1702301000,ALL,,359821,305253,1971517,1165353,-860100,korea_customs_service,https://apis.data.go.kr/1220000/Itemtrade/getItemtradeList,2026-08-10T15:32:20.583321+00:00
2018-03,1702301000,ALL,,281565,222463,2446272,1581670,-1359207,korea_customs_service,https://apis.data.go.kr/1220000/Itemtrade/getItemtradeList,2026-08-10T15:32:20.583321+00:00
2018-04,1702301000,ALL,,541103,445436,3380651,1916358,-1470922,korea_customs_service,https://apis.data.go.kr/1220000/Itemtrade/getItemtradeList,2026-08-10T15:32:20.583321+00:00
2018-05,1702301000,ALL,,364608,288729,3711391,2301685,-2012956,korea_customs_service,https://apis.data.go.kr/1220000/Itemtrade/getItemtradeList,2026-08-10T15:32:20.583321+00:00
2018-06,1702301000,ALL,,384606,304694,2531215,1523370,-1218676,korea_customs_service,https://apis.data.go.kr/1220000/Itemtrade/getItemtradeList,2026-08-10T15:32:20.583321+00:00
2018-07,1702301000,ALL,,431756,344222,2605000,1673225,-1329003,korea_customs_service,https://apis.data.go.kr/1220000/Itemtrade/getItemtradeList,2026-08-10T15:32:20.583321+00:00
2018-08,1702301000,ALL,,532548,410406,3954838,2131650,-1721244,korea_customs_service,https://apis.data.go.kr/1220000/Itemtrade/getItemtradeList,2026-08-10T15:32:20.583321+00:00
2018-09,1702301000,ALL,,567116,461524,4012936,2143364,-1681840,korea_customs_service,https://apis.data.go.kr/1220000/Itemtrade/getItemtradeList,2026-08-10T15:32:20.583321+00:00
2018-10,1702301000,ALL,,344844,302736,5510502,3008946,-2706210,korea_customs_service,https://apis.data.go.kr/1220000/Itemtrade/getItemtradeList,2026-08-10T15:32:20.583321+00:00
2018-11,1702301000,ALL,,503752,391851,2585970,1470981,-1079130,korea_customs_service,https://apis.data.go.kr/1220000/Itemtrade/getItemtradeList,2026-08-10T15:32:20.583321+00:00
2018-12,1702301000,ALL,,523356,423669,2896991,1758959,-1335290,korea_customs_service,https://apis.data.go.kr/1220000/Itemtrade/getItemtradeList,2026-08-10T15:32:20.583321+00:00
2019-01,1702301000,ALL,,380416,303217,4869915,2570295,-2267078,korea_customs_service,https://apis.data.go.kr/1220000/Itemtrade/getItemtradeList,2026-08-10T15:32:20.910400+00:00
2019-02,1702301000,ALL,,376000,301115,1832809,1096308,-795193,korea_customs_service,https://apis.data.go.kr/1220000/Itemtrade/getItemtradeList,2026-08-10T15:32:20.910400+00:00
2019-03,1702301000,ALL,,577207,475451,5297583,2751070,-2275619,korea_customs_service,https://apis.data.go.kr/1220000/Itemtrade/getItemtradeList,2026-08-10T15:32:20.910400+00:00
2019-04,1702301000,ALL,,354965,305135,2839627,1513042,-1207907,korea_customs_service,https://apis.data.go.kr/1220000/Itemtrade/getItemtradeList,2026-08-10T15:32:20.910400+00:00
2019-05,1702301000,ALL,,414644,338118,2567699,1446143,-1108025,korea_customs_service,https://apis.data.go.kr/1220000/Itemtrade/getItemtradeList,2026-08-10T15:32:20.910400+00:00
2019-06,1702301000,ALL,,488262,434380,5083056,2438875,-2004495,korea_customs_service,https://apis.data.go.kr/1220000/Itemtrade/getItemtradeList,2026-08-10T15:32:20.910400+00:00
2019-07,1702301000,ALL,,592340,483243,5240399,2586651,-2103408,korea_customs_service,https://apis.data.go.kr/1220000/Itemtrade/getItemtradeList,2026-08-10T15:32:20.910400+00:00
2019-08,1702301000,ALL,,471444,382326,2460973,1370861,-988535,korea_customs_service,https://apis.data.go.kr/1220000/Itemtrade/getItemtradeList,2026-08-10T15:32:20.910400+00:00
2019-09,1702301000,ALL,,463368,390278,4731891,2212317,-1822039,korea_customs_service,https://apis.data.go.kr/1220000/Itemtrade/getItemtradeList,2026-08-10T15:32:20.910400+00:00
2019-10,1702301000,ALL,,444912,351774,3586210,1998759,-1646985,korea_customs_service,https://apis.data.go.kr/1220000/Itemtrade/getItemtradeList,2026-08-10T15:32:20.910400+00:00
2019-11,1702301000,ALL,,472133,369772,4737121,2302024,-1932252,korea_customs_service,https://apis.data.go.kr/1220000/Itemtrade/getItemtradeList,2026-08-10T15:32:20.910400+00:00
2019-12,1702301000,ALL,,450779,374808,2484921,1308600,-933792,korea_customs_service,https://apis.data.go.kr/1220000/Itemtrade/getItemtradeList,2026-08-10T15:32:20.910400+00:00
2020-01,1702301000,ALL,,420036,344433,5359137,2553884,-2209451,korea_customs_service,https://apis.data.go.kr/1220000/Itemtrade/getItemtradeList,2026-08-10T15:32:21.236670+00:00
2020-02,1702301000,ALL,,497500,406371,2518577,1437794,-1031423,korea_customs_service,https://apis.data.go.kr/1220000/Itemtrade/getItemtradeList,2026-08-10T15:32:21.236670+00:00
2020-03,1702301000,ALL,,597407,482287,3058187,1743840,-1261553,korea_customs_service,https://apis.data.go.kr/1220000/Itemtrade/getItemtradeList,2026-08-10T15:32:21.236670+00:00
2020-04,1702301000,ALL,,494737,403666,6305849,2886183,-2482517,korea_customs_service,https://apis.data.go.kr/1220000/Itemtrade/getItemtradeList,2026-08-10T15:32:21.236670+00:00
2020-05,1702301000,ALL,,604308,500298,3172805,1635715,-1135417,korea_customs_service,https://apis.data.go.kr/1220000/Itemtrade/getItemtradeList,2026-08-10T15:32:21.236670+00:00
2020-06,1702301000,ALL,,369330,288593,5498342,2598464,-2309871,korea_customs_service,https://apis.data.go.kr/1220000/Itemtrade/getItemtradeList,2026-08-10T15:32:21.236670+00:00
2020-07,1702301000,ALL,,572483,469662,3380308,1911545,-1441883,korea_customs_service,https://apis.data.go.kr/1220000/Itemtrade/getItemtradeList,2026-08-10T15:32:21.236670+00:00
2020-08,1702301000,ALL,,345067,278640,5228064,2341311,-2062671,korea_customs_service,https://apis.data.go.kr/1220000/Itemtrade/getItemtradeList,2026-08-10T15:32:21.236670+00:00
2020-09,1702301000,ALL,,385645,295680,2998825,1734440,-1438760,korea_customs_service,https://apis.data.go.kr/1220000/Itemtrade/getItemtradeList,2026-08-10T15:32:21.236670+00:00
2020-10,1702301000,ALL,,521624,424106,5778462,2687889,-2263783,korea_customs_service,https://apis.data.go.kr/1220000/Itemtrade/getItemtradeList,2026-08-10T15:32:21.236670+00:00
2020-11,1702301000,ALL,,426736,336083,3071859,1757919,-1421836,korea_customs_service,https://apis.data.go.kr/1220000/Itemtrade/getItemtradeList,2026-08-10T15:32:21.236670+00:00
2020-12,1702301000,ALL,,410192,332376,3001573,1657945,-1325569,korea_customs_service,https://apis.data.go.kr/1220000/Itemtrade/getItemtradeList,2026-08-10T15:32:21.236670+00:00
2021-01,1702301000,ALL,,393838,325641,2795347,1724807,-1399166,korea_customs_service,https://apis.data.go.kr/1220000/Itemtrade/getItemtradeList,2026-08-10T15:32:21.556394+00:00
2021-02,1702301000,ALL,,595302,491774,2754019,1930590,-1438816,korea_customs_service,https://apis.data.go.kr/1220000/Itemtrade/getItemtradeList,2026-08-10T15:32:21.556394+00:00
2021-03,1702301000,ALL,,379676,319788,5623271,3532081,-3212293,korea_customs_service,https://apis.data.go.kr/1220000/Itemtrade/getItemtradeList,2026-08-10T15:32:21.556394+00:00
2021-04,1702301000,ALL,,591461,511071,6596873,4543920,-4032849,korea_customs_service,https://apis.data.go.kr/1220000/Itemtrade/getItemtradeList,2026-08-10T15:32:21.556394+00:00
2021-05,1702301000,ALL,,479882,426527,3373830,2552443,-2125916,korea_customs_service,https://apis.data.go.kr/1220000/Itemtrade/getItemtradeList,2026-08-10T15:32:21.556394+00:00
2021-06,1702301000,ALL,,465376,369810,5930576,4025132,-3655322,korea_customs_service,https://apis.data.go.kr/1220000/Itemtrade/getItemtradeList,2026-08-10T15:32:21.556394+00:00
2021-07,1702301000,ALL,,607799,516782,3223248,2909387,-2392605,korea_customs_service,https://apis.data.go.kr/1220000/Itemtrade/getItemtradeList,2026-08-10T15:32:21.556394+00:00
2021-08,1702301000,ALL,,247379,190708,2986086,2345912,-2155204,korea_customs_service,https://apis.data.go.kr/1220000/Itemtrade/getItemtradeList,2026-08-10T15:32:21.556394+00:00
2021-09,1702301000,ALL,,301275,245853,5850791,3889616,-3643763,korea_customs_service,https://apis.data.go.kr/1220000/Itemtrade/getItemtradeList,2026-08-10T15:32:21.556394+00:00
2021-10,1702301000,ALL,,342064,296841,6265682,4353857,-4057016,korea_customs_service,https://apis.data.go.kr/1220000/Itemtrade/getItemtradeList,2026-08-10T15:32:21.556394+00:00
2021-11,1702301000,ALL,,547946,486192,2880278,2071925,-1585733,korea_customs_service,https://apis.data.go.kr/1220000/Itemtrade/getItemtradeList,2026-08-10T15:32:21.556394+00:00
2021-12,1702301000,ALL,,443621,397275,2602196,2257173,-1859898,korea_customs_service,https://apis.data.go.kr/1220000/Itemtrade/getItemtradeList,2026-08-10T15:32:21.556394+00:00
2022-01,1702301000,ALL,,380057,336673,9796694,6578895,-6242222,korea_customs_service,https://apis.data.go.kr/1220000/Itemtrade/getItemtradeList,2026-08-10T15:32:21.868409+00:00
2022-02,1702301000,ALL,,451464,403435,5620308,4386682,-3983247,korea_customs_service,https://apis.data.go.kr/1220000/Itemtrade/getItemtradeList,2026-08-10T15:32:21.868409+00:00
2022-03,1702301000,ALL,,545081,480381,5771493,4013359,-3532978,korea_customs_service,https://apis.data.go.kr/1220000/Itemtrade/getItemtradeList,2026-08-10T15:32:21.868409+00:00
2022-04,1702301000,ALL,,444002,408771,6405887,4453060,-4044289,korea_customs_service,https://apis.data.go.kr/1220000/Itemtrade/getItemtradeList,2026-08-10T15:32:21.868409+00:00
2022-05,1702301000,ALL,,440147,375592,6797660,4813366,-4437774,korea_customs_service,https://apis.data.go.kr/1220000/Itemtrade/getItemtradeList,2026-08-10T15:32:21.868409+00:00
2022-06,1702301000,ALL,,450282,399391,3160610,2671198,-2271807,korea_customs_service,https://apis.data.go.kr/1220000/Itemtrade/getItemtradeList,2026-08-10T15:32:21.868409+00:00
2022-07,1702301000,ALL,,540660,504363,2923484,2599433,-2095070,korea_customs_service,https://apis.data.go.kr/1220000/Itemtrade/getItemtradeList,2026-08-10T15:32:21.868409+00:00
2022-08,1702301000,ALL,,480613,433004,4146306,3254118,-2821114,korea_customs_service,https://apis.data.go.kr/1220000/Itemtrade/getItemtradeList,2026-08-10T15:32:21.868409+00:00
2022-09,1702301000,ALL,,209277,200113,2578467,2049238,-1849125,korea_customs_service,https://apis.data.go.kr/1220000/Itemtrade/getItemtradeList,2026-08-10T15:32:21.868409+00:00
2022-10,1702301000,ALL,,315531,259042,6162709,4117004,-3857962,korea_customs_service,https://apis.data.go.kr/1220000/Itemtrade/getItemtradeList,2026-08-10T15:32:21.868409+00:00
2022-11,1702301000,ALL,,421890,401004,2532490,1665880,-1264876,korea_customs_service,https://apis.data.go.kr/1220000/Itemtrade/getItemtradeList,2026-08-10T15:32:21.868409+00:00
2022-12,1702301000,ALL,,283826,258851,2529888,2230860,-1972009,korea_customs_service,https://apis.data.go.kr/1220000/Itemtrade/getItemtradeList,2026-08-10T15:32:21.868409+00:00
2023-01,1702301000,ALL,,684681,679676,3718006,2837035,-2157359,korea_customs_service,https://apis.data.go.kr/1220000/Itemtrade/getItemtradeList,2026-08-10T15:32:22.184959+00:00
2023-02,1702301000,ALL,,314842,318584,3450390,2632043,-2313459,korea_customs_service,https://apis.data.go.kr/1220000/Itemtrade/getItemtradeList,2026-08-10T15:32:22.184959+00:00
2023-03,1702301000,ALL,,507890,500010,3306859,2949480,-2449470,korea_customs_service,https://apis.data.go.kr/1220000/Itemtrade/getItemtradeList,2026-08-10T15:32:22.184959+00:00
2023-04,1702301000,ALL,,369646,358000,3720467,2882383,-2524383,korea_customs_service,https://apis.data.go.kr/1220000/Itemtrade/getItemtradeList,2026-08-10T15:32:22.184959+00:00
2023-05,1702301000,ALL,,471721,464844,2869060,2389743,-1924899,korea_customs_service,https://apis.data.go.kr/1220000/Itemtrade/getItemtradeList,2026-08-10T15:32:22.184959+00:00
2023-06,1702301000,ALL,,319760,301874,6280322,4240272,-3938398,korea_customs_service,https://apis.data.go.kr/1220000/Itemtrade/getItemtradeList,2026-08-10T15:32:22.184959+00:00
2023-07,1702301000,ALL,,444765,466195,2883717,1970517,-1504322,korea_customs_service,https://apis.data.go.kr/1220000/Itemtrade/getItemtradeList,2026-08-10T15:32:22.184959+00:00
2023-08,1702301000,ALL,,364072,355665,5883909,3826878,-3471213,korea_customs_service,https://apis.data.go.kr/1220000/Itemtrade/getItemtradeList,2026-08-10T15:32:22.184959+00:00
2023-09,1702301000,ALL,,483466,455546,3522817,2532213,-2076667,korea_customs_service,https://apis.data.go.kr/1220000/Itemtrade/getItemtradeList,2026-08-10T15:32:22.184959+00:00
2023-10,1702301000,ALL,,264378,251367,3850011,3148320,-2896953,korea_customs_service,https://apis.data.go.kr/1220000/Itemtrade/getItemtradeList,2026-08-10T15:32:22.184959+00:00
2023-11,1702301000,ALL,,514463,481186,9656771,5828994,-5347808,korea_customs_service,https://apis.data.go.kr/1220000/Itemtrade/getItemtradeList,2026-08-10T15:32:22.184959+00:00
2023-12,1702301000,ALL,,325727,312603,16000914,8874675,-8562072,korea_customs_service,https://apis.data.go.kr/1220000/Itemtrade/getItemtradeList,2026-08-10T15:32:22.184959+00:00
2024-01,1702301000,ALL,,297077,266034,9474292,5774916,-5508882,korea_customs_service,https://apis.data.go.kr/1220000/Itemtrade/getItemtradeList,2026-08-10T15:32:22.478142+00:00
2024-02,1702301000,ALL,,469498,461419,9147036,5531406,-5069987,korea_customs_service,https://apis.data.go.kr/1220000/Itemtrade/getItemtradeList,2026-08-10T15:32:22.478142+00:00
2024-03,1702301000,ALL,,332421,315770,18202632,9673163,-9357393,korea_customs_service,https://apis.data.go.kr/1220000/Itemtrade/getItemtradeList,2026-08-10T15:32:22.478142+00:00
2024-04,1702301000,ALL,,515452,539098,11154657,6501610,-5962512,korea_customs_service,https://apis.data.go.kr/1220000/Itemtrade/getItemtradeList,2026-08-10T15:32:22.478142+00:00
2024-05,1702301000,ALL,,284995,256073,11793944,6632776,-6376703,korea_customs_service,https://apis.data.go.kr/1220000/Itemtrade/getItemtradeList,2026-08-10T15:32:22.478142+00:00
2024-06,1702301000,ALL,,528360,476582,16738820,8847247,-8370665,korea_customs_service,https://apis.data.go.kr/1220000/Itemtrade/getItemtradeList,2026-08-10T15:32:22.478142+00:00
2024-07,1702301000,ALL,,311659,337880,20005492,10581921,-10244041,korea_customs_service,https://apis.data.go.kr/1220000/Itemtrade/getItemtradeList,2026-08-10T15:32:22.478142+00:00
2024-08,1702301000,ALL,,387872,349644,3540339,2695680,-2346036,korea_customs_service,https://apis.data.go.kr/1220000/Itemtrade/getItemtradeList,2026-08-10T15:32:22.478142+00:00
2024-09,1702301000,ALL,,420172,387937,6702259,4256013,-3868076,korea_customs_service,https://apis.data.go.kr/1220000/Itemtrade/getItemtradeList,2026-08-10T15:32:22.478142+00:00
2024-10,1702301000,ALL,,247129,219234,17142413,9032862,-8813628,korea_customs_service,https://apis.data.go.kr/1220000/Itemtrade/getItemtradeList,2026-08-10T15:32:22.478142+00:00
2024-11,1702301000,ALL,,288075,272422,16525408,8614506,-8342084,korea_customs_service,https://apis.data.go.kr/1220000/Itemtrade/getItemtradeList,2026-08-10T15:32:22.478142+00:00
2024-12,1702301000,ALL,,285364,262077,11583280,6796654,-6534577,korea_customs_service,https://apis.data.go.kr/1220000/Itemtrade/getItemtradeList,2026-08-10T15:32:22.478142+00:00
2025-01,1702301000,ALL,,574379,518992,15357275,8084699,-7565707,korea_customs_service,https://apis.data.go.kr/1220000/Itemtrade/getItemtradeList,2026-08-10T15:32:22.779848+00:00
2025-02,1702301000,ALL,,484323,430609,11410246,6379174,-5948565,korea_customs_service,https://apis.data.go.kr/1220000/Itemtrade/getItemtradeList,2026-08-10T15:32:22.779848+00:00
2025-03,1702301000,ALL,,440761,396145,19968905,10167004,-9770859,korea_customs_service,https://apis.data.go.kr/1220000/Itemtrade/getItemtradeList,2026-08-10T15:32:22.779848+00:00
2025-04,1702301000,ALL,,448984,430039,16530938,8750939,-8320900,korea_customs_service,https://apis.data.go.kr/1220000/Itemtrade/getItemtradeList,2026-08-10T15:32:22.779848+00:00
2025-05,1702301000,ALL,,331730,315651,19379496,10426749,-10111098,korea_customs_service,https://apis.data.go.kr/1220000/Itemtrade/getItemtradeList,2026-08-10T15:32:22.779848+00:00
2025-06,1702301000,ALL,,409762,396547,14375419,8639295,-8242748,korea_customs_service,https://apis.data.go.kr/1220000/Itemtrade/getItemtradeList,2026-08-10T15:32:22.779848+00:00
2025-07,1702301000,ALL,,339301,329744,8587563,5016268,-4686524,korea_customs_service,https://apis.data.go.kr/1220000/Itemtrade/getItemtradeList,2026-08-10T15:32:22.779848+00:00
2025-08,1702301000,ALL,,615659,560239,8203053,5206534,-4646295,korea_customs_service,https://apis.data.go.kr/1220000/Itemtrade/getItemtradeList,2026-08-10T15:32:22.779848+00:00
2025-09,1702301000,ALL,,506537,459768,4563397,3238649,-2778881,korea_customs_service,https://apis.data.go.kr/1220000/Itemtrade/getItemtradeList,2026-08-10T15:32:22.779848+00:00
2025-10,1702301000,ALL,,275584,244906,3626811,3116390,-2871484,korea_customs_service,https://apis.data.go.kr/1220000/Itemtrade/getItemtradeList,2026-08-10T15:32:22.779848+00:00
2025-11,1702301000,ALL,,488163,478757,3098071,2135478,-1656721,korea_customs_service,https://apis.data.go.kr/1220000/Itemtrade/getItemtradeList,2026-08-10T15:32:22.779848+00:00
2025-12,1702301000,ALL,,350000,306252,7954344,5244138,-4937886,korea_customs_service,https://apis.data.go.kr/1220000/Itemtrade/getItemtradeList,2026-08-10T15:32:22.779848+00:00
2026-01,1702301000,ALL,,508073,449813,16333714,7495911,-7046098,korea_customs_service,https://apis.data.go.kr/1220000/Itemtrade/getItemtradeList,2026-08-10T15:32:25.049680+00:00
2026-02,1702301000,ALL,,202707,208479,7019911,3716639,-3508160,korea_customs_service,https://apis.data.go.kr/1220000/Itemtrade/getItemtradeList,2026-08-10T15:32:25.049680+00:00
2026-03,1702301000,ALL,,505370,457293,12714323,7186996,-6729703,korea_customs_service,https://apis.data.go.kr/1220000/Itemtrade/getItemtradeList,2026-08-10T15:32:25.049680+00:00
2026-04,1702301000,ALL,,537735,490517,12442952,6391252,-5900735,korea_customs_service,https://apis.data.go.kr/1220000/Itemtrade/getItemtradeList,2026-08-10T15:32:25.049680+00:00
2026-05,1702301000,ALL,,289834,259977,17269296,9270294,-9010317,korea_customs_service,https://apis.data.go.kr/1220000/Itemtrade/getItemtradeList,2026-08-10T15:32:25.049680+00:00
2026-06,1702301000,ALL,,315857,307821,18098236,9753942,-9446121,korea_customs_service,https://apis.data.go.kr/1220000/Itemtrade/getItemtradeList,2026-08-10T15:32:25.049680+00:00
2023-01,1702401000,ALL,,63,428,0,0,428,korea_customs_service,https://apis.data.go.kr/1220000/Itemtrade/getItemtradeList,2026-08-10T12:44:02.642362+00:00
2023-02,1702401000,ALL,,1000,1659,19202,23207,-21548,korea_customs_service,https://apis.data.go.kr/1220000/Itemtrade/getItemtradeList,2026-08-10T12:44:02.642362+00:00
2023-03,1702401000,ALL,,500,964,2,27,937,korea_customs_service,https://apis.data.go.kr/1220000/Itemtrade/getItemtradeList,2026-08-10T12:44:02.642362+00:00
2023-04,1702401000,ALL,,63,423,12,365,58,korea_customs_service,https://apis.data.go.kr/1220000/Itemtrade/getItemtradeList,2026-08-10T12:44:02.642362+00:00
2023-05,1702401000,ALL,,0,0,2,13,-13,korea_customs_service,https://apis.data.go.kr/1220000/Itemtrade/getItemtradeList,2026-08-10T12:44:02.642362+00:00
2023-06,1702401000,ALL,,558,1713,0,0,1713,korea_customs_service,https://apis.data.go.kr/1220000/Itemtrade/getItemtradeList,2026-08-10T12:44:02.642362+00:00
2023-07,1702401000,ALL,,2803,4997,19200,22717,-17720,korea_customs_service,https://apis.data.go.kr/1220000/Itemtrade/getItemtradeList,2026-08-10T12:44:02.642362+00:00
2023-08,1702401000,ALL,,800,1416,0,0,1416,korea_customs_service,https://apis.data.go.kr/1220000/Itemtrade/getItemtradeList,2026-08-10T12:44:02.642362+00:00
2023-09,1702401000,ALL,,200,339,0,0,339,korea_customs_service,https://apis.data.go.kr/1220000/Itemtrade/getItemtradeList,2026-08-10T12:44:02.642362+00:00
2023-10,1702401000,ALL,,400,707,19395,23969,-23262,korea_customs_service,https://apis.data.go.kr/1220000/Itemtrade/getItemtradeList,2026-08-10T12:44:02.642362+00:00
2023-11,1702401000,ALL,,4400,7630,0,0,7630,korea_customs_service,https://apis.data.go.kr/1220000/Itemtrade/getItemtradeList,2026-08-10T12:44:02.642362+00:00
2023-12,1702401000,ALL,,32,212,0,0,212,korea_customs_service,https://apis.data.go.kr/1220000/Itemtrade/getItemtradeList,2026-08-10T12:44:02.642362+00:00
2024-01,1702401000,ALL,,500,864,39,14738,-13874,korea_customs_service,https://apis.data.go.kr/1220000/Itemtrade/getItemtradeList,2026-08-10T12:44:02.955846+00:00
2024-02,1702401000,ALL,,232,565,0,0,565,korea_customs_service,https://apis.data.go.kr/1220000/Itemtrade/getItemtradeList,2026-08-10T12:44:02.955846+00:00
2024-03,1702401000,ALL,,152,395,20008,13544,-13149,korea_customs_service,https://apis.data.go.kr/1220000/Itemtrade/getItemtradeList,2026-08-10T12:44:02.955846+00:00
2024-04,1702401000,ALL,,400,702,19231,20933,-20231,korea_customs_service,https://apis.data.go.kr/1220000/Itemtrade/getItemtradeList,2026-08-10T12:44:02.955846+00:00
2024-05,1702401000,ALL,,1232,2205,25,480,1725,korea_customs_service,https://apis.data.go.kr/1220000/Itemtrade/getItemtradeList,2026-08-10T12:44:02.955846+00:00
2024-06,1702401000,ALL,,32,204,7,146,58,korea_customs_service,https://apis.data.go.kr/1220000/Itemtrade/getItemtradeList,2026-08-10T12:44:02.955846+00:00
2024-07,1702401000,ALL,,832,1528,16007,8674,-7146,korea_customs_service,https://apis.data.go.kr/1220000/Itemtrade/getItemtradeList,2026-08-10T12:44:02.955846+00:00
2024-08,1702401000,ALL,,1003,1694,19227,21124,-19430,korea_customs_service,https://apis.data.go.kr/1220000/Itemtrade/getItemtradeList,2026-08-10T12:44:02.955846+00:00
2024-09,1702401000,ALL,,63,416,9,207,209,korea_customs_service,https://apis.data.go.kr/1220000/Itemtrade/getItemtradeList,2026-08-10T12:44:02.955846+00:00
2024-10,1702401000,ALL,,600,1032,116,1081,-49,korea_customs_service,https://apis.data.go.kr/1220000/Itemtrade/getItemtradeList,2026-08-10T12:44:02.955846+00:00
2024-11,1702401000,ALL,,0,0,9,180,-180,korea_customs_service,https://apis.data.go.kr/1220000/Itemtrade/getItemtradeList,2026-08-10T12:44:02.955846+00:00
2024-12,1702401000,ALL,,400,679,19210,20971,-20292,korea_customs_service,https://apis.data.go.kr/1220000/Itemtrade/getItemtradeList,2026-08-10T12:44:02.955846+00:00
2025-01,1702401000,ALL,,0,0,5,119,-119,korea_customs_service,https://apis.data.go.kr/1220000/Itemtrade/getItemtradeList,2026-08-10T12:44:03.224434+00:00
2025-02,1702401000,ALL,,463,1028,19215,20264,-19236,korea_customs_service,https://apis.data.go.kr/1220000/Itemtrade/getItemtradeList,2026-08-10T12:44:03.224434+00:00
2025-03,1702401000,ALL,,200,317,21,523,-206,korea_customs_service,https://apis.data.go.kr/1220000/Itemtrade/getItemtradeList,2026-08-10T12:44:03.224434+00:00
2025-04,1702401000,ALL,,79,477,36,722,-245,korea_customs_service,https://apis.data.go.kr/1220000/Itemtrade/getItemtradeList,2026-08-10T12:44:03.224434+00:00
2025-05,1702401000,ALL,,0,0,27,534,-534,korea_customs_service,https://apis.data.go.kr/1220000/Itemtrade/getItemtradeList,2026-08-10T12:44:03.224434+00:00
2025-06,1702401000,ALL,,463,1051,19289,20937,-19886,korea_customs_service,https://apis.data.go.kr/1220000/Itemtrade/getItemtradeList,2026-08-10T12:44:03.224434+00:00
2025-07,1702401000,ALL,,942,3404,34013,16932,-13528,korea_customs_service,https://apis.data.go.kr/1220000/Itemtrade/getItemtradeList,2026-08-10T12:44:03.224434+00:00
2025-08,1702401000,ALL,,1063,2057,0,0,2057,korea_customs_service,https://apis.data.go.kr/1220000/Itemtrade/getItemtradeList,2026-08-10T12:44:03.224434+00:00
2025-09,1702401000,ALL,,600,984,0,1,983,korea_customs_service,https://apis.data.go.kr/1220000/Itemtrade/getItemtradeList,2026-08-10T12:44:03.224434+00:00
2025-10,1702401000,ALL,,0,0,19264,21230,-21230,korea_customs_service,https://apis.data.go.kr/1220000/Itemtrade/getItemtradeList,2026-08-10T12:44:03.224434+00:00
2025-11,1702401000,ALL,,109,613,36040,19237,-18624,korea_customs_service,https://apis.data.go.kr/1220000/Itemtrade/getItemtradeList,2026-08-10T12:44:03.224434+00:00
2025-12,1702401000,ALL,,63,376,19249,23402,-23026,korea_customs_service,https://apis.data.go.kr/1220000/Itemtrade/getItemtradeList,2026-08-10T12:44:03.224434+00:00
2026-01,1702401000,ALL,,465,1010,19306,21480,-20470,korea_customs_service,https://apis.data.go.kr/1220000/Itemtrade/getItemtradeList,2026-08-10T12:44:03.502480+00:00
2026-02,1702401000,ALL,,432,839,49,1087,-248,korea_customs_service,https://apis.data.go.kr/1220000/Itemtrade/getItemtradeList,2026-08-10T12:44:03.502480+00:00
2026-03,1702401000,ALL,,200,323,34049,17771,-17448,korea_customs_service,https://apis.data.go.kr/1220000/Itemtrade/getItemtradeList,2026-08-10T12:44:03.502480+00:00
2026-04,1702401000,ALL,,0,0,19218,20449,-20449,korea_customs_service,https://apis.data.go.kr/1220000/Itemtrade/getItemtradeList,2026-08-10T12:44:03.502480+00:00
2026-05,1702401000,ALL,,595,1294,19200,20016,-18722,korea_customs_service,https://apis.data.go.kr/1220000/Itemtrade/getItemtradeList,2026-08-10T12:44:03.502480+00:00
2026-06,1702401000,ALL,,200,305,36000,18902,-18597,korea_customs_service,https://apis.data.go.kr/1220000/Itemtrade/getItemtradeList,2026-08-10T12:44:03.502480+00:00
2023-01,2501009020,ALL,,396,7995,1625564,685082,-677087,korea_customs_service,https://apis.data.go.kr/1220000/Itemtrade/getItemtradeList,2026-08-10T12:44:03.634370+00:00
2023-02,2501009020,ALL,,523,2304,963377,567756,-565452,korea_customs_service,https://apis.data.go.kr/1220000/Itemtrade/getItemtradeList,2026-08-10T12:44:03.634370+00:00
2023-03,2501009020,ALL,,1890,6327,1921670,1301437,-1295110,korea_customs_service,https://apis.data.go.kr/1220000/Itemtrade/getItemtradeList,2026-08-10T12:44:03.634370+00:00
2023-04,2501009020,ALL,,651,2601,1489894,774038,-771437,korea_customs_service,https://apis.data.go.kr/1220000/Itemtrade/getItemtradeList,2026-08-10T12:44:03.634370+00:00
2023-05,2501009020,ALL,,972,3300,1986385,870043,-866743,korea_customs_service,https://apis.data.go.kr/1220000/Itemtrade/getItemtradeList,2026-08-10T12:44:03.634370+00:00
2023-06,2501009020,ALL,,6413,16096,1223326,643246,-627150,korea_customs_service,https://apis.data.go.kr/1220000/Itemtrade/getItemtradeList,2026-08-10T12:44:03.634370+00:00
2023-07,2501009020,ALL,,678,1693,1009714,541014,-539321,korea_customs_service,https://apis.data.go.kr/1220000/Itemtrade/getItemtradeList,2026-08-10T12:44:03.634370+00:00
2023-08,2501009020,ALL,,1163,5020,1247082,694155,-689135,korea_customs_service,https://apis.data.go.kr/1220000/Itemtrade/getItemtradeList,2026-08-10T12:44:03.634370+00:00
2023-09,2501009020,ALL,,1752,5642,1396513,874691,-869049,korea_customs_service,https://apis.data.go.kr/1220000/Itemtrade/getItemtradeList,2026-08-10T12:44:03.634370+00:00
2023-10,2501009020,ALL,,1382,5815,1107420,522513,-516698,korea_customs_service,https://apis.data.go.kr/1220000/Itemtrade/getItemtradeList,2026-08-10T12:44:03.634370+00:00
2023-11,2501009020,ALL,,1388,8255,1585605,753884,-745629,korea_customs_service,https://apis.data.go.kr/1220000/Itemtrade/getItemtradeList,2026-08-10T12:44:03.634370+00:00
2023-12,2501009020,ALL,,322,1390,1085282,371480,-370090,korea_customs_service,https://apis.data.go.kr/1220000/Itemtrade/getItemtradeList,2026-08-10T12:44:03.634370+00:00
2024-01,2501009020,ALL,,1549,5571,1624358,1119080,-1113509,korea_customs_service,https://apis.data.go.kr/1220000/Itemtrade/getItemtradeList,2026-08-10T12:44:03.937304+00:00
2024-02,2501009020,ALL,,1726,7928,1416721,655070,-647142,korea_customs_service,https://apis.data.go.kr/1220000/Itemtrade/getItemtradeList,2026-08-10T12:44:03.937304+00:00
2024-03,2501009020,ALL,,502,3132,1232511,1056886,-1053754,korea_customs_service,https://apis.data.go.kr/1220000/Itemtrade/getItemtradeList,2026-08-10T12:44:03.937304+00:00
2024-04,2501009020,ALL,,280,6210,1476636,1091590,-1085380,korea_customs_service,https://apis.data.go.kr/1220000/Itemtrade/getItemtradeList,2026-08-10T12:44:03.937304+00:00
2024-05,2501009020,ALL,,3595,15941,2149535,996778,-980837,korea_customs_service,https://apis.data.go.kr/1220000/Itemtrade/getItemtradeList,2026-08-10T12:44:03.937304+00:00
2024-06,2501009020,ALL,,230,1227,1515327,1142812,-1141585,korea_customs_service,https://apis.data.go.kr/1220000/Itemtrade/getItemtradeList,2026-08-10T12:44:03.937304+00:00
2024-07,2501009020,ALL,,966,6925,1105705,694465,-687540,korea_customs_service,https://apis.data.go.kr/1220000/Itemtrade/getItemtradeList,2026-08-10T12:44:03.937304+00:00
2024-08,2501009020,ALL,,82288,20864,1805361,1121537,-1100673,korea_customs_service,https://apis.data.go.kr/1220000/Itemtrade/getItemtradeList,2026-08-10T12:44:03.937304+00:00
2024-09,2501009020,ALL,,1664,5134,1267140,746817,-741683,korea_customs_service,https://apis.data.go.kr/1220000/Itemtrade/getItemtradeList,2026-08-10T12:44:03.937304+00:00
2024-10,2501009020,ALL,,575,3313,3080653,1833370,-1830057,korea_customs_service,https://apis.data.go.kr/1220000/Itemtrade/getItemtradeList,2026-08-10T12:44:03.937304+00:00
2024-11,2501009020,ALL,,626,2864,984995,683570,-680706,korea_customs_service,https://apis.data.go.kr/1220000/Itemtrade/getItemtradeList,2026-08-10T12:44:03.937304+00:00
2024-12,2501009020,ALL,,14896,41971,1330751,806215,-764244,korea_customs_service,https://apis.data.go.kr/1220000/Itemtrade/getItemtradeList,2026-08-10T12:44:03.937304+00:00
2025-01,2501009020,ALL,,18123,43818,1461935,675051,-631233,korea_customs_service,https://apis.data.go.kr/1220000/Itemtrade/getItemtradeList,2026-08-10T12:44:04.238061+00:00
2025-02,2501009020,ALL,,14208,38596,2265758,1117593,-1078997,korea_customs_service,https://apis.data.go.kr/1220000/Itemtrade/getItemtradeList,2026-08-10T12:44:04.238061+00:00
2025-03,2501009020,ALL,,243,1593,2369519,1244929,-1243336,korea_customs_service,https://apis.data.go.kr/1220000/Itemtrade/getItemtradeList,2026-08-10T12:44:04.238061+00:00
2025-04,2501009020,ALL,,124632,78501,1585595,941590,-863089,korea_customs_service,https://apis.data.go.kr/1220000/Itemtrade/getItemtradeList,2026-08-10T12:44:04.238061+00:00
2025-05,2501009020,ALL,,1831,5072,1590758,1152486,-1147414,korea_customs_service,https://apis.data.go.kr/1220000/Itemtrade/getItemtradeList,2026-08-10T12:44:04.238061+00:00
2025-06,2501009020,ALL,,6616,18909,633913,777427,-758518,korea_customs_service,https://apis.data.go.kr/1220000/Itemtrade/getItemtradeList,2026-08-10T12:44:04.238061+00:00
2025-07,2501009020,ALL,,98,591,1220730,1017844,-1017253,korea_customs_service,https://apis.data.go.kr/1220000/Itemtrade/getItemtradeList,2026-08-10T12:44:04.238061+00:00
2025-08,2501009020,ALL,,137218,34407,1470262,962586,-928179,korea_customs_service,https://apis.data.go.kr/1220000/Itemtrade/getItemtradeList,2026-08-10T12:44:04.238061+00:00
2025-09,2501009020,ALL,,1114,6022,2088771,1352629,-1346607,korea_customs_service,https://apis.data.go.kr/1220000/Itemtrade/getItemtradeList,2026-08-10T12:44:04.238061+00:00
2025-10,2501009020,ALL,,4449,21622,1915698,1743867,-1722245,korea_customs_service,https://apis.data.go.kr/1220000/Itemtrade/getItemtradeList,2026-08-10T12:44:04.238061+00:00
2025-11,2501009020,ALL,,12064,30404,1450919,1015904,-985500,korea_customs_service,https://apis.data.go.kr/1220000/Itemtrade/getItemtradeList,2026-08-10T12:44:04.238061+00:00
2025-12,2501009020,ALL,,13848,36314,1463551,791753,-755439,korea_customs_service,https://apis.data.go.kr/1220000/Itemtrade/getItemtradeList,2026-08-10T12:44:04.238061+00:00
2026-01,2501009020,ALL,,705,3806,1983467,1310755,-1306949,korea_customs_service,https://apis.data.go.kr/1220000/Itemtrade/getItemtradeList,2026-08-10T12:44:04.544105+00:00
2026-02,2501009020,ALL,,797,5760,1239110,1040040,-1034280,korea_customs_service,https://apis.data.go.kr/1220000/Itemtrade/getItemtradeList,2026-08-10T12:44:04.544105+00:00
2026-03,2501009020,ALL,,13741,35530,1995137,993955,-958425,korea_customs_service,https://apis.data.go.kr/1220000/Itemtrade/getItemtradeList,2026-08-10T12:44:04.544105+00:00
2026-04,2501009020,ALL,,4130,12880,1732799,942615,-929735,korea_customs_service,https://apis.data.go.kr/1220000/Itemtrade/getItemtradeList,2026-08-10T12:44:04.544105+00:00
2026-05,2501009020,ALL,,793,3783,1722707,898555,-894772,korea_customs_service,https://apis.data.go.kr/1220000/Itemtrade/getItemtradeList,2026-08-10T12:44:04.544105+00:00
2026-06,2501009020,ALL,,25987,68049,1712569,1322630,-1254581,korea_customs_service,https://apis.data.go.kr/1220000/Itemtrade/getItemtradeList,2026-08-10T12:44:04.544105+00:00
2018-01,2710124000,ALL,,392855988,241370004,1890906075,1143051903,-901681899,korea_customs_service,https://apis.data.go.kr/1220000/Itemtrade/getItemtradeList,2026-08-10T15:32:25.210589+00:00
2018-02,2710124000,ALL,,393418357,231999899,2059255208,1257444871,-1025444972,korea_customs_service,https://apis.data.go.kr/1220000/Itemtrade/getItemtradeList,2026-08-10T15:32:25.210589+00:00
2018-03,2710124000,ALL,,291658164,169711888,2023349585,1161570696,-991858808,korea_customs_service,https://apis.data.go.kr/1220000/Itemtrade/getItemtradeList,2026-08-10T15:32:25.210589+00:00
2018-04,2710124000,ALL,,449692085,278830374,1790539701,1048501363,-769670989,korea_customs_service,https://apis.data.go.kr/1220000/Itemtrade/getItemtradeList,2026-08-10T15:32:25.210589+00:00
2018-05,2710124000,ALL,,323265864,215534103,2085108292,1300082797,-1084548694,korea_customs_service,https://apis.data.go.kr/1220000/Itemtrade/getItemtradeList,2026-08-10T15:32:25.210589+00:00
2018-06,2710124000,ALL,,419806023,278383581,1993702676,1356228386,-1077844805,korea_customs_service,https://apis.data.go.kr/1220000/Itemtrade/getItemtradeList,2026-08-10T15:32:25.210589+00:00
2018-07,2710124000,ALL,,354768701,236609521,2327856633,1546261869,-1309652348,korea_customs_service,https://apis.data.go.kr/1220000/Itemtrade/getItemtradeList,2026-08-10T15:32:25.210589+00:00
2018-08,2710124000,ALL,,425534176,283024029,2152633651,1437125390,-1154101361,korea_customs_service,https://apis.data.go.kr/1220000/Itemtrade/getItemtradeList,2026-08-10T15:32:25.210589+00:00
2018-09,2710124000,ALL,,392993664,270554828,2103075461,1402831226,-1132276398,korea_customs_service,https://apis.data.go.kr/1220000/Itemtrade/getItemtradeList,2026-08-10T15:32:25.210589+00:00
2018-10,2710124000,ALL,,453658772,307458938,1951193854,1354576176,-1047117238,korea_customs_service,https://apis.data.go.kr/1220000/Itemtrade/getItemtradeList,2026-08-10T15:32:25.210589+00:00
2018-11,2710124000,ALL,,451268819,283380236,2133839398,1468133447,-1184753211,korea_customs_service,https://apis.data.go.kr/1220000/Itemtrade/getItemtradeList,2026-08-10T15:32:25.210589+00:00
2018-12,2710124000,ALL,,472684281,243279209,2133258986,1194947784,-951668575,korea_customs_service,https://apis.data.go.kr/1220000/Itemtrade/getItemtradeList,2026-08-10T15:32:25.210589+00:00
2019-01,2710124000,ALL,,328759672,158650646,2069312748,1024495971,-865845325,korea_customs_service,https://apis.data.go.kr/1220000/Itemtrade/getItemtradeList,2026-08-10T15:32:25.566852+00:00
2019-02,2710124000,ALL,,413496022,215876244,1707932476,835939827,-620063583,korea_customs_service,https://apis.data.go.kr/1220000/Itemtrade/getItemtradeList,2026-08-10T15:32:25.566852+00:00
2019-03,2710124000,ALL,,380780252,211527571,1723679759,906681478,-695153907,korea_customs_service,https://apis.data.go.kr/1220000/Itemtrade/getItemtradeList,2026-08-10T15:32:25.566852+00:00
2019-04,2710124000,ALL,,629662606,363030456,1994847453,1113064455,-750033999,korea_customs_service,https://apis.data.go.kr/1220000/Itemtrade/getItemtradeList,2026-08-10T15:32:25.566852+00:00
2019-05,2710124000,ALL,,483555753,263954030,2160275285,1269118613,-1005164583,korea_customs_service,https://apis.data.go.kr/1220000/Itemtrade/getItemtradeList,2026-08-10T15:32:25.566852+00:00
2019-06,2710124000,ALL,,474844622,234178515,2135075496,1203114106,-968935591,korea_customs_service,https://apis.data.go.kr/1220000/Itemtrade/getItemtradeList,2026-08-10T15:32:25.566852+00:00
2019-07,2710124000,ALL,,487465848,247361070,2333421638,1165159198,-917798128,korea_customs_service,https://apis.data.go.kr/1220000/Itemtrade/getItemtradeList,2026-08-10T15:32:25.566852+00:00
2019-08,2710124000,ALL,,464812703,223943260,2640035448,1364879767,-1140936507,korea_customs_service,https://apis.data.go.kr/1220000/Itemtrade/getItemtradeList,2026-08-10T15:32:25.566852+00:00
2019-09,2710124000,ALL,,395009716,197481896,2251805805,1079892163,-882410267,korea_customs_service,https://apis.data.go.kr/1220000/Itemtrade/getItemtradeList,2026-08-10T15:32:25.566852+00:00
2019-10,2710124000,ALL,,251668221,136906845,2087511715,1056190278,-919283433,korea_customs_service,https://apis.data.go.kr/1220000/Itemtrade/getItemtradeList,2026-08-10T15:32:25.566852+00:00
2019-11,2710124000,ALL,,422461611,237306046,2157053270,1150176230,-912870184,korea_customs_service,https://apis.data.go.kr/1220000/Itemtrade/getItemtradeList,2026-08-10T15:32:25.566852+00:00
2019-12,2710124000,ALL,,371862927,220681079,2449197353,1372894929,-1152213850,korea_customs_service,https://apis.data.go.kr/1220000/Itemtrade/getItemtradeList,2026-08-10T15:32:25.566852+00:00
2020-01,2710124000,ALL,,360331221,201835675,2935504040,1736341822,-1534506147,korea_customs_service,https://apis.data.go.kr/1220000/Itemtrade/getItemtradeList,2026-08-10T15:32:25.891390+00:00
2020-02,2710124000,ALL,,259017365,133582895,2272480541,1303433520,-1169850625,korea_customs_service,https://apis.data.go.kr/1220000/Itemtrade/getItemtradeList,2026-08-10T15:32:25.891390+00:00
2020-03,2710124000,ALL,,450847401,153448208,2262196097,1147014218,-993566010,korea_customs_service,https://apis.data.go.kr/1220000/Itemtrade/getItemtradeList,2026-08-10T15:32:25.891390+00:00
2020-04,2710124000,ALL,,358717886,79220716,1655871405,579161242,-499940526,korea_customs_service,https://apis.data.go.kr/1220000/Itemtrade/getItemtradeList,2026-08-10T15:32:25.891390+00:00
2020-05,2710124000,ALL,,302654207,76320275,2607589560,541108692,-464788417,korea_customs_service,https://apis.data.go.kr/1220000/Itemtrade/getItemtradeList,2026-08-10T15:32:25.891390+00:00
2020-06,2710124000,ALL,,431911342,147473899,2511003527,682194008,-534720109,korea_customs_service,https://apis.data.go.kr/1220000/Itemtrade/getItemtradeList,2026-08-10T15:32:25.891390+00:00
2020-07,2710124000,ALL,,398432526,153994050,2165610013,787364817,-633370767,korea_customs_service,https://apis.data.go.kr/1220000/Itemtrade/getItemtradeList,2026-08-10T15:32:25.891390+00:00
2020-08,2710124000,ALL,,294371913,119725478,1766472720,704889142,-585163664,korea_customs_service,https://apis.data.go.kr/1220000/Itemtrade/getItemtradeList,2026-08-10T15:32:25.891390+00:00
2020-09,2710124000,ALL,,243898954,96940861,1941791113,779804053,-682863192,korea_customs_service,https://apis.data.go.kr/1220000/Itemtrade/getItemtradeList,2026-08-10T15:32:25.891390+00:00
2020-10,2710124000,ALL,,221816988,89311867,1124095728,456281652,-366969785,korea_customs_service,https://apis.data.go.kr/1220000/Itemtrade/getItemtradeList,2026-08-10T15:32:25.891390+00:00
2020-11,2710124000,ALL,,295534282,115364432,1332702677,528932512,-413568080,korea_customs_service,https://apis.data.go.kr/1220000/Itemtrade/getItemtradeList,2026-08-10T15:32:25.891390+00:00
2020-12,2710124000,ALL,,347741853,140902175,1877424349,738294209,-597392034,korea_customs_service,https://apis.data.go.kr/1220000/Itemtrade/getItemtradeList,2026-08-10T15:32:25.891390+00:00
2021-01,2710124000,ALL,,278168592,136666518,2110905707,980718623,-844052105,korea_customs_service,https://apis.data.go.kr/1220000/Itemtrade/getItemtradeList,2026-08-10T15:32:26.212191+00:00
2021-02,2710124000,ALL,,292638882,158311949,2185803615,1137320412,-979008463,korea_customs_service,https://apis.data.go.kr/1220000/Itemtrade/getItemtradeList,2026-08-10T15:32:26.212191+00:00
2021-03,2710124000,ALL,,261042401,151023225,2168186461,1248673303,-1097650078,korea_customs_service,https://apis.data.go.kr/1220000/Itemtrade/getItemtradeList,2026-08-10T15:32:26.212191+00:00
2021-04,2710124000,ALL,,202415712,118734745,2283266318,1378250282,-1259515537,korea_customs_service,https://apis.data.go.kr/1220000/Itemtrade/getItemtradeList,2026-08-10T15:32:26.212191+00:00
2021-05,2710124000,ALL,,304663973,182360607,2215145031,1294896846,-1112536239,korea_customs_service,https://apis.data.go.kr/1220000/Itemtrade/getItemtradeList,2026-08-10T15:32:26.212191+00:00
2021-06,2710124000,ALL,,298268074,190172829,2245833828,1375398182,-1185225353,korea_customs_service,https://apis.data.go.kr/1220000/Itemtrade/getItemtradeList,2026-08-10T15:32:26.212191+00:00
2021-07,2710124000,ALL,,366664162,248264242,2755809761,1813947930,-1565683688,korea_customs_service,https://apis.data.go.kr/1220000/Itemtrade/getItemtradeList,2026-08-10T15:32:26.212191+00:00
2021-08,2710124000,ALL,,280253281,191359571,2659097475,1835780093,-1644420522,korea_customs_service,https://apis.data.go.kr/1220000/Itemtrade/getItemtradeList,2026-08-10T15:32:26.212191+00:00
2021-09,2710124000,ALL,,351693510,240471320,2769720477,1866477959,-1626006639,korea_customs_service,https://apis.data.go.kr/1220000/Itemtrade/getItemtradeList,2026-08-10T15:32:26.212191+00:00
2021-10,2710124000,ALL,,331577683,242960477,2621019337,1833075462,-1590114985,korea_customs_service,https://apis.data.go.kr/1220000/Itemtrade/getItemtradeList,2026-08-10T15:32:26.212191+00:00
2021-11,2710124000,ALL,,239043363,184976856,2319267351,1797179507,-1612202651,korea_customs_service,https://apis.data.go.kr/1220000/Itemtrade/getItemtradeList,2026-08-10T15:32:26.212191+00:00
2021-12,2710124000,ALL,,249034853,190157474,2764297172,2142881230,-1952723756,korea_customs_service,https://apis.data.go.kr/1220000/Itemtrade/getItemtradeList,2026-08-10T15:32:26.212191+00:00
2022-01,2710124000,ALL,,158575197,124331185,2355410928,1740278499,-1615947314,korea_customs_service,https://apis.data.go.kr/1220000/Itemtrade/getItemtradeList,2026-08-10T15:32:26.524772+00:00
2022-02,2710124000,ALL,,281734463,252119705,2272994222,1806463183,-1554343478,korea_customs_service,https://apis.data.go.kr/1220000/Itemtrade/getItemtradeList,2026-08-10T15:32:26.524772+00:00
2022-03,2710124000,ALL,,220010016,220949990,2288522085,2028591842,-1807641852,korea_customs_service,https://apis.data.go.kr/1220000/Itemtrade/getItemtradeList,2026-08-10T15:32:26.524772+00:00
2022-04,2710124000,ALL,,166751267,151614993,2066939881,2087953842,-1936338849,korea_customs_service,https://apis.data.go.kr/1220000/Itemtrade/getItemtradeList,2026-08-10T15:32:26.524772+00:00
2022-05,2710124000,ALL,,297511480,265702937,1955645186,1810584423,-1544881486,korea_customs_service,https://apis.data.go.kr/1220000/Itemtrade/getItemtradeList,2026-08-10T15:32:26.524772+00:00
2022-06,2710124000,ALL,,303210147,246475427,1877416653,1693535297,-1447059870,korea_customs_service,https://apis.data.go.kr/1220000/Itemtrade/getItemtradeList,2026-08-10T15:32:26.524772+00:00
2022-07,2710124000,ALL,,421535648,330836772,2586995728,2154589970,-1823753198,korea_customs_service,https://apis.data.go.kr/1220000/Itemtrade/getItemtradeList,2026-08-10T15:32:26.524772+00:00
2022-08,2710124000,ALL,,442446973,296071558,2289985669,1819161675,-1523090117,korea_customs_service,https://apis.data.go.kr/1220000/Itemtrade/getItemtradeList,2026-08-10T15:32:26.524772+00:00
2022-09,2710124000,ALL,,372200961,243041378,1994319942,1421330845,-1178289467,korea_customs_service,https://apis.data.go.kr/1220000/Itemtrade/getItemtradeList,2026-08-10T15:32:26.524772+00:00
2022-10,2710124000,ALL,,356787491,242847421,2200825966,1476398535,-1233551114,korea_customs_service,https://apis.data.go.kr/1220000/Itemtrade/getItemtradeList,2026-08-10T15:32:26.524772+00:00
2022-11,2710124000,ALL,,387108792,264125052,2337363038,1609027859,-1344902807,korea_customs_service,https://apis.data.go.kr/1220000/Itemtrade/getItemtradeList,2026-08-10T15:32:26.524772+00:00
2022-12,2710124000,ALL,,354365680,235050316,2285182360,1595273989,-1360223673,korea_customs_service,https://apis.data.go.kr/1220000/Itemtrade/getItemtradeList,2026-08-10T15:32:26.524772+00:00
2023-01,2710124000,ALL,,274737185,184899182,2431411630,1614840258,-1429941076,korea_customs_service,https://apis.data.go.kr/1220000/Itemtrade/getItemtradeList,2026-08-10T15:32:26.828609+00:00
2023-02,2710124000,ALL,,329959597,235947795,2634319506,1794890101,-1558942306,korea_customs_service,https://apis.data.go.kr/1220000/Itemtrade/getItemtradeList,2026-08-10T15:32:26.828609+00:00
2023-03,2710124000,ALL,,304368654,206794498,2216090698,1595545707,-1388751209,korea_customs_service,https://apis.data.go.kr/1220000/Itemtrade/getItemtradeList,2026-08-10T15:32:26.828609+00:00
2023-04,2710124000,ALL,,440311265,295589595,1723235919,1191607622,-896018027,korea_customs_service,https://apis.data.go.kr/1220000/Itemtrade/getItemtradeList,2026-08-10T15:32:26.828609+00:00
2023-05,2710124000,ALL,,420329829,261071672,1942610746,1306175808,-1045104136,korea_customs_service,https://apis.data.go.kr/1220000/Itemtrade/getItemtradeList,2026-08-10T15:32:26.828609+00:00
2023-06,2710124000,ALL,,347767752,194209993,2337863737,1411538209,-1217328216,korea_customs_service,https://apis.data.go.kr/1220000/Itemtrade/getItemtradeList,2026-08-10T15:32:26.828609+00:00
2023-07,2710124000,ALL,,312222782,182521910,1781134900,982537712,-800015802,korea_customs_service,https://apis.data.go.kr/1220000/Itemtrade/getItemtradeList,2026-08-10T15:32:26.828609+00:00
2023-08,2710124000,ALL,,417218321,271875448,2211207107,1302743256,-1030867808,korea_customs_service,https://apis.data.go.kr/1220000/Itemtrade/getItemtradeList,2026-08-10T15:32:26.828609+00:00
2023-09,2710124000,ALL,,355830543,248718571,2364827989,1567517156,-1318798585,korea_customs_service,https://apis.data.go.kr/1220000/Itemtrade/getItemtradeList,2026-08-10T15:32:26.828609+00:00
2023-10,2710124000,ALL,,364815158,247290550,2485082661,1752735158,-1505444608,korea_customs_service,https://apis.data.go.kr/1220000/Itemtrade/getItemtradeList,2026-08-10T15:32:26.828609+00:00
2023-11,2710124000,ALL,,462493206,302457287,2652591513,1787905921,-1485448634,korea_customs_service,https://apis.data.go.kr/1220000/Itemtrade/getItemtradeList,2026-08-10T15:32:26.828609+00:00
2023-12,2710124000,ALL,,294627264,193779515,2250747379,1472153864,-1278374349,korea_customs_service,https://apis.data.go.kr/1220000/Itemtrade/getItemtradeList,2026-08-10T15:32:26.828609+00:00
2024-01,2710124000,ALL,,465533170,319266154,2663426123,1803777414,-1484511260,korea_customs_service,https://apis.data.go.kr/1220000/Itemtrade/getItemtradeList,2026-08-10T15:32:27.124866+00:00
2024-02,2710124000,ALL,,331770920,232493918,2102555325,1446121426,-1213627508,korea_customs_service,https://apis.data.go.kr/1220000/Itemtrade/getItemtradeList,2026-08-10T15:32:27.124866+00:00
2024-03,2710124000,ALL,,383301684,274352657,2506809982,1757281432,-1482928775,korea_customs_service,https://apis.data.go.kr/1220000/Itemtrade/getItemtradeList,2026-08-10T15:32:27.124866+00:00
2024-04,2710124000,ALL,,416960885,303861534,2149263003,1549114156,-1245252622,korea_customs_service,https://apis.data.go.kr/1220000/Itemtrade/getItemtradeList,2026-08-10T15:32:27.124866+00:00
2024-05,2710124000,ALL,,455272981,317601821,2234019187,1603745605,-1286143784,korea_customs_service,https://apis.data.go.kr/1220000/Itemtrade/getItemtradeList,2026-08-10T15:32:27.124866+00:00
2024-06,2710124000,ALL,,319535592,231690687,2367216499,1633047117,-1401356430,korea_customs_service,https://apis.data.go.kr/1220000/Itemtrade/getItemtradeList,2026-08-10T15:32:27.124866+00:00
2024-07,2710124000,ALL,,403982834,281506864,2210064553,1551508074,-1270001210,korea_customs_service,https://apis.data.go.kr/1220000/Itemtrade/getItemtradeList,2026-08-10T15:32:27.124866+00:00
2024-08,2710124000,ALL,,375427873,270148489,2185697817,1556907878,-1286759389,korea_customs_service,https://apis.data.go.kr/1220000/Itemtrade/getItemtradeList,2026-08-10T15:32:27.124866+00:00
2024-09,2710124000,ALL,,435754488,294707896,2409091449,1658403771,-1363695875,korea_customs_service,https://apis.data.go.kr/1220000/Itemtrade/getItemtradeList,2026-08-10T15:32:27.124866+00:00
2024-10,2710124000,ALL,,372310966,250560989,2171184464,1440700366,-1190139377,korea_customs_service,https://apis.data.go.kr/1220000/Itemtrade/getItemtradeList,2026-08-10T15:32:27.124866+00:00
2024-11,2710124000,ALL,,270787942,182464584,2109069808,1435575220,-1253110636,korea_customs_service,https://apis.data.go.kr/1220000/Itemtrade/getItemtradeList,2026-08-10T15:32:27.124866+00:00
2024-12,2710124000,ALL,,292007202,200423946,2500706634,1636198078,-1435774132,korea_customs_service,https://apis.data.go.kr/1220000/Itemtrade/getItemtradeList,2026-08-10T15:32:27.124866+00:00
2025-01,2710124000,ALL,,266437556,183969183,2722051313,1776072346,-1592103163,korea_customs_service,https://apis.data.go.kr/1220000/Itemtrade/getItemtradeList,2026-08-10T15:32:27.429634+00:00
2025-02,2710124000,ALL,,317577394,220204349,2262223688,1532045167,-1311840818,korea_customs_service,https://apis.data.go.kr/1220000/Itemtrade/getItemtradeList,2026-08-10T15:32:27.429634+00:00
2025-03,2710124000,ALL,,253167316,180409168,2276774539,1531475737,-1351066569,korea_customs_service,https://apis.data.go.kr/1220000/Itemtrade/getItemtradeList,2026-08-10T15:32:27.429634+00:00
2025-04,2710124000,ALL,,351030474,215585562,2243994225,1446081306,-1230495744,korea_customs_service,https://apis.data.go.kr/1220000/Itemtrade/getItemtradeList,2026-08-10T15:32:27.429634+00:00
2025-05,2710124000,ALL,,357453182,211637655,2028433449,1199703235,-988065580,korea_customs_service,https://apis.data.go.kr/1220000/Itemtrade/getItemtradeList,2026-08-10T15:32:27.429634+00:00
2025-06,2710124000,ALL,,317194465,188632358,1972510226,1148864640,-960232282,korea_customs_service,https://apis.data.go.kr/1220000/Itemtrade/getItemtradeList,2026-08-10T15:32:27.429634+00:00
2025-07,2710124000,ALL,,334231905,209980868,2619216282,1570866272,-1360885404,korea_customs_service,https://apis.data.go.kr/1220000/Itemtrade/getItemtradeList,2026-08-10T15:32:27.429634+00:00
2025-08,2710124000,ALL,,322033215,192212961,2090146698,1252634247,-1060421286,korea_customs_service,https://apis.data.go.kr/1220000/Itemtrade/getItemtradeList,2026-08-10T15:32:27.429634+00:00
2025-09,2710124000,ALL,,320559438,194051970,2450782440,1454234880,-1260182910,korea_customs_service,https://apis.data.go.kr/1220000/Itemtrade/getItemtradeList,2026-08-10T15:32:27.429634+00:00
2025-10,2710124000,ALL,,341399728,205099562,2094833151,1267387583,-1062288021,korea_customs_service,https://apis.data.go.kr/1220000/Itemtrade/getItemtradeList,2026-08-10T15:32:27.429634+00:00
2025-11,2710124000,ALL,,316943379,183884806,2160067159,1266068457,-1082183651,korea_customs_service,https://apis.data.go.kr/1220000/Itemtrade/getItemtradeList,2026-08-10T15:32:27.429634+00:00
2025-12,2710124000,ALL,,390318582,226298183,1807466162,1055813217,-829515034,korea_customs_service,https://apis.data.go.kr/1220000/Itemtrade/getItemtradeList,2026-08-10T15:32:27.429634+00:00
2026-01,2710124000,ALL,,290510369,172355384,2599159805,1464613983,-1292258599,korea_customs_service,https://apis.data.go.kr/1220000/Itemtrade/getItemtradeList,2026-08-10T15:32:27.725649+00:00
2026-02,2710124000,ALL,,313950897,205516139,2073944996,1180119345,-974603206,korea_customs_service,https://apis.data.go.kr/1220000/Itemtrade/getItemtradeList,2026-08-10T15:32:27.725649+00:00
2026-03,2710124000,ALL,,196911578,150149959,2098668320,1337083736,-1186933777,korea_customs_service,https://apis.data.go.kr/1220000/Itemtrade/getItemtradeList,2026-08-10T15:32:27.725649+00:00
2026-04,2710124000,ALL,,308,585,1178195650,1175440129,-1175439544,korea_customs_service,https://apis.data.go.kr/1220000/Itemtrade/getItemtradeList,2026-08-10T15:32:27.725649+00:00
2026-05,2710124000,ALL,,75697256,74778251,1829605956,1965688245,-1890909994,korea_customs_service,https://apis.data.go.kr/1220000/Itemtrade/getItemtradeList,2026-08-10T15:32:27.725649+00:00
2026-06,2710124000,ALL,,76038050,54901879,1327038569,1260760011,-1205858132,korea_customs_service,https://apis.data.go.kr/1220000/Itemtrade/getItemtradeList,2026-08-10T15:32:27.725649+00:00
2023-01,2710197320,ALL,,2477971,3611561,3070,17431,3594130,korea_customs_service,https://apis.data.go.kr/1220000/Itemtrade/getItemtradeList,2026-08-10T12:44:04.657634+00:00
2023-02,2710197320,ALL,,4285373,6159697,29110,108313,6051384,korea_customs_service,https://apis.data.go.kr/1220000/Itemtrade/getItemtradeList,2026-08-10T12:44:04.657634+00:00
2023-03,2710197320,ALL,,3668293,4707111,39766,120641,4586470,korea_customs_service,https://apis.data.go.kr/1220000/Itemtrade/getItemtradeList,2026-08-10T12:44:04.657634+00:00
2023-04,2710197320,ALL,,4084778,4921478,15793,56299,4865179,korea_customs_service,https://apis.data.go.kr/1220000/Itemtrade/getItemtradeList,2026-08-10T12:44:04.657634+00:00
2023-05,2710197320,ALL,,3310262,4402009,60268,182551,4219458,korea_customs_service,https://apis.data.go.kr/1220000/Itemtrade/getItemtradeList,2026-08-10T12:44:04.657634+00:00
2023-06,2710197320,ALL,,2619674,3329868,61677,186059,3143809,korea_customs_service,https://apis.data.go.kr/1220000/Itemtrade/getItemtradeList,2026-08-10T12:44:04.657634+00:00
2023-07,2710197320,ALL,,2572312,3251718,16338,42163,3209555,korea_customs_service,https://apis.data.go.kr/1220000/Itemtrade/getItemtradeList,2026-08-10T12:44:04.657634+00:00
2023-08,2710197320,ALL,,3643731,4240402,51978,195361,4045041,korea_customs_service,https://apis.data.go.kr/1220000/Itemtrade/getItemtradeList,2026-08-10T12:44:04.657634+00:00
2023-09,2710197320,ALL,,3992499,4563569,17819,56869,4506700,korea_customs_service,https://apis.data.go.kr/1220000/Itemtrade/getItemtradeList,2026-08-10T12:44:04.657634+00:00
2023-10,2710197320,ALL,,3077013,3980819,85769,241211,3739608,korea_customs_service,https://apis.data.go.kr/1220000/Itemtrade/getItemtradeList,2026-08-10T12:44:04.657634+00:00
2023-11,2710197320,ALL,,5117195,6482798,5710,41987,6440811,korea_customs_service,https://apis.data.go.kr/1220000/Itemtrade/getItemtradeList,2026-08-10T12:44:04.657634+00:00
2023-12,2710197320,ALL,,2755505,3282788,52603,132956,3149832,korea_customs_service,https://apis.data.go.kr/1220000/Itemtrade/getItemtradeList,2026-08-10T12:44:04.657634+00:00
2024-01,2710197320,ALL,,3280076,3843887,64086,213224,3630663,korea_customs_service,https://apis.data.go.kr/1220000/Itemtrade/getItemtradeList,2026-08-10T12:44:05.016193+00:00
2024-02,2710197320,ALL,,4175606,5258069,76460,222106,5035963,korea_customs_service,https://apis.data.go.kr/1220000/Itemtrade/getItemtradeList,2026-08-10T12:44:05.016193+00:00
2024-03,2710197320,ALL,,3117863,3615887,123417,302334,3313553,korea_customs_service,https://apis.data.go.kr/1220000/Itemtrade/getItemtradeList,2026-08-10T12:44:05.016193+00:00
2024-04,2710197320,ALL,,4268446,4987757,23865,55581,4932176,korea_customs_service,https://apis.data.go.kr/1220000/Itemtrade/getItemtradeList,2026-08-10T12:44:05.016193+00:00
2024-05,2710197320,ALL,,3701111,4587457,25160,101942,4485515,korea_customs_service,https://apis.data.go.kr/1220000/Itemtrade/getItemtradeList,2026-08-10T12:44:05.016193+00:00
2024-06,2710197320,ALL,,3165549,3916551,41455,129156,3787395,korea_customs_service,https://apis.data.go.kr/1220000/Itemtrade/getItemtradeList,2026-08-10T12:44:05.016193+00:00
2024-07,2710197320,ALL,,3290239,4145847,55427,140149,4005698,korea_customs_service,https://apis.data.go.kr/1220000/Itemtrade/getItemtradeList,2026-08-10T12:44:05.016193+00:00
2024-08,2710197320,ALL,,2993861,3692463,63994,149782,3542681,korea_customs_service,https://apis.data.go.kr/1220000/Itemtrade/getItemtradeList,2026-08-10T12:44:05.016193+00:00
2024-09,2710197320,ALL,,2894495,3550374,97274,274500,3275874,korea_customs_service,https://apis.data.go.kr/1220000/Itemtrade/getItemtradeList,2026-08-10T12:44:05.016193+00:00
2024-10,2710197320,ALL,,4267401,4971805,60673,140010,4831795,korea_customs_service,https://apis.data.go.kr/1220000/Itemtrade/getItemtradeList,2026-08-10T12:44:05.016193+00:00
2024-11,2710197320,ALL,,4440494,5017555,31580,64143,4953412,korea_customs_service,https://apis.data.go.kr/1220000/Itemtrade/getItemtradeList,2026-08-10T12:44:05.016193+00:00
2024-12,2710197320,ALL,,5192385,5765233,75520,194896,5570337,korea_customs_service,https://apis.data.go.kr/1220000/Itemtrade/getItemtradeList,2026-08-10T12:44:05.016193+00:00
2025-01,2710197320,ALL,,3126247,3629925,40944,107771,3522154,korea_customs_service,https://apis.data.go.kr/1220000/Itemtrade/getItemtradeList,2026-08-10T12:44:05.316657+00:00
2025-02,2710197320,ALL,,4049856,4526423,77079,191582,4334841,korea_customs_service,https://apis.data.go.kr/1220000/Itemtrade/getItemtradeList,2026-08-10T12:44:05.316657+00:00
2025-03,2710197320,ALL,,4273356,4714319,58799,193853,4520466,korea_customs_service,https://apis.data.go.kr/1220000/Itemtrade/getItemtradeList,2026-08-10T12:44:05.316657+00:00
2025-04,2710197320,ALL,,4538783,5074925,31774,71879,5003046,korea_customs_service,https://apis.data.go.kr/1220000/Itemtrade/getItemtradeList,2026-08-10T12:44:05.316657+00:00
2025-05,2710197320,ALL,,3063885,3543880,23366,91657,3452223,korea_customs_service,https://apis.data.go.kr/1220000/Itemtrade/getItemtradeList,2026-08-10T12:44:05.316657+00:00
2025-06,2710197320,ALL,,3209053,3557253,60284,190000,3367253,korea_customs_service,https://apis.data.go.kr/1220000/Itemtrade/getItemtradeList,2026-08-10T12:44:05.316657+00:00
2025-07,2710197320,ALL,,3031880,3856130,29429,71150,3784980,korea_customs_service,https://apis.data.go.kr/1220000/Itemtrade/getItemtradeList,2026-08-10T12:44:05.316657+00:00
2025-08,2710197320,ALL,,2601458,2937032,125375,332461,2604571,korea_customs_service,https://apis.data.go.kr/1220000/Itemtrade/getItemtradeList,2026-08-10T12:44:05.316657+00:00
2025-09,2710197320,ALL,,3469176,3856516,75312,204122,3652394,korea_customs_service,https://apis.data.go.kr/1220000/Itemtrade/getItemtradeList,2026-08-10T12:44:05.316657+00:00
2025-10,2710197320,ALL,,2509486,2752157,90184,255313,2496844,korea_customs_service,https://apis.data.go.kr/1220000/Itemtrade/getItemtradeList,2026-08-10T12:44:05.316657+00:00
2025-11,2710197320,ALL,,2893209,3150479,61074,105823,3044656,korea_customs_service,https://apis.data.go.kr/1220000/Itemtrade/getItemtradeList,2026-08-10T12:44:05.316657+00:00
2025-12,2710197320,ALL,,3590213,3802719,103201,165079,3637640,korea_customs_service,https://apis.data.go.kr/1220000/Itemtrade/getItemtradeList,2026-08-10T12:44:05.316657+00:00
2026-01,2710197320,ALL,,4121553,4202225,96206,190278,4011947,korea_customs_service,https://apis.data.go.kr/1220000/Itemtrade/getItemtradeList,2026-08-10T12:44:05.606424+00:00
2026-02,2710197320,ALL,,1940818,2060541,60308,131773,1928768,korea_customs_service,https://apis.data.go.kr/1220000/Itemtrade/getItemtradeList,2026-08-10T12:44:05.606424+00:00
2026-03,2710197320,ALL,,3262734,3534299,106732,239649,3294650,korea_customs_service,https://apis.data.go.kr/1220000/Itemtrade/getItemtradeList,2026-08-10T12:44:05.606424+00:00
2026-04,2710197320,ALL,,2372169,3856029,238981,525714,3330315,korea_customs_service,https://apis.data.go.kr/1220000/Itemtrade/getItemtradeList,2026-08-10T12:44:05.606424+00:00
2026-05,2710197320,ALL,,1760048,3540085,36700,123101,3416984,korea_customs_service,https://apis.data.go.kr/1220000/Itemtrade/getItemtradeList,2026-08-10T12:44:05.606424+00:00
2026-06,2710197320,ALL,,2487749,5169908,71914,248466,4921442,korea_customs_service,https://apis.data.go.kr/1220000/Itemtrade/getItemtradeList,2026-08-10T12:44:05.606424+00:00
2018-01,2712200000,ALL,,30118,108586,1698463,2390151,-2281565,korea_customs_service,https://apis.data.go.kr/1220000/Itemtrade/getItemtradeList,2026-08-10T15:32:27.885889+00:00
2018-02,2712200000,ALL,,16306,71523,1427365,2070539,-1999016,korea_customs_service,https://apis.data.go.kr/1220000/Itemtrade/getItemtradeList,2026-08-10T15:32:27.885889+00:00
2018-03,2712200000,ALL,,14581,82872,1800788,2577719,-2494847,korea_customs_service,https://apis.data.go.kr/1220000/Itemtrade/getItemtradeList,2026-08-10T15:32:27.885889+00:00
2018-04,2712200000,ALL,,12550,57121,1559867,2419306,-2362185,korea_customs_service,https://apis.data.go.kr/1220000/Itemtrade/getItemtradeList,2026-08-10T15:32:27.885889+00:00
2018-05,2712200000,ALL,,11146,63776,1890914,2747987,-2684211,korea_customs_service,https://apis.data.go.kr/1220000/Itemtrade/getItemtradeList,2026-08-10T15:32:27.885889+00:00
2018-06,2712200000,ALL,,10560,40074,1288055,1917146,-1877072,korea_customs_service,https://apis.data.go.kr/1220000/Itemtrade/getItemtradeList,2026-08-10T15:32:27.885889+00:00
2018-07,2712200000,ALL,,16280,73922,1569087,2183948,-2110026,korea_customs_service,https://apis.data.go.kr/1220000/Itemtrade/getItemtradeList,2026-08-10T15:32:27.885889+00:00
2018-08,2712200000,ALL,,20383,83383,1065563,1599578,-1516195,korea_customs_service,https://apis.data.go.kr/1220000/Itemtrade/getItemtradeList,2026-08-10T15:32:27.885889+00:00
2018-09,2712200000,ALL,,13358,76007,1526294,2231858,-2155851,korea_customs_service,https://apis.data.go.kr/1220000/Itemtrade/getItemtradeList,2026-08-10T15:32:27.885889+00:00
2018-10,2712200000,ALL,,29527,73852,1598196,2275446,-2201594,korea_customs_service,https://apis.data.go.kr/1220000/Itemtrade/getItemtradeList,2026-08-10T15:32:27.885889+00:00
2018-11,2712200000,ALL,,19602,70450,1997802,2805463,-2735013,korea_customs_service,https://apis.data.go.kr/1220000/Itemtrade/getItemtradeList,2026-08-10T15:32:27.885889+00:00
2018-12,2712200000,ALL,,28983,102689,1638411,2316242,-2213553,korea_customs_service,https://apis.data.go.kr/1220000/Itemtrade/getItemtradeList,2026-08-10T15:32:27.885889+00:00
2019-01,2712200000,ALL,,19194,62626,1570177,2197485,-2134859,korea_customs_service,https://apis.data.go.kr/1220000/Itemtrade/getItemtradeList,2026-08-10T15:32:28.240569+00:00
2019-02,2712200000,ALL,,17116,63157,1414503,1971393,-1908236,korea_customs_service,https://apis.data.go.kr/1220000/Itemtrade/getItemtradeList,2026-08-10T15:32:28.240569+00:00
2019-03,2712200000,ALL,,17217,67610,1651698,2139460,-2071850,korea_customs_service,https://apis.data.go.kr/1220000/Itemtrade/getItemtradeList,2026-08-10T15:32:28.240569+00:00
2019-04,2712200000,ALL,,21773,135005,1576196,2104276,-1969271,korea_customs_service,https://apis.data.go.kr/1220000/Itemtrade/getItemtradeList,2026-08-10T15:32:28.240569+00:00
2019-05,2712200000,ALL,,12214,51597,1716434,2151431,-2099834,korea_customs_service,https://apis.data.go.kr/1220000/Itemtrade/getItemtradeList,2026-08-10T15:32:28.240569+00:00
2019-06,2712200000,ALL,,19419,93239,1222428,1674832,-1581593,korea_customs_service,https://apis.data.go.kr/1220000/Itemtrade/getItemtradeList,2026-08-10T15:32:28.240569+00:00
2019-07,2712200000,ALL,,18456,65892,1413519,1953724,-1887832,korea_customs_service,https://apis.data.go.kr/1220000/Itemtrade/getItemtradeList,2026-08-10T15:32:28.240569+00:00
2019-08,2712200000,ALL,,20076,100827,860827,1150085,-1049258,korea_customs_service,https://apis.data.go.kr/1220000/Itemtrade/getItemtradeList,2026-08-10T15:32:28.240569+00:00
2019-09,2712200000,ALL,,5016,26435,1571442,1971838,-1945403,korea_customs_service,https://apis.data.go.kr/1220000/Itemtrade/getItemtradeList,2026-08-10T15:32:28.240569+00:00
2019-10,2712200000,ALL,,15999,76841,1235996,1686367,-1609526,korea_customs_service,https://apis.data.go.kr/1220000/Itemtrade/getItemtradeList,2026-08-10T15:32:28.240569+00:00
2019-11,2712200000,ALL,,20952,98565,1308786,1576768,-1478203,korea_customs_service,https://apis.data.go.kr/1220000/Itemtrade/getItemtradeList,2026-08-10T15:32:28.240569+00:00
2019-12,2712200000,ALL,,9324,30536,1521896,1683160,-1652624,korea_customs_service,https://apis.data.go.kr/1220000/Itemtrade/getItemtradeList,2026-08-10T15:32:28.240569+00:00
2020-01,2712200000,ALL,,4082,20001,1517176,1768802,-1748801,korea_customs_service,https://apis.data.go.kr/1220000/Itemtrade/getItemtradeList,2026-08-10T15:32:28.543854+00:00
2020-02,2712200000,ALL,,8160,39823,1587022,1806362,-1766539,korea_customs_service,https://apis.data.go.kr/1220000/Itemtrade/getItemtradeList,2026-08-10T15:32:28.543854+00:00
2020-03,2712200000,ALL,,2045,16373,1889490,2164074,-2147701,korea_customs_service,https://apis.data.go.kr/1220000/Itemtrade/getItemtradeList,2026-08-10T15:32:28.543854+00:00
2020-04,2712200000,ALL,,19048,110181,1264430,1692599,-1582418,korea_customs_service,https://apis.data.go.kr/1220000/Itemtrade/getItemtradeList,2026-08-10T15:32:28.543854+00:00
2020-05,2712200000,ALL,,6055,21179,1099591,1254903,-1233724,korea_customs_service,https://apis.data.go.kr/1220000/Itemtrade/getItemtradeList,2026-08-10T15:32:28.543854+00:00
2020-06,2712200000,ALL,,4789,17192,1404094,1742452,-1725260,korea_customs_service,https://apis.data.go.kr/1220000/Itemtrade/getItemtradeList,2026-08-10T15:32:28.543854+00:00
2020-07,2712200000,ALL,,6143,19865,1166741,1381577,-1361712,korea_customs_service,https://apis.data.go.kr/1220000/Itemtrade/getItemtradeList,2026-08-10T15:32:28.543854+00:00
2020-08,2712200000,ALL,,15633,40428,1105193,1298394,-1257966,korea_customs_service,https://apis.data.go.kr/1220000/Itemtrade/getItemtradeList,2026-08-10T15:32:28.543854+00:00
2020-09,2712200000,ALL,,24713,51219,973972,1060946,-1009727,korea_customs_service,https://apis.data.go.kr/1220000/Itemtrade/getItemtradeList,2026-08-10T15:32:28.543854+00:00
2020-10,2712200000,ALL,,19767,91033,1483106,1873400,-1782367,korea_customs_service,https://apis.data.go.kr/1220000/Itemtrade/getItemtradeList,2026-08-10T15:32:28.543854+00:00
2020-11,2712200000,ALL,,9105,41521,1392383,1568864,-1527343,korea_customs_service,https://apis.data.go.kr/1220000/Itemtrade/getItemtradeList,2026-08-10T15:32:28.543854+00:00
2020-12,2712200000,ALL,,9587,41221,1705624,1895722,-1854501,korea_customs_service,https://apis.data.go.kr/1220000/Itemtrade/getItemtradeList,2026-08-10T15:32:28.543854+00:00
2021-01,2712200000,ALL,,7580,33035,994577,1085254,-1052219,korea_customs_service,https://apis.data.go.kr/1220000/Itemtrade/getItemtradeList,2026-08-10T15:32:28.853425+00:00
2021-02,2712200000,ALL,,8956,31662,2317255,3345289,-3313627,korea_customs_service,https://apis.data.go.kr/1220000/Itemtrade/getItemtradeList,2026-08-10T15:32:28.853425+00:00
2021-03,2712200000,ALL,,20153,74781,1275966,1600951,-1526170,korea_customs_service,https://apis.data.go.kr/1220000/Itemtrade/getItemtradeList,2026-08-10T15:32:28.853425+00:00
2021-04,2712200000,ALL,,6592,28504,1468983,2126816,-2098312,korea_customs_service,https://apis.data.go.kr/1220000/Itemtrade/getItemtradeList,2026-08-10T15:32:28.853425+00:00
2021-05,2712200000,ALL,,22241,86510,1498721,2275590,-2189080,korea_customs_service,https://apis.data.go.kr/1220000/Itemtrade/getItemtradeList,2026-08-10T15:32:28.853425+00:00
2021-06,2712200000,ALL,,11613,49053,1054598,1546003,-1496950,korea_customs_service,https://apis.data.go.kr/1220000/Itemtrade/getItemtradeList,2026-08-10T15:32:28.853425+00:00
2021-07,2712200000,ALL,,13584,62592,1633336,2381022,-2318430,korea_customs_service,https://apis.data.go.kr/1220000/Itemtrade/getItemtradeList,2026-08-10T15:32:28.853425+00:00
2021-08,2712200000,ALL,,6298,16973,881954,1413169,-1396196,korea_customs_service,https://apis.data.go.kr/1220000/Itemtrade/getItemtradeList,2026-08-10T15:32:28.853425+00:00
2021-09,2712200000,ALL,,9291,35053,1027992,1676474,-1641421,korea_customs_service,https://apis.data.go.kr/1220000/Itemtrade/getItemtradeList,2026-08-10T15:32:28.853425+00:00
2021-10,2712200000,ALL,,21606,45710,1349344,1940693,-1894983,korea_customs_service,https://apis.data.go.kr/1220000/Itemtrade/getItemtradeList,2026-08-10T15:32:28.853425+00:00
2021-11,2712200000,ALL,,30665,71388,2068610,3213997,-3142609,korea_customs_service,https://apis.data.go.kr/1220000/Itemtrade/getItemtradeList,2026-08-10T15:32:28.853425+00:00
2021-12,2712200000,ALL,,22346,75059,1359485,2368876,-2293817,korea_customs_service,https://apis.data.go.kr/1220000/Itemtrade/getItemtradeList,2026-08-10T15:32:28.853425+00:00
2022-01,2712200000,ALL,,18238,70348,1401189,2402671,-2332323,korea_customs_service,https://apis.data.go.kr/1220000/Itemtrade/getItemtradeList,2026-08-10T15:32:29.178152+00:00
2022-02,2712200000,ALL,,11950,42448,1278239,2185791,-2143343,korea_customs_service,https://apis.data.go.kr/1220000/Itemtrade/getItemtradeList,2026-08-10T15:32:29.178152+00:00
2022-03,2712200000,ALL,,12171,87720,1341264,2436999,-2349279,korea_customs_service,https://apis.data.go.kr/1220000/Itemtrade/getItemtradeList,2026-08-10T15:32:29.178152+00:00
2022-04,2712200000,ALL,,8896,37118,1167338,2124304,-2087186,korea_customs_service,https://apis.data.go.kr/1220000/Itemtrade/getItemtradeList,2026-08-10T15:32:29.178152+00:00
2022-05,2712200000,ALL,,11678,37012,1447921,2608173,-2571161,korea_customs_service,https://apis.data.go.kr/1220000/Itemtrade/getItemtradeList,2026-08-10T15:32:29.178152+00:00
2022-06,2712200000,ALL,,2326,12954,1136623,2189995,-2177041,korea_customs_service,https://apis.data.go.kr/1220000/Itemtrade/getItemtradeList,2026-08-10T15:32:29.178152+00:00
2022-07,2712200000,ALL,,2183,22116,1193577,2114360,-2092244,korea_customs_service,https://apis.data.go.kr/1220000/Itemtrade/getItemtradeList,2026-08-10T15:32:29.178152+00:00
2022-08,2712200000,ALL,,9319,106409,891741,1799555,-1693146,korea_customs_service,https://apis.data.go.kr/1220000/Itemtrade/getItemtradeList,2026-08-10T15:32:29.178152+00:00
2022-09,2712200000,ALL,,20300,89640,921652,1594666,-1505026,korea_customs_service,https://apis.data.go.kr/1220000/Itemtrade/getItemtradeList,2026-08-10T15:32:29.178152+00:00
2022-10,2712200000,ALL,,7827,26140,1032192,1633809,-1607669,korea_customs_service,https://apis.data.go.kr/1220000/Itemtrade/getItemtradeList,2026-08-10T15:32:29.178152+00:00
2022-11,2712200000,ALL,,7439,35533,1291387,1974006,-1938473,korea_customs_service,https://apis.data.go.kr/1220000/Itemtrade/getItemtradeList,2026-08-10T15:32:29.178152+00:00
2022-12,2712200000,ALL,,9105,36800,1051374,1606800,-1570000,korea_customs_service,https://apis.data.go.kr/1220000/Itemtrade/getItemtradeList,2026-08-10T15:32:29.178152+00:00
2023-01,2712200000,ALL,,4354,14977,1285196,1874181,-1859204,korea_customs_service,https://apis.data.go.kr/1220000/Itemtrade/getItemtradeList,2026-08-10T15:32:29.514412+00:00
2023-02,2712200000,ALL,,7974,80215,1389701,1985416,-1905201,korea_customs_service,https://apis.data.go.kr/1220000/Itemtrade/getItemtradeList,2026-08-10T15:32:29.514412+00:00
2023-03,2712200000,ALL,,8310,29927,1291664,1903082,-1873155,korea_customs_service,https://apis.data.go.kr/1220000/Itemtrade/getItemtradeList,2026-08-10T15:32:29.514412+00:00
2023-04,2712200000,ALL,,4525,21409,1419861,2284026,-2262617,korea_customs_service,https://apis.data.go.kr/1220000/Itemtrade/getItemtradeList,2026-08-10T15:32:29.514412+00:00
2023-05,2712200000,ALL,,9500,31731,1215747,1975893,-1944162,korea_customs_service,https://apis.data.go.kr/1220000/Itemtrade/getItemtradeList,2026-08-10T15:32:29.514412+00:00
2023-06,2712200000,ALL,,9907,73360,822540,1373612,-1300252,korea_customs_service,https://apis.data.go.kr/1220000/Itemtrade/getItemtradeList,2026-08-10T15:32:29.514412+00:00
2023-07,2712200000,ALL,,8358,33213,1317152,2119181,-2085968,korea_customs_service,https://apis.data.go.kr/1220000/Itemtrade/getItemtradeList,2026-08-10T15:32:29.514412+00:00
2023-08,2712200000,ALL,,11465,46930,492305,792594,-745664,korea_customs_service,https://apis.data.go.kr/1220000/Itemtrade/getItemtradeList,2026-08-10T15:32:29.514412+00:00
2023-09,2712200000,ALL,,22175,57580,999183,1582523,-1524943,korea_customs_service,https://apis.data.go.kr/1220000/Itemtrade/getItemtradeList,2026-08-10T15:32:29.514412+00:00
2023-10,2712200000,ALL,,17818,67773,1198784,1745959,-1678186,korea_customs_service,https://apis.data.go.kr/1220000/Itemtrade/getItemtradeList,2026-08-10T15:32:29.514412+00:00
2023-11,2712200000,ALL,,13998,53399,1190351,1938102,-1884703,korea_customs_service,https://apis.data.go.kr/1220000/Itemtrade/getItemtradeList,2026-08-10T15:32:29.514412+00:00
2023-12,2712200000,ALL,,7789,31286,1042228,1664124,-1632838,korea_customs_service,https://apis.data.go.kr/1220000/Itemtrade/getItemtradeList,2026-08-10T15:32:29.514412+00:00
2024-01,2712200000,ALL,,98549,195175,1392311,2064800,-1869625,korea_customs_service,https://apis.data.go.kr/1220000/Itemtrade/getItemtradeList,2026-08-10T15:32:29.791334+00:00
2024-02,2712200000,ALL,,4903,28946,960349,1406788,-1377842,korea_customs_service,https://apis.data.go.kr/1220000/Itemtrade/getItemtradeList,2026-08-10T15:32:29.791334+00:00
2024-03,2712200000,ALL,,10299,33372,1182737,1737912,-1704540,korea_customs_service,https://apis.data.go.kr/1220000/Itemtrade/getItemtradeList,2026-08-10T15:32:29.791334+00:00
2024-04,2712200000,ALL,,14446,28313,1268765,2136819,-2108506,korea_customs_service,https://apis.data.go.kr/1220000/Itemtrade/getItemtradeList,2026-08-10T15:32:29.791334+00:00
2024-05,2712200000,ALL,,14483,44834,1129454,1831225,-1786391,korea_customs_service,https://apis.data.go.kr/1220000/Itemtrade/getItemtradeList,2026-08-10T15:32:29.791334+00:00
2024-06,2712200000,ALL,,25359,92524,856186,1440643,-1348119,korea_customs_service,https://apis.data.go.kr/1220000/Itemtrade/getItemtradeList,2026-08-10T15:32:29.791334+00:00
2024-07,2712200000,ALL,,12723,34276,1251602,1920870,-1886594,korea_customs_service,https://apis.data.go.kr/1220000/Itemtrade/getItemtradeList,2026-08-10T15:32:29.791334+00:00
2024-08,2712200000,ALL,,12639,37133,569879,904773,-867640,korea_customs_service,https://apis.data.go.kr/1220000/Itemtrade/getItemtradeList,2026-08-10T15:32:29.791334+00:00
2024-09,2712200000,ALL,,32533,81675,1197630,1901113,-1819438,korea_customs_service,https://apis.data.go.kr/1220000/Itemtrade/getItemtradeList,2026-08-10T15:32:29.791334+00:00
2024-10,2712200000,ALL,,18233,42873,1151930,1836849,-1793976,korea_customs_service,https://apis.data.go.kr/1220000/Itemtrade/getItemtradeList,2026-08-10T15:32:29.791334+00:00
2024-11,2712200000,ALL,,23514,55711,1067786,1617879,-1562168,korea_customs_service,https://apis.data.go.kr/1220000/Itemtrade/getItemtradeList,2026-08-10T15:32:29.791334+00:00
2024-12,2712200000,ALL,,19816,45475,1352363,2118786,-2073311,korea_customs_service,https://apis.data.go.kr/1220000/Itemtrade/getItemtradeList,2026-08-10T15:32:29.791334+00:00
2025-01,2712200000,ALL,,3819,19536,822620,1342879,-1323343,korea_customs_service,https://apis.data.go.kr/1220000/Itemtrade/getItemtradeList,2026-08-10T15:32:30.095608+00:00
2025-02,2712200000,ALL,,9392,38137,1038064,1628422,-1590285,korea_customs_service,https://apis.data.go.kr/1220000/Itemtrade/getItemtradeList,2026-08-10T15:32:30.095608+00:00
2025-03,2712200000,ALL,,21469,91299,772098,1205308,-1114009,korea_customs_service,https://apis.data.go.kr/1220000/Itemtrade/getItemtradeList,2026-08-10T15:32:30.095608+00:00
2025-04,2712200000,ALL,,5278,25731,703856,1147861,-1122130,korea_customs_service,https://apis.data.go.kr/1220000/Itemtrade/getItemtradeList,2026-08-10T15:32:30.095608+00:00
2025-05,2712200000,ALL,,33469,67637,809638,1293671,-1226034,korea_customs_service,https://apis.data.go.kr/1220000/Itemtrade/getItemtradeList,2026-08-10T15:32:30.095608+00:00
2025-06,2712200000,ALL,,19686,95657,940731,1520443,-1424786,korea_customs_service,https://apis.data.go.kr/1220000/Itemtrade/getItemtradeList,2026-08-10T15:32:30.095608+00:00
2025-07,2712200000,ALL,,6304,32129,996228,1616058,-1583929,korea_customs_service,https://apis.data.go.kr/1220000/Itemtrade/getItemtradeList,2026-08-10T15:32:30.095608+00:00
2025-08,2712200000,ALL,,21008,51105,714259,1218635,-1167530,korea_customs_service,https://apis.data.go.kr/1220000/Itemtrade/getItemtradeList,2026-08-10T15:32:30.095608+00:00
2025-09,2712200000,ALL,,23484,54107,848290,1363033,-1308926,korea_customs_service,https://apis.data.go.kr/1220000/Itemtrade/getItemtradeList,2026-08-10T15:32:30.095608+00:00
2025-10,2712200000,ALL,,10790,34597,451913,827797,-793200,korea_customs_service,https://apis.data.go.kr/1220000/Itemtrade/getItemtradeList,2026-08-10T15:32:30.095608+00:00
2025-11,2712200000,ALL,,4535,31213,1027171,1543894,-1512681,korea_customs_service,https://apis.data.go.kr/1220000/Itemtrade/getItemtradeList,2026-08-10T15:32:30.095608+00:00
2025-12,2712200000,ALL,,3856,17789,1224840,1737905,-1720116,korea_customs_service,https://apis.data.go.kr/1220000/Itemtrade/getItemtradeList,2026-08-10T15:32:30.095608+00:00
2026-01,2712200000,ALL,,6569,30996,478450,673910,-642914,korea_customs_service,https://apis.data.go.kr/1220000/Itemtrade/getItemtradeList,2026-08-10T15:32:30.389163+00:00
2026-02,2712200000,ALL,,7853,31613,851139,1258072,-1226459,korea_customs_service,https://apis.data.go.kr/1220000/Itemtrade/getItemtradeList,2026-08-10T15:32:30.389163+00:00
2026-03,2712200000,ALL,,21565,65043,1147517,1692815,-1627772,korea_customs_service,https://apis.data.go.kr/1220000/Itemtrade/getItemtradeList,2026-08-10T15:32:30.389163+00:00
2026-04,2712200000,ALL,,12024,58868,1454175,2430435,-2371567,korea_customs_service,https://apis.data.go.kr/1220000/Itemtrade/getItemtradeList,2026-08-10T15:32:30.389163+00:00
2026-05,2712200000,ALL,,1867,14180,915057,1525281,-1511101,korea_customs_service,https://apis.data.go.kr/1220000/Itemtrade/getItemtradeList,2026-08-10T15:32:30.389163+00:00
2026-06,2712200000,ALL,,17731,43983,721279,1340318,-1296335,korea_customs_service,https://apis.data.go.kr/1220000/Itemtrade/getItemtradeList,2026-08-10T15:32:30.389163+00:00
2023-01,2816101000,ALL,,8480,41324,724313,932203,-890879,korea_customs_service,https://apis.data.go.kr/1220000/Itemtrade/getItemtradeList,2026-08-10T12:44:06.814217+00:00
2023-02,2816101000,ALL,,35920,205506,909248,1141571,-936065,korea_customs_service,https://apis.data.go.kr/1220000/Itemtrade/getItemtradeList,2026-08-10T12:44:06.814217+00:00
2023-03,2816101000,ALL,,15025,62541,777822,1375074,-1312533,korea_customs_service,https://apis.data.go.kr/1220000/Itemtrade/getItemtradeList,2026-08-10T12:44:06.814217+00:00
2023-04,2816101000,ALL,,17001,100338,779042,1106619,-1006281,korea_customs_service,https://apis.data.go.kr/1220000/Itemtrade/getItemtradeList,2026-08-10T12:44:06.814217+00:00
2023-05,2816101000,ALL,,19621,104462,1055054,1425435,-1320973,korea_customs_service,https://apis.data.go.kr/1220000/Itemtrade/getItemtradeList,2026-08-10T12:44:06.814217+00:00
2023-06,2816101000,ALL,,28055,189226,1257200,1863383,-1674157,korea_customs_service,https://apis.data.go.kr/1220000/Itemtrade/getItemtradeList,2026-08-10T12:44:06.814217+00:00
2023-07,2816101000,ALL,,40301,257701,996051,1328386,-1070685,korea_customs_service,https://apis.data.go.kr/1220000/Itemtrade/getItemtradeList,2026-08-10T12:44:06.814217+00:00
2023-08,2816101000,ALL,,18059,87304,1310977,1459117,-1371813,korea_customs_service,https://apis.data.go.kr/1220000/Itemtrade/getItemtradeList,2026-08-10T12:44:06.814217+00:00
2023-09,2816101000,ALL,,35300,210790,1277890,1636559,-1425769,korea_customs_service,https://apis.data.go.kr/1220000/Itemtrade/getItemtradeList,2026-08-10T12:44:06.814217+00:00
2023-10,2816101000,ALL,,37951,214530,1300527,1732426,-1517896,korea_customs_service,https://apis.data.go.kr/1220000/Itemtrade/getItemtradeList,2026-08-10T12:44:06.814217+00:00
2023-11,2816101000,ALL,,6003,6018,1146007,1692569,-1686551,korea_customs_service,https://apis.data.go.kr/1220000/Itemtrade/getItemtradeList,2026-08-10T12:44:06.814217+00:00
2023-12,2816101000,ALL,,15001,93505,896602,1095828,-1002323,korea_customs_service,https://apis.data.go.kr/1220000/Itemtrade/getItemtradeList,2026-08-10T12:44:06.814217+00:00
2024-01,2816101000,ALL,,60922,59757,1087749,1410743,-1350986,korea_customs_service,https://apis.data.go.kr/1220000/Itemtrade/getItemtradeList,2026-08-10T12:44:07.116718+00:00
2024-02,2816101000,ALL,,48002,244509,1119242,1267322,-1022813,korea_customs_service,https://apis.data.go.kr/1220000/Itemtrade/getItemtradeList,2026-08-10T12:44:07.116718+00:00
2024-03,2816101000,ALL,,33392,136993,676593,1116471,-979478,korea_customs_service,https://apis.data.go.kr/1220000/Itemtrade/getItemtradeList,2026-08-10T12:44:07.116718+00:00
2024-04,2816101000,ALL,,3500,21483,1026751,1570742,-1549259,korea_customs_service,https://apis.data.go.kr/1220000/Itemtrade/getItemtradeList,2026-08-10T12:44:07.116718+00:00
2024-05,2816101000,ALL,,24380,162894,932895,1186414,-1023520,korea_customs_service,https://apis.data.go.kr/1220000/Itemtrade/getItemtradeList,2026-08-10T12:44:07.116718+00:00
2024-06,2816101000,ALL,,18400,19592,950539,885510,-865918,korea_customs_service,https://apis.data.go.kr/1220000/Itemtrade/getItemtradeList,2026-08-10T12:44:07.116718+00:00
2024-07,2816101000,ALL,,41063,19534,797326,1296595,-1277061,korea_customs_service,https://apis.data.go.kr/1220000/Itemtrade/getItemtradeList,2026-08-10T12:44:07.116718+00:00
2024-08,2816101000,ALL,,156531,208624,1305475,1748718,-1540094,korea_customs_service,https://apis.data.go.kr/1220000/Itemtrade/getItemtradeList,2026-08-10T12:44:07.116718+00:00
2024-09,2816101000,ALL,,25882,72264,939895,999794,-927530,korea_customs_service,https://apis.data.go.kr/1220000/Itemtrade/getItemtradeList,2026-08-10T12:44:07.116718+00:00
2024-10,2816101000,ALL,,26825,105775,766844,1101746,-995971,korea_customs_service,https://apis.data.go.kr/1220000/Itemtrade/getItemtradeList,2026-08-10T12:44:07.116718+00:00
2024-11,2816101000,ALL,,43201,41359,949763,1225325,-1183966,korea_customs_service,https://apis.data.go.kr/1220000/Itemtrade/getItemtradeList,2026-08-10T12:44:07.116718+00:00
2024-12,2816101000,ALL,,653,4003,664195,903993,-899990,korea_customs_service,https://apis.data.go.kr/1220000/Itemtrade/getItemtradeList,2026-08-10T12:44:07.116718+00:00
2025-01,2816101000,ALL,,258131,272043,994583,980335,-708292,korea_customs_service,https://apis.data.go.kr/1220000/Itemtrade/getItemtradeList,2026-08-10T12:44:07.406456+00:00
2025-02,2816101000,ALL,,2020,8038,1117590,1452869,-1444831,korea_customs_service,https://apis.data.go.kr/1220000/Itemtrade/getItemtradeList,2026-08-10T12:44:07.406456+00:00
2025-03,2816101000,ALL,,68481,94921,1063894,1407185,-1312264,korea_customs_service,https://apis.data.go.kr/1220000/Itemtrade/getItemtradeList,2026-08-10T12:44:07.406456+00:00
2025-04,2816101000,ALL,,156810,99439,1299580,1884796,-1785357,korea_customs_service,https://apis.data.go.kr/1220000/Itemtrade/getItemtradeList,2026-08-10T12:44:07.406456+00:00
2025-05,2816101000,ALL,,22497,166699,1062023,1323488,-1156789,korea_customs_service,https://apis.data.go.kr/1220000/Itemtrade/getItemtradeList,2026-08-10T12:44:07.406456+00:00
2025-06,2816101000,ALL,,123401,190296,780119,1284292,-1093996,korea_customs_service,https://apis.data.go.kr/1220000/Itemtrade/getItemtradeList,2026-08-10T12:44:07.406456+00:00
2025-07,2816101000,ALL,,4480,20071,1226125,1427218,-1407147,korea_customs_service,https://apis.data.go.kr/1220000/Itemtrade/getItemtradeList,2026-08-10T12:44:07.406456+00:00
2025-08,2816101000,ALL,,154551,96604,615053,953228,-856624,korea_customs_service,https://apis.data.go.kr/1220000/Itemtrade/getItemtradeList,2026-08-10T12:44:07.406456+00:00
2025-09,2816101000,ALL,,10860,72687,941876,1435254,-1362567,korea_customs_service,https://apis.data.go.kr/1220000/Itemtrade/getItemtradeList,2026-08-10T12:44:07.406456+00:00
2025-10,2816101000,ALL,,189460,173136,445323,807112,-633976,korea_customs_service,https://apis.data.go.kr/1220000/Itemtrade/getItemtradeList,2026-08-10T12:44:07.406456+00:00
2025-11,2816101000,ALL,,4441,24743,865570,1028448,-1003705,korea_customs_service,https://apis.data.go.kr/1220000/Itemtrade/getItemtradeList,2026-08-10T12:44:07.406456+00:00
2025-12,2816101000,ALL,,110321,90953,833406,1153649,-1062696,korea_customs_service,https://apis.data.go.kr/1220000/Itemtrade/getItemtradeList,2026-08-10T12:44:07.406456+00:00
2026-01,2816101000,ALL,,138900,152098,868015,1205246,-1053148,korea_customs_service,https://apis.data.go.kr/1220000/Itemtrade/getItemtradeList,2026-08-10T12:44:07.706194+00:00
2026-02,2816101000,ALL,,18954,66059,614286,878598,-812539,korea_customs_service,https://apis.data.go.kr/1220000/Itemtrade/getItemtradeList,2026-08-10T12:44:07.706194+00:00
2026-03,2816101000,ALL,,18810,10146,976027,1524423,-1514277,korea_customs_service,https://apis.data.go.kr/1220000/Itemtrade/getItemtradeList,2026-08-10T12:44:07.706194+00:00
2026-04,2816101000,ALL,,31783,66731,1102349,1349457,-1282726,korea_customs_service,https://apis.data.go.kr/1220000/Itemtrade/getItemtradeList,2026-08-10T12:44:07.706194+00:00
2026-05,2816101000,ALL,,7221,48776,685358,854785,-806009,korea_customs_service,https://apis.data.go.kr/1220000/Itemtrade/getItemtradeList,2026-08-10T12:44:07.706194+00:00
2026-06,2816101000,ALL,,3041,23275,992199,1278675,-1255400,korea_customs_service,https://apis.data.go.kr/1220000/Itemtrade/getItemtradeList,2026-08-10T12:44:07.706194+00:00
2023-01,2827100000,ALL,,885,838,799045,509503,-508665,korea_customs_service,https://apis.data.go.kr/1220000/Itemtrade/getItemtradeList,2026-08-10T12:44:07.819619+00:00
2023-02,2827100000,ALL,,80,238,502178,498542,-498304,korea_customs_service,https://apis.data.go.kr/1220000/Itemtrade/getItemtradeList,2026-08-10T12:44:07.819619+00:00
2023-03,2827100000,ALL,,90,443,544160,231204,-230761,korea_customs_service,https://apis.data.go.kr/1220000/Itemtrade/getItemtradeList,2026-08-10T12:44:07.819619+00:00
2023-04,2827100000,ALL,,3006,4580,468081,598077,-593497,korea_customs_service,https://apis.data.go.kr/1220000/Itemtrade/getItemtradeList,2026-08-10T12:44:07.819619+00:00
2023-05,2827100000,ALL,,4,147,677083,428885,-428738,korea_customs_service,https://apis.data.go.kr/1220000/Itemtrade/getItemtradeList,2026-08-10T12:44:07.819619+00:00
2023-06,2827100000,ALL,,25001,16183,1014454,406161,-389978,korea_customs_service,https://apis.data.go.kr/1220000/Itemtrade/getItemtradeList,2026-08-10T12:44:07.819619+00:00
2023-07,2827100000,ALL,,802,4317,640459,260102,-255785,korea_customs_service,https://apis.data.go.kr/1220000/Itemtrade/getItemtradeList,2026-08-10T12:44:07.819619+00:00
2023-08,2827100000,ALL,,94,666,579132,367276,-366610,korea_customs_service,https://apis.data.go.kr/1220000/Itemtrade/getItemtradeList,2026-08-10T12:44:07.819619+00:00
2023-09,2827100000,ALL,,108,718,792009,415237,-414519,korea_customs_service,https://apis.data.go.kr/1220000/Itemtrade/getItemtradeList,2026-08-10T12:44:07.819619+00:00
2023-10,2827100000,ALL,,15039,11194,521158,330903,-319709,korea_customs_service,https://apis.data.go.kr/1220000/Itemtrade/getItemtradeList,2026-08-10T12:44:07.819619+00:00
2023-11,2827100000,ALL,,1101,2805,836025,280271,-277466,korea_customs_service,https://apis.data.go.kr/1220000/Itemtrade/getItemtradeList,2026-08-10T12:44:07.819619+00:00
2023-12,2827100000,ALL,,826,4791,520225,174861,-170070,korea_customs_service,https://apis.data.go.kr/1220000/Itemtrade/getItemtradeList,2026-08-10T12:44:07.819619+00:00
2024-01,2827100000,ALL,,0,18,793134,196919,-196901,korea_customs_service,https://apis.data.go.kr/1220000/Itemtrade/getItemtradeList,2026-08-10T12:44:08.136723+00:00
2024-02,2827100000,ALL,,2,104,306501,186055,-185951,korea_customs_service,https://apis.data.go.kr/1220000/Itemtrade/getItemtradeList,2026-08-10T12:44:08.136723+00:00
2024-03,2827100000,ALL,,5,136,738085,235443,-235307,korea_customs_service,https://apis.data.go.kr/1220000/Itemtrade/getItemtradeList,2026-08-10T12:44:08.136723+00:00
2024-04,2827100000,ALL,,100,896,633228,238266,-237370,korea_customs_service,https://apis.data.go.kr/1220000/Itemtrade/getItemtradeList,2026-08-10T12:44:08.136723+00:00
2024-05,2827100000,ALL,,837,4820,476007,106043,-101223,korea_customs_service,https://apis.data.go.kr/1220000/Itemtrade/getItemtradeList,2026-08-10T12:44:08.136723+00:00
2024-06,2827100000,ALL,,24,302,766124,506449,-506147,korea_customs_service,https://apis.data.go.kr/1220000/Itemtrade/getItemtradeList,2026-08-10T12:44:08.136723+00:00
2024-07,2827100000,ALL,,51,405,777045,279034,-278629,korea_customs_service,https://apis.data.go.kr/1220000/Itemtrade/getItemtradeList,2026-08-10T12:44:08.136723+00:00
2024-08,2827100000,ALL,,15,339,778058,332998,-332659,korea_customs_service,https://apis.data.go.kr/1220000/Itemtrade/getItemtradeList,2026-08-10T12:44:08.136723+00:00
2024-09,2827100000,ALL,,3,107,433093,121735,-121628,korea_customs_service,https://apis.data.go.kr/1220000/Itemtrade/getItemtradeList,2026-08-10T12:44:08.136723+00:00
2024-10,2827100000,ALL,,1,57,676056,189997,-189940,korea_customs_service,https://apis.data.go.kr/1220000/Itemtrade/getItemtradeList,2026-08-10T12:44:08.136723+00:00
2024-11,2827100000,ALL,,173,1323,918824,248518,-247195,korea_customs_service,https://apis.data.go.kr/1220000/Itemtrade/getItemtradeList,2026-08-10T12:44:08.136723+00:00
2024-12,2827100000,ALL,,8,272,720350,191552,-191280,korea_customs_service,https://apis.data.go.kr/1220000/Itemtrade/getItemtradeList,2026-08-10T12:44:08.136723+00:00
2025-01,2827100000,ALL,,820,4211,807014,285072,-280861,korea_customs_service,https://apis.data.go.kr/1220000/Itemtrade/getItemtradeList,2026-08-10T12:44:08.442413+00:00
2025-02,2827100000,ALL,,100,752,512100,129310,-128558,korea_customs_service,https://apis.data.go.kr/1220000/Itemtrade/getItemtradeList,2026-08-10T12:44:08.442413+00:00
2025-03,2827100000,ALL,,537,2639,504043,106703,-104064,korea_customs_service,https://apis.data.go.kr/1220000/Itemtrade/getItemtradeList,2026-08-10T12:44:08.442413+00:00
2025-04,2827100000,ALL,,43,323,1199266,395592,-395269,korea_customs_service,https://apis.data.go.kr/1220000/Itemtrade/getItemtradeList,2026-08-10T12:44:08.442413+00:00
2025-05,2827100000,ALL,,183,2011,1308596,326561,-324550,korea_customs_service,https://apis.data.go.kr/1220000/Itemtrade/getItemtradeList,2026-08-10T12:44:08.442413+00:00
2025-06,2827100000,ALL,,287,922,411035,296772,-295850,korea_customs_service,https://apis.data.go.kr/1220000/Itemtrade/getItemtradeList,2026-08-10T12:44:08.442413+00:00
2025-07,2827100000,ALL,,846,4683,688093,444224,-439541,korea_customs_service,https://apis.data.go.kr/1220000/Itemtrade/getItemtradeList,2026-08-10T12:44:08.442413+00:00
2025-08,2827100000,ALL,,253,323,1436151,345518,-345195,korea_customs_service,https://apis.data.go.kr/1220000/Itemtrade/getItemtradeList,2026-08-10T12:44:08.442413+00:00
2025-09,2827100000,ALL,,136,1424,1975078,692331,-690907,korea_customs_service,https://apis.data.go.kr/1220000/Itemtrade/getItemtradeList,2026-08-10T12:44:08.442413+00:00
2025-10,2827100000,ALL,,215,329,802052,236901,-236572,korea_customs_service,https://apis.data.go.kr/1220000/Itemtrade/getItemtradeList,2026-08-10T12:44:08.442413+00:00
2025-11,2827100000,ALL,,12,175,1475299,208684,-208509,korea_customs_service,https://apis.data.go.kr/1220000/Itemtrade/getItemtradeList,2026-08-10T12:44:08.442413+00:00
2025-12,2827100000,ALL,,20238,5857,873101,232354,-226497,korea_customs_service,https://apis.data.go.kr/1220000/Itemtrade/getItemtradeList,2026-08-10T12:44:08.442413+00:00
2026-01,2827100000,ALL,,461,2198,654917,218756,-216558,korea_customs_service,https://apis.data.go.kr/1220000/Itemtrade/getItemtradeList,2026-08-10T12:44:08.746103+00:00
2026-02,2827100000,ALL,,41001,14868,546218,94892,-80024,korea_customs_service,https://apis.data.go.kr/1220000/Itemtrade/getItemtradeList,2026-08-10T12:44:08.746103+00:00
2026-03,2827100000,ALL,,1875,8439,1865164,334952,-326513,korea_customs_service,https://apis.data.go.kr/1220000/Itemtrade/getItemtradeList,2026-08-10T12:44:08.746103+00:00
2026-04,2827100000,ALL,,100409,26481,2626179,717421,-690940,korea_customs_service,https://apis.data.go.kr/1220000/Itemtrade/getItemtradeList,2026-08-10T12:44:08.746103+00:00
2026-05,2827100000,ALL,,831,4652,965051,335553,-330901,korea_customs_service,https://apis.data.go.kr/1220000/Itemtrade/getItemtradeList,2026-08-10T12:44:08.746103+00:00
2026-06,2827100000,ALL,,2742,1009,410049,480427,-479418,korea_customs_service,https://apis.data.go.kr/1220000/Itemtrade/getItemtradeList,2026-08-10T12:44:08.746103+00:00
2023-01,2827200000,ALL,,4525,32393,47936391,7581323,-7548930,korea_customs_service,https://apis.data.go.kr/1220000/Itemtrade/getItemtradeList,2026-08-10T12:44:08.878677+00:00
2023-02,2827200000,ALL,,22820,71760,18922754,3402055,-3330295,korea_customs_service,https://apis.data.go.kr/1220000/Itemtrade/getItemtradeList,2026-08-10T12:44:08.878677+00:00
2023-03,2827200000,ALL,,8579,32376,5912703,1388453,-1356077,korea_customs_service,https://apis.data.go.kr/1220000/Itemtrade/getItemtradeList,2026-08-10T12:44:08.878677+00:00
2023-04,2827200000,ALL,,1680,19083,2991890,869372,-850289,korea_customs_service,https://apis.data.go.kr/1220000/Itemtrade/getItemtradeList,2026-08-10T12:44:08.878677+00:00
2023-05,2827200000,ALL,,6070,30216,4841580,1083886,-1053670,korea_customs_service,https://apis.data.go.kr/1220000/Itemtrade/getItemtradeList,2026-08-10T12:44:08.878677+00:00
2023-06,2827200000,ALL,,369,4285,15381086,2913952,-2909667,korea_customs_service,https://apis.data.go.kr/1220000/Itemtrade/getItemtradeList,2026-08-10T12:44:08.878677+00:00
2023-07,2827200000,ALL,,60,2527,14948561,2457982,-2455455,korea_customs_service,https://apis.data.go.kr/1220000/Itemtrade/getItemtradeList,2026-08-10T12:44:08.878677+00:00
2023-08,2827200000,ALL,,4821,16473,13463341,2123184,-2106711,korea_customs_service,https://apis.data.go.kr/1220000/Itemtrade/getItemtradeList,2026-08-10T12:44:08.878677+00:00
2023-09,2827200000,ALL,,4809,19417,20744451,3350735,-3331318,korea_customs_service,https://apis.data.go.kr/1220000/Itemtrade/getItemtradeList,2026-08-10T12:44:08.878677+00:00
2023-10,2827200000,ALL,,6675,21511,48596104,6623049,-6601538,korea_customs_service,https://apis.data.go.kr/1220000/Itemtrade/getItemtradeList,2026-08-10T12:44:08.878677+00:00
2023-11,2827200000,ALL,,8664,52544,50101869,7964692,-7912148,korea_customs_service,https://apis.data.go.kr/1220000/Itemtrade/getItemtradeList,2026-08-10T12:44:08.878677+00:00
2023-12,2827200000,ALL,,3443,13791,62881091,9079763,-9065972,korea_customs_service,https://apis.data.go.kr/1220000/Itemtrade/getItemtradeList,2026-08-10T12:44:08.878677+00:00
2024-01,2827200000,ALL,,23901,99507,35038799,5223465,-5123958,korea_customs_service,https://apis.data.go.kr/1220000/Itemtrade/getItemtradeList,2026-08-10T12:44:09.167462+00:00
2024-02,2827200000,ALL,,4207,30723,9687359,1526259,-1495536,korea_customs_service,https://apis.data.go.kr/1220000/Itemtrade/getItemtradeList,2026-08-10T12:44:09.167462+00:00
2024-03,2827200000,ALL,,5421,46626,3423004,793608,-746982,korea_customs_service,https://apis.data.go.kr/1220000/Itemtrade/getItemtradeList,2026-08-10T12:44:09.167462+00:00
2024-04,2827200000,ALL,,6472,34416,4065240,1012992,-978576,korea_customs_service,https://apis.data.go.kr/1220000/Itemtrade/getItemtradeList,2026-08-10T12:44:09.167462+00:00
2024-05,2827200000,ALL,,8036,41228,9230635,1666442,-1625214,korea_customs_service,https://apis.data.go.kr/1220000/Itemtrade/getItemtradeList,2026-08-10T12:44:09.167462+00:00
2024-06,2827200000,ALL,,118720,79786,13540340,2223259,-2143473,korea_customs_service,https://apis.data.go.kr/1220000/Itemtrade/getItemtradeList,2026-08-10T12:44:09.167462+00:00
2024-07,2827200000,ALL,,8437,38076,8700335,1533821,-1495745,korea_customs_service,https://apis.data.go.kr/1220000/Itemtrade/getItemtradeList,2026-08-10T12:44:09.167462+00:00
2024-08,2827200000,ALL,,10789,46674,26465381,3537471,-3490797,korea_customs_service,https://apis.data.go.kr/1220000/Itemtrade/getItemtradeList,2026-08-10T12:44:09.167462+00:00
2024-09,2827200000,ALL,,13668,67752,37043676,5114415,-5046663,korea_customs_service,https://apis.data.go.kr/1220000/Itemtrade/getItemtradeList,2026-08-10T12:44:09.167462+00:00
2024-10,2827200000,ALL,,4417,11859,60003829,7649773,-7637914,korea_customs_service,https://apis.data.go.kr/1220000/Itemtrade/getItemtradeList,2026-08-10T12:44:09.167462+00:00
2024-11,2827200000,ALL,,48107,38102,59204308,7494673,-7456571,korea_customs_service,https://apis.data.go.kr/1220000/Itemtrade/getItemtradeList,2026-08-10T12:44:09.167462+00:00
2024-12,2827200000,ALL,,3619,20460,46506851,5795533,-5775073,korea_customs_service,https://apis.data.go.kr/1220000/Itemtrade/getItemtradeList,2026-08-10T12:44:09.167462+00:00
2025-01,2827200000,ALL,,2295,13065,41035769,5363894,-5350829,korea_customs_service,https://apis.data.go.kr/1220000/Itemtrade/getItemtradeList,2026-08-10T12:44:09.468950+00:00
2025-02,2827200000,ALL,,9457,17918,31578117,3337885,-3319967,korea_customs_service,https://apis.data.go.kr/1220000/Itemtrade/getItemtradeList,2026-08-10T12:44:09.468950+00:00
2025-03,2827200000,ALL,,7738,33469,6771893,1159018,-1125549,korea_customs_service,https://apis.data.go.kr/1220000/Itemtrade/getItemtradeList,2026-08-10T12:44:09.468950+00:00
2025-04,2827200000,ALL,,5101,14881,2617722,780355,-765474,korea_customs_service,https://apis.data.go.kr/1220000/Itemtrade/getItemtradeList,2026-08-10T12:44:09.468950+00:00
2025-05,2827200000,ALL,,10861,39267,11181951,1830477,-1791210,korea_customs_service,https://apis.data.go.kr/1220000/Itemtrade/getItemtradeList,2026-08-10T12:44:09.468950+00:00
2025-06,2827200000,ALL,,4058,31741,4724877,914886,-883145,korea_customs_service,https://apis.data.go.kr/1220000/Itemtrade/getItemtradeList,2026-08-10T12:44:09.468950+00:00
2025-07,2827200000,ALL,,3245,13582,10731848,1528873,-1515291,korea_customs_service,https://apis.data.go.kr/1220000/Itemtrade/getItemtradeList,2026-08-10T12:44:09.468950+00:00
2025-08,2827200000,ALL,,2270,7333,23557814,2491405,-2484072,korea_customs_service,https://apis.data.go.kr/1220000/Itemtrade/getItemtradeList,2026-08-10T12:44:09.468950+00:00
2025-09,2827200000,ALL,,2179,9954,52842188,5176048,-5166094,korea_customs_service,https://apis.data.go.kr/1220000/Itemtrade/getItemtradeList,2026-08-10T12:44:09.468950+00:00
2025-10,2827200000,ALL,,408,5814,56337501,5388017,-5382203,korea_customs_service,https://apis.data.go.kr/1220000/Itemtrade/getItemtradeList,2026-08-10T12:44:09.468950+00:00
2025-11,2827200000,ALL,,23497,71673,74415918,6774991,-6703318,korea_customs_service,https://apis.data.go.kr/1220000/Itemtrade/getItemtradeList,2026-08-10T12:44:09.468950+00:00
2025-12,2827200000,ALL,,4566,13692,80706388,6379042,-6365350,korea_customs_service,https://apis.data.go.kr/1220000/Itemtrade/getItemtradeList,2026-08-10T12:44:09.468950+00:00
2026-01,2827200000,ALL,,5187,27620,43594259,3512059,-3484439,korea_customs_service,https://apis.data.go.kr/1220000/Itemtrade/getItemtradeList,2026-08-10T12:44:09.746782+00:00
2026-02,2827200000,ALL,,4637,16588,14396960,1573319,-1556731,korea_customs_service,https://apis.data.go.kr/1220000/Itemtrade/getItemtradeList,2026-08-10T12:44:09.746782+00:00
2026-03,2827200000,ALL,,5323,12845,3550313,770741,-757896,korea_customs_service,https://apis.data.go.kr/1220000/Itemtrade/getItemtradeList,2026-08-10T12:44:09.746782+00:00
2026-04,2827200000,ALL,,8596,24968,8250343,1740506,-1715538,korea_customs_service,https://apis.data.go.kr/1220000/Itemtrade/getItemtradeList,2026-08-10T12:44:09.746782+00:00
2026-05,2827200000,ALL,,11247,47426,3508494,1270464,-1223038,korea_customs_service,https://apis.data.go.kr/1220000/Itemtrade/getItemtradeList,2026-08-10T12:44:09.746782+00:00
2026-06,2827200000,ALL,,4695,34001,2932815,1082284,-1048283,korea_customs_service,https://apis.data.go.kr/1220000/Itemtrade/getItemtradeList,2026-08-10T12:44:09.746782+00:00
2023-01,2827609010,ALL,,127730,333775,39143,981775,-648000,korea_customs_service,https://apis.data.go.kr/1220000/Itemtrade/getItemtradeList,2026-08-10T12:44:09.873586+00:00
2023-02,2827609010,ALL,,122230,118178,71369,1799119,-1680941,korea_customs_service,https://apis.data.go.kr/1220000/Itemtrade/getItemtradeList,2026-08-10T12:44:09.873586+00:00
2023-03,2827609010,ALL,,143495,132174,71589,1807862,-1675688,korea_customs_service,https://apis.data.go.kr/1220000/Itemtrade/getItemtradeList,2026-08-10T12:44:09.873586+00:00
2023-04,2827609010,ALL,,122150,130353,68367,1960920,-1830567,korea_customs_service,https://apis.data.go.kr/1220000/Itemtrade/getItemtradeList,2026-08-10T12:44:09.873586+00:00
2023-05,2827609010,ALL,,121580,32813,74199,1534533,-1501720,korea_customs_service,https://apis.data.go.kr/1220000/Itemtrade/getItemtradeList,2026-08-10T12:44:09.873586+00:00
2023-06,2827609010,ALL,,141070,108608,54185,1593283,-1484675,korea_customs_service,https://apis.data.go.kr/1220000/Itemtrade/getItemtradeList,2026-08-10T12:44:09.873586+00:00
2023-07,2827609010,ALL,,141750,108715,102278,2715986,-2607271,korea_customs_service,https://apis.data.go.kr/1220000/Itemtrade/getItemtradeList,2026-08-10T12:44:09.873586+00:00
2023-08,2827609010,ALL,,101303,101859,42965,957923,-856064,korea_customs_service,https://apis.data.go.kr/1220000/Itemtrade/getItemtradeList,2026-08-10T12:44:09.873586+00:00
2023-09,2827609010,ALL,,122468,110396,66869,1507106,-1396710,korea_customs_service,https://apis.data.go.kr/1220000/Itemtrade/getItemtradeList,2026-08-10T12:44:09.873586+00:00
2023-10,2827609010,ALL,,143005,230279,38548,1085119,-854840,korea_customs_service,https://apis.data.go.kr/1220000/Itemtrade/getItemtradeList,2026-08-10T12:44:09.873586+00:00
2023-11,2827609010,ALL,,142401,206540,67713,1802954,-1596414,korea_customs_service,https://apis.data.go.kr/1220000/Itemtrade/getItemtradeList,2026-08-10T12:44:09.873586+00:00
2023-12,2827609010,ALL,,142834,206620,70913,2095906,-1889286,korea_customs_service,https://apis.data.go.kr/1220000/Itemtrade/getItemtradeList,2026-08-10T12:44:09.873586+00:00
2024-01,2827609010,ALL,,163891,325133,46295,1127719,-802586,korea_customs_service,https://apis.data.go.kr/1220000/Itemtrade/getItemtradeList,2026-08-10T12:44:12.168379+00:00
2024-02,2827609010,ALL,,122090,178415,74376,2392476,-2214061,korea_customs_service,https://apis.data.go.kr/1220000/Itemtrade/getItemtradeList,2026-08-10T12:44:12.168379+00:00
2024-03,2827609010,ALL,,142680,301471,71608,2303082,-2001611,korea_customs_service,https://apis.data.go.kr/1220000/Itemtrade/getItemtradeList,2026-08-10T12:44:12.168379+00:00
2024-04,2827609010,ALL,,122695,269519,92808,2530141,-2260622,korea_customs_service,https://apis.data.go.kr/1220000/Itemtrade/getItemtradeList,2026-08-10T12:44:12.168379+00:00
2024-05,2827609010,ALL,,227301,458867,49541,1969222,-1510355,korea_customs_service,https://apis.data.go.kr/1220000/Itemtrade/getItemtradeList,2026-08-10T12:44:12.168379+00:00
2024-06,2827609010,ALL,,162560,321207,61400,1919775,-1598568,korea_customs_service,https://apis.data.go.kr/1220000/Itemtrade/getItemtradeList,2026-08-10T12:44:12.168379+00:00
2024-07,2827609010,ALL,,184651,338391,80776,1982356,-1643965,korea_customs_service,https://apis.data.go.kr/1220000/Itemtrade/getItemtradeList,2026-08-10T12:44:12.168379+00:00
2024-08,2827609010,ALL,,225215,346218,41908,1399734,-1053516,korea_customs_service,https://apis.data.go.kr/1220000/Itemtrade/getItemtradeList,2026-08-10T12:44:12.168379+00:00
2024-09,2827609010,ALL,,164920,330907,80619,1997239,-1666332,korea_customs_service,https://apis.data.go.kr/1220000/Itemtrade/getItemtradeList,2026-08-10T12:44:12.168379+00:00
2024-10,2827609010,ALL,,144080,303406,60960,2035439,-1732033,korea_customs_service,https://apis.data.go.kr/1220000/Itemtrade/getItemtradeList,2026-08-10T12:44:12.168379+00:00
2024-11,2827609010,ALL,,164151,262511,37938,1195020,-932509,korea_customs_service,https://apis.data.go.kr/1220000/Itemtrade/getItemtradeList,2026-08-10T12:44:12.168379+00:00
2024-12,2827609010,ALL,,143233,290847,112980,4645059,-4354212,korea_customs_service,https://apis.data.go.kr/1220000/Itemtrade/getItemtradeList,2026-08-10T12:44:12.168379+00:00
2025-01,2827609010,ALL,,206220,468914,39980,1017937,-549023,korea_customs_service,https://apis.data.go.kr/1220000/Itemtrade/getItemtradeList,2026-08-10T12:44:12.484120+00:00
2025-02,2827609010,ALL,,207520,392742,64043,2172201,-1779459,korea_customs_service,https://apis.data.go.kr/1220000/Itemtrade/getItemtradeList,2026-08-10T12:44:12.484120+00:00
2025-03,2827609010,ALL,,145928,305043,49028,1866070,-1561027,korea_customs_service,https://apis.data.go.kr/1220000/Itemtrade/getItemtradeList,2026-08-10T12:44:12.484120+00:00
2025-04,2827609010,ALL,,187536,443255,94718,3637002,-3193747,korea_customs_service,https://apis.data.go.kr/1220000/Itemtrade/getItemtradeList,2026-08-10T12:44:12.484120+00:00
2025-05,2827609010,ALL,,145048,346827,79317,3211412,-2864585,korea_customs_service,https://apis.data.go.kr/1220000/Itemtrade/getItemtradeList,2026-08-10T12:44:12.484120+00:00
2025-06,2827609010,ALL,,144340,302236,66394,2484885,-2182649,korea_customs_service,https://apis.data.go.kr/1220000/Itemtrade/getItemtradeList,2026-08-10T12:44:12.484120+00:00
2025-07,2827609010,ALL,,184744,411209,61758,2123980,-1712771,korea_customs_service,https://apis.data.go.kr/1220000/Itemtrade/getItemtradeList,2026-08-10T12:44:12.484120+00:00
2025-08,2827609010,ALL,,143606,277280,60850,2009446,-1732166,korea_customs_service,https://apis.data.go.kr/1220000/Itemtrade/getItemtradeList,2026-08-10T12:44:12.484120+00:00
2025-09,2827609010,ALL,,144510,300268,73029,2488615,-2188347,korea_customs_service,https://apis.data.go.kr/1220000/Itemtrade/getItemtradeList,2026-08-10T12:44:12.484120+00:00
2025-10,2827609010,ALL,,162250,377496,40845,1527634,-1150138,korea_customs_service,https://apis.data.go.kr/1220000/Itemtrade/getItemtradeList,2026-08-10T12:44:12.484120+00:00
2025-11,2827609010,ALL,,124108,263177,41976,1480890,-1217713,korea_customs_service,https://apis.data.go.kr/1220000/Itemtrade/getItemtradeList,2026-08-10T12:44:12.484120+00:00
2025-12,2827609010,ALL,,143252,270908,83689,2638637,-2367729,korea_customs_service,https://apis.data.go.kr/1220000/Itemtrade/getItemtradeList,2026-08-10T12:44:12.484120+00:00
2026-01,2827609010,ALL,,172520,843775,49475,1990380,-1146605,korea_customs_service,https://apis.data.go.kr/1220000/Itemtrade/getItemtradeList,2026-08-10T12:44:12.785398+00:00
2026-02,2827609010,ALL,,126080,296018,52996,1539116,-1243098,korea_customs_service,https://apis.data.go.kr/1220000/Itemtrade/getItemtradeList,2026-08-10T12:44:12.785398+00:00
2026-03,2827609010,ALL,,148240,1065011,70946,2543021,-1478010,korea_customs_service,https://apis.data.go.kr/1220000/Itemtrade/getItemtradeList,2026-08-10T12:44:12.785398+00:00
2026-04,2827609010,ALL,,155710,818245,57991,1796996,-978751,korea_customs_service,https://apis.data.go.kr/1220000/Itemtrade/getItemtradeList,2026-08-10T12:44:12.785398+00:00
2026-05,2827609010,ALL,,135545,685958,61599,2064683,-1378725,korea_customs_service,https://apis.data.go.kr/1220000/Itemtrade/getItemtradeList,2026-08-10T12:44:12.785398+00:00
2026-06,2827609010,ALL,,146099,497643,62446,2060747,-1563104,korea_customs_service,https://apis.data.go.kr/1220000/Itemtrade/getItemtradeList,2026-08-10T12:44:12.785398+00:00
2023-01,2836500000,ALL,,172945,141626,692661,416365,-274739,korea_customs_service,https://apis.data.go.kr/1220000/Itemtrade/getItemtradeList,2026-08-10T12:44:12.897213+00:00
2023-02,2836500000,ALL,,136883,126389,885603,585929,-459540,korea_customs_service,https://apis.data.go.kr/1220000/Itemtrade/getItemtradeList,2026-08-10T12:44:12.897213+00:00
2023-03,2836500000,ALL,,209641,137524,1096679,667539,-530015,korea_customs_service,https://apis.data.go.kr/1220000/Itemtrade/getItemtradeList,2026-08-10T12:44:12.897213+00:00
2023-04,2836500000,ALL,,107762,103418,1033955,673567,-570149,korea_customs_service,https://apis.data.go.kr/1220000/Itemtrade/getItemtradeList,2026-08-10T12:44:12.897213+00:00
2023-05,2836500000,ALL,,211067,155526,1006568,653047,-497521,korea_customs_service,https://apis.data.go.kr/1220000/Itemtrade/getItemtradeList,2026-08-10T12:44:12.897213+00:00
2023-06,2836500000,ALL,,138612,127673,920689,542623,-414950,korea_customs_service,https://apis.data.go.kr/1220000/Itemtrade/getItemtradeList,2026-08-10T12:44:12.897213+00:00
2023-07,2836500000,ALL,,198865,202306,1003850,552823,-350517,korea_customs_service,https://apis.data.go.kr/1220000/Itemtrade/getItemtradeList,2026-08-10T12:44:12.897213+00:00
2023-08,2836500000,ALL,,260089,216333,776020,452163,-235830,korea_customs_service,https://apis.data.go.kr/1220000/Itemtrade/getItemtradeList,2026-08-10T12:44:12.897213+00:00
2023-09,2836500000,ALL,,267224,156384,841146,464120,-307736,korea_customs_service,https://apis.data.go.kr/1220000/Itemtrade/getItemtradeList,2026-08-10T12:44:12.897213+00:00
2023-10,2836500000,ALL,,194510,153965,1063884,508544,-354579,korea_customs_service,https://apis.data.go.kr/1220000/Itemtrade/getItemtradeList,2026-08-10T12:44:12.897213+00:00
2023-11,2836500000,ALL,,229177,206699,974800,454100,-247401,korea_customs_service,https://apis.data.go.kr/1220000/Itemtrade/getItemtradeList,2026-08-10T12:44:12.897213+00:00
2023-12,2836500000,ALL,,204374,171476,1000114,462657,-291181,korea_customs_service,https://apis.data.go.kr/1220000/Itemtrade/getItemtradeList,2026-08-10T12:44:12.897213+00:00
2024-01,2836500000,ALL,,116241,101785,1037899,488145,-386360,korea_customs_service,https://apis.data.go.kr/1220000/Itemtrade/getItemtradeList,2026-08-10T12:44:13.198524+00:00
2024-02,2836500000,ALL,,271925,170670,1015279,437914,-267244,korea_customs_service,https://apis.data.go.kr/1220000/Itemtrade/getItemtradeList,2026-08-10T12:44:13.198524+00:00
2024-03,2836500000,ALL,,124098,101401,1099436,486701,-385300,korea_customs_service,https://apis.data.go.kr/1220000/Itemtrade/getItemtradeList,2026-08-10T12:44:13.198524+00:00
2024-04,2836500000,ALL,,136360,126174,1265951,505870,-379696,korea_customs_service,https://apis.data.go.kr/1220000/Itemtrade/getItemtradeList,2026-08-10T12:44:13.198524+00:00
2024-05,2836500000,ALL,,103660,130284,1398228,658881,-528597,korea_customs_service,https://apis.data.go.kr/1220000/Itemtrade/getItemtradeList,2026-08-10T12:44:13.198524+00:00
2024-06,2836500000,ALL,,315465,196491,1190876,590755,-394264,korea_customs_service,https://apis.data.go.kr/1220000/Itemtrade/getItemtradeList,2026-08-10T12:44:13.198524+00:00
2024-07,2836500000,ALL,,273860,166430,982855,464431,-298001,korea_customs_service,https://apis.data.go.kr/1220000/Itemtrade/getItemtradeList,2026-08-10T12:44:13.198524+00:00
2024-08,2836500000,ALL,,160120,109951,1260293,449015,-339064,korea_customs_service,https://apis.data.go.kr/1220000/Itemtrade/getItemtradeList,2026-08-10T12:44:13.198524+00:00
2024-09,2836500000,ALL,,292654,170171,1190415,462998,-292827,korea_customs_service,https://apis.data.go.kr/1220000/Itemtrade/getItemtradeList,2026-08-10T12:44:13.198524+00:00
2024-10,2836500000,ALL,,192998,125692,1150824,568059,-442367,korea_customs_service,https://apis.data.go.kr/1220000/Itemtrade/getItemtradeList,2026-08-10T12:44:13.198524+00:00
2024-11,2836500000,ALL,,151538,121378,1288852,473145,-351767,korea_customs_service,https://apis.data.go.kr/1220000/Itemtrade/getItemtradeList,2026-08-10T12:44:13.198524+00:00
2024-12,2836500000,ALL,,187728,130207,1066069,418414,-288207,korea_customs_service,https://apis.data.go.kr/1220000/Itemtrade/getItemtradeList,2026-08-10T12:44:13.198524+00:00
2025-01,2836500000,ALL,,137990,89863,1138322,556616,-466753,korea_customs_service,https://apis.data.go.kr/1220000/Itemtrade/getItemtradeList,2026-08-10T12:44:13.481683+00:00
2025-02,2836500000,ALL,,220701,179768,1176018,588307,-408539,korea_customs_service,https://apis.data.go.kr/1220000/Itemtrade/getItemtradeList,2026-08-10T12:44:13.481683+00:00
2025-03,2836500000,ALL,,92764,81215,1308858,486017,-404802,korea_customs_service,https://apis.data.go.kr/1220000/Itemtrade/getItemtradeList,2026-08-10T12:44:13.481683+00:00
2025-04,2836500000,ALL,,180759,189600,1535995,611038,-421438,korea_customs_service,https://apis.data.go.kr/1220000/Itemtrade/getItemtradeList,2026-08-10T12:44:13.481683+00:00
2025-05,2836500000,ALL,,154531,100955,1522997,541816,-440861,korea_customs_service,https://apis.data.go.kr/1220000/Itemtrade/getItemtradeList,2026-08-10T12:44:13.481683+00:00
2025-06,2836500000,ALL,,182869,119702,1128534,498494,-378792,korea_customs_service,https://apis.data.go.kr/1220000/Itemtrade/getItemtradeList,2026-08-10T12:44:13.481683+00:00
2025-07,2836500000,ALL,,143118,108600,1750706,708722,-600122,korea_customs_service,https://apis.data.go.kr/1220000/Itemtrade/getItemtradeList,2026-08-10T12:44:13.481683+00:00
2025-08,2836500000,ALL,,287649,178763,1215161,520331,-341568,korea_customs_service,https://apis.data.go.kr/1220000/Itemtrade/getItemtradeList,2026-08-10T12:44:13.481683+00:00
2025-09,2836500000,ALL,,190681,142177,1095959,472874,-330697,korea_customs_service,https://apis.data.go.kr/1220000/Itemtrade/getItemtradeList,2026-08-10T12:44:13.481683+00:00
2025-10,2836500000,ALL,,121213,105335,1510477,474986,-369651,korea_customs_service,https://apis.data.go.kr/1220000/Itemtrade/getItemtradeList,2026-08-10T12:44:13.481683+00:00
2025-11,2836500000,ALL,,447429,171725,1187595,551020,-379295,korea_customs_service,https://apis.data.go.kr/1220000/Itemtrade/getItemtradeList,2026-08-10T12:44:13.481683+00:00
2025-12,2836500000,ALL,,121423,103565,1764419,590675,-487110,korea_customs_service,https://apis.data.go.kr/1220000/Itemtrade/getItemtradeList,2026-08-10T12:44:13.481683+00:00
2026-01,2836500000,ALL,,1122696,336200,2081464,580206,-244006,korea_customs_service,https://apis.data.go.kr/1220000/Itemtrade/getItemtradeList,2026-08-10T12:44:13.795246+00:00
2026-02,2836500000,ALL,,480695,156201,1076996,445381,-289180,korea_customs_service,https://apis.data.go.kr/1220000/Itemtrade/getItemtradeList,2026-08-10T12:44:13.795246+00:00
2026-03,2836500000,ALL,,558370,214668,2704652,767830,-553162,korea_customs_service,https://apis.data.go.kr/1220000/Itemtrade/getItemtradeList,2026-08-10T12:44:13.795246+00:00
2026-04,2836500000,ALL,,646398,260280,2017374,679492,-419212,korea_customs_service,https://apis.data.go.kr/1220000/Itemtrade/getItemtradeList,2026-08-10T12:44:13.795246+00:00
2026-05,2836500000,ALL,,727682,171529,2697673,785599,-614070,korea_customs_service,https://apis.data.go.kr/1220000/Itemtrade/getItemtradeList,2026-08-10T12:44:13.795246+00:00
2026-06,2836500000,ALL,,469261,182510,1961450,876474,-693964,korea_customs_service,https://apis.data.go.kr/1220000/Itemtrade/getItemtradeList,2026-08-10T12:44:13.795246+00:00
2023-01,2906110000,ALL,,0,38,93615,2217891,-2217853,korea_customs_service,https://apis.data.go.kr/1220000/Itemtrade/getItemtradeList,2026-08-10T12:44:13.915430+00:00
2023-02,2906110000,ALL,,25,715,131659,3234697,-3233982,korea_customs_service,https://apis.data.go.kr/1220000/Itemtrade/getItemtradeList,2026-08-10T12:44:13.915430+00:00
2023-03,2906110000,ALL,,676,6752,88584,2197243,-2190491,korea_customs_service,https://apis.data.go.kr/1220000/Itemtrade/getItemtradeList,2026-08-10T12:44:13.915430+00:00
2023-04,2906110000,ALL,,102,3701,106397,2603830,-2600129,korea_customs_service,https://apis.data.go.kr/1220000/Itemtrade/getItemtradeList,2026-08-10T12:44:13.915430+00:00
2023-05,2906110000,ALL,,0,28,119225,2907789,-2907761,korea_customs_service,https://apis.data.go.kr/1220000/Itemtrade/getItemtradeList,2026-08-10T12:44:13.915430+00:00
2023-06,2906110000,ALL,,0,25,92344,2400028,-2400003,korea_customs_service,https://apis.data.go.kr/1220000/Itemtrade/getItemtradeList,2026-08-10T12:44:13.915430+00:00
2023-07,2906110000,ALL,,7,245,112412,2918071,-2917826,korea_customs_service,https://apis.data.go.kr/1220000/Itemtrade/getItemtradeList,2026-08-10T12:44:13.915430+00:00
2023-08,2906110000,ALL,,73,2333,152620,3283891,-3281558,korea_customs_service,https://apis.data.go.kr/1220000/Itemtrade/getItemtradeList,2026-08-10T12:44:13.915430+00:00
2023-09,2906110000,ALL,,26,736,81588,1646227,-1645491,korea_customs_service,https://apis.data.go.kr/1220000/Itemtrade/getItemtradeList,2026-08-10T12:44:13.915430+00:00
2023-10,2906110000,ALL,,7,226,96288,2295314,-2295088,korea_customs_service,https://apis.data.go.kr/1220000/Itemtrade/getItemtradeList,2026-08-10T12:44:13.915430+00:00
2023-11,2906110000,ALL,,0,0,75517,1759847,-1759847,korea_customs_service,https://apis.data.go.kr/1220000/Itemtrade/getItemtradeList,2026-08-10T12:44:13.915430+00:00
2023-12,2906110000,ALL,,77,3314,90972,2247279,-2243965,korea_customs_service,https://apis.data.go.kr/1220000/Itemtrade/getItemtradeList,2026-08-10T12:44:13.915430+00:00
2024-01,2906110000,ALL,,98,2309,95300,2102986,-2100677,korea_customs_service,https://apis.data.go.kr/1220000/Itemtrade/getItemtradeList,2026-08-10T12:44:14.227402+00:00
2024-02,2906110000,ALL,,148,3265,94672,2411568,-2408303,korea_customs_service,https://apis.data.go.kr/1220000/Itemtrade/getItemtradeList,2026-08-10T12:44:14.227402+00:00
2024-03,2906110000,ALL,,26,1200,73914,1556886,-1555686,korea_customs_service,https://apis.data.go.kr/1220000/Itemtrade/getItemtradeList,2026-08-10T12:44:14.227402+00:00
2024-04,2906110000,ALL,,81,2570,129525,2845561,-2842991,korea_customs_service,https://apis.data.go.kr/1220000/Itemtrade/getItemtradeList,2026-08-10T12:44:14.227402+00:00
2024-05,2906110000,ALL,,3,137,119620,2839532,-2839395,korea_customs_service,https://apis.data.go.kr/1220000/Itemtrade/getItemtradeList,2026-08-10T12:44:14.227402+00:00
2024-06,2906110000,ALL,,133,3219,86731,1546132,-1542913,korea_customs_service,https://apis.data.go.kr/1220000/Itemtrade/getItemtradeList,2026-08-10T12:44:14.227402+00:00
2024-07,2906110000,ALL,,6777,110679,133152,2855457,-2744778,korea_customs_service,https://apis.data.go.kr/1220000/Itemtrade/getItemtradeList,2026-08-10T12:44:14.227402+00:00
2024-08,2906110000,ALL,,0,41,110856,2392519,-2392478,korea_customs_service,https://apis.data.go.kr/1220000/Itemtrade/getItemtradeList,2026-08-10T12:44:14.227402+00:00
2024-09,2906110000,ALL,,2,78,142277,2871035,-2870957,korea_customs_service,https://apis.data.go.kr/1220000/Itemtrade/getItemtradeList,2026-08-10T12:44:14.227402+00:00
2024-10,2906110000,ALL,,75,3005,77228,1492628,-1489623,korea_customs_service,https://apis.data.go.kr/1220000/Itemtrade/getItemtradeList,2026-08-10T12:44:14.227402+00:00
2024-11,2906110000,ALL,,950,22651,85086,1575827,-1553176,korea_customs_service,https://apis.data.go.kr/1220000/Itemtrade/getItemtradeList,2026-08-10T12:44:14.227402+00:00
2024-12,2906110000,ALL,,208,3604,142838,3314201,-3310597,korea_customs_service,https://apis.data.go.kr/1220000/Itemtrade/getItemtradeList,2026-08-10T12:44:14.227402+00:00
2025-01,2906110000,ALL,,2,95,112611,2375994,-2375899,korea_customs_service,https://apis.data.go.kr/1220000/Itemtrade/getItemtradeList,2026-08-10T12:44:14.542891+00:00
2025-02,2906110000,ALL,,200,6500,129650,2870201,-2863701,korea_customs_service,https://apis.data.go.kr/1220000/Itemtrade/getItemtradeList,2026-08-10T12:44:14.542891+00:00
2025-03,2906110000,ALL,,2065,60380,114874,2490253,-2429873,korea_customs_service,https://apis.data.go.kr/1220000/Itemtrade/getItemtradeList,2026-08-10T12:44:14.542891+00:00
2025-04,2906110000,ALL,,53,2093,118761,2551710,-2549617,korea_customs_service,https://apis.data.go.kr/1220000/Itemtrade/getItemtradeList,2026-08-10T12:44:14.542891+00:00
2025-05,2906110000,ALL,,0,0,156693,2916977,-2916977,korea_customs_service,https://apis.data.go.kr/1220000/Itemtrade/getItemtradeList,2026-08-10T12:44:14.542891+00:00
2025-06,2906110000,ALL,,201,7550,112938,2694500,-2686950,korea_customs_service,https://apis.data.go.kr/1220000/Itemtrade/getItemtradeList,2026-08-10T12:44:14.542891+00:00
2025-07,2906110000,ALL,,2,314,110238,2363807,-2363493,korea_customs_service,https://apis.data.go.kr/1220000/Itemtrade/getItemtradeList,2026-08-10T12:44:14.542891+00:00
2025-08,2906110000,ALL,,25,748,68663,1826774,-1826026,korea_customs_service,https://apis.data.go.kr/1220000/Itemtrade/getItemtradeList,2026-08-10T12:44:14.542891+00:00
2025-09,2906110000,ALL,,130,5847,141031,2923618,-2917771,korea_customs_service,https://apis.data.go.kr/1220000/Itemtrade/getItemtradeList,2026-08-10T12:44:14.542891+00:00
2025-10,2906110000,ALL,,0,0,114464,2625937,-2625937,korea_customs_service,https://apis.data.go.kr/1220000/Itemtrade/getItemtradeList,2026-08-10T12:44:14.542891+00:00
2025-11,2906110000,ALL,,150,5967,105429,2553131,-2547164,korea_customs_service,https://apis.data.go.kr/1220000/Itemtrade/getItemtradeList,2026-08-10T12:44:14.542891+00:00
2025-12,2906110000,ALL,,223,9015,170482,3759978,-3750963,korea_customs_service,https://apis.data.go.kr/1220000/Itemtrade/getItemtradeList,2026-08-10T12:44:14.542891+00:00
2026-01,2906110000,ALL,,1,146,179598,3680356,-3680210,korea_customs_service,https://apis.data.go.kr/1220000/Itemtrade/getItemtradeList,2026-08-10T12:44:14.827071+00:00
2026-02,2906110000,ALL,,51,1152,113558,2422298,-2421146,korea_customs_service,https://apis.data.go.kr/1220000/Itemtrade/getItemtradeList,2026-08-10T12:44:14.827071+00:00
2026-03,2906110000,ALL,,85,1742,163107,3201961,-3200219,korea_customs_service,https://apis.data.go.kr/1220000/Itemtrade/getItemtradeList,2026-08-10T12:44:14.827071+00:00
2026-04,2906110000,ALL,,67,1837,149688,2980252,-2978415,korea_customs_service,https://apis.data.go.kr/1220000/Itemtrade/getItemtradeList,2026-08-10T12:44:14.827071+00:00
2026-05,2906110000,ALL,,47,1454,130284,2623734,-2622280,korea_customs_service,https://apis.data.go.kr/1220000/Itemtrade/getItemtradeList,2026-08-10T12:44:14.827071+00:00
2026-06,2906110000,ALL,,10958,301093,110584,2294888,-1993795,korea_customs_service,https://apis.data.go.kr/1220000/Itemtrade/getItemtradeList,2026-08-10T12:44:14.827071+00:00
2023-01,2918111000,ALL,,164,1111,336978,727934,-726823,korea_customs_service,https://apis.data.go.kr/1220000/Itemtrade/getItemtradeList,2026-08-10T12:44:14.961625+00:00
2023-02,2918111000,ALL,,3751,41910,191501,541539,-499629,korea_customs_service,https://apis.data.go.kr/1220000/Itemtrade/getItemtradeList,2026-08-10T12:44:14.961625+00:00
2023-03,2918111000,ALL,,20932,25377,229581,536954,-511577,korea_customs_service,https://apis.data.go.kr/1220000/Itemtrade/getItemtradeList,2026-08-10T12:44:14.961625+00:00
2023-04,2918111000,ALL,,69907,86569,274423,632767,-546198,korea_customs_service,https://apis.data.go.kr/1220000/Itemtrade/getItemtradeList,2026-08-10T12:44:14.961625+00:00
2023-05,2918111000,ALL,,2609,9201,127838,361258,-352057,korea_customs_service,https://apis.data.go.kr/1220000/Itemtrade/getItemtradeList,2026-08-10T12:44:14.961625+00:00
2023-06,2918111000,ALL,,501,2006,265323,492233,-490227,korea_customs_service,https://apis.data.go.kr/1220000/Itemtrade/getItemtradeList,2026-08-10T12:44:14.961625+00:00
2023-07,2918111000,ALL,,475,2583,404387,787998,-785415,korea_customs_service,https://apis.data.go.kr/1220000/Itemtrade/getItemtradeList,2026-08-10T12:44:14.961625+00:00
2023-08,2918111000,ALL,,1896,21281,260917,688532,-667251,korea_customs_service,https://apis.data.go.kr/1220000/Itemtrade/getItemtradeList,2026-08-10T12:44:14.961625+00:00
2023-09,2918111000,ALL,,595,15772,504791,840800,-825028,korea_customs_service,https://apis.data.go.kr/1220000/Itemtrade/getItemtradeList,2026-08-10T12:44:14.961625+00:00
2023-10,2918111000,ALL,,1229,6256,335930,606046,-599790,korea_customs_service,https://apis.data.go.kr/1220000/Itemtrade/getItemtradeList,2026-08-10T12:44:14.961625+00:00
2023-11,2918111000,ALL,,1222,5014,364491,579362,-574348,korea_customs_service,https://apis.data.go.kr/1220000/Itemtrade/getItemtradeList,2026-08-10T12:44:14.961625+00:00
2023-12,2918111000,ALL,,1025,4971,245409,481479,-476508,korea_customs_service,https://apis.data.go.kr/1220000/Itemtrade/getItemtradeList,2026-08-10T12:44:14.961625+00:00
2024-01,2918111000,ALL,,150,3837,895139,1396304,-1392467,korea_customs_service,https://apis.data.go.kr/1220000/Itemtrade/getItemtradeList,2026-08-10T12:44:15.272762+00:00
2024-02,2918111000,ALL,,21374,19541,400746,674473,-654932,korea_customs_service,https://apis.data.go.kr/1220000/Itemtrade/getItemtradeList,2026-08-10T12:44:15.272762+00:00
2024-03,2918111000,ALL,,1175,4377,440720,812027,-807650,korea_customs_service,https://apis.data.go.kr/1220000/Itemtrade/getItemtradeList,2026-08-10T12:44:15.272762+00:00
2024-04,2918111000,ALL,,705,6976,373706,567950,-560974,korea_customs_service,https://apis.data.go.kr/1220000/Itemtrade/getItemtradeList,2026-08-10T12:44:15.272762+00:00
2024-05,2918111000,ALL,,4886,14640,370381,706312,-691672,korea_customs_service,https://apis.data.go.kr/1220000/Itemtrade/getItemtradeList,2026-08-10T12:44:15.272762+00:00
2024-06,2918111000,ALL,,2772,35431,428918,673758,-638327,korea_customs_service,https://apis.data.go.kr/1220000/Itemtrade/getItemtradeList,2026-08-10T12:44:15.272762+00:00
2024-07,2918111000,ALL,,95,1869,395115,664178,-662309,korea_customs_service,https://apis.data.go.kr/1220000/Itemtrade/getItemtradeList,2026-08-10T12:44:15.272762+00:00
2024-08,2918111000,ALL,,548,3236,443484,813077,-809841,korea_customs_service,https://apis.data.go.kr/1220000/Itemtrade/getItemtradeList,2026-08-10T12:44:15.272762+00:00
2024-09,2918111000,ALL,,2606,8174,393592,700233,-692059,korea_customs_service,https://apis.data.go.kr/1220000/Itemtrade/getItemtradeList,2026-08-10T12:44:15.272762+00:00
2024-10,2918111000,ALL,,41,1662,465875,789010,-787348,korea_customs_service,https://apis.data.go.kr/1220000/Itemtrade/getItemtradeList,2026-08-10T12:44:15.272762+00:00
2024-11,2918111000,ALL,,946,4287,675271,1069620,-1065333,korea_customs_service,https://apis.data.go.kr/1220000/Itemtrade/getItemtradeList,2026-08-10T12:44:15.272762+00:00
2024-12,2918111000,ALL,,654,6185,423543,706490,-700305,korea_customs_service,https://apis.data.go.kr/1220000/Itemtrade/getItemtradeList,2026-08-10T12:44:15.272762+00:00
2025-01,2918111000,ALL,,523,3275,740423,1152970,-1149695,korea_customs_service,https://apis.data.go.kr/1220000/Itemtrade/getItemtradeList,2026-08-10T12:44:15.562005+00:00
2025-02,2918111000,ALL,,172,1994,511158,799685,-797691,korea_customs_service,https://apis.data.go.kr/1220000/Itemtrade/getItemtradeList,2026-08-10T12:44:15.562005+00:00
2025-03,2918111000,ALL,,100,4486,245599,402953,-398467,korea_customs_service,https://apis.data.go.kr/1220000/Itemtrade/getItemtradeList,2026-08-10T12:44:15.562005+00:00
2025-04,2918111000,ALL,,1142,5813,622824,1054046,-1048233,korea_customs_service,https://apis.data.go.kr/1220000/Itemtrade/getItemtradeList,2026-08-10T12:44:15.562005+00:00
2025-05,2918111000,ALL,,352,5234,758962,1146800,-1141566,korea_customs_service,https://apis.data.go.kr/1220000/Itemtrade/getItemtradeList,2026-08-10T12:44:15.562005+00:00
2025-06,2918111000,ALL,,1002,2812,580409,875181,-872369,korea_customs_service,https://apis.data.go.kr/1220000/Itemtrade/getItemtradeList,2026-08-10T12:44:15.562005+00:00
2025-07,2918111000,ALL,,1074,3547,919357,1511247,-1507700,korea_customs_service,https://apis.data.go.kr/1220000/Itemtrade/getItemtradeList,2026-08-10T12:44:15.562005+00:00
2025-08,2918111000,ALL,,584,2893,286697,481174,-478281,korea_customs_service,https://apis.data.go.kr/1220000/Itemtrade/getItemtradeList,2026-08-10T12:44:15.562005+00:00
2025-09,2918111000,ALL,,1304,5210,637429,960425,-955215,korea_customs_service,https://apis.data.go.kr/1220000/Itemtrade/getItemtradeList,2026-08-10T12:44:15.562005+00:00
2025-10,2918111000,ALL,,1041,3510,525383,796087,-792577,korea_customs_service,https://apis.data.go.kr/1220000/Itemtrade/getItemtradeList,2026-08-10T12:44:15.562005+00:00
2025-11,2918111000,ALL,,1898,6305,470868,812100,-805795,korea_customs_service,https://apis.data.go.kr/1220000/Itemtrade/getItemtradeList,2026-08-10T12:44:15.562005+00:00
2025-12,2918111000,ALL,,455,3822,626137,1071895,-1068073,korea_customs_service,https://apis.data.go.kr/1220000/Itemtrade/getItemtradeList,2026-08-10T12:44:15.562005+00:00
2026-01,2918111000,ALL,,63143,61624,730855,1197147,-1135523,korea_customs_service,https://apis.data.go.kr/1220000/Itemtrade/getItemtradeList,2026-08-10T12:44:15.854716+00:00
2026-02,2918111000,ALL,,1723,8026,442840,739219,-731193,korea_customs_service,https://apis.data.go.kr/1220000/Itemtrade/getItemtradeList,2026-08-10T12:44:15.854716+00:00
2026-03,2918111000,ALL,,7145,19627,809089,1283830,-1264203,korea_customs_service,https://apis.data.go.kr/1220000/Itemtrade/getItemtradeList,2026-08-10T12:44:15.854716+00:00
2026-04,2918111000,ALL,,586,3607,484842,976389,-972782,korea_customs_service,https://apis.data.go.kr/1220000/Itemtrade/getItemtradeList,2026-08-10T12:44:15.854716+00:00
2026-05,2918111000,ALL,,238,2247,447193,907409,-905162,korea_customs_service,https://apis.data.go.kr/1220000/Itemtrade/getItemtradeList,2026-08-10T12:44:15.854716+00:00
2026-06,2918111000,ALL,,1804,6923,327220,726960,-720037,korea_customs_service,https://apis.data.go.kr/1220000/Itemtrade/getItemtradeList,2026-08-10T12:44:15.854716+00:00
2023-01,2924291020,ALL,,0,0,201051,2083495,-2083495,korea_customs_service,https://apis.data.go.kr/1220000/Itemtrade/getItemtradeList,2026-08-10T12:44:15.985340+00:00
2023-02,2924291020,ALL,,5,408,387210,4001987,-4001579,korea_customs_service,https://apis.data.go.kr/1220000/Itemtrade/getItemtradeList,2026-08-10T12:44:15.985340+00:00
2023-03,2924291020,ALL,,0,0,247155,2532591,-2532591,korea_customs_service,https://apis.data.go.kr/1220000/Itemtrade/getItemtradeList,2026-08-10T12:44:15.985340+00:00
2023-04,2924291020,ALL,,1375,15950,206798,2153157,-2137207,korea_customs_service,https://apis.data.go.kr/1220000/Itemtrade/getItemtradeList,2026-08-10T12:44:15.985340+00:00
2023-05,2924291020,ALL,,0,34,142155,1516463,-1516429,korea_customs_service,https://apis.data.go.kr/1220000/Itemtrade/getItemtradeList,2026-08-10T12:44:15.985340+00:00
2023-06,2924291020,ALL,,0,0,81625,738585,-738585,korea_customs_service,https://apis.data.go.kr/1220000/Itemtrade/getItemtradeList,2026-08-10T12:44:15.985340+00:00
2023-07,2924291020,ALL,,1,54,59801,658244,-658190,korea_customs_service,https://apis.data.go.kr/1220000/Itemtrade/getItemtradeList,2026-08-10T12:44:15.985340+00:00
2023-08,2924291020,ALL,,0,0,64712,513481,-513481,korea_customs_service,https://apis.data.go.kr/1220000/Itemtrade/getItemtradeList,2026-08-10T12:44:15.985340+00:00
2023-09,2924291020,ALL,,1,109,112627,1051645,-1051536,korea_customs_service,https://apis.data.go.kr/1220000/Itemtrade/getItemtradeList,2026-08-10T12:44:15.985340+00:00
2023-10,2924291020,ALL,,0,30,69803,611493,-611463,korea_customs_service,https://apis.data.go.kr/1220000/Itemtrade/getItemtradeList,2026-08-10T12:44:15.985340+00:00
2023-11,2924291020,ALL,,1,88,86306,640650,-640562,korea_customs_service,https://apis.data.go.kr/1220000/Itemtrade/getItemtradeList,2026-08-10T12:44:15.985340+00:00
2023-12,2924291020,ALL,,1,89,58028,492449,-492360,korea_customs_service,https://apis.data.go.kr/1220000/Itemtrade/getItemtradeList,2026-08-10T12:44:15.985340+00:00
2024-01,2924291020,ALL,,1,62,129856,964644,-964582,korea_customs_service,https://apis.data.go.kr/1220000/Itemtrade/getItemtradeList,2026-08-10T12:44:16.281071+00:00
2024-02,2924291020,ALL,,0,26,57508,391510,-391484,korea_customs_service,https://apis.data.go.kr/1220000/Itemtrade/getItemtradeList,2026-08-10T12:44:16.281071+00:00
2024-03,2924291020,ALL,,0,0,144825,1017768,-1017768,korea_customs_service,https://apis.data.go.kr/1220000/Itemtrade/getItemtradeList,2026-08-10T12:44:16.281071+00:00
2024-04,2924291020,ALL,,0,38,84553,540748,-540710,korea_customs_service,https://apis.data.go.kr/1220000/Itemtrade/getItemtradeList,2026-08-10T12:44:16.281071+00:00
2024-05,2924291020,ALL,,1,64,58855,309912,-309848,korea_customs_service,https://apis.data.go.kr/1220000/Itemtrade/getItemtradeList,2026-08-10T12:44:16.281071+00:00
2024-06,2924291020,ALL,,0,0,90430,609319,-609319,korea_customs_service,https://apis.data.go.kr/1220000/Itemtrade/getItemtradeList,2026-08-10T12:44:16.281071+00:00
2024-07,2924291020,ALL,,5,434,104007,669967,-669533,korea_customs_service,https://apis.data.go.kr/1220000/Itemtrade/getItemtradeList,2026-08-10T12:44:16.281071+00:00
2024-08,2924291020,ALL,,1,73,86802,513542,-513469,korea_customs_service,https://apis.data.go.kr/1220000/Itemtrade/getItemtradeList,2026-08-10T12:44:16.281071+00:00
2024-09,2924291020,ALL,,0,0,98001,705750,-705750,korea_customs_service,https://apis.data.go.kr/1220000/Itemtrade/getItemtradeList,2026-08-10T12:44:16.281071+00:00
2024-10,2924291020,ALL,,0,0,135627,838264,-838264,korea_customs_service,https://apis.data.go.kr/1220000/Itemtrade/getItemtradeList,2026-08-10T12:44:16.281071+00:00
2024-11,2924291020,ALL,,1,42,134806,838318,-838276,korea_customs_service,https://apis.data.go.kr/1220000/Itemtrade/getItemtradeList,2026-08-10T12:44:16.281071+00:00
2024-12,2924291020,ALL,,50,962,106527,689528,-688566,korea_customs_service,https://apis.data.go.kr/1220000/Itemtrade/getItemtradeList,2026-08-10T12:44:16.281071+00:00
2025-01,2924291020,ALL,,0,30,123700,776783,-776753,korea_customs_service,https://apis.data.go.kr/1220000/Itemtrade/getItemtradeList,2026-08-10T12:44:16.603720+00:00
2025-02,2924291020,ALL,,0,0,86000,574425,-574425,korea_customs_service,https://apis.data.go.kr/1220000/Itemtrade/getItemtradeList,2026-08-10T12:44:16.603720+00:00
2025-03,2924291020,ALL,,1,63,120477,564879,-564816,korea_customs_service,https://apis.data.go.kr/1220000/Itemtrade/getItemtradeList,2026-08-10T12:44:16.603720+00:00
2025-04,2924291020,ALL,,0,0,69652,465028,-465028,korea_customs_service,https://apis.data.go.kr/1220000/Itemtrade/getItemtradeList,2026-08-10T12:44:16.603720+00:00
2025-05,2924291020,ALL,,100,1145,123050,737904,-736759,korea_customs_service,https://apis.data.go.kr/1220000/Itemtrade/getItemtradeList,2026-08-10T12:44:16.603720+00:00
2025-06,2924291020,ALL,,0,26,136876,823071,-823045,korea_customs_service,https://apis.data.go.kr/1220000/Itemtrade/getItemtradeList,2026-08-10T12:44:16.603720+00:00
2025-07,2924291020,ALL,,0,0,102027,524873,-524873,korea_customs_service,https://apis.data.go.kr/1220000/Itemtrade/getItemtradeList,2026-08-10T12:44:16.603720+00:00
2025-08,2924291020,ALL,,0,0,114801,690351,-690351,korea_customs_service,https://apis.data.go.kr/1220000/Itemtrade/getItemtradeList,2026-08-10T12:44:16.603720+00:00
2025-09,2924291020,ALL,,0,0,61001,252959,-252959,korea_customs_service,https://apis.data.go.kr/1220000/Itemtrade/getItemtradeList,2026-08-10T12:44:16.603720+00:00
2025-10,2924291020,ALL,,0,0,98701,494082,-494082,korea_customs_service,https://apis.data.go.kr/1220000/Itemtrade/getItemtradeList,2026-08-10T12:44:16.603720+00:00
2025-11,2924291020,ALL,,0,0,96701,558902,-558902,korea_customs_service,https://apis.data.go.kr/1220000/Itemtrade/getItemtradeList,2026-08-10T12:44:16.603720+00:00
2025-12,2924291020,ALL,,5,437,164652,814347,-813910,korea_customs_service,https://apis.data.go.kr/1220000/Itemtrade/getItemtradeList,2026-08-10T12:44:16.603720+00:00
2026-01,2924291020,ALL,,0,0,104876,582428,-582428,korea_customs_service,https://apis.data.go.kr/1220000/Itemtrade/getItemtradeList,2026-08-10T12:44:16.896694+00:00
2026-02,2924291020,ALL,,0,58,100777,485641,-485583,korea_customs_service,https://apis.data.go.kr/1220000/Itemtrade/getItemtradeList,2026-08-10T12:44:16.896694+00:00
2026-03,2924291020,ALL,,1,54,116936,620444,-620390,korea_customs_service,https://apis.data.go.kr/1220000/Itemtrade/getItemtradeList,2026-08-10T12:44:16.896694+00:00
2026-04,2924291020,ALL,,0,0,161651,871577,-871577,korea_customs_service,https://apis.data.go.kr/1220000/Itemtrade/getItemtradeList,2026-08-10T12:44:16.896694+00:00
2026-05,2924291020,ALL,,0,0,128763,724884,-724884,korea_customs_service,https://apis.data.go.kr/1220000/Itemtrade/getItemtradeList,2026-08-10T12:44:16.896694+00:00
2026-06,2924291020,ALL,,0,0,89501,578149,-578149,korea_customs_service,https://apis.data.go.kr/1220000/Itemtrade/getItemtradeList,2026-08-10T12:44:16.896694+00:00
2023-01,2924299010,ALL,,0,0,5275,83206,-83206,korea_customs_service,https://apis.data.go.kr/1220000/Itemtrade/getItemtradeList,2026-08-10T12:44:17.014291+00:00
2023-02,2924299010,ALL,,0,0,1272,46796,-46796,korea_customs_service,https://apis.data.go.kr/1220000/Itemtrade/getItemtradeList,2026-08-10T12:44:17.014291+00:00
2023-03,2924299010,ALL,,0,0,1100,41415,-41415,korea_customs_service,https://apis.data.go.kr/1220000/Itemtrade/getItemtradeList,2026-08-10T12:44:17.014291+00:00
2023-04,2924299010,ALL,,28,1316,515,27001,-25685,korea_customs_service,https://apis.data.go.kr/1220000/Itemtrade/getItemtradeList,2026-08-10T12:44:17.014291+00:00
2023-05,2924299010,ALL,,0,0,8675,305146,-305146,korea_customs_service,https://apis.data.go.kr/1220000/Itemtrade/getItemtradeList,2026-08-10T12:44:17.014291+00:00
2023-06,2924299010,ALL,,0,0,1700,56094,-56094,korea_customs_service,https://apis.data.go.kr/1220000/Itemtrade/getItemtradeList,2026-08-10T12:44:17.014291+00:00
2023-07,2924299010,ALL,,0,0,8100,287383,-287383,korea_customs_service,https://apis.data.go.kr/1220000/Itemtrade/getItemtradeList,2026-08-10T12:44:17.014291+00:00
2023-08,2924299010,ALL,,0,0,3750,61469,-61469,korea_customs_service,https://apis.data.go.kr/1220000/Itemtrade/getItemtradeList,2026-08-10T12:44:17.014291+00:00
2023-09,2924299010,ALL,,0,70,4820,252299,-252229,korea_customs_service,https://apis.data.go.kr/1220000/Itemtrade/getItemtradeList,2026-08-10T12:44:17.014291+00:00
2023-10,2924299010,ALL,,0,0,2010,60154,-60154,korea_customs_service,https://apis.data.go.kr/1220000/Itemtrade/getItemtradeList,2026-08-10T12:44:17.014291+00:00
2023-11,2924299010,ALL,,0,0,4100,59150,-59150,korea_customs_service,https://apis.data.go.kr/1220000/Itemtrade/getItemtradeList,2026-08-10T12:44:17.014291+00:00
2023-12,2924299010,ALL,,0,0,1700,56010,-56010,korea_customs_service,https://apis.data.go.kr/1220000/Itemtrade/getItemtradeList,2026-08-10T12:44:17.014291+00:00
2024-01,2924299010,ALL,,0,0,5521,104916,-104916,korea_customs_service,https://apis.data.go.kr/1220000/Itemtrade/getItemtradeList,2026-08-10T12:44:17.316438+00:00
2024-02,2924299010,ALL,,0,354,4050,176314,-175960,korea_customs_service,https://apis.data.go.kr/1220000/Itemtrade/getItemtradeList,2026-08-10T12:44:17.316438+00:00
2024-03,2924299010,ALL,,0,45,500,9351,-9306,korea_customs_service,https://apis.data.go.kr/1220000/Itemtrade/getItemtradeList,2026-08-10T12:44:17.316438+00:00
2024-04,2924299010,ALL,,0,0,1750,56904,-56904,korea_customs_service,https://apis.data.go.kr/1220000/Itemtrade/getItemtradeList,2026-08-10T12:44:17.316438+00:00
2024-05,2924299010,ALL,,0,0,4315,109546,-109546,korea_customs_service,https://apis.data.go.kr/1220000/Itemtrade/getItemtradeList,2026-08-10T12:44:17.316438+00:00
2024-06,2924299010,ALL,,0,27,0,43,-16,korea_customs_service,https://apis.data.go.kr/1220000/Itemtrade/getItemtradeList,2026-08-10T12:44:17.316438+00:00
2024-07,2924299010,ALL,,0,59,1151,16509,-16450,korea_customs_service,https://apis.data.go.kr/1220000/Itemtrade/getItemtradeList,2026-08-10T12:44:17.316438+00:00
2024-08,2924299010,ALL,,0,0,700,23843,-23843,korea_customs_service,https://apis.data.go.kr/1220000/Itemtrade/getItemtradeList,2026-08-10T12:44:17.316438+00:00
2024-09,2924299010,ALL,,0,0,2000,49729,-49729,korea_customs_service,https://apis.data.go.kr/1220000/Itemtrade/getItemtradeList,2026-08-10T12:44:17.316438+00:00
2024-10,2924299010,ALL,,0,0,6401,104355,-104355,korea_customs_service,https://apis.data.go.kr/1220000/Itemtrade/getItemtradeList,2026-08-10T12:44:17.316438+00:00
2024-11,2924299010,ALL,,1,9,681,49265,-49256,korea_customs_service,https://apis.data.go.kr/1220000/Itemtrade/getItemtradeList,2026-08-10T12:44:17.316438+00:00
2024-12,2924299010,ALL,,0,53,3601,155746,-155693,korea_customs_service,https://apis.data.go.kr/1220000/Itemtrade/getItemtradeList,2026-08-10T12:44:17.316438+00:00
2025-01,2924299010,ALL,,0,0,702,20396,-20396,korea_customs_service,https://apis.data.go.kr/1220000/Itemtrade/getItemtradeList,2026-08-10T12:44:17.669116+00:00
2025-02,2924299010,ALL,,0,0,120,60911,-60911,korea_customs_service,https://apis.data.go.kr/1220000/Itemtrade/getItemtradeList,2026-08-10T12:44:17.669116+00:00
2025-03,2924299010,ALL,,0,0,2001,37200,-37200,korea_customs_service,https://apis.data.go.kr/1220000/Itemtrade/getItemtradeList,2026-08-10T12:44:17.669116+00:00
2025-04,2924299010,ALL,,0,0,7020,172526,-172526,korea_customs_service,https://apis.data.go.kr/1220000/Itemtrade/getItemtradeList,2026-08-10T12:44:17.669116+00:00
2025-05,2924299010,ALL,,0,57,1160,26424,-26367,korea_customs_service,https://apis.data.go.kr/1220000/Itemtrade/getItemtradeList,2026-08-10T12:44:17.669116+00:00
2025-06,2924299010,ALL,,0,0,9052,116552,-116552,korea_customs_service,https://apis.data.go.kr/1220000/Itemtrade/getItemtradeList,2026-08-10T12:44:17.669116+00:00
2025-07,2924299010,ALL,,0,0,4760,126909,-126909,korea_customs_service,https://apis.data.go.kr/1220000/Itemtrade/getItemtradeList,2026-08-10T12:44:17.669116+00:00
2025-08,2924299010,ALL,,0,0,2076,74003,-74003,korea_customs_service,https://apis.data.go.kr/1220000/Itemtrade/getItemtradeList,2026-08-10T12:44:17.669116+00:00
2025-09,2924299010,ALL,,2,287,4155,61620,-61333,korea_customs_service,https://apis.data.go.kr/1220000/Itemtrade/getItemtradeList,2026-08-10T12:44:17.669116+00:00
2025-10,2924299010,ALL,,0,0,2570,64898,-64898,korea_customs_service,https://apis.data.go.kr/1220000/Itemtrade/getItemtradeList,2026-08-10T12:44:17.669116+00:00
2025-11,2924299010,ALL,,0,0,5515,103850,-103850,korea_customs_service,https://apis.data.go.kr/1220000/Itemtrade/getItemtradeList,2026-08-10T12:44:17.669116+00:00
2025-12,2924299010,ALL,,0,27,4910,99225,-99198,korea_customs_service,https://apis.data.go.kr/1220000/Itemtrade/getItemtradeList,2026-08-10T12:44:17.669116+00:00
2026-01,2924299010,ALL,,0,0,6875,185992,-185992,korea_customs_service,https://apis.data.go.kr/1220000/Itemtrade/getItemtradeList,2026-08-10T12:44:17.954524+00:00
2026-02,2924299010,ALL,,0,0,3862,103860,-103860,korea_customs_service,https://apis.data.go.kr/1220000/Itemtrade/getItemtradeList,2026-08-10T12:44:17.954524+00:00
2026-03,2924299010,ALL,,0,0,3903,106128,-106128,korea_customs_service,https://apis.data.go.kr/1220000/Itemtrade/getItemtradeList,2026-08-10T12:44:17.954524+00:00
2026-04,2924299010,ALL,,0,0,5300,108214,-108214,korea_customs_service,https://apis.data.go.kr/1220000/Itemtrade/getItemtradeList,2026-08-10T12:44:17.954524+00:00
2026-05,2924299010,ALL,,0,0,1520,55787,-55787,korea_customs_service,https://apis.data.go.kr/1220000/Itemtrade/getItemtradeList,2026-08-10T12:44:17.954524+00:00
2026-06,2924299010,ALL,,2,13,9850,193438,-193425,korea_customs_service,https://apis.data.go.kr/1220000/Itemtrade/getItemtradeList,2026-08-10T12:44:17.954524+00:00
2023-01,2936271000,ALL,,8425,392152,503541,3073579,-2681427,korea_customs_service,https://apis.data.go.kr/1220000/Itemtrade/getItemtradeList,2026-08-10T12:44:18.078627+00:00
2023-02,2936271000,ALL,,403,41657,387508,2854107,-2812450,korea_customs_service,https://apis.data.go.kr/1220000/Itemtrade/getItemtradeList,2026-08-10T12:44:18.078627+00:00
2023-03,2936271000,ALL,,1534,217467,618914,5523486,-5306019,korea_customs_service,https://apis.data.go.kr/1220000/Itemtrade/getItemtradeList,2026-08-10T12:44:18.078627+00:00
2023-04,2936271000,ALL,,915,194309,534110,6372679,-6178370,korea_customs_service,https://apis.data.go.kr/1220000/Itemtrade/getItemtradeList,2026-08-10T12:44:18.078627+00:00
2023-05,2936271000,ALL,,1189,258645,545343,6424504,-6165859,korea_customs_service,https://apis.data.go.kr/1220000/Itemtrade/getItemtradeList,2026-08-10T12:44:18.078627+00:00
2023-06,2936271000,ALL,,1515,326698,524528,5569780,-5243082,korea_customs_service,https://apis.data.go.kr/1220000/Itemtrade/getItemtradeList,2026-08-10T12:44:18.078627+00:00
2023-07,2936271000,ALL,,811,194226,677724,6712059,-6517833,korea_customs_service,https://apis.data.go.kr/1220000/Itemtrade/getItemtradeList,2026-08-10T12:44:18.078627+00:00
2023-08,2936271000,ALL,,1231,287385,511820,5124234,-4836849,korea_customs_service,https://apis.data.go.kr/1220000/Itemtrade/getItemtradeList,2026-08-10T12:44:18.078627+00:00
2023-09,2936271000,ALL,,853,197426,430653,4429908,-4232482,korea_customs_service,https://apis.data.go.kr/1220000/Itemtrade/getItemtradeList,2026-08-10T12:44:18.078627+00:00
2023-10,2936271000,ALL,,1081,257194,407324,3504612,-3247418,korea_customs_service,https://apis.data.go.kr/1220000/Itemtrade/getItemtradeList,2026-08-10T12:44:18.078627+00:00
2023-11,2936271000,ALL,,1634,362475,588979,4197356,-3834881,korea_customs_service,https://apis.data.go.kr/1220000/Itemtrade/getItemtradeList,2026-08-10T12:44:18.078627+00:00
2023-12,2936271000,ALL,,444,94310,584525,3582291,-3487981,korea_customs_service,https://apis.data.go.kr/1220000/Itemtrade/getItemtradeList,2026-08-10T12:44:18.078627+00:00
2024-01,2936271000,ALL,,1392,295238,612132,4958757,-4663519,korea_customs_service,https://apis.data.go.kr/1220000/Itemtrade/getItemtradeList,2026-08-10T12:44:18.372905+00:00
2024-02,2936271000,ALL,,677,185425,447616,2957734,-2772309,korea_customs_service,https://apis.data.go.kr/1220000/Itemtrade/getItemtradeList,2026-08-10T12:44:18.372905+00:00
2024-03,2936271000,ALL,,1021,192030,859668,5674522,-5482492,korea_customs_service,https://apis.data.go.kr/1220000/Itemtrade/getItemtradeList,2026-08-10T12:44:18.372905+00:00
2024-04,2936271000,ALL,,1194,293239,445413,5384210,-5090971,korea_customs_service,https://apis.data.go.kr/1220000/Itemtrade/getItemtradeList,2026-08-10T12:44:18.372905+00:00
2024-05,2936271000,ALL,,891,181298,543068,4672499,-4491201,korea_customs_service,https://apis.data.go.kr/1220000/Itemtrade/getItemtradeList,2026-08-10T12:44:18.372905+00:00
2024-06,2936271000,ALL,,1180,277255,373443,3702194,-3424939,korea_customs_service,https://apis.data.go.kr/1220000/Itemtrade/getItemtradeList,2026-08-10T12:44:18.372905+00:00
2024-07,2936271000,ALL,,726,128147,694548,7180567,-7052420,korea_customs_service,https://apis.data.go.kr/1220000/Itemtrade/getItemtradeList,2026-08-10T12:44:18.372905+00:00
2024-08,2936271000,ALL,,1337,301061,424436,4624487,-4323426,korea_customs_service,https://apis.data.go.kr/1220000/Itemtrade/getItemtradeList,2026-08-10T12:44:18.372905+00:00
2024-09,2936271000,ALL,,475,99732,456215,4165171,-4065439,korea_customs_service,https://apis.data.go.kr/1220000/Itemtrade/getItemtradeList,2026-08-10T12:44:18.372905+00:00
2024-10,2936271000,ALL,,264,54981,470049,4434746,-4379765,korea_customs_service,https://apis.data.go.kr/1220000/Itemtrade/getItemtradeList,2026-08-10T12:44:18.372905+00:00
2024-11,2936271000,ALL,,164,40932,708525,5850528,-5809596,korea_customs_service,https://apis.data.go.kr/1220000/Itemtrade/getItemtradeList,2026-08-10T12:44:18.372905+00:00
2024-12,2936271000,ALL,,2666,104957,562407,4129376,-4024419,korea_customs_service,https://apis.data.go.kr/1220000/Itemtrade/getItemtradeList,2026-08-10T12:44:18.372905+00:00
2025-01,2936271000,ALL,,1527,303855,650701,6409720,-6105865,korea_customs_service,https://apis.data.go.kr/1220000/Itemtrade/getItemtradeList,2026-08-10T12:44:18.687047+00:00
2025-02,2936271000,ALL,,1305,271361,595472,5306388,-5035027,korea_customs_service,https://apis.data.go.kr/1220000/Itemtrade/getItemtradeList,2026-08-10T12:44:18.687047+00:00
2025-03,2936271000,ALL,,717,129378,487099,5446585,-5317207,korea_customs_service,https://apis.data.go.kr/1220000/Itemtrade/getItemtradeList,2026-08-10T12:44:18.687047+00:00
2025-04,2936271000,ALL,,2127,214929,695386,5591972,-5377043,korea_customs_service,https://apis.data.go.kr/1220000/Itemtrade/getItemtradeList,2026-08-10T12:44:18.687047+00:00
2025-05,2936271000,ALL,,682,46774,703181,8205238,-8158464,korea_customs_service,https://apis.data.go.kr/1220000/Itemtrade/getItemtradeList,2026-08-10T12:44:18.687047+00:00
2025-06,2936271000,ALL,,1136,121077,867729,7384012,-7262935,korea_customs_service,https://apis.data.go.kr/1220000/Itemtrade/getItemtradeList,2026-08-10T12:44:18.687047+00:00
2025-07,2936271000,ALL,,897,190397,592288,4309822,-4119425,korea_customs_service,https://apis.data.go.kr/1220000/Itemtrade/getItemtradeList,2026-08-10T12:44:18.687047+00:00
2025-08,2936271000,ALL,,3826,185619,488391,5285604,-5099985,korea_customs_service,https://apis.data.go.kr/1220000/Itemtrade/getItemtradeList,2026-08-10T12:44:18.687047+00:00
2025-09,2936271000,ALL,,683,121165,585655,3140519,-3019354,korea_customs_service,https://apis.data.go.kr/1220000/Itemtrade/getItemtradeList,2026-08-10T12:44:18.687047+00:00
2025-10,2936271000,ALL,,508,100940,533712,3366760,-3265820,korea_customs_service,https://apis.data.go.kr/1220000/Itemtrade/getItemtradeList,2026-08-10T12:44:18.687047+00:00
2025-11,2936271000,ALL,,1015,130151,492487,4297198,-4167047,korea_customs_service,https://apis.data.go.kr/1220000/Itemtrade/getItemtradeList,2026-08-10T12:44:18.687047+00:00
2025-12,2936271000,ALL,,1111,206411,771536,5803287,-5596876,korea_customs_service,https://apis.data.go.kr/1220000/Itemtrade/getItemtradeList,2026-08-10T12:44:18.687047+00:00
2026-01,2936271000,ALL,,2261,154745,768968,7093112,-6938367,korea_customs_service,https://apis.data.go.kr/1220000/Itemtrade/getItemtradeList,2026-08-10T12:44:18.968034+00:00
2026-02,2936271000,ALL,,641,112227,550299,5054857,-4942630,korea_customs_service,https://apis.data.go.kr/1220000/Itemtrade/getItemtradeList,2026-08-10T12:44:18.968034+00:00
2026-03,2936271000,ALL,,1163,189298,645807,4459029,-4269731,korea_customs_service,https://apis.data.go.kr/1220000/Itemtrade/getItemtradeList,2026-08-10T12:44:18.968034+00:00
2026-04,2936271000,ALL,,207,48477,774488,7516934,-7468457,korea_customs_service,https://apis.data.go.kr/1220000/Itemtrade/getItemtradeList,2026-08-10T12:44:18.968034+00:00
2026-05,2936271000,ALL,,248,43274,708791,5413780,-5370506,korea_customs_service,https://apis.data.go.kr/1220000/Itemtrade/getItemtradeList,2026-08-10T12:44:18.968034+00:00
2026-06,2936271000,ALL,,320,28276,939685,6459313,-6431037,korea_customs_service,https://apis.data.go.kr/1220000/Itemtrade/getItemtradeList,2026-08-10T12:44:18.968034+00:00
2023-01,2937212000,ALL,,0,0,502,333808,-333808,korea_customs_service,https://apis.data.go.kr/1220000/Itemtrade/getItemtradeList,2026-08-10T12:44:19.094186+00:00
2023-02,2937212000,ALL,,0,0,54,31399,-31399,korea_customs_service,https://apis.data.go.kr/1220000/Itemtrade/getItemtradeList,2026-08-10T12:44:19.094186+00:00
2023-03,2937212000,ALL,,0,0,451,207639,-207639,korea_customs_service,https://apis.data.go.kr/1220000/Itemtrade/getItemtradeList,2026-08-10T12:44:19.094186+00:00
2023-04,2937212000,ALL,,0,0,11,11299,-11299,korea_customs_service,https://apis.data.go.kr/1220000/Itemtrade/getItemtradeList,2026-08-10T12:44:19.094186+00:00
2023-05,2937212000,ALL,,0,0,111,50347,-50347,korea_customs_service,https://apis.data.go.kr/1220000/Itemtrade/getItemtradeList,2026-08-10T12:44:19.094186+00:00
2023-06,2937212000,ALL,,0,0,568,409912,-409912,korea_customs_service,https://apis.data.go.kr/1220000/Itemtrade/getItemtradeList,2026-08-10T12:44:19.094186+00:00
2023-07,2937212000,ALL,,0,29,166,149143,-149114,korea_customs_service,https://apis.data.go.kr/1220000/Itemtrade/getItemtradeList,2026-08-10T12:44:19.094186+00:00
2023-08,2937212000,ALL,,0,28,212,131731,-131703,korea_customs_service,https://apis.data.go.kr/1220000/Itemtrade/getItemtradeList,2026-08-10T12:44:19.094186+00:00
2023-09,2937212000,ALL,,0,0,632,246118,-246118,korea_customs_service,https://apis.data.go.kr/1220000/Itemtrade/getItemtradeList,2026-08-10T12:44:19.094186+00:00
2023-10,2937212000,ALL,,0,28,158,134186,-134158,korea_customs_service,https://apis.data.go.kr/1220000/Itemtrade/getItemtradeList,2026-08-10T12:44:19.094186+00:00
2023-11,2937212000,ALL,,0,0,352,259192,-259192,korea_customs_service,https://apis.data.go.kr/1220000/Itemtrade/getItemtradeList,2026-08-10T12:44:19.094186+00:00
2023-12,2937212000,ALL,,0,0,46,27634,-27634,korea_customs_service,https://apis.data.go.kr/1220000/Itemtrade/getItemtradeList,2026-08-10T12:44:19.094186+00:00
2024-01,2937212000,ALL,,0,29,446,258405,-258376,korea_customs_service,https://apis.data.go.kr/1220000/Itemtrade/getItemtradeList,2026-08-10T12:44:19.418985+00:00
2024-02,2937212000,ALL,,0,0,601,310103,-310103,korea_customs_service,https://apis.data.go.kr/1220000/Itemtrade/getItemtradeList,2026-08-10T12:44:19.418985+00:00
2024-03,2937212000,ALL,,0,0,260,182984,-182984,korea_customs_service,https://apis.data.go.kr/1220000/Itemtrade/getItemtradeList,2026-08-10T12:44:19.418985+00:00
2024-04,2937212000,ALL,,0,0,14,9153,-9153,korea_customs_service,https://apis.data.go.kr/1220000/Itemtrade/getItemtradeList,2026-08-10T12:44:19.418985+00:00
2024-05,2937212000,ALL,,0,0,371,288298,-288298,korea_customs_service,https://apis.data.go.kr/1220000/Itemtrade/getItemtradeList,2026-08-10T12:44:19.418985+00:00
2024-06,2937212000,ALL,,0,23,230,190829,-190806,korea_customs_service,https://apis.data.go.kr/1220000/Itemtrade/getItemtradeList,2026-08-10T12:44:19.418985+00:00
2024-07,2937212000,ALL,,0,23,342,262483,-262460,korea_customs_service,https://apis.data.go.kr/1220000/Itemtrade/getItemtradeList,2026-08-10T12:44:19.418985+00:00
2024-08,2937212000,ALL,,0,29,121,80629,-80600,korea_customs_service,https://apis.data.go.kr/1220000/Itemtrade/getItemtradeList,2026-08-10T12:44:19.418985+00:00
2024-09,2937212000,ALL,,0,18,195,115192,-115174,korea_customs_service,https://apis.data.go.kr/1220000/Itemtrade/getItemtradeList,2026-08-10T12:44:19.418985+00:00
2024-10,2937212000,ALL,,0,17,46,76661,-76644,korea_customs_service,https://apis.data.go.kr/1220000/Itemtrade/getItemtradeList,2026-08-10T12:44:19.418985+00:00
2024-11,2937212000,ALL,,0,0,156,126859,-126859,korea_customs_service,https://apis.data.go.kr/1220000/Itemtrade/getItemtradeList,2026-08-10T12:44:19.418985+00:00
2024-12,2937212000,ALL,,0,0,188,119447,-119447,korea_customs_service,https://apis.data.go.kr/1220000/Itemtrade/getItemtradeList,2026-08-10T12:44:19.418985+00:00
2025-01,2937212000,ALL,,0,46,90,79828,-79782,korea_customs_service,https://apis.data.go.kr/1220000/Itemtrade/getItemtradeList,2026-08-10T12:44:19.723681+00:00
2025-02,2937212000,ALL,,0,0,679,432191,-432191,korea_customs_service,https://apis.data.go.kr/1220000/Itemtrade/getItemtradeList,2026-08-10T12:44:19.723681+00:00
2025-03,2937212000,ALL,,0,21,862,419852,-419831,korea_customs_service,https://apis.data.go.kr/1220000/Itemtrade/getItemtradeList,2026-08-10T12:44:19.723681+00:00
2025-04,2937212000,ALL,,0,35,261,210081,-210046,korea_customs_service,https://apis.data.go.kr/1220000/Itemtrade/getItemtradeList,2026-08-10T12:44:19.723681+00:00
2025-05,2937212000,ALL,,0,0,341,283836,-283836,korea_customs_service,https://apis.data.go.kr/1220000/Itemtrade/getItemtradeList,2026-08-10T12:44:19.723681+00:00
2025-06,2937212000,ALL,,0,0,412,177386,-177386,korea_customs_service,https://apis.data.go.kr/1220000/Itemtrade/getItemtradeList,2026-08-10T12:44:19.723681+00:00
2025-07,2937212000,ALL,,0,0,261,153829,-153829,korea_customs_service,https://apis.data.go.kr/1220000/Itemtrade/getItemtradeList,2026-08-10T12:44:19.723681+00:00
2025-08,2937212000,ALL,,0,0,183,116653,-116653,korea_customs_service,https://apis.data.go.kr/1220000/Itemtrade/getItemtradeList,2026-08-10T12:44:19.723681+00:00
2025-09,2937212000,ALL,,0,25,382,178864,-178839,korea_customs_service,https://apis.data.go.kr/1220000/Itemtrade/getItemtradeList,2026-08-10T12:44:19.723681+00:00
2025-10,2937212000,ALL,,0,32,456,333079,-333047,korea_customs_service,https://apis.data.go.kr/1220000/Itemtrade/getItemtradeList,2026-08-10T12:44:19.723681+00:00
2025-11,2937212000,ALL,,0,0,312,195631,-195631,korea_customs_service,https://apis.data.go.kr/1220000/Itemtrade/getItemtradeList,2026-08-10T12:44:19.723681+00:00
2025-12,2937212000,ALL,,0,25,240,110175,-110150,korea_customs_service,https://apis.data.go.kr/1220000/Itemtrade/getItemtradeList,2026-08-10T12:44:19.723681+00:00
2026-01,2937212000,ALL,,0,26,100,57330,-57304,korea_customs_service,https://apis.data.go.kr/1220000/Itemtrade/getItemtradeList,2026-08-10T12:44:20.005025+00:00
2026-02,2937212000,ALL,,0,32,1,6097,-6065,korea_customs_service,https://apis.data.go.kr/1220000/Itemtrade/getItemtradeList,2026-08-10T12:44:20.005025+00:00
2026-03,2937212000,ALL,,0,0,421,174719,-174719,korea_customs_service,https://apis.data.go.kr/1220000/Itemtrade/getItemtradeList,2026-08-10T12:44:20.005025+00:00
2026-04,2937212000,ALL,,0,0,641,589698,-589698,korea_customs_service,https://apis.data.go.kr/1220000/Itemtrade/getItemtradeList,2026-08-10T12:44:20.005025+00:00
2026-05,2937212000,ALL,,0,41,49,33163,-33122,korea_customs_service,https://apis.data.go.kr/1220000/Itemtrade/getItemtradeList,2026-08-10T12:44:20.005025+00:00
2026-06,2937212000,ALL,,0,49,177,118212,-118163,korea_customs_service,https://apis.data.go.kr/1220000/Itemtrade/getItemtradeList,2026-08-10T12:44:20.005025+00:00
2023-01,2937214000,ALL,,0,0,475,379341,-379341,korea_customs_service,https://apis.data.go.kr/1220000/Itemtrade/getItemtradeList,2026-08-10T12:44:20.102670+00:00
2023-02,2937214000,ALL,,0,0,99,193624,-193624,korea_customs_service,https://apis.data.go.kr/1220000/Itemtrade/getItemtradeList,2026-08-10T12:44:20.102670+00:00
2023-03,2937214000,ALL,,0,0,111,221527,-221527,korea_customs_service,https://apis.data.go.kr/1220000/Itemtrade/getItemtradeList,2026-08-10T12:44:20.102670+00:00
2023-04,2937214000,ALL,,0,0,660,693899,-693899,korea_customs_service,https://apis.data.go.kr/1220000/Itemtrade/getItemtradeList,2026-08-10T12:44:20.102670+00:00
2023-05,2937214000,ALL,,0,0,72,74295,-74295,korea_customs_service,https://apis.data.go.kr/1220000/Itemtrade/getItemtradeList,2026-08-10T12:44:20.102670+00:00
2023-06,2937214000,ALL,,0,0,16,64970,-64970,korea_customs_service,https://apis.data.go.kr/1220000/Itemtrade/getItemtradeList,2026-08-10T12:44:20.102670+00:00
2023-07,2937214000,ALL,,0,0,0,421,-421,korea_customs_service,https://apis.data.go.kr/1220000/Itemtrade/getItemtradeList,2026-08-10T12:44:20.102670+00:00
2023-08,2937214000,ALL,,0,0,5,11270,-11270,korea_customs_service,https://apis.data.go.kr/1220000/Itemtrade/getItemtradeList,2026-08-10T12:44:20.102670+00:00
2023-09,2937214000,ALL,,0,0,515,469888,-469888,korea_customs_service,https://apis.data.go.kr/1220000/Itemtrade/getItemtradeList,2026-08-10T12:44:20.102670+00:00
2023-10,2937214000,ALL,,0,0,253,285468,-285468,korea_customs_service,https://apis.data.go.kr/1220000/Itemtrade/getItemtradeList,2026-08-10T12:44:20.102670+00:00
2023-11,2937214000,ALL,,0,0,145,246226,-246226,korea_customs_service,https://apis.data.go.kr/1220000/Itemtrade/getItemtradeList,2026-08-10T12:44:20.102670+00:00
2023-12,2937214000,ALL,,0,0,50,105151,-105151,korea_customs_service,https://apis.data.go.kr/1220000/Itemtrade/getItemtradeList,2026-08-10T12:44:20.102670+00:00
2024-01,2937214000,ALL,,0,0,50,42057,-42057,korea_customs_service,https://apis.data.go.kr/1220000/Itemtrade/getItemtradeList,2026-08-10T12:44:20.408346+00:00
2024-02,2937214000,ALL,,0,0,290,350839,-350839,korea_customs_service,https://apis.data.go.kr/1220000/Itemtrade/getItemtradeList,2026-08-10T12:44:20.408346+00:00
2024-03,2937214000,ALL,,0,0,705,581885,-581885,korea_customs_service,https://apis.data.go.kr/1220000/Itemtrade/getItemtradeList,2026-08-10T12:44:20.408346+00:00
2024-04,2937214000,ALL,,0,0,68,159080,-159080,korea_customs_service,https://apis.data.go.kr/1220000/Itemtrade/getItemtradeList,2026-08-10T12:44:20.408346+00:00
2024-05,2937214000,ALL,,0,0,502,413514,-413514,korea_customs_service,https://apis.data.go.kr/1220000/Itemtrade/getItemtradeList,2026-08-10T12:44:20.408346+00:00
2024-06,2937214000,ALL,,0,0,182,240701,-240701,korea_customs_service,https://apis.data.go.kr/1220000/Itemtrade/getItemtradeList,2026-08-10T12:44:20.408346+00:00
2024-07,2937214000,ALL,,0,0,70,152077,-152077,korea_customs_service,https://apis.data.go.kr/1220000/Itemtrade/getItemtradeList,2026-08-10T12:44:20.408346+00:00
2024-08,2937214000,ALL,,0,0,169,279336,-279336,korea_customs_service,https://apis.data.go.kr/1220000/Itemtrade/getItemtradeList,2026-08-10T12:44:20.408346+00:00
2024-09,2937214000,ALL,,0,0,48,131203,-131203,korea_customs_service,https://apis.data.go.kr/1220000/Itemtrade/getItemtradeList,2026-08-10T12:44:20.408346+00:00
2024-10,2937214000,ALL,,0,0,0,6835,-6835,korea_customs_service,https://apis.data.go.kr/1220000/Itemtrade/getItemtradeList,2026-08-10T12:44:20.408346+00:00
2024-11,2937214000,ALL,,0,0,503,424829,-424829,korea_customs_service,https://apis.data.go.kr/1220000/Itemtrade/getItemtradeList,2026-08-10T12:44:20.408346+00:00
2024-12,2937214000,ALL,,0,0,75,120304,-120304,korea_customs_service,https://apis.data.go.kr/1220000/Itemtrade/getItemtradeList,2026-08-10T12:44:20.408346+00:00
2025-01,2937214000,ALL,,0,0,514,428272,-428272,korea_customs_service,https://apis.data.go.kr/1220000/Itemtrade/getItemtradeList,2026-08-10T12:44:20.701114+00:00
2025-02,2937214000,ALL,,0,0,181,233380,-233380,korea_customs_service,https://apis.data.go.kr/1220000/Itemtrade/getItemtradeList,2026-08-10T12:44:20.701114+00:00
2025-03,2937214000,ALL,,0,0,76,121879,-121879,korea_customs_service,https://apis.data.go.kr/1220000/Itemtrade/getItemtradeList,2026-08-10T12:44:20.701114+00:00
2025-04,2937214000,ALL,,0,0,38,60440,-60440,korea_customs_service,https://apis.data.go.kr/1220000/Itemtrade/getItemtradeList,2026-08-10T12:44:20.701114+00:00
2025-05,2937214000,ALL,,0,0,440,491730,-491730,korea_customs_service,https://apis.data.go.kr/1220000/Itemtrade/getItemtradeList,2026-08-10T12:44:20.701114+00:00
2025-06,2937214000,ALL,,0,0,2,19420,-19420,korea_customs_service,https://apis.data.go.kr/1220000/Itemtrade/getItemtradeList,2026-08-10T12:44:20.701114+00:00
2025-07,2937214000,ALL,,0,0,541,602615,-602615,korea_customs_service,https://apis.data.go.kr/1220000/Itemtrade/getItemtradeList,2026-08-10T12:44:20.701114+00:00
2025-08,2937214000,ALL,,0,0,121,78471,-78471,korea_customs_service,https://apis.data.go.kr/1220000/Itemtrade/getItemtradeList,2026-08-10T12:44:20.701114+00:00
2025-09,2937214000,ALL,,0,0,365,456866,-456866,korea_customs_service,https://apis.data.go.kr/1220000/Itemtrade/getItemtradeList,2026-08-10T12:44:20.701114+00:00
2025-10,2937214000,ALL,,0,0,1,18902,-18902,korea_customs_service,https://apis.data.go.kr/1220000/Itemtrade/getItemtradeList,2026-08-10T12:44:20.701114+00:00
2025-11,2937214000,ALL,,0,0,3,23286,-23286,korea_customs_service,https://apis.data.go.kr/1220000/Itemtrade/getItemtradeList,2026-08-10T12:44:20.701114+00:00
2025-12,2937214000,ALL,,0,0,11,41929,-41929,korea_customs_service,https://apis.data.go.kr/1220000/Itemtrade/getItemtradeList,2026-08-10T12:44:20.701114+00:00
2026-01,2937214000,ALL,,0,0,790,697523,-697523,korea_customs_service,https://apis.data.go.kr/1220000/Itemtrade/getItemtradeList,2026-08-10T12:44:21.003047+00:00
2026-02,2937214000,ALL,,0,0,34,56589,-56589,korea_customs_service,https://apis.data.go.kr/1220000/Itemtrade/getItemtradeList,2026-08-10T12:44:21.003047+00:00
2026-03,2937214000,ALL,,0,0,150,175489,-175489,korea_customs_service,https://apis.data.go.kr/1220000/Itemtrade/getItemtradeList,2026-08-10T12:44:21.003047+00:00
2026-04,2937214000,ALL,,0,0,84,88029,-88029,korea_customs_service,https://apis.data.go.kr/1220000/Itemtrade/getItemtradeList,2026-08-10T12:44:21.003047+00:00
2026-05,2937214000,ALL,,0,0,24,24446,-24446,korea_customs_service,https://apis.data.go.kr/1220000/Itemtrade/getItemtradeList,2026-08-10T12:44:21.003047+00:00
2026-06,2937214000,ALL,,0,0,591,538760,-538760,korea_customs_service,https://apis.data.go.kr/1220000/Itemtrade/getItemtradeList,2026-08-10T12:44:21.003047+00:00
2023-01,2937902100,ALL,,0,0,1,2837,-2837,korea_customs_service,https://apis.data.go.kr/1220000/Itemtrade/getItemtradeList,2026-08-10T12:44:21.133670+00:00
2023-02,2937902100,ALL,,0,0,6,276462,-276462,korea_customs_service,https://apis.data.go.kr/1220000/Itemtrade/getItemtradeList,2026-08-10T12:44:21.133670+00:00
2023-03,2937902100,ALL,,0,0,3,19857,-19857,korea_customs_service,https://apis.data.go.kr/1220000/Itemtrade/getItemtradeList,2026-08-10T12:44:21.133670+00:00
2023-05,2937902100,ALL,,0,0,1,6883,-6883,korea_customs_service,https://apis.data.go.kr/1220000/Itemtrade/getItemtradeList,2026-08-10T12:44:21.133670+00:00
2023-06,2937902100,ALL,,0,0,10,227402,-227402,korea_customs_service,https://apis.data.go.kr/1220000/Itemtrade/getItemtradeList,2026-08-10T12:44:21.133670+00:00
2023-08,2937902100,ALL,,0,0,5,193890,-193890,korea_customs_service,https://apis.data.go.kr/1220000/Itemtrade/getItemtradeList,2026-08-10T12:44:21.133670+00:00
2023-09,2937902100,ALL,,0,0,1,43642,-43642,korea_customs_service,https://apis.data.go.kr/1220000/Itemtrade/getItemtradeList,2026-08-10T12:44:21.133670+00:00
2023-10,2937902100,ALL,,0,0,0,43,-43,korea_customs_service,https://apis.data.go.kr/1220000/Itemtrade/getItemtradeList,2026-08-10T12:44:21.133670+00:00
2023-11,2937902100,ALL,,0,0,0,394,-394,korea_customs_service,https://apis.data.go.kr/1220000/Itemtrade/getItemtradeList,2026-08-10T12:44:21.133670+00:00
2024-01,2937902100,ALL,,0,0,12,272750,-272750,korea_customs_service,https://apis.data.go.kr/1220000/Itemtrade/getItemtradeList,2026-08-10T12:44:21.456352+00:00
2024-02,2937902100,ALL,,0,0,0,44,-44,korea_customs_service,https://apis.data.go.kr/1220000/Itemtrade/getItemtradeList,2026-08-10T12:44:21.456352+00:00
2024-03,2937902100,ALL,,0,0,13,281452,-281452,korea_customs_service,https://apis.data.go.kr/1220000/Itemtrade/getItemtradeList,2026-08-10T12:44:21.456352+00:00
2024-04,2937902100,ALL,,0,0,3,21157,-21157,korea_customs_service,https://apis.data.go.kr/1220000/Itemtrade/getItemtradeList,2026-08-10T12:44:21.456352+00:00
2024-05,2937902100,ALL,,0,0,0,111,-111,korea_customs_service,https://apis.data.go.kr/1220000/Itemtrade/getItemtradeList,2026-08-10T12:44:21.456352+00:00
2024-06,2937902100,ALL,,0,0,1,86220,-86220,korea_customs_service,https://apis.data.go.kr/1220000/Itemtrade/getItemtradeList,2026-08-10T12:44:21.456352+00:00
2024-07,2937902100,ALL,,0,0,1,43059,-43059,korea_customs_service,https://apis.data.go.kr/1220000/Itemtrade/getItemtradeList,2026-08-10T12:44:21.456352+00:00
2024-08,2937902100,ALL,,0,0,0,468,-468,korea_customs_service,https://apis.data.go.kr/1220000/Itemtrade/getItemtradeList,2026-08-10T12:44:21.456352+00:00
2024-09,2937902100,ALL,,0,0,2,178390,-178390,korea_customs_service,https://apis.data.go.kr/1220000/Itemtrade/getItemtradeList,2026-08-10T12:44:21.456352+00:00
2024-10,2937902100,ALL,,0,0,0,92,-92,korea_customs_service,https://apis.data.go.kr/1220000/Itemtrade/getItemtradeList,2026-08-10T12:44:21.456352+00:00
2024-11,2937902100,ALL,,0,0,4,27843,-27843,korea_customs_service,https://apis.data.go.kr/1220000/Itemtrade/getItemtradeList,2026-08-10T12:44:21.456352+00:00
2024-12,2937902100,ALL,,0,0,0,257,-257,korea_customs_service,https://apis.data.go.kr/1220000/Itemtrade/getItemtradeList,2026-08-10T12:44:21.456352+00:00
2025-01,2937902100,ALL,,0,0,0,5265,-5265,korea_customs_service,https://apis.data.go.kr/1220000/Itemtrade/getItemtradeList,2026-08-10T12:44:21.762690+00:00
2025-02,2937902100,ALL,,0,0,1,49751,-49751,korea_customs_service,https://apis.data.go.kr/1220000/Itemtrade/getItemtradeList,2026-08-10T12:44:21.762690+00:00
2025-03,2937902100,ALL,,0,0,0,41,-41,korea_customs_service,https://apis.data.go.kr/1220000/Itemtrade/getItemtradeList,2026-08-10T12:44:21.762690+00:00
2025-04,2937902100,ALL,,0,0,1,6800,-6800,korea_customs_service,https://apis.data.go.kr/1220000/Itemtrade/getItemtradeList,2026-08-10T12:44:21.762690+00:00
2025-05,2937902100,ALL,,0,0,3,65715,-65715,korea_customs_service,https://apis.data.go.kr/1220000/Itemtrade/getItemtradeList,2026-08-10T12:44:21.762690+00:00
2025-06,2937902100,ALL,,0,0,0,27673,-27673,korea_customs_service,https://apis.data.go.kr/1220000/Itemtrade/getItemtradeList,2026-08-10T12:44:21.762690+00:00
2025-07,2937902100,ALL,,0,0,5,126161,-126161,korea_customs_service,https://apis.data.go.kr/1220000/Itemtrade/getItemtradeList,2026-08-10T12:44:21.762690+00:00
2025-08,2937902100,ALL,,0,0,0,10,-10,korea_customs_service,https://apis.data.go.kr/1220000/Itemtrade/getItemtradeList,2026-08-10T12:44:21.762690+00:00
2025-09,2937902100,ALL,,0,0,3,270829,-270829,korea_customs_service,https://apis.data.go.kr/1220000/Itemtrade/getItemtradeList,2026-08-10T12:44:21.762690+00:00
2025-10,2937902100,ALL,,0,0,6,214066,-214066,korea_customs_service,https://apis.data.go.kr/1220000/Itemtrade/getItemtradeList,2026-08-10T12:44:21.762690+00:00
2025-11,2937902100,ALL,,0,0,7,172826,-172826,korea_customs_service,https://apis.data.go.kr/1220000/Itemtrade/getItemtradeList,2026-08-10T12:44:21.762690+00:00
2025-12,2937902100,ALL,,0,0,0,73,-73,korea_customs_service,https://apis.data.go.kr/1220000/Itemtrade/getItemtradeList,2026-08-10T12:44:21.762690+00:00
2026-01,2937902100,ALL,,0,0,0,757,-757,korea_customs_service,https://apis.data.go.kr/1220000/Itemtrade/getItemtradeList,2026-08-10T12:44:22.056059+00:00
2026-02,2937902100,ALL,,0,0,9,249315,-249315,korea_customs_service,https://apis.data.go.kr/1220000/Itemtrade/getItemtradeList,2026-08-10T12:44:22.056059+00:00
2026-03,2937902100,ALL,,0,0,2,189113,-189113,korea_customs_service,https://apis.data.go.kr/1220000/Itemtrade/getItemtradeList,2026-08-10T12:44:22.056059+00:00
2026-04,2937902100,ALL,,0,0,3,20507,-20507,korea_customs_service,https://apis.data.go.kr/1220000/Itemtrade/getItemtradeList,2026-08-10T12:44:22.056059+00:00
2026-05,2937902100,ALL,,0,0,3,45651,-45651,korea_customs_service,https://apis.data.go.kr/1220000/Itemtrade/getItemtradeList,2026-08-10T12:44:22.056059+00:00
2026-06,2937902100,ALL,,0,0,0,111,-111,korea_customs_service,https://apis.data.go.kr/1220000/Itemtrade/getItemtradeList,2026-08-10T12:44:22.056059+00:00
2023-01,2941302000,ALL,,0,0,5100,64922,-64922,korea_customs_service,https://apis.data.go.kr/1220000/Itemtrade/getItemtradeList,2026-08-10T12:44:22.188620+00:00
2023-02,2941302000,ALL,,0,63,3000,62083,-62020,korea_customs_service,https://apis.data.go.kr/1220000/Itemtrade/getItemtradeList,2026-08-10T12:44:22.188620+00:00
2023-03,2941302000,ALL,,0,0,5001,63257,-63257,korea_customs_service,https://apis.data.go.kr/1220000/Itemtrade/getItemtradeList,2026-08-10T12:44:22.188620+00:00
2023-04,2941302000,ALL,,0,0,3000,54378,-54378,korea_customs_service,https://apis.data.go.kr/1220000/Itemtrade/getItemtradeList,2026-08-10T12:44:22.188620+00:00
2023-05,2941302000,ALL,,0,62,5000,65098,-65036,korea_customs_service,https://apis.data.go.kr/1220000/Itemtrade/getItemtradeList,2026-08-10T12:44:22.188620+00:00
2023-06,2941302000,ALL,,0,0,8000,111706,-111706,korea_customs_service,https://apis.data.go.kr/1220000/Itemtrade/getItemtradeList,2026-08-10T12:44:22.188620+00:00
2023-07,2941302000,ALL,,0,0,4650,52490,-52490,korea_customs_service,https://apis.data.go.kr/1220000/Itemtrade/getItemtradeList,2026-08-10T12:44:22.188620+00:00
2023-09,2941302000,ALL,,0,0,2000,22370,-22370,korea_customs_service,https://apis.data.go.kr/1220000/Itemtrade/getItemtradeList,2026-08-10T12:44:22.188620+00:00
2023-10,2941302000,ALL,,0,0,3001,32130,-32130,korea_customs_service,https://apis.data.go.kr/1220000/Itemtrade/getItemtradeList,2026-08-10T12:44:22.188620+00:00
2023-11,2941302000,ALL,,0,64,1000,10452,-10388,korea_customs_service,https://apis.data.go.kr/1220000/Itemtrade/getItemtradeList,2026-08-10T12:44:22.188620+00:00
2023-12,2941302000,ALL,,0,0,1750,18265,-18265,korea_customs_service,https://apis.data.go.kr/1220000/Itemtrade/getItemtradeList,2026-08-10T12:44:22.188620+00:00
2024-01,2941302000,ALL,,0,0,2000,41100,-41100,korea_customs_service,https://apis.data.go.kr/1220000/Itemtrade/getItemtradeList,2026-08-10T12:44:22.494902+00:00
2024-02,2941302000,ALL,,0,0,1000,14039,-14039,korea_customs_service,https://apis.data.go.kr/1220000/Itemtrade/getItemtradeList,2026-08-10T12:44:22.494902+00:00
2024-03,2941302000,ALL,,0,0,10000,105833,-105833,korea_customs_service,https://apis.data.go.kr/1220000/Itemtrade/getItemtradeList,2026-08-10T12:44:22.494902+00:00
2024-04,2941302000,ALL,,0,0,2000,21275,-21275,korea_customs_service,https://apis.data.go.kr/1220000/Itemtrade/getItemtradeList,2026-08-10T12:44:22.494902+00:00
2024-05,2941302000,ALL,,0,0,100,1492,-1492,korea_customs_service,https://apis.data.go.kr/1220000/Itemtrade/getItemtradeList,2026-08-10T12:44:22.494902+00:00
2024-06,2941302000,ALL,,0,0,8700,90334,-90334,korea_customs_service,https://apis.data.go.kr/1220000/Itemtrade/getItemtradeList,2026-08-10T12:44:22.494902+00:00
2024-07,2941302000,ALL,,0,0,500,5687,-5687,korea_customs_service,https://apis.data.go.kr/1220000/Itemtrade/getItemtradeList,2026-08-10T12:44:22.494902+00:00
2024-08,2941302000,ALL,,0,0,1000,14055,-14055,korea_customs_service,https://apis.data.go.kr/1220000/Itemtrade/getItemtradeList,2026-08-10T12:44:22.494902+00:00
2024-09,2941302000,ALL,,0,24,0,0,24,korea_customs_service,https://apis.data.go.kr/1220000/Itemtrade/getItemtradeList,2026-08-10T12:44:22.494902+00:00
2024-10,2941302000,ALL,,0,0,2000,22088,-22088,korea_customs_service,https://apis.data.go.kr/1220000/Itemtrade/getItemtradeList,2026-08-10T12:44:22.494902+00:00
2024-11,2941302000,ALL,,0,0,1000,10826,-10826,korea_customs_service,https://apis.data.go.kr/1220000/Itemtrade/getItemtradeList,2026-08-10T12:44:22.494902+00:00
2024-12,2941302000,ALL,,0,0,3050,39906,-39906,korea_customs_service,https://apis.data.go.kr/1220000/Itemtrade/getItemtradeList,2026-08-10T12:44:22.494902+00:00
2025-01,2941302000,ALL,,0,0,3000,33585,-33585,korea_customs_service,https://apis.data.go.kr/1220000/Itemtrade/getItemtradeList,2026-08-10T12:44:22.803497+00:00
2025-02,2941302000,ALL,,0,0,3000,31835,-31835,korea_customs_service,https://apis.data.go.kr/1220000/Itemtrade/getItemtradeList,2026-08-10T12:44:22.803497+00:00
2025-03,2941302000,ALL,,0,0,0,44,-44,korea_customs_service,https://apis.data.go.kr/1220000/Itemtrade/getItemtradeList,2026-08-10T12:44:22.803497+00:00
2025-04,2941302000,ALL,,0,0,1000,11410,-11410,korea_customs_service,https://apis.data.go.kr/1220000/Itemtrade/getItemtradeList,2026-08-10T12:44:22.803497+00:00
2025-05,2941302000,ALL,,0,0,1000,11345,-11345,korea_customs_service,https://apis.data.go.kr/1220000/Itemtrade/getItemtradeList,2026-08-10T12:44:22.803497+00:00
2025-06,2941302000,ALL,,0,0,4700,157700,-157700,korea_customs_service,https://apis.data.go.kr/1220000/Itemtrade/getItemtradeList,2026-08-10T12:44:22.803497+00:00
2025-07,2941302000,ALL,,0,0,2500,29962,-29962,korea_customs_service,https://apis.data.go.kr/1220000/Itemtrade/getItemtradeList,2026-08-10T12:44:22.803497+00:00
2025-08,2941302000,ALL,,0,0,3000,36538,-36538,korea_customs_service,https://apis.data.go.kr/1220000/Itemtrade/getItemtradeList,2026-08-10T12:44:22.803497+00:00
2025-09,2941302000,ALL,,0,401,2000,26390,-25989,korea_customs_service,https://apis.data.go.kr/1220000/Itemtrade/getItemtradeList,2026-08-10T12:44:22.803497+00:00
2025-10,2941302000,ALL,,0,422,1700,21886,-21464,korea_customs_service,https://apis.data.go.kr/1220000/Itemtrade/getItemtradeList,2026-08-10T12:44:22.803497+00:00
2025-11,2941302000,ALL,,0,0,1000,12505,-12505,korea_customs_service,https://apis.data.go.kr/1220000/Itemtrade/getItemtradeList,2026-08-10T12:44:22.803497+00:00
2025-12,2941302000,ALL,,0,181,2000,41316,-41135,korea_customs_service,https://apis.data.go.kr/1220000/Itemtrade/getItemtradeList,2026-08-10T12:44:22.803497+00:00
2026-01,2941302000,ALL,,0,0,2000,25248,-25248,korea_customs_service,https://apis.data.go.kr/1220000/Itemtrade/getItemtradeList,2026-08-10T12:44:23.100565+00:00
2026-02,2941302000,ALL,,0,0,1000,15236,-15236,korea_customs_service,https://apis.data.go.kr/1220000/Itemtrade/getItemtradeList,2026-08-10T12:44:23.100565+00:00
2026-03,2941302000,ALL,,0,0,4200,55110,-55110,korea_customs_service,https://apis.data.go.kr/1220000/Itemtrade/getItemtradeList,2026-08-10T12:44:23.100565+00:00
2026-04,2941302000,ALL,,0,0,5200,67379,-67379,korea_customs_service,https://apis.data.go.kr/1220000/Itemtrade/getItemtradeList,2026-08-10T12:44:23.100565+00:00
2026-05,2941302000,ALL,,0,60,0,0,60,korea_customs_service,https://apis.data.go.kr/1220000/Itemtrade/getItemtradeList,2026-08-10T12:44:23.100565+00:00
2026-06,2941302000,ALL,,0,0,5640,176810,-176810,korea_customs_service,https://apis.data.go.kr/1220000/Itemtrade/getItemtradeList,2026-08-10T12:44:23.100565+00:00
2023-01,3104200000,ALL,,2135030,1153363,30392795,21063016,-19909653,korea_customs_service,https://apis.data.go.kr/1220000/Itemtrade/getItemtradeList,2026-08-10T12:44:23.233046+00:00
2023-02,3104200000,ALL,,55,839,31188872,23003831,-23002992,korea_customs_service,https://apis.data.go.kr/1220000/Itemtrade/getItemtradeList,2026-08-10T12:44:23.233046+00:00
2023-03,3104200000,ALL,,261,1813,99373319,54226764,-54224951,korea_customs_service,https://apis.data.go.kr/1220000/Itemtrade/getItemtradeList,2026-08-10T12:44:23.233046+00:00
2023-04,3104200000,ALL,,228022,165658,35462378,17926651,-17760993,korea_customs_service,https://apis.data.go.kr/1220000/Itemtrade/getItemtradeList,2026-08-10T12:44:23.233046+00:00
2023-05,3104200000,ALL,,168100,96272,92623328,41704400,-41608128,korea_customs_service,https://apis.data.go.kr/1220000/Itemtrade/getItemtradeList,2026-08-10T12:44:23.233046+00:00
2023-06,3104200000,ALL,,408020,232300,37343688,16158232,-15925932,korea_customs_service,https://apis.data.go.kr/1220000/Itemtrade/getItemtradeList,2026-08-10T12:44:23.233046+00:00
2023-07,3104200000,ALL,,10,76,69079213,25480089,-25480013,korea_customs_service,https://apis.data.go.kr/1220000/Itemtrade/getItemtradeList,2026-08-10T12:44:23.233046+00:00
2023-08,3104200000,ALL,,498000,262718,1511846,643252,-380534,korea_customs_service,https://apis.data.go.kr/1220000/Itemtrade/getItemtradeList,2026-08-10T12:44:23.233046+00:00
2023-09,3104200000,ALL,,207,1161,42553554,14244305,-14243144,korea_customs_service,https://apis.data.go.kr/1220000/Itemtrade/getItemtradeList,2026-08-10T12:44:23.233046+00:00
2023-10,3104200000,ALL,,388010,209022,37184031,12446171,-12237149,korea_customs_service,https://apis.data.go.kr/1220000/Itemtrade/getItemtradeList,2026-08-10T12:44:23.233046+00:00
2023-11,3104200000,ALL,,228000,122520,52148266,17529651,-17407131,korea_customs_service,https://apis.data.go.kr/1220000/Itemtrade/getItemtradeList,2026-08-10T12:44:23.233046+00:00
2023-12,3104200000,ALL,,796135,453915,30760295,10318947,-9865032,korea_customs_service,https://apis.data.go.kr/1220000/Itemtrade/getItemtradeList,2026-08-10T12:44:23.233046+00:00
2024-01,3104200000,ALL,,160000,94400,142898523,48250062,-48155662,korea_customs_service,https://apis.data.go.kr/1220000/Itemtrade/getItemtradeList,2026-08-10T12:44:23.540868+00:00
2024-02,3104200000,ALL,,200010,117415,67992708,22735561,-22618146,korea_customs_service,https://apis.data.go.kr/1220000/Itemtrade/getItemtradeList,2026-08-10T12:44:23.540868+00:00
2024-03,3104200000,ALL,,228300,134666,55799239,18304970,-18170304,korea_customs_service,https://apis.data.go.kr/1220000/Itemtrade/getItemtradeList,2026-08-10T12:44:23.540868+00:00
2024-04,3104200000,ALL,,228010,133145,71649038,23327114,-23193969,korea_customs_service,https://apis.data.go.kr/1220000/Itemtrade/getItemtradeList,2026-08-10T12:44:23.540868+00:00
2024-05,3104200000,ALL,,320,1577,18360879,5857935,-5856358,korea_customs_service,https://apis.data.go.kr/1220000/Itemtrade/getItemtradeList,2026-08-10T12:44:23.540868+00:00
2024-06,3104200000,ALL,,101450,56611,107680863,34057967,-34001356,korea_customs_service,https://apis.data.go.kr/1220000/Itemtrade/getItemtradeList,2026-08-10T12:44:23.540868+00:00
2024-07,3104200000,ALL,,100024,48351,49447193,15313699,-15265348,korea_customs_service,https://apis.data.go.kr/1220000/Itemtrade/getItemtradeList,2026-08-10T12:44:23.540868+00:00
2024-08,3104200000,ALL,,268020,134889,9634438,3485776,-3350887,korea_customs_service,https://apis.data.go.kr/1220000/Itemtrade/getItemtradeList,2026-08-10T12:44:23.540868+00:00
2024-09,3104200000,ALL,,355600,177497,64325869,19627433,-19449936,korea_customs_service,https://apis.data.go.kr/1220000/Itemtrade/getItemtradeList,2026-08-10T12:44:23.540868+00:00
2024-10,3104200000,ALL,,217510,106776,42326732,12923019,-12816243,korea_customs_service,https://apis.data.go.kr/1220000/Itemtrade/getItemtradeList,2026-08-10T12:44:23.540868+00:00
2024-11,3104200000,ALL,,217590,107297,39302046,12517823,-12410526,korea_customs_service,https://apis.data.go.kr/1220000/Itemtrade/getItemtradeList,2026-08-10T12:44:23.540868+00:00
2024-12,3104200000,ALL,,197565,97301,100247869,30751625,-30654324,korea_customs_service,https://apis.data.go.kr/1220000/Itemtrade/getItemtradeList,2026-08-10T12:44:23.540868+00:00
2025-01,3104200000,ALL,,285030,138861,8767683,3228143,-3089282,korea_customs_service,https://apis.data.go.kr/1220000/Itemtrade/getItemtradeList,2026-08-10T12:44:23.829673+00:00
2025-02,3104200000,ALL,,70,425,106433320,33168739,-33168314,korea_customs_service,https://apis.data.go.kr/1220000/Itemtrade/getItemtradeList,2026-08-10T12:44:23.829673+00:00
2025-03,3104200000,ALL,,335207,164102,39274246,12131290,-11967188,korea_customs_service,https://apis.data.go.kr/1220000/Itemtrade/getItemtradeList,2026-08-10T12:44:23.829673+00:00
2025-04,3104200000,ALL,,150035,71181,36330547,11336984,-11265803,korea_customs_service,https://apis.data.go.kr/1220000/Itemtrade/getItemtradeList,2026-08-10T12:44:23.829673+00:00
2025-05,3104200000,ALL,,168556,94624,38724508,12502711,-12408087,korea_customs_service,https://apis.data.go.kr/1220000/Itemtrade/getItemtradeList,2026-08-10T12:44:23.829673+00:00
2025-06,3104200000,ALL,,100010,46782,108900200,34585677,-34538895,korea_customs_service,https://apis.data.go.kr/1220000/Itemtrade/getItemtradeList,2026-08-10T12:44:23.829673+00:00
2025-07,3104200000,ALL,,157565,75646,49658678,15623021,-15547375,korea_customs_service,https://apis.data.go.kr/1220000/Itemtrade/getItemtradeList,2026-08-10T12:44:23.829673+00:00
2025-08,3104200000,ALL,,157550,75458,28058983,10421827,-10346369,korea_customs_service,https://apis.data.go.kr/1220000/Itemtrade/getItemtradeList,2026-08-10T12:44:23.829673+00:00
2025-09,3104200000,ALL,,357510,174592,87685889,31992006,-31817414,korea_customs_service,https://apis.data.go.kr/1220000/Itemtrade/getItemtradeList,2026-08-10T12:44:23.829673+00:00
2025-10,3104200000,ALL,,460510,235947,50485997,18872953,-18637006,korea_customs_service,https://apis.data.go.kr/1220000/Itemtrade/getItemtradeList,2026-08-10T12:44:23.829673+00:00
2025-11,3104200000,ALL,,297560,148237,49342112,19048039,-18899802,korea_customs_service,https://apis.data.go.kr/1220000/Itemtrade/getItemtradeList,2026-08-10T12:44:23.829673+00:00
2025-12,3104200000,ALL,,353606,196533,24585867,9390822,-9194289,korea_customs_service,https://apis.data.go.kr/1220000/Itemtrade/getItemtradeList,2026-08-10T12:44:23.829673+00:00
2026-01,3104200000,ALL,,160130,88783,64460644,24265727,-24176944,korea_customs_service,https://apis.data.go.kr/1220000/Itemtrade/getItemtradeList,2026-08-10T12:44:24.138382+00:00
2026-02,3104200000,ALL,,38010,23181,50142257,19627450,-19604269,korea_customs_service,https://apis.data.go.kr/1220000/Itemtrade/getItemtradeList,2026-08-10T12:44:24.138382+00:00
2026-03,3104200000,ALL,,477845,247185,72686759,28479127,-28231942,korea_customs_service,https://apis.data.go.kr/1220000/Itemtrade/getItemtradeList,2026-08-10T12:44:24.138382+00:00
2026-04,3104200000,ALL,,433016,239720,92339734,35435339,-35195619,korea_customs_service,https://apis.data.go.kr/1220000/Itemtrade/getItemtradeList,2026-08-10T12:44:24.138382+00:00
2026-05,3104200000,ALL,,160030,91254,28075661,11033463,-10942209,korea_customs_service,https://apis.data.go.kr/1220000/Itemtrade/getItemtradeList,2026-08-10T12:44:24.138382+00:00
2026-06,3104200000,ALL,,157706,94249,37375105,14849613,-14755364,korea_customs_service,https://apis.data.go.kr/1220000/Itemtrade/getItemtradeList,2026-08-10T12:44:24.138382+00:00
2018-01,3901101000,ALL,,37207865,47689149,2776246,3698069,43991080,korea_customs_service,https://apis.data.go.kr/1220000/Itemtrade/getItemtradeList,2026-08-10T15:32:30.533838+00:00
2018-02,3901101000,ALL,,35309330,46878511,3202661,4341074,42537437,korea_customs_service,https://apis.data.go.kr/1220000/Itemtrade/getItemtradeList,2026-08-10T15:32:30.533838+00:00
2018-03,3901101000,ALL,,38040039,50832715,2458885,3321656,47511059,korea_customs_service,https://apis.data.go.kr/1220000/Itemtrade/getItemtradeList,2026-08-10T15:32:30.533838+00:00
2018-04,3901101000,ALL,,38089477,50143553,2311170,3266764,46876789,korea_customs_service,https://apis.data.go.kr/1220000/Itemtrade/getItemtradeList,2026-08-10T15:32:30.533838+00:00
2018-05,3901101000,ALL,,38138380,49908249,2087077,2927042,46981207,korea_customs_service,https://apis.data.go.kr/1220000/Itemtrade/getItemtradeList,2026-08-10T15:32:30.533838+00:00
2018-06,3901101000,ALL,,42138141,56051937,4074928,5298738,50753199,korea_customs_service,https://apis.data.go.kr/1220000/Itemtrade/getItemtradeList,2026-08-10T15:32:30.533838+00:00
2018-07,3901101000,ALL,,39586516,51541659,3873306,5165127,46376532,korea_customs_service,https://apis.data.go.kr/1220000/Itemtrade/getItemtradeList,2026-08-10T15:32:30.533838+00:00
2018-08,3901101000,ALL,,37238485,48739906,2023082,2930453,45809453,korea_customs_service,https://apis.data.go.kr/1220000/Itemtrade/getItemtradeList,2026-08-10T15:32:30.533838+00:00
2018-09,3901101000,ALL,,30533785,39917993,2426570,3110099,36807894,korea_customs_service,https://apis.data.go.kr/1220000/Itemtrade/getItemtradeList,2026-08-10T15:32:30.533838+00:00
2018-10,3901101000,ALL,,25400350,32466962,3231623,4350769,28116193,korea_customs_service,https://apis.data.go.kr/1220000/Itemtrade/getItemtradeList,2026-08-10T15:32:30.533838+00:00
2018-11,3901101000,ALL,,33808811,41235420,2673638,3511183,37724237,korea_customs_service,https://apis.data.go.kr/1220000/Itemtrade/getItemtradeList,2026-08-10T15:32:30.533838+00:00
2018-12,3901101000,ALL,,32006263,37328496,3326385,4289072,33039424,korea_customs_service,https://apis.data.go.kr/1220000/Itemtrade/getItemtradeList,2026-08-10T15:32:30.533838+00:00
2019-01,3901101000,ALL,,33477846,38741214,2657133,3079003,35662211,korea_customs_service,https://apis.data.go.kr/1220000/Itemtrade/getItemtradeList,2026-08-10T15:32:30.857717+00:00
2019-02,3901101000,ALL,,33751440,38228830,3293636,3756465,34472365,korea_customs_service,https://apis.data.go.kr/1220000/Itemtrade/getItemtradeList,2026-08-10T15:32:30.857717+00:00
2019-03,3901101000,ALL,,34782993,40006324,4981106,5543302,34463022,korea_customs_service,https://apis.data.go.kr/1220000/Itemtrade/getItemtradeList,2026-08-10T15:32:30.857717+00:00
2019-04,3901101000,ALL,,28235987,33794279,3872505,4520470,29273809,korea_customs_service,https://apis.data.go.kr/1220000/Itemtrade/getItemtradeList,2026-08-10T15:32:30.857717+00:00
2019-05,3901101000,ALL,,29506049,35586930,4475446,4997993,30588937,korea_customs_service,https://apis.data.go.kr/1220000/Itemtrade/getItemtradeList,2026-08-10T15:32:30.857717+00:00
2019-06,3901101000,ALL,,25600927,29714800,4593633,5035099,24679701,korea_customs_service,https://apis.data.go.kr/1220000/Itemtrade/getItemtradeList,2026-08-10T15:32:30.857717+00:00
2019-07,3901101000,ALL,,40744075,46167441,4563177,5054340,41113101,korea_customs_service,https://apis.data.go.kr/1220000/Itemtrade/getItemtradeList,2026-08-10T15:32:30.857717+00:00
2019-08,3901101000,ALL,,36030185,40916948,4282341,4653596,36263352,korea_customs_service,https://apis.data.go.kr/1220000/Itemtrade/getItemtradeList,2026-08-10T15:32:30.857717+00:00
2019-09,3901101000,ALL,,28665022,31290333,5886532,6296116,24994217,korea_customs_service,https://apis.data.go.kr/1220000/Itemtrade/getItemtradeList,2026-08-10T15:32:30.857717+00:00
2019-10,3901101000,ALL,,33819566,34780642,3656234,4163662,30616980,korea_customs_service,https://apis.data.go.kr/1220000/Itemtrade/getItemtradeList,2026-08-10T15:32:30.857717+00:00
2019-11,3901101000,ALL,,32203098,32702652,2853769,3306856,29395796,korea_customs_service,https://apis.data.go.kr/1220000/Itemtrade/getItemtradeList,2026-08-10T15:32:30.857717+00:00
2019-12,3901101000,ALL,,31506020,30701610,4918412,5261087,25440523,korea_customs_service,https://apis.data.go.kr/1220000/Itemtrade/getItemtradeList,2026-08-10T15:32:30.857717+00:00
2020-01,3901101000,ALL,,25502767,26109522,3416034,3259247,22850275,korea_customs_service,https://apis.data.go.kr/1220000/Itemtrade/getItemtradeList,2026-08-10T15:32:31.193402+00:00
2020-02,3901101000,ALL,,28746060,30172637,4115476,4002681,26169956,korea_customs_service,https://apis.data.go.kr/1220000/Itemtrade/getItemtradeList,2026-08-10T15:32:31.193402+00:00
2020-03,3901101000,ALL,,15512376,15455690,3415582,3704282,11751408,korea_customs_service,https://apis.data.go.kr/1220000/Itemtrade/getItemtradeList,2026-08-10T15:32:31.193402+00:00
2020-04,3901101000,ALL,,21153261,18740342,4435519,4520318,14220024,korea_customs_service,https://apis.data.go.kr/1220000/Itemtrade/getItemtradeList,2026-08-10T15:32:31.193402+00:00
2020-05,3901101000,ALL,,22659946,19024230,5761281,5362506,13661724,korea_customs_service,https://apis.data.go.kr/1220000/Itemtrade/getItemtradeList,2026-08-10T15:32:31.193402+00:00
2020-06,3901101000,ALL,,22050832,18496476,8420514,7050857,11445619,korea_customs_service,https://apis.data.go.kr/1220000/Itemtrade/getItemtradeList,2026-08-10T15:32:31.193402+00:00
2020-07,3901101000,ALL,,22137344,20646329,6191496,5459061,15187268,korea_customs_service,https://apis.data.go.kr/1220000/Itemtrade/getItemtradeList,2026-08-10T15:32:31.193402+00:00
2020-08,3901101000,ALL,,23589826,23756307,4166509,3778479,19977828,korea_customs_service,https://apis.data.go.kr/1220000/Itemtrade/getItemtradeList,2026-08-10T15:32:31.193402+00:00
2020-09,3901101000,ALL,,29387805,30541854,3475682,3635254,26906600,korea_customs_service,https://apis.data.go.kr/1220000/Itemtrade/getItemtradeList,2026-08-10T15:32:31.193402+00:00
2020-10,3901101000,ALL,,28099159,29222212,5205441,5498940,23723272,korea_customs_service,https://apis.data.go.kr/1220000/Itemtrade/getItemtradeList,2026-08-10T15:32:31.193402+00:00
2020-11,3901101000,ALL,,20653468,21312403,6375035,6658366,14654037,korea_customs_service,https://apis.data.go.kr/1220000/Itemtrade/getItemtradeList,2026-08-10T15:32:31.193402+00:00
2020-12,3901101000,ALL,,19172549,19876328,3602643,4116226,15760102,korea_customs_service,https://apis.data.go.kr/1220000/Itemtrade/getItemtradeList,2026-08-10T15:32:31.193402+00:00
2021-01,3901101000,ALL,,21764868,24432221,3140443,3984120,20448101,korea_customs_service,https://apis.data.go.kr/1220000/Itemtrade/getItemtradeList,2026-08-10T15:32:31.504232+00:00
2021-02,3901101000,ALL,,33158512,37381743,4394866,5500804,31880939,korea_customs_service,https://apis.data.go.kr/1220000/Itemtrade/getItemtradeList,2026-08-10T15:32:31.504232+00:00
2021-03,3901101000,ALL,,48382702,61373387,3992277,5226576,56146811,korea_customs_service,https://apis.data.go.kr/1220000/Itemtrade/getItemtradeList,2026-08-10T15:32:31.504232+00:00
2021-04,3901101000,ALL,,44982829,64093092,3204880,4611642,59481450,korea_customs_service,https://apis.data.go.kr/1220000/Itemtrade/getItemtradeList,2026-08-10T15:32:31.504232+00:00
2021-05,3901101000,ALL,,34967055,50110803,4909429,6833966,43276837,korea_customs_service,https://apis.data.go.kr/1220000/Itemtrade/getItemtradeList,2026-08-10T15:32:31.504232+00:00
2021-06,3901101000,ALL,,39556716,52434595,3882067,5854226,46580369,korea_customs_service,https://apis.data.go.kr/1220000/Itemtrade/getItemtradeList,2026-08-10T15:32:31.504232+00:00
2021-07,3901101000,ALL,,47001084,59724350,2928156,4246476,55477874,korea_customs_service,https://apis.data.go.kr/1220000/Itemtrade/getItemtradeList,2026-08-10T15:32:31.504232+00:00
2021-08,3901101000,ALL,,38609740,49827050,2805183,4092664,45734386,korea_customs_service,https://apis.data.go.kr/1220000/Itemtrade/getItemtradeList,2026-08-10T15:32:31.504232+00:00
2021-09,3901101000,ALL,,48819227,61622729,1874592,2384683,59238046,korea_customs_service,https://apis.data.go.kr/1220000/Itemtrade/getItemtradeList,2026-08-10T15:32:31.504232+00:00
2021-10,3901101000,ALL,,49461459,66787315,3148220,4169161,62618154,korea_customs_service,https://apis.data.go.kr/1220000/Itemtrade/getItemtradeList,2026-08-10T15:32:31.504232+00:00
2021-11,3901101000,ALL,,28762066,39138530,1596732,2840561,36297969,korea_customs_service,https://apis.data.go.kr/1220000/Itemtrade/getItemtradeList,2026-08-10T15:32:31.504232+00:00
2021-12,3901101000,ALL,,32706229,44902636,2042655,3168637,41733999,korea_customs_service,https://apis.data.go.kr/1220000/Itemtrade/getItemtradeList,2026-08-10T15:32:31.504232+00:00
2022-01,3901101000,ALL,,41634670,55381485,1796131,2864086,52517399,korea_customs_service,https://apis.data.go.kr/1220000/Itemtrade/getItemtradeList,2026-08-10T15:32:31.828554+00:00
2022-02,3901101000,ALL,,43655859,60809873,2353492,3669822,57140051,korea_customs_service,https://apis.data.go.kr/1220000/Itemtrade/getItemtradeList,2026-08-10T15:32:31.828554+00:00
2022-03,3901101000,ALL,,35298475,52062997,1692226,3183524,48879473,korea_customs_service,https://apis.data.go.kr/1220000/Itemtrade/getItemtradeList,2026-08-10T15:32:31.828554+00:00
2022-04,3901101000,ALL,,24003847,38192865,1773609,3280143,34912722,korea_customs_service,https://apis.data.go.kr/1220000/Itemtrade/getItemtradeList,2026-08-10T15:32:31.828554+00:00
2022-05,3901101000,ALL,,36171178,60562339,1363370,2439093,58123246,korea_customs_service,https://apis.data.go.kr/1220000/Itemtrade/getItemtradeList,2026-08-10T15:32:31.828554+00:00
2022-06,3901101000,ALL,,26984852,41610153,2242407,4285350,37324803,korea_customs_service,https://apis.data.go.kr/1220000/Itemtrade/getItemtradeList,2026-08-10T15:32:31.828554+00:00
2022-07,3901101000,ALL,,29939188,43204837,2355687,4984631,38220206,korea_customs_service,https://apis.data.go.kr/1220000/Itemtrade/getItemtradeList,2026-08-10T15:32:31.828554+00:00
2022-08,3901101000,ALL,,17931894,23406334,2097929,3541225,19865109,korea_customs_service,https://apis.data.go.kr/1220000/Itemtrade/getItemtradeList,2026-08-10T15:32:31.828554+00:00
2022-09,3901101000,ALL,,22721345,27226162,1798710,2836254,24389908,korea_customs_service,https://apis.data.go.kr/1220000/Itemtrade/getItemtradeList,2026-08-10T15:32:31.828554+00:00
2022-10,3901101000,ALL,,18843573,23736624,1931814,3004813,20731811,korea_customs_service,https://apis.data.go.kr/1220000/Itemtrade/getItemtradeList,2026-08-10T15:32:31.828554+00:00
2022-11,3901101000,ALL,,20714405,25210395,2148400,3100138,22110257,korea_customs_service,https://apis.data.go.kr/1220000/Itemtrade/getItemtradeList,2026-08-10T15:32:31.828554+00:00
2022-12,3901101000,ALL,,21620789,25186697,2334028,3328025,21858672,korea_customs_service,https://apis.data.go.kr/1220000/Itemtrade/getItemtradeList,2026-08-10T15:32:31.828554+00:00
2023-01,3901101000,ALL,,27495601,31113072,2237958,2995441,28117631,korea_customs_service,https://apis.data.go.kr/1220000/Itemtrade/getItemtradeList,2026-08-10T15:32:32.146708+00:00
2023-02,3901101000,ALL,,30257274,36678628,2197718,2799389,33879239,korea_customs_service,https://apis.data.go.kr/1220000/Itemtrade/getItemtradeList,2026-08-10T15:32:32.146708+00:00
2023-03,3901101000,ALL,,28674214,35898505,3203491,4414211,31484294,korea_customs_service,https://apis.data.go.kr/1220000/Itemtrade/getItemtradeList,2026-08-10T15:32:32.146708+00:00
2023-04,3901101000,ALL,,25178506,32122071,3753703,5035380,27086691,korea_customs_service,https://apis.data.go.kr/1220000/Itemtrade/getItemtradeList,2026-08-10T15:32:32.146708+00:00
2023-05,3901101000,ALL,,20971940,24719066,3811805,5088067,19630999,korea_customs_service,https://apis.data.go.kr/1220000/Itemtrade/getItemtradeList,2026-08-10T15:32:32.146708+00:00
2023-06,3901101000,ALL,,23492336,25783973,3239273,4112505,21671468,korea_customs_service,https://apis.data.go.kr/1220000/Itemtrade/getItemtradeList,2026-08-10T15:32:32.146708+00:00
2023-07,3901101000,ALL,,22008366,23104093,2925191,3469099,19634994,korea_customs_service,https://apis.data.go.kr/1220000/Itemtrade/getItemtradeList,2026-08-10T15:32:32.146708+00:00
2023-08,3901101000,ALL,,24942436,26370438,3008631,3524466,22845972,korea_customs_service,https://apis.data.go.kr/1220000/Itemtrade/getItemtradeList,2026-08-10T15:32:32.146708+00:00
2023-09,3901101000,ALL,,23167407,24911808,2849989,3122293,21789515,korea_customs_service,https://apis.data.go.kr/1220000/Itemtrade/getItemtradeList,2026-08-10T15:32:32.146708+00:00
2023-10,3901101000,ALL,,20327555,22786102,2448016,3330459,19455643,korea_customs_service,https://apis.data.go.kr/1220000/Itemtrade/getItemtradeList,2026-08-10T15:32:32.146708+00:00
2023-11,3901101000,ALL,,17957032,19853471,2895958,3501385,16352086,korea_customs_service,https://apis.data.go.kr/1220000/Itemtrade/getItemtradeList,2026-08-10T15:32:32.146708+00:00
2023-12,3901101000,ALL,,18864080,20486111,3505455,4266304,16219807,korea_customs_service,https://apis.data.go.kr/1220000/Itemtrade/getItemtradeList,2026-08-10T15:32:32.146708+00:00
2024-01,3901101000,ALL,,24287998,26710433,4035584,5285557,21424876,korea_customs_service,https://apis.data.go.kr/1220000/Itemtrade/getItemtradeList,2026-08-10T15:32:32.442334+00:00
2024-02,3901101000,ALL,,26960951,29984588,2558168,3102331,26882257,korea_customs_service,https://apis.data.go.kr/1220000/Itemtrade/getItemtradeList,2026-08-10T15:32:32.442334+00:00
2024-03,3901101000,ALL,,21667207,25139412,3998404,4890664,20248748,korea_customs_service,https://apis.data.go.kr/1220000/Itemtrade/getItemtradeList,2026-08-10T15:32:32.442334+00:00
2024-04,3901101000,ALL,,18959647,21684785,3463844,4435709,17249076,korea_customs_service,https://apis.data.go.kr/1220000/Itemtrade/getItemtradeList,2026-08-10T15:32:32.442334+00:00
2024-05,3901101000,ALL,,21329534,25834839,2597099,3773484,22061355,korea_customs_service,https://apis.data.go.kr/1220000/Itemtrade/getItemtradeList,2026-08-10T15:32:32.442334+00:00
2024-06,3901101000,ALL,,23959363,26880993,2318434,4215304,22665689,korea_customs_service,https://apis.data.go.kr/1220000/Itemtrade/getItemtradeList,2026-08-10T15:32:32.442334+00:00
2024-07,3901101000,ALL,,18344427,20979044,2662976,3236169,17742875,korea_customs_service,https://apis.data.go.kr/1220000/Itemtrade/getItemtradeList,2026-08-10T15:32:32.442334+00:00
2024-08,3901101000,ALL,,20577318,23639545,2079723,2528120,21111425,korea_customs_service,https://apis.data.go.kr/1220000/Itemtrade/getItemtradeList,2026-08-10T15:32:32.442334+00:00
2024-09,3901101000,ALL,,18227904,19862546,2451049,2895982,16966564,korea_customs_service,https://apis.data.go.kr/1220000/Itemtrade/getItemtradeList,2026-08-10T15:32:32.442334+00:00
2024-10,3901101000,ALL,,19778754,21761444,2916620,3832101,17929343,korea_customs_service,https://apis.data.go.kr/1220000/Itemtrade/getItemtradeList,2026-08-10T15:32:32.442334+00:00
2024-11,3901101000,ALL,,13436868,14844866,2824395,3581050,11263816,korea_customs_service,https://apis.data.go.kr/1220000/Itemtrade/getItemtradeList,2026-08-10T15:32:32.442334+00:00
2024-12,3901101000,ALL,,12391886,14204002,2609090,3848075,10355927,korea_customs_service,https://apis.data.go.kr/1220000/Itemtrade/getItemtradeList,2026-08-10T15:32:32.442334+00:00
2025-01,3901101000,ALL,,17274459,18818336,2790877,3866247,14952089,korea_customs_service,https://apis.data.go.kr/1220000/Itemtrade/getItemtradeList,2026-08-10T15:32:32.731015+00:00
2025-02,3901101000,ALL,,15476724,17955075,2442821,3071393,14883682,korea_customs_service,https://apis.data.go.kr/1220000/Itemtrade/getItemtradeList,2026-08-10T15:32:32.731015+00:00
2025-03,3901101000,ALL,,9917522,12289777,2589271,3267333,9022444,korea_customs_service,https://apis.data.go.kr/1220000/Itemtrade/getItemtradeList,2026-08-10T15:32:32.731015+00:00
2025-04,3901101000,ALL,,11268416,13590951,2656568,3591172,9999779,korea_customs_service,https://apis.data.go.kr/1220000/Itemtrade/getItemtradeList,2026-08-10T15:32:32.731015+00:00
2025-05,3901101000,ALL,,9217480,11366519,2488821,3758930,7607589,korea_customs_service,https://apis.data.go.kr/1220000/Itemtrade/getItemtradeList,2026-08-10T15:32:32.731015+00:00
2025-06,3901101000,ALL,,13537093,15476265,3370841,4041408,11434857,korea_customs_service,https://apis.data.go.kr/1220000/Itemtrade/getItemtradeList,2026-08-10T15:32:32.731015+00:00
2025-07,3901101000,ALL,,19989446,20832321,4216657,5268118,15564203,korea_customs_service,https://apis.data.go.kr/1220000/Itemtrade/getItemtradeList,2026-08-10T15:32:32.731015+00:00
2025-08,3901101000,ALL,,17654667,18607320,2469293,3157954,15449366,korea_customs_service,https://apis.data.go.kr/1220000/Itemtrade/getItemtradeList,2026-08-10T15:32:32.731015+00:00
2025-09,3901101000,ALL,,19884513,22001884,3438413,4042188,17959696,korea_customs_service,https://apis.data.go.kr/1220000/Itemtrade/getItemtradeList,2026-08-10T15:32:32.731015+00:00
2025-10,3901101000,ALL,,14477498,14353803,4158957,5188966,9164837,korea_customs_service,https://apis.data.go.kr/1220000/Itemtrade/getItemtradeList,2026-08-10T15:32:32.731015+00:00
2025-11,3901101000,ALL,,14897242,15088333,4090883,4971665,10116668,korea_customs_service,https://apis.data.go.kr/1220000/Itemtrade/getItemtradeList,2026-08-10T15:32:32.731015+00:00
2025-12,3901101000,ALL,,13765197,13760220,3431432,4157684,9602536,korea_customs_service,https://apis.data.go.kr/1220000/Itemtrade/getItemtradeList,2026-08-10T15:32:32.731015+00:00
2026-01,3901101000,ALL,,11506194,11665201,3638725,4543021,7122180,korea_customs_service,https://apis.data.go.kr/1220000/Itemtrade/getItemtradeList,2026-08-10T15:32:32.990476+00:00
2026-02,3901101000,ALL,,12777548,12955186,2613468,3152191,9802995,korea_customs_service,https://apis.data.go.kr/1220000/Itemtrade/getItemtradeList,2026-08-10T15:32:32.990476+00:00
2026-03,3901101000,ALL,,8856726,10824214,2980017,3815848,7008366,korea_customs_service,https://apis.data.go.kr/1220000/Itemtrade/getItemtradeList,2026-08-10T15:32:32.990476+00:00
2026-04,3901101000,ALL,,12263663,18459156,6055593,8802001,9657155,korea_customs_service,https://apis.data.go.kr/1220000/Itemtrade/getItemtradeList,2026-08-10T15:32:32.990476+00:00
2026-05,3901101000,ALL,,9835634,16811453,5463422,8328351,8483102,korea_customs_service,https://apis.data.go.kr/1220000/Itemtrade/getItemtradeList,2026-08-10T15:32:32.990476+00:00
2026-06,3901101000,ALL,,12658589,19845965,3990755,6291438,13554527,korea_customs_service,https://apis.data.go.kr/1220000/Itemtrade/getItemtradeList,2026-08-10T15:32:32.990476+00:00
2023-01,3901200000,ALL,,132489191,143839283,4830418,7325645,136513638,korea_customs_service,https://apis.data.go.kr/1220000/Itemtrade/getItemtradeList,2026-08-10T12:44:25.383692+00:00
2023-02,3901200000,ALL,,140031181,160183418,5244858,7376260,152807158,korea_customs_service,https://apis.data.go.kr/1220000/Itemtrade/getItemtradeList,2026-08-10T12:44:25.383692+00:00
2023-03,3901200000,ALL,,153140579,177894483,7486830,10368127,167526356,korea_customs_service,https://apis.data.go.kr/1220000/Itemtrade/getItemtradeList,2026-08-10T12:44:25.383692+00:00
2023-04,3901200000,ALL,,128666891,151376612,7324643,10118665,141257947,korea_customs_service,https://apis.data.go.kr/1220000/Itemtrade/getItemtradeList,2026-08-10T12:44:25.383692+00:00
2023-05,3901200000,ALL,,148547038,166869119,5548679,7966392,158902727,korea_customs_service,https://apis.data.go.kr/1220000/Itemtrade/getItemtradeList,2026-08-10T12:44:25.383692+00:00
2023-06,3901200000,ALL,,124527656,135427119,6928302,11297245,124129874,korea_customs_service,https://apis.data.go.kr/1220000/Itemtrade/getItemtradeList,2026-08-10T12:44:25.383692+00:00
2023-07,3901200000,ALL,,167358063,172976489,7656042,12152453,160824036,korea_customs_service,https://apis.data.go.kr/1220000/Itemtrade/getItemtradeList,2026-08-10T12:44:25.383692+00:00
2023-08,3901200000,ALL,,164271369,172051893,5137625,7749300,164302593,korea_customs_service,https://apis.data.go.kr/1220000/Itemtrade/getItemtradeList,2026-08-10T12:44:25.383692+00:00
2023-09,3901200000,ALL,,152733067,164820924,3640196,5256199,159564725,korea_customs_service,https://apis.data.go.kr/1220000/Itemtrade/getItemtradeList,2026-08-10T12:44:25.383692+00:00
2023-10,3901200000,ALL,,154430244,169254022,6567582,9471070,159782952,korea_customs_service,https://apis.data.go.kr/1220000/Itemtrade/getItemtradeList,2026-08-10T12:44:25.383692+00:00
2023-11,3901200000,ALL,,169936614,181948401,5383752,8223879,173724522,korea_customs_service,https://apis.data.go.kr/1220000/Itemtrade/getItemtradeList,2026-08-10T12:44:25.383692+00:00
2023-12,3901200000,ALL,,155957280,162979349,6152312,9408873,153570476,korea_customs_service,https://apis.data.go.kr/1220000/Itemtrade/getItemtradeList,2026-08-10T12:44:25.383692+00:00
2024-01,3901200000,ALL,,151948567,157687317,4818219,7456645,150230672,korea_customs_service,https://apis.data.go.kr/1220000/Itemtrade/getItemtradeList,2026-08-10T12:44:25.681674+00:00
2024-02,3901200000,ALL,,148345739,160746238,5050938,6123465,154622773,korea_customs_service,https://apis.data.go.kr/1220000/Itemtrade/getItemtradeList,2026-08-10T12:44:25.681674+00:00
2024-03,3901200000,ALL,,144491692,161452641,6217670,8961946,152490695,korea_customs_service,https://apis.data.go.kr/1220000/Itemtrade/getItemtradeList,2026-08-10T12:44:25.681674+00:00
2024-04,3901200000,ALL,,149481110,166403506,6664076,9150055,157253451,korea_customs_service,https://apis.data.go.kr/1220000/Itemtrade/getItemtradeList,2026-08-10T12:44:25.681674+00:00
2024-05,3901200000,ALL,,157850712,173367172,6717590,9358430,164008742,korea_customs_service,https://apis.data.go.kr/1220000/Itemtrade/getItemtradeList,2026-08-10T12:44:25.681674+00:00
2024-06,3901200000,ALL,,137459460,149375466,6132870,10776093,138599373,korea_customs_service,https://apis.data.go.kr/1220000/Itemtrade/getItemtradeList,2026-08-10T12:44:25.681674+00:00
2024-07,3901200000,ALL,,141560643,153910128,6204893,9167534,144742594,korea_customs_service,https://apis.data.go.kr/1220000/Itemtrade/getItemtradeList,2026-08-10T12:44:25.681674+00:00
2024-08,3901200000,ALL,,131217820,140398375,5191788,7423295,132975080,korea_customs_service,https://apis.data.go.kr/1220000/Itemtrade/getItemtradeList,2026-08-10T12:44:25.681674+00:00
2024-09,3901200000,ALL,,122534642,129634403,5571559,7718730,121915673,korea_customs_service,https://apis.data.go.kr/1220000/Itemtrade/getItemtradeList,2026-08-10T12:44:25.681674+00:00
2024-10,3901200000,ALL,,130259752,136901371,4829968,6643522,130257849,korea_customs_service,https://apis.data.go.kr/1220000/Itemtrade/getItemtradeList,2026-08-10T12:44:25.681674+00:00
2024-11,3901200000,ALL,,114278117,122898895,4225299,6440464,116458431,korea_customs_service,https://apis.data.go.kr/1220000/Itemtrade/getItemtradeList,2026-08-10T12:44:25.681674+00:00
2024-12,3901200000,ALL,,127262804,135849921,6842421,9187960,126661961,korea_customs_service,https://apis.data.go.kr/1220000/Itemtrade/getItemtradeList,2026-08-10T12:44:25.681674+00:00
2025-01,3901200000,ALL,,108531964,114056598,5254461,6924245,107132353,korea_customs_service,https://apis.data.go.kr/1220000/Itemtrade/getItemtradeList,2026-08-10T12:44:25.982584+00:00
2025-02,3901200000,ALL,,136030586,142645931,7236726,9118883,133527048,korea_customs_service,https://apis.data.go.kr/1220000/Itemtrade/getItemtradeList,2026-08-10T12:44:25.982584+00:00
2025-03,3901200000,ALL,,125278548,133699701,4242390,6279999,127419702,korea_customs_service,https://apis.data.go.kr/1220000/Itemtrade/getItemtradeList,2026-08-10T12:44:25.982584+00:00
2025-04,3901200000,ALL,,145586370,158197657,5774870,8487192,149710465,korea_customs_service,https://apis.data.go.kr/1220000/Itemtrade/getItemtradeList,2026-08-10T12:44:25.982584+00:00
2025-05,3901200000,ALL,,135554327,143309774,5400240,6905355,136404419,korea_customs_service,https://apis.data.go.kr/1220000/Itemtrade/getItemtradeList,2026-08-10T12:44:25.982584+00:00
2025-06,3901200000,ALL,,134230562,137560495,5336909,6872191,130688304,korea_customs_service,https://apis.data.go.kr/1220000/Itemtrade/getItemtradeList,2026-08-10T12:44:25.982584+00:00
2025-07,3901200000,ALL,,157752237,161595161,8571591,11973984,149621177,korea_customs_service,https://apis.data.go.kr/1220000/Itemtrade/getItemtradeList,2026-08-10T12:44:25.982584+00:00
2025-08,3901200000,ALL,,141771945,145879059,5399461,6923506,138955553,korea_customs_service,https://apis.data.go.kr/1220000/Itemtrade/getItemtradeList,2026-08-10T12:44:25.982584+00:00
2025-09,3901200000,ALL,,158943659,160775054,5410792,6850240,153924814,korea_customs_service,https://apis.data.go.kr/1220000/Itemtrade/getItemtradeList,2026-08-10T12:44:25.982584+00:00
2025-10,3901200000,ALL,,126715044,127914268,5668617,6825931,121088337,korea_customs_service,https://apis.data.go.kr/1220000/Itemtrade/getItemtradeList,2026-08-10T12:44:25.982584+00:00
2025-11,3901200000,ALL,,115861816,117119018,5085812,6034093,111084925,korea_customs_service,https://apis.data.go.kr/1220000/Itemtrade/getItemtradeList,2026-08-10T12:44:25.982584+00:00
2025-12,3901200000,ALL,,142776121,140191214,5920784,7164720,133026494,korea_customs_service,https://apis.data.go.kr/1220000/Itemtrade/getItemtradeList,2026-08-10T12:44:25.982584+00:00
2026-01,3901200000,ALL,,126259725,125616778,4933018,6161271,119455507,korea_customs_service,https://apis.data.go.kr/1220000/Itemtrade/getItemtradeList,2026-08-10T12:44:26.280561+00:00
2026-02,3901200000,ALL,,142802807,140331438,4009836,4970281,135361157,korea_customs_service,https://apis.data.go.kr/1220000/Itemtrade/getItemtradeList,2026-08-10T12:44:26.280561+00:00
2026-03,3901200000,ALL,,105087038,111779215,4019550,5599146,106180069,korea_customs_service,https://apis.data.go.kr/1220000/Itemtrade/getItemtradeList,2026-08-10T12:44:26.280561+00:00
2026-04,3901200000,ALL,,91586263,136720501,8635161,12590387,124130114,korea_customs_service,https://apis.data.go.kr/1220000/Itemtrade/getItemtradeList,2026-08-10T12:44:26.280561+00:00
2026-05,3901200000,ALL,,81330639,134850114,8659799,13164775,121685339,korea_customs_service,https://apis.data.go.kr/1220000/Itemtrade/getItemtradeList,2026-08-10T12:44:26.280561+00:00
2026-06,3901200000,ALL,,110745626,177808114,7178321,12548783,165259331,korea_customs_service,https://apis.data.go.kr/1220000/Itemtrade/getItemtradeList,2026-08-10T12:44:26.280561+00:00
2018-01,3902100000,ALL,,144279190,188896381,1279096,1763417,187132964,korea_customs_service,https://apis.data.go.kr/1220000/Itemtrade/getItemtradeList,2026-08-10T15:32:33.148735+00:00
2018-02,3902100000,ALL,,137619483,191138302,1421484,2282585,188855717,korea_customs_service,https://apis.data.go.kr/1220000/Itemtrade/getItemtradeList,2026-08-10T15:32:33.148735+00:00
2018-03,3902100000,ALL,,142613395,201223989,1899884,2833405,198390584,korea_customs_service,https://apis.data.go.kr/1220000/Itemtrade/getItemtradeList,2026-08-10T15:32:33.148735+00:00
2018-04,3902100000,ALL,,145748104,201237430,2064146,3042757,198194673,korea_customs_service,https://apis.data.go.kr/1220000/Itemtrade/getItemtradeList,2026-08-10T15:32:33.148735+00:00
2018-05,3902100000,ALL,,145458663,203277625,2095243,3232290,200045335,korea_customs_service,https://apis.data.go.kr/1220000/Itemtrade/getItemtradeList,2026-08-10T15:32:33.148735+00:00
2018-06,3902100000,ALL,,137788696,196289351,1680015,2726424,193562927,korea_customs_service,https://apis.data.go.kr/1220000/Itemtrade/getItemtradeList,2026-08-10T15:32:33.148735+00:00
2018-07,3902100000,ALL,,141484534,200704749,1294088,2226009,198478740,korea_customs_service,https://apis.data.go.kr/1220000/Itemtrade/getItemtradeList,2026-08-10T15:32:33.148735+00:00
2018-08,3902100000,ALL,,144428297,202836499,1200176,1911527,200924972,korea_customs_service,https://apis.data.go.kr/1220000/Itemtrade/getItemtradeList,2026-08-10T15:32:33.148735+00:00
2018-09,3902100000,ALL,,124472717,173971343,896062,1491942,172479401,korea_customs_service,https://apis.data.go.kr/1220000/Itemtrade/getItemtradeList,2026-08-10T15:32:33.148735+00:00
2018-10,3902100000,ALL,,147255310,203029742,1406670,2353288,200676454,korea_customs_service,https://apis.data.go.kr/1220000/Itemtrade/getItemtradeList,2026-08-10T15:32:33.148735+00:00
2018-11,3902100000,ALL,,163194123,219117068,1469018,2542139,216574929,korea_customs_service,https://apis.data.go.kr/1220000/Itemtrade/getItemtradeList,2026-08-10T15:32:33.148735+00:00
2018-12,3902100000,ALL,,166740899,212310658,1441175,2517824,209792834,korea_customs_service,https://apis.data.go.kr/1220000/Itemtrade/getItemtradeList,2026-08-10T15:32:33.148735+00:00
2019-01,3902100000,ALL,,137803424,172883594,1325080,2407633,170475961,korea_customs_service,https://apis.data.go.kr/1220000/Itemtrade/getItemtradeList,2026-08-10T15:32:33.480386+00:00
2019-02,3902100000,ALL,,140183237,175707888,1604556,2478351,173229537,korea_customs_service,https://apis.data.go.kr/1220000/Itemtrade/getItemtradeList,2026-08-10T15:32:33.480386+00:00
2019-03,3902100000,ALL,,143472625,182318835,2361376,3155994,179162841,korea_customs_service,https://apis.data.go.kr/1220000/Itemtrade/getItemtradeList,2026-08-10T15:32:33.480386+00:00
2019-04,3902100000,ALL,,128141532,167764127,1720506,2620964,165143163,korea_customs_service,https://apis.data.go.kr/1220000/Itemtrade/getItemtradeList,2026-08-10T15:32:33.480386+00:00
2019-05,3902100000,ALL,,137809529,180202934,1656525,2550042,177652892,korea_customs_service,https://apis.data.go.kr/1220000/Itemtrade/getItemtradeList,2026-08-10T15:32:33.480386+00:00
2019-06,3902100000,ALL,,113665760,148139780,1305060,2120744,146019036,korea_customs_service,https://apis.data.go.kr/1220000/Itemtrade/getItemtradeList,2026-08-10T15:32:33.480386+00:00
2019-07,3902100000,ALL,,164386268,204199613,1480569,2132647,202066966,korea_customs_service,https://apis.data.go.kr/1220000/Itemtrade/getItemtradeList,2026-08-10T15:32:33.480386+00:00
2019-08,3902100000,ALL,,159914742,193713437,1006139,1525155,192188282,korea_customs_service,https://apis.data.go.kr/1220000/Itemtrade/getItemtradeList,2026-08-10T15:32:33.480386+00:00
2019-09,3902100000,ALL,,161660318,188844146,2358869,3311882,185532264,korea_customs_service,https://apis.data.go.kr/1220000/Itemtrade/getItemtradeList,2026-08-10T15:32:33.480386+00:00
2019-10,3902100000,ALL,,166232808,192147304,1785526,2582896,189564408,korea_customs_service,https://apis.data.go.kr/1220000/Itemtrade/getItemtradeList,2026-08-10T15:32:33.480386+00:00
2019-11,3902100000,ALL,,139440807,161192226,1496284,2057603,159134623,korea_customs_service,https://apis.data.go.kr/1220000/Itemtrade/getItemtradeList,2026-08-10T15:32:33.480386+00:00
2019-12,3902100000,ALL,,163286619,181221084,1082342,1787168,179433916,korea_customs_service,https://apis.data.go.kr/1220000/Itemtrade/getItemtradeList,2026-08-10T15:32:33.480386+00:00
2020-01,3902100000,ALL,,139905838,154429304,1096472,1788171,152641133,korea_customs_service,https://apis.data.go.kr/1220000/Itemtrade/getItemtradeList,2026-08-10T15:32:33.795387+00:00
2020-02,3902100000,ALL,,148554430,165326285,1621485,2124660,163201625,korea_customs_service,https://apis.data.go.kr/1220000/Itemtrade/getItemtradeList,2026-08-10T15:32:33.795387+00:00
2020-03,3902100000,ALL,,155816168,174814919,1195962,2110076,172704843,korea_customs_service,https://apis.data.go.kr/1220000/Itemtrade/getItemtradeList,2026-08-10T15:32:33.795387+00:00
2020-04,3902100000,ALL,,145397000,149133368,959881,1564850,147568518,korea_customs_service,https://apis.data.go.kr/1220000/Itemtrade/getItemtradeList,2026-08-10T15:32:33.795387+00:00
2020-05,3902100000,ALL,,162242484,164207983,1064849,1898878,162309105,korea_customs_service,https://apis.data.go.kr/1220000/Itemtrade/getItemtradeList,2026-08-10T15:32:33.795387+00:00
2020-06,3902100000,ALL,,154712083,162912442,938270,1766901,161145541,korea_customs_service,https://apis.data.go.kr/1220000/Itemtrade/getItemtradeList,2026-08-10T15:32:33.795387+00:00
2020-07,3902100000,ALL,,155946585,165256053,680730,1345722,163910331,korea_customs_service,https://apis.data.go.kr/1220000/Itemtrade/getItemtradeList,2026-08-10T15:32:33.795387+00:00
2020-08,3902100000,ALL,,143953735,155440894,814182,1564975,153875919,korea_customs_service,https://apis.data.go.kr/1220000/Itemtrade/getItemtradeList,2026-08-10T15:32:33.795387+00:00
2020-09,3902100000,ALL,,149760466,163584504,982077,1829080,161755424,korea_customs_service,https://apis.data.go.kr/1220000/Itemtrade/getItemtradeList,2026-08-10T15:32:33.795387+00:00
2020-10,3902100000,ALL,,131061179,148074610,955155,1656511,146418099,korea_customs_service,https://apis.data.go.kr/1220000/Itemtrade/getItemtradeList,2026-08-10T15:32:33.795387+00:00
2020-11,3902100000,ALL,,127525871,146060192,938835,1518189,144542003,korea_customs_service,https://apis.data.go.kr/1220000/Itemtrade/getItemtradeList,2026-08-10T15:32:33.795387+00:00
2020-12,3902100000,ALL,,152209357,184941166,920940,1833606,183107560,korea_customs_service,https://apis.data.go.kr/1220000/Itemtrade/getItemtradeList,2026-08-10T15:32:33.795387+00:00
2021-01,3902100000,ALL,,131588032,169316231,996031,2122225,167194006,korea_customs_service,https://apis.data.go.kr/1220000/Itemtrade/getItemtradeList,2026-08-10T15:32:34.103434+00:00
2021-02,3902100000,ALL,,142572439,188784620,909434,1679478,187105142,korea_customs_service,https://apis.data.go.kr/1220000/Itemtrade/getItemtradeList,2026-08-10T15:32:34.103434+00:00
2021-03,3902100000,ALL,,155618218,224204047,1438808,2614133,221589914,korea_customs_service,https://apis.data.go.kr/1220000/Itemtrade/getItemtradeList,2026-08-10T15:32:34.103434+00:00
2021-04,3902100000,ALL,,138531188,219321307,1001382,1507975,217813332,korea_customs_service,https://apis.data.go.kr/1220000/Itemtrade/getItemtradeList,2026-08-10T15:32:34.103434+00:00
2021-05,3902100000,ALL,,178580569,268291123,2146522,3185125,265105998,korea_customs_service,https://apis.data.go.kr/1220000/Itemtrade/getItemtradeList,2026-08-10T15:32:34.103434+00:00
2021-06,3902100000,ALL,,173153266,245618697,2721424,4603749,241014948,korea_customs_service,https://apis.data.go.kr/1220000/Itemtrade/getItemtradeList,2026-08-10T15:32:34.103434+00:00
2021-07,3902100000,ALL,,193449477,258474551,1316912,2346538,256128013,korea_customs_service,https://apis.data.go.kr/1220000/Itemtrade/getItemtradeList,2026-08-10T15:32:34.103434+00:00
2021-08,3902100000,ALL,,192930277,258252573,1154804,1974455,256278118,korea_customs_service,https://apis.data.go.kr/1220000/Itemtrade/getItemtradeList,2026-08-10T15:32:34.103434+00:00
2021-09,3902100000,ALL,,172762168,233221450,972614,1973673,231247777,korea_customs_service,https://apis.data.go.kr/1220000/Itemtrade/getItemtradeList,2026-08-10T15:32:34.103434+00:00
2021-10,3902100000,ALL,,184230150,248216936,872649,1647132,246569804,korea_customs_service,https://apis.data.go.kr/1220000/Itemtrade/getItemtradeList,2026-08-10T15:32:34.103434+00:00
2021-11,3902100000,ALL,,174846433,238574117,793808,1549423,237024694,korea_customs_service,https://apis.data.go.kr/1220000/Itemtrade/getItemtradeList,2026-08-10T15:32:34.103434+00:00
2021-12,3902100000,ALL,,202429048,271771466,994582,2119708,269651758,korea_customs_service,https://apis.data.go.kr/1220000/Itemtrade/getItemtradeList,2026-08-10T15:32:34.103434+00:00
2022-01,3902100000,ALL,,249636279,315653313,706934,1279799,314373514,korea_customs_service,https://apis.data.go.kr/1220000/Itemtrade/getItemtradeList,2026-08-10T15:32:34.443567+00:00
2022-02,3902100000,ALL,,212468058,276810376,1056991,1822960,274987416,korea_customs_service,https://apis.data.go.kr/1220000/Itemtrade/getItemtradeList,2026-08-10T15:32:34.443567+00:00
2022-03,3902100000,ALL,,187062486,261375400,1617501,2939803,258435597,korea_customs_service,https://apis.data.go.kr/1220000/Itemtrade/getItemtradeList,2026-08-10T15:32:34.443567+00:00
2022-04,3902100000,ALL,,148918616,219287097,1215402,2085944,217201153,korea_customs_service,https://apis.data.go.kr/1220000/Itemtrade/getItemtradeList,2026-08-10T15:32:34.443567+00:00
2022-05,3902100000,ALL,,160098224,230338514,1669972,3065913,227272601,korea_customs_service,https://apis.data.go.kr/1220000/Itemtrade/getItemtradeList,2026-08-10T15:32:34.443567+00:00
2022-06,3902100000,ALL,,153470334,208347363,1247987,2258013,206089350,korea_customs_service,https://apis.data.go.kr/1220000/Itemtrade/getItemtradeList,2026-08-10T15:32:34.443567+00:00
2022-07,3902100000,ALL,,145979001,189192191,1343788,2522879,186669312,korea_customs_service,https://apis.data.go.kr/1220000/Itemtrade/getItemtradeList,2026-08-10T15:32:34.443567+00:00
2022-08,3902100000,ALL,,150002716,173593083,1940143,3022277,170570806,korea_customs_service,https://apis.data.go.kr/1220000/Itemtrade/getItemtradeList,2026-08-10T15:32:34.443567+00:00
2022-09,3902100000,ALL,,140346097,159436317,865468,1856197,157580120,korea_customs_service,https://apis.data.go.kr/1220000/Itemtrade/getItemtradeList,2026-08-10T15:32:34.443567+00:00
2022-10,3902100000,ALL,,136958769,150161265,965699,2124145,148037120,korea_customs_service,https://apis.data.go.kr/1220000/Itemtrade/getItemtradeList,2026-08-10T15:32:34.443567+00:00
2022-11,3902100000,ALL,,134533290,146734447,1204859,2428785,144305662,korea_customs_service,https://apis.data.go.kr/1220000/Itemtrade/getItemtradeList,2026-08-10T15:32:34.443567+00:00
2022-12,3902100000,ALL,,151056817,162243287,1273734,2299547,159943740,korea_customs_service,https://apis.data.go.kr/1220000/Itemtrade/getItemtradeList,2026-08-10T15:32:34.443567+00:00
2023-01,3902100000,ALL,,145166911,164583133,1631707,2821926,161761207,korea_customs_service,https://apis.data.go.kr/1220000/Itemtrade/getItemtradeList,2026-08-10T15:32:34.734006+00:00
2023-02,3902100000,ALL,,150145518,176288976,2572560,3703482,172585494,korea_customs_service,https://apis.data.go.kr/1220000/Itemtrade/getItemtradeList,2026-08-10T15:32:34.734006+00:00
2023-03,3902100000,ALL,,148803578,180362212,3342276,4741196,175621016,korea_customs_service,https://apis.data.go.kr/1220000/Itemtrade/getItemtradeList,2026-08-10T15:32:34.734006+00:00
2023-04,3902100000,ALL,,136188733,164776979,2007561,3154170,161622809,korea_customs_service,https://apis.data.go.kr/1220000/Itemtrade/getItemtradeList,2026-08-10T15:32:34.734006+00:00
2023-05,3902100000,ALL,,135225719,160086660,2780749,4276201,155810459,korea_customs_service,https://apis.data.go.kr/1220000/Itemtrade/getItemtradeList,2026-08-10T15:32:34.734006+00:00
2023-06,3902100000,ALL,,141495643,158429591,1858684,3238646,155190945,korea_customs_service,https://apis.data.go.kr/1220000/Itemtrade/getItemtradeList,2026-08-10T15:32:34.734006+00:00
2023-07,3902100000,ALL,,153038847,160595841,2239766,3471912,157123929,korea_customs_service,https://apis.data.go.kr/1220000/Itemtrade/getItemtradeList,2026-08-10T15:32:34.734006+00:00
2023-08,3902100000,ALL,,167936105,172684388,2332109,3553693,169130695,korea_customs_service,https://apis.data.go.kr/1220000/Itemtrade/getItemtradeList,2026-08-10T15:32:34.734006+00:00
2023-09,3902100000,ALL,,178651622,191529811,2645692,3637338,187892473,korea_customs_service,https://apis.data.go.kr/1220000/Itemtrade/getItemtradeList,2026-08-10T15:32:34.734006+00:00
2023-10,3902100000,ALL,,139675922,154332375,2793743,3604368,150728007,korea_customs_service,https://apis.data.go.kr/1220000/Itemtrade/getItemtradeList,2026-08-10T15:32:34.734006+00:00
2023-11,3902100000,ALL,,153324584,172350531,2352965,3476740,168873791,korea_customs_service,https://apis.data.go.kr/1220000/Itemtrade/getItemtradeList,2026-08-10T15:32:34.734006+00:00
2023-12,3902100000,ALL,,148858126,161574462,2157416,3051467,158522995,korea_customs_service,https://apis.data.go.kr/1220000/Itemtrade/getItemtradeList,2026-08-10T15:32:34.734006+00:00
2024-01,3902100000,ALL,,154353120,165842844,1912732,3144309,162698535,korea_customs_service,https://apis.data.go.kr/1220000/Itemtrade/getItemtradeList,2026-08-10T15:32:35.026504+00:00
2024-02,3902100000,ALL,,165522394,181249881,2214296,3219122,178030759,korea_customs_service,https://apis.data.go.kr/1220000/Itemtrade/getItemtradeList,2026-08-10T15:32:35.026504+00:00
2024-03,3902100000,ALL,,162269641,185027143,1889624,2383795,182643348,korea_customs_service,https://apis.data.go.kr/1220000/Itemtrade/getItemtradeList,2026-08-10T15:32:35.026504+00:00
2024-04,3902100000,ALL,,169309449,191841256,3216178,4642053,187199203,korea_customs_service,https://apis.data.go.kr/1220000/Itemtrade/getItemtradeList,2026-08-10T15:32:35.026504+00:00
2024-05,3902100000,ALL,,166753327,186131050,2794451,3356993,182774057,korea_customs_service,https://apis.data.go.kr/1220000/Itemtrade/getItemtradeList,2026-08-10T15:32:35.026504+00:00
2024-06,3902100000,ALL,,151722692,168513790,2176533,2845933,165667857,korea_customs_service,https://apis.data.go.kr/1220000/Itemtrade/getItemtradeList,2026-08-10T15:32:35.026504+00:00
2024-07,3902100000,ALL,,154291840,169671025,3177792,4275918,165395107,korea_customs_service,https://apis.data.go.kr/1220000/Itemtrade/getItemtradeList,2026-08-10T15:32:35.026504+00:00
2024-08,3902100000,ALL,,135638941,152227448,3034796,3957918,148269530,korea_customs_service,https://apis.data.go.kr/1220000/Itemtrade/getItemtradeList,2026-08-10T15:32:35.026504+00:00
2024-09,3902100000,ALL,,159521768,173463634,2338459,3196237,170267397,korea_customs_service,https://apis.data.go.kr/1220000/Itemtrade/getItemtradeList,2026-08-10T15:32:35.026504+00:00
2024-10,3902100000,ALL,,168767193,184276326,2633102,3378663,180897663,korea_customs_service,https://apis.data.go.kr/1220000/Itemtrade/getItemtradeList,2026-08-10T15:32:35.026504+00:00
2024-11,3902100000,ALL,,157594512,173868105,2735954,3075422,170792683,korea_customs_service,https://apis.data.go.kr/1220000/Itemtrade/getItemtradeList,2026-08-10T15:32:35.026504+00:00
2024-12,3902100000,ALL,,172309429,187124869,1819986,2846606,184278263,korea_customs_service,https://apis.data.go.kr/1220000/Itemtrade/getItemtradeList,2026-08-10T15:32:35.026504+00:00
2025-01,3902100000,ALL,,123343849,137380365,1876608,2825113,134555252,korea_customs_service,https://apis.data.go.kr/1220000/Itemtrade/getItemtradeList,2026-08-10T15:32:35.314082+00:00
2025-02,3902100000,ALL,,147312625,164006109,2790689,3413900,160592209,korea_customs_service,https://apis.data.go.kr/1220000/Itemtrade/getItemtradeList,2026-08-10T15:32:35.314082+00:00
2025-03,3902100000,ALL,,141443800,161854696,2505688,3244555,158610141,korea_customs_service,https://apis.data.go.kr/1220000/Itemtrade/getItemtradeList,2026-08-10T15:32:35.314082+00:00
2025-04,3902100000,ALL,,177757294,200888151,3172722,3798305,197089846,korea_customs_service,https://apis.data.go.kr/1220000/Itemtrade/getItemtradeList,2026-08-10T15:32:35.314082+00:00
2025-05,3902100000,ALL,,136103961,151203775,3269855,4237065,146966710,korea_customs_service,https://apis.data.go.kr/1220000/Itemtrade/getItemtradeList,2026-08-10T15:32:35.314082+00:00
2025-06,3902100000,ALL,,142471611,154980404,2724964,3593830,151386574,korea_customs_service,https://apis.data.go.kr/1220000/Itemtrade/getItemtradeList,2026-08-10T15:32:35.314082+00:00
2025-07,3902100000,ALL,,182649738,195920431,2963092,4003557,191916874,korea_customs_service,https://apis.data.go.kr/1220000/Itemtrade/getItemtradeList,2026-08-10T15:32:35.314082+00:00
2025-08,3902100000,ALL,,144338226,153607997,2262391,3292686,150315311,korea_customs_service,https://apis.data.go.kr/1220000/Itemtrade/getItemtradeList,2026-08-10T15:32:35.314082+00:00
2025-09,3902100000,ALL,,160926820,172654903,2571995,2889676,169765227,korea_customs_service,https://apis.data.go.kr/1220000/Itemtrade/getItemtradeList,2026-08-10T15:32:35.314082+00:00
2025-10,3902100000,ALL,,135534333,143431523,3586523,4112853,139318670,korea_customs_service,https://apis.data.go.kr/1220000/Itemtrade/getItemtradeList,2026-08-10T15:32:35.314082+00:00
2025-11,3902100000,ALL,,119957266,128246253,2405900,3871137,124375116,korea_customs_service,https://apis.data.go.kr/1220000/Itemtrade/getItemtradeList,2026-08-10T15:32:35.314082+00:00
2025-12,3902100000,ALL,,143814288,148330646,3947826,4647928,143682718,korea_customs_service,https://apis.data.go.kr/1220000/Itemtrade/getItemtradeList,2026-08-10T15:32:35.314082+00:00
2026-01,3902100000,ALL,,146578280,150797251,2826488,3889765,146907486,korea_customs_service,https://apis.data.go.kr/1220000/Itemtrade/getItemtradeList,2026-08-10T15:32:35.592265+00:00
2026-02,3902100000,ALL,,151166247,154921524,1992894,2757637,152163887,korea_customs_service,https://apis.data.go.kr/1220000/Itemtrade/getItemtradeList,2026-08-10T15:32:35.592265+00:00
2026-03,3902100000,ALL,,128027858,144954382,2763469,3923063,141031319,korea_customs_service,https://apis.data.go.kr/1220000/Itemtrade/getItemtradeList,2026-08-10T15:32:35.592265+00:00
2026-04,3902100000,ALL,,109559705,166952616,6119125,9575404,157377212,korea_customs_service,https://apis.data.go.kr/1220000/Itemtrade/getItemtradeList,2026-08-10T15:32:35.592265+00:00
2026-05,3902100000,ALL,,87396591,149372646,7636761,12012660,137359986,korea_customs_service,https://apis.data.go.kr/1220000/Itemtrade/getItemtradeList,2026-08-10T15:32:35.592265+00:00
2026-06,3902100000,ALL,,128873490,197646021,5473576,8924589,188721432,korea_customs_service,https://apis.data.go.kr/1220000/Itemtrade/getItemtradeList,2026-08-10T15:32:35.592265+00:00
2018-01,3904100000,ALL,,46639533,43695574,14661348,12607641,31087933,korea_customs_service,https://apis.data.go.kr/1220000/Itemtrade/getItemtradeList,2026-08-10T15:32:35.719445+00:00
2018-02,3904100000,ALL,,42799561,42661404,9406523,8689936,33971468,korea_customs_service,https://apis.data.go.kr/1220000/Itemtrade/getItemtradeList,2026-08-10T15:32:35.719445+00:00
2018-03,3904100000,ALL,,38089322,38399206,13999933,12928302,25470904,korea_customs_service,https://apis.data.go.kr/1220000/Itemtrade/getItemtradeList,2026-08-10T15:32:35.719445+00:00
2018-04,3904100000,ALL,,50531560,49506397,16238340,14602383,34904014,korea_customs_service,https://apis.data.go.kr/1220000/Itemtrade/getItemtradeList,2026-08-10T15:32:35.719445+00:00
2018-05,3904100000,ALL,,55759183,53564366,10799398,10104875,43459491,korea_customs_service,https://apis.data.go.kr/1220000/Itemtrade/getItemtradeList,2026-08-10T15:32:35.719445+00:00
2018-06,3904100000,ALL,,43413538,41363919,8048005,7691779,33672140,korea_customs_service,https://apis.data.go.kr/1220000/Itemtrade/getItemtradeList,2026-08-10T15:32:35.719445+00:00
2018-07,3904100000,ALL,,46260616,44104310,7124976,6929703,37174607,korea_customs_service,https://apis.data.go.kr/1220000/Itemtrade/getItemtradeList,2026-08-10T15:32:35.719445+00:00
2018-08,3904100000,ALL,,45848080,44371163,4475433,4136538,40234625,korea_customs_service,https://apis.data.go.kr/1220000/Itemtrade/getItemtradeList,2026-08-10T15:32:35.719445+00:00
2018-09,3904100000,ALL,,45716123,43305188,9083587,8443226,34861962,korea_customs_service,https://apis.data.go.kr/1220000/Itemtrade/getItemtradeList,2026-08-10T15:32:35.719445+00:00
2018-10,3904100000,ALL,,61365076,54823294,11944117,10856075,43967219,korea_customs_service,https://apis.data.go.kr/1220000/Itemtrade/getItemtradeList,2026-08-10T15:32:35.719445+00:00
2018-11,3904100000,ALL,,54105094,47570555,9356449,8401269,39169286,korea_customs_service,https://apis.data.go.kr/1220000/Itemtrade/getItemtradeList,2026-08-10T15:32:35.719445+00:00
2018-12,3904100000,ALL,,53852823,47604784,8433266,7427743,40177041,korea_customs_service,https://apis.data.go.kr/1220000/Itemtrade/getItemtradeList,2026-08-10T15:32:35.719445+00:00
2019-01,3904100000,ALL,,63722881,56354614,8066886,7303097,49051517,korea_customs_service,https://apis.data.go.kr/1220000/Itemtrade/getItemtradeList,2026-08-10T15:32:36.075204+00:00
2019-02,3904100000,ALL,,48611983,43553977,5614446,5421360,38132617,korea_customs_service,https://apis.data.go.kr/1220000/Itemtrade/getItemtradeList,2026-08-10T15:32:36.075204+00:00
2019-03,3904100000,ALL,,42657789,37330800,11003078,9569202,27761598,korea_customs_service,https://apis.data.go.kr/1220000/Itemtrade/getItemtradeList,2026-08-10T15:32:36.075204+00:00
2019-04,3904100000,ALL,,48177303,41780118,9094635,8515914,33264204,korea_customs_service,https://apis.data.go.kr/1220000/Itemtrade/getItemtradeList,2026-08-10T15:32:36.075204+00:00
2019-05,3904100000,ALL,,50253199,41862494,8904767,8137412,33725082,korea_customs_service,https://apis.data.go.kr/1220000/Itemtrade/getItemtradeList,2026-08-10T15:32:36.075204+00:00
2019-06,3904100000,ALL,,28565079,24250027,7641667,6678200,17571827,korea_customs_service,https://apis.data.go.kr/1220000/Itemtrade/getItemtradeList,2026-08-10T15:32:36.075204+00:00
2019-07,3904100000,ALL,,22428113,19995813,9970244,9290685,10705128,korea_customs_service,https://apis.data.go.kr/1220000/Itemtrade/getItemtradeList,2026-08-10T15:32:36.075204+00:00
2019-08,3904100000,ALL,,30730356,27102604,5568387,5627440,21475164,korea_customs_service,https://apis.data.go.kr/1220000/Itemtrade/getItemtradeList,2026-08-10T15:32:36.075204+00:00
2019-09,3904100000,ALL,,35684093,31490638,8831544,7989318,23501320,korea_customs_service,https://apis.data.go.kr/1220000/Itemtrade/getItemtradeList,2026-08-10T15:32:36.075204+00:00
2019-10,3904100000,ALL,,29193245,25315719,9473025,8482564,16833155,korea_customs_service,https://apis.data.go.kr/1220000/Itemtrade/getItemtradeList,2026-08-10T15:32:36.075204+00:00
2019-11,3904100000,ALL,,27417122,23381036,8211838,7406051,15974985,korea_customs_service,https://apis.data.go.kr/1220000/Itemtrade/getItemtradeList,2026-08-10T15:32:36.075204+00:00
2019-12,3904100000,ALL,,39457987,32329583,6491990,5732617,26596966,korea_customs_service,https://apis.data.go.kr/1220000/Itemtrade/getItemtradeList,2026-08-10T15:32:36.075204+00:00
2020-01,3904100000,ALL,,40865553,33662426,7582642,6674860,26987566,korea_customs_service,https://apis.data.go.kr/1220000/Itemtrade/getItemtradeList,2026-08-10T15:32:36.426807+00:00
2020-02,3904100000,ALL,,42183963,35341458,9861793,8381774,26959684,korea_customs_service,https://apis.data.go.kr/1220000/Itemtrade/getItemtradeList,2026-08-10T15:32:36.426807+00:00
2020-03,3904100000,ALL,,43889324,37764534,10262138,9492629,28271905,korea_customs_service,https://apis.data.go.kr/1220000/Itemtrade/getItemtradeList,2026-08-10T15:32:36.426807+00:00
2020-04,3904100000,ALL,,45262330,31324202,3718233,3628610,27695592,korea_customs_service,https://apis.data.go.kr/1220000/Itemtrade/getItemtradeList,2026-08-10T15:32:36.426807+00:00
2020-05,3904100000,ALL,,51510626,33233445,6329238,5641886,27591559,korea_customs_service,https://apis.data.go.kr/1220000/Itemtrade/getItemtradeList,2026-08-10T15:32:36.426807+00:00
2020-06,3904100000,ALL,,40436807,28581939,6747805,6233898,22348041,korea_customs_service,https://apis.data.go.kr/1220000/Itemtrade/getItemtradeList,2026-08-10T15:32:36.426807+00:00
2020-07,3904100000,ALL,,49316925,38161680,14675040,10809436,27352244,korea_customs_service,https://apis.data.go.kr/1220000/Itemtrade/getItemtradeList,2026-08-10T15:32:36.426807+00:00
2020-08,3904100000,ALL,,52252196,43799895,5358034,4527116,39272779,korea_customs_service,https://apis.data.go.kr/1220000/Itemtrade/getItemtradeList,2026-08-10T15:32:36.426807+00:00
2020-09,3904100000,ALL,,46863478,42461257,7019524,5584309,36876948,korea_customs_service,https://apis.data.go.kr/1220000/Itemtrade/getItemtradeList,2026-08-10T15:32:36.426807+00:00
2020-10,3904100000,ALL,,48719775,48498995,7532412,5664333,42834662,korea_customs_service,https://apis.data.go.kr/1220000/Itemtrade/getItemtradeList,2026-08-10T15:32:36.426807+00:00
2020-11,3904100000,ALL,,38562060,42026062,5705310,4514234,37511828,korea_customs_service,https://apis.data.go.kr/1220000/Itemtrade/getItemtradeList,2026-08-10T15:32:36.426807+00:00
2020-12,3904100000,ALL,,39095718,44617108,2275171,2171620,42445488,korea_customs_service,https://apis.data.go.kr/1220000/Itemtrade/getItemtradeList,2026-08-10T15:32:36.426807+00:00
2021-01,3904100000,ALL,,54575372,71505743,1518171,2074337,69431406,korea_customs_service,https://apis.data.go.kr/1220000/Itemtrade/getItemtradeList,2026-08-10T15:32:36.747641+00:00
2021-02,3904100000,ALL,,44387396,59529999,1925275,2544333,56985666,korea_customs_service,https://apis.data.go.kr/1220000/Itemtrade/getItemtradeList,2026-08-10T15:32:36.747641+00:00
2021-03,3904100000,ALL,,51574470,70005555,2434329,3367175,66638380,korea_customs_service,https://apis.data.go.kr/1220000/Itemtrade/getItemtradeList,2026-08-10T15:32:36.747641+00:00
2021-04,3904100000,ALL,,37084481,54965245,2965788,4065206,50900039,korea_customs_service,https://apis.data.go.kr/1220000/Itemtrade/getItemtradeList,2026-08-10T15:32:36.747641+00:00
2021-05,3904100000,ALL,,23850710,37791031,2743181,4668004,33123027,korea_customs_service,https://apis.data.go.kr/1220000/Itemtrade/getItemtradeList,2026-08-10T15:32:36.747641+00:00
2021-06,3904100000,ALL,,40182473,58528276,5221884,8576158,49952118,korea_customs_service,https://apis.data.go.kr/1220000/Itemtrade/getItemtradeList,2026-08-10T15:32:36.747641+00:00
2021-07,3904100000,ALL,,59926857,76148325,3256880,5049956,71098369,korea_customs_service,https://apis.data.go.kr/1220000/Itemtrade/getItemtradeList,2026-08-10T15:32:36.747641+00:00
2021-08,3904100000,ALL,,48531426,61920237,2854745,4716972,57203265,korea_customs_service,https://apis.data.go.kr/1220000/Itemtrade/getItemtradeList,2026-08-10T15:32:36.747641+00:00
2021-09,3904100000,ALL,,48594354,66735661,2824698,4830031,61905630,korea_customs_service,https://apis.data.go.kr/1220000/Itemtrade/getItemtradeList,2026-08-10T15:32:36.747641+00:00
2021-10,3904100000,ALL,,43304628,68525870,2040020,3339238,65186632,korea_customs_service,https://apis.data.go.kr/1220000/Itemtrade/getItemtradeList,2026-08-10T15:32:36.747641+00:00
2021-11,3904100000,ALL,,30539286,54819977,2529085,4155377,50664600,korea_customs_service,https://apis.data.go.kr/1220000/Itemtrade/getItemtradeList,2026-08-10T15:32:36.747641+00:00
2021-12,3904100000,ALL,,47116470,75882843,3202053,5380450,70502393,korea_customs_service,https://apis.data.go.kr/1220000/Itemtrade/getItemtradeList,2026-08-10T15:32:36.747641+00:00
2022-01,3904100000,ALL,,61514237,85599976,2843310,4711517,80888459,korea_customs_service,https://apis.data.go.kr/1220000/Itemtrade/getItemtradeList,2026-08-10T15:32:37.076304+00:00
2022-02,3904100000,ALL,,52547433,69197937,2785378,5094662,64103275,korea_customs_service,https://apis.data.go.kr/1220000/Itemtrade/getItemtradeList,2026-08-10T15:32:37.076304+00:00
2022-03,3904100000,ALL,,55832288,76497044,4086426,7119842,69377202,korea_customs_service,https://apis.data.go.kr/1220000/Itemtrade/getItemtradeList,2026-08-10T15:32:37.076304+00:00
2022-04,3904100000,ALL,,43189217,62925659,1725711,3090503,59835156,korea_customs_service,https://apis.data.go.kr/1220000/Itemtrade/getItemtradeList,2026-08-10T15:32:37.076304+00:00
2022-05,3904100000,ALL,,51084876,71862447,2280808,3688643,68173804,korea_customs_service,https://apis.data.go.kr/1220000/Itemtrade/getItemtradeList,2026-08-10T15:32:37.076304+00:00
2022-06,3904100000,ALL,,46179835,58410371,2229425,3256022,55154349,korea_customs_service,https://apis.data.go.kr/1220000/Itemtrade/getItemtradeList,2026-08-10T15:32:37.076304+00:00
2022-07,3904100000,ALL,,41191196,48107309,4191576,5578103,42529206,korea_customs_service,https://apis.data.go.kr/1220000/Itemtrade/getItemtradeList,2026-08-10T15:32:37.076304+00:00
2022-08,3904100000,ALL,,49786206,44448541,5217946,5883180,38565361,korea_customs_service,https://apis.data.go.kr/1220000/Itemtrade/getItemtradeList,2026-08-10T15:32:37.076304+00:00
2022-09,3904100000,ALL,,42708047,36882131,1517730,2159155,34722976,korea_customs_service,https://apis.data.go.kr/1220000/Itemtrade/getItemtradeList,2026-08-10T15:32:37.076304+00:00
2022-10,3904100000,ALL,,36638549,28222774,2903057,3289650,24933124,korea_customs_service,https://apis.data.go.kr/1220000/Itemtrade/getItemtradeList,2026-08-10T15:32:37.076304+00:00
2022-11,3904100000,ALL,,26787847,20110580,3906446,4265037,15845543,korea_customs_service,https://apis.data.go.kr/1220000/Itemtrade/getItemtradeList,2026-08-10T15:32:37.076304+00:00
2022-12,3904100000,ALL,,47346469,30075261,2081190,2123658,27951603,korea_customs_service,https://apis.data.go.kr/1220000/Itemtrade/getItemtradeList,2026-08-10T15:32:37.076304+00:00
2023-01,3904100000,ALL,,56256902,44193013,2108384,1886757,42306256,korea_customs_service,https://apis.data.go.kr/1220000/Itemtrade/getItemtradeList,2026-08-10T15:32:37.365129+00:00
2023-02,3904100000,ALL,,50103700,46541962,2511100,2199331,44342631,korea_customs_service,https://apis.data.go.kr/1220000/Itemtrade/getItemtradeList,2026-08-10T15:32:37.365129+00:00
2023-03,3904100000,ALL,,63711436,58709729,2699872,2614810,56094919,korea_customs_service,https://apis.data.go.kr/1220000/Itemtrade/getItemtradeList,2026-08-10T15:32:37.365129+00:00
2023-04,3904100000,ALL,,62259397,52283353,2703887,2757443,49525910,korea_customs_service,https://apis.data.go.kr/1220000/Itemtrade/getItemtradeList,2026-08-10T15:32:37.365129+00:00
2023-05,3904100000,ALL,,59857866,49702050,2451846,2401265,47300785,korea_customs_service,https://apis.data.go.kr/1220000/Itemtrade/getItemtradeList,2026-08-10T15:32:37.365129+00:00
2023-06,3904100000,ALL,,57176804,44592443,2913855,2662569,41929874,korea_customs_service,https://apis.data.go.kr/1220000/Itemtrade/getItemtradeList,2026-08-10T15:32:37.365129+00:00
2023-07,3904100000,ALL,,56136042,43094394,2975380,2788520,40305874,korea_customs_service,https://apis.data.go.kr/1220000/Itemtrade/getItemtradeList,2026-08-10T15:32:37.365129+00:00
2023-08,3904100000,ALL,,54297551,43083821,2919326,2562353,40521468,korea_customs_service,https://apis.data.go.kr/1220000/Itemtrade/getItemtradeList,2026-08-10T15:32:37.365129+00:00
2023-09,3904100000,ALL,,43203217,37218955,3605829,3206229,34012726,korea_customs_service,https://apis.data.go.kr/1220000/Itemtrade/getItemtradeList,2026-08-10T15:32:37.365129+00:00
2023-10,3904100000,ALL,,57104822,45328025,3330940,2965624,42362401,korea_customs_service,https://apis.data.go.kr/1220000/Itemtrade/getItemtradeList,2026-08-10T15:32:37.365129+00:00
2023-11,3904100000,ALL,,61980855,46752076,2765789,2545961,44206115,korea_customs_service,https://apis.data.go.kr/1220000/Itemtrade/getItemtradeList,2026-08-10T15:32:37.365129+00:00
2023-12,3904100000,ALL,,61555876,47047786,1929172,1785673,45262113,korea_customs_service,https://apis.data.go.kr/1220000/Itemtrade/getItemtradeList,2026-08-10T15:32:37.365129+00:00
2024-01,3904100000,ALL,,62112378,46226259,3445997,3116863,43109396,korea_customs_service,https://apis.data.go.kr/1220000/Itemtrade/getItemtradeList,2026-08-10T15:32:37.657779+00:00
2024-02,3904100000,ALL,,55258068,42345292,2333967,1883540,40461752,korea_customs_service,https://apis.data.go.kr/1220000/Itemtrade/getItemtradeList,2026-08-10T15:32:37.657779+00:00
2024-03,3904100000,ALL,,56351492,44329847,3681321,3235163,41094684,korea_customs_service,https://apis.data.go.kr/1220000/Itemtrade/getItemtradeList,2026-08-10T15:32:37.657779+00:00
2024-04,3904100000,ALL,,56562365,44312603,3635917,3413659,40898944,korea_customs_service,https://apis.data.go.kr/1220000/Itemtrade/getItemtradeList,2026-08-10T15:32:37.657779+00:00
2024-05,3904100000,ALL,,57396819,44152666,3911098,3867378,40285288,korea_customs_service,https://apis.data.go.kr/1220000/Itemtrade/getItemtradeList,2026-08-10T15:32:37.657779+00:00
2024-06,3904100000,ALL,,37852012,31602614,2896535,2739570,28863044,korea_customs_service,https://apis.data.go.kr/1220000/Itemtrade/getItemtradeList,2026-08-10T15:32:37.657779+00:00
2024-07,3904100000,ALL,,42534531,34609433,3058129,2599401,32010032,korea_customs_service,https://apis.data.go.kr/1220000/Itemtrade/getItemtradeList,2026-08-10T15:32:37.657779+00:00
2024-08,3904100000,ALL,,44175886,33023040,3940264,3509439,29513601,korea_customs_service,https://apis.data.go.kr/1220000/Itemtrade/getItemtradeList,2026-08-10T15:32:37.657779+00:00
2024-09,3904100000,ALL,,57035373,41299597,2093365,1832923,39466674,korea_customs_service,https://apis.data.go.kr/1220000/Itemtrade/getItemtradeList,2026-08-10T15:32:37.657779+00:00
2024-10,3904100000,ALL,,62666875,45450307,3237807,2987433,42462874,korea_customs_service,https://apis.data.go.kr/1220000/Itemtrade/getItemtradeList,2026-08-10T15:32:37.657779+00:00
2024-11,3904100000,ALL,,51849399,37212233,3234152,2689854,34522379,korea_customs_service,https://apis.data.go.kr/1220000/Itemtrade/getItemtradeList,2026-08-10T15:32:37.657779+00:00
2024-12,3904100000,ALL,,48199526,35605265,2631196,2275821,33329444,korea_customs_service,https://apis.data.go.kr/1220000/Itemtrade/getItemtradeList,2026-08-10T15:32:37.657779+00:00
2025-01,3904100000,ALL,,50478539,36803026,2922938,2557959,34245067,korea_customs_service,https://apis.data.go.kr/1220000/Itemtrade/getItemtradeList,2026-08-10T15:32:37.955386+00:00
2025-02,3904100000,ALL,,57189650,40525314,3243112,2654137,37871177,korea_customs_service,https://apis.data.go.kr/1220000/Itemtrade/getItemtradeList,2026-08-10T15:32:37.955386+00:00
2025-03,3904100000,ALL,,41079608,30115318,7233714,6014354,24100964,korea_customs_service,https://apis.data.go.kr/1220000/Itemtrade/getItemtradeList,2026-08-10T15:32:37.955386+00:00
2025-04,3904100000,ALL,,53340024,38510265,5512510,4357816,34152449,korea_customs_service,https://apis.data.go.kr/1220000/Itemtrade/getItemtradeList,2026-08-10T15:32:37.955386+00:00
2025-05,3904100000,ALL,,46087044,31889408,4401278,3498413,28390995,korea_customs_service,https://apis.data.go.kr/1220000/Itemtrade/getItemtradeList,2026-08-10T15:32:37.955386+00:00
2025-06,3904100000,ALL,,49718686,34688407,9497171,7111710,27576697,korea_customs_service,https://apis.data.go.kr/1220000/Itemtrade/getItemtradeList,2026-08-10T15:32:37.955386+00:00
2025-07,3904100000,ALL,,63204375,44391989,8688921,6690576,37701413,korea_customs_service,https://apis.data.go.kr/1220000/Itemtrade/getItemtradeList,2026-08-10T15:32:37.955386+00:00
2025-08,3904100000,ALL,,55752382,39487209,5508483,4089143,35398066,korea_customs_service,https://apis.data.go.kr/1220000/Itemtrade/getItemtradeList,2026-08-10T15:32:37.955386+00:00
2025-09,3904100000,ALL,,60290197,42538516,7261886,5471415,37067101,korea_customs_service,https://apis.data.go.kr/1220000/Itemtrade/getItemtradeList,2026-08-10T15:32:37.955386+00:00
2025-10,3904100000,ALL,,42641121,30064826,7281194,5661049,24403777,korea_customs_service,https://apis.data.go.kr/1220000/Itemtrade/getItemtradeList,2026-08-10T15:32:37.955386+00:00
2025-11,3904100000,ALL,,48748400,33195532,8014796,6292174,26903358,korea_customs_service,https://apis.data.go.kr/1220000/Itemtrade/getItemtradeList,2026-08-10T15:32:37.955386+00:00
2025-12,3904100000,ALL,,85234312,52922020,7458490,5469589,47452431,korea_customs_service,https://apis.data.go.kr/1220000/Itemtrade/getItemtradeList,2026-08-10T15:32:37.955386+00:00
2026-01,3904100000,ALL,,78762458,48941214,7037116,4749988,44191226,korea_customs_service,https://apis.data.go.kr/1220000/Itemtrade/getItemtradeList,2026-08-10T15:32:38.236525+00:00
2026-02,3904100000,ALL,,69112014,46165376,8143045,5559982,40605394,korea_customs_service,https://apis.data.go.kr/1220000/Itemtrade/getItemtradeList,2026-08-10T15:32:38.236525+00:00
2026-03,3904100000,ALL,,65914975,49646940,13026997,8955704,40691236,korea_customs_service,https://apis.data.go.kr/1220000/Itemtrade/getItemtradeList,2026-08-10T15:32:38.236525+00:00
2026-04,3904100000,ALL,,61120246,63844434,6103390,5284286,58560148,korea_customs_service,https://apis.data.go.kr/1220000/Itemtrade/getItemtradeList,2026-08-10T15:32:38.236525+00:00
2026-05,3904100000,ALL,,46743557,45821070,9468620,9136630,36684440,korea_customs_service,https://apis.data.go.kr/1220000/Itemtrade/getItemtradeList,2026-08-10T15:32:38.236525+00:00
2026-06,3904100000,ALL,,47331704,42197298,8717564,8415808,33781490,korea_customs_service,https://apis.data.go.kr/1220000/Itemtrade/getItemtradeList,2026-08-10T15:32:38.236525+00:00
2023-01,3909500000,ALL,,5634059,25032124,1849301,9277119,15755005,korea_customs_service,https://apis.data.go.kr/1220000/Itemtrade/getItemtradeList,2026-08-10T12:44:27.521247+00:00
2023-02,3909500000,ALL,,7367936,30508938,1700475,8239336,22269602,korea_customs_service,https://apis.data.go.kr/1220000/Itemtrade/getItemtradeList,2026-08-10T12:44:27.521247+00:00
2023-03,3909500000,ALL,,7225959,29760089,2584447,11821047,17939042,korea_customs_service,https://apis.data.go.kr/1220000/Itemtrade/getItemtradeList,2026-08-10T12:44:27.521247+00:00
2023-04,3909500000,ALL,,6374884,28321732,2022420,9187125,19134607,korea_customs_service,https://apis.data.go.kr/1220000/Itemtrade/getItemtradeList,2026-08-10T12:44:27.521247+00:00
2023-05,3909500000,ALL,,6243795,25656204,2845046,12239216,13416988,korea_customs_service,https://apis.data.go.kr/1220000/Itemtrade/getItemtradeList,2026-08-10T12:44:27.521247+00:00
2023-06,3909500000,ALL,,6602309,27396981,2759368,11194760,16202221,korea_customs_service,https://apis.data.go.kr/1220000/Itemtrade/getItemtradeList,2026-08-10T12:44:27.521247+00:00
2023-07,3909500000,ALL,,5955833,25388917,2331630,9980072,15408845,korea_customs_service,https://apis.data.go.kr/1220000/Itemtrade/getItemtradeList,2026-08-10T12:44:27.521247+00:00
2023-08,3909500000,ALL,,5580170,24160526,2121809,10738664,13421862,korea_customs_service,https://apis.data.go.kr/1220000/Itemtrade/getItemtradeList,2026-08-10T12:44:27.521247+00:00
2023-09,3909500000,ALL,,5718753,25444522,2118355,10200134,15244388,korea_customs_service,https://apis.data.go.kr/1220000/Itemtrade/getItemtradeList,2026-08-10T12:44:27.521247+00:00
2023-10,3909500000,ALL,,6310783,27968385,2043115,9407395,18560990,korea_customs_service,https://apis.data.go.kr/1220000/Itemtrade/getItemtradeList,2026-08-10T12:44:27.521247+00:00
2023-11,3909500000,ALL,,6017758,28187039,2316958,10778685,17408354,korea_customs_service,https://apis.data.go.kr/1220000/Itemtrade/getItemtradeList,2026-08-10T12:44:27.521247+00:00
2023-12,3909500000,ALL,,5276742,24437121,2183902,9792269,14644852,korea_customs_service,https://apis.data.go.kr/1220000/Itemtrade/getItemtradeList,2026-08-10T12:44:27.521247+00:00
2024-01,3909500000,ALL,,6704488,28595130,2354809,10881389,17713741,korea_customs_service,https://apis.data.go.kr/1220000/Itemtrade/getItemtradeList,2026-08-10T12:44:27.818142+00:00
2024-02,3909500000,ALL,,6208556,26591554,1794138,8306237,18285317,korea_customs_service,https://apis.data.go.kr/1220000/Itemtrade/getItemtradeList,2026-08-10T12:44:27.818142+00:00
2024-03,3909500000,ALL,,5462477,23900597,2425355,11343755,12556842,korea_customs_service,https://apis.data.go.kr/1220000/Itemtrade/getItemtradeList,2026-08-10T12:44:27.818142+00:00
2024-04,3909500000,ALL,,6427841,27144175,2466034,11380794,15763381,korea_customs_service,https://apis.data.go.kr/1220000/Itemtrade/getItemtradeList,2026-08-10T12:44:27.818142+00:00
2024-05,3909500000,ALL,,6349867,27268841,2340533,11320070,15948771,korea_customs_service,https://apis.data.go.kr/1220000/Itemtrade/getItemtradeList,2026-08-10T12:44:27.818142+00:00
2024-06,3909500000,ALL,,5696862,25606179,2501143,12048118,13558061,korea_customs_service,https://apis.data.go.kr/1220000/Itemtrade/getItemtradeList,2026-08-10T12:44:27.818142+00:00
2024-07,3909500000,ALL,,6868331,28944761,3336111,13348807,15595954,korea_customs_service,https://apis.data.go.kr/1220000/Itemtrade/getItemtradeList,2026-08-10T12:44:27.818142+00:00
2024-08,3909500000,ALL,,6009543,25460047,2570927,9917165,15542882,korea_customs_service,https://apis.data.go.kr/1220000/Itemtrade/getItemtradeList,2026-08-10T12:44:27.818142+00:00
2024-09,3909500000,ALL,,5361435,23052694,2794492,11078128,11974566,korea_customs_service,https://apis.data.go.kr/1220000/Itemtrade/getItemtradeList,2026-08-10T12:44:27.818142+00:00
2024-10,3909500000,ALL,,6341770,27147958,2162792,9219753,17928205,korea_customs_service,https://apis.data.go.kr/1220000/Itemtrade/getItemtradeList,2026-08-10T12:44:27.818142+00:00
2024-11,3909500000,ALL,,5603284,24232658,1982729,8572798,15659860,korea_customs_service,https://apis.data.go.kr/1220000/Itemtrade/getItemtradeList,2026-08-10T12:44:27.818142+00:00
2024-12,3909500000,ALL,,5520623,24650534,2532448,11844557,12805977,korea_customs_service,https://apis.data.go.kr/1220000/Itemtrade/getItemtradeList,2026-08-10T12:44:27.818142+00:00
2025-01,3909500000,ALL,,4825243,20448301,2295547,10742987,9705314,korea_customs_service,https://apis.data.go.kr/1220000/Itemtrade/getItemtradeList,2026-08-10T12:44:28.108561+00:00
2025-02,3909500000,ALL,,6116361,25605893,2071649,9815886,15790007,korea_customs_service,https://apis.data.go.kr/1220000/Itemtrade/getItemtradeList,2026-08-10T12:44:28.108561+00:00
2025-03,3909500000,ALL,,5595254,25467052,2130923,9121286,16345766,korea_customs_service,https://apis.data.go.kr/1220000/Itemtrade/getItemtradeList,2026-08-10T12:44:28.108561+00:00
2025-04,3909500000,ALL,,6278851,25406701,3142650,12819599,12587102,korea_customs_service,https://apis.data.go.kr/1220000/Itemtrade/getItemtradeList,2026-08-10T12:44:28.108561+00:00
2025-05,3909500000,ALL,,5500272,21227522,2774505,11534988,9692534,korea_customs_service,https://apis.data.go.kr/1220000/Itemtrade/getItemtradeList,2026-08-10T12:44:28.108561+00:00
2025-06,3909500000,ALL,,5215125,21738872,2919593,12325323,9413549,korea_customs_service,https://apis.data.go.kr/1220000/Itemtrade/getItemtradeList,2026-08-10T12:44:28.108561+00:00
2025-07,3909500000,ALL,,6609459,26731456,2731024,11050106,15681350,korea_customs_service,https://apis.data.go.kr/1220000/Itemtrade/getItemtradeList,2026-08-10T12:44:28.108561+00:00
2025-08,3909500000,ALL,,5665464,23231329,2623749,10345892,12885437,korea_customs_service,https://apis.data.go.kr/1220000/Itemtrade/getItemtradeList,2026-08-10T12:44:28.108561+00:00
2025-09,3909500000,ALL,,6774807,27946288,3234195,13026288,14920000,korea_customs_service,https://apis.data.go.kr/1220000/Itemtrade/getItemtradeList,2026-08-10T12:44:28.108561+00:00
2025-10,3909500000,ALL,,5654932,21835195,2265587,9789002,12046193,korea_customs_service,https://apis.data.go.kr/1220000/Itemtrade/getItemtradeList,2026-08-10T12:44:28.108561+00:00
2025-11,3909500000,ALL,,5576693,22966774,1755267,7331033,15635741,korea_customs_service,https://apis.data.go.kr/1220000/Itemtrade/getItemtradeList,2026-08-10T12:44:28.108561+00:00
2025-12,3909500000,ALL,,5989739,26407801,2187654,10255220,16152581,korea_customs_service,https://apis.data.go.kr/1220000/Itemtrade/getItemtradeList,2026-08-10T12:44:28.108561+00:00
2026-01,3909500000,ALL,,6285414,24322926,1827492,8246390,16076536,korea_customs_service,https://apis.data.go.kr/1220000/Itemtrade/getItemtradeList,2026-08-10T12:44:28.414361+00:00
2026-02,3909500000,ALL,,4681405,19368256,1450667,7343769,12024487,korea_customs_service,https://apis.data.go.kr/1220000/Itemtrade/getItemtradeList,2026-08-10T12:44:28.414361+00:00
2026-03,3909500000,ALL,,6253807,26709928,2484797,10056822,16653106,korea_customs_service,https://apis.data.go.kr/1220000/Itemtrade/getItemtradeList,2026-08-10T12:44:28.414361+00:00
2026-04,3909500000,ALL,,7140241,29759336,3373528,12745191,17014145,korea_customs_service,https://apis.data.go.kr/1220000/Itemtrade/getItemtradeList,2026-08-10T12:44:28.414361+00:00
2026-05,3909500000,ALL,,5517733,23892656,2416355,9615055,14277601,korea_customs_service,https://apis.data.go.kr/1220000/Itemtrade/getItemtradeList,2026-08-10T12:44:28.414361+00:00
2026-06,3909500000,ALL,,5799793,26944420,2660604,11547469,15396951,korea_customs_service,https://apis.data.go.kr/1220000/Itemtrade/getItemtradeList,2026-08-10T12:44:28.414361+00:00
2023-01,3912311000,ALL,,17345,154593,298674,1563664,-1409071,korea_customs_service,https://apis.data.go.kr/1220000/Itemtrade/getItemtradeList,2026-08-10T12:44:28.520970+00:00
2023-02,3912311000,ALL,,31868,245456,261400,1193573,-948117,korea_customs_service,https://apis.data.go.kr/1220000/Itemtrade/getItemtradeList,2026-08-10T12:44:28.520970+00:00
2023-03,3912311000,ALL,,25201,175437,477550,1965923,-1790486,korea_customs_service,https://apis.data.go.kr/1220000/Itemtrade/getItemtradeList,2026-08-10T12:44:28.520970+00:00
2023-04,3912311000,ALL,,36288,255858,233574,1536799,-1280941,korea_customs_service,https://apis.data.go.kr/1220000/Itemtrade/getItemtradeList,2026-08-10T12:44:28.520970+00:00
2023-05,3912311000,ALL,,19776,146099,301520,1247529,-1101430,korea_customs_service,https://apis.data.go.kr/1220000/Itemtrade/getItemtradeList,2026-08-10T12:44:28.520970+00:00
2023-06,3912311000,ALL,,26420,152343,396522,1926501,-1774158,korea_customs_service,https://apis.data.go.kr/1220000/Itemtrade/getItemtradeList,2026-08-10T12:44:28.520970+00:00
2023-07,3912311000,ALL,,31231,226732,385329,1737016,-1510284,korea_customs_service,https://apis.data.go.kr/1220000/Itemtrade/getItemtradeList,2026-08-10T12:44:28.520970+00:00
2023-08,3912311000,ALL,,25370,181132,291175,1242628,-1061496,korea_customs_service,https://apis.data.go.kr/1220000/Itemtrade/getItemtradeList,2026-08-10T12:44:28.520970+00:00
2023-09,3912311000,ALL,,27820,230574,266248,1181194,-950620,korea_customs_service,https://apis.data.go.kr/1220000/Itemtrade/getItemtradeList,2026-08-10T12:44:28.520970+00:00
2023-10,3912311000,ALL,,41922,296126,265954,1139471,-843345,korea_customs_service,https://apis.data.go.kr/1220000/Itemtrade/getItemtradeList,2026-08-10T12:44:28.520970+00:00
2023-11,3912311000,ALL,,24842,202869,282799,1072264,-869395,korea_customs_service,https://apis.data.go.kr/1220000/Itemtrade/getItemtradeList,2026-08-10T12:44:28.520970+00:00
2023-12,3912311000,ALL,,22568,152465,532559,1813087,-1660622,korea_customs_service,https://apis.data.go.kr/1220000/Itemtrade/getItemtradeList,2026-08-10T12:44:28.520970+00:00
2024-01,3912311000,ALL,,24180,211053,317561,1101858,-890805,korea_customs_service,https://apis.data.go.kr/1220000/Itemtrade/getItemtradeList,2026-08-10T12:44:28.824441+00:00
2024-02,3912311000,ALL,,20568,151293,376598,1564727,-1413434,korea_customs_service,https://apis.data.go.kr/1220000/Itemtrade/getItemtradeList,2026-08-10T12:44:28.824441+00:00
2024-03,3912311000,ALL,,49995,318397,325106,1383865,-1065468,korea_customs_service,https://apis.data.go.kr/1220000/Itemtrade/getItemtradeList,2026-08-10T12:44:28.824441+00:00
2024-04,3912311000,ALL,,23251,212056,282270,912963,-700907,korea_customs_service,https://apis.data.go.kr/1220000/Itemtrade/getItemtradeList,2026-08-10T12:44:28.824441+00:00
2024-05,3912311000,ALL,,21947,198370,320037,1528080,-1329710,korea_customs_service,https://apis.data.go.kr/1220000/Itemtrade/getItemtradeList,2026-08-10T12:44:28.824441+00:00
2024-06,3912311000,ALL,,11474,111513,217085,908220,-796707,korea_customs_service,https://apis.data.go.kr/1220000/Itemtrade/getItemtradeList,2026-08-10T12:44:28.824441+00:00
2024-07,3912311000,ALL,,29033,222619,290688,980230,-757611,korea_customs_service,https://apis.data.go.kr/1220000/Itemtrade/getItemtradeList,2026-08-10T12:44:28.824441+00:00
2024-08,3912311000,ALL,,20103,194252,282379,1138736,-944484,korea_customs_service,https://apis.data.go.kr/1220000/Itemtrade/getItemtradeList,2026-08-10T12:44:28.824441+00:00
2024-09,3912311000,ALL,,27714,221218,191742,779432,-558214,korea_customs_service,https://apis.data.go.kr/1220000/Itemtrade/getItemtradeList,2026-08-10T12:44:28.824441+00:00
2024-10,3912311000,ALL,,6233,87441,327100,1299046,-1211605,korea_customs_service,https://apis.data.go.kr/1220000/Itemtrade/getItemtradeList,2026-08-10T12:44:28.824441+00:00
2024-11,3912311000,ALL,,29567,146665,266310,1071022,-924357,korea_customs_service,https://apis.data.go.kr/1220000/Itemtrade/getItemtradeList,2026-08-10T12:44:28.824441+00:00
2024-12,3912311000,ALL,,27725,233476,462467,1649736,-1416260,korea_customs_service,https://apis.data.go.kr/1220000/Itemtrade/getItemtradeList,2026-08-10T12:44:28.824441+00:00
2025-01,3912311000,ALL,,6742,95865,338107,1384647,-1288782,korea_customs_service,https://apis.data.go.kr/1220000/Itemtrade/getItemtradeList,2026-08-10T12:44:29.133579+00:00
2025-02,3912311000,ALL,,21542,150473,188456,1018062,-867589,korea_customs_service,https://apis.data.go.kr/1220000/Itemtrade/getItemtradeList,2026-08-10T12:44:29.133579+00:00
2025-03,3912311000,ALL,,44379,249450,287882,1254179,-1004729,korea_customs_service,https://apis.data.go.kr/1220000/Itemtrade/getItemtradeList,2026-08-10T12:44:29.133579+00:00
2025-04,3912311000,ALL,,61180,409843,399431,1508142,-1098299,korea_customs_service,https://apis.data.go.kr/1220000/Itemtrade/getItemtradeList,2026-08-10T12:44:29.133579+00:00
2025-05,3912311000,ALL,,49079,273183,389538,1497536,-1224353,korea_customs_service,https://apis.data.go.kr/1220000/Itemtrade/getItemtradeList,2026-08-10T12:44:29.133579+00:00
2025-06,3912311000,ALL,,28056,198081,414413,1725526,-1527445,korea_customs_service,https://apis.data.go.kr/1220000/Itemtrade/getItemtradeList,2026-08-10T12:44:29.133579+00:00
2025-07,3912311000,ALL,,11412,107824,449695,1838365,-1730541,korea_customs_service,https://apis.data.go.kr/1220000/Itemtrade/getItemtradeList,2026-08-10T12:44:29.133579+00:00
2025-08,3912311000,ALL,,34189,251723,310127,1134420,-882697,korea_customs_service,https://apis.data.go.kr/1220000/Itemtrade/getItemtradeList,2026-08-10T12:44:29.133579+00:00
2025-09,3912311000,ALL,,26194,197557,370620,1409105,-1211548,korea_customs_service,https://apis.data.go.kr/1220000/Itemtrade/getItemtradeList,2026-08-10T12:44:29.133579+00:00
2025-10,3912311000,ALL,,23683,192239,337233,1289554,-1097315,korea_customs_service,https://apis.data.go.kr/1220000/Itemtrade/getItemtradeList,2026-08-10T12:44:29.133579+00:00
2025-11,3912311000,ALL,,49547,281855,263399,964060,-682205,korea_customs_service,https://apis.data.go.kr/1220000/Itemtrade/getItemtradeList,2026-08-10T12:44:29.133579+00:00
2025-12,3912311000,ALL,,26555,222929,477044,1766125,-1543196,korea_customs_service,https://apis.data.go.kr/1220000/Itemtrade/getItemtradeList,2026-08-10T12:44:29.133579+00:00
2026-01,3912311000,ALL,,10018,138241,321972,1457329,-1319088,korea_customs_service,https://apis.data.go.kr/1220000/Itemtrade/getItemtradeList,2026-08-10T12:44:29.428446+00:00
2026-02,3912311000,ALL,,46298,267556,324701,1722806,-1455250,korea_customs_service,https://apis.data.go.kr/1220000/Itemtrade/getItemtradeList,2026-08-10T12:44:29.428446+00:00
2026-03,3912311000,ALL,,39107,306909,283385,1354747,-1047838,korea_customs_service,https://apis.data.go.kr/1220000/Itemtrade/getItemtradeList,2026-08-10T12:44:29.428446+00:00
2026-04,3912311000,ALL,,20254,161592,311734,1309053,-1147461,korea_customs_service,https://apis.data.go.kr/1220000/Itemtrade/getItemtradeList,2026-08-10T12:44:29.428446+00:00
2026-05,3912311000,ALL,,12264,155056,443205,1942937,-1787881,korea_customs_service,https://apis.data.go.kr/1220000/Itemtrade/getItemtradeList,2026-08-10T12:44:29.428446+00:00
2026-06,3912311000,ALL,,47661,297099,437586,1547887,-1250788,korea_customs_service,https://apis.data.go.kr/1220000/Itemtrade/getItemtradeList,2026-08-10T12:44:29.428446+00:00
2023-01,3913101000,ALL,,14,3003,135449,2090525,-2087522,korea_customs_service,https://apis.data.go.kr/1220000/Itemtrade/getItemtradeList,2026-08-10T12:44:29.605296+00:00
2023-02,3913101000,ALL,,8004,62078,82667,1360353,-1298275,korea_customs_service,https://apis.data.go.kr/1220000/Itemtrade/getItemtradeList,2026-08-10T12:44:29.605296+00:00
2023-03,3913101000,ALL,,6031,36505,133482,1886755,-1850250,korea_customs_service,https://apis.data.go.kr/1220000/Itemtrade/getItemtradeList,2026-08-10T12:44:29.605296+00:00
2023-04,3913101000,ALL,,25,450,101544,1559077,-1558627,korea_customs_service,https://apis.data.go.kr/1220000/Itemtrade/getItemtradeList,2026-08-10T12:44:29.605296+00:00
2023-05,3913101000,ALL,,560,6683,147923,2345395,-2338712,korea_customs_service,https://apis.data.go.kr/1220000/Itemtrade/getItemtradeList,2026-08-10T12:44:29.605296+00:00
2023-06,3913101000,ALL,,2006,16293,88925,1256378,-1240085,korea_customs_service,https://apis.data.go.kr/1220000/Itemtrade/getItemtradeList,2026-08-10T12:44:29.605296+00:00
2023-07,3913101000,ALL,,46,1733,100421,1588973,-1587240,korea_customs_service,https://apis.data.go.kr/1220000/Itemtrade/getItemtradeList,2026-08-10T12:44:29.605296+00:00
2023-08,3913101000,ALL,,160,12850,75516,837374,-824524,korea_customs_service,https://apis.data.go.kr/1220000/Itemtrade/getItemtradeList,2026-08-10T12:44:29.605296+00:00
2023-09,3913101000,ALL,,5020,48289,66762,785641,-737352,korea_customs_service,https://apis.data.go.kr/1220000/Itemtrade/getItemtradeList,2026-08-10T12:44:29.605296+00:00
2023-10,3913101000,ALL,,31,986,158642,1820338,-1819352,korea_customs_service,https://apis.data.go.kr/1220000/Itemtrade/getItemtradeList,2026-08-10T12:44:29.605296+00:00
2023-11,3913101000,ALL,,3210,31454,137220,1874460,-1843006,korea_customs_service,https://apis.data.go.kr/1220000/Itemtrade/getItemtradeList,2026-08-10T12:44:29.605296+00:00
2023-12,3913101000,ALL,,19601,308287,96811,928425,-620138,korea_customs_service,https://apis.data.go.kr/1220000/Itemtrade/getItemtradeList,2026-08-10T12:44:29.605296+00:00
2024-01,3913101000,ALL,,8901,77125,143572,1462812,-1385687,korea_customs_service,https://apis.data.go.kr/1220000/Itemtrade/getItemtradeList,2026-08-10T12:44:29.924082+00:00
2024-02,3913101000,ALL,,1362,22208,88210,1065629,-1043421,korea_customs_service,https://apis.data.go.kr/1220000/Itemtrade/getItemtradeList,2026-08-10T12:44:29.924082+00:00
2024-03,3913101000,ALL,,4025,36173,123238,1608326,-1572153,korea_customs_service,https://apis.data.go.kr/1220000/Itemtrade/getItemtradeList,2026-08-10T12:44:29.924082+00:00
2024-04,3913101000,ALL,,7811,68469,117839,1427613,-1359144,korea_customs_service,https://apis.data.go.kr/1220000/Itemtrade/getItemtradeList,2026-08-10T12:44:29.924082+00:00
2024-05,3913101000,ALL,,16005,142168,145943,1912383,-1770215,korea_customs_service,https://apis.data.go.kr/1220000/Itemtrade/getItemtradeList,2026-08-10T12:44:29.924082+00:00
2024-06,3913101000,ALL,,22331,165732,76820,924805,-759073,korea_customs_service,https://apis.data.go.kr/1220000/Itemtrade/getItemtradeList,2026-08-10T12:44:29.924082+00:00
2024-07,3913101000,ALL,,3,198,124371,1015558,-1015360,korea_customs_service,https://apis.data.go.kr/1220000/Itemtrade/getItemtradeList,2026-08-10T12:44:29.924082+00:00
2024-08,3913101000,ALL,,11101,97858,79842,1093505,-995647,korea_customs_service,https://apis.data.go.kr/1220000/Itemtrade/getItemtradeList,2026-08-10T12:44:29.924082+00:00
2024-09,3913101000,ALL,,3226,29233,109693,967145,-937912,korea_customs_service,https://apis.data.go.kr/1220000/Itemtrade/getItemtradeList,2026-08-10T12:44:29.924082+00:00
2024-10,3913101000,ALL,,5025,51043,81684,692019,-640976,korea_customs_service,https://apis.data.go.kr/1220000/Itemtrade/getItemtradeList,2026-08-10T12:44:29.924082+00:00
2024-11,3913101000,ALL,,6,808,139634,1430910,-1430102,korea_customs_service,https://apis.data.go.kr/1220000/Itemtrade/getItemtradeList,2026-08-10T12:44:29.924082+00:00
2024-12,3913101000,ALL,,107,2816,104370,1121682,-1118866,korea_customs_service,https://apis.data.go.kr/1220000/Itemtrade/getItemtradeList,2026-08-10T12:44:29.924082+00:00
2025-01,3913101000,ALL,,3545,34103,173511,1647921,-1613818,korea_customs_service,https://apis.data.go.kr/1220000/Itemtrade/getItemtradeList,2026-08-10T12:44:30.222675+00:00
2025-02,3913101000,ALL,,8834,78980,77962,1043073,-964093,korea_customs_service,https://apis.data.go.kr/1220000/Itemtrade/getItemtradeList,2026-08-10T12:44:30.222675+00:00
2025-03,3913101000,ALL,,1,357,67796,860782,-860425,korea_customs_service,https://apis.data.go.kr/1220000/Itemtrade/getItemtradeList,2026-08-10T12:44:30.222675+00:00
2025-04,3913101000,ALL,,9282,81903,117958,1280546,-1198643,korea_customs_service,https://apis.data.go.kr/1220000/Itemtrade/getItemtradeList,2026-08-10T12:44:30.222675+00:00
2025-05,3913101000,ALL,,4051,36982,64809,932478,-895496,korea_customs_service,https://apis.data.go.kr/1220000/Itemtrade/getItemtradeList,2026-08-10T12:44:30.222675+00:00
2025-06,3913101000,ALL,,176,3091,143547,1189813,-1186722,korea_customs_service,https://apis.data.go.kr/1220000/Itemtrade/getItemtradeList,2026-08-10T12:44:30.222675+00:00
2025-07,3913101000,ALL,,4528,49065,96813,1035419,-986354,korea_customs_service,https://apis.data.go.kr/1220000/Itemtrade/getItemtradeList,2026-08-10T12:44:30.222675+00:00
2025-08,3913101000,ALL,,5,667,89357,781384,-780717,korea_customs_service,https://apis.data.go.kr/1220000/Itemtrade/getItemtradeList,2026-08-10T12:44:30.222675+00:00
2025-09,3913101000,ALL,,1325,28839,156524,1619830,-1590991,korea_customs_service,https://apis.data.go.kr/1220000/Itemtrade/getItemtradeList,2026-08-10T12:44:30.222675+00:00
2025-10,3913101000,ALL,,277,4687,72661,705797,-701110,korea_customs_service,https://apis.data.go.kr/1220000/Itemtrade/getItemtradeList,2026-08-10T12:44:30.222675+00:00
2025-11,3913101000,ALL,,6778,76149,106141,1296678,-1220529,korea_customs_service,https://apis.data.go.kr/1220000/Itemtrade/getItemtradeList,2026-08-10T12:44:30.222675+00:00
2025-12,3913101000,ALL,,4,761,104968,1061259,-1060498,korea_customs_service,https://apis.data.go.kr/1220000/Itemtrade/getItemtradeList,2026-08-10T12:44:30.222675+00:00
2026-01,3913101000,ALL,,7000,78800,104750,1213347,-1134547,korea_customs_service,https://apis.data.go.kr/1220000/Itemtrade/getItemtradeList,2026-08-10T12:44:30.501701+00:00
2026-02,3913101000,ALL,,4030,44562,46070,621445,-576883,korea_customs_service,https://apis.data.go.kr/1220000/Itemtrade/getItemtradeList,2026-08-10T12:44:30.501701+00:00
2026-03,3913101000,ALL,,2033,31179,112951,1156908,-1125729,korea_customs_service,https://apis.data.go.kr/1220000/Itemtrade/getItemtradeList,2026-08-10T12:44:30.501701+00:00
2026-04,3913101000,ALL,,1007,3148,80412,682173,-679025,korea_customs_service,https://apis.data.go.kr/1220000/Itemtrade/getItemtradeList,2026-08-10T12:44:30.501701+00:00
2026-05,3913101000,ALL,,2,323,120517,1151154,-1150831,korea_customs_service,https://apis.data.go.kr/1220000/Itemtrade/getItemtradeList,2026-08-10T12:44:30.501701+00:00
2026-06,3913101000,ALL,,3032,24616,92157,918948,-894332,korea_customs_service,https://apis.data.go.kr/1220000/Itemtrade/getItemtradeList,2026-08-10T12:44:30.501701+00:00
2018-01,5201001000,ALL,,72190,57503,19246,46511,10992,korea_customs_service,https://apis.data.go.kr/1220000/Itemtrade/getItemtradeList,2026-08-10T15:32:38.415075+00:00
2018-02,5201001000,ALL,,67832,54751,19357,49650,5101,korea_customs_service,https://apis.data.go.kr/1220000/Itemtrade/getItemtradeList,2026-08-10T15:32:38.415075+00:00
2018-03,5201001000,ALL,,42366,34259,19304,56270,-22011,korea_customs_service,https://apis.data.go.kr/1220000/Itemtrade/getItemtradeList,2026-08-10T15:32:38.415075+00:00
2018-04,5201001000,ALL,,80572,70015,0,0,70015,korea_customs_service,https://apis.data.go.kr/1220000/Itemtrade/getItemtradeList,2026-08-10T15:32:38.415075+00:00
2018-05,5201001000,ALL,,178438,175273,12,124,175149,korea_customs_service,https://apis.data.go.kr/1220000/Itemtrade/getItemtradeList,2026-08-10T15:32:38.415075+00:00
2018-06,5201001000,ALL,,128919,122901,0,0,122901,korea_customs_service,https://apis.data.go.kr/1220000/Itemtrade/getItemtradeList,2026-08-10T15:32:38.415075+00:00
2018-07,5201001000,ALL,,134604,129230,0,0,129230,korea_customs_service,https://apis.data.go.kr/1220000/Itemtrade/getItemtradeList,2026-08-10T15:32:38.415075+00:00
2018-08,5201001000,ALL,,76015,79822,0,0,79822,korea_customs_service,https://apis.data.go.kr/1220000/Itemtrade/getItemtradeList,2026-08-10T15:32:38.415075+00:00
2018-09,5201001000,ALL,,119438,111789,13,259,111530,korea_customs_service,https://apis.data.go.kr/1220000/Itemtrade/getItemtradeList,2026-08-10T15:32:38.415075+00:00
2018-10,5201001000,ALL,,50169,54260,0,0,54260,korea_customs_service,https://apis.data.go.kr/1220000/Itemtrade/getItemtradeList,2026-08-10T15:32:38.415075+00:00
2018-11,5201001000,ALL,,3123,2717,10,1002,1715,korea_customs_service,https://apis.data.go.kr/1220000/Itemtrade/getItemtradeList,2026-08-10T15:32:38.415075+00:00
2018-12,5201001000,ALL,,49780,44481,12,564,43917,korea_customs_service,https://apis.data.go.kr/1220000/Itemtrade/getItemtradeList,2026-08-10T15:32:38.415075+00:00
2019-01,5201001000,ALL,,98513,83223,6312,20072,63151,korea_customs_service,https://apis.data.go.kr/1220000/Itemtrade/getItemtradeList,2026-08-10T15:32:38.755239+00:00
2019-02,5201001000,ALL,,73,1484,1785,6035,-4551,korea_customs_service,https://apis.data.go.kr/1220000/Itemtrade/getItemtradeList,2026-08-10T15:32:38.755239+00:00
2019-03,5201001000,ALL,,49920,44874,30,407,44467,korea_customs_service,https://apis.data.go.kr/1220000/Itemtrade/getItemtradeList,2026-08-10T15:32:38.755239+00:00
2019-04,5201001000,ALL,,49676,51562,0,0,51562,korea_customs_service,https://apis.data.go.kr/1220000/Itemtrade/getItemtradeList,2026-08-10T15:32:38.755239+00:00
2019-05,5201001000,ALL,,53,1367,207,5599,-4232,korea_customs_service,https://apis.data.go.kr/1220000/Itemtrade/getItemtradeList,2026-08-10T15:32:38.755239+00:00
2019-06,5201001000,ALL,,49592,52727,0,0,52727,korea_customs_service,https://apis.data.go.kr/1220000/Itemtrade/getItemtradeList,2026-08-10T15:32:38.755239+00:00
2019-07,5201001000,ALL,,49657,50172,12072,40278,9894,korea_customs_service,https://apis.data.go.kr/1220000/Itemtrade/getItemtradeList,2026-08-10T15:32:38.755239+00:00
2019-08,5201001000,ALL,,0,152,587,5122,-4970,korea_customs_service,https://apis.data.go.kr/1220000/Itemtrade/getItemtradeList,2026-08-10T15:32:38.755239+00:00
2019-09,5201001000,ALL,,100070,100341,1,48,100293,korea_customs_service,https://apis.data.go.kr/1220000/Itemtrade/getItemtradeList,2026-08-10T15:32:38.755239+00:00
2019-10,5201001000,ALL,,86,1260,0,0,1260,korea_customs_service,https://apis.data.go.kr/1220000/Itemtrade/getItemtradeList,2026-08-10T15:32:38.755239+00:00
2019-11,5201001000,ALL,,50288,51557,64,445,51112,korea_customs_service,https://apis.data.go.kr/1220000/Itemtrade/getItemtradeList,2026-08-10T15:32:38.755239+00:00
2019-12,5201001000,ALL,,50368,49883,92,2154,47729,korea_customs_service,https://apis.data.go.kr/1220000/Itemtrade/getItemtradeList,2026-08-10T15:32:38.755239+00:00
2020-01,5201001000,ALL,,34,848,451,1958,-1110,korea_customs_service,https://apis.data.go.kr/1220000/Itemtrade/getItemtradeList,2026-08-10T15:32:39.087200+00:00
2020-02,5201001000,ALL,,50319,51199,0,0,51199,korea_customs_service,https://apis.data.go.kr/1220000/Itemtrade/getItemtradeList,2026-08-10T15:32:39.087200+00:00
2020-03,5201001000,ALL,,98,1773,88,4878,-3105,korea_customs_service,https://apis.data.go.kr/1220000/Itemtrade/getItemtradeList,2026-08-10T15:32:39.087200+00:00
2020-04,5201001000,ALL,,6,333,1,219,114,korea_customs_service,https://apis.data.go.kr/1220000/Itemtrade/getItemtradeList,2026-08-10T15:32:39.087200+00:00
2020-05,5201001000,ALL,,0,0,32,1897,-1897,korea_customs_service,https://apis.data.go.kr/1220000/Itemtrade/getItemtradeList,2026-08-10T15:32:39.087200+00:00
2020-06,5201001000,ALL,,63,855,41,1745,-890,korea_customs_service,https://apis.data.go.kr/1220000/Itemtrade/getItemtradeList,2026-08-10T15:32:39.087200+00:00
2020-07,5201001000,ALL,,9,1223,39,3921,-2698,korea_customs_service,https://apis.data.go.kr/1220000/Itemtrade/getItemtradeList,2026-08-10T15:32:39.087200+00:00
2020-08,5201001000,ALL,,46,1523,10,411,1112,korea_customs_service,https://apis.data.go.kr/1220000/Itemtrade/getItemtradeList,2026-08-10T15:32:39.087200+00:00
2020-09,5201001000,ALL,,206,7595,304,1590,6005,korea_customs_service,https://apis.data.go.kr/1220000/Itemtrade/getItemtradeList,2026-08-10T15:32:39.087200+00:00
2020-10,5201001000,ALL,,85,3145,6,52,3093,korea_customs_service,https://apis.data.go.kr/1220000/Itemtrade/getItemtradeList,2026-08-10T15:32:39.087200+00:00
2020-11,5201001000,ALL,,1,1300,49,324,976,korea_customs_service,https://apis.data.go.kr/1220000/Itemtrade/getItemtradeList,2026-08-10T15:32:39.087200+00:00
2020-12,5201001000,ALL,,268,13762,94,4071,9691,korea_customs_service,https://apis.data.go.kr/1220000/Itemtrade/getItemtradeList,2026-08-10T15:32:39.087200+00:00
2021-01,5201001000,ALL,,184,6490,29,1226,5264,korea_customs_service,https://apis.data.go.kr/1220000/Itemtrade/getItemtradeList,2026-08-10T15:32:39.420751+00:00
2021-02,5201001000,ALL,,10,1041,0,12,1029,korea_customs_service,https://apis.data.go.kr/1220000/Itemtrade/getItemtradeList,2026-08-10T15:32:39.420751+00:00
2021-03,5201001000,ALL,,169,8153,1,362,7791,korea_customs_service,https://apis.data.go.kr/1220000/Itemtrade/getItemtradeList,2026-08-10T15:32:39.420751+00:00
2021-04,5201001000,ALL,,43,2254,150,5916,-3662,korea_customs_service,https://apis.data.go.kr/1220000/Itemtrade/getItemtradeList,2026-08-10T15:32:39.420751+00:00
2021-05,5201001000,ALL,,34297,39024,4,408,38616,korea_customs_service,https://apis.data.go.kr/1220000/Itemtrade/getItemtradeList,2026-08-10T15:32:39.420751+00:00
2021-06,5201001000,ALL,,32,3120,17,1421,1699,korea_customs_service,https://apis.data.go.kr/1220000/Itemtrade/getItemtradeList,2026-08-10T15:32:39.420751+00:00
2021-07,5201001000,ALL,,66276,73195,19,1998,71197,korea_customs_service,https://apis.data.go.kr/1220000/Itemtrade/getItemtradeList,2026-08-10T15:32:39.420751+00:00
2021-08,5201001000,ALL,,1,116,1,444,-328,korea_customs_service,https://apis.data.go.kr/1220000/Itemtrade/getItemtradeList,2026-08-10T15:32:39.420751+00:00
2021-09,5201001000,ALL,,65683,73381,21,746,72635,korea_customs_service,https://apis.data.go.kr/1220000/Itemtrade/getItemtradeList,2026-08-10T15:32:39.420751+00:00
2021-10,5201001000,ALL,,1380,4588,136,5260,-672,korea_customs_service,https://apis.data.go.kr/1220000/Itemtrade/getItemtradeList,2026-08-10T15:32:39.420751+00:00
2021-11,5201001000,ALL,,321,8553,4,141,8412,korea_customs_service,https://apis.data.go.kr/1220000/Itemtrade/getItemtradeList,2026-08-10T15:32:39.420751+00:00
2021-12,5201001000,ALL,,30737,35358,30,737,34621,korea_customs_service,https://apis.data.go.kr/1220000/Itemtrade/getItemtradeList,2026-08-10T15:32:39.420751+00:00
2022-01,5201001000,ALL,,30,1056,5,1230,-174,korea_customs_service,https://apis.data.go.kr/1220000/Itemtrade/getItemtradeList,2026-08-10T15:32:39.738474+00:00
2022-02,5201001000,ALL,,3,345,3,356,-11,korea_customs_service,https://apis.data.go.kr/1220000/Itemtrade/getItemtradeList,2026-08-10T15:32:39.738474+00:00
2022-03,5201001000,ALL,,82,2020,6,485,1535,korea_customs_service,https://apis.data.go.kr/1220000/Itemtrade/getItemtradeList,2026-08-10T15:32:39.738474+00:00
2022-04,5201001000,ALL,,21614,22940,4,251,22689,korea_customs_service,https://apis.data.go.kr/1220000/Itemtrade/getItemtradeList,2026-08-10T15:32:39.738474+00:00
2022-05,5201001000,ALL,,15,750,2,1173,-423,korea_customs_service,https://apis.data.go.kr/1220000/Itemtrade/getItemtradeList,2026-08-10T15:32:39.738474+00:00
2022-06,5201001000,ALL,,97,2059,6,1903,156,korea_customs_service,https://apis.data.go.kr/1220000/Itemtrade/getItemtradeList,2026-08-10T15:32:39.738474+00:00
2022-07,5201001000,ALL,,31727,23584,3,46,23538,korea_customs_service,https://apis.data.go.kr/1220000/Itemtrade/getItemtradeList,2026-08-10T15:32:39.738474+00:00
2022-08,5201001000,ALL,,77,2174,19,261,1913,korea_customs_service,https://apis.data.go.kr/1220000/Itemtrade/getItemtradeList,2026-08-10T15:32:39.738474+00:00
2022-09,5201001000,ALL,,15,696,39,1016,-320,korea_customs_service,https://apis.data.go.kr/1220000/Itemtrade/getItemtradeList,2026-08-10T15:32:39.738474+00:00
2022-10,5201001000,ALL,,31430,36308,100,763,35545,korea_customs_service,https://apis.data.go.kr/1220000/Itemtrade/getItemtradeList,2026-08-10T15:32:39.738474+00:00
2022-11,5201001000,ALL,,33090,40783,136,1334,39449,korea_customs_service,https://apis.data.go.kr/1220000/Itemtrade/getItemtradeList,2026-08-10T15:32:39.738474+00:00
2022-12,5201001000,ALL,,2210,43067,145,1573,41494,korea_customs_service,https://apis.data.go.kr/1220000/Itemtrade/getItemtradeList,2026-08-10T15:32:39.738474+00:00
2023-01,5201001000,ALL,,32,345,107,1480,-1135,korea_customs_service,https://apis.data.go.kr/1220000/Itemtrade/getItemtradeList,2026-08-10T15:32:40.082711+00:00
2023-02,5201001000,ALL,,33173,44680,61,1012,43668,korea_customs_service,https://apis.data.go.kr/1220000/Itemtrade/getItemtradeList,2026-08-10T15:32:40.082711+00:00
2023-03,5201001000,ALL,,62326,85291,48,494,84797,korea_customs_service,https://apis.data.go.kr/1220000/Itemtrade/getItemtradeList,2026-08-10T15:32:40.082711+00:00
2023-04,5201001000,ALL,,95851,126652,14,199,126453,korea_customs_service,https://apis.data.go.kr/1220000/Itemtrade/getItemtradeList,2026-08-10T15:32:40.082711+00:00
2023-05,5201001000,ALL,,151803,208409,28,2377,206032,korea_customs_service,https://apis.data.go.kr/1220000/Itemtrade/getItemtradeList,2026-08-10T15:32:40.082711+00:00
2023-06,5201001000,ALL,,112149,154030,3,602,153428,korea_customs_service,https://apis.data.go.kr/1220000/Itemtrade/getItemtradeList,2026-08-10T15:32:40.082711+00:00
2023-07,5201001000,ALL,,7,270,3171,15243,-14973,korea_customs_service,https://apis.data.go.kr/1220000/Itemtrade/getItemtradeList,2026-08-10T15:32:40.082711+00:00
2023-08,5201001000,ALL,,98204,189356,9,225,189131,korea_customs_service,https://apis.data.go.kr/1220000/Itemtrade/getItemtradeList,2026-08-10T15:32:40.082711+00:00
2023-09,5201001000,ALL,,66199,82888,4,519,82369,korea_customs_service,https://apis.data.go.kr/1220000/Itemtrade/getItemtradeList,2026-08-10T15:32:40.082711+00:00
2023-10,5201001000,ALL,,16318,20338,1,77,20261,korea_customs_service,https://apis.data.go.kr/1220000/Itemtrade/getItemtradeList,2026-08-10T15:32:40.082711+00:00
2023-11,5201001000,ALL,,470,2542,9,152,2390,korea_customs_service,https://apis.data.go.kr/1220000/Itemtrade/getItemtradeList,2026-08-10T15:32:40.082711+00:00
2023-12,5201001000,ALL,,277,1730,46,1538,192,korea_customs_service,https://apis.data.go.kr/1220000/Itemtrade/getItemtradeList,2026-08-10T15:32:40.082711+00:00
2024-01,5201001000,ALL,,32267,37469,97,958,36511,korea_customs_service,https://apis.data.go.kr/1220000/Itemtrade/getItemtradeList,2026-08-10T15:32:40.392130+00:00
2024-02,5201001000,ALL,,261821,517448,261860,489784,27664,korea_customs_service,https://apis.data.go.kr/1220000/Itemtrade/getItemtradeList,2026-08-10T15:32:40.392130+00:00
2024-03,5201001000,ALL,,438,574,51,1421,-847,korea_customs_service,https://apis.data.go.kr/1220000/Itemtrade/getItemtradeList,2026-08-10T15:32:40.392130+00:00
2024-04,5201001000,ALL,,109,792,0,0,792,korea_customs_service,https://apis.data.go.kr/1220000/Itemtrade/getItemtradeList,2026-08-10T15:32:40.392130+00:00
2024-05,5201001000,ALL,,69,1825,314,2555,-730,korea_customs_service,https://apis.data.go.kr/1220000/Itemtrade/getItemtradeList,2026-08-10T15:32:40.392130+00:00
2024-06,5201001000,ALL,,174,5582,7,969,4613,korea_customs_service,https://apis.data.go.kr/1220000/Itemtrade/getItemtradeList,2026-08-10T15:32:40.392130+00:00
2024-07,5201001000,ALL,,101,2999,54,2830,169,korea_customs_service,https://apis.data.go.kr/1220000/Itemtrade/getItemtradeList,2026-08-10T15:32:40.392130+00:00
2024-08,5201001000,ALL,,64,1859,2,440,1419,korea_customs_service,https://apis.data.go.kr/1220000/Itemtrade/getItemtradeList,2026-08-10T15:32:40.392130+00:00
2024-09,5201001000,ALL,,184,5341,2,727,4614,korea_customs_service,https://apis.data.go.kr/1220000/Itemtrade/getItemtradeList,2026-08-10T15:32:40.392130+00:00
2024-10,5201001000,ALL,,390,8238,23,530,7708,korea_customs_service,https://apis.data.go.kr/1220000/Itemtrade/getItemtradeList,2026-08-10T15:32:40.392130+00:00
2024-11,5201001000,ALL,,112,3009,6,109,2900,korea_customs_service,https://apis.data.go.kr/1220000/Itemtrade/getItemtradeList,2026-08-10T15:32:40.392130+00:00
2024-12,5201001000,ALL,,97,1485,15,195,1290,korea_customs_service,https://apis.data.go.kr/1220000/Itemtrade/getItemtradeList,2026-08-10T15:32:40.392130+00:00
2025-01,5201001000,ALL,,122,3266,10,811,2455,korea_customs_service,https://apis.data.go.kr/1220000/Itemtrade/getItemtradeList,2026-08-10T15:32:40.664046+00:00
2025-02,5201001000,ALL,,77,2078,1,403,1675,korea_customs_service,https://apis.data.go.kr/1220000/Itemtrade/getItemtradeList,2026-08-10T15:32:40.664046+00:00
2025-03,5201001000,ALL,,144,3269,0,0,3269,korea_customs_service,https://apis.data.go.kr/1220000/Itemtrade/getItemtradeList,2026-08-10T15:32:40.664046+00:00
2025-04,5201001000,ALL,,84,2417,111,579,1838,korea_customs_service,https://apis.data.go.kr/1220000/Itemtrade/getItemtradeList,2026-08-10T15:32:40.664046+00:00
2025-05,5201001000,ALL,,147,2852,4,111,2741,korea_customs_service,https://apis.data.go.kr/1220000/Itemtrade/getItemtradeList,2026-08-10T15:32:40.664046+00:00
2025-06,5201001000,ALL,,277,5452,7,815,4637,korea_customs_service,https://apis.data.go.kr/1220000/Itemtrade/getItemtradeList,2026-08-10T15:32:40.664046+00:00
2025-07,5201001000,ALL,,1044,7003,121,488,6515,korea_customs_service,https://apis.data.go.kr/1220000/Itemtrade/getItemtradeList,2026-08-10T15:32:40.664046+00:00
2025-08,5201001000,ALL,,53,1489,1,35,1454,korea_customs_service,https://apis.data.go.kr/1220000/Itemtrade/getItemtradeList,2026-08-10T15:32:40.664046+00:00
2025-09,5201001000,ALL,,469,13712,0,0,13712,korea_customs_service,https://apis.data.go.kr/1220000/Itemtrade/getItemtradeList,2026-08-10T15:32:40.664046+00:00
2025-10,5201001000,ALL,,164,6080,28,2446,3634,korea_customs_service,https://apis.data.go.kr/1220000/Itemtrade/getItemtradeList,2026-08-10T15:32:40.664046+00:00
2025-11,5201001000,ALL,,88,4233,36,209,4024,korea_customs_service,https://apis.data.go.kr/1220000/Itemtrade/getItemtradeList,2026-08-10T15:32:40.664046+00:00
2025-12,5201001000,ALL,,981,12784,5,71,12713,korea_customs_service,https://apis.data.go.kr/1220000/Itemtrade/getItemtradeList,2026-08-10T15:32:40.664046+00:00
2026-01,5201001000,ALL,,79,5242,9,574,4668,korea_customs_service,https://apis.data.go.kr/1220000/Itemtrade/getItemtradeList,2026-08-10T15:32:40.957191+00:00
2026-02,5201001000,ALL,,10,1191,0,23,1168,korea_customs_service,https://apis.data.go.kr/1220000/Itemtrade/getItemtradeList,2026-08-10T15:32:40.957191+00:00
2026-03,5201001000,ALL,,681,17705,81,1133,16572,korea_customs_service,https://apis.data.go.kr/1220000/Itemtrade/getItemtradeList,2026-08-10T15:32:40.957191+00:00
2026-04,5201001000,ALL,,169,4963,47,807,4156,korea_customs_service,https://apis.data.go.kr/1220000/Itemtrade/getItemtradeList,2026-08-10T15:32:40.957191+00:00
2026-05,5201001000,ALL,,43,1522,4,117,1405,korea_customs_service,https://apis.data.go.kr/1220000/Itemtrade/getItemtradeList,2026-08-10T15:32:40.957191+00:00
2026-06,5201001000,ALL,,417,9537,528,2914,6623,korea_customs_service,https://apis.data.go.kr/1220000/Itemtrade/getItemtradeList,2026-08-10T15:32:40.957191+00:00
2023-01,5203000000,ALL,,443701,946997,84857,190675,756322,korea_customs_service,https://apis.data.go.kr/1220000/Itemtrade/getItemtradeList,2026-08-10T12:44:31.690445+00:00
2023-02,5203000000,ALL,,370261,894400,29214,42942,851458,korea_customs_service,https://apis.data.go.kr/1220000/Itemtrade/getItemtradeList,2026-08-10T12:44:31.690445+00:00
2023-03,5203000000,ALL,,592724,1235664,81354,102331,1133333,korea_customs_service,https://apis.data.go.kr/1220000/Itemtrade/getItemtradeList,2026-08-10T12:44:31.690445+00:00
2023-04,5203000000,ALL,,375742,850324,64599,130514,719810,korea_customs_service,https://apis.data.go.kr/1220000/Itemtrade/getItemtradeList,2026-08-10T12:44:31.690445+00:00
2023-05,5203000000,ALL,,389895,843083,105392,124104,718979,korea_customs_service,https://apis.data.go.kr/1220000/Itemtrade/getItemtradeList,2026-08-10T12:44:31.690445+00:00
2023-06,5203000000,ALL,,534250,1100086,49647,93275,1006811,korea_customs_service,https://apis.data.go.kr/1220000/Itemtrade/getItemtradeList,2026-08-10T12:44:31.690445+00:00
2023-07,5203000000,ALL,,538499,926649,39655,99112,827537,korea_customs_service,https://apis.data.go.kr/1220000/Itemtrade/getItemtradeList,2026-08-10T12:44:31.690445+00:00
2023-08,5203000000,ALL,,377439,811666,18364,29569,782097,korea_customs_service,https://apis.data.go.kr/1220000/Itemtrade/getItemtradeList,2026-08-10T12:44:31.690445+00:00
2023-09,5203000000,ALL,,338150,667740,59294,110346,557394,korea_customs_service,https://apis.data.go.kr/1220000/Itemtrade/getItemtradeList,2026-08-10T12:44:31.690445+00:00
2023-10,5203000000,ALL,,369468,791550,82670,162585,628965,korea_customs_service,https://apis.data.go.kr/1220000/Itemtrade/getItemtradeList,2026-08-10T12:44:31.690445+00:00
2023-11,5203000000,ALL,,301442,631774,118364,230173,401601,korea_customs_service,https://apis.data.go.kr/1220000/Itemtrade/getItemtradeList,2026-08-10T12:44:31.690445+00:00
2023-12,5203000000,ALL,,147000,424876,76725,105992,318884,korea_customs_service,https://apis.data.go.kr/1220000/Itemtrade/getItemtradeList,2026-08-10T12:44:31.690445+00:00
2024-01,5203000000,ALL,,226137,544253,100277,157942,386311,korea_customs_service,https://apis.data.go.kr/1220000/Itemtrade/getItemtradeList,2026-08-10T12:44:31.975537+00:00
2024-02,5203000000,ALL,,253924,464690,61345,97093,367597,korea_customs_service,https://apis.data.go.kr/1220000/Itemtrade/getItemtradeList,2026-08-10T12:44:31.975537+00:00
2024-03,5203000000,ALL,,196549,510451,63702,103381,407070,korea_customs_service,https://apis.data.go.kr/1220000/Itemtrade/getItemtradeList,2026-08-10T12:44:31.975537+00:00
2024-04,5203000000,ALL,,277905,502271,3618,23216,479055,korea_customs_service,https://apis.data.go.kr/1220000/Itemtrade/getItemtradeList,2026-08-10T12:44:31.975537+00:00
2024-05,5203000000,ALL,,165065,365135,64183,101905,263230,korea_customs_service,https://apis.data.go.kr/1220000/Itemtrade/getItemtradeList,2026-08-10T12:44:31.975537+00:00
2024-06,5203000000,ALL,,202206,507068,3644,23339,483729,korea_customs_service,https://apis.data.go.kr/1220000/Itemtrade/getItemtradeList,2026-08-10T12:44:31.975537+00:00
2024-07,5203000000,ALL,,292149,524143,64300,101922,422221,korea_customs_service,https://apis.data.go.kr/1220000/Itemtrade/getItemtradeList,2026-08-10T12:44:31.975537+00:00
2024-08,5203000000,ALL,,278150,539195,3748,28928,510267,korea_customs_service,https://apis.data.go.kr/1220000/Itemtrade/getItemtradeList,2026-08-10T12:44:31.975537+00:00
2024-09,5203000000,ALL,,281074,456128,49129,67243,388885,korea_customs_service,https://apis.data.go.kr/1220000/Itemtrade/getItemtradeList,2026-08-10T12:44:31.975537+00:00
2024-10,5203000000,ALL,,261449,456644,65555,108565,348079,korea_customs_service,https://apis.data.go.kr/1220000/Itemtrade/getItemtradeList,2026-08-10T12:44:31.975537+00:00
2024-11,5203000000,ALL,,300900,517497,103266,187405,330092,korea_customs_service,https://apis.data.go.kr/1220000/Itemtrade/getItemtradeList,2026-08-10T12:44:31.975537+00:00
2024-12,5203000000,ALL,,439678,639807,36517,57476,582331,korea_customs_service,https://apis.data.go.kr/1220000/Itemtrade/getItemtradeList,2026-08-10T12:44:31.975537+00:00
2025-01,5203000000,ALL,,239992,435265,5560,24470,410795,korea_customs_service,https://apis.data.go.kr/1220000/Itemtrade/getItemtradeList,2026-08-10T12:44:32.280675+00:00
2025-02,5203000000,ALL,,373669,626612,115639,196019,430593,korea_customs_service,https://apis.data.go.kr/1220000/Itemtrade/getItemtradeList,2026-08-10T12:44:32.280675+00:00
2025-03,5203000000,ALL,,509360,736560,18572,31863,704697,korea_customs_service,https://apis.data.go.kr/1220000/Itemtrade/getItemtradeList,2026-08-10T12:44:32.280675+00:00
2025-04,5203000000,ALL,,298990,628679,532,2303,626376,korea_customs_service,https://apis.data.go.kr/1220000/Itemtrade/getItemtradeList,2026-08-10T12:44:32.280675+00:00
2025-05,5203000000,ALL,,638533,889498,59456,117838,771660,korea_customs_service,https://apis.data.go.kr/1220000/Itemtrade/getItemtradeList,2026-08-10T12:44:32.280675+00:00
2025-06,5203000000,ALL,,439151,653653,47953,74328,579325,korea_customs_service,https://apis.data.go.kr/1220000/Itemtrade/getItemtradeList,2026-08-10T12:44:32.280675+00:00
2025-07,5203000000,ALL,,634065,815277,45063,82512,732765,korea_customs_service,https://apis.data.go.kr/1220000/Itemtrade/getItemtradeList,2026-08-10T12:44:32.280675+00:00
2025-08,5203000000,ALL,,380921,564850,71,160,564690,korea_customs_service,https://apis.data.go.kr/1220000/Itemtrade/getItemtradeList,2026-08-10T12:44:32.280675+00:00
2025-09,5203000000,ALL,,377327,563886,21189,28286,535600,korea_customs_service,https://apis.data.go.kr/1220000/Itemtrade/getItemtradeList,2026-08-10T12:44:32.280675+00:00
2025-10,5203000000,ALL,,417544,614157,82514,151564,462593,korea_customs_service,https://apis.data.go.kr/1220000/Itemtrade/getItemtradeList,2026-08-10T12:44:32.280675+00:00
2025-11,5203000000,ALL,,333900,546394,9389,53357,493037,korea_customs_service,https://apis.data.go.kr/1220000/Itemtrade/getItemtradeList,2026-08-10T12:44:32.280675+00:00
2025-12,5203000000,ALL,,524897,647411,33068,85897,561514,korea_customs_service,https://apis.data.go.kr/1220000/Itemtrade/getItemtradeList,2026-08-10T12:44:32.280675+00:00
2026-01,5203000000,ALL,,371222,455776,17,193,455583,korea_customs_service,https://apis.data.go.kr/1220000/Itemtrade/getItemtradeList,2026-08-10T12:44:32.586807+00:00
2026-02,5203000000,ALL,,241900,322272,632,6381,315891,korea_customs_service,https://apis.data.go.kr/1220000/Itemtrade/getItemtradeList,2026-08-10T12:44:32.586807+00:00
2026-03,5203000000,ALL,,429644,604831,164960,262315,342516,korea_customs_service,https://apis.data.go.kr/1220000/Itemtrade/getItemtradeList,2026-08-10T12:44:32.586807+00:00
2026-04,5203000000,ALL,,566177,754717,15728,52977,701740,korea_customs_service,https://apis.data.go.kr/1220000/Itemtrade/getItemtradeList,2026-08-10T12:44:32.586807+00:00
2026-05,5203000000,ALL,,348495,531651,93,881,530770,korea_customs_service,https://apis.data.go.kr/1220000/Itemtrade/getItemtradeList,2026-08-10T12:44:32.586807+00:00
2026-06,5203000000,ALL,,361276,458702,98266,119144,339558,korea_customs_service,https://apis.data.go.kr/1220000/Itemtrade/getItemtradeList,2026-08-10T12:44:32.586807+00:00
2023-01,5501200000,ALL,,271633,822290,0,0,822290,korea_customs_service,https://apis.data.go.kr/1220000/Itemtrade/getItemtradeList,2026-08-10T12:44:32.698624+00:00
2023-02,5501200000,ALL,,277773,886988,636,1912,885076,korea_customs_service,https://apis.data.go.kr/1220000/Itemtrade/getItemtradeList,2026-08-10T12:44:32.698624+00:00
2023-03,5501200000,ALL,,213849,665982,0,0,665982,korea_customs_service,https://apis.data.go.kr/1220000/Itemtrade/getItemtradeList,2026-08-10T12:44:32.698624+00:00
2023-04,5501200000,ALL,,221478,708497,319,1683,706814,korea_customs_service,https://apis.data.go.kr/1220000/Itemtrade/getItemtradeList,2026-08-10T12:44:32.698624+00:00
2023-05,5501200000,ALL,,253928,660251,3,141,660110,korea_customs_service,https://apis.data.go.kr/1220000/Itemtrade/getItemtradeList,2026-08-10T12:44:32.698624+00:00
2023-06,5501200000,ALL,,210165,679825,24852,12854,666971,korea_customs_service,https://apis.data.go.kr/1220000/Itemtrade/getItemtradeList,2026-08-10T12:44:32.698624+00:00
2023-07,5501200000,ALL,,160349,527576,3967,7918,519658,korea_customs_service,https://apis.data.go.kr/1220000/Itemtrade/getItemtradeList,2026-08-10T12:44:32.698624+00:00
2023-08,5501200000,ALL,,256733,809884,3,109,809775,korea_customs_service,https://apis.data.go.kr/1220000/Itemtrade/getItemtradeList,2026-08-10T12:44:32.698624+00:00
2023-09,5501200000,ALL,,272121,815282,1,208,815074,korea_customs_service,https://apis.data.go.kr/1220000/Itemtrade/getItemtradeList,2026-08-10T12:44:32.698624+00:00
2023-10,5501200000,ALL,,246126,778168,0,0,778168,korea_customs_service,https://apis.data.go.kr/1220000/Itemtrade/getItemtradeList,2026-08-10T12:44:32.698624+00:00
2023-11,5501200000,ALL,,95671,305516,0,0,305516,korea_customs_service,https://apis.data.go.kr/1220000/Itemtrade/getItemtradeList,2026-08-10T12:44:32.698624+00:00
2023-12,5501200000,ALL,,145894,446381,263,14788,431593,korea_customs_service,https://apis.data.go.kr/1220000/Itemtrade/getItemtradeList,2026-08-10T12:44:32.698624+00:00
2024-01,5501200000,ALL,,228169,726380,7541,21043,705337,korea_customs_service,https://apis.data.go.kr/1220000/Itemtrade/getItemtradeList,2026-08-10T12:44:33.005143+00:00
2024-02,5501200000,ALL,,166503,479977,16060,16356,463621,korea_customs_service,https://apis.data.go.kr/1220000/Itemtrade/getItemtradeList,2026-08-10T12:44:33.005143+00:00
2024-03,5501200000,ALL,,123391,420347,173,439,419908,korea_customs_service,https://apis.data.go.kr/1220000/Itemtrade/getItemtradeList,2026-08-10T12:44:33.005143+00:00
2024-04,5501200000,ALL,,161578,532023,146,13760,518263,korea_customs_service,https://apis.data.go.kr/1220000/Itemtrade/getItemtradeList,2026-08-10T12:44:33.005143+00:00
2024-05,5501200000,ALL,,116336,408254,0,0,408254,korea_customs_service,https://apis.data.go.kr/1220000/Itemtrade/getItemtradeList,2026-08-10T12:44:33.005143+00:00
2024-06,5501200000,ALL,,189792,657159,150,438,656721,korea_customs_service,https://apis.data.go.kr/1220000/Itemtrade/getItemtradeList,2026-08-10T12:44:33.005143+00:00
2024-07,5501200000,ALL,,144277,428205,8035,13505,414700,korea_customs_service,https://apis.data.go.kr/1220000/Itemtrade/getItemtradeList,2026-08-10T12:44:33.005143+00:00
2024-08,5501200000,ALL,,105147,274536,211,11032,263504,korea_customs_service,https://apis.data.go.kr/1220000/Itemtrade/getItemtradeList,2026-08-10T12:44:33.005143+00:00
2024-09,5501200000,ALL,,117837,350128,572,35582,314546,korea_customs_service,https://apis.data.go.kr/1220000/Itemtrade/getItemtradeList,2026-08-10T12:44:33.005143+00:00
2024-10,5501200000,ALL,,181568,549841,0,0,549841,korea_customs_service,https://apis.data.go.kr/1220000/Itemtrade/getItemtradeList,2026-08-10T12:44:33.005143+00:00
2024-11,5501200000,ALL,,155420,457843,0,0,457843,korea_customs_service,https://apis.data.go.kr/1220000/Itemtrade/getItemtradeList,2026-08-10T12:44:33.005143+00:00
2024-12,5501200000,ALL,,159587,519901,1,47,519854,korea_customs_service,https://apis.data.go.kr/1220000/Itemtrade/getItemtradeList,2026-08-10T12:44:33.005143+00:00
2025-01,5501200000,ALL,,179593,591553,11264,18462,573091,korea_customs_service,https://apis.data.go.kr/1220000/Itemtrade/getItemtradeList,2026-08-10T12:44:33.305068+00:00
2025-02,5501200000,ALL,,195669,597629,1,72,597557,korea_customs_service,https://apis.data.go.kr/1220000/Itemtrade/getItemtradeList,2026-08-10T12:44:33.305068+00:00
2025-03,5501200000,ALL,,178747,527052,2876,13004,514048,korea_customs_service,https://apis.data.go.kr/1220000/Itemtrade/getItemtradeList,2026-08-10T12:44:33.305068+00:00
2025-04,5501200000,ALL,,184728,569981,76,303,569678,korea_customs_service,https://apis.data.go.kr/1220000/Itemtrade/getItemtradeList,2026-08-10T12:44:33.305068+00:00
2025-05,5501200000,ALL,,176618,570154,11,2025,568129,korea_customs_service,https://apis.data.go.kr/1220000/Itemtrade/getItemtradeList,2026-08-10T12:44:33.305068+00:00
2025-06,5501200000,ALL,,110350,372477,0,0,372477,korea_customs_service,https://apis.data.go.kr/1220000/Itemtrade/getItemtradeList,2026-08-10T12:44:33.305068+00:00
2025-07,5501200000,ALL,,283435,820599,0,96,820503,korea_customs_service,https://apis.data.go.kr/1220000/Itemtrade/getItemtradeList,2026-08-10T12:44:33.305068+00:00
2025-08,5501200000,ALL,,203032,586617,8005,13397,573220,korea_customs_service,https://apis.data.go.kr/1220000/Itemtrade/getItemtradeList,2026-08-10T12:44:33.305068+00:00
2025-09,5501200000,ALL,,220956,677678,251,1547,676131,korea_customs_service,https://apis.data.go.kr/1220000/Itemtrade/getItemtradeList,2026-08-10T12:44:33.305068+00:00
2025-10,5501200000,ALL,,245379,761154,9,170,760984,korea_customs_service,https://apis.data.go.kr/1220000/Itemtrade/getItemtradeList,2026-08-10T12:44:33.305068+00:00
2025-11,5501200000,ALL,,163125,526807,7,1144,525663,korea_customs_service,https://apis.data.go.kr/1220000/Itemtrade/getItemtradeList,2026-08-10T12:44:33.305068+00:00
2025-12,5501200000,ALL,,206975,612149,13,1304,610845,korea_customs_service,https://apis.data.go.kr/1220000/Itemtrade/getItemtradeList,2026-08-10T12:44:33.305068+00:00
2026-01,5501200000,ALL,,157045,442428,3,33,442395,korea_customs_service,https://apis.data.go.kr/1220000/Itemtrade/getItemtradeList,2026-08-10T12:44:33.614401+00:00
2026-02,5501200000,ALL,,132847,441504,4800,7356,434148,korea_customs_service,https://apis.data.go.kr/1220000/Itemtrade/getItemtradeList,2026-08-10T12:44:33.614401+00:00
2026-03,5501200000,ALL,,243740,667658,5,59,667599,korea_customs_service,https://apis.data.go.kr/1220000/Itemtrade/getItemtradeList,2026-08-10T12:44:33.614401+00:00
2026-04,5501200000,ALL,,158645,433857,2,26,433831,korea_customs_service,https://apis.data.go.kr/1220000/Itemtrade/getItemtradeList,2026-08-10T12:44:33.614401+00:00
2026-05,5501200000,ALL,,255223,724144,10312,19266,704878,korea_customs_service,https://apis.data.go.kr/1220000/Itemtrade/getItemtradeList,2026-08-10T12:44:33.614401+00:00
2026-06,5501200000,ALL,,267136,678602,0,16,678586,korea_customs_service,https://apis.data.go.kr/1220000/Itemtrade/getItemtradeList,2026-08-10T12:44:33.614401+00:00
2018-01,7601100000,ALL,,62302,142691,95196307,213873286,-213730595,korea_customs_service,https://apis.data.go.kr/1220000/Itemtrade/getItemtradeList,2026-08-10T15:32:41.108752+00:00
2018-02,7601100000,ALL,,38430,59459,74041298,169619391,-169559932,korea_customs_service,https://apis.data.go.kr/1220000/Itemtrade/getItemtradeList,2026-08-10T15:32:41.108752+00:00
2018-03,7601100000,ALL,,57490,93595,93451265,210378129,-210284534,korea_customs_service,https://apis.data.go.kr/1220000/Itemtrade/getItemtradeList,2026-08-10T15:32:41.108752+00:00
2018-04,7601100000,ALL,,43083,72974,81925036,185510918,-185437944,korea_customs_service,https://apis.data.go.kr/1220000/Itemtrade/getItemtradeList,2026-08-10T15:32:41.108752+00:00
2018-05,7601100000,ALL,,57954,92036,84988265,200765283,-200673247,korea_customs_service,https://apis.data.go.kr/1220000/Itemtrade/getItemtradeList,2026-08-10T15:32:41.108752+00:00
2018-06,7601100000,ALL,,38223,58984,84022305,199620733,-199561749,korea_customs_service,https://apis.data.go.kr/1220000/Itemtrade/getItemtradeList,2026-08-10T15:32:41.108752+00:00
2018-07,7601100000,ALL,,41842,71129,89570782,206125992,-206054863,korea_customs_service,https://apis.data.go.kr/1220000/Itemtrade/getItemtradeList,2026-08-10T15:32:41.108752+00:00
2018-08,7601100000,ALL,,51036,99852,75461412,169126256,-169026404,korea_customs_service,https://apis.data.go.kr/1220000/Itemtrade/getItemtradeList,2026-08-10T15:32:41.108752+00:00
2018-09,7601100000,ALL,,38074,56581,78085856,171540013,-171483432,korea_customs_service,https://apis.data.go.kr/1220000/Itemtrade/getItemtradeList,2026-08-10T15:32:41.108752+00:00
2018-10,7601100000,ALL,,40534,65805,85023398,182980309,-182914504,korea_customs_service,https://apis.data.go.kr/1220000/Itemtrade/getItemtradeList,2026-08-10T15:32:41.108752+00:00
2018-11,7601100000,ALL,,43114,100496,89673081,190375246,-190274750,korea_customs_service,https://apis.data.go.kr/1220000/Itemtrade/getItemtradeList,2026-08-10T15:32:41.108752+00:00
2018-12,7601100000,ALL,,271653,571313,77433533,161916068,-161344755,korea_customs_service,https://apis.data.go.kr/1220000/Itemtrade/getItemtradeList,2026-08-10T15:32:41.108752+00:00
2019-01,7601100000,ALL,,38530,66232,84266693,168795772,-168729540,korea_customs_service,https://apis.data.go.kr/1220000/Itemtrade/getItemtradeList,2026-08-10T15:32:41.428675+00:00
2019-02,7601100000,ALL,,38660,85573,68706070,135949281,-135863708,korea_customs_service,https://apis.data.go.kr/1220000/Itemtrade/getItemtradeList,2026-08-10T15:32:41.428675+00:00
2019-03,7601100000,ALL,,38352,63569,80619211,159606415,-159542846,korea_customs_service,https://apis.data.go.kr/1220000/Itemtrade/getItemtradeList,2026-08-10T15:32:41.428675+00:00
2019-04,7601100000,ALL,,42107,87568,88123639,173515021,-173427453,korea_customs_service,https://apis.data.go.kr/1220000/Itemtrade/getItemtradeList,2026-08-10T15:32:41.428675+00:00
2019-05,7601100000,ALL,,40885,68609,101374247,195520934,-195452325,korea_customs_service,https://apis.data.go.kr/1220000/Itemtrade/getItemtradeList,2026-08-10T15:32:41.428675+00:00
2019-06,7601100000,ALL,,65483,115761,90490348,171588382,-171472621,korea_customs_service,https://apis.data.go.kr/1220000/Itemtrade/getItemtradeList,2026-08-10T15:32:41.428675+00:00
2019-07,7601100000,ALL,,37788,54720,87247171,165662402,-165607682,korea_customs_service,https://apis.data.go.kr/1220000/Itemtrade/getItemtradeList,2026-08-10T15:32:41.428675+00:00
2019-08,7601100000,ALL,,37948,60059,92914869,175877771,-175817712,korea_customs_service,https://apis.data.go.kr/1220000/Itemtrade/getItemtradeList,2026-08-10T15:32:41.428675+00:00
2019-09,7601100000,ALL,,37878,61277,86481012,162325525,-162264248,korea_customs_service,https://apis.data.go.kr/1220000/Itemtrade/getItemtradeList,2026-08-10T15:32:41.428675+00:00
2019-10,7601100000,ALL,,41311,64081,99734315,185126438,-185062357,korea_customs_service,https://apis.data.go.kr/1220000/Itemtrade/getItemtradeList,2026-08-10T15:32:41.428675+00:00
2019-11,7601100000,ALL,,61877,152164,97312669,181982802,-181830638,korea_customs_service,https://apis.data.go.kr/1220000/Itemtrade/getItemtradeList,2026-08-10T15:32:41.428675+00:00
2019-12,7601100000,ALL,,39487,132724,92018776,171903391,-171770667,korea_customs_service,https://apis.data.go.kr/1220000/Itemtrade/getItemtradeList,2026-08-10T15:32:41.428675+00:00
2020-01,7601100000,ALL,,66428,110818,95097786,177689731,-177578913,korea_customs_service,https://apis.data.go.kr/1220000/Itemtrade/getItemtradeList,2026-08-10T15:32:41.753810+00:00
2020-02,7601100000,ALL,,39006,117223,76705649,140344849,-140227626,korea_customs_service,https://apis.data.go.kr/1220000/Itemtrade/getItemtradeList,2026-08-10T15:32:41.753810+00:00
2020-03,7601100000,ALL,,77243,111196,87473354,154393124,-154281928,korea_customs_service,https://apis.data.go.kr/1220000/Itemtrade/getItemtradeList,2026-08-10T15:32:41.753810+00:00
2020-04,7601100000,ALL,,63833,96399,90640852,150560960,-150464561,korea_customs_service,https://apis.data.go.kr/1220000/Itemtrade/getItemtradeList,2026-08-10T15:32:41.753810+00:00
2020-05,7601100000,ALL,,75559,390226,85278880,136243203,-135852977,korea_customs_service,https://apis.data.go.kr/1220000/Itemtrade/getItemtradeList,2026-08-10T15:32:41.753810+00:00
2020-06,7601100000,ALL,,41262,250914,89747573,144148684,-143897770,korea_customs_service,https://apis.data.go.kr/1220000/Itemtrade/getItemtradeList,2026-08-10T15:32:41.753810+00:00
2020-07,7601100000,ALL,,1037744,2199441,74173202,124874403,-122674962,korea_customs_service,https://apis.data.go.kr/1220000/Itemtrade/getItemtradeList,2026-08-10T15:32:41.753810+00:00
2020-08,7601100000,ALL,,361399,632910,77318082,135903963,-135271053,korea_customs_service,https://apis.data.go.kr/1220000/Itemtrade/getItemtradeList,2026-08-10T15:32:41.753810+00:00
2020-09,7601100000,ALL,,38572,50367,88496959,161608928,-161558561,korea_customs_service,https://apis.data.go.kr/1220000/Itemtrade/getItemtradeList,2026-08-10T15:32:41.753810+00:00
2020-10,7601100000,ALL,,63525,160513,86340792,160900203,-160739690,korea_customs_service,https://apis.data.go.kr/1220000/Itemtrade/getItemtradeList,2026-08-10T15:32:41.753810+00:00
2020-11,7601100000,ALL,,64980,275924,84784090,165799241,-165523317,korea_customs_service,https://apis.data.go.kr/1220000/Itemtrade/getItemtradeList,2026-08-10T15:32:41.753810+00:00
2020-12,7601100000,ALL,,612666,1360882,101760226,210447955,-209087073,korea_customs_service,https://apis.data.go.kr/1220000/Itemtrade/getItemtradeList,2026-08-10T15:32:41.753810+00:00
2021-01,7601100000,ALL,,119677,394335,100473182,214308166,-213913831,korea_customs_service,https://apis.data.go.kr/1220000/Itemtrade/getItemtradeList,2026-08-10T15:32:42.091413+00:00
2021-02,7601100000,ALL,,100006,393875,86538751,188917406,-188523531,korea_customs_service,https://apis.data.go.kr/1220000/Itemtrade/getItemtradeList,2026-08-10T15:32:42.091413+00:00
2021-03,7601100000,ALL,,40101,194042,104428014,239433235,-239239193,korea_customs_service,https://apis.data.go.kr/1220000/Itemtrade/getItemtradeList,2026-08-10T15:32:42.091413+00:00
2021-04,7601100000,ALL,,45020,247050,107543086,256977063,-256730013,korea_customs_service,https://apis.data.go.kr/1220000/Itemtrade/getItemtradeList,2026-08-10T15:32:42.091413+00:00
2021-05,7601100000,ALL,,87753,335081,86850245,217922891,-217587810,korea_customs_service,https://apis.data.go.kr/1220000/Itemtrade/getItemtradeList,2026-08-10T15:32:42.091413+00:00
2021-06,7601100000,ALL,,44020,195460,94264779,244825127,-244629667,korea_customs_service,https://apis.data.go.kr/1220000/Itemtrade/getItemtradeList,2026-08-10T15:32:42.091413+00:00
2021-07,7601100000,ALL,,63997,346686,87994209,231113272,-230766586,korea_customs_service,https://apis.data.go.kr/1220000/Itemtrade/getItemtradeList,2026-08-10T15:32:42.091413+00:00
2021-08,7601100000,ALL,,62479,286369,92164039,250401739,-250115370,korea_customs_service,https://apis.data.go.kr/1220000/Itemtrade/getItemtradeList,2026-08-10T15:32:42.091413+00:00
2021-09,7601100000,ALL,,63551,300791,90936310,259598676,-259297885,korea_customs_service,https://apis.data.go.kr/1220000/Itemtrade/getItemtradeList,2026-08-10T15:32:42.091413+00:00
2021-10,7601100000,ALL,,40794,182114,89721171,268916236,-268734122,korea_customs_service,https://apis.data.go.kr/1220000/Itemtrade/getItemtradeList,2026-08-10T15:32:42.091413+00:00
2021-11,7601100000,ALL,,64211,295512,98730739,299495533,-299200021,korea_customs_service,https://apis.data.go.kr/1220000/Itemtrade/getItemtradeList,2026-08-10T15:32:42.091413+00:00
2021-12,7601100000,ALL,,119978,1090865,104031601,315581184,-314490319,korea_customs_service,https://apis.data.go.kr/1220000/Itemtrade/getItemtradeList,2026-08-10T15:32:42.091413+00:00
2022-01,7601100000,ALL,,39849,186191,110241345,339384358,-339198167,korea_customs_service,https://apis.data.go.kr/1220000/Itemtrade/getItemtradeList,2026-08-10T15:32:42.413705+00:00
2022-02,7601100000,ALL,,64881,206195,72929851,243023167,-242816972,korea_customs_service,https://apis.data.go.kr/1220000/Itemtrade/getItemtradeList,2026-08-10T15:32:42.413705+00:00
2022-03,7601100000,ALL,,41400,317653,103211571,358330665,-358013012,korea_customs_service,https://apis.data.go.kr/1220000/Itemtrade/getItemtradeList,2026-08-10T15:32:42.413705+00:00
2022-04,7601100000,ALL,,70657,262205,83149622,293164272,-292902067,korea_customs_service,https://apis.data.go.kr/1220000/Itemtrade/getItemtradeList,2026-08-10T15:32:42.413705+00:00
2022-05,7601100000,ALL,,62775,245973,85432511,280465657,-280219684,korea_customs_service,https://apis.data.go.kr/1220000/Itemtrade/getItemtradeList,2026-08-10T15:32:42.413705+00:00
2022-06,7601100000,ALL,,111670,440481,78433895,235038570,-234598089,korea_customs_service,https://apis.data.go.kr/1220000/Itemtrade/getItemtradeList,2026-08-10T15:32:42.413705+00:00
2022-07,7601100000,ALL,,138316,493942,91145656,252586785,-252092843,korea_customs_service,https://apis.data.go.kr/1220000/Itemtrade/getItemtradeList,2026-08-10T15:32:42.413705+00:00
2022-08,7601100000,ALL,,185305,489358,91822635,244162729,-243673371,korea_customs_service,https://apis.data.go.kr/1220000/Itemtrade/getItemtradeList,2026-08-10T15:32:42.413705+00:00
2022-09,7601100000,ALL,,65427,155485,98247094,249946964,-249791479,korea_customs_service,https://apis.data.go.kr/1220000/Itemtrade/getItemtradeList,2026-08-10T15:32:42.413705+00:00
2022-10,7601100000,ALL,,43090,109723,92665458,226583779,-226474056,korea_customs_service,https://apis.data.go.kr/1220000/Itemtrade/getItemtradeList,2026-08-10T15:32:42.413705+00:00
2022-11,7601100000,ALL,,54390,104466,88826857,217396501,-217292035,korea_customs_service,https://apis.data.go.kr/1220000/Itemtrade/getItemtradeList,2026-08-10T15:32:42.413705+00:00
2022-12,7601100000,ALL,,66698,140099,77266690,193389209,-193249110,korea_customs_service,https://apis.data.go.kr/1220000/Itemtrade/getItemtradeList,2026-08-10T15:32:42.413705+00:00
2023-01,7601100000,ALL,,81985,222445,95376383,241662280,-241439835,korea_customs_service,https://apis.data.go.kr/1220000/Itemtrade/getItemtradeList,2026-08-10T15:32:42.732270+00:00
2023-02,7601100000,ALL,,80060,327084,69365019,178123589,-177796505,korea_customs_service,https://apis.data.go.kr/1220000/Itemtrade/getItemtradeList,2026-08-10T15:32:42.732270+00:00
2023-03,7601100000,ALL,,71590,221968,90281026,224209672,-223987704,korea_customs_service,https://apis.data.go.kr/1220000/Itemtrade/getItemtradeList,2026-08-10T15:32:42.732270+00:00
2023-04,7601100000,ALL,,81588,192105,89069599,218580853,-218388748,korea_customs_service,https://apis.data.go.kr/1220000/Itemtrade/getItemtradeList,2026-08-10T15:32:42.732270+00:00
2023-05,7601100000,ALL,,49225,180104,92052576,226006731,-225826627,korea_customs_service,https://apis.data.go.kr/1220000/Itemtrade/getItemtradeList,2026-08-10T15:32:42.732270+00:00
2023-06,7601100000,ALL,,74893,228796,99020414,240235959,-240007163,korea_customs_service,https://apis.data.go.kr/1220000/Itemtrade/getItemtradeList,2026-08-10T15:32:42.732270+00:00
2023-07,7601100000,ALL,,120868,86819,102888311,242236170,-242149351,korea_customs_service,https://apis.data.go.kr/1220000/Itemtrade/getItemtradeList,2026-08-10T15:32:42.732270+00:00
2023-08,7601100000,ALL,,45519,227860,106397867,247980315,-247752455,korea_customs_service,https://apis.data.go.kr/1220000/Itemtrade/getItemtradeList,2026-08-10T15:32:42.732270+00:00
2023-09,7601100000,ALL,,207748,249000,89887355,207989111,-207740111,korea_customs_service,https://apis.data.go.kr/1220000/Itemtrade/getItemtradeList,2026-08-10T15:32:42.732270+00:00
2023-10,7601100000,ALL,,169632,281471,85731999,199675833,-199394362,korea_customs_service,https://apis.data.go.kr/1220000/Itemtrade/getItemtradeList,2026-08-10T15:32:42.732270+00:00
2023-11,7601100000,ALL,,248038,222376,91221400,213025243,-212802867,korea_customs_service,https://apis.data.go.kr/1220000/Itemtrade/getItemtradeList,2026-08-10T15:32:42.732270+00:00
2023-12,7601100000,ALL,,740577,1759289,82904433,191383683,-189624394,korea_customs_service,https://apis.data.go.kr/1220000/Itemtrade/getItemtradeList,2026-08-10T15:32:42.732270+00:00
2024-01,7601100000,ALL,,325335,428271,100334424,231770376,-231342105,korea_customs_service,https://apis.data.go.kr/1220000/Itemtrade/getItemtradeList,2026-08-10T15:32:43.022164+00:00
2024-02,7601100000,ALL,,44441,182036,86211518,198667847,-198485811,korea_customs_service,https://apis.data.go.kr/1220000/Itemtrade/getItemtradeList,2026-08-10T15:32:43.022164+00:00
2024-03,7601100000,ALL,,153787,363126,96315496,224107563,-223744437,korea_customs_service,https://apis.data.go.kr/1220000/Itemtrade/getItemtradeList,2026-08-10T15:32:43.022164+00:00
2024-04,7601100000,ALL,,363748,638064,107345779,263500091,-262862027,korea_customs_service,https://apis.data.go.kr/1220000/Itemtrade/getItemtradeList,2026-08-10T15:32:43.022164+00:00
2024-05,7601100000,ALL,,138836,303442,92018211,246174228,-245870786,korea_customs_service,https://apis.data.go.kr/1220000/Itemtrade/getItemtradeList,2026-08-10T15:32:43.022164+00:00
2024-06,7601100000,ALL,,458658,466931,87308458,233368788,-232901857,korea_customs_service,https://apis.data.go.kr/1220000/Itemtrade/getItemtradeList,2026-08-10T15:32:43.022164+00:00
2024-07,7601100000,ALL,,289675,455273,92279490,241312023,-240856750,korea_customs_service,https://apis.data.go.kr/1220000/Itemtrade/getItemtradeList,2026-08-10T15:32:43.022164+00:00
2024-08,7601100000,ALL,,310330,455455,102697703,263993557,-263538102,korea_customs_service,https://apis.data.go.kr/1220000/Itemtrade/getItemtradeList,2026-08-10T15:32:43.022164+00:00
2024-09,7601100000,ALL,,129155,221346,89225731,233101646,-232880300,korea_customs_service,https://apis.data.go.kr/1220000/Itemtrade/getItemtradeList,2026-08-10T15:32:43.022164+00:00
2024-10,7601100000,ALL,,264307,347263,94562962,252083076,-251735813,korea_customs_service,https://apis.data.go.kr/1220000/Itemtrade/getItemtradeList,2026-08-10T15:32:43.022164+00:00
2024-11,7601100000,ALL,,227856,339604,94399282,256694488,-256354884,korea_customs_service,https://apis.data.go.kr/1220000/Itemtrade/getItemtradeList,2026-08-10T15:32:43.022164+00:00
2024-12,7601100000,ALL,,78093,321383,78637152,218728614,-218407231,korea_customs_service,https://apis.data.go.kr/1220000/Itemtrade/getItemtradeList,2026-08-10T15:32:43.022164+00:00
2025-01,7601100000,ALL,,102349,379844,82962966,228783776,-228403932,korea_customs_service,https://apis.data.go.kr/1220000/Itemtrade/getItemtradeList,2026-08-10T15:32:43.309408+00:00
2025-02,7601100000,ALL,,139962,350616,88174041,248283979,-247933363,korea_customs_service,https://apis.data.go.kr/1220000/Itemtrade/getItemtradeList,2026-08-10T15:32:43.309408+00:00
2025-03,7601100000,ALL,,105417,336480,95602291,274334857,-273998377,korea_customs_service,https://apis.data.go.kr/1220000/Itemtrade/getItemtradeList,2026-08-10T15:32:43.309408+00:00
2025-04,7601100000,ALL,,162963,291274,111956208,306746736,-306455462,korea_customs_service,https://apis.data.go.kr/1220000/Itemtrade/getItemtradeList,2026-08-10T15:32:43.309408+00:00
2025-05,7601100000,ALL,,42826,89633,112193899,300351398,-300261765,korea_customs_service,https://apis.data.go.kr/1220000/Itemtrade/getItemtradeList,2026-08-10T15:32:43.309408+00:00
2025-06,7601100000,ALL,,340159,505631,97066899,257349658,-256844027,korea_customs_service,https://apis.data.go.kr/1220000/Itemtrade/getItemtradeList,2026-08-10T15:32:43.309408+00:00
2025-07,7601100000,ALL,,184154,207363,93415611,251564158,-251356795,korea_customs_service,https://apis.data.go.kr/1220000/Itemtrade/getItemtradeList,2026-08-10T15:32:43.309408+00:00
2025-08,7601100000,ALL,,64520,71880,101218284,271905000,-271833120,korea_customs_service,https://apis.data.go.kr/1220000/Itemtrade/getItemtradeList,2026-08-10T15:32:43.309408+00:00
2025-09,7601100000,ALL,,538639,1226337,105594876,292598411,-291372074,korea_customs_service,https://apis.data.go.kr/1220000/Itemtrade/getItemtradeList,2026-08-10T15:32:43.309408+00:00
2025-10,7601100000,ALL,,20330,55203,77747913,218678948,-218623745,korea_customs_service,https://apis.data.go.kr/1220000/Itemtrade/getItemtradeList,2026-08-10T15:32:43.309408+00:00
2025-11,7601100000,ALL,,26411,71769,84592479,242211617,-242139848,korea_customs_service,https://apis.data.go.kr/1220000/Itemtrade/getItemtradeList,2026-08-10T15:32:43.309408+00:00
2025-12,7601100000,ALL,,19293,37377,77623152,226472476,-226435099,korea_customs_service,https://apis.data.go.kr/1220000/Itemtrade/getItemtradeList,2026-08-10T15:32:43.309408+00:00
2026-01,7601100000,ALL,,23301,63428,110839811,347871264,-347807836,korea_customs_service,https://apis.data.go.kr/1220000/Itemtrade/getItemtradeList,2026-08-10T15:32:43.602370+00:00
2026-02,7601100000,ALL,,24515,72435,65384224,213266903,-213194468,korea_customs_service,https://apis.data.go.kr/1220000/Itemtrade/getItemtradeList,2026-08-10T15:32:43.602370+00:00
2026-03,7601100000,ALL,,232764,731855,93822817,317686376,-316954521,korea_customs_service,https://apis.data.go.kr/1220000/Itemtrade/getItemtradeList,2026-08-10T15:32:43.602370+00:00
2026-04,7601100000,ALL,,44732,133088,100899909,376640333,-376507245,korea_customs_service,https://apis.data.go.kr/1220000/Itemtrade/getItemtradeList,2026-08-10T15:32:43.602370+00:00
2026-05,7601100000,ALL,,12303,36167,97646103,384015724,-383979557,korea_customs_service,https://apis.data.go.kr/1220000/Itemtrade/getItemtradeList,2026-08-10T15:32:43.602370+00:00
2026-06,7601100000,ALL,,505284,1886463,90471172,357119089,-355232626,korea_customs_service,https://apis.data.go.kr/1220000/Itemtrade/getItemtradeList,2026-08-10T15:32:43.602370+00:00
2018-01,9018310000,ALL,,335484,3998918,217912,5572396,-1573478,korea_customs_service,https://apis.data.go.kr/1220000/Itemtrade/getItemtradeList,2026-08-10T15:32:43.761279+00:00
2018-02,9018310000,ALL,,217352,2384890,166295,4248151,-1863261,korea_customs_service,https://apis.data.go.kr/1220000/Itemtrade/getItemtradeList,2026-08-10T15:32:43.761279+00:00
2018-03,9018310000,ALL,,376796,3891001,169826,4541826,-650825,korea_customs_service,https://apis.data.go.kr/1220000/Itemtrade/getItemtradeList,2026-08-10T15:32:43.761279+00:00
2018-04,9018310000,ALL,,290317,3129235,116538,3412842,-283607,korea_customs_service,https://apis.data.go.kr/1220000/Itemtrade/getItemtradeList,2026-08-10T15:32:43.761279+00:00
2018-05,9018310000,ALL,,306880,3456637,187372,6580374,-3123737,korea_customs_service,https://apis.data.go.kr/1220000/Itemtrade/getItemtradeList,2026-08-10T15:32:43.761279+00:00
2018-06,9018310000,ALL,,289620,3500167,153182,4476770,-976603,korea_customs_service,https://apis.data.go.kr/1220000/Itemtrade/getItemtradeList,2026-08-10T15:32:43.761279+00:00
2018-07,9018310000,ALL,,345543,3515532,161191,5275898,-1760366,korea_customs_service,https://apis.data.go.kr/1220000/Itemtrade/getItemtradeList,2026-08-10T15:32:43.761279+00:00
2018-08,9018310000,ALL,,276615,3102682,147526,4664091,-1561409,korea_customs_service,https://apis.data.go.kr/1220000/Itemtrade/getItemtradeList,2026-08-10T15:32:43.761279+00:00
2018-09,9018310000,ALL,,289262,2940195,107235,3161993,-221798,korea_customs_service,https://apis.data.go.kr/1220000/Itemtrade/getItemtradeList,2026-08-10T15:32:43.761279+00:00
2018-10,9018310000,ALL,,271840,2927160,192081,6304512,-3377352,korea_customs_service,https://apis.data.go.kr/1220000/Itemtrade/getItemtradeList,2026-08-10T15:32:43.761279+00:00
2018-11,9018310000,ALL,,261043,3165122,109376,3330559,-165437,korea_customs_service,https://apis.data.go.kr/1220000/Itemtrade/getItemtradeList,2026-08-10T15:32:43.761279+00:00
2018-12,9018310000,ALL,,309649,2977013,173317,4603327,-1626314,korea_customs_service,https://apis.data.go.kr/1220000/Itemtrade/getItemtradeList,2026-08-10T15:32:43.761279+00:00
2019-01,9018310000,ALL,,215577,2378213,211302,5924294,-3546081,korea_customs_service,https://apis.data.go.kr/1220000/Itemtrade/getItemtradeList,2026-08-10T15:32:44.083390+00:00
2019-02,9018310000,ALL,,224313,2447211,158345,3973895,-1526684,korea_customs_service,https://apis.data.go.kr/1220000/Itemtrade/getItemtradeList,2026-08-10T15:32:44.083390+00:00
2019-03,9018310000,ALL,,265677,2614217,246969,5993742,-3379525,korea_customs_service,https://apis.data.go.kr/1220000/Itemtrade/getItemtradeList,2026-08-10T15:32:44.083390+00:00
2019-04,9018310000,ALL,,363454,3484826,239896,7036471,-3551645,korea_customs_service,https://apis.data.go.kr/1220000/Itemtrade/getItemtradeList,2026-08-10T15:32:44.083390+00:00
2019-05,9018310000,ALL,,286723,2757132,264174,5390137,-2633005,korea_customs_service,https://apis.data.go.kr/1220000/Itemtrade/getItemtradeList,2026-08-10T15:32:44.083390+00:00
2019-06,9018310000,ALL,,237755,2877414,281563,6541182,-3663768,korea_customs_service,https://apis.data.go.kr/1220000/Itemtrade/getItemtradeList,2026-08-10T15:32:44.083390+00:00
2019-07,9018310000,ALL,,277418,3229032,273368,6355130,-3126098,korea_customs_service,https://apis.data.go.kr/1220000/Itemtrade/getItemtradeList,2026-08-10T15:32:44.083390+00:00
2019-08,9018310000,ALL,,224299,2546893,324014,6499732,-3952839,korea_customs_service,https://apis.data.go.kr/1220000/Itemtrade/getItemtradeList,2026-08-10T15:32:44.083390+00:00
2019-09,9018310000,ALL,,268236,3177243,280917,4448538,-1271295,korea_customs_service,https://apis.data.go.kr/1220000/Itemtrade/getItemtradeList,2026-08-10T15:32:44.083390+00:00
2019-10,9018310000,ALL,,206996,2220043,285604,5492856,-3272813,korea_customs_service,https://apis.data.go.kr/1220000/Itemtrade/getItemtradeList,2026-08-10T15:32:44.083390+00:00
2019-11,9018310000,ALL,,186354,2422255,261146,5120918,-2698663,korea_customs_service,https://apis.data.go.kr/1220000/Itemtrade/getItemtradeList,2026-08-10T15:32:44.083390+00:00
2019-12,9018310000,ALL,,169532,2066994,240104,4418703,-2351709,korea_customs_service,https://apis.data.go.kr/1220000/Itemtrade/getItemtradeList,2026-08-10T15:32:44.083390+00:00
2020-01,9018310000,ALL,,198836,2196906,281721,3486041,-1289135,korea_customs_service,https://apis.data.go.kr/1220000/Itemtrade/getItemtradeList,2026-08-10T15:32:44.403069+00:00
2020-02,9018310000,ALL,,208384,2800116,249982,2716545,83571,korea_customs_service,https://apis.data.go.kr/1220000/Itemtrade/getItemtradeList,2026-08-10T15:32:44.403069+00:00
2020-03,9018310000,ALL,,257995,2972119,321157,4083307,-1111188,korea_customs_service,https://apis.data.go.kr/1220000/Itemtrade/getItemtradeList,2026-08-10T15:32:44.403069+00:00
2020-04,9018310000,ALL,,319417,3522132,257545,3905718,-383586,korea_customs_service,https://apis.data.go.kr/1220000/Itemtrade/getItemtradeList,2026-08-10T15:32:44.403069+00:00
2020-05,9018310000,ALL,,266203,3025907,201076,3963119,-937212,korea_customs_service,https://apis.data.go.kr/1220000/Itemtrade/getItemtradeList,2026-08-10T15:32:44.403069+00:00
2020-06,9018310000,ALL,,299663,3198701,386313,7924640,-4725939,korea_customs_service,https://apis.data.go.kr/1220000/Itemtrade/getItemtradeList,2026-08-10T15:32:44.403069+00:00
2020-07,9018310000,ALL,,278000,2910009,238167,4908521,-1998512,korea_customs_service,https://apis.data.go.kr/1220000/Itemtrade/getItemtradeList,2026-08-10T15:32:44.403069+00:00
2020-08,9018310000,ALL,,183648,2211559,340709,6916792,-4705233,korea_customs_service,https://apis.data.go.kr/1220000/Itemtrade/getItemtradeList,2026-08-10T15:32:44.403069+00:00
2020-09,9018310000,ALL,,231536,2339927,287079,3552908,-1212981,korea_customs_service,https://apis.data.go.kr/1220000/Itemtrade/getItemtradeList,2026-08-10T15:32:44.403069+00:00
2020-10,9018310000,ALL,,198381,2150109,305414,6001095,-3850986,korea_customs_service,https://apis.data.go.kr/1220000/Itemtrade/getItemtradeList,2026-08-10T15:32:44.403069+00:00
2020-11,9018310000,ALL,,279810,3212931,312590,6098965,-2886034,korea_customs_service,https://apis.data.go.kr/1220000/Itemtrade/getItemtradeList,2026-08-10T15:32:44.403069+00:00
2020-12,9018310000,ALL,,238328,2646122,355722,7343666,-4697544,korea_customs_service,https://apis.data.go.kr/1220000/Itemtrade/getItemtradeList,2026-08-10T15:32:44.403069+00:00
2021-01,9018310000,ALL,,248081,3303826,275562,5092229,-1788403,korea_customs_service,https://apis.data.go.kr/1220000/Itemtrade/getItemtradeList,2026-08-10T15:32:44.696462+00:00
2021-02,9018310000,ALL,,266184,3289017,285134,7123361,-3834344,korea_customs_service,https://apis.data.go.kr/1220000/Itemtrade/getItemtradeList,2026-08-10T15:32:44.696462+00:00
2021-03,9018310000,ALL,,403841,5371720,344464,8326330,-2954610,korea_customs_service,https://apis.data.go.kr/1220000/Itemtrade/getItemtradeList,2026-08-10T15:32:44.696462+00:00
2021-04,9018310000,ALL,,345558,5853934,358997,7148840,-1294906,korea_customs_service,https://apis.data.go.kr/1220000/Itemtrade/getItemtradeList,2026-08-10T15:32:44.696462+00:00
2021-05,9018310000,ALL,,319992,5609998,375761,6152830,-542832,korea_customs_service,https://apis.data.go.kr/1220000/Itemtrade/getItemtradeList,2026-08-10T15:32:44.696462+00:00
2021-06,9018310000,ALL,,352416,6412538,427199,10322005,-3909467,korea_customs_service,https://apis.data.go.kr/1220000/Itemtrade/getItemtradeList,2026-08-10T15:32:44.696462+00:00
2021-07,9018310000,ALL,,351545,8176288,569683,11966125,-3789837,korea_customs_service,https://apis.data.go.kr/1220000/Itemtrade/getItemtradeList,2026-08-10T15:32:44.696462+00:00
2021-08,9018310000,ALL,,391028,9169612,379149,6529864,2639748,korea_customs_service,https://apis.data.go.kr/1220000/Itemtrade/getItemtradeList,2026-08-10T15:32:44.696462+00:00
2021-09,9018310000,ALL,,289467,3696238,337825,6802626,-3106388,korea_customs_service,https://apis.data.go.kr/1220000/Itemtrade/getItemtradeList,2026-08-10T15:32:44.696462+00:00
2021-10,9018310000,ALL,,301847,3608157,422962,7534062,-3925905,korea_customs_service,https://apis.data.go.kr/1220000/Itemtrade/getItemtradeList,2026-08-10T15:32:44.696462+00:00
2021-11,9018310000,ALL,,328756,3653666,369937,5441907,-1788241,korea_customs_service,https://apis.data.go.kr/1220000/Itemtrade/getItemtradeList,2026-08-10T15:32:44.696462+00:00
2021-12,9018310000,ALL,,384041,3999105,299949,5593320,-1594215,korea_customs_service,https://apis.data.go.kr/1220000/Itemtrade/getItemtradeList,2026-08-10T15:32:44.696462+00:00
2022-01,9018310000,ALL,,318513,3364044,496976,9297108,-5933064,korea_customs_service,https://apis.data.go.kr/1220000/Itemtrade/getItemtradeList,2026-08-10T15:32:45.019842+00:00
2022-02,9018310000,ALL,,347259,3791870,384439,6566041,-2774171,korea_customs_service,https://apis.data.go.kr/1220000/Itemtrade/getItemtradeList,2026-08-10T15:32:45.019842+00:00
2022-03,9018310000,ALL,,324994,3468270,327335,7863813,-4395543,korea_customs_service,https://apis.data.go.kr/1220000/Itemtrade/getItemtradeList,2026-08-10T15:32:45.019842+00:00
2022-04,9018310000,ALL,,305941,3302872,459707,8511150,-5208278,korea_customs_service,https://apis.data.go.kr/1220000/Itemtrade/getItemtradeList,2026-08-10T15:32:45.019842+00:00
2022-05,9018310000,ALL,,313029,3675840,504433,8701249,-5025409,korea_customs_service,https://apis.data.go.kr/1220000/Itemtrade/getItemtradeList,2026-08-10T15:32:45.019842+00:00
2022-06,9018310000,ALL,,246822,2615750,426070,9201107,-6585357,korea_customs_service,https://apis.data.go.kr/1220000/Itemtrade/getItemtradeList,2026-08-10T15:32:45.019842+00:00
2022-07,9018310000,ALL,,197930,2577036,417918,9240294,-6663258,korea_customs_service,https://apis.data.go.kr/1220000/Itemtrade/getItemtradeList,2026-08-10T15:32:45.019842+00:00
2022-08,9018310000,ALL,,273563,3291970,612957,10840098,-7548128,korea_customs_service,https://apis.data.go.kr/1220000/Itemtrade/getItemtradeList,2026-08-10T15:32:45.019842+00:00
2022-09,9018310000,ALL,,253129,2898484,369946,6406677,-3508193,korea_customs_service,https://apis.data.go.kr/1220000/Itemtrade/getItemtradeList,2026-08-10T15:32:45.019842+00:00
2022-10,9018310000,ALL,,195216,2418925,313724,4335527,-1916602,korea_customs_service,https://apis.data.go.kr/1220000/Itemtrade/getItemtradeList,2026-08-10T15:32:45.019842+00:00
2022-11,9018310000,ALL,,187246,2155868,306717,8298701,-6142833,korea_customs_service,https://apis.data.go.kr/1220000/Itemtrade/getItemtradeList,2026-08-10T15:32:45.019842+00:00
2022-12,9018310000,ALL,,274462,3442659,574842,8686648,-5243989,korea_customs_service,https://apis.data.go.kr/1220000/Itemtrade/getItemtradeList,2026-08-10T15:32:45.019842+00:00
2023-01,9018310000,ALL,,162838,1923581,445184,8998185,-7074604,korea_customs_service,https://apis.data.go.kr/1220000/Itemtrade/getItemtradeList,2026-08-10T15:32:45.326054+00:00
2023-02,9018310000,ALL,,242312,2944537,351278,8124559,-5180022,korea_customs_service,https://apis.data.go.kr/1220000/Itemtrade/getItemtradeList,2026-08-10T15:32:45.326054+00:00
2023-03,9018310000,ALL,,197769,2598000,488286,7559251,-4961251,korea_customs_service,https://apis.data.go.kr/1220000/Itemtrade/getItemtradeList,2026-08-10T15:32:45.326054+00:00
2023-04,9018310000,ALL,,232667,2793527,334316,7364531,-4571004,korea_customs_service,https://apis.data.go.kr/1220000/Itemtrade/getItemtradeList,2026-08-10T15:32:45.326054+00:00
2023-05,9018310000,ALL,,221780,2454056,493729,8888650,-6434594,korea_customs_service,https://apis.data.go.kr/1220000/Itemtrade/getItemtradeList,2026-08-10T15:32:45.326054+00:00
2023-06,9018310000,ALL,,186978,2640355,508673,10416174,-7775819,korea_customs_service,https://apis.data.go.kr/1220000/Itemtrade/getItemtradeList,2026-08-10T15:32:45.326054+00:00
2023-07,9018310000,ALL,,228464,3232121,415912,8759139,-5527018,korea_customs_service,https://apis.data.go.kr/1220000/Itemtrade/getItemtradeList,2026-08-10T15:32:45.326054+00:00
2023-08,9018310000,ALL,,205946,2759127,479264,11506723,-8747596,korea_customs_service,https://apis.data.go.kr/1220000/Itemtrade/getItemtradeList,2026-08-10T15:32:45.326054+00:00
2023-09,9018310000,ALL,,243173,3117325,368917,5829571,-2712246,korea_customs_service,https://apis.data.go.kr/1220000/Itemtrade/getItemtradeList,2026-08-10T15:32:45.326054+00:00
2023-10,9018310000,ALL,,185559,3121585,406114,10520708,-7399123,korea_customs_service,https://apis.data.go.kr/1220000/Itemtrade/getItemtradeList,2026-08-10T15:32:45.326054+00:00
2023-11,9018310000,ALL,,269477,3763706,415675,7295002,-3531296,korea_customs_service,https://apis.data.go.kr/1220000/Itemtrade/getItemtradeList,2026-08-10T15:32:45.326054+00:00
2023-12,9018310000,ALL,,253089,3243145,296203,7797056,-4553911,korea_customs_service,https://apis.data.go.kr/1220000/Itemtrade/getItemtradeList,2026-08-10T15:32:45.326054+00:00
2024-01,9018310000,ALL,,251504,3403174,396899,8646811,-5243637,korea_customs_service,https://apis.data.go.kr/1220000/Itemtrade/getItemtradeList,2026-08-10T15:32:45.602800+00:00
2024-02,9018310000,ALL,,234955,3640430,479764,9331257,-5690827,korea_customs_service,https://apis.data.go.kr/1220000/Itemtrade/getItemtradeList,2026-08-10T15:32:45.602800+00:00
2024-03,9018310000,ALL,,285370,3465826,375974,9996384,-6530558,korea_customs_service,https://apis.data.go.kr/1220000/Itemtrade/getItemtradeList,2026-08-10T15:32:45.602800+00:00
2024-04,9018310000,ALL,,282142,3500018,333355,10473252,-6973234,korea_customs_service,https://apis.data.go.kr/1220000/Itemtrade/getItemtradeList,2026-08-10T15:32:45.602800+00:00
2024-05,9018310000,ALL,,193927,2771146,382677,10522389,-7751243,korea_customs_service,https://apis.data.go.kr/1220000/Itemtrade/getItemtradeList,2026-08-10T15:32:45.602800+00:00
2024-06,9018310000,ALL,,321273,3650573,438176,10965943,-7315370,korea_customs_service,https://apis.data.go.kr/1220000/Itemtrade/getItemtradeList,2026-08-10T15:32:45.602800+00:00
2024-07,9018310000,ALL,,319026,3812538,413201,11612954,-7800416,korea_customs_service,https://apis.data.go.kr/1220000/Itemtrade/getItemtradeList,2026-08-10T15:32:45.602800+00:00
2024-08,9018310000,ALL,,298158,3271702,407748,9915750,-6644048,korea_customs_service,https://apis.data.go.kr/1220000/Itemtrade/getItemtradeList,2026-08-10T15:32:45.602800+00:00
2024-09,9018310000,ALL,,317750,4336619,418930,11888082,-7551463,korea_customs_service,https://apis.data.go.kr/1220000/Itemtrade/getItemtradeList,2026-08-10T15:32:45.602800+00:00
2024-10,9018310000,ALL,,346701,4610822,345190,11315637,-6704815,korea_customs_service,https://apis.data.go.kr/1220000/Itemtrade/getItemtradeList,2026-08-10T15:32:45.602800+00:00
2024-11,9018310000,ALL,,287371,3235076,472871,9624083,-6389007,korea_customs_service,https://apis.data.go.kr/1220000/Itemtrade/getItemtradeList,2026-08-10T15:32:45.602800+00:00
2024-12,9018310000,ALL,,297964,3514217,331903,7595763,-4081546,korea_customs_service,https://apis.data.go.kr/1220000/Itemtrade/getItemtradeList,2026-08-10T15:32:45.602800+00:00
2025-01,9018310000,ALL,,210098,2624255,348912,10857633,-8233378,korea_customs_service,https://apis.data.go.kr/1220000/Itemtrade/getItemtradeList,2026-08-10T15:32:45.904540+00:00
2025-02,9018310000,ALL,,250909,3434585,518003,12398905,-8964320,korea_customs_service,https://apis.data.go.kr/1220000/Itemtrade/getItemtradeList,2026-08-10T15:32:45.904540+00:00
2025-03,9018310000,ALL,,300400,4120593,400431,12009562,-7888969,korea_customs_service,https://apis.data.go.kr/1220000/Itemtrade/getItemtradeList,2026-08-10T15:32:45.904540+00:00
2025-04,9018310000,ALL,,376450,4460272,382478,10057066,-5596794,korea_customs_service,https://apis.data.go.kr/1220000/Itemtrade/getItemtradeList,2026-08-10T15:32:45.904540+00:00
2025-05,9018310000,ALL,,288151,3305925,344447,7727080,-4421155,korea_customs_service,https://apis.data.go.kr/1220000/Itemtrade/getItemtradeList,2026-08-10T15:32:45.904540+00:00
2025-06,9018310000,ALL,,231690,3372841,441198,13864482,-10491641,korea_customs_service,https://apis.data.go.kr/1220000/Itemtrade/getItemtradeList,2026-08-10T15:32:45.904540+00:00
2025-07,9018310000,ALL,,343281,4031816,462687,17096184,-13064368,korea_customs_service,https://apis.data.go.kr/1220000/Itemtrade/getItemtradeList,2026-08-10T15:32:45.904540+00:00
2025-08,9018310000,ALL,,258131,3042526,456563,17217745,-14175219,korea_customs_service,https://apis.data.go.kr/1220000/Itemtrade/getItemtradeList,2026-08-10T15:32:45.904540+00:00
2025-09,9018310000,ALL,,545444,5475770,458451,12546300,-7070530,korea_customs_service,https://apis.data.go.kr/1220000/Itemtrade/getItemtradeList,2026-08-10T15:32:45.904540+00:00
2025-10,9018310000,ALL,,297834,3183472,413875,7750082,-4566610,korea_customs_service,https://apis.data.go.kr/1220000/Itemtrade/getItemtradeList,2026-08-10T15:32:45.904540+00:00
2025-11,9018310000,ALL,,414445,4402883,478153,10355673,-5952790,korea_customs_service,https://apis.data.go.kr/1220000/Itemtrade/getItemtradeList,2026-08-10T15:32:45.904540+00:00
2025-12,9018310000,ALL,,534862,5753270,407012,9378312,-3625042,korea_customs_service,https://apis.data.go.kr/1220000/Itemtrade/getItemtradeList,2026-08-10T15:32:45.904540+00:00
2026-01,9018310000,ALL,,480571,5754274,392974,11857917,-6103643,korea_customs_service,https://apis.data.go.kr/1220000/Itemtrade/getItemtradeList,2026-08-10T15:32:46.179285+00:00
2026-02,9018310000,ALL,,408806,4054415,392926,11630961,-7576546,korea_customs_service,https://apis.data.go.kr/1220000/Itemtrade/getItemtradeList,2026-08-10T15:32:46.179285+00:00
2026-03,9018310000,ALL,,443704,5450999,463370,11364999,-5914000,korea_customs_service,https://apis.data.go.kr/1220000/Itemtrade/getItemtradeList,2026-08-10T15:32:46.179285+00:00
2026-04,9018310000,ALL,,458323,5435426,557885,15908784,-10473358,korea_customs_service,https://apis.data.go.kr/1220000/Itemtrade/getItemtradeList,2026-08-10T15:32:46.179285+00:00
2026-05,9018310000,ALL,,368750,4085727,533165,10937693,-6851966,korea_customs_service,https://apis.data.go.kr/1220000/Itemtrade/getItemtradeList,2026-08-10T15:32:46.179285+00:00
2026-06,9018310000,ALL,,395180,4662111,593660,17750195,-13088084,korea_customs_service,https://apis.data.go.kr/1220000/Itemtrade/getItemtradeList,2026-08-10T15:32:46.179285+00:00
