date,market_factor_id,material,price,volume,inventory,open_interest,provider,series_id,price_type,currency,unit,is_proxy
2015-01-01,ALUMINUM,ALUMINUM,1814.719047619048,,,,alpha_vantage,ALUMINUM,benchmark_price,USD,USD_PER_TONNE,False
2015-02-01,ALUMINUM,ALUMINUM,1817.82,,,,alpha_vantage,ALUMINUM,benchmark_price,USD,USD_PER_TONNE,False
2015-03-01,ALUMINUM,ALUMINUM,1773.863636363636,,,,alpha_vantage,ALUMINUM,benchmark_price,USD,USD_PER_TONNE,False
2015-04-01,ALUMINUM,ALUMINUM,1819.1875,,,,alpha_vantage,ALUMINUM,benchmark_price,USD,USD_PER_TONNE,False
2015-05-01,ALUMINUM,ALUMINUM,1804.039473684211,,,,alpha_vantage,ALUMINUM,benchmark_price,USD,USD_PER_TONNE,False
2015-06-01,ALUMINUM,ALUMINUM,1687.727272727273,,,,alpha_vantage,ALUMINUM,benchmark_price,USD,USD_PER_TONNE,False
2015-07-01,ALUMINUM,ALUMINUM,1639.5,,,,alpha_vantage,ALUMINUM,benchmark_price,USD,USD_PER_TONNE,False
2015-08-01,ALUMINUM,ALUMINUM,1548.125,,,,alpha_vantage,ALUMINUM,benchmark_price,USD,USD_PER_TONNE,False
2015-09-01,ALUMINUM,ALUMINUM,1589.602272727273,,,,alpha_vantage,ALUMINUM,benchmark_price,USD,USD_PER_TONNE,False
2015-10-01,ALUMINUM,ALUMINUM,1516.488636363636,,,,alpha_vantage,ALUMINUM,benchmark_price,USD,USD_PER_TONNE,False
2015-11-01,ALUMINUM,ALUMINUM,1467.892857142857,,,,alpha_vantage,ALUMINUM,benchmark_price,USD,USD_PER_TONNE,False
2015-12-01,ALUMINUM,ALUMINUM,1497.202380952381,,,,alpha_vantage,ALUMINUM,benchmark_price,USD,USD_PER_TONNE,False
2016-01-01,ALUMINUM,ALUMINUM,1481.1,,,,alpha_vantage,ALUMINUM,benchmark_price,USD,USD_PER_TONNE,False
2016-02-01,ALUMINUM,ALUMINUM,1531.261904761905,,,,alpha_vantage,ALUMINUM,benchmark_price,USD,USD_PER_TONNE,False
2016-03-01,ALUMINUM,ALUMINUM,1531.011904761905,,,,alpha_vantage,ALUMINUM,benchmark_price,USD,USD_PER_TONNE,False
2016-04-01,ALUMINUM,ALUMINUM,1571.22619047619,,,,alpha_vantage,ALUMINUM,benchmark_price,USD,USD_PER_TONNE,False
2016-05-01,ALUMINUM,ALUMINUM,1550.625,,,,alpha_vantage,ALUMINUM,benchmark_price,USD,USD_PER_TONNE,False
2016-06-01,ALUMINUM,ALUMINUM,1593.506818181818,,,,alpha_vantage,ALUMINUM,benchmark_price,USD,USD_PER_TONNE,False
2016-07-01,ALUMINUM,ALUMINUM,1629.047619047619,,,,alpha_vantage,ALUMINUM,benchmark_price,USD,USD_PER_TONNE,False
2016-08-01,ALUMINUM,ALUMINUM,1639.284090909091,,,,alpha_vantage,ALUMINUM,benchmark_price,USD,USD_PER_TONNE,False
2016-09-01,ALUMINUM,ALUMINUM,1592.363636363636,,,,alpha_vantage,ALUMINUM,benchmark_price,USD,USD_PER_TONNE,False
2016-10-01,ALUMINUM,ALUMINUM,1665.904761904762,,,,alpha_vantage,ALUMINUM,benchmark_price,USD,USD_PER_TONNE,False
2016-11-01,ALUMINUM,ALUMINUM,1737.113636363636,,,,alpha_vantage,ALUMINUM,benchmark_price,USD,USD_PER_TONNE,False
2016-12-01,ALUMINUM,ALUMINUM,1727.7375,,,,alpha_vantage,ALUMINUM,benchmark_price,USD,USD_PER_TONNE,False
2017-01-01,ALUMINUM,ALUMINUM,1791.238095238095,,,,alpha_vantage,ALUMINUM,benchmark_price,USD,USD_PER_TONNE,False
2017-02-01,ALUMINUM,ALUMINUM,1860.75,,,,alpha_vantage,ALUMINUM,benchmark_price,USD,USD_PER_TONNE,False
2017-03-01,ALUMINUM,ALUMINUM,1901.467391304348,,,,alpha_vantage,ALUMINUM,benchmark_price,USD,USD_PER_TONNE,False
2017-04-01,ALUMINUM,ALUMINUM,1921.222222222222,,,,alpha_vantage,ALUMINUM,benchmark_price,USD,USD_PER_TONNE,False
2017-05-01,ALUMINUM,ALUMINUM,1913.02380952381,,,,alpha_vantage,ALUMINUM,benchmark_price,USD,USD_PER_TONNE,False
2017-06-01,ALUMINUM,ALUMINUM,1885.286363636364,,,,alpha_vantage,ALUMINUM,benchmark_price,USD,USD_PER_TONNE,False
2017-07-01,ALUMINUM,ALUMINUM,1902.964285714286,,,,alpha_vantage,ALUMINUM,benchmark_price,USD,USD_PER_TONNE,False
2017-08-01,ALUMINUM,ALUMINUM,2030.011363636364,,,,alpha_vantage,ALUMINUM,benchmark_price,USD,USD_PER_TONNE,False
2017-09-01,ALUMINUM,ALUMINUM,2096.488095238095,,,,alpha_vantage,ALUMINUM,benchmark_price,USD,USD_PER_TONNE,False
2017-10-01,ALUMINUM,ALUMINUM,2131.488636363636,,,,alpha_vantage,ALUMINUM,benchmark_price,USD,USD_PER_TONNE,False
2017-11-01,ALUMINUM,ALUMINUM,2097.440909090909,,,,alpha_vantage,ALUMINUM,benchmark_price,USD,USD_PER_TONNE,False
2017-12-01,ALUMINUM,ALUMINUM,2080.473684210526,,,,alpha_vantage,ALUMINUM,benchmark_price,USD,USD_PER_TONNE,False
2018-01-01,ALUMINUM,ALUMINUM,2209.727272727273,,,,alpha_vantage,ALUMINUM,benchmark_price,USD,USD_PER_TONNE,False
2018-02-01,ALUMINUM,ALUMINUM,2181.7875,,,,alpha_vantage,ALUMINUM,benchmark_price,USD,USD_PER_TONNE,False
2018-03-01,ALUMINUM,ALUMINUM,2069.238095238095,,,,alpha_vantage,ALUMINUM,benchmark_price,USD,USD_PER_TONNE,False
2018-04-01,ALUMINUM,ALUMINUM,2254.6875,,,,alpha_vantage,ALUMINUM,benchmark_price,USD,USD_PER_TONNE,False
2018-05-01,ALUMINUM,ALUMINUM,2299.666666666667,,,,alpha_vantage,ALUMINUM,benchmark_price,USD,USD_PER_TONNE,False
2018-06-01,ALUMINUM,ALUMINUM,2237.619047619048,,,,alpha_vantage,ALUMINUM,benchmark_price,USD,USD_PER_TONNE,False
2018-07-01,ALUMINUM,ALUMINUM,2082.238636363636,,,,alpha_vantage,ALUMINUM,benchmark_price,USD,USD_PER_TONNE,False
2018-08-01,ALUMINUM,ALUMINUM,2051.511363636364,,,,alpha_vantage,ALUMINUM,benchmark_price,USD,USD_PER_TONNE,False
2018-09-01,ALUMINUM,ALUMINUM,2026.4625,,,,alpha_vantage,ALUMINUM,benchmark_price,USD,USD_PER_TONNE,False
2018-10-01,ALUMINUM,ALUMINUM,2029.858695652174,,,,alpha_vantage,ALUMINUM,benchmark_price,USD,USD_PER_TONNE,False
2018-11-01,ALUMINUM,ALUMINUM,1938.511363636364,,,,alpha_vantage,ALUMINUM,benchmark_price,USD,USD_PER_TONNE,False
2018-12-01,ALUMINUM,ALUMINUM,1920.381578947368,,,,alpha_vantage,ALUMINUM,benchmark_price,USD,USD_PER_TONNE,False
2019-01-01,ALUMINUM,ALUMINUM,1853.715909090909,,,,alpha_vantage,ALUMINUM,benchmark_price,USD,USD_PER_TONNE,False
2019-02-01,ALUMINUM,ALUMINUM,1862.9875,,,,alpha_vantage,ALUMINUM,benchmark_price,USD,USD_PER_TONNE,False
2019-03-01,ALUMINUM,ALUMINUM,1871.214285714286,,,,alpha_vantage,ALUMINUM,benchmark_price,USD,USD_PER_TONNE,False
2019-04-01,ALUMINUM,ALUMINUM,1845.425,,,,alpha_vantage,ALUMINUM,benchmark_price,USD,USD_PER_TONNE,False
2019-05-01,ALUMINUM,ALUMINUM,1781.261904761905,,,,alpha_vantage,ALUMINUM,benchmark_price,USD,USD_PER_TONNE,False
2019-06-01,ALUMINUM,ALUMINUM,1755.95,,,,alpha_vantage,ALUMINUM,benchmark_price,USD,USD_PER_TONNE,False
2019-07-01,ALUMINUM,ALUMINUM,1796.989130434783,,,,alpha_vantage,ALUMINUM,benchmark_price,USD,USD_PER_TONNE,False
2019-08-01,ALUMINUM,ALUMINUM,1740.678571428571,,,,alpha_vantage,ALUMINUM,benchmark_price,USD,USD_PER_TONNE,False
2019-09-01,ALUMINUM,ALUMINUM,1753.511904761905,,,,alpha_vantage,ALUMINUM,benchmark_price,USD,USD_PER_TONNE,False
2019-10-01,ALUMINUM,ALUMINUM,1725.95652173913,,,,alpha_vantage,ALUMINUM,benchmark_price,USD,USD_PER_TONNE,False
2019-11-01,ALUMINUM,ALUMINUM,1774.785714285714,,,,alpha_vantage,ALUMINUM,benchmark_price,USD,USD_PER_TONNE,False
2019-12-01,ALUMINUM,ALUMINUM,1771.38,,,,alpha_vantage,ALUMINUM,benchmark_price,USD,USD_PER_TONNE,False
2020-01-01,ALUMINUM,ALUMINUM,1773.090909090909,,,,alpha_vantage,ALUMINUM,benchmark_price,USD,USD_PER_TONNE,False
2020-02-01,ALUMINUM,ALUMINUM,1688.095,,,,alpha_vantage,ALUMINUM,benchmark_price,USD,USD_PER_TONNE,False
2020-03-01,ALUMINUM,ALUMINUM,1610.890909090909,,,,alpha_vantage,ALUMINUM,benchmark_price,USD,USD_PER_TONNE,False
2020-04-01,ALUMINUM,ALUMINUM,1459.9345,,,,alpha_vantage,ALUMINUM,benchmark_price,USD,USD_PER_TONNE,False
2020-05-01,ALUMINUM,ALUMINUM,1466.371578947368,,,,alpha_vantage,ALUMINUM,benchmark_price,USD,USD_PER_TONNE,False
2020-06-01,ALUMINUM,ALUMINUM,1568.570454545455,,,,alpha_vantage,ALUMINUM,benchmark_price,USD,USD_PER_TONNE,False
2020-07-01,ALUMINUM,ALUMINUM,1643.812173913043,,,,alpha_vantage,ALUMINUM,benchmark_price,USD,USD_PER_TONNE,False
2020-08-01,ALUMINUM,ALUMINUM,1738.555238095238,,,,alpha_vantage,ALUMINUM,benchmark_price,USD,USD_PER_TONNE,False
2020-09-01,ALUMINUM,ALUMINUM,1743.774545454545,,,,alpha_vantage,ALUMINUM,benchmark_price,USD,USD_PER_TONNE,False
2020-10-01,ALUMINUM,ALUMINUM,1806.101818181818,,,,alpha_vantage,ALUMINUM,benchmark_price,USD,USD_PER_TONNE,False
2020-11-01,ALUMINUM,ALUMINUM,1935.283333333333,,,,alpha_vantage,ALUMINUM,benchmark_price,USD,USD_PER_TONNE,False
2020-12-01,ALUMINUM,ALUMINUM,2014.671904761905,,,,alpha_vantage,ALUMINUM,benchmark_price,USD,USD_PER_TONNE,False
2021-01-01,ALUMINUM,ALUMINUM,2003.9755,,,,alpha_vantage,ALUMINUM,benchmark_price,USD,USD_PER_TONNE,False
2021-02-01,ALUMINUM,ALUMINUM,2078.5935,,,,alpha_vantage,ALUMINUM,benchmark_price,USD,USD_PER_TONNE,False
2021-03-01,ALUMINUM,ALUMINUM,2190.482608695652,,,,alpha_vantage,ALUMINUM,benchmark_price,USD,USD_PER_TONNE,False
2021-04-01,ALUMINUM,ALUMINUM,2319.3925,,,,alpha_vantage,ALUMINUM,benchmark_price,USD,USD_PER_TONNE,False
2021-05-01,ALUMINUM,ALUMINUM,2434.7765,,,,alpha_vantage,ALUMINUM,benchmark_price,USD,USD_PER_TONNE,False
2021-06-01,ALUMINUM,ALUMINUM,2446.645454545455,,,,alpha_vantage,ALUMINUM,benchmark_price,USD,USD_PER_TONNE,False
2021-07-01,ALUMINUM,ALUMINUM,2497.635454545455,,,,alpha_vantage,ALUMINUM,benchmark_price,USD,USD_PER_TONNE,False
2021-08-01,ALUMINUM,ALUMINUM,2602.991904761905,,,,alpha_vantage,ALUMINUM,benchmark_price,USD,USD_PER_TONNE,False
2021-09-01,ALUMINUM,ALUMINUM,2834.556818181818,,,,alpha_vantage,ALUMINUM,benchmark_price,USD,USD_PER_TONNE,False
2021-10-01,ALUMINUM,ALUMINUM,2934.39380952381,,,,alpha_vantage,ALUMINUM,benchmark_price,USD,USD_PER_TONNE,False
2021-11-01,ALUMINUM,ALUMINUM,2636.452272727273,,,,alpha_vantage,ALUMINUM,benchmark_price,USD,USD_PER_TONNE,False
2021-12-01,ALUMINUM,ALUMINUM,2695.531428571429,,,,alpha_vantage,ALUMINUM,benchmark_price,USD,USD_PER_TONNE,False
2022-01-01,ALUMINUM,ALUMINUM,3005.9805,,,,alpha_vantage,ALUMINUM,benchmark_price,USD,USD_PER_TONNE,False
2022-02-01,ALUMINUM,ALUMINUM,3245.7855,,,,alpha_vantage,ALUMINUM,benchmark_price,USD,USD_PER_TONNE,False
2022-03-01,ALUMINUM,ALUMINUM,3498.373043478261,,,,alpha_vantage,ALUMINUM,benchmark_price,USD,USD_PER_TONNE,False
2022-04-01,ALUMINUM,ALUMINUM,3246.990476190476,,,,alpha_vantage,ALUMINUM,benchmark_price,USD,USD_PER_TONNE,False
2022-05-01,ALUMINUM,ALUMINUM,2839.505454545455,,,,alpha_vantage,ALUMINUM,benchmark_price,USD,USD_PER_TONNE,False
2022-06-01,ALUMINUM,ALUMINUM,2575.669545454545,,,,alpha_vantage,ALUMINUM,benchmark_price,USD,USD_PER_TONNE,False
2022-07-01,ALUMINUM,ALUMINUM,2408.423333333333,,,,alpha_vantage,ALUMINUM,benchmark_price,USD,USD_PER_TONNE,False
2022-08-01,ALUMINUM,ALUMINUM,2433.916086956522,,,,alpha_vantage,ALUMINUM,benchmark_price,USD,USD_PER_TONNE,False
2022-09-01,ALUMINUM,ALUMINUM,2224.755909090909,,,,alpha_vantage,ALUMINUM,benchmark_price,USD,USD_PER_TONNE,False
2022-10-01,ALUMINUM,ALUMINUM,2255.535238095238,,,,alpha_vantage,ALUMINUM,benchmark_price,USD,USD_PER_TONNE,False
2022-11-01,ALUMINUM,ALUMINUM,2350.716363636364,,,,alpha_vantage,ALUMINUM,benchmark_price,USD,USD_PER_TONNE,False
2022-12-01,ALUMINUM,ALUMINUM,2398.206818181818,,,,alpha_vantage,ALUMINUM,benchmark_price,USD,USD_PER_TONNE,False
2023-01-01,ALUMINUM,ALUMINUM,2494.900909090909,,,,alpha_vantage,ALUMINUM,benchmark_price,USD,USD_PER_TONNE,False
2023-02-01,ALUMINUM,ALUMINUM,2416.1815,,,,alpha_vantage,ALUMINUM,benchmark_price,USD,USD_PER_TONNE,False
2023-03-01,ALUMINUM,ALUMINUM,2296.416956521739,,,,alpha_vantage,ALUMINUM,benchmark_price,USD,USD_PER_TONNE,False
2023-04-01,ALUMINUM,ALUMINUM,2338.131,,,,alpha_vantage,ALUMINUM,benchmark_price,USD,USD_PER_TONNE,False
2023-05-01,ALUMINUM,ALUMINUM,2274.012608695652,,,,alpha_vantage,ALUMINUM,benchmark_price,USD,USD_PER_TONNE,False
2023-06-01,ALUMINUM,ALUMINUM,2184.753636363636,,,,alpha_vantage,ALUMINUM,benchmark_price,USD,USD_PER_TONNE,False
2023-07-01,ALUMINUM,ALUMINUM,2159.732380952381,,,,alpha_vantage,ALUMINUM,benchmark_price,USD,USD_PER_TONNE,False
2023-08-01,ALUMINUM,ALUMINUM,2135.581739130435,,,,alpha_vantage,ALUMINUM,benchmark_price,USD,USD_PER_TONNE,False
2023-09-01,ALUMINUM,ALUMINUM,2184.67380952381,,,,alpha_vantage,ALUMINUM,benchmark_price,USD,USD_PER_TONNE,False
2023-10-01,ALUMINUM,ALUMINUM,2194.390909090909,,,,alpha_vantage,ALUMINUM,benchmark_price,USD,USD_PER_TONNE,False
2023-11-01,ALUMINUM,ALUMINUM,2202.255454545455,,,,alpha_vantage,ALUMINUM,benchmark_price,USD,USD_PER_TONNE,False
2023-12-01,ALUMINUM,ALUMINUM,2192.005238095238,,,,alpha_vantage,ALUMINUM,benchmark_price,USD,USD_PER_TONNE,False
2024-01-01,ALUMINUM,ALUMINUM,2201.56652173913,,,,alpha_vantage,ALUMINUM,benchmark_price,USD,USD_PER_TONNE,False
2024-02-01,ALUMINUM,ALUMINUM,2179.457142857143,,,,alpha_vantage,ALUMINUM,benchmark_price,USD,USD_PER_TONNE,False
2024-03-01,ALUMINUM,ALUMINUM,2229.441904761905,,,,alpha_vantage,ALUMINUM,benchmark_price,USD,USD_PER_TONNE,False
2024-04-01,ALUMINUM,ALUMINUM,2499.228181818182,,,,alpha_vantage,ALUMINUM,benchmark_price,USD,USD_PER_TONNE,False
2024-05-01,ALUMINUM,ALUMINUM,2566.318695652174,,,,alpha_vantage,ALUMINUM,benchmark_price,USD,USD_PER_TONNE,False
2024-06-01,ALUMINUM,ALUMINUM,2497.6055,,,,alpha_vantage,ALUMINUM,benchmark_price,USD,USD_PER_TONNE,False
2024-07-01,ALUMINUM,ALUMINUM,2349.125217391304,,,,alpha_vantage,ALUMINUM,benchmark_price,USD,USD_PER_TONNE,False
2024-08-01,ALUMINUM,ALUMINUM,2352.467272727273,,,,alpha_vantage,ALUMINUM,benchmark_price,USD,USD_PER_TONNE,False
2024-09-01,ALUMINUM,ALUMINUM,2457.478095238095,,,,alpha_vantage,ALUMINUM,benchmark_price,USD,USD_PER_TONNE,False
2024-10-01,ALUMINUM,ALUMINUM,2595.583043478261,,,,alpha_vantage,ALUMINUM,benchmark_price,USD,USD_PER_TONNE,False
2024-11-01,ALUMINUM,ALUMINUM,2582.188571428571,,,,alpha_vantage,ALUMINUM,benchmark_price,USD,USD_PER_TONNE,False
2024-12-01,ALUMINUM,ALUMINUM,2540.882272727273,,,,alpha_vantage,ALUMINUM,benchmark_price,USD,USD_PER_TONNE,False
2025-01-01,ALUMINUM,ALUMINUM,2571.370434782609,,,,alpha_vantage,ALUMINUM,benchmark_price,USD,USD_PER_TONNE,False
2025-02-01,ALUMINUM,ALUMINUM,2655.7725,,,,alpha_vantage,ALUMINUM,benchmark_price,USD,USD_PER_TONNE,False
2025-03-01,ALUMINUM,ALUMINUM,2651.598571428571,,,,alpha_vantage,ALUMINUM,benchmark_price,USD,USD_PER_TONNE,False
2025-04-01,ALUMINUM,ALUMINUM,2367.800454545455,,,,alpha_vantage,ALUMINUM,benchmark_price,USD,USD_PER_TONNE,False
2025-05-01,ALUMINUM,ALUMINUM,2447.344090909091,,,,alpha_vantage,ALUMINUM,benchmark_price,USD,USD_PER_TONNE,False
2025-06-01,ALUMINUM,ALUMINUM,2525.959047619048,,,,alpha_vantage,ALUMINUM,benchmark_price,USD,USD_PER_TONNE,False
2025-07-01,ALUMINUM,ALUMINUM,2606.370869565217,,,,alpha_vantage,ALUMINUM,benchmark_price,USD,USD_PER_TONNE,False
2025-08-01,ALUMINUM,ALUMINUM,2598.735714285714,,,,alpha_vantage,ALUMINUM,benchmark_price,USD,USD_PER_TONNE,False
2025-09-01,ALUMINUM,ALUMINUM,2654.479090909091,,,,alpha_vantage,ALUMINUM,benchmark_price,USD,USD_PER_TONNE,False
2025-10-01,ALUMINUM,ALUMINUM,2793.086956521739,,,,alpha_vantage,ALUMINUM,benchmark_price,USD,USD_PER_TONNE,False
2025-11-01,ALUMINUM,ALUMINUM,2819.0615,,,,alpha_vantage,ALUMINUM,benchmark_price,USD,USD_PER_TONNE,False
2025-12-01,ALUMINUM,ALUMINUM,2875.897727272727,,,,alpha_vantage,ALUMINUM,benchmark_price,USD,USD_PER_TONNE,False
2026-01-01,ALUMINUM,ALUMINUM,3133.982727272727,,,,alpha_vantage,ALUMINUM,benchmark_price,USD,USD_PER_TONNE,False
2026-02-01,ALUMINUM,ALUMINUM,3065.1885,,,,alpha_vantage,ALUMINUM,benchmark_price,USD,USD_PER_TONNE,False
2026-03-01,ALUMINUM,ALUMINUM,3372.952727272727,,,,alpha_vantage,ALUMINUM,benchmark_price,USD,USD_PER_TONNE,False
2026-04-01,ALUMINUM,ALUMINUM,3594.379090909091,,,,alpha_vantage,ALUMINUM,benchmark_price,USD,USD_PER_TONNE,False
2026-05-01,ALUMINUM,ALUMINUM,3658.221428571429,,,,alpha_vantage,ALUMINUM,benchmark_price,USD,USD_PER_TONNE,False
2026-06-01,ALUMINUM,ALUMINUM,3438.847272727273,,,,alpha_vantage,ALUMINUM,benchmark_price,USD,USD_PER_TONNE,False
2015-01-02,BRENT_CRUDE,BRENT_CRUDE,55.38,,,,alpha_vantage,BRENT,benchmark_spot,USD,USD_PER_BARREL,False
2015-01-05,BRENT_CRUDE,BRENT_CRUDE,51.08,,,,alpha_vantage,BRENT,benchmark_spot,USD,USD_PER_BARREL,False
2015-01-06,BRENT_CRUDE,BRENT_CRUDE,50.12,,,,alpha_vantage,BRENT,benchmark_spot,USD,USD_PER_BARREL,False
2015-01-07,BRENT_CRUDE,BRENT_CRUDE,49.06,,,,alpha_vantage,BRENT,benchmark_spot,USD,USD_PER_BARREL,False
2015-01-08,BRENT_CRUDE,BRENT_CRUDE,49.43,,,,alpha_vantage,BRENT,benchmark_spot,USD,USD_PER_BARREL,False
2015-01-09,BRENT_CRUDE,BRENT_CRUDE,47.64,,,,alpha_vantage,BRENT,benchmark_spot,USD,USD_PER_BARREL,False
2015-01-12,BRENT_CRUDE,BRENT_CRUDE,46.9,,,,alpha_vantage,BRENT,benchmark_spot,USD,USD_PER_BARREL,False
2015-01-13,BRENT_CRUDE,BRENT_CRUDE,45.13,,,,alpha_vantage,BRENT,benchmark_spot,USD,USD_PER_BARREL,False
2015-01-14,BRENT_CRUDE,BRENT_CRUDE,45.82,,,,alpha_vantage,BRENT,benchmark_spot,USD,USD_PER_BARREL,False
2015-01-15,BRENT_CRUDE,BRENT_CRUDE,47.66,,,,alpha_vantage,BRENT,benchmark_spot,USD,USD_PER_BARREL,False
2015-01-16,BRENT_CRUDE,BRENT_CRUDE,47.38,,,,alpha_vantage,BRENT,benchmark_spot,USD,USD_PER_BARREL,False
2015-01-20,BRENT_CRUDE,BRENT_CRUDE,46.49,,,,alpha_vantage,BRENT,benchmark_spot,USD,USD_PER_BARREL,False
2015-01-21,BRENT_CRUDE,BRENT_CRUDE,46.5,,,,alpha_vantage,BRENT,benchmark_spot,USD,USD_PER_BARREL,False
2015-01-22,BRENT_CRUDE,BRENT_CRUDE,46.09,,,,alpha_vantage,BRENT,benchmark_spot,USD,USD_PER_BARREL,False
2015-01-23,BRENT_CRUDE,BRENT_CRUDE,46.69,,,,alpha_vantage,BRENT,benchmark_spot,USD,USD_PER_BARREL,False
2015-01-26,BRENT_CRUDE,BRENT_CRUDE,46.07,,,,alpha_vantage,BRENT,benchmark_spot,USD,USD_PER_BARREL,False
2015-01-27,BRENT_CRUDE,BRENT_CRUDE,46.55,,,,alpha_vantage,BRENT,benchmark_spot,USD,USD_PER_BARREL,False
2015-01-28,BRENT_CRUDE,BRENT_CRUDE,47.07,,,,alpha_vantage,BRENT,benchmark_spot,USD,USD_PER_BARREL,False
2015-01-29,BRENT_CRUDE,BRENT_CRUDE,46.61,,,,alpha_vantage,BRENT,benchmark_spot,USD,USD_PER_BARREL,False
2015-01-30,BRENT_CRUDE,BRENT_CRUDE,47.52,,,,alpha_vantage,BRENT,benchmark_spot,USD,USD_PER_BARREL,False
2015-02-02,BRENT_CRUDE,BRENT_CRUDE,51.74,,,,alpha_vantage,BRENT,benchmark_spot,USD,USD_PER_BARREL,False
2015-02-03,BRENT_CRUDE,BRENT_CRUDE,54.41,,,,alpha_vantage,BRENT,benchmark_spot,USD,USD_PER_BARREL,False
2015-02-04,BRENT_CRUDE,BRENT_CRUDE,55.07,,,,alpha_vantage,BRENT,benchmark_spot,USD,USD_PER_BARREL,False
2015-02-05,BRENT_CRUDE,BRENT_CRUDE,55.98,,,,alpha_vantage,BRENT,benchmark_spot,USD,USD_PER_BARREL,False
2015-02-06,BRENT_CRUDE,BRENT_CRUDE,55.88,,,,alpha_vantage,BRENT,benchmark_spot,USD,USD_PER_BARREL,False
2015-02-09,BRENT_CRUDE,BRENT_CRUDE,57.0,,,,alpha_vantage,BRENT,benchmark_spot,USD,USD_PER_BARREL,False
2015-02-10,BRENT_CRUDE,BRENT_CRUDE,55.79,,,,alpha_vantage,BRENT,benchmark_spot,USD,USD_PER_BARREL,False
2015-02-11,BRENT_CRUDE,BRENT_CRUDE,53.48,,,,alpha_vantage,BRENT,benchmark_spot,USD,USD_PER_BARREL,False
2015-02-12,BRENT_CRUDE,BRENT_CRUDE,56.23,,,,alpha_vantage,BRENT,benchmark_spot,USD,USD_PER_BARREL,False
2015-02-13,BRENT_CRUDE,BRENT_CRUDE,60.33,,,,alpha_vantage,BRENT,benchmark_spot,USD,USD_PER_BARREL,False
2015-02-16,BRENT_CRUDE,BRENT_CRUDE,61.57,,,,alpha_vantage,BRENT,benchmark_spot,USD,USD_PER_BARREL,False
2015-02-17,BRENT_CRUDE,BRENT_CRUDE,60.78,,,,alpha_vantage,BRENT,benchmark_spot,USD,USD_PER_BARREL,False
2015-02-18,BRENT_CRUDE,BRENT_CRUDE,60.72,,,,alpha_vantage,BRENT,benchmark_spot,USD,USD_PER_BARREL,False
2015-02-19,BRENT_CRUDE,BRENT_CRUDE,58.78,,,,alpha_vantage,BRENT,benchmark_spot,USD,USD_PER_BARREL,False
2015-02-20,BRENT_CRUDE,BRENT_CRUDE,60.99,,,,alpha_vantage,BRENT,benchmark_spot,USD,USD_PER_BARREL,False
2015-02-23,BRENT_CRUDE,BRENT_CRUDE,59.78,,,,alpha_vantage,BRENT,benchmark_spot,USD,USD_PER_BARREL,False
2015-02-24,BRENT_CRUDE,BRENT_CRUDE,60.33,,,,alpha_vantage,BRENT,benchmark_spot,USD,USD_PER_BARREL,False
2015-02-25,BRENT_CRUDE,BRENT_CRUDE,59.77,,,,alpha_vantage,BRENT,benchmark_spot,USD,USD_PER_BARREL,False
2015-02-26,BRENT_CRUDE,BRENT_CRUDE,61.39,,,,alpha_vantage,BRENT,benchmark_spot,USD,USD_PER_BARREL,False
2015-02-27,BRENT_CRUDE,BRENT_CRUDE,61.89,,,,alpha_vantage,BRENT,benchmark_spot,USD,USD_PER_BARREL,False
2015-03-02,BRENT_CRUDE,BRENT_CRUDE,60.75,,,,alpha_vantage,BRENT,benchmark_spot,USD,USD_PER_BARREL,False
2015-03-03,BRENT_CRUDE,BRENT_CRUDE,61.18,,,,alpha_vantage,BRENT,benchmark_spot,USD,USD_PER_BARREL,False
2015-03-04,BRENT_CRUDE,BRENT_CRUDE,59.18,,,,alpha_vantage,BRENT,benchmark_spot,USD,USD_PER_BARREL,False
2015-03-05,BRENT_CRUDE,BRENT_CRUDE,60.33,,,,alpha_vantage,BRENT,benchmark_spot,USD,USD_PER_BARREL,False
2015-03-06,BRENT_CRUDE,BRENT_CRUDE,59.15,,,,alpha_vantage,BRENT,benchmark_spot,USD,USD_PER_BARREL,False
2015-03-09,BRENT_CRUDE,BRENT_CRUDE,58.67,,,,alpha_vantage,BRENT,benchmark_spot,USD,USD_PER_BARREL,False
2015-03-10,BRENT_CRUDE,BRENT_CRUDE,55.95,,,,alpha_vantage,BRENT,benchmark_spot,USD,USD_PER_BARREL,False
2015-03-11,BRENT_CRUDE,BRENT_CRUDE,56.46,,,,alpha_vantage,BRENT,benchmark_spot,USD,USD_PER_BARREL,False
2015-03-12,BRENT_CRUDE,BRENT_CRUDE,56.66,,,,alpha_vantage,BRENT,benchmark_spot,USD,USD_PER_BARREL,False
2015-03-13,BRENT_CRUDE,BRENT_CRUDE,54.8,,,,alpha_vantage,BRENT,benchmark_spot,USD,USD_PER_BARREL,False
2015-03-16,BRENT_CRUDE,BRENT_CRUDE,52.0,,,,alpha_vantage,BRENT,benchmark_spot,USD,USD_PER_BARREL,False
2015-03-17,BRENT_CRUDE,BRENT_CRUDE,52.17,,,,alpha_vantage,BRENT,benchmark_spot,USD,USD_PER_BARREL,False
2015-03-18,BRENT_CRUDE,BRENT_CRUDE,52.59,,,,alpha_vantage,BRENT,benchmark_spot,USD,USD_PER_BARREL,False
2015-03-19,BRENT_CRUDE,BRENT_CRUDE,52.96,,,,alpha_vantage,BRENT,benchmark_spot,USD,USD_PER_BARREL,False
2015-03-20,BRENT_CRUDE,BRENT_CRUDE,53.88,,,,alpha_vantage,BRENT,benchmark_spot,USD,USD_PER_BARREL,False
2015-03-23,BRENT_CRUDE,BRENT_CRUDE,53.82,,,,alpha_vantage,BRENT,benchmark_spot,USD,USD_PER_BARREL,False
2015-03-24,BRENT_CRUDE,BRENT_CRUDE,53.61,,,,alpha_vantage,BRENT,benchmark_spot,USD,USD_PER_BARREL,False
2015-03-25,BRENT_CRUDE,BRENT_CRUDE,54.18,,,,alpha_vantage,BRENT,benchmark_spot,USD,USD_PER_BARREL,False
2015-03-26,BRENT_CRUDE,BRENT_CRUDE,57.02,,,,alpha_vantage,BRENT,benchmark_spot,USD,USD_PER_BARREL,False
2015-03-27,BRENT_CRUDE,BRENT_CRUDE,56.44,,,,alpha_vantage,BRENT,benchmark_spot,USD,USD_PER_BARREL,False
2015-03-30,BRENT_CRUDE,BRENT_CRUDE,53.99,,,,alpha_vantage,BRENT,benchmark_spot,USD,USD_PER_BARREL,False
2015-03-31,BRENT_CRUDE,BRENT_CRUDE,53.69,,,,alpha_vantage,BRENT,benchmark_spot,USD,USD_PER_BARREL,False
2015-04-01,BRENT_CRUDE,BRENT_CRUDE,55.73,,,,alpha_vantage,BRENT,benchmark_spot,USD,USD_PER_BARREL,False
2015-04-02,BRENT_CRUDE,BRENT_CRUDE,55.73,,,,alpha_vantage,BRENT,benchmark_spot,USD,USD_PER_BARREL,False
2015-04-06,BRENT_CRUDE,BRENT_CRUDE,55.73,,,,alpha_vantage,BRENT,benchmark_spot,USD,USD_PER_BARREL,False
2015-04-07,BRENT_CRUDE,BRENT_CRUDE,57.55,,,,alpha_vantage,BRENT,benchmark_spot,USD,USD_PER_BARREL,False
2015-04-08,BRENT_CRUDE,BRENT_CRUDE,56.42,,,,alpha_vantage,BRENT,benchmark_spot,USD,USD_PER_BARREL,False
2015-04-09,BRENT_CRUDE,BRENT_CRUDE,56.04,,,,alpha_vantage,BRENT,benchmark_spot,USD,USD_PER_BARREL,False
2015-04-10,BRENT_CRUDE,BRENT_CRUDE,56.82,,,,alpha_vantage,BRENT,benchmark_spot,USD,USD_PER_BARREL,False
2015-04-13,BRENT_CRUDE,BRENT_CRUDE,57.14,,,,alpha_vantage,BRENT,benchmark_spot,USD,USD_PER_BARREL,False
2015-04-14,BRENT_CRUDE,BRENT_CRUDE,57.69,,,,alpha_vantage,BRENT,benchmark_spot,USD,USD_PER_BARREL,False
2015-04-15,BRENT_CRUDE,BRENT_CRUDE,59.32,,,,alpha_vantage,BRENT,benchmark_spot,USD,USD_PER_BARREL,False
2015-04-16,BRENT_CRUDE,BRENT_CRUDE,60.13,,,,alpha_vantage,BRENT,benchmark_spot,USD,USD_PER_BARREL,False
2015-04-17,BRENT_CRUDE,BRENT_CRUDE,61.31,,,,alpha_vantage,BRENT,benchmark_spot,USD,USD_PER_BARREL,False
2015-04-20,BRENT_CRUDE,BRENT_CRUDE,61.2,,,,alpha_vantage,BRENT,benchmark_spot,USD,USD_PER_BARREL,False
2015-04-21,BRENT_CRUDE,BRENT_CRUDE,60.12,,,,alpha_vantage,BRENT,benchmark_spot,USD,USD_PER_BARREL,False
2015-04-22,BRENT_CRUDE,BRENT_CRUDE,60.12,,,,alpha_vantage,BRENT,benchmark_spot,USD,USD_PER_BARREL,False
2015-04-23,BRENT_CRUDE,BRENT_CRUDE,62.66,,,,alpha_vantage,BRENT,benchmark_spot,USD,USD_PER_BARREL,False
2015-04-24,BRENT_CRUDE,BRENT_CRUDE,62.96,,,,alpha_vantage,BRENT,benchmark_spot,USD,USD_PER_BARREL,False
2015-04-27,BRENT_CRUDE,BRENT_CRUDE,62.86,,,,alpha_vantage,BRENT,benchmark_spot,USD,USD_PER_BARREL,False
2015-04-28,BRENT_CRUDE,BRENT_CRUDE,62.61,,,,alpha_vantage,BRENT,benchmark_spot,USD,USD_PER_BARREL,False
2015-04-29,BRENT_CRUDE,BRENT_CRUDE,63.97,,,,alpha_vantage,BRENT,benchmark_spot,USD,USD_PER_BARREL,False
2015-04-30,BRENT_CRUDE,BRENT_CRUDE,63.9,,,,alpha_vantage,BRENT,benchmark_spot,USD,USD_PER_BARREL,False
2015-05-01,BRENT_CRUDE,BRENT_CRUDE,64.13,,,,alpha_vantage,BRENT,benchmark_spot,USD,USD_PER_BARREL,False
2015-05-04,BRENT_CRUDE,BRENT_CRUDE,64.62,,,,alpha_vantage,BRENT,benchmark_spot,USD,USD_PER_BARREL,False
2015-05-05,BRENT_CRUDE,BRENT_CRUDE,65.44,,,,alpha_vantage,BRENT,benchmark_spot,USD,USD_PER_BARREL,False
2015-05-06,BRENT_CRUDE,BRENT_CRUDE,66.22,,,,alpha_vantage,BRENT,benchmark_spot,USD,USD_PER_BARREL,False
2015-05-07,BRENT_CRUDE,BRENT_CRUDE,64.93,,,,alpha_vantage,BRENT,benchmark_spot,USD,USD_PER_BARREL,False
2015-05-08,BRENT_CRUDE,BRENT_CRUDE,63.82,,,,alpha_vantage,BRENT,benchmark_spot,USD,USD_PER_BARREL,False
2015-05-11,BRENT_CRUDE,BRENT_CRUDE,62.82,,,,alpha_vantage,BRENT,benchmark_spot,USD,USD_PER_BARREL,False
2015-05-12,BRENT_CRUDE,BRENT_CRUDE,65.09,,,,alpha_vantage,BRENT,benchmark_spot,USD,USD_PER_BARREL,False
2015-05-13,BRENT_CRUDE,BRENT_CRUDE,66.33,,,,alpha_vantage,BRENT,benchmark_spot,USD,USD_PER_BARREL,False
2015-05-14,BRENT_CRUDE,BRENT_CRUDE,65.58,,,,alpha_vantage,BRENT,benchmark_spot,USD,USD_PER_BARREL,False
2015-05-15,BRENT_CRUDE,BRENT_CRUDE,64.69,,,,alpha_vantage,BRENT,benchmark_spot,USD,USD_PER_BARREL,False
2015-05-18,BRENT_CRUDE,BRENT_CRUDE,65.15,,,,alpha_vantage,BRENT,benchmark_spot,USD,USD_PER_BARREL,False
2015-05-19,BRENT_CRUDE,BRENT_CRUDE,63.48,,,,alpha_vantage,BRENT,benchmark_spot,USD,USD_PER_BARREL,False
2015-05-20,BRENT_CRUDE,BRENT_CRUDE,63.52,,,,alpha_vantage,BRENT,benchmark_spot,USD,USD_PER_BARREL,False
2015-05-21,BRENT_CRUDE,BRENT_CRUDE,64.7,,,,alpha_vantage,BRENT,benchmark_spot,USD,USD_PER_BARREL,False
2015-05-22,BRENT_CRUDE,BRENT_CRUDE,64.7,,,,alpha_vantage,BRENT,benchmark_spot,USD,USD_PER_BARREL,False
2015-05-26,BRENT_CRUDE,BRENT_CRUDE,61.65,,,,alpha_vantage,BRENT,benchmark_spot,USD,USD_PER_BARREL,False
2015-05-27,BRENT_CRUDE,BRENT_CRUDE,61.35,,,,alpha_vantage,BRENT,benchmark_spot,USD,USD_PER_BARREL,False
2015-05-28,BRENT_CRUDE,BRENT_CRUDE,60.12,,,,alpha_vantage,BRENT,benchmark_spot,USD,USD_PER_BARREL,False
2015-05-29,BRENT_CRUDE,BRENT_CRUDE,63.16,,,,alpha_vantage,BRENT,benchmark_spot,USD,USD_PER_BARREL,False
2015-06-01,BRENT_CRUDE,BRENT_CRUDE,62.87,,,,alpha_vantage,BRENT,benchmark_spot,USD,USD_PER_BARREL,False
2015-06-02,BRENT_CRUDE,BRENT_CRUDE,63.14,,,,alpha_vantage,BRENT,benchmark_spot,USD,USD_PER_BARREL,False
2015-06-03,BRENT_CRUDE,BRENT_CRUDE,62.78,,,,alpha_vantage,BRENT,benchmark_spot,USD,USD_PER_BARREL,False
2015-06-04,BRENT_CRUDE,BRENT_CRUDE,60.34,,,,alpha_vantage,BRENT,benchmark_spot,USD,USD_PER_BARREL,False
2015-06-05,BRENT_CRUDE,BRENT_CRUDE,60.36,,,,alpha_vantage,BRENT,benchmark_spot,USD,USD_PER_BARREL,False
2015-06-08,BRENT_CRUDE,BRENT_CRUDE,61.33,,,,alpha_vantage,BRENT,benchmark_spot,USD,USD_PER_BARREL,False
2015-06-09,BRENT_CRUDE,BRENT_CRUDE,63.23,,,,alpha_vantage,BRENT,benchmark_spot,USD,USD_PER_BARREL,False
2015-06-10,BRENT_CRUDE,BRENT_CRUDE,64.68,,,,alpha_vantage,BRENT,benchmark_spot,USD,USD_PER_BARREL,False
2015-06-11,BRENT_CRUDE,BRENT_CRUDE,63.76,,,,alpha_vantage,BRENT,benchmark_spot,USD,USD_PER_BARREL,False
2015-06-12,BRENT_CRUDE,BRENT_CRUDE,63.19,,,,alpha_vantage,BRENT,benchmark_spot,USD,USD_PER_BARREL,False
2015-06-15,BRENT_CRUDE,BRENT_CRUDE,60.99,,,,alpha_vantage,BRENT,benchmark_spot,USD,USD_PER_BARREL,False
2015-06-16,BRENT_CRUDE,BRENT_CRUDE,60.75,,,,alpha_vantage,BRENT,benchmark_spot,USD,USD_PER_BARREL,False
2015-06-17,BRENT_CRUDE,BRENT_CRUDE,60.75,,,,alpha_vantage,BRENT,benchmark_spot,USD,USD_PER_BARREL,False
2015-06-18,BRENT_CRUDE,BRENT_CRUDE,61.37,,,,alpha_vantage,BRENT,benchmark_spot,USD,USD_PER_BARREL,False
2015-06-19,BRENT_CRUDE,BRENT_CRUDE,59.41,,,,alpha_vantage,BRENT,benchmark_spot,USD,USD_PER_BARREL,False
2015-06-22,BRENT_CRUDE,BRENT_CRUDE,60.54,,,,alpha_vantage,BRENT,benchmark_spot,USD,USD_PER_BARREL,False
2015-06-23,BRENT_CRUDE,BRENT_CRUDE,61.67,,,,alpha_vantage,BRENT,benchmark_spot,USD,USD_PER_BARREL,False
2015-06-24,BRENT_CRUDE,BRENT_CRUDE,61.63,,,,alpha_vantage,BRENT,benchmark_spot,USD,USD_PER_BARREL,False
2015-06-25,BRENT_CRUDE,BRENT_CRUDE,60.24,,,,alpha_vantage,BRENT,benchmark_spot,USD,USD_PER_BARREL,False
2015-06-26,BRENT_CRUDE,BRENT_CRUDE,60.14,,,,alpha_vantage,BRENT,benchmark_spot,USD,USD_PER_BARREL,False
2015-06-29,BRENT_CRUDE,BRENT_CRUDE,59.03,,,,alpha_vantage,BRENT,benchmark_spot,USD,USD_PER_BARREL,False
2015-06-30,BRENT_CRUDE,BRENT_CRUDE,60.31,,,,alpha_vantage,BRENT,benchmark_spot,USD,USD_PER_BARREL,False
2015-07-01,BRENT_CRUDE,BRENT_CRUDE,61.65,,,,alpha_vantage,BRENT,benchmark_spot,USD,USD_PER_BARREL,False
2015-07-02,BRENT_CRUDE,BRENT_CRUDE,61.73,,,,alpha_vantage,BRENT,benchmark_spot,USD,USD_PER_BARREL,False
2015-07-03,BRENT_CRUDE,BRENT_CRUDE,59.06,,,,alpha_vantage,BRENT,benchmark_spot,USD,USD_PER_BARREL,False
2015-07-06,BRENT_CRUDE,BRENT_CRUDE,57.19,,,,alpha_vantage,BRENT,benchmark_spot,USD,USD_PER_BARREL,False
2015-07-07,BRENT_CRUDE,BRENT_CRUDE,54.72,,,,alpha_vantage,BRENT,benchmark_spot,USD,USD_PER_BARREL,False
2015-07-08,BRENT_CRUDE,BRENT_CRUDE,55.7,,,,alpha_vantage,BRENT,benchmark_spot,USD,USD_PER_BARREL,False
2015-07-09,BRENT_CRUDE,BRENT_CRUDE,57.83,,,,alpha_vantage,BRENT,benchmark_spot,USD,USD_PER_BARREL,False
2015-07-10,BRENT_CRUDE,BRENT_CRUDE,57.72,,,,alpha_vantage,BRENT,benchmark_spot,USD,USD_PER_BARREL,False
2015-07-13,BRENT_CRUDE,BRENT_CRUDE,57.63,,,,alpha_vantage,BRENT,benchmark_spot,USD,USD_PER_BARREL,False
2015-07-14,BRENT_CRUDE,BRENT_CRUDE,57.2,,,,alpha_vantage,BRENT,benchmark_spot,USD,USD_PER_BARREL,False
2015-07-15,BRENT_CRUDE,BRENT_CRUDE,57.34,,,,alpha_vantage,BRENT,benchmark_spot,USD,USD_PER_BARREL,False
2015-07-16,BRENT_CRUDE,BRENT_CRUDE,57.31,,,,alpha_vantage,BRENT,benchmark_spot,USD,USD_PER_BARREL,False
2015-07-17,BRENT_CRUDE,BRENT_CRUDE,56.38,,,,alpha_vantage,BRENT,benchmark_spot,USD,USD_PER_BARREL,False
2015-07-20,BRENT_CRUDE,BRENT_CRUDE,56.42,,,,alpha_vantage,BRENT,benchmark_spot,USD,USD_PER_BARREL,False
2015-07-21,BRENT_CRUDE,BRENT_CRUDE,55.94,,,,alpha_vantage,BRENT,benchmark_spot,USD,USD_PER_BARREL,False
2015-07-22,BRENT_CRUDE,BRENT_CRUDE,56.36,,,,alpha_vantage,BRENT,benchmark_spot,USD,USD_PER_BARREL,False
2015-07-23,BRENT_CRUDE,BRENT_CRUDE,55.76,,,,alpha_vantage,BRENT,benchmark_spot,USD,USD_PER_BARREL,False
2015-07-24,BRENT_CRUDE,BRENT_CRUDE,54.29,,,,alpha_vantage,BRENT,benchmark_spot,USD,USD_PER_BARREL,False
2015-07-27,BRENT_CRUDE,BRENT_CRUDE,54.07,,,,alpha_vantage,BRENT,benchmark_spot,USD,USD_PER_BARREL,False
2015-07-28,BRENT_CRUDE,BRENT_CRUDE,54.3,,,,alpha_vantage,BRENT,benchmark_spot,USD,USD_PER_BARREL,False
2015-07-29,BRENT_CRUDE,BRENT_CRUDE,54.73,,,,alpha_vantage,BRENT,benchmark_spot,USD,USD_PER_BARREL,False
2015-07-30,BRENT_CRUDE,BRENT_CRUDE,54.29,,,,alpha_vantage,BRENT,benchmark_spot,USD,USD_PER_BARREL,False
2015-07-31,BRENT_CRUDE,BRENT_CRUDE,53.29,,,,alpha_vantage,BRENT,benchmark_spot,USD,USD_PER_BARREL,False
2015-08-03,BRENT_CRUDE,BRENT_CRUDE,49.49,,,,alpha_vantage,BRENT,benchmark_spot,USD,USD_PER_BARREL,False
2015-08-04,BRENT_CRUDE,BRENT_CRUDE,49.08,,,,alpha_vantage,BRENT,benchmark_spot,USD,USD_PER_BARREL,False
2015-08-05,BRENT_CRUDE,BRENT_CRUDE,49.04,,,,alpha_vantage,BRENT,benchmark_spot,USD,USD_PER_BARREL,False
2015-08-06,BRENT_CRUDE,BRENT_CRUDE,47.8,,,,alpha_vantage,BRENT,benchmark_spot,USD,USD_PER_BARREL,False
2015-08-07,BRENT_CRUDE,BRENT_CRUDE,47.54,,,,alpha_vantage,BRENT,benchmark_spot,USD,USD_PER_BARREL,False
2015-08-10,BRENT_CRUDE,BRENT_CRUDE,48.3,,,,alpha_vantage,BRENT,benchmark_spot,USD,USD_PER_BARREL,False
2015-08-11,BRENT_CRUDE,BRENT_CRUDE,47.33,,,,alpha_vantage,BRENT,benchmark_spot,USD,USD_PER_BARREL,False
2015-08-12,BRENT_CRUDE,BRENT_CRUDE,48.29,,,,alpha_vantage,BRENT,benchmark_spot,USD,USD_PER_BARREL,False
2015-08-13,BRENT_CRUDE,BRENT_CRUDE,48.01,,,,alpha_vantage,BRENT,benchmark_spot,USD,USD_PER_BARREL,False
2015-08-14,BRENT_CRUDE,BRENT_CRUDE,47.79,,,,alpha_vantage,BRENT,benchmark_spot,USD,USD_PER_BARREL,False
2015-08-17,BRENT_CRUDE,BRENT_CRUDE,47.77,,,,alpha_vantage,BRENT,benchmark_spot,USD,USD_PER_BARREL,False
2015-08-18,BRENT_CRUDE,BRENT_CRUDE,47.0,,,,alpha_vantage,BRENT,benchmark_spot,USD,USD_PER_BARREL,False
2015-08-19,BRENT_CRUDE,BRENT_CRUDE,45.75,,,,alpha_vantage,BRENT,benchmark_spot,USD,USD_PER_BARREL,False
2015-08-20,BRENT_CRUDE,BRENT_CRUDE,45.63,,,,alpha_vantage,BRENT,benchmark_spot,USD,USD_PER_BARREL,False
2015-08-21,BRENT_CRUDE,BRENT_CRUDE,43.84,,,,alpha_vantage,BRENT,benchmark_spot,USD,USD_PER_BARREL,False
2015-08-24,BRENT_CRUDE,BRENT_CRUDE,41.59,,,,alpha_vantage,BRENT,benchmark_spot,USD,USD_PER_BARREL,False
2015-08-25,BRENT_CRUDE,BRENT_CRUDE,41.86,,,,alpha_vantage,BRENT,benchmark_spot,USD,USD_PER_BARREL,False
2015-08-26,BRENT_CRUDE,BRENT_CRUDE,41.76,,,,alpha_vantage,BRENT,benchmark_spot,USD,USD_PER_BARREL,False
2015-08-27,BRENT_CRUDE,BRENT_CRUDE,44.46,,,,alpha_vantage,BRENT,benchmark_spot,USD,USD_PER_BARREL,False
2015-08-28,BRENT_CRUDE,BRENT_CRUDE,47.97,,,,alpha_vantage,BRENT,benchmark_spot,USD,USD_PER_BARREL,False
2015-09-01,BRENT_CRUDE,BRENT_CRUDE,48.8,,,,alpha_vantage,BRENT,benchmark_spot,USD,USD_PER_BARREL,False
2015-09-02,BRENT_CRUDE,BRENT_CRUDE,47.67,,,,alpha_vantage,BRENT,benchmark_spot,USD,USD_PER_BARREL,False
2015-09-03,BRENT_CRUDE,BRENT_CRUDE,50.41,,,,alpha_vantage,BRENT,benchmark_spot,USD,USD_PER_BARREL,False
2015-09-04,BRENT_CRUDE,BRENT_CRUDE,48.59,,,,alpha_vantage,BRENT,benchmark_spot,USD,USD_PER_BARREL,False
2015-09-07,BRENT_CRUDE,BRENT_CRUDE,46.42,,,,alpha_vantage,BRENT,benchmark_spot,USD,USD_PER_BARREL,False
2015-09-08,BRENT_CRUDE,BRENT_CRUDE,48.88,,,,alpha_vantage,BRENT,benchmark_spot,USD,USD_PER_BARREL,False
2015-09-09,BRENT_CRUDE,BRENT_CRUDE,48.04,,,,alpha_vantage,BRENT,benchmark_spot,USD,USD_PER_BARREL,False
2015-09-10,BRENT_CRUDE,BRENT_CRUDE,47.77,,,,alpha_vantage,BRENT,benchmark_spot,USD,USD_PER_BARREL,False
2015-09-11,BRENT_CRUDE,BRENT_CRUDE,46.87,,,,alpha_vantage,BRENT,benchmark_spot,USD,USD_PER_BARREL,False
2015-09-14,BRENT_CRUDE,BRENT_CRUDE,45.87,,,,alpha_vantage,BRENT,benchmark_spot,USD,USD_PER_BARREL,False
2015-09-15,BRENT_CRUDE,BRENT_CRUDE,45.91,,,,alpha_vantage,BRENT,benchmark_spot,USD,USD_PER_BARREL,False
2015-09-16,BRENT_CRUDE,BRENT_CRUDE,49.35,,,,alpha_vantage,BRENT,benchmark_spot,USD,USD_PER_BARREL,False
2015-09-17,BRENT_CRUDE,BRENT_CRUDE,48.27,,,,alpha_vantage,BRENT,benchmark_spot,USD,USD_PER_BARREL,False
2015-09-18,BRENT_CRUDE,BRENT_CRUDE,47.28,,,,alpha_vantage,BRENT,benchmark_spot,USD,USD_PER_BARREL,False
2015-09-21,BRENT_CRUDE,BRENT_CRUDE,47.64,,,,alpha_vantage,BRENT,benchmark_spot,USD,USD_PER_BARREL,False
2015-09-22,BRENT_CRUDE,BRENT_CRUDE,46.69,,,,alpha_vantage,BRENT,benchmark_spot,USD,USD_PER_BARREL,False
2015-09-23,BRENT_CRUDE,BRENT_CRUDE,48.0,,,,alpha_vantage,BRENT,benchmark_spot,USD,USD_PER_BARREL,False
2015-09-24,BRENT_CRUDE,BRENT_CRUDE,47.06,,,,alpha_vantage,BRENT,benchmark_spot,USD,USD_PER_BARREL,False
2015-09-25,BRENT_CRUDE,BRENT_CRUDE,47.28,,,,alpha_vantage,BRENT,benchmark_spot,USD,USD_PER_BARREL,False
2015-09-28,BRENT_CRUDE,BRENT_CRUDE,46.04,,,,alpha_vantage,BRENT,benchmark_spot,USD,USD_PER_BARREL,False
2015-09-29,BRENT_CRUDE,BRENT_CRUDE,47.58,,,,alpha_vantage,BRENT,benchmark_spot,USD,USD_PER_BARREL,False
2015-09-30,BRENT_CRUDE,BRENT_CRUDE,47.29,,,,alpha_vantage,BRENT,benchmark_spot,USD,USD_PER_BARREL,False
2015-10-01,BRENT_CRUDE,BRENT_CRUDE,47.48,,,,alpha_vantage,BRENT,benchmark_spot,USD,USD_PER_BARREL,False
2015-10-02,BRENT_CRUDE,BRENT_CRUDE,46.55,,,,alpha_vantage,BRENT,benchmark_spot,USD,USD_PER_BARREL,False
2015-10-05,BRENT_CRUDE,BRENT_CRUDE,49.45,,,,alpha_vantage,BRENT,benchmark_spot,USD,USD_PER_BARREL,False
2015-10-06,BRENT_CRUDE,BRENT_CRUDE,51.34,,,,alpha_vantage,BRENT,benchmark_spot,USD,USD_PER_BARREL,False
2015-10-07,BRENT_CRUDE,BRENT_CRUDE,51.66,,,,alpha_vantage,BRENT,benchmark_spot,USD,USD_PER_BARREL,False
2015-10-08,BRENT_CRUDE,BRENT_CRUDE,52.13,,,,alpha_vantage,BRENT,benchmark_spot,USD,USD_PER_BARREL,False
2015-10-09,BRENT_CRUDE,BRENT_CRUDE,52.08,,,,alpha_vantage,BRENT,benchmark_spot,USD,USD_PER_BARREL,False
2015-10-12,BRENT_CRUDE,BRENT_CRUDE,50.95,,,,alpha_vantage,BRENT,benchmark_spot,USD,USD_PER_BARREL,False
2015-10-13,BRENT_CRUDE,BRENT_CRUDE,48.94,,,,alpha_vantage,BRENT,benchmark_spot,USD,USD_PER_BARREL,False
2015-10-14,BRENT_CRUDE,BRENT_CRUDE,48.25,,,,alpha_vantage,BRENT,benchmark_spot,USD,USD_PER_BARREL,False
2015-10-15,BRENT_CRUDE,BRENT_CRUDE,47.87,,,,alpha_vantage,BRENT,benchmark_spot,USD,USD_PER_BARREL,False
2015-10-16,BRENT_CRUDE,BRENT_CRUDE,48.96,,,,alpha_vantage,BRENT,benchmark_spot,USD,USD_PER_BARREL,False
2015-10-19,BRENT_CRUDE,BRENT_CRUDE,47.51,,,,alpha_vantage,BRENT,benchmark_spot,USD,USD_PER_BARREL,False
2015-10-20,BRENT_CRUDE,BRENT_CRUDE,46.93,,,,alpha_vantage,BRENT,benchmark_spot,USD,USD_PER_BARREL,False
2015-10-21,BRENT_CRUDE,BRENT_CRUDE,46.72,,,,alpha_vantage,BRENT,benchmark_spot,USD,USD_PER_BARREL,False
2015-10-22,BRENT_CRUDE,BRENT_CRUDE,46.59,,,,alpha_vantage,BRENT,benchmark_spot,USD,USD_PER_BARREL,False
2015-10-23,BRENT_CRUDE,BRENT_CRUDE,46.3,,,,alpha_vantage,BRENT,benchmark_spot,USD,USD_PER_BARREL,False
2015-10-26,BRENT_CRUDE,BRENT_CRUDE,46.57,,,,alpha_vantage,BRENT,benchmark_spot,USD,USD_PER_BARREL,False
2015-10-27,BRENT_CRUDE,BRENT_CRUDE,45.54,,,,alpha_vantage,BRENT,benchmark_spot,USD,USD_PER_BARREL,False
2015-10-28,BRENT_CRUDE,BRENT_CRUDE,47.6,,,,alpha_vantage,BRENT,benchmark_spot,USD,USD_PER_BARREL,False
2015-10-29,BRENT_CRUDE,BRENT_CRUDE,48.04,,,,alpha_vantage,BRENT,benchmark_spot,USD,USD_PER_BARREL,False
2015-10-30,BRENT_CRUDE,BRENT_CRUDE,48.0,,,,alpha_vantage,BRENT,benchmark_spot,USD,USD_PER_BARREL,False
2015-11-02,BRENT_CRUDE,BRENT_CRUDE,47.91,,,,alpha_vantage,BRENT,benchmark_spot,USD,USD_PER_BARREL,False
2015-11-03,BRENT_CRUDE,BRENT_CRUDE,48.0,,,,alpha_vantage,BRENT,benchmark_spot,USD,USD_PER_BARREL,False
2015-11-04,BRENT_CRUDE,BRENT_CRUDE,46.96,,,,alpha_vantage,BRENT,benchmark_spot,USD,USD_PER_BARREL,False
2015-11-05,BRENT_CRUDE,BRENT_CRUDE,47.19,,,,alpha_vantage,BRENT,benchmark_spot,USD,USD_PER_BARREL,False
2015-11-06,BRENT_CRUDE,BRENT_CRUDE,46.09,,,,alpha_vantage,BRENT,benchmark_spot,USD,USD_PER_BARREL,False
2015-11-09,BRENT_CRUDE,BRENT_CRUDE,45.38,,,,alpha_vantage,BRENT,benchmark_spot,USD,USD_PER_BARREL,False
2015-11-10,BRENT_CRUDE,BRENT_CRUDE,46.44,,,,alpha_vantage,BRENT,benchmark_spot,USD,USD_PER_BARREL,False
2015-11-11,BRENT_CRUDE,BRENT_CRUDE,44.98,,,,alpha_vantage,BRENT,benchmark_spot,USD,USD_PER_BARREL,False
2015-11-12,BRENT_CRUDE,BRENT_CRUDE,44.98,,,,alpha_vantage,BRENT,benchmark_spot,USD,USD_PER_BARREL,False
2015-11-13,BRENT_CRUDE,BRENT_CRUDE,41.98,,,,alpha_vantage,BRENT,benchmark_spot,USD,USD_PER_BARREL,False
2015-11-16,BRENT_CRUDE,BRENT_CRUDE,40.28,,,,alpha_vantage,BRENT,benchmark_spot,USD,USD_PER_BARREL,False
2015-11-17,BRENT_CRUDE,BRENT_CRUDE,41.28,,,,alpha_vantage,BRENT,benchmark_spot,USD,USD_PER_BARREL,False
2015-11-18,BRENT_CRUDE,BRENT_CRUDE,41.45,,,,alpha_vantage,BRENT,benchmark_spot,USD,USD_PER_BARREL,False
2015-11-19,BRENT_CRUDE,BRENT_CRUDE,42.22,,,,alpha_vantage,BRENT,benchmark_spot,USD,USD_PER_BARREL,False
2015-11-20,BRENT_CRUDE,BRENT_CRUDE,42.49,,,,alpha_vantage,BRENT,benchmark_spot,USD,USD_PER_BARREL,False
2015-11-23,BRENT_CRUDE,BRENT_CRUDE,43.7,,,,alpha_vantage,BRENT,benchmark_spot,USD,USD_PER_BARREL,False
2015-11-24,BRENT_CRUDE,BRENT_CRUDE,44.38,,,,alpha_vantage,BRENT,benchmark_spot,USD,USD_PER_BARREL,False
2015-11-25,BRENT_CRUDE,BRENT_CRUDE,43.56,,,,alpha_vantage,BRENT,benchmark_spot,USD,USD_PER_BARREL,False
2015-11-26,BRENT_CRUDE,BRENT_CRUDE,43.55,,,,alpha_vantage,BRENT,benchmark_spot,USD,USD_PER_BARREL,False
2015-11-27,BRENT_CRUDE,BRENT_CRUDE,43.07,,,,alpha_vantage,BRENT,benchmark_spot,USD,USD_PER_BARREL,False
2015-11-30,BRENT_CRUDE,BRENT_CRUDE,43.73,,,,alpha_vantage,BRENT,benchmark_spot,USD,USD_PER_BARREL,False
2015-12-01,BRENT_CRUDE,BRENT_CRUDE,42.97,,,,alpha_vantage,BRENT,benchmark_spot,USD,USD_PER_BARREL,False
2015-12-02,BRENT_CRUDE,BRENT_CRUDE,41.92,,,,alpha_vantage,BRENT,benchmark_spot,USD,USD_PER_BARREL,False
2015-12-03,BRENT_CRUDE,BRENT_CRUDE,42.0,,,,alpha_vantage,BRENT,benchmark_spot,USD,USD_PER_BARREL,False
2015-12-04,BRENT_CRUDE,BRENT_CRUDE,41.44,,,,alpha_vantage,BRENT,benchmark_spot,USD,USD_PER_BARREL,False
2015-12-07,BRENT_CRUDE,BRENT_CRUDE,39.69,,,,alpha_vantage,BRENT,benchmark_spot,USD,USD_PER_BARREL,False
2015-12-08,BRENT_CRUDE,BRENT_CRUDE,39.44,,,,alpha_vantage,BRENT,benchmark_spot,USD,USD_PER_BARREL,False
2015-12-09,BRENT_CRUDE,BRENT_CRUDE,39.04,,,,alpha_vantage,BRENT,benchmark_spot,USD,USD_PER_BARREL,False
2015-12-10,BRENT_CRUDE,BRENT_CRUDE,38.65,,,,alpha_vantage,BRENT,benchmark_spot,USD,USD_PER_BARREL,False
2015-12-11,BRENT_CRUDE,BRENT_CRUDE,36.99,,,,alpha_vantage,BRENT,benchmark_spot,USD,USD_PER_BARREL,False
2015-12-14,BRENT_CRUDE,BRENT_CRUDE,36.51,,,,alpha_vantage,BRENT,benchmark_spot,USD,USD_PER_BARREL,False
2015-12-15,BRENT_CRUDE,BRENT_CRUDE,37.66,,,,alpha_vantage,BRENT,benchmark_spot,USD,USD_PER_BARREL,False
2015-12-16,BRENT_CRUDE,BRENT_CRUDE,36.96,,,,alpha_vantage,BRENT,benchmark_spot,USD,USD_PER_BARREL,False
2015-12-17,BRENT_CRUDE,BRENT_CRUDE,36.29,,,,alpha_vantage,BRENT,benchmark_spot,USD,USD_PER_BARREL,False
2015-12-18,BRENT_CRUDE,BRENT_CRUDE,36.76,,,,alpha_vantage,BRENT,benchmark_spot,USD,USD_PER_BARREL,False
2015-12-21,BRENT_CRUDE,BRENT_CRUDE,35.34,,,,alpha_vantage,BRENT,benchmark_spot,USD,USD_PER_BARREL,False
2015-12-22,BRENT_CRUDE,BRENT_CRUDE,35.26,,,,alpha_vantage,BRENT,benchmark_spot,USD,USD_PER_BARREL,False
2015-12-23,BRENT_CRUDE,BRENT_CRUDE,35.79,,,,alpha_vantage,BRENT,benchmark_spot,USD,USD_PER_BARREL,False
2015-12-24,BRENT_CRUDE,BRENT_CRUDE,37.22,,,,alpha_vantage,BRENT,benchmark_spot,USD,USD_PER_BARREL,False
2015-12-28,BRENT_CRUDE,BRENT_CRUDE,37.08,,,,alpha_vantage,BRENT,benchmark_spot,USD,USD_PER_BARREL,False
2015-12-29,BRENT_CRUDE,BRENT_CRUDE,36.85,,,,alpha_vantage,BRENT,benchmark_spot,USD,USD_PER_BARREL,False
2015-12-30,BRENT_CRUDE,BRENT_CRUDE,35.65,,,,alpha_vantage,BRENT,benchmark_spot,USD,USD_PER_BARREL,False
2015-12-31,BRENT_CRUDE,BRENT_CRUDE,36.61,,,,alpha_vantage,BRENT,benchmark_spot,USD,USD_PER_BARREL,False
2016-01-04,BRENT_CRUDE,BRENT_CRUDE,36.28,,,,alpha_vantage,BRENT,benchmark_spot,USD,USD_PER_BARREL,False
2016-01-05,BRENT_CRUDE,BRENT_CRUDE,35.56,,,,alpha_vantage,BRENT,benchmark_spot,USD,USD_PER_BARREL,False
2016-01-06,BRENT_CRUDE,BRENT_CRUDE,33.89,,,,alpha_vantage,BRENT,benchmark_spot,USD,USD_PER_BARREL,False
2016-01-07,BRENT_CRUDE,BRENT_CRUDE,33.57,,,,alpha_vantage,BRENT,benchmark_spot,USD,USD_PER_BARREL,False
2016-01-08,BRENT_CRUDE,BRENT_CRUDE,31.67,,,,alpha_vantage,BRENT,benchmark_spot,USD,USD_PER_BARREL,False
2016-01-11,BRENT_CRUDE,BRENT_CRUDE,30.14,,,,alpha_vantage,BRENT,benchmark_spot,USD,USD_PER_BARREL,False
2016-01-12,BRENT_CRUDE,BRENT_CRUDE,29.14,,,,alpha_vantage,BRENT,benchmark_spot,USD,USD_PER_BARREL,False
2016-01-13,BRENT_CRUDE,BRENT_CRUDE,28.58,,,,alpha_vantage,BRENT,benchmark_spot,USD,USD_PER_BARREL,False
2016-01-14,BRENT_CRUDE,BRENT_CRUDE,28.84,,,,alpha_vantage,BRENT,benchmark_spot,USD,USD_PER_BARREL,False
2016-01-15,BRENT_CRUDE,BRENT_CRUDE,28.8,,,,alpha_vantage,BRENT,benchmark_spot,USD,USD_PER_BARREL,False
2016-01-18,BRENT_CRUDE,BRENT_CRUDE,27.36,,,,alpha_vantage,BRENT,benchmark_spot,USD,USD_PER_BARREL,False
2016-01-19,BRENT_CRUDE,BRENT_CRUDE,27.36,,,,alpha_vantage,BRENT,benchmark_spot,USD,USD_PER_BARREL,False
2016-01-20,BRENT_CRUDE,BRENT_CRUDE,26.01,,,,alpha_vantage,BRENT,benchmark_spot,USD,USD_PER_BARREL,False
2016-01-21,BRENT_CRUDE,BRENT_CRUDE,27.59,,,,alpha_vantage,BRENT,benchmark_spot,USD,USD_PER_BARREL,False
2016-01-22,BRENT_CRUDE,BRENT_CRUDE,30.46,,,,alpha_vantage,BRENT,benchmark_spot,USD,USD_PER_BARREL,False
2016-01-25,BRENT_CRUDE,BRENT_CRUDE,29.82,,,,alpha_vantage,BRENT,benchmark_spot,USD,USD_PER_BARREL,False
2016-01-26,BRENT_CRUDE,BRENT_CRUDE,30.94,,,,alpha_vantage,BRENT,benchmark_spot,USD,USD_PER_BARREL,False
2016-01-27,BRENT_CRUDE,BRENT_CRUDE,31.83,,,,alpha_vantage,BRENT,benchmark_spot,USD,USD_PER_BARREL,False
2016-01-28,BRENT_CRUDE,BRENT_CRUDE,33.01,,,,alpha_vantage,BRENT,benchmark_spot,USD,USD_PER_BARREL,False
2016-01-29,BRENT_CRUDE,BRENT_CRUDE,33.14,,,,alpha_vantage,BRENT,benchmark_spot,USD,USD_PER_BARREL,False
2016-02-01,BRENT_CRUDE,BRENT_CRUDE,32.45,,,,alpha_vantage,BRENT,benchmark_spot,USD,USD_PER_BARREL,False
2016-02-02,BRENT_CRUDE,BRENT_CRUDE,30.98,,,,alpha_vantage,BRENT,benchmark_spot,USD,USD_PER_BARREL,False
2016-02-03,BRENT_CRUDE,BRENT_CRUDE,32.38,,,,alpha_vantage,BRENT,benchmark_spot,USD,USD_PER_BARREL,False
2016-02-04,BRENT_CRUDE,BRENT_CRUDE,32.76,,,,alpha_vantage,BRENT,benchmark_spot,USD,USD_PER_BARREL,False
2016-02-05,BRENT_CRUDE,BRENT_CRUDE,32.35,,,,alpha_vantage,BRENT,benchmark_spot,USD,USD_PER_BARREL,False
2016-02-08,BRENT_CRUDE,BRENT_CRUDE,31.64,,,,alpha_vantage,BRENT,benchmark_spot,USD,USD_PER_BARREL,False
2016-02-09,BRENT_CRUDE,BRENT_CRUDE,30.15,,,,alpha_vantage,BRENT,benchmark_spot,USD,USD_PER_BARREL,False
2016-02-10,BRENT_CRUDE,BRENT_CRUDE,29.64,,,,alpha_vantage,BRENT,benchmark_spot,USD,USD_PER_BARREL,False
2016-02-11,BRENT_CRUDE,BRENT_CRUDE,28.82,,,,alpha_vantage,BRENT,benchmark_spot,USD,USD_PER_BARREL,False
2016-02-12,BRENT_CRUDE,BRENT_CRUDE,31.8,,,,alpha_vantage,BRENT,benchmark_spot,USD,USD_PER_BARREL,False
2016-02-16,BRENT_CRUDE,BRENT_CRUDE,31.09,,,,alpha_vantage,BRENT,benchmark_spot,USD,USD_PER_BARREL,False
2016-02-17,BRENT_CRUDE,BRENT_CRUDE,33.21,,,,alpha_vantage,BRENT,benchmark_spot,USD,USD_PER_BARREL,False
2016-02-18,BRENT_CRUDE,BRENT_CRUDE,33.2,,,,alpha_vantage,BRENT,benchmark_spot,USD,USD_PER_BARREL,False
2016-02-19,BRENT_CRUDE,BRENT_CRUDE,31.66,,,,alpha_vantage,BRENT,benchmark_spot,USD,USD_PER_BARREL,False
2016-02-22,BRENT_CRUDE,BRENT_CRUDE,33.59,,,,alpha_vantage,BRENT,benchmark_spot,USD,USD_PER_BARREL,False
2016-02-23,BRENT_CRUDE,BRENT_CRUDE,31.9,,,,alpha_vantage,BRENT,benchmark_spot,USD,USD_PER_BARREL,False
2016-02-24,BRENT_CRUDE,BRENT_CRUDE,31.5,,,,alpha_vantage,BRENT,benchmark_spot,USD,USD_PER_BARREL,False
2016-02-25,BRENT_CRUDE,BRENT_CRUDE,32.83,,,,alpha_vantage,BRENT,benchmark_spot,USD,USD_PER_BARREL,False
2016-02-26,BRENT_CRUDE,BRENT_CRUDE,35.76,,,,alpha_vantage,BRENT,benchmark_spot,USD,USD_PER_BARREL,False
2016-02-29,BRENT_CRUDE,BRENT_CRUDE,35.92,,,,alpha_vantage,BRENT,benchmark_spot,USD,USD_PER_BARREL,False
2016-03-01,BRENT_CRUDE,BRENT_CRUDE,35.73,,,,alpha_vantage,BRENT,benchmark_spot,USD,USD_PER_BARREL,False
2016-03-02,BRENT_CRUDE,BRENT_CRUDE,36.38,,,,alpha_vantage,BRENT,benchmark_spot,USD,USD_PER_BARREL,False
2016-03-03,BRENT_CRUDE,BRENT_CRUDE,35.75,,,,alpha_vantage,BRENT,benchmark_spot,USD,USD_PER_BARREL,False
2016-03-04,BRENT_CRUDE,BRENT_CRUDE,37.61,,,,alpha_vantage,BRENT,benchmark_spot,USD,USD_PER_BARREL,False
2016-03-07,BRENT_CRUDE,BRENT_CRUDE,39.02,,,,alpha_vantage,BRENT,benchmark_spot,USD,USD_PER_BARREL,False
2016-03-08,BRENT_CRUDE,BRENT_CRUDE,39.16,,,,alpha_vantage,BRENT,benchmark_spot,USD,USD_PER_BARREL,False
2016-03-09,BRENT_CRUDE,BRENT_CRUDE,40.26,,,,alpha_vantage,BRENT,benchmark_spot,USD,USD_PER_BARREL,False
2016-03-10,BRENT_CRUDE,BRENT_CRUDE,38.63,,,,alpha_vantage,BRENT,benchmark_spot,USD,USD_PER_BARREL,False
2016-03-11,BRENT_CRUDE,BRENT_CRUDE,39.41,,,,alpha_vantage,BRENT,benchmark_spot,USD,USD_PER_BARREL,False
2016-03-14,BRENT_CRUDE,BRENT_CRUDE,38.06,,,,alpha_vantage,BRENT,benchmark_spot,USD,USD_PER_BARREL,False
2016-03-15,BRENT_CRUDE,BRENT_CRUDE,37.49,,,,alpha_vantage,BRENT,benchmark_spot,USD,USD_PER_BARREL,False
2016-03-16,BRENT_CRUDE,BRENT_CRUDE,38.38,,,,alpha_vantage,BRENT,benchmark_spot,USD,USD_PER_BARREL,False
2016-03-17,BRENT_CRUDE,BRENT_CRUDE,39.29,,,,alpha_vantage,BRENT,benchmark_spot,USD,USD_PER_BARREL,False
2016-03-18,BRENT_CRUDE,BRENT_CRUDE,39.26,,,,alpha_vantage,BRENT,benchmark_spot,USD,USD_PER_BARREL,False
2016-03-21,BRENT_CRUDE,BRENT_CRUDE,39.91,,,,alpha_vantage,BRENT,benchmark_spot,USD,USD_PER_BARREL,False
2016-03-22,BRENT_CRUDE,BRENT_CRUDE,40.54,,,,alpha_vantage,BRENT,benchmark_spot,USD,USD_PER_BARREL,False
2016-03-23,BRENT_CRUDE,BRENT_CRUDE,38.84,,,,alpha_vantage,BRENT,benchmark_spot,USD,USD_PER_BARREL,False
2016-03-24,BRENT_CRUDE,BRENT_CRUDE,38.33,,,,alpha_vantage,BRENT,benchmark_spot,USD,USD_PER_BARREL,False
2016-03-28,BRENT_CRUDE,BRENT_CRUDE,38.33,,,,alpha_vantage,BRENT,benchmark_spot,USD,USD_PER_BARREL,False
2016-03-29,BRENT_CRUDE,BRENT_CRUDE,36.75,,,,alpha_vantage,BRENT,benchmark_spot,USD,USD_PER_BARREL,False
2016-03-30,BRENT_CRUDE,BRENT_CRUDE,36.75,,,,alpha_vantage,BRENT,benchmark_spot,USD,USD_PER_BARREL,False
2016-03-31,BRENT_CRUDE,BRENT_CRUDE,36.75,,,,alpha_vantage,BRENT,benchmark_spot,USD,USD_PER_BARREL,False
2016-04-01,BRENT_CRUDE,BRENT_CRUDE,36.42,,,,alpha_vantage,BRENT,benchmark_spot,USD,USD_PER_BARREL,False
2016-04-04,BRENT_CRUDE,BRENT_CRUDE,36.05,,,,alpha_vantage,BRENT,benchmark_spot,USD,USD_PER_BARREL,False
2016-04-05,BRENT_CRUDE,BRENT_CRUDE,35.88,,,,alpha_vantage,BRENT,benchmark_spot,USD,USD_PER_BARREL,False
2016-04-06,BRENT_CRUDE,BRENT_CRUDE,37.77,,,,alpha_vantage,BRENT,benchmark_spot,USD,USD_PER_BARREL,False
2016-04-07,BRENT_CRUDE,BRENT_CRUDE,37.15,,,,alpha_vantage,BRENT,benchmark_spot,USD,USD_PER_BARREL,False
2016-04-08,BRENT_CRUDE,BRENT_CRUDE,40.71,,,,alpha_vantage,BRENT,benchmark_spot,USD,USD_PER_BARREL,False
2016-04-11,BRENT_CRUDE,BRENT_CRUDE,41.58,,,,alpha_vantage,BRENT,benchmark_spot,USD,USD_PER_BARREL,False
2016-04-12,BRENT_CRUDE,BRENT_CRUDE,43.02,,,,alpha_vantage,BRENT,benchmark_spot,USD,USD_PER_BARREL,False
2016-04-13,BRENT_CRUDE,BRENT_CRUDE,42.81,,,,alpha_vantage,BRENT,benchmark_spot,USD,USD_PER_BARREL,False
2016-04-14,BRENT_CRUDE,BRENT_CRUDE,43.02,,,,alpha_vantage,BRENT,benchmark_spot,USD,USD_PER_BARREL,False
2016-04-15,BRENT_CRUDE,BRENT_CRUDE,41.32,,,,alpha_vantage,BRENT,benchmark_spot,USD,USD_PER_BARREL,False
2016-04-18,BRENT_CRUDE,BRENT_CRUDE,41.64,,,,alpha_vantage,BRENT,benchmark_spot,USD,USD_PER_BARREL,False
2016-04-19,BRENT_CRUDE,BRENT_CRUDE,43.02,,,,alpha_vantage,BRENT,benchmark_spot,USD,USD_PER_BARREL,False
2016-04-20,BRENT_CRUDE,BRENT_CRUDE,43.09,,,,alpha_vantage,BRENT,benchmark_spot,USD,USD_PER_BARREL,False
2016-04-21,BRENT_CRUDE,BRENT_CRUDE,43.48,,,,alpha_vantage,BRENT,benchmark_spot,USD,USD_PER_BARREL,False
2016-04-22,BRENT_CRUDE,BRENT_CRUDE,43.97,,,,alpha_vantage,BRENT,benchmark_spot,USD,USD_PER_BARREL,False
2016-04-25,BRENT_CRUDE,BRENT_CRUDE,42.97,,,,alpha_vantage,BRENT,benchmark_spot,USD,USD_PER_BARREL,False
2016-04-26,BRENT_CRUDE,BRENT_CRUDE,43.94,,,,alpha_vantage,BRENT,benchmark_spot,USD,USD_PER_BARREL,False
2016-04-27,BRENT_CRUDE,BRENT_CRUDE,44.17,,,,alpha_vantage,BRENT,benchmark_spot,USD,USD_PER_BARREL,False
2016-04-28,BRENT_CRUDE,BRENT_CRUDE,45.6,,,,alpha_vantage,BRENT,benchmark_spot,USD,USD_PER_BARREL,False
2016-04-29,BRENT_CRUDE,BRENT_CRUDE,45.64,,,,alpha_vantage,BRENT,benchmark_spot,USD,USD_PER_BARREL,False
2016-05-02,BRENT_CRUDE,BRENT_CRUDE,45.82,,,,alpha_vantage,BRENT,benchmark_spot,USD,USD_PER_BARREL,False
2016-05-03,BRENT_CRUDE,BRENT_CRUDE,43.09,,,,alpha_vantage,BRENT,benchmark_spot,USD,USD_PER_BARREL,False
2016-05-04,BRENT_CRUDE,BRENT_CRUDE,43.08,,,,alpha_vantage,BRENT,benchmark_spot,USD,USD_PER_BARREL,False
2016-05-05,BRENT_CRUDE,BRENT_CRUDE,44.39,,,,alpha_vantage,BRENT,benchmark_spot,USD,USD_PER_BARREL,False
2016-05-06,BRENT_CRUDE,BRENT_CRUDE,44.6,,,,alpha_vantage,BRENT,benchmark_spot,USD,USD_PER_BARREL,False
2016-05-09,BRENT_CRUDE,BRENT_CRUDE,42.43,,,,alpha_vantage,BRENT,benchmark_spot,USD,USD_PER_BARREL,False
2016-05-10,BRENT_CRUDE,BRENT_CRUDE,44.01,,,,alpha_vantage,BRENT,benchmark_spot,USD,USD_PER_BARREL,False
2016-05-11,BRENT_CRUDE,BRENT_CRUDE,46.08,,,,alpha_vantage,BRENT,benchmark_spot,USD,USD_PER_BARREL,False
2016-05-12,BRENT_CRUDE,BRENT_CRUDE,46.43,,,,alpha_vantage,BRENT,benchmark_spot,USD,USD_PER_BARREL,False
2016-05-13,BRENT_CRUDE,BRENT_CRUDE,47.05,,,,alpha_vantage,BRENT,benchmark_spot,USD,USD_PER_BARREL,False
2016-05-16,BRENT_CRUDE,BRENT_CRUDE,48.49,,,,alpha_vantage,BRENT,benchmark_spot,USD,USD_PER_BARREL,False
2016-05-17,BRENT_CRUDE,BRENT_CRUDE,48.71,,,,alpha_vantage,BRENT,benchmark_spot,USD,USD_PER_BARREL,False
2016-05-18,BRENT_CRUDE,BRENT_CRUDE,48.93,,,,alpha_vantage,BRENT,benchmark_spot,USD,USD_PER_BARREL,False
2016-05-19,BRENT_CRUDE,BRENT_CRUDE,47.01,,,,alpha_vantage,BRENT,benchmark_spot,USD,USD_PER_BARREL,False
2016-05-20,BRENT_CRUDE,BRENT_CRUDE,48.54,,,,alpha_vantage,BRENT,benchmark_spot,USD,USD_PER_BARREL,False
2016-05-23,BRENT_CRUDE,BRENT_CRUDE,47.77,,,,alpha_vantage,BRENT,benchmark_spot,USD,USD_PER_BARREL,False
2016-05-24,BRENT_CRUDE,BRENT_CRUDE,48.42,,,,alpha_vantage,BRENT,benchmark_spot,USD,USD_PER_BARREL,False
2016-05-25,BRENT_CRUDE,BRENT_CRUDE,48.87,,,,alpha_vantage,BRENT,benchmark_spot,USD,USD_PER_BARREL,False
2016-05-26,BRENT_CRUDE,BRENT_CRUDE,49.52,,,,alpha_vantage,BRENT,benchmark_spot,USD,USD_PER_BARREL,False
2016-05-27,BRENT_CRUDE,BRENT_CRUDE,49.09,,,,alpha_vantage,BRENT,benchmark_spot,USD,USD_PER_BARREL,False
2016-05-31,BRENT_CRUDE,BRENT_CRUDE,49.26,,,,alpha_vantage,BRENT,benchmark_spot,USD,USD_PER_BARREL,False
2016-06-01,BRENT_CRUDE,BRENT_CRUDE,48.81,,,,alpha_vantage,BRENT,benchmark_spot,USD,USD_PER_BARREL,False
2016-06-02,BRENT_CRUDE,BRENT_CRUDE,49.05,,,,alpha_vantage,BRENT,benchmark_spot,USD,USD_PER_BARREL,False
2016-06-03,BRENT_CRUDE,BRENT_CRUDE,48.5,,,,alpha_vantage,BRENT,benchmark_spot,USD,USD_PER_BARREL,False
2016-06-06,BRENT_CRUDE,BRENT_CRUDE,48.94,,,,alpha_vantage,BRENT,benchmark_spot,USD,USD_PER_BARREL,False
2016-06-07,BRENT_CRUDE,BRENT_CRUDE,49.76,,,,alpha_vantage,BRENT,benchmark_spot,USD,USD_PER_BARREL,False
2016-06-08,BRENT_CRUDE,BRENT_CRUDE,50.73,,,,alpha_vantage,BRENT,benchmark_spot,USD,USD_PER_BARREL,False
2016-06-09,BRENT_CRUDE,BRENT_CRUDE,50.59,,,,alpha_vantage,BRENT,benchmark_spot,USD,USD_PER_BARREL,False
2016-06-10,BRENT_CRUDE,BRENT_CRUDE,49.7,,,,alpha_vantage,BRENT,benchmark_spot,USD,USD_PER_BARREL,False
2016-06-13,BRENT_CRUDE,BRENT_CRUDE,49.36,,,,alpha_vantage,BRENT,benchmark_spot,USD,USD_PER_BARREL,False
2016-06-14,BRENT_CRUDE,BRENT_CRUDE,47.88,,,,alpha_vantage,BRENT,benchmark_spot,USD,USD_PER_BARREL,False
2016-06-15,BRENT_CRUDE,BRENT_CRUDE,47.47,,,,alpha_vantage,BRENT,benchmark_spot,USD,USD_PER_BARREL,False
2016-06-16,BRENT_CRUDE,BRENT_CRUDE,45.66,,,,alpha_vantage,BRENT,benchmark_spot,USD,USD_PER_BARREL,False
2016-06-17,BRENT_CRUDE,BRENT_CRUDE,46.57,,,,alpha_vantage,BRENT,benchmark_spot,USD,USD_PER_BARREL,False
2016-06-20,BRENT_CRUDE,BRENT_CRUDE,48.68,,,,alpha_vantage,BRENT,benchmark_spot,USD,USD_PER_BARREL,False
2016-06-21,BRENT_CRUDE,BRENT_CRUDE,48.18,,,,alpha_vantage,BRENT,benchmark_spot,USD,USD_PER_BARREL,False
2016-06-22,BRENT_CRUDE,BRENT_CRUDE,48.43,,,,alpha_vantage,BRENT,benchmark_spot,USD,USD_PER_BARREL,False
2016-06-23,BRENT_CRUDE,BRENT_CRUDE,48.63,,,,alpha_vantage,BRENT,benchmark_spot,USD,USD_PER_BARREL,False
2016-06-24,BRENT_CRUDE,BRENT_CRUDE,46.69,,,,alpha_vantage,BRENT,benchmark_spot,USD,USD_PER_BARREL,False
2016-06-27,BRENT_CRUDE,BRENT_CRUDE,45.07,,,,alpha_vantage,BRENT,benchmark_spot,USD,USD_PER_BARREL,False
2016-06-28,BRENT_CRUDE,BRENT_CRUDE,46.29,,,,alpha_vantage,BRENT,benchmark_spot,USD,USD_PER_BARREL,False
2016-06-29,BRENT_CRUDE,BRENT_CRUDE,48.4,,,,alpha_vantage,BRENT,benchmark_spot,USD,USD_PER_BARREL,False
2016-06-30,BRENT_CRUDE,BRENT_CRUDE,48.05,,,,alpha_vantage,BRENT,benchmark_spot,USD,USD_PER_BARREL,False
2016-07-01,BRENT_CRUDE,BRENT_CRUDE,47.65,,,,alpha_vantage,BRENT,benchmark_spot,USD,USD_PER_BARREL,False
2016-07-04,BRENT_CRUDE,BRENT_CRUDE,48.02,,,,alpha_vantage,BRENT,benchmark_spot,USD,USD_PER_BARREL,False
2016-07-05,BRENT_CRUDE,BRENT_CRUDE,45.64,,,,alpha_vantage,BRENT,benchmark_spot,USD,USD_PER_BARREL,False
2016-07-06,BRENT_CRUDE,BRENT_CRUDE,45.7,,,,alpha_vantage,BRENT,benchmark_spot,USD,USD_PER_BARREL,False
2016-07-07,BRENT_CRUDE,BRENT_CRUDE,45.93,,,,alpha_vantage,BRENT,benchmark_spot,USD,USD_PER_BARREL,False
2016-07-08,BRENT_CRUDE,BRENT_CRUDE,44.53,,,,alpha_vantage,BRENT,benchmark_spot,USD,USD_PER_BARREL,False
2016-07-11,BRENT_CRUDE,BRENT_CRUDE,44.04,,,,alpha_vantage,BRENT,benchmark_spot,USD,USD_PER_BARREL,False
2016-07-12,BRENT_CRUDE,BRENT_CRUDE,46.72,,,,alpha_vantage,BRENT,benchmark_spot,USD,USD_PER_BARREL,False
2016-07-13,BRENT_CRUDE,BRENT_CRUDE,44.67,,,,alpha_vantage,BRENT,benchmark_spot,USD,USD_PER_BARREL,False
2016-07-14,BRENT_CRUDE,BRENT_CRUDE,46.01,,,,alpha_vantage,BRENT,benchmark_spot,USD,USD_PER_BARREL,False
2016-07-15,BRENT_CRUDE,BRENT_CRUDE,46.25,,,,alpha_vantage,BRENT,benchmark_spot,USD,USD_PER_BARREL,False
2016-07-18,BRENT_CRUDE,BRENT_CRUDE,45.35,,,,alpha_vantage,BRENT,benchmark_spot,USD,USD_PER_BARREL,False
2016-07-19,BRENT_CRUDE,BRENT_CRUDE,45.7,,,,alpha_vantage,BRENT,benchmark_spot,USD,USD_PER_BARREL,False
2016-07-20,BRENT_CRUDE,BRENT_CRUDE,45.82,,,,alpha_vantage,BRENT,benchmark_spot,USD,USD_PER_BARREL,False
2016-07-21,BRENT_CRUDE,BRENT_CRUDE,44.99,,,,alpha_vantage,BRENT,benchmark_spot,USD,USD_PER_BARREL,False
2016-07-22,BRENT_CRUDE,BRENT_CRUDE,44.24,,,,alpha_vantage,BRENT,benchmark_spot,USD,USD_PER_BARREL,False
2016-07-25,BRENT_CRUDE,BRENT_CRUDE,43.76,,,,alpha_vantage,BRENT,benchmark_spot,USD,USD_PER_BARREL,False
2016-07-26,BRENT_CRUDE,BRENT_CRUDE,43.56,,,,alpha_vantage,BRENT,benchmark_spot,USD,USD_PER_BARREL,False
2016-07-27,BRENT_CRUDE,BRENT_CRUDE,42.78,,,,alpha_vantage,BRENT,benchmark_spot,USD,USD_PER_BARREL,False
2016-07-28,BRENT_CRUDE,BRENT_CRUDE,41.87,,,,alpha_vantage,BRENT,benchmark_spot,USD,USD_PER_BARREL,False
2016-07-29,BRENT_CRUDE,BRENT_CRUDE,40.76,,,,alpha_vantage,BRENT,benchmark_spot,USD,USD_PER_BARREL,False
2016-08-01,BRENT_CRUDE,BRENT_CRUDE,40.17,,,,alpha_vantage,BRENT,benchmark_spot,USD,USD_PER_BARREL,False
2016-08-02,BRENT_CRUDE,BRENT_CRUDE,40.0,,,,alpha_vantage,BRENT,benchmark_spot,USD,USD_PER_BARREL,False
2016-08-03,BRENT_CRUDE,BRENT_CRUDE,40.45,,,,alpha_vantage,BRENT,benchmark_spot,USD,USD_PER_BARREL,False
2016-08-04,BRENT_CRUDE,BRENT_CRUDE,41.33,,,,alpha_vantage,BRENT,benchmark_spot,USD,USD_PER_BARREL,False
2016-08-05,BRENT_CRUDE,BRENT_CRUDE,42.47,,,,alpha_vantage,BRENT,benchmark_spot,USD,USD_PER_BARREL,False
2016-08-08,BRENT_CRUDE,BRENT_CRUDE,43.24,,,,alpha_vantage,BRENT,benchmark_spot,USD,USD_PER_BARREL,False
2016-08-09,BRENT_CRUDE,BRENT_CRUDE,43.37,,,,alpha_vantage,BRENT,benchmark_spot,USD,USD_PER_BARREL,False
2016-08-10,BRENT_CRUDE,BRENT_CRUDE,42.19,,,,alpha_vantage,BRENT,benchmark_spot,USD,USD_PER_BARREL,False
2016-08-11,BRENT_CRUDE,BRENT_CRUDE,44.23,,,,alpha_vantage,BRENT,benchmark_spot,USD,USD_PER_BARREL,False
2016-08-12,BRENT_CRUDE,BRENT_CRUDE,45.12,,,,alpha_vantage,BRENT,benchmark_spot,USD,USD_PER_BARREL,False
2016-08-15,BRENT_CRUDE,BRENT_CRUDE,47.31,,,,alpha_vantage,BRENT,benchmark_spot,USD,USD_PER_BARREL,False
2016-08-16,BRENT_CRUDE,BRENT_CRUDE,48.27,,,,alpha_vantage,BRENT,benchmark_spot,USD,USD_PER_BARREL,False
2016-08-17,BRENT_CRUDE,BRENT_CRUDE,48.58,,,,alpha_vantage,BRENT,benchmark_spot,USD,USD_PER_BARREL,False
2016-08-18,BRENT_CRUDE,BRENT_CRUDE,49.46,,,,alpha_vantage,BRENT,benchmark_spot,USD,USD_PER_BARREL,False
2016-08-19,BRENT_CRUDE,BRENT_CRUDE,49.39,,,,alpha_vantage,BRENT,benchmark_spot,USD,USD_PER_BARREL,False
2016-08-22,BRENT_CRUDE,BRENT_CRUDE,48.1,,,,alpha_vantage,BRENT,benchmark_spot,USD,USD_PER_BARREL,False
2016-08-23,BRENT_CRUDE,BRENT_CRUDE,48.7,,,,alpha_vantage,BRENT,benchmark_spot,USD,USD_PER_BARREL,False
2016-08-24,BRENT_CRUDE,BRENT_CRUDE,47.56,,,,alpha_vantage,BRENT,benchmark_spot,USD,USD_PER_BARREL,False
2016-08-25,BRENT_CRUDE,BRENT_CRUDE,49.25,,,,alpha_vantage,BRENT,benchmark_spot,USD,USD_PER_BARREL,False
2016-08-26,BRENT_CRUDE,BRENT_CRUDE,49.66,,,,alpha_vantage,BRENT,benchmark_spot,USD,USD_PER_BARREL,False
2016-08-29,BRENT_CRUDE,BRENT_CRUDE,49.66,,,,alpha_vantage,BRENT,benchmark_spot,USD,USD_PER_BARREL,False
2016-08-30,BRENT_CRUDE,BRENT_CRUDE,47.94,,,,alpha_vantage,BRENT,benchmark_spot,USD,USD_PER_BARREL,False
2016-08-31,BRENT_CRUDE,BRENT_CRUDE,47.94,,,,alpha_vantage,BRENT,benchmark_spot,USD,USD_PER_BARREL,False
2016-09-01,BRENT_CRUDE,BRENT_CRUDE,45.05,,,,alpha_vantage,BRENT,benchmark_spot,USD,USD_PER_BARREL,False
2016-09-02,BRENT_CRUDE,BRENT_CRUDE,45.96,,,,alpha_vantage,BRENT,benchmark_spot,USD,USD_PER_BARREL,False
2016-09-05,BRENT_CRUDE,BRENT_CRUDE,46.72,,,,alpha_vantage,BRENT,benchmark_spot,USD,USD_PER_BARREL,False
2016-09-06,BRENT_CRUDE,BRENT_CRUDE,46.21,,,,alpha_vantage,BRENT,benchmark_spot,USD,USD_PER_BARREL,False
2016-09-07,BRENT_CRUDE,BRENT_CRUDE,47.0,,,,alpha_vantage,BRENT,benchmark_spot,USD,USD_PER_BARREL,False
2016-09-08,BRENT_CRUDE,BRENT_CRUDE,49.23,,,,alpha_vantage,BRENT,benchmark_spot,USD,USD_PER_BARREL,False
2016-09-09,BRENT_CRUDE,BRENT_CRUDE,48.37,,,,alpha_vantage,BRENT,benchmark_spot,USD,USD_PER_BARREL,False
2016-09-12,BRENT_CRUDE,BRENT_CRUDE,47.82,,,,alpha_vantage,BRENT,benchmark_spot,USD,USD_PER_BARREL,False
2016-09-13,BRENT_CRUDE,BRENT_CRUDE,46.48,,,,alpha_vantage,BRENT,benchmark_spot,USD,USD_PER_BARREL,False
2016-09-14,BRENT_CRUDE,BRENT_CRUDE,45.65,,,,alpha_vantage,BRENT,benchmark_spot,USD,USD_PER_BARREL,False
2016-09-15,BRENT_CRUDE,BRENT_CRUDE,45.83,,,,alpha_vantage,BRENT,benchmark_spot,USD,USD_PER_BARREL,False
2016-09-16,BRENT_CRUDE,BRENT_CRUDE,45.26,,,,alpha_vantage,BRENT,benchmark_spot,USD,USD_PER_BARREL,False
2016-09-19,BRENT_CRUDE,BRENT_CRUDE,46.04,,,,alpha_vantage,BRENT,benchmark_spot,USD,USD_PER_BARREL,False
2016-09-20,BRENT_CRUDE,BRENT_CRUDE,45.24,,,,alpha_vantage,BRENT,benchmark_spot,USD,USD_PER_BARREL,False
2016-09-21,BRENT_CRUDE,BRENT_CRUDE,45.99,,,,alpha_vantage,BRENT,benchmark_spot,USD,USD_PER_BARREL,False
2016-09-22,BRENT_CRUDE,BRENT_CRUDE,47.21,,,,alpha_vantage,BRENT,benchmark_spot,USD,USD_PER_BARREL,False
2016-09-23,BRENT_CRUDE,BRENT_CRUDE,46.71,,,,alpha_vantage,BRENT,benchmark_spot,USD,USD_PER_BARREL,False
2016-09-26,BRENT_CRUDE,BRENT_CRUDE,46.61,,,,alpha_vantage,BRENT,benchmark_spot,USD,USD_PER_BARREL,False
2016-09-27,BRENT_CRUDE,BRENT_CRUDE,44.95,,,,alpha_vantage,BRENT,benchmark_spot,USD,USD_PER_BARREL,False
2016-09-28,BRENT_CRUDE,BRENT_CRUDE,45.49,,,,alpha_vantage,BRENT,benchmark_spot,USD,USD_PER_BARREL,False
2016-09-29,BRENT_CRUDE,BRENT_CRUDE,48.43,,,,alpha_vantage,BRENT,benchmark_spot,USD,USD_PER_BARREL,False
2016-09-30,BRENT_CRUDE,BRENT_CRUDE,48.24,,,,alpha_vantage,BRENT,benchmark_spot,USD,USD_PER_BARREL,False
2016-10-03,BRENT_CRUDE,BRENT_CRUDE,48.61,,,,alpha_vantage,BRENT,benchmark_spot,USD,USD_PER_BARREL,False
2016-10-04,BRENT_CRUDE,BRENT_CRUDE,48.81,,,,alpha_vantage,BRENT,benchmark_spot,USD,USD_PER_BARREL,False
2016-10-05,BRENT_CRUDE,BRENT_CRUDE,49.57,,,,alpha_vantage,BRENT,benchmark_spot,USD,USD_PER_BARREL,False
2016-10-06,BRENT_CRUDE,BRENT_CRUDE,50.14,,,,alpha_vantage,BRENT,benchmark_spot,USD,USD_PER_BARREL,False
2016-10-07,BRENT_CRUDE,BRENT_CRUDE,50.49,,,,alpha_vantage,BRENT,benchmark_spot,USD,USD_PER_BARREL,False
2016-10-10,BRENT_CRUDE,BRENT_CRUDE,51.54,,,,alpha_vantage,BRENT,benchmark_spot,USD,USD_PER_BARREL,False
2016-10-11,BRENT_CRUDE,BRENT_CRUDE,50.48,,,,alpha_vantage,BRENT,benchmark_spot,USD,USD_PER_BARREL,False
2016-10-12,BRENT_CRUDE,BRENT_CRUDE,49.53,,,,alpha_vantage,BRENT,benchmark_spot,USD,USD_PER_BARREL,False
2016-10-13,BRENT_CRUDE,BRENT_CRUDE,49.29,,,,alpha_vantage,BRENT,benchmark_spot,USD,USD_PER_BARREL,False
2016-10-14,BRENT_CRUDE,BRENT_CRUDE,48.87,,,,alpha_vantage,BRENT,benchmark_spot,USD,USD_PER_BARREL,False
2016-10-17,BRENT_CRUDE,BRENT_CRUDE,49.31,,,,alpha_vantage,BRENT,benchmark_spot,USD,USD_PER_BARREL,False
2016-10-18,BRENT_CRUDE,BRENT_CRUDE,49.81,,,,alpha_vantage,BRENT,benchmark_spot,USD,USD_PER_BARREL,False
2016-10-19,BRENT_CRUDE,BRENT_CRUDE,51.85,,,,alpha_vantage,BRENT,benchmark_spot,USD,USD_PER_BARREL,False
2016-10-20,BRENT_CRUDE,BRENT_CRUDE,50.42,,,,alpha_vantage,BRENT,benchmark_spot,USD,USD_PER_BARREL,False
2016-10-21,BRENT_CRUDE,BRENT_CRUDE,50.28,,,,alpha_vantage,BRENT,benchmark_spot,USD,USD_PER_BARREL,False
2016-10-24,BRENT_CRUDE,BRENT_CRUDE,49.8,,,,alpha_vantage,BRENT,benchmark_spot,USD,USD_PER_BARREL,False
2016-10-25,BRENT_CRUDE,BRENT_CRUDE,49.08,,,,alpha_vantage,BRENT,benchmark_spot,USD,USD_PER_BARREL,False
2016-10-26,BRENT_CRUDE,BRENT_CRUDE,48.98,,,,alpha_vantage,BRENT,benchmark_spot,USD,USD_PER_BARREL,False
2016-10-27,BRENT_CRUDE,BRENT_CRUDE,49.13,,,,alpha_vantage,BRENT,benchmark_spot,USD,USD_PER_BARREL,False
2016-10-28,BRENT_CRUDE,BRENT_CRUDE,47.78,,,,alpha_vantage,BRENT,benchmark_spot,USD,USD_PER_BARREL,False
2016-10-31,BRENT_CRUDE,BRENT_CRUDE,46.2,,,,alpha_vantage,BRENT,benchmark_spot,USD,USD_PER_BARREL,False
2016-11-01,BRENT_CRUDE,BRENT_CRUDE,45.77,,,,alpha_vantage,BRENT,benchmark_spot,USD,USD_PER_BARREL,False
2016-11-02,BRENT_CRUDE,BRENT_CRUDE,44.26,,,,alpha_vantage,BRENT,benchmark_spot,USD,USD_PER_BARREL,False
2016-11-03,BRENT_CRUDE,BRENT_CRUDE,43.84,,,,alpha_vantage,BRENT,benchmark_spot,USD,USD_PER_BARREL,False
2016-11-04,BRENT_CRUDE,BRENT_CRUDE,43.06,,,,alpha_vantage,BRENT,benchmark_spot,USD,USD_PER_BARREL,False
2016-11-07,BRENT_CRUDE,BRENT_CRUDE,42.83,,,,alpha_vantage,BRENT,benchmark_spot,USD,USD_PER_BARREL,False
2016-11-08,BRENT_CRUDE,BRENT_CRUDE,43.47,,,,alpha_vantage,BRENT,benchmark_spot,USD,USD_PER_BARREL,False
2016-11-09,BRENT_CRUDE,BRENT_CRUDE,43.88,,,,alpha_vantage,BRENT,benchmark_spot,USD,USD_PER_BARREL,False
2016-11-10,BRENT_CRUDE,BRENT_CRUDE,43.67,,,,alpha_vantage,BRENT,benchmark_spot,USD,USD_PER_BARREL,False
2016-11-11,BRENT_CRUDE,BRENT_CRUDE,41.61,,,,alpha_vantage,BRENT,benchmark_spot,USD,USD_PER_BARREL,False
2016-11-14,BRENT_CRUDE,BRENT_CRUDE,41.83,,,,alpha_vantage,BRENT,benchmark_spot,USD,USD_PER_BARREL,False
2016-11-15,BRENT_CRUDE,BRENT_CRUDE,44.15,,,,alpha_vantage,BRENT,benchmark_spot,USD,USD_PER_BARREL,False
2016-11-16,BRENT_CRUDE,BRENT_CRUDE,45.07,,,,alpha_vantage,BRENT,benchmark_spot,USD,USD_PER_BARREL,False
2016-11-17,BRENT_CRUDE,BRENT_CRUDE,44.57,,,,alpha_vantage,BRENT,benchmark_spot,USD,USD_PER_BARREL,False
2016-11-18,BRENT_CRUDE,BRENT_CRUDE,44.41,,,,alpha_vantage,BRENT,benchmark_spot,USD,USD_PER_BARREL,False
2016-11-21,BRENT_CRUDE,BRENT_CRUDE,45.96,,,,alpha_vantage,BRENT,benchmark_spot,USD,USD_PER_BARREL,False
2016-11-22,BRENT_CRUDE,BRENT_CRUDE,46.1,,,,alpha_vantage,BRENT,benchmark_spot,USD,USD_PER_BARREL,False
2016-11-23,BRENT_CRUDE,BRENT_CRUDE,46.54,,,,alpha_vantage,BRENT,benchmark_spot,USD,USD_PER_BARREL,False
2016-11-24,BRENT_CRUDE,BRENT_CRUDE,47.54,,,,alpha_vantage,BRENT,benchmark_spot,USD,USD_PER_BARREL,False
2016-11-25,BRENT_CRUDE,BRENT_CRUDE,46.32,,,,alpha_vantage,BRENT,benchmark_spot,USD,USD_PER_BARREL,False
2016-11-28,BRENT_CRUDE,BRENT_CRUDE,46.64,,,,alpha_vantage,BRENT,benchmark_spot,USD,USD_PER_BARREL,False
2016-11-29,BRENT_CRUDE,BRENT_CRUDE,44.68,,,,alpha_vantage,BRENT,benchmark_spot,USD,USD_PER_BARREL,False
2016-11-30,BRENT_CRUDE,BRENT_CRUDE,47.95,,,,alpha_vantage,BRENT,benchmark_spot,USD,USD_PER_BARREL,False
2016-12-01,BRENT_CRUDE,BRENT_CRUDE,52.28,,,,alpha_vantage,BRENT,benchmark_spot,USD,USD_PER_BARREL,False
2016-12-02,BRENT_CRUDE,BRENT_CRUDE,52.35,,,,alpha_vantage,BRENT,benchmark_spot,USD,USD_PER_BARREL,False
2016-12-05,BRENT_CRUDE,BRENT_CRUDE,53.3,,,,alpha_vantage,BRENT,benchmark_spot,USD,USD_PER_BARREL,False
2016-12-06,BRENT_CRUDE,BRENT_CRUDE,52.31,,,,alpha_vantage,BRENT,benchmark_spot,USD,USD_PER_BARREL,False
2016-12-07,BRENT_CRUDE,BRENT_CRUDE,51.9,,,,alpha_vantage,BRENT,benchmark_spot,USD,USD_PER_BARREL,False
2016-12-08,BRENT_CRUDE,BRENT_CRUDE,51.6,,,,alpha_vantage,BRENT,benchmark_spot,USD,USD_PER_BARREL,False
2016-12-09,BRENT_CRUDE,BRENT_CRUDE,52.19,,,,alpha_vantage,BRENT,benchmark_spot,USD,USD_PER_BARREL,False
2016-12-12,BRENT_CRUDE,BRENT_CRUDE,53.99,,,,alpha_vantage,BRENT,benchmark_spot,USD,USD_PER_BARREL,False
2016-12-13,BRENT_CRUDE,BRENT_CRUDE,53.28,,,,alpha_vantage,BRENT,benchmark_spot,USD,USD_PER_BARREL,False
2016-12-14,BRENT_CRUDE,BRENT_CRUDE,53.15,,,,alpha_vantage,BRENT,benchmark_spot,USD,USD_PER_BARREL,False
2016-12-15,BRENT_CRUDE,BRENT_CRUDE,51.72,,,,alpha_vantage,BRENT,benchmark_spot,USD,USD_PER_BARREL,False
2016-12-16,BRENT_CRUDE,BRENT_CRUDE,54.15,,,,alpha_vantage,BRENT,benchmark_spot,USD,USD_PER_BARREL,False
2016-12-19,BRENT_CRUDE,BRENT_CRUDE,53.53,,,,alpha_vantage,BRENT,benchmark_spot,USD,USD_PER_BARREL,False
2016-12-20,BRENT_CRUDE,BRENT_CRUDE,54.56,,,,alpha_vantage,BRENT,benchmark_spot,USD,USD_PER_BARREL,False
2016-12-21,BRENT_CRUDE,BRENT_CRUDE,53.01,,,,alpha_vantage,BRENT,benchmark_spot,USD,USD_PER_BARREL,False
2016-12-22,BRENT_CRUDE,BRENT_CRUDE,54.04,,,,alpha_vantage,BRENT,benchmark_spot,USD,USD_PER_BARREL,False
2016-12-23,BRENT_CRUDE,BRENT_CRUDE,53.93,,,,alpha_vantage,BRENT,benchmark_spot,USD,USD_PER_BARREL,False
2016-12-28,BRENT_CRUDE,BRENT_CRUDE,54.95,,,,alpha_vantage,BRENT,benchmark_spot,USD,USD_PER_BARREL,False
2016-12-29,BRENT_CRUDE,BRENT_CRUDE,54.97,,,,alpha_vantage,BRENT,benchmark_spot,USD,USD_PER_BARREL,False
2016-12-30,BRENT_CRUDE,BRENT_CRUDE,54.96,,,,alpha_vantage,BRENT,benchmark_spot,USD,USD_PER_BARREL,False
2017-01-03,BRENT_CRUDE,BRENT_CRUDE,55.05,,,,alpha_vantage,BRENT,benchmark_spot,USD,USD_PER_BARREL,False
2017-01-04,BRENT_CRUDE,BRENT_CRUDE,54.57,,,,alpha_vantage,BRENT,benchmark_spot,USD,USD_PER_BARREL,False
2017-01-05,BRENT_CRUDE,BRENT_CRUDE,54.99,,,,alpha_vantage,BRENT,benchmark_spot,USD,USD_PER_BARREL,False
2017-01-06,BRENT_CRUDE,BRENT_CRUDE,55.9,,,,alpha_vantage,BRENT,benchmark_spot,USD,USD_PER_BARREL,False
2017-01-09,BRENT_CRUDE,BRENT_CRUDE,54.39,,,,alpha_vantage,BRENT,benchmark_spot,USD,USD_PER_BARREL,False
2017-01-10,BRENT_CRUDE,BRENT_CRUDE,53.2,,,,alpha_vantage,BRENT,benchmark_spot,USD,USD_PER_BARREL,False
2017-01-11,BRENT_CRUDE,BRENT_CRUDE,53.61,,,,alpha_vantage,BRENT,benchmark_spot,USD,USD_PER_BARREL,False
2017-01-12,BRENT_CRUDE,BRENT_CRUDE,54.51,,,,alpha_vantage,BRENT,benchmark_spot,USD,USD_PER_BARREL,False
2017-01-13,BRENT_CRUDE,BRENT_CRUDE,54.37,,,,alpha_vantage,BRENT,benchmark_spot,USD,USD_PER_BARREL,False
2017-01-16,BRENT_CRUDE,BRENT_CRUDE,54.3,,,,alpha_vantage,BRENT,benchmark_spot,USD,USD_PER_BARREL,False
2017-01-17,BRENT_CRUDE,BRENT_CRUDE,54.68,,,,alpha_vantage,BRENT,benchmark_spot,USD,USD_PER_BARREL,False
2017-01-18,BRENT_CRUDE,BRENT_CRUDE,53.77,,,,alpha_vantage,BRENT,benchmark_spot,USD,USD_PER_BARREL,False
2017-01-19,BRENT_CRUDE,BRENT_CRUDE,53.18,,,,alpha_vantage,BRENT,benchmark_spot,USD,USD_PER_BARREL,False
2017-01-20,BRENT_CRUDE,BRENT_CRUDE,55.04,,,,alpha_vantage,BRENT,benchmark_spot,USD,USD_PER_BARREL,False
2017-01-23,BRENT_CRUDE,BRENT_CRUDE,54.8,,,,alpha_vantage,BRENT,benchmark_spot,USD,USD_PER_BARREL,False
2017-01-24,BRENT_CRUDE,BRENT_CRUDE,54.7,,,,alpha_vantage,BRENT,benchmark_spot,USD,USD_PER_BARREL,False
2017-01-25,BRENT_CRUDE,BRENT_CRUDE,54.34,,,,alpha_vantage,BRENT,benchmark_spot,USD,USD_PER_BARREL,False
2017-01-26,BRENT_CRUDE,BRENT_CRUDE,55.89,,,,alpha_vantage,BRENT,benchmark_spot,USD,USD_PER_BARREL,False
2017-01-27,BRENT_CRUDE,BRENT_CRUDE,54.8,,,,alpha_vantage,BRENT,benchmark_spot,USD,USD_PER_BARREL,False
2017-01-30,BRENT_CRUDE,BRENT_CRUDE,54.77,,,,alpha_vantage,BRENT,benchmark_spot,USD,USD_PER_BARREL,False
2017-01-31,BRENT_CRUDE,BRENT_CRUDE,55.25,,,,alpha_vantage,BRENT,benchmark_spot,USD,USD_PER_BARREL,False
2017-02-01,BRENT_CRUDE,BRENT_CRUDE,55.79,,,,alpha_vantage,BRENT,benchmark_spot,USD,USD_PER_BARREL,False
2017-02-02,BRENT_CRUDE,BRENT_CRUDE,55.94,,,,alpha_vantage,BRENT,benchmark_spot,USD,USD_PER_BARREL,False
2017-02-03,BRENT_CRUDE,BRENT_CRUDE,55.92,,,,alpha_vantage,BRENT,benchmark_spot,USD,USD_PER_BARREL,False
2017-02-06,BRENT_CRUDE,BRENT_CRUDE,55.02,,,,alpha_vantage,BRENT,benchmark_spot,USD,USD_PER_BARREL,False
2017-02-07,BRENT_CRUDE,BRENT_CRUDE,53.79,,,,alpha_vantage,BRENT,benchmark_spot,USD,USD_PER_BARREL,False
2017-02-08,BRENT_CRUDE,BRENT_CRUDE,54.42,,,,alpha_vantage,BRENT,benchmark_spot,USD,USD_PER_BARREL,False
2017-02-09,BRENT_CRUDE,BRENT_CRUDE,53.98,,,,alpha_vantage,BRENT,benchmark_spot,USD,USD_PER_BARREL,False
2017-02-10,BRENT_CRUDE,BRENT_CRUDE,55.2,,,,alpha_vantage,BRENT,benchmark_spot,USD,USD_PER_BARREL,False
2017-02-13,BRENT_CRUDE,BRENT_CRUDE,54.15,,,,alpha_vantage,BRENT,benchmark_spot,USD,USD_PER_BARREL,False
2017-02-14,BRENT_CRUDE,BRENT_CRUDE,54.96,,,,alpha_vantage,BRENT,benchmark_spot,USD,USD_PER_BARREL,False
2017-02-15,BRENT_CRUDE,BRENT_CRUDE,54.57,,,,alpha_vantage,BRENT,benchmark_spot,USD,USD_PER_BARREL,False
2017-02-16,BRENT_CRUDE,BRENT_CRUDE,54.16,,,,alpha_vantage,BRENT,benchmark_spot,USD,USD_PER_BARREL,False
2017-02-17,BRENT_CRUDE,BRENT_CRUDE,54.48,,,,alpha_vantage,BRENT,benchmark_spot,USD,USD_PER_BARREL,False
2017-02-20,BRENT_CRUDE,BRENT_CRUDE,55.25,,,,alpha_vantage,BRENT,benchmark_spot,USD,USD_PER_BARREL,False
2017-02-21,BRENT_CRUDE,BRENT_CRUDE,56.34,,,,alpha_vantage,BRENT,benchmark_spot,USD,USD_PER_BARREL,False
2017-02-22,BRENT_CRUDE,BRENT_CRUDE,54.9,,,,alpha_vantage,BRENT,benchmark_spot,USD,USD_PER_BARREL,False
2017-02-23,BRENT_CRUDE,BRENT_CRUDE,55.82,,,,alpha_vantage,BRENT,benchmark_spot,USD,USD_PER_BARREL,False
2017-02-24,BRENT_CRUDE,BRENT_CRUDE,54.69,,,,alpha_vantage,BRENT,benchmark_spot,USD,USD_PER_BARREL,False
2017-02-27,BRENT_CRUDE,BRENT_CRUDE,54.65,,,,alpha_vantage,BRENT,benchmark_spot,USD,USD_PER_BARREL,False
2017-02-28,BRENT_CRUDE,BRENT_CRUDE,53.36,,,,alpha_vantage,BRENT,benchmark_spot,USD,USD_PER_BARREL,False
2017-03-01,BRENT_CRUDE,BRENT_CRUDE,55.72,,,,alpha_vantage,BRENT,benchmark_spot,USD,USD_PER_BARREL,False
2017-03-02,BRENT_CRUDE,BRENT_CRUDE,54.16,,,,alpha_vantage,BRENT,benchmark_spot,USD,USD_PER_BARREL,False
2017-03-03,BRENT_CRUDE,BRENT_CRUDE,54.12,,,,alpha_vantage,BRENT,benchmark_spot,USD,USD_PER_BARREL,False
2017-03-06,BRENT_CRUDE,BRENT_CRUDE,54.73,,,,alpha_vantage,BRENT,benchmark_spot,USD,USD_PER_BARREL,False
2017-03-07,BRENT_CRUDE,BRENT_CRUDE,54.61,,,,alpha_vantage,BRENT,benchmark_spot,USD,USD_PER_BARREL,False
2017-03-08,BRENT_CRUDE,BRENT_CRUDE,53.3,,,,alpha_vantage,BRENT,benchmark_spot,USD,USD_PER_BARREL,False
2017-03-09,BRENT_CRUDE,BRENT_CRUDE,50.65,,,,alpha_vantage,BRENT,benchmark_spot,USD,USD_PER_BARREL,False
2017-03-10,BRENT_CRUDE,BRENT_CRUDE,50.63,,,,alpha_vantage,BRENT,benchmark_spot,USD,USD_PER_BARREL,False
2017-03-13,BRENT_CRUDE,BRENT_CRUDE,50.1,,,,alpha_vantage,BRENT,benchmark_spot,USD,USD_PER_BARREL,False
2017-03-14,BRENT_CRUDE,BRENT_CRUDE,49.6,,,,alpha_vantage,BRENT,benchmark_spot,USD,USD_PER_BARREL,False
2017-03-15,BRENT_CRUDE,BRENT_CRUDE,50.63,,,,alpha_vantage,BRENT,benchmark_spot,USD,USD_PER_BARREL,False
2017-03-16,BRENT_CRUDE,BRENT_CRUDE,50.56,,,,alpha_vantage,BRENT,benchmark_spot,USD,USD_PER_BARREL,False
2017-03-17,BRENT_CRUDE,BRENT_CRUDE,50.58,,,,alpha_vantage,BRENT,benchmark_spot,USD,USD_PER_BARREL,False
2017-03-20,BRENT_CRUDE,BRENT_CRUDE,50.67,,,,alpha_vantage,BRENT,benchmark_spot,USD,USD_PER_BARREL,False
2017-03-21,BRENT_CRUDE,BRENT_CRUDE,50.14,,,,alpha_vantage,BRENT,benchmark_spot,USD,USD_PER_BARREL,False
2017-03-22,BRENT_CRUDE,BRENT_CRUDE,49.56,,,,alpha_vantage,BRENT,benchmark_spot,USD,USD_PER_BARREL,False
2017-03-23,BRENT_CRUDE,BRENT_CRUDE,50.17,,,,alpha_vantage,BRENT,benchmark_spot,USD,USD_PER_BARREL,False
2017-03-24,BRENT_CRUDE,BRENT_CRUDE,49.97,,,,alpha_vantage,BRENT,benchmark_spot,USD,USD_PER_BARREL,False
2017-03-27,BRENT_CRUDE,BRENT_CRUDE,50.12,,,,alpha_vantage,BRENT,benchmark_spot,USD,USD_PER_BARREL,False
2017-03-28,BRENT_CRUDE,BRENT_CRUDE,50.72,,,,alpha_vantage,BRENT,benchmark_spot,USD,USD_PER_BARREL,False
2017-03-29,BRENT_CRUDE,BRENT_CRUDE,51.36,,,,alpha_vantage,BRENT,benchmark_spot,USD,USD_PER_BARREL,False
2017-03-30,BRENT_CRUDE,BRENT_CRUDE,52.25,,,,alpha_vantage,BRENT,benchmark_spot,USD,USD_PER_BARREL,False
2017-03-31,BRENT_CRUDE,BRENT_CRUDE,52.2,,,,alpha_vantage,BRENT,benchmark_spot,USD,USD_PER_BARREL,False
2017-04-03,BRENT_CRUDE,BRENT_CRUDE,52.04,,,,alpha_vantage,BRENT,benchmark_spot,USD,USD_PER_BARREL,False
2017-04-04,BRENT_CRUDE,BRENT_CRUDE,53.08,,,,alpha_vantage,BRENT,benchmark_spot,USD,USD_PER_BARREL,False
2017-04-05,BRENT_CRUDE,BRENT_CRUDE,53.41,,,,alpha_vantage,BRENT,benchmark_spot,USD,USD_PER_BARREL,False
2017-04-06,BRENT_CRUDE,BRENT_CRUDE,53.62,,,,alpha_vantage,BRENT,benchmark_spot,USD,USD_PER_BARREL,False
2017-04-07,BRENT_CRUDE,BRENT_CRUDE,54.24,,,,alpha_vantage,BRENT,benchmark_spot,USD,USD_PER_BARREL,False
2017-04-10,BRENT_CRUDE,BRENT_CRUDE,54.79,,,,alpha_vantage,BRENT,benchmark_spot,USD,USD_PER_BARREL,False
2017-04-11,BRENT_CRUDE,BRENT_CRUDE,54.73,,,,alpha_vantage,BRENT,benchmark_spot,USD,USD_PER_BARREL,False
2017-04-12,BRENT_CRUDE,BRENT_CRUDE,54.75,,,,alpha_vantage,BRENT,benchmark_spot,USD,USD_PER_BARREL,False
2017-04-13,BRENT_CRUDE,BRENT_CRUDE,55.05,,,,alpha_vantage,BRENT,benchmark_spot,USD,USD_PER_BARREL,False
2017-04-17,BRENT_CRUDE,BRENT_CRUDE,54.79,,,,alpha_vantage,BRENT,benchmark_spot,USD,USD_PER_BARREL,False
2017-04-18,BRENT_CRUDE,BRENT_CRUDE,52.6,,,,alpha_vantage,BRENT,benchmark_spot,USD,USD_PER_BARREL,False
2017-04-19,BRENT_CRUDE,BRENT_CRUDE,52.43,,,,alpha_vantage,BRENT,benchmark_spot,USD,USD_PER_BARREL,False
2017-04-20,BRENT_CRUDE,BRENT_CRUDE,50.66,,,,alpha_vantage,BRENT,benchmark_spot,USD,USD_PER_BARREL,False
2017-04-21,BRENT_CRUDE,BRENT_CRUDE,49.93,,,,alpha_vantage,BRENT,benchmark_spot,USD,USD_PER_BARREL,False
2017-04-24,BRENT_CRUDE,BRENT_CRUDE,49.45,,,,alpha_vantage,BRENT,benchmark_spot,USD,USD_PER_BARREL,False
2017-04-25,BRENT_CRUDE,BRENT_CRUDE,49.37,,,,alpha_vantage,BRENT,benchmark_spot,USD,USD_PER_BARREL,False
2017-04-26,BRENT_CRUDE,BRENT_CRUDE,49.99,,,,alpha_vantage,BRENT,benchmark_spot,USD,USD_PER_BARREL,False
2017-04-27,BRENT_CRUDE,BRENT_CRUDE,49.46,,,,alpha_vantage,BRENT,benchmark_spot,USD,USD_PER_BARREL,False
2017-04-28,BRENT_CRUDE,BRENT_CRUDE,49.46,,,,alpha_vantage,BRENT,benchmark_spot,USD,USD_PER_BARREL,False
2017-05-01,BRENT_CRUDE,BRENT_CRUDE,50.41,,,,alpha_vantage,BRENT,benchmark_spot,USD,USD_PER_BARREL,False
2017-05-02,BRENT_CRUDE,BRENT_CRUDE,49.31,,,,alpha_vantage,BRENT,benchmark_spot,USD,USD_PER_BARREL,False
2017-05-03,BRENT_CRUDE,BRENT_CRUDE,48.82,,,,alpha_vantage,BRENT,benchmark_spot,USD,USD_PER_BARREL,False
2017-05-04,BRENT_CRUDE,BRENT_CRUDE,47.53,,,,alpha_vantage,BRENT,benchmark_spot,USD,USD_PER_BARREL,False
2017-05-05,BRENT_CRUDE,BRENT_CRUDE,47.45,,,,alpha_vantage,BRENT,benchmark_spot,USD,USD_PER_BARREL,False
2017-05-08,BRENT_CRUDE,BRENT_CRUDE,46.61,,,,alpha_vantage,BRENT,benchmark_spot,USD,USD_PER_BARREL,False
2017-05-09,BRENT_CRUDE,BRENT_CRUDE,47.06,,,,alpha_vantage,BRENT,benchmark_spot,USD,USD_PER_BARREL,False
2017-05-10,BRENT_CRUDE,BRENT_CRUDE,48.09,,,,alpha_vantage,BRENT,benchmark_spot,USD,USD_PER_BARREL,False
2017-05-11,BRENT_CRUDE,BRENT_CRUDE,49.18,,,,alpha_vantage,BRENT,benchmark_spot,USD,USD_PER_BARREL,False
2017-05-12,BRENT_CRUDE,BRENT_CRUDE,49.08,,,,alpha_vantage,BRENT,benchmark_spot,USD,USD_PER_BARREL,False
2017-05-15,BRENT_CRUDE,BRENT_CRUDE,51.29,,,,alpha_vantage,BRENT,benchmark_spot,USD,USD_PER_BARREL,False
2017-05-16,BRENT_CRUDE,BRENT_CRUDE,51.21,,,,alpha_vantage,BRENT,benchmark_spot,USD,USD_PER_BARREL,False
2017-05-17,BRENT_CRUDE,BRENT_CRUDE,51.76,,,,alpha_vantage,BRENT,benchmark_spot,USD,USD_PER_BARREL,False
2017-05-18,BRENT_CRUDE,BRENT_CRUDE,51.71,,,,alpha_vantage,BRENT,benchmark_spot,USD,USD_PER_BARREL,False
2017-05-19,BRENT_CRUDE,BRENT_CRUDE,52.78,,,,alpha_vantage,BRENT,benchmark_spot,USD,USD_PER_BARREL,False
2017-05-22,BRENT_CRUDE,BRENT_CRUDE,53.35,,,,alpha_vantage,BRENT,benchmark_spot,USD,USD_PER_BARREL,False
2017-05-23,BRENT_CRUDE,BRENT_CRUDE,53.19,,,,alpha_vantage,BRENT,benchmark_spot,USD,USD_PER_BARREL,False
2017-05-24,BRENT_CRUDE,BRENT_CRUDE,53.29,,,,alpha_vantage,BRENT,benchmark_spot,USD,USD_PER_BARREL,False
2017-05-25,BRENT_CRUDE,BRENT_CRUDE,52.25,,,,alpha_vantage,BRENT,benchmark_spot,USD,USD_PER_BARREL,False
2017-05-26,BRENT_CRUDE,BRENT_CRUDE,50.84,,,,alpha_vantage,BRENT,benchmark_spot,USD,USD_PER_BARREL,False
2017-05-29,BRENT_CRUDE,BRENT_CRUDE,52.25,,,,alpha_vantage,BRENT,benchmark_spot,USD,USD_PER_BARREL,False
2017-05-30,BRENT_CRUDE,BRENT_CRUDE,50.65,,,,alpha_vantage,BRENT,benchmark_spot,USD,USD_PER_BARREL,False
2017-05-31,BRENT_CRUDE,BRENT_CRUDE,49.4,,,,alpha_vantage,BRENT,benchmark_spot,USD,USD_PER_BARREL,False
2017-06-01,BRENT_CRUDE,BRENT_CRUDE,50.41,,,,alpha_vantage,BRENT,benchmark_spot,USD,USD_PER_BARREL,False
2017-06-02,BRENT_CRUDE,BRENT_CRUDE,48.46,,,,alpha_vantage,BRENT,benchmark_spot,USD,USD_PER_BARREL,False
2017-06-05,BRENT_CRUDE,BRENT_CRUDE,48.25,,,,alpha_vantage,BRENT,benchmark_spot,USD,USD_PER_BARREL,False
2017-06-06,BRENT_CRUDE,BRENT_CRUDE,48.11,,,,alpha_vantage,BRENT,benchmark_spot,USD,USD_PER_BARREL,False
2017-06-07,BRENT_CRUDE,BRENT_CRUDE,47.08,,,,alpha_vantage,BRENT,benchmark_spot,USD,USD_PER_BARREL,False
2017-06-08,BRENT_CRUDE,BRENT_CRUDE,46.3,,,,alpha_vantage,BRENT,benchmark_spot,USD,USD_PER_BARREL,False
2017-06-09,BRENT_CRUDE,BRENT_CRUDE,46.64,,,,alpha_vantage,BRENT,benchmark_spot,USD,USD_PER_BARREL,False
2017-06-12,BRENT_CRUDE,BRENT_CRUDE,47.18,,,,alpha_vantage,BRENT,benchmark_spot,USD,USD_PER_BARREL,False
2017-06-13,BRENT_CRUDE,BRENT_CRUDE,46.95,,,,alpha_vantage,BRENT,benchmark_spot,USD,USD_PER_BARREL,False
2017-06-14,BRENT_CRUDE,BRENT_CRUDE,45.47,,,,alpha_vantage,BRENT,benchmark_spot,USD,USD_PER_BARREL,False
2017-06-15,BRENT_CRUDE,BRENT_CRUDE,45.61,,,,alpha_vantage,BRENT,benchmark_spot,USD,USD_PER_BARREL,False
2017-06-16,BRENT_CRUDE,BRENT_CRUDE,45.7,,,,alpha_vantage,BRENT,benchmark_spot,USD,USD_PER_BARREL,False
2017-06-19,BRENT_CRUDE,BRENT_CRUDE,45.93,,,,alpha_vantage,BRENT,benchmark_spot,USD,USD_PER_BARREL,False
2017-06-20,BRENT_CRUDE,BRENT_CRUDE,43.98,,,,alpha_vantage,BRENT,benchmark_spot,USD,USD_PER_BARREL,False
2017-06-21,BRENT_CRUDE,BRENT_CRUDE,44.62,,,,alpha_vantage,BRENT,benchmark_spot,USD,USD_PER_BARREL,False
2017-06-22,BRENT_CRUDE,BRENT_CRUDE,44.46,,,,alpha_vantage,BRENT,benchmark_spot,USD,USD_PER_BARREL,False
2017-06-23,BRENT_CRUDE,BRENT_CRUDE,44.14,,,,alpha_vantage,BRENT,benchmark_spot,USD,USD_PER_BARREL,False
2017-06-26,BRENT_CRUDE,BRENT_CRUDE,44.09,,,,alpha_vantage,BRENT,benchmark_spot,USD,USD_PER_BARREL,False
2017-06-27,BRENT_CRUDE,BRENT_CRUDE,46.17,,,,alpha_vantage,BRENT,benchmark_spot,USD,USD_PER_BARREL,False
2017-06-28,BRENT_CRUDE,BRENT_CRUDE,46.45,,,,alpha_vantage,BRENT,benchmark_spot,USD,USD_PER_BARREL,False
2017-06-29,BRENT_CRUDE,BRENT_CRUDE,47.02,,,,alpha_vantage,BRENT,benchmark_spot,USD,USD_PER_BARREL,False
2017-06-30,BRENT_CRUDE,BRENT_CRUDE,47.08,,,,alpha_vantage,BRENT,benchmark_spot,USD,USD_PER_BARREL,False
2017-07-03,BRENT_CRUDE,BRENT_CRUDE,49.13,,,,alpha_vantage,BRENT,benchmark_spot,USD,USD_PER_BARREL,False
2017-07-04,BRENT_CRUDE,BRENT_CRUDE,49.15,,,,alpha_vantage,BRENT,benchmark_spot,USD,USD_PER_BARREL,False
2017-07-05,BRENT_CRUDE,BRENT_CRUDE,47.58,,,,alpha_vantage,BRENT,benchmark_spot,USD,USD_PER_BARREL,False
2017-07-06,BRENT_CRUDE,BRENT_CRUDE,48.53,,,,alpha_vantage,BRENT,benchmark_spot,USD,USD_PER_BARREL,False
2017-07-07,BRENT_CRUDE,BRENT_CRUDE,46.47,,,,alpha_vantage,BRENT,benchmark_spot,USD,USD_PER_BARREL,False
2017-07-10,BRENT_CRUDE,BRENT_CRUDE,46.57,,,,alpha_vantage,BRENT,benchmark_spot,USD,USD_PER_BARREL,False
2017-07-11,BRENT_CRUDE,BRENT_CRUDE,46.68,,,,alpha_vantage,BRENT,benchmark_spot,USD,USD_PER_BARREL,False
2017-07-12,BRENT_CRUDE,BRENT_CRUDE,46.73,,,,alpha_vantage,BRENT,benchmark_spot,USD,USD_PER_BARREL,False
2017-07-13,BRENT_CRUDE,BRENT_CRUDE,47.65,,,,alpha_vantage,BRENT,benchmark_spot,USD,USD_PER_BARREL,False
2017-07-14,BRENT_CRUDE,BRENT_CRUDE,47.89,,,,alpha_vantage,BRENT,benchmark_spot,USD,USD_PER_BARREL,False
2017-07-17,BRENT_CRUDE,BRENT_CRUDE,47.66,,,,alpha_vantage,BRENT,benchmark_spot,USD,USD_PER_BARREL,False
2017-07-18,BRENT_CRUDE,BRENT_CRUDE,47.92,,,,alpha_vantage,BRENT,benchmark_spot,USD,USD_PER_BARREL,False
2017-07-19,BRENT_CRUDE,BRENT_CRUDE,48.34,,,,alpha_vantage,BRENT,benchmark_spot,USD,USD_PER_BARREL,False
2017-07-20,BRENT_CRUDE,BRENT_CRUDE,48.54,,,,alpha_vantage,BRENT,benchmark_spot,USD,USD_PER_BARREL,False
2017-07-21,BRENT_CRUDE,BRENT_CRUDE,47.47,,,,alpha_vantage,BRENT,benchmark_spot,USD,USD_PER_BARREL,False
2017-07-24,BRENT_CRUDE,BRENT_CRUDE,47.81,,,,alpha_vantage,BRENT,benchmark_spot,USD,USD_PER_BARREL,False
2017-07-25,BRENT_CRUDE,BRENT_CRUDE,49.19,,,,alpha_vantage,BRENT,benchmark_spot,USD,USD_PER_BARREL,False
2017-07-26,BRENT_CRUDE,BRENT_CRUDE,50.08,,,,alpha_vantage,BRENT,benchmark_spot,USD,USD_PER_BARREL,False
2017-07-27,BRENT_CRUDE,BRENT_CRUDE,50.67,,,,alpha_vantage,BRENT,benchmark_spot,USD,USD_PER_BARREL,False
2017-07-28,BRENT_CRUDE,BRENT_CRUDE,52.0,,,,alpha_vantage,BRENT,benchmark_spot,USD,USD_PER_BARREL,False
2017-07-31,BRENT_CRUDE,BRENT_CRUDE,51.99,,,,alpha_vantage,BRENT,benchmark_spot,USD,USD_PER_BARREL,False
2017-08-01,BRENT_CRUDE,BRENT_CRUDE,50.77,,,,alpha_vantage,BRENT,benchmark_spot,USD,USD_PER_BARREL,False
2017-08-02,BRENT_CRUDE,BRENT_CRUDE,52.09,,,,alpha_vantage,BRENT,benchmark_spot,USD,USD_PER_BARREL,False
2017-08-03,BRENT_CRUDE,BRENT_CRUDE,52.88,,,,alpha_vantage,BRENT,benchmark_spot,USD,USD_PER_BARREL,False
2017-08-04,BRENT_CRUDE,BRENT_CRUDE,52.48,,,,alpha_vantage,BRENT,benchmark_spot,USD,USD_PER_BARREL,False
2017-08-07,BRENT_CRUDE,BRENT_CRUDE,51.42,,,,alpha_vantage,BRENT,benchmark_spot,USD,USD_PER_BARREL,False
2017-08-08,BRENT_CRUDE,BRENT_CRUDE,52.18,,,,alpha_vantage,BRENT,benchmark_spot,USD,USD_PER_BARREL,False
2017-08-09,BRENT_CRUDE,BRENT_CRUDE,52.16,,,,alpha_vantage,BRENT,benchmark_spot,USD,USD_PER_BARREL,False
2017-08-10,BRENT_CRUDE,BRENT_CRUDE,52.59,,,,alpha_vantage,BRENT,benchmark_spot,USD,USD_PER_BARREL,False
2017-08-11,BRENT_CRUDE,BRENT_CRUDE,51.47,,,,alpha_vantage,BRENT,benchmark_spot,USD,USD_PER_BARREL,False
2017-08-14,BRENT_CRUDE,BRENT_CRUDE,51.29,,,,alpha_vantage,BRENT,benchmark_spot,USD,USD_PER_BARREL,False
2017-08-15,BRENT_CRUDE,BRENT_CRUDE,49.9,,,,alpha_vantage,BRENT,benchmark_spot,USD,USD_PER_BARREL,False
2017-08-16,BRENT_CRUDE,BRENT_CRUDE,50.39,,,,alpha_vantage,BRENT,benchmark_spot,USD,USD_PER_BARREL,False
2017-08-17,BRENT_CRUDE,BRENT_CRUDE,50.37,,,,alpha_vantage,BRENT,benchmark_spot,USD,USD_PER_BARREL,False
2017-08-18,BRENT_CRUDE,BRENT_CRUDE,50.96,,,,alpha_vantage,BRENT,benchmark_spot,USD,USD_PER_BARREL,False
2017-08-21,BRENT_CRUDE,BRENT_CRUDE,51.94,,,,alpha_vantage,BRENT,benchmark_spot,USD,USD_PER_BARREL,False
2017-08-22,BRENT_CRUDE,BRENT_CRUDE,52.29,,,,alpha_vantage,BRENT,benchmark_spot,USD,USD_PER_BARREL,False
2017-08-23,BRENT_CRUDE,BRENT_CRUDE,52.31,,,,alpha_vantage,BRENT,benchmark_spot,USD,USD_PER_BARREL,False
2017-08-24,BRENT_CRUDE,BRENT_CRUDE,51.73,,,,alpha_vantage,BRENT,benchmark_spot,USD,USD_PER_BARREL,False
2017-08-25,BRENT_CRUDE,BRENT_CRUDE,51.87,,,,alpha_vantage,BRENT,benchmark_spot,USD,USD_PER_BARREL,False
2017-08-28,BRENT_CRUDE,BRENT_CRUDE,51.87,,,,alpha_vantage,BRENT,benchmark_spot,USD,USD_PER_BARREL,False
2017-08-29,BRENT_CRUDE,BRENT_CRUDE,51.64,,,,alpha_vantage,BRENT,benchmark_spot,USD,USD_PER_BARREL,False
2017-08-30,BRENT_CRUDE,BRENT_CRUDE,51.91,,,,alpha_vantage,BRENT,benchmark_spot,USD,USD_PER_BARREL,False
2017-08-31,BRENT_CRUDE,BRENT_CRUDE,52.69,,,,alpha_vantage,BRENT,benchmark_spot,USD,USD_PER_BARREL,False
2017-09-01,BRENT_CRUDE,BRENT_CRUDE,53.15,,,,alpha_vantage,BRENT,benchmark_spot,USD,USD_PER_BARREL,False
2017-09-04,BRENT_CRUDE,BRENT_CRUDE,52.6,,,,alpha_vantage,BRENT,benchmark_spot,USD,USD_PER_BARREL,False
2017-09-05,BRENT_CRUDE,BRENT_CRUDE,53.63,,,,alpha_vantage,BRENT,benchmark_spot,USD,USD_PER_BARREL,False
2017-09-06,BRENT_CRUDE,BRENT_CRUDE,54.48,,,,alpha_vantage,BRENT,benchmark_spot,USD,USD_PER_BARREL,False
2017-09-07,BRENT_CRUDE,BRENT_CRUDE,54.16,,,,alpha_vantage,BRENT,benchmark_spot,USD,USD_PER_BARREL,False
2017-09-08,BRENT_CRUDE,BRENT_CRUDE,54.55,,,,alpha_vantage,BRENT,benchmark_spot,USD,USD_PER_BARREL,False
2017-09-11,BRENT_CRUDE,BRENT_CRUDE,54.2,,,,alpha_vantage,BRENT,benchmark_spot,USD,USD_PER_BARREL,False
2017-09-12,BRENT_CRUDE,BRENT_CRUDE,55.06,,,,alpha_vantage,BRENT,benchmark_spot,USD,USD_PER_BARREL,False
2017-09-13,BRENT_CRUDE,BRENT_CRUDE,55.52,,,,alpha_vantage,BRENT,benchmark_spot,USD,USD_PER_BARREL,False
2017-09-14,BRENT_CRUDE,BRENT_CRUDE,56.76,,,,alpha_vantage,BRENT,benchmark_spot,USD,USD_PER_BARREL,False
2017-09-15,BRENT_CRUDE,BRENT_CRUDE,56.18,,,,alpha_vantage,BRENT,benchmark_spot,USD,USD_PER_BARREL,False
2017-09-18,BRENT_CRUDE,BRENT_CRUDE,55.5,,,,alpha_vantage,BRENT,benchmark_spot,USD,USD_PER_BARREL,False
2017-09-19,BRENT_CRUDE,BRENT_CRUDE,56.58,,,,alpha_vantage,BRENT,benchmark_spot,USD,USD_PER_BARREL,False
2017-09-20,BRENT_CRUDE,BRENT_CRUDE,57.2,,,,alpha_vantage,BRENT,benchmark_spot,USD,USD_PER_BARREL,False
2017-09-21,BRENT_CRUDE,BRENT_CRUDE,57.73,,,,alpha_vantage,BRENT,benchmark_spot,USD,USD_PER_BARREL,False
2017-09-22,BRENT_CRUDE,BRENT_CRUDE,58.16,,,,alpha_vantage,BRENT,benchmark_spot,USD,USD_PER_BARREL,False
2017-09-25,BRENT_CRUDE,BRENT_CRUDE,59.42,,,,alpha_vantage,BRENT,benchmark_spot,USD,USD_PER_BARREL,False
2017-09-26,BRENT_CRUDE,BRENT_CRUDE,59.77,,,,alpha_vantage,BRENT,benchmark_spot,USD,USD_PER_BARREL,False
2017-09-27,BRENT_CRUDE,BRENT_CRUDE,58.74,,,,alpha_vantage,BRENT,benchmark_spot,USD,USD_PER_BARREL,False
2017-09-28,BRENT_CRUDE,BRENT_CRUDE,58.8,,,,alpha_vantage,BRENT,benchmark_spot,USD,USD_PER_BARREL,False
2017-09-29,BRENT_CRUDE,BRENT_CRUDE,57.02,,,,alpha_vantage,BRENT,benchmark_spot,USD,USD_PER_BARREL,False
2017-10-02,BRENT_CRUDE,BRENT_CRUDE,55.67,,,,alpha_vantage,BRENT,benchmark_spot,USD,USD_PER_BARREL,False
2017-10-03,BRENT_CRUDE,BRENT_CRUDE,56.12,,,,alpha_vantage,BRENT,benchmark_spot,USD,USD_PER_BARREL,False
2017-10-04,BRENT_CRUDE,BRENT_CRUDE,56.0,,,,alpha_vantage,BRENT,benchmark_spot,USD,USD_PER_BARREL,False
2017-10-05,BRENT_CRUDE,BRENT_CRUDE,57.09,,,,alpha_vantage,BRENT,benchmark_spot,USD,USD_PER_BARREL,False
2017-10-06,BRENT_CRUDE,BRENT_CRUDE,55.5,,,,alpha_vantage,BRENT,benchmark_spot,USD,USD_PER_BARREL,False
2017-10-09,BRENT_CRUDE,BRENT_CRUDE,55.29,,,,alpha_vantage,BRENT,benchmark_spot,USD,USD_PER_BARREL,False
2017-10-10,BRENT_CRUDE,BRENT_CRUDE,56.62,,,,alpha_vantage,BRENT,benchmark_spot,USD,USD_PER_BARREL,False
2017-10-11,BRENT_CRUDE,BRENT_CRUDE,56.13,,,,alpha_vantage,BRENT,benchmark_spot,USD,USD_PER_BARREL,False
2017-10-12,BRENT_CRUDE,BRENT_CRUDE,56.13,,,,alpha_vantage,BRENT,benchmark_spot,USD,USD_PER_BARREL,False
2017-10-13,BRENT_CRUDE,BRENT_CRUDE,56.86,,,,alpha_vantage,BRENT,benchmark_spot,USD,USD_PER_BARREL,False
2017-10-16,BRENT_CRUDE,BRENT_CRUDE,57.49,,,,alpha_vantage,BRENT,benchmark_spot,USD,USD_PER_BARREL,False
2017-10-17,BRENT_CRUDE,BRENT_CRUDE,57.63,,,,alpha_vantage,BRENT,benchmark_spot,USD,USD_PER_BARREL,False
2017-10-18,BRENT_CRUDE,BRENT_CRUDE,58.05,,,,alpha_vantage,BRENT,benchmark_spot,USD,USD_PER_BARREL,False
2017-10-19,BRENT_CRUDE,BRENT_CRUDE,57.82,,,,alpha_vantage,BRENT,benchmark_spot,USD,USD_PER_BARREL,False
2017-10-20,BRENT_CRUDE,BRENT_CRUDE,57.89,,,,alpha_vantage,BRENT,benchmark_spot,USD,USD_PER_BARREL,False
2017-10-23,BRENT_CRUDE,BRENT_CRUDE,57.69,,,,alpha_vantage,BRENT,benchmark_spot,USD,USD_PER_BARREL,False
2017-10-24,BRENT_CRUDE,BRENT_CRUDE,57.84,,,,alpha_vantage,BRENT,benchmark_spot,USD,USD_PER_BARREL,False
2017-10-25,BRENT_CRUDE,BRENT_CRUDE,58.45,,,,alpha_vantage,BRENT,benchmark_spot,USD,USD_PER_BARREL,False
2017-10-26,BRENT_CRUDE,BRENT_CRUDE,58.75,,,,alpha_vantage,BRENT,benchmark_spot,USD,USD_PER_BARREL,False
2017-10-27,BRENT_CRUDE,BRENT_CRUDE,60.15,,,,alpha_vantage,BRENT,benchmark_spot,USD,USD_PER_BARREL,False
2017-10-30,BRENT_CRUDE,BRENT_CRUDE,60.65,,,,alpha_vantage,BRENT,benchmark_spot,USD,USD_PER_BARREL,False
2017-10-31,BRENT_CRUDE,BRENT_CRUDE,61.35,,,,alpha_vantage,BRENT,benchmark_spot,USD,USD_PER_BARREL,False
2017-11-01,BRENT_CRUDE,BRENT_CRUDE,60.98,,,,alpha_vantage,BRENT,benchmark_spot,USD,USD_PER_BARREL,False
2017-11-02,BRENT_CRUDE,BRENT_CRUDE,60.79,,,,alpha_vantage,BRENT,benchmark_spot,USD,USD_PER_BARREL,False
2017-11-03,BRENT_CRUDE,BRENT_CRUDE,61.42,,,,alpha_vantage,BRENT,benchmark_spot,USD,USD_PER_BARREL,False
2017-11-06,BRENT_CRUDE,BRENT_CRUDE,64.27,,,,alpha_vantage,BRENT,benchmark_spot,USD,USD_PER_BARREL,False
2017-11-07,BRENT_CRUDE,BRENT_CRUDE,64.36,,,,alpha_vantage,BRENT,benchmark_spot,USD,USD_PER_BARREL,False
2017-11-08,BRENT_CRUDE,BRENT_CRUDE,63.96,,,,alpha_vantage,BRENT,benchmark_spot,USD,USD_PER_BARREL,False
2017-11-09,BRENT_CRUDE,BRENT_CRUDE,64.49,,,,alpha_vantage,BRENT,benchmark_spot,USD,USD_PER_BARREL,False
2017-11-10,BRENT_CRUDE,BRENT_CRUDE,64.35,,,,alpha_vantage,BRENT,benchmark_spot,USD,USD_PER_BARREL,False
2017-11-13,BRENT_CRUDE,BRENT_CRUDE,62.94,,,,alpha_vantage,BRENT,benchmark_spot,USD,USD_PER_BARREL,False
2017-11-14,BRENT_CRUDE,BRENT_CRUDE,60.91,,,,alpha_vantage,BRENT,benchmark_spot,USD,USD_PER_BARREL,False
2017-11-15,BRENT_CRUDE,BRENT_CRUDE,61.25,,,,alpha_vantage,BRENT,benchmark_spot,USD,USD_PER_BARREL,False
2017-11-16,BRENT_CRUDE,BRENT_CRUDE,61.18,,,,alpha_vantage,BRENT,benchmark_spot,USD,USD_PER_BARREL,False
2017-11-17,BRENT_CRUDE,BRENT_CRUDE,61.34,,,,alpha_vantage,BRENT,benchmark_spot,USD,USD_PER_BARREL,False
2017-11-20,BRENT_CRUDE,BRENT_CRUDE,61.34,,,,alpha_vantage,BRENT,benchmark_spot,USD,USD_PER_BARREL,False
2017-11-21,BRENT_CRUDE,BRENT_CRUDE,62.28,,,,alpha_vantage,BRENT,benchmark_spot,USD,USD_PER_BARREL,False
2017-11-22,BRENT_CRUDE,BRENT_CRUDE,62.92,,,,alpha_vantage,BRENT,benchmark_spot,USD,USD_PER_BARREL,False
2017-11-23,BRENT_CRUDE,BRENT_CRUDE,63.27,,,,alpha_vantage,BRENT,benchmark_spot,USD,USD_PER_BARREL,False
2017-11-24,BRENT_CRUDE,BRENT_CRUDE,63.58,,,,alpha_vantage,BRENT,benchmark_spot,USD,USD_PER_BARREL,False
2017-11-27,BRENT_CRUDE,BRENT_CRUDE,63.25,,,,alpha_vantage,BRENT,benchmark_spot,USD,USD_PER_BARREL,False
2017-11-28,BRENT_CRUDE,BRENT_CRUDE,63.56,,,,alpha_vantage,BRENT,benchmark_spot,USD,USD_PER_BARREL,False
2017-11-29,BRENT_CRUDE,BRENT_CRUDE,63.74,,,,alpha_vantage,BRENT,benchmark_spot,USD,USD_PER_BARREL,False
2017-11-30,BRENT_CRUDE,BRENT_CRUDE,63.53,,,,alpha_vantage,BRENT,benchmark_spot,USD,USD_PER_BARREL,False
2017-12-01,BRENT_CRUDE,BRENT_CRUDE,64.57,,,,alpha_vantage,BRENT,benchmark_spot,USD,USD_PER_BARREL,False
2017-12-04,BRENT_CRUDE,BRENT_CRUDE,63.45,,,,alpha_vantage,BRENT,benchmark_spot,USD,USD_PER_BARREL,False
2017-12-05,BRENT_CRUDE,BRENT_CRUDE,63.45,,,,alpha_vantage,BRENT,benchmark_spot,USD,USD_PER_BARREL,False
2017-12-06,BRENT_CRUDE,BRENT_CRUDE,62.25,,,,alpha_vantage,BRENT,benchmark_spot,USD,USD_PER_BARREL,False
2017-12-07,BRENT_CRUDE,BRENT_CRUDE,62.37,,,,alpha_vantage,BRENT,benchmark_spot,USD,USD_PER_BARREL,False
2017-12-08,BRENT_CRUDE,BRENT_CRUDE,63.86,,,,alpha_vantage,BRENT,benchmark_spot,USD,USD_PER_BARREL,False
2017-12-11,BRENT_CRUDE,BRENT_CRUDE,65.62,,,,alpha_vantage,BRENT,benchmark_spot,USD,USD_PER_BARREL,False
2017-12-12,BRENT_CRUDE,BRENT_CRUDE,64.96,,,,alpha_vantage,BRENT,benchmark_spot,USD,USD_PER_BARREL,False
2017-12-13,BRENT_CRUDE,BRENT_CRUDE,63.66,,,,alpha_vantage,BRENT,benchmark_spot,USD,USD_PER_BARREL,False
2017-12-14,BRENT_CRUDE,BRENT_CRUDE,63.72,,,,alpha_vantage,BRENT,benchmark_spot,USD,USD_PER_BARREL,False
2017-12-15,BRENT_CRUDE,BRENT_CRUDE,63.81,,,,alpha_vantage,BRENT,benchmark_spot,USD,USD_PER_BARREL,False
2017-12-18,BRENT_CRUDE,BRENT_CRUDE,64.45,,,,alpha_vantage,BRENT,benchmark_spot,USD,USD_PER_BARREL,False
2017-12-19,BRENT_CRUDE,BRENT_CRUDE,63.69,,,,alpha_vantage,BRENT,benchmark_spot,USD,USD_PER_BARREL,False
2017-12-20,BRENT_CRUDE,BRENT_CRUDE,64.43,,,,alpha_vantage,BRENT,benchmark_spot,USD,USD_PER_BARREL,False
2017-12-21,BRENT_CRUDE,BRENT_CRUDE,64.64,,,,alpha_vantage,BRENT,benchmark_spot,USD,USD_PER_BARREL,False
2017-12-22,BRENT_CRUDE,BRENT_CRUDE,64.61,,,,alpha_vantage,BRENT,benchmark_spot,USD,USD_PER_BARREL,False
2017-12-27,BRENT_CRUDE,BRENT_CRUDE,66.03,,,,alpha_vantage,BRENT,benchmark_spot,USD,USD_PER_BARREL,False
2017-12-28,BRENT_CRUDE,BRENT_CRUDE,66.8,,,,alpha_vantage,BRENT,benchmark_spot,USD,USD_PER_BARREL,False
2017-12-29,BRENT_CRUDE,BRENT_CRUDE,66.73,,,,alpha_vantage,BRENT,benchmark_spot,USD,USD_PER_BARREL,False
2018-01-02,BRENT_CRUDE,BRENT_CRUDE,66.65,,,,alpha_vantage,BRENT,benchmark_spot,USD,USD_PER_BARREL,False
2018-01-03,BRENT_CRUDE,BRENT_CRUDE,67.85,,,,alpha_vantage,BRENT,benchmark_spot,USD,USD_PER_BARREL,False
2018-01-04,BRENT_CRUDE,BRENT_CRUDE,68.73,,,,alpha_vantage,BRENT,benchmark_spot,USD,USD_PER_BARREL,False
2018-01-05,BRENT_CRUDE,BRENT_CRUDE,68.01,,,,alpha_vantage,BRENT,benchmark_spot,USD,USD_PER_BARREL,False
2018-01-08,BRENT_CRUDE,BRENT_CRUDE,68.48,,,,alpha_vantage,BRENT,benchmark_spot,USD,USD_PER_BARREL,False
2018-01-09,BRENT_CRUDE,BRENT_CRUDE,69.08,,,,alpha_vantage,BRENT,benchmark_spot,USD,USD_PER_BARREL,False
2018-01-10,BRENT_CRUDE,BRENT_CRUDE,69.79,,,,alpha_vantage,BRENT,benchmark_spot,USD,USD_PER_BARREL,False
2018-01-11,BRENT_CRUDE,BRENT_CRUDE,70.36,,,,alpha_vantage,BRENT,benchmark_spot,USD,USD_PER_BARREL,False
2018-01-12,BRENT_CRUDE,BRENT_CRUDE,69.64,,,,alpha_vantage,BRENT,benchmark_spot,USD,USD_PER_BARREL,False
2018-01-15,BRENT_CRUDE,BRENT_CRUDE,70.31,,,,alpha_vantage,BRENT,benchmark_spot,USD,USD_PER_BARREL,False
2018-01-16,BRENT_CRUDE,BRENT_CRUDE,69.4,,,,alpha_vantage,BRENT,benchmark_spot,USD,USD_PER_BARREL,False
2018-01-17,BRENT_CRUDE,BRENT_CRUDE,69.19,,,,alpha_vantage,BRENT,benchmark_spot,USD,USD_PER_BARREL,False
2018-01-18,BRENT_CRUDE,BRENT_CRUDE,69.48,,,,alpha_vantage,BRENT,benchmark_spot,USD,USD_PER_BARREL,False
2018-01-19,BRENT_CRUDE,BRENT_CRUDE,68.56,,,,alpha_vantage,BRENT,benchmark_spot,USD,USD_PER_BARREL,False
2018-01-22,BRENT_CRUDE,BRENT_CRUDE,69.32,,,,alpha_vantage,BRENT,benchmark_spot,USD,USD_PER_BARREL,False
2018-01-23,BRENT_CRUDE,BRENT_CRUDE,69.81,,,,alpha_vantage,BRENT,benchmark_spot,USD,USD_PER_BARREL,False
2018-01-24,BRENT_CRUDE,BRENT_CRUDE,69.91,,,,alpha_vantage,BRENT,benchmark_spot,USD,USD_PER_BARREL,False
2018-01-25,BRENT_CRUDE,BRENT_CRUDE,71.08,,,,alpha_vantage,BRENT,benchmark_spot,USD,USD_PER_BARREL,False
2018-01-26,BRENT_CRUDE,BRENT_CRUDE,70.08,,,,alpha_vantage,BRENT,benchmark_spot,USD,USD_PER_BARREL,False
2018-01-29,BRENT_CRUDE,BRENT_CRUDE,68.41,,,,alpha_vantage,BRENT,benchmark_spot,USD,USD_PER_BARREL,False
2018-01-30,BRENT_CRUDE,BRENT_CRUDE,67.78,,,,alpha_vantage,BRENT,benchmark_spot,USD,USD_PER_BARREL,False
2018-01-31,BRENT_CRUDE,BRENT_CRUDE,67.78,,,,alpha_vantage,BRENT,benchmark_spot,USD,USD_PER_BARREL,False
2018-02-01,BRENT_CRUDE,BRENT_CRUDE,68.6,,,,alpha_vantage,BRENT,benchmark_spot,USD,USD_PER_BARREL,False
2018-02-02,BRENT_CRUDE,BRENT_CRUDE,67.45,,,,alpha_vantage,BRENT,benchmark_spot,USD,USD_PER_BARREL,False
2018-02-05,BRENT_CRUDE,BRENT_CRUDE,67.69,,,,alpha_vantage,BRENT,benchmark_spot,USD,USD_PER_BARREL,False
2018-02-06,BRENT_CRUDE,BRENT_CRUDE,66.75,,,,alpha_vantage,BRENT,benchmark_spot,USD,USD_PER_BARREL,False
2018-02-07,BRENT_CRUDE,BRENT_CRUDE,65.74,,,,alpha_vantage,BRENT,benchmark_spot,USD,USD_PER_BARREL,False
2018-02-08,BRENT_CRUDE,BRENT_CRUDE,64.26,,,,alpha_vantage,BRENT,benchmark_spot,USD,USD_PER_BARREL,False
2018-02-09,BRENT_CRUDE,BRENT_CRUDE,63.04,,,,alpha_vantage,BRENT,benchmark_spot,USD,USD_PER_BARREL,False
2018-02-12,BRENT_CRUDE,BRENT_CRUDE,62.2,,,,alpha_vantage,BRENT,benchmark_spot,USD,USD_PER_BARREL,False
2018-02-13,BRENT_CRUDE,BRENT_CRUDE,61.94,,,,alpha_vantage,BRENT,benchmark_spot,USD,USD_PER_BARREL,False
2018-02-14,BRENT_CRUDE,BRENT_CRUDE,62.29,,,,alpha_vantage,BRENT,benchmark_spot,USD,USD_PER_BARREL,False
2018-02-15,BRENT_CRUDE,BRENT_CRUDE,62.86,,,,alpha_vantage,BRENT,benchmark_spot,USD,USD_PER_BARREL,False
2018-02-16,BRENT_CRUDE,BRENT_CRUDE,64.3,,,,alpha_vantage,BRENT,benchmark_spot,USD,USD_PER_BARREL,False
2018-02-19,BRENT_CRUDE,BRENT_CRUDE,64.95,,,,alpha_vantage,BRENT,benchmark_spot,USD,USD_PER_BARREL,False
2018-02-20,BRENT_CRUDE,BRENT_CRUDE,64.68,,,,alpha_vantage,BRENT,benchmark_spot,USD,USD_PER_BARREL,False
2018-02-21,BRENT_CRUDE,BRENT_CRUDE,64.81,,,,alpha_vantage,BRENT,benchmark_spot,USD,USD_PER_BARREL,False
2018-02-22,BRENT_CRUDE,BRENT_CRUDE,66.12,,,,alpha_vantage,BRENT,benchmark_spot,USD,USD_PER_BARREL,False
2018-02-23,BRENT_CRUDE,BRENT_CRUDE,67.04,,,,alpha_vantage,BRENT,benchmark_spot,USD,USD_PER_BARREL,False
2018-02-26,BRENT_CRUDE,BRENT_CRUDE,67.96,,,,alpha_vantage,BRENT,benchmark_spot,USD,USD_PER_BARREL,False
2018-02-27,BRENT_CRUDE,BRENT_CRUDE,67.59,,,,alpha_vantage,BRENT,benchmark_spot,USD,USD_PER_BARREL,False
2018-02-28,BRENT_CRUDE,BRENT_CRUDE,66.08,,,,alpha_vantage,BRENT,benchmark_spot,USD,USD_PER_BARREL,False
2018-03-01,BRENT_CRUDE,BRENT_CRUDE,64.23,,,,alpha_vantage,BRENT,benchmark_spot,USD,USD_PER_BARREL,False
2018-03-02,BRENT_CRUDE,BRENT_CRUDE,64.26,,,,alpha_vantage,BRENT,benchmark_spot,USD,USD_PER_BARREL,False
2018-03-05,BRENT_CRUDE,BRENT_CRUDE,65.78,,,,alpha_vantage,BRENT,benchmark_spot,USD,USD_PER_BARREL,False
2018-03-06,BRENT_CRUDE,BRENT_CRUDE,65.67,,,,alpha_vantage,BRENT,benchmark_spot,USD,USD_PER_BARREL,False
2018-03-07,BRENT_CRUDE,BRENT_CRUDE,65.09,,,,alpha_vantage,BRENT,benchmark_spot,USD,USD_PER_BARREL,False
2018-03-08,BRENT_CRUDE,BRENT_CRUDE,63.87,,,,alpha_vantage,BRENT,benchmark_spot,USD,USD_PER_BARREL,False
2018-03-09,BRENT_CRUDE,BRENT_CRUDE,65.19,,,,alpha_vantage,BRENT,benchmark_spot,USD,USD_PER_BARREL,False
2018-03-12,BRENT_CRUDE,BRENT_CRUDE,64.53,,,,alpha_vantage,BRENT,benchmark_spot,USD,USD_PER_BARREL,False
2018-03-13,BRENT_CRUDE,BRENT_CRUDE,64.2,,,,alpha_vantage,BRENT,benchmark_spot,USD,USD_PER_BARREL,False
2018-03-14,BRENT_CRUDE,BRENT_CRUDE,63.61,,,,alpha_vantage,BRENT,benchmark_spot,USD,USD_PER_BARREL,False
2018-03-15,BRENT_CRUDE,BRENT_CRUDE,63.67,,,,alpha_vantage,BRENT,benchmark_spot,USD,USD_PER_BARREL,False
2018-03-16,BRENT_CRUDE,BRENT_CRUDE,64.68,,,,alpha_vantage,BRENT,benchmark_spot,USD,USD_PER_BARREL,False
2018-03-19,BRENT_CRUDE,BRENT_CRUDE,64.82,,,,alpha_vantage,BRENT,benchmark_spot,USD,USD_PER_BARREL,False
2018-03-20,BRENT_CRUDE,BRENT_CRUDE,66.0,,,,alpha_vantage,BRENT,benchmark_spot,USD,USD_PER_BARREL,False
2018-03-21,BRENT_CRUDE,BRENT_CRUDE,68.15,,,,alpha_vantage,BRENT,benchmark_spot,USD,USD_PER_BARREL,False
2018-03-22,BRENT_CRUDE,BRENT_CRUDE,68.98,,,,alpha_vantage,BRENT,benchmark_spot,USD,USD_PER_BARREL,False
2018-03-23,BRENT_CRUDE,BRENT_CRUDE,69.03,,,,alpha_vantage,BRENT,benchmark_spot,USD,USD_PER_BARREL,False
2018-03-26,BRENT_CRUDE,BRENT_CRUDE,68.81,,,,alpha_vantage,BRENT,benchmark_spot,USD,USD_PER_BARREL,False
2018-03-27,BRENT_CRUDE,BRENT_CRUDE,68.63,,,,alpha_vantage,BRENT,benchmark_spot,USD,USD_PER_BARREL,False
2018-03-28,BRENT_CRUDE,BRENT_CRUDE,68.13,,,,alpha_vantage,BRENT,benchmark_spot,USD,USD_PER_BARREL,False
2018-03-29,BRENT_CRUDE,BRENT_CRUDE,69.02,,,,alpha_vantage,BRENT,benchmark_spot,USD,USD_PER_BARREL,False
2018-04-03,BRENT_CRUDE,BRENT_CRUDE,69.02,,,,alpha_vantage,BRENT,benchmark_spot,USD,USD_PER_BARREL,False
2018-04-04,BRENT_CRUDE,BRENT_CRUDE,66.04,,,,alpha_vantage,BRENT,benchmark_spot,USD,USD_PER_BARREL,False
2018-04-05,BRENT_CRUDE,BRENT_CRUDE,66.54,,,,alpha_vantage,BRENT,benchmark_spot,USD,USD_PER_BARREL,False
2018-04-06,BRENT_CRUDE,BRENT_CRUDE,66.51,,,,alpha_vantage,BRENT,benchmark_spot,USD,USD_PER_BARREL,False
2018-04-09,BRENT_CRUDE,BRENT_CRUDE,68.19,,,,alpha_vantage,BRENT,benchmark_spot,USD,USD_PER_BARREL,False
2018-04-10,BRENT_CRUDE,BRENT_CRUDE,70.67,,,,alpha_vantage,BRENT,benchmark_spot,USD,USD_PER_BARREL,False
2018-04-11,BRENT_CRUDE,BRENT_CRUDE,72.74,,,,alpha_vantage,BRENT,benchmark_spot,USD,USD_PER_BARREL,False
2018-04-12,BRENT_CRUDE,BRENT_CRUDE,71.44,,,,alpha_vantage,BRENT,benchmark_spot,USD,USD_PER_BARREL,False
2018-04-13,BRENT_CRUDE,BRENT_CRUDE,73.18,,,,alpha_vantage,BRENT,benchmark_spot,USD,USD_PER_BARREL,False
2018-04-16,BRENT_CRUDE,BRENT_CRUDE,72.05,,,,alpha_vantage,BRENT,benchmark_spot,USD,USD_PER_BARREL,False
2018-04-17,BRENT_CRUDE,BRENT_CRUDE,71.71,,,,alpha_vantage,BRENT,benchmark_spot,USD,USD_PER_BARREL,False
2018-04-18,BRENT_CRUDE,BRENT_CRUDE,73.73,,,,alpha_vantage,BRENT,benchmark_spot,USD,USD_PER_BARREL,False
2018-04-19,BRENT_CRUDE,BRENT_CRUDE,74.85,,,,alpha_vantage,BRENT,benchmark_spot,USD,USD_PER_BARREL,False
2018-04-20,BRENT_CRUDE,BRENT_CRUDE,74.62,,,,alpha_vantage,BRENT,benchmark_spot,USD,USD_PER_BARREL,False
2018-04-23,BRENT_CRUDE,BRENT_CRUDE,74.54,,,,alpha_vantage,BRENT,benchmark_spot,USD,USD_PER_BARREL,False
2018-04-24,BRENT_CRUDE,BRENT_CRUDE,75.86,,,,alpha_vantage,BRENT,benchmark_spot,USD,USD_PER_BARREL,False
2018-04-25,BRENT_CRUDE,BRENT_CRUDE,73.79,,,,alpha_vantage,BRENT,benchmark_spot,USD,USD_PER_BARREL,False
2018-04-26,BRENT_CRUDE,BRENT_CRUDE,75.39,,,,alpha_vantage,BRENT,benchmark_spot,USD,USD_PER_BARREL,False
2018-04-27,BRENT_CRUDE,BRENT_CRUDE,75.33,,,,alpha_vantage,BRENT,benchmark_spot,USD,USD_PER_BARREL,False
2018-04-30,BRENT_CRUDE,BRENT_CRUDE,75.92,,,,alpha_vantage,BRENT,benchmark_spot,USD,USD_PER_BARREL,False
2018-05-01,BRENT_CRUDE,BRENT_CRUDE,74.85,,,,alpha_vantage,BRENT,benchmark_spot,USD,USD_PER_BARREL,False
2018-05-02,BRENT_CRUDE,BRENT_CRUDE,73.14,,,,alpha_vantage,BRENT,benchmark_spot,USD,USD_PER_BARREL,False
2018-05-03,BRENT_CRUDE,BRENT_CRUDE,73.45,,,,alpha_vantage,BRENT,benchmark_spot,USD,USD_PER_BARREL,False
2018-05-04,BRENT_CRUDE,BRENT_CRUDE,74.75,,,,alpha_vantage,BRENT,benchmark_spot,USD,USD_PER_BARREL,False
2018-05-08,BRENT_CRUDE,BRENT_CRUDE,74.16,,,,alpha_vantage,BRENT,benchmark_spot,USD,USD_PER_BARREL,False
2018-05-09,BRENT_CRUDE,BRENT_CRUDE,77.6,,,,alpha_vantage,BRENT,benchmark_spot,USD,USD_PER_BARREL,False
2018-05-10,BRENT_CRUDE,BRENT_CRUDE,77.59,,,,alpha_vantage,BRENT,benchmark_spot,USD,USD_PER_BARREL,False
2018-05-11,BRENT_CRUDE,BRENT_CRUDE,77.37,,,,alpha_vantage,BRENT,benchmark_spot,USD,USD_PER_BARREL,False
2018-05-14,BRENT_CRUDE,BRENT_CRUDE,78.17,,,,alpha_vantage,BRENT,benchmark_spot,USD,USD_PER_BARREL,False
2018-05-15,BRENT_CRUDE,BRENT_CRUDE,78.94,,,,alpha_vantage,BRENT,benchmark_spot,USD,USD_PER_BARREL,False
2018-05-16,BRENT_CRUDE,BRENT_CRUDE,78.19,,,,alpha_vantage,BRENT,benchmark_spot,USD,USD_PER_BARREL,False
2018-05-17,BRENT_CRUDE,BRENT_CRUDE,80.09,,,,alpha_vantage,BRENT,benchmark_spot,USD,USD_PER_BARREL,False
2018-05-18,BRENT_CRUDE,BRENT_CRUDE,78.38,,,,alpha_vantage,BRENT,benchmark_spot,USD,USD_PER_BARREL,False
2018-05-21,BRENT_CRUDE,BRENT_CRUDE,78.34,,,,alpha_vantage,BRENT,benchmark_spot,USD,USD_PER_BARREL,False
2018-05-22,BRENT_CRUDE,BRENT_CRUDE,80.42,,,,alpha_vantage,BRENT,benchmark_spot,USD,USD_PER_BARREL,False
2018-05-23,BRENT_CRUDE,BRENT_CRUDE,78.69,,,,alpha_vantage,BRENT,benchmark_spot,USD,USD_PER_BARREL,False
2018-05-24,BRENT_CRUDE,BRENT_CRUDE,78.9,,,,alpha_vantage,BRENT,benchmark_spot,USD,USD_PER_BARREL,False
2018-05-25,BRENT_CRUDE,BRENT_CRUDE,76.6,,,,alpha_vantage,BRENT,benchmark_spot,USD,USD_PER_BARREL,False
2018-05-29,BRENT_CRUDE,BRENT_CRUDE,74.51,,,,alpha_vantage,BRENT,benchmark_spot,USD,USD_PER_BARREL,False
2018-05-30,BRENT_CRUDE,BRENT_CRUDE,75.89,,,,alpha_vantage,BRENT,benchmark_spot,USD,USD_PER_BARREL,False
2018-05-31,BRENT_CRUDE,BRENT_CRUDE,76.45,,,,alpha_vantage,BRENT,benchmark_spot,USD,USD_PER_BARREL,False
2018-06-01,BRENT_CRUDE,BRENT_CRUDE,74.54,,,,alpha_vantage,BRENT,benchmark_spot,USD,USD_PER_BARREL,False
2018-06-04,BRENT_CRUDE,BRENT_CRUDE,73.41,,,,alpha_vantage,BRENT,benchmark_spot,USD,USD_PER_BARREL,False
2018-06-05,BRENT_CRUDE,BRENT_CRUDE,72.91,,,,alpha_vantage,BRENT,benchmark_spot,USD,USD_PER_BARREL,False
2018-06-06,BRENT_CRUDE,BRENT_CRUDE,73.23,,,,alpha_vantage,BRENT,benchmark_spot,USD,USD_PER_BARREL,False
2018-06-07,BRENT_CRUDE,BRENT_CRUDE,75.23,,,,alpha_vantage,BRENT,benchmark_spot,USD,USD_PER_BARREL,False
2018-06-08,BRENT_CRUDE,BRENT_CRUDE,75.11,,,,alpha_vantage,BRENT,benchmark_spot,USD,USD_PER_BARREL,False
2018-06-11,BRENT_CRUDE,BRENT_CRUDE,74.58,,,,alpha_vantage,BRENT,benchmark_spot,USD,USD_PER_BARREL,False
2018-06-12,BRENT_CRUDE,BRENT_CRUDE,74.86,,,,alpha_vantage,BRENT,benchmark_spot,USD,USD_PER_BARREL,False
2018-06-13,BRENT_CRUDE,BRENT_CRUDE,75.07,,,,alpha_vantage,BRENT,benchmark_spot,USD,USD_PER_BARREL,False
2018-06-14,BRENT_CRUDE,BRENT_CRUDE,74.77,,,,alpha_vantage,BRENT,benchmark_spot,USD,USD_PER_BARREL,False
2018-06-15,BRENT_CRUDE,BRENT_CRUDE,72.02,,,,alpha_vantage,BRENT,benchmark_spot,USD,USD_PER_BARREL,False
2018-06-18,BRENT_CRUDE,BRENT_CRUDE,74.87,,,,alpha_vantage,BRENT,benchmark_spot,USD,USD_PER_BARREL,False
2018-06-19,BRENT_CRUDE,BRENT_CRUDE,74.92,,,,alpha_vantage,BRENT,benchmark_spot,USD,USD_PER_BARREL,False
2018-06-20,BRENT_CRUDE,BRENT_CRUDE,74.25,,,,alpha_vantage,BRENT,benchmark_spot,USD,USD_PER_BARREL,False
2018-06-21,BRENT_CRUDE,BRENT_CRUDE,72.87,,,,alpha_vantage,BRENT,benchmark_spot,USD,USD_PER_BARREL,False
2018-06-22,BRENT_CRUDE,BRENT_CRUDE,73.67,,,,alpha_vantage,BRENT,benchmark_spot,USD,USD_PER_BARREL,False
2018-06-25,BRENT_CRUDE,BRENT_CRUDE,72.82,,,,alpha_vantage,BRENT,benchmark_spot,USD,USD_PER_BARREL,False
2018-06-26,BRENT_CRUDE,BRENT_CRUDE,73.58,,,,alpha_vantage,BRENT,benchmark_spot,USD,USD_PER_BARREL,False
2018-06-27,BRENT_CRUDE,BRENT_CRUDE,76.09,,,,alpha_vantage,BRENT,benchmark_spot,USD,USD_PER_BARREL,False
2018-06-28,BRENT_CRUDE,BRENT_CRUDE,76.26,,,,alpha_vantage,BRENT,benchmark_spot,USD,USD_PER_BARREL,False
2018-06-29,BRENT_CRUDE,BRENT_CRUDE,77.44,,,,alpha_vantage,BRENT,benchmark_spot,USD,USD_PER_BARREL,False
2018-07-02,BRENT_CRUDE,BRENT_CRUDE,76.71,,,,alpha_vantage,BRENT,benchmark_spot,USD,USD_PER_BARREL,False
2018-07-03,BRENT_CRUDE,BRENT_CRUDE,75.87,,,,alpha_vantage,BRENT,benchmark_spot,USD,USD_PER_BARREL,False
2018-07-04,BRENT_CRUDE,BRENT_CRUDE,76.99,,,,alpha_vantage,BRENT,benchmark_spot,USD,USD_PER_BARREL,False
2018-07-05,BRENT_CRUDE,BRENT_CRUDE,77.09,,,,alpha_vantage,BRENT,benchmark_spot,USD,USD_PER_BARREL,False
2018-07-06,BRENT_CRUDE,BRENT_CRUDE,74.98,,,,alpha_vantage,BRENT,benchmark_spot,USD,USD_PER_BARREL,False
2018-07-09,BRENT_CRUDE,BRENT_CRUDE,77.08,,,,alpha_vantage,BRENT,benchmark_spot,USD,USD_PER_BARREL,False
2018-07-10,BRENT_CRUDE,BRENT_CRUDE,77.8,,,,alpha_vantage,BRENT,benchmark_spot,USD,USD_PER_BARREL,False
2018-07-11,BRENT_CRUDE,BRENT_CRUDE,75.35,,,,alpha_vantage,BRENT,benchmark_spot,USD,USD_PER_BARREL,False
2018-07-12,BRENT_CRUDE,BRENT_CRUDE,72.11,,,,alpha_vantage,BRENT,benchmark_spot,USD,USD_PER_BARREL,False
2018-07-13,BRENT_CRUDE,BRENT_CRUDE,74.11,,,,alpha_vantage,BRENT,benchmark_spot,USD,USD_PER_BARREL,False
2018-07-16,BRENT_CRUDE,BRENT_CRUDE,71.03,,,,alpha_vantage,BRENT,benchmark_spot,USD,USD_PER_BARREL,False
2018-07-17,BRENT_CRUDE,BRENT_CRUDE,70.87,,,,alpha_vantage,BRENT,benchmark_spot,USD,USD_PER_BARREL,False
2018-07-18,BRENT_CRUDE,BRENT_CRUDE,70.52,,,,alpha_vantage,BRENT,benchmark_spot,USD,USD_PER_BARREL,False
2018-07-19,BRENT_CRUDE,BRENT_CRUDE,71.94,,,,alpha_vantage,BRENT,benchmark_spot,USD,USD_PER_BARREL,False
2018-07-20,BRENT_CRUDE,BRENT_CRUDE,71.99,,,,alpha_vantage,BRENT,benchmark_spot,USD,USD_PER_BARREL,False
2018-07-23,BRENT_CRUDE,BRENT_CRUDE,73.45,,,,alpha_vantage,BRENT,benchmark_spot,USD,USD_PER_BARREL,False
2018-07-24,BRENT_CRUDE,BRENT_CRUDE,73.53,,,,alpha_vantage,BRENT,benchmark_spot,USD,USD_PER_BARREL,False
2018-07-25,BRENT_CRUDE,BRENT_CRUDE,73.67,,,,alpha_vantage,BRENT,benchmark_spot,USD,USD_PER_BARREL,False
2018-07-26,BRENT_CRUDE,BRENT_CRUDE,74.51,,,,alpha_vantage,BRENT,benchmark_spot,USD,USD_PER_BARREL,False
2018-07-27,BRENT_CRUDE,BRENT_CRUDE,74.84,,,,alpha_vantage,BRENT,benchmark_spot,USD,USD_PER_BARREL,False
2018-07-30,BRENT_CRUDE,BRENT_CRUDE,74.99,,,,alpha_vantage,BRENT,benchmark_spot,USD,USD_PER_BARREL,False
2018-07-31,BRENT_CRUDE,BRENT_CRUDE,74.16,,,,alpha_vantage,BRENT,benchmark_spot,USD,USD_PER_BARREL,False
2018-08-01,BRENT_CRUDE,BRENT_CRUDE,72.28,,,,alpha_vantage,BRENT,benchmark_spot,USD,USD_PER_BARREL,False
2018-08-02,BRENT_CRUDE,BRENT_CRUDE,72.95,,,,alpha_vantage,BRENT,benchmark_spot,USD,USD_PER_BARREL,False
2018-08-03,BRENT_CRUDE,BRENT_CRUDE,72.48,,,,alpha_vantage,BRENT,benchmark_spot,USD,USD_PER_BARREL,False
2018-08-06,BRENT_CRUDE,BRENT_CRUDE,72.51,,,,alpha_vantage,BRENT,benchmark_spot,USD,USD_PER_BARREL,False
2018-08-07,BRENT_CRUDE,BRENT_CRUDE,72.31,,,,alpha_vantage,BRENT,benchmark_spot,USD,USD_PER_BARREL,False
2018-08-08,BRENT_CRUDE,BRENT_CRUDE,70.71,,,,alpha_vantage,BRENT,benchmark_spot,USD,USD_PER_BARREL,False
2018-08-09,BRENT_CRUDE,BRENT_CRUDE,70.55,,,,alpha_vantage,BRENT,benchmark_spot,USD,USD_PER_BARREL,False
2018-08-10,BRENT_CRUDE,BRENT_CRUDE,71.0,,,,alpha_vantage,BRENT,benchmark_spot,USD,USD_PER_BARREL,False
2018-08-13,BRENT_CRUDE,BRENT_CRUDE,70.62,,,,alpha_vantage,BRENT,benchmark_spot,USD,USD_PER_BARREL,False
2018-08-14,BRENT_CRUDE,BRENT_CRUDE,70.77,,,,alpha_vantage,BRENT,benchmark_spot,USD,USD_PER_BARREL,False
2018-08-15,BRENT_CRUDE,BRENT_CRUDE,68.38,,,,alpha_vantage,BRENT,benchmark_spot,USD,USD_PER_BARREL,False
2018-08-16,BRENT_CRUDE,BRENT_CRUDE,69.21,,,,alpha_vantage,BRENT,benchmark_spot,USD,USD_PER_BARREL,False
2018-08-17,BRENT_CRUDE,BRENT_CRUDE,70.14,,,,alpha_vantage,BRENT,benchmark_spot,USD,USD_PER_BARREL,False
2018-08-20,BRENT_CRUDE,BRENT_CRUDE,71.11,,,,alpha_vantage,BRENT,benchmark_spot,USD,USD_PER_BARREL,False
2018-08-21,BRENT_CRUDE,BRENT_CRUDE,71.65,,,,alpha_vantage,BRENT,benchmark_spot,USD,USD_PER_BARREL,False
2018-08-22,BRENT_CRUDE,BRENT_CRUDE,72.96,,,,alpha_vantage,BRENT,benchmark_spot,USD,USD_PER_BARREL,False
2018-08-23,BRENT_CRUDE,BRENT_CRUDE,73.73,,,,alpha_vantage,BRENT,benchmark_spot,USD,USD_PER_BARREL,False
2018-08-24,BRENT_CRUDE,BRENT_CRUDE,74.41,,,,alpha_vantage,BRENT,benchmark_spot,USD,USD_PER_BARREL,False
2018-08-27,BRENT_CRUDE,BRENT_CRUDE,74.41,,,,alpha_vantage,BRENT,benchmark_spot,USD,USD_PER_BARREL,False
2018-08-28,BRENT_CRUDE,BRENT_CRUDE,75.91,,,,alpha_vantage,BRENT,benchmark_spot,USD,USD_PER_BARREL,False
2018-08-29,BRENT_CRUDE,BRENT_CRUDE,76.07,,,,alpha_vantage,BRENT,benchmark_spot,USD,USD_PER_BARREL,False
2018-08-30,BRENT_CRUDE,BRENT_CRUDE,77.05,,,,alpha_vantage,BRENT,benchmark_spot,USD,USD_PER_BARREL,False
2018-08-31,BRENT_CRUDE,BRENT_CRUDE,76.94,,,,alpha_vantage,BRENT,benchmark_spot,USD,USD_PER_BARREL,False
2018-09-03,BRENT_CRUDE,BRENT_CRUDE,77.81,,,,alpha_vantage,BRENT,benchmark_spot,USD,USD_PER_BARREL,False
2018-09-04,BRENT_CRUDE,BRENT_CRUDE,77.51,,,,alpha_vantage,BRENT,benchmark_spot,USD,USD_PER_BARREL,False
2018-09-05,BRENT_CRUDE,BRENT_CRUDE,76.68,,,,alpha_vantage,BRENT,benchmark_spot,USD,USD_PER_BARREL,False
2018-09-06,BRENT_CRUDE,BRENT_CRUDE,75.67,,,,alpha_vantage,BRENT,benchmark_spot,USD,USD_PER_BARREL,False
2018-09-07,BRENT_CRUDE,BRENT_CRUDE,75.55,,,,alpha_vantage,BRENT,benchmark_spot,USD,USD_PER_BARREL,False
2018-09-10,BRENT_CRUDE,BRENT_CRUDE,76.77,,,,alpha_vantage,BRENT,benchmark_spot,USD,USD_PER_BARREL,False
2018-09-11,BRENT_CRUDE,BRENT_CRUDE,78.22,,,,alpha_vantage,BRENT,benchmark_spot,USD,USD_PER_BARREL,False
2018-09-12,BRENT_CRUDE,BRENT_CRUDE,80.02,,,,alpha_vantage,BRENT,benchmark_spot,USD,USD_PER_BARREL,False
2018-09-13,BRENT_CRUDE,BRENT_CRUDE,77.66,,,,alpha_vantage,BRENT,benchmark_spot,USD,USD_PER_BARREL,False
2018-09-14,BRENT_CRUDE,BRENT_CRUDE,77.87,,,,alpha_vantage,BRENT,benchmark_spot,USD,USD_PER_BARREL,False
2018-09-17,BRENT_CRUDE,BRENT_CRUDE,78.22,,,,alpha_vantage,BRENT,benchmark_spot,USD,USD_PER_BARREL,False
2018-09-18,BRENT_CRUDE,BRENT_CRUDE,79.25,,,,alpha_vantage,BRENT,benchmark_spot,USD,USD_PER_BARREL,False
2018-09-19,BRENT_CRUDE,BRENT_CRUDE,79.43,,,,alpha_vantage,BRENT,benchmark_spot,USD,USD_PER_BARREL,False
2018-09-20,BRENT_CRUDE,BRENT_CRUDE,79.03,,,,alpha_vantage,BRENT,benchmark_spot,USD,USD_PER_BARREL,False
2018-09-21,BRENT_CRUDE,BRENT_CRUDE,78.9,,,,alpha_vantage,BRENT,benchmark_spot,USD,USD_PER_BARREL,False
2018-09-24,BRENT_CRUDE,BRENT_CRUDE,80.89,,,,alpha_vantage,BRENT,benchmark_spot,USD,USD_PER_BARREL,False
2018-09-25,BRENT_CRUDE,BRENT_CRUDE,82.21,,,,alpha_vantage,BRENT,benchmark_spot,USD,USD_PER_BARREL,False
2018-09-26,BRENT_CRUDE,BRENT_CRUDE,81.87,,,,alpha_vantage,BRENT,benchmark_spot,USD,USD_PER_BARREL,False
2018-09-27,BRENT_CRUDE,BRENT_CRUDE,81.54,,,,alpha_vantage,BRENT,benchmark_spot,USD,USD_PER_BARREL,False
2018-09-28,BRENT_CRUDE,BRENT_CRUDE,82.72,,,,alpha_vantage,BRENT,benchmark_spot,USD,USD_PER_BARREL,False
2018-10-01,BRENT_CRUDE,BRENT_CRUDE,84.94,,,,alpha_vantage,BRENT,benchmark_spot,USD,USD_PER_BARREL,False
2018-10-02,BRENT_CRUDE,BRENT_CRUDE,85.63,,,,alpha_vantage,BRENT,benchmark_spot,USD,USD_PER_BARREL,False
2018-10-03,BRENT_CRUDE,BRENT_CRUDE,85.45,,,,alpha_vantage,BRENT,benchmark_spot,USD,USD_PER_BARREL,False
2018-10-04,BRENT_CRUDE,BRENT_CRUDE,86.07,,,,alpha_vantage,BRENT,benchmark_spot,USD,USD_PER_BARREL,False
2018-10-05,BRENT_CRUDE,BRENT_CRUDE,85.12,,,,alpha_vantage,BRENT,benchmark_spot,USD,USD_PER_BARREL,False
2018-10-08,BRENT_CRUDE,BRENT_CRUDE,84.22,,,,alpha_vantage,BRENT,benchmark_spot,USD,USD_PER_BARREL,False
2018-10-09,BRENT_CRUDE,BRENT_CRUDE,85.16,,,,alpha_vantage,BRENT,benchmark_spot,USD,USD_PER_BARREL,False
2018-10-10,BRENT_CRUDE,BRENT_CRUDE,83.82,,,,alpha_vantage,BRENT,benchmark_spot,USD,USD_PER_BARREL,False
2018-10-11,BRENT_CRUDE,BRENT_CRUDE,81.35,,,,alpha_vantage,BRENT,benchmark_spot,USD,USD_PER_BARREL,False
2018-10-12,BRENT_CRUDE,BRENT_CRUDE,80.71,,,,alpha_vantage,BRENT,benchmark_spot,USD,USD_PER_BARREL,False
2018-10-15,BRENT_CRUDE,BRENT_CRUDE,80.91,,,,alpha_vantage,BRENT,benchmark_spot,USD,USD_PER_BARREL,False
2018-10-16,BRENT_CRUDE,BRENT_CRUDE,80.53,,,,alpha_vantage,BRENT,benchmark_spot,USD,USD_PER_BARREL,False
2018-10-17,BRENT_CRUDE,BRENT_CRUDE,79.91,,,,alpha_vantage,BRENT,benchmark_spot,USD,USD_PER_BARREL,False
2018-10-18,BRENT_CRUDE,BRENT_CRUDE,80.3,,,,alpha_vantage,BRENT,benchmark_spot,USD,USD_PER_BARREL,False
2018-10-19,BRENT_CRUDE,BRENT_CRUDE,80.38,,,,alpha_vantage,BRENT,benchmark_spot,USD,USD_PER_BARREL,False
2018-10-22,BRENT_CRUDE,BRENT_CRUDE,80.45,,,,alpha_vantage,BRENT,benchmark_spot,USD,USD_PER_BARREL,False
2018-10-23,BRENT_CRUDE,BRENT_CRUDE,78.67,,,,alpha_vantage,BRENT,benchmark_spot,USD,USD_PER_BARREL,False
2018-10-24,BRENT_CRUDE,BRENT_CRUDE,77.34,,,,alpha_vantage,BRENT,benchmark_spot,USD,USD_PER_BARREL,False
2018-10-25,BRENT_CRUDE,BRENT_CRUDE,77.3,,,,alpha_vantage,BRENT,benchmark_spot,USD,USD_PER_BARREL,False
2018-10-26,BRENT_CRUDE,BRENT_CRUDE,77.4,,,,alpha_vantage,BRENT,benchmark_spot,USD,USD_PER_BARREL,False
2018-10-29,BRENT_CRUDE,BRENT_CRUDE,77.56,,,,alpha_vantage,BRENT,benchmark_spot,USD,USD_PER_BARREL,False
2018-10-30,BRENT_CRUDE,BRENT_CRUDE,75.68,,,,alpha_vantage,BRENT,benchmark_spot,USD,USD_PER_BARREL,False
2018-10-31,BRENT_CRUDE,BRENT_CRUDE,74.84,,,,alpha_vantage,BRENT,benchmark_spot,USD,USD_PER_BARREL,False
2018-11-01,BRENT_CRUDE,BRENT_CRUDE,71.25,,,,alpha_vantage,BRENT,benchmark_spot,USD,USD_PER_BARREL,False
2018-11-02,BRENT_CRUDE,BRENT_CRUDE,71.11,,,,alpha_vantage,BRENT,benchmark_spot,USD,USD_PER_BARREL,False
2018-11-05,BRENT_CRUDE,BRENT_CRUDE,72.68,,,,alpha_vantage,BRENT,benchmark_spot,USD,USD_PER_BARREL,False
2018-11-06,BRENT_CRUDE,BRENT_CRUDE,70.64,,,,alpha_vantage,BRENT,benchmark_spot,USD,USD_PER_BARREL,False
2018-11-07,BRENT_CRUDE,BRENT_CRUDE,70.1,,,,alpha_vantage,BRENT,benchmark_spot,USD,USD_PER_BARREL,False
2018-11-08,BRENT_CRUDE,BRENT_CRUDE,69.29,,,,alpha_vantage,BRENT,benchmark_spot,USD,USD_PER_BARREL,False
2018-11-09,BRENT_CRUDE,BRENT_CRUDE,69.01,,,,alpha_vantage,BRENT,benchmark_spot,USD,USD_PER_BARREL,False
2018-11-12,BRENT_CRUDE,BRENT_CRUDE,69.81,,,,alpha_vantage,BRENT,benchmark_spot,USD,USD_PER_BARREL,False
2018-11-13,BRENT_CRUDE,BRENT_CRUDE,65.45,,,,alpha_vantage,BRENT,benchmark_spot,USD,USD_PER_BARREL,False
2018-11-14,BRENT_CRUDE,BRENT_CRUDE,64.88,,,,alpha_vantage,BRENT,benchmark_spot,USD,USD_PER_BARREL,False
2018-11-15,BRENT_CRUDE,BRENT_CRUDE,65.61,,,,alpha_vantage,BRENT,benchmark_spot,USD,USD_PER_BARREL,False
2018-11-16,BRENT_CRUDE,BRENT_CRUDE,65.29,,,,alpha_vantage,BRENT,benchmark_spot,USD,USD_PER_BARREL,False
2018-11-19,BRENT_CRUDE,BRENT_CRUDE,64.14,,,,alpha_vantage,BRENT,benchmark_spot,USD,USD_PER_BARREL,False
2018-11-20,BRENT_CRUDE,BRENT_CRUDE,61.5,,,,alpha_vantage,BRENT,benchmark_spot,USD,USD_PER_BARREL,False
2018-11-21,BRENT_CRUDE,BRENT_CRUDE,61.65,,,,alpha_vantage,BRENT,benchmark_spot,USD,USD_PER_BARREL,False
2018-11-22,BRENT_CRUDE,BRENT_CRUDE,61.11,,,,alpha_vantage,BRENT,benchmark_spot,USD,USD_PER_BARREL,False
2018-11-23,BRENT_CRUDE,BRENT_CRUDE,57.69,,,,alpha_vantage,BRENT,benchmark_spot,USD,USD_PER_BARREL,False
2018-11-26,BRENT_CRUDE,BRENT_CRUDE,59.7,,,,alpha_vantage,BRENT,benchmark_spot,USD,USD_PER_BARREL,False
2018-11-27,BRENT_CRUDE,BRENT_CRUDE,59.58,,,,alpha_vantage,BRENT,benchmark_spot,USD,USD_PER_BARREL,False
2018-11-28,BRENT_CRUDE,BRENT_CRUDE,57.97,,,,alpha_vantage,BRENT,benchmark_spot,USD,USD_PER_BARREL,False
2018-11-29,BRENT_CRUDE,BRENT_CRUDE,58.29,,,,alpha_vantage,BRENT,benchmark_spot,USD,USD_PER_BARREL,False
2018-11-30,BRENT_CRUDE,BRENT_CRUDE,57.71,,,,alpha_vantage,BRENT,benchmark_spot,USD,USD_PER_BARREL,False
2018-12-03,BRENT_CRUDE,BRENT_CRUDE,60.17,,,,alpha_vantage,BRENT,benchmark_spot,USD,USD_PER_BARREL,False
2018-12-04,BRENT_CRUDE,BRENT_CRUDE,61.22,,,,alpha_vantage,BRENT,benchmark_spot,USD,USD_PER_BARREL,False
2018-12-05,BRENT_CRUDE,BRENT_CRUDE,61.4,,,,alpha_vantage,BRENT,benchmark_spot,USD,USD_PER_BARREL,False
2018-12-06,BRENT_CRUDE,BRENT_CRUDE,57.83,,,,alpha_vantage,BRENT,benchmark_spot,USD,USD_PER_BARREL,False
2018-12-07,BRENT_CRUDE,BRENT_CRUDE,61.71,,,,alpha_vantage,BRENT,benchmark_spot,USD,USD_PER_BARREL,False
2018-12-10,BRENT_CRUDE,BRENT_CRUDE,60.29,,,,alpha_vantage,BRENT,benchmark_spot,USD,USD_PER_BARREL,False
2018-12-11,BRENT_CRUDE,BRENT_CRUDE,59.73,,,,alpha_vantage,BRENT,benchmark_spot,USD,USD_PER_BARREL,False
2018-12-12,BRENT_CRUDE,BRENT_CRUDE,59.94,,,,alpha_vantage,BRENT,benchmark_spot,USD,USD_PER_BARREL,False
2018-12-13,BRENT_CRUDE,BRENT_CRUDE,59.03,,,,alpha_vantage,BRENT,benchmark_spot,USD,USD_PER_BARREL,False
2018-12-14,BRENT_CRUDE,BRENT_CRUDE,58.56,,,,alpha_vantage,BRENT,benchmark_spot,USD,USD_PER_BARREL,False
2018-12-17,BRENT_CRUDE,BRENT_CRUDE,57.59,,,,alpha_vantage,BRENT,benchmark_spot,USD,USD_PER_BARREL,False
2018-12-18,BRENT_CRUDE,BRENT_CRUDE,55.26,,,,alpha_vantage,BRENT,benchmark_spot,USD,USD_PER_BARREL,False
2018-12-19,BRENT_CRUDE,BRENT_CRUDE,55.6,,,,alpha_vantage,BRENT,benchmark_spot,USD,USD_PER_BARREL,False
2018-12-20,BRENT_CRUDE,BRENT_CRUDE,52.84,,,,alpha_vantage,BRENT,benchmark_spot,USD,USD_PER_BARREL,False
2018-12-21,BRENT_CRUDE,BRENT_CRUDE,51.93,,,,alpha_vantage,BRENT,benchmark_spot,USD,USD_PER_BARREL,False
2018-12-27,BRENT_CRUDE,BRENT_CRUDE,51.49,,,,alpha_vantage,BRENT,benchmark_spot,USD,USD_PER_BARREL,False
2018-12-28,BRENT_CRUDE,BRENT_CRUDE,50.57,,,,alpha_vantage,BRENT,benchmark_spot,USD,USD_PER_BARREL,False
2019-01-02,BRENT_CRUDE,BRENT_CRUDE,54.06,,,,alpha_vantage,BRENT,benchmark_spot,USD,USD_PER_BARREL,False
2019-01-03,BRENT_CRUDE,BRENT_CRUDE,53.23,,,,alpha_vantage,BRENT,benchmark_spot,USD,USD_PER_BARREL,False
2019-01-04,BRENT_CRUDE,BRENT_CRUDE,55.64,,,,alpha_vantage,BRENT,benchmark_spot,USD,USD_PER_BARREL,False
2019-01-07,BRENT_CRUDE,BRENT_CRUDE,57.1,,,,alpha_vantage,BRENT,benchmark_spot,USD,USD_PER_BARREL,False
2019-01-08,BRENT_CRUDE,BRENT_CRUDE,56.91,,,,alpha_vantage,BRENT,benchmark_spot,USD,USD_PER_BARREL,False
2019-01-09,BRENT_CRUDE,BRENT_CRUDE,59.46,,,,alpha_vantage,BRENT,benchmark_spot,USD,USD_PER_BARREL,False
2019-01-10,BRENT_CRUDE,BRENT_CRUDE,60.47,,,,alpha_vantage,BRENT,benchmark_spot,USD,USD_PER_BARREL,False
2019-01-11,BRENT_CRUDE,BRENT_CRUDE,59.24,,,,alpha_vantage,BRENT,benchmark_spot,USD,USD_PER_BARREL,False
2019-01-14,BRENT_CRUDE,BRENT_CRUDE,58.8,,,,alpha_vantage,BRENT,benchmark_spot,USD,USD_PER_BARREL,False
2019-01-15,BRENT_CRUDE,BRENT_CRUDE,58.65,,,,alpha_vantage,BRENT,benchmark_spot,USD,USD_PER_BARREL,False
2019-01-16,BRENT_CRUDE,BRENT_CRUDE,59.81,,,,alpha_vantage,BRENT,benchmark_spot,USD,USD_PER_BARREL,False
2019-01-17,BRENT_CRUDE,BRENT_CRUDE,59.85,,,,alpha_vantage,BRENT,benchmark_spot,USD,USD_PER_BARREL,False
2019-01-18,BRENT_CRUDE,BRENT_CRUDE,62.04,,,,alpha_vantage,BRENT,benchmark_spot,USD,USD_PER_BARREL,False
2019-01-21,BRENT_CRUDE,BRENT_CRUDE,62.18,,,,alpha_vantage,BRENT,benchmark_spot,USD,USD_PER_BARREL,False
2019-01-22,BRENT_CRUDE,BRENT_CRUDE,60.9,,,,alpha_vantage,BRENT,benchmark_spot,USD,USD_PER_BARREL,False
2019-01-23,BRENT_CRUDE,BRENT_CRUDE,61.05,,,,alpha_vantage,BRENT,benchmark_spot,USD,USD_PER_BARREL,False
2019-01-24,BRENT_CRUDE,BRENT_CRUDE,61.09,,,,alpha_vantage,BRENT,benchmark_spot,USD,USD_PER_BARREL,False
2019-01-25,BRENT_CRUDE,BRENT_CRUDE,61.49,,,,alpha_vantage,BRENT,benchmark_spot,USD,USD_PER_BARREL,False
2019-01-28,BRENT_CRUDE,BRENT_CRUDE,59.71,,,,alpha_vantage,BRENT,benchmark_spot,USD,USD_PER_BARREL,False
2019-01-29,BRENT_CRUDE,BRENT_CRUDE,60.98,,,,alpha_vantage,BRENT,benchmark_spot,USD,USD_PER_BARREL,False
2019-01-30,BRENT_CRUDE,BRENT_CRUDE,61.89,,,,alpha_vantage,BRENT,benchmark_spot,USD,USD_PER_BARREL,False
2019-01-31,BRENT_CRUDE,BRENT_CRUDE,62.46,,,,alpha_vantage,BRENT,benchmark_spot,USD,USD_PER_BARREL,False
2019-02-01,BRENT_CRUDE,BRENT_CRUDE,61.86,,,,alpha_vantage,BRENT,benchmark_spot,USD,USD_PER_BARREL,False
2019-02-04,BRENT_CRUDE,BRENT_CRUDE,62.26,,,,alpha_vantage,BRENT,benchmark_spot,USD,USD_PER_BARREL,False
2019-02-05,BRENT_CRUDE,BRENT_CRUDE,61.67,,,,alpha_vantage,BRENT,benchmark_spot,USD,USD_PER_BARREL,False
2019-02-06,BRENT_CRUDE,BRENT_CRUDE,62.22,,,,alpha_vantage,BRENT,benchmark_spot,USD,USD_PER_BARREL,False
2019-02-07,BRENT_CRUDE,BRENT_CRUDE,61.01,,,,alpha_vantage,BRENT,benchmark_spot,USD,USD_PER_BARREL,False
2019-02-08,BRENT_CRUDE,BRENT_CRUDE,61.37,,,,alpha_vantage,BRENT,benchmark_spot,USD,USD_PER_BARREL,False
2019-02-11,BRENT_CRUDE,BRENT_CRUDE,61.3,,,,alpha_vantage,BRENT,benchmark_spot,USD,USD_PER_BARREL,False
2019-02-12,BRENT_CRUDE,BRENT_CRUDE,62.58,,,,alpha_vantage,BRENT,benchmark_spot,USD,USD_PER_BARREL,False
2019-02-13,BRENT_CRUDE,BRENT_CRUDE,63.27,,,,alpha_vantage,BRENT,benchmark_spot,USD,USD_PER_BARREL,False
2019-02-14,BRENT_CRUDE,BRENT_CRUDE,64.0,,,,alpha_vantage,BRENT,benchmark_spot,USD,USD_PER_BARREL,False
2019-02-15,BRENT_CRUDE,BRENT_CRUDE,65.65,,,,alpha_vantage,BRENT,benchmark_spot,USD,USD_PER_BARREL,False
2019-02-18,BRENT_CRUDE,BRENT_CRUDE,66.41,,,,alpha_vantage,BRENT,benchmark_spot,USD,USD_PER_BARREL,False
2019-02-19,BRENT_CRUDE,BRENT_CRUDE,65.86,,,,alpha_vantage,BRENT,benchmark_spot,USD,USD_PER_BARREL,False
2019-02-20,BRENT_CRUDE,BRENT_CRUDE,66.82,,,,alpha_vantage,BRENT,benchmark_spot,USD,USD_PER_BARREL,False
2019-02-21,BRENT_CRUDE,BRENT_CRUDE,66.91,,,,alpha_vantage,BRENT,benchmark_spot,USD,USD_PER_BARREL,False
2019-02-22,BRENT_CRUDE,BRENT_CRUDE,66.91,,,,alpha_vantage,BRENT,benchmark_spot,USD,USD_PER_BARREL,False
2019-02-25,BRENT_CRUDE,BRENT_CRUDE,64.02,,,,alpha_vantage,BRENT,benchmark_spot,USD,USD_PER_BARREL,False
2019-02-26,BRENT_CRUDE,BRENT_CRUDE,64.51,,,,alpha_vantage,BRENT,benchmark_spot,USD,USD_PER_BARREL,False
2019-02-27,BRENT_CRUDE,BRENT_CRUDE,65.55,,,,alpha_vantage,BRENT,benchmark_spot,USD,USD_PER_BARREL,False
2019-02-28,BRENT_CRUDE,BRENT_CRUDE,65.03,,,,alpha_vantage,BRENT,benchmark_spot,USD,USD_PER_BARREL,False
2019-03-01,BRENT_CRUDE,BRENT_CRUDE,63.71,,,,alpha_vantage,BRENT,benchmark_spot,USD,USD_PER_BARREL,False
2019-03-04,BRENT_CRUDE,BRENT_CRUDE,64.44,,,,alpha_vantage,BRENT,benchmark_spot,USD,USD_PER_BARREL,False
2019-03-05,BRENT_CRUDE,BRENT_CRUDE,64.24,,,,alpha_vantage,BRENT,benchmark_spot,USD,USD_PER_BARREL,False
2019-03-06,BRENT_CRUDE,BRENT_CRUDE,64.51,,,,alpha_vantage,BRENT,benchmark_spot,USD,USD_PER_BARREL,False
2019-03-07,BRENT_CRUDE,BRENT_CRUDE,64.82,,,,alpha_vantage,BRENT,benchmark_spot,USD,USD_PER_BARREL,False
2019-03-08,BRENT_CRUDE,BRENT_CRUDE,65.66,,,,alpha_vantage,BRENT,benchmark_spot,USD,USD_PER_BARREL,False
2019-03-11,BRENT_CRUDE,BRENT_CRUDE,65.06,,,,alpha_vantage,BRENT,benchmark_spot,USD,USD_PER_BARREL,False
2019-03-12,BRENT_CRUDE,BRENT_CRUDE,65.33,,,,alpha_vantage,BRENT,benchmark_spot,USD,USD_PER_BARREL,False
2019-03-13,BRENT_CRUDE,BRENT_CRUDE,65.89,,,,alpha_vantage,BRENT,benchmark_spot,USD,USD_PER_BARREL,False
2019-03-14,BRENT_CRUDE,BRENT_CRUDE,66.18,,,,alpha_vantage,BRENT,benchmark_spot,USD,USD_PER_BARREL,False
2019-03-15,BRENT_CRUDE,BRENT_CRUDE,66.11,,,,alpha_vantage,BRENT,benchmark_spot,USD,USD_PER_BARREL,False
2019-03-18,BRENT_CRUDE,BRENT_CRUDE,66.65,,,,alpha_vantage,BRENT,benchmark_spot,USD,USD_PER_BARREL,False
2019-03-19,BRENT_CRUDE,BRENT_CRUDE,67.13,,,,alpha_vantage,BRENT,benchmark_spot,USD,USD_PER_BARREL,False
2019-03-20,BRENT_CRUDE,BRENT_CRUDE,68.35,,,,alpha_vantage,BRENT,benchmark_spot,USD,USD_PER_BARREL,False
2019-03-21,BRENT_CRUDE,BRENT_CRUDE,68.3,,,,alpha_vantage,BRENT,benchmark_spot,USD,USD_PER_BARREL,False
2019-03-22,BRENT_CRUDE,BRENT_CRUDE,66.29,,,,alpha_vantage,BRENT,benchmark_spot,USD,USD_PER_BARREL,False
2019-03-25,BRENT_CRUDE,BRENT_CRUDE,67.37,,,,alpha_vantage,BRENT,benchmark_spot,USD,USD_PER_BARREL,False
2019-03-26,BRENT_CRUDE,BRENT_CRUDE,67.51,,,,alpha_vantage,BRENT,benchmark_spot,USD,USD_PER_BARREL,False
2019-03-27,BRENT_CRUDE,BRENT_CRUDE,67.35,,,,alpha_vantage,BRENT,benchmark_spot,USD,USD_PER_BARREL,False
2019-03-28,BRENT_CRUDE,BRENT_CRUDE,66.08,,,,alpha_vantage,BRENT,benchmark_spot,USD,USD_PER_BARREL,False
2019-03-29,BRENT_CRUDE,BRENT_CRUDE,67.93,,,,alpha_vantage,BRENT,benchmark_spot,USD,USD_PER_BARREL,False
2019-04-01,BRENT_CRUDE,BRENT_CRUDE,69.08,,,,alpha_vantage,BRENT,benchmark_spot,USD,USD_PER_BARREL,False
2019-04-02,BRENT_CRUDE,BRENT_CRUDE,69.68,,,,alpha_vantage,BRENT,benchmark_spot,USD,USD_PER_BARREL,False
2019-04-03,BRENT_CRUDE,BRENT_CRUDE,69.21,,,,alpha_vantage,BRENT,benchmark_spot,USD,USD_PER_BARREL,False
2019-04-04,BRENT_CRUDE,BRENT_CRUDE,69.8,,,,alpha_vantage,BRENT,benchmark_spot,USD,USD_PER_BARREL,False
2019-04-05,BRENT_CRUDE,BRENT_CRUDE,69.93,,,,alpha_vantage,BRENT,benchmark_spot,USD,USD_PER_BARREL,False
2019-04-08,BRENT_CRUDE,BRENT_CRUDE,71.12,,,,alpha_vantage,BRENT,benchmark_spot,USD,USD_PER_BARREL,False
2019-04-09,BRENT_CRUDE,BRENT_CRUDE,71.02,,,,alpha_vantage,BRENT,benchmark_spot,USD,USD_PER_BARREL,False
2019-04-10,BRENT_CRUDE,BRENT_CRUDE,71.63,,,,alpha_vantage,BRENT,benchmark_spot,USD,USD_PER_BARREL,False
2019-04-11,BRENT_CRUDE,BRENT_CRUDE,71.3,,,,alpha_vantage,BRENT,benchmark_spot,USD,USD_PER_BARREL,False
2019-04-12,BRENT_CRUDE,BRENT_CRUDE,71.57,,,,alpha_vantage,BRENT,benchmark_spot,USD,USD_PER_BARREL,False
2019-04-15,BRENT_CRUDE,BRENT_CRUDE,70.9,,,,alpha_vantage,BRENT,benchmark_spot,USD,USD_PER_BARREL,False
2019-04-16,BRENT_CRUDE,BRENT_CRUDE,70.74,,,,alpha_vantage,BRENT,benchmark_spot,USD,USD_PER_BARREL,False
2019-04-17,BRENT_CRUDE,BRENT_CRUDE,71.14,,,,alpha_vantage,BRENT,benchmark_spot,USD,USD_PER_BARREL,False
2019-04-18,BRENT_CRUDE,BRENT_CRUDE,70.71,,,,alpha_vantage,BRENT,benchmark_spot,USD,USD_PER_BARREL,False
2019-04-22,BRENT_CRUDE,BRENT_CRUDE,70.71,,,,alpha_vantage,BRENT,benchmark_spot,USD,USD_PER_BARREL,False
2019-04-23,BRENT_CRUDE,BRENT_CRUDE,74.39,,,,alpha_vantage,BRENT,benchmark_spot,USD,USD_PER_BARREL,False
2019-04-24,BRENT_CRUDE,BRENT_CRUDE,73.59,,,,alpha_vantage,BRENT,benchmark_spot,USD,USD_PER_BARREL,False
2019-04-25,BRENT_CRUDE,BRENT_CRUDE,74.94,,,,alpha_vantage,BRENT,benchmark_spot,USD,USD_PER_BARREL,False
2019-04-26,BRENT_CRUDE,BRENT_CRUDE,71.03,,,,alpha_vantage,BRENT,benchmark_spot,USD,USD_PER_BARREL,False
2019-04-29,BRENT_CRUDE,BRENT_CRUDE,71.22,,,,alpha_vantage,BRENT,benchmark_spot,USD,USD_PER_BARREL,False
2019-04-30,BRENT_CRUDE,BRENT_CRUDE,72.19,,,,alpha_vantage,BRENT,benchmark_spot,USD,USD_PER_BARREL,False
2019-05-01,BRENT_CRUDE,BRENT_CRUDE,72.01,,,,alpha_vantage,BRENT,benchmark_spot,USD,USD_PER_BARREL,False
2019-05-02,BRENT_CRUDE,BRENT_CRUDE,70.56,,,,alpha_vantage,BRENT,benchmark_spot,USD,USD_PER_BARREL,False
2019-05-03,BRENT_CRUDE,BRENT_CRUDE,71.95,,,,alpha_vantage,BRENT,benchmark_spot,USD,USD_PER_BARREL,False
2019-05-06,BRENT_CRUDE,BRENT_CRUDE,71.95,,,,alpha_vantage,BRENT,benchmark_spot,USD,USD_PER_BARREL,False
2019-05-07,BRENT_CRUDE,BRENT_CRUDE,70.98,,,,alpha_vantage,BRENT,benchmark_spot,USD,USD_PER_BARREL,False
2019-05-08,BRENT_CRUDE,BRENT_CRUDE,71.09,,,,alpha_vantage,BRENT,benchmark_spot,USD,USD_PER_BARREL,False
2019-05-09,BRENT_CRUDE,BRENT_CRUDE,70.61,,,,alpha_vantage,BRENT,benchmark_spot,USD,USD_PER_BARREL,False
2019-05-10,BRENT_CRUDE,BRENT_CRUDE,71.63,,,,alpha_vantage,BRENT,benchmark_spot,USD,USD_PER_BARREL,False
2019-05-13,BRENT_CRUDE,BRENT_CRUDE,72.35,,,,alpha_vantage,BRENT,benchmark_spot,USD,USD_PER_BARREL,False
2019-05-14,BRENT_CRUDE,BRENT_CRUDE,72.53,,,,alpha_vantage,BRENT,benchmark_spot,USD,USD_PER_BARREL,False
2019-05-15,BRENT_CRUDE,BRENT_CRUDE,73.09,,,,alpha_vantage,BRENT,benchmark_spot,USD,USD_PER_BARREL,False
2019-05-16,BRENT_CRUDE,BRENT_CRUDE,74.7,,,,alpha_vantage,BRENT,benchmark_spot,USD,USD_PER_BARREL,False
2019-05-17,BRENT_CRUDE,BRENT_CRUDE,73.94,,,,alpha_vantage,BRENT,benchmark_spot,USD,USD_PER_BARREL,False
2019-05-20,BRENT_CRUDE,BRENT_CRUDE,73.21,,,,alpha_vantage,BRENT,benchmark_spot,USD,USD_PER_BARREL,False
2019-05-21,BRENT_CRUDE,BRENT_CRUDE,72.94,,,,alpha_vantage,BRENT,benchmark_spot,USD,USD_PER_BARREL,False
2019-05-22,BRENT_CRUDE,BRENT_CRUDE,71.94,,,,alpha_vantage,BRENT,benchmark_spot,USD,USD_PER_BARREL,False
2019-05-23,BRENT_CRUDE,BRENT_CRUDE,68.37,,,,alpha_vantage,BRENT,benchmark_spot,USD,USD_PER_BARREL,False
2019-05-24,BRENT_CRUDE,BRENT_CRUDE,67.98,,,,alpha_vantage,BRENT,benchmark_spot,USD,USD_PER_BARREL,False
2019-05-28,BRENT_CRUDE,BRENT_CRUDE,70.19,,,,alpha_vantage,BRENT,benchmark_spot,USD,USD_PER_BARREL,False
2019-05-29,BRENT_CRUDE,BRENT_CRUDE,70.64,,,,alpha_vantage,BRENT,benchmark_spot,USD,USD_PER_BARREL,False
2019-05-30,BRENT_CRUDE,BRENT_CRUDE,69.55,,,,alpha_vantage,BRENT,benchmark_spot,USD,USD_PER_BARREL,False
2019-05-31,BRENT_CRUDE,BRENT_CRUDE,66.78,,,,alpha_vantage,BRENT,benchmark_spot,USD,USD_PER_BARREL,False
2019-06-03,BRENT_CRUDE,BRENT_CRUDE,63.16,,,,alpha_vantage,BRENT,benchmark_spot,USD,USD_PER_BARREL,False
2019-06-04,BRENT_CRUDE,BRENT_CRUDE,63.56,,,,alpha_vantage,BRENT,benchmark_spot,USD,USD_PER_BARREL,False
2019-06-05,BRENT_CRUDE,BRENT_CRUDE,62.14,,,,alpha_vantage,BRENT,benchmark_spot,USD,USD_PER_BARREL,False
2019-06-06,BRENT_CRUDE,BRENT_CRUDE,62.77,,,,alpha_vantage,BRENT,benchmark_spot,USD,USD_PER_BARREL,False
2019-06-07,BRENT_CRUDE,BRENT_CRUDE,64.1,,,,alpha_vantage,BRENT,benchmark_spot,USD,USD_PER_BARREL,False
2019-06-10,BRENT_CRUDE,BRENT_CRUDE,64.31,,,,alpha_vantage,BRENT,benchmark_spot,USD,USD_PER_BARREL,False
2019-06-11,BRENT_CRUDE,BRENT_CRUDE,63.56,,,,alpha_vantage,BRENT,benchmark_spot,USD,USD_PER_BARREL,False
2019-06-12,BRENT_CRUDE,BRENT_CRUDE,61.66,,,,alpha_vantage,BRENT,benchmark_spot,USD,USD_PER_BARREL,False
2019-06-13,BRENT_CRUDE,BRENT_CRUDE,63.28,,,,alpha_vantage,BRENT,benchmark_spot,USD,USD_PER_BARREL,False
2019-06-14,BRENT_CRUDE,BRENT_CRUDE,63.13,,,,alpha_vantage,BRENT,benchmark_spot,USD,USD_PER_BARREL,False
2019-06-17,BRENT_CRUDE,BRENT_CRUDE,62.56,,,,alpha_vantage,BRENT,benchmark_spot,USD,USD_PER_BARREL,False
2019-06-18,BRENT_CRUDE,BRENT_CRUDE,63.35,,,,alpha_vantage,BRENT,benchmark_spot,USD,USD_PER_BARREL,False
2019-06-19,BRENT_CRUDE,BRENT_CRUDE,62.85,,,,alpha_vantage,BRENT,benchmark_spot,USD,USD_PER_BARREL,False
2019-06-20,BRENT_CRUDE,BRENT_CRUDE,65.44,,,,alpha_vantage,BRENT,benchmark_spot,USD,USD_PER_BARREL,False
2019-06-21,BRENT_CRUDE,BRENT_CRUDE,65.99,,,,alpha_vantage,BRENT,benchmark_spot,USD,USD_PER_BARREL,False
2019-06-24,BRENT_CRUDE,BRENT_CRUDE,65.16,,,,alpha_vantage,BRENT,benchmark_spot,USD,USD_PER_BARREL,False
2019-06-25,BRENT_CRUDE,BRENT_CRUDE,66.24,,,,alpha_vantage,BRENT,benchmark_spot,USD,USD_PER_BARREL,False
2019-06-26,BRENT_CRUDE,BRENT_CRUDE,66.85,,,,alpha_vantage,BRENT,benchmark_spot,USD,USD_PER_BARREL,False
2019-06-27,BRENT_CRUDE,BRENT_CRUDE,66.78,,,,alpha_vantage,BRENT,benchmark_spot,USD,USD_PER_BARREL,False
2019-06-28,BRENT_CRUDE,BRENT_CRUDE,67.52,,,,alpha_vantage,BRENT,benchmark_spot,USD,USD_PER_BARREL,False
2019-07-01,BRENT_CRUDE,BRENT_CRUDE,65.1,,,,alpha_vantage,BRENT,benchmark_spot,USD,USD_PER_BARREL,False
2019-07-02,BRENT_CRUDE,BRENT_CRUDE,62.72,,,,alpha_vantage,BRENT,benchmark_spot,USD,USD_PER_BARREL,False
2019-07-03,BRENT_CRUDE,BRENT_CRUDE,63.53,,,,alpha_vantage,BRENT,benchmark_spot,USD,USD_PER_BARREL,False
2019-07-04,BRENT_CRUDE,BRENT_CRUDE,63.62,,,,alpha_vantage,BRENT,benchmark_spot,USD,USD_PER_BARREL,False
2019-07-05,BRENT_CRUDE,BRENT_CRUDE,64.23,,,,alpha_vantage,BRENT,benchmark_spot,USD,USD_PER_BARREL,False
2019-07-08,BRENT_CRUDE,BRENT_CRUDE,64.89,,,,alpha_vantage,BRENT,benchmark_spot,USD,USD_PER_BARREL,False
2019-07-09,BRENT_CRUDE,BRENT_CRUDE,64.3,,,,alpha_vantage,BRENT,benchmark_spot,USD,USD_PER_BARREL,False
2019-07-10,BRENT_CRUDE,BRENT_CRUDE,66.41,,,,alpha_vantage,BRENT,benchmark_spot,USD,USD_PER_BARREL,False
2019-07-11,BRENT_CRUDE,BRENT_CRUDE,67.64,,,,alpha_vantage,BRENT,benchmark_spot,USD,USD_PER_BARREL,False
2019-07-12,BRENT_CRUDE,BRENT_CRUDE,66.65,,,,alpha_vantage,BRENT,benchmark_spot,USD,USD_PER_BARREL,False
2019-07-15,BRENT_CRUDE,BRENT_CRUDE,66.86,,,,alpha_vantage,BRENT,benchmark_spot,USD,USD_PER_BARREL,False
2019-07-16,BRENT_CRUDE,BRENT_CRUDE,65.87,,,,alpha_vantage,BRENT,benchmark_spot,USD,USD_PER_BARREL,False
2019-07-17,BRENT_CRUDE,BRENT_CRUDE,63.67,,,,alpha_vantage,BRENT,benchmark_spot,USD,USD_PER_BARREL,False
2019-07-18,BRENT_CRUDE,BRENT_CRUDE,60.7,,,,alpha_vantage,BRENT,benchmark_spot,USD,USD_PER_BARREL,False
2019-07-19,BRENT_CRUDE,BRENT_CRUDE,61.04,,,,alpha_vantage,BRENT,benchmark_spot,USD,USD_PER_BARREL,False
2019-07-22,BRENT_CRUDE,BRENT_CRUDE,61.96,,,,alpha_vantage,BRENT,benchmark_spot,USD,USD_PER_BARREL,False
2019-07-23,BRENT_CRUDE,BRENT_CRUDE,62.28,,,,alpha_vantage,BRENT,benchmark_spot,USD,USD_PER_BARREL,False
2019-07-24,BRENT_CRUDE,BRENT_CRUDE,63.83,,,,alpha_vantage,BRENT,benchmark_spot,USD,USD_PER_BARREL,False
2019-07-25,BRENT_CRUDE,BRENT_CRUDE,63.47,,,,alpha_vantage,BRENT,benchmark_spot,USD,USD_PER_BARREL,False
2019-07-26,BRENT_CRUDE,BRENT_CRUDE,62.46,,,,alpha_vantage,BRENT,benchmark_spot,USD,USD_PER_BARREL,False
2019-07-29,BRENT_CRUDE,BRENT_CRUDE,62.29,,,,alpha_vantage,BRENT,benchmark_spot,USD,USD_PER_BARREL,False
2019-07-30,BRENT_CRUDE,BRENT_CRUDE,62.55,,,,alpha_vantage,BRENT,benchmark_spot,USD,USD_PER_BARREL,False
2019-07-31,BRENT_CRUDE,BRENT_CRUDE,64.07,,,,alpha_vantage,BRENT,benchmark_spot,USD,USD_PER_BARREL,False
2019-08-01,BRENT_CRUDE,BRENT_CRUDE,62.9,,,,alpha_vantage,BRENT,benchmark_spot,USD,USD_PER_BARREL,False
2019-08-02,BRENT_CRUDE,BRENT_CRUDE,61.12,,,,alpha_vantage,BRENT,benchmark_spot,USD,USD_PER_BARREL,False
2019-08-05,BRENT_CRUDE,BRENT_CRUDE,59.32,,,,alpha_vantage,BRENT,benchmark_spot,USD,USD_PER_BARREL,False
2019-08-06,BRENT_CRUDE,BRENT_CRUDE,58.63,,,,alpha_vantage,BRENT,benchmark_spot,USD,USD_PER_BARREL,False
2019-08-07,BRENT_CRUDE,BRENT_CRUDE,55.03,,,,alpha_vantage,BRENT,benchmark_spot,USD,USD_PER_BARREL,False
2019-08-08,BRENT_CRUDE,BRENT_CRUDE,56.29,,,,alpha_vantage,BRENT,benchmark_spot,USD,USD_PER_BARREL,False
2019-08-09,BRENT_CRUDE,BRENT_CRUDE,57.37,,,,alpha_vantage,BRENT,benchmark_spot,USD,USD_PER_BARREL,False
2019-08-12,BRENT_CRUDE,BRENT_CRUDE,57.13,,,,alpha_vantage,BRENT,benchmark_spot,USD,USD_PER_BARREL,False
2019-08-13,BRENT_CRUDE,BRENT_CRUDE,59.9,,,,alpha_vantage,BRENT,benchmark_spot,USD,USD_PER_BARREL,False
2019-08-14,BRENT_CRUDE,BRENT_CRUDE,57.86,,,,alpha_vantage,BRENT,benchmark_spot,USD,USD_PER_BARREL,False
2019-08-15,BRENT_CRUDE,BRENT_CRUDE,57.37,,,,alpha_vantage,BRENT,benchmark_spot,USD,USD_PER_BARREL,False
2019-08-16,BRENT_CRUDE,BRENT_CRUDE,59.0,,,,alpha_vantage,BRENT,benchmark_spot,USD,USD_PER_BARREL,False
2019-08-19,BRENT_CRUDE,BRENT_CRUDE,59.79,,,,alpha_vantage,BRENT,benchmark_spot,USD,USD_PER_BARREL,False
2019-08-20,BRENT_CRUDE,BRENT_CRUDE,59.03,,,,alpha_vantage,BRENT,benchmark_spot,USD,USD_PER_BARREL,False
2019-08-21,BRENT_CRUDE,BRENT_CRUDE,60.6,,,,alpha_vantage,BRENT,benchmark_spot,USD,USD_PER_BARREL,False
2019-08-22,BRENT_CRUDE,BRENT_CRUDE,59.81,,,,alpha_vantage,BRENT,benchmark_spot,USD,USD_PER_BARREL,False
2019-08-23,BRENT_CRUDE,BRENT_CRUDE,58.64,,,,alpha_vantage,BRENT,benchmark_spot,USD,USD_PER_BARREL,False
2019-08-26,BRENT_CRUDE,BRENT_CRUDE,58.64,,,,alpha_vantage,BRENT,benchmark_spot,USD,USD_PER_BARREL,False
2019-08-27,BRENT_CRUDE,BRENT_CRUDE,58.44,,,,alpha_vantage,BRENT,benchmark_spot,USD,USD_PER_BARREL,False
2019-08-28,BRENT_CRUDE,BRENT_CRUDE,60.42,,,,alpha_vantage,BRENT,benchmark_spot,USD,USD_PER_BARREL,False
2019-08-29,BRENT_CRUDE,BRENT_CRUDE,60.59,,,,alpha_vantage,BRENT,benchmark_spot,USD,USD_PER_BARREL,False
2019-08-30,BRENT_CRUDE,BRENT_CRUDE,61.04,,,,alpha_vantage,BRENT,benchmark_spot,USD,USD_PER_BARREL,False
2019-09-02,BRENT_CRUDE,BRENT_CRUDE,58.55,,,,alpha_vantage,BRENT,benchmark_spot,USD,USD_PER_BARREL,False
2019-09-03,BRENT_CRUDE,BRENT_CRUDE,57.93,,,,alpha_vantage,BRENT,benchmark_spot,USD,USD_PER_BARREL,False
2019-09-04,BRENT_CRUDE,BRENT_CRUDE,60.68,,,,alpha_vantage,BRENT,benchmark_spot,USD,USD_PER_BARREL,False
2019-09-05,BRENT_CRUDE,BRENT_CRUDE,62.7,,,,alpha_vantage,BRENT,benchmark_spot,USD,USD_PER_BARREL,False
2019-09-06,BRENT_CRUDE,BRENT_CRUDE,61.28,,,,alpha_vantage,BRENT,benchmark_spot,USD,USD_PER_BARREL,False
2019-09-09,BRENT_CRUDE,BRENT_CRUDE,63.99,,,,alpha_vantage,BRENT,benchmark_spot,USD,USD_PER_BARREL,False
2019-09-10,BRENT_CRUDE,BRENT_CRUDE,64.67,,,,alpha_vantage,BRENT,benchmark_spot,USD,USD_PER_BARREL,False
2019-09-11,BRENT_CRUDE,BRENT_CRUDE,63.02,,,,alpha_vantage,BRENT,benchmark_spot,USD,USD_PER_BARREL,False
2019-09-12,BRENT_CRUDE,BRENT_CRUDE,60.76,,,,alpha_vantage,BRENT,benchmark_spot,USD,USD_PER_BARREL,False
2019-09-13,BRENT_CRUDE,BRENT_CRUDE,61.25,,,,alpha_vantage,BRENT,benchmark_spot,USD,USD_PER_BARREL,False
2019-09-16,BRENT_CRUDE,BRENT_CRUDE,68.42,,,,alpha_vantage,BRENT,benchmark_spot,USD,USD_PER_BARREL,False
2019-09-17,BRENT_CRUDE,BRENT_CRUDE,65.59,,,,alpha_vantage,BRENT,benchmark_spot,USD,USD_PER_BARREL,False
2019-09-18,BRENT_CRUDE,BRENT_CRUDE,64.29,,,,alpha_vantage,BRENT,benchmark_spot,USD,USD_PER_BARREL,False
2019-09-19,BRENT_CRUDE,BRENT_CRUDE,64.25,,,,alpha_vantage,BRENT,benchmark_spot,USD,USD_PER_BARREL,False
2019-09-20,BRENT_CRUDE,BRENT_CRUDE,65.23,,,,alpha_vantage,BRENT,benchmark_spot,USD,USD_PER_BARREL,False
2019-09-23,BRENT_CRUDE,BRENT_CRUDE,64.66,,,,alpha_vantage,BRENT,benchmark_spot,USD,USD_PER_BARREL,False
2019-09-24,BRENT_CRUDE,BRENT_CRUDE,64.13,,,,alpha_vantage,BRENT,benchmark_spot,USD,USD_PER_BARREL,False
2019-09-25,BRENT_CRUDE,BRENT_CRUDE,62.41,,,,alpha_vantage,BRENT,benchmark_spot,USD,USD_PER_BARREL,False
2019-09-26,BRENT_CRUDE,BRENT_CRUDE,62.08,,,,alpha_vantage,BRENT,benchmark_spot,USD,USD_PER_BARREL,False
2019-09-27,BRENT_CRUDE,BRENT_CRUDE,62.48,,,,alpha_vantage,BRENT,benchmark_spot,USD,USD_PER_BARREL,False
2019-09-30,BRENT_CRUDE,BRENT_CRUDE,60.99,,,,alpha_vantage,BRENT,benchmark_spot,USD,USD_PER_BARREL,False
2019-10-01,BRENT_CRUDE,BRENT_CRUDE,60.06,,,,alpha_vantage,BRENT,benchmark_spot,USD,USD_PER_BARREL,False
2019-10-02,BRENT_CRUDE,BRENT_CRUDE,57.92,,,,alpha_vantage,BRENT,benchmark_spot,USD,USD_PER_BARREL,False
2019-10-03,BRENT_CRUDE,BRENT_CRUDE,58.01,,,,alpha_vantage,BRENT,benchmark_spot,USD,USD_PER_BARREL,False
2019-10-04,BRENT_CRUDE,BRENT_CRUDE,59.13,,,,alpha_vantage,BRENT,benchmark_spot,USD,USD_PER_BARREL,False
2019-10-07,BRENT_CRUDE,BRENT_CRUDE,59.46,,,,alpha_vantage,BRENT,benchmark_spot,USD,USD_PER_BARREL,False
2019-10-08,BRENT_CRUDE,BRENT_CRUDE,58.14,,,,alpha_vantage,BRENT,benchmark_spot,USD,USD_PER_BARREL,False
2019-10-09,BRENT_CRUDE,BRENT_CRUDE,59.7,,,,alpha_vantage,BRENT,benchmark_spot,USD,USD_PER_BARREL,False
2019-10-10,BRENT_CRUDE,BRENT_CRUDE,59.08,,,,alpha_vantage,BRENT,benchmark_spot,USD,USD_PER_BARREL,False
2019-10-11,BRENT_CRUDE,BRENT_CRUDE,60.59,,,,alpha_vantage,BRENT,benchmark_spot,USD,USD_PER_BARREL,False
2019-10-14,BRENT_CRUDE,BRENT_CRUDE,58.81,,,,alpha_vantage,BRENT,benchmark_spot,USD,USD_PER_BARREL,False
2019-10-15,BRENT_CRUDE,BRENT_CRUDE,59.19,,,,alpha_vantage,BRENT,benchmark_spot,USD,USD_PER_BARREL,False
2019-10-16,BRENT_CRUDE,BRENT_CRUDE,59.3,,,,alpha_vantage,BRENT,benchmark_spot,USD,USD_PER_BARREL,False
2019-10-17,BRENT_CRUDE,BRENT_CRUDE,59.35,,,,alpha_vantage,BRENT,benchmark_spot,USD,USD_PER_BARREL,False
2019-10-18,BRENT_CRUDE,BRENT_CRUDE,59.96,,,,alpha_vantage,BRENT,benchmark_spot,USD,USD_PER_BARREL,False
2019-10-21,BRENT_CRUDE,BRENT_CRUDE,58.95,,,,alpha_vantage,BRENT,benchmark_spot,USD,USD_PER_BARREL,False
2019-10-22,BRENT_CRUDE,BRENT_CRUDE,60.5,,,,alpha_vantage,BRENT,benchmark_spot,USD,USD_PER_BARREL,False
2019-10-23,BRENT_CRUDE,BRENT_CRUDE,60.52,,,,alpha_vantage,BRENT,benchmark_spot,USD,USD_PER_BARREL,False
2019-10-24,BRENT_CRUDE,BRENT_CRUDE,61.71,,,,alpha_vantage,BRENT,benchmark_spot,USD,USD_PER_BARREL,False
2019-10-25,BRENT_CRUDE,BRENT_CRUDE,62.06,,,,alpha_vantage,BRENT,benchmark_spot,USD,USD_PER_BARREL,False
2019-10-28,BRENT_CRUDE,BRENT_CRUDE,60.39,,,,alpha_vantage,BRENT,benchmark_spot,USD,USD_PER_BARREL,False
2019-10-29,BRENT_CRUDE,BRENT_CRUDE,61.05,,,,alpha_vantage,BRENT,benchmark_spot,USD,USD_PER_BARREL,False
2019-10-30,BRENT_CRUDE,BRENT_CRUDE,60.22,,,,alpha_vantage,BRENT,benchmark_spot,USD,USD_PER_BARREL,False
2019-10-31,BRENT_CRUDE,BRENT_CRUDE,59.3,,,,alpha_vantage,BRENT,benchmark_spot,USD,USD_PER_BARREL,False
2019-11-01,BRENT_CRUDE,BRENT_CRUDE,60.17,,,,alpha_vantage,BRENT,benchmark_spot,USD,USD_PER_BARREL,False
2019-11-04,BRENT_CRUDE,BRENT_CRUDE,62.52,,,,alpha_vantage,BRENT,benchmark_spot,USD,USD_PER_BARREL,False
2019-11-05,BRENT_CRUDE,BRENT_CRUDE,62.72,,,,alpha_vantage,BRENT,benchmark_spot,USD,USD_PER_BARREL,False
2019-11-06,BRENT_CRUDE,BRENT_CRUDE,62.11,,,,alpha_vantage,BRENT,benchmark_spot,USD,USD_PER_BARREL,False
2019-11-07,BRENT_CRUDE,BRENT_CRUDE,62.6,,,,alpha_vantage,BRENT,benchmark_spot,USD,USD_PER_BARREL,False
2019-11-08,BRENT_CRUDE,BRENT_CRUDE,62.0,,,,alpha_vantage,BRENT,benchmark_spot,USD,USD_PER_BARREL,False
2019-11-11,BRENT_CRUDE,BRENT_CRUDE,62.58,,,,alpha_vantage,BRENT,benchmark_spot,USD,USD_PER_BARREL,False
2019-11-12,BRENT_CRUDE,BRENT_CRUDE,62.19,,,,alpha_vantage,BRENT,benchmark_spot,USD,USD_PER_BARREL,False
2019-11-13,BRENT_CRUDE,BRENT_CRUDE,62.27,,,,alpha_vantage,BRENT,benchmark_spot,USD,USD_PER_BARREL,False
2019-11-14,BRENT_CRUDE,BRENT_CRUDE,62.46,,,,alpha_vantage,BRENT,benchmark_spot,USD,USD_PER_BARREL,False
2019-11-15,BRENT_CRUDE,BRENT_CRUDE,63.32,,,,alpha_vantage,BRENT,benchmark_spot,USD,USD_PER_BARREL,False
2019-11-18,BRENT_CRUDE,BRENT_CRUDE,62.82,,,,alpha_vantage,BRENT,benchmark_spot,USD,USD_PER_BARREL,False
2019-11-19,BRENT_CRUDE,BRENT_CRUDE,62.37,,,,alpha_vantage,BRENT,benchmark_spot,USD,USD_PER_BARREL,False
2019-11-20,BRENT_CRUDE,BRENT_CRUDE,63.8,,,,alpha_vantage,BRENT,benchmark_spot,USD,USD_PER_BARREL,False
2019-11-21,BRENT_CRUDE,BRENT_CRUDE,64.99,,,,alpha_vantage,BRENT,benchmark_spot,USD,USD_PER_BARREL,False
2019-11-22,BRENT_CRUDE,BRENT_CRUDE,64.83,,,,alpha_vantage,BRENT,benchmark_spot,USD,USD_PER_BARREL,False
2019-11-25,BRENT_CRUDE,BRENT_CRUDE,64.67,,,,alpha_vantage,BRENT,benchmark_spot,USD,USD_PER_BARREL,False
2019-11-26,BRENT_CRUDE,BRENT_CRUDE,64.82,,,,alpha_vantage,BRENT,benchmark_spot,USD,USD_PER_BARREL,False
2019-11-27,BRENT_CRUDE,BRENT_CRUDE,65.03,,,,alpha_vantage,BRENT,benchmark_spot,USD,USD_PER_BARREL,False
2019-11-28,BRENT_CRUDE,BRENT_CRUDE,64.68,,,,alpha_vantage,BRENT,benchmark_spot,USD,USD_PER_BARREL,False
2019-11-29,BRENT_CRUDE,BRENT_CRUDE,64.5,,,,alpha_vantage,BRENT,benchmark_spot,USD,USD_PER_BARREL,False
2019-12-02,BRENT_CRUDE,BRENT_CRUDE,63.2,,,,alpha_vantage,BRENT,benchmark_spot,USD,USD_PER_BARREL,False
2019-12-03,BRENT_CRUDE,BRENT_CRUDE,62.95,,,,alpha_vantage,BRENT,benchmark_spot,USD,USD_PER_BARREL,False
2019-12-04,BRENT_CRUDE,BRENT_CRUDE,65.25,,,,alpha_vantage,BRENT,benchmark_spot,USD,USD_PER_BARREL,False
2019-12-05,BRENT_CRUDE,BRENT_CRUDE,65.67,,,,alpha_vantage,BRENT,benchmark_spot,USD,USD_PER_BARREL,False
2019-12-06,BRENT_CRUDE,BRENT_CRUDE,66.5,,,,alpha_vantage,BRENT,benchmark_spot,USD,USD_PER_BARREL,False
2019-12-09,BRENT_CRUDE,BRENT_CRUDE,66.44,,,,alpha_vantage,BRENT,benchmark_spot,USD,USD_PER_BARREL,False
2019-12-10,BRENT_CRUDE,BRENT_CRUDE,66.57,,,,alpha_vantage,BRENT,benchmark_spot,USD,USD_PER_BARREL,False
2019-12-11,BRENT_CRUDE,BRENT_CRUDE,65.37,,,,alpha_vantage,BRENT,benchmark_spot,USD,USD_PER_BARREL,False
2019-12-12,BRENT_CRUDE,BRENT_CRUDE,66.67,,,,alpha_vantage,BRENT,benchmark_spot,USD,USD_PER_BARREL,False
2019-12-13,BRENT_CRUDE,BRENT_CRUDE,67.44,,,,alpha_vantage,BRENT,benchmark_spot,USD,USD_PER_BARREL,False
2019-12-16,BRENT_CRUDE,BRENT_CRUDE,68.04,,,,alpha_vantage,BRENT,benchmark_spot,USD,USD_PER_BARREL,False
2019-12-17,BRENT_CRUDE,BRENT_CRUDE,68.99,,,,alpha_vantage,BRENT,benchmark_spot,USD,USD_PER_BARREL,False
2019-12-18,BRENT_CRUDE,BRENT_CRUDE,69.12,,,,alpha_vantage,BRENT,benchmark_spot,USD,USD_PER_BARREL,False
2019-12-19,BRENT_CRUDE,BRENT_CRUDE,69.7,,,,alpha_vantage,BRENT,benchmark_spot,USD,USD_PER_BARREL,False
2019-12-20,BRENT_CRUDE,BRENT_CRUDE,68.66,,,,alpha_vantage,BRENT,benchmark_spot,USD,USD_PER_BARREL,False
2019-12-23,BRENT_CRUDE,BRENT_CRUDE,67.49,,,,alpha_vantage,BRENT,benchmark_spot,USD,USD_PER_BARREL,False
2019-12-24,BRENT_CRUDE,BRENT_CRUDE,69.26,,,,alpha_vantage,BRENT,benchmark_spot,USD,USD_PER_BARREL,False
2019-12-26,BRENT_CRUDE,BRENT_CRUDE,69.26,,,,alpha_vantage,BRENT,benchmark_spot,USD,USD_PER_BARREL,False
2019-12-27,BRENT_CRUDE,BRENT_CRUDE,68.91,,,,alpha_vantage,BRENT,benchmark_spot,USD,USD_PER_BARREL,False
2019-12-30,BRENT_CRUDE,BRENT_CRUDE,68.3,,,,alpha_vantage,BRENT,benchmark_spot,USD,USD_PER_BARREL,False
2019-12-31,BRENT_CRUDE,BRENT_CRUDE,67.77,,,,alpha_vantage,BRENT,benchmark_spot,USD,USD_PER_BARREL,False
2020-01-02,BRENT_CRUDE,BRENT_CRUDE,67.05,,,,alpha_vantage,BRENT,benchmark_spot,USD,USD_PER_BARREL,False
2020-01-03,BRENT_CRUDE,BRENT_CRUDE,69.08,,,,alpha_vantage,BRENT,benchmark_spot,USD,USD_PER_BARREL,False
2020-01-06,BRENT_CRUDE,BRENT_CRUDE,70.25,,,,alpha_vantage,BRENT,benchmark_spot,USD,USD_PER_BARREL,False
2020-01-07,BRENT_CRUDE,BRENT_CRUDE,68.74,,,,alpha_vantage,BRENT,benchmark_spot,USD,USD_PER_BARREL,False
2020-01-08,BRENT_CRUDE,BRENT_CRUDE,67.31,,,,alpha_vantage,BRENT,benchmark_spot,USD,USD_PER_BARREL,False
2020-01-09,BRENT_CRUDE,BRENT_CRUDE,66.58,,,,alpha_vantage,BRENT,benchmark_spot,USD,USD_PER_BARREL,False
2020-01-10,BRENT_CRUDE,BRENT_CRUDE,66.77,,,,alpha_vantage,BRENT,benchmark_spot,USD,USD_PER_BARREL,False
2020-01-13,BRENT_CRUDE,BRENT_CRUDE,64.14,,,,alpha_vantage,BRENT,benchmark_spot,USD,USD_PER_BARREL,False
2020-01-14,BRENT_CRUDE,BRENT_CRUDE,64.45,,,,alpha_vantage,BRENT,benchmark_spot,USD,USD_PER_BARREL,False
2020-01-15,BRENT_CRUDE,BRENT_CRUDE,63.29,,,,alpha_vantage,BRENT,benchmark_spot,USD,USD_PER_BARREL,False
2020-01-16,BRENT_CRUDE,BRENT_CRUDE,64.63,,,,alpha_vantage,BRENT,benchmark_spot,USD,USD_PER_BARREL,False
2020-01-17,BRENT_CRUDE,BRENT_CRUDE,64.05,,,,alpha_vantage,BRENT,benchmark_spot,USD,USD_PER_BARREL,False
2020-01-20,BRENT_CRUDE,BRENT_CRUDE,64.63,,,,alpha_vantage,BRENT,benchmark_spot,USD,USD_PER_BARREL,False
2020-01-21,BRENT_CRUDE,BRENT_CRUDE,63.66,,,,alpha_vantage,BRENT,benchmark_spot,USD,USD_PER_BARREL,False
2020-01-22,BRENT_CRUDE,BRENT_CRUDE,62.11,,,,alpha_vantage,BRENT,benchmark_spot,USD,USD_PER_BARREL,False
2020-01-23,BRENT_CRUDE,BRENT_CRUDE,61.26,,,,alpha_vantage,BRENT,benchmark_spot,USD,USD_PER_BARREL,False
2020-01-24,BRENT_CRUDE,BRENT_CRUDE,59.34,,,,alpha_vantage,BRENT,benchmark_spot,USD,USD_PER_BARREL,False
2020-01-27,BRENT_CRUDE,BRENT_CRUDE,58.54,,,,alpha_vantage,BRENT,benchmark_spot,USD,USD_PER_BARREL,False
2020-01-28,BRENT_CRUDE,BRENT_CRUDE,59.37,,,,alpha_vantage,BRENT,benchmark_spot,USD,USD_PER_BARREL,False
2020-01-29,BRENT_CRUDE,BRENT_CRUDE,59.46,,,,alpha_vantage,BRENT,benchmark_spot,USD,USD_PER_BARREL,False
2020-01-30,BRENT_CRUDE,BRENT_CRUDE,57.72,,,,alpha_vantage,BRENT,benchmark_spot,USD,USD_PER_BARREL,False
2020-01-31,BRENT_CRUDE,BRENT_CRUDE,57.77,,,,alpha_vantage,BRENT,benchmark_spot,USD,USD_PER_BARREL,False
2020-02-03,BRENT_CRUDE,BRENT_CRUDE,54.0,,,,alpha_vantage,BRENT,benchmark_spot,USD,USD_PER_BARREL,False
2020-02-04,BRENT_CRUDE,BRENT_CRUDE,53.9,,,,alpha_vantage,BRENT,benchmark_spot,USD,USD_PER_BARREL,False
2020-02-05,BRENT_CRUDE,BRENT_CRUDE,55.36,,,,alpha_vantage,BRENT,benchmark_spot,USD,USD_PER_BARREL,False
2020-02-06,BRENT_CRUDE,BRENT_CRUDE,55.18,,,,alpha_vantage,BRENT,benchmark_spot,USD,USD_PER_BARREL,False
2020-02-07,BRENT_CRUDE,BRENT_CRUDE,54.53,,,,alpha_vantage,BRENT,benchmark_spot,USD,USD_PER_BARREL,False
2020-02-10,BRENT_CRUDE,BRENT_CRUDE,53.39,,,,alpha_vantage,BRENT,benchmark_spot,USD,USD_PER_BARREL,False
2020-02-11,BRENT_CRUDE,BRENT_CRUDE,54.0,,,,alpha_vantage,BRENT,benchmark_spot,USD,USD_PER_BARREL,False
2020-02-12,BRENT_CRUDE,BRENT_CRUDE,55.54,,,,alpha_vantage,BRENT,benchmark_spot,USD,USD_PER_BARREL,False
2020-02-13,BRENT_CRUDE,BRENT_CRUDE,56.34,,,,alpha_vantage,BRENT,benchmark_spot,USD,USD_PER_BARREL,False
2020-02-14,BRENT_CRUDE,BRENT_CRUDE,57.37,,,,alpha_vantage,BRENT,benchmark_spot,USD,USD_PER_BARREL,False
2020-02-17,BRENT_CRUDE,BRENT_CRUDE,57.83,,,,alpha_vantage,BRENT,benchmark_spot,USD,USD_PER_BARREL,False
2020-02-18,BRENT_CRUDE,BRENT_CRUDE,57.35,,,,alpha_vantage,BRENT,benchmark_spot,USD,USD_PER_BARREL,False
2020-02-19,BRENT_CRUDE,BRENT_CRUDE,59.72,,,,alpha_vantage,BRENT,benchmark_spot,USD,USD_PER_BARREL,False
2020-02-20,BRENT_CRUDE,BRENT_CRUDE,59.57,,,,alpha_vantage,BRENT,benchmark_spot,USD,USD_PER_BARREL,False
2020-02-21,BRENT_CRUDE,BRENT_CRUDE,58.6,,,,alpha_vantage,BRENT,benchmark_spot,USD,USD_PER_BARREL,False
2020-02-24,BRENT_CRUDE,BRENT_CRUDE,56.71,,,,alpha_vantage,BRENT,benchmark_spot,USD,USD_PER_BARREL,False
2020-02-25,BRENT_CRUDE,BRENT_CRUDE,55.29,,,,alpha_vantage,BRENT,benchmark_spot,USD,USD_PER_BARREL,False
2020-02-26,BRENT_CRUDE,BRENT_CRUDE,54.96,,,,alpha_vantage,BRENT,benchmark_spot,USD,USD_PER_BARREL,False
2020-02-27,BRENT_CRUDE,BRENT_CRUDE,52.19,,,,alpha_vantage,BRENT,benchmark_spot,USD,USD_PER_BARREL,False
2020-02-28,BRENT_CRUDE,BRENT_CRUDE,51.31,,,,alpha_vantage,BRENT,benchmark_spot,USD,USD_PER_BARREL,False
2020-03-02,BRENT_CRUDE,BRENT_CRUDE,52.52,,,,alpha_vantage,BRENT,benchmark_spot,USD,USD_PER_BARREL,False
2020-03-03,BRENT_CRUDE,BRENT_CRUDE,52.24,,,,alpha_vantage,BRENT,benchmark_spot,USD,USD_PER_BARREL,False
2020-03-04,BRENT_CRUDE,BRENT_CRUDE,51.86,,,,alpha_vantage,BRENT,benchmark_spot,USD,USD_PER_BARREL,False
2020-03-05,BRENT_CRUDE,BRENT_CRUDE,51.29,,,,alpha_vantage,BRENT,benchmark_spot,USD,USD_PER_BARREL,False
2020-03-06,BRENT_CRUDE,BRENT_CRUDE,45.6,,,,alpha_vantage,BRENT,benchmark_spot,USD,USD_PER_BARREL,False
2020-03-09,BRENT_CRUDE,BRENT_CRUDE,35.33,,,,alpha_vantage,BRENT,benchmark_spot,USD,USD_PER_BARREL,False
2020-03-10,BRENT_CRUDE,BRENT_CRUDE,35.57,,,,alpha_vantage,BRENT,benchmark_spot,USD,USD_PER_BARREL,False
2020-03-11,BRENT_CRUDE,BRENT_CRUDE,34.45,,,,alpha_vantage,BRENT,benchmark_spot,USD,USD_PER_BARREL,False
2020-03-12,BRENT_CRUDE,BRENT_CRUDE,31.02,,,,alpha_vantage,BRENT,benchmark_spot,USD,USD_PER_BARREL,False
2020-03-13,BRENT_CRUDE,BRENT_CRUDE,32.25,,,,alpha_vantage,BRENT,benchmark_spot,USD,USD_PER_BARREL,False
2020-03-16,BRENT_CRUDE,BRENT_CRUDE,27.98,,,,alpha_vantage,BRENT,benchmark_spot,USD,USD_PER_BARREL,False
2020-03-17,BRENT_CRUDE,BRENT_CRUDE,27.97,,,,alpha_vantage,BRENT,benchmark_spot,USD,USD_PER_BARREL,False
2020-03-18,BRENT_CRUDE,BRENT_CRUDE,22.79,,,,alpha_vantage,BRENT,benchmark_spot,USD,USD_PER_BARREL,False
2020-03-19,BRENT_CRUDE,BRENT_CRUDE,23.98,,,,alpha_vantage,BRENT,benchmark_spot,USD,USD_PER_BARREL,False
2020-03-20,BRENT_CRUDE,BRENT_CRUDE,25.55,,,,alpha_vantage,BRENT,benchmark_spot,USD,USD_PER_BARREL,False
2020-03-23,BRENT_CRUDE,BRENT_CRUDE,23.75,,,,alpha_vantage,BRENT,benchmark_spot,USD,USD_PER_BARREL,False
2020-03-24,BRENT_CRUDE,BRENT_CRUDE,24.5,,,,alpha_vantage,BRENT,benchmark_spot,USD,USD_PER_BARREL,False
2020-03-25,BRENT_CRUDE,BRENT_CRUDE,25.62,,,,alpha_vantage,BRENT,benchmark_spot,USD,USD_PER_BARREL,False
2020-03-26,BRENT_CRUDE,BRENT_CRUDE,23.55,,,,alpha_vantage,BRENT,benchmark_spot,USD,USD_PER_BARREL,False
2020-03-27,BRENT_CRUDE,BRENT_CRUDE,22.39,,,,alpha_vantage,BRENT,benchmark_spot,USD,USD_PER_BARREL,False
2020-03-30,BRENT_CRUDE,BRENT_CRUDE,19.19,,,,alpha_vantage,BRENT,benchmark_spot,USD,USD_PER_BARREL,False
2020-03-31,BRENT_CRUDE,BRENT_CRUDE,14.85,,,,alpha_vantage,BRENT,benchmark_spot,USD,USD_PER_BARREL,False
2020-04-01,BRENT_CRUDE,BRENT_CRUDE,14.97,,,,alpha_vantage,BRENT,benchmark_spot,USD,USD_PER_BARREL,False
2020-04-02,BRENT_CRUDE,BRENT_CRUDE,20.24,,,,alpha_vantage,BRENT,benchmark_spot,USD,USD_PER_BARREL,False
2020-04-03,BRENT_CRUDE,BRENT_CRUDE,24.33,,,,alpha_vantage,BRENT,benchmark_spot,USD,USD_PER_BARREL,False
2020-04-06,BRENT_CRUDE,BRENT_CRUDE,22.58,,,,alpha_vantage,BRENT,benchmark_spot,USD,USD_PER_BARREL,False
2020-04-07,BRENT_CRUDE,BRENT_CRUDE,22.1,,,,alpha_vantage,BRENT,benchmark_spot,USD,USD_PER_BARREL,False
2020-04-08,BRENT_CRUDE,BRENT_CRUDE,25.22,,,,alpha_vantage,BRENT,benchmark_spot,USD,USD_PER_BARREL,False
2020-04-09,BRENT_CRUDE,BRENT_CRUDE,20.23,,,,alpha_vantage,BRENT,benchmark_spot,USD,USD_PER_BARREL,False
2020-04-14,BRENT_CRUDE,BRENT_CRUDE,21.74,,,,alpha_vantage,BRENT,benchmark_spot,USD,USD_PER_BARREL,False
2020-04-15,BRENT_CRUDE,BRENT_CRUDE,19.8,,,,alpha_vantage,BRENT,benchmark_spot,USD,USD_PER_BARREL,False
2020-04-16,BRENT_CRUDE,BRENT_CRUDE,18.69,,,,alpha_vantage,BRENT,benchmark_spot,USD,USD_PER_BARREL,False
2020-04-17,BRENT_CRUDE,BRENT_CRUDE,19.75,,,,alpha_vantage,BRENT,benchmark_spot,USD,USD_PER_BARREL,False
2020-04-20,BRENT_CRUDE,BRENT_CRUDE,17.36,,,,alpha_vantage,BRENT,benchmark_spot,USD,USD_PER_BARREL,False
2020-04-21,BRENT_CRUDE,BRENT_CRUDE,9.12,,,,alpha_vantage,BRENT,benchmark_spot,USD,USD_PER_BARREL,False
2020-04-22,BRENT_CRUDE,BRENT_CRUDE,13.77,,,,alpha_vantage,BRENT,benchmark_spot,USD,USD_PER_BARREL,False
2020-04-23,BRENT_CRUDE,BRENT_CRUDE,15.06,,,,alpha_vantage,BRENT,benchmark_spot,USD,USD_PER_BARREL,False
2020-04-24,BRENT_CRUDE,BRENT_CRUDE,15.87,,,,alpha_vantage,BRENT,benchmark_spot,USD,USD_PER_BARREL,False
2020-04-27,BRENT_CRUDE,BRENT_CRUDE,15.17,,,,alpha_vantage,BRENT,benchmark_spot,USD,USD_PER_BARREL,False
2020-04-28,BRENT_CRUDE,BRENT_CRUDE,15.6,,,,alpha_vantage,BRENT,benchmark_spot,USD,USD_PER_BARREL,False
2020-04-29,BRENT_CRUDE,BRENT_CRUDE,17.86,,,,alpha_vantage,BRENT,benchmark_spot,USD,USD_PER_BARREL,False
2020-04-30,BRENT_CRUDE,BRENT_CRUDE,18.11,,,,alpha_vantage,BRENT,benchmark_spot,USD,USD_PER_BARREL,False
2020-05-01,BRENT_CRUDE,BRENT_CRUDE,18.49,,,,alpha_vantage,BRENT,benchmark_spot,USD,USD_PER_BARREL,False
2020-05-04,BRENT_CRUDE,BRENT_CRUDE,20.4,,,,alpha_vantage,BRENT,benchmark_spot,USD,USD_PER_BARREL,False
2020-05-05,BRENT_CRUDE,BRENT_CRUDE,25.46,,,,alpha_vantage,BRENT,benchmark_spot,USD,USD_PER_BARREL,False
2020-05-06,BRENT_CRUDE,BRENT_CRUDE,24.2,,,,alpha_vantage,BRENT,benchmark_spot,USD,USD_PER_BARREL,False
2020-05-07,BRENT_CRUDE,BRENT_CRUDE,24.23,,,,alpha_vantage,BRENT,benchmark_spot,USD,USD_PER_BARREL,False
2020-05-11,BRENT_CRUDE,BRENT_CRUDE,25.53,,,,alpha_vantage,BRENT,benchmark_spot,USD,USD_PER_BARREL,False
2020-05-12,BRENT_CRUDE,BRENT_CRUDE,26.67,,,,alpha_vantage,BRENT,benchmark_spot,USD,USD_PER_BARREL,False
2020-05-13,BRENT_CRUDE,BRENT_CRUDE,27.89,,,,alpha_vantage,BRENT,benchmark_spot,USD,USD_PER_BARREL,False
2020-05-14,BRENT_CRUDE,BRENT_CRUDE,29.87,,,,alpha_vantage,BRENT,benchmark_spot,USD,USD_PER_BARREL,False
2020-05-15,BRENT_CRUDE,BRENT_CRUDE,30.95,,,,alpha_vantage,BRENT,benchmark_spot,USD,USD_PER_BARREL,False
2020-05-18,BRENT_CRUDE,BRENT_CRUDE,33.3,,,,alpha_vantage,BRENT,benchmark_spot,USD,USD_PER_BARREL,False
2020-05-19,BRENT_CRUDE,BRENT_CRUDE,33.06,,,,alpha_vantage,BRENT,benchmark_spot,USD,USD_PER_BARREL,False
2020-05-20,BRENT_CRUDE,BRENT_CRUDE,34.76,,,,alpha_vantage,BRENT,benchmark_spot,USD,USD_PER_BARREL,False
2020-05-21,BRENT_CRUDE,BRENT_CRUDE,34.78,,,,alpha_vantage,BRENT,benchmark_spot,USD,USD_PER_BARREL,False
2020-05-22,BRENT_CRUDE,BRENT_CRUDE,33.8,,,,alpha_vantage,BRENT,benchmark_spot,USD,USD_PER_BARREL,False
2020-05-26,BRENT_CRUDE,BRENT_CRUDE,33.95,,,,alpha_vantage,BRENT,benchmark_spot,USD,USD_PER_BARREL,False
2020-05-27,BRENT_CRUDE,BRENT_CRUDE,32.73,,,,alpha_vantage,BRENT,benchmark_spot,USD,USD_PER_BARREL,False
2020-05-28,BRENT_CRUDE,BRENT_CRUDE,33.98,,,,alpha_vantage,BRENT,benchmark_spot,USD,USD_PER_BARREL,False
2020-05-29,BRENT_CRUDE,BRENT_CRUDE,34.15,,,,alpha_vantage,BRENT,benchmark_spot,USD,USD_PER_BARREL,False
2020-06-01,BRENT_CRUDE,BRENT_CRUDE,36.74,,,,alpha_vantage,BRENT,benchmark_spot,USD,USD_PER_BARREL,False
2020-06-02,BRENT_CRUDE,BRENT_CRUDE,37.72,,,,alpha_vantage,BRENT,benchmark_spot,USD,USD_PER_BARREL,False
2020-06-03,BRENT_CRUDE,BRENT_CRUDE,37.98,,,,alpha_vantage,BRENT,benchmark_spot,USD,USD_PER_BARREL,False
2020-06-04,BRENT_CRUDE,BRENT_CRUDE,38.41,,,,alpha_vantage,BRENT,benchmark_spot,USD,USD_PER_BARREL,False
2020-06-05,BRENT_CRUDE,BRENT_CRUDE,41.0,,,,alpha_vantage,BRENT,benchmark_spot,USD,USD_PER_BARREL,False
2020-06-08,BRENT_CRUDE,BRENT_CRUDE,39.66,,,,alpha_vantage,BRENT,benchmark_spot,USD,USD_PER_BARREL,False
2020-06-09,BRENT_CRUDE,BRENT_CRUDE,40.45,,,,alpha_vantage,BRENT,benchmark_spot,USD,USD_PER_BARREL,False
2020-06-10,BRENT_CRUDE,BRENT_CRUDE,41.18,,,,alpha_vantage,BRENT,benchmark_spot,USD,USD_PER_BARREL,False
2020-06-11,BRENT_CRUDE,BRENT_CRUDE,37.76,,,,alpha_vantage,BRENT,benchmark_spot,USD,USD_PER_BARREL,False
2020-06-12,BRENT_CRUDE,BRENT_CRUDE,38.54,,,,alpha_vantage,BRENT,benchmark_spot,USD,USD_PER_BARREL,False
2020-06-15,BRENT_CRUDE,BRENT_CRUDE,39.44,,,,alpha_vantage,BRENT,benchmark_spot,USD,USD_PER_BARREL,False
2020-06-16,BRENT_CRUDE,BRENT_CRUDE,40.75,,,,alpha_vantage,BRENT,benchmark_spot,USD,USD_PER_BARREL,False
2020-06-17,BRENT_CRUDE,BRENT_CRUDE,40.47,,,,alpha_vantage,BRENT,benchmark_spot,USD,USD_PER_BARREL,False
2020-06-18,BRENT_CRUDE,BRENT_CRUDE,41.75,,,,alpha_vantage,BRENT,benchmark_spot,USD,USD_PER_BARREL,False
2020-06-19,BRENT_CRUDE,BRENT_CRUDE,42.33,,,,alpha_vantage,BRENT,benchmark_spot,USD,USD_PER_BARREL,False
2020-06-22,BRENT_CRUDE,BRENT_CRUDE,43.2,,,,alpha_vantage,BRENT,benchmark_spot,USD,USD_PER_BARREL,False
2020-06-23,BRENT_CRUDE,BRENT_CRUDE,42.72,,,,alpha_vantage,BRENT,benchmark_spot,USD,USD_PER_BARREL,False
2020-06-24,BRENT_CRUDE,BRENT_CRUDE,40.4,,,,alpha_vantage,BRENT,benchmark_spot,USD,USD_PER_BARREL,False
2020-06-25,BRENT_CRUDE,BRENT_CRUDE,41.18,,,,alpha_vantage,BRENT,benchmark_spot,USD,USD_PER_BARREL,False
2020-06-26,BRENT_CRUDE,BRENT_CRUDE,40.97,,,,alpha_vantage,BRENT,benchmark_spot,USD,USD_PER_BARREL,False
2020-06-29,BRENT_CRUDE,BRENT_CRUDE,41.58,,,,alpha_vantage,BRENT,benchmark_spot,USD,USD_PER_BARREL,False
2020-06-30,BRENT_CRUDE,BRENT_CRUDE,41.64,,,,alpha_vantage,BRENT,benchmark_spot,USD,USD_PER_BARREL,False
2020-07-01,BRENT_CRUDE,BRENT_CRUDE,42.18,,,,alpha_vantage,BRENT,benchmark_spot,USD,USD_PER_BARREL,False
2020-07-02,BRENT_CRUDE,BRENT_CRUDE,43.19,,,,alpha_vantage,BRENT,benchmark_spot,USD,USD_PER_BARREL,False
2020-07-03,BRENT_CRUDE,BRENT_CRUDE,42.92,,,,alpha_vantage,BRENT,benchmark_spot,USD,USD_PER_BARREL,False
2020-07-06,BRENT_CRUDE,BRENT_CRUDE,42.73,,,,alpha_vantage,BRENT,benchmark_spot,USD,USD_PER_BARREL,False
2020-07-07,BRENT_CRUDE,BRENT_CRUDE,43.28,,,,alpha_vantage,BRENT,benchmark_spot,USD,USD_PER_BARREL,False
2020-07-08,BRENT_CRUDE,BRENT_CRUDE,43.67,,,,alpha_vantage,BRENT,benchmark_spot,USD,USD_PER_BARREL,False
2020-07-09,BRENT_CRUDE,BRENT_CRUDE,42.35,,,,alpha_vantage,BRENT,benchmark_spot,USD,USD_PER_BARREL,False
2020-07-10,BRENT_CRUDE,BRENT_CRUDE,43.27,,,,alpha_vantage,BRENT,benchmark_spot,USD,USD_PER_BARREL,False
2020-07-13,BRENT_CRUDE,BRENT_CRUDE,42.85,,,,alpha_vantage,BRENT,benchmark_spot,USD,USD_PER_BARREL,False
2020-07-14,BRENT_CRUDE,BRENT_CRUDE,42.97,,,,alpha_vantage,BRENT,benchmark_spot,USD,USD_PER_BARREL,False
2020-07-15,BRENT_CRUDE,BRENT_CRUDE,43.96,,,,alpha_vantage,BRENT,benchmark_spot,USD,USD_PER_BARREL,False
2020-07-16,BRENT_CRUDE,BRENT_CRUDE,43.71,,,,alpha_vantage,BRENT,benchmark_spot,USD,USD_PER_BARREL,False
2020-07-17,BRENT_CRUDE,BRENT_CRUDE,43.53,,,,alpha_vantage,BRENT,benchmark_spot,USD,USD_PER_BARREL,False
2020-07-20,BRENT_CRUDE,BRENT_CRUDE,43.3,,,,alpha_vantage,BRENT,benchmark_spot,USD,USD_PER_BARREL,False
2020-07-21,BRENT_CRUDE,BRENT_CRUDE,44.31,,,,alpha_vantage,BRENT,benchmark_spot,USD,USD_PER_BARREL,False
2020-07-22,BRENT_CRUDE,BRENT_CRUDE,43.98,,,,alpha_vantage,BRENT,benchmark_spot,USD,USD_PER_BARREL,False
2020-07-23,BRENT_CRUDE,BRENT_CRUDE,42.96,,,,alpha_vantage,BRENT,benchmark_spot,USD,USD_PER_BARREL,False
2020-07-24,BRENT_CRUDE,BRENT_CRUDE,43.29,,,,alpha_vantage,BRENT,benchmark_spot,USD,USD_PER_BARREL,False
2020-07-27,BRENT_CRUDE,BRENT_CRUDE,43.39,,,,alpha_vantage,BRENT,benchmark_spot,USD,USD_PER_BARREL,False
2020-07-28,BRENT_CRUDE,BRENT_CRUDE,43.11,,,,alpha_vantage,BRENT,benchmark_spot,USD,USD_PER_BARREL,False
2020-07-29,BRENT_CRUDE,BRENT_CRUDE,43.51,,,,alpha_vantage,BRENT,benchmark_spot,USD,USD_PER_BARREL,False
2020-07-30,BRENT_CRUDE,BRENT_CRUDE,42.98,,,,alpha_vantage,BRENT,benchmark_spot,USD,USD_PER_BARREL,False
2020-07-31,BRENT_CRUDE,BRENT_CRUDE,43.13,,,,alpha_vantage,BRENT,benchmark_spot,USD,USD_PER_BARREL,False
2020-08-03,BRENT_CRUDE,BRENT_CRUDE,43.76,,,,alpha_vantage,BRENT,benchmark_spot,USD,USD_PER_BARREL,False
2020-08-04,BRENT_CRUDE,BRENT_CRUDE,43.99,,,,alpha_vantage,BRENT,benchmark_spot,USD,USD_PER_BARREL,False
2020-08-05,BRENT_CRUDE,BRENT_CRUDE,44.92,,,,alpha_vantage,BRENT,benchmark_spot,USD,USD_PER_BARREL,False
2020-08-06,BRENT_CRUDE,BRENT_CRUDE,45.04,,,,alpha_vantage,BRENT,benchmark_spot,USD,USD_PER_BARREL,False
2020-08-07,BRENT_CRUDE,BRENT_CRUDE,44.07,,,,alpha_vantage,BRENT,benchmark_spot,USD,USD_PER_BARREL,False
2020-08-10,BRENT_CRUDE,BRENT_CRUDE,44.19,,,,alpha_vantage,BRENT,benchmark_spot,USD,USD_PER_BARREL,False
2020-08-11,BRENT_CRUDE,BRENT_CRUDE,43.68,,,,alpha_vantage,BRENT,benchmark_spot,USD,USD_PER_BARREL,False
2020-08-12,BRENT_CRUDE,BRENT_CRUDE,45.09,,,,alpha_vantage,BRENT,benchmark_spot,USD,USD_PER_BARREL,False
2020-08-13,BRENT_CRUDE,BRENT_CRUDE,44.87,,,,alpha_vantage,BRENT,benchmark_spot,USD,USD_PER_BARREL,False
2020-08-14,BRENT_CRUDE,BRENT_CRUDE,44.86,,,,alpha_vantage,BRENT,benchmark_spot,USD,USD_PER_BARREL,False
2020-08-17,BRENT_CRUDE,BRENT_CRUDE,44.91,,,,alpha_vantage,BRENT,benchmark_spot,USD,USD_PER_BARREL,False
2020-08-18,BRENT_CRUDE,BRENT_CRUDE,45.34,,,,alpha_vantage,BRENT,benchmark_spot,USD,USD_PER_BARREL,False
2020-08-19,BRENT_CRUDE,BRENT_CRUDE,45.21,,,,alpha_vantage,BRENT,benchmark_spot,USD,USD_PER_BARREL,False
2020-08-20,BRENT_CRUDE,BRENT_CRUDE,44.56,,,,alpha_vantage,BRENT,benchmark_spot,USD,USD_PER_BARREL,False
2020-08-21,BRENT_CRUDE,BRENT_CRUDE,43.94,,,,alpha_vantage,BRENT,benchmark_spot,USD,USD_PER_BARREL,False
2020-08-24,BRENT_CRUDE,BRENT_CRUDE,44.43,,,,alpha_vantage,BRENT,benchmark_spot,USD,USD_PER_BARREL,False
2020-08-25,BRENT_CRUDE,BRENT_CRUDE,46.01,,,,alpha_vantage,BRENT,benchmark_spot,USD,USD_PER_BARREL,False
2020-08-26,BRENT_CRUDE,BRENT_CRUDE,45.79,,,,alpha_vantage,BRENT,benchmark_spot,USD,USD_PER_BARREL,False
2020-08-27,BRENT_CRUDE,BRENT_CRUDE,44.84,,,,alpha_vantage,BRENT,benchmark_spot,USD,USD_PER_BARREL,False
2020-08-28,BRENT_CRUDE,BRENT_CRUDE,45.22,,,,alpha_vantage,BRENT,benchmark_spot,USD,USD_PER_BARREL,False
2020-09-01,BRENT_CRUDE,BRENT_CRUDE,45.72,,,,alpha_vantage,BRENT,benchmark_spot,USD,USD_PER_BARREL,False
2020-09-02,BRENT_CRUDE,BRENT_CRUDE,42.7,,,,alpha_vantage,BRENT,benchmark_spot,USD,USD_PER_BARREL,False
2020-09-03,BRENT_CRUDE,BRENT_CRUDE,42.72,,,,alpha_vantage,BRENT,benchmark_spot,USD,USD_PER_BARREL,False
2020-09-04,BRENT_CRUDE,BRENT_CRUDE,41.1,,,,alpha_vantage,BRENT,benchmark_spot,USD,USD_PER_BARREL,False
2020-09-07,BRENT_CRUDE,BRENT_CRUDE,40.67,,,,alpha_vantage,BRENT,benchmark_spot,USD,USD_PER_BARREL,False
2020-09-08,BRENT_CRUDE,BRENT_CRUDE,38.53,,,,alpha_vantage,BRENT,benchmark_spot,USD,USD_PER_BARREL,False
2020-09-09,BRENT_CRUDE,BRENT_CRUDE,39.98,,,,alpha_vantage,BRENT,benchmark_spot,USD,USD_PER_BARREL,False
2020-09-10,BRENT_CRUDE,BRENT_CRUDE,39.27,,,,alpha_vantage,BRENT,benchmark_spot,USD,USD_PER_BARREL,False
2020-09-11,BRENT_CRUDE,BRENT_CRUDE,38.8,,,,alpha_vantage,BRENT,benchmark_spot,USD,USD_PER_BARREL,False
2020-09-14,BRENT_CRUDE,BRENT_CRUDE,38.57,,,,alpha_vantage,BRENT,benchmark_spot,USD,USD_PER_BARREL,False
2020-09-15,BRENT_CRUDE,BRENT_CRUDE,39.54,,,,alpha_vantage,BRENT,benchmark_spot,USD,USD_PER_BARREL,False
2020-09-16,BRENT_CRUDE,BRENT_CRUDE,41.23,,,,alpha_vantage,BRENT,benchmark_spot,USD,USD_PER_BARREL,False
2020-09-17,BRENT_CRUDE,BRENT_CRUDE,42.35,,,,alpha_vantage,BRENT,benchmark_spot,USD,USD_PER_BARREL,False
2020-09-18,BRENT_CRUDE,BRENT_CRUDE,42.16,,,,alpha_vantage,BRENT,benchmark_spot,USD,USD_PER_BARREL,False
2020-09-21,BRENT_CRUDE,BRENT_CRUDE,40.37,,,,alpha_vantage,BRENT,benchmark_spot,USD,USD_PER_BARREL,False
2020-09-22,BRENT_CRUDE,BRENT_CRUDE,40.84,,,,alpha_vantage,BRENT,benchmark_spot,USD,USD_PER_BARREL,False
2020-09-23,BRENT_CRUDE,BRENT_CRUDE,41.09,,,,alpha_vantage,BRENT,benchmark_spot,USD,USD_PER_BARREL,False
2020-09-24,BRENT_CRUDE,BRENT_CRUDE,41.24,,,,alpha_vantage,BRENT,benchmark_spot,USD,USD_PER_BARREL,False
2020-09-25,BRENT_CRUDE,BRENT_CRUDE,40.91,,,,alpha_vantage,BRENT,benchmark_spot,USD,USD_PER_BARREL,False
2020-09-28,BRENT_CRUDE,BRENT_CRUDE,41.59,,,,alpha_vantage,BRENT,benchmark_spot,USD,USD_PER_BARREL,False
2020-09-29,BRENT_CRUDE,BRENT_CRUDE,40.33,,,,alpha_vantage,BRENT,benchmark_spot,USD,USD_PER_BARREL,False
2020-09-30,BRENT_CRUDE,BRENT_CRUDE,40.3,,,,alpha_vantage,BRENT,benchmark_spot,USD,USD_PER_BARREL,False
2020-10-01,BRENT_CRUDE,BRENT_CRUDE,39.75,,,,alpha_vantage,BRENT,benchmark_spot,USD,USD_PER_BARREL,False
2020-10-02,BRENT_CRUDE,BRENT_CRUDE,38.0,,,,alpha_vantage,BRENT,benchmark_spot,USD,USD_PER_BARREL,False
2020-10-05,BRENT_CRUDE,BRENT_CRUDE,39.78,,,,alpha_vantage,BRENT,benchmark_spot,USD,USD_PER_BARREL,False
2020-10-06,BRENT_CRUDE,BRENT_CRUDE,41.27,,,,alpha_vantage,BRENT,benchmark_spot,USD,USD_PER_BARREL,False
2020-10-07,BRENT_CRUDE,BRENT_CRUDE,40.62,,,,alpha_vantage,BRENT,benchmark_spot,USD,USD_PER_BARREL,False
2020-10-08,BRENT_CRUDE,BRENT_CRUDE,42.0,,,,alpha_vantage,BRENT,benchmark_spot,USD,USD_PER_BARREL,False
2020-10-09,BRENT_CRUDE,BRENT_CRUDE,41.63,,,,alpha_vantage,BRENT,benchmark_spot,USD,USD_PER_BARREL,False
2020-10-12,BRENT_CRUDE,BRENT_CRUDE,40.5,,,,alpha_vantage,BRENT,benchmark_spot,USD,USD_PER_BARREL,False
2020-10-13,BRENT_CRUDE,BRENT_CRUDE,41.34,,,,alpha_vantage,BRENT,benchmark_spot,USD,USD_PER_BARREL,False
2020-10-14,BRENT_CRUDE,BRENT_CRUDE,41.81,,,,alpha_vantage,BRENT,benchmark_spot,USD,USD_PER_BARREL,False
2020-10-15,BRENT_CRUDE,BRENT_CRUDE,41.61,,,,alpha_vantage,BRENT,benchmark_spot,USD,USD_PER_BARREL,False
2020-10-16,BRENT_CRUDE,BRENT_CRUDE,41.34,,,,alpha_vantage,BRENT,benchmark_spot,USD,USD_PER_BARREL,False
2020-10-19,BRENT_CRUDE,BRENT_CRUDE,41.29,,,,alpha_vantage,BRENT,benchmark_spot,USD,USD_PER_BARREL,False
2020-10-20,BRENT_CRUDE,BRENT_CRUDE,41.62,,,,alpha_vantage,BRENT,benchmark_spot,USD,USD_PER_BARREL,False
2020-10-21,BRENT_CRUDE,BRENT_CRUDE,40.09,,,,alpha_vantage,BRENT,benchmark_spot,USD,USD_PER_BARREL,False
2020-10-22,BRENT_CRUDE,BRENT_CRUDE,41.28,,,,alpha_vantage,BRENT,benchmark_spot,USD,USD_PER_BARREL,False
2020-10-23,BRENT_CRUDE,BRENT_CRUDE,40.71,,,,alpha_vantage,BRENT,benchmark_spot,USD,USD_PER_BARREL,False
2020-10-26,BRENT_CRUDE,BRENT_CRUDE,39.06,,,,alpha_vantage,BRENT,benchmark_spot,USD,USD_PER_BARREL,False
2020-10-27,BRENT_CRUDE,BRENT_CRUDE,39.72,,,,alpha_vantage,BRENT,benchmark_spot,USD,USD_PER_BARREL,False
2020-10-28,BRENT_CRUDE,BRENT_CRUDE,37.86,,,,alpha_vantage,BRENT,benchmark_spot,USD,USD_PER_BARREL,False
2020-10-29,BRENT_CRUDE,BRENT_CRUDE,36.56,,,,alpha_vantage,BRENT,benchmark_spot,USD,USD_PER_BARREL,False
2020-10-30,BRENT_CRUDE,BRENT_CRUDE,36.33,,,,alpha_vantage,BRENT,benchmark_spot,USD,USD_PER_BARREL,False
2020-11-02,BRENT_CRUDE,BRENT_CRUDE,37.78,,,,alpha_vantage,BRENT,benchmark_spot,USD,USD_PER_BARREL,False
2020-11-03,BRENT_CRUDE,BRENT_CRUDE,38.17,,,,alpha_vantage,BRENT,benchmark_spot,USD,USD_PER_BARREL,False
2020-11-04,BRENT_CRUDE,BRENT_CRUDE,39.68,,,,alpha_vantage,BRENT,benchmark_spot,USD,USD_PER_BARREL,False
2020-11-05,BRENT_CRUDE,BRENT_CRUDE,39.47,,,,alpha_vantage,BRENT,benchmark_spot,USD,USD_PER_BARREL,False
2020-11-06,BRENT_CRUDE,BRENT_CRUDE,38.08,,,,alpha_vantage,BRENT,benchmark_spot,USD,USD_PER_BARREL,False
2020-11-09,BRENT_CRUDE,BRENT_CRUDE,40.93,,,,alpha_vantage,BRENT,benchmark_spot,USD,USD_PER_BARREL,False
2020-11-10,BRENT_CRUDE,BRENT_CRUDE,42.25,,,,alpha_vantage,BRENT,benchmark_spot,USD,USD_PER_BARREL,False
2020-11-11,BRENT_CRUDE,BRENT_CRUDE,42.5,,,,alpha_vantage,BRENT,benchmark_spot,USD,USD_PER_BARREL,False
2020-11-12,BRENT_CRUDE,BRENT_CRUDE,42.16,,,,alpha_vantage,BRENT,benchmark_spot,USD,USD_PER_BARREL,False
2020-11-13,BRENT_CRUDE,BRENT_CRUDE,41.51,,,,alpha_vantage,BRENT,benchmark_spot,USD,USD_PER_BARREL,False
2020-11-16,BRENT_CRUDE,BRENT_CRUDE,42.71,,,,alpha_vantage,BRENT,benchmark_spot,USD,USD_PER_BARREL,False
2020-11-17,BRENT_CRUDE,BRENT_CRUDE,42.54,,,,alpha_vantage,BRENT,benchmark_spot,USD,USD_PER_BARREL,False
2020-11-18,BRENT_CRUDE,BRENT_CRUDE,42.91,,,,alpha_vantage,BRENT,benchmark_spot,USD,USD_PER_BARREL,False
2020-11-19,BRENT_CRUDE,BRENT_CRUDE,43.09,,,,alpha_vantage,BRENT,benchmark_spot,USD,USD_PER_BARREL,False
2020-11-20,BRENT_CRUDE,BRENT_CRUDE,43.79,,,,alpha_vantage,BRENT,benchmark_spot,USD,USD_PER_BARREL,False
2020-11-23,BRENT_CRUDE,BRENT_CRUDE,45.0,,,,alpha_vantage,BRENT,benchmark_spot,USD,USD_PER_BARREL,False
2020-11-24,BRENT_CRUDE,BRENT_CRUDE,46.63,,,,alpha_vantage,BRENT,benchmark_spot,USD,USD_PER_BARREL,False
2020-11-25,BRENT_CRUDE,BRENT_CRUDE,47.3,,,,alpha_vantage,BRENT,benchmark_spot,USD,USD_PER_BARREL,False
2020-11-26,BRENT_CRUDE,BRENT_CRUDE,46.32,,,,alpha_vantage,BRENT,benchmark_spot,USD,USD_PER_BARREL,False
2020-11-27,BRENT_CRUDE,BRENT_CRUDE,46.88,,,,alpha_vantage,BRENT,benchmark_spot,USD,USD_PER_BARREL,False
2020-11-30,BRENT_CRUDE,BRENT_CRUDE,46.84,,,,alpha_vantage,BRENT,benchmark_spot,USD,USD_PER_BARREL,False
2020-12-01,BRENT_CRUDE,BRENT_CRUDE,47.03,,,,alpha_vantage,BRENT,benchmark_spot,USD,USD_PER_BARREL,False
2020-12-02,BRENT_CRUDE,BRENT_CRUDE,47.8,,,,alpha_vantage,BRENT,benchmark_spot,USD,USD_PER_BARREL,False
2020-12-03,BRENT_CRUDE,BRENT_CRUDE,48.37,,,,alpha_vantage,BRENT,benchmark_spot,USD,USD_PER_BARREL,False
2020-12-04,BRENT_CRUDE,BRENT_CRUDE,49.1,,,,alpha_vantage,BRENT,benchmark_spot,USD,USD_PER_BARREL,False
2020-12-07,BRENT_CRUDE,BRENT_CRUDE,48.63,,,,alpha_vantage,BRENT,benchmark_spot,USD,USD_PER_BARREL,False
2020-12-08,BRENT_CRUDE,BRENT_CRUDE,48.84,,,,alpha_vantage,BRENT,benchmark_spot,USD,USD_PER_BARREL,False
2020-12-09,BRENT_CRUDE,BRENT_CRUDE,48.81,,,,alpha_vantage,BRENT,benchmark_spot,USD,USD_PER_BARREL,False
2020-12-10,BRENT_CRUDE,BRENT_CRUDE,50.33,,,,alpha_vantage,BRENT,benchmark_spot,USD,USD_PER_BARREL,False
2020-12-11,BRENT_CRUDE,BRENT_CRUDE,50.01,,,,alpha_vantage,BRENT,benchmark_spot,USD,USD_PER_BARREL,False
2020-12-14,BRENT_CRUDE,BRENT_CRUDE,50.27,,,,alpha_vantage,BRENT,benchmark_spot,USD,USD_PER_BARREL,False
2020-12-15,BRENT_CRUDE,BRENT_CRUDE,50.77,,,,alpha_vantage,BRENT,benchmark_spot,USD,USD_PER_BARREL,False
2020-12-16,BRENT_CRUDE,BRENT_CRUDE,50.83,,,,alpha_vantage,BRENT,benchmark_spot,USD,USD_PER_BARREL,False
2020-12-17,BRENT_CRUDE,BRENT_CRUDE,51.2,,,,alpha_vantage,BRENT,benchmark_spot,USD,USD_PER_BARREL,False
2020-12-18,BRENT_CRUDE,BRENT_CRUDE,52.17,,,,alpha_vantage,BRENT,benchmark_spot,USD,USD_PER_BARREL,False
2020-12-21,BRENT_CRUDE,BRENT_CRUDE,50.61,,,,alpha_vantage,BRENT,benchmark_spot,USD,USD_PER_BARREL,False
2020-12-22,BRENT_CRUDE,BRENT_CRUDE,49.88,,,,alpha_vantage,BRENT,benchmark_spot,USD,USD_PER_BARREL,False
2020-12-23,BRENT_CRUDE,BRENT_CRUDE,51.05,,,,alpha_vantage,BRENT,benchmark_spot,USD,USD_PER_BARREL,False
2020-12-24,BRENT_CRUDE,BRENT_CRUDE,50.88,,,,alpha_vantage,BRENT,benchmark_spot,USD,USD_PER_BARREL,False
2020-12-28,BRENT_CRUDE,BRENT_CRUDE,50.88,,,,alpha_vantage,BRENT,benchmark_spot,USD,USD_PER_BARREL,False
2020-12-29,BRENT_CRUDE,BRENT_CRUDE,50.44,,,,alpha_vantage,BRENT,benchmark_spot,USD,USD_PER_BARREL,False
2020-12-30,BRENT_CRUDE,BRENT_CRUDE,50.74,,,,alpha_vantage,BRENT,benchmark_spot,USD,USD_PER_BARREL,False
2020-12-31,BRENT_CRUDE,BRENT_CRUDE,51.22,,,,alpha_vantage,BRENT,benchmark_spot,USD,USD_PER_BARREL,False
2021-01-04,BRENT_CRUDE,BRENT_CRUDE,50.37,,,,alpha_vantage,BRENT,benchmark_spot,USD,USD_PER_BARREL,False
2021-01-05,BRENT_CRUDE,BRENT_CRUDE,53.16,,,,alpha_vantage,BRENT,benchmark_spot,USD,USD_PER_BARREL,False
2021-01-06,BRENT_CRUDE,BRENT_CRUDE,53.8,,,,alpha_vantage,BRENT,benchmark_spot,USD,USD_PER_BARREL,False
2021-01-07,BRENT_CRUDE,BRENT_CRUDE,53.7,,,,alpha_vantage,BRENT,benchmark_spot,USD,USD_PER_BARREL,False
2021-01-08,BRENT_CRUDE,BRENT_CRUDE,55.51,,,,alpha_vantage,BRENT,benchmark_spot,USD,USD_PER_BARREL,False
2021-01-11,BRENT_CRUDE,BRENT_CRUDE,54.84,,,,alpha_vantage,BRENT,benchmark_spot,USD,USD_PER_BARREL,False
2021-01-12,BRENT_CRUDE,BRENT_CRUDE,55.98,,,,alpha_vantage,BRENT,benchmark_spot,USD,USD_PER_BARREL,False
2021-01-13,BRENT_CRUDE,BRENT_CRUDE,55.52,,,,alpha_vantage,BRENT,benchmark_spot,USD,USD_PER_BARREL,False
2021-01-14,BRENT_CRUDE,BRENT_CRUDE,55.76,,,,alpha_vantage,BRENT,benchmark_spot,USD,USD_PER_BARREL,False
2021-01-15,BRENT_CRUDE,BRENT_CRUDE,54.8,,,,alpha_vantage,BRENT,benchmark_spot,USD,USD_PER_BARREL,False
2021-01-18,BRENT_CRUDE,BRENT_CRUDE,54.21,,,,alpha_vantage,BRENT,benchmark_spot,USD,USD_PER_BARREL,False
2021-01-19,BRENT_CRUDE,BRENT_CRUDE,55.38,,,,alpha_vantage,BRENT,benchmark_spot,USD,USD_PER_BARREL,False
2021-01-20,BRENT_CRUDE,BRENT_CRUDE,55.66,,,,alpha_vantage,BRENT,benchmark_spot,USD,USD_PER_BARREL,False
2021-01-21,BRENT_CRUDE,BRENT_CRUDE,55.68,,,,alpha_vantage,BRENT,benchmark_spot,USD,USD_PER_BARREL,False
2021-01-22,BRENT_CRUDE,BRENT_CRUDE,55.22,,,,alpha_vantage,BRENT,benchmark_spot,USD,USD_PER_BARREL,False
2021-01-25,BRENT_CRUDE,BRENT_CRUDE,55.44,,,,alpha_vantage,BRENT,benchmark_spot,USD,USD_PER_BARREL,False
2021-01-26,BRENT_CRUDE,BRENT_CRUDE,55.26,,,,alpha_vantage,BRENT,benchmark_spot,USD,USD_PER_BARREL,False
2021-01-27,BRENT_CRUDE,BRENT_CRUDE,55.07,,,,alpha_vantage,BRENT,benchmark_spot,USD,USD_PER_BARREL,False
2021-01-28,BRENT_CRUDE,BRENT_CRUDE,54.87,,,,alpha_vantage,BRENT,benchmark_spot,USD,USD_PER_BARREL,False
2021-01-29,BRENT_CRUDE,BRENT_CRUDE,55.25,,,,alpha_vantage,BRENT,benchmark_spot,USD,USD_PER_BARREL,False
2021-02-01,BRENT_CRUDE,BRENT_CRUDE,56.42,,,,alpha_vantage,BRENT,benchmark_spot,USD,USD_PER_BARREL,False
2021-02-02,BRENT_CRUDE,BRENT_CRUDE,57.62,,,,alpha_vantage,BRENT,benchmark_spot,USD,USD_PER_BARREL,False
2021-02-03,BRENT_CRUDE,BRENT_CRUDE,58.61,,,,alpha_vantage,BRENT,benchmark_spot,USD,USD_PER_BARREL,False
2021-02-04,BRENT_CRUDE,BRENT_CRUDE,58.98,,,,alpha_vantage,BRENT,benchmark_spot,USD,USD_PER_BARREL,False
2021-02-05,BRENT_CRUDE,BRENT_CRUDE,59.48,,,,alpha_vantage,BRENT,benchmark_spot,USD,USD_PER_BARREL,False
2021-02-08,BRENT_CRUDE,BRENT_CRUDE,60.17,,,,alpha_vantage,BRENT,benchmark_spot,USD,USD_PER_BARREL,False
2021-02-09,BRENT_CRUDE,BRENT_CRUDE,60.74,,,,alpha_vantage,BRENT,benchmark_spot,USD,USD_PER_BARREL,False
2021-02-10,BRENT_CRUDE,BRENT_CRUDE,61.17,,,,alpha_vantage,BRENT,benchmark_spot,USD,USD_PER_BARREL,False
2021-02-11,BRENT_CRUDE,BRENT_CRUDE,61.09,,,,alpha_vantage,BRENT,benchmark_spot,USD,USD_PER_BARREL,False
2021-02-12,BRENT_CRUDE,BRENT_CRUDE,62.47,,,,alpha_vantage,BRENT,benchmark_spot,USD,USD_PER_BARREL,False
2021-02-15,BRENT_CRUDE,BRENT_CRUDE,63.58,,,,alpha_vantage,BRENT,benchmark_spot,USD,USD_PER_BARREL,False
2021-02-16,BRENT_CRUDE,BRENT_CRUDE,63.96,,,,alpha_vantage,BRENT,benchmark_spot,USD,USD_PER_BARREL,False
2021-02-17,BRENT_CRUDE,BRENT_CRUDE,65.02,,,,alpha_vantage,BRENT,benchmark_spot,USD,USD_PER_BARREL,False
2021-02-18,BRENT_CRUDE,BRENT_CRUDE,64.09,,,,alpha_vantage,BRENT,benchmark_spot,USD,USD_PER_BARREL,False
2021-02-19,BRENT_CRUDE,BRENT_CRUDE,62.84,,,,alpha_vantage,BRENT,benchmark_spot,USD,USD_PER_BARREL,False
2021-02-22,BRENT_CRUDE,BRENT_CRUDE,64.73,,,,alpha_vantage,BRENT,benchmark_spot,USD,USD_PER_BARREL,False
2021-02-23,BRENT_CRUDE,BRENT_CRUDE,65.16,,,,alpha_vantage,BRENT,benchmark_spot,USD,USD_PER_BARREL,False
2021-02-24,BRENT_CRUDE,BRENT_CRUDE,66.85,,,,alpha_vantage,BRENT,benchmark_spot,USD,USD_PER_BARREL,False
2021-02-25,BRENT_CRUDE,BRENT_CRUDE,66.69,,,,alpha_vantage,BRENT,benchmark_spot,USD,USD_PER_BARREL,False
2021-02-26,BRENT_CRUDE,BRENT_CRUDE,65.86,,,,alpha_vantage,BRENT,benchmark_spot,USD,USD_PER_BARREL,False
2021-03-01,BRENT_CRUDE,BRENT_CRUDE,64.56,,,,alpha_vantage,BRENT,benchmark_spot,USD,USD_PER_BARREL,False
2021-03-02,BRENT_CRUDE,BRENT_CRUDE,63.17,,,,alpha_vantage,BRENT,benchmark_spot,USD,USD_PER_BARREL,False
2021-03-03,BRENT_CRUDE,BRENT_CRUDE,64.7,,,,alpha_vantage,BRENT,benchmark_spot,USD,USD_PER_BARREL,False
2021-03-04,BRENT_CRUDE,BRENT_CRUDE,67.32,,,,alpha_vantage,BRENT,benchmark_spot,USD,USD_PER_BARREL,False
2021-03-05,BRENT_CRUDE,BRENT_CRUDE,69.95,,,,alpha_vantage,BRENT,benchmark_spot,USD,USD_PER_BARREL,False
2021-03-08,BRENT_CRUDE,BRENT_CRUDE,68.0,,,,alpha_vantage,BRENT,benchmark_spot,USD,USD_PER_BARREL,False
2021-03-09,BRENT_CRUDE,BRENT_CRUDE,67.03,,,,alpha_vantage,BRENT,benchmark_spot,USD,USD_PER_BARREL,False
2021-03-10,BRENT_CRUDE,BRENT_CRUDE,67.53,,,,alpha_vantage,BRENT,benchmark_spot,USD,USD_PER_BARREL,False
2021-03-11,BRENT_CRUDE,BRENT_CRUDE,69.34,,,,alpha_vantage,BRENT,benchmark_spot,USD,USD_PER_BARREL,False
2021-03-12,BRENT_CRUDE,BRENT_CRUDE,68.87,,,,alpha_vantage,BRENT,benchmark_spot,USD,USD_PER_BARREL,False
2021-03-15,BRENT_CRUDE,BRENT_CRUDE,68.78,,,,alpha_vantage,BRENT,benchmark_spot,USD,USD_PER_BARREL,False
2021-03-16,BRENT_CRUDE,BRENT_CRUDE,67.95,,,,alpha_vantage,BRENT,benchmark_spot,USD,USD_PER_BARREL,False
2021-03-17,BRENT_CRUDE,BRENT_CRUDE,67.73,,,,alpha_vantage,BRENT,benchmark_spot,USD,USD_PER_BARREL,False
2021-03-18,BRENT_CRUDE,BRENT_CRUDE,62.11,,,,alpha_vantage,BRENT,benchmark_spot,USD,USD_PER_BARREL,False
2021-03-19,BRENT_CRUDE,BRENT_CRUDE,64.0,,,,alpha_vantage,BRENT,benchmark_spot,USD,USD_PER_BARREL,False
2021-03-22,BRENT_CRUDE,BRENT_CRUDE,63.89,,,,alpha_vantage,BRENT,benchmark_spot,USD,USD_PER_BARREL,False
2021-03-23,BRENT_CRUDE,BRENT_CRUDE,59.96,,,,alpha_vantage,BRENT,benchmark_spot,USD,USD_PER_BARREL,False
2021-03-24,BRENT_CRUDE,BRENT_CRUDE,63.7,,,,alpha_vantage,BRENT,benchmark_spot,USD,USD_PER_BARREL,False
2021-03-25,BRENT_CRUDE,BRENT_CRUDE,61.21,,,,alpha_vantage,BRENT,benchmark_spot,USD,USD_PER_BARREL,False
2021-03-26,BRENT_CRUDE,BRENT_CRUDE,63.77,,,,alpha_vantage,BRENT,benchmark_spot,USD,USD_PER_BARREL,False
2021-03-29,BRENT_CRUDE,BRENT_CRUDE,64.06,,,,alpha_vantage,BRENT,benchmark_spot,USD,USD_PER_BARREL,False
2021-03-30,BRENT_CRUDE,BRENT_CRUDE,63.28,,,,alpha_vantage,BRENT,benchmark_spot,USD,USD_PER_BARREL,False
2021-03-31,BRENT_CRUDE,BRENT_CRUDE,63.52,,,,alpha_vantage,BRENT,benchmark_spot,USD,USD_PER_BARREL,False
2021-04-01,BRENT_CRUDE,BRENT_CRUDE,63.85,,,,alpha_vantage,BRENT,benchmark_spot,USD,USD_PER_BARREL,False
2021-04-06,BRENT_CRUDE,BRENT_CRUDE,61.47,,,,alpha_vantage,BRENT,benchmark_spot,USD,USD_PER_BARREL,False
2021-04-07,BRENT_CRUDE,BRENT_CRUDE,61.86,,,,alpha_vantage,BRENT,benchmark_spot,USD,USD_PER_BARREL,False
2021-04-08,BRENT_CRUDE,BRENT_CRUDE,62.09,,,,alpha_vantage,BRENT,benchmark_spot,USD,USD_PER_BARREL,False
2021-04-09,BRENT_CRUDE,BRENT_CRUDE,61.89,,,,alpha_vantage,BRENT,benchmark_spot,USD,USD_PER_BARREL,False
2021-04-12,BRENT_CRUDE,BRENT_CRUDE,62.38,,,,alpha_vantage,BRENT,benchmark_spot,USD,USD_PER_BARREL,False
2021-04-13,BRENT_CRUDE,BRENT_CRUDE,62.83,,,,alpha_vantage,BRENT,benchmark_spot,USD,USD_PER_BARREL,False
2021-04-14,BRENT_CRUDE,BRENT_CRUDE,66.11,,,,alpha_vantage,BRENT,benchmark_spot,USD,USD_PER_BARREL,False
2021-04-15,BRENT_CRUDE,BRENT_CRUDE,66.13,,,,alpha_vantage,BRENT,benchmark_spot,USD,USD_PER_BARREL,False
2021-04-16,BRENT_CRUDE,BRENT_CRUDE,65.98,,,,alpha_vantage,BRENT,benchmark_spot,USD,USD_PER_BARREL,False
2021-04-19,BRENT_CRUDE,BRENT_CRUDE,66.54,,,,alpha_vantage,BRENT,benchmark_spot,USD,USD_PER_BARREL,False
2021-04-20,BRENT_CRUDE,BRENT_CRUDE,65.34,,,,alpha_vantage,BRENT,benchmark_spot,USD,USD_PER_BARREL,False
2021-04-21,BRENT_CRUDE,BRENT_CRUDE,64.02,,,,alpha_vantage,BRENT,benchmark_spot,USD,USD_PER_BARREL,False
2021-04-22,BRENT_CRUDE,BRENT_CRUDE,65.07,,,,alpha_vantage,BRENT,benchmark_spot,USD,USD_PER_BARREL,False
2021-04-23,BRENT_CRUDE,BRENT_CRUDE,65.75,,,,alpha_vantage,BRENT,benchmark_spot,USD,USD_PER_BARREL,False
2021-04-26,BRENT_CRUDE,BRENT_CRUDE,65.5,,,,alpha_vantage,BRENT,benchmark_spot,USD,USD_PER_BARREL,False
2021-04-27,BRENT_CRUDE,BRENT_CRUDE,66.25,,,,alpha_vantage,BRENT,benchmark_spot,USD,USD_PER_BARREL,False
2021-04-28,BRENT_CRUDE,BRENT_CRUDE,67.08,,,,alpha_vantage,BRENT,benchmark_spot,USD,USD_PER_BARREL,False
2021-04-29,BRENT_CRUDE,BRENT_CRUDE,68.26,,,,alpha_vantage,BRENT,benchmark_spot,USD,USD_PER_BARREL,False
2021-04-30,BRENT_CRUDE,BRENT_CRUDE,67.73,,,,alpha_vantage,BRENT,benchmark_spot,USD,USD_PER_BARREL,False
2021-05-04,BRENT_CRUDE,BRENT_CRUDE,68.91,,,,alpha_vantage,BRENT,benchmark_spot,USD,USD_PER_BARREL,False
2021-05-05,BRENT_CRUDE,BRENT_CRUDE,69.71,,,,alpha_vantage,BRENT,benchmark_spot,USD,USD_PER_BARREL,False
2021-05-06,BRENT_CRUDE,BRENT_CRUDE,68.62,,,,alpha_vantage,BRENT,benchmark_spot,USD,USD_PER_BARREL,False
2021-05-07,BRENT_CRUDE,BRENT_CRUDE,68.73,,,,alpha_vantage,BRENT,benchmark_spot,USD,USD_PER_BARREL,False
2021-05-10,BRENT_CRUDE,BRENT_CRUDE,68.61,,,,alpha_vantage,BRENT,benchmark_spot,USD,USD_PER_BARREL,False
2021-05-11,BRENT_CRUDE,BRENT_CRUDE,68.83,,,,alpha_vantage,BRENT,benchmark_spot,USD,USD_PER_BARREL,False
2021-05-12,BRENT_CRUDE,BRENT_CRUDE,69.62,,,,alpha_vantage,BRENT,benchmark_spot,USD,USD_PER_BARREL,False
2021-05-13,BRENT_CRUDE,BRENT_CRUDE,67.36,,,,alpha_vantage,BRENT,benchmark_spot,USD,USD_PER_BARREL,False
2021-05-14,BRENT_CRUDE,BRENT_CRUDE,69.24,,,,alpha_vantage,BRENT,benchmark_spot,USD,USD_PER_BARREL,False
2021-05-17,BRENT_CRUDE,BRENT_CRUDE,69.62,,,,alpha_vantage,BRENT,benchmark_spot,USD,USD_PER_BARREL,False
2021-05-18,BRENT_CRUDE,BRENT_CRUDE,69.01,,,,alpha_vantage,BRENT,benchmark_spot,USD,USD_PER_BARREL,False
2021-05-19,BRENT_CRUDE,BRENT_CRUDE,66.88,,,,alpha_vantage,BRENT,benchmark_spot,USD,USD_PER_BARREL,False
2021-05-20,BRENT_CRUDE,BRENT_CRUDE,65.18,,,,alpha_vantage,BRENT,benchmark_spot,USD,USD_PER_BARREL,False
2021-05-21,BRENT_CRUDE,BRENT_CRUDE,66.72,,,,alpha_vantage,BRENT,benchmark_spot,USD,USD_PER_BARREL,False
2021-05-24,BRENT_CRUDE,BRENT_CRUDE,68.59,,,,alpha_vantage,BRENT,benchmark_spot,USD,USD_PER_BARREL,False
2021-05-25,BRENT_CRUDE,BRENT_CRUDE,68.8,,,,alpha_vantage,BRENT,benchmark_spot,USD,USD_PER_BARREL,False
2021-05-26,BRENT_CRUDE,BRENT_CRUDE,68.93,,,,alpha_vantage,BRENT,benchmark_spot,USD,USD_PER_BARREL,False
2021-05-27,BRENT_CRUDE,BRENT_CRUDE,69.43,,,,alpha_vantage,BRENT,benchmark_spot,USD,USD_PER_BARREL,False
2021-05-28,BRENT_CRUDE,BRENT_CRUDE,69.36,,,,alpha_vantage,BRENT,benchmark_spot,USD,USD_PER_BARREL,False
2021-06-01,BRENT_CRUDE,BRENT_CRUDE,70.03,,,,alpha_vantage,BRENT,benchmark_spot,USD,USD_PER_BARREL,False
2021-06-02,BRENT_CRUDE,BRENT_CRUDE,70.6,,,,alpha_vantage,BRENT,benchmark_spot,USD,USD_PER_BARREL,False
2021-06-03,BRENT_CRUDE,BRENT_CRUDE,70.71,,,,alpha_vantage,BRENT,benchmark_spot,USD,USD_PER_BARREL,False
2021-06-04,BRENT_CRUDE,BRENT_CRUDE,71.3,,,,alpha_vantage,BRENT,benchmark_spot,USD,USD_PER_BARREL,False
2021-06-07,BRENT_CRUDE,BRENT_CRUDE,70.89,,,,alpha_vantage,BRENT,benchmark_spot,USD,USD_PER_BARREL,False
2021-06-08,BRENT_CRUDE,BRENT_CRUDE,71.39,,,,alpha_vantage,BRENT,benchmark_spot,USD,USD_PER_BARREL,False
2021-06-09,BRENT_CRUDE,BRENT_CRUDE,71.31,,,,alpha_vantage,BRENT,benchmark_spot,USD,USD_PER_BARREL,False
2021-06-10,BRENT_CRUDE,BRENT_CRUDE,71.65,,,,alpha_vantage,BRENT,benchmark_spot,USD,USD_PER_BARREL,False
2021-06-11,BRENT_CRUDE,BRENT_CRUDE,72.05,,,,alpha_vantage,BRENT,benchmark_spot,USD,USD_PER_BARREL,False
2021-06-14,BRENT_CRUDE,BRENT_CRUDE,72.27,,,,alpha_vantage,BRENT,benchmark_spot,USD,USD_PER_BARREL,False
2021-06-15,BRENT_CRUDE,BRENT_CRUDE,73.38,,,,alpha_vantage,BRENT,benchmark_spot,USD,USD_PER_BARREL,False
2021-06-16,BRENT_CRUDE,BRENT_CRUDE,73.88,,,,alpha_vantage,BRENT,benchmark_spot,USD,USD_PER_BARREL,False
2021-06-17,BRENT_CRUDE,BRENT_CRUDE,72.92,,,,alpha_vantage,BRENT,benchmark_spot,USD,USD_PER_BARREL,False
2021-06-18,BRENT_CRUDE,BRENT_CRUDE,73.1,,,,alpha_vantage,BRENT,benchmark_spot,USD,USD_PER_BARREL,False
2021-06-21,BRENT_CRUDE,BRENT_CRUDE,74.49,,,,alpha_vantage,BRENT,benchmark_spot,USD,USD_PER_BARREL,False
2021-06-22,BRENT_CRUDE,BRENT_CRUDE,74.92,,,,alpha_vantage,BRENT,benchmark_spot,USD,USD_PER_BARREL,False
2021-06-23,BRENT_CRUDE,BRENT_CRUDE,75.22,,,,alpha_vantage,BRENT,benchmark_spot,USD,USD_PER_BARREL,False
2021-06-24,BRENT_CRUDE,BRENT_CRUDE,75.95,,,,alpha_vantage,BRENT,benchmark_spot,USD,USD_PER_BARREL,False
2021-06-25,BRENT_CRUDE,BRENT_CRUDE,76.45,,,,alpha_vantage,BRENT,benchmark_spot,USD,USD_PER_BARREL,False
2021-06-28,BRENT_CRUDE,BRENT_CRUDE,74.78,,,,alpha_vantage,BRENT,benchmark_spot,USD,USD_PER_BARREL,False
2021-06-29,BRENT_CRUDE,BRENT_CRUDE,75.38,,,,alpha_vantage,BRENT,benchmark_spot,USD,USD_PER_BARREL,False
2021-06-30,BRENT_CRUDE,BRENT_CRUDE,76.94,,,,alpha_vantage,BRENT,benchmark_spot,USD,USD_PER_BARREL,False
2021-07-01,BRENT_CRUDE,BRENT_CRUDE,76.69,,,,alpha_vantage,BRENT,benchmark_spot,USD,USD_PER_BARREL,False
2021-07-02,BRENT_CRUDE,BRENT_CRUDE,77.51,,,,alpha_vantage,BRENT,benchmark_spot,USD,USD_PER_BARREL,False
2021-07-05,BRENT_CRUDE,BRENT_CRUDE,78.34,,,,alpha_vantage,BRENT,benchmark_spot,USD,USD_PER_BARREL,False
2021-07-06,BRENT_CRUDE,BRENT_CRUDE,75.81,,,,alpha_vantage,BRENT,benchmark_spot,USD,USD_PER_BARREL,False
2021-07-07,BRENT_CRUDE,BRENT_CRUDE,74.31,,,,alpha_vantage,BRENT,benchmark_spot,USD,USD_PER_BARREL,False
2021-07-08,BRENT_CRUDE,BRENT_CRUDE,75.07,,,,alpha_vantage,BRENT,benchmark_spot,USD,USD_PER_BARREL,False
2021-07-09,BRENT_CRUDE,BRENT_CRUDE,77.14,,,,alpha_vantage,BRENT,benchmark_spot,USD,USD_PER_BARREL,False
2021-07-12,BRENT_CRUDE,BRENT_CRUDE,76.77,,,,alpha_vantage,BRENT,benchmark_spot,USD,USD_PER_BARREL,False
2021-07-13,BRENT_CRUDE,BRENT_CRUDE,77.5,,,,alpha_vantage,BRENT,benchmark_spot,USD,USD_PER_BARREL,False
2021-07-14,BRENT_CRUDE,BRENT_CRUDE,75.74,,,,alpha_vantage,BRENT,benchmark_spot,USD,USD_PER_BARREL,False
2021-07-15,BRENT_CRUDE,BRENT_CRUDE,74.53,,,,alpha_vantage,BRENT,benchmark_spot,USD,USD_PER_BARREL,False
2021-07-16,BRENT_CRUDE,BRENT_CRUDE,74.46,,,,alpha_vantage,BRENT,benchmark_spot,USD,USD_PER_BARREL,False
2021-07-19,BRENT_CRUDE,BRENT_CRUDE,69.33,,,,alpha_vantage,BRENT,benchmark_spot,USD,USD_PER_BARREL,False
2021-07-20,BRENT_CRUDE,BRENT_CRUDE,70.03,,,,alpha_vantage,BRENT,benchmark_spot,USD,USD_PER_BARREL,False
2021-07-21,BRENT_CRUDE,BRENT_CRUDE,72.54,,,,alpha_vantage,BRENT,benchmark_spot,USD,USD_PER_BARREL,False
2021-07-22,BRENT_CRUDE,BRENT_CRUDE,74.25,,,,alpha_vantage,BRENT,benchmark_spot,USD,USD_PER_BARREL,False
2021-07-23,BRENT_CRUDE,BRENT_CRUDE,74.86,,,,alpha_vantage,BRENT,benchmark_spot,USD,USD_PER_BARREL,False
2021-07-26,BRENT_CRUDE,BRENT_CRUDE,74.79,,,,alpha_vantage,BRENT,benchmark_spot,USD,USD_PER_BARREL,False
2021-07-27,BRENT_CRUDE,BRENT_CRUDE,74.87,,,,alpha_vantage,BRENT,benchmark_spot,USD,USD_PER_BARREL,False
2021-07-28,BRENT_CRUDE,BRENT_CRUDE,75.09,,,,alpha_vantage,BRENT,benchmark_spot,USD,USD_PER_BARREL,False
2021-07-29,BRENT_CRUDE,BRENT_CRUDE,76.3,,,,alpha_vantage,BRENT,benchmark_spot,USD,USD_PER_BARREL,False
2021-07-30,BRENT_CRUDE,BRENT_CRUDE,77.72,,,,alpha_vantage,BRENT,benchmark_spot,USD,USD_PER_BARREL,False
2021-08-02,BRENT_CRUDE,BRENT_CRUDE,73.91,,,,alpha_vantage,BRENT,benchmark_spot,USD,USD_PER_BARREL,False
2021-08-03,BRENT_CRUDE,BRENT_CRUDE,73.24,,,,alpha_vantage,BRENT,benchmark_spot,USD,USD_PER_BARREL,False
2021-08-04,BRENT_CRUDE,BRENT_CRUDE,70.99,,,,alpha_vantage,BRENT,benchmark_spot,USD,USD_PER_BARREL,False
2021-08-05,BRENT_CRUDE,BRENT_CRUDE,72.14,,,,alpha_vantage,BRENT,benchmark_spot,USD,USD_PER_BARREL,False
2021-08-06,BRENT_CRUDE,BRENT_CRUDE,71.02,,,,alpha_vantage,BRENT,benchmark_spot,USD,USD_PER_BARREL,False
2021-08-09,BRENT_CRUDE,BRENT_CRUDE,69.65,,,,alpha_vantage,BRENT,benchmark_spot,USD,USD_PER_BARREL,False
2021-08-10,BRENT_CRUDE,BRENT_CRUDE,71.14,,,,alpha_vantage,BRENT,benchmark_spot,USD,USD_PER_BARREL,False
2021-08-11,BRENT_CRUDE,BRENT_CRUDE,71.99,,,,alpha_vantage,BRENT,benchmark_spot,USD,USD_PER_BARREL,False
2021-08-12,BRENT_CRUDE,BRENT_CRUDE,71.79,,,,alpha_vantage,BRENT,benchmark_spot,USD,USD_PER_BARREL,False
2021-08-13,BRENT_CRUDE,BRENT_CRUDE,70.9,,,,alpha_vantage,BRENT,benchmark_spot,USD,USD_PER_BARREL,False
2021-08-16,BRENT_CRUDE,BRENT_CRUDE,70.07,,,,alpha_vantage,BRENT,benchmark_spot,USD,USD_PER_BARREL,False
2021-08-17,BRENT_CRUDE,BRENT_CRUDE,69.4,,,,alpha_vantage,BRENT,benchmark_spot,USD,USD_PER_BARREL,False
2021-08-18,BRENT_CRUDE,BRENT_CRUDE,68.61,,,,alpha_vantage,BRENT,benchmark_spot,USD,USD_PER_BARREL,False
2021-08-19,BRENT_CRUDE,BRENT_CRUDE,66.8,,,,alpha_vantage,BRENT,benchmark_spot,USD,USD_PER_BARREL,False
2021-08-20,BRENT_CRUDE,BRENT_CRUDE,65.51,,,,alpha_vantage,BRENT,benchmark_spot,USD,USD_PER_BARREL,False
2021-08-23,BRENT_CRUDE,BRENT_CRUDE,69.07,,,,alpha_vantage,BRENT,benchmark_spot,USD,USD_PER_BARREL,False
2021-08-24,BRENT_CRUDE,BRENT_CRUDE,71.21,,,,alpha_vantage,BRENT,benchmark_spot,USD,USD_PER_BARREL,False
2021-08-25,BRENT_CRUDE,BRENT_CRUDE,72.12,,,,alpha_vantage,BRENT,benchmark_spot,USD,USD_PER_BARREL,False
2021-08-26,BRENT_CRUDE,BRENT_CRUDE,70.42,,,,alpha_vantage,BRENT,benchmark_spot,USD,USD_PER_BARREL,False
2021-08-27,BRENT_CRUDE,BRENT_CRUDE,72.26,,,,alpha_vantage,BRENT,benchmark_spot,USD,USD_PER_BARREL,False
2021-08-31,BRENT_CRUDE,BRENT_CRUDE,73.45,,,,alpha_vantage,BRENT,benchmark_spot,USD,USD_PER_BARREL,False
2021-09-01,BRENT_CRUDE,BRENT_CRUDE,71.99,,,,alpha_vantage,BRENT,benchmark_spot,USD,USD_PER_BARREL,False
2021-09-02,BRENT_CRUDE,BRENT_CRUDE,73.56,,,,alpha_vantage,BRENT,benchmark_spot,USD,USD_PER_BARREL,False
2021-09-03,BRENT_CRUDE,BRENT_CRUDE,73.07,,,,alpha_vantage,BRENT,benchmark_spot,USD,USD_PER_BARREL,False
2021-09-06,BRENT_CRUDE,BRENT_CRUDE,72.43,,,,alpha_vantage,BRENT,benchmark_spot,USD,USD_PER_BARREL,False
2021-09-07,BRENT_CRUDE,BRENT_CRUDE,71.52,,,,alpha_vantage,BRENT,benchmark_spot,USD,USD_PER_BARREL,False
2021-09-08,BRENT_CRUDE,BRENT_CRUDE,72.36,,,,alpha_vantage,BRENT,benchmark_spot,USD,USD_PER_BARREL,False
2021-09-09,BRENT_CRUDE,BRENT_CRUDE,71.32,,,,alpha_vantage,BRENT,benchmark_spot,USD,USD_PER_BARREL,False
2021-09-10,BRENT_CRUDE,BRENT_CRUDE,72.44,,,,alpha_vantage,BRENT,benchmark_spot,USD,USD_PER_BARREL,False
2021-09-13,BRENT_CRUDE,BRENT_CRUDE,72.97,,,,alpha_vantage,BRENT,benchmark_spot,USD,USD_PER_BARREL,False
2021-09-14,BRENT_CRUDE,BRENT_CRUDE,73.05,,,,alpha_vantage,BRENT,benchmark_spot,USD,USD_PER_BARREL,False
2021-09-15,BRENT_CRUDE,BRENT_CRUDE,74.84,,,,alpha_vantage,BRENT,benchmark_spot,USD,USD_PER_BARREL,False
2021-09-16,BRENT_CRUDE,BRENT_CRUDE,75.14,,,,alpha_vantage,BRENT,benchmark_spot,USD,USD_PER_BARREL,False
2021-09-17,BRENT_CRUDE,BRENT_CRUDE,74.64,,,,alpha_vantage,BRENT,benchmark_spot,USD,USD_PER_BARREL,False
2021-09-20,BRENT_CRUDE,BRENT_CRUDE,73.59,,,,alpha_vantage,BRENT,benchmark_spot,USD,USD_PER_BARREL,False
2021-09-21,BRENT_CRUDE,BRENT_CRUDE,73.65,,,,alpha_vantage,BRENT,benchmark_spot,USD,USD_PER_BARREL,False
2021-09-22,BRENT_CRUDE,BRENT_CRUDE,75.5,,,,alpha_vantage,BRENT,benchmark_spot,USD,USD_PER_BARREL,False
2021-09-23,BRENT_CRUDE,BRENT_CRUDE,76.44,,,,alpha_vantage,BRENT,benchmark_spot,USD,USD_PER_BARREL,False
2021-09-24,BRENT_CRUDE,BRENT_CRUDE,77.42,,,,alpha_vantage,BRENT,benchmark_spot,USD,USD_PER_BARREL,False
2021-09-27,BRENT_CRUDE,BRENT_CRUDE,78.85,,,,alpha_vantage,BRENT,benchmark_spot,USD,USD_PER_BARREL,False
2021-09-28,BRENT_CRUDE,BRENT_CRUDE,78.3,,,,alpha_vantage,BRENT,benchmark_spot,USD,USD_PER_BARREL,False
2021-09-29,BRENT_CRUDE,BRENT_CRUDE,77.86,,,,alpha_vantage,BRENT,benchmark_spot,USD,USD_PER_BARREL,False
2021-09-30,BRENT_CRUDE,BRENT_CRUDE,77.81,,,,alpha_vantage,BRENT,benchmark_spot,USD,USD_PER_BARREL,False
2021-10-01,BRENT_CRUDE,BRENT_CRUDE,79.4,,,,alpha_vantage,BRENT,benchmark_spot,USD,USD_PER_BARREL,False
2021-10-04,BRENT_CRUDE,BRENT_CRUDE,81.44,,,,alpha_vantage,BRENT,benchmark_spot,USD,USD_PER_BARREL,False
2021-10-05,BRENT_CRUDE,BRENT_CRUDE,82.72,,,,alpha_vantage,BRENT,benchmark_spot,USD,USD_PER_BARREL,False
2021-10-06,BRENT_CRUDE,BRENT_CRUDE,81.39,,,,alpha_vantage,BRENT,benchmark_spot,USD,USD_PER_BARREL,False
2021-10-07,BRENT_CRUDE,BRENT_CRUDE,82.34,,,,alpha_vantage,BRENT,benchmark_spot,USD,USD_PER_BARREL,False
2021-10-08,BRENT_CRUDE,BRENT_CRUDE,82.17,,,,alpha_vantage,BRENT,benchmark_spot,USD,USD_PER_BARREL,False
2021-10-11,BRENT_CRUDE,BRENT_CRUDE,83.75,,,,alpha_vantage,BRENT,benchmark_spot,USD,USD_PER_BARREL,False
2021-10-12,BRENT_CRUDE,BRENT_CRUDE,83.53,,,,alpha_vantage,BRENT,benchmark_spot,USD,USD_PER_BARREL,False
2021-10-13,BRENT_CRUDE,BRENT_CRUDE,83.53,,,,alpha_vantage,BRENT,benchmark_spot,USD,USD_PER_BARREL,False
2021-10-14,BRENT_CRUDE,BRENT_CRUDE,83.86,,,,alpha_vantage,BRENT,benchmark_spot,USD,USD_PER_BARREL,False
2021-10-15,BRENT_CRUDE,BRENT_CRUDE,84.67,,,,alpha_vantage,BRENT,benchmark_spot,USD,USD_PER_BARREL,False
2021-10-18,BRENT_CRUDE,BRENT_CRUDE,84.13,,,,alpha_vantage,BRENT,benchmark_spot,USD,USD_PER_BARREL,False
2021-10-19,BRENT_CRUDE,BRENT_CRUDE,85.02,,,,alpha_vantage,BRENT,benchmark_spot,USD,USD_PER_BARREL,False
2021-10-20,BRENT_CRUDE,BRENT_CRUDE,85.76,,,,alpha_vantage,BRENT,benchmark_spot,USD,USD_PER_BARREL,False
2021-10-21,BRENT_CRUDE,BRENT_CRUDE,84.58,,,,alpha_vantage,BRENT,benchmark_spot,USD,USD_PER_BARREL,False
2021-10-22,BRENT_CRUDE,BRENT_CRUDE,85.43,,,,alpha_vantage,BRENT,benchmark_spot,USD,USD_PER_BARREL,False
2021-10-25,BRENT_CRUDE,BRENT_CRUDE,84.85,,,,alpha_vantage,BRENT,benchmark_spot,USD,USD_PER_BARREL,False
2021-10-26,BRENT_CRUDE,BRENT_CRUDE,85.11,,,,alpha_vantage,BRENT,benchmark_spot,USD,USD_PER_BARREL,False
2021-10-27,BRENT_CRUDE,BRENT_CRUDE,84.12,,,,alpha_vantage,BRENT,benchmark_spot,USD,USD_PER_BARREL,False
2021-10-28,BRENT_CRUDE,BRENT_CRUDE,83.4,,,,alpha_vantage,BRENT,benchmark_spot,USD,USD_PER_BARREL,False
2021-10-29,BRENT_CRUDE,BRENT_CRUDE,83.1,,,,alpha_vantage,BRENT,benchmark_spot,USD,USD_PER_BARREL,False
2021-11-01,BRENT_CRUDE,BRENT_CRUDE,84.51,,,,alpha_vantage,BRENT,benchmark_spot,USD,USD_PER_BARREL,False
2021-11-02,BRENT_CRUDE,BRENT_CRUDE,84.42,,,,alpha_vantage,BRENT,benchmark_spot,USD,USD_PER_BARREL,False
2021-11-03,BRENT_CRUDE,BRENT_CRUDE,81.1,,,,alpha_vantage,BRENT,benchmark_spot,USD,USD_PER_BARREL,False
2021-11-04,BRENT_CRUDE,BRENT_CRUDE,80.15,,,,alpha_vantage,BRENT,benchmark_spot,USD,USD_PER_BARREL,False
2021-11-05,BRENT_CRUDE,BRENT_CRUDE,82.43,,,,alpha_vantage,BRENT,benchmark_spot,USD,USD_PER_BARREL,False
2021-11-08,BRENT_CRUDE,BRENT_CRUDE,83.22,,,,alpha_vantage,BRENT,benchmark_spot,USD,USD_PER_BARREL,False
2021-11-09,BRENT_CRUDE,BRENT_CRUDE,84.52,,,,alpha_vantage,BRENT,benchmark_spot,USD,USD_PER_BARREL,False
2021-11-10,BRENT_CRUDE,BRENT_CRUDE,82.91,,,,alpha_vantage,BRENT,benchmark_spot,USD,USD_PER_BARREL,False
2021-11-11,BRENT_CRUDE,BRENT_CRUDE,83.4,,,,alpha_vantage,BRENT,benchmark_spot,USD,USD_PER_BARREL,False
2021-11-12,BRENT_CRUDE,BRENT_CRUDE,82.9,,,,alpha_vantage,BRENT,benchmark_spot,USD,USD_PER_BARREL,False
2021-11-15,BRENT_CRUDE,BRENT_CRUDE,81.94,,,,alpha_vantage,BRENT,benchmark_spot,USD,USD_PER_BARREL,False
2021-11-16,BRENT_CRUDE,BRENT_CRUDE,82.85,,,,alpha_vantage,BRENT,benchmark_spot,USD,USD_PER_BARREL,False
2021-11-17,BRENT_CRUDE,BRENT_CRUDE,80.67,,,,alpha_vantage,BRENT,benchmark_spot,USD,USD_PER_BARREL,False
2021-11-18,BRENT_CRUDE,BRENT_CRUDE,82.45,,,,alpha_vantage,BRENT,benchmark_spot,USD,USD_PER_BARREL,False
2021-11-19,BRENT_CRUDE,BRENT_CRUDE,80.24,,,,alpha_vantage,BRENT,benchmark_spot,USD,USD_PER_BARREL,False
2021-11-22,BRENT_CRUDE,BRENT_CRUDE,80.97,,,,alpha_vantage,BRENT,benchmark_spot,USD,USD_PER_BARREL,False
2021-11-23,BRENT_CRUDE,BRENT_CRUDE,83.43,,,,alpha_vantage,BRENT,benchmark_spot,USD,USD_PER_BARREL,False
2021-11-24,BRENT_CRUDE,BRENT_CRUDE,82.37,,,,alpha_vantage,BRENT,benchmark_spot,USD,USD_PER_BARREL,False
2021-11-25,BRENT_CRUDE,BRENT_CRUDE,82.05,,,,alpha_vantage,BRENT,benchmark_spot,USD,USD_PER_BARREL,False
2021-11-26,BRENT_CRUDE,BRENT_CRUDE,72.37,,,,alpha_vantage,BRENT,benchmark_spot,USD,USD_PER_BARREL,False
2021-11-29,BRENT_CRUDE,BRENT_CRUDE,73.34,,,,alpha_vantage,BRENT,benchmark_spot,USD,USD_PER_BARREL,False
2021-11-30,BRENT_CRUDE,BRENT_CRUDE,70.86,,,,alpha_vantage,BRENT,benchmark_spot,USD,USD_PER_BARREL,False
2021-12-01,BRENT_CRUDE,BRENT_CRUDE,69.53,,,,alpha_vantage,BRENT,benchmark_spot,USD,USD_PER_BARREL,False
2021-12-02,BRENT_CRUDE,BRENT_CRUDE,70.56,,,,alpha_vantage,BRENT,benchmark_spot,USD,USD_PER_BARREL,False
2021-12-03,BRENT_CRUDE,BRENT_CRUDE,70.71,,,,alpha_vantage,BRENT,benchmark_spot,USD,USD_PER_BARREL,False
2021-12-06,BRENT_CRUDE,BRENT_CRUDE,73.38,,,,alpha_vantage,BRENT,benchmark_spot,USD,USD_PER_BARREL,False
2021-12-07,BRENT_CRUDE,BRENT_CRUDE,75.54,,,,alpha_vantage,BRENT,benchmark_spot,USD,USD_PER_BARREL,False
2021-12-08,BRENT_CRUDE,BRENT_CRUDE,75.94,,,,alpha_vantage,BRENT,benchmark_spot,USD,USD_PER_BARREL,False
2021-12-09,BRENT_CRUDE,BRENT_CRUDE,74.1,,,,alpha_vantage,BRENT,benchmark_spot,USD,USD_PER_BARREL,False
2021-12-10,BRENT_CRUDE,BRENT_CRUDE,74.98,,,,alpha_vantage,BRENT,benchmark_spot,USD,USD_PER_BARREL,False
2021-12-13,BRENT_CRUDE,BRENT_CRUDE,74.12,,,,alpha_vantage,BRENT,benchmark_spot,USD,USD_PER_BARREL,False
2021-12-14,BRENT_CRUDE,BRENT_CRUDE,73.37,,,,alpha_vantage,BRENT,benchmark_spot,USD,USD_PER_BARREL,False
2021-12-15,BRENT_CRUDE,BRENT_CRUDE,73.71,,,,alpha_vantage,BRENT,benchmark_spot,USD,USD_PER_BARREL,False
2021-12-16,BRENT_CRUDE,BRENT_CRUDE,74.64,,,,alpha_vantage,BRENT,benchmark_spot,USD,USD_PER_BARREL,False
2021-12-17,BRENT_CRUDE,BRENT_CRUDE,72.97,,,,alpha_vantage,BRENT,benchmark_spot,USD,USD_PER_BARREL,False
2021-12-20,BRENT_CRUDE,BRENT_CRUDE,70.51,,,,alpha_vantage,BRENT,benchmark_spot,USD,USD_PER_BARREL,False
2021-12-21,BRENT_CRUDE,BRENT_CRUDE,72.85,,,,alpha_vantage,BRENT,benchmark_spot,USD,USD_PER_BARREL,False
2021-12-22,BRENT_CRUDE,BRENT_CRUDE,74.69,,,,alpha_vantage,BRENT,benchmark_spot,USD,USD_PER_BARREL,False
2021-12-23,BRENT_CRUDE,BRENT_CRUDE,76.26,,,,alpha_vantage,BRENT,benchmark_spot,USD,USD_PER_BARREL,False
2021-12-24,BRENT_CRUDE,BRENT_CRUDE,75.24,,,,alpha_vantage,BRENT,benchmark_spot,USD,USD_PER_BARREL,False
2021-12-29,BRENT_CRUDE,BRENT_CRUDE,78.63,,,,alpha_vantage,BRENT,benchmark_spot,USD,USD_PER_BARREL,False
2021-12-30,BRENT_CRUDE,BRENT_CRUDE,78.61,,,,alpha_vantage,BRENT,benchmark_spot,USD,USD_PER_BARREL,False
2021-12-31,BRENT_CRUDE,BRENT_CRUDE,77.24,,,,alpha_vantage,BRENT,benchmark_spot,USD,USD_PER_BARREL,False
2022-01-03,BRENT_CRUDE,BRENT_CRUDE,78.25,,,,alpha_vantage,BRENT,benchmark_spot,USD,USD_PER_BARREL,False
2022-01-04,BRENT_CRUDE,BRENT_CRUDE,79.39,,,,alpha_vantage,BRENT,benchmark_spot,USD,USD_PER_BARREL,False
2022-01-05,BRENT_CRUDE,BRENT_CRUDE,80.6,,,,alpha_vantage,BRENT,benchmark_spot,USD,USD_PER_BARREL,False
2022-01-06,BRENT_CRUDE,BRENT_CRUDE,81.99,,,,alpha_vantage,BRENT,benchmark_spot,USD,USD_PER_BARREL,False
2022-01-07,BRENT_CRUDE,BRENT_CRUDE,82.28,,,,alpha_vantage,BRENT,benchmark_spot,USD,USD_PER_BARREL,False
2022-01-10,BRENT_CRUDE,BRENT_CRUDE,81.56,,,,alpha_vantage,BRENT,benchmark_spot,USD,USD_PER_BARREL,False
2022-01-11,BRENT_CRUDE,BRENT_CRUDE,84.98,,,,alpha_vantage,BRENT,benchmark_spot,USD,USD_PER_BARREL,False
2022-01-12,BRENT_CRUDE,BRENT_CRUDE,85.83,,,,alpha_vantage,BRENT,benchmark_spot,USD,USD_PER_BARREL,False
2022-01-13,BRENT_CRUDE,BRENT_CRUDE,85.8,,,,alpha_vantage,BRENT,benchmark_spot,USD,USD_PER_BARREL,False
2022-01-14,BRENT_CRUDE,BRENT_CRUDE,87.17,,,,alpha_vantage,BRENT,benchmark_spot,USD,USD_PER_BARREL,False
2022-01-17,BRENT_CRUDE,BRENT_CRUDE,87.82,,,,alpha_vantage,BRENT,benchmark_spot,USD,USD_PER_BARREL,False
2022-01-18,BRENT_CRUDE,BRENT_CRUDE,88.83,,,,alpha_vantage,BRENT,benchmark_spot,USD,USD_PER_BARREL,False
2022-01-19,BRENT_CRUDE,BRENT_CRUDE,89.64,,,,alpha_vantage,BRENT,benchmark_spot,USD,USD_PER_BARREL,False
2022-01-20,BRENT_CRUDE,BRENT_CRUDE,89.75,,,,alpha_vantage,BRENT,benchmark_spot,USD,USD_PER_BARREL,False
2022-01-21,BRENT_CRUDE,BRENT_CRUDE,89.75,,,,alpha_vantage,BRENT,benchmark_spot,USD,USD_PER_BARREL,False
2022-01-24,BRENT_CRUDE,BRENT_CRUDE,87.74,,,,alpha_vantage,BRENT,benchmark_spot,USD,USD_PER_BARREL,False
2022-01-25,BRENT_CRUDE,BRENT_CRUDE,89.49,,,,alpha_vantage,BRENT,benchmark_spot,USD,USD_PER_BARREL,False
2022-01-26,BRENT_CRUDE,BRENT_CRUDE,91.22,,,,alpha_vantage,BRENT,benchmark_spot,USD,USD_PER_BARREL,False
2022-01-27,BRENT_CRUDE,BRENT_CRUDE,90.7,,,,alpha_vantage,BRENT,benchmark_spot,USD,USD_PER_BARREL,False
2022-01-28,BRENT_CRUDE,BRENT_CRUDE,91.47,,,,alpha_vantage,BRENT,benchmark_spot,USD,USD_PER_BARREL,False
2022-01-31,BRENT_CRUDE,BRENT_CRUDE,92.35,,,,alpha_vantage,BRENT,benchmark_spot,USD,USD_PER_BARREL,False
2022-02-01,BRENT_CRUDE,BRENT_CRUDE,90.24,,,,alpha_vantage,BRENT,benchmark_spot,USD,USD_PER_BARREL,False
2022-02-02,BRENT_CRUDE,BRENT_CRUDE,91.43,,,,alpha_vantage,BRENT,benchmark_spot,USD,USD_PER_BARREL,False
2022-02-03,BRENT_CRUDE,BRENT_CRUDE,92.99,,,,alpha_vantage,BRENT,benchmark_spot,USD,USD_PER_BARREL,False
2022-02-04,BRENT_CRUDE,BRENT_CRUDE,96.86,,,,alpha_vantage,BRENT,benchmark_spot,USD,USD_PER_BARREL,False
2022-02-07,BRENT_CRUDE,BRENT_CRUDE,97.28,,,,alpha_vantage,BRENT,benchmark_spot,USD,USD_PER_BARREL,False
2022-02-08,BRENT_CRUDE,BRENT_CRUDE,96.07,,,,alpha_vantage,BRENT,benchmark_spot,USD,USD_PER_BARREL,False
2022-02-09,BRENT_CRUDE,BRENT_CRUDE,94.95,,,,alpha_vantage,BRENT,benchmark_spot,USD,USD_PER_BARREL,False
2022-02-10,BRENT_CRUDE,BRENT_CRUDE,96.37,,,,alpha_vantage,BRENT,benchmark_spot,USD,USD_PER_BARREL,False
2022-02-11,BRENT_CRUDE,BRENT_CRUDE,97.5,,,,alpha_vantage,BRENT,benchmark_spot,USD,USD_PER_BARREL,False
2022-02-14,BRENT_CRUDE,BRENT_CRUDE,101.66,,,,alpha_vantage,BRENT,benchmark_spot,USD,USD_PER_BARREL,False
2022-02-15,BRENT_CRUDE,BRENT_CRUDE,98.43,,,,alpha_vantage,BRENT,benchmark_spot,USD,USD_PER_BARREL,False
2022-02-16,BRENT_CRUDE,BRENT_CRUDE,97.44,,,,alpha_vantage,BRENT,benchmark_spot,USD,USD_PER_BARREL,False
2022-02-17,BRENT_CRUDE,BRENT_CRUDE,95.28,,,,alpha_vantage,BRENT,benchmark_spot,USD,USD_PER_BARREL,False
2022-02-18,BRENT_CRUDE,BRENT_CRUDE,96.18,,,,alpha_vantage,BRENT,benchmark_spot,USD,USD_PER_BARREL,False
2022-02-21,BRENT_CRUDE,BRENT_CRUDE,98.95,,,,alpha_vantage,BRENT,benchmark_spot,USD,USD_PER_BARREL,False
2022-02-22,BRENT_CRUDE,BRENT_CRUDE,98.73,,,,alpha_vantage,BRENT,benchmark_spot,USD,USD_PER_BARREL,False
2022-02-23,BRENT_CRUDE,BRENT_CRUDE,99.29,,,,alpha_vantage,BRENT,benchmark_spot,USD,USD_PER_BARREL,False
2022-02-24,BRENT_CRUDE,BRENT_CRUDE,101.29,,,,alpha_vantage,BRENT,benchmark_spot,USD,USD_PER_BARREL,False
2022-02-25,BRENT_CRUDE,BRENT_CRUDE,98.56,,,,alpha_vantage,BRENT,benchmark_spot,USD,USD_PER_BARREL,False
2022-02-28,BRENT_CRUDE,BRENT_CRUDE,103.08,,,,alpha_vantage,BRENT,benchmark_spot,USD,USD_PER_BARREL,False
2022-03-01,BRENT_CRUDE,BRENT_CRUDE,110.93,,,,alpha_vantage,BRENT,benchmark_spot,USD,USD_PER_BARREL,False
2022-03-02,BRENT_CRUDE,BRENT_CRUDE,118.94,,,,alpha_vantage,BRENT,benchmark_spot,USD,USD_PER_BARREL,False
2022-03-03,BRENT_CRUDE,BRENT_CRUDE,115.36,,,,alpha_vantage,BRENT,benchmark_spot,USD,USD_PER_BARREL,False
2022-03-04,BRENT_CRUDE,BRENT_CRUDE,123.86,,,,alpha_vantage,BRENT,benchmark_spot,USD,USD_PER_BARREL,False
2022-03-07,BRENT_CRUDE,BRENT_CRUDE,129.02,,,,alpha_vantage,BRENT,benchmark_spot,USD,USD_PER_BARREL,False
2022-03-08,BRENT_CRUDE,BRENT_CRUDE,133.18,,,,alpha_vantage,BRENT,benchmark_spot,USD,USD_PER_BARREL,False
2022-03-09,BRENT_CRUDE,BRENT_CRUDE,116.58,,,,alpha_vantage,BRENT,benchmark_spot,USD,USD_PER_BARREL,False
2022-03-10,BRENT_CRUDE,BRENT_CRUDE,114.54,,,,alpha_vantage,BRENT,benchmark_spot,USD,USD_PER_BARREL,False
2022-03-11,BRENT_CRUDE,BRENT_CRUDE,118.11,,,,alpha_vantage,BRENT,benchmark_spot,USD,USD_PER_BARREL,False
2022-03-14,BRENT_CRUDE,BRENT_CRUDE,110.39,,,,alpha_vantage,BRENT,benchmark_spot,USD,USD_PER_BARREL,False
2022-03-15,BRENT_CRUDE,BRENT_CRUDE,105.14,,,,alpha_vantage,BRENT,benchmark_spot,USD,USD_PER_BARREL,False
2022-03-16,BRENT_CRUDE,BRENT_CRUDE,104.61,,,,alpha_vantage,BRENT,benchmark_spot,USD,USD_PER_BARREL,False
2022-03-17,BRENT_CRUDE,BRENT_CRUDE,113.5,,,,alpha_vantage,BRENT,benchmark_spot,USD,USD_PER_BARREL,False
2022-03-18,BRENT_CRUDE,BRENT_CRUDE,114.32,,,,alpha_vantage,BRENT,benchmark_spot,USD,USD_PER_BARREL,False
2022-03-21,BRENT_CRUDE,BRENT_CRUDE,122.29,,,,alpha_vantage,BRENT,benchmark_spot,USD,USD_PER_BARREL,False
2022-03-22,BRENT_CRUDE,BRENT_CRUDE,121.53,,,,alpha_vantage,BRENT,benchmark_spot,USD,USD_PER_BARREL,False
2022-03-23,BRENT_CRUDE,BRENT_CRUDE,127.52,,,,alpha_vantage,BRENT,benchmark_spot,USD,USD_PER_BARREL,False
2022-03-24,BRENT_CRUDE,BRENT_CRUDE,123.98,,,,alpha_vantage,BRENT,benchmark_spot,USD,USD_PER_BARREL,False
2022-03-25,BRENT_CRUDE,BRENT_CRUDE,122.67,,,,alpha_vantage,BRENT,benchmark_spot,USD,USD_PER_BARREL,False
2022-03-28,BRENT_CRUDE,BRENT_CRUDE,114.5,,,,alpha_vantage,BRENT,benchmark_spot,USD,USD_PER_BARREL,False
2022-03-29,BRENT_CRUDE,BRENT_CRUDE,112.79,,,,alpha_vantage,BRENT,benchmark_spot,USD,USD_PER_BARREL,False
2022-03-30,BRENT_CRUDE,BRENT_CRUDE,115.59,,,,alpha_vantage,BRENT,benchmark_spot,USD,USD_PER_BARREL,False
2022-03-31,BRENT_CRUDE,BRENT_CRUDE,107.29,,,,alpha_vantage,BRENT,benchmark_spot,USD,USD_PER_BARREL,False
2022-04-01,BRENT_CRUDE,BRENT_CRUDE,106.13,,,,alpha_vantage,BRENT,benchmark_spot,USD,USD_PER_BARREL,False
2022-04-04,BRENT_CRUDE,BRENT_CRUDE,108.15,,,,alpha_vantage,BRENT,benchmark_spot,USD,USD_PER_BARREL,False
2022-04-05,BRENT_CRUDE,BRENT_CRUDE,106.6,,,,alpha_vantage,BRENT,benchmark_spot,USD,USD_PER_BARREL,False
2022-04-06,BRENT_CRUDE,BRENT_CRUDE,100.81,,,,alpha_vantage,BRENT,benchmark_spot,USD,USD_PER_BARREL,False
2022-04-07,BRENT_CRUDE,BRENT_CRUDE,99.83,,,,alpha_vantage,BRENT,benchmark_spot,USD,USD_PER_BARREL,False
2022-04-08,BRENT_CRUDE,BRENT_CRUDE,101.26,,,,alpha_vantage,BRENT,benchmark_spot,USD,USD_PER_BARREL,False
2022-04-11,BRENT_CRUDE,BRENT_CRUDE,97.92,,,,alpha_vantage,BRENT,benchmark_spot,USD,USD_PER_BARREL,False
2022-04-12,BRENT_CRUDE,BRENT_CRUDE,104.42,,,,alpha_vantage,BRENT,benchmark_spot,USD,USD_PER_BARREL,False
2022-04-13,BRENT_CRUDE,BRENT_CRUDE,108.49,,,,alpha_vantage,BRENT,benchmark_spot,USD,USD_PER_BARREL,False
2022-04-14,BRENT_CRUDE,BRENT_CRUDE,110.83,,,,alpha_vantage,BRENT,benchmark_spot,USD,USD_PER_BARREL,False
2022-04-19,BRENT_CRUDE,BRENT_CRUDE,105.49,,,,alpha_vantage,BRENT,benchmark_spot,USD,USD_PER_BARREL,False
2022-04-20,BRENT_CRUDE,BRENT_CRUDE,105.05,,,,alpha_vantage,BRENT,benchmark_spot,USD,USD_PER_BARREL,False
2022-04-21,BRENT_CRUDE,BRENT_CRUDE,107.2,,,,alpha_vantage,BRENT,benchmark_spot,USD,USD_PER_BARREL,False
2022-04-22,BRENT_CRUDE,BRENT_CRUDE,105.15,,,,alpha_vantage,BRENT,benchmark_spot,USD,USD_PER_BARREL,False
2022-04-25,BRENT_CRUDE,BRENT_CRUDE,99.27,,,,alpha_vantage,BRENT,benchmark_spot,USD,USD_PER_BARREL,False
2022-04-26,BRENT_CRUDE,BRENT_CRUDE,102.89,,,,alpha_vantage,BRENT,benchmark_spot,USD,USD_PER_BARREL,False
2022-04-27,BRENT_CRUDE,BRENT_CRUDE,103.3,,,,alpha_vantage,BRENT,benchmark_spot,USD,USD_PER_BARREL,False
2022-04-28,BRENT_CRUDE,BRENT_CRUDE,105.78,,,,alpha_vantage,BRENT,benchmark_spot,USD,USD_PER_BARREL,False
2022-04-29,BRENT_CRUDE,BRENT_CRUDE,108.36,,,,alpha_vantage,BRENT,benchmark_spot,USD,USD_PER_BARREL,False
2022-05-03,BRENT_CRUDE,BRENT_CRUDE,104.94,,,,alpha_vantage,BRENT,benchmark_spot,USD,USD_PER_BARREL,False
2022-05-04,BRENT_CRUDE,BRENT_CRUDE,110.53,,,,alpha_vantage,BRENT,benchmark_spot,USD,USD_PER_BARREL,False
2022-05-05,BRENT_CRUDE,BRENT_CRUDE,112.11,,,,alpha_vantage,BRENT,benchmark_spot,USD,USD_PER_BARREL,False
2022-05-06,BRENT_CRUDE,BRENT_CRUDE,113.86,,,,alpha_vantage,BRENT,benchmark_spot,USD,USD_PER_BARREL,False
2022-05-09,BRENT_CRUDE,BRENT_CRUDE,106.67,,,,alpha_vantage,BRENT,benchmark_spot,USD,USD_PER_BARREL,False
2022-05-10,BRENT_CRUDE,BRENT_CRUDE,102.61,,,,alpha_vantage,BRENT,benchmark_spot,USD,USD_PER_BARREL,False
2022-05-11,BRENT_CRUDE,BRENT_CRUDE,107.7,,,,alpha_vantage,BRENT,benchmark_spot,USD,USD_PER_BARREL,False
2022-05-12,BRENT_CRUDE,BRENT_CRUDE,108.06,,,,alpha_vantage,BRENT,benchmark_spot,USD,USD_PER_BARREL,False
2022-05-13,BRENT_CRUDE,BRENT_CRUDE,112.12,,,,alpha_vantage,BRENT,benchmark_spot,USD,USD_PER_BARREL,False
2022-05-16,BRENT_CRUDE,BRENT_CRUDE,114.86,,,,alpha_vantage,BRENT,benchmark_spot,USD,USD_PER_BARREL,False
2022-05-17,BRENT_CRUDE,BRENT_CRUDE,112.89,,,,alpha_vantage,BRENT,benchmark_spot,USD,USD_PER_BARREL,False
2022-05-18,BRENT_CRUDE,BRENT_CRUDE,110.04,,,,alpha_vantage,BRENT,benchmark_spot,USD,USD_PER_BARREL,False
2022-05-19,BRENT_CRUDE,BRENT_CRUDE,113.22,,,,alpha_vantage,BRENT,benchmark_spot,USD,USD_PER_BARREL,False
2022-05-20,BRENT_CRUDE,BRENT_CRUDE,113.63,,,,alpha_vantage,BRENT,benchmark_spot,USD,USD_PER_BARREL,False
2022-05-23,BRENT_CRUDE,BRENT_CRUDE,115.13,,,,alpha_vantage,BRENT,benchmark_spot,USD,USD_PER_BARREL,False
2022-05-24,BRENT_CRUDE,BRENT_CRUDE,115.77,,,,alpha_vantage,BRENT,benchmark_spot,USD,USD_PER_BARREL,False
2022-05-25,BRENT_CRUDE,BRENT_CRUDE,116.41,,,,alpha_vantage,BRENT,benchmark_spot,USD,USD_PER_BARREL,False
2022-05-26,BRENT_CRUDE,BRENT_CRUDE,119.81,,,,alpha_vantage,BRENT,benchmark_spot,USD,USD_PER_BARREL,False
2022-05-27,BRENT_CRUDE,BRENT_CRUDE,121.19,,,,alpha_vantage,BRENT,benchmark_spot,USD,USD_PER_BARREL,False
2022-05-30,BRENT_CRUDE,BRENT_CRUDE,123.01,,,,alpha_vantage,BRENT,benchmark_spot,USD,USD_PER_BARREL,False
2022-05-31,BRENT_CRUDE,BRENT_CRUDE,125.53,,,,alpha_vantage,BRENT,benchmark_spot,USD,USD_PER_BARREL,False
2022-06-01,BRENT_CRUDE,BRENT_CRUDE,122.2,,,,alpha_vantage,BRENT,benchmark_spot,USD,USD_PER_BARREL,False
2022-06-03,BRENT_CRUDE,BRENT_CRUDE,125.68,,,,alpha_vantage,BRENT,benchmark_spot,USD,USD_PER_BARREL,False
2022-06-06,BRENT_CRUDE,BRENT_CRUDE,124.99,,,,alpha_vantage,BRENT,benchmark_spot,USD,USD_PER_BARREL,False
2022-06-07,BRENT_CRUDE,BRENT_CRUDE,126.89,,,,alpha_vantage,BRENT,benchmark_spot,USD,USD_PER_BARREL,False
2022-06-08,BRENT_CRUDE,BRENT_CRUDE,129.2,,,,alpha_vantage,BRENT,benchmark_spot,USD,USD_PER_BARREL,False
2022-06-09,BRENT_CRUDE,BRENT_CRUDE,128.47,,,,alpha_vantage,BRENT,benchmark_spot,USD,USD_PER_BARREL,False
2022-06-10,BRENT_CRUDE,BRENT_CRUDE,127.44,,,,alpha_vantage,BRENT,benchmark_spot,USD,USD_PER_BARREL,False
2022-06-13,BRENT_CRUDE,BRENT_CRUDE,128.44,,,,alpha_vantage,BRENT,benchmark_spot,USD,USD_PER_BARREL,False
2022-06-14,BRENT_CRUDE,BRENT_CRUDE,127.02,,,,alpha_vantage,BRENT,benchmark_spot,USD,USD_PER_BARREL,False
2022-06-15,BRENT_CRUDE,BRENT_CRUDE,124.96,,,,alpha_vantage,BRENT,benchmark_spot,USD,USD_PER_BARREL,False
2022-06-16,BRENT_CRUDE,BRENT_CRUDE,125.78,,,,alpha_vantage,BRENT,benchmark_spot,USD,USD_PER_BARREL,False
2022-06-17,BRENT_CRUDE,BRENT_CRUDE,119.22,,,,alpha_vantage,BRENT,benchmark_spot,USD,USD_PER_BARREL,False
2022-06-20,BRENT_CRUDE,BRENT_CRUDE,118.25,,,,alpha_vantage,BRENT,benchmark_spot,USD,USD_PER_BARREL,False
2022-06-21,BRENT_CRUDE,BRENT_CRUDE,118.51,,,,alpha_vantage,BRENT,benchmark_spot,USD,USD_PER_BARREL,False
2022-06-22,BRENT_CRUDE,BRENT_CRUDE,115.54,,,,alpha_vantage,BRENT,benchmark_spot,USD,USD_PER_BARREL,False
2022-06-23,BRENT_CRUDE,BRENT_CRUDE,114.5,,,,alpha_vantage,BRENT,benchmark_spot,USD,USD_PER_BARREL,False
2022-06-24,BRENT_CRUDE,BRENT_CRUDE,117.36,,,,alpha_vantage,BRENT,benchmark_spot,USD,USD_PER_BARREL,False
2022-06-27,BRENT_CRUDE,BRENT_CRUDE,119.69,,,,alpha_vantage,BRENT,benchmark_spot,USD,USD_PER_BARREL,False
2022-06-28,BRENT_CRUDE,BRENT_CRUDE,122.21,,,,alpha_vantage,BRENT,benchmark_spot,USD,USD_PER_BARREL,False
2022-06-29,BRENT_CRUDE,BRENT_CRUDE,120.8,,,,alpha_vantage,BRENT,benchmark_spot,USD,USD_PER_BARREL,False
2022-06-30,BRENT_CRUDE,BRENT_CRUDE,119.78,,,,alpha_vantage,BRENT,benchmark_spot,USD,USD_PER_BARREL,False
2022-07-01,BRENT_CRUDE,BRENT_CRUDE,119.21,,,,alpha_vantage,BRENT,benchmark_spot,USD,USD_PER_BARREL,False
2022-07-04,BRENT_CRUDE,BRENT_CRUDE,121.8,,,,alpha_vantage,BRENT,benchmark_spot,USD,USD_PER_BARREL,False
2022-07-05,BRENT_CRUDE,BRENT_CRUDE,110.49,,,,alpha_vantage,BRENT,benchmark_spot,USD,USD_PER_BARREL,False
2022-07-06,BRENT_CRUDE,BRENT_CRUDE,108.54,,,,alpha_vantage,BRENT,benchmark_spot,USD,USD_PER_BARREL,False
2022-07-07,BRENT_CRUDE,BRENT_CRUDE,113.4,,,,alpha_vantage,BRENT,benchmark_spot,USD,USD_PER_BARREL,False
2022-07-08,BRENT_CRUDE,BRENT_CRUDE,113.95,,,,alpha_vantage,BRENT,benchmark_spot,USD,USD_PER_BARREL,False
2022-07-11,BRENT_CRUDE,BRENT_CRUDE,114.85,,,,alpha_vantage,BRENT,benchmark_spot,USD,USD_PER_BARREL,False
2022-07-12,BRENT_CRUDE,BRENT_CRUDE,106.98,,,,alpha_vantage,BRENT,benchmark_spot,USD,USD_PER_BARREL,False
2022-07-13,BRENT_CRUDE,BRENT_CRUDE,107.17,,,,alpha_vantage,BRENT,benchmark_spot,USD,USD_PER_BARREL,False
2022-07-14,BRENT_CRUDE,BRENT_CRUDE,107.74,,,,alpha_vantage,BRENT,benchmark_spot,USD,USD_PER_BARREL,False
2022-07-15,BRENT_CRUDE,BRENT_CRUDE,112.26,,,,alpha_vantage,BRENT,benchmark_spot,USD,USD_PER_BARREL,False
2022-07-18,BRENT_CRUDE,BRENT_CRUDE,117.27,,,,alpha_vantage,BRENT,benchmark_spot,USD,USD_PER_BARREL,False
2022-07-19,BRENT_CRUDE,BRENT_CRUDE,114.96,,,,alpha_vantage,BRENT,benchmark_spot,USD,USD_PER_BARREL,False
2022-07-20,BRENT_CRUDE,BRENT_CRUDE,115.86,,,,alpha_vantage,BRENT,benchmark_spot,USD,USD_PER_BARREL,False
2022-07-21,BRENT_CRUDE,BRENT_CRUDE,112.81,,,,alpha_vantage,BRENT,benchmark_spot,USD,USD_PER_BARREL,False
2022-07-22,BRENT_CRUDE,BRENT_CRUDE,106.77,,,,alpha_vantage,BRENT,benchmark_spot,USD,USD_PER_BARREL,False
2022-07-25,BRENT_CRUDE,BRENT_CRUDE,108.23,,,,alpha_vantage,BRENT,benchmark_spot,USD,USD_PER_BARREL,False
2022-07-26,BRENT_CRUDE,BRENT_CRUDE,107.32,,,,alpha_vantage,BRENT,benchmark_spot,USD,USD_PER_BARREL,False
2022-07-27,BRENT_CRUDE,BRENT_CRUDE,109.64,,,,alpha_vantage,BRENT,benchmark_spot,USD,USD_PER_BARREL,False
2022-07-28,BRENT_CRUDE,BRENT_CRUDE,109.68,,,,alpha_vantage,BRENT,benchmark_spot,USD,USD_PER_BARREL,False
2022-07-29,BRENT_CRUDE,BRENT_CRUDE,111.51,,,,alpha_vantage,BRENT,benchmark_spot,USD,USD_PER_BARREL,False
2022-08-01,BRENT_CRUDE,BRENT_CRUDE,106.09,,,,alpha_vantage,BRENT,benchmark_spot,USD,USD_PER_BARREL,False
2022-08-02,BRENT_CRUDE,BRENT_CRUDE,106.51,,,,alpha_vantage,BRENT,benchmark_spot,USD,USD_PER_BARREL,False
2022-08-03,BRENT_CRUDE,BRENT_CRUDE,101.82,,,,alpha_vantage,BRENT,benchmark_spot,USD,USD_PER_BARREL,False
2022-08-04,BRENT_CRUDE,BRENT_CRUDE,97.99,,,,alpha_vantage,BRENT,benchmark_spot,USD,USD_PER_BARREL,False
2022-08-05,BRENT_CRUDE,BRENT_CRUDE,100.31,,,,alpha_vantage,BRENT,benchmark_spot,USD,USD_PER_BARREL,False
2022-08-08,BRENT_CRUDE,BRENT_CRUDE,103.46,,,,alpha_vantage,BRENT,benchmark_spot,USD,USD_PER_BARREL,False
2022-08-09,BRENT_CRUDE,BRENT_CRUDE,103.81,,,,alpha_vantage,BRENT,benchmark_spot,USD,USD_PER_BARREL,False
2022-08-10,BRENT_CRUDE,BRENT_CRUDE,105.06,,,,alpha_vantage,BRENT,benchmark_spot,USD,USD_PER_BARREL,False
2022-08-11,BRENT_CRUDE,BRENT_CRUDE,107.19,,,,alpha_vantage,BRENT,benchmark_spot,USD,USD_PER_BARREL,False
2022-08-12,BRENT_CRUDE,BRENT_CRUDE,103.7,,,,alpha_vantage,BRENT,benchmark_spot,USD,USD_PER_BARREL,False
2022-08-15,BRENT_CRUDE,BRENT_CRUDE,98.25,,,,alpha_vantage,BRENT,benchmark_spot,USD,USD_PER_BARREL,False
2022-08-16,BRENT_CRUDE,BRENT_CRUDE,95.36,,,,alpha_vantage,BRENT,benchmark_spot,USD,USD_PER_BARREL,False
2022-08-17,BRENT_CRUDE,BRENT_CRUDE,97.22,,,,alpha_vantage,BRENT,benchmark_spot,USD,USD_PER_BARREL,False
2022-08-18,BRENT_CRUDE,BRENT_CRUDE,96.35,,,,alpha_vantage,BRENT,benchmark_spot,USD,USD_PER_BARREL,False
2022-08-19,BRENT_CRUDE,BRENT_CRUDE,96.45,,,,alpha_vantage,BRENT,benchmark_spot,USD,USD_PER_BARREL,False
2022-08-22,BRENT_CRUDE,BRENT_CRUDE,95.06,,,,alpha_vantage,BRENT,benchmark_spot,USD,USD_PER_BARREL,False
2022-08-23,BRENT_CRUDE,BRENT_CRUDE,99.49,,,,alpha_vantage,BRENT,benchmark_spot,USD,USD_PER_BARREL,False
2022-08-24,BRENT_CRUDE,BRENT_CRUDE,99.87,,,,alpha_vantage,BRENT,benchmark_spot,USD,USD_PER_BARREL,False
2022-08-25,BRENT_CRUDE,BRENT_CRUDE,98.81,,,,alpha_vantage,BRENT,benchmark_spot,USD,USD_PER_BARREL,False
2022-08-26,BRENT_CRUDE,BRENT_CRUDE,101.13,,,,alpha_vantage,BRENT,benchmark_spot,USD,USD_PER_BARREL,False
2022-08-30,BRENT_CRUDE,BRENT_CRUDE,99.34,,,,alpha_vantage,BRENT,benchmark_spot,USD,USD_PER_BARREL,False
2022-08-31,BRENT_CRUDE,BRENT_CRUDE,96.55,,,,alpha_vantage,BRENT,benchmark_spot,USD,USD_PER_BARREL,False
2022-09-01,BRENT_CRUDE,BRENT_CRUDE,92.24,,,,alpha_vantage,BRENT,benchmark_spot,USD,USD_PER_BARREL,False
2022-09-02,BRENT_CRUDE,BRENT_CRUDE,93.09,,,,alpha_vantage,BRENT,benchmark_spot,USD,USD_PER_BARREL,False
2022-09-05,BRENT_CRUDE,BRENT_CRUDE,94.22,,,,alpha_vantage,BRENT,benchmark_spot,USD,USD_PER_BARREL,False
2022-09-06,BRENT_CRUDE,BRENT_CRUDE,91.43,,,,alpha_vantage,BRENT,benchmark_spot,USD,USD_PER_BARREL,False
2022-09-07,BRENT_CRUDE,BRENT_CRUDE,86.83,,,,alpha_vantage,BRENT,benchmark_spot,USD,USD_PER_BARREL,False
2022-09-08,BRENT_CRUDE,BRENT_CRUDE,87.99,,,,alpha_vantage,BRENT,benchmark_spot,USD,USD_PER_BARREL,False
2022-09-09,BRENT_CRUDE,BRENT_CRUDE,91.68,,,,alpha_vantage,BRENT,benchmark_spot,USD,USD_PER_BARREL,False
2022-09-12,BRENT_CRUDE,BRENT_CRUDE,93.45,,,,alpha_vantage,BRENT,benchmark_spot,USD,USD_PER_BARREL,False
2022-09-13,BRENT_CRUDE,BRENT_CRUDE,92.04,,,,alpha_vantage,BRENT,benchmark_spot,USD,USD_PER_BARREL,False
2022-09-14,BRENT_CRUDE,BRENT_CRUDE,92.83,,,,alpha_vantage,BRENT,benchmark_spot,USD,USD_PER_BARREL,False
2022-09-15,BRENT_CRUDE,BRENT_CRUDE,89.28,,,,alpha_vantage,BRENT,benchmark_spot,USD,USD_PER_BARREL,False
2022-09-16,BRENT_CRUDE,BRENT_CRUDE,89.43,,,,alpha_vantage,BRENT,benchmark_spot,USD,USD_PER_BARREL,False
2022-09-20,BRENT_CRUDE,BRENT_CRUDE,89.62,,,,alpha_vantage,BRENT,benchmark_spot,USD,USD_PER_BARREL,False
2022-09-21,BRENT_CRUDE,BRENT_CRUDE,89.86,,,,alpha_vantage,BRENT,benchmark_spot,USD,USD_PER_BARREL,False
2022-09-22,BRENT_CRUDE,BRENT_CRUDE,90.4,,,,alpha_vantage,BRENT,benchmark_spot,USD,USD_PER_BARREL,False
2022-09-23,BRENT_CRUDE,BRENT_CRUDE,84.29,,,,alpha_vantage,BRENT,benchmark_spot,USD,USD_PER_BARREL,False
2022-09-26,BRENT_CRUDE,BRENT_CRUDE,82.55,,,,alpha_vantage,BRENT,benchmark_spot,USD,USD_PER_BARREL,False
2022-09-27,BRENT_CRUDE,BRENT_CRUDE,85.97,,,,alpha_vantage,BRENT,benchmark_spot,USD,USD_PER_BARREL,False
2022-09-28,BRENT_CRUDE,BRENT_CRUDE,89.55,,,,alpha_vantage,BRENT,benchmark_spot,USD,USD_PER_BARREL,False
2022-09-29,BRENT_CRUDE,BRENT_CRUDE,89.41,,,,alpha_vantage,BRENT,benchmark_spot,USD,USD_PER_BARREL,False
2022-09-30,BRENT_CRUDE,BRENT_CRUDE,88.9,,,,alpha_vantage,BRENT,benchmark_spot,USD,USD_PER_BARREL,False
2022-10-03,BRENT_CRUDE,BRENT_CRUDE,90.68,,,,alpha_vantage,BRENT,benchmark_spot,USD,USD_PER_BARREL,False
2022-10-04,BRENT_CRUDE,BRENT_CRUDE,93.74,,,,alpha_vantage,BRENT,benchmark_spot,USD,USD_PER_BARREL,False
2022-10-05,BRENT_CRUDE,BRENT_CRUDE,94.35,,,,alpha_vantage,BRENT,benchmark_spot,USD,USD_PER_BARREL,False
2022-10-06,BRENT_CRUDE,BRENT_CRUDE,95.65,,,,alpha_vantage,BRENT,benchmark_spot,USD,USD_PER_BARREL,False
2022-10-07,BRENT_CRUDE,BRENT_CRUDE,98.88,,,,alpha_vantage,BRENT,benchmark_spot,USD,USD_PER_BARREL,False
2022-10-10,BRENT_CRUDE,BRENT_CRUDE,97.13,,,,alpha_vantage,BRENT,benchmark_spot,USD,USD_PER_BARREL,False
2022-10-11,BRENT_CRUDE,BRENT_CRUDE,95.17,,,,alpha_vantage,BRENT,benchmark_spot,USD,USD_PER_BARREL,False
2022-10-12,BRENT_CRUDE,BRENT_CRUDE,93.44,,,,alpha_vantage,BRENT,benchmark_spot,USD,USD_PER_BARREL,False
2022-10-13,BRENT_CRUDE,BRENT_CRUDE,95.16,,,,alpha_vantage,BRENT,benchmark_spot,USD,USD_PER_BARREL,False
2022-10-14,BRENT_CRUDE,BRENT_CRUDE,92.22,,,,alpha_vantage,BRENT,benchmark_spot,USD,USD_PER_BARREL,False
2022-10-17,BRENT_CRUDE,BRENT_CRUDE,91.04,,,,alpha_vantage,BRENT,benchmark_spot,USD,USD_PER_BARREL,False
2022-10-18,BRENT_CRUDE,BRENT_CRUDE,89.46,,,,alpha_vantage,BRENT,benchmark_spot,USD,USD_PER_BARREL,False
2022-10-19,BRENT_CRUDE,BRENT_CRUDE,91.34,,,,alpha_vantage,BRENT,benchmark_spot,USD,USD_PER_BARREL,False
2022-10-20,BRENT_CRUDE,BRENT_CRUDE,91.52,,,,alpha_vantage,BRENT,benchmark_spot,USD,USD_PER_BARREL,False
2022-10-21,BRENT_CRUDE,BRENT_CRUDE,91.82,,,,alpha_vantage,BRENT,benchmark_spot,USD,USD_PER_BARREL,False
2022-10-24,BRENT_CRUDE,BRENT_CRUDE,91.57,,,,alpha_vantage,BRENT,benchmark_spot,USD,USD_PER_BARREL,False
2022-10-25,BRENT_CRUDE,BRENT_CRUDE,91.76,,,,alpha_vantage,BRENT,benchmark_spot,USD,USD_PER_BARREL,False
2022-10-26,BRENT_CRUDE,BRENT_CRUDE,92.93,,,,alpha_vantage,BRENT,benchmark_spot,USD,USD_PER_BARREL,False
2022-10-27,BRENT_CRUDE,BRENT_CRUDE,94.17,,,,alpha_vantage,BRENT,benchmark_spot,USD,USD_PER_BARREL,False
2022-10-28,BRENT_CRUDE,BRENT_CRUDE,94.64,,,,alpha_vantage,BRENT,benchmark_spot,USD,USD_PER_BARREL,False
2022-10-31,BRENT_CRUDE,BRENT_CRUDE,93.3,,,,alpha_vantage,BRENT,benchmark_spot,USD,USD_PER_BARREL,False
2022-11-01,BRENT_CRUDE,BRENT_CRUDE,95.12,,,,alpha_vantage,BRENT,benchmark_spot,USD,USD_PER_BARREL,False
2022-11-02,BRENT_CRUDE,BRENT_CRUDE,96.07,,,,alpha_vantage,BRENT,benchmark_spot,USD,USD_PER_BARREL,False
2022-11-03,BRENT_CRUDE,BRENT_CRUDE,95.29,,,,alpha_vantage,BRENT,benchmark_spot,USD,USD_PER_BARREL,False
2022-11-04,BRENT_CRUDE,BRENT_CRUDE,99.53,,,,alpha_vantage,BRENT,benchmark_spot,USD,USD_PER_BARREL,False
2022-11-07,BRENT_CRUDE,BRENT_CRUDE,99.87,,,,alpha_vantage,BRENT,benchmark_spot,USD,USD_PER_BARREL,False
2022-11-08,BRENT_CRUDE,BRENT_CRUDE,96.85,,,,alpha_vantage,BRENT,benchmark_spot,USD,USD_PER_BARREL,False
2022-11-09,BRENT_CRUDE,BRENT_CRUDE,93.05,,,,alpha_vantage,BRENT,benchmark_spot,USD,USD_PER_BARREL,False
2022-11-10,BRENT_CRUDE,BRENT_CRUDE,94.25,,,,alpha_vantage,BRENT,benchmark_spot,USD,USD_PER_BARREL,False
2022-11-11,BRENT_CRUDE,BRENT_CRUDE,96.37,,,,alpha_vantage,BRENT,benchmark_spot,USD,USD_PER_BARREL,False
2022-11-14,BRENT_CRUDE,BRENT_CRUDE,93.59,,,,alpha_vantage,BRENT,benchmark_spot,USD,USD_PER_BARREL,False
2022-11-15,BRENT_CRUDE,BRENT_CRUDE,94.3,,,,alpha_vantage,BRENT,benchmark_spot,USD,USD_PER_BARREL,False
2022-11-16,BRENT_CRUDE,BRENT_CRUDE,92.61,,,,alpha_vantage,BRENT,benchmark_spot,USD,USD_PER_BARREL,False
2022-11-17,BRENT_CRUDE,BRENT_CRUDE,91.0,,,,alpha_vantage,BRENT,benchmark_spot,USD,USD_PER_BARREL,False
2022-11-18,BRENT_CRUDE,BRENT_CRUDE,88.93,,,,alpha_vantage,BRENT,benchmark_spot,USD,USD_PER_BARREL,False
2022-11-21,BRENT_CRUDE,BRENT_CRUDE,88.44,,,,alpha_vantage,BRENT,benchmark_spot,USD,USD_PER_BARREL,False
2022-11-22,BRENT_CRUDE,BRENT_CRUDE,88.65,,,,alpha_vantage,BRENT,benchmark_spot,USD,USD_PER_BARREL,False
2022-11-23,BRENT_CRUDE,BRENT_CRUDE,85.9,,,,alpha_vantage,BRENT,benchmark_spot,USD,USD_PER_BARREL,False
2022-11-24,BRENT_CRUDE,BRENT_CRUDE,85.59,,,,alpha_vantage,BRENT,benchmark_spot,USD,USD_PER_BARREL,False
2022-11-25,BRENT_CRUDE,BRENT_CRUDE,83.4,,,,alpha_vantage,BRENT,benchmark_spot,USD,USD_PER_BARREL,False
2022-11-28,BRENT_CRUDE,BRENT_CRUDE,83.5,,,,alpha_vantage,BRENT,benchmark_spot,USD,USD_PER_BARREL,False
2022-11-29,BRENT_CRUDE,BRENT_CRUDE,83.22,,,,alpha_vantage,BRENT,benchmark_spot,USD,USD_PER_BARREL,False
2022-11-30,BRENT_CRUDE,BRENT_CRUDE,85.61,,,,alpha_vantage,BRENT,benchmark_spot,USD,USD_PER_BARREL,False
2022-12-01,BRENT_CRUDE,BRENT_CRUDE,86.28,,,,alpha_vantage,BRENT,benchmark_spot,USD,USD_PER_BARREL,False
2022-12-02,BRENT_CRUDE,BRENT_CRUDE,86.54,,,,alpha_vantage,BRENT,benchmark_spot,USD,USD_PER_BARREL,False
2022-12-05,BRENT_CRUDE,BRENT_CRUDE,83.36,,,,alpha_vantage,BRENT,benchmark_spot,USD,USD_PER_BARREL,False
2022-12-06,BRENT_CRUDE,BRENT_CRUDE,79.92,,,,alpha_vantage,BRENT,benchmark_spot,USD,USD_PER_BARREL,False
2022-12-07,BRENT_CRUDE,BRENT_CRUDE,77.11,,,,alpha_vantage,BRENT,benchmark_spot,USD,USD_PER_BARREL,False
2022-12-08,BRENT_CRUDE,BRENT_CRUDE,76.02,,,,alpha_vantage,BRENT,benchmark_spot,USD,USD_PER_BARREL,False
2022-12-09,BRENT_CRUDE,BRENT_CRUDE,76.37,,,,alpha_vantage,BRENT,benchmark_spot,USD,USD_PER_BARREL,False
2022-12-12,BRENT_CRUDE,BRENT_CRUDE,78.0,,,,alpha_vantage,BRENT,benchmark_spot,USD,USD_PER_BARREL,False
2022-12-13,BRENT_CRUDE,BRENT_CRUDE,80.14,,,,alpha_vantage,BRENT,benchmark_spot,USD,USD_PER_BARREL,False
2022-12-14,BRENT_CRUDE,BRENT_CRUDE,83.33,,,,alpha_vantage,BRENT,benchmark_spot,USD,USD_PER_BARREL,False
2022-12-15,BRENT_CRUDE,BRENT_CRUDE,82.34,,,,alpha_vantage,BRENT,benchmark_spot,USD,USD_PER_BARREL,False
2022-12-16,BRENT_CRUDE,BRENT_CRUDE,80.2,,,,alpha_vantage,BRENT,benchmark_spot,USD,USD_PER_BARREL,False
2022-12-19,BRENT_CRUDE,BRENT_CRUDE,81.66,,,,alpha_vantage,BRENT,benchmark_spot,USD,USD_PER_BARREL,False
2022-12-20,BRENT_CRUDE,BRENT_CRUDE,79.45,,,,alpha_vantage,BRENT,benchmark_spot,USD,USD_PER_BARREL,False
2022-12-21,BRENT_CRUDE,BRENT_CRUDE,80.25,,,,alpha_vantage,BRENT,benchmark_spot,USD,USD_PER_BARREL,False
2022-12-22,BRENT_CRUDE,BRENT_CRUDE,79.58,,,,alpha_vantage,BRENT,benchmark_spot,USD,USD_PER_BARREL,False
2022-12-23,BRENT_CRUDE,BRENT_CRUDE,82.45,,,,alpha_vantage,BRENT,benchmark_spot,USD,USD_PER_BARREL,False
2022-12-28,BRENT_CRUDE,BRENT_CRUDE,81.7,,,,alpha_vantage,BRENT,benchmark_spot,USD,USD_PER_BARREL,False
2022-12-29,BRENT_CRUDE,BRENT_CRUDE,80.96,,,,alpha_vantage,BRENT,benchmark_spot,USD,USD_PER_BARREL,False
2022-12-30,BRENT_CRUDE,BRENT_CRUDE,82.82,,,,alpha_vantage,BRENT,benchmark_spot,USD,USD_PER_BARREL,False
2023-01-03,BRENT_CRUDE,BRENT_CRUDE,80.36,,,,alpha_vantage,BRENT,benchmark_spot,USD,USD_PER_BARREL,False
2023-01-04,BRENT_CRUDE,BRENT_CRUDE,75.31,,,,alpha_vantage,BRENT,benchmark_spot,USD,USD_PER_BARREL,False
2023-01-05,BRENT_CRUDE,BRENT_CRUDE,76.73,,,,alpha_vantage,BRENT,benchmark_spot,USD,USD_PER_BARREL,False
2023-01-06,BRENT_CRUDE,BRENT_CRUDE,76.41,,,,alpha_vantage,BRENT,benchmark_spot,USD,USD_PER_BARREL,False
2023-01-09,BRENT_CRUDE,BRENT_CRUDE,77.5,,,,alpha_vantage,BRENT,benchmark_spot,USD,USD_PER_BARREL,False
2023-01-10,BRENT_CRUDE,BRENT_CRUDE,78.4,,,,alpha_vantage,BRENT,benchmark_spot,USD,USD_PER_BARREL,False
2023-01-11,BRENT_CRUDE,BRENT_CRUDE,81.11,,,,alpha_vantage,BRENT,benchmark_spot,USD,USD_PER_BARREL,False
2023-01-12,BRENT_CRUDE,BRENT_CRUDE,82.59,,,,alpha_vantage,BRENT,benchmark_spot,USD,USD_PER_BARREL,False
2023-01-13,BRENT_CRUDE,BRENT_CRUDE,83.43,,,,alpha_vantage,BRENT,benchmark_spot,USD,USD_PER_BARREL,False
2023-01-16,BRENT_CRUDE,BRENT_CRUDE,82.65,,,,alpha_vantage,BRENT,benchmark_spot,USD,USD_PER_BARREL,False
2023-01-17,BRENT_CRUDE,BRENT_CRUDE,84.38,,,,alpha_vantage,BRENT,benchmark_spot,USD,USD_PER_BARREL,False
2023-01-18,BRENT_CRUDE,BRENT_CRUDE,83.78,,,,alpha_vantage,BRENT,benchmark_spot,USD,USD_PER_BARREL,False
2023-01-19,BRENT_CRUDE,BRENT_CRUDE,85.08,,,,alpha_vantage,BRENT,benchmark_spot,USD,USD_PER_BARREL,False
2023-01-20,BRENT_CRUDE,BRENT_CRUDE,86.96,,,,alpha_vantage,BRENT,benchmark_spot,USD,USD_PER_BARREL,False
2023-01-23,BRENT_CRUDE,BRENT_CRUDE,87.54,,,,alpha_vantage,BRENT,benchmark_spot,USD,USD_PER_BARREL,False
2023-01-24,BRENT_CRUDE,BRENT_CRUDE,85.25,,,,alpha_vantage,BRENT,benchmark_spot,USD,USD_PER_BARREL,False
2023-01-25,BRENT_CRUDE,BRENT_CRUDE,85.08,,,,alpha_vantage,BRENT,benchmark_spot,USD,USD_PER_BARREL,False
2023-01-26,BRENT_CRUDE,BRENT_CRUDE,86.29,,,,alpha_vantage,BRENT,benchmark_spot,USD,USD_PER_BARREL,False
2023-01-27,BRENT_CRUDE,BRENT_CRUDE,85.36,,,,alpha_vantage,BRENT,benchmark_spot,USD,USD_PER_BARREL,False
2023-01-30,BRENT_CRUDE,BRENT_CRUDE,84.9,,,,alpha_vantage,BRENT,benchmark_spot,USD,USD_PER_BARREL,False
2023-01-31,BRENT_CRUDE,BRENT_CRUDE,83.42,,,,alpha_vantage,BRENT,benchmark_spot,USD,USD_PER_BARREL,False
2023-02-01,BRENT_CRUDE,BRENT_CRUDE,81.61,,,,alpha_vantage,BRENT,benchmark_spot,USD,USD_PER_BARREL,False
2023-02-02,BRENT_CRUDE,BRENT_CRUDE,80.57,,,,alpha_vantage,BRENT,benchmark_spot,USD,USD_PER_BARREL,False
2023-02-03,BRENT_CRUDE,BRENT_CRUDE,78.85,,,,alpha_vantage,BRENT,benchmark_spot,USD,USD_PER_BARREL,False
2023-02-06,BRENT_CRUDE,BRENT_CRUDE,80.48,,,,alpha_vantage,BRENT,benchmark_spot,USD,USD_PER_BARREL,False
2023-02-07,BRENT_CRUDE,BRENT_CRUDE,82.92,,,,alpha_vantage,BRENT,benchmark_spot,USD,USD_PER_BARREL,False
2023-02-08,BRENT_CRUDE,BRENT_CRUDE,84.17,,,,alpha_vantage,BRENT,benchmark_spot,USD,USD_PER_BARREL,False
2023-02-09,BRENT_CRUDE,BRENT_CRUDE,83.46,,,,alpha_vantage,BRENT,benchmark_spot,USD,USD_PER_BARREL,False
2023-02-10,BRENT_CRUDE,BRENT_CRUDE,85.46,,,,alpha_vantage,BRENT,benchmark_spot,USD,USD_PER_BARREL,False
2023-02-13,BRENT_CRUDE,BRENT_CRUDE,85.98,,,,alpha_vantage,BRENT,benchmark_spot,USD,USD_PER_BARREL,False
2023-02-14,BRENT_CRUDE,BRENT_CRUDE,84.96,,,,alpha_vantage,BRENT,benchmark_spot,USD,USD_PER_BARREL,False
2023-02-15,BRENT_CRUDE,BRENT_CRUDE,84.11,,,,alpha_vantage,BRENT,benchmark_spot,USD,USD_PER_BARREL,False
2023-02-16,BRENT_CRUDE,BRENT_CRUDE,83.84,,,,alpha_vantage,BRENT,benchmark_spot,USD,USD_PER_BARREL,False
2023-02-17,BRENT_CRUDE,BRENT_CRUDE,81.97,,,,alpha_vantage,BRENT,benchmark_spot,USD,USD_PER_BARREL,False
2023-02-20,BRENT_CRUDE,BRENT_CRUDE,82.79,,,,alpha_vantage,BRENT,benchmark_spot,USD,USD_PER_BARREL,False
2023-02-21,BRENT_CRUDE,BRENT_CRUDE,82.14,,,,alpha_vantage,BRENT,benchmark_spot,USD,USD_PER_BARREL,False
2023-02-22,BRENT_CRUDE,BRENT_CRUDE,79.55,,,,alpha_vantage,BRENT,benchmark_spot,USD,USD_PER_BARREL,False
2023-02-23,BRENT_CRUDE,BRENT_CRUDE,82.08,,,,alpha_vantage,BRENT,benchmark_spot,USD,USD_PER_BARREL,False
2023-02-24,BRENT_CRUDE,BRENT_CRUDE,82.31,,,,alpha_vantage,BRENT,benchmark_spot,USD,USD_PER_BARREL,False
2023-02-27,BRENT_CRUDE,BRENT_CRUDE,81.24,,,,alpha_vantage,BRENT,benchmark_spot,USD,USD_PER_BARREL,False
2023-02-28,BRENT_CRUDE,BRENT_CRUDE,83.21,,,,alpha_vantage,BRENT,benchmark_spot,USD,USD_PER_BARREL,False
2023-03-01,BRENT_CRUDE,BRENT_CRUDE,83.68,,,,alpha_vantage,BRENT,benchmark_spot,USD,USD_PER_BARREL,False
2023-03-02,BRENT_CRUDE,BRENT_CRUDE,84.15,,,,alpha_vantage,BRENT,benchmark_spot,USD,USD_PER_BARREL,False
2023-03-03,BRENT_CRUDE,BRENT_CRUDE,85.74,,,,alpha_vantage,BRENT,benchmark_spot,USD,USD_PER_BARREL,False
2023-03-06,BRENT_CRUDE,BRENT_CRUDE,85.86,,,,alpha_vantage,BRENT,benchmark_spot,USD,USD_PER_BARREL,False
2023-03-07,BRENT_CRUDE,BRENT_CRUDE,83.03,,,,alpha_vantage,BRENT,benchmark_spot,USD,USD_PER_BARREL,False
2023-03-08,BRENT_CRUDE,BRENT_CRUDE,82.1,,,,alpha_vantage,BRENT,benchmark_spot,USD,USD_PER_BARREL,False
2023-03-09,BRENT_CRUDE,BRENT_CRUDE,81.0,,,,alpha_vantage,BRENT,benchmark_spot,USD,USD_PER_BARREL,False
2023-03-10,BRENT_CRUDE,BRENT_CRUDE,82.3,,,,alpha_vantage,BRENT,benchmark_spot,USD,USD_PER_BARREL,False
2023-03-13,BRENT_CRUDE,BRENT_CRUDE,79.67,,,,alpha_vantage,BRENT,benchmark_spot,USD,USD_PER_BARREL,False
2023-03-14,BRENT_CRUDE,BRENT_CRUDE,76.77,,,,alpha_vantage,BRENT,benchmark_spot,USD,USD_PER_BARREL,False
2023-03-15,BRENT_CRUDE,BRENT_CRUDE,74.3,,,,alpha_vantage,BRENT,benchmark_spot,USD,USD_PER_BARREL,False
2023-03-16,BRENT_CRUDE,BRENT_CRUDE,73.12,,,,alpha_vantage,BRENT,benchmark_spot,USD,USD_PER_BARREL,False
2023-03-17,BRENT_CRUDE,BRENT_CRUDE,71.03,,,,alpha_vantage,BRENT,benchmark_spot,USD,USD_PER_BARREL,False
2023-03-20,BRENT_CRUDE,BRENT_CRUDE,72.42,,,,alpha_vantage,BRENT,benchmark_spot,USD,USD_PER_BARREL,False
2023-03-21,BRENT_CRUDE,BRENT_CRUDE,74.78,,,,alpha_vantage,BRENT,benchmark_spot,USD,USD_PER_BARREL,False
2023-03-22,BRENT_CRUDE,BRENT_CRUDE,76.08,,,,alpha_vantage,BRENT,benchmark_spot,USD,USD_PER_BARREL,False
2023-03-23,BRENT_CRUDE,BRENT_CRUDE,74.31,,,,alpha_vantage,BRENT,benchmark_spot,USD,USD_PER_BARREL,False
2023-03-24,BRENT_CRUDE,BRENT_CRUDE,73.63,,,,alpha_vantage,BRENT,benchmark_spot,USD,USD_PER_BARREL,False
2023-03-27,BRENT_CRUDE,BRENT_CRUDE,76.8,,,,alpha_vantage,BRENT,benchmark_spot,USD,USD_PER_BARREL,False
2023-03-28,BRENT_CRUDE,BRENT_CRUDE,78.07,,,,alpha_vantage,BRENT,benchmark_spot,USD,USD_PER_BARREL,False
2023-03-29,BRENT_CRUDE,BRENT_CRUDE,77.51,,,,alpha_vantage,BRENT,benchmark_spot,USD,USD_PER_BARREL,False
2023-03-30,BRENT_CRUDE,BRENT_CRUDE,78.45,,,,alpha_vantage,BRENT,benchmark_spot,USD,USD_PER_BARREL,False
2023-03-31,BRENT_CRUDE,BRENT_CRUDE,79.19,,,,alpha_vantage,BRENT,benchmark_spot,USD,USD_PER_BARREL,False
2023-04-03,BRENT_CRUDE,BRENT_CRUDE,85.81,,,,alpha_vantage,BRENT,benchmark_spot,USD,USD_PER_BARREL,False
2023-04-04,BRENT_CRUDE,BRENT_CRUDE,85.7,,,,alpha_vantage,BRENT,benchmark_spot,USD,USD_PER_BARREL,False
2023-04-05,BRENT_CRUDE,BRENT_CRUDE,85.89,,,,alpha_vantage,BRENT,benchmark_spot,USD,USD_PER_BARREL,False
2023-04-06,BRENT_CRUDE,BRENT_CRUDE,86.56,,,,alpha_vantage,BRENT,benchmark_spot,USD,USD_PER_BARREL,False
2023-04-11,BRENT_CRUDE,BRENT_CRUDE,87.32,,,,alpha_vantage,BRENT,benchmark_spot,USD,USD_PER_BARREL,False
2023-04-12,BRENT_CRUDE,BRENT_CRUDE,88.31,,,,alpha_vantage,BRENT,benchmark_spot,USD,USD_PER_BARREL,False
2023-04-13,BRENT_CRUDE,BRENT_CRUDE,86.51,,,,alpha_vantage,BRENT,benchmark_spot,USD,USD_PER_BARREL,False
2023-04-14,BRENT_CRUDE,BRENT_CRUDE,87.31,,,,alpha_vantage,BRENT,benchmark_spot,USD,USD_PER_BARREL,False
2023-04-17,BRENT_CRUDE,BRENT_CRUDE,85.63,,,,alpha_vantage,BRENT,benchmark_spot,USD,USD_PER_BARREL,False
2023-04-18,BRENT_CRUDE,BRENT_CRUDE,85.48,,,,alpha_vantage,BRENT,benchmark_spot,USD,USD_PER_BARREL,False
2023-04-19,BRENT_CRUDE,BRENT_CRUDE,85.34,,,,alpha_vantage,BRENT,benchmark_spot,USD,USD_PER_BARREL,False
2023-04-20,BRENT_CRUDE,BRENT_CRUDE,83.29,,,,alpha_vantage,BRENT,benchmark_spot,USD,USD_PER_BARREL,False
2023-04-21,BRENT_CRUDE,BRENT_CRUDE,83.36,,,,alpha_vantage,BRENT,benchmark_spot,USD,USD_PER_BARREL,False
2023-04-24,BRENT_CRUDE,BRENT_CRUDE,84.23,,,,alpha_vantage,BRENT,benchmark_spot,USD,USD_PER_BARREL,False
2023-04-25,BRENT_CRUDE,BRENT_CRUDE,82.13,,,,alpha_vantage,BRENT,benchmark_spot,USD,USD_PER_BARREL,False
2023-04-26,BRENT_CRUDE,BRENT_CRUDE,79.19,,,,alpha_vantage,BRENT,benchmark_spot,USD,USD_PER_BARREL,False
2023-04-27,BRENT_CRUDE,BRENT_CRUDE,80.11,,,,alpha_vantage,BRENT,benchmark_spot,USD,USD_PER_BARREL,False
2023-04-28,BRENT_CRUDE,BRENT_CRUDE,81.32,,,,alpha_vantage,BRENT,benchmark_spot,USD,USD_PER_BARREL,False
2023-05-02,BRENT_CRUDE,BRENT_CRUDE,76.71,,,,alpha_vantage,BRENT,benchmark_spot,USD,USD_PER_BARREL,False
2023-05-03,BRENT_CRUDE,BRENT_CRUDE,72.91,,,,alpha_vantage,BRENT,benchmark_spot,USD,USD_PER_BARREL,False
2023-05-04,BRENT_CRUDE,BRENT_CRUDE,73.0,,,,alpha_vantage,BRENT,benchmark_spot,USD,USD_PER_BARREL,False
2023-05-05,BRENT_CRUDE,BRENT_CRUDE,75.85,,,,alpha_vantage,BRENT,benchmark_spot,USD,USD_PER_BARREL,False
2023-05-09,BRENT_CRUDE,BRENT_CRUDE,77.76,,,,alpha_vantage,BRENT,benchmark_spot,USD,USD_PER_BARREL,False
2023-05-10,BRENT_CRUDE,BRENT_CRUDE,76.7,,,,alpha_vantage,BRENT,benchmark_spot,USD,USD_PER_BARREL,False
2023-05-11,BRENT_CRUDE,BRENT_CRUDE,75.32,,,,alpha_vantage,BRENT,benchmark_spot,USD,USD_PER_BARREL,False
2023-05-12,BRENT_CRUDE,BRENT_CRUDE,74.54,,,,alpha_vantage,BRENT,benchmark_spot,USD,USD_PER_BARREL,False
2023-05-15,BRENT_CRUDE,BRENT_CRUDE,75.46,,,,alpha_vantage,BRENT,benchmark_spot,USD,USD_PER_BARREL,False
2023-05-16,BRENT_CRUDE,BRENT_CRUDE,75.15,,,,alpha_vantage,BRENT,benchmark_spot,USD,USD_PER_BARREL,False
2023-05-17,BRENT_CRUDE,BRENT_CRUDE,76.98,,,,alpha_vantage,BRENT,benchmark_spot,USD,USD_PER_BARREL,False
2023-05-18,BRENT_CRUDE,BRENT_CRUDE,75.75,,,,alpha_vantage,BRENT,benchmark_spot,USD,USD_PER_BARREL,False
2023-05-19,BRENT_CRUDE,BRENT_CRUDE,75.42,,,,alpha_vantage,BRENT,benchmark_spot,USD,USD_PER_BARREL,False
2023-05-22,BRENT_CRUDE,BRENT_CRUDE,75.77,,,,alpha_vantage,BRENT,benchmark_spot,USD,USD_PER_BARREL,False
2023-05-23,BRENT_CRUDE,BRENT_CRUDE,76.66,,,,alpha_vantage,BRENT,benchmark_spot,USD,USD_PER_BARREL,False
2023-05-24,BRENT_CRUDE,BRENT_CRUDE,77.99,,,,alpha_vantage,BRENT,benchmark_spot,USD,USD_PER_BARREL,False
2023-05-25,BRENT_CRUDE,BRENT_CRUDE,75.66,,,,alpha_vantage,BRENT,benchmark_spot,USD,USD_PER_BARREL,False
2023-05-26,BRENT_CRUDE,BRENT_CRUDE,76.33,,,,alpha_vantage,BRENT,benchmark_spot,USD,USD_PER_BARREL,False
2023-05-30,BRENT_CRUDE,BRENT_CRUDE,73.38,,,,alpha_vantage,BRENT,benchmark_spot,USD,USD_PER_BARREL,False
2023-05-31,BRENT_CRUDE,BRENT_CRUDE,71.98,,,,alpha_vantage,BRENT,benchmark_spot,USD,USD_PER_BARREL,False
2023-06-01,BRENT_CRUDE,BRENT_CRUDE,74.18,,,,alpha_vantage,BRENT,benchmark_spot,USD,USD_PER_BARREL,False
2023-06-02,BRENT_CRUDE,BRENT_CRUDE,76.0,,,,alpha_vantage,BRENT,benchmark_spot,USD,USD_PER_BARREL,False
2023-06-05,BRENT_CRUDE,BRENT_CRUDE,76.61,,,,alpha_vantage,BRENT,benchmark_spot,USD,USD_PER_BARREL,False
2023-06-06,BRENT_CRUDE,BRENT_CRUDE,76.22,,,,alpha_vantage,BRENT,benchmark_spot,USD,USD_PER_BARREL,False
2023-06-07,BRENT_CRUDE,BRENT_CRUDE,76.85,,,,alpha_vantage,BRENT,benchmark_spot,USD,USD_PER_BARREL,False
2023-06-08,BRENT_CRUDE,BRENT_CRUDE,75.88,,,,alpha_vantage,BRENT,benchmark_spot,USD,USD_PER_BARREL,False
2023-06-09,BRENT_CRUDE,BRENT_CRUDE,74.74,,,,alpha_vantage,BRENT,benchmark_spot,USD,USD_PER_BARREL,False
2023-06-12,BRENT_CRUDE,BRENT_CRUDE,71.8,,,,alpha_vantage,BRENT,benchmark_spot,USD,USD_PER_BARREL,False
2023-06-13,BRENT_CRUDE,BRENT_CRUDE,74.24,,,,alpha_vantage,BRENT,benchmark_spot,USD,USD_PER_BARREL,False
2023-06-14,BRENT_CRUDE,BRENT_CRUDE,73.39,,,,alpha_vantage,BRENT,benchmark_spot,USD,USD_PER_BARREL,False
2023-06-15,BRENT_CRUDE,BRENT_CRUDE,75.75,,,,alpha_vantage,BRENT,benchmark_spot,USD,USD_PER_BARREL,False
2023-06-16,BRENT_CRUDE,BRENT_CRUDE,76.76,,,,alpha_vantage,BRENT,benchmark_spot,USD,USD_PER_BARREL,False
2023-06-19,BRENT_CRUDE,BRENT_CRUDE,76.09,,,,alpha_vantage,BRENT,benchmark_spot,USD,USD_PER_BARREL,False
2023-06-20,BRENT_CRUDE,BRENT_CRUDE,75.79,,,,alpha_vantage,BRENT,benchmark_spot,USD,USD_PER_BARREL,False
2023-06-21,BRENT_CRUDE,BRENT_CRUDE,76.92,,,,alpha_vantage,BRENT,benchmark_spot,USD,USD_PER_BARREL,False
2023-06-22,BRENT_CRUDE,BRENT_CRUDE,73.93,,,,alpha_vantage,BRENT,benchmark_spot,USD,USD_PER_BARREL,False
2023-06-23,BRENT_CRUDE,BRENT_CRUDE,73.56,,,,alpha_vantage,BRENT,benchmark_spot,USD,USD_PER_BARREL,False
2023-06-26,BRENT_CRUDE,BRENT_CRUDE,73.86,,,,alpha_vantage,BRENT,benchmark_spot,USD,USD_PER_BARREL,False
2023-06-27,BRENT_CRUDE,BRENT_CRUDE,71.88,,,,alpha_vantage,BRENT,benchmark_spot,USD,USD_PER_BARREL,False
2023-06-28,BRENT_CRUDE,BRENT_CRUDE,73.64,,,,alpha_vantage,BRENT,benchmark_spot,USD,USD_PER_BARREL,False
2023-06-29,BRENT_CRUDE,BRENT_CRUDE,73.86,,,,alpha_vantage,BRENT,benchmark_spot,USD,USD_PER_BARREL,False
2023-06-30,BRENT_CRUDE,BRENT_CRUDE,74.51,,,,alpha_vantage,BRENT,benchmark_spot,USD,USD_PER_BARREL,False
2023-07-03,BRENT_CRUDE,BRENT_CRUDE,74.52,,,,alpha_vantage,BRENT,benchmark_spot,USD,USD_PER_BARREL,False
2023-07-04,BRENT_CRUDE,BRENT_CRUDE,76.23,,,,alpha_vantage,BRENT,benchmark_spot,USD,USD_PER_BARREL,False
2023-07-05,BRENT_CRUDE,BRENT_CRUDE,76.74,,,,alpha_vantage,BRENT,benchmark_spot,USD,USD_PER_BARREL,False
2023-07-06,BRENT_CRUDE,BRENT_CRUDE,76.72,,,,alpha_vantage,BRENT,benchmark_spot,USD,USD_PER_BARREL,False
2023-07-07,BRENT_CRUDE,BRENT_CRUDE,78.77,,,,alpha_vantage,BRENT,benchmark_spot,USD,USD_PER_BARREL,False
2023-07-10,BRENT_CRUDE,BRENT_CRUDE,77.83,,,,alpha_vantage,BRENT,benchmark_spot,USD,USD_PER_BARREL,False
2023-07-11,BRENT_CRUDE,BRENT_CRUDE,79.54,,,,alpha_vantage,BRENT,benchmark_spot,USD,USD_PER_BARREL,False
2023-07-12,BRENT_CRUDE,BRENT_CRUDE,80.35,,,,alpha_vantage,BRENT,benchmark_spot,USD,USD_PER_BARREL,False
2023-07-13,BRENT_CRUDE,BRENT_CRUDE,81.31,,,,alpha_vantage,BRENT,benchmark_spot,USD,USD_PER_BARREL,False
2023-07-14,BRENT_CRUDE,BRENT_CRUDE,79.9,,,,alpha_vantage,BRENT,benchmark_spot,USD,USD_PER_BARREL,False
2023-07-17,BRENT_CRUDE,BRENT_CRUDE,77.8,,,,alpha_vantage,BRENT,benchmark_spot,USD,USD_PER_BARREL,False
2023-07-18,BRENT_CRUDE,BRENT_CRUDE,79.54,,,,alpha_vantage,BRENT,benchmark_spot,USD,USD_PER_BARREL,False
2023-07-19,BRENT_CRUDE,BRENT_CRUDE,79.38,,,,alpha_vantage,BRENT,benchmark_spot,USD,USD_PER_BARREL,False
2023-07-20,BRENT_CRUDE,BRENT_CRUDE,79.62,,,,alpha_vantage,BRENT,benchmark_spot,USD,USD_PER_BARREL,False
2023-07-21,BRENT_CRUDE,BRENT_CRUDE,81.06,,,,alpha_vantage,BRENT,benchmark_spot,USD,USD_PER_BARREL,False
2023-07-24,BRENT_CRUDE,BRENT_CRUDE,82.53,,,,alpha_vantage,BRENT,benchmark_spot,USD,USD_PER_BARREL,False
2023-07-25,BRENT_CRUDE,BRENT_CRUDE,83.46,,,,alpha_vantage,BRENT,benchmark_spot,USD,USD_PER_BARREL,False
2023-07-26,BRENT_CRUDE,BRENT_CRUDE,82.98,,,,alpha_vantage,BRENT,benchmark_spot,USD,USD_PER_BARREL,False
2023-07-27,BRENT_CRUDE,BRENT_CRUDE,84.28,,,,alpha_vantage,BRENT,benchmark_spot,USD,USD_PER_BARREL,False
2023-07-28,BRENT_CRUDE,BRENT_CRUDE,84.49,,,,alpha_vantage,BRENT,benchmark_spot,USD,USD_PER_BARREL,False
2023-07-31,BRENT_CRUDE,BRENT_CRUDE,85.22,,,,alpha_vantage,BRENT,benchmark_spot,USD,USD_PER_BARREL,False
2023-08-01,BRENT_CRUDE,BRENT_CRUDE,85.34,,,,alpha_vantage,BRENT,benchmark_spot,USD,USD_PER_BARREL,False
2023-08-02,BRENT_CRUDE,BRENT_CRUDE,84.01,,,,alpha_vantage,BRENT,benchmark_spot,USD,USD_PER_BARREL,False
2023-08-03,BRENT_CRUDE,BRENT_CRUDE,86.19,,,,alpha_vantage,BRENT,benchmark_spot,USD,USD_PER_BARREL,False
2023-08-04,BRENT_CRUDE,BRENT_CRUDE,87.38,,,,alpha_vantage,BRENT,benchmark_spot,USD,USD_PER_BARREL,False
2023-08-07,BRENT_CRUDE,BRENT_CRUDE,86.47,,,,alpha_vantage,BRENT,benchmark_spot,USD,USD_PER_BARREL,False
2023-08-08,BRENT_CRUDE,BRENT_CRUDE,88.0,,,,alpha_vantage,BRENT,benchmark_spot,USD,USD_PER_BARREL,False
2023-08-09,BRENT_CRUDE,BRENT_CRUDE,89.31,,,,alpha_vantage,BRENT,benchmark_spot,USD,USD_PER_BARREL,False
2023-08-10,BRENT_CRUDE,BRENT_CRUDE,87.44,,,,alpha_vantage,BRENT,benchmark_spot,USD,USD_PER_BARREL,False
2023-08-11,BRENT_CRUDE,BRENT_CRUDE,87.93,,,,alpha_vantage,BRENT,benchmark_spot,USD,USD_PER_BARREL,False
2023-08-14,BRENT_CRUDE,BRENT_CRUDE,87.4,,,,alpha_vantage,BRENT,benchmark_spot,USD,USD_PER_BARREL,False
2023-08-15,BRENT_CRUDE,BRENT_CRUDE,86.28,,,,alpha_vantage,BRENT,benchmark_spot,USD,USD_PER_BARREL,False
2023-08-16,BRENT_CRUDE,BRENT_CRUDE,84.49,,,,alpha_vantage,BRENT,benchmark_spot,USD,USD_PER_BARREL,False
2023-08-17,BRENT_CRUDE,BRENT_CRUDE,85.24,,,,alpha_vantage,BRENT,benchmark_spot,USD,USD_PER_BARREL,False
2023-08-18,BRENT_CRUDE,BRENT_CRUDE,85.92,,,,alpha_vantage,BRENT,benchmark_spot,USD,USD_PER_BARREL,False
2023-08-21,BRENT_CRUDE,BRENT_CRUDE,85.44,,,,alpha_vantage,BRENT,benchmark_spot,USD,USD_PER_BARREL,False
2023-08-22,BRENT_CRUDE,BRENT_CRUDE,84.7,,,,alpha_vantage,BRENT,benchmark_spot,USD,USD_PER_BARREL,False
2023-08-23,BRENT_CRUDE,BRENT_CRUDE,83.94,,,,alpha_vantage,BRENT,benchmark_spot,USD,USD_PER_BARREL,False
2023-08-24,BRENT_CRUDE,BRENT_CRUDE,84.07,,,,alpha_vantage,BRENT,benchmark_spot,USD,USD_PER_BARREL,False
2023-08-25,BRENT_CRUDE,BRENT_CRUDE,85.42,,,,alpha_vantage,BRENT,benchmark_spot,USD,USD_PER_BARREL,False
2023-08-29,BRENT_CRUDE,BRENT_CRUDE,86.37,,,,alpha_vantage,BRENT,benchmark_spot,USD,USD_PER_BARREL,False
2023-08-30,BRENT_CRUDE,BRENT_CRUDE,86.62,,,,alpha_vantage,BRENT,benchmark_spot,USD,USD_PER_BARREL,False
2023-08-31,BRENT_CRUDE,BRENT_CRUDE,87.29,,,,alpha_vantage,BRENT,benchmark_spot,USD,USD_PER_BARREL,False
2023-09-01,BRENT_CRUDE,BRENT_CRUDE,89.98,,,,alpha_vantage,BRENT,benchmark_spot,USD,USD_PER_BARREL,False
2023-09-04,BRENT_CRUDE,BRENT_CRUDE,90.42,,,,alpha_vantage,BRENT,benchmark_spot,USD,USD_PER_BARREL,False
2023-09-05,BRENT_CRUDE,BRENT_CRUDE,91.25,,,,alpha_vantage,BRENT,benchmark_spot,USD,USD_PER_BARREL,False
2023-09-06,BRENT_CRUDE,BRENT_CRUDE,91.79,,,,alpha_vantage,BRENT,benchmark_spot,USD,USD_PER_BARREL,False
2023-09-07,BRENT_CRUDE,BRENT_CRUDE,91.16,,,,alpha_vantage,BRENT,benchmark_spot,USD,USD_PER_BARREL,False
2023-09-08,BRENT_CRUDE,BRENT_CRUDE,91.85,,,,alpha_vantage,BRENT,benchmark_spot,USD,USD_PER_BARREL,False
2023-09-11,BRENT_CRUDE,BRENT_CRUDE,91.97,,,,alpha_vantage,BRENT,benchmark_spot,USD,USD_PER_BARREL,False
2023-09-12,BRENT_CRUDE,BRENT_CRUDE,93.58,,,,alpha_vantage,BRENT,benchmark_spot,USD,USD_PER_BARREL,False
2023-09-13,BRENT_CRUDE,BRENT_CRUDE,93.04,,,,alpha_vantage,BRENT,benchmark_spot,USD,USD_PER_BARREL,False
2023-09-14,BRENT_CRUDE,BRENT_CRUDE,95.2,,,,alpha_vantage,BRENT,benchmark_spot,USD,USD_PER_BARREL,False
2023-09-15,BRENT_CRUDE,BRENT_CRUDE,95.55,,,,alpha_vantage,BRENT,benchmark_spot,USD,USD_PER_BARREL,False
2023-09-18,BRENT_CRUDE,BRENT_CRUDE,95.95,,,,alpha_vantage,BRENT,benchmark_spot,USD,USD_PER_BARREL,False
2023-09-19,BRENT_CRUDE,BRENT_CRUDE,96.11,,,,alpha_vantage,BRENT,benchmark_spot,USD,USD_PER_BARREL,False
2023-09-20,BRENT_CRUDE,BRENT_CRUDE,94.56,,,,alpha_vantage,BRENT,benchmark_spot,USD,USD_PER_BARREL,False
2023-09-21,BRENT_CRUDE,BRENT_CRUDE,93.7,,,,alpha_vantage,BRENT,benchmark_spot,USD,USD_PER_BARREL,False
2023-09-22,BRENT_CRUDE,BRENT_CRUDE,93.99,,,,alpha_vantage,BRENT,benchmark_spot,USD,USD_PER_BARREL,False
2023-09-25,BRENT_CRUDE,BRENT_CRUDE,94.01,,,,alpha_vantage,BRENT,benchmark_spot,USD,USD_PER_BARREL,False
2023-09-26,BRENT_CRUDE,BRENT_CRUDE,94.46,,,,alpha_vantage,BRENT,benchmark_spot,USD,USD_PER_BARREL,False
2023-09-27,BRENT_CRUDE,BRENT_CRUDE,97.1,,,,alpha_vantage,BRENT,benchmark_spot,USD,USD_PER_BARREL,False
2023-09-28,BRENT_CRUDE,BRENT_CRUDE,96.64,,,,alpha_vantage,BRENT,benchmark_spot,USD,USD_PER_BARREL,False
2023-09-29,BRENT_CRUDE,BRENT_CRUDE,95.86,,,,alpha_vantage,BRENT,benchmark_spot,USD,USD_PER_BARREL,False
2023-10-02,BRENT_CRUDE,BRENT_CRUDE,91.21,,,,alpha_vantage,BRENT,benchmark_spot,USD,USD_PER_BARREL,False
2023-10-03,BRENT_CRUDE,BRENT_CRUDE,94.46,,,,alpha_vantage,BRENT,benchmark_spot,USD,USD_PER_BARREL,False
2023-10-04,BRENT_CRUDE,BRENT_CRUDE,89.83,,,,alpha_vantage,BRENT,benchmark_spot,USD,USD_PER_BARREL,False
2023-10-05,BRENT_CRUDE,BRENT_CRUDE,88.28,,,,alpha_vantage,BRENT,benchmark_spot,USD,USD_PER_BARREL,False
2023-10-06,BRENT_CRUDE,BRENT_CRUDE,87.86,,,,alpha_vantage,BRENT,benchmark_spot,USD,USD_PER_BARREL,False
2023-10-09,BRENT_CRUDE,BRENT_CRUDE,91.37,,,,alpha_vantage,BRENT,benchmark_spot,USD,USD_PER_BARREL,False
2023-10-10,BRENT_CRUDE,BRENT_CRUDE,90.7,,,,alpha_vantage,BRENT,benchmark_spot,USD,USD_PER_BARREL,False
2023-10-11,BRENT_CRUDE,BRENT_CRUDE,87.58,,,,alpha_vantage,BRENT,benchmark_spot,USD,USD_PER_BARREL,False
2023-10-12,BRENT_CRUDE,BRENT_CRUDE,88.4,,,,alpha_vantage,BRENT,benchmark_spot,USD,USD_PER_BARREL,False
2023-10-13,BRENT_CRUDE,BRENT_CRUDE,94.33,,,,alpha_vantage,BRENT,benchmark_spot,USD,USD_PER_BARREL,False
2023-10-16,BRENT_CRUDE,BRENT_CRUDE,90.99,,,,alpha_vantage,BRENT,benchmark_spot,USD,USD_PER_BARREL,False
2023-10-17,BRENT_CRUDE,BRENT_CRUDE,92.52,,,,alpha_vantage,BRENT,benchmark_spot,USD,USD_PER_BARREL,False
2023-10-18,BRENT_CRUDE,BRENT_CRUDE,91.99,,,,alpha_vantage,BRENT,benchmark_spot,USD,USD_PER_BARREL,False
2023-10-19,BRENT_CRUDE,BRENT_CRUDE,93.12,,,,alpha_vantage,BRENT,benchmark_spot,USD,USD_PER_BARREL,False
2023-10-20,BRENT_CRUDE,BRENT_CRUDE,93.72,,,,alpha_vantage,BRENT,benchmark_spot,USD,USD_PER_BARREL,False
2023-10-23,BRENT_CRUDE,BRENT_CRUDE,91.88,,,,alpha_vantage,BRENT,benchmark_spot,USD,USD_PER_BARREL,False
2023-10-24,BRENT_CRUDE,BRENT_CRUDE,88.0,,,,alpha_vantage,BRENT,benchmark_spot,USD,USD_PER_BARREL,False
2023-10-25,BRENT_CRUDE,BRENT_CRUDE,90.14,,,,alpha_vantage,BRENT,benchmark_spot,USD,USD_PER_BARREL,False
2023-10-26,BRENT_CRUDE,BRENT_CRUDE,88.45,,,,alpha_vantage,BRENT,benchmark_spot,USD,USD_PER_BARREL,False
2023-10-27,BRENT_CRUDE,BRENT_CRUDE,90.73,,,,alpha_vantage,BRENT,benchmark_spot,USD,USD_PER_BARREL,False
2023-10-30,BRENT_CRUDE,BRENT_CRUDE,90.73,,,,alpha_vantage,BRENT,benchmark_spot,USD,USD_PER_BARREL,False
2023-10-31,BRENT_CRUDE,BRENT_CRUDE,86.82,,,,alpha_vantage,BRENT,benchmark_spot,USD,USD_PER_BARREL,False
2023-11-01,BRENT_CRUDE,BRENT_CRUDE,86.92,,,,alpha_vantage,BRENT,benchmark_spot,USD,USD_PER_BARREL,False
2023-11-02,BRENT_CRUDE,BRENT_CRUDE,89.02,,,,alpha_vantage,BRENT,benchmark_spot,USD,USD_PER_BARREL,False
2023-11-03,BRENT_CRUDE,BRENT_CRUDE,87.55,,,,alpha_vantage,BRENT,benchmark_spot,USD,USD_PER_BARREL,False
2023-11-06,BRENT_CRUDE,BRENT_CRUDE,87.31,,,,alpha_vantage,BRENT,benchmark_spot,USD,USD_PER_BARREL,False
2023-11-07,BRENT_CRUDE,BRENT_CRUDE,83.43,,,,alpha_vantage,BRENT,benchmark_spot,USD,USD_PER_BARREL,False
2023-11-08,BRENT_CRUDE,BRENT_CRUDE,81.46,,,,alpha_vantage,BRENT,benchmark_spot,USD,USD_PER_BARREL,False
2023-11-09,BRENT_CRUDE,BRENT_CRUDE,81.74,,,,alpha_vantage,BRENT,benchmark_spot,USD,USD_PER_BARREL,False
2023-11-10,BRENT_CRUDE,BRENT_CRUDE,83.66,,,,alpha_vantage,BRENT,benchmark_spot,USD,USD_PER_BARREL,False
2023-11-13,BRENT_CRUDE,BRENT_CRUDE,84.09,,,,alpha_vantage,BRENT,benchmark_spot,USD,USD_PER_BARREL,False
2023-11-14,BRENT_CRUDE,BRENT_CRUDE,84.2,,,,alpha_vantage,BRENT,benchmark_spot,USD,USD_PER_BARREL,False
2023-11-15,BRENT_CRUDE,BRENT_CRUDE,82.4,,,,alpha_vantage,BRENT,benchmark_spot,USD,USD_PER_BARREL,False
2023-11-16,BRENT_CRUDE,BRENT_CRUDE,77.73,,,,alpha_vantage,BRENT,benchmark_spot,USD,USD_PER_BARREL,False
2023-11-17,BRENT_CRUDE,BRENT_CRUDE,81.22,,,,alpha_vantage,BRENT,benchmark_spot,USD,USD_PER_BARREL,False
2023-11-20,BRENT_CRUDE,BRENT_CRUDE,83.25,,,,alpha_vantage,BRENT,benchmark_spot,USD,USD_PER_BARREL,False
2023-11-21,BRENT_CRUDE,BRENT_CRUDE,82.42,,,,alpha_vantage,BRENT,benchmark_spot,USD,USD_PER_BARREL,False
2023-11-22,BRENT_CRUDE,BRENT_CRUDE,81.76,,,,alpha_vantage,BRENT,benchmark_spot,USD,USD_PER_BARREL,False
2023-11-23,BRENT_CRUDE,BRENT_CRUDE,80.85,,,,alpha_vantage,BRENT,benchmark_spot,USD,USD_PER_BARREL,False
2023-11-24,BRENT_CRUDE,BRENT_CRUDE,79.82,,,,alpha_vantage,BRENT,benchmark_spot,USD,USD_PER_BARREL,False
2023-11-27,BRENT_CRUDE,BRENT_CRUDE,79.49,,,,alpha_vantage,BRENT,benchmark_spot,USD,USD_PER_BARREL,False
2023-11-28,BRENT_CRUDE,BRENT_CRUDE,81.66,,,,alpha_vantage,BRENT,benchmark_spot,USD,USD_PER_BARREL,False
2023-11-29,BRENT_CRUDE,BRENT_CRUDE,82.98,,,,alpha_vantage,BRENT,benchmark_spot,USD,USD_PER_BARREL,False
2023-11-30,BRENT_CRUDE,BRENT_CRUDE,81.72,,,,alpha_vantage,BRENT,benchmark_spot,USD,USD_PER_BARREL,False
2023-12-01,BRENT_CRUDE,BRENT_CRUDE,78.72,,,,alpha_vantage,BRENT,benchmark_spot,USD,USD_PER_BARREL,False
2023-12-04,BRENT_CRUDE,BRENT_CRUDE,78.16,,,,alpha_vantage,BRENT,benchmark_spot,USD,USD_PER_BARREL,False
2023-12-05,BRENT_CRUDE,BRENT_CRUDE,77.27,,,,alpha_vantage,BRENT,benchmark_spot,USD,USD_PER_BARREL,False
2023-12-06,BRENT_CRUDE,BRENT_CRUDE,74.33,,,,alpha_vantage,BRENT,benchmark_spot,USD,USD_PER_BARREL,False
2023-12-07,BRENT_CRUDE,BRENT_CRUDE,74.21,,,,alpha_vantage,BRENT,benchmark_spot,USD,USD_PER_BARREL,False
2023-12-08,BRENT_CRUDE,BRENT_CRUDE,75.94,,,,alpha_vantage,BRENT,benchmark_spot,USD,USD_PER_BARREL,False
2023-12-11,BRENT_CRUDE,BRENT_CRUDE,75.75,,,,alpha_vantage,BRENT,benchmark_spot,USD,USD_PER_BARREL,False
2023-12-12,BRENT_CRUDE,BRENT_CRUDE,74.11,,,,alpha_vantage,BRENT,benchmark_spot,USD,USD_PER_BARREL,False
2023-12-13,BRENT_CRUDE,BRENT_CRUDE,74.14,,,,alpha_vantage,BRENT,benchmark_spot,USD,USD_PER_BARREL,False
2023-12-14,BRENT_CRUDE,BRENT_CRUDE,77.05,,,,alpha_vantage,BRENT,benchmark_spot,USD,USD_PER_BARREL,False
2023-12-15,BRENT_CRUDE,BRENT_CRUDE,76.84,,,,alpha_vantage,BRENT,benchmark_spot,USD,USD_PER_BARREL,False
2023-12-18,BRENT_CRUDE,BRENT_CRUDE,78.89,,,,alpha_vantage,BRENT,benchmark_spot,USD,USD_PER_BARREL,False
2023-12-19,BRENT_CRUDE,BRENT_CRUDE,79.82,,,,alpha_vantage,BRENT,benchmark_spot,USD,USD_PER_BARREL,False
2023-12-20,BRENT_CRUDE,BRENT_CRUDE,81.1,,,,alpha_vantage,BRENT,benchmark_spot,USD,USD_PER_BARREL,False
2023-12-21,BRENT_CRUDE,BRENT_CRUDE,80.73,,,,alpha_vantage,BRENT,benchmark_spot,USD,USD_PER_BARREL,False
2023-12-22,BRENT_CRUDE,BRENT_CRUDE,80.23,,,,alpha_vantage,BRENT,benchmark_spot,USD,USD_PER_BARREL,False
2023-12-27,BRENT_CRUDE,BRENT_CRUDE,80.97,,,,alpha_vantage,BRENT,benchmark_spot,USD,USD_PER_BARREL,False
2023-12-28,BRENT_CRUDE,BRENT_CRUDE,79.04,,,,alpha_vantage,BRENT,benchmark_spot,USD,USD_PER_BARREL,False
2023-12-29,BRENT_CRUDE,BRENT_CRUDE,77.69,,,,alpha_vantage,BRENT,benchmark_spot,USD,USD_PER_BARREL,False
2024-01-02,BRENT_CRUDE,BRENT_CRUDE,76.24,,,,alpha_vantage,BRENT,benchmark_spot,USD,USD_PER_BARREL,False
2024-01-03,BRENT_CRUDE,BRENT_CRUDE,77.18,,,,alpha_vantage,BRENT,benchmark_spot,USD,USD_PER_BARREL,False
2024-01-04,BRENT_CRUDE,BRENT_CRUDE,75.79,,,,alpha_vantage,BRENT,benchmark_spot,USD,USD_PER_BARREL,False
2024-01-05,BRENT_CRUDE,BRENT_CRUDE,78.31,,,,alpha_vantage,BRENT,benchmark_spot,USD,USD_PER_BARREL,False
2024-01-08,BRENT_CRUDE,BRENT_CRUDE,75.47,,,,alpha_vantage,BRENT,benchmark_spot,USD,USD_PER_BARREL,False
2024-01-09,BRENT_CRUDE,BRENT_CRUDE,77.97,,,,alpha_vantage,BRENT,benchmark_spot,USD,USD_PER_BARREL,False
2024-01-10,BRENT_CRUDE,BRENT_CRUDE,78.46,,,,alpha_vantage,BRENT,benchmark_spot,USD,USD_PER_BARREL,False
2024-01-11,BRENT_CRUDE,BRENT_CRUDE,80.21,,,,alpha_vantage,BRENT,benchmark_spot,USD,USD_PER_BARREL,False
2024-01-12,BRENT_CRUDE,BRENT_CRUDE,79.89,,,,alpha_vantage,BRENT,benchmark_spot,USD,USD_PER_BARREL,False
2024-01-15,BRENT_CRUDE,BRENT_CRUDE,79.76,,,,alpha_vantage,BRENT,benchmark_spot,USD,USD_PER_BARREL,False
2024-01-16,BRENT_CRUDE,BRENT_CRUDE,80.15,,,,alpha_vantage,BRENT,benchmark_spot,USD,USD_PER_BARREL,False
2024-01-17,BRENT_CRUDE,BRENT_CRUDE,78.88,,,,alpha_vantage,BRENT,benchmark_spot,USD,USD_PER_BARREL,False
2024-01-18,BRENT_CRUDE,BRENT_CRUDE,81.04,,,,alpha_vantage,BRENT,benchmark_spot,USD,USD_PER_BARREL,False
2024-01-19,BRENT_CRUDE,BRENT_CRUDE,80.71,,,,alpha_vantage,BRENT,benchmark_spot,USD,USD_PER_BARREL,False
2024-01-22,BRENT_CRUDE,BRENT_CRUDE,81.7,,,,alpha_vantage,BRENT,benchmark_spot,USD,USD_PER_BARREL,False
2024-01-23,BRENT_CRUDE,BRENT_CRUDE,82.04,,,,alpha_vantage,BRENT,benchmark_spot,USD,USD_PER_BARREL,False
2024-01-24,BRENT_CRUDE,BRENT_CRUDE,82.15,,,,alpha_vantage,BRENT,benchmark_spot,USD,USD_PER_BARREL,False
2024-01-25,BRENT_CRUDE,BRENT_CRUDE,82.33,,,,alpha_vantage,BRENT,benchmark_spot,USD,USD_PER_BARREL,False
2024-01-26,BRENT_CRUDE,BRENT_CRUDE,83.34,,,,alpha_vantage,BRENT,benchmark_spot,USD,USD_PER_BARREL,False
2024-01-29,BRENT_CRUDE,BRENT_CRUDE,83.99,,,,alpha_vantage,BRENT,benchmark_spot,USD,USD_PER_BARREL,False
2024-01-30,BRENT_CRUDE,BRENT_CRUDE,84.14,,,,alpha_vantage,BRENT,benchmark_spot,USD,USD_PER_BARREL,False
2024-01-31,BRENT_CRUDE,BRENT_CRUDE,82.98,,,,alpha_vantage,BRENT,benchmark_spot,USD,USD_PER_BARREL,False
2024-02-01,BRENT_CRUDE,BRENT_CRUDE,82.2,,,,alpha_vantage,BRENT,benchmark_spot,USD,USD_PER_BARREL,False
2024-02-02,BRENT_CRUDE,BRENT_CRUDE,79.54,,,,alpha_vantage,BRENT,benchmark_spot,USD,USD_PER_BARREL,False
2024-02-05,BRENT_CRUDE,BRENT_CRUDE,79.3,,,,alpha_vantage,BRENT,benchmark_spot,USD,USD_PER_BARREL,False
2024-02-06,BRENT_CRUDE,BRENT_CRUDE,80.46,,,,alpha_vantage,BRENT,benchmark_spot,USD,USD_PER_BARREL,False
2024-02-07,BRENT_CRUDE,BRENT_CRUDE,81.18,,,,alpha_vantage,BRENT,benchmark_spot,USD,USD_PER_BARREL,False
2024-02-08,BRENT_CRUDE,BRENT_CRUDE,83.01,,,,alpha_vantage,BRENT,benchmark_spot,USD,USD_PER_BARREL,False
2024-02-09,BRENT_CRUDE,BRENT_CRUDE,83.58,,,,alpha_vantage,BRENT,benchmark_spot,USD,USD_PER_BARREL,False
2024-02-12,BRENT_CRUDE,BRENT_CRUDE,83.88,,,,alpha_vantage,BRENT,benchmark_spot,USD,USD_PER_BARREL,False
2024-02-13,BRENT_CRUDE,BRENT_CRUDE,84.72,,,,alpha_vantage,BRENT,benchmark_spot,USD,USD_PER_BARREL,False
2024-02-14,BRENT_CRUDE,BRENT_CRUDE,84.41,,,,alpha_vantage,BRENT,benchmark_spot,USD,USD_PER_BARREL,False
2024-02-15,BRENT_CRUDE,BRENT_CRUDE,84.33,,,,alpha_vantage,BRENT,benchmark_spot,USD,USD_PER_BARREL,False
2024-02-16,BRENT_CRUDE,BRENT_CRUDE,84.88,,,,alpha_vantage,BRENT,benchmark_spot,USD,USD_PER_BARREL,False
2024-02-19,BRENT_CRUDE,BRENT_CRUDE,85.52,,,,alpha_vantage,BRENT,benchmark_spot,USD,USD_PER_BARREL,False
2024-02-20,BRENT_CRUDE,BRENT_CRUDE,84.78,,,,alpha_vantage,BRENT,benchmark_spot,USD,USD_PER_BARREL,False
2024-02-21,BRENT_CRUDE,BRENT_CRUDE,84.77,,,,alpha_vantage,BRENT,benchmark_spot,USD,USD_PER_BARREL,False
2024-02-22,BRENT_CRUDE,BRENT_CRUDE,85.84,,,,alpha_vantage,BRENT,benchmark_spot,USD,USD_PER_BARREL,False
2024-02-23,BRENT_CRUDE,BRENT_CRUDE,84.18,,,,alpha_vantage,BRENT,benchmark_spot,USD,USD_PER_BARREL,False
2024-02-26,BRENT_CRUDE,BRENT_CRUDE,84.01,,,,alpha_vantage,BRENT,benchmark_spot,USD,USD_PER_BARREL,False
2024-02-27,BRENT_CRUDE,BRENT_CRUDE,83.8,,,,alpha_vantage,BRENT,benchmark_spot,USD,USD_PER_BARREL,False
2024-02-28,BRENT_CRUDE,BRENT_CRUDE,84.08,,,,alpha_vantage,BRENT,benchmark_spot,USD,USD_PER_BARREL,False
2024-02-29,BRENT_CRUDE,BRENT_CRUDE,84.57,,,,alpha_vantage,BRENT,benchmark_spot,USD,USD_PER_BARREL,False
2024-03-01,BRENT_CRUDE,BRENT_CRUDE,84.82,,,,alpha_vantage,BRENT,benchmark_spot,USD,USD_PER_BARREL,False
2024-03-04,BRENT_CRUDE,BRENT_CRUDE,86.58,,,,alpha_vantage,BRENT,benchmark_spot,USD,USD_PER_BARREL,False
2024-03-05,BRENT_CRUDE,BRENT_CRUDE,85.82,,,,alpha_vantage,BRENT,benchmark_spot,USD,USD_PER_BARREL,False
2024-03-06,BRENT_CRUDE,BRENT_CRUDE,86.59,,,,alpha_vantage,BRENT,benchmark_spot,USD,USD_PER_BARREL,False
2024-03-07,BRENT_CRUDE,BRENT_CRUDE,84.88,,,,alpha_vantage,BRENT,benchmark_spot,USD,USD_PER_BARREL,False
2024-03-08,BRENT_CRUDE,BRENT_CRUDE,84.29,,,,alpha_vantage,BRENT,benchmark_spot,USD,USD_PER_BARREL,False
2024-03-11,BRENT_CRUDE,BRENT_CRUDE,83.44,,,,alpha_vantage,BRENT,benchmark_spot,USD,USD_PER_BARREL,False
2024-03-12,BRENT_CRUDE,BRENT_CRUDE,83.66,,,,alpha_vantage,BRENT,benchmark_spot,USD,USD_PER_BARREL,False
2024-03-13,BRENT_CRUDE,BRENT_CRUDE,83.95,,,,alpha_vantage,BRENT,benchmark_spot,USD,USD_PER_BARREL,False
2024-03-14,BRENT_CRUDE,BRENT_CRUDE,86.16,,,,alpha_vantage,BRENT,benchmark_spot,USD,USD_PER_BARREL,False
2024-03-15,BRENT_CRUDE,BRENT_CRUDE,85.39,,,,alpha_vantage,BRENT,benchmark_spot,USD,USD_PER_BARREL,False
2024-03-18,BRENT_CRUDE,BRENT_CRUDE,86.47,,,,alpha_vantage,BRENT,benchmark_spot,USD,USD_PER_BARREL,False
2024-03-19,BRENT_CRUDE,BRENT_CRUDE,87.36,,,,alpha_vantage,BRENT,benchmark_spot,USD,USD_PER_BARREL,False
2024-03-20,BRENT_CRUDE,BRENT_CRUDE,85.77,,,,alpha_vantage,BRENT,benchmark_spot,USD,USD_PER_BARREL,False
2024-03-21,BRENT_CRUDE,BRENT_CRUDE,84.92,,,,alpha_vantage,BRENT,benchmark_spot,USD,USD_PER_BARREL,False
2024-03-22,BRENT_CRUDE,BRENT_CRUDE,84.87,,,,alpha_vantage,BRENT,benchmark_spot,USD,USD_PER_BARREL,False
2024-03-25,BRENT_CRUDE,BRENT_CRUDE,86.18,,,,alpha_vantage,BRENT,benchmark_spot,USD,USD_PER_BARREL,False
2024-03-26,BRENT_CRUDE,BRENT_CRUDE,85.91,,,,alpha_vantage,BRENT,benchmark_spot,USD,USD_PER_BARREL,False
2024-03-27,BRENT_CRUDE,BRENT_CRUDE,84.94,,,,alpha_vantage,BRENT,benchmark_spot,USD,USD_PER_BARREL,False
2024-03-28,BRENT_CRUDE,BRENT_CRUDE,86.17,,,,alpha_vantage,BRENT,benchmark_spot,USD,USD_PER_BARREL,False
2024-04-02,BRENT_CRUDE,BRENT_CRUDE,87.63,,,,alpha_vantage,BRENT,benchmark_spot,USD,USD_PER_BARREL,False
2024-04-03,BRENT_CRUDE,BRENT_CRUDE,90.6,,,,alpha_vantage,BRENT,benchmark_spot,USD,USD_PER_BARREL,False
2024-04-04,BRENT_CRUDE,BRENT_CRUDE,90.32,,,,alpha_vantage,BRENT,benchmark_spot,USD,USD_PER_BARREL,False
2024-04-05,BRENT_CRUDE,BRENT_CRUDE,92.81,,,,alpha_vantage,BRENT,benchmark_spot,USD,USD_PER_BARREL,False
2024-04-08,BRENT_CRUDE,BRENT_CRUDE,91.73,,,,alpha_vantage,BRENT,benchmark_spot,USD,USD_PER_BARREL,False
2024-04-09,BRENT_CRUDE,BRENT_CRUDE,92.13,,,,alpha_vantage,BRENT,benchmark_spot,USD,USD_PER_BARREL,False
2024-04-10,BRENT_CRUDE,BRENT_CRUDE,91.57,,,,alpha_vantage,BRENT,benchmark_spot,USD,USD_PER_BARREL,False
2024-04-11,BRENT_CRUDE,BRENT_CRUDE,91.49,,,,alpha_vantage,BRENT,benchmark_spot,USD,USD_PER_BARREL,False
2024-04-12,BRENT_CRUDE,BRENT_CRUDE,93.12,,,,alpha_vantage,BRENT,benchmark_spot,USD,USD_PER_BARREL,False
2024-04-15,BRENT_CRUDE,BRENT_CRUDE,90.84,,,,alpha_vantage,BRENT,benchmark_spot,USD,USD_PER_BARREL,False
2024-04-16,BRENT_CRUDE,BRENT_CRUDE,91.29,,,,alpha_vantage,BRENT,benchmark_spot,USD,USD_PER_BARREL,False
2024-04-17,BRENT_CRUDE,BRENT_CRUDE,89.54,,,,alpha_vantage,BRENT,benchmark_spot,USD,USD_PER_BARREL,False
2024-04-18,BRENT_CRUDE,BRENT_CRUDE,88.34,,,,alpha_vantage,BRENT,benchmark_spot,USD,USD_PER_BARREL,False
2024-04-19,BRENT_CRUDE,BRENT_CRUDE,87.96,,,,alpha_vantage,BRENT,benchmark_spot,USD,USD_PER_BARREL,False
2024-04-22,BRENT_CRUDE,BRENT_CRUDE,87.3,,,,alpha_vantage,BRENT,benchmark_spot,USD,USD_PER_BARREL,False
2024-04-23,BRENT_CRUDE,BRENT_CRUDE,88.29,,,,alpha_vantage,BRENT,benchmark_spot,USD,USD_PER_BARREL,False
2024-04-24,BRENT_CRUDE,BRENT_CRUDE,89.02,,,,alpha_vantage,BRENT,benchmark_spot,USD,USD_PER_BARREL,False
2024-04-25,BRENT_CRUDE,BRENT_CRUDE,88.1,,,,alpha_vantage,BRENT,benchmark_spot,USD,USD_PER_BARREL,False
2024-04-26,BRENT_CRUDE,BRENT_CRUDE,89.95,,,,alpha_vantage,BRENT,benchmark_spot,USD,USD_PER_BARREL,False
2024-04-29,BRENT_CRUDE,BRENT_CRUDE,88.44,,,,alpha_vantage,BRENT,benchmark_spot,USD,USD_PER_BARREL,False
2024-04-30,BRENT_CRUDE,BRENT_CRUDE,88.23,,,,alpha_vantage,BRENT,benchmark_spot,USD,USD_PER_BARREL,False
2024-05-01,BRENT_CRUDE,BRENT_CRUDE,83.55,,,,alpha_vantage,BRENT,benchmark_spot,USD,USD_PER_BARREL,False
2024-05-02,BRENT_CRUDE,BRENT_CRUDE,84.81,,,,alpha_vantage,BRENT,benchmark_spot,USD,USD_PER_BARREL,False
2024-05-03,BRENT_CRUDE,BRENT_CRUDE,83.6,,,,alpha_vantage,BRENT,benchmark_spot,USD,USD_PER_BARREL,False
2024-05-07,BRENT_CRUDE,BRENT_CRUDE,82.69,,,,alpha_vantage,BRENT,benchmark_spot,USD,USD_PER_BARREL,False
2024-05-08,BRENT_CRUDE,BRENT_CRUDE,82.44,,,,alpha_vantage,BRENT,benchmark_spot,USD,USD_PER_BARREL,False
2024-05-09,BRENT_CRUDE,BRENT_CRUDE,83.27,,,,alpha_vantage,BRENT,benchmark_spot,USD,USD_PER_BARREL,False
2024-05-10,BRENT_CRUDE,BRENT_CRUDE,83.39,,,,alpha_vantage,BRENT,benchmark_spot,USD,USD_PER_BARREL,False
2024-05-13,BRENT_CRUDE,BRENT_CRUDE,83.18,,,,alpha_vantage,BRENT,benchmark_spot,USD,USD_PER_BARREL,False
2024-05-14,BRENT_CRUDE,BRENT_CRUDE,81.0,,,,alpha_vantage,BRENT,benchmark_spot,USD,USD_PER_BARREL,False
2024-05-15,BRENT_CRUDE,BRENT_CRUDE,79.98,,,,alpha_vantage,BRENT,benchmark_spot,USD,USD_PER_BARREL,False
2024-05-16,BRENT_CRUDE,BRENT_CRUDE,81.65,,,,alpha_vantage,BRENT,benchmark_spot,USD,USD_PER_BARREL,False
2024-05-17,BRENT_CRUDE,BRENT_CRUDE,82.24,,,,alpha_vantage,BRENT,benchmark_spot,USD,USD_PER_BARREL,False
2024-05-20,BRENT_CRUDE,BRENT_CRUDE,81.91,,,,alpha_vantage,BRENT,benchmark_spot,USD,USD_PER_BARREL,False
2024-05-21,BRENT_CRUDE,BRENT_CRUDE,81.22,,,,alpha_vantage,BRENT,benchmark_spot,USD,USD_PER_BARREL,False
2024-05-22,BRENT_CRUDE,BRENT_CRUDE,79.9,,,,alpha_vantage,BRENT,benchmark_spot,USD,USD_PER_BARREL,False
2024-05-23,BRENT_CRUDE,BRENT_CRUDE,79.25,,,,alpha_vantage,BRENT,benchmark_spot,USD,USD_PER_BARREL,False
2024-05-24,BRENT_CRUDE,BRENT_CRUDE,78.92,,,,alpha_vantage,BRENT,benchmark_spot,USD,USD_PER_BARREL,False
2024-05-28,BRENT_CRUDE,BRENT_CRUDE,81.34,,,,alpha_vantage,BRENT,benchmark_spot,USD,USD_PER_BARREL,False
2024-05-29,BRENT_CRUDE,BRENT_CRUDE,81.5,,,,alpha_vantage,BRENT,benchmark_spot,USD,USD_PER_BARREL,False
2024-05-30,BRENT_CRUDE,BRENT_CRUDE,81.42,,,,alpha_vantage,BRENT,benchmark_spot,USD,USD_PER_BARREL,False
2024-05-31,BRENT_CRUDE,BRENT_CRUDE,79.41,,,,alpha_vantage,BRENT,benchmark_spot,USD,USD_PER_BARREL,False
2024-06-03,BRENT_CRUDE,BRENT_CRUDE,76.45,,,,alpha_vantage,BRENT,benchmark_spot,USD,USD_PER_BARREL,False
2024-06-04,BRENT_CRUDE,BRENT_CRUDE,75.33,,,,alpha_vantage,BRENT,benchmark_spot,USD,USD_PER_BARREL,False
2024-06-05,BRENT_CRUDE,BRENT_CRUDE,75.41,,,,alpha_vantage,BRENT,benchmark_spot,USD,USD_PER_BARREL,False
2024-06-06,BRENT_CRUDE,BRENT_CRUDE,77.62,,,,alpha_vantage,BRENT,benchmark_spot,USD,USD_PER_BARREL,False
2024-06-07,BRENT_CRUDE,BRENT_CRUDE,78.12,,,,alpha_vantage,BRENT,benchmark_spot,USD,USD_PER_BARREL,False
2024-06-10,BRENT_CRUDE,BRENT_CRUDE,79.59,,,,alpha_vantage,BRENT,benchmark_spot,USD,USD_PER_BARREL,False
2024-06-11,BRENT_CRUDE,BRENT_CRUDE,80.15,,,,alpha_vantage,BRENT,benchmark_spot,USD,USD_PER_BARREL,False
2024-06-12,BRENT_CRUDE,BRENT_CRUDE,80.52,,,,alpha_vantage,BRENT,benchmark_spot,USD,USD_PER_BARREL,False
2024-06-13,BRENT_CRUDE,BRENT_CRUDE,81.44,,,,alpha_vantage,BRENT,benchmark_spot,USD,USD_PER_BARREL,False
2024-06-14,BRENT_CRUDE,BRENT_CRUDE,81.49,,,,alpha_vantage,BRENT,benchmark_spot,USD,USD_PER_BARREL,False
2024-06-17,BRENT_CRUDE,BRENT_CRUDE,82.45,,,,alpha_vantage,BRENT,benchmark_spot,USD,USD_PER_BARREL,False
2024-06-18,BRENT_CRUDE,BRENT_CRUDE,84.79,,,,alpha_vantage,BRENT,benchmark_spot,USD,USD_PER_BARREL,False
2024-06-19,BRENT_CRUDE,BRENT_CRUDE,85.64,,,,alpha_vantage,BRENT,benchmark_spot,USD,USD_PER_BARREL,False
2024-06-20,BRENT_CRUDE,BRENT_CRUDE,85.92,,,,alpha_vantage,BRENT,benchmark_spot,USD,USD_PER_BARREL,False
2024-06-21,BRENT_CRUDE,BRENT_CRUDE,86.42,,,,alpha_vantage,BRENT,benchmark_spot,USD,USD_PER_BARREL,False
2024-06-24,BRENT_CRUDE,BRENT_CRUDE,86.75,,,,alpha_vantage,BRENT,benchmark_spot,USD,USD_PER_BARREL,False
2024-06-25,BRENT_CRUDE,BRENT_CRUDE,86.81,,,,alpha_vantage,BRENT,benchmark_spot,USD,USD_PER_BARREL,False
2024-06-26,BRENT_CRUDE,BRENT_CRUDE,85.76,,,,alpha_vantage,BRENT,benchmark_spot,USD,USD_PER_BARREL,False
2024-06-27,BRENT_CRUDE,BRENT_CRUDE,87.0,,,,alpha_vantage,BRENT,benchmark_spot,USD,USD_PER_BARREL,False
2024-06-28,BRENT_CRUDE,BRENT_CRUDE,87.26,,,,alpha_vantage,BRENT,benchmark_spot,USD,USD_PER_BARREL,False
2024-07-01,BRENT_CRUDE,BRENT_CRUDE,86.57,,,,alpha_vantage,BRENT,benchmark_spot,USD,USD_PER_BARREL,False
2024-07-02,BRENT_CRUDE,BRENT_CRUDE,88.28,,,,alpha_vantage,BRENT,benchmark_spot,USD,USD_PER_BARREL,False
2024-07-03,BRENT_CRUDE,BRENT_CRUDE,88.25,,,,alpha_vantage,BRENT,benchmark_spot,USD,USD_PER_BARREL,False
2024-07-04,BRENT_CRUDE,BRENT_CRUDE,88.34,,,,alpha_vantage,BRENT,benchmark_spot,USD,USD_PER_BARREL,False
2024-07-05,BRENT_CRUDE,BRENT_CRUDE,88.66,,,,alpha_vantage,BRENT,benchmark_spot,USD,USD_PER_BARREL,False
2024-07-08,BRENT_CRUDE,BRENT_CRUDE,87.15,,,,alpha_vantage,BRENT,benchmark_spot,USD,USD_PER_BARREL,False
2024-07-09,BRENT_CRUDE,BRENT_CRUDE,86.48,,,,alpha_vantage,BRENT,benchmark_spot,USD,USD_PER_BARREL,False
2024-07-10,BRENT_CRUDE,BRENT_CRUDE,86.55,,,,alpha_vantage,BRENT,benchmark_spot,USD,USD_PER_BARREL,False
2024-07-11,BRENT_CRUDE,BRENT_CRUDE,86.49,,,,alpha_vantage,BRENT,benchmark_spot,USD,USD_PER_BARREL,False
2024-07-12,BRENT_CRUDE,BRENT_CRUDE,87.35,,,,alpha_vantage,BRENT,benchmark_spot,USD,USD_PER_BARREL,False
2024-07-15,BRENT_CRUDE,BRENT_CRUDE,86.42,,,,alpha_vantage,BRENT,benchmark_spot,USD,USD_PER_BARREL,False
2024-07-16,BRENT_CRUDE,BRENT_CRUDE,86.6,,,,alpha_vantage,BRENT,benchmark_spot,USD,USD_PER_BARREL,False
2024-07-17,BRENT_CRUDE,BRENT_CRUDE,85.76,,,,alpha_vantage,BRENT,benchmark_spot,USD,USD_PER_BARREL,False
2024-07-18,BRENT_CRUDE,BRENT_CRUDE,86.26,,,,alpha_vantage,BRENT,benchmark_spot,USD,USD_PER_BARREL,False
2024-07-19,BRENT_CRUDE,BRENT_CRUDE,85.19,,,,alpha_vantage,BRENT,benchmark_spot,USD,USD_PER_BARREL,False
2024-07-22,BRENT_CRUDE,BRENT_CRUDE,83.44,,,,alpha_vantage,BRENT,benchmark_spot,USD,USD_PER_BARREL,False
2024-07-23,BRENT_CRUDE,BRENT_CRUDE,82.2,,,,alpha_vantage,BRENT,benchmark_spot,USD,USD_PER_BARREL,False
2024-07-24,BRENT_CRUDE,BRENT_CRUDE,83.01,,,,alpha_vantage,BRENT,benchmark_spot,USD,USD_PER_BARREL,False
2024-07-25,BRENT_CRUDE,BRENT_CRUDE,82.58,,,,alpha_vantage,BRENT,benchmark_spot,USD,USD_PER_BARREL,False
2024-07-26,BRENT_CRUDE,BRENT_CRUDE,81.35,,,,alpha_vantage,BRENT,benchmark_spot,USD,USD_PER_BARREL,False
2024-07-29,BRENT_CRUDE,BRENT_CRUDE,80.94,,,,alpha_vantage,BRENT,benchmark_spot,USD,USD_PER_BARREL,False
2024-07-30,BRENT_CRUDE,BRENT_CRUDE,79.26,,,,alpha_vantage,BRENT,benchmark_spot,USD,USD_PER_BARREL,False
2024-07-31,BRENT_CRUDE,BRENT_CRUDE,81.39,,,,alpha_vantage,BRENT,benchmark_spot,USD,USD_PER_BARREL,False
2024-08-01,BRENT_CRUDE,BRENT_CRUDE,81.37,,,,alpha_vantage,BRENT,benchmark_spot,USD,USD_PER_BARREL,False
2024-08-02,BRENT_CRUDE,BRENT_CRUDE,78.35,,,,alpha_vantage,BRENT,benchmark_spot,USD,USD_PER_BARREL,False
2024-08-05,BRENT_CRUDE,BRENT_CRUDE,77.51,,,,alpha_vantage,BRENT,benchmark_spot,USD,USD_PER_BARREL,False
2024-08-06,BRENT_CRUDE,BRENT_CRUDE,76.62,,,,alpha_vantage,BRENT,benchmark_spot,USD,USD_PER_BARREL,False
2024-08-07,BRENT_CRUDE,BRENT_CRUDE,78.26,,,,alpha_vantage,BRENT,benchmark_spot,USD,USD_PER_BARREL,False
2024-08-08,BRENT_CRUDE,BRENT_CRUDE,80.76,,,,alpha_vantage,BRENT,benchmark_spot,USD,USD_PER_BARREL,False
2024-08-09,BRENT_CRUDE,BRENT_CRUDE,81.07,,,,alpha_vantage,BRENT,benchmark_spot,USD,USD_PER_BARREL,False
2024-08-12,BRENT_CRUDE,BRENT_CRUDE,83.06,,,,alpha_vantage,BRENT,benchmark_spot,USD,USD_PER_BARREL,False
2024-08-13,BRENT_CRUDE,BRENT_CRUDE,82.51,,,,alpha_vantage,BRENT,benchmark_spot,USD,USD_PER_BARREL,False
2024-08-14,BRENT_CRUDE,BRENT_CRUDE,82.15,,,,alpha_vantage,BRENT,benchmark_spot,USD,USD_PER_BARREL,False
2024-08-15,BRENT_CRUDE,BRENT_CRUDE,83.09,,,,alpha_vantage,BRENT,benchmark_spot,USD,USD_PER_BARREL,False
2024-08-16,BRENT_CRUDE,BRENT_CRUDE,81.56,,,,alpha_vantage,BRENT,benchmark_spot,USD,USD_PER_BARREL,False
2024-08-19,BRENT_CRUDE,BRENT_CRUDE,81.09,,,,alpha_vantage,BRENT,benchmark_spot,USD,USD_PER_BARREL,False
2024-08-20,BRENT_CRUDE,BRENT_CRUDE,78.85,,,,alpha_vantage,BRENT,benchmark_spot,USD,USD_PER_BARREL,False
2024-08-21,BRENT_CRUDE,BRENT_CRUDE,78.77,,,,alpha_vantage,BRENT,benchmark_spot,USD,USD_PER_BARREL,False
2024-08-22,BRENT_CRUDE,BRENT_CRUDE,78.8,,,,alpha_vantage,BRENT,benchmark_spot,USD,USD_PER_BARREL,False
2024-08-23,BRENT_CRUDE,BRENT_CRUDE,80.34,,,,alpha_vantage,BRENT,benchmark_spot,USD,USD_PER_BARREL,False
2024-08-27,BRENT_CRUDE,BRENT_CRUDE,81.51,,,,alpha_vantage,BRENT,benchmark_spot,USD,USD_PER_BARREL,False
2024-08-28,BRENT_CRUDE,BRENT_CRUDE,80.04,,,,alpha_vantage,BRENT,benchmark_spot,USD,USD_PER_BARREL,False
2024-08-29,BRENT_CRUDE,BRENT_CRUDE,81.55,,,,alpha_vantage,BRENT,benchmark_spot,USD,USD_PER_BARREL,False
2024-08-30,BRENT_CRUDE,BRENT_CRUDE,80.2,,,,alpha_vantage,BRENT,benchmark_spot,USD,USD_PER_BARREL,False
2024-09-02,BRENT_CRUDE,BRENT_CRUDE,77.82,,,,alpha_vantage,BRENT,benchmark_spot,USD,USD_PER_BARREL,False
2024-09-03,BRENT_CRUDE,BRENT_CRUDE,76.46,,,,alpha_vantage,BRENT,benchmark_spot,USD,USD_PER_BARREL,False
2024-09-04,BRENT_CRUDE,BRENT_CRUDE,74.67,,,,alpha_vantage,BRENT,benchmark_spot,USD,USD_PER_BARREL,False
2024-09-05,BRENT_CRUDE,BRENT_CRUDE,74.47,,,,alpha_vantage,BRENT,benchmark_spot,USD,USD_PER_BARREL,False
2024-09-06,BRENT_CRUDE,BRENT_CRUDE,72.82,,,,alpha_vantage,BRENT,benchmark_spot,USD,USD_PER_BARREL,False
2024-09-09,BRENT_CRUDE,BRENT_CRUDE,72.37,,,,alpha_vantage,BRENT,benchmark_spot,USD,USD_PER_BARREL,False
2024-09-10,BRENT_CRUDE,BRENT_CRUDE,70.34,,,,alpha_vantage,BRENT,benchmark_spot,USD,USD_PER_BARREL,False
2024-09-11,BRENT_CRUDE,BRENT_CRUDE,70.31,,,,alpha_vantage,BRENT,benchmark_spot,USD,USD_PER_BARREL,False
2024-09-12,BRENT_CRUDE,BRENT_CRUDE,73.81,,,,alpha_vantage,BRENT,benchmark_spot,USD,USD_PER_BARREL,False
2024-09-13,BRENT_CRUDE,BRENT_CRUDE,73.68,,,,alpha_vantage,BRENT,benchmark_spot,USD,USD_PER_BARREL,False
2024-09-16,BRENT_CRUDE,BRENT_CRUDE,73.96,,,,alpha_vantage,BRENT,benchmark_spot,USD,USD_PER_BARREL,False
2024-09-17,BRENT_CRUDE,BRENT_CRUDE,74.55,,,,alpha_vantage,BRENT,benchmark_spot,USD,USD_PER_BARREL,False
2024-09-18,BRENT_CRUDE,BRENT_CRUDE,74.52,,,,alpha_vantage,BRENT,benchmark_spot,USD,USD_PER_BARREL,False
2024-09-19,BRENT_CRUDE,BRENT_CRUDE,75.93,,,,alpha_vantage,BRENT,benchmark_spot,USD,USD_PER_BARREL,False
2024-09-20,BRENT_CRUDE,BRENT_CRUDE,75.96,,,,alpha_vantage,BRENT,benchmark_spot,USD,USD_PER_BARREL,False
2024-09-23,BRENT_CRUDE,BRENT_CRUDE,74.95,,,,alpha_vantage,BRENT,benchmark_spot,USD,USD_PER_BARREL,False
2024-09-24,BRENT_CRUDE,BRENT_CRUDE,75.29,,,,alpha_vantage,BRENT,benchmark_spot,USD,USD_PER_BARREL,False
2024-09-25,BRENT_CRUDE,BRENT_CRUDE,75.4,,,,alpha_vantage,BRENT,benchmark_spot,USD,USD_PER_BARREL,False
2024-09-26,BRENT_CRUDE,BRENT_CRUDE,73.06,,,,alpha_vantage,BRENT,benchmark_spot,USD,USD_PER_BARREL,False
2024-09-27,BRENT_CRUDE,BRENT_CRUDE,71.63,,,,alpha_vantage,BRENT,benchmark_spot,USD,USD_PER_BARREL,False
2024-09-30,BRENT_CRUDE,BRENT_CRUDE,72.35,,,,alpha_vantage,BRENT,benchmark_spot,USD,USD_PER_BARREL,False
2024-10-01,BRENT_CRUDE,BRENT_CRUDE,75.3,,,,alpha_vantage,BRENT,benchmark_spot,USD,USD_PER_BARREL,False
2024-10-02,BRENT_CRUDE,BRENT_CRUDE,74.86,,,,alpha_vantage,BRENT,benchmark_spot,USD,USD_PER_BARREL,False
2024-10-03,BRENT_CRUDE,BRENT_CRUDE,77.57,,,,alpha_vantage,BRENT,benchmark_spot,USD,USD_PER_BARREL,False
2024-10-04,BRENT_CRUDE,BRENT_CRUDE,79.32,,,,alpha_vantage,BRENT,benchmark_spot,USD,USD_PER_BARREL,False
2024-10-07,BRENT_CRUDE,BRENT_CRUDE,81.74,,,,alpha_vantage,BRENT,benchmark_spot,USD,USD_PER_BARREL,False
2024-10-08,BRENT_CRUDE,BRENT_CRUDE,78.19,,,,alpha_vantage,BRENT,benchmark_spot,USD,USD_PER_BARREL,False
2024-10-09,BRENT_CRUDE,BRENT_CRUDE,77.06,,,,alpha_vantage,BRENT,benchmark_spot,USD,USD_PER_BARREL,False
2024-10-10,BRENT_CRUDE,BRENT_CRUDE,79.45,,,,alpha_vantage,BRENT,benchmark_spot,USD,USD_PER_BARREL,False
2024-10-11,BRENT_CRUDE,BRENT_CRUDE,80.27,,,,alpha_vantage,BRENT,benchmark_spot,USD,USD_PER_BARREL,False
2024-10-14,BRENT_CRUDE,BRENT_CRUDE,78.47,,,,alpha_vantage,BRENT,benchmark_spot,USD,USD_PER_BARREL,False
2024-10-15,BRENT_CRUDE,BRENT_CRUDE,73.68,,,,alpha_vantage,BRENT,benchmark_spot,USD,USD_PER_BARREL,False
2024-10-16,BRENT_CRUDE,BRENT_CRUDE,73.65,,,,alpha_vantage,BRENT,benchmark_spot,USD,USD_PER_BARREL,False
2024-10-17,BRENT_CRUDE,BRENT_CRUDE,74.37,,,,alpha_vantage,BRENT,benchmark_spot,USD,USD_PER_BARREL,False
2024-10-18,BRENT_CRUDE,BRENT_CRUDE,72.75,,,,alpha_vantage,BRENT,benchmark_spot,USD,USD_PER_BARREL,False
2024-10-21,BRENT_CRUDE,BRENT_CRUDE,73.29,,,,alpha_vantage,BRENT,benchmark_spot,USD,USD_PER_BARREL,False
2024-10-22,BRENT_CRUDE,BRENT_CRUDE,75.59,,,,alpha_vantage,BRENT,benchmark_spot,USD,USD_PER_BARREL,False
2024-10-23,BRENT_CRUDE,BRENT_CRUDE,74.68,,,,alpha_vantage,BRENT,benchmark_spot,USD,USD_PER_BARREL,False
2024-10-24,BRENT_CRUDE,BRENT_CRUDE,74.27,,,,alpha_vantage,BRENT,benchmark_spot,USD,USD_PER_BARREL,False
2024-10-25,BRENT_CRUDE,BRENT_CRUDE,75.62,,,,alpha_vantage,BRENT,benchmark_spot,USD,USD_PER_BARREL,False
2024-10-28,BRENT_CRUDE,BRENT_CRUDE,71.87,,,,alpha_vantage,BRENT,benchmark_spot,USD,USD_PER_BARREL,False
2024-10-29,BRENT_CRUDE,BRENT_CRUDE,71.09,,,,alpha_vantage,BRENT,benchmark_spot,USD,USD_PER_BARREL,False
2024-10-30,BRENT_CRUDE,BRENT_CRUDE,73.21,,,,alpha_vantage,BRENT,benchmark_spot,USD,USD_PER_BARREL,False
2024-10-31,BRENT_CRUDE,BRENT_CRUDE,73.25,,,,alpha_vantage,BRENT,benchmark_spot,USD,USD_PER_BARREL,False
2024-11-01,BRENT_CRUDE,BRENT_CRUDE,73.63,,,,alpha_vantage,BRENT,benchmark_spot,USD,USD_PER_BARREL,False
2024-11-04,BRENT_CRUDE,BRENT_CRUDE,74.89,,,,alpha_vantage,BRENT,benchmark_spot,USD,USD_PER_BARREL,False
2024-11-05,BRENT_CRUDE,BRENT_CRUDE,76.98,,,,alpha_vantage,BRENT,benchmark_spot,USD,USD_PER_BARREL,False
2024-11-06,BRENT_CRUDE,BRENT_CRUDE,76.52,,,,alpha_vantage,BRENT,benchmark_spot,USD,USD_PER_BARREL,False
2024-11-07,BRENT_CRUDE,BRENT_CRUDE,75.73,,,,alpha_vantage,BRENT,benchmark_spot,USD,USD_PER_BARREL,False
2024-11-08,BRENT_CRUDE,BRENT_CRUDE,74.04,,,,alpha_vantage,BRENT,benchmark_spot,USD,USD_PER_BARREL,False
2024-11-11,BRENT_CRUDE,BRENT_CRUDE,72.19,,,,alpha_vantage,BRENT,benchmark_spot,USD,USD_PER_BARREL,False
2024-11-12,BRENT_CRUDE,BRENT_CRUDE,72.56,,,,alpha_vantage,BRENT,benchmark_spot,USD,USD_PER_BARREL,False
2024-11-13,BRENT_CRUDE,BRENT_CRUDE,72.86,,,,alpha_vantage,BRENT,benchmark_spot,USD,USD_PER_BARREL,False
2024-11-14,BRENT_CRUDE,BRENT_CRUDE,73.39,,,,alpha_vantage,BRENT,benchmark_spot,USD,USD_PER_BARREL,False
2024-11-15,BRENT_CRUDE,BRENT_CRUDE,73.45,,,,alpha_vantage,BRENT,benchmark_spot,USD,USD_PER_BARREL,False
2024-11-18,BRENT_CRUDE,BRENT_CRUDE,74.35,,,,alpha_vantage,BRENT,benchmark_spot,USD,USD_PER_BARREL,False
2024-11-19,BRENT_CRUDE,BRENT_CRUDE,74.32,,,,alpha_vantage,BRENT,benchmark_spot,USD,USD_PER_BARREL,False
2024-11-20,BRENT_CRUDE,BRENT_CRUDE,74.33,,,,alpha_vantage,BRENT,benchmark_spot,USD,USD_PER_BARREL,False
2024-11-21,BRENT_CRUDE,BRENT_CRUDE,75.09,,,,alpha_vantage,BRENT,benchmark_spot,USD,USD_PER_BARREL,False
2024-11-22,BRENT_CRUDE,BRENT_CRUDE,76.1,,,,alpha_vantage,BRENT,benchmark_spot,USD,USD_PER_BARREL,False
2024-11-25,BRENT_CRUDE,BRENT_CRUDE,74.27,,,,alpha_vantage,BRENT,benchmark_spot,USD,USD_PER_BARREL,False
2024-11-26,BRENT_CRUDE,BRENT_CRUDE,74.56,,,,alpha_vantage,BRENT,benchmark_spot,USD,USD_PER_BARREL,False
2024-11-27,BRENT_CRUDE,BRENT_CRUDE,73.91,,,,alpha_vantage,BRENT,benchmark_spot,USD,USD_PER_BARREL,False
2024-11-28,BRENT_CRUDE,BRENT_CRUDE,73.92,,,,alpha_vantage,BRENT,benchmark_spot,USD,USD_PER_BARREL,False
2024-11-29,BRENT_CRUDE,BRENT_CRUDE,74.16,,,,alpha_vantage,BRENT,benchmark_spot,USD,USD_PER_BARREL,False
2024-12-02,BRENT_CRUDE,BRENT_CRUDE,72.81,,,,alpha_vantage,BRENT,benchmark_spot,USD,USD_PER_BARREL,False
2024-12-03,BRENT_CRUDE,BRENT_CRUDE,74.8,,,,alpha_vantage,BRENT,benchmark_spot,USD,USD_PER_BARREL,False
2024-12-04,BRENT_CRUDE,BRENT_CRUDE,74.68,,,,alpha_vantage,BRENT,benchmark_spot,USD,USD_PER_BARREL,False
2024-12-05,BRENT_CRUDE,BRENT_CRUDE,73.78,,,,alpha_vantage,BRENT,benchmark_spot,USD,USD_PER_BARREL,False
2024-12-06,BRENT_CRUDE,BRENT_CRUDE,73.78,,,,alpha_vantage,BRENT,benchmark_spot,USD,USD_PER_BARREL,False
2024-12-09,BRENT_CRUDE,BRENT_CRUDE,73.73,,,,alpha_vantage,BRENT,benchmark_spot,USD,USD_PER_BARREL,False
2024-12-10,BRENT_CRUDE,BRENT_CRUDE,73.64,,,,alpha_vantage,BRENT,benchmark_spot,USD,USD_PER_BARREL,False
2024-12-11,BRENT_CRUDE,BRENT_CRUDE,74.38,,,,alpha_vantage,BRENT,benchmark_spot,USD,USD_PER_BARREL,False
2024-12-12,BRENT_CRUDE,BRENT_CRUDE,73.52,,,,alpha_vantage,BRENT,benchmark_spot,USD,USD_PER_BARREL,False
2024-12-13,BRENT_CRUDE,BRENT_CRUDE,74.89,,,,alpha_vantage,BRENT,benchmark_spot,USD,USD_PER_BARREL,False
2024-12-16,BRENT_CRUDE,BRENT_CRUDE,74.3,,,,alpha_vantage,BRENT,benchmark_spot,USD,USD_PER_BARREL,False
2024-12-17,BRENT_CRUDE,BRENT_CRUDE,73.16,,,,alpha_vantage,BRENT,benchmark_spot,USD,USD_PER_BARREL,False
2024-12-18,BRENT_CRUDE,BRENT_CRUDE,74.57,,,,alpha_vantage,BRENT,benchmark_spot,USD,USD_PER_BARREL,False
2024-12-19,BRENT_CRUDE,BRENT_CRUDE,73.75,,,,alpha_vantage,BRENT,benchmark_spot,USD,USD_PER_BARREL,False
2024-12-20,BRENT_CRUDE,BRENT_CRUDE,73.19,,,,alpha_vantage,BRENT,benchmark_spot,USD,USD_PER_BARREL,False
2024-12-23,BRENT_CRUDE,BRENT_CRUDE,72.12,,,,alpha_vantage,BRENT,benchmark_spot,USD,USD_PER_BARREL,False
2024-12-24,BRENT_CRUDE,BRENT_CRUDE,73.5,,,,alpha_vantage,BRENT,benchmark_spot,USD,USD_PER_BARREL,False
2024-12-27,BRENT_CRUDE,BRENT_CRUDE,73.77,,,,alpha_vantage,BRENT,benchmark_spot,USD,USD_PER_BARREL,False
2024-12-30,BRENT_CRUDE,BRENT_CRUDE,74.24,,,,alpha_vantage,BRENT,benchmark_spot,USD,USD_PER_BARREL,False
2024-12-31,BRENT_CRUDE,BRENT_CRUDE,74.58,,,,alpha_vantage,BRENT,benchmark_spot,USD,USD_PER_BARREL,False
2025-01-02,BRENT_CRUDE,BRENT_CRUDE,76.14,,,,alpha_vantage,BRENT,benchmark_spot,USD,USD_PER_BARREL,False
2025-01-03,BRENT_CRUDE,BRENT_CRUDE,76.72,,,,alpha_vantage,BRENT,benchmark_spot,USD,USD_PER_BARREL,False
2025-01-06,BRENT_CRUDE,BRENT_CRUDE,77.27,,,,alpha_vantage,BRENT,benchmark_spot,USD,USD_PER_BARREL,False
2025-01-07,BRENT_CRUDE,BRENT_CRUDE,77.84,,,,alpha_vantage,BRENT,benchmark_spot,USD,USD_PER_BARREL,False
2025-01-08,BRENT_CRUDE,BRENT_CRUDE,77.37,,,,alpha_vantage,BRENT,benchmark_spot,USD,USD_PER_BARREL,False
2025-01-09,BRENT_CRUDE,BRENT_CRUDE,78.44,,,,alpha_vantage,BRENT,benchmark_spot,USD,USD_PER_BARREL,False
2025-01-10,BRENT_CRUDE,BRENT_CRUDE,79.76,,,,alpha_vantage,BRENT,benchmark_spot,USD,USD_PER_BARREL,False
2025-01-13,BRENT_CRUDE,BRENT_CRUDE,82.69,,,,alpha_vantage,BRENT,benchmark_spot,USD,USD_PER_BARREL,False
2025-01-14,BRENT_CRUDE,BRENT_CRUDE,82.39,,,,alpha_vantage,BRENT,benchmark_spot,USD,USD_PER_BARREL,False
2025-01-15,BRENT_CRUDE,BRENT_CRUDE,83.48,,,,alpha_vantage,BRENT,benchmark_spot,USD,USD_PER_BARREL,False
2025-01-16,BRENT_CRUDE,BRENT_CRUDE,82.39,,,,alpha_vantage,BRENT,benchmark_spot,USD,USD_PER_BARREL,False
2025-01-17,BRENT_CRUDE,BRENT_CRUDE,83.02,,,,alpha_vantage,BRENT,benchmark_spot,USD,USD_PER_BARREL,False
2025-01-20,BRENT_CRUDE,BRENT_CRUDE,81.68,,,,alpha_vantage,BRENT,benchmark_spot,USD,USD_PER_BARREL,False
2025-01-21,BRENT_CRUDE,BRENT_CRUDE,80.57,,,,alpha_vantage,BRENT,benchmark_spot,USD,USD_PER_BARREL,False
2025-01-22,BRENT_CRUDE,BRENT_CRUDE,80.0,,,,alpha_vantage,BRENT,benchmark_spot,USD,USD_PER_BARREL,False
2025-01-23,BRENT_CRUDE,BRENT_CRUDE,78.62,,,,alpha_vantage,BRENT,benchmark_spot,USD,USD_PER_BARREL,False
2025-01-24,BRENT_CRUDE,BRENT_CRUDE,78.71,,,,alpha_vantage,BRENT,benchmark_spot,USD,USD_PER_BARREL,False
2025-01-27,BRENT_CRUDE,BRENT_CRUDE,77.3,,,,alpha_vantage,BRENT,benchmark_spot,USD,USD_PER_BARREL,False
2025-01-28,BRENT_CRUDE,BRENT_CRUDE,78.01,,,,alpha_vantage,BRENT,benchmark_spot,USD,USD_PER_BARREL,False
2025-01-29,BRENT_CRUDE,BRENT_CRUDE,77.02,,,,alpha_vantage,BRENT,benchmark_spot,USD,USD_PER_BARREL,False
2025-01-30,BRENT_CRUDE,BRENT_CRUDE,77.42,,,,alpha_vantage,BRENT,benchmark_spot,USD,USD_PER_BARREL,False
2025-01-31,BRENT_CRUDE,BRENT_CRUDE,77.11,,,,alpha_vantage,BRENT,benchmark_spot,USD,USD_PER_BARREL,False
2025-02-03,BRENT_CRUDE,BRENT_CRUDE,76.49,,,,alpha_vantage,BRENT,benchmark_spot,USD,USD_PER_BARREL,False
2025-02-04,BRENT_CRUDE,BRENT_CRUDE,76.58,,,,alpha_vantage,BRENT,benchmark_spot,USD,USD_PER_BARREL,False
2025-02-05,BRENT_CRUDE,BRENT_CRUDE,74.71,,,,alpha_vantage,BRENT,benchmark_spot,USD,USD_PER_BARREL,False
2025-02-06,BRENT_CRUDE,BRENT_CRUDE,74.54,,,,alpha_vantage,BRENT,benchmark_spot,USD,USD_PER_BARREL,False
2025-02-07,BRENT_CRUDE,BRENT_CRUDE,74.68,,,,alpha_vantage,BRENT,benchmark_spot,USD,USD_PER_BARREL,False
2025-02-10,BRENT_CRUDE,BRENT_CRUDE,76.23,,,,alpha_vantage,BRENT,benchmark_spot,USD,USD_PER_BARREL,False
2025-02-11,BRENT_CRUDE,BRENT_CRUDE,77.65,,,,alpha_vantage,BRENT,benchmark_spot,USD,USD_PER_BARREL,False
2025-02-12,BRENT_CRUDE,BRENT_CRUDE,75.38,,,,alpha_vantage,BRENT,benchmark_spot,USD,USD_PER_BARREL,False
2025-02-13,BRENT_CRUDE,BRENT_CRUDE,75.61,,,,alpha_vantage,BRENT,benchmark_spot,USD,USD_PER_BARREL,False
2025-02-14,BRENT_CRUDE,BRENT_CRUDE,75.19,,,,alpha_vantage,BRENT,benchmark_spot,USD,USD_PER_BARREL,False
2025-02-17,BRENT_CRUDE,BRENT_CRUDE,75.81,,,,alpha_vantage,BRENT,benchmark_spot,USD,USD_PER_BARREL,False
2025-02-18,BRENT_CRUDE,BRENT_CRUDE,76.46,,,,alpha_vantage,BRENT,benchmark_spot,USD,USD_PER_BARREL,False
2025-02-19,BRENT_CRUDE,BRENT_CRUDE,76.34,,,,alpha_vantage,BRENT,benchmark_spot,USD,USD_PER_BARREL,False
2025-02-20,BRENT_CRUDE,BRENT_CRUDE,76.95,,,,alpha_vantage,BRENT,benchmark_spot,USD,USD_PER_BARREL,False
2025-02-21,BRENT_CRUDE,BRENT_CRUDE,74.88,,,,alpha_vantage,BRENT,benchmark_spot,USD,USD_PER_BARREL,False
2025-02-24,BRENT_CRUDE,BRENT_CRUDE,74.89,,,,alpha_vantage,BRENT,benchmark_spot,USD,USD_PER_BARREL,False
2025-02-25,BRENT_CRUDE,BRENT_CRUDE,73.11,,,,alpha_vantage,BRENT,benchmark_spot,USD,USD_PER_BARREL,False
2025-02-26,BRENT_CRUDE,BRENT_CRUDE,73.49,,,,alpha_vantage,BRENT,benchmark_spot,USD,USD_PER_BARREL,False
2025-02-27,BRENT_CRUDE,BRENT_CRUDE,75.01,,,,alpha_vantage,BRENT,benchmark_spot,USD,USD_PER_BARREL,False
2025-02-28,BRENT_CRUDE,BRENT_CRUDE,74.76,,,,alpha_vantage,BRENT,benchmark_spot,USD,USD_PER_BARREL,False
2025-03-03,BRENT_CRUDE,BRENT_CRUDE,72.85,,,,alpha_vantage,BRENT,benchmark_spot,USD,USD_PER_BARREL,False
2025-03-04,BRENT_CRUDE,BRENT_CRUDE,72.31,,,,alpha_vantage,BRENT,benchmark_spot,USD,USD_PER_BARREL,False
2025-03-05,BRENT_CRUDE,BRENT_CRUDE,70.92,,,,alpha_vantage,BRENT,benchmark_spot,USD,USD_PER_BARREL,False
2025-03-06,BRENT_CRUDE,BRENT_CRUDE,71.08,,,,alpha_vantage,BRENT,benchmark_spot,USD,USD_PER_BARREL,False
2025-03-07,BRENT_CRUDE,BRENT_CRUDE,72.49,,,,alpha_vantage,BRENT,benchmark_spot,USD,USD_PER_BARREL,False
2025-03-10,BRENT_CRUDE,BRENT_CRUDE,71.08,,,,alpha_vantage,BRENT,benchmark_spot,USD,USD_PER_BARREL,False
2025-03-11,BRENT_CRUDE,BRENT_CRUDE,71.51,,,,alpha_vantage,BRENT,benchmark_spot,USD,USD_PER_BARREL,False
2025-03-12,BRENT_CRUDE,BRENT_CRUDE,72.36,,,,alpha_vantage,BRENT,benchmark_spot,USD,USD_PER_BARREL,False
2025-03-13,BRENT_CRUDE,BRENT_CRUDE,70.82,,,,alpha_vantage,BRENT,benchmark_spot,USD,USD_PER_BARREL,False
2025-03-14,BRENT_CRUDE,BRENT_CRUDE,71.94,,,,alpha_vantage,BRENT,benchmark_spot,USD,USD_PER_BARREL,False
2025-03-17,BRENT_CRUDE,BRENT_CRUDE,71.93,,,,alpha_vantage,BRENT,benchmark_spot,USD,USD_PER_BARREL,False
2025-03-18,BRENT_CRUDE,BRENT_CRUDE,71.93,,,,alpha_vantage,BRENT,benchmark_spot,USD,USD_PER_BARREL,False
2025-03-19,BRENT_CRUDE,BRENT_CRUDE,71.94,,,,alpha_vantage,BRENT,benchmark_spot,USD,USD_PER_BARREL,False
2025-03-20,BRENT_CRUDE,BRENT_CRUDE,72.61,,,,alpha_vantage,BRENT,benchmark_spot,USD,USD_PER_BARREL,False
2025-03-21,BRENT_CRUDE,BRENT_CRUDE,72.64,,,,alpha_vantage,BRENT,benchmark_spot,USD,USD_PER_BARREL,False
2025-03-24,BRENT_CRUDE,BRENT_CRUDE,73.96,,,,alpha_vantage,BRENT,benchmark_spot,USD,USD_PER_BARREL,False
2025-03-25,BRENT_CRUDE,BRENT_CRUDE,73.78,,,,alpha_vantage,BRENT,benchmark_spot,USD,USD_PER_BARREL,False
2025-03-26,BRENT_CRUDE,BRENT_CRUDE,74.6,,,,alpha_vantage,BRENT,benchmark_spot,USD,USD_PER_BARREL,False
2025-03-27,BRENT_CRUDE,BRENT_CRUDE,74.72,,,,alpha_vantage,BRENT,benchmark_spot,USD,USD_PER_BARREL,False
2025-03-28,BRENT_CRUDE,BRENT_CRUDE,74.69,,,,alpha_vantage,BRENT,benchmark_spot,USD,USD_PER_BARREL,False
2025-03-31,BRENT_CRUDE,BRENT_CRUDE,77.23,,,,alpha_vantage,BRENT,benchmark_spot,USD,USD_PER_BARREL,False
2025-04-01,BRENT_CRUDE,BRENT_CRUDE,77.78,,,,alpha_vantage,BRENT,benchmark_spot,USD,USD_PER_BARREL,False
2025-04-02,BRENT_CRUDE,BRENT_CRUDE,77.27,,,,alpha_vantage,BRENT,benchmark_spot,USD,USD_PER_BARREL,False
2025-04-03,BRENT_CRUDE,BRENT_CRUDE,72.54,,,,alpha_vantage,BRENT,benchmark_spot,USD,USD_PER_BARREL,False
2025-04-04,BRENT_CRUDE,BRENT_CRUDE,68.36,,,,alpha_vantage,BRENT,benchmark_spot,USD,USD_PER_BARREL,False
2025-04-07,BRENT_CRUDE,BRENT_CRUDE,66.13,,,,alpha_vantage,BRENT,benchmark_spot,USD,USD_PER_BARREL,False
2025-04-08,BRENT_CRUDE,BRENT_CRUDE,64.86,,,,alpha_vantage,BRENT,benchmark_spot,USD,USD_PER_BARREL,False
2025-04-09,BRENT_CRUDE,BRENT_CRUDE,67.3,,,,alpha_vantage,BRENT,benchmark_spot,USD,USD_PER_BARREL,False
2025-04-10,BRENT_CRUDE,BRENT_CRUDE,65.37,,,,alpha_vantage,BRENT,benchmark_spot,USD,USD_PER_BARREL,False
2025-04-11,BRENT_CRUDE,BRENT_CRUDE,66.83,,,,alpha_vantage,BRENT,benchmark_spot,USD,USD_PER_BARREL,False
2025-04-14,BRENT_CRUDE,BRENT_CRUDE,67.18,,,,alpha_vantage,BRENT,benchmark_spot,USD,USD_PER_BARREL,False
2025-04-15,BRENT_CRUDE,BRENT_CRUDE,66.58,,,,alpha_vantage,BRENT,benchmark_spot,USD,USD_PER_BARREL,False
2025-04-16,BRENT_CRUDE,BRENT_CRUDE,67.94,,,,alpha_vantage,BRENT,benchmark_spot,USD,USD_PER_BARREL,False
2025-04-17,BRENT_CRUDE,BRENT_CRUDE,69.33,,,,alpha_vantage,BRENT,benchmark_spot,USD,USD_PER_BARREL,False
2025-04-22,BRENT_CRUDE,BRENT_CRUDE,68.93,,,,alpha_vantage,BRENT,benchmark_spot,USD,USD_PER_BARREL,False
2025-04-23,BRENT_CRUDE,BRENT_CRUDE,68.26,,,,alpha_vantage,BRENT,benchmark_spot,USD,USD_PER_BARREL,False
2025-04-24,BRENT_CRUDE,BRENT_CRUDE,67.5,,,,alpha_vantage,BRENT,benchmark_spot,USD,USD_PER_BARREL,False
2025-04-25,BRENT_CRUDE,BRENT_CRUDE,66.99,,,,alpha_vantage,BRENT,benchmark_spot,USD,USD_PER_BARREL,False
2025-04-28,BRENT_CRUDE,BRENT_CRUDE,66.13,,,,alpha_vantage,BRENT,benchmark_spot,USD,USD_PER_BARREL,False
2025-04-29,BRENT_CRUDE,BRENT_CRUDE,64.04,,,,alpha_vantage,BRENT,benchmark_spot,USD,USD_PER_BARREL,False
2025-04-30,BRENT_CRUDE,BRENT_CRUDE,63.37,,,,alpha_vantage,BRENT,benchmark_spot,USD,USD_PER_BARREL,False
2025-05-01,BRENT_CRUDE,BRENT_CRUDE,62.37,,,,alpha_vantage,BRENT,benchmark_spot,USD,USD_PER_BARREL,False
2025-05-02,BRENT_CRUDE,BRENT_CRUDE,61.57,,,,alpha_vantage,BRENT,benchmark_spot,USD,USD_PER_BARREL,False
2025-05-06,BRENT_CRUDE,BRENT_CRUDE,62.37,,,,alpha_vantage,BRENT,benchmark_spot,USD,USD_PER_BARREL,False
2025-05-07,BRENT_CRUDE,BRENT_CRUDE,60.31,,,,alpha_vantage,BRENT,benchmark_spot,USD,USD_PER_BARREL,False
2025-05-08,BRENT_CRUDE,BRENT_CRUDE,62.22,,,,alpha_vantage,BRENT,benchmark_spot,USD,USD_PER_BARREL,False
2025-05-09,BRENT_CRUDE,BRENT_CRUDE,64.26,,,,alpha_vantage,BRENT,benchmark_spot,USD,USD_PER_BARREL,False
2025-05-12,BRENT_CRUDE,BRENT_CRUDE,65.28,,,,alpha_vantage,BRENT,benchmark_spot,USD,USD_PER_BARREL,False
2025-05-13,BRENT_CRUDE,BRENT_CRUDE,66.93,,,,alpha_vantage,BRENT,benchmark_spot,USD,USD_PER_BARREL,False
2025-05-14,BRENT_CRUDE,BRENT_CRUDE,65.91,,,,alpha_vantage,BRENT,benchmark_spot,USD,USD_PER_BARREL,False
2025-05-15,BRENT_CRUDE,BRENT_CRUDE,64.36,,,,alpha_vantage,BRENT,benchmark_spot,USD,USD_PER_BARREL,False
2025-05-16,BRENT_CRUDE,BRENT_CRUDE,65.2,,,,alpha_vantage,BRENT,benchmark_spot,USD,USD_PER_BARREL,False
2025-05-19,BRENT_CRUDE,BRENT_CRUDE,66.25,,,,alpha_vantage,BRENT,benchmark_spot,USD,USD_PER_BARREL,False
2025-05-20,BRENT_CRUDE,BRENT_CRUDE,66.93,,,,alpha_vantage,BRENT,benchmark_spot,USD,USD_PER_BARREL,False
2025-05-21,BRENT_CRUDE,BRENT_CRUDE,65.86,,,,alpha_vantage,BRENT,benchmark_spot,USD,USD_PER_BARREL,False
2025-05-22,BRENT_CRUDE,BRENT_CRUDE,64.87,,,,alpha_vantage,BRENT,benchmark_spot,USD,USD_PER_BARREL,False
2025-05-23,BRENT_CRUDE,BRENT_CRUDE,65.41,,,,alpha_vantage,BRENT,benchmark_spot,USD,USD_PER_BARREL,False
2025-05-27,BRENT_CRUDE,BRENT_CRUDE,64.32,,,,alpha_vantage,BRENT,benchmark_spot,USD,USD_PER_BARREL,False
2025-05-28,BRENT_CRUDE,BRENT_CRUDE,65.72,,,,alpha_vantage,BRENT,benchmark_spot,USD,USD_PER_BARREL,False
2025-05-29,BRENT_CRUDE,BRENT_CRUDE,64.6,,,,alpha_vantage,BRENT,benchmark_spot,USD,USD_PER_BARREL,False
2025-05-30,BRENT_CRUDE,BRENT_CRUDE,64.32,,,,alpha_vantage,BRENT,benchmark_spot,USD,USD_PER_BARREL,False
2025-06-02,BRENT_CRUDE,BRENT_CRUDE,66.55,,,,alpha_vantage,BRENT,benchmark_spot,USD,USD_PER_BARREL,False
2025-06-03,BRENT_CRUDE,BRENT_CRUDE,67.48,,,,alpha_vantage,BRENT,benchmark_spot,USD,USD_PER_BARREL,False
2025-06-04,BRENT_CRUDE,BRENT_CRUDE,66.69,,,,alpha_vantage,BRENT,benchmark_spot,USD,USD_PER_BARREL,False
2025-06-05,BRENT_CRUDE,BRENT_CRUDE,67.14,,,,alpha_vantage,BRENT,benchmark_spot,USD,USD_PER_BARREL,False
2025-06-06,BRENT_CRUDE,BRENT_CRUDE,68.02,,,,alpha_vantage,BRENT,benchmark_spot,USD,USD_PER_BARREL,False
2025-06-09,BRENT_CRUDE,BRENT_CRUDE,68.73,,,,alpha_vantage,BRENT,benchmark_spot,USD,USD_PER_BARREL,False
2025-06-10,BRENT_CRUDE,BRENT_CRUDE,68.41,,,,alpha_vantage,BRENT,benchmark_spot,USD,USD_PER_BARREL,False
2025-06-11,BRENT_CRUDE,BRENT_CRUDE,71.29,,,,alpha_vantage,BRENT,benchmark_spot,USD,USD_PER_BARREL,False
2025-06-12,BRENT_CRUDE,BRENT_CRUDE,70.84,,,,alpha_vantage,BRENT,benchmark_spot,USD,USD_PER_BARREL,False
2025-06-13,BRENT_CRUDE,BRENT_CRUDE,76.0,,,,alpha_vantage,BRENT,benchmark_spot,USD,USD_PER_BARREL,False
2025-06-16,BRENT_CRUDE,BRENT_CRUDE,75.05,,,,alpha_vantage,BRENT,benchmark_spot,USD,USD_PER_BARREL,False
2025-06-17,BRENT_CRUDE,BRENT_CRUDE,78.7,,,,alpha_vantage,BRENT,benchmark_spot,USD,USD_PER_BARREL,False
2025-06-18,BRENT_CRUDE,BRENT_CRUDE,78.38,,,,alpha_vantage,BRENT,benchmark_spot,USD,USD_PER_BARREL,False
2025-06-19,BRENT_CRUDE,BRENT_CRUDE,80.37,,,,alpha_vantage,BRENT,benchmark_spot,USD,USD_PER_BARREL,False
2025-06-20,BRENT_CRUDE,BRENT_CRUDE,78.73,,,,alpha_vantage,BRENT,benchmark_spot,USD,USD_PER_BARREL,False
2025-06-23,BRENT_CRUDE,BRENT_CRUDE,74.34,,,,alpha_vantage,BRENT,benchmark_spot,USD,USD_PER_BARREL,False
2025-06-24,BRENT_CRUDE,BRENT_CRUDE,69.13,,,,alpha_vantage,BRENT,benchmark_spot,USD,USD_PER_BARREL,False
2025-06-25,BRENT_CRUDE,BRENT_CRUDE,68.4,,,,alpha_vantage,BRENT,benchmark_spot,USD,USD_PER_BARREL,False
2025-06-26,BRENT_CRUDE,BRENT_CRUDE,68.57,,,,alpha_vantage,BRENT,benchmark_spot,USD,USD_PER_BARREL,False
2025-06-27,BRENT_CRUDE,BRENT_CRUDE,69.37,,,,alpha_vantage,BRENT,benchmark_spot,USD,USD_PER_BARREL,False
2025-06-30,BRENT_CRUDE,BRENT_CRUDE,68.15,,,,alpha_vantage,BRENT,benchmark_spot,USD,USD_PER_BARREL,False
2025-07-01,BRENT_CRUDE,BRENT_CRUDE,67.63,,,,alpha_vantage,BRENT,benchmark_spot,USD,USD_PER_BARREL,False
2025-07-02,BRENT_CRUDE,BRENT_CRUDE,70.8,,,,alpha_vantage,BRENT,benchmark_spot,USD,USD_PER_BARREL,False
2025-07-03,BRENT_CRUDE,BRENT_CRUDE,70.42,,,,alpha_vantage,BRENT,benchmark_spot,USD,USD_PER_BARREL,False
2025-07-04,BRENT_CRUDE,BRENT_CRUDE,71.03,,,,alpha_vantage,BRENT,benchmark_spot,USD,USD_PER_BARREL,False
2025-07-07,BRENT_CRUDE,BRENT_CRUDE,71.95,,,,alpha_vantage,BRENT,benchmark_spot,USD,USD_PER_BARREL,False
2025-07-08,BRENT_CRUDE,BRENT_CRUDE,72.5,,,,alpha_vantage,BRENT,benchmark_spot,USD,USD_PER_BARREL,False
2025-07-09,BRENT_CRUDE,BRENT_CRUDE,71.98,,,,alpha_vantage,BRENT,benchmark_spot,USD,USD_PER_BARREL,False
2025-07-10,BRENT_CRUDE,BRENT_CRUDE,70.38,,,,alpha_vantage,BRENT,benchmark_spot,USD,USD_PER_BARREL,False
2025-07-11,BRENT_CRUDE,BRENT_CRUDE,72.06,,,,alpha_vantage,BRENT,benchmark_spot,USD,USD_PER_BARREL,False
2025-07-14,BRENT_CRUDE,BRENT_CRUDE,70.96,,,,alpha_vantage,BRENT,benchmark_spot,USD,USD_PER_BARREL,False
2025-07-15,BRENT_CRUDE,BRENT_CRUDE,70.27,,,,alpha_vantage,BRENT,benchmark_spot,USD,USD_PER_BARREL,False
2025-07-16,BRENT_CRUDE,BRENT_CRUDE,69.67,,,,alpha_vantage,BRENT,benchmark_spot,USD,USD_PER_BARREL,False
2025-07-17,BRENT_CRUDE,BRENT_CRUDE,71.32,,,,alpha_vantage,BRENT,benchmark_spot,USD,USD_PER_BARREL,False
2025-07-18,BRENT_CRUDE,BRENT_CRUDE,71.06,,,,alpha_vantage,BRENT,benchmark_spot,USD,USD_PER_BARREL,False
2025-07-21,BRENT_CRUDE,BRENT_CRUDE,71.92,,,,alpha_vantage,BRENT,benchmark_spot,USD,USD_PER_BARREL,False
2025-07-22,BRENT_CRUDE,BRENT_CRUDE,69.69,,,,alpha_vantage,BRENT,benchmark_spot,USD,USD_PER_BARREL,False
2025-07-23,BRENT_CRUDE,BRENT_CRUDE,69.17,,,,alpha_vantage,BRENT,benchmark_spot,USD,USD_PER_BARREL,False
2025-07-24,BRENT_CRUDE,BRENT_CRUDE,70.42,,,,alpha_vantage,BRENT,benchmark_spot,USD,USD_PER_BARREL,False
2025-07-25,BRENT_CRUDE,BRENT_CRUDE,69.23,,,,alpha_vantage,BRENT,benchmark_spot,USD,USD_PER_BARREL,False
2025-07-28,BRENT_CRUDE,BRENT_CRUDE,70.87,,,,alpha_vantage,BRENT,benchmark_spot,USD,USD_PER_BARREL,False
2025-07-29,BRENT_CRUDE,BRENT_CRUDE,73.21,,,,alpha_vantage,BRENT,benchmark_spot,USD,USD_PER_BARREL,False
2025-07-30,BRENT_CRUDE,BRENT_CRUDE,73.98,,,,alpha_vantage,BRENT,benchmark_spot,USD,USD_PER_BARREL,False
2025-07-31,BRENT_CRUDE,BRENT_CRUDE,73.43,,,,alpha_vantage,BRENT,benchmark_spot,USD,USD_PER_BARREL,False
2025-08-01,BRENT_CRUDE,BRENT_CRUDE,70.55,,,,alpha_vantage,BRENT,benchmark_spot,USD,USD_PER_BARREL,False
2025-08-04,BRENT_CRUDE,BRENT_CRUDE,69.56,,,,alpha_vantage,BRENT,benchmark_spot,USD,USD_PER_BARREL,False
2025-08-05,BRENT_CRUDE,BRENT_CRUDE,69.14,,,,alpha_vantage,BRENT,benchmark_spot,USD,USD_PER_BARREL,False
2025-08-06,BRENT_CRUDE,BRENT_CRUDE,67.97,,,,alpha_vantage,BRENT,benchmark_spot,USD,USD_PER_BARREL,False
2025-08-07,BRENT_CRUDE,BRENT_CRUDE,66.99,,,,alpha_vantage,BRENT,benchmark_spot,USD,USD_PER_BARREL,False
2025-08-08,BRENT_CRUDE,BRENT_CRUDE,67.17,,,,alpha_vantage,BRENT,benchmark_spot,USD,USD_PER_BARREL,False
2025-08-11,BRENT_CRUDE,BRENT_CRUDE,67.36,,,,alpha_vantage,BRENT,benchmark_spot,USD,USD_PER_BARREL,False
2025-08-12,BRENT_CRUDE,BRENT_CRUDE,66.8,,,,alpha_vantage,BRENT,benchmark_spot,USD,USD_PER_BARREL,False
2025-08-13,BRENT_CRUDE,BRENT_CRUDE,66.25,,,,alpha_vantage,BRENT,benchmark_spot,USD,USD_PER_BARREL,False
2025-08-14,BRENT_CRUDE,BRENT_CRUDE,68.12,,,,alpha_vantage,BRENT,benchmark_spot,USD,USD_PER_BARREL,False
2025-08-15,BRENT_CRUDE,BRENT_CRUDE,67.3,,,,alpha_vantage,BRENT,benchmark_spot,USD,USD_PER_BARREL,False
2025-08-18,BRENT_CRUDE,BRENT_CRUDE,68.18,,,,alpha_vantage,BRENT,benchmark_spot,USD,USD_PER_BARREL,False
2025-08-19,BRENT_CRUDE,BRENT_CRUDE,66.62,,,,alpha_vantage,BRENT,benchmark_spot,USD,USD_PER_BARREL,False
2025-08-20,BRENT_CRUDE,BRENT_CRUDE,67.61,,,,alpha_vantage,BRENT,benchmark_spot,USD,USD_PER_BARREL,False
2025-08-21,BRENT_CRUDE,BRENT_CRUDE,68.41,,,,alpha_vantage,BRENT,benchmark_spot,USD,USD_PER_BARREL,False
2025-08-22,BRENT_CRUDE,BRENT_CRUDE,68.29,,,,alpha_vantage,BRENT,benchmark_spot,USD,USD_PER_BARREL,False
2025-08-26,BRENT_CRUDE,BRENT_CRUDE,66.89,,,,alpha_vantage,BRENT,benchmark_spot,USD,USD_PER_BARREL,False
2025-08-27,BRENT_CRUDE,BRENT_CRUDE,67.75,,,,alpha_vantage,BRENT,benchmark_spot,USD,USD_PER_BARREL,False
2025-08-28,BRENT_CRUDE,BRENT_CRUDE,68.61,,,,alpha_vantage,BRENT,benchmark_spot,USD,USD_PER_BARREL,False
2025-08-29,BRENT_CRUDE,BRENT_CRUDE,67.83,,,,alpha_vantage,BRENT,benchmark_spot,USD,USD_PER_BARREL,False
2025-09-01,BRENT_CRUDE,BRENT_CRUDE,67.09,,,,alpha_vantage,BRENT,benchmark_spot,USD,USD_PER_BARREL,False
2025-09-02,BRENT_CRUDE,BRENT_CRUDE,68.09,,,,alpha_vantage,BRENT,benchmark_spot,USD,USD_PER_BARREL,False
2025-09-03,BRENT_CRUDE,BRENT_CRUDE,67.76,,,,alpha_vantage,BRENT,benchmark_spot,USD,USD_PER_BARREL,False
2025-09-04,BRENT_CRUDE,BRENT_CRUDE,66.41,,,,alpha_vantage,BRENT,benchmark_spot,USD,USD_PER_BARREL,False
2025-09-05,BRENT_CRUDE,BRENT_CRUDE,64.92,,,,alpha_vantage,BRENT,benchmark_spot,USD,USD_PER_BARREL,False
2025-09-08,BRENT_CRUDE,BRENT_CRUDE,65.44,,,,alpha_vantage,BRENT,benchmark_spot,USD,USD_PER_BARREL,False
2025-09-09,BRENT_CRUDE,BRENT_CRUDE,67.97,,,,alpha_vantage,BRENT,benchmark_spot,USD,USD_PER_BARREL,False
2025-09-10,BRENT_CRUDE,BRENT_CRUDE,67.62,,,,alpha_vantage,BRENT,benchmark_spot,USD,USD_PER_BARREL,False
2025-09-11,BRENT_CRUDE,BRENT_CRUDE,67.25,,,,alpha_vantage,BRENT,benchmark_spot,USD,USD_PER_BARREL,False
2025-09-12,BRENT_CRUDE,BRENT_CRUDE,67.87,,,,alpha_vantage,BRENT,benchmark_spot,USD,USD_PER_BARREL,False
2025-09-15,BRENT_CRUDE,BRENT_CRUDE,67.88,,,,alpha_vantage,BRENT,benchmark_spot,USD,USD_PER_BARREL,False
2025-09-16,BRENT_CRUDE,BRENT_CRUDE,69.69,,,,alpha_vantage,BRENT,benchmark_spot,USD,USD_PER_BARREL,False
2025-09-17,BRENT_CRUDE,BRENT_CRUDE,69.19,,,,alpha_vantage,BRENT,benchmark_spot,USD,USD_PER_BARREL,False
2025-09-18,BRENT_CRUDE,BRENT_CRUDE,67.83,,,,alpha_vantage,BRENT,benchmark_spot,USD,USD_PER_BARREL,False
2025-09-19,BRENT_CRUDE,BRENT_CRUDE,67.05,,,,alpha_vantage,BRENT,benchmark_spot,USD,USD_PER_BARREL,False
2025-09-22,BRENT_CRUDE,BRENT_CRUDE,66.87,,,,alpha_vantage,BRENT,benchmark_spot,USD,USD_PER_BARREL,False
2025-09-23,BRENT_CRUDE,BRENT_CRUDE,67.96,,,,alpha_vantage,BRENT,benchmark_spot,USD,USD_PER_BARREL,False
2025-09-24,BRENT_CRUDE,BRENT_CRUDE,69.64,,,,alpha_vantage,BRENT,benchmark_spot,USD,USD_PER_BARREL,False
2025-09-25,BRENT_CRUDE,BRENT_CRUDE,70.48,,,,alpha_vantage,BRENT,benchmark_spot,USD,USD_PER_BARREL,False
2025-09-26,BRENT_CRUDE,BRENT_CRUDE,71.15,,,,alpha_vantage,BRENT,benchmark_spot,USD,USD_PER_BARREL,False
2025-09-29,BRENT_CRUDE,BRENT_CRUDE,69.0,,,,alpha_vantage,BRENT,benchmark_spot,USD,USD_PER_BARREL,False
2025-09-30,BRENT_CRUDE,BRENT_CRUDE,68.52,,,,alpha_vantage,BRENT,benchmark_spot,USD,USD_PER_BARREL,False
2025-10-01,BRENT_CRUDE,BRENT_CRUDE,66.67,,,,alpha_vantage,BRENT,benchmark_spot,USD,USD_PER_BARREL,False
2025-10-02,BRENT_CRUDE,BRENT_CRUDE,65.44,,,,alpha_vantage,BRENT,benchmark_spot,USD,USD_PER_BARREL,False
2025-10-03,BRENT_CRUDE,BRENT_CRUDE,66.13,,,,alpha_vantage,BRENT,benchmark_spot,USD,USD_PER_BARREL,False
2025-10-06,BRENT_CRUDE,BRENT_CRUDE,67.09,,,,alpha_vantage,BRENT,benchmark_spot,USD,USD_PER_BARREL,False
2025-10-07,BRENT_CRUDE,BRENT_CRUDE,67.1,,,,alpha_vantage,BRENT,benchmark_spot,USD,USD_PER_BARREL,False
2025-10-08,BRENT_CRUDE,BRENT_CRUDE,67.42,,,,alpha_vantage,BRENT,benchmark_spot,USD,USD_PER_BARREL,False
2025-10-09,BRENT_CRUDE,BRENT_CRUDE,67.23,,,,alpha_vantage,BRENT,benchmark_spot,USD,USD_PER_BARREL,False
2025-10-10,BRENT_CRUDE,BRENT_CRUDE,64.41,,,,alpha_vantage,BRENT,benchmark_spot,USD,USD_PER_BARREL,False
2025-10-13,BRENT_CRUDE,BRENT_CRUDE,64.15,,,,alpha_vantage,BRENT,benchmark_spot,USD,USD_PER_BARREL,False
2025-10-14,BRENT_CRUDE,BRENT_CRUDE,63.0,,,,alpha_vantage,BRENT,benchmark_spot,USD,USD_PER_BARREL,False
2025-10-15,BRENT_CRUDE,BRENT_CRUDE,62.33,,,,alpha_vantage,BRENT,benchmark_spot,USD,USD_PER_BARREL,False
2025-10-16,BRENT_CRUDE,BRENT_CRUDE,61.08,,,,alpha_vantage,BRENT,benchmark_spot,USD,USD_PER_BARREL,False
2025-10-17,BRENT_CRUDE,BRENT_CRUDE,61.23,,,,alpha_vantage,BRENT,benchmark_spot,USD,USD_PER_BARREL,False
2025-10-20,BRENT_CRUDE,BRENT_CRUDE,60.71,,,,alpha_vantage,BRENT,benchmark_spot,USD,USD_PER_BARREL,False
2025-10-21,BRENT_CRUDE,BRENT_CRUDE,61.0,,,,alpha_vantage,BRENT,benchmark_spot,USD,USD_PER_BARREL,False
2025-10-22,BRENT_CRUDE,BRENT_CRUDE,62.28,,,,alpha_vantage,BRENT,benchmark_spot,USD,USD_PER_BARREL,False
2025-10-23,BRENT_CRUDE,BRENT_CRUDE,66.32,,,,alpha_vantage,BRENT,benchmark_spot,USD,USD_PER_BARREL,False
2025-10-24,BRENT_CRUDE,BRENT_CRUDE,65.8,,,,alpha_vantage,BRENT,benchmark_spot,USD,USD_PER_BARREL,False
2025-10-27,BRENT_CRUDE,BRENT_CRUDE,65.52,,,,alpha_vantage,BRENT,benchmark_spot,USD,USD_PER_BARREL,False
2025-10-28,BRENT_CRUDE,BRENT_CRUDE,64.03,,,,alpha_vantage,BRENT,benchmark_spot,USD,USD_PER_BARREL,False
2025-10-29,BRENT_CRUDE,BRENT_CRUDE,65.01,,,,alpha_vantage,BRENT,benchmark_spot,USD,USD_PER_BARREL,False
2025-10-30,BRENT_CRUDE,BRENT_CRUDE,65.11,,,,alpha_vantage,BRENT,benchmark_spot,USD,USD_PER_BARREL,False
2025-10-31,BRENT_CRUDE,BRENT_CRUDE,65.44,,,,alpha_vantage,BRENT,benchmark_spot,USD,USD_PER_BARREL,False
2025-11-03,BRENT_CRUDE,BRENT_CRUDE,65.79,,,,alpha_vantage,BRENT,benchmark_spot,USD,USD_PER_BARREL,False
2025-11-04,BRENT_CRUDE,BRENT_CRUDE,65.04,,,,alpha_vantage,BRENT,benchmark_spot,USD,USD_PER_BARREL,False
2025-11-05,BRENT_CRUDE,BRENT_CRUDE,63.54,,,,alpha_vantage,BRENT,benchmark_spot,USD,USD_PER_BARREL,False
2025-11-06,BRENT_CRUDE,BRENT_CRUDE,63.41,,,,alpha_vantage,BRENT,benchmark_spot,USD,USD_PER_BARREL,False
2025-11-07,BRENT_CRUDE,BRENT_CRUDE,63.72,,,,alpha_vantage,BRENT,benchmark_spot,USD,USD_PER_BARREL,False
2025-11-10,BRENT_CRUDE,BRENT_CRUDE,63.01,,,,alpha_vantage,BRENT,benchmark_spot,USD,USD_PER_BARREL,False
2025-11-11,BRENT_CRUDE,BRENT_CRUDE,63.86,,,,alpha_vantage,BRENT,benchmark_spot,USD,USD_PER_BARREL,False
2025-11-12,BRENT_CRUDE,BRENT_CRUDE,61.88,,,,alpha_vantage,BRENT,benchmark_spot,USD,USD_PER_BARREL,False
2025-11-13,BRENT_CRUDE,BRENT_CRUDE,62.14,,,,alpha_vantage,BRENT,benchmark_spot,USD,USD_PER_BARREL,False
2025-11-14,BRENT_CRUDE,BRENT_CRUDE,63.45,,,,alpha_vantage,BRENT,benchmark_spot,USD,USD_PER_BARREL,False
2025-11-17,BRENT_CRUDE,BRENT_CRUDE,63.16,,,,alpha_vantage,BRENT,benchmark_spot,USD,USD_PER_BARREL,False
2025-11-18,BRENT_CRUDE,BRENT_CRUDE,64.86,,,,alpha_vantage,BRENT,benchmark_spot,USD,USD_PER_BARREL,False
2025-11-19,BRENT_CRUDE,BRENT_CRUDE,63.78,,,,alpha_vantage,BRENT,benchmark_spot,USD,USD_PER_BARREL,False
2025-11-20,BRENT_CRUDE,BRENT_CRUDE,63.64,,,,alpha_vantage,BRENT,benchmark_spot,USD,USD_PER_BARREL,False
2025-11-21,BRENT_CRUDE,BRENT_CRUDE,62.78,,,,alpha_vantage,BRENT,benchmark_spot,USD,USD_PER_BARREL,False
2025-11-24,BRENT_CRUDE,BRENT_CRUDE,64.83,,,,alpha_vantage,BRENT,benchmark_spot,USD,USD_PER_BARREL,False
2025-11-25,BRENT_CRUDE,BRENT_CRUDE,63.99,,,,alpha_vantage,BRENT,benchmark_spot,USD,USD_PER_BARREL,False
2025-11-26,BRENT_CRUDE,BRENT_CRUDE,64.81,,,,alpha_vantage,BRENT,benchmark_spot,USD,USD_PER_BARREL,False
2025-11-27,BRENT_CRUDE,BRENT_CRUDE,64.18,,,,alpha_vantage,BRENT,benchmark_spot,USD,USD_PER_BARREL,False
2025-11-28,BRENT_CRUDE,BRENT_CRUDE,64.07,,,,alpha_vantage,BRENT,benchmark_spot,USD,USD_PER_BARREL,False
2025-12-01,BRENT_CRUDE,BRENT_CRUDE,64.22,,,,alpha_vantage,BRENT,benchmark_spot,USD,USD_PER_BARREL,False
2025-12-02,BRENT_CRUDE,BRENT_CRUDE,63.37,,,,alpha_vantage,BRENT,benchmark_spot,USD,USD_PER_BARREL,False
2025-12-03,BRENT_CRUDE,BRENT_CRUDE,63.75,,,,alpha_vantage,BRENT,benchmark_spot,USD,USD_PER_BARREL,False
2025-12-04,BRENT_CRUDE,BRENT_CRUDE,64.15,,,,alpha_vantage,BRENT,benchmark_spot,USD,USD_PER_BARREL,False
2025-12-05,BRENT_CRUDE,BRENT_CRUDE,64.42,,,,alpha_vantage,BRENT,benchmark_spot,USD,USD_PER_BARREL,False
2025-12-08,BRENT_CRUDE,BRENT_CRUDE,63.3,,,,alpha_vantage,BRENT,benchmark_spot,USD,USD_PER_BARREL,False
2025-12-09,BRENT_CRUDE,BRENT_CRUDE,62.62,,,,alpha_vantage,BRENT,benchmark_spot,USD,USD_PER_BARREL,False
2025-12-10,BRENT_CRUDE,BRENT_CRUDE,63.12,,,,alpha_vantage,BRENT,benchmark_spot,USD,USD_PER_BARREL,False
2025-12-11,BRENT_CRUDE,BRENT_CRUDE,61.87,,,,alpha_vantage,BRENT,benchmark_spot,USD,USD_PER_BARREL,False
2025-12-12,BRENT_CRUDE,BRENT_CRUDE,62.11,,,,alpha_vantage,BRENT,benchmark_spot,USD,USD_PER_BARREL,False
2025-12-15,BRENT_CRUDE,BRENT_CRUDE,61.55,,,,alpha_vantage,BRENT,benchmark_spot,USD,USD_PER_BARREL,False
2025-12-16,BRENT_CRUDE,BRENT_CRUDE,59.93,,,,alpha_vantage,BRENT,benchmark_spot,USD,USD_PER_BARREL,False
2025-12-17,BRENT_CRUDE,BRENT_CRUDE,60.61,,,,alpha_vantage,BRENT,benchmark_spot,USD,USD_PER_BARREL,False
2025-12-18,BRENT_CRUDE,BRENT_CRUDE,60.69,,,,alpha_vantage,BRENT,benchmark_spot,USD,USD_PER_BARREL,False
2025-12-19,BRENT_CRUDE,BRENT_CRUDE,61.35,,,,alpha_vantage,BRENT,benchmark_spot,USD,USD_PER_BARREL,False
2025-12-22,BRENT_CRUDE,BRENT_CRUDE,62.22,,,,alpha_vantage,BRENT,benchmark_spot,USD,USD_PER_BARREL,False
2025-12-23,BRENT_CRUDE,BRENT_CRUDE,63.7,,,,alpha_vantage,BRENT,benchmark_spot,USD,USD_PER_BARREL,False
2025-12-24,BRENT_CRUDE,BRENT_CRUDE,63.7,,,,alpha_vantage,BRENT,benchmark_spot,USD,USD_PER_BARREL,False
2025-12-29,BRENT_CRUDE,BRENT_CRUDE,63.1,,,,alpha_vantage,BRENT,benchmark_spot,USD,USD_PER_BARREL,False
2025-12-30,BRENT_CRUDE,BRENT_CRUDE,62.3,,,,alpha_vantage,BRENT,benchmark_spot,USD,USD_PER_BARREL,False
2025-12-31,BRENT_CRUDE,BRENT_CRUDE,61.35,,,,alpha_vantage,BRENT,benchmark_spot,USD,USD_PER_BARREL,False
2026-01-02,BRENT_CRUDE,BRENT_CRUDE,61.98,,,,alpha_vantage,BRENT,benchmark_spot,USD,USD_PER_BARREL,False
2026-01-05,BRENT_CRUDE,BRENT_CRUDE,63.0,,,,alpha_vantage,BRENT,benchmark_spot,USD,USD_PER_BARREL,False
2026-01-06,BRENT_CRUDE,BRENT_CRUDE,62.1,,,,alpha_vantage,BRENT,benchmark_spot,USD,USD_PER_BARREL,False
2026-01-07,BRENT_CRUDE,BRENT_CRUDE,61.08,,,,alpha_vantage,BRENT,benchmark_spot,USD,USD_PER_BARREL,False
2026-01-08,BRENT_CRUDE,BRENT_CRUDE,63.34,,,,alpha_vantage,BRENT,benchmark_spot,USD,USD_PER_BARREL,False
2026-01-09,BRENT_CRUDE,BRENT_CRUDE,65.11,,,,alpha_vantage,BRENT,benchmark_spot,USD,USD_PER_BARREL,False
2026-01-12,BRENT_CRUDE,BRENT_CRUDE,65.4,,,,alpha_vantage,BRENT,benchmark_spot,USD,USD_PER_BARREL,False
2026-01-13,BRENT_CRUDE,BRENT_CRUDE,67.58,,,,alpha_vantage,BRENT,benchmark_spot,USD,USD_PER_BARREL,False
2026-01-14,BRENT_CRUDE,BRENT_CRUDE,68.87,,,,alpha_vantage,BRENT,benchmark_spot,USD,USD_PER_BARREL,False
2026-01-15,BRENT_CRUDE,BRENT_CRUDE,66.16,,,,alpha_vantage,BRENT,benchmark_spot,USD,USD_PER_BARREL,False
2026-01-16,BRENT_CRUDE,BRENT_CRUDE,66.97,,,,alpha_vantage,BRENT,benchmark_spot,USD,USD_PER_BARREL,False
2026-01-19,BRENT_CRUDE,BRENT_CRUDE,66.91,,,,alpha_vantage,BRENT,benchmark_spot,USD,USD_PER_BARREL,False
2026-01-20,BRENT_CRUDE,BRENT_CRUDE,67.68,,,,alpha_vantage,BRENT,benchmark_spot,USD,USD_PER_BARREL,False
2026-01-21,BRENT_CRUDE,BRENT_CRUDE,66.72,,,,alpha_vantage,BRENT,benchmark_spot,USD,USD_PER_BARREL,False
2026-01-22,BRENT_CRUDE,BRENT_CRUDE,65.46,,,,alpha_vantage,BRENT,benchmark_spot,USD,USD_PER_BARREL,False
2026-01-23,BRENT_CRUDE,BRENT_CRUDE,68.16,,,,alpha_vantage,BRENT,benchmark_spot,USD,USD_PER_BARREL,False
2026-01-26,BRENT_CRUDE,BRENT_CRUDE,67.7,,,,alpha_vantage,BRENT,benchmark_spot,USD,USD_PER_BARREL,False
2026-01-27,BRENT_CRUDE,BRENT_CRUDE,70.28,,,,alpha_vantage,BRENT,benchmark_spot,USD,USD_PER_BARREL,False
2026-01-28,BRENT_CRUDE,BRENT_CRUDE,70.9,,,,alpha_vantage,BRENT,benchmark_spot,USD,USD_PER_BARREL,False
2026-01-29,BRENT_CRUDE,BRENT_CRUDE,71.0,,,,alpha_vantage,BRENT,benchmark_spot,USD,USD_PER_BARREL,False
2026-01-30,BRENT_CRUDE,BRENT_CRUDE,72.25,,,,alpha_vantage,BRENT,benchmark_spot,USD,USD_PER_BARREL,False
2026-02-02,BRENT_CRUDE,BRENT_CRUDE,67.72,,,,alpha_vantage,BRENT,benchmark_spot,USD,USD_PER_BARREL,False
2026-02-03,BRENT_CRUDE,BRENT_CRUDE,70.01,,,,alpha_vantage,BRENT,benchmark_spot,USD,USD_PER_BARREL,False
2026-02-04,BRENT_CRUDE,BRENT_CRUDE,71.15,,,,alpha_vantage,BRENT,benchmark_spot,USD,USD_PER_BARREL,False
2026-02-05,BRENT_CRUDE,BRENT_CRUDE,69.87,,,,alpha_vantage,BRENT,benchmark_spot,USD,USD_PER_BARREL,False
2026-02-06,BRENT_CRUDE,BRENT_CRUDE,70.45,,,,alpha_vantage,BRENT,benchmark_spot,USD,USD_PER_BARREL,False
2026-02-09,BRENT_CRUDE,BRENT_CRUDE,71.19,,,,alpha_vantage,BRENT,benchmark_spot,USD,USD_PER_BARREL,False
2026-02-10,BRENT_CRUDE,BRENT_CRUDE,71.01,,,,alpha_vantage,BRENT,benchmark_spot,USD,USD_PER_BARREL,False
2026-02-11,BRENT_CRUDE,BRENT_CRUDE,71.52,,,,alpha_vantage,BRENT,benchmark_spot,USD,USD_PER_BARREL,False
2026-02-12,BRENT_CRUDE,BRENT_CRUDE,69.8,,,,alpha_vantage,BRENT,benchmark_spot,USD,USD_PER_BARREL,False
2026-02-13,BRENT_CRUDE,BRENT_CRUDE,69.96,,,,alpha_vantage,BRENT,benchmark_spot,USD,USD_PER_BARREL,False
2026-02-16,BRENT_CRUDE,BRENT_CRUDE,70.81,,,,alpha_vantage,BRENT,benchmark_spot,USD,USD_PER_BARREL,False
2026-02-17,BRENT_CRUDE,BRENT_CRUDE,69.77,,,,alpha_vantage,BRENT,benchmark_spot,USD,USD_PER_BARREL,False
2026-02-18,BRENT_CRUDE,BRENT_CRUDE,71.78,,,,alpha_vantage,BRENT,benchmark_spot,USD,USD_PER_BARREL,False
2026-02-19,BRENT_CRUDE,BRENT_CRUDE,73.17,,,,alpha_vantage,BRENT,benchmark_spot,USD,USD_PER_BARREL,False
2026-02-20,BRENT_CRUDE,BRENT_CRUDE,72.75,,,,alpha_vantage,BRENT,benchmark_spot,USD,USD_PER_BARREL,False
2026-02-23,BRENT_CRUDE,BRENT_CRUDE,71.9,,,,alpha_vantage,BRENT,benchmark_spot,USD,USD_PER_BARREL,False
2026-02-24,BRENT_CRUDE,BRENT_CRUDE,71.21,,,,alpha_vantage,BRENT,benchmark_spot,USD,USD_PER_BARREL,False
2026-02-25,BRENT_CRUDE,BRENT_CRUDE,70.69,,,,alpha_vantage,BRENT,benchmark_spot,USD,USD_PER_BARREL,False
2026-02-26,BRENT_CRUDE,BRENT_CRUDE,71.66,,,,alpha_vantage,BRENT,benchmark_spot,USD,USD_PER_BARREL,False
2026-02-27,BRENT_CRUDE,BRENT_CRUDE,71.32,,,,alpha_vantage,BRENT,benchmark_spot,USD,USD_PER_BARREL,False
2026-03-02,BRENT_CRUDE,BRENT_CRUDE,77.24,,,,alpha_vantage,BRENT,benchmark_spot,USD,USD_PER_BARREL,False
2026-03-03,BRENT_CRUDE,BRENT_CRUDE,83.28,,,,alpha_vantage,BRENT,benchmark_spot,USD,USD_PER_BARREL,False
2026-03-04,BRENT_CRUDE,BRENT_CRUDE,81.56,,,,alpha_vantage,BRENT,benchmark_spot,USD,USD_PER_BARREL,False
2026-03-05,BRENT_CRUDE,BRENT_CRUDE,88.59,,,,alpha_vantage,BRENT,benchmark_spot,USD,USD_PER_BARREL,False
2026-03-06,BRENT_CRUDE,BRENT_CRUDE,95.74,,,,alpha_vantage,BRENT,benchmark_spot,USD,USD_PER_BARREL,False
2026-03-09,BRENT_CRUDE,BRENT_CRUDE,94.35,,,,alpha_vantage,BRENT,benchmark_spot,USD,USD_PER_BARREL,False
2026-03-10,BRENT_CRUDE,BRENT_CRUDE,89.84,,,,alpha_vantage,BRENT,benchmark_spot,USD,USD_PER_BARREL,False
2026-03-11,BRENT_CRUDE,BRENT_CRUDE,90.98,,,,alpha_vantage,BRENT,benchmark_spot,USD,USD_PER_BARREL,False
2026-03-12,BRENT_CRUDE,BRENT_CRUDE,102.38,,,,alpha_vantage,BRENT,benchmark_spot,USD,USD_PER_BARREL,False
2026-03-13,BRENT_CRUDE,BRENT_CRUDE,103.23,,,,alpha_vantage,BRENT,benchmark_spot,USD,USD_PER_BARREL,False
2026-03-16,BRENT_CRUDE,BRENT_CRUDE,101.04,,,,alpha_vantage,BRENT,benchmark_spot,USD,USD_PER_BARREL,False
2026-03-17,BRENT_CRUDE,BRENT_CRUDE,108.39,,,,alpha_vantage,BRENT,benchmark_spot,USD,USD_PER_BARREL,False
2026-03-18,BRENT_CRUDE,BRENT_CRUDE,118.09,,,,alpha_vantage,BRENT,benchmark_spot,USD,USD_PER_BARREL,False
2026-03-19,BRENT_CRUDE,BRENT_CRUDE,111.05,,,,alpha_vantage,BRENT,benchmark_spot,USD,USD_PER_BARREL,False
2026-03-20,BRENT_CRUDE,BRENT_CRUDE,118.42,,,,alpha_vantage,BRENT,benchmark_spot,USD,USD_PER_BARREL,False
2026-03-23,BRENT_CRUDE,BRENT_CRUDE,103.79,,,,alpha_vantage,BRENT,benchmark_spot,USD,USD_PER_BARREL,False
2026-03-24,BRENT_CRUDE,BRENT_CRUDE,108.42,,,,alpha_vantage,BRENT,benchmark_spot,USD,USD_PER_BARREL,False
2026-03-25,BRENT_CRUDE,BRENT_CRUDE,109.14,,,,alpha_vantage,BRENT,benchmark_spot,USD,USD_PER_BARREL,False
2026-03-26,BRENT_CRUDE,BRENT_CRUDE,113.39,,,,alpha_vantage,BRENT,benchmark_spot,USD,USD_PER_BARREL,False
2026-03-27,BRENT_CRUDE,BRENT_CRUDE,121.47,,,,alpha_vantage,BRENT,benchmark_spot,USD,USD_PER_BARREL,False
2026-03-30,BRENT_CRUDE,BRENT_CRUDE,121.88,,,,alpha_vantage,BRENT,benchmark_spot,USD,USD_PER_BARREL,False
2026-03-31,BRENT_CRUDE,BRENT_CRUDE,126.69,,,,alpha_vantage,BRENT,benchmark_spot,USD,USD_PER_BARREL,False
2026-04-01,BRENT_CRUDE,BRENT_CRUDE,119.56,,,,alpha_vantage,BRENT,benchmark_spot,USD,USD_PER_BARREL,False
2026-04-02,BRENT_CRUDE,BRENT_CRUDE,127.61,,,,alpha_vantage,BRENT,benchmark_spot,USD,USD_PER_BARREL,False
2026-04-07,BRENT_CRUDE,BRENT_CRUDE,138.21,,,,alpha_vantage,BRENT,benchmark_spot,USD,USD_PER_BARREL,False
2026-04-08,BRENT_CRUDE,BRENT_CRUDE,122.11,,,,alpha_vantage,BRENT,benchmark_spot,USD,USD_PER_BARREL,False
2026-04-09,BRENT_CRUDE,BRENT_CRUDE,119.03,,,,alpha_vantage,BRENT,benchmark_spot,USD,USD_PER_BARREL,False
2026-04-10,BRENT_CRUDE,BRENT_CRUDE,119.07,,,,alpha_vantage,BRENT,benchmark_spot,USD,USD_PER_BARREL,False
2026-04-13,BRENT_CRUDE,BRENT_CRUDE,123.28,,,,alpha_vantage,BRENT,benchmark_spot,USD,USD_PER_BARREL,False
2026-04-14,BRENT_CRUDE,BRENT_CRUDE,118.69,,,,alpha_vantage,BRENT,benchmark_spot,USD,USD_PER_BARREL,False
2026-04-15,BRENT_CRUDE,BRENT_CRUDE,114.93,,,,alpha_vantage,BRENT,benchmark_spot,USD,USD_PER_BARREL,False
2026-04-16,BRENT_CRUDE,BRENT_CRUDE,116.63,,,,alpha_vantage,BRENT,benchmark_spot,USD,USD_PER_BARREL,False
2026-04-17,BRENT_CRUDE,BRENT_CRUDE,98.63,,,,alpha_vantage,BRENT,benchmark_spot,USD,USD_PER_BARREL,False
2026-04-20,BRENT_CRUDE,BRENT_CRUDE,103.4,,,,alpha_vantage,BRENT,benchmark_spot,USD,USD_PER_BARREL,False
2026-04-21,BRENT_CRUDE,BRENT_CRUDE,106.14,,,,alpha_vantage,BRENT,benchmark_spot,USD,USD_PER_BARREL,False
2026-04-22,BRENT_CRUDE,BRENT_CRUDE,113.44,,,,alpha_vantage,BRENT,benchmark_spot,USD,USD_PER_BARREL,False
2026-04-23,BRENT_CRUDE,BRENT_CRUDE,113.25,,,,alpha_vantage,BRENT,benchmark_spot,USD,USD_PER_BARREL,False
2026-04-24,BRENT_CRUDE,BRENT_CRUDE,111.86,,,,alpha_vantage,BRENT,benchmark_spot,USD,USD_PER_BARREL,False
2026-04-27,BRENT_CRUDE,BRENT_CRUDE,113.89,,,,alpha_vantage,BRENT,benchmark_spot,USD,USD_PER_BARREL,False
2026-04-28,BRENT_CRUDE,BRENT_CRUDE,117.62,,,,alpha_vantage,BRENT,benchmark_spot,USD,USD_PER_BARREL,False
2026-04-29,BRENT_CRUDE,BRENT_CRUDE,124.16,,,,alpha_vantage,BRENT,benchmark_spot,USD,USD_PER_BARREL,False
2026-04-30,BRENT_CRUDE,BRENT_CRUDE,124.24,,,,alpha_vantage,BRENT,benchmark_spot,USD,USD_PER_BARREL,False
2026-05-01,BRENT_CRUDE,BRENT_CRUDE,118.26,,,,alpha_vantage,BRENT,benchmark_spot,USD,USD_PER_BARREL,False
2026-05-05,BRENT_CRUDE,BRENT_CRUDE,114.51,,,,alpha_vantage,BRENT,benchmark_spot,USD,USD_PER_BARREL,False
2026-05-06,BRENT_CRUDE,BRENT_CRUDE,103.7,,,,alpha_vantage,BRENT,benchmark_spot,USD,USD_PER_BARREL,False
2026-05-07,BRENT_CRUDE,BRENT_CRUDE,101.82,,,,alpha_vantage,BRENT,benchmark_spot,USD,USD_PER_BARREL,False
2026-05-08,BRENT_CRUDE,BRENT_CRUDE,103.48,,,,alpha_vantage,BRENT,benchmark_spot,USD,USD_PER_BARREL,False
2026-05-11,BRENT_CRUDE,BRENT_CRUDE,106.11,,,,alpha_vantage,BRENT,benchmark_spot,USD,USD_PER_BARREL,False
2026-05-12,BRENT_CRUDE,BRENT_CRUDE,111.37,,,,alpha_vantage,BRENT,benchmark_spot,USD,USD_PER_BARREL,False
2026-05-13,BRENT_CRUDE,BRENT_CRUDE,110.28,,,,alpha_vantage,BRENT,benchmark_spot,USD,USD_PER_BARREL,False
2026-05-14,BRENT_CRUDE,BRENT_CRUDE,110.91,,,,alpha_vantage,BRENT,benchmark_spot,USD,USD_PER_BARREL,False
2026-05-15,BRENT_CRUDE,BRENT_CRUDE,113.96,,,,alpha_vantage,BRENT,benchmark_spot,USD,USD_PER_BARREL,False
2026-05-18,BRENT_CRUDE,BRENT_CRUDE,116.73,,,,alpha_vantage,BRENT,benchmark_spot,USD,USD_PER_BARREL,False
2026-05-19,BRENT_CRUDE,BRENT_CRUDE,114.64,,,,alpha_vantage,BRENT,benchmark_spot,USD,USD_PER_BARREL,False
2026-05-20,BRENT_CRUDE,BRENT_CRUDE,108.93,,,,alpha_vantage,BRENT,benchmark_spot,USD,USD_PER_BARREL,False
2026-05-21,BRENT_CRUDE,BRENT_CRUDE,105.84,,,,alpha_vantage,BRENT,benchmark_spot,USD,USD_PER_BARREL,False
2026-05-22,BRENT_CRUDE,BRENT_CRUDE,106.9,,,,alpha_vantage,BRENT,benchmark_spot,USD,USD_PER_BARREL,False
2026-05-26,BRENT_CRUDE,BRENT_CRUDE,102.75,,,,alpha_vantage,BRENT,benchmark_spot,USD,USD_PER_BARREL,False
2026-05-27,BRENT_CRUDE,BRENT_CRUDE,97.11,,,,alpha_vantage,BRENT,benchmark_spot,USD,USD_PER_BARREL,False
2026-05-28,BRENT_CRUDE,BRENT_CRUDE,95.47,,,,alpha_vantage,BRENT,benchmark_spot,USD,USD_PER_BARREL,False
2026-05-29,BRENT_CRUDE,BRENT_CRUDE,92.88,,,,alpha_vantage,BRENT,benchmark_spot,USD,USD_PER_BARREL,False
2026-06-01,BRENT_CRUDE,BRENT_CRUDE,98.29,,,,alpha_vantage,BRENT,benchmark_spot,USD,USD_PER_BARREL,False
2026-06-02,BRENT_CRUDE,BRENT_CRUDE,98.49,,,,alpha_vantage,BRENT,benchmark_spot,USD,USD_PER_BARREL,False
2026-06-03,BRENT_CRUDE,BRENT_CRUDE,101.69,,,,alpha_vantage,BRENT,benchmark_spot,USD,USD_PER_BARREL,False
2026-06-04,BRENT_CRUDE,BRENT_CRUDE,98.98,,,,alpha_vantage,BRENT,benchmark_spot,USD,USD_PER_BARREL,False
2026-06-05,BRENT_CRUDE,BRENT_CRUDE,97.29,,,,alpha_vantage,BRENT,benchmark_spot,USD,USD_PER_BARREL,False
2026-06-08,BRENT_CRUDE,BRENT_CRUDE,97.46,,,,alpha_vantage,BRENT,benchmark_spot,USD,USD_PER_BARREL,False
2026-06-09,BRENT_CRUDE,BRENT_CRUDE,94.15,,,,alpha_vantage,BRENT,benchmark_spot,USD,USD_PER_BARREL,False
2026-06-10,BRENT_CRUDE,BRENT_CRUDE,95.73,,,,alpha_vantage,BRENT,benchmark_spot,USD,USD_PER_BARREL,False
2026-06-11,BRENT_CRUDE,BRENT_CRUDE,92.84,,,,alpha_vantage,BRENT,benchmark_spot,USD,USD_PER_BARREL,False
2026-06-12,BRENT_CRUDE,BRENT_CRUDE,88.64,,,,alpha_vantage,BRENT,benchmark_spot,USD,USD_PER_BARREL,False
2026-06-15,BRENT_CRUDE,BRENT_CRUDE,84.36,,,,alpha_vantage,BRENT,benchmark_spot,USD,USD_PER_BARREL,False
2026-06-16,BRENT_CRUDE,BRENT_CRUDE,80.5,,,,alpha_vantage,BRENT,benchmark_spot,USD,USD_PER_BARREL,False
2026-06-17,BRENT_CRUDE,BRENT_CRUDE,80.33,,,,alpha_vantage,BRENT,benchmark_spot,USD,USD_PER_BARREL,False
2026-06-18,BRENT_CRUDE,BRENT_CRUDE,79.35,,,,alpha_vantage,BRENT,benchmark_spot,USD,USD_PER_BARREL,False
2026-06-19,BRENT_CRUDE,BRENT_CRUDE,80.46,,,,alpha_vantage,BRENT,benchmark_spot,USD,USD_PER_BARREL,False
2026-06-22,BRENT_CRUDE,BRENT_CRUDE,76.49,,,,alpha_vantage,BRENT,benchmark_spot,USD,USD_PER_BARREL,False
2026-06-23,BRENT_CRUDE,BRENT_CRUDE,75.69,,,,alpha_vantage,BRENT,benchmark_spot,USD,USD_PER_BARREL,False
2026-06-24,BRENT_CRUDE,BRENT_CRUDE,72.09,,,,alpha_vantage,BRENT,benchmark_spot,USD,USD_PER_BARREL,False
2026-06-25,BRENT_CRUDE,BRENT_CRUDE,73.74,,,,alpha_vantage,BRENT,benchmark_spot,USD,USD_PER_BARREL,False
2026-06-26,BRENT_CRUDE,BRENT_CRUDE,70.16,,,,alpha_vantage,BRENT,benchmark_spot,USD,USD_PER_BARREL,False
2026-06-29,BRENT_CRUDE,BRENT_CRUDE,71.59,,,,alpha_vantage,BRENT,benchmark_spot,USD,USD_PER_BARREL,False
2026-06-30,BRENT_CRUDE,BRENT_CRUDE,70.46,,,,alpha_vantage,BRENT,benchmark_spot,USD,USD_PER_BARREL,False
2015-01-01,COPPER,COPPER,5830.535714285714,,,,alpha_vantage,COPPER,benchmark_price,USD,USD_PER_TONNE,False
2015-02-01,COPPER,COPPER,5729.275,,,,alpha_vantage,COPPER,benchmark_price,USD,USD_PER_TONNE,False
2015-03-01,COPPER,COPPER,5939.670454545455,,,,alpha_vantage,COPPER,benchmark_price,USD,USD_PER_TONNE,False
2015-04-01,COPPER,COPPER,6042.0875,,,,alpha_vantage,COPPER,benchmark_price,USD,USD_PER_TONNE,False
2015-05-01,COPPER,COPPER,6294.776315789474,,,,alpha_vantage,COPPER,benchmark_price,USD,USD_PER_TONNE,False
2015-06-01,COPPER,COPPER,5833.011363636364,,,,alpha_vantage,COPPER,benchmark_price,USD,USD_PER_TONNE,False
2015-07-01,COPPER,COPPER,5456.75,,,,alpha_vantage,COPPER,benchmark_price,USD,USD_PER_TONNE,False
2015-08-01,COPPER,COPPER,5127.3,,,,alpha_vantage,COPPER,benchmark_price,USD,USD_PER_TONNE,False
2015-09-01,COPPER,COPPER,5217.25,,,,alpha_vantage,COPPER,benchmark_price,USD,USD_PER_TONNE,False
2015-10-01,COPPER,COPPER,5216.090909090909,,,,alpha_vantage,COPPER,benchmark_price,USD,USD_PER_TONNE,False
2015-11-01,COPPER,COPPER,4799.904761904762,,,,alpha_vantage,COPPER,benchmark_price,USD,USD_PER_TONNE,False
2015-12-01,COPPER,COPPER,4638.833333333333,,,,alpha_vantage,COPPER,benchmark_price,USD,USD_PER_TONNE,False
2016-01-01,COPPER,COPPER,4471.7875,,,,alpha_vantage,COPPER,benchmark_price,USD,USD_PER_TONNE,False
2016-02-01,COPPER,COPPER,4598.619047619048,,,,alpha_vantage,COPPER,benchmark_price,USD,USD_PER_TONNE,False
2016-03-01,COPPER,COPPER,4953.797619047619,,,,alpha_vantage,COPPER,benchmark_price,USD,USD_PER_TONNE,False
2016-04-01,COPPER,COPPER,4872.738095238095,,,,alpha_vantage,COPPER,benchmark_price,USD,USD_PER_TONNE,False
2016-05-01,COPPER,COPPER,4694.5375,,,,alpha_vantage,COPPER,benchmark_price,USD,USD_PER_TONNE,False
2016-06-01,COPPER,COPPER,4641.965909090909,,,,alpha_vantage,COPPER,benchmark_price,USD,USD_PER_TONNE,False
2016-07-01,COPPER,COPPER,4864.904761904762,,,,alpha_vantage,COPPER,benchmark_price,USD,USD_PER_TONNE,False
2016-08-01,COPPER,COPPER,4751.670454545455,,,,alpha_vantage,COPPER,benchmark_price,USD,USD_PER_TONNE,False
2016-09-01,COPPER,COPPER,4722.204545454545,,,,alpha_vantage,COPPER,benchmark_price,USD,USD_PER_TONNE,False
2016-10-01,COPPER,COPPER,4731.261904761905,,,,alpha_vantage,COPPER,benchmark_price,USD,USD_PER_TONNE,False
2016-11-01,COPPER,COPPER,5450.931818181818,,,,alpha_vantage,COPPER,benchmark_price,USD,USD_PER_TONNE,False
2016-12-01,COPPER,COPPER,5660.35,,,,alpha_vantage,COPPER,benchmark_price,USD,USD_PER_TONNE,False
2017-01-01,COPPER,COPPER,5754.559523809524,,,,alpha_vantage,COPPER,benchmark_price,USD,USD_PER_TONNE,False
2017-02-01,COPPER,COPPER,5940.9125,,,,alpha_vantage,COPPER,benchmark_price,USD,USD_PER_TONNE,False
2017-03-01,COPPER,COPPER,5824.630434782609,,,,alpha_vantage,COPPER,benchmark_price,USD,USD_PER_TONNE,False
2017-04-01,COPPER,COPPER,5683.902777777778,,,,alpha_vantage,COPPER,benchmark_price,USD,USD_PER_TONNE,False
2017-05-01,COPPER,COPPER,5599.559523809524,,,,alpha_vantage,COPPER,benchmark_price,USD,USD_PER_TONNE,False
2017-06-01,COPPER,COPPER,5719.761363636364,,,,alpha_vantage,COPPER,benchmark_price,USD,USD_PER_TONNE,False
2017-07-01,COPPER,COPPER,5985.119047619048,,,,alpha_vantage,COPPER,benchmark_price,USD,USD_PER_TONNE,False
2017-08-01,COPPER,COPPER,6485.625,,,,alpha_vantage,COPPER,benchmark_price,USD,USD_PER_TONNE,False
2017-09-01,COPPER,COPPER,6577.166666666667,,,,alpha_vantage,COPPER,benchmark_price,USD,USD_PER_TONNE,False
2017-10-01,COPPER,COPPER,6807.602272727273,,,,alpha_vantage,COPPER,benchmark_price,USD,USD_PER_TONNE,False
2017-11-01,COPPER,COPPER,6826.545454545455,,,,alpha_vantage,COPPER,benchmark_price,USD,USD_PER_TONNE,False
2017-12-01,COPPER,COPPER,6833.894736842105,,,,alpha_vantage,COPPER,benchmark_price,USD,USD_PER_TONNE,False
2018-01-01,COPPER,COPPER,7065.852272727273,,,,alpha_vantage,COPPER,benchmark_price,USD,USD_PER_TONNE,False
2018-02-01,COPPER,COPPER,7006.525,,,,alpha_vantage,COPPER,benchmark_price,USD,USD_PER_TONNE,False
2018-03-01,COPPER,COPPER,6799.178571428571,,,,alpha_vantage,COPPER,benchmark_price,USD,USD_PER_TONNE,False
2018-04-01,COPPER,COPPER,6851.5125,,,,alpha_vantage,COPPER,benchmark_price,USD,USD_PER_TONNE,False
2018-05-01,COPPER,COPPER,6825.27380952381,,,,alpha_vantage,COPPER,benchmark_price,USD,USD_PER_TONNE,False
2018-06-01,COPPER,COPPER,6965.857142857143,,,,alpha_vantage,COPPER,benchmark_price,USD,USD_PER_TONNE,False
2018-07-01,COPPER,COPPER,6250.75,,,,alpha_vantage,COPPER,benchmark_price,USD,USD_PER_TONNE,False
2018-08-01,COPPER,COPPER,6051.045454545455,,,,alpha_vantage,COPPER,benchmark_price,USD,USD_PER_TONNE,False
2018-09-01,COPPER,COPPER,6050.7625,,,,alpha_vantage,COPPER,benchmark_price,USD,USD_PER_TONNE,False
2018-10-01,COPPER,COPPER,6219.586956521739,,,,alpha_vantage,COPPER,benchmark_price,USD,USD_PER_TONNE,False
2018-11-01,COPPER,COPPER,6195.920454545455,,,,alpha_vantage,COPPER,benchmark_price,USD,USD_PER_TONNE,False
2018-12-01,COPPER,COPPER,6075.315789473684,,,,alpha_vantage,COPPER,benchmark_price,USD,USD_PER_TONNE,False
2019-01-01,COPPER,COPPER,5939.102272727273,,,,alpha_vantage,COPPER,benchmark_price,USD,USD_PER_TONNE,False
2019-02-01,COPPER,COPPER,6300.4875,,,,alpha_vantage,COPPER,benchmark_price,USD,USD_PER_TONNE,False
2019-03-01,COPPER,COPPER,6439.464285714286,,,,alpha_vantage,COPPER,benchmark_price,USD,USD_PER_TONNE,False
2019-04-01,COPPER,COPPER,6438.3625,,,,alpha_vantage,COPPER,benchmark_price,USD,USD_PER_TONNE,False
2019-05-01,COPPER,COPPER,6017.904761904762,,,,alpha_vantage,COPPER,benchmark_price,USD,USD_PER_TONNE,False
2019-06-01,COPPER,COPPER,5882.225,,,,alpha_vantage,COPPER,benchmark_price,USD,USD_PER_TONNE,False
2019-07-01,COPPER,COPPER,5941.195652173913,,,,alpha_vantage,COPPER,benchmark_price,USD,USD_PER_TONNE,False
2019-08-01,COPPER,COPPER,5709.440476190476,,,,alpha_vantage,COPPER,benchmark_price,USD,USD_PER_TONNE,False
2019-09-01,COPPER,COPPER,5759.25,,,,alpha_vantage,COPPER,benchmark_price,USD,USD_PER_TONNE,False
2019-10-01,COPPER,COPPER,5757.297826086957,,,,alpha_vantage,COPPER,benchmark_price,USD,USD_PER_TONNE,False
2019-11-01,COPPER,COPPER,5859.952380952381,,,,alpha_vantage,COPPER,benchmark_price,USD,USD_PER_TONNE,False
2019-12-01,COPPER,COPPER,6077.0625,,,,alpha_vantage,COPPER,benchmark_price,USD,USD_PER_TONNE,False
2020-01-01,COPPER,COPPER,6031.209090909091,,,,alpha_vantage,COPPER,benchmark_price,USD,USD_PER_TONNE,False
2020-02-01,COPPER,COPPER,5687.75,,,,alpha_vantage,COPPER,benchmark_price,USD,USD_PER_TONNE,False
2020-03-01,COPPER,COPPER,5182.631818181818,,,,alpha_vantage,COPPER,benchmark_price,USD,USD_PER_TONNE,False
2020-04-01,COPPER,COPPER,5057.972,,,,alpha_vantage,COPPER,benchmark_price,USD,USD_PER_TONNE,False
2020-05-01,COPPER,COPPER,5239.826315789474,,,,alpha_vantage,COPPER,benchmark_price,USD,USD_PER_TONNE,False
2020-06-01,COPPER,COPPER,5754.595454545455,,,,alpha_vantage,COPPER,benchmark_price,USD,USD_PER_TONNE,False
2020-07-01,COPPER,COPPER,6372.460869565217,,,,alpha_vantage,COPPER,benchmark_price,USD,USD_PER_TONNE,False
2020-08-01,COPPER,COPPER,6508.392857142857,,,,alpha_vantage,COPPER,benchmark_price,USD,USD_PER_TONNE,False
2020-09-01,COPPER,COPPER,6704.9,,,,alpha_vantage,COPPER,benchmark_price,USD,USD_PER_TONNE,False
2020-10-01,COPPER,COPPER,6713.811363636364,,,,alpha_vantage,COPPER,benchmark_price,USD,USD_PER_TONNE,False
2020-11-01,COPPER,COPPER,7068.907142857143,,,,alpha_vantage,COPPER,benchmark_price,USD,USD_PER_TONNE,False
2020-12-01,COPPER,COPPER,7772.238095238095,,,,alpha_vantage,COPPER,benchmark_price,USD,USD_PER_TONNE,False
2021-01-01,COPPER,COPPER,7972.1475,,,,alpha_vantage,COPPER,benchmark_price,USD,USD_PER_TONNE,False
2021-02-01,COPPER,COPPER,8470.94,,,,alpha_vantage,COPPER,benchmark_price,USD,USD_PER_TONNE,False
2021-03-01,COPPER,COPPER,8988.247826086958,,,,alpha_vantage,COPPER,benchmark_price,USD,USD_PER_TONNE,False
2021-04-01,COPPER,COPPER,9324.8175,,,,alpha_vantage,COPPER,benchmark_price,USD,USD_PER_TONNE,False
2021-05-01,COPPER,COPPER,10166.285,,,,alpha_vantage,COPPER,benchmark_price,USD,USD_PER_TONNE,False
2021-06-01,COPPER,COPPER,9631.5,,,,alpha_vantage,COPPER,benchmark_price,USD,USD_PER_TONNE,False
2021-07-01,COPPER,COPPER,9450.820454545456,,,,alpha_vantage,COPPER,benchmark_price,USD,USD_PER_TONNE,False
2021-08-01,COPPER,COPPER,9370.138571428572,,,,alpha_vantage,COPPER,benchmark_price,USD,USD_PER_TONNE,False
2021-09-01,COPPER,COPPER,9324.709545454543,,,,alpha_vantage,COPPER,benchmark_price,USD,USD_PER_TONNE,False
2021-10-01,COPPER,COPPER,9829.219047619048,,,,alpha_vantage,COPPER,benchmark_price,USD,USD_PER_TONNE,False
2021-11-01,COPPER,COPPER,9728.904545454545,,,,alpha_vantage,COPPER,benchmark_price,USD,USD_PER_TONNE,False
2021-12-01,COPPER,COPPER,9551.18,,,,alpha_vantage,COPPER,benchmark_price,USD,USD_PER_TONNE,False
2022-01-01,COPPER,COPPER,9782.3375,,,,alpha_vantage,COPPER,benchmark_price,USD,USD_PER_TONNE,False
2022-02-01,COPPER,COPPER,9943.175,,,,alpha_vantage,COPPER,benchmark_price,USD,USD_PER_TONNE,False
2022-03-01,COPPER,COPPER,10230.89391304348,,,,alpha_vantage,COPPER,benchmark_price,USD,USD_PER_TONNE,False
2022-04-01,COPPER,COPPER,10174.34761904762,,,,alpha_vantage,COPPER,benchmark_price,USD,USD_PER_TONNE,False
2022-05-01,COPPER,COPPER,9395.027272727271,,,,alpha_vantage,COPPER,benchmark_price,USD,USD_PER_TONNE,False
2022-06-01,COPPER,COPPER,9067.55181818182,,,,alpha_vantage,COPPER,benchmark_price,USD,USD_PER_TONNE,False
2022-07-01,COPPER,COPPER,7544.809523809524,,,,alpha_vantage,COPPER,benchmark_price,USD,USD_PER_TONNE,False
2022-08-01,COPPER,COPPER,7990.812173913043,,,,alpha_vantage,COPPER,benchmark_price,USD,USD_PER_TONNE,False
2022-09-01,COPPER,COPPER,7746.011363636364,,,,alpha_vantage,COPPER,benchmark_price,USD,USD_PER_TONNE,False
2022-10-01,COPPER,COPPER,7651.082857142857,,,,alpha_vantage,COPPER,benchmark_price,USD,USD_PER_TONNE,False
2022-11-01,COPPER,COPPER,8049.861363636364,,,,alpha_vantage,COPPER,benchmark_price,USD,USD_PER_TONNE,False
2022-12-01,COPPER,COPPER,8371.091363636364,,,,alpha_vantage,COPPER,benchmark_price,USD,USD_PER_TONNE,False
2023-01-01,COPPER,COPPER,9007.346363636363,,,,alpha_vantage,COPPER,benchmark_price,USD,USD_PER_TONNE,False
2023-02-01,COPPER,COPPER,8936.587,,,,alpha_vantage,COPPER,benchmark_price,USD,USD_PER_TONNE,False
2023-03-01,COPPER,COPPER,8856.310869565217,,,,alpha_vantage,COPPER,benchmark_price,USD,USD_PER_TONNE,False
2023-04-01,COPPER,COPPER,8809.1575,,,,alpha_vantage,COPPER,benchmark_price,USD,USD_PER_TONNE,False
2023-05-01,COPPER,COPPER,8243.156086956522,,,,alpha_vantage,COPPER,benchmark_price,USD,USD_PER_TONNE,False
2023-06-01,COPPER,COPPER,8396.517727272727,,,,alpha_vantage,COPPER,benchmark_price,USD,USD_PER_TONNE,False
2023-07-01,COPPER,COPPER,8476.679047619047,,,,alpha_vantage,COPPER,benchmark_price,USD,USD_PER_TONNE,False
2023-08-01,COPPER,COPPER,8347.828260869564,,,,alpha_vantage,COPPER,benchmark_price,USD,USD_PER_TONNE,False
2023-09-01,COPPER,COPPER,8276.71380952381,,,,alpha_vantage,COPPER,benchmark_price,USD,USD_PER_TONNE,False
2023-10-01,COPPER,COPPER,7941.355909090909,,,,alpha_vantage,COPPER,benchmark_price,USD,USD_PER_TONNE,False
2023-11-01,COPPER,COPPER,8189.587727272727,,,,alpha_vantage,COPPER,benchmark_price,USD,USD_PER_TONNE,False
2023-12-01,COPPER,COPPER,8407.900476190476,,,,alpha_vantage,COPPER,benchmark_price,USD,USD_PER_TONNE,False
2024-01-01,COPPER,COPPER,8351.339565217391,,,,alpha_vantage,COPPER,benchmark_price,USD,USD_PER_TONNE,False
2024-02-01,COPPER,COPPER,8304.950476190475,,,,alpha_vantage,COPPER,benchmark_price,USD,USD_PER_TONNE,False
2024-03-01,COPPER,COPPER,8692.819047619048,,,,alpha_vantage,COPPER,benchmark_price,USD,USD_PER_TONNE,False
2024-04-01,COPPER,COPPER,9445.593636363636,,,,alpha_vantage,COPPER,benchmark_price,USD,USD_PER_TONNE,False
2024-05-01,COPPER,COPPER,10117.16347826087,,,,alpha_vantage,COPPER,benchmark_price,USD,USD_PER_TONNE,False
2024-06-01,COPPER,COPPER,9648.167,,,,alpha_vantage,COPPER,benchmark_price,USD,USD_PER_TONNE,False
2024-07-01,COPPER,COPPER,9385.31304347826,,,,alpha_vantage,COPPER,benchmark_price,USD,USD_PER_TONNE,False
2024-08-01,COPPER,COPPER,8981.117727272727,,,,alpha_vantage,COPPER,benchmark_price,USD,USD_PER_TONNE,False
2024-09-01,COPPER,COPPER,9259.128571428571,,,,alpha_vantage,COPPER,benchmark_price,USD,USD_PER_TONNE,False
2024-10-01,COPPER,COPPER,9533.991304347826,,,,alpha_vantage,COPPER,benchmark_price,USD,USD_PER_TONNE,False
2024-11-01,COPPER,COPPER,9075.727142857144,,,,alpha_vantage,COPPER,benchmark_price,USD,USD_PER_TONNE,False
2024-12-01,COPPER,COPPER,8909.907727272726,,,,alpha_vantage,COPPER,benchmark_price,USD,USD_PER_TONNE,False
2025-01-01,COPPER,COPPER,8976.68043478261,,,,alpha_vantage,COPPER,benchmark_price,USD,USD_PER_TONNE,False
2025-02-01,COPPER,COPPER,9330.975,,,,alpha_vantage,COPPER,benchmark_price,USD,USD_PER_TONNE,False
2025-03-01,COPPER,COPPER,9735.823333333332,,,,alpha_vantage,COPPER,benchmark_price,USD,USD_PER_TONNE,False
2025-04-01,COPPER,COPPER,9172.69590909091,,,,alpha_vantage,COPPER,benchmark_price,USD,USD_PER_TONNE,False
2025-05-01,COPPER,COPPER,9531.200909090909,,,,alpha_vantage,COPPER,benchmark_price,USD,USD_PER_TONNE,False
2025-06-01,COPPER,COPPER,9835.068095238095,,,,alpha_vantage,COPPER,benchmark_price,USD,USD_PER_TONNE,False
2025-07-01,COPPER,COPPER,9770.580434782609,,,,alpha_vantage,COPPER,benchmark_price,USD,USD_PER_TONNE,False
2025-08-01,COPPER,COPPER,9671.875714285714,,,,alpha_vantage,COPPER,benchmark_price,USD,USD_PER_TONNE,False
2025-09-01,COPPER,COPPER,9994.773181818182,,,,alpha_vantage,COPPER,benchmark_price,USD,USD_PER_TONNE,False
2025-10-01,COPPER,COPPER,10739.91826086957,,,,alpha_vantage,COPPER,benchmark_price,USD,USD_PER_TONNE,False
2025-11-01,COPPER,COPPER,10812.028,,,,alpha_vantage,COPPER,benchmark_price,USD,USD_PER_TONNE,False
2025-12-01,COPPER,COPPER,11790.96409090909,,,,alpha_vantage,COPPER,benchmark_price,USD,USD_PER_TONNE,False
2026-01-01,COPPER,COPPER,12986.60681818182,,,,alpha_vantage,COPPER,benchmark_price,USD,USD_PER_TONNE,False
2026-02-01,COPPER,COPPER,12951.345,,,,alpha_vantage,COPPER,benchmark_price,USD,USD_PER_TONNE,False
2026-03-01,COPPER,COPPER,12528.70954545455,,,,alpha_vantage,COPPER,benchmark_price,USD,USD_PER_TONNE,False
2026-04-01,COPPER,COPPER,12890.68772727273,,,,alpha_vantage,COPPER,benchmark_price,USD,USD_PER_TONNE,False
2026-05-01,COPPER,COPPER,13512.15619047619,,,,alpha_vantage,COPPER,benchmark_price,USD,USD_PER_TONNE,False
2026-06-01,COPPER,COPPER,13552.04090909091,,,,alpha_vantage,COPPER,benchmark_price,USD,USD_PER_TONNE,False
2015-01-01,CORN,CORN,174.7948714285715,,,,alpha_vantage,CORN,benchmark_price,USD,INDEX_OR_PROVIDER_UNIT,False
2015-02-01,CORN,CORN,173.7588657894737,,,,alpha_vantage,CORN,benchmark_price,USD,INDEX_OR_PROVIDER_UNIT,False
2015-03-01,CORN,CORN,174.2938214285714,,,,alpha_vantage,CORN,benchmark_price,USD,INDEX_OR_PROVIDER_UNIT,False
2015-04-01,CORN,CORN,172.1515770408164,,,,alpha_vantage,CORN,benchmark_price,USD,INDEX_OR_PROVIDER_UNIT,False
2015-05-01,CORN,CORN,166.3503894642858,,,,alpha_vantage,CORN,benchmark_price,USD,INDEX_OR_PROVIDER_UNIT,False
2015-06-01,CORN,CORN,166.8138607142856,,,,alpha_vantage,CORN,benchmark_price,USD,INDEX_OR_PROVIDER_UNIT,False
2015-07-01,CORN,CORN,179.6085303571429,,,,alpha_vantage,CORN,benchmark_price,USD,INDEX_OR_PROVIDER_UNIT,False
2015-08-01,CORN,CORN,162.7406991496599,,,,alpha_vantage,CORN,benchmark_price,USD,INDEX_OR_PROVIDER_UNIT,False
2015-09-01,CORN,CORN,166.0776239795919,,,,alpha_vantage,CORN,benchmark_price,USD,INDEX_OR_PROVIDER_UNIT,False
2015-10-01,CORN,CORN,171.4485732142857,,,,alpha_vantage,CORN,benchmark_price,USD,INDEX_OR_PROVIDER_UNIT,False
2015-11-01,CORN,CORN,166.0924240601504,,,,alpha_vantage,CORN,benchmark_price,USD,INDEX_OR_PROVIDER_UNIT,False
2015-12-01,CORN,CORN,164.0044017857142,,,,alpha_vantage,CORN,benchmark_price,USD,INDEX_OR_PROVIDER_UNIT,False
2016-01-01,CORN,CORN,161.0988768796993,,,,alpha_vantage,CORN,benchmark_price,USD,INDEX_OR_PROVIDER_UNIT,False
2016-02-01,CORN,CORN,159.7168453571428,,,,alpha_vantage,CORN,benchmark_price,USD,INDEX_OR_PROVIDER_UNIT,False
2016-03-01,CORN,CORN,159.2265321428571,,,,alpha_vantage,CORN,benchmark_price,USD,INDEX_OR_PROVIDER_UNIT,False
2016-04-01,CORN,CORN,164.4654018707482,,,,alpha_vantage,CORN,benchmark_price,USD,INDEX_OR_PROVIDER_UNIT,False
2016-05-01,CORN,CORN,169.0021198979592,,,,alpha_vantage,CORN,benchmark_price,USD,INDEX_OR_PROVIDER_UNIT,False
2016-06-01,CORN,CORN,179.9127392857144,,,,alpha_vantage,CORN,benchmark_price,USD,INDEX_OR_PROVIDER_UNIT,False
2016-07-01,CORN,CORN,161.8230448214286,,,,alpha_vantage,CORN,benchmark_price,USD,INDEX_OR_PROVIDER_UNIT,False
2016-08-01,CORN,CORN,150.2154124223603,,,,alpha_vantage,CORN,benchmark_price,USD,INDEX_OR_PROVIDER_UNIT,False
2016-09-01,CORN,CORN,148.5119017006803,,,,alpha_vantage,CORN,benchmark_price,USD,INDEX_OR_PROVIDER_UNIT,False
2016-10-01,CORN,CORN,152.6174440476191,,,,alpha_vantage,CORN,benchmark_price,USD,INDEX_OR_PROVIDER_UNIT,False
2016-11-01,CORN,CORN,151.3314157142857,,,,alpha_vantage,CORN,benchmark_price,USD,INDEX_OR_PROVIDER_UNIT,False
2016-12-01,CORN,CORN,152.729924659864,,,,alpha_vantage,CORN,benchmark_price,USD,INDEX_OR_PROVIDER_UNIT,False
2017-01-01,CORN,CORN,160.0121069642857,,,,alpha_vantage,CORN,benchmark_price,USD,INDEX_OR_PROVIDER_UNIT,False
2017-02-01,CORN,CORN,162.9625359126985,,,,alpha_vantage,CORN,benchmark_price,USD,INDEX_OR_PROVIDER_UNIT,False
2017-03-01,CORN,CORN,158.9791192546584,,,,alpha_vantage,CORN,benchmark_price,USD,INDEX_OR_PROVIDER_UNIT,False
2017-04-01,CORN,CORN,156.5404520676692,,,,alpha_vantage,CORN,benchmark_price,USD,INDEX_OR_PROVIDER_UNIT,False
2017-05-01,CORN,CORN,158.6002196428571,,,,alpha_vantage,CORN,benchmark_price,USD,INDEX_OR_PROVIDER_UNIT,False
2017-06-01,CORN,CORN,157.9739071428571,,,,alpha_vantage,CORN,benchmark_price,USD,INDEX_OR_PROVIDER_UNIT,False
2017-07-01,CORN,CORN,157.6106458928572,,,,alpha_vantage,CORN,benchmark_price,USD,INDEX_OR_PROVIDER_UNIT,False
2017-08-01,CORN,CORN,148.5434303571428,,,,alpha_vantage,CORN,benchmark_price,USD,INDEX_OR_PROVIDER_UNIT,False
2017-09-01,CORN,CORN,147.3158578571429,,,,alpha_vantage,CORN,benchmark_price,USD,INDEX_OR_PROVIDER_UNIT,False
2017-10-01,CORN,CORN,148.7223767857143,,,,alpha_vantage,CORN,benchmark_price,USD,INDEX_OR_PROVIDER_UNIT,False
2017-11-01,CORN,CORN,148.792165892857,,,,alpha_vantage,CORN,benchmark_price,USD,INDEX_OR_PROVIDER_UNIT,False
2017-12-01,CORN,CORN,149.0874275,,,,alpha_vantage,CORN,benchmark_price,USD,INDEX_OR_PROVIDER_UNIT,False
2018-01-01,CORN,CORN,155.916875340136,,,,alpha_vantage,CORN,benchmark_price,USD,INDEX_OR_PROVIDER_UNIT,False
2018-02-01,CORN,CORN,163.4609697368421,,,,alpha_vantage,CORN,benchmark_price,USD,INDEX_OR_PROVIDER_UNIT,False
2018-03-01,CORN,CORN,172.0765899659864,,,,alpha_vantage,CORN,benchmark_price,USD,INDEX_OR_PROVIDER_UNIT,False
2018-04-01,CORN,CORN,175.6009824829932,,,,alpha_vantage,CORN,benchmark_price,USD,INDEX_OR_PROVIDER_UNIT,False
2018-05-01,CORN,CORN,179.1790589285714,,,,alpha_vantage,CORN,benchmark_price,USD,INDEX_OR_PROVIDER_UNIT,False
2018-06-01,CORN,CORN,165.1402855442176,,,,alpha_vantage,CORN,benchmark_price,USD,INDEX_OR_PROVIDER_UNIT,False
2018-07-01,CORN,CORN,156.5542654761905,,,,alpha_vantage,CORN,benchmark_price,USD,INDEX_OR_PROVIDER_UNIT,False
2018-08-01,CORN,CORN,162.5222585403728,,,,alpha_vantage,CORN,benchmark_price,USD,INDEX_OR_PROVIDER_UNIT,False
2018-09-01,CORN,CORN,154.9450033834586,,,,alpha_vantage,CORN,benchmark_price,USD,INDEX_OR_PROVIDER_UNIT,False
2018-10-01,CORN,CORN,160.3655650621117,,,,alpha_vantage,CORN,benchmark_price,USD,INDEX_OR_PROVIDER_UNIT,False
2018-11-01,CORN,CORN,160.8782076785714,,,,alpha_vantage,CORN,benchmark_price,USD,INDEX_OR_PROVIDER_UNIT,False
2018-12-01,CORN,CORN,167.4898805555556,,,,alpha_vantage,CORN,benchmark_price,USD,INDEX_OR_PROVIDER_UNIT,False
2019-01-01,CORN,CORN,166.8462414965987,,,,alpha_vantage,CORN,benchmark_price,USD,INDEX_OR_PROVIDER_UNIT,False
2019-02-01,CORN,CORN,169.6562834586467,,,,alpha_vantage,CORN,benchmark_price,USD,INDEX_OR_PROVIDER_UNIT,False
2019-03-01,CORN,CORN,166.3213319727891,,,,alpha_vantage,CORN,benchmark_price,USD,INDEX_OR_PROVIDER_UNIT,False
2019-04-01,CORN,CORN,161.6533865646259,,,,alpha_vantage,CORN,benchmark_price,USD,INDEX_OR_PROVIDER_UNIT,False
2019-05-01,CORN,CORN,171.1801535714285,,,,alpha_vantage,CORN,benchmark_price,USD,INDEX_OR_PROVIDER_UNIT,False
2019-06-01,CORN,CORN,195.1679223214286,,,,alpha_vantage,CORN,benchmark_price,USD,INDEX_OR_PROVIDER_UNIT,False
2019-07-01,CORN,CORN,189.4863732142856,,,,alpha_vantage,CORN,benchmark_price,USD,INDEX_OR_PROVIDER_UNIT,False
2019-08-01,CORN,CORN,163.6286142857145,,,,alpha_vantage,CORN,benchmark_price,USD,INDEX_OR_PROVIDER_UNIT,False
2019-09-01,CORN,CORN,157.3744366071428,,,,alpha_vantage,CORN,benchmark_price,USD,INDEX_OR_PROVIDER_UNIT,False
2019-10-01,CORN,CORN,167.2977940993788,,,,alpha_vantage,CORN,benchmark_price,USD,INDEX_OR_PROVIDER_UNIT,False
2019-11-01,CORN,CORN,166.3617855263158,,,,alpha_vantage,CORN,benchmark_price,USD,INDEX_OR_PROVIDER_UNIT,False
2019-12-01,CORN,CORN,167.0590173214286,,,,alpha_vantage,CORN,benchmark_price,USD,INDEX_OR_PROVIDER_UNIT,False
2020-01-01,CORN,CORN,171.8141352040817,,,,alpha_vantage,CORN,benchmark_price,USD,INDEX_OR_PROVIDER_UNIT,False
2020-02-01,CORN,CORN,168.7445984962405,,,,alpha_vantage,CORN,benchmark_price,USD,INDEX_OR_PROVIDER_UNIT,False
2020-03-01,CORN,CORN,162.1791482142857,,,,alpha_vantage,CORN,benchmark_price,USD,INDEX_OR_PROVIDER_UNIT,False
2020-04-01,CORN,CORN,147.0121602040815,,,,alpha_vantage,CORN,benchmark_price,USD,INDEX_OR_PROVIDER_UNIT,False
2020-05-01,CORN,CORN,143.9892437500002,,,,alpha_vantage,CORN,benchmark_price,USD,INDEX_OR_PROVIDER_UNIT,False
2020-06-01,CORN,CORN,148.0423803571428,,,,alpha_vantage,CORN,benchmark_price,USD,INDEX_OR_PROVIDER_UNIT,False
2020-07-01,CORN,CORN,152.5876196428571,,,,alpha_vantage,CORN,benchmark_price,USD,INDEX_OR_PROVIDER_UNIT,False
2020-08-01,CORN,CORN,149.3929998299319,,,,alpha_vantage,CORN,benchmark_price,USD,INDEX_OR_PROVIDER_UNIT,False
2020-09-01,CORN,CORN,166.6025335034014,,,,alpha_vantage,CORN,benchmark_price,USD,INDEX_OR_PROVIDER_UNIT,False
2020-10-01,CORN,CORN,186.7663875,,,,alpha_vantage,CORN,benchmark_price,USD,INDEX_OR_PROVIDER_UNIT,False
2020-11-01,CORN,CORN,190.6250375939849,,,,alpha_vantage,CORN,benchmark_price,USD,INDEX_OR_PROVIDER_UNIT,False
2020-12-01,CORN,CORN,199.1844175170068,,,,alpha_vantage,CORN,benchmark_price,USD,INDEX_OR_PROVIDER_UNIT,False
2021-01-01,CORN,CORN,231.7544614661655,,,,alpha_vantage,CORN,benchmark_price,USD,INDEX_OR_PROVIDER_UNIT,False
2021-02-01,CORN,CORN,245.5540565789474,,,,alpha_vantage,CORN,benchmark_price,USD,INDEX_OR_PROVIDER_UNIT,False
2021-03-01,CORN,CORN,245.7603568322983,,,,alpha_vantage,CORN,benchmark_price,USD,INDEX_OR_PROVIDER_UNIT,False
2021-04-01,CORN,CORN,268.6224488095237,,,,alpha_vantage,CORN,benchmark_price,USD,INDEX_OR_PROVIDER_UNIT,False
2021-05-01,CORN,CORN,304.297549659864,,,,alpha_vantage,CORN,benchmark_price,USD,INDEX_OR_PROVIDER_UNIT,False
2021-06-01,CORN,CORN,292.5237267857143,,,,alpha_vantage,CORN,benchmark_price,USD,INDEX_OR_PROVIDER_UNIT,False
2021-07-01,CORN,CORN,278.445755612245,,,,alpha_vantage,CORN,benchmark_price,USD,INDEX_OR_PROVIDER_UNIT,False
2021-08-01,CORN,CORN,257.020755357143,,,,alpha_vantage,CORN,benchmark_price,USD,INDEX_OR_PROVIDER_UNIT,False
2021-09-01,CORN,CORN,235.8156035714281,,,,alpha_vantage,CORN,benchmark_price,USD,INDEX_OR_PROVIDER_UNIT,False
2021-10-01,CORN,CORN,239.60245085034,,,,alpha_vantage,CORN,benchmark_price,USD,INDEX_OR_PROVIDER_UNIT,False
2021-11-01,CORN,CORN,248.7677460714286,,,,alpha_vantage,CORN,benchmark_price,USD,INDEX_OR_PROVIDER_UNIT,False
2021-12-01,CORN,CORN,264.5731467687075,,,,alpha_vantage,CORN,benchmark_price,USD,INDEX_OR_PROVIDER_UNIT,False
2022-01-01,CORN,CORN,276.7191782142856,,,,alpha_vantage,CORN,benchmark_price,USD,INDEX_OR_PROVIDER_UNIT,False
2022-02-01,CORN,CORN,292.6715930451127,,,,alpha_vantage,CORN,benchmark_price,USD,INDEX_OR_PROVIDER_UNIT,False
2022-03-01,CORN,CORN,335.9306841614907,,,,alpha_vantage,CORN,benchmark_price,USD,INDEX_OR_PROVIDER_UNIT,False
2022-04-01,CORN,CORN,348.5071169642857,,,,alpha_vantage,CORN,benchmark_price,USD,INDEX_OR_PROVIDER_UNIT,False
2022-05-01,CORN,CORN,344.9092996031747,,,,alpha_vantage,CORN,benchmark_price,USD,INDEX_OR_PROVIDER_UNIT,False
2022-06-01,CORN,CORN,335.7171340136054,,,,alpha_vantage,CORN,benchmark_price,USD,INDEX_OR_PROVIDER_UNIT,False
2022-07-01,CORN,CORN,312.6820419642856,,,,alpha_vantage,CORN,benchmark_price,USD,INDEX_OR_PROVIDER_UNIT,False
2022-08-01,CORN,CORN,293.9307903338509,,,,alpha_vantage,CORN,benchmark_price,USD,INDEX_OR_PROVIDER_UNIT,False
2022-09-01,CORN,CORN,312.5461278911564,,,,alpha_vantage,CORN,benchmark_price,USD,INDEX_OR_PROVIDER_UNIT,False
2022-10-01,CORN,CORN,343.5532833333333,,,,alpha_vantage,CORN,benchmark_price,USD,INDEX_OR_PROVIDER_UNIT,False
2022-11-01,CORN,CORN,320.929682857143,,,,alpha_vantage,CORN,benchmark_price,USD,INDEX_OR_PROVIDER_UNIT,False
2022-12-01,CORN,CORN,302.2354051020408,,,,alpha_vantage,CORN,benchmark_price,USD,INDEX_OR_PROVIDER_UNIT,False
2023-01-01,CORN,CORN,302.8399883928572,,,,alpha_vantage,CORN,benchmark_price,USD,INDEX_OR_PROVIDER_UNIT,False
2023-02-01,CORN,CORN,298.2453033834586,,,,alpha_vantage,CORN,benchmark_price,USD,INDEX_OR_PROVIDER_UNIT,False
2023-03-01,CORN,CORN,284.9574049689442,,,,alpha_vantage,CORN,benchmark_price,USD,INDEX_OR_PROVIDER_UNIT,False
2023-04-01,CORN,CORN,291.1797449248119,,,,alpha_vantage,CORN,benchmark_price,USD,INDEX_OR_PROVIDER_UNIT,False
2023-05-01,CORN,CORN,268.1725263605443,,,,alpha_vantage,CORN,benchmark_price,USD,INDEX_OR_PROVIDER_UNIT,False
2023-06-01,CORN,CORN,266.9352396258504,,,,alpha_vantage,CORN,benchmark_price,USD,INDEX_OR_PROVIDER_UNIT,False
2023-07-01,CORN,CORN,235.2719472789116,,,,alpha_vantage,CORN,benchmark_price,USD,INDEX_OR_PROVIDER_UNIT,False
2023-08-01,CORN,CORN,207.6758886645963,,,,alpha_vantage,CORN,benchmark_price,USD,INDEX_OR_PROVIDER_UNIT,False
2023-09-01,CORN,CORN,223.8476664285715,,,,alpha_vantage,CORN,benchmark_price,USD,INDEX_OR_PROVIDER_UNIT,False
2023-10-01,CORN,CORN,221.90251875,,,,alpha_vantage,CORN,benchmark_price,USD,INDEX_OR_PROVIDER_UNIT,False
2023-11-01,CORN,CORN,209.0402968303571,,,,alpha_vantage,CORN,benchmark_price,USD,INDEX_OR_PROVIDER_UNIT,False
2023-12-01,CORN,CORN,207.3979688909774,,,,alpha_vantage,CORN,benchmark_price,USD,INDEX_OR_PROVIDER_UNIT,False
2024-01-01,CORN,CORN,198.7579285289115,,,,alpha_vantage,CORN,benchmark_price,USD,INDEX_OR_PROVIDER_UNIT,False
2024-02-01,CORN,CORN,188.9477444642856,,,,alpha_vantage,CORN,benchmark_price,USD,INDEX_OR_PROVIDER_UNIT,False
2024-03-01,CORN,CORN,190.2272114285714,,,,alpha_vantage,CORN,benchmark_price,USD,INDEX_OR_PROVIDER_UNIT,False
2024-04-01,CORN,CORN,190.9000500000001,,,,alpha_vantage,CORN,benchmark_price,USD,INDEX_OR_PROVIDER_UNIT,False
2024-05-01,CORN,CORN,201.0194705357142,,,,alpha_vantage,CORN,benchmark_price,USD,INDEX_OR_PROVIDER_UNIT,False
2024-06-01,CORN,CORN,191.2409429464286,,,,alpha_vantage,CORN,benchmark_price,USD,INDEX_OR_PROVIDER_UNIT,False
2024-07-01,CORN,CORN,177.7677084464286,,,,alpha_vantage,CORN,benchmark_price,USD,INDEX_OR_PROVIDER_UNIT,False
2024-08-01,CORN,CORN,169.2967424107143,,,,alpha_vantage,CORN,benchmark_price,USD,INDEX_OR_PROVIDER_UNIT,False
2024-09-01,CORN,CORN,183.6558276597744,,,,alpha_vantage,CORN,benchmark_price,USD,INDEX_OR_PROVIDER_UNIT,False
2024-10-01,CORN,CORN,189.5879058618013,,,,alpha_vantage,CORN,benchmark_price,USD,INDEX_OR_PROVIDER_UNIT,False
2024-11-01,CORN,CORN,201.3082701884922,,,,alpha_vantage,CORN,benchmark_price,USD,INDEX_OR_PROVIDER_UNIT,False
2024-12-01,CORN,CORN,202.8299610267858,,,,alpha_vantage,CORN,benchmark_price,USD,INDEX_OR_PROVIDER_UNIT,False
2025-01-01,CORN,CORN,214.3599267857142,,,,alpha_vantage,CORN,benchmark_price,USD,INDEX_OR_PROVIDER_UNIT,False
2025-02-01,CORN,CORN,221.2545443139097,,,,alpha_vantage,CORN,benchmark_price,USD,INDEX_OR_PROVIDER_UNIT,False
2025-03-01,CORN,CORN,207.7516908163266,,,,alpha_vantage,CORN,benchmark_price,USD,INDEX_OR_PROVIDER_UNIT,False
2025-04-01,CORN,CORN,215.5690933673469,,,,alpha_vantage,CORN,benchmark_price,USD,INDEX_OR_PROVIDER_UNIT,False
2025-05-01,CORN,CORN,204.8084481292517,,,,alpha_vantage,CORN,benchmark_price,USD,INDEX_OR_PROVIDER_UNIT,False
2025-06-01,CORN,CORN,195.7190773214286,,,,alpha_vantage,CORN,benchmark_price,USD,INDEX_OR_PROVIDER_UNIT,False
2025-07-01,CORN,CORN,192.4525892142857,,,,alpha_vantage,CORN,benchmark_price,USD,INDEX_OR_PROVIDER_UNIT,False
2025-08-01,CORN,CORN,183.0247028911564,,,,alpha_vantage,CORN,benchmark_price,USD,INDEX_OR_PROVIDER_UNIT,False
2025-09-01,CORN,CORN,196.1459412448979,,,,alpha_vantage,CORN,benchmark_price,USD,INDEX_OR_PROVIDER_UNIT,False
2025-10-01,CORN,CORN,198.0176441964286,,,,alpha_vantage,CORN,benchmark_price,USD,INDEX_OR_PROVIDER_UNIT,False
2025-11-01,CORN,CORN,201.6578882352942,,,,alpha_vantage,CORN,benchmark_price,USD,INDEX_OR_PROVIDER_UNIT,False
2025-12-01,CORN,CORN,205.3150795535714,,,,alpha_vantage,CORN,benchmark_price,USD,INDEX_OR_PROVIDER_UNIT,False
2026-01-01,CORN,CORN,203.8978238392856,,,,alpha_vantage,CORN,benchmark_price,USD,INDEX_OR_PROVIDER_UNIT,False
2026-02-01,CORN,CORN,210.6354865131578,,,,alpha_vantage,CORN,benchmark_price,USD,INDEX_OR_PROVIDER_UNIT,False
2026-03-01,CORN,CORN,213.3041428571428,,,,alpha_vantage,CORN,benchmark_price,USD,INDEX_OR_PROVIDER_UNIT,False
2026-04-01,CORN,CORN,214.5239610119047,,,,alpha_vantage,CORN,benchmark_price,USD,INDEX_OR_PROVIDER_UNIT,False
2026-05-01,CORN,CORN,215.6206469812925,,,,alpha_vantage,CORN,benchmark_price,USD,INDEX_OR_PROVIDER_UNIT,False
2026-06-01,CORN,CORN,195.7818789965986,,,,alpha_vantage,CORN,benchmark_price,USD,INDEX_OR_PROVIDER_UNIT,False
2015-01-01,COTTON,COTTON,67.35,,,,alpha_vantage,COTTON,benchmark_price,USD,INDEX_OR_PROVIDER_UNIT,False
2015-02-01,COTTON,COTTON,69.8425,,,,alpha_vantage,COTTON,benchmark_price,USD,INDEX_OR_PROVIDER_UNIT,False
2015-03-01,COTTON,COTTON,69.35227272727273,,,,alpha_vantage,COTTON,benchmark_price,USD,INDEX_OR_PROVIDER_UNIT,False
2015-04-01,COTTON,COTTON,71.7025,,,,alpha_vantage,COTTON,benchmark_price,USD,INDEX_OR_PROVIDER_UNIT,False
2015-05-01,COTTON,COTTON,72.86315789473684,,,,alpha_vantage,COTTON,benchmark_price,USD,INDEX_OR_PROVIDER_UNIT,False
2015-06-01,COTTON,COTTON,72.35227272727273,,,,alpha_vantage,COTTON,benchmark_price,USD,INDEX_OR_PROVIDER_UNIT,False
2015-07-01,COTTON,COTTON,72.34782608695652,,,,alpha_vantage,COTTON,benchmark_price,USD,INDEX_OR_PROVIDER_UNIT,False
2015-08-01,COTTON,COTTON,71.8225,,,,alpha_vantage,COTTON,benchmark_price,USD,INDEX_OR_PROVIDER_UNIT,False
2015-09-01,COTTON,COTTON,68.73636363636363,,,,alpha_vantage,COTTON,benchmark_price,USD,INDEX_OR_PROVIDER_UNIT,False
2015-10-01,COTTON,COTTON,69.02727272727273,,,,alpha_vantage,COTTON,benchmark_price,USD,INDEX_OR_PROVIDER_UNIT,False
2015-11-01,COTTON,COTTON,69.22142857142858,,,,alpha_vantage,COTTON,benchmark_price,USD,INDEX_OR_PROVIDER_UNIT,False
2015-12-01,COTTON,COTTON,70.38809523809525,,,,alpha_vantage,COTTON,benchmark_price,USD,INDEX_OR_PROVIDER_UNIT,False
2016-01-01,COTTON,COTTON,68.75,,,,alpha_vantage,COTTON,benchmark_price,USD,INDEX_OR_PROVIDER_UNIT,False
2016-02-01,COTTON,COTTON,66.57142857142857,,,,alpha_vantage,COTTON,benchmark_price,USD,INDEX_OR_PROVIDER_UNIT,False
2016-03-01,COTTON,COTTON,65.45714285714286,,,,alpha_vantage,COTTON,benchmark_price,USD,INDEX_OR_PROVIDER_UNIT,False
2016-04-01,COTTON,COTTON,69.27857142857142,,,,alpha_vantage,COTTON,benchmark_price,USD,INDEX_OR_PROVIDER_UNIT,False
2016-05-01,COTTON,COTTON,70.2775,,,,alpha_vantage,COTTON,benchmark_price,USD,INDEX_OR_PROVIDER_UNIT,False
2016-06-01,COTTON,COTTON,74.10227272727273,,,,alpha_vantage,COTTON,benchmark_price,USD,INDEX_OR_PROVIDER_UNIT,False
2016-07-01,COTTON,COTTON,81.06428571428572,,,,alpha_vantage,COTTON,benchmark_price,USD,INDEX_OR_PROVIDER_UNIT,False
2016-08-01,COTTON,COTTON,80.26136363636364,,,,alpha_vantage,COTTON,benchmark_price,USD,INDEX_OR_PROVIDER_UNIT,False
2016-09-01,COTTON,COTTON,77.86136363636363,,,,alpha_vantage,COTTON,benchmark_price,USD,INDEX_OR_PROVIDER_UNIT,False
2016-10-01,COTTON,COTTON,78.51666666666667,,,,alpha_vantage,COTTON,benchmark_price,USD,INDEX_OR_PROVIDER_UNIT,False
2016-11-01,COTTON,COTTON,78.92272727272727,,,,alpha_vantage,COTTON,benchmark_price,USD,INDEX_OR_PROVIDER_UNIT,False
2016-12-01,COTTON,COTTON,79.5025,,,,alpha_vantage,COTTON,benchmark_price,USD,INDEX_OR_PROVIDER_UNIT,False
2017-01-01,COTTON,COTTON,82.33095238095238,,,,alpha_vantage,COTTON,benchmark_price,USD,INDEX_OR_PROVIDER_UNIT,False
2017-02-01,COTTON,COTTON,85.155,,,,alpha_vantage,COTTON,benchmark_price,USD,INDEX_OR_PROVIDER_UNIT,False
2017-03-01,COTTON,COTTON,86.78260869565217,,,,alpha_vantage,COTTON,benchmark_price,USD,INDEX_OR_PROVIDER_UNIT,False
2017-04-01,COTTON,COTTON,87.03611111111111,,,,alpha_vantage,COTTON,benchmark_price,USD,INDEX_OR_PROVIDER_UNIT,False
2017-05-01,COTTON,COTTON,88.63809523809525,,,,alpha_vantage,COTTON,benchmark_price,USD,INDEX_OR_PROVIDER_UNIT,False
2017-06-01,COTTON,COTTON,84.76363636363637,,,,alpha_vantage,COTTON,benchmark_price,USD,INDEX_OR_PROVIDER_UNIT,False
2017-07-01,COTTON,COTTON,84.08809523809524,,,,alpha_vantage,COTTON,benchmark_price,USD,INDEX_OR_PROVIDER_UNIT,False
2017-08-01,COTTON,COTTON,79.3409090909091,,,,alpha_vantage,COTTON,benchmark_price,USD,INDEX_OR_PROVIDER_UNIT,False
2017-09-01,COTTON,COTTON,80.6047619047619,,,,alpha_vantage,COTTON,benchmark_price,USD,INDEX_OR_PROVIDER_UNIT,False
2017-10-01,COTTON,COTTON,78.60454545454544,,,,alpha_vantage,COTTON,benchmark_price,USD,INDEX_OR_PROVIDER_UNIT,False
2017-11-01,COTTON,COTTON,80.41136363636365,,,,alpha_vantage,COTTON,benchmark_price,USD,INDEX_OR_PROVIDER_UNIT,False
2017-12-01,COTTON,COTTON,85.42368421052632,,,,alpha_vantage,COTTON,benchmark_price,USD,INDEX_OR_PROVIDER_UNIT,False
2018-01-01,COTTON,COTTON,91.0568181818182,,,,alpha_vantage,COTTON,benchmark_price,USD,INDEX_OR_PROVIDER_UNIT,False
2018-02-01,COTTON,COTTON,88.2675,,,,alpha_vantage,COTTON,benchmark_price,USD,INDEX_OR_PROVIDER_UNIT,False
2018-03-01,COTTON,COTTON,92.13571428571429,,,,alpha_vantage,COTTON,benchmark_price,USD,INDEX_OR_PROVIDER_UNIT,False
2018-04-01,COTTON,COTTON,92.2375,,,,alpha_vantage,COTTON,benchmark_price,USD,INDEX_OR_PROVIDER_UNIT,False
2018-05-01,COTTON,COTTON,94.47857142857144,,,,alpha_vantage,COTTON,benchmark_price,USD,INDEX_OR_PROVIDER_UNIT,False
2018-06-01,COTTON,COTTON,97.70714285714286,,,,alpha_vantage,COTTON,benchmark_price,USD,INDEX_OR_PROVIDER_UNIT,False
2018-07-01,COTTON,COTTON,96.17954545454543,,,,alpha_vantage,COTTON,benchmark_price,USD,INDEX_OR_PROVIDER_UNIT,False
2018-08-01,COTTON,COTTON,94.55227272727272,,,,alpha_vantage,COTTON,benchmark_price,USD,INDEX_OR_PROVIDER_UNIT,False
2018-09-01,COTTON,COTTON,90.355,,,,alpha_vantage,COTTON,benchmark_price,USD,INDEX_OR_PROVIDER_UNIT,False
2018-10-01,COTTON,COTTON,86.8,,,,alpha_vantage,COTTON,benchmark_price,USD,INDEX_OR_PROVIDER_UNIT,False
2018-11-01,COTTON,COTTON,86.775,,,,alpha_vantage,COTTON,benchmark_price,USD,INDEX_OR_PROVIDER_UNIT,False
2018-12-01,COTTON,COTTON,85.99736842105263,,,,alpha_vantage,COTTON,benchmark_price,USD,INDEX_OR_PROVIDER_UNIT,False
2019-01-01,COTTON,COTTON,82.35454545454544,,,,alpha_vantage,COTTON,benchmark_price,USD,INDEX_OR_PROVIDER_UNIT,False
2019-02-01,COTTON,COTTON,81.15,,,,alpha_vantage,COTTON,benchmark_price,USD,INDEX_OR_PROVIDER_UNIT,False
2019-03-01,COTTON,COTTON,83.80952380952381,,,,alpha_vantage,COTTON,benchmark_price,USD,INDEX_OR_PROVIDER_UNIT,False
2019-04-01,COTTON,COTTON,87.2475,,,,alpha_vantage,COTTON,benchmark_price,USD,INDEX_OR_PROVIDER_UNIT,False
2019-05-01,COTTON,COTTON,80.13809523809525,,,,alpha_vantage,COTTON,benchmark_price,USD,INDEX_OR_PROVIDER_UNIT,False
2019-06-01,COTTON,COTTON,77.65,,,,alpha_vantage,COTTON,benchmark_price,USD,INDEX_OR_PROVIDER_UNIT,False
2019-07-01,COTTON,COTTON,75.5391304347826,,,,alpha_vantage,COTTON,benchmark_price,USD,INDEX_OR_PROVIDER_UNIT,False
2019-08-01,COTTON,COTTON,70.77619047619048,,,,alpha_vantage,COTTON,benchmark_price,USD,INDEX_OR_PROVIDER_UNIT,False
2019-09-01,COTTON,COTTON,71.31190476190476,,,,alpha_vantage,COTTON,benchmark_price,USD,INDEX_OR_PROVIDER_UNIT,False
2019-10-01,COTTON,COTTON,73.88478260869564,,,,alpha_vantage,COTTON,benchmark_price,USD,INDEX_OR_PROVIDER_UNIT,False
2019-11-01,COTTON,COTTON,74.85714285714286,,,,alpha_vantage,COTTON,benchmark_price,USD,INDEX_OR_PROVIDER_UNIT,False
2019-12-01,COTTON,COTTON,75.83,,,,alpha_vantage,COTTON,benchmark_price,USD,INDEX_OR_PROVIDER_UNIT,False
2020-01-01,COTTON,COTTON,79.06818181818181,,,,alpha_vantage,COTTON,benchmark_price,USD,INDEX_OR_PROVIDER_UNIT,False
2020-02-01,COTTON,COTTON,76.5675,,,,alpha_vantage,COTTON,benchmark_price,USD,INDEX_OR_PROVIDER_UNIT,False
2020-03-01,COTTON,COTTON,67.68636363636364,,,,alpha_vantage,COTTON,benchmark_price,USD,INDEX_OR_PROVIDER_UNIT,False
2020-04-01,COTTON,COTTON,63.5325,,,,alpha_vantage,COTTON,benchmark_price,USD,INDEX_OR_PROVIDER_UNIT,False
2020-05-01,COTTON,COTTON,65.70263157894738,,,,alpha_vantage,COTTON,benchmark_price,USD,INDEX_OR_PROVIDER_UNIT,False
2020-06-01,COTTON,COTTON,67.8,,,,alpha_vantage,COTTON,benchmark_price,USD,INDEX_OR_PROVIDER_UNIT,False
2020-07-01,COTTON,COTTON,68.52391304347826,,,,alpha_vantage,COTTON,benchmark_price,USD,INDEX_OR_PROVIDER_UNIT,False
2020-08-01,COTTON,COTTON,70.0,,,,alpha_vantage,COTTON,benchmark_price,USD,INDEX_OR_PROVIDER_UNIT,False
2020-09-01,COTTON,COTTON,70.81363636363636,,,,alpha_vantage,COTTON,benchmark_price,USD,INDEX_OR_PROVIDER_UNIT,False
2020-10-01,COTTON,COTTON,74.81590909090909,,,,alpha_vantage,COTTON,benchmark_price,USD,INDEX_OR_PROVIDER_UNIT,False
2020-11-01,COTTON,COTTON,77.72380952380952,,,,alpha_vantage,COTTON,benchmark_price,USD,INDEX_OR_PROVIDER_UNIT,False
2020-12-01,COTTON,COTTON,81.02142857142857,,,,alpha_vantage,COTTON,benchmark_price,USD,INDEX_OR_PROVIDER_UNIT,False
2021-01-01,COTTON,COTTON,87.235,,,,alpha_vantage,COTTON,benchmark_price,USD,INDEX_OR_PROVIDER_UNIT,False
2021-02-01,COTTON,COTTON,92.76,,,,alpha_vantage,COTTON,benchmark_price,USD,INDEX_OR_PROVIDER_UNIT,False
2021-03-01,COTTON,COTTON,91.45217391304348,,,,alpha_vantage,COTTON,benchmark_price,USD,INDEX_OR_PROVIDER_UNIT,False
2021-04-01,COTTON,COTTON,90.73,,,,alpha_vantage,COTTON,benchmark_price,USD,INDEX_OR_PROVIDER_UNIT,False
2021-05-01,COTTON,COTTON,90.88684210526316,,,,alpha_vantage,COTTON,benchmark_price,USD,INDEX_OR_PROVIDER_UNIT,False
2021-06-01,COTTON,COTTON,94.50454545454544,,,,alpha_vantage,COTTON,benchmark_price,USD,INDEX_OR_PROVIDER_UNIT,False
2021-07-01,COTTON,COTTON,97.7,,,,alpha_vantage,COTTON,benchmark_price,USD,INDEX_OR_PROVIDER_UNIT,False
2021-08-01,COTTON,COTTON,101.3047619047619,,,,alpha_vantage,COTTON,benchmark_price,USD,INDEX_OR_PROVIDER_UNIT,False
2021-09-01,COTTON,COTTON,103.6818181818182,,,,alpha_vantage,COTTON,benchmark_price,USD,INDEX_OR_PROVIDER_UNIT,False
2021-10-01,COTTON,COTTON,117.3833333333333,,,,alpha_vantage,COTTON,benchmark_price,USD,INDEX_OR_PROVIDER_UNIT,False
2021-11-01,COTTON,COTTON,126.5431818181818,,,,alpha_vantage,COTTON,benchmark_price,USD,INDEX_OR_PROVIDER_UNIT,False
2021-12-01,COTTON,COTTON,120.0404761904762,,,,alpha_vantage,COTTON,benchmark_price,USD,INDEX_OR_PROVIDER_UNIT,False
2022-01-01,COTTON,COTTON,132.3325,,,,alpha_vantage,COTTON,benchmark_price,USD,INDEX_OR_PROVIDER_UNIT,False
2022-02-01,COTTON,COTTON,138.405,,,,alpha_vantage,COTTON,benchmark_price,USD,INDEX_OR_PROVIDER_UNIT,False
2022-03-01,COTTON,COTTON,141.1260869565217,,,,alpha_vantage,COTTON,benchmark_price,USD,INDEX_OR_PROVIDER_UNIT,False
2022-04-01,COTTON,COTTON,155.3157894736842,,,,alpha_vantage,COTTON,benchmark_price,USD,INDEX_OR_PROVIDER_UNIT,False
2022-05-01,COTTON,COTTON,163.9795454545455,,,,alpha_vantage,COTTON,benchmark_price,USD,INDEX_OR_PROVIDER_UNIT,False
2022-06-01,COTTON,COTTON,154.4454545454545,,,,alpha_vantage,COTTON,benchmark_price,USD,INDEX_OR_PROVIDER_UNIT,False
2022-07-01,COTTON,COTTON,131.0357142857143,,,,alpha_vantage,COTTON,benchmark_price,USD,INDEX_OR_PROVIDER_UNIT,False
2022-08-01,COTTON,COTTON,124.7586956521739,,,,alpha_vantage,COTTON,benchmark_price,USD,INDEX_OR_PROVIDER_UNIT,False
2022-09-01,COTTON,COTTON,117.9409090909091,,,,alpha_vantage,COTTON,benchmark_price,USD,INDEX_OR_PROVIDER_UNIT,False
2022-10-01,COTTON,COTTON,100.2761904761905,,,,alpha_vantage,COTTON,benchmark_price,USD,INDEX_OR_PROVIDER_UNIT,False
2022-11-01,COTTON,COTTON,101.1659090909091,,,,alpha_vantage,COTTON,benchmark_price,USD,INDEX_OR_PROVIDER_UNIT,False
2022-12-01,COTTON,COTTON,100.8863636363636,,,,alpha_vantage,COTTON,benchmark_price,USD,INDEX_OR_PROVIDER_UNIT,False
2023-01-01,COTTON,COTTON,100.3113636363636,,,,alpha_vantage,COTTON,benchmark_price,USD,INDEX_OR_PROVIDER_UNIT,False
2023-02-01,COTTON,COTTON,99.43,,,,alpha_vantage,COTTON,benchmark_price,USD,INDEX_OR_PROVIDER_UNIT,False
2023-03-01,COTTON,COTTON,95.3913043478261,,,,alpha_vantage,COTTON,benchmark_price,USD,INDEX_OR_PROVIDER_UNIT,False
2023-04-01,COTTON,COTTON,95.1325,,,,alpha_vantage,COTTON,benchmark_price,USD,INDEX_OR_PROVIDER_UNIT,False
2023-05-01,COTTON,COTTON,93.88478260869564,,,,alpha_vantage,COTTON,benchmark_price,USD,INDEX_OR_PROVIDER_UNIT,False
2023-06-01,COTTON,COTTON,92.41818181818182,,,,alpha_vantage,COTTON,benchmark_price,USD,INDEX_OR_PROVIDER_UNIT,False
2023-07-01,COTTON,COTTON,93.26904761904764,,,,alpha_vantage,COTTON,benchmark_price,USD,INDEX_OR_PROVIDER_UNIT,False
2023-08-01,COTTON,COTTON,95.99565217391304,,,,alpha_vantage,COTTON,benchmark_price,USD,INDEX_OR_PROVIDER_UNIT,False
2023-09-01,COTTON,COTTON,97.76904761904764,,,,alpha_vantage,COTTON,benchmark_price,USD,INDEX_OR_PROVIDER_UNIT,False
2023-10-01,COTTON,COTTON,95.68636363636364,,,,alpha_vantage,COTTON,benchmark_price,USD,INDEX_OR_PROVIDER_UNIT,False
2023-11-01,COTTON,COTTON,90.4318181818182,,,,alpha_vantage,COTTON,benchmark_price,USD,INDEX_OR_PROVIDER_UNIT,False
2023-12-01,COTTON,COTTON,90.40714285714286,,,,alpha_vantage,COTTON,benchmark_price,USD,INDEX_OR_PROVIDER_UNIT,False
2024-01-01,COTTON,COTTON,92.10652173913044,,,,alpha_vantage,COTTON,benchmark_price,USD,INDEX_OR_PROVIDER_UNIT,False
2024-02-01,COTTON,COTTON,99.35238095238095,,,,alpha_vantage,COTTON,benchmark_price,USD,INDEX_OR_PROVIDER_UNIT,False
2024-03-01,COTTON,COTTON,99.56428571428572,,,,alpha_vantage,COTTON,benchmark_price,USD,INDEX_OR_PROVIDER_UNIT,False
2024-04-01,COTTON,COTTON,90.60227272727272,,,,alpha_vantage,COTTON,benchmark_price,USD,INDEX_OR_PROVIDER_UNIT,False
2024-05-01,COTTON,COTTON,85.88913043478261,,,,alpha_vantage,COTTON,benchmark_price,USD,INDEX_OR_PROVIDER_UNIT,False
2024-06-01,COTTON,COTTON,83.24,,,,alpha_vantage,COTTON,benchmark_price,USD,INDEX_OR_PROVIDER_UNIT,False
2024-07-01,COTTON,COTTON,81.38260869565217,,,,alpha_vantage,COTTON,benchmark_price,USD,INDEX_OR_PROVIDER_UNIT,False
2024-08-01,COTTON,COTTON,79.92727272727274,,,,alpha_vantage,COTTON,benchmark_price,USD,INDEX_OR_PROVIDER_UNIT,False
2024-09-01,COTTON,COTTON,82.55714285714286,,,,alpha_vantage,COTTON,benchmark_price,USD,INDEX_OR_PROVIDER_UNIT,False
2024-10-01,COTTON,COTTON,83.69347826086957,,,,alpha_vantage,COTTON,benchmark_price,USD,INDEX_OR_PROVIDER_UNIT,False
2024-11-01,COTTON,COTTON,81.55238095238094,,,,alpha_vantage,COTTON,benchmark_price,USD,INDEX_OR_PROVIDER_UNIT,False
2024-12-01,COTTON,COTTON,79.90454545454546,,,,alpha_vantage,COTTON,benchmark_price,USD,INDEX_OR_PROVIDER_UNIT,False
2025-01-01,COTTON,COTTON,78.23695652173913,,,,alpha_vantage,COTTON,benchmark_price,USD,INDEX_OR_PROVIDER_UNIT,False
2025-02-01,COTTON,COTTON,78.0975,,,,alpha_vantage,COTTON,benchmark_price,USD,INDEX_OR_PROVIDER_UNIT,False
2025-03-01,COTTON,COTTON,77.63809523809525,,,,alpha_vantage,COTTON,benchmark_price,USD,INDEX_OR_PROVIDER_UNIT,False
2025-04-01,COTTON,COTTON,78.28181818181818,,,,alpha_vantage,COTTON,benchmark_price,USD,INDEX_OR_PROVIDER_UNIT,False
2025-05-01,COTTON,COTTON,77.98863636363636,,,,alpha_vantage,COTTON,benchmark_price,USD,INDEX_OR_PROVIDER_UNIT,False
2025-06-01,COTTON,COTTON,78.19047619047619,,,,alpha_vantage,COTTON,benchmark_price,USD,INDEX_OR_PROVIDER_UNIT,False
2025-07-01,COTTON,COTTON,78.90652173913043,,,,alpha_vantage,COTTON,benchmark_price,USD,INDEX_OR_PROVIDER_UNIT,False
2025-08-01,COTTON,COTTON,78.57380952380952,,,,alpha_vantage,COTTON,benchmark_price,USD,INDEX_OR_PROVIDER_UNIT,False
2025-09-01,COTTON,COTTON,77.97727272727273,,,,alpha_vantage,COTTON,benchmark_price,USD,INDEX_OR_PROVIDER_UNIT,False
2025-10-01,COTTON,COTTON,75.98434782608696,,,,alpha_vantage,COTTON,benchmark_price,USD,INDEX_OR_PROVIDER_UNIT,False
2025-11-01,COTTON,COTTON,75.28,,,,alpha_vantage,COTTON,benchmark_price,USD,INDEX_OR_PROVIDER_UNIT,False
2025-12-01,COTTON,COTTON,74.06590909090909,,,,alpha_vantage,COTTON,benchmark_price,USD,INDEX_OR_PROVIDER_UNIT,False
2026-01-01,COTTON,COTTON,74.48636363636363,,,,alpha_vantage,COTTON,benchmark_price,USD,INDEX_OR_PROVIDER_UNIT,False
2026-02-01,COTTON,COTTON,73.96,,,,alpha_vantage,COTTON,benchmark_price,USD,INDEX_OR_PROVIDER_UNIT,False
2026-03-01,COTTON,COTTON,76.93863636363636,,,,alpha_vantage,COTTON,benchmark_price,USD,INDEX_OR_PROVIDER_UNIT,False
2026-04-01,COTTON,COTTON,85.58181818181818,,,,alpha_vantage,COTTON,benchmark_price,USD,INDEX_OR_PROVIDER_UNIT,False
2026-05-01,COTTON,COTTON,92.09285714285714,,,,alpha_vantage,COTTON,benchmark_price,USD,INDEX_OR_PROVIDER_UNIT,False
2026-06-01,COTTON,COTTON,86.29318181818182,,,,alpha_vantage,COTTON,benchmark_price,USD,INDEX_OR_PROVIDER_UNIT,False
2015-01-02,NATURAL_GAS,NATURAL_GAS,3.01,,,,alpha_vantage,NATURAL_GAS,benchmark_spot,USD,USD_PER_MMBTU,False
2015-01-05,NATURAL_GAS,NATURAL_GAS,3.22,,,,alpha_vantage,NATURAL_GAS,benchmark_spot,USD,USD_PER_MMBTU,False
2015-01-06,NATURAL_GAS,NATURAL_GAS,2.98,,,,alpha_vantage,NATURAL_GAS,benchmark_spot,USD,USD_PER_MMBTU,False
2015-01-07,NATURAL_GAS,NATURAL_GAS,3.08,,,,alpha_vantage,NATURAL_GAS,benchmark_spot,USD,USD_PER_MMBTU,False
2015-01-08,NATURAL_GAS,NATURAL_GAS,2.92,,,,alpha_vantage,NATURAL_GAS,benchmark_spot,USD,USD_PER_MMBTU,False
2015-01-09,NATURAL_GAS,NATURAL_GAS,2.96,,,,alpha_vantage,NATURAL_GAS,benchmark_spot,USD,USD_PER_MMBTU,False
2015-01-12,NATURAL_GAS,NATURAL_GAS,2.9,,,,alpha_vantage,NATURAL_GAS,benchmark_spot,USD,USD_PER_MMBTU,False
2015-01-13,NATURAL_GAS,NATURAL_GAS,2.92,,,,alpha_vantage,NATURAL_GAS,benchmark_spot,USD,USD_PER_MMBTU,False
2015-01-14,NATURAL_GAS,NATURAL_GAS,3.15,,,,alpha_vantage,NATURAL_GAS,benchmark_spot,USD,USD_PER_MMBTU,False
2015-01-15,NATURAL_GAS,NATURAL_GAS,3.32,,,,alpha_vantage,NATURAL_GAS,benchmark_spot,USD,USD_PER_MMBTU,False
2015-01-16,NATURAL_GAS,NATURAL_GAS,3.11,,,,alpha_vantage,NATURAL_GAS,benchmark_spot,USD,USD_PER_MMBTU,False
2015-01-20,NATURAL_GAS,NATURAL_GAS,2.94,,,,alpha_vantage,NATURAL_GAS,benchmark_spot,USD,USD_PER_MMBTU,False
2015-01-21,NATURAL_GAS,NATURAL_GAS,2.94,,,,alpha_vantage,NATURAL_GAS,benchmark_spot,USD,USD_PER_MMBTU,False
2015-01-22,NATURAL_GAS,NATURAL_GAS,2.95,,,,alpha_vantage,NATURAL_GAS,benchmark_spot,USD,USD_PER_MMBTU,False
2015-01-23,NATURAL_GAS,NATURAL_GAS,2.96,,,,alpha_vantage,NATURAL_GAS,benchmark_spot,USD,USD_PER_MMBTU,False
2015-01-26,NATURAL_GAS,NATURAL_GAS,2.92,,,,alpha_vantage,NATURAL_GAS,benchmark_spot,USD,USD_PER_MMBTU,False
2015-01-27,NATURAL_GAS,NATURAL_GAS,2.96,,,,alpha_vantage,NATURAL_GAS,benchmark_spot,USD,USD_PER_MMBTU,False
2015-01-28,NATURAL_GAS,NATURAL_GAS,2.89,,,,alpha_vantage,NATURAL_GAS,benchmark_spot,USD,USD_PER_MMBTU,False
2015-01-29,NATURAL_GAS,NATURAL_GAS,2.88,,,,alpha_vantage,NATURAL_GAS,benchmark_spot,USD,USD_PER_MMBTU,False
2015-01-30,NATURAL_GAS,NATURAL_GAS,2.88,,,,alpha_vantage,NATURAL_GAS,benchmark_spot,USD,USD_PER_MMBTU,False
2015-02-02,NATURAL_GAS,NATURAL_GAS,2.88,,,,alpha_vantage,NATURAL_GAS,benchmark_spot,USD,USD_PER_MMBTU,False
2015-02-03,NATURAL_GAS,NATURAL_GAS,2.67,,,,alpha_vantage,NATURAL_GAS,benchmark_spot,USD,USD_PER_MMBTU,False
2015-02-04,NATURAL_GAS,NATURAL_GAS,2.73,,,,alpha_vantage,NATURAL_GAS,benchmark_spot,USD,USD_PER_MMBTU,False
2015-02-05,NATURAL_GAS,NATURAL_GAS,2.66,,,,alpha_vantage,NATURAL_GAS,benchmark_spot,USD,USD_PER_MMBTU,False
2015-02-06,NATURAL_GAS,NATURAL_GAS,2.66,,,,alpha_vantage,NATURAL_GAS,benchmark_spot,USD,USD_PER_MMBTU,False
2015-02-09,NATURAL_GAS,NATURAL_GAS,2.62,,,,alpha_vantage,NATURAL_GAS,benchmark_spot,USD,USD_PER_MMBTU,False
2015-02-10,NATURAL_GAS,NATURAL_GAS,2.67,,,,alpha_vantage,NATURAL_GAS,benchmark_spot,USD,USD_PER_MMBTU,False
2015-02-11,NATURAL_GAS,NATURAL_GAS,2.86,,,,alpha_vantage,NATURAL_GAS,benchmark_spot,USD,USD_PER_MMBTU,False
2015-02-12,NATURAL_GAS,NATURAL_GAS,2.86,,,,alpha_vantage,NATURAL_GAS,benchmark_spot,USD,USD_PER_MMBTU,False
2015-02-13,NATURAL_GAS,NATURAL_GAS,2.75,,,,alpha_vantage,NATURAL_GAS,benchmark_spot,USD,USD_PER_MMBTU,False
2015-02-17,NATURAL_GAS,NATURAL_GAS,2.75,,,,alpha_vantage,NATURAL_GAS,benchmark_spot,USD,USD_PER_MMBTU,False
2015-02-18,NATURAL_GAS,NATURAL_GAS,2.92,,,,alpha_vantage,NATURAL_GAS,benchmark_spot,USD,USD_PER_MMBTU,False
2015-02-19,NATURAL_GAS,NATURAL_GAS,2.92,,,,alpha_vantage,NATURAL_GAS,benchmark_spot,USD,USD_PER_MMBTU,False
2015-02-20,NATURAL_GAS,NATURAL_GAS,3.02,,,,alpha_vantage,NATURAL_GAS,benchmark_spot,USD,USD_PER_MMBTU,False
2015-02-23,NATURAL_GAS,NATURAL_GAS,3.22,,,,alpha_vantage,NATURAL_GAS,benchmark_spot,USD,USD_PER_MMBTU,False
2015-02-24,NATURAL_GAS,NATURAL_GAS,3.22,,,,alpha_vantage,NATURAL_GAS,benchmark_spot,USD,USD_PER_MMBTU,False
2015-02-25,NATURAL_GAS,NATURAL_GAS,3.21,,,,alpha_vantage,NATURAL_GAS,benchmark_spot,USD,USD_PER_MMBTU,False
2015-02-26,NATURAL_GAS,NATURAL_GAS,3.21,,,,alpha_vantage,NATURAL_GAS,benchmark_spot,USD,USD_PER_MMBTU,False
2015-02-27,NATURAL_GAS,NATURAL_GAS,2.79,,,,alpha_vantage,NATURAL_GAS,benchmark_spot,USD,USD_PER_MMBTU,False
2015-03-02,NATURAL_GAS,NATURAL_GAS,2.79,,,,alpha_vantage,NATURAL_GAS,benchmark_spot,USD,USD_PER_MMBTU,False
2015-03-03,NATURAL_GAS,NATURAL_GAS,3.0,,,,alpha_vantage,NATURAL_GAS,benchmark_spot,USD,USD_PER_MMBTU,False
2015-03-04,NATURAL_GAS,NATURAL_GAS,3.27,,,,alpha_vantage,NATURAL_GAS,benchmark_spot,USD,USD_PER_MMBTU,False
2015-03-05,NATURAL_GAS,NATURAL_GAS,3.27,,,,alpha_vantage,NATURAL_GAS,benchmark_spot,USD,USD_PER_MMBTU,False
2015-03-06,NATURAL_GAS,NATURAL_GAS,2.89,,,,alpha_vantage,NATURAL_GAS,benchmark_spot,USD,USD_PER_MMBTU,False
2015-03-09,NATURAL_GAS,NATURAL_GAS,2.75,,,,alpha_vantage,NATURAL_GAS,benchmark_spot,USD,USD_PER_MMBTU,False
2015-03-10,NATURAL_GAS,NATURAL_GAS,2.76,,,,alpha_vantage,NATURAL_GAS,benchmark_spot,USD,USD_PER_MMBTU,False
2015-03-11,NATURAL_GAS,NATURAL_GAS,2.76,,,,alpha_vantage,NATURAL_GAS,benchmark_spot,USD,USD_PER_MMBTU,False
2015-03-12,NATURAL_GAS,NATURAL_GAS,2.82,,,,alpha_vantage,NATURAL_GAS,benchmark_spot,USD,USD_PER_MMBTU,False
2015-03-13,NATURAL_GAS,NATURAL_GAS,2.72,,,,alpha_vantage,NATURAL_GAS,benchmark_spot,USD,USD_PER_MMBTU,False
2015-03-16,NATURAL_GAS,NATURAL_GAS,2.68,,,,alpha_vantage,NATURAL_GAS,benchmark_spot,USD,USD_PER_MMBTU,False
2015-03-17,NATURAL_GAS,NATURAL_GAS,2.82,,,,alpha_vantage,NATURAL_GAS,benchmark_spot,USD,USD_PER_MMBTU,False
2015-03-18,NATURAL_GAS,NATURAL_GAS,2.8,,,,alpha_vantage,NATURAL_GAS,benchmark_spot,USD,USD_PER_MMBTU,False
2015-03-19,NATURAL_GAS,NATURAL_GAS,2.86,,,,alpha_vantage,NATURAL_GAS,benchmark_spot,USD,USD_PER_MMBTU,False
2015-03-20,NATURAL_GAS,NATURAL_GAS,2.86,,,,alpha_vantage,NATURAL_GAS,benchmark_spot,USD,USD_PER_MMBTU,False
2015-03-23,NATURAL_GAS,NATURAL_GAS,2.72,,,,alpha_vantage,NATURAL_GAS,benchmark_spot,USD,USD_PER_MMBTU,False
2015-03-24,NATURAL_GAS,NATURAL_GAS,2.79,,,,alpha_vantage,NATURAL_GAS,benchmark_spot,USD,USD_PER_MMBTU,False
2015-03-25,NATURAL_GAS,NATURAL_GAS,2.77,,,,alpha_vantage,NATURAL_GAS,benchmark_spot,USD,USD_PER_MMBTU,False
2015-03-26,NATURAL_GAS,NATURAL_GAS,2.77,,,,alpha_vantage,NATURAL_GAS,benchmark_spot,USD,USD_PER_MMBTU,False
2015-03-27,NATURAL_GAS,NATURAL_GAS,2.89,,,,alpha_vantage,NATURAL_GAS,benchmark_spot,USD,USD_PER_MMBTU,False
2015-03-30,NATURAL_GAS,NATURAL_GAS,2.64,,,,alpha_vantage,NATURAL_GAS,benchmark_spot,USD,USD_PER_MMBTU,False
2015-03-31,NATURAL_GAS,NATURAL_GAS,2.65,,,,alpha_vantage,NATURAL_GAS,benchmark_spot,USD,USD_PER_MMBTU,False
2015-04-01,NATURAL_GAS,NATURAL_GAS,2.62,,,,alpha_vantage,NATURAL_GAS,benchmark_spot,USD,USD_PER_MMBTU,False
2015-04-02,NATURAL_GAS,NATURAL_GAS,2.63,,,,alpha_vantage,NATURAL_GAS,benchmark_spot,USD,USD_PER_MMBTU,False
2015-04-06,NATURAL_GAS,NATURAL_GAS,2.63,,,,alpha_vantage,NATURAL_GAS,benchmark_spot,USD,USD_PER_MMBTU,False
2015-04-07,NATURAL_GAS,NATURAL_GAS,2.71,,,,alpha_vantage,NATURAL_GAS,benchmark_spot,USD,USD_PER_MMBTU,False
2015-04-08,NATURAL_GAS,NATURAL_GAS,2.71,,,,alpha_vantage,NATURAL_GAS,benchmark_spot,USD,USD_PER_MMBTU,False
2015-04-09,NATURAL_GAS,NATURAL_GAS,2.72,,,,alpha_vantage,NATURAL_GAS,benchmark_spot,USD,USD_PER_MMBTU,False
2015-04-10,NATURAL_GAS,NATURAL_GAS,2.58,,,,alpha_vantage,NATURAL_GAS,benchmark_spot,USD,USD_PER_MMBTU,False
2015-04-13,NATURAL_GAS,NATURAL_GAS,2.58,,,,alpha_vantage,NATURAL_GAS,benchmark_spot,USD,USD_PER_MMBTU,False
2015-04-14,NATURAL_GAS,NATURAL_GAS,2.58,,,,alpha_vantage,NATURAL_GAS,benchmark_spot,USD,USD_PER_MMBTU,False
2015-04-15,NATURAL_GAS,NATURAL_GAS,2.62,,,,alpha_vantage,NATURAL_GAS,benchmark_spot,USD,USD_PER_MMBTU,False
2015-04-16,NATURAL_GAS,NATURAL_GAS,2.61,,,,alpha_vantage,NATURAL_GAS,benchmark_spot,USD,USD_PER_MMBTU,False
2015-04-17,NATURAL_GAS,NATURAL_GAS,2.67,,,,alpha_vantage,NATURAL_GAS,benchmark_spot,USD,USD_PER_MMBTU,False
2015-04-20,NATURAL_GAS,NATURAL_GAS,2.57,,,,alpha_vantage,NATURAL_GAS,benchmark_spot,USD,USD_PER_MMBTU,False
2015-04-21,NATURAL_GAS,NATURAL_GAS,2.59,,,,alpha_vantage,NATURAL_GAS,benchmark_spot,USD,USD_PER_MMBTU,False
2015-04-22,NATURAL_GAS,NATURAL_GAS,2.63,,,,alpha_vantage,NATURAL_GAS,benchmark_spot,USD,USD_PER_MMBTU,False
2015-04-23,NATURAL_GAS,NATURAL_GAS,2.59,,,,alpha_vantage,NATURAL_GAS,benchmark_spot,USD,USD_PER_MMBTU,False
2015-04-24,NATURAL_GAS,NATURAL_GAS,2.59,,,,alpha_vantage,NATURAL_GAS,benchmark_spot,USD,USD_PER_MMBTU,False
2015-04-27,NATURAL_GAS,NATURAL_GAS,2.5,,,,alpha_vantage,NATURAL_GAS,benchmark_spot,USD,USD_PER_MMBTU,False
2015-04-28,NATURAL_GAS,NATURAL_GAS,2.55,,,,alpha_vantage,NATURAL_GAS,benchmark_spot,USD,USD_PER_MMBTU,False
2015-04-29,NATURAL_GAS,NATURAL_GAS,2.55,,,,alpha_vantage,NATURAL_GAS,benchmark_spot,USD,USD_PER_MMBTU,False
2015-04-30,NATURAL_GAS,NATURAL_GAS,2.56,,,,alpha_vantage,NATURAL_GAS,benchmark_spot,USD,USD_PER_MMBTU,False
2015-05-01,NATURAL_GAS,NATURAL_GAS,2.68,,,,alpha_vantage,NATURAL_GAS,benchmark_spot,USD,USD_PER_MMBTU,False
2015-05-04,NATURAL_GAS,NATURAL_GAS,2.72,,,,alpha_vantage,NATURAL_GAS,benchmark_spot,USD,USD_PER_MMBTU,False
2015-05-05,NATURAL_GAS,NATURAL_GAS,2.76,,,,alpha_vantage,NATURAL_GAS,benchmark_spot,USD,USD_PER_MMBTU,False
2015-05-06,NATURAL_GAS,NATURAL_GAS,2.76,,,,alpha_vantage,NATURAL_GAS,benchmark_spot,USD,USD_PER_MMBTU,False
2015-05-07,NATURAL_GAS,NATURAL_GAS,2.74,,,,alpha_vantage,NATURAL_GAS,benchmark_spot,USD,USD_PER_MMBTU,False
2015-05-08,NATURAL_GAS,NATURAL_GAS,2.78,,,,alpha_vantage,NATURAL_GAS,benchmark_spot,USD,USD_PER_MMBTU,False
2015-05-11,NATURAL_GAS,NATURAL_GAS,2.85,,,,alpha_vantage,NATURAL_GAS,benchmark_spot,USD,USD_PER_MMBTU,False
2015-05-12,NATURAL_GAS,NATURAL_GAS,2.85,,,,alpha_vantage,NATURAL_GAS,benchmark_spot,USD,USD_PER_MMBTU,False
2015-05-13,NATURAL_GAS,NATURAL_GAS,2.85,,,,alpha_vantage,NATURAL_GAS,benchmark_spot,USD,USD_PER_MMBTU,False
2015-05-14,NATURAL_GAS,NATURAL_GAS,2.87,,,,alpha_vantage,NATURAL_GAS,benchmark_spot,USD,USD_PER_MMBTU,False
2015-05-15,NATURAL_GAS,NATURAL_GAS,2.96,,,,alpha_vantage,NATURAL_GAS,benchmark_spot,USD,USD_PER_MMBTU,False
2015-05-18,NATURAL_GAS,NATURAL_GAS,3.01,,,,alpha_vantage,NATURAL_GAS,benchmark_spot,USD,USD_PER_MMBTU,False
2015-05-19,NATURAL_GAS,NATURAL_GAS,3.01,,,,alpha_vantage,NATURAL_GAS,benchmark_spot,USD,USD_PER_MMBTU,False
2015-05-20,NATURAL_GAS,NATURAL_GAS,3.04,,,,alpha_vantage,NATURAL_GAS,benchmark_spot,USD,USD_PER_MMBTU,False
2015-05-21,NATURAL_GAS,NATURAL_GAS,2.96,,,,alpha_vantage,NATURAL_GAS,benchmark_spot,USD,USD_PER_MMBTU,False
2015-05-22,NATURAL_GAS,NATURAL_GAS,2.96,,,,alpha_vantage,NATURAL_GAS,benchmark_spot,USD,USD_PER_MMBTU,False
2015-05-26,NATURAL_GAS,NATURAL_GAS,2.82,,,,alpha_vantage,NATURAL_GAS,benchmark_spot,USD,USD_PER_MMBTU,False
2015-05-27,NATURAL_GAS,NATURAL_GAS,2.82,,,,alpha_vantage,NATURAL_GAS,benchmark_spot,USD,USD_PER_MMBTU,False
2015-05-28,NATURAL_GAS,NATURAL_GAS,2.78,,,,alpha_vantage,NATURAL_GAS,benchmark_spot,USD,USD_PER_MMBTU,False
2015-05-29,NATURAL_GAS,NATURAL_GAS,2.78,,,,alpha_vantage,NATURAL_GAS,benchmark_spot,USD,USD_PER_MMBTU,False
2015-06-01,NATURAL_GAS,NATURAL_GAS,2.78,,,,alpha_vantage,NATURAL_GAS,benchmark_spot,USD,USD_PER_MMBTU,False
2015-06-02,NATURAL_GAS,NATURAL_GAS,2.63,,,,alpha_vantage,NATURAL_GAS,benchmark_spot,USD,USD_PER_MMBTU,False
2015-06-03,NATURAL_GAS,NATURAL_GAS,2.65,,,,alpha_vantage,NATURAL_GAS,benchmark_spot,USD,USD_PER_MMBTU,False
2015-06-04,NATURAL_GAS,NATURAL_GAS,2.6,,,,alpha_vantage,NATURAL_GAS,benchmark_spot,USD,USD_PER_MMBTU,False
2015-06-05,NATURAL_GAS,NATURAL_GAS,2.6,,,,alpha_vantage,NATURAL_GAS,benchmark_spot,USD,USD_PER_MMBTU,False
2015-06-08,NATURAL_GAS,NATURAL_GAS,2.6,,,,alpha_vantage,NATURAL_GAS,benchmark_spot,USD,USD_PER_MMBTU,False
2015-06-09,NATURAL_GAS,NATURAL_GAS,2.72,,,,alpha_vantage,NATURAL_GAS,benchmark_spot,USD,USD_PER_MMBTU,False
2015-06-10,NATURAL_GAS,NATURAL_GAS,2.81,,,,alpha_vantage,NATURAL_GAS,benchmark_spot,USD,USD_PER_MMBTU,False
2015-06-11,NATURAL_GAS,NATURAL_GAS,2.88,,,,alpha_vantage,NATURAL_GAS,benchmark_spot,USD,USD_PER_MMBTU,False
2015-06-12,NATURAL_GAS,NATURAL_GAS,2.88,,,,alpha_vantage,NATURAL_GAS,benchmark_spot,USD,USD_PER_MMBTU,False
2015-06-15,NATURAL_GAS,NATURAL_GAS,2.89,,,,alpha_vantage,NATURAL_GAS,benchmark_spot,USD,USD_PER_MMBTU,False
2015-06-16,NATURAL_GAS,NATURAL_GAS,2.94,,,,alpha_vantage,NATURAL_GAS,benchmark_spot,USD,USD_PER_MMBTU,False
2015-06-17,NATURAL_GAS,NATURAL_GAS,2.93,,,,alpha_vantage,NATURAL_GAS,benchmark_spot,USD,USD_PER_MMBTU,False
2015-06-18,NATURAL_GAS,NATURAL_GAS,2.93,,,,alpha_vantage,NATURAL_GAS,benchmark_spot,USD,USD_PER_MMBTU,False
2015-06-19,NATURAL_GAS,NATURAL_GAS,2.81,,,,alpha_vantage,NATURAL_GAS,benchmark_spot,USD,USD_PER_MMBTU,False
2015-06-22,NATURAL_GAS,NATURAL_GAS,2.79,,,,alpha_vantage,NATURAL_GAS,benchmark_spot,USD,USD_PER_MMBTU,False
2015-06-23,NATURAL_GAS,NATURAL_GAS,2.83,,,,alpha_vantage,NATURAL_GAS,benchmark_spot,USD,USD_PER_MMBTU,False
2015-06-24,NATURAL_GAS,NATURAL_GAS,2.83,,,,alpha_vantage,NATURAL_GAS,benchmark_spot,USD,USD_PER_MMBTU,False
2015-06-25,NATURAL_GAS,NATURAL_GAS,2.8,,,,alpha_vantage,NATURAL_GAS,benchmark_spot,USD,USD_PER_MMBTU,False
2015-06-26,NATURAL_GAS,NATURAL_GAS,2.77,,,,alpha_vantage,NATURAL_GAS,benchmark_spot,USD,USD_PER_MMBTU,False
2015-06-29,NATURAL_GAS,NATURAL_GAS,2.77,,,,alpha_vantage,NATURAL_GAS,benchmark_spot,USD,USD_PER_MMBTU,False
2015-06-30,NATURAL_GAS,NATURAL_GAS,2.8,,,,alpha_vantage,NATURAL_GAS,benchmark_spot,USD,USD_PER_MMBTU,False
2015-07-01,NATURAL_GAS,NATURAL_GAS,2.78,,,,alpha_vantage,NATURAL_GAS,benchmark_spot,USD,USD_PER_MMBTU,False
2015-07-02,NATURAL_GAS,NATURAL_GAS,2.79,,,,alpha_vantage,NATURAL_GAS,benchmark_spot,USD,USD_PER_MMBTU,False
2015-07-03,NATURAL_GAS,NATURAL_GAS,2.79,,,,alpha_vantage,NATURAL_GAS,benchmark_spot,USD,USD_PER_MMBTU,False
2015-07-06,NATURAL_GAS,NATURAL_GAS,2.79,,,,alpha_vantage,NATURAL_GAS,benchmark_spot,USD,USD_PER_MMBTU,False
2015-07-07,NATURAL_GAS,NATURAL_GAS,2.77,,,,alpha_vantage,NATURAL_GAS,benchmark_spot,USD,USD_PER_MMBTU,False
2015-07-08,NATURAL_GAS,NATURAL_GAS,2.77,,,,alpha_vantage,NATURAL_GAS,benchmark_spot,USD,USD_PER_MMBTU,False
2015-07-09,NATURAL_GAS,NATURAL_GAS,2.7,,,,alpha_vantage,NATURAL_GAS,benchmark_spot,USD,USD_PER_MMBTU,False
2015-07-10,NATURAL_GAS,NATURAL_GAS,2.7,,,,alpha_vantage,NATURAL_GAS,benchmark_spot,USD,USD_PER_MMBTU,False
2015-07-13,NATURAL_GAS,NATURAL_GAS,2.88,,,,alpha_vantage,NATURAL_GAS,benchmark_spot,USD,USD_PER_MMBTU,False
2015-07-14,NATURAL_GAS,NATURAL_GAS,2.88,,,,alpha_vantage,NATURAL_GAS,benchmark_spot,USD,USD_PER_MMBTU,False
2015-07-15,NATURAL_GAS,NATURAL_GAS,2.93,,,,alpha_vantage,NATURAL_GAS,benchmark_spot,USD,USD_PER_MMBTU,False
2015-07-16,NATURAL_GAS,NATURAL_GAS,2.9,,,,alpha_vantage,NATURAL_GAS,benchmark_spot,USD,USD_PER_MMBTU,False
2015-07-17,NATURAL_GAS,NATURAL_GAS,2.88,,,,alpha_vantage,NATURAL_GAS,benchmark_spot,USD,USD_PER_MMBTU,False
2015-07-20,NATURAL_GAS,NATURAL_GAS,2.88,,,,alpha_vantage,NATURAL_GAS,benchmark_spot,USD,USD_PER_MMBTU,False
2015-07-21,NATURAL_GAS,NATURAL_GAS,2.84,,,,alpha_vantage,NATURAL_GAS,benchmark_spot,USD,USD_PER_MMBTU,False
2015-07-22,NATURAL_GAS,NATURAL_GAS,2.84,,,,alpha_vantage,NATURAL_GAS,benchmark_spot,USD,USD_PER_MMBTU,False
2015-07-23,NATURAL_GAS,NATURAL_GAS,2.92,,,,alpha_vantage,NATURAL_GAS,benchmark_spot,USD,USD_PER_MMBTU,False
2015-07-24,NATURAL_GAS,NATURAL_GAS,2.92,,,,alpha_vantage,NATURAL_GAS,benchmark_spot,USD,USD_PER_MMBTU,False
2015-07-27,NATURAL_GAS,NATURAL_GAS,2.92,,,,alpha_vantage,NATURAL_GAS,benchmark_spot,USD,USD_PER_MMBTU,False
2015-07-28,NATURAL_GAS,NATURAL_GAS,2.89,,,,alpha_vantage,NATURAL_GAS,benchmark_spot,USD,USD_PER_MMBTU,False
2015-07-29,NATURAL_GAS,NATURAL_GAS,2.91,,,,alpha_vantage,NATURAL_GAS,benchmark_spot,USD,USD_PER_MMBTU,False
2015-07-30,NATURAL_GAS,NATURAL_GAS,2.87,,,,alpha_vantage,NATURAL_GAS,benchmark_spot,USD,USD_PER_MMBTU,False
2015-07-31,NATURAL_GAS,NATURAL_GAS,2.76,,,,alpha_vantage,NATURAL_GAS,benchmark_spot,USD,USD_PER_MMBTU,False
2015-08-03,NATURAL_GAS,NATURAL_GAS,2.76,,,,alpha_vantage,NATURAL_GAS,benchmark_spot,USD,USD_PER_MMBTU,False
2015-08-04,NATURAL_GAS,NATURAL_GAS,2.83,,,,alpha_vantage,NATURAL_GAS,benchmark_spot,USD,USD_PER_MMBTU,False
2015-08-05,NATURAL_GAS,NATURAL_GAS,2.85,,,,alpha_vantage,NATURAL_GAS,benchmark_spot,USD,USD_PER_MMBTU,False
2015-08-06,NATURAL_GAS,NATURAL_GAS,2.76,,,,alpha_vantage,NATURAL_GAS,benchmark_spot,USD,USD_PER_MMBTU,False
2015-08-07,NATURAL_GAS,NATURAL_GAS,2.76,,,,alpha_vantage,NATURAL_GAS,benchmark_spot,USD,USD_PER_MMBTU,False
2015-08-10,NATURAL_GAS,NATURAL_GAS,2.85,,,,alpha_vantage,NATURAL_GAS,benchmark_spot,USD,USD_PER_MMBTU,False
2015-08-11,NATURAL_GAS,NATURAL_GAS,2.84,,,,alpha_vantage,NATURAL_GAS,benchmark_spot,USD,USD_PER_MMBTU,False
2015-08-12,NATURAL_GAS,NATURAL_GAS,2.93,,,,alpha_vantage,NATURAL_GAS,benchmark_spot,USD,USD_PER_MMBTU,False
2015-08-13,NATURAL_GAS,NATURAL_GAS,2.93,,,,alpha_vantage,NATURAL_GAS,benchmark_spot,USD,USD_PER_MMBTU,False
2015-08-14,NATURAL_GAS,NATURAL_GAS,2.83,,,,alpha_vantage,NATURAL_GAS,benchmark_spot,USD,USD_PER_MMBTU,False
2015-08-17,NATURAL_GAS,NATURAL_GAS,2.79,,,,alpha_vantage,NATURAL_GAS,benchmark_spot,USD,USD_PER_MMBTU,False
2015-08-18,NATURAL_GAS,NATURAL_GAS,2.71,,,,alpha_vantage,NATURAL_GAS,benchmark_spot,USD,USD_PER_MMBTU,False
2015-08-19,NATURAL_GAS,NATURAL_GAS,2.77,,,,alpha_vantage,NATURAL_GAS,benchmark_spot,USD,USD_PER_MMBTU,False
2015-08-20,NATURAL_GAS,NATURAL_GAS,2.77,,,,alpha_vantage,NATURAL_GAS,benchmark_spot,USD,USD_PER_MMBTU,False
2015-08-21,NATURAL_GAS,NATURAL_GAS,2.7,,,,alpha_vantage,NATURAL_GAS,benchmark_spot,USD,USD_PER_MMBTU,False
2015-08-24,NATURAL_GAS,NATURAL_GAS,2.65,,,,alpha_vantage,NATURAL_GAS,benchmark_spot,USD,USD_PER_MMBTU,False
2015-08-25,NATURAL_GAS,NATURAL_GAS,2.71,,,,alpha_vantage,NATURAL_GAS,benchmark_spot,USD,USD_PER_MMBTU,False
2015-08-26,NATURAL_GAS,NATURAL_GAS,2.73,,,,alpha_vantage,NATURAL_GAS,benchmark_spot,USD,USD_PER_MMBTU,False
2015-08-27,NATURAL_GAS,NATURAL_GAS,2.69,,,,alpha_vantage,NATURAL_GAS,benchmark_spot,USD,USD_PER_MMBTU,False
2015-08-28,NATURAL_GAS,NATURAL_GAS,2.69,,,,alpha_vantage,NATURAL_GAS,benchmark_spot,USD,USD_PER_MMBTU,False
2015-08-31,NATURAL_GAS,NATURAL_GAS,2.7,,,,alpha_vantage,NATURAL_GAS,benchmark_spot,USD,USD_PER_MMBTU,False
2015-09-01,NATURAL_GAS,NATURAL_GAS,2.7,,,,alpha_vantage,NATURAL_GAS,benchmark_spot,USD,USD_PER_MMBTU,False
2015-09-02,NATURAL_GAS,NATURAL_GAS,2.7,,,,alpha_vantage,NATURAL_GAS,benchmark_spot,USD,USD_PER_MMBTU,False
2015-09-03,NATURAL_GAS,NATURAL_GAS,2.67,,,,alpha_vantage,NATURAL_GAS,benchmark_spot,USD,USD_PER_MMBTU,False
2015-09-04,NATURAL_GAS,NATURAL_GAS,2.67,,,,alpha_vantage,NATURAL_GAS,benchmark_spot,USD,USD_PER_MMBTU,False
2015-09-07,NATURAL_GAS,NATURAL_GAS,2.67,,,,alpha_vantage,NATURAL_GAS,benchmark_spot,USD,USD_PER_MMBTU,False
2015-09-08,NATURAL_GAS,NATURAL_GAS,2.74,,,,alpha_vantage,NATURAL_GAS,benchmark_spot,USD,USD_PER_MMBTU,False
2015-09-09,NATURAL_GAS,NATURAL_GAS,2.74,,,,alpha_vantage,NATURAL_GAS,benchmark_spot,USD,USD_PER_MMBTU,False
2015-09-10,NATURAL_GAS,NATURAL_GAS,2.71,,,,alpha_vantage,NATURAL_GAS,benchmark_spot,USD,USD_PER_MMBTU,False
2015-09-11,NATURAL_GAS,NATURAL_GAS,2.67,,,,alpha_vantage,NATURAL_GAS,benchmark_spot,USD,USD_PER_MMBTU,False
2015-09-14,NATURAL_GAS,NATURAL_GAS,2.7,,,,alpha_vantage,NATURAL_GAS,benchmark_spot,USD,USD_PER_MMBTU,False
2015-09-15,NATURAL_GAS,NATURAL_GAS,2.74,,,,alpha_vantage,NATURAL_GAS,benchmark_spot,USD,USD_PER_MMBTU,False
2015-09-16,NATURAL_GAS,NATURAL_GAS,2.69,,,,alpha_vantage,NATURAL_GAS,benchmark_spot,USD,USD_PER_MMBTU,False
2015-09-17,NATURAL_GAS,NATURAL_GAS,2.69,,,,alpha_vantage,NATURAL_GAS,benchmark_spot,USD,USD_PER_MMBTU,False
2015-09-18,NATURAL_GAS,NATURAL_GAS,2.69,,,,alpha_vantage,NATURAL_GAS,benchmark_spot,USD,USD_PER_MMBTU,False
2015-09-21,NATURAL_GAS,NATURAL_GAS,2.61,,,,alpha_vantage,NATURAL_GAS,benchmark_spot,USD,USD_PER_MMBTU,False
2015-09-22,NATURAL_GAS,NATURAL_GAS,2.61,,,,alpha_vantage,NATURAL_GAS,benchmark_spot,USD,USD_PER_MMBTU,False
2015-09-23,NATURAL_GAS,NATURAL_GAS,2.62,,,,alpha_vantage,NATURAL_GAS,benchmark_spot,USD,USD_PER_MMBTU,False
2015-09-24,NATURAL_GAS,NATURAL_GAS,2.62,,,,alpha_vantage,NATURAL_GAS,benchmark_spot,USD,USD_PER_MMBTU,False
2015-09-25,NATURAL_GAS,NATURAL_GAS,2.6,,,,alpha_vantage,NATURAL_GAS,benchmark_spot,USD,USD_PER_MMBTU,False
2015-09-28,NATURAL_GAS,NATURAL_GAS,2.66,,,,alpha_vantage,NATURAL_GAS,benchmark_spot,USD,USD_PER_MMBTU,False
2015-09-29,NATURAL_GAS,NATURAL_GAS,2.57,,,,alpha_vantage,NATURAL_GAS,benchmark_spot,USD,USD_PER_MMBTU,False
2015-09-30,NATURAL_GAS,NATURAL_GAS,2.47,,,,alpha_vantage,NATURAL_GAS,benchmark_spot,USD,USD_PER_MMBTU,False
2015-10-01,NATURAL_GAS,NATURAL_GAS,2.37,,,,alpha_vantage,NATURAL_GAS,benchmark_spot,USD,USD_PER_MMBTU,False
2015-10-02,NATURAL_GAS,NATURAL_GAS,2.37,,,,alpha_vantage,NATURAL_GAS,benchmark_spot,USD,USD_PER_MMBTU,False
2015-10-05,NATURAL_GAS,NATURAL_GAS,2.34,,,,alpha_vantage,NATURAL_GAS,benchmark_spot,USD,USD_PER_MMBTU,False
2015-10-06,NATURAL_GAS,NATURAL_GAS,2.35,,,,alpha_vantage,NATURAL_GAS,benchmark_spot,USD,USD_PER_MMBTU,False
2015-10-07,NATURAL_GAS,NATURAL_GAS,2.35,,,,alpha_vantage,NATURAL_GAS,benchmark_spot,USD,USD_PER_MMBTU,False
2015-10-08,NATURAL_GAS,NATURAL_GAS,2.35,,,,alpha_vantage,NATURAL_GAS,benchmark_spot,USD,USD_PER_MMBTU,False
2015-10-09,NATURAL_GAS,NATURAL_GAS,2.49,,,,alpha_vantage,NATURAL_GAS,benchmark_spot,USD,USD_PER_MMBTU,False
2015-10-12,NATURAL_GAS,NATURAL_GAS,2.48,,,,alpha_vantage,NATURAL_GAS,benchmark_spot,USD,USD_PER_MMBTU,False
2015-10-13,NATURAL_GAS,NATURAL_GAS,2.47,,,,alpha_vantage,NATURAL_GAS,benchmark_spot,USD,USD_PER_MMBTU,False
2015-10-14,NATURAL_GAS,NATURAL_GAS,2.47,,,,alpha_vantage,NATURAL_GAS,benchmark_spot,USD,USD_PER_MMBTU,False
2015-10-15,NATURAL_GAS,NATURAL_GAS,2.54,,,,alpha_vantage,NATURAL_GAS,benchmark_spot,USD,USD_PER_MMBTU,False
2015-10-16,NATURAL_GAS,NATURAL_GAS,2.42,,,,alpha_vantage,NATURAL_GAS,benchmark_spot,USD,USD_PER_MMBTU,False
2015-10-19,NATURAL_GAS,NATURAL_GAS,2.43,,,,alpha_vantage,NATURAL_GAS,benchmark_spot,USD,USD_PER_MMBTU,False
2015-10-20,NATURAL_GAS,NATURAL_GAS,2.46,,,,alpha_vantage,NATURAL_GAS,benchmark_spot,USD,USD_PER_MMBTU,False
2015-10-21,NATURAL_GAS,NATURAL_GAS,2.37,,,,alpha_vantage,NATURAL_GAS,benchmark_spot,USD,USD_PER_MMBTU,False
2015-10-22,NATURAL_GAS,NATURAL_GAS,2.37,,,,alpha_vantage,NATURAL_GAS,benchmark_spot,USD,USD_PER_MMBTU,False
2015-10-23,NATURAL_GAS,NATURAL_GAS,2.28,,,,alpha_vantage,NATURAL_GAS,benchmark_spot,USD,USD_PER_MMBTU,False
2015-10-26,NATURAL_GAS,NATURAL_GAS,2.18,,,,alpha_vantage,NATURAL_GAS,benchmark_spot,USD,USD_PER_MMBTU,False
2015-10-27,NATURAL_GAS,NATURAL_GAS,2.14,,,,alpha_vantage,NATURAL_GAS,benchmark_spot,USD,USD_PER_MMBTU,False
2015-10-28,NATURAL_GAS,NATURAL_GAS,2.14,,,,alpha_vantage,NATURAL_GAS,benchmark_spot,USD,USD_PER_MMBTU,False
2015-10-29,NATURAL_GAS,NATURAL_GAS,2.15,,,,alpha_vantage,NATURAL_GAS,benchmark_spot,USD,USD_PER_MMBTU,False
2015-10-30,NATURAL_GAS,NATURAL_GAS,1.98,,,,alpha_vantage,NATURAL_GAS,benchmark_spot,USD,USD_PER_MMBTU,False
2015-11-02,NATURAL_GAS,NATURAL_GAS,1.92,,,,alpha_vantage,NATURAL_GAS,benchmark_spot,USD,USD_PER_MMBTU,False
2015-11-03,NATURAL_GAS,NATURAL_GAS,1.92,,,,alpha_vantage,NATURAL_GAS,benchmark_spot,USD,USD_PER_MMBTU,False
2015-11-04,NATURAL_GAS,NATURAL_GAS,2.04,,,,alpha_vantage,NATURAL_GAS,benchmark_spot,USD,USD_PER_MMBTU,False
2015-11-05,NATURAL_GAS,NATURAL_GAS,2.04,,,,alpha_vantage,NATURAL_GAS,benchmark_spot,USD,USD_PER_MMBTU,False
2015-11-06,NATURAL_GAS,NATURAL_GAS,2.19,,,,alpha_vantage,NATURAL_GAS,benchmark_spot,USD,USD_PER_MMBTU,False
2015-11-09,NATURAL_GAS,NATURAL_GAS,2.19,,,,alpha_vantage,NATURAL_GAS,benchmark_spot,USD,USD_PER_MMBTU,False
2015-11-10,NATURAL_GAS,NATURAL_GAS,2.14,,,,alpha_vantage,NATURAL_GAS,benchmark_spot,USD,USD_PER_MMBTU,False
2015-11-11,NATURAL_GAS,NATURAL_GAS,2.13,,,,alpha_vantage,NATURAL_GAS,benchmark_spot,USD,USD_PER_MMBTU,False
2015-11-12,NATURAL_GAS,NATURAL_GAS,2.05,,,,alpha_vantage,NATURAL_GAS,benchmark_spot,USD,USD_PER_MMBTU,False
2015-11-13,NATURAL_GAS,NATURAL_GAS,2.02,,,,alpha_vantage,NATURAL_GAS,benchmark_spot,USD,USD_PER_MMBTU,False
2015-11-16,NATURAL_GAS,NATURAL_GAS,2.02,,,,alpha_vantage,NATURAL_GAS,benchmark_spot,USD,USD_PER_MMBTU,False
2015-11-17,NATURAL_GAS,NATURAL_GAS,2.05,,,,alpha_vantage,NATURAL_GAS,benchmark_spot,USD,USD_PER_MMBTU,False
2015-11-18,NATURAL_GAS,NATURAL_GAS,2.1,,,,alpha_vantage,NATURAL_GAS,benchmark_spot,USD,USD_PER_MMBTU,False
2015-11-19,NATURAL_GAS,NATURAL_GAS,2.1,,,,alpha_vantage,NATURAL_GAS,benchmark_spot,USD,USD_PER_MMBTU,False
2015-11-20,NATURAL_GAS,NATURAL_GAS,2.18,,,,alpha_vantage,NATURAL_GAS,benchmark_spot,USD,USD_PER_MMBTU,False
2015-11-23,NATURAL_GAS,NATURAL_GAS,2.18,,,,alpha_vantage,NATURAL_GAS,benchmark_spot,USD,USD_PER_MMBTU,False
2015-11-24,NATURAL_GAS,NATURAL_GAS,2.14,,,,alpha_vantage,NATURAL_GAS,benchmark_spot,USD,USD_PER_MMBTU,False
2015-11-25,NATURAL_GAS,NATURAL_GAS,2.14,,,,alpha_vantage,NATURAL_GAS,benchmark_spot,USD,USD_PER_MMBTU,False
2015-11-26,NATURAL_GAS,NATURAL_GAS,2.14,,,,alpha_vantage,NATURAL_GAS,benchmark_spot,USD,USD_PER_MMBTU,False
2015-11-27,NATURAL_GAS,NATURAL_GAS,2.14,,,,alpha_vantage,NATURAL_GAS,benchmark_spot,USD,USD_PER_MMBTU,False
2015-11-30,NATURAL_GAS,NATURAL_GAS,2.11,,,,alpha_vantage,NATURAL_GAS,benchmark_spot,USD,USD_PER_MMBTU,False
2015-12-01,NATURAL_GAS,NATURAL_GAS,2.11,,,,alpha_vantage,NATURAL_GAS,benchmark_spot,USD,USD_PER_MMBTU,False
2015-12-02,NATURAL_GAS,NATURAL_GAS,2.19,,,,alpha_vantage,NATURAL_GAS,benchmark_spot,USD,USD_PER_MMBTU,False
2015-12-03,NATURAL_GAS,NATURAL_GAS,2.14,,,,alpha_vantage,NATURAL_GAS,benchmark_spot,USD,USD_PER_MMBTU,False
2015-12-04,NATURAL_GAS,NATURAL_GAS,2.1,,,,alpha_vantage,NATURAL_GAS,benchmark_spot,USD,USD_PER_MMBTU,False
2015-12-07,NATURAL_GAS,NATURAL_GAS,2.06,,,,alpha_vantage,NATURAL_GAS,benchmark_spot,USD,USD_PER_MMBTU,False
2015-12-08,NATURAL_GAS,NATURAL_GAS,2.01,,,,alpha_vantage,NATURAL_GAS,benchmark_spot,USD,USD_PER_MMBTU,False
2015-12-09,NATURAL_GAS,NATURAL_GAS,2.0,,,,alpha_vantage,NATURAL_GAS,benchmark_spot,USD,USD_PER_MMBTU,False
2015-12-10,NATURAL_GAS,NATURAL_GAS,1.95,,,,alpha_vantage,NATURAL_GAS,benchmark_spot,USD,USD_PER_MMBTU,False
2015-12-11,NATURAL_GAS,NATURAL_GAS,1.79,,,,alpha_vantage,NATURAL_GAS,benchmark_spot,USD,USD_PER_MMBTU,False
2015-12-14,NATURAL_GAS,NATURAL_GAS,1.7,,,,alpha_vantage,NATURAL_GAS,benchmark_spot,USD,USD_PER_MMBTU,False
2015-12-15,NATURAL_GAS,NATURAL_GAS,1.66,,,,alpha_vantage,NATURAL_GAS,benchmark_spot,USD,USD_PER_MMBTU,False
2015-12-16,NATURAL_GAS,NATURAL_GAS,1.7,,,,alpha_vantage,NATURAL_GAS,benchmark_spot,USD,USD_PER_MMBTU,False
2015-12-17,NATURAL_GAS,NATURAL_GAS,1.79,,,,alpha_vantage,NATURAL_GAS,benchmark_spot,USD,USD_PER_MMBTU,False
2015-12-18,NATURAL_GAS,NATURAL_GAS,1.74,,,,alpha_vantage,NATURAL_GAS,benchmark_spot,USD,USD_PER_MMBTU,False
2015-12-21,NATURAL_GAS,NATURAL_GAS,1.76,,,,alpha_vantage,NATURAL_GAS,benchmark_spot,USD,USD_PER_MMBTU,False
2015-12-22,NATURAL_GAS,NATURAL_GAS,1.73,,,,alpha_vantage,NATURAL_GAS,benchmark_spot,USD,USD_PER_MMBTU,False
2015-12-23,NATURAL_GAS,NATURAL_GAS,1.63,,,,alpha_vantage,NATURAL_GAS,benchmark_spot,USD,USD_PER_MMBTU,False
2015-12-24,NATURAL_GAS,NATURAL_GAS,1.63,,,,alpha_vantage,NATURAL_GAS,benchmark_spot,USD,USD_PER_MMBTU,False
2015-12-25,NATURAL_GAS,NATURAL_GAS,1.63,,,,alpha_vantage,NATURAL_GAS,benchmark_spot,USD,USD_PER_MMBTU,False
2015-12-28,NATURAL_GAS,NATURAL_GAS,2.11,,,,alpha_vantage,NATURAL_GAS,benchmark_spot,USD,USD_PER_MMBTU,False
2015-12-29,NATURAL_GAS,NATURAL_GAS,2.39,,,,alpha_vantage,NATURAL_GAS,benchmark_spot,USD,USD_PER_MMBTU,False
2015-12-30,NATURAL_GAS,NATURAL_GAS,2.28,,,,alpha_vantage,NATURAL_GAS,benchmark_spot,USD,USD_PER_MMBTU,False
2015-12-31,NATURAL_GAS,NATURAL_GAS,2.28,,,,alpha_vantage,NATURAL_GAS,benchmark_spot,USD,USD_PER_MMBTU,False
2016-01-01,NATURAL_GAS,NATURAL_GAS,2.28,,,,alpha_vantage,NATURAL_GAS,benchmark_spot,USD,USD_PER_MMBTU,False
2016-01-04,NATURAL_GAS,NATURAL_GAS,2.39,,,,alpha_vantage,NATURAL_GAS,benchmark_spot,USD,USD_PER_MMBTU,False
2016-01-05,NATURAL_GAS,NATURAL_GAS,2.33,,,,alpha_vantage,NATURAL_GAS,benchmark_spot,USD,USD_PER_MMBTU,False
2016-01-06,NATURAL_GAS,NATURAL_GAS,2.37,,,,alpha_vantage,NATURAL_GAS,benchmark_spot,USD,USD_PER_MMBTU,False
2016-01-07,NATURAL_GAS,NATURAL_GAS,2.35,,,,alpha_vantage,NATURAL_GAS,benchmark_spot,USD,USD_PER_MMBTU,False
2016-01-08,NATURAL_GAS,NATURAL_GAS,2.47,,,,alpha_vantage,NATURAL_GAS,benchmark_spot,USD,USD_PER_MMBTU,False
2016-01-11,NATURAL_GAS,NATURAL_GAS,2.54,,,,alpha_vantage,NATURAL_GAS,benchmark_spot,USD,USD_PER_MMBTU,False
2016-01-12,NATURAL_GAS,NATURAL_GAS,2.4,,,,alpha_vantage,NATURAL_GAS,benchmark_spot,USD,USD_PER_MMBTU,False
2016-01-13,NATURAL_GAS,NATURAL_GAS,2.28,,,,alpha_vantage,NATURAL_GAS,benchmark_spot,USD,USD_PER_MMBTU,False
2016-01-14,NATURAL_GAS,NATURAL_GAS,2.21,,,,alpha_vantage,NATURAL_GAS,benchmark_spot,USD,USD_PER_MMBTU,False
2016-01-15,NATURAL_GAS,NATURAL_GAS,2.18,,,,alpha_vantage,NATURAL_GAS,benchmark_spot,USD,USD_PER_MMBTU,False
2016-01-18,NATURAL_GAS,NATURAL_GAS,2.18,,,,alpha_vantage,NATURAL_GAS,benchmark_spot,USD,USD_PER_MMBTU,False
2016-01-19,NATURAL_GAS,NATURAL_GAS,2.23,,,,alpha_vantage,NATURAL_GAS,benchmark_spot,USD,USD_PER_MMBTU,False
2016-01-20,NATURAL_GAS,NATURAL_GAS,2.18,,,,alpha_vantage,NATURAL_GAS,benchmark_spot,USD,USD_PER_MMBTU,False
2016-01-21,NATURAL_GAS,NATURAL_GAS,2.22,,,,alpha_vantage,NATURAL_GAS,benchmark_spot,USD,USD_PER_MMBTU,False
2016-01-22,NATURAL_GAS,NATURAL_GAS,2.21,,,,alpha_vantage,NATURAL_GAS,benchmark_spot,USD,USD_PER_MMBTU,False
2016-01-25,NATURAL_GAS,NATURAL_GAS,2.16,,,,alpha_vantage,NATURAL_GAS,benchmark_spot,USD,USD_PER_MMBTU,False
2016-01-26,NATURAL_GAS,NATURAL_GAS,2.26,,,,alpha_vantage,NATURAL_GAS,benchmark_spot,USD,USD_PER_MMBTU,False
2016-01-27,NATURAL_GAS,NATURAL_GAS,2.26,,,,alpha_vantage,NATURAL_GAS,benchmark_spot,USD,USD_PER_MMBTU,False
2016-01-28,NATURAL_GAS,NATURAL_GAS,2.15,,,,alpha_vantage,NATURAL_GAS,benchmark_spot,USD,USD_PER_MMBTU,False
2016-01-29,NATURAL_GAS,NATURAL_GAS,2.28,,,,alpha_vantage,NATURAL_GAS,benchmark_spot,USD,USD_PER_MMBTU,False
2016-02-01,NATURAL_GAS,NATURAL_GAS,2.28,,,,alpha_vantage,NATURAL_GAS,benchmark_spot,USD,USD_PER_MMBTU,False
2016-02-02,NATURAL_GAS,NATURAL_GAS,2.07,,,,alpha_vantage,NATURAL_GAS,benchmark_spot,USD,USD_PER_MMBTU,False
2016-02-03,NATURAL_GAS,NATURAL_GAS,2.06,,,,alpha_vantage,NATURAL_GAS,benchmark_spot,USD,USD_PER_MMBTU,False
2016-02-04,NATURAL_GAS,NATURAL_GAS,2.07,,,,alpha_vantage,NATURAL_GAS,benchmark_spot,USD,USD_PER_MMBTU,False
2016-02-05,NATURAL_GAS,NATURAL_GAS,2.08,,,,alpha_vantage,NATURAL_GAS,benchmark_spot,USD,USD_PER_MMBTU,False
2016-02-08,NATURAL_GAS,NATURAL_GAS,2.23,,,,alpha_vantage,NATURAL_GAS,benchmark_spot,USD,USD_PER_MMBTU,False
2016-02-09,NATURAL_GAS,NATURAL_GAS,2.17,,,,alpha_vantage,NATURAL_GAS,benchmark_spot,USD,USD_PER_MMBTU,False
2016-02-10,NATURAL_GAS,NATURAL_GAS,2.16,,,,alpha_vantage,NATURAL_GAS,benchmark_spot,USD,USD_PER_MMBTU,False
2016-02-11,NATURAL_GAS,NATURAL_GAS,2.15,,,,alpha_vantage,NATURAL_GAS,benchmark_spot,USD,USD_PER_MMBTU,False
2016-02-12,NATURAL_GAS,NATURAL_GAS,2.08,,,,alpha_vantage,NATURAL_GAS,benchmark_spot,USD,USD_PER_MMBTU,False
2016-02-15,NATURAL_GAS,NATURAL_GAS,2.08,,,,alpha_vantage,NATURAL_GAS,benchmark_spot,USD,USD_PER_MMBTU,False
2016-02-16,NATURAL_GAS,NATURAL_GAS,1.95,,,,alpha_vantage,NATURAL_GAS,benchmark_spot,USD,USD_PER_MMBTU,False
2016-02-17,NATURAL_GAS,NATURAL_GAS,1.93,,,,alpha_vantage,NATURAL_GAS,benchmark_spot,USD,USD_PER_MMBTU,False
2016-02-18,NATURAL_GAS,NATURAL_GAS,1.89,,,,alpha_vantage,NATURAL_GAS,benchmark_spot,USD,USD_PER_MMBTU,False
2016-02-19,NATURAL_GAS,NATURAL_GAS,1.83,,,,alpha_vantage,NATURAL_GAS,benchmark_spot,USD,USD_PER_MMBTU,False
2016-02-22,NATURAL_GAS,NATURAL_GAS,1.86,,,,alpha_vantage,NATURAL_GAS,benchmark_spot,USD,USD_PER_MMBTU,False
2016-02-23,NATURAL_GAS,NATURAL_GAS,1.85,,,,alpha_vantage,NATURAL_GAS,benchmark_spot,USD,USD_PER_MMBTU,False
2016-02-24,NATURAL_GAS,NATURAL_GAS,1.85,,,,alpha_vantage,NATURAL_GAS,benchmark_spot,USD,USD_PER_MMBTU,False
2016-02-25,NATURAL_GAS,NATURAL_GAS,1.78,,,,alpha_vantage,NATURAL_GAS,benchmark_spot,USD,USD_PER_MMBTU,False
2016-02-26,NATURAL_GAS,NATURAL_GAS,1.78,,,,alpha_vantage,NATURAL_GAS,benchmark_spot,USD,USD_PER_MMBTU,False
2016-02-29,NATURAL_GAS,NATURAL_GAS,1.62,,,,alpha_vantage,NATURAL_GAS,benchmark_spot,USD,USD_PER_MMBTU,False
2016-03-01,NATURAL_GAS,NATURAL_GAS,1.57,,,,alpha_vantage,NATURAL_GAS,benchmark_spot,USD,USD_PER_MMBTU,False
2016-03-02,NATURAL_GAS,NATURAL_GAS,1.6,,,,alpha_vantage,NATURAL_GAS,benchmark_spot,USD,USD_PER_MMBTU,False
2016-03-03,NATURAL_GAS,NATURAL_GAS,1.59,,,,alpha_vantage,NATURAL_GAS,benchmark_spot,USD,USD_PER_MMBTU,False
2016-03-04,NATURAL_GAS,NATURAL_GAS,1.49,,,,alpha_vantage,NATURAL_GAS,benchmark_spot,USD,USD_PER_MMBTU,False
2016-03-07,NATURAL_GAS,NATURAL_GAS,1.56,,,,alpha_vantage,NATURAL_GAS,benchmark_spot,USD,USD_PER_MMBTU,False
2016-03-08,NATURAL_GAS,NATURAL_GAS,1.6,,,,alpha_vantage,NATURAL_GAS,benchmark_spot,USD,USD_PER_MMBTU,False
2016-03-09,NATURAL_GAS,NATURAL_GAS,1.61,,,,alpha_vantage,NATURAL_GAS,benchmark_spot,USD,USD_PER_MMBTU,False
2016-03-10,NATURAL_GAS,NATURAL_GAS,1.72,,,,alpha_vantage,NATURAL_GAS,benchmark_spot,USD,USD_PER_MMBTU,False
2016-03-11,NATURAL_GAS,NATURAL_GAS,1.74,,,,alpha_vantage,NATURAL_GAS,benchmark_spot,USD,USD_PER_MMBTU,False
2016-03-14,NATURAL_GAS,NATURAL_GAS,1.68,,,,alpha_vantage,NATURAL_GAS,benchmark_spot,USD,USD_PER_MMBTU,False
2016-03-15,NATURAL_GAS,NATURAL_GAS,1.81,,,,alpha_vantage,NATURAL_GAS,benchmark_spot,USD,USD_PER_MMBTU,False
2016-03-16,NATURAL_GAS,NATURAL_GAS,1.77,,,,alpha_vantage,NATURAL_GAS,benchmark_spot,USD,USD_PER_MMBTU,False
2016-03-17,NATURAL_GAS,NATURAL_GAS,1.84,,,,alpha_vantage,NATURAL_GAS,benchmark_spot,USD,USD_PER_MMBTU,False
2016-03-18,NATURAL_GAS,NATURAL_GAS,1.84,,,,alpha_vantage,NATURAL_GAS,benchmark_spot,USD,USD_PER_MMBTU,False
2016-03-21,NATURAL_GAS,NATURAL_GAS,1.79,,,,alpha_vantage,NATURAL_GAS,benchmark_spot,USD,USD_PER_MMBTU,False
2016-03-22,NATURAL_GAS,NATURAL_GAS,1.79,,,,alpha_vantage,NATURAL_GAS,benchmark_spot,USD,USD_PER_MMBTU,False
2016-03-23,NATURAL_GAS,NATURAL_GAS,1.79,,,,alpha_vantage,NATURAL_GAS,benchmark_spot,USD,USD_PER_MMBTU,False
2016-03-24,NATURAL_GAS,NATURAL_GAS,1.78,,,,alpha_vantage,NATURAL_GAS,benchmark_spot,USD,USD_PER_MMBTU,False
2016-03-25,NATURAL_GAS,NATURAL_GAS,1.78,,,,alpha_vantage,NATURAL_GAS,benchmark_spot,USD,USD_PER_MMBTU,False
2016-03-28,NATURAL_GAS,NATURAL_GAS,1.78,,,,alpha_vantage,NATURAL_GAS,benchmark_spot,USD,USD_PER_MMBTU,False
2016-03-29,NATURAL_GAS,NATURAL_GAS,1.77,,,,alpha_vantage,NATURAL_GAS,benchmark_spot,USD,USD_PER_MMBTU,False
2016-03-30,NATURAL_GAS,NATURAL_GAS,1.87,,,,alpha_vantage,NATURAL_GAS,benchmark_spot,USD,USD_PER_MMBTU,False
2016-03-31,NATURAL_GAS,NATURAL_GAS,1.98,,,,alpha_vantage,NATURAL_GAS,benchmark_spot,USD,USD_PER_MMBTU,False
2016-04-01,NATURAL_GAS,NATURAL_GAS,1.88,,,,alpha_vantage,NATURAL_GAS,benchmark_spot,USD,USD_PER_MMBTU,False
2016-04-04,NATURAL_GAS,NATURAL_GAS,1.96,,,,alpha_vantage,NATURAL_GAS,benchmark_spot,USD,USD_PER_MMBTU,False
2016-04-05,NATURAL_GAS,NATURAL_GAS,1.96,,,,alpha_vantage,NATURAL_GAS,benchmark_spot,USD,USD_PER_MMBTU,False
2016-04-06,NATURAL_GAS,NATURAL_GAS,1.91,,,,alpha_vantage,NATURAL_GAS,benchmark_spot,USD,USD_PER_MMBTU,False
2016-04-07,NATURAL_GAS,NATURAL_GAS,1.96,,,,alpha_vantage,NATURAL_GAS,benchmark_spot,USD,USD_PER_MMBTU,False
2016-04-08,NATURAL_GAS,NATURAL_GAS,1.99,,,,alpha_vantage,NATURAL_GAS,benchmark_spot,USD,USD_PER_MMBTU,False
2016-04-11,NATURAL_GAS,NATURAL_GAS,1.9,,,,alpha_vantage,NATURAL_GAS,benchmark_spot,USD,USD_PER_MMBTU,False
2016-04-12,NATURAL_GAS,NATURAL_GAS,1.97,,,,alpha_vantage,NATURAL_GAS,benchmark_spot,USD,USD_PER_MMBTU,False
2016-04-13,NATURAL_GAS,NATURAL_GAS,2.01,,,,alpha_vantage,NATURAL_GAS,benchmark_spot,USD,USD_PER_MMBTU,False
2016-04-14,NATURAL_GAS,NATURAL_GAS,1.93,,,,alpha_vantage,NATURAL_GAS,benchmark_spot,USD,USD_PER_MMBTU,False
2016-04-15,NATURAL_GAS,NATURAL_GAS,1.71,,,,alpha_vantage,NATURAL_GAS,benchmark_spot,USD,USD_PER_MMBTU,False
2016-04-18,NATURAL_GAS,NATURAL_GAS,1.76,,,,alpha_vantage,NATURAL_GAS,benchmark_spot,USD,USD_PER_MMBTU,False
2016-04-19,NATURAL_GAS,NATURAL_GAS,1.94,,,,alpha_vantage,NATURAL_GAS,benchmark_spot,USD,USD_PER_MMBTU,False
2016-04-20,NATURAL_GAS,NATURAL_GAS,1.94,,,,alpha_vantage,NATURAL_GAS,benchmark_spot,USD,USD_PER_MMBTU,False
2016-04-21,NATURAL_GAS,NATURAL_GAS,1.96,,,,alpha_vantage,NATURAL_GAS,benchmark_spot,USD,USD_PER_MMBTU,False
2016-04-22,NATURAL_GAS,NATURAL_GAS,1.92,,,,alpha_vantage,NATURAL_GAS,benchmark_spot,USD,USD_PER_MMBTU,False
2016-04-25,NATURAL_GAS,NATURAL_GAS,1.97,,,,alpha_vantage,NATURAL_GAS,benchmark_spot,USD,USD_PER_MMBTU,False
2016-04-26,NATURAL_GAS,NATURAL_GAS,1.97,,,,alpha_vantage,NATURAL_GAS,benchmark_spot,USD,USD_PER_MMBTU,False
2016-04-27,NATURAL_GAS,NATURAL_GAS,1.88,,,,alpha_vantage,NATURAL_GAS,benchmark_spot,USD,USD_PER_MMBTU,False
2016-04-28,NATURAL_GAS,NATURAL_GAS,1.88,,,,alpha_vantage,NATURAL_GAS,benchmark_spot,USD,USD_PER_MMBTU,False
2016-04-29,NATURAL_GAS,NATURAL_GAS,1.89,,,,alpha_vantage,NATURAL_GAS,benchmark_spot,USD,USD_PER_MMBTU,False
2016-05-02,NATURAL_GAS,NATURAL_GAS,1.91,,,,alpha_vantage,NATURAL_GAS,benchmark_spot,USD,USD_PER_MMBTU,False
2016-05-03,NATURAL_GAS,NATURAL_GAS,1.94,,,,alpha_vantage,NATURAL_GAS,benchmark_spot,USD,USD_PER_MMBTU,False
2016-05-04,NATURAL_GAS,NATURAL_GAS,2.03,,,,alpha_vantage,NATURAL_GAS,benchmark_spot,USD,USD_PER_MMBTU,False
2016-05-05,NATURAL_GAS,NATURAL_GAS,2.05,,,,alpha_vantage,NATURAL_GAS,benchmark_spot,USD,USD_PER_MMBTU,False
2016-05-06,NATURAL_GAS,NATURAL_GAS,1.86,,,,alpha_vantage,NATURAL_GAS,benchmark_spot,USD,USD_PER_MMBTU,False
2016-05-09,NATURAL_GAS,NATURAL_GAS,2.01,,,,alpha_vantage,NATURAL_GAS,benchmark_spot,USD,USD_PER_MMBTU,False
2016-05-10,NATURAL_GAS,NATURAL_GAS,2.01,,,,alpha_vantage,NATURAL_GAS,benchmark_spot,USD,USD_PER_MMBTU,False
2016-05-11,NATURAL_GAS,NATURAL_GAS,2.01,,,,alpha_vantage,NATURAL_GAS,benchmark_spot,USD,USD_PER_MMBTU,False
2016-05-12,NATURAL_GAS,NATURAL_GAS,2.01,,,,alpha_vantage,NATURAL_GAS,benchmark_spot,USD,USD_PER_MMBTU,False
2016-05-13,NATURAL_GAS,NATURAL_GAS,1.96,,,,alpha_vantage,NATURAL_GAS,benchmark_spot,USD,USD_PER_MMBTU,False
2016-05-16,NATURAL_GAS,NATURAL_GAS,1.91,,,,alpha_vantage,NATURAL_GAS,benchmark_spot,USD,USD_PER_MMBTU,False
2016-05-17,NATURAL_GAS,NATURAL_GAS,1.97,,,,alpha_vantage,NATURAL_GAS,benchmark_spot,USD,USD_PER_MMBTU,False
2016-05-18,NATURAL_GAS,NATURAL_GAS,1.91,,,,alpha_vantage,NATURAL_GAS,benchmark_spot,USD,USD_PER_MMBTU,False
2016-05-19,NATURAL_GAS,NATURAL_GAS,1.83,,,,alpha_vantage,NATURAL_GAS,benchmark_spot,USD,USD_PER_MMBTU,False
2016-05-20,NATURAL_GAS,NATURAL_GAS,1.81,,,,alpha_vantage,NATURAL_GAS,benchmark_spot,USD,USD_PER_MMBTU,False
2016-05-23,NATURAL_GAS,NATURAL_GAS,1.96,,,,alpha_vantage,NATURAL_GAS,benchmark_spot,USD,USD_PER_MMBTU,False
2016-05-24,NATURAL_GAS,NATURAL_GAS,1.91,,,,alpha_vantage,NATURAL_GAS,benchmark_spot,USD,USD_PER_MMBTU,False
2016-05-25,NATURAL_GAS,NATURAL_GAS,1.77,,,,alpha_vantage,NATURAL_GAS,benchmark_spot,USD,USD_PER_MMBTU,False
2016-05-26,NATURAL_GAS,NATURAL_GAS,1.77,,,,alpha_vantage,NATURAL_GAS,benchmark_spot,USD,USD_PER_MMBTU,False
2016-05-27,NATURAL_GAS,NATURAL_GAS,1.77,,,,alpha_vantage,NATURAL_GAS,benchmark_spot,USD,USD_PER_MMBTU,False
2016-05-30,NATURAL_GAS,NATURAL_GAS,1.77,,,,alpha_vantage,NATURAL_GAS,benchmark_spot,USD,USD_PER_MMBTU,False
2016-05-31,NATURAL_GAS,NATURAL_GAS,2.12,,,,alpha_vantage,NATURAL_GAS,benchmark_spot,USD,USD_PER_MMBTU,False
2016-06-01,NATURAL_GAS,NATURAL_GAS,2.25,,,,alpha_vantage,NATURAL_GAS,benchmark_spot,USD,USD_PER_MMBTU,False
2016-06-02,NATURAL_GAS,NATURAL_GAS,2.3,,,,alpha_vantage,NATURAL_GAS,benchmark_spot,USD,USD_PER_MMBTU,False
2016-06-03,NATURAL_GAS,NATURAL_GAS,2.31,,,,alpha_vantage,NATURAL_GAS,benchmark_spot,USD,USD_PER_MMBTU,False
2016-06-06,NATURAL_GAS,NATURAL_GAS,2.32,,,,alpha_vantage,NATURAL_GAS,benchmark_spot,USD,USD_PER_MMBTU,False
2016-06-07,NATURAL_GAS,NATURAL_GAS,2.32,,,,alpha_vantage,NATURAL_GAS,benchmark_spot,USD,USD_PER_MMBTU,False
2016-06-08,NATURAL_GAS,NATURAL_GAS,2.36,,,,alpha_vantage,NATURAL_GAS,benchmark_spot,USD,USD_PER_MMBTU,False
2016-06-09,NATURAL_GAS,NATURAL_GAS,2.34,,,,alpha_vantage,NATURAL_GAS,benchmark_spot,USD,USD_PER_MMBTU,False
2016-06-10,NATURAL_GAS,NATURAL_GAS,2.46,,,,alpha_vantage,NATURAL_GAS,benchmark_spot,USD,USD_PER_MMBTU,False
2016-06-13,NATURAL_GAS,NATURAL_GAS,2.55,,,,alpha_vantage,NATURAL_GAS,benchmark_spot,USD,USD_PER_MMBTU,False
2016-06-14,NATURAL_GAS,NATURAL_GAS,2.55,,,,alpha_vantage,NATURAL_GAS,benchmark_spot,USD,USD_PER_MMBTU,False
2016-06-15,NATURAL_GAS,NATURAL_GAS,2.62,,,,alpha_vantage,NATURAL_GAS,benchmark_spot,USD,USD_PER_MMBTU,False
2016-06-16,NATURAL_GAS,NATURAL_GAS,2.62,,,,alpha_vantage,NATURAL_GAS,benchmark_spot,USD,USD_PER_MMBTU,False
2016-06-17,NATURAL_GAS,NATURAL_GAS,2.59,,,,alpha_vantage,NATURAL_GAS,benchmark_spot,USD,USD_PER_MMBTU,False
2016-06-20,NATURAL_GAS,NATURAL_GAS,2.74,,,,alpha_vantage,NATURAL_GAS,benchmark_spot,USD,USD_PER_MMBTU,False
2016-06-21,NATURAL_GAS,NATURAL_GAS,2.79,,,,alpha_vantage,NATURAL_GAS,benchmark_spot,USD,USD_PER_MMBTU,False
2016-06-22,NATURAL_GAS,NATURAL_GAS,2.82,,,,alpha_vantage,NATURAL_GAS,benchmark_spot,USD,USD_PER_MMBTU,False
2016-06-23,NATURAL_GAS,NATURAL_GAS,2.69,,,,alpha_vantage,NATURAL_GAS,benchmark_spot,USD,USD_PER_MMBTU,False
2016-06-24,NATURAL_GAS,NATURAL_GAS,2.71,,,,alpha_vantage,NATURAL_GAS,benchmark_spot,USD,USD_PER_MMBTU,False
2016-06-27,NATURAL_GAS,NATURAL_GAS,2.79,,,,alpha_vantage,NATURAL_GAS,benchmark_spot,USD,USD_PER_MMBTU,False
2016-06-28,NATURAL_GAS,NATURAL_GAS,2.89,,,,alpha_vantage,NATURAL_GAS,benchmark_spot,USD,USD_PER_MMBTU,False
2016-06-29,NATURAL_GAS,NATURAL_GAS,2.94,,,,alpha_vantage,NATURAL_GAS,benchmark_spot,USD,USD_PER_MMBTU,False
2016-06-30,NATURAL_GAS,NATURAL_GAS,2.94,,,,alpha_vantage,NATURAL_GAS,benchmark_spot,USD,USD_PER_MMBTU,False
2016-07-01,NATURAL_GAS,NATURAL_GAS,2.89,,,,alpha_vantage,NATURAL_GAS,benchmark_spot,USD,USD_PER_MMBTU,False
2016-07-04,NATURAL_GAS,NATURAL_GAS,2.89,,,,alpha_vantage,NATURAL_GAS,benchmark_spot,USD,USD_PER_MMBTU,False
2016-07-05,NATURAL_GAS,NATURAL_GAS,2.82,,,,alpha_vantage,NATURAL_GAS,benchmark_spot,USD,USD_PER_MMBTU,False
2016-07-06,NATURAL_GAS,NATURAL_GAS,2.82,,,,alpha_vantage,NATURAL_GAS,benchmark_spot,USD,USD_PER_MMBTU,False
2016-07-07,NATURAL_GAS,NATURAL_GAS,2.78,,,,alpha_vantage,NATURAL_GAS,benchmark_spot,USD,USD_PER_MMBTU,False
2016-07-08,NATURAL_GAS,NATURAL_GAS,2.8,,,,alpha_vantage,NATURAL_GAS,benchmark_spot,USD,USD_PER_MMBTU,False
2016-07-11,NATURAL_GAS,NATURAL_GAS,2.88,,,,alpha_vantage,NATURAL_GAS,benchmark_spot,USD,USD_PER_MMBTU,False
2016-07-12,NATURAL_GAS,NATURAL_GAS,2.88,,,,alpha_vantage,NATURAL_GAS,benchmark_spot,USD,USD_PER_MMBTU,False
2016-07-13,NATURAL_GAS,NATURAL_GAS,2.81,,,,alpha_vantage,NATURAL_GAS,benchmark_spot,USD,USD_PER_MMBTU,False
2016-07-14,NATURAL_GAS,NATURAL_GAS,2.79,,,,alpha_vantage,NATURAL_GAS,benchmark_spot,USD,USD_PER_MMBTU,False
2016-07-15,NATURAL_GAS,NATURAL_GAS,2.7,,,,alpha_vantage,NATURAL_GAS,benchmark_spot,USD,USD_PER_MMBTU,False
2016-07-18,NATURAL_GAS,NATURAL_GAS,2.83,,,,alpha_vantage,NATURAL_GAS,benchmark_spot,USD,USD_PER_MMBTU,False
2016-07-19,NATURAL_GAS,NATURAL_GAS,2.83,,,,alpha_vantage,NATURAL_GAS,benchmark_spot,USD,USD_PER_MMBTU,False
2016-07-20,NATURAL_GAS,NATURAL_GAS,2.76,,,,alpha_vantage,NATURAL_GAS,benchmark_spot,USD,USD_PER_MMBTU,False
2016-07-21,NATURAL_GAS,NATURAL_GAS,2.76,,,,alpha_vantage,NATURAL_GAS,benchmark_spot,USD,USD_PER_MMBTU,False
2016-07-22,NATURAL_GAS,NATURAL_GAS,2.8,,,,alpha_vantage,NATURAL_GAS,benchmark_spot,USD,USD_PER_MMBTU,False
2016-07-25,NATURAL_GAS,NATURAL_GAS,2.8,,,,alpha_vantage,NATURAL_GAS,benchmark_spot,USD,USD_PER_MMBTU,False
2016-07-26,NATURAL_GAS,NATURAL_GAS,2.84,,,,alpha_vantage,NATURAL_GAS,benchmark_spot,USD,USD_PER_MMBTU,False
2016-07-27,NATURAL_GAS,NATURAL_GAS,2.84,,,,alpha_vantage,NATURAL_GAS,benchmark_spot,USD,USD_PER_MMBTU,False
2016-07-28,NATURAL_GAS,NATURAL_GAS,2.79,,,,alpha_vantage,NATURAL_GAS,benchmark_spot,USD,USD_PER_MMBTU,False
2016-07-29,NATURAL_GAS,NATURAL_GAS,2.97,,,,alpha_vantage,NATURAL_GAS,benchmark_spot,USD,USD_PER_MMBTU,False
2016-08-01,NATURAL_GAS,NATURAL_GAS,2.97,,,,alpha_vantage,NATURAL_GAS,benchmark_spot,USD,USD_PER_MMBTU,False
2016-08-02,NATURAL_GAS,NATURAL_GAS,2.79,,,,alpha_vantage,NATURAL_GAS,benchmark_spot,USD,USD_PER_MMBTU,False
2016-08-03,NATURAL_GAS,NATURAL_GAS,2.89,,,,alpha_vantage,NATURAL_GAS,benchmark_spot,USD,USD_PER_MMBTU,False
2016-08-04,NATURAL_GAS,NATURAL_GAS,2.89,,,,alpha_vantage,NATURAL_GAS,benchmark_spot,USD,USD_PER_MMBTU,False
2016-08-05,NATURAL_GAS,NATURAL_GAS,2.88,,,,alpha_vantage,NATURAL_GAS,benchmark_spot,USD,USD_PER_MMBTU,False
2016-08-08,NATURAL_GAS,NATURAL_GAS,2.85,,,,alpha_vantage,NATURAL_GAS,benchmark_spot,USD,USD_PER_MMBTU,False
2016-08-09,NATURAL_GAS,NATURAL_GAS,2.85,,,,alpha_vantage,NATURAL_GAS,benchmark_spot,USD,USD_PER_MMBTU,False
2016-08-10,NATURAL_GAS,NATURAL_GAS,2.76,,,,alpha_vantage,NATURAL_GAS,benchmark_spot,USD,USD_PER_MMBTU,False
2016-08-11,NATURAL_GAS,NATURAL_GAS,2.7,,,,alpha_vantage,NATURAL_GAS,benchmark_spot,USD,USD_PER_MMBTU,False
2016-08-12,NATURAL_GAS,NATURAL_GAS,2.7,,,,alpha_vantage,NATURAL_GAS,benchmark_spot,USD,USD_PER_MMBTU,False
2016-08-15,NATURAL_GAS,NATURAL_GAS,2.75,,,,alpha_vantage,NATURAL_GAS,benchmark_spot,USD,USD_PER_MMBTU,False
2016-08-16,NATURAL_GAS,NATURAL_GAS,2.75,,,,alpha_vantage,NATURAL_GAS,benchmark_spot,USD,USD_PER_MMBTU,False
2016-08-17,NATURAL_GAS,NATURAL_GAS,2.76,,,,alpha_vantage,NATURAL_GAS,benchmark_spot,USD,USD_PER_MMBTU,False
2016-08-18,NATURAL_GAS,NATURAL_GAS,2.75,,,,alpha_vantage,NATURAL_GAS,benchmark_spot,USD,USD_PER_MMBTU,False
2016-08-19,NATURAL_GAS,NATURAL_GAS,2.67,,,,alpha_vantage,NATURAL_GAS,benchmark_spot,USD,USD_PER_MMBTU,False
2016-08-22,NATURAL_GAS,NATURAL_GAS,2.75,,,,alpha_vantage,NATURAL_GAS,benchmark_spot,USD,USD_PER_MMBTU,False
2016-08-23,NATURAL_GAS,NATURAL_GAS,2.75,,,,alpha_vantage,NATURAL_GAS,benchmark_spot,USD,USD_PER_MMBTU,False
2016-08-24,NATURAL_GAS,NATURAL_GAS,2.82,,,,alpha_vantage,NATURAL_GAS,benchmark_spot,USD,USD_PER_MMBTU,False
2016-08-25,NATURAL_GAS,NATURAL_GAS,2.89,,,,alpha_vantage,NATURAL_GAS,benchmark_spot,USD,USD_PER_MMBTU,False
2016-08-26,NATURAL_GAS,NATURAL_GAS,2.91,,,,alpha_vantage,NATURAL_GAS,benchmark_spot,USD,USD_PER_MMBTU,False
2016-08-29,NATURAL_GAS,NATURAL_GAS,2.97,,,,alpha_vantage,NATURAL_GAS,benchmark_spot,USD,USD_PER_MMBTU,False
2016-08-30,NATURAL_GAS,NATURAL_GAS,2.95,,,,alpha_vantage,NATURAL_GAS,benchmark_spot,USD,USD_PER_MMBTU,False
2016-08-31,NATURAL_GAS,NATURAL_GAS,2.95,,,,alpha_vantage,NATURAL_GAS,benchmark_spot,USD,USD_PER_MMBTU,False
2016-09-01,NATURAL_GAS,NATURAL_GAS,2.95,,,,alpha_vantage,NATURAL_GAS,benchmark_spot,USD,USD_PER_MMBTU,False
2016-09-02,NATURAL_GAS,NATURAL_GAS,2.88,,,,alpha_vantage,NATURAL_GAS,benchmark_spot,USD,USD_PER_MMBTU,False
2016-09-05,NATURAL_GAS,NATURAL_GAS,2.88,,,,alpha_vantage,NATURAL_GAS,benchmark_spot,USD,USD_PER_MMBTU,False
2016-09-06,NATURAL_GAS,NATURAL_GAS,2.88,,,,alpha_vantage,NATURAL_GAS,benchmark_spot,USD,USD_PER_MMBTU,False
2016-09-07,NATURAL_GAS,NATURAL_GAS,2.77,,,,alpha_vantage,NATURAL_GAS,benchmark_spot,USD,USD_PER_MMBTU,False
2016-09-08,NATURAL_GAS,NATURAL_GAS,2.88,,,,alpha_vantage,NATURAL_GAS,benchmark_spot,USD,USD_PER_MMBTU,False
2016-09-09,NATURAL_GAS,NATURAL_GAS,2.93,,,,alpha_vantage,NATURAL_GAS,benchmark_spot,USD,USD_PER_MMBTU,False
2016-09-12,NATURAL_GAS,NATURAL_GAS,3.04,,,,alpha_vantage,NATURAL_GAS,benchmark_spot,USD,USD_PER_MMBTU,False
2016-09-13,NATURAL_GAS,NATURAL_GAS,3.04,,,,alpha_vantage,NATURAL_GAS,benchmark_spot,USD,USD_PER_MMBTU,False
2016-09-14,NATURAL_GAS,NATURAL_GAS,3.07,,,,alpha_vantage,NATURAL_GAS,benchmark_spot,USD,USD_PER_MMBTU,False
2016-09-15,NATURAL_GAS,NATURAL_GAS,2.98,,,,alpha_vantage,NATURAL_GAS,benchmark_spot,USD,USD_PER_MMBTU,False
2016-09-16,NATURAL_GAS,NATURAL_GAS,2.97,,,,alpha_vantage,NATURAL_GAS,benchmark_spot,USD,USD_PER_MMBTU,False
2016-09-19,NATURAL_GAS,NATURAL_GAS,3.0,,,,alpha_vantage,NATURAL_GAS,benchmark_spot,USD,USD_PER_MMBTU,False
2016-09-20,NATURAL_GAS,NATURAL_GAS,3.12,,,,alpha_vantage,NATURAL_GAS,benchmark_spot,USD,USD_PER_MMBTU,False
2016-09-21,NATURAL_GAS,NATURAL_GAS,3.19,,,,alpha_vantage,NATURAL_GAS,benchmark_spot,USD,USD_PER_MMBTU,False
2016-09-22,NATURAL_GAS,NATURAL_GAS,3.18,,,,alpha_vantage,NATURAL_GAS,benchmark_spot,USD,USD_PER_MMBTU,False
2016-09-23,NATURAL_GAS,NATURAL_GAS,3.06,,,,alpha_vantage,NATURAL_GAS,benchmark_spot,USD,USD_PER_MMBTU,False
2016-09-26,NATURAL_GAS,NATURAL_GAS,3.06,,,,alpha_vantage,NATURAL_GAS,benchmark_spot,USD,USD_PER_MMBTU,False
2016-09-27,NATURAL_GAS,NATURAL_GAS,3.09,,,,alpha_vantage,NATURAL_GAS,benchmark_spot,USD,USD_PER_MMBTU,False
2016-09-28,NATURAL_GAS,NATURAL_GAS,3.07,,,,alpha_vantage,NATURAL_GAS,benchmark_spot,USD,USD_PER_MMBTU,False
2016-09-29,NATURAL_GAS,NATURAL_GAS,2.98,,,,alpha_vantage,NATURAL_GAS,benchmark_spot,USD,USD_PER_MMBTU,False
2016-09-30,NATURAL_GAS,NATURAL_GAS,2.84,,,,alpha_vantage,NATURAL_GAS,benchmark_spot,USD,USD_PER_MMBTU,False
2016-10-03,NATURAL_GAS,NATURAL_GAS,2.84,,,,alpha_vantage,NATURAL_GAS,benchmark_spot,USD,USD_PER_MMBTU,False
2016-10-04,NATURAL_GAS,NATURAL_GAS,2.83,,,,alpha_vantage,NATURAL_GAS,benchmark_spot,USD,USD_PER_MMBTU,False
2016-10-05,NATURAL_GAS,NATURAL_GAS,2.83,,,,alpha_vantage,NATURAL_GAS,benchmark_spot,USD,USD_PER_MMBTU,False
2016-10-06,NATURAL_GAS,NATURAL_GAS,3.04,,,,alpha_vantage,NATURAL_GAS,benchmark_spot,USD,USD_PER_MMBTU,False
2016-10-07,NATURAL_GAS,NATURAL_GAS,3.02,,,,alpha_vantage,NATURAL_GAS,benchmark_spot,USD,USD_PER_MMBTU,False
2016-10-10,NATURAL_GAS,NATURAL_GAS,3.18,,,,alpha_vantage,NATURAL_GAS,benchmark_spot,USD,USD_PER_MMBTU,False
2016-10-11,NATURAL_GAS,NATURAL_GAS,3.17,,,,alpha_vantage,NATURAL_GAS,benchmark_spot,USD,USD_PER_MMBTU,False
2016-10-12,NATURAL_GAS,NATURAL_GAS,3.17,,,,alpha_vantage,NATURAL_GAS,benchmark_spot,USD,USD_PER_MMBTU,False
2016-10-13,NATURAL_GAS,NATURAL_GAS,3.16,,,,alpha_vantage,NATURAL_GAS,benchmark_spot,USD,USD_PER_MMBTU,False
2016-10-14,NATURAL_GAS,NATURAL_GAS,3.18,,,,alpha_vantage,NATURAL_GAS,benchmark_spot,USD,USD_PER_MMBTU,False
2016-10-17,NATURAL_GAS,NATURAL_GAS,3.21,,,,alpha_vantage,NATURAL_GAS,benchmark_spot,USD,USD_PER_MMBTU,False
2016-10-18,NATURAL_GAS,NATURAL_GAS,3.25,,,,alpha_vantage,NATURAL_GAS,benchmark_spot,USD,USD_PER_MMBTU,False
2016-10-19,NATURAL_GAS,NATURAL_GAS,3.18,,,,alpha_vantage,NATURAL_GAS,benchmark_spot,USD,USD_PER_MMBTU,False
2016-10-20,NATURAL_GAS,NATURAL_GAS,3.12,,,,alpha_vantage,NATURAL_GAS,benchmark_spot,USD,USD_PER_MMBTU,False
2016-10-21,NATURAL_GAS,NATURAL_GAS,2.92,,,,alpha_vantage,NATURAL_GAS,benchmark_spot,USD,USD_PER_MMBTU,False
2016-10-24,NATURAL_GAS,NATURAL_GAS,2.78,,,,alpha_vantage,NATURAL_GAS,benchmark_spot,USD,USD_PER_MMBTU,False
2016-10-25,NATURAL_GAS,NATURAL_GAS,2.69,,,,alpha_vantage,NATURAL_GAS,benchmark_spot,USD,USD_PER_MMBTU,False
2016-10-26,NATURAL_GAS,NATURAL_GAS,2.69,,,,alpha_vantage,NATURAL_GAS,benchmark_spot,USD,USD_PER_MMBTU,False
2016-10-27,NATURAL_GAS,NATURAL_GAS,2.72,,,,alpha_vantage,NATURAL_GAS,benchmark_spot,USD,USD_PER_MMBTU,False
2016-10-28,NATURAL_GAS,NATURAL_GAS,2.72,,,,alpha_vantage,NATURAL_GAS,benchmark_spot,USD,USD_PER_MMBTU,False
2016-10-31,NATURAL_GAS,NATURAL_GAS,2.85,,,,alpha_vantage,NATURAL_GAS,benchmark_spot,USD,USD_PER_MMBTU,False
2016-11-01,NATURAL_GAS,NATURAL_GAS,2.53,,,,alpha_vantage,NATURAL_GAS,benchmark_spot,USD,USD_PER_MMBTU,False
2016-11-02,NATURAL_GAS,NATURAL_GAS,2.53,,,,alpha_vantage,NATURAL_GAS,benchmark_spot,USD,USD_PER_MMBTU,False
2016-11-03,NATURAL_GAS,NATURAL_GAS,2.41,,,,alpha_vantage,NATURAL_GAS,benchmark_spot,USD,USD_PER_MMBTU,False
2016-11-04,NATURAL_GAS,NATURAL_GAS,2.2,,,,alpha_vantage,NATURAL_GAS,benchmark_spot,USD,USD_PER_MMBTU,False
2016-11-07,NATURAL_GAS,NATURAL_GAS,2.37,,,,alpha_vantage,NATURAL_GAS,benchmark_spot,USD,USD_PER_MMBTU,False
2016-11-08,NATURAL_GAS,NATURAL_GAS,2.34,,,,alpha_vantage,NATURAL_GAS,benchmark_spot,USD,USD_PER_MMBTU,False
2016-11-09,NATURAL_GAS,NATURAL_GAS,2.22,,,,alpha_vantage,NATURAL_GAS,benchmark_spot,USD,USD_PER_MMBTU,False
2016-11-10,NATURAL_GAS,NATURAL_GAS,2.08,,,,alpha_vantage,NATURAL_GAS,benchmark_spot,USD,USD_PER_MMBTU,False
2016-11-11,NATURAL_GAS,NATURAL_GAS,2.08,,,,alpha_vantage,NATURAL_GAS,benchmark_spot,USD,USD_PER_MMBTU,False
2016-11-14,NATURAL_GAS,NATURAL_GAS,2.26,,,,alpha_vantage,NATURAL_GAS,benchmark_spot,USD,USD_PER_MMBTU,False
2016-11-15,NATURAL_GAS,NATURAL_GAS,2.49,,,,alpha_vantage,NATURAL_GAS,benchmark_spot,USD,USD_PER_MMBTU,False
2016-11-16,NATURAL_GAS,NATURAL_GAS,2.49,,,,alpha_vantage,NATURAL_GAS,benchmark_spot,USD,USD_PER_MMBTU,False
2016-11-17,NATURAL_GAS,NATURAL_GAS,2.37,,,,alpha_vantage,NATURAL_GAS,benchmark_spot,USD,USD_PER_MMBTU,False
2016-11-18,NATURAL_GAS,NATURAL_GAS,2.6,,,,alpha_vantage,NATURAL_GAS,benchmark_spot,USD,USD_PER_MMBTU,False
2016-11-21,NATURAL_GAS,NATURAL_GAS,2.81,,,,alpha_vantage,NATURAL_GAS,benchmark_spot,USD,USD_PER_MMBTU,False
2016-11-22,NATURAL_GAS,NATURAL_GAS,2.73,,,,alpha_vantage,NATURAL_GAS,benchmark_spot,USD,USD_PER_MMBTU,False
2016-11-23,NATURAL_GAS,NATURAL_GAS,2.76,,,,alpha_vantage,NATURAL_GAS,benchmark_spot,USD,USD_PER_MMBTU,False
2016-11-24,NATURAL_GAS,NATURAL_GAS,2.76,,,,alpha_vantage,NATURAL_GAS,benchmark_spot,USD,USD_PER_MMBTU,False
2016-11-25,NATURAL_GAS,NATURAL_GAS,2.76,,,,alpha_vantage,NATURAL_GAS,benchmark_spot,USD,USD_PER_MMBTU,False
2016-11-28,NATURAL_GAS,NATURAL_GAS,2.96,,,,alpha_vantage,NATURAL_GAS,benchmark_spot,USD,USD_PER_MMBTU,False
2016-11-29,NATURAL_GAS,NATURAL_GAS,3.02,,,,alpha_vantage,NATURAL_GAS,benchmark_spot,USD,USD_PER_MMBTU,False
2016-11-30,NATURAL_GAS,NATURAL_GAS,3.32,,,,alpha_vantage,NATURAL_GAS,benchmark_spot,USD,USD_PER_MMBTU,False
2016-12-01,NATURAL_GAS,NATURAL_GAS,3.32,,,,alpha_vantage,NATURAL_GAS,benchmark_spot,USD,USD_PER_MMBTU,False
2016-12-02,NATURAL_GAS,NATURAL_GAS,3.44,,,,alpha_vantage,NATURAL_GAS,benchmark_spot,USD,USD_PER_MMBTU,False
2016-12-05,NATURAL_GAS,NATURAL_GAS,3.44,,,,alpha_vantage,NATURAL_GAS,benchmark_spot,USD,USD_PER_MMBTU,False
2016-12-06,NATURAL_GAS,NATURAL_GAS,3.75,,,,alpha_vantage,NATURAL_GAS,benchmark_spot,USD,USD_PER_MMBTU,False
2016-12-07,NATURAL_GAS,NATURAL_GAS,3.8,,,,alpha_vantage,NATURAL_GAS,benchmark_spot,USD,USD_PER_MMBTU,False
2016-12-08,NATURAL_GAS,NATURAL_GAS,3.68,,,,alpha_vantage,NATURAL_GAS,benchmark_spot,USD,USD_PER_MMBTU,False
2016-12-09,NATURAL_GAS,NATURAL_GAS,3.75,,,,alpha_vantage,NATURAL_GAS,benchmark_spot,USD,USD_PER_MMBTU,False
2016-12-12,NATURAL_GAS,NATURAL_GAS,3.6,,,,alpha_vantage,NATURAL_GAS,benchmark_spot,USD,USD_PER_MMBTU,False
2016-12-13,NATURAL_GAS,NATURAL_GAS,3.65,,,,alpha_vantage,NATURAL_GAS,benchmark_spot,USD,USD_PER_MMBTU,False
2016-12-14,NATURAL_GAS,NATURAL_GAS,3.55,,,,alpha_vantage,NATURAL_GAS,benchmark_spot,USD,USD_PER_MMBTU,False
2016-12-15,NATURAL_GAS,NATURAL_GAS,3.56,,,,alpha_vantage,NATURAL_GAS,benchmark_spot,USD,USD_PER_MMBTU,False
2016-12-16,NATURAL_GAS,NATURAL_GAS,3.51,,,,alpha_vantage,NATURAL_GAS,benchmark_spot,USD,USD_PER_MMBTU,False
2016-12-19,NATURAL_GAS,NATURAL_GAS,3.55,,,,alpha_vantage,NATURAL_GAS,benchmark_spot,USD,USD_PER_MMBTU,False
2016-12-20,NATURAL_GAS,NATURAL_GAS,3.39,,,,alpha_vantage,NATURAL_GAS,benchmark_spot,USD,USD_PER_MMBTU,False
2016-12-21,NATURAL_GAS,NATURAL_GAS,3.5,,,,alpha_vantage,NATURAL_GAS,benchmark_spot,USD,USD_PER_MMBTU,False
2016-12-22,NATURAL_GAS,NATURAL_GAS,3.5,,,,alpha_vantage,NATURAL_GAS,benchmark_spot,USD,USD_PER_MMBTU,False
2016-12-23,NATURAL_GAS,NATURAL_GAS,3.6,,,,alpha_vantage,NATURAL_GAS,benchmark_spot,USD,USD_PER_MMBTU,False
2016-12-26,NATURAL_GAS,NATURAL_GAS,3.6,,,,alpha_vantage,NATURAL_GAS,benchmark_spot,USD,USD_PER_MMBTU,False
2016-12-27,NATURAL_GAS,NATURAL_GAS,3.7,,,,alpha_vantage,NATURAL_GAS,benchmark_spot,USD,USD_PER_MMBTU,False
2016-12-28,NATURAL_GAS,NATURAL_GAS,3.7,,,,alpha_vantage,NATURAL_GAS,benchmark_spot,USD,USD_PER_MMBTU,False
2016-12-29,NATURAL_GAS,NATURAL_GAS,3.71,,,,alpha_vantage,NATURAL_GAS,benchmark_spot,USD,USD_PER_MMBTU,False
2016-12-30,NATURAL_GAS,NATURAL_GAS,3.71,,,,alpha_vantage,NATURAL_GAS,benchmark_spot,USD,USD_PER_MMBTU,False
2017-01-02,NATURAL_GAS,NATURAL_GAS,3.71,,,,alpha_vantage,NATURAL_GAS,benchmark_spot,USD,USD_PER_MMBTU,False
2017-01-03,NATURAL_GAS,NATURAL_GAS,3.41,,,,alpha_vantage,NATURAL_GAS,benchmark_spot,USD,USD_PER_MMBTU,False
2017-01-04,NATURAL_GAS,NATURAL_GAS,3.42,,,,alpha_vantage,NATURAL_GAS,benchmark_spot,USD,USD_PER_MMBTU,False
2017-01-05,NATURAL_GAS,NATURAL_GAS,3.42,,,,alpha_vantage,NATURAL_GAS,benchmark_spot,USD,USD_PER_MMBTU,False
2017-01-06,NATURAL_GAS,NATURAL_GAS,3.38,,,,alpha_vantage,NATURAL_GAS,benchmark_spot,USD,USD_PER_MMBTU,False
2017-01-09,NATURAL_GAS,NATURAL_GAS,3.14,,,,alpha_vantage,NATURAL_GAS,benchmark_spot,USD,USD_PER_MMBTU,False
2017-01-10,NATURAL_GAS,NATURAL_GAS,3.21,,,,alpha_vantage,NATURAL_GAS,benchmark_spot,USD,USD_PER_MMBTU,False
2017-01-11,NATURAL_GAS,NATURAL_GAS,3.27,,,,alpha_vantage,NATURAL_GAS,benchmark_spot,USD,USD_PER_MMBTU,False
2017-01-12,NATURAL_GAS,NATURAL_GAS,3.36,,,,alpha_vantage,NATURAL_GAS,benchmark_spot,USD,USD_PER_MMBTU,False
2017-01-13,NATURAL_GAS,NATURAL_GAS,3.36,,,,alpha_vantage,NATURAL_GAS,benchmark_spot,USD,USD_PER_MMBTU,False
2017-01-16,NATURAL_GAS,NATURAL_GAS,3.36,,,,alpha_vantage,NATURAL_GAS,benchmark_spot,USD,USD_PER_MMBTU,False
2017-01-17,NATURAL_GAS,NATURAL_GAS,3.37,,,,alpha_vantage,NATURAL_GAS,benchmark_spot,USD,USD_PER_MMBTU,False
2017-01-18,NATURAL_GAS,NATURAL_GAS,3.26,,,,alpha_vantage,NATURAL_GAS,benchmark_spot,USD,USD_PER_MMBTU,False
2017-01-19,NATURAL_GAS,NATURAL_GAS,3.25,,,,alpha_vantage,NATURAL_GAS,benchmark_spot,USD,USD_PER_MMBTU,False
2017-01-20,NATURAL_GAS,NATURAL_GAS,3.23,,,,alpha_vantage,NATURAL_GAS,benchmark_spot,USD,USD_PER_MMBTU,False
2017-01-23,NATURAL_GAS,NATURAL_GAS,3.16,,,,alpha_vantage,NATURAL_GAS,benchmark_spot,USD,USD_PER_MMBTU,False
2017-01-24,NATURAL_GAS,NATURAL_GAS,3.16,,,,alpha_vantage,NATURAL_GAS,benchmark_spot,USD,USD_PER_MMBTU,False
2017-01-25,NATURAL_GAS,NATURAL_GAS,3.26,,,,alpha_vantage,NATURAL_GAS,benchmark_spot,USD,USD_PER_MMBTU,False
2017-01-26,NATURAL_GAS,NATURAL_GAS,3.44,,,,alpha_vantage,NATURAL_GAS,benchmark_spot,USD,USD_PER_MMBTU,False
2017-01-27,NATURAL_GAS,NATURAL_GAS,3.31,,,,alpha_vantage,NATURAL_GAS,benchmark_spot,USD,USD_PER_MMBTU,False
2017-01-30,NATURAL_GAS,NATURAL_GAS,3.22,,,,alpha_vantage,NATURAL_GAS,benchmark_spot,USD,USD_PER_MMBTU,False
2017-01-31,NATURAL_GAS,NATURAL_GAS,3.0,,,,alpha_vantage,NATURAL_GAS,benchmark_spot,USD,USD_PER_MMBTU,False
2017-02-01,NATURAL_GAS,NATURAL_GAS,3.15,,,,alpha_vantage,NATURAL_GAS,benchmark_spot,USD,USD_PER_MMBTU,False
2017-02-02,NATURAL_GAS,NATURAL_GAS,3.13,,,,alpha_vantage,NATURAL_GAS,benchmark_spot,USD,USD_PER_MMBTU,False
2017-02-03,NATURAL_GAS,NATURAL_GAS,3.13,,,,alpha_vantage,NATURAL_GAS,benchmark_spot,USD,USD_PER_MMBTU,False
2017-02-06,NATURAL_GAS,NATURAL_GAS,2.92,,,,alpha_vantage,NATURAL_GAS,benchmark_spot,USD,USD_PER_MMBTU,False
2017-02-07,NATURAL_GAS,NATURAL_GAS,3.03,,,,alpha_vantage,NATURAL_GAS,benchmark_spot,USD,USD_PER_MMBTU,False
2017-02-08,NATURAL_GAS,NATURAL_GAS,3.05,,,,alpha_vantage,NATURAL_GAS,benchmark_spot,USD,USD_PER_MMBTU,False
2017-02-09,NATURAL_GAS,NATURAL_GAS,3.11,,,,alpha_vantage,NATURAL_GAS,benchmark_spot,USD,USD_PER_MMBTU,False
2017-02-10,NATURAL_GAS,NATURAL_GAS,3.11,,,,alpha_vantage,NATURAL_GAS,benchmark_spot,USD,USD_PER_MMBTU,False
2017-02-13,NATURAL_GAS,NATURAL_GAS,2.93,,,,alpha_vantage,NATURAL_GAS,benchmark_spot,USD,USD_PER_MMBTU,False
2017-02-14,NATURAL_GAS,NATURAL_GAS,2.85,,,,alpha_vantage,NATURAL_GAS,benchmark_spot,USD,USD_PER_MMBTU,False
2017-02-15,NATURAL_GAS,NATURAL_GAS,2.95,,,,alpha_vantage,NATURAL_GAS,benchmark_spot,USD,USD_PER_MMBTU,False
2017-02-16,NATURAL_GAS,NATURAL_GAS,2.88,,,,alpha_vantage,NATURAL_GAS,benchmark_spot,USD,USD_PER_MMBTU,False
2017-02-17,NATURAL_GAS,NATURAL_GAS,2.75,,,,alpha_vantage,NATURAL_GAS,benchmark_spot,USD,USD_PER_MMBTU,False
2017-02-20,NATURAL_GAS,NATURAL_GAS,2.75,,,,alpha_vantage,NATURAL_GAS,benchmark_spot,USD,USD_PER_MMBTU,False
2017-02-21,NATURAL_GAS,NATURAL_GAS,2.56,,,,alpha_vantage,NATURAL_GAS,benchmark_spot,USD,USD_PER_MMBTU,False
2017-02-22,NATURAL_GAS,NATURAL_GAS,2.52,,,,alpha_vantage,NATURAL_GAS,benchmark_spot,USD,USD_PER_MMBTU,False
2017-02-23,NATURAL_GAS,NATURAL_GAS,2.63,,,,alpha_vantage,NATURAL_GAS,benchmark_spot,USD,USD_PER_MMBTU,False
2017-02-24,NATURAL_GAS,NATURAL_GAS,2.63,,,,alpha_vantage,NATURAL_GAS,benchmark_spot,USD,USD_PER_MMBTU,False
2017-02-27,NATURAL_GAS,NATURAL_GAS,2.44,,,,alpha_vantage,NATURAL_GAS,benchmark_spot,USD,USD_PER_MMBTU,False
2017-02-28,NATURAL_GAS,NATURAL_GAS,2.54,,,,alpha_vantage,NATURAL_GAS,benchmark_spot,USD,USD_PER_MMBTU,False
2017-03-01,NATURAL_GAS,NATURAL_GAS,2.54,,,,alpha_vantage,NATURAL_GAS,benchmark_spot,USD,USD_PER_MMBTU,False
2017-03-02,NATURAL_GAS,NATURAL_GAS,2.59,,,,alpha_vantage,NATURAL_GAS,benchmark_spot,USD,USD_PER_MMBTU,False
2017-03-03,NATURAL_GAS,NATURAL_GAS,2.5,,,,alpha_vantage,NATURAL_GAS,benchmark_spot,USD,USD_PER_MMBTU,False
2017-03-06,NATURAL_GAS,NATURAL_GAS,2.68,,,,alpha_vantage,NATURAL_GAS,benchmark_spot,USD,USD_PER_MMBTU,False
2017-03-07,NATURAL_GAS,NATURAL_GAS,2.68,,,,alpha_vantage,NATURAL_GAS,benchmark_spot,USD,USD_PER_MMBTU,False
2017-03-08,NATURAL_GAS,NATURAL_GAS,2.59,,,,alpha_vantage,NATURAL_GAS,benchmark_spot,USD,USD_PER_MMBTU,False
2017-03-09,NATURAL_GAS,NATURAL_GAS,2.83,,,,alpha_vantage,NATURAL_GAS,benchmark_spot,USD,USD_PER_MMBTU,False
2017-03-10,NATURAL_GAS,NATURAL_GAS,2.98,,,,alpha_vantage,NATURAL_GAS,benchmark_spot,USD,USD_PER_MMBTU,False
2017-03-13,NATURAL_GAS,NATURAL_GAS,3.04,,,,alpha_vantage,NATURAL_GAS,benchmark_spot,USD,USD_PER_MMBTU,False
2017-03-14,NATURAL_GAS,NATURAL_GAS,3.02,,,,alpha_vantage,NATURAL_GAS,benchmark_spot,USD,USD_PER_MMBTU,False
2017-03-15,NATURAL_GAS,NATURAL_GAS,3.02,,,,alpha_vantage,NATURAL_GAS,benchmark_spot,USD,USD_PER_MMBTU,False
2017-03-16,NATURAL_GAS,NATURAL_GAS,2.84,,,,alpha_vantage,NATURAL_GAS,benchmark_spot,USD,USD_PER_MMBTU,False
2017-03-17,NATURAL_GAS,NATURAL_GAS,2.85,,,,alpha_vantage,NATURAL_GAS,benchmark_spot,USD,USD_PER_MMBTU,False
2017-03-20,NATURAL_GAS,NATURAL_GAS,2.93,,,,alpha_vantage,NATURAL_GAS,benchmark_spot,USD,USD_PER_MMBTU,False
2017-03-21,NATURAL_GAS,NATURAL_GAS,3.09,,,,alpha_vantage,NATURAL_GAS,benchmark_spot,USD,USD_PER_MMBTU,False
2017-03-22,NATURAL_GAS,NATURAL_GAS,3.02,,,,alpha_vantage,NATURAL_GAS,benchmark_spot,USD,USD_PER_MMBTU,False
2017-03-23,NATURAL_GAS,NATURAL_GAS,2.93,,,,alpha_vantage,NATURAL_GAS,benchmark_spot,USD,USD_PER_MMBTU,False
2017-03-24,NATURAL_GAS,NATURAL_GAS,2.97,,,,alpha_vantage,NATURAL_GAS,benchmark_spot,USD,USD_PER_MMBTU,False
2017-03-27,NATURAL_GAS,NATURAL_GAS,2.94,,,,alpha_vantage,NATURAL_GAS,benchmark_spot,USD,USD_PER_MMBTU,False
2017-03-28,NATURAL_GAS,NATURAL_GAS,2.95,,,,alpha_vantage,NATURAL_GAS,benchmark_spot,USD,USD_PER_MMBTU,False
2017-03-29,NATURAL_GAS,NATURAL_GAS,3.03,,,,alpha_vantage,NATURAL_GAS,benchmark_spot,USD,USD_PER_MMBTU,False
2017-03-30,NATURAL_GAS,NATURAL_GAS,3.08,,,,alpha_vantage,NATURAL_GAS,benchmark_spot,USD,USD_PER_MMBTU,False
2017-03-31,NATURAL_GAS,NATURAL_GAS,3.13,,,,alpha_vantage,NATURAL_GAS,benchmark_spot,USD,USD_PER_MMBTU,False
2017-04-03,NATURAL_GAS,NATURAL_GAS,3.13,,,,alpha_vantage,NATURAL_GAS,benchmark_spot,USD,USD_PER_MMBTU,False
2017-04-04,NATURAL_GAS,NATURAL_GAS,3.06,,,,alpha_vantage,NATURAL_GAS,benchmark_spot,USD,USD_PER_MMBTU,False
2017-04-05,NATURAL_GAS,NATURAL_GAS,3.22,,,,alpha_vantage,NATURAL_GAS,benchmark_spot,USD,USD_PER_MMBTU,False
2017-04-06,NATURAL_GAS,NATURAL_GAS,3.23,,,,alpha_vantage,NATURAL_GAS,benchmark_spot,USD,USD_PER_MMBTU,False
2017-04-07,NATURAL_GAS,NATURAL_GAS,3.23,,,,alpha_vantage,NATURAL_GAS,benchmark_spot,USD,USD_PER_MMBTU,False
2017-04-10,NATURAL_GAS,NATURAL_GAS,3.15,,,,alpha_vantage,NATURAL_GAS,benchmark_spot,USD,USD_PER_MMBTU,False
2017-04-11,NATURAL_GAS,NATURAL_GAS,3.11,,,,alpha_vantage,NATURAL_GAS,benchmark_spot,USD,USD_PER_MMBTU,False
2017-04-12,NATURAL_GAS,NATURAL_GAS,2.97,,,,alpha_vantage,NATURAL_GAS,benchmark_spot,USD,USD_PER_MMBTU,False
2017-04-13,NATURAL_GAS,NATURAL_GAS,3.0,,,,alpha_vantage,NATURAL_GAS,benchmark_spot,USD,USD_PER_MMBTU,False
2017-04-14,NATURAL_GAS,NATURAL_GAS,3.0,,,,alpha_vantage,NATURAL_GAS,benchmark_spot,USD,USD_PER_MMBTU,False
2017-04-17,NATURAL_GAS,NATURAL_GAS,3.09,,,,alpha_vantage,NATURAL_GAS,benchmark_spot,USD,USD_PER_MMBTU,False
2017-04-18,NATURAL_GAS,NATURAL_GAS,3.11,,,,alpha_vantage,NATURAL_GAS,benchmark_spot,USD,USD_PER_MMBTU,False
2017-04-19,NATURAL_GAS,NATURAL_GAS,3.11,,,,alpha_vantage,NATURAL_GAS,benchmark_spot,USD,USD_PER_MMBTU,False
2017-04-20,NATURAL_GAS,NATURAL_GAS,3.13,,,,alpha_vantage,NATURAL_GAS,benchmark_spot,USD,USD_PER_MMBTU,False
2017-04-21,NATURAL_GAS,NATURAL_GAS,3.06,,,,alpha_vantage,NATURAL_GAS,benchmark_spot,USD,USD_PER_MMBTU,False
2017-04-24,NATURAL_GAS,NATURAL_GAS,3.06,,,,alpha_vantage,NATURAL_GAS,benchmark_spot,USD,USD_PER_MMBTU,False
2017-04-25,NATURAL_GAS,NATURAL_GAS,2.99,,,,alpha_vantage,NATURAL_GAS,benchmark_spot,USD,USD_PER_MMBTU,False
2017-04-26,NATURAL_GAS,NATURAL_GAS,3.06,,,,alpha_vantage,NATURAL_GAS,benchmark_spot,USD,USD_PER_MMBTU,False
2017-04-27,NATURAL_GAS,NATURAL_GAS,3.13,,,,alpha_vantage,NATURAL_GAS,benchmark_spot,USD,USD_PER_MMBTU,False
2017-04-28,NATURAL_GAS,NATURAL_GAS,3.2,,,,alpha_vantage,NATURAL_GAS,benchmark_spot,USD,USD_PER_MMBTU,False
2017-05-01,NATURAL_GAS,NATURAL_GAS,3.2,,,,alpha_vantage,NATURAL_GAS,benchmark_spot,USD,USD_PER_MMBTU,False
2017-05-02,NATURAL_GAS,NATURAL_GAS,3.13,,,,alpha_vantage,NATURAL_GAS,benchmark_spot,USD,USD_PER_MMBTU,False
2017-05-03,NATURAL_GAS,NATURAL_GAS,3.14,,,,alpha_vantage,NATURAL_GAS,benchmark_spot,USD,USD_PER_MMBTU,False
2017-05-04,NATURAL_GAS,NATURAL_GAS,3.11,,,,alpha_vantage,NATURAL_GAS,benchmark_spot,USD,USD_PER_MMBTU,False
2017-05-05,NATURAL_GAS,NATURAL_GAS,3.1,,,,alpha_vantage,NATURAL_GAS,benchmark_spot,USD,USD_PER_MMBTU,False
2017-05-08,NATURAL_GAS,NATURAL_GAS,3.06,,,,alpha_vantage,NATURAL_GAS,benchmark_spot,USD,USD_PER_MMBTU,False
2017-05-09,NATURAL_GAS,NATURAL_GAS,3.03,,,,alpha_vantage,NATURAL_GAS,benchmark_spot,USD,USD_PER_MMBTU,False
2017-05-10,NATURAL_GAS,NATURAL_GAS,3.03,,,,alpha_vantage,NATURAL_GAS,benchmark_spot,USD,USD_PER_MMBTU,False
2017-05-11,NATURAL_GAS,NATURAL_GAS,3.23,,,,alpha_vantage,NATURAL_GAS,benchmark_spot,USD,USD_PER_MMBTU,False
2017-05-12,NATURAL_GAS,NATURAL_GAS,3.24,,,,alpha_vantage,NATURAL_GAS,benchmark_spot,USD,USD_PER_MMBTU,False
2017-05-15,NATURAL_GAS,NATURAL_GAS,3.26,,,,alpha_vantage,NATURAL_GAS,benchmark_spot,USD,USD_PER_MMBTU,False
2017-05-16,NATURAL_GAS,NATURAL_GAS,3.27,,,,alpha_vantage,NATURAL_GAS,benchmark_spot,USD,USD_PER_MMBTU,False
2017-05-17,NATURAL_GAS,NATURAL_GAS,3.27,,,,alpha_vantage,NATURAL_GAS,benchmark_spot,USD,USD_PER_MMBTU,False
2017-05-18,NATURAL_GAS,NATURAL_GAS,3.13,,,,alpha_vantage,NATURAL_GAS,benchmark_spot,USD,USD_PER_MMBTU,False
2017-05-19,NATURAL_GAS,NATURAL_GAS,3.11,,,,alpha_vantage,NATURAL_GAS,benchmark_spot,USD,USD_PER_MMBTU,False
2017-05-22,NATURAL_GAS,NATURAL_GAS,3.24,,,,alpha_vantage,NATURAL_GAS,benchmark_spot,USD,USD_PER_MMBTU,False
2017-05-23,NATURAL_GAS,NATURAL_GAS,3.22,,,,alpha_vantage,NATURAL_GAS,benchmark_spot,USD,USD_PER_MMBTU,False
2017-05-24,NATURAL_GAS,NATURAL_GAS,3.22,,,,alpha_vantage,NATURAL_GAS,benchmark_spot,USD,USD_PER_MMBTU,False
2017-05-25,NATURAL_GAS,NATURAL_GAS,3.1,,,,alpha_vantage,NATURAL_GAS,benchmark_spot,USD,USD_PER_MMBTU,False
2017-05-26,NATURAL_GAS,NATURAL_GAS,3.1,,,,alpha_vantage,NATURAL_GAS,benchmark_spot,USD,USD_PER_MMBTU,False
2017-05-29,NATURAL_GAS,NATURAL_GAS,3.1,,,,alpha_vantage,NATURAL_GAS,benchmark_spot,USD,USD_PER_MMBTU,False
2017-05-30,NATURAL_GAS,NATURAL_GAS,3.1,,,,alpha_vantage,NATURAL_GAS,benchmark_spot,USD,USD_PER_MMBTU,False
2017-05-31,NATURAL_GAS,NATURAL_GAS,3.05,,,,alpha_vantage,NATURAL_GAS,benchmark_spot,USD,USD_PER_MMBTU,False
2017-06-01,NATURAL_GAS,NATURAL_GAS,3.05,,,,alpha_vantage,NATURAL_GAS,benchmark_spot,USD,USD_PER_MMBTU,False
2017-06-02,NATURAL_GAS,NATURAL_GAS,2.85,,,,alpha_vantage,NATURAL_GAS,benchmark_spot,USD,USD_PER_MMBTU,False
2017-06-05,NATURAL_GAS,NATURAL_GAS,2.92,,,,alpha_vantage,NATURAL_GAS,benchmark_spot,USD,USD_PER_MMBTU,False
2017-06-06,NATURAL_GAS,NATURAL_GAS,2.92,,,,alpha_vantage,NATURAL_GAS,benchmark_spot,USD,USD_PER_MMBTU,False
2017-06-07,NATURAL_GAS,NATURAL_GAS,3.06,,,,alpha_vantage,NATURAL_GAS,benchmark_spot,USD,USD_PER_MMBTU,False
2017-06-08,NATURAL_GAS,NATURAL_GAS,2.98,,,,alpha_vantage,NATURAL_GAS,benchmark_spot,USD,USD_PER_MMBTU,False
2017-06-09,NATURAL_GAS,NATURAL_GAS,3.03,,,,alpha_vantage,NATURAL_GAS,benchmark_spot,USD,USD_PER_MMBTU,False
2017-06-12,NATURAL_GAS,NATURAL_GAS,3.12,,,,alpha_vantage,NATURAL_GAS,benchmark_spot,USD,USD_PER_MMBTU,False
2017-06-13,NATURAL_GAS,NATURAL_GAS,3.12,,,,alpha_vantage,NATURAL_GAS,benchmark_spot,USD,USD_PER_MMBTU,False
2017-06-14,NATURAL_GAS,NATURAL_GAS,2.95,,,,alpha_vantage,NATURAL_GAS,benchmark_spot,USD,USD_PER_MMBTU,False
2017-06-15,NATURAL_GAS,NATURAL_GAS,2.94,,,,alpha_vantage,NATURAL_GAS,benchmark_spot,USD,USD_PER_MMBTU,False
2017-06-16,NATURAL_GAS,NATURAL_GAS,3.01,,,,alpha_vantage,NATURAL_GAS,benchmark_spot,USD,USD_PER_MMBTU,False
2017-06-19,NATURAL_GAS,NATURAL_GAS,2.87,,,,alpha_vantage,NATURAL_GAS,benchmark_spot,USD,USD_PER_MMBTU,False
2017-06-20,NATURAL_GAS,NATURAL_GAS,2.91,,,,alpha_vantage,NATURAL_GAS,benchmark_spot,USD,USD_PER_MMBTU,False
2017-06-21,NATURAL_GAS,NATURAL_GAS,2.91,,,,alpha_vantage,NATURAL_GAS,benchmark_spot,USD,USD_PER_MMBTU,False
2017-06-22,NATURAL_GAS,NATURAL_GAS,2.88,,,,alpha_vantage,NATURAL_GAS,benchmark_spot,USD,USD_PER_MMBTU,False
2017-06-23,NATURAL_GAS,NATURAL_GAS,2.89,,,,alpha_vantage,NATURAL_GAS,benchmark_spot,USD,USD_PER_MMBTU,False
2017-06-26,NATURAL_GAS,NATURAL_GAS,2.98,,,,alpha_vantage,NATURAL_GAS,benchmark_spot,USD,USD_PER_MMBTU,False
2017-06-27,NATURAL_GAS,NATURAL_GAS,2.99,,,,alpha_vantage,NATURAL_GAS,benchmark_spot,USD,USD_PER_MMBTU,False
2017-06-28,NATURAL_GAS,NATURAL_GAS,3.03,,,,alpha_vantage,NATURAL_GAS,benchmark_spot,USD,USD_PER_MMBTU,False
2017-06-29,NATURAL_GAS,NATURAL_GAS,3.07,,,,alpha_vantage,NATURAL_GAS,benchmark_spot,USD,USD_PER_MMBTU,False
2017-06-30,NATURAL_GAS,NATURAL_GAS,2.98,,,,alpha_vantage,NATURAL_GAS,benchmark_spot,USD,USD_PER_MMBTU,False
2017-07-03,NATURAL_GAS,NATURAL_GAS,2.98,,,,alpha_vantage,NATURAL_GAS,benchmark_spot,USD,USD_PER_MMBTU,False
2017-07-04,NATURAL_GAS,NATURAL_GAS,2.98,,,,alpha_vantage,NATURAL_GAS,benchmark_spot,USD,USD_PER_MMBTU,False
2017-07-05,NATURAL_GAS,NATURAL_GAS,2.98,,,,alpha_vantage,NATURAL_GAS,benchmark_spot,USD,USD_PER_MMBTU,False
2017-07-06,NATURAL_GAS,NATURAL_GAS,2.89,,,,alpha_vantage,NATURAL_GAS,benchmark_spot,USD,USD_PER_MMBTU,False
2017-07-07,NATURAL_GAS,NATURAL_GAS,2.91,,,,alpha_vantage,NATURAL_GAS,benchmark_spot,USD,USD_PER_MMBTU,False
2017-07-10,NATURAL_GAS,NATURAL_GAS,2.92,,,,alpha_vantage,NATURAL_GAS,benchmark_spot,USD,USD_PER_MMBTU,False
2017-07-11,NATURAL_GAS,NATURAL_GAS,2.98,,,,alpha_vantage,NATURAL_GAS,benchmark_spot,USD,USD_PER_MMBTU,False
2017-07-12,NATURAL_GAS,NATURAL_GAS,3.01,,,,alpha_vantage,NATURAL_GAS,benchmark_spot,USD,USD_PER_MMBTU,False
2017-07-13,NATURAL_GAS,NATURAL_GAS,2.96,,,,alpha_vantage,NATURAL_GAS,benchmark_spot,USD,USD_PER_MMBTU,False
2017-07-14,NATURAL_GAS,NATURAL_GAS,2.94,,,,alpha_vantage,NATURAL_GAS,benchmark_spot,USD,USD_PER_MMBTU,False
2017-07-17,NATURAL_GAS,NATURAL_GAS,3.04,,,,alpha_vantage,NATURAL_GAS,benchmark_spot,USD,USD_PER_MMBTU,False
2017-07-18,NATURAL_GAS,NATURAL_GAS,3.11,,,,alpha_vantage,NATURAL_GAS,benchmark_spot,USD,USD_PER_MMBTU,False
2017-07-19,NATURAL_GAS,NATURAL_GAS,3.11,,,,alpha_vantage,NATURAL_GAS,benchmark_spot,USD,USD_PER_MMBTU,False
2017-07-20,NATURAL_GAS,NATURAL_GAS,3.12,,,,alpha_vantage,NATURAL_GAS,benchmark_spot,USD,USD_PER_MMBTU,False
2017-07-21,NATURAL_GAS,NATURAL_GAS,3.06,,,,alpha_vantage,NATURAL_GAS,benchmark_spot,USD,USD_PER_MMBTU,False
2017-07-24,NATURAL_GAS,NATURAL_GAS,2.99,,,,alpha_vantage,NATURAL_GAS,benchmark_spot,USD,USD_PER_MMBTU,False
2017-07-25,NATURAL_GAS,NATURAL_GAS,2.99,,,,alpha_vantage,NATURAL_GAS,benchmark_spot,USD,USD_PER_MMBTU,False
2017-07-26,NATURAL_GAS,NATURAL_GAS,2.92,,,,alpha_vantage,NATURAL_GAS,benchmark_spot,USD,USD_PER_MMBTU,False
2017-07-27,NATURAL_GAS,NATURAL_GAS,2.95,,,,alpha_vantage,NATURAL_GAS,benchmark_spot,USD,USD_PER_MMBTU,False
2017-07-28,NATURAL_GAS,NATURAL_GAS,2.96,,,,alpha_vantage,NATURAL_GAS,benchmark_spot,USD,USD_PER_MMBTU,False
2017-07-31,NATURAL_GAS,NATURAL_GAS,2.87,,,,alpha_vantage,NATURAL_GAS,benchmark_spot,USD,USD_PER_MMBTU,False
2017-08-01,NATURAL_GAS,NATURAL_GAS,2.8,,,,alpha_vantage,NATURAL_GAS,benchmark_spot,USD,USD_PER_MMBTU,False
2017-08-02,NATURAL_GAS,NATURAL_GAS,2.8,,,,alpha_vantage,NATURAL_GAS,benchmark_spot,USD,USD_PER_MMBTU,False
2017-08-03,NATURAL_GAS,NATURAL_GAS,2.76,,,,alpha_vantage,NATURAL_GAS,benchmark_spot,USD,USD_PER_MMBTU,False
2017-08-04,NATURAL_GAS,NATURAL_GAS,2.76,,,,alpha_vantage,NATURAL_GAS,benchmark_spot,USD,USD_PER_MMBTU,False
2017-08-07,NATURAL_GAS,NATURAL_GAS,2.8,,,,alpha_vantage,NATURAL_GAS,benchmark_spot,USD,USD_PER_MMBTU,False
2017-08-08,NATURAL_GAS,NATURAL_GAS,2.81,,,,alpha_vantage,NATURAL_GAS,benchmark_spot,USD,USD_PER_MMBTU,False
2017-08-09,NATURAL_GAS,NATURAL_GAS,2.81,,,,alpha_vantage,NATURAL_GAS,benchmark_spot,USD,USD_PER_MMBTU,False
2017-08-10,NATURAL_GAS,NATURAL_GAS,2.89,,,,alpha_vantage,NATURAL_GAS,benchmark_spot,USD,USD_PER_MMBTU,False
2017-08-11,NATURAL_GAS,NATURAL_GAS,2.96,,,,alpha_vantage,NATURAL_GAS,benchmark_spot,USD,USD_PER_MMBTU,False
2017-08-14,NATURAL_GAS,NATURAL_GAS,3.02,,,,alpha_vantage,NATURAL_GAS,benchmark_spot,USD,USD_PER_MMBTU,False
2017-08-15,NATURAL_GAS,NATURAL_GAS,2.96,,,,alpha_vantage,NATURAL_GAS,benchmark_spot,USD,USD_PER_MMBTU,False
2017-08-16,NATURAL_GAS,NATURAL_GAS,2.94,,,,alpha_vantage,NATURAL_GAS,benchmark_spot,USD,USD_PER_MMBTU,False
2017-08-17,NATURAL_GAS,NATURAL_GAS,2.91,,,,alpha_vantage,NATURAL_GAS,benchmark_spot,USD,USD_PER_MMBTU,False
2017-08-18,NATURAL_GAS,NATURAL_GAS,2.9,,,,alpha_vantage,NATURAL_GAS,benchmark_spot,USD,USD_PER_MMBTU,False
2017-08-21,NATURAL_GAS,NATURAL_GAS,3.0,,,,alpha_vantage,NATURAL_GAS,benchmark_spot,USD,USD_PER_MMBTU,False
2017-08-22,NATURAL_GAS,NATURAL_GAS,3.0,,,,alpha_vantage,NATURAL_GAS,benchmark_spot,USD,USD_PER_MMBTU,False
2017-08-23,NATURAL_GAS,NATURAL_GAS,2.94,,,,alpha_vantage,NATURAL_GAS,benchmark_spot,USD,USD_PER_MMBTU,False
2017-08-24,NATURAL_GAS,NATURAL_GAS,2.97,,,,alpha_vantage,NATURAL_GAS,benchmark_spot,USD,USD_PER_MMBTU,False
2017-08-25,NATURAL_GAS,NATURAL_GAS,2.93,,,,alpha_vantage,NATURAL_GAS,benchmark_spot,USD,USD_PER_MMBTU,False
2017-08-28,NATURAL_GAS,NATURAL_GAS,2.95,,,,alpha_vantage,NATURAL_GAS,benchmark_spot,USD,USD_PER_MMBTU,False
2017-08-29,NATURAL_GAS,NATURAL_GAS,2.95,,,,alpha_vantage,NATURAL_GAS,benchmark_spot,USD,USD_PER_MMBTU,False
2017-08-30,NATURAL_GAS,NATURAL_GAS,2.95,,,,alpha_vantage,NATURAL_GAS,benchmark_spot,USD,USD_PER_MMBTU,False
2017-08-31,NATURAL_GAS,NATURAL_GAS,2.92,,,,alpha_vantage,NATURAL_GAS,benchmark_spot,USD,USD_PER_MMBTU,False
2017-09-01,NATURAL_GAS,NATURAL_GAS,2.88,,,,alpha_vantage,NATURAL_GAS,benchmark_spot,USD,USD_PER_MMBTU,False
2017-09-04,NATURAL_GAS,NATURAL_GAS,2.88,,,,alpha_vantage,NATURAL_GAS,benchmark_spot,USD,USD_PER_MMBTU,False
2017-09-05,NATURAL_GAS,NATURAL_GAS,2.88,,,,alpha_vantage,NATURAL_GAS,benchmark_spot,USD,USD_PER_MMBTU,False
2017-09-06,NATURAL_GAS,NATURAL_GAS,2.98,,,,alpha_vantage,NATURAL_GAS,benchmark_spot,USD,USD_PER_MMBTU,False
2017-09-07,NATURAL_GAS,NATURAL_GAS,2.92,,,,alpha_vantage,NATURAL_GAS,benchmark_spot,USD,USD_PER_MMBTU,False
2017-09-08,NATURAL_GAS,NATURAL_GAS,2.88,,,,alpha_vantage,NATURAL_GAS,benchmark_spot,USD,USD_PER_MMBTU,False
2017-09-11,NATURAL_GAS,NATURAL_GAS,2.88,,,,alpha_vantage,NATURAL_GAS,benchmark_spot,USD,USD_PER_MMBTU,False
2017-09-12,NATURAL_GAS,NATURAL_GAS,2.88,,,,alpha_vantage,NATURAL_GAS,benchmark_spot,USD,USD_PER_MMBTU,False
2017-09-13,NATURAL_GAS,NATURAL_GAS,3.02,,,,alpha_vantage,NATURAL_GAS,benchmark_spot,USD,USD_PER_MMBTU,False
2017-09-14,NATURAL_GAS,NATURAL_GAS,3.03,,,,alpha_vantage,NATURAL_GAS,benchmark_spot,USD,USD_PER_MMBTU,False
2017-09-15,NATURAL_GAS,NATURAL_GAS,3.0,,,,alpha_vantage,NATURAL_GAS,benchmark_spot,USD,USD_PER_MMBTU,False
2017-09-18,NATURAL_GAS,NATURAL_GAS,3.11,,,,alpha_vantage,NATURAL_GAS,benchmark_spot,USD,USD_PER_MMBTU,False
2017-09-19,NATURAL_GAS,NATURAL_GAS,3.18,,,,alpha_vantage,NATURAL_GAS,benchmark_spot,USD,USD_PER_MMBTU,False
2017-09-20,NATURAL_GAS,NATURAL_GAS,3.13,,,,alpha_vantage,NATURAL_GAS,benchmark_spot,USD,USD_PER_MMBTU,False
2017-09-21,NATURAL_GAS,NATURAL_GAS,3.11,,,,alpha_vantage,NATURAL_GAS,benchmark_spot,USD,USD_PER_MMBTU,False
2017-09-22,NATURAL_GAS,NATURAL_GAS,2.93,,,,alpha_vantage,NATURAL_GAS,benchmark_spot,USD,USD_PER_MMBTU,False
2017-09-25,NATURAL_GAS,NATURAL_GAS,2.96,,,,alpha_vantage,NATURAL_GAS,benchmark_spot,USD,USD_PER_MMBTU,False
2017-09-26,NATURAL_GAS,NATURAL_GAS,2.96,,,,alpha_vantage,NATURAL_GAS,benchmark_spot,USD,USD_PER_MMBTU,False
2017-09-27,NATURAL_GAS,NATURAL_GAS,2.98,,,,alpha_vantage,NATURAL_GAS,benchmark_spot,USD,USD_PER_MMBTU,False
2017-09-28,NATURAL_GAS,NATURAL_GAS,2.96,,,,alpha_vantage,NATURAL_GAS,benchmark_spot,USD,USD_PER_MMBTU,False
2017-09-29,NATURAL_GAS,NATURAL_GAS,2.94,,,,alpha_vantage,NATURAL_GAS,benchmark_spot,USD,USD_PER_MMBTU,False
2017-10-02,NATURAL_GAS,NATURAL_GAS,2.94,,,,alpha_vantage,NATURAL_GAS,benchmark_spot,USD,USD_PER_MMBTU,False
2017-10-03,NATURAL_GAS,NATURAL_GAS,2.73,,,,alpha_vantage,NATURAL_GAS,benchmark_spot,USD,USD_PER_MMBTU,False
2017-10-04,NATURAL_GAS,NATURAL_GAS,2.8,,,,alpha_vantage,NATURAL_GAS,benchmark_spot,USD,USD_PER_MMBTU,False
2017-10-05,NATURAL_GAS,NATURAL_GAS,2.8,,,,alpha_vantage,NATURAL_GAS,benchmark_spot,USD,USD_PER_MMBTU,False
2017-10-06,NATURAL_GAS,NATURAL_GAS,2.93,,,,alpha_vantage,NATURAL_GAS,benchmark_spot,USD,USD_PER_MMBTU,False
2017-10-09,NATURAL_GAS,NATURAL_GAS,2.87,,,,alpha_vantage,NATURAL_GAS,benchmark_spot,USD,USD_PER_MMBTU,False
2017-10-10,NATURAL_GAS,NATURAL_GAS,2.89,,,,alpha_vantage,NATURAL_GAS,benchmark_spot,USD,USD_PER_MMBTU,False
2017-10-11,NATURAL_GAS,NATURAL_GAS,2.89,,,,alpha_vantage,NATURAL_GAS,benchmark_spot,USD,USD_PER_MMBTU,False
2017-10-12,NATURAL_GAS,NATURAL_GAS,2.95,,,,alpha_vantage,NATURAL_GAS,benchmark_spot,USD,USD_PER_MMBTU,False
2017-10-13,NATURAL_GAS,NATURAL_GAS,2.99,,,,alpha_vantage,NATURAL_GAS,benchmark_spot,USD,USD_PER_MMBTU,False
2017-10-16,NATURAL_GAS,NATURAL_GAS,2.87,,,,alpha_vantage,NATURAL_GAS,benchmark_spot,USD,USD_PER_MMBTU,False
2017-10-17,NATURAL_GAS,NATURAL_GAS,2.88,,,,alpha_vantage,NATURAL_GAS,benchmark_spot,USD,USD_PER_MMBTU,False
2017-10-18,NATURAL_GAS,NATURAL_GAS,2.81,,,,alpha_vantage,NATURAL_GAS,benchmark_spot,USD,USD_PER_MMBTU,False
2017-10-19,NATURAL_GAS,NATURAL_GAS,2.83,,,,alpha_vantage,NATURAL_GAS,benchmark_spot,USD,USD_PER_MMBTU,False
2017-10-20,NATURAL_GAS,NATURAL_GAS,2.8,,,,alpha_vantage,NATURAL_GAS,benchmark_spot,USD,USD_PER_MMBTU,False
2017-10-23,NATURAL_GAS,NATURAL_GAS,2.95,,,,alpha_vantage,NATURAL_GAS,benchmark_spot,USD,USD_PER_MMBTU,False
2017-10-24,NATURAL_GAS,NATURAL_GAS,2.95,,,,alpha_vantage,NATURAL_GAS,benchmark_spot,USD,USD_PER_MMBTU,False
2017-10-25,NATURAL_GAS,NATURAL_GAS,2.98,,,,alpha_vantage,NATURAL_GAS,benchmark_spot,USD,USD_PER_MMBTU,False
2017-10-26,NATURAL_GAS,NATURAL_GAS,2.91,,,,alpha_vantage,NATURAL_GAS,benchmark_spot,USD,USD_PER_MMBTU,False
2017-10-27,NATURAL_GAS,NATURAL_GAS,2.78,,,,alpha_vantage,NATURAL_GAS,benchmark_spot,USD,USD_PER_MMBTU,False
2017-10-30,NATURAL_GAS,NATURAL_GAS,2.94,,,,alpha_vantage,NATURAL_GAS,benchmark_spot,USD,USD_PER_MMBTU,False
2017-10-31,NATURAL_GAS,NATURAL_GAS,2.84,,,,alpha_vantage,NATURAL_GAS,benchmark_spot,USD,USD_PER_MMBTU,False
2017-11-01,NATURAL_GAS,NATURAL_GAS,2.68,,,,alpha_vantage,NATURAL_GAS,benchmark_spot,USD,USD_PER_MMBTU,False
2017-11-02,NATURAL_GAS,NATURAL_GAS,2.68,,,,alpha_vantage,NATURAL_GAS,benchmark_spot,USD,USD_PER_MMBTU,False
2017-11-03,NATURAL_GAS,NATURAL_GAS,2.75,,,,alpha_vantage,NATURAL_GAS,benchmark_spot,USD,USD_PER_MMBTU,False
2017-11-06,NATURAL_GAS,NATURAL_GAS,3.01,,,,alpha_vantage,NATURAL_GAS,benchmark_spot,USD,USD_PER_MMBTU,False
2017-11-07,NATURAL_GAS,NATURAL_GAS,3.07,,,,alpha_vantage,NATURAL_GAS,benchmark_spot,USD,USD_PER_MMBTU,False
2017-11-08,NATURAL_GAS,NATURAL_GAS,3.16,,,,alpha_vantage,NATURAL_GAS,benchmark_spot,USD,USD_PER_MMBTU,False
2017-11-09,NATURAL_GAS,NATURAL_GAS,3.18,,,,alpha_vantage,NATURAL_GAS,benchmark_spot,USD,USD_PER_MMBTU,False
2017-11-10,NATURAL_GAS,NATURAL_GAS,3.17,,,,alpha_vantage,NATURAL_GAS,benchmark_spot,USD,USD_PER_MMBTU,False
2017-11-13,NATURAL_GAS,NATURAL_GAS,3.13,,,,alpha_vantage,NATURAL_GAS,benchmark_spot,USD,USD_PER_MMBTU,False
2017-11-14,NATURAL_GAS,NATURAL_GAS,3.06,,,,alpha_vantage,NATURAL_GAS,benchmark_spot,USD,USD_PER_MMBTU,False
2017-11-15,NATURAL_GAS,NATURAL_GAS,3.16,,,,alpha_vantage,NATURAL_GAS,benchmark_spot,USD,USD_PER_MMBTU,False
2017-11-16,NATURAL_GAS,NATURAL_GAS,3.09,,,,alpha_vantage,NATURAL_GAS,benchmark_spot,USD,USD_PER_MMBTU,False
2017-11-17,NATURAL_GAS,NATURAL_GAS,3.04,,,,alpha_vantage,NATURAL_GAS,benchmark_spot,USD,USD_PER_MMBTU,False
2017-11-20,NATURAL_GAS,NATURAL_GAS,3.04,,,,alpha_vantage,NATURAL_GAS,benchmark_spot,USD,USD_PER_MMBTU,False
2017-11-21,NATURAL_GAS,NATURAL_GAS,3.05,,,,alpha_vantage,NATURAL_GAS,benchmark_spot,USD,USD_PER_MMBTU,False
2017-11-22,NATURAL_GAS,NATURAL_GAS,3.05,,,,alpha_vantage,NATURAL_GAS,benchmark_spot,USD,USD_PER_MMBTU,False
2017-11-23,NATURAL_GAS,NATURAL_GAS,3.05,,,,alpha_vantage,NATURAL_GAS,benchmark_spot,USD,USD_PER_MMBTU,False
2017-11-24,NATURAL_GAS,NATURAL_GAS,3.05,,,,alpha_vantage,NATURAL_GAS,benchmark_spot,USD,USD_PER_MMBTU,False
2017-11-27,NATURAL_GAS,NATURAL_GAS,2.88,,,,alpha_vantage,NATURAL_GAS,benchmark_spot,USD,USD_PER_MMBTU,False
2017-11-28,NATURAL_GAS,NATURAL_GAS,2.88,,,,alpha_vantage,NATURAL_GAS,benchmark_spot,USD,USD_PER_MMBTU,False
2017-11-29,NATURAL_GAS,NATURAL_GAS,3.06,,,,alpha_vantage,NATURAL_GAS,benchmark_spot,USD,USD_PER_MMBTU,False
2017-11-30,NATURAL_GAS,NATURAL_GAS,3.06,,,,alpha_vantage,NATURAL_GAS,benchmark_spot,USD,USD_PER_MMBTU,False
2017-12-01,NATURAL_GAS,NATURAL_GAS,2.84,,,,alpha_vantage,NATURAL_GAS,benchmark_spot,USD,USD_PER_MMBTU,False
2017-12-04,NATURAL_GAS,NATURAL_GAS,2.91,,,,alpha_vantage,NATURAL_GAS,benchmark_spot,USD,USD_PER_MMBTU,False
2017-12-05,NATURAL_GAS,NATURAL_GAS,2.86,,,,alpha_vantage,NATURAL_GAS,benchmark_spot,USD,USD_PER_MMBTU,False
2017-12-06,NATURAL_GAS,NATURAL_GAS,2.86,,,,alpha_vantage,NATURAL_GAS,benchmark_spot,USD,USD_PER_MMBTU,False
2017-12-07,NATURAL_GAS,NATURAL_GAS,2.81,,,,alpha_vantage,NATURAL_GAS,benchmark_spot,USD,USD_PER_MMBTU,False
2017-12-08,NATURAL_GAS,NATURAL_GAS,2.78,,,,alpha_vantage,NATURAL_GAS,benchmark_spot,USD,USD_PER_MMBTU,False
2017-12-11,NATURAL_GAS,NATURAL_GAS,2.81,,,,alpha_vantage,NATURAL_GAS,benchmark_spot,USD,USD_PER_MMBTU,False
2017-12-12,NATURAL_GAS,NATURAL_GAS,2.87,,,,alpha_vantage,NATURAL_GAS,benchmark_spot,USD,USD_PER_MMBTU,False
2017-12-13,NATURAL_GAS,NATURAL_GAS,2.87,,,,alpha_vantage,NATURAL_GAS,benchmark_spot,USD,USD_PER_MMBTU,False
2017-12-14,NATURAL_GAS,NATURAL_GAS,2.69,,,,alpha_vantage,NATURAL_GAS,benchmark_spot,USD,USD_PER_MMBTU,False
2017-12-15,NATURAL_GAS,NATURAL_GAS,2.6,,,,alpha_vantage,NATURAL_GAS,benchmark_spot,USD,USD_PER_MMBTU,False
2017-12-18,NATURAL_GAS,NATURAL_GAS,2.71,,,,alpha_vantage,NATURAL_GAS,benchmark_spot,USD,USD_PER_MMBTU,False
2017-12-19,NATURAL_GAS,NATURAL_GAS,2.75,,,,alpha_vantage,NATURAL_GAS,benchmark_spot,USD,USD_PER_MMBTU,False
2017-12-20,NATURAL_GAS,NATURAL_GAS,2.72,,,,alpha_vantage,NATURAL_GAS,benchmark_spot,USD,USD_PER_MMBTU,False
2017-12-21,NATURAL_GAS,NATURAL_GAS,2.64,,,,alpha_vantage,NATURAL_GAS,benchmark_spot,USD,USD_PER_MMBTU,False
2017-12-22,NATURAL_GAS,NATURAL_GAS,2.63,,,,alpha_vantage,NATURAL_GAS,benchmark_spot,USD,USD_PER_MMBTU,False
2017-12-26,NATURAL_GAS,NATURAL_GAS,2.68,,,,alpha_vantage,NATURAL_GAS,benchmark_spot,USD,USD_PER_MMBTU,False
2017-12-27,NATURAL_GAS,NATURAL_GAS,2.76,,,,alpha_vantage,NATURAL_GAS,benchmark_spot,USD,USD_PER_MMBTU,False
2017-12-28,NATURAL_GAS,NATURAL_GAS,2.97,,,,alpha_vantage,NATURAL_GAS,benchmark_spot,USD,USD_PER_MMBTU,False
2017-12-29,NATURAL_GAS,NATURAL_GAS,3.69,,,,alpha_vantage,NATURAL_GAS,benchmark_spot,USD,USD_PER_MMBTU,False
2018-01-02,NATURAL_GAS,NATURAL_GAS,6.24,,,,alpha_vantage,NATURAL_GAS,benchmark_spot,USD,USD_PER_MMBTU,False
2018-01-03,NATURAL_GAS,NATURAL_GAS,6.24,,,,alpha_vantage,NATURAL_GAS,benchmark_spot,USD,USD_PER_MMBTU,False
2018-01-04,NATURAL_GAS,NATURAL_GAS,4.65,,,,alpha_vantage,NATURAL_GAS,benchmark_spot,USD,USD_PER_MMBTU,False
2018-01-08,NATURAL_GAS,NATURAL_GAS,2.89,,,,alpha_vantage,NATURAL_GAS,benchmark_spot,USD,USD_PER_MMBTU,False
2018-01-09,NATURAL_GAS,NATURAL_GAS,2.93,,,,alpha_vantage,NATURAL_GAS,benchmark_spot,USD,USD_PER_MMBTU,False
2018-01-10,NATURAL_GAS,NATURAL_GAS,3.16,,,,alpha_vantage,NATURAL_GAS,benchmark_spot,USD,USD_PER_MMBTU,False
2018-01-11,NATURAL_GAS,NATURAL_GAS,3.16,,,,alpha_vantage,NATURAL_GAS,benchmark_spot,USD,USD_PER_MMBTU,False
2018-01-12,NATURAL_GAS,NATURAL_GAS,4.06,,,,alpha_vantage,NATURAL_GAS,benchmark_spot,USD,USD_PER_MMBTU,False
2018-01-16,NATURAL_GAS,NATURAL_GAS,5.46,,,,alpha_vantage,NATURAL_GAS,benchmark_spot,USD,USD_PER_MMBTU,False
2018-01-17,NATURAL_GAS,NATURAL_GAS,3.92,,,,alpha_vantage,NATURAL_GAS,benchmark_spot,USD,USD_PER_MMBTU,False
2018-01-18,NATURAL_GAS,NATURAL_GAS,3.92,,,,alpha_vantage,NATURAL_GAS,benchmark_spot,USD,USD_PER_MMBTU,False
2018-01-19,NATURAL_GAS,NATURAL_GAS,3.2,,,,alpha_vantage,NATURAL_GAS,benchmark_spot,USD,USD_PER_MMBTU,False
2018-01-22,NATURAL_GAS,NATURAL_GAS,3.13,,,,alpha_vantage,NATURAL_GAS,benchmark_spot,USD,USD_PER_MMBTU,False
2018-01-23,NATURAL_GAS,NATURAL_GAS,3.35,,,,alpha_vantage,NATURAL_GAS,benchmark_spot,USD,USD_PER_MMBTU,False
2018-01-24,NATURAL_GAS,NATURAL_GAS,3.54,,,,alpha_vantage,NATURAL_GAS,benchmark_spot,USD,USD_PER_MMBTU,False
2018-01-25,NATURAL_GAS,NATURAL_GAS,3.54,,,,alpha_vantage,NATURAL_GAS,benchmark_spot,USD,USD_PER_MMBTU,False
2018-01-26,NATURAL_GAS,NATURAL_GAS,3.58,,,,alpha_vantage,NATURAL_GAS,benchmark_spot,USD,USD_PER_MMBTU,False
2018-01-29,NATURAL_GAS,NATURAL_GAS,3.6,,,,alpha_vantage,NATURAL_GAS,benchmark_spot,USD,USD_PER_MMBTU,False
2018-01-30,NATURAL_GAS,NATURAL_GAS,3.6,,,,alpha_vantage,NATURAL_GAS,benchmark_spot,USD,USD_PER_MMBTU,False
2018-01-31,NATURAL_GAS,NATURAL_GAS,3.34,,,,alpha_vantage,NATURAL_GAS,benchmark_spot,USD,USD_PER_MMBTU,False
2018-02-01,NATURAL_GAS,NATURAL_GAS,3.06,,,,alpha_vantage,NATURAL_GAS,benchmark_spot,USD,USD_PER_MMBTU,False
2018-02-02,NATURAL_GAS,NATURAL_GAS,2.91,,,,alpha_vantage,NATURAL_GAS,benchmark_spot,USD,USD_PER_MMBTU,False
2018-02-05,NATURAL_GAS,NATURAL_GAS,2.85,,,,alpha_vantage,NATURAL_GAS,benchmark_spot,USD,USD_PER_MMBTU,False
2018-02-06,NATURAL_GAS,NATURAL_GAS,2.75,,,,alpha_vantage,NATURAL_GAS,benchmark_spot,USD,USD_PER_MMBTU,False
2018-02-07,NATURAL_GAS,NATURAL_GAS,2.74,,,,alpha_vantage,NATURAL_GAS,benchmark_spot,USD,USD_PER_MMBTU,False
2018-02-08,NATURAL_GAS,NATURAL_GAS,2.74,,,,alpha_vantage,NATURAL_GAS,benchmark_spot,USD,USD_PER_MMBTU,False
2018-02-09,NATURAL_GAS,NATURAL_GAS,2.66,,,,alpha_vantage,NATURAL_GAS,benchmark_spot,USD,USD_PER_MMBTU,False
2018-02-12,NATURAL_GAS,NATURAL_GAS,2.6,,,,alpha_vantage,NATURAL_GAS,benchmark_spot,USD,USD_PER_MMBTU,False
2018-02-13,NATURAL_GAS,NATURAL_GAS,2.58,,,,alpha_vantage,NATURAL_GAS,benchmark_spot,USD,USD_PER_MMBTU,False
2018-02-14,NATURAL_GAS,NATURAL_GAS,2.53,,,,alpha_vantage,NATURAL_GAS,benchmark_spot,USD,USD_PER_MMBTU,False
2018-02-15,NATURAL_GAS,NATURAL_GAS,2.49,,,,alpha_vantage,NATURAL_GAS,benchmark_spot,USD,USD_PER_MMBTU,False
2018-02-16,NATURAL_GAS,NATURAL_GAS,2.49,,,,alpha_vantage,NATURAL_GAS,benchmark_spot,USD,USD_PER_MMBTU,False
2018-02-20,NATURAL_GAS,NATURAL_GAS,2.61,,,,alpha_vantage,NATURAL_GAS,benchmark_spot,USD,USD_PER_MMBTU,False
2018-02-21,NATURAL_GAS,NATURAL_GAS,2.65,,,,alpha_vantage,NATURAL_GAS,benchmark_spot,USD,USD_PER_MMBTU,False
2018-02-22,NATURAL_GAS,NATURAL_GAS,2.65,,,,alpha_vantage,NATURAL_GAS,benchmark_spot,USD,USD_PER_MMBTU,False
2018-02-23,NATURAL_GAS,NATURAL_GAS,2.58,,,,alpha_vantage,NATURAL_GAS,benchmark_spot,USD,USD_PER_MMBTU,False
2018-02-26,NATURAL_GAS,NATURAL_GAS,2.6,,,,alpha_vantage,NATURAL_GAS,benchmark_spot,USD,USD_PER_MMBTU,False
2018-02-27,NATURAL_GAS,NATURAL_GAS,2.59,,,,alpha_vantage,NATURAL_GAS,benchmark_spot,USD,USD_PER_MMBTU,False
2018-02-28,NATURAL_GAS,NATURAL_GAS,2.66,,,,alpha_vantage,NATURAL_GAS,benchmark_spot,USD,USD_PER_MMBTU,False
2018-03-01,NATURAL_GAS,NATURAL_GAS,2.67,,,,alpha_vantage,NATURAL_GAS,benchmark_spot,USD,USD_PER_MMBTU,False
2018-03-02,NATURAL_GAS,NATURAL_GAS,2.67,,,,alpha_vantage,NATURAL_GAS,benchmark_spot,USD,USD_PER_MMBTU,False
2018-03-05,NATURAL_GAS,NATURAL_GAS,2.7,,,,alpha_vantage,NATURAL_GAS,benchmark_spot,USD,USD_PER_MMBTU,False
2018-03-06,NATURAL_GAS,NATURAL_GAS,2.7,,,,alpha_vantage,NATURAL_GAS,benchmark_spot,USD,USD_PER_MMBTU,False
2018-03-07,NATURAL_GAS,NATURAL_GAS,2.8,,,,alpha_vantage,NATURAL_GAS,benchmark_spot,USD,USD_PER_MMBTU,False
2018-03-08,NATURAL_GAS,NATURAL_GAS,2.8,,,,alpha_vantage,NATURAL_GAS,benchmark_spot,USD,USD_PER_MMBTU,False
2018-03-09,NATURAL_GAS,NATURAL_GAS,2.71,,,,alpha_vantage,NATURAL_GAS,benchmark_spot,USD,USD_PER_MMBTU,False
2018-03-12,NATURAL_GAS,NATURAL_GAS,2.78,,,,alpha_vantage,NATURAL_GAS,benchmark_spot,USD,USD_PER_MMBTU,False
2018-03-13,NATURAL_GAS,NATURAL_GAS,2.76,,,,alpha_vantage,NATURAL_GAS,benchmark_spot,USD,USD_PER_MMBTU,False
2018-03-14,NATURAL_GAS,NATURAL_GAS,2.69,,,,alpha_vantage,NATURAL_GAS,benchmark_spot,USD,USD_PER_MMBTU,False
2018-03-15,NATURAL_GAS,NATURAL_GAS,2.7,,,,alpha_vantage,NATURAL_GAS,benchmark_spot,USD,USD_PER_MMBTU,False
2018-03-16,NATURAL_GAS,NATURAL_GAS,2.62,,,,alpha_vantage,NATURAL_GAS,benchmark_spot,USD,USD_PER_MMBTU,False
2018-03-19,NATURAL_GAS,NATURAL_GAS,2.62,,,,alpha_vantage,NATURAL_GAS,benchmark_spot,USD,USD_PER_MMBTU,False
2018-03-20,NATURAL_GAS,NATURAL_GAS,2.71,,,,alpha_vantage,NATURAL_GAS,benchmark_spot,USD,USD_PER_MMBTU,False
2018-03-21,NATURAL_GAS,NATURAL_GAS,2.74,,,,alpha_vantage,NATURAL_GAS,benchmark_spot,USD,USD_PER_MMBTU,False
2018-03-22,NATURAL_GAS,NATURAL_GAS,2.62,,,,alpha_vantage,NATURAL_GAS,benchmark_spot,USD,USD_PER_MMBTU,False
2018-03-23,NATURAL_GAS,NATURAL_GAS,2.58,,,,alpha_vantage,NATURAL_GAS,benchmark_spot,USD,USD_PER_MMBTU,False
2018-03-26,NATURAL_GAS,NATURAL_GAS,2.63,,,,alpha_vantage,NATURAL_GAS,benchmark_spot,USD,USD_PER_MMBTU,False
2018-03-27,NATURAL_GAS,NATURAL_GAS,2.6,,,,alpha_vantage,NATURAL_GAS,benchmark_spot,USD,USD_PER_MMBTU,False
2018-03-28,NATURAL_GAS,NATURAL_GAS,2.64,,,,alpha_vantage,NATURAL_GAS,benchmark_spot,USD,USD_PER_MMBTU,False
2018-03-29,NATURAL_GAS,NATURAL_GAS,2.81,,,,alpha_vantage,NATURAL_GAS,benchmark_spot,USD,USD_PER_MMBTU,False
2018-04-02,NATURAL_GAS,NATURAL_GAS,2.75,,,,alpha_vantage,NATURAL_GAS,benchmark_spot,USD,USD_PER_MMBTU,False
2018-04-03,NATURAL_GAS,NATURAL_GAS,2.75,,,,alpha_vantage,NATURAL_GAS,benchmark_spot,USD,USD_PER_MMBTU,False
2018-04-04,NATURAL_GAS,NATURAL_GAS,2.81,,,,alpha_vantage,NATURAL_GAS,benchmark_spot,USD,USD_PER_MMBTU,False
2018-04-05,NATURAL_GAS,NATURAL_GAS,2.81,,,,alpha_vantage,NATURAL_GAS,benchmark_spot,USD,USD_PER_MMBTU,False
2018-04-06,NATURAL_GAS,NATURAL_GAS,2.81,,,,alpha_vantage,NATURAL_GAS,benchmark_spot,USD,USD_PER_MMBTU,False
2018-04-09,NATURAL_GAS,NATURAL_GAS,2.78,,,,alpha_vantage,NATURAL_GAS,benchmark_spot,USD,USD_PER_MMBTU,False
2018-04-10,NATURAL_GAS,NATURAL_GAS,2.78,,,,alpha_vantage,NATURAL_GAS,benchmark_spot,USD,USD_PER_MMBTU,False
2018-04-11,NATURAL_GAS,NATURAL_GAS,2.74,,,,alpha_vantage,NATURAL_GAS,benchmark_spot,USD,USD_PER_MMBTU,False
2018-04-12,NATURAL_GAS,NATURAL_GAS,2.76,,,,alpha_vantage,NATURAL_GAS,benchmark_spot,USD,USD_PER_MMBTU,False
2018-04-13,NATURAL_GAS,NATURAL_GAS,2.82,,,,alpha_vantage,NATURAL_GAS,benchmark_spot,USD,USD_PER_MMBTU,False
2018-04-16,NATURAL_GAS,NATURAL_GAS,2.88,,,,alpha_vantage,NATURAL_GAS,benchmark_spot,USD,USD_PER_MMBTU,False
2018-04-17,NATURAL_GAS,NATURAL_GAS,2.84,,,,alpha_vantage,NATURAL_GAS,benchmark_spot,USD,USD_PER_MMBTU,False
2018-04-18,NATURAL_GAS,NATURAL_GAS,2.85,,,,alpha_vantage,NATURAL_GAS,benchmark_spot,USD,USD_PER_MMBTU,False
2018-04-19,NATURAL_GAS,NATURAL_GAS,2.8,,,,alpha_vantage,NATURAL_GAS,benchmark_spot,USD,USD_PER_MMBTU,False
2018-04-20,NATURAL_GAS,NATURAL_GAS,2.78,,,,alpha_vantage,NATURAL_GAS,benchmark_spot,USD,USD_PER_MMBTU,False
2018-04-23,NATURAL_GAS,NATURAL_GAS,2.78,,,,alpha_vantage,NATURAL_GAS,benchmark_spot,USD,USD_PER_MMBTU,False
2018-04-24,NATURAL_GAS,NATURAL_GAS,2.79,,,,alpha_vantage,NATURAL_GAS,benchmark_spot,USD,USD_PER_MMBTU,False
2018-04-25,NATURAL_GAS,NATURAL_GAS,2.81,,,,alpha_vantage,NATURAL_GAS,benchmark_spot,USD,USD_PER_MMBTU,False
2018-04-26,NATURAL_GAS,NATURAL_GAS,2.81,,,,alpha_vantage,NATURAL_GAS,benchmark_spot,USD,USD_PER_MMBTU,False
2018-04-27,NATURAL_GAS,NATURAL_GAS,2.82,,,,alpha_vantage,NATURAL_GAS,benchmark_spot,USD,USD_PER_MMBTU,False
2018-04-30,NATURAL_GAS,NATURAL_GAS,2.75,,,,alpha_vantage,NATURAL_GAS,benchmark_spot,USD,USD_PER_MMBTU,False
2018-05-01,NATURAL_GAS,NATURAL_GAS,2.75,,,,alpha_vantage,NATURAL_GAS,benchmark_spot,USD,USD_PER_MMBTU,False
2018-05-02,NATURAL_GAS,NATURAL_GAS,2.77,,,,alpha_vantage,NATURAL_GAS,benchmark_spot,USD,USD_PER_MMBTU,False
2018-05-03,NATURAL_GAS,NATURAL_GAS,2.75,,,,alpha_vantage,NATURAL_GAS,benchmark_spot,USD,USD_PER_MMBTU,False
2018-05-04,NATURAL_GAS,NATURAL_GAS,2.75,,,,alpha_vantage,NATURAL_GAS,benchmark_spot,USD,USD_PER_MMBTU,False
2018-05-07,NATURAL_GAS,NATURAL_GAS,2.74,,,,alpha_vantage,NATURAL_GAS,benchmark_spot,USD,USD_PER_MMBTU,False
2018-05-08,NATURAL_GAS,NATURAL_GAS,2.77,,,,alpha_vantage,NATURAL_GAS,benchmark_spot,USD,USD_PER_MMBTU,False
2018-05-09,NATURAL_GAS,NATURAL_GAS,2.75,,,,alpha_vantage,NATURAL_GAS,benchmark_spot,USD,USD_PER_MMBTU,False
2018-05-10,NATURAL_GAS,NATURAL_GAS,2.78,,,,alpha_vantage,NATURAL_GAS,benchmark_spot,USD,USD_PER_MMBTU,False
2018-05-11,NATURAL_GAS,NATURAL_GAS,2.75,,,,alpha_vantage,NATURAL_GAS,benchmark_spot,USD,USD_PER_MMBTU,False
2018-05-14,NATURAL_GAS,NATURAL_GAS,2.84,,,,alpha_vantage,NATURAL_GAS,benchmark_spot,USD,USD_PER_MMBTU,False
2018-05-15,NATURAL_GAS,NATURAL_GAS,2.83,,,,alpha_vantage,NATURAL_GAS,benchmark_spot,USD,USD_PER_MMBTU,False
2018-05-16,NATURAL_GAS,NATURAL_GAS,2.85,,,,alpha_vantage,NATURAL_GAS,benchmark_spot,USD,USD_PER_MMBTU,False
2018-05-17,NATURAL_GAS,NATURAL_GAS,2.75,,,,alpha_vantage,NATURAL_GAS,benchmark_spot,USD,USD_PER_MMBTU,False
2018-05-18,NATURAL_GAS,NATURAL_GAS,2.75,,,,alpha_vantage,NATURAL_GAS,benchmark_spot,USD,USD_PER_MMBTU,False
2018-05-21,NATURAL_GAS,NATURAL_GAS,2.77,,,,alpha_vantage,NATURAL_GAS,benchmark_spot,USD,USD_PER_MMBTU,False
2018-05-22,NATURAL_GAS,NATURAL_GAS,2.76,,,,alpha_vantage,NATURAL_GAS,benchmark_spot,USD,USD_PER_MMBTU,False
2018-05-23,NATURAL_GAS,NATURAL_GAS,2.89,,,,alpha_vantage,NATURAL_GAS,benchmark_spot,USD,USD_PER_MMBTU,False
2018-05-24,NATURAL_GAS,NATURAL_GAS,2.88,,,,alpha_vantage,NATURAL_GAS,benchmark_spot,USD,USD_PER_MMBTU,False
2018-05-25,NATURAL_GAS,NATURAL_GAS,2.88,,,,alpha_vantage,NATURAL_GAS,benchmark_spot,USD,USD_PER_MMBTU,False
2018-05-29,NATURAL_GAS,NATURAL_GAS,2.84,,,,alpha_vantage,NATURAL_GAS,benchmark_spot,USD,USD_PER_MMBTU,False
2018-05-30,NATURAL_GAS,NATURAL_GAS,2.83,,,,alpha_vantage,NATURAL_GAS,benchmark_spot,USD,USD_PER_MMBTU,False
2018-05-31,NATURAL_GAS,NATURAL_GAS,2.94,,,,alpha_vantage,NATURAL_GAS,benchmark_spot,USD,USD_PER_MMBTU,False
2018-06-01,NATURAL_GAS,NATURAL_GAS,2.91,,,,alpha_vantage,NATURAL_GAS,benchmark_spot,USD,USD_PER_MMBTU,False
2018-06-04,NATURAL_GAS,NATURAL_GAS,2.89,,,,alpha_vantage,NATURAL_GAS,benchmark_spot,USD,USD_PER_MMBTU,False
2018-06-05,NATURAL_GAS,NATURAL_GAS,2.89,,,,alpha_vantage,NATURAL_GAS,benchmark_spot,USD,USD_PER_MMBTU,False
2018-06-06,NATURAL_GAS,NATURAL_GAS,2.89,,,,alpha_vantage,NATURAL_GAS,benchmark_spot,USD,USD_PER_MMBTU,False
2018-06-07,NATURAL_GAS,NATURAL_GAS,3.02,,,,alpha_vantage,NATURAL_GAS,benchmark_spot,USD,USD_PER_MMBTU,False
2018-06-08,NATURAL_GAS,NATURAL_GAS,2.91,,,,alpha_vantage,NATURAL_GAS,benchmark_spot,USD,USD_PER_MMBTU,False
2018-06-11,NATURAL_GAS,NATURAL_GAS,3.0,,,,alpha_vantage,NATURAL_GAS,benchmark_spot,USD,USD_PER_MMBTU,False
2018-06-12,NATURAL_GAS,NATURAL_GAS,2.98,,,,alpha_vantage,NATURAL_GAS,benchmark_spot,USD,USD_PER_MMBTU,False
2018-06-13,NATURAL_GAS,NATURAL_GAS,2.98,,,,alpha_vantage,NATURAL_GAS,benchmark_spot,USD,USD_PER_MMBTU,False
2018-06-14,NATURAL_GAS,NATURAL_GAS,2.99,,,,alpha_vantage,NATURAL_GAS,benchmark_spot,USD,USD_PER_MMBTU,False
2018-06-15,NATURAL_GAS,NATURAL_GAS,3.02,,,,alpha_vantage,NATURAL_GAS,benchmark_spot,USD,USD_PER_MMBTU,False
2018-06-18,NATURAL_GAS,NATURAL_GAS,2.99,,,,alpha_vantage,NATURAL_GAS,benchmark_spot,USD,USD_PER_MMBTU,False
2018-06-19,NATURAL_GAS,NATURAL_GAS,2.95,,,,alpha_vantage,NATURAL_GAS,benchmark_spot,USD,USD_PER_MMBTU,False
2018-06-20,NATURAL_GAS,NATURAL_GAS,2.96,,,,alpha_vantage,NATURAL_GAS,benchmark_spot,USD,USD_PER_MMBTU,False
2018-06-21,NATURAL_GAS,NATURAL_GAS,3.08,,,,alpha_vantage,NATURAL_GAS,benchmark_spot,USD,USD_PER_MMBTU,False
2018-06-22,NATURAL_GAS,NATURAL_GAS,2.95,,,,alpha_vantage,NATURAL_GAS,benchmark_spot,USD,USD_PER_MMBTU,False
2018-06-25,NATURAL_GAS,NATURAL_GAS,2.96,,,,alpha_vantage,NATURAL_GAS,benchmark_spot,USD,USD_PER_MMBTU,False
2018-06-26,NATURAL_GAS,NATURAL_GAS,2.98,,,,alpha_vantage,NATURAL_GAS,benchmark_spot,USD,USD_PER_MMBTU,False
2018-06-27,NATURAL_GAS,NATURAL_GAS,3.01,,,,alpha_vantage,NATURAL_GAS,benchmark_spot,USD,USD_PER_MMBTU,False
2018-06-28,NATURAL_GAS,NATURAL_GAS,2.99,,,,alpha_vantage,NATURAL_GAS,benchmark_spot,USD,USD_PER_MMBTU,False
2018-06-29,NATURAL_GAS,NATURAL_GAS,2.96,,,,alpha_vantage,NATURAL_GAS,benchmark_spot,USD,USD_PER_MMBTU,False
2018-07-02,NATURAL_GAS,NATURAL_GAS,2.9,,,,alpha_vantage,NATURAL_GAS,benchmark_spot,USD,USD_PER_MMBTU,False
2018-07-03,NATURAL_GAS,NATURAL_GAS,2.9,,,,alpha_vantage,NATURAL_GAS,benchmark_spot,USD,USD_PER_MMBTU,False
2018-07-05,NATURAL_GAS,NATURAL_GAS,2.91,,,,alpha_vantage,NATURAL_GAS,benchmark_spot,USD,USD_PER_MMBTU,False
2018-07-06,NATURAL_GAS,NATURAL_GAS,2.91,,,,alpha_vantage,NATURAL_GAS,benchmark_spot,USD,USD_PER_MMBTU,False
2018-07-09,NATURAL_GAS,NATURAL_GAS,2.9,,,,alpha_vantage,NATURAL_GAS,benchmark_spot,USD,USD_PER_MMBTU,False
2018-07-10,NATURAL_GAS,NATURAL_GAS,2.9,,,,alpha_vantage,NATURAL_GAS,benchmark_spot,USD,USD_PER_MMBTU,False
2018-07-11,NATURAL_GAS,NATURAL_GAS,2.89,,,,alpha_vantage,NATURAL_GAS,benchmark_spot,USD,USD_PER_MMBTU,False
2018-07-12,NATURAL_GAS,NATURAL_GAS,2.89,,,,alpha_vantage,NATURAL_GAS,benchmark_spot,USD,USD_PER_MMBTU,False
2018-07-13,NATURAL_GAS,NATURAL_GAS,2.86,,,,alpha_vantage,NATURAL_GAS,benchmark_spot,USD,USD_PER_MMBTU,False
2018-07-16,NATURAL_GAS,NATURAL_GAS,2.76,,,,alpha_vantage,NATURAL_GAS,benchmark_spot,USD,USD_PER_MMBTU,False
2018-07-17,NATURAL_GAS,NATURAL_GAS,2.81,,,,alpha_vantage,NATURAL_GAS,benchmark_spot,USD,USD_PER_MMBTU,False
2018-07-18,NATURAL_GAS,NATURAL_GAS,2.8,,,,alpha_vantage,NATURAL_GAS,benchmark_spot,USD,USD_PER_MMBTU,False
2018-07-19,NATURAL_GAS,NATURAL_GAS,2.75,,,,alpha_vantage,NATURAL_GAS,benchmark_spot,USD,USD_PER_MMBTU,False
2018-07-20,NATURAL_GAS,NATURAL_GAS,2.79,,,,alpha_vantage,NATURAL_GAS,benchmark_spot,USD,USD_PER_MMBTU,False
2018-07-23,NATURAL_GAS,NATURAL_GAS,2.79,,,,alpha_vantage,NATURAL_GAS,benchmark_spot,USD,USD_PER_MMBTU,False
2018-07-24,NATURAL_GAS,NATURAL_GAS,2.73,,,,alpha_vantage,NATURAL_GAS,benchmark_spot,USD,USD_PER_MMBTU,False
2018-07-25,NATURAL_GAS,NATURAL_GAS,2.82,,,,alpha_vantage,NATURAL_GAS,benchmark_spot,USD,USD_PER_MMBTU,False
2018-07-26,NATURAL_GAS,NATURAL_GAS,2.82,,,,alpha_vantage,NATURAL_GAS,benchmark_spot,USD,USD_PER_MMBTU,False
2018-07-27,NATURAL_GAS,NATURAL_GAS,2.78,,,,alpha_vantage,NATURAL_GAS,benchmark_spot,USD,USD_PER_MMBTU,False
2018-07-30,NATURAL_GAS,NATURAL_GAS,2.75,,,,alpha_vantage,NATURAL_GAS,benchmark_spot,USD,USD_PER_MMBTU,False
2018-07-31,NATURAL_GAS,NATURAL_GAS,2.82,,,,alpha_vantage,NATURAL_GAS,benchmark_spot,USD,USD_PER_MMBTU,False
2018-08-01,NATURAL_GAS,NATURAL_GAS,2.8,,,,alpha_vantage,NATURAL_GAS,benchmark_spot,USD,USD_PER_MMBTU,False
2018-08-02,NATURAL_GAS,NATURAL_GAS,2.77,,,,alpha_vantage,NATURAL_GAS,benchmark_spot,USD,USD_PER_MMBTU,False
2018-08-03,NATURAL_GAS,NATURAL_GAS,2.86,,,,alpha_vantage,NATURAL_GAS,benchmark_spot,USD,USD_PER_MMBTU,False
2018-08-06,NATURAL_GAS,NATURAL_GAS,2.85,,,,alpha_vantage,NATURAL_GAS,benchmark_spot,USD,USD_PER_MMBTU,False
2018-08-07,NATURAL_GAS,NATURAL_GAS,2.95,,,,alpha_vantage,NATURAL_GAS,benchmark_spot,USD,USD_PER_MMBTU,False
2018-08-08,NATURAL_GAS,NATURAL_GAS,2.99,,,,alpha_vantage,NATURAL_GAS,benchmark_spot,USD,USD_PER_MMBTU,False
2018-08-09,NATURAL_GAS,NATURAL_GAS,3.02,,,,alpha_vantage,NATURAL_GAS,benchmark_spot,USD,USD_PER_MMBTU,False
2018-08-10,NATURAL_GAS,NATURAL_GAS,2.96,,,,alpha_vantage,NATURAL_GAS,benchmark_spot,USD,USD_PER_MMBTU,False
2018-08-13,NATURAL_GAS,NATURAL_GAS,2.92,,,,alpha_vantage,NATURAL_GAS,benchmark_spot,USD,USD_PER_MMBTU,False
2018-08-14,NATURAL_GAS,NATURAL_GAS,3.02,,,,alpha_vantage,NATURAL_GAS,benchmark_spot,USD,USD_PER_MMBTU,False
2018-08-15,NATURAL_GAS,NATURAL_GAS,3.02,,,,alpha_vantage,NATURAL_GAS,benchmark_spot,USD,USD_PER_MMBTU,False
2018-08-16,NATURAL_GAS,NATURAL_GAS,3.02,,,,alpha_vantage,NATURAL_GAS,benchmark_spot,USD,USD_PER_MMBTU,False
2018-08-17,NATURAL_GAS,NATURAL_GAS,3.01,,,,alpha_vantage,NATURAL_GAS,benchmark_spot,USD,USD_PER_MMBTU,False
2018-08-20,NATURAL_GAS,NATURAL_GAS,3.04,,,,alpha_vantage,NATURAL_GAS,benchmark_spot,USD,USD_PER_MMBTU,False
2018-08-21,NATURAL_GAS,NATURAL_GAS,3.01,,,,alpha_vantage,NATURAL_GAS,benchmark_spot,USD,USD_PER_MMBTU,False
2018-08-22,NATURAL_GAS,NATURAL_GAS,3.02,,,,alpha_vantage,NATURAL_GAS,benchmark_spot,USD,USD_PER_MMBTU,False
2018-08-23,NATURAL_GAS,NATURAL_GAS,3.01,,,,alpha_vantage,NATURAL_GAS,benchmark_spot,USD,USD_PER_MMBTU,False
2018-08-24,NATURAL_GAS,NATURAL_GAS,2.99,,,,alpha_vantage,NATURAL_GAS,benchmark_spot,USD,USD_PER_MMBTU,False
2018-08-27,NATURAL_GAS,NATURAL_GAS,2.98,,,,alpha_vantage,NATURAL_GAS,benchmark_spot,USD,USD_PER_MMBTU,False
2018-08-28,NATURAL_GAS,NATURAL_GAS,2.98,,,,alpha_vantage,NATURAL_GAS,benchmark_spot,USD,USD_PER_MMBTU,False
2018-08-29,NATURAL_GAS,NATURAL_GAS,2.96,,,,alpha_vantage,NATURAL_GAS,benchmark_spot,USD,USD_PER_MMBTU,False
2018-08-30,NATURAL_GAS,NATURAL_GAS,2.96,,,,alpha_vantage,NATURAL_GAS,benchmark_spot,USD,USD_PER_MMBTU,False
2018-08-31,NATURAL_GAS,NATURAL_GAS,2.98,,,,alpha_vantage,NATURAL_GAS,benchmark_spot,USD,USD_PER_MMBTU,False
2018-09-04,NATURAL_GAS,NATURAL_GAS,2.96,,,,alpha_vantage,NATURAL_GAS,benchmark_spot,USD,USD_PER_MMBTU,False
2018-09-05,NATURAL_GAS,NATURAL_GAS,3.0,,,,alpha_vantage,NATURAL_GAS,benchmark_spot,USD,USD_PER_MMBTU,False
2018-09-06,NATURAL_GAS,NATURAL_GAS,2.93,,,,alpha_vantage,NATURAL_GAS,benchmark_spot,USD,USD_PER_MMBTU,False
2018-09-07,NATURAL_GAS,NATURAL_GAS,2.88,,,,alpha_vantage,NATURAL_GAS,benchmark_spot,USD,USD_PER_MMBTU,False
2018-09-10,NATURAL_GAS,NATURAL_GAS,2.9,,,,alpha_vantage,NATURAL_GAS,benchmark_spot,USD,USD_PER_MMBTU,False
2018-09-11,NATURAL_GAS,NATURAL_GAS,2.94,,,,alpha_vantage,NATURAL_GAS,benchmark_spot,USD,USD_PER_MMBTU,False
2018-09-12,NATURAL_GAS,NATURAL_GAS,2.98,,,,alpha_vantage,NATURAL_GAS,benchmark_spot,USD,USD_PER_MMBTU,False
2018-09-13,NATURAL_GAS,NATURAL_GAS,2.94,,,,alpha_vantage,NATURAL_GAS,benchmark_spot,USD,USD_PER_MMBTU,False
2018-09-14,NATURAL_GAS,NATURAL_GAS,2.91,,,,alpha_vantage,NATURAL_GAS,benchmark_spot,USD,USD_PER_MMBTU,False
2018-09-17,NATURAL_GAS,NATURAL_GAS,2.95,,,,alpha_vantage,NATURAL_GAS,benchmark_spot,USD,USD_PER_MMBTU,False
2018-09-18,NATURAL_GAS,NATURAL_GAS,3.0,,,,alpha_vantage,NATURAL_GAS,benchmark_spot,USD,USD_PER_MMBTU,False
2018-09-19,NATURAL_GAS,NATURAL_GAS,3.11,,,,alpha_vantage,NATURAL_GAS,benchmark_spot,USD,USD_PER_MMBTU,False
2018-09-20,NATURAL_GAS,NATURAL_GAS,3.07,,,,alpha_vantage,NATURAL_GAS,benchmark_spot,USD,USD_PER_MMBTU,False
2018-09-21,NATURAL_GAS,NATURAL_GAS,3.02,,,,alpha_vantage,NATURAL_GAS,benchmark_spot,USD,USD_PER_MMBTU,False
2018-09-24,NATURAL_GAS,NATURAL_GAS,3.04,,,,alpha_vantage,NATURAL_GAS,benchmark_spot,USD,USD_PER_MMBTU,False
2018-09-25,NATURAL_GAS,NATURAL_GAS,3.12,,,,alpha_vantage,NATURAL_GAS,benchmark_spot,USD,USD_PER_MMBTU,False
2018-09-26,NATURAL_GAS,NATURAL_GAS,3.1,,,,alpha_vantage,NATURAL_GAS,benchmark_spot,USD,USD_PER_MMBTU,False
2018-09-27,NATURAL_GAS,NATURAL_GAS,3.05,,,,alpha_vantage,NATURAL_GAS,benchmark_spot,USD,USD_PER_MMBTU,False
2018-09-28,NATURAL_GAS,NATURAL_GAS,3.01,,,,alpha_vantage,NATURAL_GAS,benchmark_spot,USD,USD_PER_MMBTU,False
2018-10-01,NATURAL_GAS,NATURAL_GAS,3.13,,,,alpha_vantage,NATURAL_GAS,benchmark_spot,USD,USD_PER_MMBTU,False
2018-10-02,NATURAL_GAS,NATURAL_GAS,3.14,,,,alpha_vantage,NATURAL_GAS,benchmark_spot,USD,USD_PER_MMBTU,False
2018-10-03,NATURAL_GAS,NATURAL_GAS,3.26,,,,alpha_vantage,NATURAL_GAS,benchmark_spot,USD,USD_PER_MMBTU,False
2018-10-04,NATURAL_GAS,NATURAL_GAS,3.39,,,,alpha_vantage,NATURAL_GAS,benchmark_spot,USD,USD_PER_MMBTU,False
2018-10-05,NATURAL_GAS,NATURAL_GAS,3.25,,,,alpha_vantage,NATURAL_GAS,benchmark_spot,USD,USD_PER_MMBTU,False
2018-10-08,NATURAL_GAS,NATURAL_GAS,3.28,,,,alpha_vantage,NATURAL_GAS,benchmark_spot,USD,USD_PER_MMBTU,False
2018-10-09,NATURAL_GAS,NATURAL_GAS,3.4,,,,alpha_vantage,NATURAL_GAS,benchmark_spot,USD,USD_PER_MMBTU,False
2018-10-10,NATURAL_GAS,NATURAL_GAS,3.45,,,,alpha_vantage,NATURAL_GAS,benchmark_spot,USD,USD_PER_MMBTU,False
2018-10-11,NATURAL_GAS,NATURAL_GAS,3.16,,,,alpha_vantage,NATURAL_GAS,benchmark_spot,USD,USD_PER_MMBTU,False
2018-10-12,NATURAL_GAS,NATURAL_GAS,3.19,,,,alpha_vantage,NATURAL_GAS,benchmark_spot,USD,USD_PER_MMBTU,False
2018-10-15,NATURAL_GAS,NATURAL_GAS,3.26,,,,alpha_vantage,NATURAL_GAS,benchmark_spot,USD,USD_PER_MMBTU,False
2018-10-16,NATURAL_GAS,NATURAL_GAS,3.27,,,,alpha_vantage,NATURAL_GAS,benchmark_spot,USD,USD_PER_MMBTU,False
2018-10-17,NATURAL_GAS,NATURAL_GAS,3.3,,,,alpha_vantage,NATURAL_GAS,benchmark_spot,USD,USD_PER_MMBTU,False
2018-10-18,NATURAL_GAS,NATURAL_GAS,3.28,,,,alpha_vantage,NATURAL_GAS,benchmark_spot,USD,USD_PER_MMBTU,False
2018-10-19,NATURAL_GAS,NATURAL_GAS,3.2,,,,alpha_vantage,NATURAL_GAS,benchmark_spot,USD,USD_PER_MMBTU,False
2018-10-22,NATURAL_GAS,NATURAL_GAS,3.2,,,,alpha_vantage,NATURAL_GAS,benchmark_spot,USD,USD_PER_MMBTU,False
2018-10-23,NATURAL_GAS,NATURAL_GAS,3.28,,,,alpha_vantage,NATURAL_GAS,benchmark_spot,USD,USD_PER_MMBTU,False
2018-10-24,NATURAL_GAS,NATURAL_GAS,3.42,,,,alpha_vantage,NATURAL_GAS,benchmark_spot,USD,USD_PER_MMBTU,False
2018-10-25,NATURAL_GAS,NATURAL_GAS,3.42,,,,alpha_vantage,NATURAL_GAS,benchmark_spot,USD,USD_PER_MMBTU,False
2018-10-26,NATURAL_GAS,NATURAL_GAS,3.27,,,,alpha_vantage,NATURAL_GAS,benchmark_spot,USD,USD_PER_MMBTU,False
2018-10-29,NATURAL_GAS,NATURAL_GAS,3.2,,,,alpha_vantage,NATURAL_GAS,benchmark_spot,USD,USD_PER_MMBTU,False
2018-10-30,NATURAL_GAS,NATURAL_GAS,3.27,,,,alpha_vantage,NATURAL_GAS,benchmark_spot,USD,USD_PER_MMBTU,False
2018-10-31,NATURAL_GAS,NATURAL_GAS,3.31,,,,alpha_vantage,NATURAL_GAS,benchmark_spot,USD,USD_PER_MMBTU,False
2018-11-01,NATURAL_GAS,NATURAL_GAS,3.36,,,,alpha_vantage,NATURAL_GAS,benchmark_spot,USD,USD_PER_MMBTU,False
2018-11-02,NATURAL_GAS,NATURAL_GAS,3.26,,,,alpha_vantage,NATURAL_GAS,benchmark_spot,USD,USD_PER_MMBTU,False
2018-11-05,NATURAL_GAS,NATURAL_GAS,3.53,,,,alpha_vantage,NATURAL_GAS,benchmark_spot,USD,USD_PER_MMBTU,False
2018-11-06,NATURAL_GAS,NATURAL_GAS,3.53,,,,alpha_vantage,NATURAL_GAS,benchmark_spot,USD,USD_PER_MMBTU,False
2018-11-07,NATURAL_GAS,NATURAL_GAS,3.54,,,,alpha_vantage,NATURAL_GAS,benchmark_spot,USD,USD_PER_MMBTU,False
2018-11-08,NATURAL_GAS,NATURAL_GAS,3.54,,,,alpha_vantage,NATURAL_GAS,benchmark_spot,USD,USD_PER_MMBTU,False
2018-11-09,NATURAL_GAS,NATURAL_GAS,3.74,,,,alpha_vantage,NATURAL_GAS,benchmark_spot,USD,USD_PER_MMBTU,False
2018-11-12,NATURAL_GAS,NATURAL_GAS,3.96,,,,alpha_vantage,NATURAL_GAS,benchmark_spot,USD,USD_PER_MMBTU,False
2018-11-13,NATURAL_GAS,NATURAL_GAS,4.1,,,,alpha_vantage,NATURAL_GAS,benchmark_spot,USD,USD_PER_MMBTU,False
2018-11-14,NATURAL_GAS,NATURAL_GAS,4.1,,,,alpha_vantage,NATURAL_GAS,benchmark_spot,USD,USD_PER_MMBTU,False
2018-11-15,NATURAL_GAS,NATURAL_GAS,4.69,,,,alpha_vantage,NATURAL_GAS,benchmark_spot,USD,USD_PER_MMBTU,False
2018-11-16,NATURAL_GAS,NATURAL_GAS,4.3,,,,alpha_vantage,NATURAL_GAS,benchmark_spot,USD,USD_PER_MMBTU,False
2018-11-19,NATURAL_GAS,NATURAL_GAS,4.65,,,,alpha_vantage,NATURAL_GAS,benchmark_spot,USD,USD_PER_MMBTU,False
2018-11-20,NATURAL_GAS,NATURAL_GAS,4.65,,,,alpha_vantage,NATURAL_GAS,benchmark_spot,USD,USD_PER_MMBTU,False
2018-11-21,NATURAL_GAS,NATURAL_GAS,4.7,,,,alpha_vantage,NATURAL_GAS,benchmark_spot,USD,USD_PER_MMBTU,False
2018-11-26,NATURAL_GAS,NATURAL_GAS,4.28,,,,alpha_vantage,NATURAL_GAS,benchmark_spot,USD,USD_PER_MMBTU,False
2018-11-27,NATURAL_GAS,NATURAL_GAS,4.28,,,,alpha_vantage,NATURAL_GAS,benchmark_spot,USD,USD_PER_MMBTU,False
2018-11-28,NATURAL_GAS,NATURAL_GAS,4.5,,,,alpha_vantage,NATURAL_GAS,benchmark_spot,USD,USD_PER_MMBTU,False
2018-11-29,NATURAL_GAS,NATURAL_GAS,4.5,,,,alpha_vantage,NATURAL_GAS,benchmark_spot,USD,USD_PER_MMBTU,False
2018-11-30,NATURAL_GAS,NATURAL_GAS,4.61,,,,alpha_vantage,NATURAL_GAS,benchmark_spot,USD,USD_PER_MMBTU,False
2018-12-03,NATURAL_GAS,NATURAL_GAS,4.4,,,,alpha_vantage,NATURAL_GAS,benchmark_spot,USD,USD_PER_MMBTU,False
2018-12-04,NATURAL_GAS,NATURAL_GAS,4.4,,,,alpha_vantage,NATURAL_GAS,benchmark_spot,USD,USD_PER_MMBTU,False
2018-12-05,NATURAL_GAS,NATURAL_GAS,4.69,,,,alpha_vantage,NATURAL_GAS,benchmark_spot,USD,USD_PER_MMBTU,False
2018-12-06,NATURAL_GAS,NATURAL_GAS,4.44,,,,alpha_vantage,NATURAL_GAS,benchmark_spot,USD,USD_PER_MMBTU,False
2018-12-07,NATURAL_GAS,NATURAL_GAS,4.51,,,,alpha_vantage,NATURAL_GAS,benchmark_spot,USD,USD_PER_MMBTU,False
2018-12-10,NATURAL_GAS,NATURAL_GAS,4.54,,,,alpha_vantage,NATURAL_GAS,benchmark_spot,USD,USD_PER_MMBTU,False
2018-12-11,NATURAL_GAS,NATURAL_GAS,4.53,,,,alpha_vantage,NATURAL_GAS,benchmark_spot,USD,USD_PER_MMBTU,False
2018-12-12,NATURAL_GAS,NATURAL_GAS,4.53,,,,alpha_vantage,NATURAL_GAS,benchmark_spot,USD,USD_PER_MMBTU,False
2018-12-13,NATURAL_GAS,NATURAL_GAS,4.31,,,,alpha_vantage,NATURAL_GAS,benchmark_spot,USD,USD_PER_MMBTU,False
2018-12-14,NATURAL_GAS,NATURAL_GAS,3.99,,,,alpha_vantage,NATURAL_GAS,benchmark_spot,USD,USD_PER_MMBTU,False
2018-12-17,NATURAL_GAS,NATURAL_GAS,3.8,,,,alpha_vantage,NATURAL_GAS,benchmark_spot,USD,USD_PER_MMBTU,False
2018-12-18,NATURAL_GAS,NATURAL_GAS,3.8,,,,alpha_vantage,NATURAL_GAS,benchmark_spot,USD,USD_PER_MMBTU,False
2018-12-19,NATURAL_GAS,NATURAL_GAS,3.64,,,,alpha_vantage,NATURAL_GAS,benchmark_spot,USD,USD_PER_MMBTU,False
2018-12-20,NATURAL_GAS,NATURAL_GAS,3.7,,,,alpha_vantage,NATURAL_GAS,benchmark_spot,USD,USD_PER_MMBTU,False
2018-12-21,NATURAL_GAS,NATURAL_GAS,3.7,,,,alpha_vantage,NATURAL_GAS,benchmark_spot,USD,USD_PER_MMBTU,False
2018-12-26,NATURAL_GAS,NATURAL_GAS,3.42,,,,alpha_vantage,NATURAL_GAS,benchmark_spot,USD,USD_PER_MMBTU,False
2018-12-27,NATURAL_GAS,NATURAL_GAS,3.1,,,,alpha_vantage,NATURAL_GAS,benchmark_spot,USD,USD_PER_MMBTU,False
2018-12-28,NATURAL_GAS,NATURAL_GAS,3.25,,,,alpha_vantage,NATURAL_GAS,benchmark_spot,USD,USD_PER_MMBTU,False
2019-01-02,NATURAL_GAS,NATURAL_GAS,3.25,,,,alpha_vantage,NATURAL_GAS,benchmark_spot,USD,USD_PER_MMBTU,False
2019-01-03,NATURAL_GAS,NATURAL_GAS,2.72,,,,alpha_vantage,NATURAL_GAS,benchmark_spot,USD,USD_PER_MMBTU,False
2019-01-04,NATURAL_GAS,NATURAL_GAS,2.8,,,,alpha_vantage,NATURAL_GAS,benchmark_spot,USD,USD_PER_MMBTU,False
2019-01-07,NATURAL_GAS,NATURAL_GAS,2.74,,,,alpha_vantage,NATURAL_GAS,benchmark_spot,USD,USD_PER_MMBTU,False
2019-01-08,NATURAL_GAS,NATURAL_GAS,2.89,,,,alpha_vantage,NATURAL_GAS,benchmark_spot,USD,USD_PER_MMBTU,False
2019-01-09,NATURAL_GAS,NATURAL_GAS,2.92,,,,alpha_vantage,NATURAL_GAS,benchmark_spot,USD,USD_PER_MMBTU,False
2019-01-10,NATURAL_GAS,NATURAL_GAS,2.95,,,,alpha_vantage,NATURAL_GAS,benchmark_spot,USD,USD_PER_MMBTU,False
2019-01-11,NATURAL_GAS,NATURAL_GAS,2.95,,,,alpha_vantage,NATURAL_GAS,benchmark_spot,USD,USD_PER_MMBTU,False
2019-01-14,NATURAL_GAS,NATURAL_GAS,3.36,,,,alpha_vantage,NATURAL_GAS,benchmark_spot,USD,USD_PER_MMBTU,False
2019-01-15,NATURAL_GAS,NATURAL_GAS,3.54,,,,alpha_vantage,NATURAL_GAS,benchmark_spot,USD,USD_PER_MMBTU,False
2019-01-16,NATURAL_GAS,NATURAL_GAS,3.58,,,,alpha_vantage,NATURAL_GAS,benchmark_spot,USD,USD_PER_MMBTU,False
2019-01-17,NATURAL_GAS,NATURAL_GAS,3.58,,,,alpha_vantage,NATURAL_GAS,benchmark_spot,USD,USD_PER_MMBTU,False
2019-01-18,NATURAL_GAS,NATURAL_GAS,3.43,,,,alpha_vantage,NATURAL_GAS,benchmark_spot,USD,USD_PER_MMBTU,False
2019-01-22,NATURAL_GAS,NATURAL_GAS,3.43,,,,alpha_vantage,NATURAL_GAS,benchmark_spot,USD,USD_PER_MMBTU,False
2019-01-23,NATURAL_GAS,NATURAL_GAS,3.13,,,,alpha_vantage,NATURAL_GAS,benchmark_spot,USD,USD_PER_MMBTU,False
2019-01-24,NATURAL_GAS,NATURAL_GAS,3.13,,,,alpha_vantage,NATURAL_GAS,benchmark_spot,USD,USD_PER_MMBTU,False
2019-01-25,NATURAL_GAS,NATURAL_GAS,3.07,,,,alpha_vantage,NATURAL_GAS,benchmark_spot,USD,USD_PER_MMBTU,False
2019-01-28,NATURAL_GAS,NATURAL_GAS,3.05,,,,alpha_vantage,NATURAL_GAS,benchmark_spot,USD,USD_PER_MMBTU,False
2019-01-29,NATURAL_GAS,NATURAL_GAS,2.94,,,,alpha_vantage,NATURAL_GAS,benchmark_spot,USD,USD_PER_MMBTU,False
2019-01-30,NATURAL_GAS,NATURAL_GAS,3.0,,,,alpha_vantage,NATURAL_GAS,benchmark_spot,USD,USD_PER_MMBTU,False
2019-01-31,NATURAL_GAS,NATURAL_GAS,2.82,,,,alpha_vantage,NATURAL_GAS,benchmark_spot,USD,USD_PER_MMBTU,False
2019-02-01,NATURAL_GAS,NATURAL_GAS,2.7,,,,alpha_vantage,NATURAL_GAS,benchmark_spot,USD,USD_PER_MMBTU,False
2019-02-04,NATURAL_GAS,NATURAL_GAS,2.57,,,,alpha_vantage,NATURAL_GAS,benchmark_spot,USD,USD_PER_MMBTU,False
2019-02-05,NATURAL_GAS,NATURAL_GAS,2.54,,,,alpha_vantage,NATURAL_GAS,benchmark_spot,USD,USD_PER_MMBTU,False
2019-02-06,NATURAL_GAS,NATURAL_GAS,2.58,,,,alpha_vantage,NATURAL_GAS,benchmark_spot,USD,USD_PER_MMBTU,False
2019-02-07,NATURAL_GAS,NATURAL_GAS,2.62,,,,alpha_vantage,NATURAL_GAS,benchmark_spot,USD,USD_PER_MMBTU,False
2019-02-08,NATURAL_GAS,NATURAL_GAS,2.66,,,,alpha_vantage,NATURAL_GAS,benchmark_spot,USD,USD_PER_MMBTU,False
2019-02-11,NATURAL_GAS,NATURAL_GAS,2.76,,,,alpha_vantage,NATURAL_GAS,benchmark_spot,USD,USD_PER_MMBTU,False
2019-02-12,NATURAL_GAS,NATURAL_GAS,2.71,,,,alpha_vantage,NATURAL_GAS,benchmark_spot,USD,USD_PER_MMBTU,False
2019-02-13,NATURAL_GAS,NATURAL_GAS,2.61,,,,alpha_vantage,NATURAL_GAS,benchmark_spot,USD,USD_PER_MMBTU,False
2019-02-14,NATURAL_GAS,NATURAL_GAS,2.61,,,,alpha_vantage,NATURAL_GAS,benchmark_spot,USD,USD_PER_MMBTU,False
2019-02-15,NATURAL_GAS,NATURAL_GAS,2.59,,,,alpha_vantage,NATURAL_GAS,benchmark_spot,USD,USD_PER_MMBTU,False
2019-02-19,NATURAL_GAS,NATURAL_GAS,2.69,,,,alpha_vantage,NATURAL_GAS,benchmark_spot,USD,USD_PER_MMBTU,False
2019-02-20,NATURAL_GAS,NATURAL_GAS,2.69,,,,alpha_vantage,NATURAL_GAS,benchmark_spot,USD,USD_PER_MMBTU,False
2019-02-21,NATURAL_GAS,NATURAL_GAS,2.73,,,,alpha_vantage,NATURAL_GAS,benchmark_spot,USD,USD_PER_MMBTU,False
2019-02-22,NATURAL_GAS,NATURAL_GAS,2.74,,,,alpha_vantage,NATURAL_GAS,benchmark_spot,USD,USD_PER_MMBTU,False
2019-02-25,NATURAL_GAS,NATURAL_GAS,2.84,,,,alpha_vantage,NATURAL_GAS,benchmark_spot,USD,USD_PER_MMBTU,False
2019-02-26,NATURAL_GAS,NATURAL_GAS,2.74,,,,alpha_vantage,NATURAL_GAS,benchmark_spot,USD,USD_PER_MMBTU,False
2019-02-27,NATURAL_GAS,NATURAL_GAS,2.89,,,,alpha_vantage,NATURAL_GAS,benchmark_spot,USD,USD_PER_MMBTU,False
2019-02-28,NATURAL_GAS,NATURAL_GAS,2.89,,,,alpha_vantage,NATURAL_GAS,benchmark_spot,USD,USD_PER_MMBTU,False
2019-03-01,NATURAL_GAS,NATURAL_GAS,3.19,,,,alpha_vantage,NATURAL_GAS,benchmark_spot,USD,USD_PER_MMBTU,False
2019-03-04,NATURAL_GAS,NATURAL_GAS,4.25,,,,alpha_vantage,NATURAL_GAS,benchmark_spot,USD,USD_PER_MMBTU,False
2019-03-05,NATURAL_GAS,NATURAL_GAS,3.18,,,,alpha_vantage,NATURAL_GAS,benchmark_spot,USD,USD_PER_MMBTU,False
2019-03-06,NATURAL_GAS,NATURAL_GAS,3.18,,,,alpha_vantage,NATURAL_GAS,benchmark_spot,USD,USD_PER_MMBTU,False
2019-03-07,NATURAL_GAS,NATURAL_GAS,2.9,,,,alpha_vantage,NATURAL_GAS,benchmark_spot,USD,USD_PER_MMBTU,False
2019-03-08,NATURAL_GAS,NATURAL_GAS,2.9,,,,alpha_vantage,NATURAL_GAS,benchmark_spot,USD,USD_PER_MMBTU,False
2019-03-11,NATURAL_GAS,NATURAL_GAS,2.86,,,,alpha_vantage,NATURAL_GAS,benchmark_spot,USD,USD_PER_MMBTU,False
2019-03-12,NATURAL_GAS,NATURAL_GAS,2.83,,,,alpha_vantage,NATURAL_GAS,benchmark_spot,USD,USD_PER_MMBTU,False
2019-03-13,NATURAL_GAS,NATURAL_GAS,2.87,,,,alpha_vantage,NATURAL_GAS,benchmark_spot,USD,USD_PER_MMBTU,False
2019-03-14,NATURAL_GAS,NATURAL_GAS,2.95,,,,alpha_vantage,NATURAL_GAS,benchmark_spot,USD,USD_PER_MMBTU,False
2019-03-15,NATURAL_GAS,NATURAL_GAS,2.95,,,,alpha_vantage,NATURAL_GAS,benchmark_spot,USD,USD_PER_MMBTU,False
2019-03-18,NATURAL_GAS,NATURAL_GAS,2.9,,,,alpha_vantage,NATURAL_GAS,benchmark_spot,USD,USD_PER_MMBTU,False
2019-03-19,NATURAL_GAS,NATURAL_GAS,2.92,,,,alpha_vantage,NATURAL_GAS,benchmark_spot,USD,USD_PER_MMBTU,False
2019-03-20,NATURAL_GAS,NATURAL_GAS,2.86,,,,alpha_vantage,NATURAL_GAS,benchmark_spot,USD,USD_PER_MMBTU,False
2019-03-21,NATURAL_GAS,NATURAL_GAS,2.86,,,,alpha_vantage,NATURAL_GAS,benchmark_spot,USD,USD_PER_MMBTU,False
2019-03-22,NATURAL_GAS,NATURAL_GAS,2.75,,,,alpha_vantage,NATURAL_GAS,benchmark_spot,USD,USD_PER_MMBTU,False
2019-03-25,NATURAL_GAS,NATURAL_GAS,2.72,,,,alpha_vantage,NATURAL_GAS,benchmark_spot,USD,USD_PER_MMBTU,False
2019-03-26,NATURAL_GAS,NATURAL_GAS,2.74,,,,alpha_vantage,NATURAL_GAS,benchmark_spot,USD,USD_PER_MMBTU,False
2019-03-27,NATURAL_GAS,NATURAL_GAS,2.69,,,,alpha_vantage,NATURAL_GAS,benchmark_spot,USD,USD_PER_MMBTU,False
2019-03-28,NATURAL_GAS,NATURAL_GAS,2.69,,,,alpha_vantage,NATURAL_GAS,benchmark_spot,USD,USD_PER_MMBTU,False
2019-03-29,NATURAL_GAS,NATURAL_GAS,2.73,,,,alpha_vantage,NATURAL_GAS,benchmark_spot,USD,USD_PER_MMBTU,False
2019-04-01,NATURAL_GAS,NATURAL_GAS,2.73,,,,alpha_vantage,NATURAL_GAS,benchmark_spot,USD,USD_PER_MMBTU,False
2019-04-02,NATURAL_GAS,NATURAL_GAS,2.76,,,,alpha_vantage,NATURAL_GAS,benchmark_spot,USD,USD_PER_MMBTU,False
2019-04-03,NATURAL_GAS,NATURAL_GAS,2.74,,,,alpha_vantage,NATURAL_GAS,benchmark_spot,USD,USD_PER_MMBTU,False
2019-04-04,NATURAL_GAS,NATURAL_GAS,2.66,,,,alpha_vantage,NATURAL_GAS,benchmark_spot,USD,USD_PER_MMBTU,False
2019-04-05,NATURAL_GAS,NATURAL_GAS,2.62,,,,alpha_vantage,NATURAL_GAS,benchmark_spot,USD,USD_PER_MMBTU,False
2019-04-08,NATURAL_GAS,NATURAL_GAS,2.72,,,,alpha_vantage,NATURAL_GAS,benchmark_spot,USD,USD_PER_MMBTU,False
2019-04-09,NATURAL_GAS,NATURAL_GAS,2.71,,,,alpha_vantage,NATURAL_GAS,benchmark_spot,USD,USD_PER_MMBTU,False
2019-04-10,NATURAL_GAS,NATURAL_GAS,2.72,,,,alpha_vantage,NATURAL_GAS,benchmark_spot,USD,USD_PER_MMBTU,False
2019-04-11,NATURAL_GAS,NATURAL_GAS,2.72,,,,alpha_vantage,NATURAL_GAS,benchmark_spot,USD,USD_PER_MMBTU,False
2019-04-12,NATURAL_GAS,NATURAL_GAS,2.75,,,,alpha_vantage,NATURAL_GAS,benchmark_spot,USD,USD_PER_MMBTU,False
2019-04-15,NATURAL_GAS,NATURAL_GAS,2.75,,,,alpha_vantage,NATURAL_GAS,benchmark_spot,USD,USD_PER_MMBTU,False
2019-04-16,NATURAL_GAS,NATURAL_GAS,2.66,,,,alpha_vantage,NATURAL_GAS,benchmark_spot,USD,USD_PER_MMBTU,False
2019-04-17,NATURAL_GAS,NATURAL_GAS,2.55,,,,alpha_vantage,NATURAL_GAS,benchmark_spot,USD,USD_PER_MMBTU,False
2019-04-18,NATURAL_GAS,NATURAL_GAS,2.54,,,,alpha_vantage,NATURAL_GAS,benchmark_spot,USD,USD_PER_MMBTU,False
2019-04-22,NATURAL_GAS,NATURAL_GAS,2.61,,,,alpha_vantage,NATURAL_GAS,benchmark_spot,USD,USD_PER_MMBTU,False
2019-04-23,NATURAL_GAS,NATURAL_GAS,2.53,,,,alpha_vantage,NATURAL_GAS,benchmark_spot,USD,USD_PER_MMBTU,False
2019-04-24,NATURAL_GAS,NATURAL_GAS,2.53,,,,alpha_vantage,NATURAL_GAS,benchmark_spot,USD,USD_PER_MMBTU,False
2019-04-25,NATURAL_GAS,NATURAL_GAS,2.54,,,,alpha_vantage,NATURAL_GAS,benchmark_spot,USD,USD_PER_MMBTU,False
2019-04-26,NATURAL_GAS,NATURAL_GAS,2.58,,,,alpha_vantage,NATURAL_GAS,benchmark_spot,USD,USD_PER_MMBTU,False
2019-04-29,NATURAL_GAS,NATURAL_GAS,2.58,,,,alpha_vantage,NATURAL_GAS,benchmark_spot,USD,USD_PER_MMBTU,False
2019-04-30,NATURAL_GAS,NATURAL_GAS,2.59,,,,alpha_vantage,NATURAL_GAS,benchmark_spot,USD,USD_PER_MMBTU,False
2019-05-01,NATURAL_GAS,NATURAL_GAS,2.59,,,,alpha_vantage,NATURAL_GAS,benchmark_spot,USD,USD_PER_MMBTU,False
2019-05-02,NATURAL_GAS,NATURAL_GAS,2.63,,,,alpha_vantage,NATURAL_GAS,benchmark_spot,USD,USD_PER_MMBTU,False
2019-05-03,NATURAL_GAS,NATURAL_GAS,2.59,,,,alpha_vantage,NATURAL_GAS,benchmark_spot,USD,USD_PER_MMBTU,False
2019-05-06,NATURAL_GAS,NATURAL_GAS,2.54,,,,alpha_vantage,NATURAL_GAS,benchmark_spot,USD,USD_PER_MMBTU,False
2019-05-07,NATURAL_GAS,NATURAL_GAS,2.54,,,,alpha_vantage,NATURAL_GAS,benchmark_spot,USD,USD_PER_MMBTU,False
2019-05-08,NATURAL_GAS,NATURAL_GAS,2.64,,,,alpha_vantage,NATURAL_GAS,benchmark_spot,USD,USD_PER_MMBTU,False
2019-05-09,NATURAL_GAS,NATURAL_GAS,2.62,,,,alpha_vantage,NATURAL_GAS,benchmark_spot,USD,USD_PER_MMBTU,False
2019-05-10,NATURAL_GAS,NATURAL_GAS,2.64,,,,alpha_vantage,NATURAL_GAS,benchmark_spot,USD,USD_PER_MMBTU,False
2019-05-13,NATURAL_GAS,NATURAL_GAS,2.71,,,,alpha_vantage,NATURAL_GAS,benchmark_spot,USD,USD_PER_MMBTU,False
2019-05-14,NATURAL_GAS,NATURAL_GAS,2.7,,,,alpha_vantage,NATURAL_GAS,benchmark_spot,USD,USD_PER_MMBTU,False
2019-05-15,NATURAL_GAS,NATURAL_GAS,2.69,,,,alpha_vantage,NATURAL_GAS,benchmark_spot,USD,USD_PER_MMBTU,False
2019-05-16,NATURAL_GAS,NATURAL_GAS,2.62,,,,alpha_vantage,NATURAL_GAS,benchmark_spot,USD,USD_PER_MMBTU,False
2019-05-17,NATURAL_GAS,NATURAL_GAS,2.61,,,,alpha_vantage,NATURAL_GAS,benchmark_spot,USD,USD_PER_MMBTU,False
2019-05-20,NATURAL_GAS,NATURAL_GAS,2.7,,,,alpha_vantage,NATURAL_GAS,benchmark_spot,USD,USD_PER_MMBTU,False
2019-05-21,NATURAL_GAS,NATURAL_GAS,2.73,,,,alpha_vantage,NATURAL_GAS,benchmark_spot,USD,USD_PER_MMBTU,False
2019-05-22,NATURAL_GAS,NATURAL_GAS,2.73,,,,alpha_vantage,NATURAL_GAS,benchmark_spot,USD,USD_PER_MMBTU,False
2019-05-23,NATURAL_GAS,NATURAL_GAS,2.56,,,,alpha_vantage,NATURAL_GAS,benchmark_spot,USD,USD_PER_MMBTU,False
2019-05-24,NATURAL_GAS,NATURAL_GAS,2.6,,,,alpha_vantage,NATURAL_GAS,benchmark_spot,USD,USD_PER_MMBTU,False
2019-05-28,NATURAL_GAS,NATURAL_GAS,2.65,,,,alpha_vantage,NATURAL_GAS,benchmark_spot,USD,USD_PER_MMBTU,False
2019-05-29,NATURAL_GAS,NATURAL_GAS,2.69,,,,alpha_vantage,NATURAL_GAS,benchmark_spot,USD,USD_PER_MMBTU,False
2019-05-30,NATURAL_GAS,NATURAL_GAS,2.69,,,,alpha_vantage,NATURAL_GAS,benchmark_spot,USD,USD_PER_MMBTU,False
2019-05-31,NATURAL_GAS,NATURAL_GAS,2.59,,,,alpha_vantage,NATURAL_GAS,benchmark_spot,USD,USD_PER_MMBTU,False
2019-06-03,NATURAL_GAS,NATURAL_GAS,2.5,,,,alpha_vantage,NATURAL_GAS,benchmark_spot,USD,USD_PER_MMBTU,False
2019-06-04,NATURAL_GAS,NATURAL_GAS,2.45,,,,alpha_vantage,NATURAL_GAS,benchmark_spot,USD,USD_PER_MMBTU,False
2019-06-05,NATURAL_GAS,NATURAL_GAS,2.45,,,,alpha_vantage,NATURAL_GAS,benchmark_spot,USD,USD_PER_MMBTU,False
2019-06-06,NATURAL_GAS,NATURAL_GAS,2.4,,,,alpha_vantage,NATURAL_GAS,benchmark_spot,USD,USD_PER_MMBTU,False
2019-06-07,NATURAL_GAS,NATURAL_GAS,2.43,,,,alpha_vantage,NATURAL_GAS,benchmark_spot,USD,USD_PER_MMBTU,False
2019-06-10,NATURAL_GAS,NATURAL_GAS,2.42,,,,alpha_vantage,NATURAL_GAS,benchmark_spot,USD,USD_PER_MMBTU,False
2019-06-11,NATURAL_GAS,NATURAL_GAS,2.41,,,,alpha_vantage,NATURAL_GAS,benchmark_spot,USD,USD_PER_MMBTU,False
2019-06-12,NATURAL_GAS,NATURAL_GAS,2.43,,,,alpha_vantage,NATURAL_GAS,benchmark_spot,USD,USD_PER_MMBTU,False
2019-06-13,NATURAL_GAS,NATURAL_GAS,2.43,,,,alpha_vantage,NATURAL_GAS,benchmark_spot,USD,USD_PER_MMBTU,False
2019-06-14,NATURAL_GAS,NATURAL_GAS,2.37,,,,alpha_vantage,NATURAL_GAS,benchmark_spot,USD,USD_PER_MMBTU,False
2019-06-17,NATURAL_GAS,NATURAL_GAS,2.46,,,,alpha_vantage,NATURAL_GAS,benchmark_spot,USD,USD_PER_MMBTU,False
2019-06-18,NATURAL_GAS,NATURAL_GAS,2.44,,,,alpha_vantage,NATURAL_GAS,benchmark_spot,USD,USD_PER_MMBTU,False
2019-06-19,NATURAL_GAS,NATURAL_GAS,2.43,,,,alpha_vantage,NATURAL_GAS,benchmark_spot,USD,USD_PER_MMBTU,False
2019-06-20,NATURAL_GAS,NATURAL_GAS,2.38,,,,alpha_vantage,NATURAL_GAS,benchmark_spot,USD,USD_PER_MMBTU,False
2019-06-21,NATURAL_GAS,NATURAL_GAS,2.27,,,,alpha_vantage,NATURAL_GAS,benchmark_spot,USD,USD_PER_MMBTU,False
2019-06-24,NATURAL_GAS,NATURAL_GAS,2.31,,,,alpha_vantage,NATURAL_GAS,benchmark_spot,USD,USD_PER_MMBTU,False
2019-06-25,NATURAL_GAS,NATURAL_GAS,2.31,,,,alpha_vantage,NATURAL_GAS,benchmark_spot,USD,USD_PER_MMBTU,False
2019-06-26,NATURAL_GAS,NATURAL_GAS,2.34,,,,alpha_vantage,NATURAL_GAS,benchmark_spot,USD,USD_PER_MMBTU,False
2019-06-27,NATURAL_GAS,NATURAL_GAS,2.32,,,,alpha_vantage,NATURAL_GAS,benchmark_spot,USD,USD_PER_MMBTU,False
2019-06-28,NATURAL_GAS,NATURAL_GAS,2.42,,,,alpha_vantage,NATURAL_GAS,benchmark_spot,USD,USD_PER_MMBTU,False
2019-07-01,NATURAL_GAS,NATURAL_GAS,2.33,,,,alpha_vantage,NATURAL_GAS,benchmark_spot,USD,USD_PER_MMBTU,False
2019-07-02,NATURAL_GAS,NATURAL_GAS,2.3,,,,alpha_vantage,NATURAL_GAS,benchmark_spot,USD,USD_PER_MMBTU,False
2019-07-03,NATURAL_GAS,NATURAL_GAS,2.29,,,,alpha_vantage,NATURAL_GAS,benchmark_spot,USD,USD_PER_MMBTU,False
2019-07-08,NATURAL_GAS,NATURAL_GAS,2.39,,,,alpha_vantage,NATURAL_GAS,benchmark_spot,USD,USD_PER_MMBTU,False
2019-07-09,NATURAL_GAS,NATURAL_GAS,2.41,,,,alpha_vantage,NATURAL_GAS,benchmark_spot,USD,USD_PER_MMBTU,False
2019-07-10,NATURAL_GAS,NATURAL_GAS,2.49,,,,alpha_vantage,NATURAL_GAS,benchmark_spot,USD,USD_PER_MMBTU,False
2019-07-11,NATURAL_GAS,NATURAL_GAS,2.54,,,,alpha_vantage,NATURAL_GAS,benchmark_spot,USD,USD_PER_MMBTU,False
2019-07-12,NATURAL_GAS,NATURAL_GAS,2.54,,,,alpha_vantage,NATURAL_GAS,benchmark_spot,USD,USD_PER_MMBTU,False
2019-07-15,NATURAL_GAS,NATURAL_GAS,2.53,,,,alpha_vantage,NATURAL_GAS,benchmark_spot,USD,USD_PER_MMBTU,False
2019-07-16,NATURAL_GAS,NATURAL_GAS,2.53,,,,alpha_vantage,NATURAL_GAS,benchmark_spot,USD,USD_PER_MMBTU,False
2019-07-17,NATURAL_GAS,NATURAL_GAS,2.44,,,,alpha_vantage,NATURAL_GAS,benchmark_spot,USD,USD_PER_MMBTU,False
2019-07-18,NATURAL_GAS,NATURAL_GAS,2.38,,,,alpha_vantage,NATURAL_GAS,benchmark_spot,USD,USD_PER_MMBTU,False
2019-07-19,NATURAL_GAS,NATURAL_GAS,2.3,,,,alpha_vantage,NATURAL_GAS,benchmark_spot,USD,USD_PER_MMBTU,False
2019-07-22,NATURAL_GAS,NATURAL_GAS,2.33,,,,alpha_vantage,NATURAL_GAS,benchmark_spot,USD,USD_PER_MMBTU,False
2019-07-23,NATURAL_GAS,NATURAL_GAS,2.34,,,,alpha_vantage,NATURAL_GAS,benchmark_spot,USD,USD_PER_MMBTU,False
2019-07-24,NATURAL_GAS,NATURAL_GAS,2.33,,,,alpha_vantage,NATURAL_GAS,benchmark_spot,USD,USD_PER_MMBTU,False
2019-07-25,NATURAL_GAS,NATURAL_GAS,2.26,,,,alpha_vantage,NATURAL_GAS,benchmark_spot,USD,USD_PER_MMBTU,False
2019-07-26,NATURAL_GAS,NATURAL_GAS,2.23,,,,alpha_vantage,NATURAL_GAS,benchmark_spot,USD,USD_PER_MMBTU,False
2019-07-29,NATURAL_GAS,NATURAL_GAS,2.23,,,,alpha_vantage,NATURAL_GAS,benchmark_spot,USD,USD_PER_MMBTU,False
2019-07-30,NATURAL_GAS,NATURAL_GAS,2.22,,,,alpha_vantage,NATURAL_GAS,benchmark_spot,USD,USD_PER_MMBTU,False
2019-07-31,NATURAL_GAS,NATURAL_GAS,2.28,,,,alpha_vantage,NATURAL_GAS,benchmark_spot,USD,USD_PER_MMBTU,False
2019-08-01,NATURAL_GAS,NATURAL_GAS,2.36,,,,alpha_vantage,NATURAL_GAS,benchmark_spot,USD,USD_PER_MMBTU,False
2019-08-02,NATURAL_GAS,NATURAL_GAS,2.12,,,,alpha_vantage,NATURAL_GAS,benchmark_spot,USD,USD_PER_MMBTU,False
2019-08-05,NATURAL_GAS,NATURAL_GAS,2.02,,,,alpha_vantage,NATURAL_GAS,benchmark_spot,USD,USD_PER_MMBTU,False
2019-08-06,NATURAL_GAS,NATURAL_GAS,2.15,,,,alpha_vantage,NATURAL_GAS,benchmark_spot,USD,USD_PER_MMBTU,False
2019-08-07,NATURAL_GAS,NATURAL_GAS,2.18,,,,alpha_vantage,NATURAL_GAS,benchmark_spot,USD,USD_PER_MMBTU,False
2019-08-08,NATURAL_GAS,NATURAL_GAS,2.13,,,,alpha_vantage,NATURAL_GAS,benchmark_spot,USD,USD_PER_MMBTU,False
2019-08-09,NATURAL_GAS,NATURAL_GAS,2.09,,,,alpha_vantage,NATURAL_GAS,benchmark_spot,USD,USD_PER_MMBTU,False
2019-08-12,NATURAL_GAS,NATURAL_GAS,2.21,,,,alpha_vantage,NATURAL_GAS,benchmark_spot,USD,USD_PER_MMBTU,False
2019-08-13,NATURAL_GAS,NATURAL_GAS,2.24,,,,alpha_vantage,NATURAL_GAS,benchmark_spot,USD,USD_PER_MMBTU,False
2019-08-14,NATURAL_GAS,NATURAL_GAS,2.22,,,,alpha_vantage,NATURAL_GAS,benchmark_spot,USD,USD_PER_MMBTU,False
2019-08-15,NATURAL_GAS,NATURAL_GAS,2.19,,,,alpha_vantage,NATURAL_GAS,benchmark_spot,USD,USD_PER_MMBTU,False
2019-08-16,NATURAL_GAS,NATURAL_GAS,2.2,,,,alpha_vantage,NATURAL_GAS,benchmark_spot,USD,USD_PER_MMBTU,False
2019-08-19,NATURAL_GAS,NATURAL_GAS,2.26,,,,alpha_vantage,NATURAL_GAS,benchmark_spot,USD,USD_PER_MMBTU,False
2019-08-20,NATURAL_GAS,NATURAL_GAS,2.35,,,,alpha_vantage,NATURAL_GAS,benchmark_spot,USD,USD_PER_MMBTU,False
2019-08-21,NATURAL_GAS,NATURAL_GAS,2.31,,,,alpha_vantage,NATURAL_GAS,benchmark_spot,USD,USD_PER_MMBTU,False
2019-08-22,NATURAL_GAS,NATURAL_GAS,2.28,,,,alpha_vantage,NATURAL_GAS,benchmark_spot,USD,USD_PER_MMBTU,False
2019-08-23,NATURAL_GAS,NATURAL_GAS,2.15,,,,alpha_vantage,NATURAL_GAS,benchmark_spot,USD,USD_PER_MMBTU,False
2019-08-26,NATURAL_GAS,NATURAL_GAS,2.23,,,,alpha_vantage,NATURAL_GAS,benchmark_spot,USD,USD_PER_MMBTU,False
2019-08-27,NATURAL_GAS,NATURAL_GAS,2.24,,,,alpha_vantage,NATURAL_GAS,benchmark_spot,USD,USD_PER_MMBTU,False
2019-08-28,NATURAL_GAS,NATURAL_GAS,2.24,,,,alpha_vantage,NATURAL_GAS,benchmark_spot,USD,USD_PER_MMBTU,False
2019-08-29,NATURAL_GAS,NATURAL_GAS,2.36,,,,alpha_vantage,NATURAL_GAS,benchmark_spot,USD,USD_PER_MMBTU,False
2019-08-30,NATURAL_GAS,NATURAL_GAS,2.33,,,,alpha_vantage,NATURAL_GAS,benchmark_spot,USD,USD_PER_MMBTU,False
2019-09-03,NATURAL_GAS,NATURAL_GAS,2.39,,,,alpha_vantage,NATURAL_GAS,benchmark_spot,USD,USD_PER_MMBTU,False
2019-09-04,NATURAL_GAS,NATURAL_GAS,2.48,,,,alpha_vantage,NATURAL_GAS,benchmark_spot,USD,USD_PER_MMBTU,False
2019-09-05,NATURAL_GAS,NATURAL_GAS,2.49,,,,alpha_vantage,NATURAL_GAS,benchmark_spot,USD,USD_PER_MMBTU,False
2019-09-06,NATURAL_GAS,NATURAL_GAS,2.49,,,,alpha_vantage,NATURAL_GAS,benchmark_spot,USD,USD_PER_MMBTU,False
2019-09-09,NATURAL_GAS,NATURAL_GAS,2.65,,,,alpha_vantage,NATURAL_GAS,benchmark_spot,USD,USD_PER_MMBTU,False
2019-09-10,NATURAL_GAS,NATURAL_GAS,2.67,,,,alpha_vantage,NATURAL_GAS,benchmark_spot,USD,USD_PER_MMBTU,False
2019-09-11,NATURAL_GAS,NATURAL_GAS,2.63,,,,alpha_vantage,NATURAL_GAS,benchmark_spot,USD,USD_PER_MMBTU,False
2019-09-12,NATURAL_GAS,NATURAL_GAS,2.62,,,,alpha_vantage,NATURAL_GAS,benchmark_spot,USD,USD_PER_MMBTU,False
2019-09-13,NATURAL_GAS,NATURAL_GAS,2.61,,,,alpha_vantage,NATURAL_GAS,benchmark_spot,USD,USD_PER_MMBTU,False
2019-09-16,NATURAL_GAS,NATURAL_GAS,2.75,,,,alpha_vantage,NATURAL_GAS,benchmark_spot,USD,USD_PER_MMBTU,False
2019-09-17,NATURAL_GAS,NATURAL_GAS,2.7,,,,alpha_vantage,NATURAL_GAS,benchmark_spot,USD,USD_PER_MMBTU,False
2019-09-18,NATURAL_GAS,NATURAL_GAS,2.72,,,,alpha_vantage,NATURAL_GAS,benchmark_spot,USD,USD_PER_MMBTU,False
2019-09-19,NATURAL_GAS,NATURAL_GAS,2.65,,,,alpha_vantage,NATURAL_GAS,benchmark_spot,USD,USD_PER_MMBTU,False
2019-09-20,NATURAL_GAS,NATURAL_GAS,2.34,,,,alpha_vantage,NATURAL_GAS,benchmark_spot,USD,USD_PER_MMBTU,False
2019-09-23,NATURAL_GAS,NATURAL_GAS,2.55,,,,alpha_vantage,NATURAL_GAS,benchmark_spot,USD,USD_PER_MMBTU,False
2019-09-24,NATURAL_GAS,NATURAL_GAS,2.55,,,,alpha_vantage,NATURAL_GAS,benchmark_spot,USD,USD_PER_MMBTU,False
2019-09-25,NATURAL_GAS,NATURAL_GAS,2.54,,,,alpha_vantage,NATURAL_GAS,benchmark_spot,USD,USD_PER_MMBTU,False
2019-09-26,NATURAL_GAS,NATURAL_GAS,2.57,,,,alpha_vantage,NATURAL_GAS,benchmark_spot,USD,USD_PER_MMBTU,False
2019-09-27,NATURAL_GAS,NATURAL_GAS,2.41,,,,alpha_vantage,NATURAL_GAS,benchmark_spot,USD,USD_PER_MMBTU,False
2019-09-30,NATURAL_GAS,NATURAL_GAS,2.37,,,,alpha_vantage,NATURAL_GAS,benchmark_spot,USD,USD_PER_MMBTU,False
2019-10-01,NATURAL_GAS,NATURAL_GAS,2.36,,,,alpha_vantage,NATURAL_GAS,benchmark_spot,USD,USD_PER_MMBTU,False
2019-10-02,NATURAL_GAS,NATURAL_GAS,2.36,,,,alpha_vantage,NATURAL_GAS,benchmark_spot,USD,USD_PER_MMBTU,False
2019-10-03,NATURAL_GAS,NATURAL_GAS,2.31,,,,alpha_vantage,NATURAL_GAS,benchmark_spot,USD,USD_PER_MMBTU,False
2019-10-04,NATURAL_GAS,NATURAL_GAS,2.25,,,,alpha_vantage,NATURAL_GAS,benchmark_spot,USD,USD_PER_MMBTU,False
2019-10-07,NATURAL_GAS,NATURAL_GAS,2.36,,,,alpha_vantage,NATURAL_GAS,benchmark_spot,USD,USD_PER_MMBTU,False
2019-10-08,NATURAL_GAS,NATURAL_GAS,2.29,,,,alpha_vantage,NATURAL_GAS,benchmark_spot,USD,USD_PER_MMBTU,False
2019-10-09,NATURAL_GAS,NATURAL_GAS,2.26,,,,alpha_vantage,NATURAL_GAS,benchmark_spot,USD,USD_PER_MMBTU,False
2019-10-10,NATURAL_GAS,NATURAL_GAS,2.26,,,,alpha_vantage,NATURAL_GAS,benchmark_spot,USD,USD_PER_MMBTU,False
2019-10-11,NATURAL_GAS,NATURAL_GAS,2.13,,,,alpha_vantage,NATURAL_GAS,benchmark_spot,USD,USD_PER_MMBTU,False
2019-10-14,NATURAL_GAS,NATURAL_GAS,2.13,,,,alpha_vantage,NATURAL_GAS,benchmark_spot,USD,USD_PER_MMBTU,False
2019-10-15,NATURAL_GAS,NATURAL_GAS,2.29,,,,alpha_vantage,NATURAL_GAS,benchmark_spot,USD,USD_PER_MMBTU,False
2019-10-16,NATURAL_GAS,NATURAL_GAS,2.44,,,,alpha_vantage,NATURAL_GAS,benchmark_spot,USD,USD_PER_MMBTU,False
2019-10-17,NATURAL_GAS,NATURAL_GAS,2.29,,,,alpha_vantage,NATURAL_GAS,benchmark_spot,USD,USD_PER_MMBTU,False
2019-10-18,NATURAL_GAS,NATURAL_GAS,2.08,,,,alpha_vantage,NATURAL_GAS,benchmark_spot,USD,USD_PER_MMBTU,False
2019-10-21,NATURAL_GAS,NATURAL_GAS,2.13,,,,alpha_vantage,NATURAL_GAS,benchmark_spot,USD,USD_PER_MMBTU,False
2019-10-22,NATURAL_GAS,NATURAL_GAS,2.21,,,,alpha_vantage,NATURAL_GAS,benchmark_spot,USD,USD_PER_MMBTU,False
2019-10-23,NATURAL_GAS,NATURAL_GAS,2.34,,,,alpha_vantage,NATURAL_GAS,benchmark_spot,USD,USD_PER_MMBTU,False
2019-10-24,NATURAL_GAS,NATURAL_GAS,2.33,,,,alpha_vantage,NATURAL_GAS,benchmark_spot,USD,USD_PER_MMBTU,False
2019-10-25,NATURAL_GAS,NATURAL_GAS,2.26,,,,alpha_vantage,NATURAL_GAS,benchmark_spot,USD,USD_PER_MMBTU,False
2019-10-28,NATURAL_GAS,NATURAL_GAS,2.49,,,,alpha_vantage,NATURAL_GAS,benchmark_spot,USD,USD_PER_MMBTU,False
2019-10-29,NATURAL_GAS,NATURAL_GAS,2.61,,,,alpha_vantage,NATURAL_GAS,benchmark_spot,USD,USD_PER_MMBTU,False
2019-10-30,NATURAL_GAS,NATURAL_GAS,2.71,,,,alpha_vantage,NATURAL_GAS,benchmark_spot,USD,USD_PER_MMBTU,False
2019-10-31,NATURAL_GAS,NATURAL_GAS,2.73,,,,alpha_vantage,NATURAL_GAS,benchmark_spot,USD,USD_PER_MMBTU,False
2019-11-01,NATURAL_GAS,NATURAL_GAS,2.54,,,,alpha_vantage,NATURAL_GAS,benchmark_spot,USD,USD_PER_MMBTU,False
2019-11-04,NATURAL_GAS,NATURAL_GAS,2.77,,,,alpha_vantage,NATURAL_GAS,benchmark_spot,USD,USD_PER_MMBTU,False
2019-11-05,NATURAL_GAS,NATURAL_GAS,2.77,,,,alpha_vantage,NATURAL_GAS,benchmark_spot,USD,USD_PER_MMBTU,False
2019-11-06,NATURAL_GAS,NATURAL_GAS,2.82,,,,alpha_vantage,NATURAL_GAS,benchmark_spot,USD,USD_PER_MMBTU,False
2019-11-07,NATURAL_GAS,NATURAL_GAS,2.84,,,,alpha_vantage,NATURAL_GAS,benchmark_spot,USD,USD_PER_MMBTU,False
2019-11-08,NATURAL_GAS,NATURAL_GAS,2.87,,,,alpha_vantage,NATURAL_GAS,benchmark_spot,USD,USD_PER_MMBTU,False
2019-11-12,NATURAL_GAS,NATURAL_GAS,2.72,,,,alpha_vantage,NATURAL_GAS,benchmark_spot,USD,USD_PER_MMBTU,False
2019-11-13,NATURAL_GAS,NATURAL_GAS,2.66,,,,alpha_vantage,NATURAL_GAS,benchmark_spot,USD,USD_PER_MMBTU,False
2019-11-14,NATURAL_GAS,NATURAL_GAS,2.68,,,,alpha_vantage,NATURAL_GAS,benchmark_spot,USD,USD_PER_MMBTU,False
2019-11-15,NATURAL_GAS,NATURAL_GAS,2.7,,,,alpha_vantage,NATURAL_GAS,benchmark_spot,USD,USD_PER_MMBTU,False
2019-11-18,NATURAL_GAS,NATURAL_GAS,2.64,,,,alpha_vantage,NATURAL_GAS,benchmark_spot,USD,USD_PER_MMBTU,False
2019-11-19,NATURAL_GAS,NATURAL_GAS,2.53,,,,alpha_vantage,NATURAL_GAS,benchmark_spot,USD,USD_PER_MMBTU,False
2019-11-20,NATURAL_GAS,NATURAL_GAS,2.56,,,,alpha_vantage,NATURAL_GAS,benchmark_spot,USD,USD_PER_MMBTU,False
2019-11-21,NATURAL_GAS,NATURAL_GAS,2.53,,,,alpha_vantage,NATURAL_GAS,benchmark_spot,USD,USD_PER_MMBTU,False
2019-11-22,NATURAL_GAS,NATURAL_GAS,2.62,,,,alpha_vantage,NATURAL_GAS,benchmark_spot,USD,USD_PER_MMBTU,False
2019-11-25,NATURAL_GAS,NATURAL_GAS,2.51,,,,alpha_vantage,NATURAL_GAS,benchmark_spot,USD,USD_PER_MMBTU,False
2019-11-26,NATURAL_GAS,NATURAL_GAS,2.51,,,,alpha_vantage,NATURAL_GAS,benchmark_spot,USD,USD_PER_MMBTU,False
2019-11-27,NATURAL_GAS,NATURAL_GAS,2.46,,,,alpha_vantage,NATURAL_GAS,benchmark_spot,USD,USD_PER_MMBTU,False
2019-11-29,NATURAL_GAS,NATURAL_GAS,2.46,,,,alpha_vantage,NATURAL_GAS,benchmark_spot,USD,USD_PER_MMBTU,False
2019-12-02,NATURAL_GAS,NATURAL_GAS,2.29,,,,alpha_vantage,NATURAL_GAS,benchmark_spot,USD,USD_PER_MMBTU,False
2019-12-03,NATURAL_GAS,NATURAL_GAS,2.42,,,,alpha_vantage,NATURAL_GAS,benchmark_spot,USD,USD_PER_MMBTU,False
2019-12-04,NATURAL_GAS,NATURAL_GAS,2.43,,,,alpha_vantage,NATURAL_GAS,benchmark_spot,USD,USD_PER_MMBTU,False
2019-12-05,NATURAL_GAS,NATURAL_GAS,2.42,,,,alpha_vantage,NATURAL_GAS,benchmark_spot,USD,USD_PER_MMBTU,False
2019-12-06,NATURAL_GAS,NATURAL_GAS,2.31,,,,alpha_vantage,NATURAL_GAS,benchmark_spot,USD,USD_PER_MMBTU,False
2019-12-09,NATURAL_GAS,NATURAL_GAS,2.17,,,,alpha_vantage,NATURAL_GAS,benchmark_spot,USD,USD_PER_MMBTU,False
2019-12-10,NATURAL_GAS,NATURAL_GAS,2.18,,,,alpha_vantage,NATURAL_GAS,benchmark_spot,USD,USD_PER_MMBTU,False
2019-12-11,NATURAL_GAS,NATURAL_GAS,2.28,,,,alpha_vantage,NATURAL_GAS,benchmark_spot,USD,USD_PER_MMBTU,False
2019-12-12,NATURAL_GAS,NATURAL_GAS,2.28,,,,alpha_vantage,NATURAL_GAS,benchmark_spot,USD,USD_PER_MMBTU,False
2019-12-13,NATURAL_GAS,NATURAL_GAS,2.28,,,,alpha_vantage,NATURAL_GAS,benchmark_spot,USD,USD_PER_MMBTU,False
2019-12-16,NATURAL_GAS,NATURAL_GAS,2.34,,,,alpha_vantage,NATURAL_GAS,benchmark_spot,USD,USD_PER_MMBTU,False
2019-12-17,NATURAL_GAS,NATURAL_GAS,2.3,,,,alpha_vantage,NATURAL_GAS,benchmark_spot,USD,USD_PER_MMBTU,False
2019-12-18,NATURAL_GAS,NATURAL_GAS,2.26,,,,alpha_vantage,NATURAL_GAS,benchmark_spot,USD,USD_PER_MMBTU,False
2019-12-19,NATURAL_GAS,NATURAL_GAS,2.21,,,,alpha_vantage,NATURAL_GAS,benchmark_spot,USD,USD_PER_MMBTU,False
2019-12-20,NATURAL_GAS,NATURAL_GAS,2.27,,,,alpha_vantage,NATURAL_GAS,benchmark_spot,USD,USD_PER_MMBTU,False
2019-12-23,NATURAL_GAS,NATURAL_GAS,2.17,,,,alpha_vantage,NATURAL_GAS,benchmark_spot,USD,USD_PER_MMBTU,False
2019-12-24,NATURAL_GAS,NATURAL_GAS,2.11,,,,alpha_vantage,NATURAL_GAS,benchmark_spot,USD,USD_PER_MMBTU,False
2019-12-26,NATURAL_GAS,NATURAL_GAS,2.09,,,,alpha_vantage,NATURAL_GAS,benchmark_spot,USD,USD_PER_MMBTU,False
2019-12-27,NATURAL_GAS,NATURAL_GAS,1.75,,,,alpha_vantage,NATURAL_GAS,benchmark_spot,USD,USD_PER_MMBTU,False
2019-12-30,NATURAL_GAS,NATURAL_GAS,2.06,,,,alpha_vantage,NATURAL_GAS,benchmark_spot,USD,USD_PER_MMBTU,False
2019-12-31,NATURAL_GAS,NATURAL_GAS,2.09,,,,alpha_vantage,NATURAL_GAS,benchmark_spot,USD,USD_PER_MMBTU,False
2020-01-02,NATURAL_GAS,NATURAL_GAS,2.05,,,,alpha_vantage,NATURAL_GAS,benchmark_spot,USD,USD_PER_MMBTU,False
2020-01-03,NATURAL_GAS,NATURAL_GAS,2.06,,,,alpha_vantage,NATURAL_GAS,benchmark_spot,USD,USD_PER_MMBTU,False
2020-01-06,NATURAL_GAS,NATURAL_GAS,2.1,,,,alpha_vantage,NATURAL_GAS,benchmark_spot,USD,USD_PER_MMBTU,False
2020-01-07,NATURAL_GAS,NATURAL_GAS,2.17,,,,alpha_vantage,NATURAL_GAS,benchmark_spot,USD,USD_PER_MMBTU,False
2020-01-08,NATURAL_GAS,NATURAL_GAS,2.09,,,,alpha_vantage,NATURAL_GAS,benchmark_spot,USD,USD_PER_MMBTU,False
2020-01-09,NATURAL_GAS,NATURAL_GAS,2.05,,,,alpha_vantage,NATURAL_GAS,benchmark_spot,USD,USD_PER_MMBTU,False
2020-01-10,NATURAL_GAS,NATURAL_GAS,2.05,,,,alpha_vantage,NATURAL_GAS,benchmark_spot,USD,USD_PER_MMBTU,False
2020-01-13,NATURAL_GAS,NATURAL_GAS,2.03,,,,alpha_vantage,NATURAL_GAS,benchmark_spot,USD,USD_PER_MMBTU,False
2020-01-14,NATURAL_GAS,NATURAL_GAS,2.15,,,,alpha_vantage,NATURAL_GAS,benchmark_spot,USD,USD_PER_MMBTU,False
2020-01-15,NATURAL_GAS,NATURAL_GAS,2.01,,,,alpha_vantage,NATURAL_GAS,benchmark_spot,USD,USD_PER_MMBTU,False
2020-01-16,NATURAL_GAS,NATURAL_GAS,2.06,,,,alpha_vantage,NATURAL_GAS,benchmark_spot,USD,USD_PER_MMBTU,False
2020-01-17,NATURAL_GAS,NATURAL_GAS,2.07,,,,alpha_vantage,NATURAL_GAS,benchmark_spot,USD,USD_PER_MMBTU,False
2020-01-21,NATURAL_GAS,NATURAL_GAS,1.98,,,,alpha_vantage,NATURAL_GAS,benchmark_spot,USD,USD_PER_MMBTU,False
2020-01-22,NATURAL_GAS,NATURAL_GAS,1.89,,,,alpha_vantage,NATURAL_GAS,benchmark_spot,USD,USD_PER_MMBTU,False
2020-01-23,NATURAL_GAS,NATURAL_GAS,1.95,,,,alpha_vantage,NATURAL_GAS,benchmark_spot,USD,USD_PER_MMBTU,False
2020-01-24,NATURAL_GAS,NATURAL_GAS,1.91,,,,alpha_vantage,NATURAL_GAS,benchmark_spot,USD,USD_PER_MMBTU,False
2020-01-27,NATURAL_GAS,NATURAL_GAS,2.03,,,,alpha_vantage,NATURAL_GAS,benchmark_spot,USD,USD_PER_MMBTU,False
2020-01-28,NATURAL_GAS,NATURAL_GAS,1.96,,,,alpha_vantage,NATURAL_GAS,benchmark_spot,USD,USD_PER_MMBTU,False
2020-01-29,NATURAL_GAS,NATURAL_GAS,1.93,,,,alpha_vantage,NATURAL_GAS,benchmark_spot,USD,USD_PER_MMBTU,False
2020-01-30,NATURAL_GAS,NATURAL_GAS,1.94,,,,alpha_vantage,NATURAL_GAS,benchmark_spot,USD,USD_PER_MMBTU,False
2020-01-31,NATURAL_GAS,NATURAL_GAS,1.91,,,,alpha_vantage,NATURAL_GAS,benchmark_spot,USD,USD_PER_MMBTU,False
2020-02-03,NATURAL_GAS,NATURAL_GAS,1.9,,,,alpha_vantage,NATURAL_GAS,benchmark_spot,USD,USD_PER_MMBTU,False
2020-02-04,NATURAL_GAS,NATURAL_GAS,1.89,,,,alpha_vantage,NATURAL_GAS,benchmark_spot,USD,USD_PER_MMBTU,False
2020-02-05,NATURAL_GAS,NATURAL_GAS,1.89,,,,alpha_vantage,NATURAL_GAS,benchmark_spot,USD,USD_PER_MMBTU,False
2020-02-06,NATURAL_GAS,NATURAL_GAS,1.86,,,,alpha_vantage,NATURAL_GAS,benchmark_spot,USD,USD_PER_MMBTU,False
2020-02-07,NATURAL_GAS,NATURAL_GAS,1.93,,,,alpha_vantage,NATURAL_GAS,benchmark_spot,USD,USD_PER_MMBTU,False
2020-02-10,NATURAL_GAS,NATURAL_GAS,1.85,,,,alpha_vantage,NATURAL_GAS,benchmark_spot,USD,USD_PER_MMBTU,False
2020-02-11,NATURAL_GAS,NATURAL_GAS,1.85,,,,alpha_vantage,NATURAL_GAS,benchmark_spot,USD,USD_PER_MMBTU,False
2020-02-12,NATURAL_GAS,NATURAL_GAS,1.91,,,,alpha_vantage,NATURAL_GAS,benchmark_spot,USD,USD_PER_MMBTU,False
2020-02-13,NATURAL_GAS,NATURAL_GAS,1.95,,,,alpha_vantage,NATURAL_GAS,benchmark_spot,USD,USD_PER_MMBTU,False
2020-02-14,NATURAL_GAS,NATURAL_GAS,1.93,,,,alpha_vantage,NATURAL_GAS,benchmark_spot,USD,USD_PER_MMBTU,False
2020-02-18,NATURAL_GAS,NATURAL_GAS,2.04,,,,alpha_vantage,NATURAL_GAS,benchmark_spot,USD,USD_PER_MMBTU,False
2020-02-19,NATURAL_GAS,NATURAL_GAS,2.01,,,,alpha_vantage,NATURAL_GAS,benchmark_spot,USD,USD_PER_MMBTU,False
2020-02-20,NATURAL_GAS,NATURAL_GAS,1.98,,,,alpha_vantage,NATURAL_GAS,benchmark_spot,USD,USD_PER_MMBTU,False
2020-02-21,NATURAL_GAS,NATURAL_GAS,1.96,,,,alpha_vantage,NATURAL_GAS,benchmark_spot,USD,USD_PER_MMBTU,False
2020-02-24,NATURAL_GAS,NATURAL_GAS,1.94,,,,alpha_vantage,NATURAL_GAS,benchmark_spot,USD,USD_PER_MMBTU,False
2020-02-25,NATURAL_GAS,NATURAL_GAS,1.93,,,,alpha_vantage,NATURAL_GAS,benchmark_spot,USD,USD_PER_MMBTU,False
2020-02-26,NATURAL_GAS,NATURAL_GAS,1.96,,,,alpha_vantage,NATURAL_GAS,benchmark_spot,USD,USD_PER_MMBTU,False
2020-02-27,NATURAL_GAS,NATURAL_GAS,1.78,,,,alpha_vantage,NATURAL_GAS,benchmark_spot,USD,USD_PER_MMBTU,False
2020-02-28,NATURAL_GAS,NATURAL_GAS,1.79,,,,alpha_vantage,NATURAL_GAS,benchmark_spot,USD,USD_PER_MMBTU,False
2020-03-02,NATURAL_GAS,NATURAL_GAS,1.75,,,,alpha_vantage,NATURAL_GAS,benchmark_spot,USD,USD_PER_MMBTU,False
2020-03-03,NATURAL_GAS,NATURAL_GAS,1.78,,,,alpha_vantage,NATURAL_GAS,benchmark_spot,USD,USD_PER_MMBTU,False
2020-03-04,NATURAL_GAS,NATURAL_GAS,1.83,,,,alpha_vantage,NATURAL_GAS,benchmark_spot,USD,USD_PER_MMBTU,False
2020-03-05,NATURAL_GAS,NATURAL_GAS,1.89,,,,alpha_vantage,NATURAL_GAS,benchmark_spot,USD,USD_PER_MMBTU,False
2020-03-06,NATURAL_GAS,NATURAL_GAS,1.76,,,,alpha_vantage,NATURAL_GAS,benchmark_spot,USD,USD_PER_MMBTU,False
2020-03-09,NATURAL_GAS,NATURAL_GAS,1.74,,,,alpha_vantage,NATURAL_GAS,benchmark_spot,USD,USD_PER_MMBTU,False
2020-03-10,NATURAL_GAS,NATURAL_GAS,1.91,,,,alpha_vantage,NATURAL_GAS,benchmark_spot,USD,USD_PER_MMBTU,False
2020-03-11,NATURAL_GAS,NATURAL_GAS,1.96,,,,alpha_vantage,NATURAL_GAS,benchmark_spot,USD,USD_PER_MMBTU,False
2020-03-12,NATURAL_GAS,NATURAL_GAS,1.82,,,,alpha_vantage,NATURAL_GAS,benchmark_spot,USD,USD_PER_MMBTU,False
2020-03-13,NATURAL_GAS,NATURAL_GAS,1.94,,,,alpha_vantage,NATURAL_GAS,benchmark_spot,USD,USD_PER_MMBTU,False
2020-03-16,NATURAL_GAS,NATURAL_GAS,1.89,,,,alpha_vantage,NATURAL_GAS,benchmark_spot,USD,USD_PER_MMBTU,False
2020-03-17,NATURAL_GAS,NATURAL_GAS,1.89,,,,alpha_vantage,NATURAL_GAS,benchmark_spot,USD,USD_PER_MMBTU,False
2020-03-18,NATURAL_GAS,NATURAL_GAS,1.73,,,,alpha_vantage,NATURAL_GAS,benchmark_spot,USD,USD_PER_MMBTU,False
2020-03-19,NATURAL_GAS,NATURAL_GAS,1.68,,,,alpha_vantage,NATURAL_GAS,benchmark_spot,USD,USD_PER_MMBTU,False
2020-03-20,NATURAL_GAS,NATURAL_GAS,1.76,,,,alpha_vantage,NATURAL_GAS,benchmark_spot,USD,USD_PER_MMBTU,False
2020-03-23,NATURAL_GAS,NATURAL_GAS,1.7,,,,alpha_vantage,NATURAL_GAS,benchmark_spot,USD,USD_PER_MMBTU,False
2020-03-24,NATURAL_GAS,NATURAL_GAS,1.73,,,,alpha_vantage,NATURAL_GAS,benchmark_spot,USD,USD_PER_MMBTU,False
2020-03-25,NATURAL_GAS,NATURAL_GAS,1.8,,,,alpha_vantage,NATURAL_GAS,benchmark_spot,USD,USD_PER_MMBTU,False
2020-03-26,NATURAL_GAS,NATURAL_GAS,1.73,,,,alpha_vantage,NATURAL_GAS,benchmark_spot,USD,USD_PER_MMBTU,False
2020-03-27,NATURAL_GAS,NATURAL_GAS,1.7,,,,alpha_vantage,NATURAL_GAS,benchmark_spot,USD,USD_PER_MMBTU,False
2020-03-30,NATURAL_GAS,NATURAL_GAS,1.65,,,,alpha_vantage,NATURAL_GAS,benchmark_spot,USD,USD_PER_MMBTU,False
2020-03-31,NATURAL_GAS,NATURAL_GAS,1.71,,,,alpha_vantage,NATURAL_GAS,benchmark_spot,USD,USD_PER_MMBTU,False
2020-04-01,NATURAL_GAS,NATURAL_GAS,1.69,,,,alpha_vantage,NATURAL_GAS,benchmark_spot,USD,USD_PER_MMBTU,False
2020-04-02,NATURAL_GAS,NATURAL_GAS,1.55,,,,alpha_vantage,NATURAL_GAS,benchmark_spot,USD,USD_PER_MMBTU,False
2020-04-03,NATURAL_GAS,NATURAL_GAS,1.5,,,,alpha_vantage,NATURAL_GAS,benchmark_spot,USD,USD_PER_MMBTU,False
2020-04-06,NATURAL_GAS,NATURAL_GAS,1.64,,,,alpha_vantage,NATURAL_GAS,benchmark_spot,USD,USD_PER_MMBTU,False
2020-04-07,NATURAL_GAS,NATURAL_GAS,1.83,,,,alpha_vantage,NATURAL_GAS,benchmark_spot,USD,USD_PER_MMBTU,False
2020-04-08,NATURAL_GAS,NATURAL_GAS,1.86,,,,alpha_vantage,NATURAL_GAS,benchmark_spot,USD,USD_PER_MMBTU,False
2020-04-09,NATURAL_GAS,NATURAL_GAS,1.74,,,,alpha_vantage,NATURAL_GAS,benchmark_spot,USD,USD_PER_MMBTU,False
2020-04-13,NATURAL_GAS,NATURAL_GAS,1.86,,,,alpha_vantage,NATURAL_GAS,benchmark_spot,USD,USD_PER_MMBTU,False
2020-04-14,NATURAL_GAS,NATURAL_GAS,1.76,,,,alpha_vantage,NATURAL_GAS,benchmark_spot,USD,USD_PER_MMBTU,False
2020-04-15,NATURAL_GAS,NATURAL_GAS,1.68,,,,alpha_vantage,NATURAL_GAS,benchmark_spot,USD,USD_PER_MMBTU,False
2020-04-16,NATURAL_GAS,NATURAL_GAS,1.59,,,,alpha_vantage,NATURAL_GAS,benchmark_spot,USD,USD_PER_MMBTU,False
2020-04-17,NATURAL_GAS,NATURAL_GAS,1.71,,,,alpha_vantage,NATURAL_GAS,benchmark_spot,USD,USD_PER_MMBTU,False
2020-04-20,NATURAL_GAS,NATURAL_GAS,1.78,,,,alpha_vantage,NATURAL_GAS,benchmark_spot,USD,USD_PER_MMBTU,False
2020-04-21,NATURAL_GAS,NATURAL_GAS,1.92,,,,alpha_vantage,NATURAL_GAS,benchmark_spot,USD,USD_PER_MMBTU,False
2020-04-22,NATURAL_GAS,NATURAL_GAS,1.9,,,,alpha_vantage,NATURAL_GAS,benchmark_spot,USD,USD_PER_MMBTU,False
2020-04-23,NATURAL_GAS,NATURAL_GAS,1.86,,,,alpha_vantage,NATURAL_GAS,benchmark_spot,USD,USD_PER_MMBTU,False
2020-04-24,NATURAL_GAS,NATURAL_GAS,1.81,,,,alpha_vantage,NATURAL_GAS,benchmark_spot,USD,USD_PER_MMBTU,False
2020-04-27,NATURAL_GAS,NATURAL_GAS,1.68,,,,alpha_vantage,NATURAL_GAS,benchmark_spot,USD,USD_PER_MMBTU,False
2020-04-28,NATURAL_GAS,NATURAL_GAS,1.8,,,,alpha_vantage,NATURAL_GAS,benchmark_spot,USD,USD_PER_MMBTU,False
2020-04-29,NATURAL_GAS,NATURAL_GAS,1.73,,,,alpha_vantage,NATURAL_GAS,benchmark_spot,USD,USD_PER_MMBTU,False
2020-04-30,NATURAL_GAS,NATURAL_GAS,1.63,,,,alpha_vantage,NATURAL_GAS,benchmark_spot,USD,USD_PER_MMBTU,False
2020-05-01,NATURAL_GAS,NATURAL_GAS,1.69,,,,alpha_vantage,NATURAL_GAS,benchmark_spot,USD,USD_PER_MMBTU,False
2020-05-04,NATURAL_GAS,NATURAL_GAS,1.78,,,,alpha_vantage,NATURAL_GAS,benchmark_spot,USD,USD_PER_MMBTU,False
2020-05-05,NATURAL_GAS,NATURAL_GAS,1.93,,,,alpha_vantage,NATURAL_GAS,benchmark_spot,USD,USD_PER_MMBTU,False
2020-05-06,NATURAL_GAS,NATURAL_GAS,1.9,,,,alpha_vantage,NATURAL_GAS,benchmark_spot,USD,USD_PER_MMBTU,False
2020-05-07,NATURAL_GAS,NATURAL_GAS,1.84,,,,alpha_vantage,NATURAL_GAS,benchmark_spot,USD,USD_PER_MMBTU,False
2020-05-08,NATURAL_GAS,NATURAL_GAS,1.74,,,,alpha_vantage,NATURAL_GAS,benchmark_spot,USD,USD_PER_MMBTU,False
2020-05-11,NATURAL_GAS,NATURAL_GAS,1.7,,,,alpha_vantage,NATURAL_GAS,benchmark_spot,USD,USD_PER_MMBTU,False
2020-05-12,NATURAL_GAS,NATURAL_GAS,1.61,,,,alpha_vantage,NATURAL_GAS,benchmark_spot,USD,USD_PER_MMBTU,False
2020-05-13,NATURAL_GAS,NATURAL_GAS,1.56,,,,alpha_vantage,NATURAL_GAS,benchmark_spot,USD,USD_PER_MMBTU,False
2020-05-14,NATURAL_GAS,NATURAL_GAS,1.6,,,,alpha_vantage,NATURAL_GAS,benchmark_spot,USD,USD_PER_MMBTU,False
2020-05-15,NATURAL_GAS,NATURAL_GAS,1.66,,,,alpha_vantage,NATURAL_GAS,benchmark_spot,USD,USD_PER_MMBTU,False
2020-05-18,NATURAL_GAS,NATURAL_GAS,1.77,,,,alpha_vantage,NATURAL_GAS,benchmark_spot,USD,USD_PER_MMBTU,False
2020-05-19,NATURAL_GAS,NATURAL_GAS,1.85,,,,alpha_vantage,NATURAL_GAS,benchmark_spot,USD,USD_PER_MMBTU,False
2020-05-20,NATURAL_GAS,NATURAL_GAS,1.83,,,,alpha_vantage,NATURAL_GAS,benchmark_spot,USD,USD_PER_MMBTU,False
2020-05-21,NATURAL_GAS,NATURAL_GAS,1.75,,,,alpha_vantage,NATURAL_GAS,benchmark_spot,USD,USD_PER_MMBTU,False
2020-05-22,NATURAL_GAS,NATURAL_GAS,1.7,,,,alpha_vantage,NATURAL_GAS,benchmark_spot,USD,USD_PER_MMBTU,False
2020-05-26,NATURAL_GAS,NATURAL_GAS,1.79,,,,alpha_vantage,NATURAL_GAS,benchmark_spot,USD,USD_PER_MMBTU,False
2020-05-27,NATURAL_GAS,NATURAL_GAS,1.78,,,,alpha_vantage,NATURAL_GAS,benchmark_spot,USD,USD_PER_MMBTU,False
2020-05-28,NATURAL_GAS,NATURAL_GAS,1.79,,,,alpha_vantage,NATURAL_GAS,benchmark_spot,USD,USD_PER_MMBTU,False
2020-05-29,NATURAL_GAS,NATURAL_GAS,1.7,,,,alpha_vantage,NATURAL_GAS,benchmark_spot,USD,USD_PER_MMBTU,False
2020-06-01,NATURAL_GAS,NATURAL_GAS,1.59,,,,alpha_vantage,NATURAL_GAS,benchmark_spot,USD,USD_PER_MMBTU,False
2020-06-02,NATURAL_GAS,NATURAL_GAS,1.58,,,,alpha_vantage,NATURAL_GAS,benchmark_spot,USD,USD_PER_MMBTU,False
2020-06-03,NATURAL_GAS,NATURAL_GAS,1.84,,,,alpha_vantage,NATURAL_GAS,benchmark_spot,USD,USD_PER_MMBTU,False
2020-06-04,NATURAL_GAS,NATURAL_GAS,1.68,,,,alpha_vantage,NATURAL_GAS,benchmark_spot,USD,USD_PER_MMBTU,False
2020-06-05,NATURAL_GAS,NATURAL_GAS,1.8,,,,alpha_vantage,NATURAL_GAS,benchmark_spot,USD,USD_PER_MMBTU,False
2020-06-08,NATURAL_GAS,NATURAL_GAS,1.68,,,,alpha_vantage,NATURAL_GAS,benchmark_spot,USD,USD_PER_MMBTU,False
2020-06-09,NATURAL_GAS,NATURAL_GAS,1.68,,,,alpha_vantage,NATURAL_GAS,benchmark_spot,USD,USD_PER_MMBTU,False
2020-06-10,NATURAL_GAS,NATURAL_GAS,1.72,,,,alpha_vantage,NATURAL_GAS,benchmark_spot,USD,USD_PER_MMBTU,False
2020-06-11,NATURAL_GAS,NATURAL_GAS,1.77,,,,alpha_vantage,NATURAL_GAS,benchmark_spot,USD,USD_PER_MMBTU,False
2020-06-12,NATURAL_GAS,NATURAL_GAS,1.67,,,,alpha_vantage,NATURAL_GAS,benchmark_spot,USD,USD_PER_MMBTU,False
2020-06-15,NATURAL_GAS,NATURAL_GAS,1.64,,,,alpha_vantage,NATURAL_GAS,benchmark_spot,USD,USD_PER_MMBTU,False
2020-06-16,NATURAL_GAS,NATURAL_GAS,1.43,,,,alpha_vantage,NATURAL_GAS,benchmark_spot,USD,USD_PER_MMBTU,False
2020-06-17,NATURAL_GAS,NATURAL_GAS,1.55,,,,alpha_vantage,NATURAL_GAS,benchmark_spot,USD,USD_PER_MMBTU,False
2020-06-18,NATURAL_GAS,NATURAL_GAS,1.51,,,,alpha_vantage,NATURAL_GAS,benchmark_spot,USD,USD_PER_MMBTU,False
2020-06-19,NATURAL_GAS,NATURAL_GAS,1.49,,,,alpha_vantage,NATURAL_GAS,benchmark_spot,USD,USD_PER_MMBTU,False
2020-06-22,NATURAL_GAS,NATURAL_GAS,1.64,,,,alpha_vantage,NATURAL_GAS,benchmark_spot,USD,USD_PER_MMBTU,False
2020-06-23,NATURAL_GAS,NATURAL_GAS,1.61,,,,alpha_vantage,NATURAL_GAS,benchmark_spot,USD,USD_PER_MMBTU,False
2020-06-24,NATURAL_GAS,NATURAL_GAS,1.64,,,,alpha_vantage,NATURAL_GAS,benchmark_spot,USD,USD_PER_MMBTU,False
2020-06-25,NATURAL_GAS,NATURAL_GAS,1.53,,,,alpha_vantage,NATURAL_GAS,benchmark_spot,USD,USD_PER_MMBTU,False
2020-06-26,NATURAL_GAS,NATURAL_GAS,1.42,,,,alpha_vantage,NATURAL_GAS,benchmark_spot,USD,USD_PER_MMBTU,False
2020-06-29,NATURAL_GAS,NATURAL_GAS,1.67,,,,alpha_vantage,NATURAL_GAS,benchmark_spot,USD,USD_PER_MMBTU,False
2020-06-30,NATURAL_GAS,NATURAL_GAS,1.76,,,,alpha_vantage,NATURAL_GAS,benchmark_spot,USD,USD_PER_MMBTU,False
2020-07-01,NATURAL_GAS,NATURAL_GAS,1.69,,,,alpha_vantage,NATURAL_GAS,benchmark_spot,USD,USD_PER_MMBTU,False
2020-07-02,NATURAL_GAS,NATURAL_GAS,1.58,,,,alpha_vantage,NATURAL_GAS,benchmark_spot,USD,USD_PER_MMBTU,False
2020-07-06,NATURAL_GAS,NATURAL_GAS,1.71,,,,alpha_vantage,NATURAL_GAS,benchmark_spot,USD,USD_PER_MMBTU,False
2020-07-07,NATURAL_GAS,NATURAL_GAS,1.76,,,,alpha_vantage,NATURAL_GAS,benchmark_spot,USD,USD_PER_MMBTU,False
2020-07-08,NATURAL_GAS,NATURAL_GAS,1.78,,,,alpha_vantage,NATURAL_GAS,benchmark_spot,USD,USD_PER_MMBTU,False
2020-07-09,NATURAL_GAS,NATURAL_GAS,1.88,,,,alpha_vantage,NATURAL_GAS,benchmark_spot,USD,USD_PER_MMBTU,False
2020-07-10,NATURAL_GAS,NATURAL_GAS,1.79,,,,alpha_vantage,NATURAL_GAS,benchmark_spot,USD,USD_PER_MMBTU,False
2020-07-13,NATURAL_GAS,NATURAL_GAS,1.75,,,,alpha_vantage,NATURAL_GAS,benchmark_spot,USD,USD_PER_MMBTU,False
2020-07-14,NATURAL_GAS,NATURAL_GAS,1.74,,,,alpha_vantage,NATURAL_GAS,benchmark_spot,USD,USD_PER_MMBTU,False
2020-07-15,NATURAL_GAS,NATURAL_GAS,1.76,,,,alpha_vantage,NATURAL_GAS,benchmark_spot,USD,USD_PER_MMBTU,False
2020-07-16,NATURAL_GAS,NATURAL_GAS,1.79,,,,alpha_vantage,NATURAL_GAS,benchmark_spot,USD,USD_PER_MMBTU,False
2020-07-17,NATURAL_GAS,NATURAL_GAS,1.79,,,,alpha_vantage,NATURAL_GAS,benchmark_spot,USD,USD_PER_MMBTU,False
2020-07-20,NATURAL_GAS,NATURAL_GAS,1.71,,,,alpha_vantage,NATURAL_GAS,benchmark_spot,USD,USD_PER_MMBTU,False
2020-07-21,NATURAL_GAS,NATURAL_GAS,1.66,,,,alpha_vantage,NATURAL_GAS,benchmark_spot,USD,USD_PER_MMBTU,False
2020-07-22,NATURAL_GAS,NATURAL_GAS,1.69,,,,alpha_vantage,NATURAL_GAS,benchmark_spot,USD,USD_PER_MMBTU,False
2020-07-23,NATURAL_GAS,NATURAL_GAS,1.75,,,,alpha_vantage,NATURAL_GAS,benchmark_spot,USD,USD_PER_MMBTU,False
2020-07-24,NATURAL_GAS,NATURAL_GAS,1.77,,,,alpha_vantage,NATURAL_GAS,benchmark_spot,USD,USD_PER_MMBTU,False
2020-07-27,NATURAL_GAS,NATURAL_GAS,1.85,,,,alpha_vantage,NATURAL_GAS,benchmark_spot,USD,USD_PER_MMBTU,False
2020-07-28,NATURAL_GAS,NATURAL_GAS,1.83,,,,alpha_vantage,NATURAL_GAS,benchmark_spot,USD,USD_PER_MMBTU,False
2020-07-29,NATURAL_GAS,NATURAL_GAS,1.77,,,,alpha_vantage,NATURAL_GAS,benchmark_spot,USD,USD_PER_MMBTU,False
2020-07-30,NATURAL_GAS,NATURAL_GAS,1.81,,,,alpha_vantage,NATURAL_GAS,benchmark_spot,USD,USD_PER_MMBTU,False
2020-07-31,NATURAL_GAS,NATURAL_GAS,1.83,,,,alpha_vantage,NATURAL_GAS,benchmark_spot,USD,USD_PER_MMBTU,False
2020-08-03,NATURAL_GAS,NATURAL_GAS,1.95,,,,alpha_vantage,NATURAL_GAS,benchmark_spot,USD,USD_PER_MMBTU,False
2020-08-04,NATURAL_GAS,NATURAL_GAS,2.07,,,,alpha_vantage,NATURAL_GAS,benchmark_spot,USD,USD_PER_MMBTU,False
2020-08-05,NATURAL_GAS,NATURAL_GAS,2.23,,,,alpha_vantage,NATURAL_GAS,benchmark_spot,USD,USD_PER_MMBTU,False
2020-08-06,NATURAL_GAS,NATURAL_GAS,2.26,,,,alpha_vantage,NATURAL_GAS,benchmark_spot,USD,USD_PER_MMBTU,False
2020-08-07,NATURAL_GAS,NATURAL_GAS,2.15,,,,alpha_vantage,NATURAL_GAS,benchmark_spot,USD,USD_PER_MMBTU,False
2020-08-10,NATURAL_GAS,NATURAL_GAS,2.18,,,,alpha_vantage,NATURAL_GAS,benchmark_spot,USD,USD_PER_MMBTU,False
2020-08-11,NATURAL_GAS,NATURAL_GAS,2.19,,,,alpha_vantage,NATURAL_GAS,benchmark_spot,USD,USD_PER_MMBTU,False
2020-08-12,NATURAL_GAS,NATURAL_GAS,2.05,,,,alpha_vantage,NATURAL_GAS,benchmark_spot,USD,USD_PER_MMBTU,False
2020-08-13,NATURAL_GAS,NATURAL_GAS,2.19,,,,alpha_vantage,NATURAL_GAS,benchmark_spot,USD,USD_PER_MMBTU,False
2020-08-14,NATURAL_GAS,NATURAL_GAS,2.23,,,,alpha_vantage,NATURAL_GAS,benchmark_spot,USD,USD_PER_MMBTU,False
2020-08-17,NATURAL_GAS,NATURAL_GAS,2.32,,,,alpha_vantage,NATURAL_GAS,benchmark_spot,USD,USD_PER_MMBTU,False
2020-08-18,NATURAL_GAS,NATURAL_GAS,2.45,,,,alpha_vantage,NATURAL_GAS,benchmark_spot,USD,USD_PER_MMBTU,False
2020-08-19,NATURAL_GAS,NATURAL_GAS,2.43,,,,alpha_vantage,NATURAL_GAS,benchmark_spot,USD,USD_PER_MMBTU,False
2020-08-20,NATURAL_GAS,NATURAL_GAS,2.35,,,,alpha_vantage,NATURAL_GAS,benchmark_spot,USD,USD_PER_MMBTU,False
2020-08-21,NATURAL_GAS,NATURAL_GAS,2.39,,,,alpha_vantage,NATURAL_GAS,benchmark_spot,USD,USD_PER_MMBTU,False
2020-08-24,NATURAL_GAS,NATURAL_GAS,2.57,,,,alpha_vantage,NATURAL_GAS,benchmark_spot,USD,USD_PER_MMBTU,False
2020-08-25,NATURAL_GAS,NATURAL_GAS,2.54,,,,alpha_vantage,NATURAL_GAS,benchmark_spot,USD,USD_PER_MMBTU,False
2020-08-26,NATURAL_GAS,NATURAL_GAS,2.52,,,,alpha_vantage,NATURAL_GAS,benchmark_spot,USD,USD_PER_MMBTU,False
2020-08-27,NATURAL_GAS,NATURAL_GAS,2.52,,,,alpha_vantage,NATURAL_GAS,benchmark_spot,USD,USD_PER_MMBTU,False
2020-08-28,NATURAL_GAS,NATURAL_GAS,2.46,,,,alpha_vantage,NATURAL_GAS,benchmark_spot,USD,USD_PER_MMBTU,False
2020-08-31,NATURAL_GAS,NATURAL_GAS,2.3,,,,alpha_vantage,NATURAL_GAS,benchmark_spot,USD,USD_PER_MMBTU,False
2020-09-01,NATURAL_GAS,NATURAL_GAS,2.22,,,,alpha_vantage,NATURAL_GAS,benchmark_spot,USD,USD_PER_MMBTU,False
2020-09-02,NATURAL_GAS,NATURAL_GAS,2.15,,,,alpha_vantage,NATURAL_GAS,benchmark_spot,USD,USD_PER_MMBTU,False
2020-09-03,NATURAL_GAS,NATURAL_GAS,2.32,,,,alpha_vantage,NATURAL_GAS,benchmark_spot,USD,USD_PER_MMBTU,False
2020-09-04,NATURAL_GAS,NATURAL_GAS,1.8,,,,alpha_vantage,NATURAL_GAS,benchmark_spot,USD,USD_PER_MMBTU,False
2020-09-08,NATURAL_GAS,NATURAL_GAS,2.35,,,,alpha_vantage,NATURAL_GAS,benchmark_spot,USD,USD_PER_MMBTU,False
2020-09-09,NATURAL_GAS,NATURAL_GAS,2.21,,,,alpha_vantage,NATURAL_GAS,benchmark_spot,USD,USD_PER_MMBTU,False
2020-09-10,NATURAL_GAS,NATURAL_GAS,2.13,,,,alpha_vantage,NATURAL_GAS,benchmark_spot,USD,USD_PER_MMBTU,False
2020-09-11,NATURAL_GAS,NATURAL_GAS,1.93,,,,alpha_vantage,NATURAL_GAS,benchmark_spot,USD,USD_PER_MMBTU,False
2020-09-14,NATURAL_GAS,NATURAL_GAS,2.18,,,,alpha_vantage,NATURAL_GAS,benchmark_spot,USD,USD_PER_MMBTU,False
2020-09-15,NATURAL_GAS,NATURAL_GAS,2.19,,,,alpha_vantage,NATURAL_GAS,benchmark_spot,USD,USD_PER_MMBTU,False
2020-09-16,NATURAL_GAS,NATURAL_GAS,2.06,,,,alpha_vantage,NATURAL_GAS,benchmark_spot,USD,USD_PER_MMBTU,False
2020-09-17,NATURAL_GAS,NATURAL_GAS,1.65,,,,alpha_vantage,NATURAL_GAS,benchmark_spot,USD,USD_PER_MMBTU,False
2020-09-18,NATURAL_GAS,NATURAL_GAS,1.56,,,,alpha_vantage,NATURAL_GAS,benchmark_spot,USD,USD_PER_MMBTU,False
2020-09-21,NATURAL_GAS,NATURAL_GAS,1.33,,,,alpha_vantage,NATURAL_GAS,benchmark_spot,USD,USD_PER_MMBTU,False
2020-09-22,NATURAL_GAS,NATURAL_GAS,1.49,,,,alpha_vantage,NATURAL_GAS,benchmark_spot,USD,USD_PER_MMBTU,False
2020-09-23,NATURAL_GAS,NATURAL_GAS,1.74,,,,alpha_vantage,NATURAL_GAS,benchmark_spot,USD,USD_PER_MMBTU,False
2020-09-24,NATURAL_GAS,NATURAL_GAS,1.93,,,,alpha_vantage,NATURAL_GAS,benchmark_spot,USD,USD_PER_MMBTU,False
2020-09-25,NATURAL_GAS,NATURAL_GAS,1.9,,,,alpha_vantage,NATURAL_GAS,benchmark_spot,USD,USD_PER_MMBTU,False
2020-09-28,NATURAL_GAS,NATURAL_GAS,1.83,,,,alpha_vantage,NATURAL_GAS,benchmark_spot,USD,USD_PER_MMBTU,False
2020-09-29,NATURAL_GAS,NATURAL_GAS,1.74,,,,alpha_vantage,NATURAL_GAS,benchmark_spot,USD,USD_PER_MMBTU,False
2020-09-30,NATURAL_GAS,NATURAL_GAS,1.66,,,,alpha_vantage,NATURAL_GAS,benchmark_spot,USD,USD_PER_MMBTU,False
2020-10-01,NATURAL_GAS,NATURAL_GAS,1.6,,,,alpha_vantage,NATURAL_GAS,benchmark_spot,USD,USD_PER_MMBTU,False
2020-10-02,NATURAL_GAS,NATURAL_GAS,1.41,,,,alpha_vantage,NATURAL_GAS,benchmark_spot,USD,USD_PER_MMBTU,False
2020-10-05,NATURAL_GAS,NATURAL_GAS,1.92,,,,alpha_vantage,NATURAL_GAS,benchmark_spot,USD,USD_PER_MMBTU,False
2020-10-06,NATURAL_GAS,NATURAL_GAS,1.86,,,,alpha_vantage,NATURAL_GAS,benchmark_spot,USD,USD_PER_MMBTU,False
2020-10-07,NATURAL_GAS,NATURAL_GAS,2.01,,,,alpha_vantage,NATURAL_GAS,benchmark_spot,USD,USD_PER_MMBTU,False
2020-10-08,NATURAL_GAS,NATURAL_GAS,1.49,,,,alpha_vantage,NATURAL_GAS,benchmark_spot,USD,USD_PER_MMBTU,False
2020-10-09,NATURAL_GAS,NATURAL_GAS,2.25,,,,alpha_vantage,NATURAL_GAS,benchmark_spot,USD,USD_PER_MMBTU,False
2020-10-12,NATURAL_GAS,NATURAL_GAS,2.31,,,,alpha_vantage,NATURAL_GAS,benchmark_spot,USD,USD_PER_MMBTU,False
2020-10-13,NATURAL_GAS,NATURAL_GAS,2.14,,,,alpha_vantage,NATURAL_GAS,benchmark_spot,USD,USD_PER_MMBTU,False
2020-10-14,NATURAL_GAS,NATURAL_GAS,2.02,,,,alpha_vantage,NATURAL_GAS,benchmark_spot,USD,USD_PER_MMBTU,False
2020-10-15,NATURAL_GAS,NATURAL_GAS,2.23,,,,alpha_vantage,NATURAL_GAS,benchmark_spot,USD,USD_PER_MMBTU,False
2020-10-16,NATURAL_GAS,NATURAL_GAS,2.16,,,,alpha_vantage,NATURAL_GAS,benchmark_spot,USD,USD_PER_MMBTU,False
2020-10-19,NATURAL_GAS,NATURAL_GAS,2.3,,,,alpha_vantage,NATURAL_GAS,benchmark_spot,USD,USD_PER_MMBTU,False
2020-10-20,NATURAL_GAS,NATURAL_GAS,2.57,,,,alpha_vantage,NATURAL_GAS,benchmark_spot,USD,USD_PER_MMBTU,False
2020-10-21,NATURAL_GAS,NATURAL_GAS,2.95,,,,alpha_vantage,NATURAL_GAS,benchmark_spot,USD,USD_PER_MMBTU,False
2020-10-22,NATURAL_GAS,NATURAL_GAS,2.99,,,,alpha_vantage,NATURAL_GAS,benchmark_spot,USD,USD_PER_MMBTU,False
2020-10-23,NATURAL_GAS,NATURAL_GAS,2.91,,,,alpha_vantage,NATURAL_GAS,benchmark_spot,USD,USD_PER_MMBTU,False
2020-10-26,NATURAL_GAS,NATURAL_GAS,3.14,,,,alpha_vantage,NATURAL_GAS,benchmark_spot,USD,USD_PER_MMBTU,False
2020-10-27,NATURAL_GAS,NATURAL_GAS,3.07,,,,alpha_vantage,NATURAL_GAS,benchmark_spot,USD,USD_PER_MMBTU,False
2020-10-28,NATURAL_GAS,NATURAL_GAS,3.14,,,,alpha_vantage,NATURAL_GAS,benchmark_spot,USD,USD_PER_MMBTU,False
2020-10-29,NATURAL_GAS,NATURAL_GAS,3.06,,,,alpha_vantage,NATURAL_GAS,benchmark_spot,USD,USD_PER_MMBTU,False
2020-10-30,NATURAL_GAS,NATURAL_GAS,3.03,,,,alpha_vantage,NATURAL_GAS,benchmark_spot,USD,USD_PER_MMBTU,False
2020-11-02,NATURAL_GAS,NATURAL_GAS,3.03,,,,alpha_vantage,NATURAL_GAS,benchmark_spot,USD,USD_PER_MMBTU,False
2020-11-03,NATURAL_GAS,NATURAL_GAS,2.88,,,,alpha_vantage,NATURAL_GAS,benchmark_spot,USD,USD_PER_MMBTU,False
2020-11-04,NATURAL_GAS,NATURAL_GAS,2.63,,,,alpha_vantage,NATURAL_GAS,benchmark_spot,USD,USD_PER_MMBTU,False
2020-11-05,NATURAL_GAS,NATURAL_GAS,2.69,,,,alpha_vantage,NATURAL_GAS,benchmark_spot,USD,USD_PER_MMBTU,False
2020-11-06,NATURAL_GAS,NATURAL_GAS,2.67,,,,alpha_vantage,NATURAL_GAS,benchmark_spot,USD,USD_PER_MMBTU,False
2020-11-09,NATURAL_GAS,NATURAL_GAS,2.63,,,,alpha_vantage,NATURAL_GAS,benchmark_spot,USD,USD_PER_MMBTU,False
2020-11-10,NATURAL_GAS,NATURAL_GAS,2.74,,,,alpha_vantage,NATURAL_GAS,benchmark_spot,USD,USD_PER_MMBTU,False
2020-11-11,NATURAL_GAS,NATURAL_GAS,2.75,,,,alpha_vantage,NATURAL_GAS,benchmark_spot,USD,USD_PER_MMBTU,False
2020-11-12,NATURAL_GAS,NATURAL_GAS,2.81,,,,alpha_vantage,NATURAL_GAS,benchmark_spot,USD,USD_PER_MMBTU,False
2020-11-13,NATURAL_GAS,NATURAL_GAS,2.82,,,,alpha_vantage,NATURAL_GAS,benchmark_spot,USD,USD_PER_MMBTU,False
2020-11-16,NATURAL_GAS,NATURAL_GAS,2.62,,,,alpha_vantage,NATURAL_GAS,benchmark_spot,USD,USD_PER_MMBTU,False
2020-11-17,NATURAL_GAS,NATURAL_GAS,2.55,,,,alpha_vantage,NATURAL_GAS,benchmark_spot,USD,USD_PER_MMBTU,False
2020-11-18,NATURAL_GAS,NATURAL_GAS,2.37,,,,alpha_vantage,NATURAL_GAS,benchmark_spot,USD,USD_PER_MMBTU,False
2020-11-19,NATURAL_GAS,NATURAL_GAS,2.19,,,,alpha_vantage,NATURAL_GAS,benchmark_spot,USD,USD_PER_MMBTU,False
2020-11-20,NATURAL_GAS,NATURAL_GAS,2.22,,,,alpha_vantage,NATURAL_GAS,benchmark_spot,USD,USD_PER_MMBTU,False
2020-11-23,NATURAL_GAS,NATURAL_GAS,2.23,,,,alpha_vantage,NATURAL_GAS,benchmark_spot,USD,USD_PER_MMBTU,False
2020-11-24,NATURAL_GAS,NATURAL_GAS,2.47,,,,alpha_vantage,NATURAL_GAS,benchmark_spot,USD,USD_PER_MMBTU,False
2020-11-25,NATURAL_GAS,NATURAL_GAS,2.47,,,,alpha_vantage,NATURAL_GAS,benchmark_spot,USD,USD_PER_MMBTU,False
2020-11-30,NATURAL_GAS,NATURAL_GAS,2.89,,,,alpha_vantage,NATURAL_GAS,benchmark_spot,USD,USD_PER_MMBTU,False
2020-12-01,NATURAL_GAS,NATURAL_GAS,2.89,,,,alpha_vantage,NATURAL_GAS,benchmark_spot,USD,USD_PER_MMBTU,False
2020-12-02,NATURAL_GAS,NATURAL_GAS,2.75,,,,alpha_vantage,NATURAL_GAS,benchmark_spot,USD,USD_PER_MMBTU,False
2020-12-03,NATURAL_GAS,NATURAL_GAS,2.46,,,,alpha_vantage,NATURAL_GAS,benchmark_spot,USD,USD_PER_MMBTU,False
2020-12-04,NATURAL_GAS,NATURAL_GAS,2.48,,,,alpha_vantage,NATURAL_GAS,benchmark_spot,USD,USD_PER_MMBTU,False
2020-12-07,NATURAL_GAS,NATURAL_GAS,2.39,,,,alpha_vantage,NATURAL_GAS,benchmark_spot,USD,USD_PER_MMBTU,False
2020-12-08,NATURAL_GAS,NATURAL_GAS,2.36,,,,alpha_vantage,NATURAL_GAS,benchmark_spot,USD,USD_PER_MMBTU,False
2020-12-09,NATURAL_GAS,NATURAL_GAS,2.45,,,,alpha_vantage,NATURAL_GAS,benchmark_spot,USD,USD_PER_MMBTU,False
2020-12-10,NATURAL_GAS,NATURAL_GAS,2.45,,,,alpha_vantage,NATURAL_GAS,benchmark_spot,USD,USD_PER_MMBTU,False
2020-12-11,NATURAL_GAS,NATURAL_GAS,2.54,,,,alpha_vantage,NATURAL_GAS,benchmark_spot,USD,USD_PER_MMBTU,False
2020-12-14,NATURAL_GAS,NATURAL_GAS,2.69,,,,alpha_vantage,NATURAL_GAS,benchmark_spot,USD,USD_PER_MMBTU,False
2020-12-15,NATURAL_GAS,NATURAL_GAS,2.63,,,,alpha_vantage,NATURAL_GAS,benchmark_spot,USD,USD_PER_MMBTU,False
2020-12-16,NATURAL_GAS,NATURAL_GAS,2.73,,,,alpha_vantage,NATURAL_GAS,benchmark_spot,USD,USD_PER_MMBTU,False
2020-12-17,NATURAL_GAS,NATURAL_GAS,2.7,,,,alpha_vantage,NATURAL_GAS,benchmark_spot,USD,USD_PER_MMBTU,False
2020-12-18,NATURAL_GAS,NATURAL_GAS,2.73,,,,alpha_vantage,NATURAL_GAS,benchmark_spot,USD,USD_PER_MMBTU,False
2020-12-21,NATURAL_GAS,NATURAL_GAS,2.68,,,,alpha_vantage,NATURAL_GAS,benchmark_spot,USD,USD_PER_MMBTU,False
2020-12-22,NATURAL_GAS,NATURAL_GAS,2.76,,,,alpha_vantage,NATURAL_GAS,benchmark_spot,USD,USD_PER_MMBTU,False
2020-12-23,NATURAL_GAS,NATURAL_GAS,2.76,,,,alpha_vantage,NATURAL_GAS,benchmark_spot,USD,USD_PER_MMBTU,False
2020-12-24,NATURAL_GAS,NATURAL_GAS,2.68,,,,alpha_vantage,NATURAL_GAS,benchmark_spot,USD,USD_PER_MMBTU,False
2020-12-28,NATURAL_GAS,NATURAL_GAS,2.39,,,,alpha_vantage,NATURAL_GAS,benchmark_spot,USD,USD_PER_MMBTU,False
2020-12-29,NATURAL_GAS,NATURAL_GAS,2.4,,,,alpha_vantage,NATURAL_GAS,benchmark_spot,USD,USD_PER_MMBTU,False
2020-12-30,NATURAL_GAS,NATURAL_GAS,2.36,,,,alpha_vantage,NATURAL_GAS,benchmark_spot,USD,USD_PER_MMBTU,False
2020-12-31,NATURAL_GAS,NATURAL_GAS,2.39,,,,alpha_vantage,NATURAL_GAS,benchmark_spot,USD,USD_PER_MMBTU,False
2021-01-04,NATURAL_GAS,NATURAL_GAS,2.6,,,,alpha_vantage,NATURAL_GAS,benchmark_spot,USD,USD_PER_MMBTU,False
2021-01-05,NATURAL_GAS,NATURAL_GAS,2.77,,,,alpha_vantage,NATURAL_GAS,benchmark_spot,USD,USD_PER_MMBTU,False
2021-01-06,NATURAL_GAS,NATURAL_GAS,2.76,,,,alpha_vantage,NATURAL_GAS,benchmark_spot,USD,USD_PER_MMBTU,False
2021-01-07,NATURAL_GAS,NATURAL_GAS,2.81,,,,alpha_vantage,NATURAL_GAS,benchmark_spot,USD,USD_PER_MMBTU,False
2021-01-08,NATURAL_GAS,NATURAL_GAS,2.77,,,,alpha_vantage,NATURAL_GAS,benchmark_spot,USD,USD_PER_MMBTU,False
2021-01-11,NATURAL_GAS,NATURAL_GAS,2.71,,,,alpha_vantage,NATURAL_GAS,benchmark_spot,USD,USD_PER_MMBTU,False
2021-01-12,NATURAL_GAS,NATURAL_GAS,2.89,,,,alpha_vantage,NATURAL_GAS,benchmark_spot,USD,USD_PER_MMBTU,False
2021-01-13,NATURAL_GAS,NATURAL_GAS,2.82,,,,alpha_vantage,NATURAL_GAS,benchmark_spot,USD,USD_PER_MMBTU,False
2021-01-14,NATURAL_GAS,NATURAL_GAS,2.82,,,,alpha_vantage,NATURAL_GAS,benchmark_spot,USD,USD_PER_MMBTU,False
2021-01-15,NATURAL_GAS,NATURAL_GAS,2.86,,,,alpha_vantage,NATURAL_GAS,benchmark_spot,USD,USD_PER_MMBTU,False
2021-01-19,NATURAL_GAS,NATURAL_GAS,2.65,,,,alpha_vantage,NATURAL_GAS,benchmark_spot,USD,USD_PER_MMBTU,False
2021-01-20,NATURAL_GAS,NATURAL_GAS,2.57,,,,alpha_vantage,NATURAL_GAS,benchmark_spot,USD,USD_PER_MMBTU,False
2021-01-21,NATURAL_GAS,NATURAL_GAS,2.49,,,,alpha_vantage,NATURAL_GAS,benchmark_spot,USD,USD_PER_MMBTU,False
2021-01-22,NATURAL_GAS,NATURAL_GAS,2.45,,,,alpha_vantage,NATURAL_GAS,benchmark_spot,USD,USD_PER_MMBTU,False
2021-01-25,NATURAL_GAS,NATURAL_GAS,2.63,,,,alpha_vantage,NATURAL_GAS,benchmark_spot,USD,USD_PER_MMBTU,False
2021-01-26,NATURAL_GAS,NATURAL_GAS,2.73,,,,alpha_vantage,NATURAL_GAS,benchmark_spot,USD,USD_PER_MMBTU,False
2021-01-27,NATURAL_GAS,NATURAL_GAS,2.77,,,,alpha_vantage,NATURAL_GAS,benchmark_spot,USD,USD_PER_MMBTU,False
2021-01-28,NATURAL_GAS,NATURAL_GAS,2.76,,,,alpha_vantage,NATURAL_GAS,benchmark_spot,USD,USD_PER_MMBTU,False
2021-01-29,NATURAL_GAS,NATURAL_GAS,2.68,,,,alpha_vantage,NATURAL_GAS,benchmark_spot,USD,USD_PER_MMBTU,False
2021-02-01,NATURAL_GAS,NATURAL_GAS,2.88,,,,alpha_vantage,NATURAL_GAS,benchmark_spot,USD,USD_PER_MMBTU,False
2021-02-02,NATURAL_GAS,NATURAL_GAS,3.24,,,,alpha_vantage,NATURAL_GAS,benchmark_spot,USD,USD_PER_MMBTU,False
2021-02-03,NATURAL_GAS,NATURAL_GAS,3.01,,,,alpha_vantage,NATURAL_GAS,benchmark_spot,USD,USD_PER_MMBTU,False
2021-02-04,NATURAL_GAS,NATURAL_GAS,2.99,,,,alpha_vantage,NATURAL_GAS,benchmark_spot,USD,USD_PER_MMBTU,False
2021-02-05,NATURAL_GAS,NATURAL_GAS,3.49,,,,alpha_vantage,NATURAL_GAS,benchmark_spot,USD,USD_PER_MMBTU,False
2021-02-08,NATURAL_GAS,NATURAL_GAS,3.4,,,,alpha_vantage,NATURAL_GAS,benchmark_spot,USD,USD_PER_MMBTU,False
2021-02-09,NATURAL_GAS,NATURAL_GAS,3.35,,,,alpha_vantage,NATURAL_GAS,benchmark_spot,USD,USD_PER_MMBTU,False
2021-02-10,NATURAL_GAS,NATURAL_GAS,3.76,,,,alpha_vantage,NATURAL_GAS,benchmark_spot,USD,USD_PER_MMBTU,False
2021-02-11,NATURAL_GAS,NATURAL_GAS,6.5,,,,alpha_vantage,NATURAL_GAS,benchmark_spot,USD,USD_PER_MMBTU,False
2021-02-12,NATURAL_GAS,NATURAL_GAS,6.12,,,,alpha_vantage,NATURAL_GAS,benchmark_spot,USD,USD_PER_MMBTU,False
2021-02-16,NATURAL_GAS,NATURAL_GAS,11.32,,,,alpha_vantage,NATURAL_GAS,benchmark_spot,USD,USD_PER_MMBTU,False
2021-02-17,NATURAL_GAS,NATURAL_GAS,23.86,,,,alpha_vantage,NATURAL_GAS,benchmark_spot,USD,USD_PER_MMBTU,False
2021-02-18,NATURAL_GAS,NATURAL_GAS,8.56,,,,alpha_vantage,NATURAL_GAS,benchmark_spot,USD,USD_PER_MMBTU,False
2021-02-19,NATURAL_GAS,NATURAL_GAS,4.96,,,,alpha_vantage,NATURAL_GAS,benchmark_spot,USD,USD_PER_MMBTU,False
2021-02-22,NATURAL_GAS,NATURAL_GAS,3.16,,,,alpha_vantage,NATURAL_GAS,benchmark_spot,USD,USD_PER_MMBTU,False
2021-02-23,NATURAL_GAS,NATURAL_GAS,2.94,,,,alpha_vantage,NATURAL_GAS,benchmark_spot,USD,USD_PER_MMBTU,False
2021-02-24,NATURAL_GAS,NATURAL_GAS,2.8,,,,alpha_vantage,NATURAL_GAS,benchmark_spot,USD,USD_PER_MMBTU,False
2021-02-25,NATURAL_GAS,NATURAL_GAS,2.72,,,,alpha_vantage,NATURAL_GAS,benchmark_spot,USD,USD_PER_MMBTU,False
2021-02-26,NATURAL_GAS,NATURAL_GAS,2.66,,,,alpha_vantage,NATURAL_GAS,benchmark_spot,USD,USD_PER_MMBTU,False
2021-03-01,NATURAL_GAS,NATURAL_GAS,2.7,,,,alpha_vantage,NATURAL_GAS,benchmark_spot,USD,USD_PER_MMBTU,False
2021-03-02,NATURAL_GAS,NATURAL_GAS,2.87,,,,alpha_vantage,NATURAL_GAS,benchmark_spot,USD,USD_PER_MMBTU,False
2021-03-03,NATURAL_GAS,NATURAL_GAS,2.86,,,,alpha_vantage,NATURAL_GAS,benchmark_spot,USD,USD_PER_MMBTU,False
2021-03-04,NATURAL_GAS,NATURAL_GAS,2.79,,,,alpha_vantage,NATURAL_GAS,benchmark_spot,USD,USD_PER_MMBTU,False
2021-03-05,NATURAL_GAS,NATURAL_GAS,2.72,,,,alpha_vantage,NATURAL_GAS,benchmark_spot,USD,USD_PER_MMBTU,False
2021-03-08,NATURAL_GAS,NATURAL_GAS,2.67,,,,alpha_vantage,NATURAL_GAS,benchmark_spot,USD,USD_PER_MMBTU,False
2021-03-09,NATURAL_GAS,NATURAL_GAS,2.62,,,,alpha_vantage,NATURAL_GAS,benchmark_spot,USD,USD_PER_MMBTU,False
2021-03-10,NATURAL_GAS,NATURAL_GAS,2.62,,,,alpha_vantage,NATURAL_GAS,benchmark_spot,USD,USD_PER_MMBTU,False
2021-03-11,NATURAL_GAS,NATURAL_GAS,2.7,,,,alpha_vantage,NATURAL_GAS,benchmark_spot,USD,USD_PER_MMBTU,False
2021-03-12,NATURAL_GAS,NATURAL_GAS,2.65,,,,alpha_vantage,NATURAL_GAS,benchmark_spot,USD,USD_PER_MMBTU,False
2021-03-15,NATURAL_GAS,NATURAL_GAS,2.58,,,,alpha_vantage,NATURAL_GAS,benchmark_spot,USD,USD_PER_MMBTU,False
2021-03-16,NATURAL_GAS,NATURAL_GAS,2.5,,,,alpha_vantage,NATURAL_GAS,benchmark_spot,USD,USD_PER_MMBTU,False
2021-03-17,NATURAL_GAS,NATURAL_GAS,2.6,,,,alpha_vantage,NATURAL_GAS,benchmark_spot,USD,USD_PER_MMBTU,False
2021-03-18,NATURAL_GAS,NATURAL_GAS,2.45,,,,alpha_vantage,NATURAL_GAS,benchmark_spot,USD,USD_PER_MMBTU,False
2021-03-19,NATURAL_GAS,NATURAL_GAS,2.53,,,,alpha_vantage,NATURAL_GAS,benchmark_spot,USD,USD_PER_MMBTU,False
2021-03-22,NATURAL_GAS,NATURAL_GAS,2.55,,,,alpha_vantage,NATURAL_GAS,benchmark_spot,USD,USD_PER_MMBTU,False
2021-03-23,NATURAL_GAS,NATURAL_GAS,2.56,,,,alpha_vantage,NATURAL_GAS,benchmark_spot,USD,USD_PER_MMBTU,False
2021-03-24,NATURAL_GAS,NATURAL_GAS,2.56,,,,alpha_vantage,NATURAL_GAS,benchmark_spot,USD,USD_PER_MMBTU,False
2021-03-25,NATURAL_GAS,NATURAL_GAS,2.52,,,,alpha_vantage,NATURAL_GAS,benchmark_spot,USD,USD_PER_MMBTU,False
2021-03-26,NATURAL_GAS,NATURAL_GAS,2.52,,,,alpha_vantage,NATURAL_GAS,benchmark_spot,USD,USD_PER_MMBTU,False
2021-03-29,NATURAL_GAS,NATURAL_GAS,2.58,,,,alpha_vantage,NATURAL_GAS,benchmark_spot,USD,USD_PER_MMBTU,False
2021-03-30,NATURAL_GAS,NATURAL_GAS,2.55,,,,alpha_vantage,NATURAL_GAS,benchmark_spot,USD,USD_PER_MMBTU,False
2021-03-31,NATURAL_GAS,NATURAL_GAS,2.52,,,,alpha_vantage,NATURAL_GAS,benchmark_spot,USD,USD_PER_MMBTU,False
2021-04-01,NATURAL_GAS,NATURAL_GAS,2.52,,,,alpha_vantage,NATURAL_GAS,benchmark_spot,USD,USD_PER_MMBTU,False
2021-04-05,NATURAL_GAS,NATURAL_GAS,2.43,,,,alpha_vantage,NATURAL_GAS,benchmark_spot,USD,USD_PER_MMBTU,False
2021-04-06,NATURAL_GAS,NATURAL_GAS,2.44,,,,alpha_vantage,NATURAL_GAS,benchmark_spot,USD,USD_PER_MMBTU,False
2021-04-07,NATURAL_GAS,NATURAL_GAS,2.43,,,,alpha_vantage,NATURAL_GAS,benchmark_spot,USD,USD_PER_MMBTU,False
2021-04-08,NATURAL_GAS,NATURAL_GAS,2.47,,,,alpha_vantage,NATURAL_GAS,benchmark_spot,USD,USD_PER_MMBTU,False
2021-04-09,NATURAL_GAS,NATURAL_GAS,2.48,,,,alpha_vantage,NATURAL_GAS,benchmark_spot,USD,USD_PER_MMBTU,False
2021-04-12,NATURAL_GAS,NATURAL_GAS,2.5,,,,alpha_vantage,NATURAL_GAS,benchmark_spot,USD,USD_PER_MMBTU,False
2021-04-13,NATURAL_GAS,NATURAL_GAS,2.57,,,,alpha_vantage,NATURAL_GAS,benchmark_spot,USD,USD_PER_MMBTU,False
2021-04-14,NATURAL_GAS,NATURAL_GAS,2.65,,,,alpha_vantage,NATURAL_GAS,benchmark_spot,USD,USD_PER_MMBTU,False
2021-04-15,NATURAL_GAS,NATURAL_GAS,2.62,,,,alpha_vantage,NATURAL_GAS,benchmark_spot,USD,USD_PER_MMBTU,False
2021-04-16,NATURAL_GAS,NATURAL_GAS,2.63,,,,alpha_vantage,NATURAL_GAS,benchmark_spot,USD,USD_PER_MMBTU,False
2021-04-19,NATURAL_GAS,NATURAL_GAS,2.75,,,,alpha_vantage,NATURAL_GAS,benchmark_spot,USD,USD_PER_MMBTU,False
2021-04-20,NATURAL_GAS,NATURAL_GAS,2.76,,,,alpha_vantage,NATURAL_GAS,benchmark_spot,USD,USD_PER_MMBTU,False
2021-04-21,NATURAL_GAS,NATURAL_GAS,2.72,,,,alpha_vantage,NATURAL_GAS,benchmark_spot,USD,USD_PER_MMBTU,False
2021-04-22,NATURAL_GAS,NATURAL_GAS,2.77,,,,alpha_vantage,NATURAL_GAS,benchmark_spot,USD,USD_PER_MMBTU,False
2021-04-23,NATURAL_GAS,NATURAL_GAS,2.79,,,,alpha_vantage,NATURAL_GAS,benchmark_spot,USD,USD_PER_MMBTU,False
2021-04-26,NATURAL_GAS,NATURAL_GAS,2.73,,,,alpha_vantage,NATURAL_GAS,benchmark_spot,USD,USD_PER_MMBTU,False
2021-04-27,NATURAL_GAS,NATURAL_GAS,2.91,,,,alpha_vantage,NATURAL_GAS,benchmark_spot,USD,USD_PER_MMBTU,False
2021-04-28,NATURAL_GAS,NATURAL_GAS,2.98,,,,alpha_vantage,NATURAL_GAS,benchmark_spot,USD,USD_PER_MMBTU,False
2021-04-29,NATURAL_GAS,NATURAL_GAS,2.91,,,,alpha_vantage,NATURAL_GAS,benchmark_spot,USD,USD_PER_MMBTU,False
2021-04-30,NATURAL_GAS,NATURAL_GAS,2.86,,,,alpha_vantage,NATURAL_GAS,benchmark_spot,USD,USD_PER_MMBTU,False
2021-05-03,NATURAL_GAS,NATURAL_GAS,2.96,,,,alpha_vantage,NATURAL_GAS,benchmark_spot,USD,USD_PER_MMBTU,False
2021-05-04,NATURAL_GAS,NATURAL_GAS,3.0,,,,alpha_vantage,NATURAL_GAS,benchmark_spot,USD,USD_PER_MMBTU,False
2021-05-05,NATURAL_GAS,NATURAL_GAS,2.99,,,,alpha_vantage,NATURAL_GAS,benchmark_spot,USD,USD_PER_MMBTU,False
2021-05-06,NATURAL_GAS,NATURAL_GAS,2.9,,,,alpha_vantage,NATURAL_GAS,benchmark_spot,USD,USD_PER_MMBTU,False
2021-05-07,NATURAL_GAS,NATURAL_GAS,2.9,,,,alpha_vantage,NATURAL_GAS,benchmark_spot,USD,USD_PER_MMBTU,False
2021-05-10,NATURAL_GAS,NATURAL_GAS,2.93,,,,alpha_vantage,NATURAL_GAS,benchmark_spot,USD,USD_PER_MMBTU,False
2021-05-11,NATURAL_GAS,NATURAL_GAS,2.91,,,,alpha_vantage,NATURAL_GAS,benchmark_spot,USD,USD_PER_MMBTU,False
2021-05-12,NATURAL_GAS,NATURAL_GAS,2.91,,,,alpha_vantage,NATURAL_GAS,benchmark_spot,USD,USD_PER_MMBTU,False
2021-05-13,NATURAL_GAS,NATURAL_GAS,2.95,,,,alpha_vantage,NATURAL_GAS,benchmark_spot,USD,USD_PER_MMBTU,False
2021-05-14,NATURAL_GAS,NATURAL_GAS,2.95,,,,alpha_vantage,NATURAL_GAS,benchmark_spot,USD,USD_PER_MMBTU,False
2021-05-17,NATURAL_GAS,NATURAL_GAS,2.99,,,,alpha_vantage,NATURAL_GAS,benchmark_spot,USD,USD_PER_MMBTU,False
2021-05-18,NATURAL_GAS,NATURAL_GAS,2.96,,,,alpha_vantage,NATURAL_GAS,benchmark_spot,USD,USD_PER_MMBTU,False
2021-05-19,NATURAL_GAS,NATURAL_GAS,2.88,,,,alpha_vantage,NATURAL_GAS,benchmark_spot,USD,USD_PER_MMBTU,False
2021-05-20,NATURAL_GAS,NATURAL_GAS,2.86,,,,alpha_vantage,NATURAL_GAS,benchmark_spot,USD,USD_PER_MMBTU,False
2021-05-21,NATURAL_GAS,NATURAL_GAS,2.84,,,,alpha_vantage,NATURAL_GAS,benchmark_spot,USD,USD_PER_MMBTU,False
2021-05-24,NATURAL_GAS,NATURAL_GAS,2.78,,,,alpha_vantage,NATURAL_GAS,benchmark_spot,USD,USD_PER_MMBTU,False
2021-05-25,NATURAL_GAS,NATURAL_GAS,2.87,,,,alpha_vantage,NATURAL_GAS,benchmark_spot,USD,USD_PER_MMBTU,False
2021-05-26,NATURAL_GAS,NATURAL_GAS,2.91,,,,alpha_vantage,NATURAL_GAS,benchmark_spot,USD,USD_PER_MMBTU,False
2021-05-27,NATURAL_GAS,NATURAL_GAS,2.85,,,,alpha_vantage,NATURAL_GAS,benchmark_spot,USD,USD_PER_MMBTU,False
2021-05-28,NATURAL_GAS,NATURAL_GAS,2.91,,,,alpha_vantage,NATURAL_GAS,benchmark_spot,USD,USD_PER_MMBTU,False
2021-06-01,NATURAL_GAS,NATURAL_GAS,3.02,,,,alpha_vantage,NATURAL_GAS,benchmark_spot,USD,USD_PER_MMBTU,False
2021-06-02,NATURAL_GAS,NATURAL_GAS,3.09,,,,alpha_vantage,NATURAL_GAS,benchmark_spot,USD,USD_PER_MMBTU,False
2021-06-03,NATURAL_GAS,NATURAL_GAS,3.01,,,,alpha_vantage,NATURAL_GAS,benchmark_spot,USD,USD_PER_MMBTU,False
2021-06-04,NATURAL_GAS,NATURAL_GAS,3.01,,,,alpha_vantage,NATURAL_GAS,benchmark_spot,USD,USD_PER_MMBTU,False
2021-06-07,NATURAL_GAS,NATURAL_GAS,2.98,,,,alpha_vantage,NATURAL_GAS,benchmark_spot,USD,USD_PER_MMBTU,False
2021-06-08,NATURAL_GAS,NATURAL_GAS,3.11,,,,alpha_vantage,NATURAL_GAS,benchmark_spot,USD,USD_PER_MMBTU,False
2021-06-09,NATURAL_GAS,NATURAL_GAS,3.13,,,,alpha_vantage,NATURAL_GAS,benchmark_spot,USD,USD_PER_MMBTU,False
2021-06-10,NATURAL_GAS,NATURAL_GAS,3.13,,,,alpha_vantage,NATURAL_GAS,benchmark_spot,USD,USD_PER_MMBTU,False
2021-06-11,NATURAL_GAS,NATURAL_GAS,3.23,,,,alpha_vantage,NATURAL_GAS,benchmark_spot,USD,USD_PER_MMBTU,False
2021-06-14,NATURAL_GAS,NATURAL_GAS,3.36,,,,alpha_vantage,NATURAL_GAS,benchmark_spot,USD,USD_PER_MMBTU,False
2021-06-15,NATURAL_GAS,NATURAL_GAS,3.31,,,,alpha_vantage,NATURAL_GAS,benchmark_spot,USD,USD_PER_MMBTU,False
2021-06-16,NATURAL_GAS,NATURAL_GAS,3.25,,,,alpha_vantage,NATURAL_GAS,benchmark_spot,USD,USD_PER_MMBTU,False
2021-06-17,NATURAL_GAS,NATURAL_GAS,3.24,,,,alpha_vantage,NATURAL_GAS,benchmark_spot,USD,USD_PER_MMBTU,False
2021-06-18,NATURAL_GAS,NATURAL_GAS,3.23,,,,alpha_vantage,NATURAL_GAS,benchmark_spot,USD,USD_PER_MMBTU,False
2021-06-21,NATURAL_GAS,NATURAL_GAS,3.15,,,,alpha_vantage,NATURAL_GAS,benchmark_spot,USD,USD_PER_MMBTU,False
2021-06-22,NATURAL_GAS,NATURAL_GAS,3.21,,,,alpha_vantage,NATURAL_GAS,benchmark_spot,USD,USD_PER_MMBTU,False
2021-06-23,NATURAL_GAS,NATURAL_GAS,3.36,,,,alpha_vantage,NATURAL_GAS,benchmark_spot,USD,USD_PER_MMBTU,False
2021-06-24,NATURAL_GAS,NATURAL_GAS,3.3,,,,alpha_vantage,NATURAL_GAS,benchmark_spot,USD,USD_PER_MMBTU,False
2021-06-25,NATURAL_GAS,NATURAL_GAS,3.4,,,,alpha_vantage,NATURAL_GAS,benchmark_spot,USD,USD_PER_MMBTU,False
2021-06-28,NATURAL_GAS,NATURAL_GAS,3.62,,,,alpha_vantage,NATURAL_GAS,benchmark_spot,USD,USD_PER_MMBTU,False
2021-06-29,NATURAL_GAS,NATURAL_GAS,3.75,,,,alpha_vantage,NATURAL_GAS,benchmark_spot,USD,USD_PER_MMBTU,False
2021-06-30,NATURAL_GAS,NATURAL_GAS,3.79,,,,alpha_vantage,NATURAL_GAS,benchmark_spot,USD,USD_PER_MMBTU,False
2021-07-01,NATURAL_GAS,NATURAL_GAS,3.76,,,,alpha_vantage,NATURAL_GAS,benchmark_spot,USD,USD_PER_MMBTU,False
2021-07-02,NATURAL_GAS,NATURAL_GAS,3.67,,,,alpha_vantage,NATURAL_GAS,benchmark_spot,USD,USD_PER_MMBTU,False
2021-07-06,NATURAL_GAS,NATURAL_GAS,3.68,,,,alpha_vantage,NATURAL_GAS,benchmark_spot,USD,USD_PER_MMBTU,False
2021-07-07,NATURAL_GAS,NATURAL_GAS,3.66,,,,alpha_vantage,NATURAL_GAS,benchmark_spot,USD,USD_PER_MMBTU,False
2021-07-08,NATURAL_GAS,NATURAL_GAS,3.56,,,,alpha_vantage,NATURAL_GAS,benchmark_spot,USD,USD_PER_MMBTU,False
2021-07-09,NATURAL_GAS,NATURAL_GAS,3.71,,,,alpha_vantage,NATURAL_GAS,benchmark_spot,USD,USD_PER_MMBTU,False
2021-07-12,NATURAL_GAS,NATURAL_GAS,3.7,,,,alpha_vantage,NATURAL_GAS,benchmark_spot,USD,USD_PER_MMBTU,False
2021-07-13,NATURAL_GAS,NATURAL_GAS,3.78,,,,alpha_vantage,NATURAL_GAS,benchmark_spot,USD,USD_PER_MMBTU,False
2021-07-14,NATURAL_GAS,NATURAL_GAS,3.8,,,,alpha_vantage,NATURAL_GAS,benchmark_spot,USD,USD_PER_MMBTU,False
2021-07-15,NATURAL_GAS,NATURAL_GAS,3.68,,,,alpha_vantage,NATURAL_GAS,benchmark_spot,USD,USD_PER_MMBTU,False
2021-07-16,NATURAL_GAS,NATURAL_GAS,3.7,,,,alpha_vantage,NATURAL_GAS,benchmark_spot,USD,USD_PER_MMBTU,False
2021-07-19,NATURAL_GAS,NATURAL_GAS,3.75,,,,alpha_vantage,NATURAL_GAS,benchmark_spot,USD,USD_PER_MMBTU,False
2021-07-20,NATURAL_GAS,NATURAL_GAS,3.82,,,,alpha_vantage,NATURAL_GAS,benchmark_spot,USD,USD_PER_MMBTU,False
2021-07-21,NATURAL_GAS,NATURAL_GAS,3.94,,,,alpha_vantage,NATURAL_GAS,benchmark_spot,USD,USD_PER_MMBTU,False
2021-07-22,NATURAL_GAS,NATURAL_GAS,4.02,,,,alpha_vantage,NATURAL_GAS,benchmark_spot,USD,USD_PER_MMBTU,False
2021-07-23,NATURAL_GAS,NATURAL_GAS,4.11,,,,alpha_vantage,NATURAL_GAS,benchmark_spot,USD,USD_PER_MMBTU,False
2021-07-26,NATURAL_GAS,NATURAL_GAS,4.09,,,,alpha_vantage,NATURAL_GAS,benchmark_spot,USD,USD_PER_MMBTU,False
2021-07-27,NATURAL_GAS,NATURAL_GAS,4.15,,,,alpha_vantage,NATURAL_GAS,benchmark_spot,USD,USD_PER_MMBTU,False
2021-07-28,NATURAL_GAS,NATURAL_GAS,4.1,,,,alpha_vantage,NATURAL_GAS,benchmark_spot,USD,USD_PER_MMBTU,False
2021-07-29,NATURAL_GAS,NATURAL_GAS,4.03,,,,alpha_vantage,NATURAL_GAS,benchmark_spot,USD,USD_PER_MMBTU,False
2021-07-30,NATURAL_GAS,NATURAL_GAS,3.94,,,,alpha_vantage,NATURAL_GAS,benchmark_spot,USD,USD_PER_MMBTU,False
2021-08-02,NATURAL_GAS,NATURAL_GAS,4.02,,,,alpha_vantage,NATURAL_GAS,benchmark_spot,USD,USD_PER_MMBTU,False
2021-08-03,NATURAL_GAS,NATURAL_GAS,4.06,,,,alpha_vantage,NATURAL_GAS,benchmark_spot,USD,USD_PER_MMBTU,False
2021-08-04,NATURAL_GAS,NATURAL_GAS,4.2,,,,alpha_vantage,NATURAL_GAS,benchmark_spot,USD,USD_PER_MMBTU,False
2021-08-05,NATURAL_GAS,NATURAL_GAS,4.27,,,,alpha_vantage,NATURAL_GAS,benchmark_spot,USD,USD_PER_MMBTU,False
2021-08-06,NATURAL_GAS,NATURAL_GAS,4.21,,,,alpha_vantage,NATURAL_GAS,benchmark_spot,USD,USD_PER_MMBTU,False
2021-08-09,NATURAL_GAS,NATURAL_GAS,4.24,,,,alpha_vantage,NATURAL_GAS,benchmark_spot,USD,USD_PER_MMBTU,False
2021-08-10,NATURAL_GAS,NATURAL_GAS,4.12,,,,alpha_vantage,NATURAL_GAS,benchmark_spot,USD,USD_PER_MMBTU,False
2021-08-11,NATURAL_GAS,NATURAL_GAS,4.07,,,,alpha_vantage,NATURAL_GAS,benchmark_spot,USD,USD_PER_MMBTU,False
2021-08-12,NATURAL_GAS,NATURAL_GAS,4.1,,,,alpha_vantage,NATURAL_GAS,benchmark_spot,USD,USD_PER_MMBTU,False
2021-08-13,NATURAL_GAS,NATURAL_GAS,3.95,,,,alpha_vantage,NATURAL_GAS,benchmark_spot,USD,USD_PER_MMBTU,False
2021-08-16,NATURAL_GAS,NATURAL_GAS,3.93,,,,alpha_vantage,NATURAL_GAS,benchmark_spot,USD,USD_PER_MMBTU,False
2021-08-17,NATURAL_GAS,NATURAL_GAS,3.92,,,,alpha_vantage,NATURAL_GAS,benchmark_spot,USD,USD_PER_MMBTU,False
2021-08-18,NATURAL_GAS,NATURAL_GAS,3.86,,,,alpha_vantage,NATURAL_GAS,benchmark_spot,USD,USD_PER_MMBTU,False
2021-08-19,NATURAL_GAS,NATURAL_GAS,3.83,,,,alpha_vantage,NATURAL_GAS,benchmark_spot,USD,USD_PER_MMBTU,False
2021-08-20,NATURAL_GAS,NATURAL_GAS,3.94,,,,alpha_vantage,NATURAL_GAS,benchmark_spot,USD,USD_PER_MMBTU,False
2021-08-23,NATURAL_GAS,NATURAL_GAS,3.93,,,,alpha_vantage,NATURAL_GAS,benchmark_spot,USD,USD_PER_MMBTU,False
2021-08-24,NATURAL_GAS,NATURAL_GAS,3.95,,,,alpha_vantage,NATURAL_GAS,benchmark_spot,USD,USD_PER_MMBTU,False
2021-08-25,NATURAL_GAS,NATURAL_GAS,4.03,,,,alpha_vantage,NATURAL_GAS,benchmark_spot,USD,USD_PER_MMBTU,False
2021-08-26,NATURAL_GAS,NATURAL_GAS,4.07,,,,alpha_vantage,NATURAL_GAS,benchmark_spot,USD,USD_PER_MMBTU,False
2021-08-27,NATURAL_GAS,NATURAL_GAS,4.35,,,,alpha_vantage,NATURAL_GAS,benchmark_spot,USD,USD_PER_MMBTU,False
2021-08-30,NATURAL_GAS,NATURAL_GAS,4.25,,,,alpha_vantage,NATURAL_GAS,benchmark_spot,USD,USD_PER_MMBTU,False
2021-08-31,NATURAL_GAS,NATURAL_GAS,4.33,,,,alpha_vantage,NATURAL_GAS,benchmark_spot,USD,USD_PER_MMBTU,False
2021-09-01,NATURAL_GAS,NATURAL_GAS,4.45,,,,alpha_vantage,NATURAL_GAS,benchmark_spot,USD,USD_PER_MMBTU,False
2021-09-02,NATURAL_GAS,NATURAL_GAS,4.65,,,,alpha_vantage,NATURAL_GAS,benchmark_spot,USD,USD_PER_MMBTU,False
2021-09-03,NATURAL_GAS,NATURAL_GAS,4.77,,,,alpha_vantage,NATURAL_GAS,benchmark_spot,USD,USD_PER_MMBTU,False
2021-09-07,NATURAL_GAS,NATURAL_GAS,4.71,,,,alpha_vantage,NATURAL_GAS,benchmark_spot,USD,USD_PER_MMBTU,False
2021-09-08,NATURAL_GAS,NATURAL_GAS,4.66,,,,alpha_vantage,NATURAL_GAS,benchmark_spot,USD,USD_PER_MMBTU,False
2021-09-09,NATURAL_GAS,NATURAL_GAS,4.97,,,,alpha_vantage,NATURAL_GAS,benchmark_spot,USD,USD_PER_MMBTU,False
2021-09-10,NATURAL_GAS,NATURAL_GAS,5.13,,,,alpha_vantage,NATURAL_GAS,benchmark_spot,USD,USD_PER_MMBTU,False
2021-09-13,NATURAL_GAS,NATURAL_GAS,5.21,,,,alpha_vantage,NATURAL_GAS,benchmark_spot,USD,USD_PER_MMBTU,False
2021-09-14,NATURAL_GAS,NATURAL_GAS,5.39,,,,alpha_vantage,NATURAL_GAS,benchmark_spot,USD,USD_PER_MMBTU,False
2021-09-15,NATURAL_GAS,NATURAL_GAS,5.66,,,,alpha_vantage,NATURAL_GAS,benchmark_spot,USD,USD_PER_MMBTU,False
2021-09-16,NATURAL_GAS,NATURAL_GAS,5.52,,,,alpha_vantage,NATURAL_GAS,benchmark_spot,USD,USD_PER_MMBTU,False
2021-09-17,NATURAL_GAS,NATURAL_GAS,5.32,,,,alpha_vantage,NATURAL_GAS,benchmark_spot,USD,USD_PER_MMBTU,False
2021-09-20,NATURAL_GAS,NATURAL_GAS,5.25,,,,alpha_vantage,NATURAL_GAS,benchmark_spot,USD,USD_PER_MMBTU,False
2021-09-21,NATURAL_GAS,NATURAL_GAS,4.96,,,,alpha_vantage,NATURAL_GAS,benchmark_spot,USD,USD_PER_MMBTU,False
2021-09-22,NATURAL_GAS,NATURAL_GAS,4.92,,,,alpha_vantage,NATURAL_GAS,benchmark_spot,USD,USD_PER_MMBTU,False
2021-09-23,NATURAL_GAS,NATURAL_GAS,4.94,,,,alpha_vantage,NATURAL_GAS,benchmark_spot,USD,USD_PER_MMBTU,False
2021-09-24,NATURAL_GAS,NATURAL_GAS,5.1,,,,alpha_vantage,NATURAL_GAS,benchmark_spot,USD,USD_PER_MMBTU,False
2021-09-27,NATURAL_GAS,NATURAL_GAS,5.53,,,,alpha_vantage,NATURAL_GAS,benchmark_spot,USD,USD_PER_MMBTU,False
2021-09-28,NATURAL_GAS,NATURAL_GAS,5.94,,,,alpha_vantage,NATURAL_GAS,benchmark_spot,USD,USD_PER_MMBTU,False
2021-09-29,NATURAL_GAS,NATURAL_GAS,5.73,,,,alpha_vantage,NATURAL_GAS,benchmark_spot,USD,USD_PER_MMBTU,False
2021-09-30,NATURAL_GAS,NATURAL_GAS,5.58,,,,alpha_vantage,NATURAL_GAS,benchmark_spot,USD,USD_PER_MMBTU,False
2021-10-01,NATURAL_GAS,NATURAL_GAS,5.61,,,,alpha_vantage,NATURAL_GAS,benchmark_spot,USD,USD_PER_MMBTU,False
2021-10-04,NATURAL_GAS,NATURAL_GAS,5.8,,,,alpha_vantage,NATURAL_GAS,benchmark_spot,USD,USD_PER_MMBTU,False
2021-10-05,NATURAL_GAS,NATURAL_GAS,6.37,,,,alpha_vantage,NATURAL_GAS,benchmark_spot,USD,USD_PER_MMBTU,False
2021-10-06,NATURAL_GAS,NATURAL_GAS,6.0,,,,alpha_vantage,NATURAL_GAS,benchmark_spot,USD,USD_PER_MMBTU,False
2021-10-07,NATURAL_GAS,NATURAL_GAS,5.71,,,,alpha_vantage,NATURAL_GAS,benchmark_spot,USD,USD_PER_MMBTU,False
2021-10-08,NATURAL_GAS,NATURAL_GAS,5.46,,,,alpha_vantage,NATURAL_GAS,benchmark_spot,USD,USD_PER_MMBTU,False
2021-10-11,NATURAL_GAS,NATURAL_GAS,5.46,,,,alpha_vantage,NATURAL_GAS,benchmark_spot,USD,USD_PER_MMBTU,False
2021-10-12,NATURAL_GAS,NATURAL_GAS,5.34,,,,alpha_vantage,NATURAL_GAS,benchmark_spot,USD,USD_PER_MMBTU,False
2021-10-13,NATURAL_GAS,NATURAL_GAS,5.56,,,,alpha_vantage,NATURAL_GAS,benchmark_spot,USD,USD_PER_MMBTU,False
2021-10-14,NATURAL_GAS,NATURAL_GAS,5.92,,,,alpha_vantage,NATURAL_GAS,benchmark_spot,USD,USD_PER_MMBTU,False
2021-10-15,NATURAL_GAS,NATURAL_GAS,5.44,,,,alpha_vantage,NATURAL_GAS,benchmark_spot,USD,USD_PER_MMBTU,False
2021-10-18,NATURAL_GAS,NATURAL_GAS,5.01,,,,alpha_vantage,NATURAL_GAS,benchmark_spot,USD,USD_PER_MMBTU,False
2021-10-19,NATURAL_GAS,NATURAL_GAS,4.81,,,,alpha_vantage,NATURAL_GAS,benchmark_spot,USD,USD_PER_MMBTU,False
2021-10-20,NATURAL_GAS,NATURAL_GAS,4.87,,,,alpha_vantage,NATURAL_GAS,benchmark_spot,USD,USD_PER_MMBTU,False
2021-10-21,NATURAL_GAS,NATURAL_GAS,4.94,,,,alpha_vantage,NATURAL_GAS,benchmark_spot,USD,USD_PER_MMBTU,False
2021-10-22,NATURAL_GAS,NATURAL_GAS,5.1,,,,alpha_vantage,NATURAL_GAS,benchmark_spot,USD,USD_PER_MMBTU,False
2021-10-25,NATURAL_GAS,NATURAL_GAS,5.72,,,,alpha_vantage,NATURAL_GAS,benchmark_spot,USD,USD_PER_MMBTU,False
2021-10-26,NATURAL_GAS,NATURAL_GAS,5.59,,,,alpha_vantage,NATURAL_GAS,benchmark_spot,USD,USD_PER_MMBTU,False
2021-10-27,NATURAL_GAS,NATURAL_GAS,5.91,,,,alpha_vantage,NATURAL_GAS,benchmark_spot,USD,USD_PER_MMBTU,False
2021-10-28,NATURAL_GAS,NATURAL_GAS,5.68,,,,alpha_vantage,NATURAL_GAS,benchmark_spot,USD,USD_PER_MMBTU,False
2021-10-29,NATURAL_GAS,NATURAL_GAS,5.49,,,,alpha_vantage,NATURAL_GAS,benchmark_spot,USD,USD_PER_MMBTU,False
2021-11-01,NATURAL_GAS,NATURAL_GAS,5.22,,,,alpha_vantage,NATURAL_GAS,benchmark_spot,USD,USD_PER_MMBTU,False
2021-11-02,NATURAL_GAS,NATURAL_GAS,5.33,,,,alpha_vantage,NATURAL_GAS,benchmark_spot,USD,USD_PER_MMBTU,False
2021-11-03,NATURAL_GAS,NATURAL_GAS,5.59,,,,alpha_vantage,NATURAL_GAS,benchmark_spot,USD,USD_PER_MMBTU,False
2021-11-04,NATURAL_GAS,NATURAL_GAS,5.73,,,,alpha_vantage,NATURAL_GAS,benchmark_spot,USD,USD_PER_MMBTU,False
2021-11-05,NATURAL_GAS,NATURAL_GAS,5.51,,,,alpha_vantage,NATURAL_GAS,benchmark_spot,USD,USD_PER_MMBTU,False
2021-11-08,NATURAL_GAS,NATURAL_GAS,5.53,,,,alpha_vantage,NATURAL_GAS,benchmark_spot,USD,USD_PER_MMBTU,False
2021-11-09,NATURAL_GAS,NATURAL_GAS,5.08,,,,alpha_vantage,NATURAL_GAS,benchmark_spot,USD,USD_PER_MMBTU,False
2021-11-10,NATURAL_GAS,NATURAL_GAS,4.56,,,,alpha_vantage,NATURAL_GAS,benchmark_spot,USD,USD_PER_MMBTU,False
2021-11-11,NATURAL_GAS,NATURAL_GAS,4.81,,,,alpha_vantage,NATURAL_GAS,benchmark_spot,USD,USD_PER_MMBTU,False
2021-11-12,NATURAL_GAS,NATURAL_GAS,4.97,,,,alpha_vantage,NATURAL_GAS,benchmark_spot,USD,USD_PER_MMBTU,False
2021-11-15,NATURAL_GAS,NATURAL_GAS,4.77,,,,alpha_vantage,NATURAL_GAS,benchmark_spot,USD,USD_PER_MMBTU,False
2021-11-16,NATURAL_GAS,NATURAL_GAS,5.11,,,,alpha_vantage,NATURAL_GAS,benchmark_spot,USD,USD_PER_MMBTU,False
2021-11-17,NATURAL_GAS,NATURAL_GAS,4.82,,,,alpha_vantage,NATURAL_GAS,benchmark_spot,USD,USD_PER_MMBTU,False
2021-11-18,NATURAL_GAS,NATURAL_GAS,4.95,,,,alpha_vantage,NATURAL_GAS,benchmark_spot,USD,USD_PER_MMBTU,False
2021-11-19,NATURAL_GAS,NATURAL_GAS,4.9,,,,alpha_vantage,NATURAL_GAS,benchmark_spot,USD,USD_PER_MMBTU,False
2021-11-22,NATURAL_GAS,NATURAL_GAS,4.83,,,,alpha_vantage,NATURAL_GAS,benchmark_spot,USD,USD_PER_MMBTU,False
2021-11-23,NATURAL_GAS,NATURAL_GAS,4.95,,,,alpha_vantage,NATURAL_GAS,benchmark_spot,USD,USD_PER_MMBTU,False
2021-11-24,NATURAL_GAS,NATURAL_GAS,4.93,,,,alpha_vantage,NATURAL_GAS,benchmark_spot,USD,USD_PER_MMBTU,False
2021-11-29,NATURAL_GAS,NATURAL_GAS,4.9,,,,alpha_vantage,NATURAL_GAS,benchmark_spot,USD,USD_PER_MMBTU,False
2021-11-30,NATURAL_GAS,NATURAL_GAS,4.52,,,,alpha_vantage,NATURAL_GAS,benchmark_spot,USD,USD_PER_MMBTU,False
2021-12-01,NATURAL_GAS,NATURAL_GAS,4.31,,,,alpha_vantage,NATURAL_GAS,benchmark_spot,USD,USD_PER_MMBTU,False
2021-12-02,NATURAL_GAS,NATURAL_GAS,4.08,,,,alpha_vantage,NATURAL_GAS,benchmark_spot,USD,USD_PER_MMBTU,False
2021-12-03,NATURAL_GAS,NATURAL_GAS,3.79,,,,alpha_vantage,NATURAL_GAS,benchmark_spot,USD,USD_PER_MMBTU,False
2021-12-06,NATURAL_GAS,NATURAL_GAS,3.66,,,,alpha_vantage,NATURAL_GAS,benchmark_spot,USD,USD_PER_MMBTU,False
2021-12-07,NATURAL_GAS,NATURAL_GAS,3.6,,,,alpha_vantage,NATURAL_GAS,benchmark_spot,USD,USD_PER_MMBTU,False
2021-12-08,NATURAL_GAS,NATURAL_GAS,3.79,,,,alpha_vantage,NATURAL_GAS,benchmark_spot,USD,USD_PER_MMBTU,False
2021-12-09,NATURAL_GAS,NATURAL_GAS,3.67,,,,alpha_vantage,NATURAL_GAS,benchmark_spot,USD,USD_PER_MMBTU,False
2021-12-10,NATURAL_GAS,NATURAL_GAS,3.65,,,,alpha_vantage,NATURAL_GAS,benchmark_spot,USD,USD_PER_MMBTU,False
2021-12-13,NATURAL_GAS,NATURAL_GAS,4.05,,,,alpha_vantage,NATURAL_GAS,benchmark_spot,USD,USD_PER_MMBTU,False
2021-12-14,NATURAL_GAS,NATURAL_GAS,3.71,,,,alpha_vantage,NATURAL_GAS,benchmark_spot,USD,USD_PER_MMBTU,False
2021-12-15,NATURAL_GAS,NATURAL_GAS,3.79,,,,alpha_vantage,NATURAL_GAS,benchmark_spot,USD,USD_PER_MMBTU,False
2021-12-16,NATURAL_GAS,NATURAL_GAS,3.67,,,,alpha_vantage,NATURAL_GAS,benchmark_spot,USD,USD_PER_MMBTU,False
2021-12-17,NATURAL_GAS,NATURAL_GAS,3.71,,,,alpha_vantage,NATURAL_GAS,benchmark_spot,USD,USD_PER_MMBTU,False
2021-12-20,NATURAL_GAS,NATURAL_GAS,3.91,,,,alpha_vantage,NATURAL_GAS,benchmark_spot,USD,USD_PER_MMBTU,False
2021-12-21,NATURAL_GAS,NATURAL_GAS,3.96,,,,alpha_vantage,NATURAL_GAS,benchmark_spot,USD,USD_PER_MMBTU,False
2021-12-22,NATURAL_GAS,NATURAL_GAS,3.95,,,,alpha_vantage,NATURAL_GAS,benchmark_spot,USD,USD_PER_MMBTU,False
2021-12-23,NATURAL_GAS,NATURAL_GAS,3.56,,,,alpha_vantage,NATURAL_GAS,benchmark_spot,USD,USD_PER_MMBTU,False
2021-12-27,NATURAL_GAS,NATURAL_GAS,3.45,,,,alpha_vantage,NATURAL_GAS,benchmark_spot,USD,USD_PER_MMBTU,False
2021-12-28,NATURAL_GAS,NATURAL_GAS,3.32,,,,alpha_vantage,NATURAL_GAS,benchmark_spot,USD,USD_PER_MMBTU,False
2021-12-29,NATURAL_GAS,NATURAL_GAS,3.4,,,,alpha_vantage,NATURAL_GAS,benchmark_spot,USD,USD_PER_MMBTU,False
2021-12-30,NATURAL_GAS,NATURAL_GAS,3.82,,,,alpha_vantage,NATURAL_GAS,benchmark_spot,USD,USD_PER_MMBTU,False
2021-12-31,NATURAL_GAS,NATURAL_GAS,3.82,,,,alpha_vantage,NATURAL_GAS,benchmark_spot,USD,USD_PER_MMBTU,False
2022-01-03,NATURAL_GAS,NATURAL_GAS,3.74,,,,alpha_vantage,NATURAL_GAS,benchmark_spot,USD,USD_PER_MMBTU,False
2022-01-04,NATURAL_GAS,NATURAL_GAS,3.73,,,,alpha_vantage,NATURAL_GAS,benchmark_spot,USD,USD_PER_MMBTU,False
2022-01-05,NATURAL_GAS,NATURAL_GAS,3.78,,,,alpha_vantage,NATURAL_GAS,benchmark_spot,USD,USD_PER_MMBTU,False
2022-01-06,NATURAL_GAS,NATURAL_GAS,3.94,,,,alpha_vantage,NATURAL_GAS,benchmark_spot,USD,USD_PER_MMBTU,False
2022-01-07,NATURAL_GAS,NATURAL_GAS,3.83,,,,alpha_vantage,NATURAL_GAS,benchmark_spot,USD,USD_PER_MMBTU,False
2022-01-10,NATURAL_GAS,NATURAL_GAS,4.16,,,,alpha_vantage,NATURAL_GAS,benchmark_spot,USD,USD_PER_MMBTU,False
2022-01-11,NATURAL_GAS,NATURAL_GAS,4.16,,,,alpha_vantage,NATURAL_GAS,benchmark_spot,USD,USD_PER_MMBTU,False
2022-01-12,NATURAL_GAS,NATURAL_GAS,4.62,,,,alpha_vantage,NATURAL_GAS,benchmark_spot,USD,USD_PER_MMBTU,False
2022-01-13,NATURAL_GAS,NATURAL_GAS,4.78,,,,alpha_vantage,NATURAL_GAS,benchmark_spot,USD,USD_PER_MMBTU,False
2022-01-14,NATURAL_GAS,NATURAL_GAS,4.37,,,,alpha_vantage,NATURAL_GAS,benchmark_spot,USD,USD_PER_MMBTU,False
2022-01-18,NATURAL_GAS,NATURAL_GAS,4.55,,,,alpha_vantage,NATURAL_GAS,benchmark_spot,USD,USD_PER_MMBTU,False
2022-01-19,NATURAL_GAS,NATURAL_GAS,4.89,,,,alpha_vantage,NATURAL_GAS,benchmark_spot,USD,USD_PER_MMBTU,False
2022-01-20,NATURAL_GAS,NATURAL_GAS,4.45,,,,alpha_vantage,NATURAL_GAS,benchmark_spot,USD,USD_PER_MMBTU,False
2022-01-21,NATURAL_GAS,NATURAL_GAS,4.11,,,,alpha_vantage,NATURAL_GAS,benchmark_spot,USD,USD_PER_MMBTU,False
2022-01-24,NATURAL_GAS,NATURAL_GAS,4.2,,,,alpha_vantage,NATURAL_GAS,benchmark_spot,USD,USD_PER_MMBTU,False
2022-01-25,NATURAL_GAS,NATURAL_GAS,4.24,,,,alpha_vantage,NATURAL_GAS,benchmark_spot,USD,USD_PER_MMBTU,False
2022-01-26,NATURAL_GAS,NATURAL_GAS,4.43,,,,alpha_vantage,NATURAL_GAS,benchmark_spot,USD,USD_PER_MMBTU,False
2022-01-27,NATURAL_GAS,NATURAL_GAS,4.43,,,,alpha_vantage,NATURAL_GAS,benchmark_spot,USD,USD_PER_MMBTU,False
2022-01-28,NATURAL_GAS,NATURAL_GAS,5.69,,,,alpha_vantage,NATURAL_GAS,benchmark_spot,USD,USD_PER_MMBTU,False
2022-01-31,NATURAL_GAS,NATURAL_GAS,5.56,,,,alpha_vantage,NATURAL_GAS,benchmark_spot,USD,USD_PER_MMBTU,False
2022-02-01,NATURAL_GAS,NATURAL_GAS,5.45,,,,alpha_vantage,NATURAL_GAS,benchmark_spot,USD,USD_PER_MMBTU,False
2022-02-02,NATURAL_GAS,NATURAL_GAS,6.7,,,,alpha_vantage,NATURAL_GAS,benchmark_spot,USD,USD_PER_MMBTU,False
2022-02-03,NATURAL_GAS,NATURAL_GAS,5.84,,,,alpha_vantage,NATURAL_GAS,benchmark_spot,USD,USD_PER_MMBTU,False
2022-02-04,NATURAL_GAS,NATURAL_GAS,5.34,,,,alpha_vantage,NATURAL_GAS,benchmark_spot,USD,USD_PER_MMBTU,False
2022-02-07,NATURAL_GAS,NATURAL_GAS,4.44,,,,alpha_vantage,NATURAL_GAS,benchmark_spot,USD,USD_PER_MMBTU,False
2022-02-08,NATURAL_GAS,NATURAL_GAS,4.3,,,,alpha_vantage,NATURAL_GAS,benchmark_spot,USD,USD_PER_MMBTU,False
2022-02-09,NATURAL_GAS,NATURAL_GAS,4.13,,,,alpha_vantage,NATURAL_GAS,benchmark_spot,USD,USD_PER_MMBTU,False
2022-02-10,NATURAL_GAS,NATURAL_GAS,4.03,,,,alpha_vantage,NATURAL_GAS,benchmark_spot,USD,USD_PER_MMBTU,False
2022-02-11,NATURAL_GAS,NATURAL_GAS,4.04,,,,alpha_vantage,NATURAL_GAS,benchmark_spot,USD,USD_PER_MMBTU,False
2022-02-14,NATURAL_GAS,NATURAL_GAS,4.05,,,,alpha_vantage,NATURAL_GAS,benchmark_spot,USD,USD_PER_MMBTU,False
2022-02-15,NATURAL_GAS,NATURAL_GAS,4.31,,,,alpha_vantage,NATURAL_GAS,benchmark_spot,USD,USD_PER_MMBTU,False
2022-02-16,NATURAL_GAS,NATURAL_GAS,4.39,,,,alpha_vantage,NATURAL_GAS,benchmark_spot,USD,USD_PER_MMBTU,False
2022-02-17,NATURAL_GAS,NATURAL_GAS,4.57,,,,alpha_vantage,NATURAL_GAS,benchmark_spot,USD,USD_PER_MMBTU,False
2022-02-18,NATURAL_GAS,NATURAL_GAS,4.61,,,,alpha_vantage,NATURAL_GAS,benchmark_spot,USD,USD_PER_MMBTU,False
2022-02-22,NATURAL_GAS,NATURAL_GAS,4.48,,,,alpha_vantage,NATURAL_GAS,benchmark_spot,USD,USD_PER_MMBTU,False
2022-02-23,NATURAL_GAS,NATURAL_GAS,4.59,,,,alpha_vantage,NATURAL_GAS,benchmark_spot,USD,USD_PER_MMBTU,False
2022-02-24,NATURAL_GAS,NATURAL_GAS,4.78,,,,alpha_vantage,NATURAL_GAS,benchmark_spot,USD,USD_PER_MMBTU,False
2022-02-25,NATURAL_GAS,NATURAL_GAS,4.63,,,,alpha_vantage,NATURAL_GAS,benchmark_spot,USD,USD_PER_MMBTU,False
2022-02-28,NATURAL_GAS,NATURAL_GAS,4.46,,,,alpha_vantage,NATURAL_GAS,benchmark_spot,USD,USD_PER_MMBTU,False
2022-03-01,NATURAL_GAS,NATURAL_GAS,4.36,,,,alpha_vantage,NATURAL_GAS,benchmark_spot,USD,USD_PER_MMBTU,False
2022-03-02,NATURAL_GAS,NATURAL_GAS,4.65,,,,alpha_vantage,NATURAL_GAS,benchmark_spot,USD,USD_PER_MMBTU,False
2022-03-03,NATURAL_GAS,NATURAL_GAS,4.63,,,,alpha_vantage,NATURAL_GAS,benchmark_spot,USD,USD_PER_MMBTU,False
2022-03-04,NATURAL_GAS,NATURAL_GAS,4.74,,,,alpha_vantage,NATURAL_GAS,benchmark_spot,USD,USD_PER_MMBTU,False
2022-03-07,NATURAL_GAS,NATURAL_GAS,4.93,,,,alpha_vantage,NATURAL_GAS,benchmark_spot,USD,USD_PER_MMBTU,False
2022-03-08,NATURAL_GAS,NATURAL_GAS,4.61,,,,alpha_vantage,NATURAL_GAS,benchmark_spot,USD,USD_PER_MMBTU,False
2022-03-09,NATURAL_GAS,NATURAL_GAS,4.55,,,,alpha_vantage,NATURAL_GAS,benchmark_spot,USD,USD_PER_MMBTU,False
2022-03-10,NATURAL_GAS,NATURAL_GAS,4.65,,,,alpha_vantage,NATURAL_GAS,benchmark_spot,USD,USD_PER_MMBTU,False
2022-03-11,NATURAL_GAS,NATURAL_GAS,4.79,,,,alpha_vantage,NATURAL_GAS,benchmark_spot,USD,USD_PER_MMBTU,False
2022-03-14,NATURAL_GAS,NATURAL_GAS,4.59,,,,alpha_vantage,NATURAL_GAS,benchmark_spot,USD,USD_PER_MMBTU,False
2022-03-15,NATURAL_GAS,NATURAL_GAS,4.46,,,,alpha_vantage,NATURAL_GAS,benchmark_spot,USD,USD_PER_MMBTU,False
2022-03-16,NATURAL_GAS,NATURAL_GAS,4.68,,,,alpha_vantage,NATURAL_GAS,benchmark_spot,USD,USD_PER_MMBTU,False
2022-03-17,NATURAL_GAS,NATURAL_GAS,4.8,,,,alpha_vantage,NATURAL_GAS,benchmark_spot,USD,USD_PER_MMBTU,False
2022-03-18,NATURAL_GAS,NATURAL_GAS,4.87,,,,alpha_vantage,NATURAL_GAS,benchmark_spot,USD,USD_PER_MMBTU,False
2022-03-21,NATURAL_GAS,NATURAL_GAS,4.77,,,,alpha_vantage,NATURAL_GAS,benchmark_spot,USD,USD_PER_MMBTU,False
2022-03-22,NATURAL_GAS,NATURAL_GAS,5.0,,,,alpha_vantage,NATURAL_GAS,benchmark_spot,USD,USD_PER_MMBTU,False
2022-03-23,NATURAL_GAS,NATURAL_GAS,5.26,,,,alpha_vantage,NATURAL_GAS,benchmark_spot,USD,USD_PER_MMBTU,False
2022-03-24,NATURAL_GAS,NATURAL_GAS,5.19,,,,alpha_vantage,NATURAL_GAS,benchmark_spot,USD,USD_PER_MMBTU,False
2022-03-25,NATURAL_GAS,NATURAL_GAS,5.51,,,,alpha_vantage,NATURAL_GAS,benchmark_spot,USD,USD_PER_MMBTU,False
2022-03-28,NATURAL_GAS,NATURAL_GAS,5.52,,,,alpha_vantage,NATURAL_GAS,benchmark_spot,USD,USD_PER_MMBTU,False
2022-03-29,NATURAL_GAS,NATURAL_GAS,5.32,,,,alpha_vantage,NATURAL_GAS,benchmark_spot,USD,USD_PER_MMBTU,False
2022-03-30,NATURAL_GAS,NATURAL_GAS,5.32,,,,alpha_vantage,NATURAL_GAS,benchmark_spot,USD,USD_PER_MMBTU,False
2022-03-31,NATURAL_GAS,NATURAL_GAS,5.46,,,,alpha_vantage,NATURAL_GAS,benchmark_spot,USD,USD_PER_MMBTU,False
2022-04-01,NATURAL_GAS,NATURAL_GAS,5.43,,,,alpha_vantage,NATURAL_GAS,benchmark_spot,USD,USD_PER_MMBTU,False
2022-04-04,NATURAL_GAS,NATURAL_GAS,5.72,,,,alpha_vantage,NATURAL_GAS,benchmark_spot,USD,USD_PER_MMBTU,False
2022-04-05,NATURAL_GAS,NATURAL_GAS,5.95,,,,alpha_vantage,NATURAL_GAS,benchmark_spot,USD,USD_PER_MMBTU,False
2022-04-06,NATURAL_GAS,NATURAL_GAS,6.29,,,,alpha_vantage,NATURAL_GAS,benchmark_spot,USD,USD_PER_MMBTU,False
2022-04-07,NATURAL_GAS,NATURAL_GAS,6.05,,,,alpha_vantage,NATURAL_GAS,benchmark_spot,USD,USD_PER_MMBTU,False
2022-04-08,NATURAL_GAS,NATURAL_GAS,6.38,,,,alpha_vantage,NATURAL_GAS,benchmark_spot,USD,USD_PER_MMBTU,False
2022-04-11,NATURAL_GAS,NATURAL_GAS,6.35,,,,alpha_vantage,NATURAL_GAS,benchmark_spot,USD,USD_PER_MMBTU,False
2022-04-12,NATURAL_GAS,NATURAL_GAS,6.59,,,,alpha_vantage,NATURAL_GAS,benchmark_spot,USD,USD_PER_MMBTU,False
2022-04-13,NATURAL_GAS,NATURAL_GAS,6.68,,,,alpha_vantage,NATURAL_GAS,benchmark_spot,USD,USD_PER_MMBTU,False
2022-04-14,NATURAL_GAS,NATURAL_GAS,6.94,,,,alpha_vantage,NATURAL_GAS,benchmark_spot,USD,USD_PER_MMBTU,False
2022-04-18,NATURAL_GAS,NATURAL_GAS,7.48,,,,alpha_vantage,NATURAL_GAS,benchmark_spot,USD,USD_PER_MMBTU,False
2022-04-19,NATURAL_GAS,NATURAL_GAS,7.44,,,,alpha_vantage,NATURAL_GAS,benchmark_spot,USD,USD_PER_MMBTU,False
2022-04-20,NATURAL_GAS,NATURAL_GAS,7.12,,,,alpha_vantage,NATURAL_GAS,benchmark_spot,USD,USD_PER_MMBTU,False
2022-04-21,NATURAL_GAS,NATURAL_GAS,6.88,,,,alpha_vantage,NATURAL_GAS,benchmark_spot,USD,USD_PER_MMBTU,False
2022-04-22,NATURAL_GAS,NATURAL_GAS,6.59,,,,alpha_vantage,NATURAL_GAS,benchmark_spot,USD,USD_PER_MMBTU,False
2022-04-25,NATURAL_GAS,NATURAL_GAS,6.42,,,,alpha_vantage,NATURAL_GAS,benchmark_spot,USD,USD_PER_MMBTU,False
2022-04-26,NATURAL_GAS,NATURAL_GAS,6.89,,,,alpha_vantage,NATURAL_GAS,benchmark_spot,USD,USD_PER_MMBTU,False
2022-04-27,NATURAL_GAS,NATURAL_GAS,6.91,,,,alpha_vantage,NATURAL_GAS,benchmark_spot,USD,USD_PER_MMBTU,False
2022-04-28,NATURAL_GAS,NATURAL_GAS,6.97,,,,alpha_vantage,NATURAL_GAS,benchmark_spot,USD,USD_PER_MMBTU,False
2022-04-29,NATURAL_GAS,NATURAL_GAS,6.84,,,,alpha_vantage,NATURAL_GAS,benchmark_spot,USD,USD_PER_MMBTU,False
2022-05-02,NATURAL_GAS,NATURAL_GAS,7.3,,,,alpha_vantage,NATURAL_GAS,benchmark_spot,USD,USD_PER_MMBTU,False
2022-05-03,NATURAL_GAS,NATURAL_GAS,7.84,,,,alpha_vantage,NATURAL_GAS,benchmark_spot,USD,USD_PER_MMBTU,False
2022-05-04,NATURAL_GAS,NATURAL_GAS,8.3,,,,alpha_vantage,NATURAL_GAS,benchmark_spot,USD,USD_PER_MMBTU,False
2022-05-05,NATURAL_GAS,NATURAL_GAS,8.42,,,,alpha_vantage,NATURAL_GAS,benchmark_spot,USD,USD_PER_MMBTU,False
2022-05-06,NATURAL_GAS,NATURAL_GAS,8.35,,,,alpha_vantage,NATURAL_GAS,benchmark_spot,USD,USD_PER_MMBTU,False
2022-05-09,NATURAL_GAS,NATURAL_GAS,8.06,,,,alpha_vantage,NATURAL_GAS,benchmark_spot,USD,USD_PER_MMBTU,False
2022-05-10,NATURAL_GAS,NATURAL_GAS,6.78,,,,alpha_vantage,NATURAL_GAS,benchmark_spot,USD,USD_PER_MMBTU,False
2022-05-11,NATURAL_GAS,NATURAL_GAS,7.53,,,,alpha_vantage,NATURAL_GAS,benchmark_spot,USD,USD_PER_MMBTU,False
2022-05-12,NATURAL_GAS,NATURAL_GAS,7.25,,,,alpha_vantage,NATURAL_GAS,benchmark_spot,USD,USD_PER_MMBTU,False
2022-05-13,NATURAL_GAS,NATURAL_GAS,7.75,,,,alpha_vantage,NATURAL_GAS,benchmark_spot,USD,USD_PER_MMBTU,False
2022-05-16,NATURAL_GAS,NATURAL_GAS,8.07,,,,alpha_vantage,NATURAL_GAS,benchmark_spot,USD,USD_PER_MMBTU,False
2022-05-17,NATURAL_GAS,NATURAL_GAS,8.26,,,,alpha_vantage,NATURAL_GAS,benchmark_spot,USD,USD_PER_MMBTU,False
2022-05-18,NATURAL_GAS,NATURAL_GAS,8.53,,,,alpha_vantage,NATURAL_GAS,benchmark_spot,USD,USD_PER_MMBTU,False
2022-05-19,NATURAL_GAS,NATURAL_GAS,8.21,,,,alpha_vantage,NATURAL_GAS,benchmark_spot,USD,USD_PER_MMBTU,False
2022-05-20,NATURAL_GAS,NATURAL_GAS,7.97,,,,alpha_vantage,NATURAL_GAS,benchmark_spot,USD,USD_PER_MMBTU,False
2022-05-23,NATURAL_GAS,NATURAL_GAS,8.16,,,,alpha_vantage,NATURAL_GAS,benchmark_spot,USD,USD_PER_MMBTU,False
2022-05-24,NATURAL_GAS,NATURAL_GAS,8.87,,,,alpha_vantage,NATURAL_GAS,benchmark_spot,USD,USD_PER_MMBTU,False
2022-05-25,NATURAL_GAS,NATURAL_GAS,9.44,,,,alpha_vantage,NATURAL_GAS,benchmark_spot,USD,USD_PER_MMBTU,False
2022-05-26,NATURAL_GAS,NATURAL_GAS,9.19,,,,alpha_vantage,NATURAL_GAS,benchmark_spot,USD,USD_PER_MMBTU,False
2022-05-27,NATURAL_GAS,NATURAL_GAS,8.3,,,,alpha_vantage,NATURAL_GAS,benchmark_spot,USD,USD_PER_MMBTU,False
2022-05-31,NATURAL_GAS,NATURAL_GAS,8.46,,,,alpha_vantage,NATURAL_GAS,benchmark_spot,USD,USD_PER_MMBTU,False
2022-06-01,NATURAL_GAS,NATURAL_GAS,8.47,,,,alpha_vantage,NATURAL_GAS,benchmark_spot,USD,USD_PER_MMBTU,False
2022-06-02,NATURAL_GAS,NATURAL_GAS,8.9,,,,alpha_vantage,NATURAL_GAS,benchmark_spot,USD,USD_PER_MMBTU,False
2022-06-03,NATURAL_GAS,NATURAL_GAS,8.34,,,,alpha_vantage,NATURAL_GAS,benchmark_spot,USD,USD_PER_MMBTU,False
2022-06-06,NATURAL_GAS,NATURAL_GAS,9.08,,,,alpha_vantage,NATURAL_GAS,benchmark_spot,USD,USD_PER_MMBTU,False
2022-06-07,NATURAL_GAS,NATURAL_GAS,9.28,,,,alpha_vantage,NATURAL_GAS,benchmark_spot,USD,USD_PER_MMBTU,False
2022-06-08,NATURAL_GAS,NATURAL_GAS,9.43,,,,alpha_vantage,NATURAL_GAS,benchmark_spot,USD,USD_PER_MMBTU,False
2022-06-09,NATURAL_GAS,NATURAL_GAS,8.16,,,,alpha_vantage,NATURAL_GAS,benchmark_spot,USD,USD_PER_MMBTU,False
2022-06-10,NATURAL_GAS,NATURAL_GAS,8.78,,,,alpha_vantage,NATURAL_GAS,benchmark_spot,USD,USD_PER_MMBTU,False
2022-06-13,NATURAL_GAS,NATURAL_GAS,9.0,,,,alpha_vantage,NATURAL_GAS,benchmark_spot,USD,USD_PER_MMBTU,False
2022-06-14,NATURAL_GAS,NATURAL_GAS,7.68,,,,alpha_vantage,NATURAL_GAS,benchmark_spot,USD,USD_PER_MMBTU,False
2022-06-15,NATURAL_GAS,NATURAL_GAS,7.72,,,,alpha_vantage,NATURAL_GAS,benchmark_spot,USD,USD_PER_MMBTU,False
2022-06-16,NATURAL_GAS,NATURAL_GAS,7.88,,,,alpha_vantage,NATURAL_GAS,benchmark_spot,USD,USD_PER_MMBTU,False
2022-06-17,NATURAL_GAS,NATURAL_GAS,7.37,,,,alpha_vantage,NATURAL_GAS,benchmark_spot,USD,USD_PER_MMBTU,False
2022-06-21,NATURAL_GAS,NATURAL_GAS,6.6,,,,alpha_vantage,NATURAL_GAS,benchmark_spot,USD,USD_PER_MMBTU,False
2022-06-22,NATURAL_GAS,NATURAL_GAS,6.76,,,,alpha_vantage,NATURAL_GAS,benchmark_spot,USD,USD_PER_MMBTU,False
2022-06-23,NATURAL_GAS,NATURAL_GAS,6.54,,,,alpha_vantage,NATURAL_GAS,benchmark_spot,USD,USD_PER_MMBTU,False
2022-06-24,NATURAL_GAS,NATURAL_GAS,5.8,,,,alpha_vantage,NATURAL_GAS,benchmark_spot,USD,USD_PER_MMBTU,False
2022-06-27,NATURAL_GAS,NATURAL_GAS,6.09,,,,alpha_vantage,NATURAL_GAS,benchmark_spot,USD,USD_PER_MMBTU,False
2022-06-28,NATURAL_GAS,NATURAL_GAS,6.66,,,,alpha_vantage,NATURAL_GAS,benchmark_spot,USD,USD_PER_MMBTU,False
2022-06-29,NATURAL_GAS,NATURAL_GAS,6.69,,,,alpha_vantage,NATURAL_GAS,benchmark_spot,USD,USD_PER_MMBTU,False
2022-06-30,NATURAL_GAS,NATURAL_GAS,6.54,,,,alpha_vantage,NATURAL_GAS,benchmark_spot,USD,USD_PER_MMBTU,False
2022-07-01,NATURAL_GAS,NATURAL_GAS,5.75,,,,alpha_vantage,NATURAL_GAS,benchmark_spot,USD,USD_PER_MMBTU,False
2022-07-05,NATURAL_GAS,NATURAL_GAS,5.72,,,,alpha_vantage,NATURAL_GAS,benchmark_spot,USD,USD_PER_MMBTU,False
2022-07-06,NATURAL_GAS,NATURAL_GAS,5.65,,,,alpha_vantage,NATURAL_GAS,benchmark_spot,USD,USD_PER_MMBTU,False
2022-07-07,NATURAL_GAS,NATURAL_GAS,5.83,,,,alpha_vantage,NATURAL_GAS,benchmark_spot,USD,USD_PER_MMBTU,False
2022-07-08,NATURAL_GAS,NATURAL_GAS,6.4,,,,alpha_vantage,NATURAL_GAS,benchmark_spot,USD,USD_PER_MMBTU,False
2022-07-11,NATURAL_GAS,NATURAL_GAS,6.82,,,,alpha_vantage,NATURAL_GAS,benchmark_spot,USD,USD_PER_MMBTU,False
2022-07-12,NATURAL_GAS,NATURAL_GAS,6.81,,,,alpha_vantage,NATURAL_GAS,benchmark_spot,USD,USD_PER_MMBTU,False
2022-07-13,NATURAL_GAS,NATURAL_GAS,6.68,,,,alpha_vantage,NATURAL_GAS,benchmark_spot,USD,USD_PER_MMBTU,False
2022-07-14,NATURAL_GAS,NATURAL_GAS,6.9,,,,alpha_vantage,NATURAL_GAS,benchmark_spot,USD,USD_PER_MMBTU,False
2022-07-15,NATURAL_GAS,NATURAL_GAS,6.6,,,,alpha_vantage,NATURAL_GAS,benchmark_spot,USD,USD_PER_MMBTU,False
2022-07-18,NATURAL_GAS,NATURAL_GAS,7.65,,,,alpha_vantage,NATURAL_GAS,benchmark_spot,USD,USD_PER_MMBTU,False
2022-07-19,NATURAL_GAS,NATURAL_GAS,7.35,,,,alpha_vantage,NATURAL_GAS,benchmark_spot,USD,USD_PER_MMBTU,False
2022-07-20,NATURAL_GAS,NATURAL_GAS,7.58,,,,alpha_vantage,NATURAL_GAS,benchmark_spot,USD,USD_PER_MMBTU,False
2022-07-21,NATURAL_GAS,NATURAL_GAS,7.99,,,,alpha_vantage,NATURAL_GAS,benchmark_spot,USD,USD_PER_MMBTU,False
2022-07-22,NATURAL_GAS,NATURAL_GAS,8.25,,,,alpha_vantage,NATURAL_GAS,benchmark_spot,USD,USD_PER_MMBTU,False
2022-07-25,NATURAL_GAS,NATURAL_GAS,8.52,,,,alpha_vantage,NATURAL_GAS,benchmark_spot,USD,USD_PER_MMBTU,False
2022-07-26,NATURAL_GAS,NATURAL_GAS,9.46,,,,alpha_vantage,NATURAL_GAS,benchmark_spot,USD,USD_PER_MMBTU,False
2022-07-27,NATURAL_GAS,NATURAL_GAS,8.65,,,,alpha_vantage,NATURAL_GAS,benchmark_spot,USD,USD_PER_MMBTU,False
2022-07-28,NATURAL_GAS,NATURAL_GAS,8.75,,,,alpha_vantage,NATURAL_GAS,benchmark_spot,USD,USD_PER_MMBTU,False
2022-07-29,NATURAL_GAS,NATURAL_GAS,8.33,,,,alpha_vantage,NATURAL_GAS,benchmark_spot,USD,USD_PER_MMBTU,False
2022-08-01,NATURAL_GAS,NATURAL_GAS,8.2,,,,alpha_vantage,NATURAL_GAS,benchmark_spot,USD,USD_PER_MMBTU,False
2022-08-02,NATURAL_GAS,NATURAL_GAS,8.01,,,,alpha_vantage,NATURAL_GAS,benchmark_spot,USD,USD_PER_MMBTU,False
2022-08-03,NATURAL_GAS,NATURAL_GAS,7.81,,,,alpha_vantage,NATURAL_GAS,benchmark_spot,USD,USD_PER_MMBTU,False
2022-08-04,NATURAL_GAS,NATURAL_GAS,8.4,,,,alpha_vantage,NATURAL_GAS,benchmark_spot,USD,USD_PER_MMBTU,False
2022-08-05,NATURAL_GAS,NATURAL_GAS,8.3,,,,alpha_vantage,NATURAL_GAS,benchmark_spot,USD,USD_PER_MMBTU,False
2022-08-08,NATURAL_GAS,NATURAL_GAS,7.76,,,,alpha_vantage,NATURAL_GAS,benchmark_spot,USD,USD_PER_MMBTU,False
2022-08-09,NATURAL_GAS,NATURAL_GAS,7.87,,,,alpha_vantage,NATURAL_GAS,benchmark_spot,USD,USD_PER_MMBTU,False
2022-08-10,NATURAL_GAS,NATURAL_GAS,7.86,,,,alpha_vantage,NATURAL_GAS,benchmark_spot,USD,USD_PER_MMBTU,False
2022-08-11,NATURAL_GAS,NATURAL_GAS,8.53,,,,alpha_vantage,NATURAL_GAS,benchmark_spot,USD,USD_PER_MMBTU,False
2022-08-12,NATURAL_GAS,NATURAL_GAS,8.73,,,,alpha_vantage,NATURAL_GAS,benchmark_spot,USD,USD_PER_MMBTU,False
2022-08-15,NATURAL_GAS,NATURAL_GAS,8.62,,,,alpha_vantage,NATURAL_GAS,benchmark_spot,USD,USD_PER_MMBTU,False
2022-08-16,NATURAL_GAS,NATURAL_GAS,9.28,,,,alpha_vantage,NATURAL_GAS,benchmark_spot,USD,USD_PER_MMBTU,False
2022-08-17,NATURAL_GAS,NATURAL_GAS,9.51,,,,alpha_vantage,NATURAL_GAS,benchmark_spot,USD,USD_PER_MMBTU,False
2022-08-18,NATURAL_GAS,NATURAL_GAS,9.42,,,,alpha_vantage,NATURAL_GAS,benchmark_spot,USD,USD_PER_MMBTU,False
2022-08-19,NATURAL_GAS,NATURAL_GAS,9.14,,,,alpha_vantage,NATURAL_GAS,benchmark_spot,USD,USD_PER_MMBTU,False
2022-08-22,NATURAL_GAS,NATURAL_GAS,9.85,,,,alpha_vantage,NATURAL_GAS,benchmark_spot,USD,USD_PER_MMBTU,False
2022-08-23,NATURAL_GAS,NATURAL_GAS,9.75,,,,alpha_vantage,NATURAL_GAS,benchmark_spot,USD,USD_PER_MMBTU,False
2022-08-24,NATURAL_GAS,NATURAL_GAS,9.27,,,,alpha_vantage,NATURAL_GAS,benchmark_spot,USD,USD_PER_MMBTU,False
2022-08-25,NATURAL_GAS,NATURAL_GAS,9.47,,,,alpha_vantage,NATURAL_GAS,benchmark_spot,USD,USD_PER_MMBTU,False
2022-08-26,NATURAL_GAS,NATURAL_GAS,9.48,,,,alpha_vantage,NATURAL_GAS,benchmark_spot,USD,USD_PER_MMBTU,False
2022-08-29,NATURAL_GAS,NATURAL_GAS,9.24,,,,alpha_vantage,NATURAL_GAS,benchmark_spot,USD,USD_PER_MMBTU,False
2022-08-30,NATURAL_GAS,NATURAL_GAS,9.1,,,,alpha_vantage,NATURAL_GAS,benchmark_spot,USD,USD_PER_MMBTU,False
2022-08-31,NATURAL_GAS,NATURAL_GAS,8.93,,,,alpha_vantage,NATURAL_GAS,benchmark_spot,USD,USD_PER_MMBTU,False
2022-09-01,NATURAL_GAS,NATURAL_GAS,9.38,,,,alpha_vantage,NATURAL_GAS,benchmark_spot,USD,USD_PER_MMBTU,False
2022-09-02,NATURAL_GAS,NATURAL_GAS,9.18,,,,alpha_vantage,NATURAL_GAS,benchmark_spot,USD,USD_PER_MMBTU,False
2022-09-06,NATURAL_GAS,NATURAL_GAS,8.52,,,,alpha_vantage,NATURAL_GAS,benchmark_spot,USD,USD_PER_MMBTU,False
2022-09-07,NATURAL_GAS,NATURAL_GAS,8.12,,,,alpha_vantage,NATURAL_GAS,benchmark_spot,USD,USD_PER_MMBTU,False
2022-09-08,NATURAL_GAS,NATURAL_GAS,8.27,,,,alpha_vantage,NATURAL_GAS,benchmark_spot,USD,USD_PER_MMBTU,False
2022-09-09,NATURAL_GAS,NATURAL_GAS,8.31,,,,alpha_vantage,NATURAL_GAS,benchmark_spot,USD,USD_PER_MMBTU,False
2022-09-12,NATURAL_GAS,NATURAL_GAS,8.2,,,,alpha_vantage,NATURAL_GAS,benchmark_spot,USD,USD_PER_MMBTU,False
2022-09-13,NATURAL_GAS,NATURAL_GAS,8.49,,,,alpha_vantage,NATURAL_GAS,benchmark_spot,USD,USD_PER_MMBTU,False
2022-09-14,NATURAL_GAS,NATURAL_GAS,8.7,,,,alpha_vantage,NATURAL_GAS,benchmark_spot,USD,USD_PER_MMBTU,False
2022-09-15,NATURAL_GAS,NATURAL_GAS,8.6,,,,alpha_vantage,NATURAL_GAS,benchmark_spot,USD,USD_PER_MMBTU,False
2022-09-16,NATURAL_GAS,NATURAL_GAS,8.11,,,,alpha_vantage,NATURAL_GAS,benchmark_spot,USD,USD_PER_MMBTU,False
2022-09-19,NATURAL_GAS,NATURAL_GAS,7.96,,,,alpha_vantage,NATURAL_GAS,benchmark_spot,USD,USD_PER_MMBTU,False
2022-09-20,NATURAL_GAS,NATURAL_GAS,8.01,,,,alpha_vantage,NATURAL_GAS,benchmark_spot,USD,USD_PER_MMBTU,False
2022-09-21,NATURAL_GAS,NATURAL_GAS,7.99,,,,alpha_vantage,NATURAL_GAS,benchmark_spot,USD,USD_PER_MMBTU,False
2022-09-22,NATURAL_GAS,NATURAL_GAS,7.76,,,,alpha_vantage,NATURAL_GAS,benchmark_spot,USD,USD_PER_MMBTU,False
2022-09-23,NATURAL_GAS,NATURAL_GAS,6.75,,,,alpha_vantage,NATURAL_GAS,benchmark_spot,USD,USD_PER_MMBTU,False
2022-09-26,NATURAL_GAS,NATURAL_GAS,6.75,,,,alpha_vantage,NATURAL_GAS,benchmark_spot,USD,USD_PER_MMBTU,False
2022-09-27,NATURAL_GAS,NATURAL_GAS,6.83,,,,alpha_vantage,NATURAL_GAS,benchmark_spot,USD,USD_PER_MMBTU,False
2022-09-28,NATURAL_GAS,NATURAL_GAS,6.59,,,,alpha_vantage,NATURAL_GAS,benchmark_spot,USD,USD_PER_MMBTU,False
2022-09-29,NATURAL_GAS,NATURAL_GAS,6.57,,,,alpha_vantage,NATURAL_GAS,benchmark_spot,USD,USD_PER_MMBTU,False
2022-09-30,NATURAL_GAS,NATURAL_GAS,6.4,,,,alpha_vantage,NATURAL_GAS,benchmark_spot,USD,USD_PER_MMBTU,False
2022-10-03,NATURAL_GAS,NATURAL_GAS,5.64,,,,alpha_vantage,NATURAL_GAS,benchmark_spot,USD,USD_PER_MMBTU,False
2022-10-04,NATURAL_GAS,NATURAL_GAS,5.4,,,,alpha_vantage,NATURAL_GAS,benchmark_spot,USD,USD_PER_MMBTU,False
2022-10-05,NATURAL_GAS,NATURAL_GAS,5.84,,,,alpha_vantage,NATURAL_GAS,benchmark_spot,USD,USD_PER_MMBTU,False
2022-10-06,NATURAL_GAS,NATURAL_GAS,6.91,,,,alpha_vantage,NATURAL_GAS,benchmark_spot,USD,USD_PER_MMBTU,False
2022-10-07,NATURAL_GAS,NATURAL_GAS,6.25,,,,alpha_vantage,NATURAL_GAS,benchmark_spot,USD,USD_PER_MMBTU,False
2022-10-11,NATURAL_GAS,NATURAL_GAS,6.2,,,,alpha_vantage,NATURAL_GAS,benchmark_spot,USD,USD_PER_MMBTU,False
2022-10-12,NATURAL_GAS,NATURAL_GAS,6.6,,,,alpha_vantage,NATURAL_GAS,benchmark_spot,USD,USD_PER_MMBTU,False
2022-10-13,NATURAL_GAS,NATURAL_GAS,6.25,,,,alpha_vantage,NATURAL_GAS,benchmark_spot,USD,USD_PER_MMBTU,False
2022-10-14,NATURAL_GAS,NATURAL_GAS,6.1,,,,alpha_vantage,NATURAL_GAS,benchmark_spot,USD,USD_PER_MMBTU,False
2022-10-17,NATURAL_GAS,NATURAL_GAS,6.08,,,,alpha_vantage,NATURAL_GAS,benchmark_spot,USD,USD_PER_MMBTU,False
2022-10-18,NATURAL_GAS,NATURAL_GAS,6.16,,,,alpha_vantage,NATURAL_GAS,benchmark_spot,USD,USD_PER_MMBTU,False
2022-10-19,NATURAL_GAS,NATURAL_GAS,5.63,,,,alpha_vantage,NATURAL_GAS,benchmark_spot,USD,USD_PER_MMBTU,False
2022-10-20,NATURAL_GAS,NATURAL_GAS,5.1,,,,alpha_vantage,NATURAL_GAS,benchmark_spot,USD,USD_PER_MMBTU,False
2022-10-21,NATURAL_GAS,NATURAL_GAS,4.45,,,,alpha_vantage,NATURAL_GAS,benchmark_spot,USD,USD_PER_MMBTU,False
2022-10-24,NATURAL_GAS,NATURAL_GAS,4.81,,,,alpha_vantage,NATURAL_GAS,benchmark_spot,USD,USD_PER_MMBTU,False
2022-10-25,NATURAL_GAS,NATURAL_GAS,5.17,,,,alpha_vantage,NATURAL_GAS,benchmark_spot,USD,USD_PER_MMBTU,False
2022-10-26,NATURAL_GAS,NATURAL_GAS,5.28,,,,alpha_vantage,NATURAL_GAS,benchmark_spot,USD,USD_PER_MMBTU,False
2022-10-27,NATURAL_GAS,NATURAL_GAS,5.3,,,,alpha_vantage,NATURAL_GAS,benchmark_spot,USD,USD_PER_MMBTU,False
2022-10-28,NATURAL_GAS,NATURAL_GAS,5.02,,,,alpha_vantage,NATURAL_GAS,benchmark_spot,USD,USD_PER_MMBTU,False
2022-10-31,NATURAL_GAS,NATURAL_GAS,5.02,,,,alpha_vantage,NATURAL_GAS,benchmark_spot,USD,USD_PER_MMBTU,False
2022-11-01,NATURAL_GAS,NATURAL_GAS,4.57,,,,alpha_vantage,NATURAL_GAS,benchmark_spot,USD,USD_PER_MMBTU,False
2022-11-02,NATURAL_GAS,NATURAL_GAS,4.58,,,,alpha_vantage,NATURAL_GAS,benchmark_spot,USD,USD_PER_MMBTU,False
2022-11-03,NATURAL_GAS,NATURAL_GAS,4.65,,,,alpha_vantage,NATURAL_GAS,benchmark_spot,USD,USD_PER_MMBTU,False
2022-11-04,NATURAL_GAS,NATURAL_GAS,4.0,,,,alpha_vantage,NATURAL_GAS,benchmark_spot,USD,USD_PER_MMBTU,False
2022-11-07,NATURAL_GAS,NATURAL_GAS,4.62,,,,alpha_vantage,NATURAL_GAS,benchmark_spot,USD,USD_PER_MMBTU,False
2022-11-08,NATURAL_GAS,NATURAL_GAS,4.0,,,,alpha_vantage,NATURAL_GAS,benchmark_spot,USD,USD_PER_MMBTU,False
2022-11-09,NATURAL_GAS,NATURAL_GAS,3.46,,,,alpha_vantage,NATURAL_GAS,benchmark_spot,USD,USD_PER_MMBTU,False
2022-11-10,NATURAL_GAS,NATURAL_GAS,4.8,,,,alpha_vantage,NATURAL_GAS,benchmark_spot,USD,USD_PER_MMBTU,False
2022-11-11,NATURAL_GAS,NATURAL_GAS,4.8,,,,alpha_vantage,NATURAL_GAS,benchmark_spot,USD,USD_PER_MMBTU,False
2022-11-14,NATURAL_GAS,NATURAL_GAS,6.24,,,,alpha_vantage,NATURAL_GAS,benchmark_spot,USD,USD_PER_MMBTU,False
2022-11-15,NATURAL_GAS,NATURAL_GAS,5.9,,,,alpha_vantage,NATURAL_GAS,benchmark_spot,USD,USD_PER_MMBTU,False
2022-11-16,NATURAL_GAS,NATURAL_GAS,5.88,,,,alpha_vantage,NATURAL_GAS,benchmark_spot,USD,USD_PER_MMBTU,False
2022-11-17,NATURAL_GAS,NATURAL_GAS,6.2,,,,alpha_vantage,NATURAL_GAS,benchmark_spot,USD,USD_PER_MMBTU,False
2022-11-18,NATURAL_GAS,NATURAL_GAS,6.1,,,,alpha_vantage,NATURAL_GAS,benchmark_spot,USD,USD_PER_MMBTU,False
2022-11-21,NATURAL_GAS,NATURAL_GAS,6.23,,,,alpha_vantage,NATURAL_GAS,benchmark_spot,USD,USD_PER_MMBTU,False
2022-11-22,NATURAL_GAS,NATURAL_GAS,6.27,,,,alpha_vantage,NATURAL_GAS,benchmark_spot,USD,USD_PER_MMBTU,False
2022-11-23,NATURAL_GAS,NATURAL_GAS,6.57,,,,alpha_vantage,NATURAL_GAS,benchmark_spot,USD,USD_PER_MMBTU,False
2022-11-25,NATURAL_GAS,NATURAL_GAS,6.57,,,,alpha_vantage,NATURAL_GAS,benchmark_spot,USD,USD_PER_MMBTU,False
2022-11-28,NATURAL_GAS,NATURAL_GAS,6.0,,,,alpha_vantage,NATURAL_GAS,benchmark_spot,USD,USD_PER_MMBTU,False
2022-11-29,NATURAL_GAS,NATURAL_GAS,6.03,,,,alpha_vantage,NATURAL_GAS,benchmark_spot,USD,USD_PER_MMBTU,False
2022-11-30,NATURAL_GAS,NATURAL_GAS,7.0,,,,alpha_vantage,NATURAL_GAS,benchmark_spot,USD,USD_PER_MMBTU,False
2022-12-01,NATURAL_GAS,NATURAL_GAS,6.33,,,,alpha_vantage,NATURAL_GAS,benchmark_spot,USD,USD_PER_MMBTU,False
2022-12-02,NATURAL_GAS,NATURAL_GAS,4.92,,,,alpha_vantage,NATURAL_GAS,benchmark_spot,USD,USD_PER_MMBTU,False
2022-12-05,NATURAL_GAS,NATURAL_GAS,4.15,,,,alpha_vantage,NATURAL_GAS,benchmark_spot,USD,USD_PER_MMBTU,False
2022-12-06,NATURAL_GAS,NATURAL_GAS,4.58,,,,alpha_vantage,NATURAL_GAS,benchmark_spot,USD,USD_PER_MMBTU,False
2022-12-07,NATURAL_GAS,NATURAL_GAS,4.49,,,,alpha_vantage,NATURAL_GAS,benchmark_spot,USD,USD_PER_MMBTU,False
2022-12-08,NATURAL_GAS,NATURAL_GAS,4.79,,,,alpha_vantage,NATURAL_GAS,benchmark_spot,USD,USD_PER_MMBTU,False
2022-12-09,NATURAL_GAS,NATURAL_GAS,4.98,,,,alpha_vantage,NATURAL_GAS,benchmark_spot,USD,USD_PER_MMBTU,False
2022-12-12,NATURAL_GAS,NATURAL_GAS,6.73,,,,alpha_vantage,NATURAL_GAS,benchmark_spot,USD,USD_PER_MMBTU,False
2022-12-13,NATURAL_GAS,NATURAL_GAS,7.2,,,,alpha_vantage,NATURAL_GAS,benchmark_spot,USD,USD_PER_MMBTU,False
2022-12-14,NATURAL_GAS,NATURAL_GAS,6.54,,,,alpha_vantage,NATURAL_GAS,benchmark_spot,USD,USD_PER_MMBTU,False
2022-12-15,NATURAL_GAS,NATURAL_GAS,6.8,,,,alpha_vantage,NATURAL_GAS,benchmark_spot,USD,USD_PER_MMBTU,False
2022-12-16,NATURAL_GAS,NATURAL_GAS,6.63,,,,alpha_vantage,NATURAL_GAS,benchmark_spot,USD,USD_PER_MMBTU,False
2022-12-19,NATURAL_GAS,NATURAL_GAS,6.08,,,,alpha_vantage,NATURAL_GAS,benchmark_spot,USD,USD_PER_MMBTU,False
2022-12-20,NATURAL_GAS,NATURAL_GAS,5.28,,,,alpha_vantage,NATURAL_GAS,benchmark_spot,USD,USD_PER_MMBTU,False
2022-12-21,NATURAL_GAS,NATURAL_GAS,6.13,,,,alpha_vantage,NATURAL_GAS,benchmark_spot,USD,USD_PER_MMBTU,False
2022-12-22,NATURAL_GAS,NATURAL_GAS,7.1,,,,alpha_vantage,NATURAL_GAS,benchmark_spot,USD,USD_PER_MMBTU,False
2022-12-23,NATURAL_GAS,NATURAL_GAS,7.15,,,,alpha_vantage,NATURAL_GAS,benchmark_spot,USD,USD_PER_MMBTU,False
2022-12-27,NATURAL_GAS,NATURAL_GAS,4.88,,,,alpha_vantage,NATURAL_GAS,benchmark_spot,USD,USD_PER_MMBTU,False
2022-12-28,NATURAL_GAS,NATURAL_GAS,4.06,,,,alpha_vantage,NATURAL_GAS,benchmark_spot,USD,USD_PER_MMBTU,False
2022-12-29,NATURAL_GAS,NATURAL_GAS,3.78,,,,alpha_vantage,NATURAL_GAS,benchmark_spot,USD,USD_PER_MMBTU,False
2022-12-30,NATURAL_GAS,NATURAL_GAS,3.52,,,,alpha_vantage,NATURAL_GAS,benchmark_spot,USD,USD_PER_MMBTU,False
2023-01-03,NATURAL_GAS,NATURAL_GAS,3.64,,,,alpha_vantage,NATURAL_GAS,benchmark_spot,USD,USD_PER_MMBTU,False
2023-01-04,NATURAL_GAS,NATURAL_GAS,3.75,,,,alpha_vantage,NATURAL_GAS,benchmark_spot,USD,USD_PER_MMBTU,False
2023-01-05,NATURAL_GAS,NATURAL_GAS,3.78,,,,alpha_vantage,NATURAL_GAS,benchmark_spot,USD,USD_PER_MMBTU,False
2023-01-06,NATURAL_GAS,NATURAL_GAS,3.43,,,,alpha_vantage,NATURAL_GAS,benchmark_spot,USD,USD_PER_MMBTU,False
2023-01-09,NATURAL_GAS,NATURAL_GAS,3.65,,,,alpha_vantage,NATURAL_GAS,benchmark_spot,USD,USD_PER_MMBTU,False
2023-01-10,NATURAL_GAS,NATURAL_GAS,3.32,,,,alpha_vantage,NATURAL_GAS,benchmark_spot,USD,USD_PER_MMBTU,False
2023-01-11,NATURAL_GAS,NATURAL_GAS,3.41,,,,alpha_vantage,NATURAL_GAS,benchmark_spot,USD,USD_PER_MMBTU,False
2023-01-12,NATURAL_GAS,NATURAL_GAS,3.47,,,,alpha_vantage,NATURAL_GAS,benchmark_spot,USD,USD_PER_MMBTU,False
2023-01-13,NATURAL_GAS,NATURAL_GAS,3.43,,,,alpha_vantage,NATURAL_GAS,benchmark_spot,USD,USD_PER_MMBTU,False
2023-01-17,NATURAL_GAS,NATURAL_GAS,3.43,,,,alpha_vantage,NATURAL_GAS,benchmark_spot,USD,USD_PER_MMBTU,False
2023-01-18,NATURAL_GAS,NATURAL_GAS,3.2,,,,alpha_vantage,NATURAL_GAS,benchmark_spot,USD,USD_PER_MMBTU,False
2023-01-19,NATURAL_GAS,NATURAL_GAS,2.91,,,,alpha_vantage,NATURAL_GAS,benchmark_spot,USD,USD_PER_MMBTU,False
2023-01-20,NATURAL_GAS,NATURAL_GAS,3.15,,,,alpha_vantage,NATURAL_GAS,benchmark_spot,USD,USD_PER_MMBTU,False
2023-01-23,NATURAL_GAS,NATURAL_GAS,3.43,,,,alpha_vantage,NATURAL_GAS,benchmark_spot,USD,USD_PER_MMBTU,False
2023-01-24,NATURAL_GAS,NATURAL_GAS,3.35,,,,alpha_vantage,NATURAL_GAS,benchmark_spot,USD,USD_PER_MMBTU,False
2023-01-25,NATURAL_GAS,NATURAL_GAS,3.09,,,,alpha_vantage,NATURAL_GAS,benchmark_spot,USD,USD_PER_MMBTU,False
2023-01-26,NATURAL_GAS,NATURAL_GAS,2.72,,,,alpha_vantage,NATURAL_GAS,benchmark_spot,USD,USD_PER_MMBTU,False
2023-01-27,NATURAL_GAS,NATURAL_GAS,2.83,,,,alpha_vantage,NATURAL_GAS,benchmark_spot,USD,USD_PER_MMBTU,False
2023-01-30,NATURAL_GAS,NATURAL_GAS,2.82,,,,alpha_vantage,NATURAL_GAS,benchmark_spot,USD,USD_PER_MMBTU,False
2023-01-31,NATURAL_GAS,NATURAL_GAS,2.65,,,,alpha_vantage,NATURAL_GAS,benchmark_spot,USD,USD_PER_MMBTU,False
2023-02-01,NATURAL_GAS,NATURAL_GAS,2.65,,,,alpha_vantage,NATURAL_GAS,benchmark_spot,USD,USD_PER_MMBTU,False
2023-02-02,NATURAL_GAS,NATURAL_GAS,2.67,,,,alpha_vantage,NATURAL_GAS,benchmark_spot,USD,USD_PER_MMBTU,False
2023-02-03,NATURAL_GAS,NATURAL_GAS,2.4,,,,alpha_vantage,NATURAL_GAS,benchmark_spot,USD,USD_PER_MMBTU,False
2023-02-06,NATURAL_GAS,NATURAL_GAS,2.17,,,,alpha_vantage,NATURAL_GAS,benchmark_spot,USD,USD_PER_MMBTU,False
2023-02-07,NATURAL_GAS,NATURAL_GAS,2.35,,,,alpha_vantage,NATURAL_GAS,benchmark_spot,USD,USD_PER_MMBTU,False
2023-02-08,NATURAL_GAS,NATURAL_GAS,2.4,,,,alpha_vantage,NATURAL_GAS,benchmark_spot,USD,USD_PER_MMBTU,False
2023-02-09,NATURAL_GAS,NATURAL_GAS,2.4,,,,alpha_vantage,NATURAL_GAS,benchmark_spot,USD,USD_PER_MMBTU,False
2023-02-10,NATURAL_GAS,NATURAL_GAS,2.37,,,,alpha_vantage,NATURAL_GAS,benchmark_spot,USD,USD_PER_MMBTU,False
2023-02-13,NATURAL_GAS,NATURAL_GAS,2.42,,,,alpha_vantage,NATURAL_GAS,benchmark_spot,USD,USD_PER_MMBTU,False
2023-02-14,NATURAL_GAS,NATURAL_GAS,2.42,,,,alpha_vantage,NATURAL_GAS,benchmark_spot,USD,USD_PER_MMBTU,False
2023-02-15,NATURAL_GAS,NATURAL_GAS,2.45,,,,alpha_vantage,NATURAL_GAS,benchmark_spot,USD,USD_PER_MMBTU,False
2023-02-16,NATURAL_GAS,NATURAL_GAS,2.48,,,,alpha_vantage,NATURAL_GAS,benchmark_spot,USD,USD_PER_MMBTU,False
2023-02-17,NATURAL_GAS,NATURAL_GAS,2.28,,,,alpha_vantage,NATURAL_GAS,benchmark_spot,USD,USD_PER_MMBTU,False
2023-02-21,NATURAL_GAS,NATURAL_GAS,2.12,,,,alpha_vantage,NATURAL_GAS,benchmark_spot,USD,USD_PER_MMBTU,False
2023-02-22,NATURAL_GAS,NATURAL_GAS,2.07,,,,alpha_vantage,NATURAL_GAS,benchmark_spot,USD,USD_PER_MMBTU,False
2023-02-23,NATURAL_GAS,NATURAL_GAS,2.17,,,,alpha_vantage,NATURAL_GAS,benchmark_spot,USD,USD_PER_MMBTU,False
2023-02-24,NATURAL_GAS,NATURAL_GAS,2.36,,,,alpha_vantage,NATURAL_GAS,benchmark_spot,USD,USD_PER_MMBTU,False
2023-02-27,NATURAL_GAS,NATURAL_GAS,2.55,,,,alpha_vantage,NATURAL_GAS,benchmark_spot,USD,USD_PER_MMBTU,False
2023-02-28,NATURAL_GAS,NATURAL_GAS,2.5,,,,alpha_vantage,NATURAL_GAS,benchmark_spot,USD,USD_PER_MMBTU,False
2023-03-01,NATURAL_GAS,NATURAL_GAS,2.59,,,,alpha_vantage,NATURAL_GAS,benchmark_spot,USD,USD_PER_MMBTU,False
2023-03-02,NATURAL_GAS,NATURAL_GAS,2.67,,,,alpha_vantage,NATURAL_GAS,benchmark_spot,USD,USD_PER_MMBTU,False
2023-03-03,NATURAL_GAS,NATURAL_GAS,2.66,,,,alpha_vantage,NATURAL_GAS,benchmark_spot,USD,USD_PER_MMBTU,False
2023-03-06,NATURAL_GAS,NATURAL_GAS,2.46,,,,alpha_vantage,NATURAL_GAS,benchmark_spot,USD,USD_PER_MMBTU,False
2023-03-07,NATURAL_GAS,NATURAL_GAS,2.52,,,,alpha_vantage,NATURAL_GAS,benchmark_spot,USD,USD_PER_MMBTU,False
2023-03-08,NATURAL_GAS,NATURAL_GAS,2.5,,,,alpha_vantage,NATURAL_GAS,benchmark_spot,USD,USD_PER_MMBTU,False
2023-03-09,NATURAL_GAS,NATURAL_GAS,2.5,,,,alpha_vantage,NATURAL_GAS,benchmark_spot,USD,USD_PER_MMBTU,False
2023-03-10,NATURAL_GAS,NATURAL_GAS,2.4,,,,alpha_vantage,NATURAL_GAS,benchmark_spot,USD,USD_PER_MMBTU,False
2023-03-13,NATURAL_GAS,NATURAL_GAS,2.4,,,,alpha_vantage,NATURAL_GAS,benchmark_spot,USD,USD_PER_MMBTU,False
2023-03-14,NATURAL_GAS,NATURAL_GAS,2.65,,,,alpha_vantage,NATURAL_GAS,benchmark_spot,USD,USD_PER_MMBTU,False
2023-03-15,NATURAL_GAS,NATURAL_GAS,2.45,,,,alpha_vantage,NATURAL_GAS,benchmark_spot,USD,USD_PER_MMBTU,False
2023-03-16,NATURAL_GAS,NATURAL_GAS,2.45,,,,alpha_vantage,NATURAL_GAS,benchmark_spot,USD,USD_PER_MMBTU,False
2023-03-17,NATURAL_GAS,NATURAL_GAS,2.42,,,,alpha_vantage,NATURAL_GAS,benchmark_spot,USD,USD_PER_MMBTU,False
2023-03-20,NATURAL_GAS,NATURAL_GAS,2.23,,,,alpha_vantage,NATURAL_GAS,benchmark_spot,USD,USD_PER_MMBTU,False
2023-03-21,NATURAL_GAS,NATURAL_GAS,1.93,,,,alpha_vantage,NATURAL_GAS,benchmark_spot,USD,USD_PER_MMBTU,False
2023-03-22,NATURAL_GAS,NATURAL_GAS,2.03,,,,alpha_vantage,NATURAL_GAS,benchmark_spot,USD,USD_PER_MMBTU,False
2023-03-23,NATURAL_GAS,NATURAL_GAS,2.08,,,,alpha_vantage,NATURAL_GAS,benchmark_spot,USD,USD_PER_MMBTU,False
2023-03-24,NATURAL_GAS,NATURAL_GAS,2.04,,,,alpha_vantage,NATURAL_GAS,benchmark_spot,USD,USD_PER_MMBTU,False
2023-03-27,NATURAL_GAS,NATURAL_GAS,2.04,,,,alpha_vantage,NATURAL_GAS,benchmark_spot,USD,USD_PER_MMBTU,False
2023-03-28,NATURAL_GAS,NATURAL_GAS,2.02,,,,alpha_vantage,NATURAL_GAS,benchmark_spot,USD,USD_PER_MMBTU,False
2023-03-29,NATURAL_GAS,NATURAL_GAS,1.94,,,,alpha_vantage,NATURAL_GAS,benchmark_spot,USD,USD_PER_MMBTU,False
2023-03-30,NATURAL_GAS,NATURAL_GAS,1.95,,,,alpha_vantage,NATURAL_GAS,benchmark_spot,USD,USD_PER_MMBTU,False
2023-03-31,NATURAL_GAS,NATURAL_GAS,2.1,,,,alpha_vantage,NATURAL_GAS,benchmark_spot,USD,USD_PER_MMBTU,False
2023-04-03,NATURAL_GAS,NATURAL_GAS,2.09,,,,alpha_vantage,NATURAL_GAS,benchmark_spot,USD,USD_PER_MMBTU,False
2023-04-04,NATURAL_GAS,NATURAL_GAS,2.13,,,,alpha_vantage,NATURAL_GAS,benchmark_spot,USD,USD_PER_MMBTU,False
2023-04-05,NATURAL_GAS,NATURAL_GAS,2.17,,,,alpha_vantage,NATURAL_GAS,benchmark_spot,USD,USD_PER_MMBTU,False
2023-04-06,NATURAL_GAS,NATURAL_GAS,2.18,,,,alpha_vantage,NATURAL_GAS,benchmark_spot,USD,USD_PER_MMBTU,False
2023-04-10,NATURAL_GAS,NATURAL_GAS,2.15,,,,alpha_vantage,NATURAL_GAS,benchmark_spot,USD,USD_PER_MMBTU,False
2023-04-11,NATURAL_GAS,NATURAL_GAS,2.19,,,,alpha_vantage,NATURAL_GAS,benchmark_spot,USD,USD_PER_MMBTU,False
2023-04-12,NATURAL_GAS,NATURAL_GAS,2.22,,,,alpha_vantage,NATURAL_GAS,benchmark_spot,USD,USD_PER_MMBTU,False
2023-04-13,NATURAL_GAS,NATURAL_GAS,2.04,,,,alpha_vantage,NATURAL_GAS,benchmark_spot,USD,USD_PER_MMBTU,False
2023-04-14,NATURAL_GAS,NATURAL_GAS,1.87,,,,alpha_vantage,NATURAL_GAS,benchmark_spot,USD,USD_PER_MMBTU,False
2023-04-17,NATURAL_GAS,NATURAL_GAS,2.21,,,,alpha_vantage,NATURAL_GAS,benchmark_spot,USD,USD_PER_MMBTU,False
2023-04-18,NATURAL_GAS,NATURAL_GAS,2.23,,,,alpha_vantage,NATURAL_GAS,benchmark_spot,USD,USD_PER_MMBTU,False
2023-04-19,NATURAL_GAS,NATURAL_GAS,2.2,,,,alpha_vantage,NATURAL_GAS,benchmark_spot,USD,USD_PER_MMBTU,False
2023-04-20,NATURAL_GAS,NATURAL_GAS,2.19,,,,alpha_vantage,NATURAL_GAS,benchmark_spot,USD,USD_PER_MMBTU,False
2023-04-21,NATURAL_GAS,NATURAL_GAS,2.2,,,,alpha_vantage,NATURAL_GAS,benchmark_spot,USD,USD_PER_MMBTU,False
2023-04-24,NATURAL_GAS,NATURAL_GAS,2.19,,,,alpha_vantage,NATURAL_GAS,benchmark_spot,USD,USD_PER_MMBTU,False
2023-04-25,NATURAL_GAS,NATURAL_GAS,2.21,,,,alpha_vantage,NATURAL_GAS,benchmark_spot,USD,USD_PER_MMBTU,False
2023-04-26,NATURAL_GAS,NATURAL_GAS,2.19,,,,alpha_vantage,NATURAL_GAS,benchmark_spot,USD,USD_PER_MMBTU,False
2023-04-27,NATURAL_GAS,NATURAL_GAS,2.17,,,,alpha_vantage,NATURAL_GAS,benchmark_spot,USD,USD_PER_MMBTU,False
2023-04-28,NATURAL_GAS,NATURAL_GAS,2.27,,,,alpha_vantage,NATURAL_GAS,benchmark_spot,USD,USD_PER_MMBTU,False
2023-05-01,NATURAL_GAS,NATURAL_GAS,2.24,,,,alpha_vantage,NATURAL_GAS,benchmark_spot,USD,USD_PER_MMBTU,False
2023-05-02,NATURAL_GAS,NATURAL_GAS,2.12,,,,alpha_vantage,NATURAL_GAS,benchmark_spot,USD,USD_PER_MMBTU,False
2023-05-03,NATURAL_GAS,NATURAL_GAS,2.01,,,,alpha_vantage,NATURAL_GAS,benchmark_spot,USD,USD_PER_MMBTU,False
2023-05-04,NATURAL_GAS,NATURAL_GAS,1.96,,,,alpha_vantage,NATURAL_GAS,benchmark_spot,USD,USD_PER_MMBTU,False
2023-05-05,NATURAL_GAS,NATURAL_GAS,1.85,,,,alpha_vantage,NATURAL_GAS,benchmark_spot,USD,USD_PER_MMBTU,False
2023-05-08,NATURAL_GAS,NATURAL_GAS,2.12,,,,alpha_vantage,NATURAL_GAS,benchmark_spot,USD,USD_PER_MMBTU,False
2023-05-09,NATURAL_GAS,NATURAL_GAS,2.22,,,,alpha_vantage,NATURAL_GAS,benchmark_spot,USD,USD_PER_MMBTU,False
2023-05-10,NATURAL_GAS,NATURAL_GAS,2.12,,,,alpha_vantage,NATURAL_GAS,benchmark_spot,USD,USD_PER_MMBTU,False
2023-05-11,NATURAL_GAS,NATURAL_GAS,2.07,,,,alpha_vantage,NATURAL_GAS,benchmark_spot,USD,USD_PER_MMBTU,False
2023-05-12,NATURAL_GAS,NATURAL_GAS,1.98,,,,alpha_vantage,NATURAL_GAS,benchmark_spot,USD,USD_PER_MMBTU,False
2023-05-15,NATURAL_GAS,NATURAL_GAS,2.25,,,,alpha_vantage,NATURAL_GAS,benchmark_spot,USD,USD_PER_MMBTU,False
2023-05-16,NATURAL_GAS,NATURAL_GAS,2.28,,,,alpha_vantage,NATURAL_GAS,benchmark_spot,USD,USD_PER_MMBTU,False
2023-05-17,NATURAL_GAS,NATURAL_GAS,2.25,,,,alpha_vantage,NATURAL_GAS,benchmark_spot,USD,USD_PER_MMBTU,False
2023-05-18,NATURAL_GAS,NATURAL_GAS,2.3,,,,alpha_vantage,NATURAL_GAS,benchmark_spot,USD,USD_PER_MMBTU,False
2023-05-19,NATURAL_GAS,NATURAL_GAS,2.37,,,,alpha_vantage,NATURAL_GAS,benchmark_spot,USD,USD_PER_MMBTU,False
2023-05-22,NATURAL_GAS,NATURAL_GAS,2.3,,,,alpha_vantage,NATURAL_GAS,benchmark_spot,USD,USD_PER_MMBTU,False
2023-05-23,NATURAL_GAS,NATURAL_GAS,2.22,,,,alpha_vantage,NATURAL_GAS,benchmark_spot,USD,USD_PER_MMBTU,False
2023-05-24,NATURAL_GAS,NATURAL_GAS,2.25,,,,alpha_vantage,NATURAL_GAS,benchmark_spot,USD,USD_PER_MMBTU,False
2023-05-25,NATURAL_GAS,NATURAL_GAS,2.23,,,,alpha_vantage,NATURAL_GAS,benchmark_spot,USD,USD_PER_MMBTU,False
2023-05-26,NATURAL_GAS,NATURAL_GAS,1.88,,,,alpha_vantage,NATURAL_GAS,benchmark_spot,USD,USD_PER_MMBTU,False
2023-05-30,NATURAL_GAS,NATURAL_GAS,2.11,,,,alpha_vantage,NATURAL_GAS,benchmark_spot,USD,USD_PER_MMBTU,False
2023-05-31,NATURAL_GAS,NATURAL_GAS,2.1,,,,alpha_vantage,NATURAL_GAS,benchmark_spot,USD,USD_PER_MMBTU,False
2023-06-01,NATURAL_GAS,NATURAL_GAS,1.77,,,,alpha_vantage,NATURAL_GAS,benchmark_spot,USD,USD_PER_MMBTU,False
2023-06-02,NATURAL_GAS,NATURAL_GAS,1.74,,,,alpha_vantage,NATURAL_GAS,benchmark_spot,USD,USD_PER_MMBTU,False
2023-06-05,NATURAL_GAS,NATURAL_GAS,1.92,,,,alpha_vantage,NATURAL_GAS,benchmark_spot,USD,USD_PER_MMBTU,False
2023-06-06,NATURAL_GAS,NATURAL_GAS,1.95,,,,alpha_vantage,NATURAL_GAS,benchmark_spot,USD,USD_PER_MMBTU,False
2023-06-07,NATURAL_GAS,NATURAL_GAS,2.13,,,,alpha_vantage,NATURAL_GAS,benchmark_spot,USD,USD_PER_MMBTU,False
2023-06-08,NATURAL_GAS,NATURAL_GAS,2.1,,,,alpha_vantage,NATURAL_GAS,benchmark_spot,USD,USD_PER_MMBTU,False
2023-06-09,NATURAL_GAS,NATURAL_GAS,1.85,,,,alpha_vantage,NATURAL_GAS,benchmark_spot,USD,USD_PER_MMBTU,False
2023-06-12,NATURAL_GAS,NATURAL_GAS,1.9,,,,alpha_vantage,NATURAL_GAS,benchmark_spot,USD,USD_PER_MMBTU,False
2023-06-13,NATURAL_GAS,NATURAL_GAS,2.0,,,,alpha_vantage,NATURAL_GAS,benchmark_spot,USD,USD_PER_MMBTU,False
2023-06-14,NATURAL_GAS,NATURAL_GAS,2.05,,,,alpha_vantage,NATURAL_GAS,benchmark_spot,USD,USD_PER_MMBTU,False
2023-06-15,NATURAL_GAS,NATURAL_GAS,2.18,,,,alpha_vantage,NATURAL_GAS,benchmark_spot,USD,USD_PER_MMBTU,False
2023-06-16,NATURAL_GAS,NATURAL_GAS,2.13,,,,alpha_vantage,NATURAL_GAS,benchmark_spot,USD,USD_PER_MMBTU,False
2023-06-20,NATURAL_GAS,NATURAL_GAS,2.38,,,,alpha_vantage,NATURAL_GAS,benchmark_spot,USD,USD_PER_MMBTU,False
2023-06-21,NATURAL_GAS,NATURAL_GAS,2.24,,,,alpha_vantage,NATURAL_GAS,benchmark_spot,USD,USD_PER_MMBTU,False
2023-06-22,NATURAL_GAS,NATURAL_GAS,2.27,,,,alpha_vantage,NATURAL_GAS,benchmark_spot,USD,USD_PER_MMBTU,False
2023-06-23,NATURAL_GAS,NATURAL_GAS,2.22,,,,alpha_vantage,NATURAL_GAS,benchmark_spot,USD,USD_PER_MMBTU,False
2023-06-26,NATURAL_GAS,NATURAL_GAS,2.62,,,,alpha_vantage,NATURAL_GAS,benchmark_spot,USD,USD_PER_MMBTU,False
2023-06-27,NATURAL_GAS,NATURAL_GAS,2.68,,,,alpha_vantage,NATURAL_GAS,benchmark_spot,USD,USD_PER_MMBTU,False
2023-06-28,NATURAL_GAS,NATURAL_GAS,2.71,,,,alpha_vantage,NATURAL_GAS,benchmark_spot,USD,USD_PER_MMBTU,False
2023-06-29,NATURAL_GAS,NATURAL_GAS,2.4,,,,alpha_vantage,NATURAL_GAS,benchmark_spot,USD,USD_PER_MMBTU,False
2023-06-30,NATURAL_GAS,NATURAL_GAS,2.48,,,,alpha_vantage,NATURAL_GAS,benchmark_spot,USD,USD_PER_MMBTU,False
2023-07-03,NATURAL_GAS,NATURAL_GAS,2.48,,,,alpha_vantage,NATURAL_GAS,benchmark_spot,USD,USD_PER_MMBTU,False
2023-07-05,NATURAL_GAS,NATURAL_GAS,2.65,,,,alpha_vantage,NATURAL_GAS,benchmark_spot,USD,USD_PER_MMBTU,False
2023-07-06,NATURAL_GAS,NATURAL_GAS,2.5,,,,alpha_vantage,NATURAL_GAS,benchmark_spot,USD,USD_PER_MMBTU,False
2023-07-07,NATURAL_GAS,NATURAL_GAS,2.49,,,,alpha_vantage,NATURAL_GAS,benchmark_spot,USD,USD_PER_MMBTU,False
2023-07-10,NATURAL_GAS,NATURAL_GAS,2.55,,,,alpha_vantage,NATURAL_GAS,benchmark_spot,USD,USD_PER_MMBTU,False
2023-07-11,NATURAL_GAS,NATURAL_GAS,2.57,,,,alpha_vantage,NATURAL_GAS,benchmark_spot,USD,USD_PER_MMBTU,False
2023-07-12,NATURAL_GAS,NATURAL_GAS,2.55,,,,alpha_vantage,NATURAL_GAS,benchmark_spot,USD,USD_PER_MMBTU,False
2023-07-13,NATURAL_GAS,NATURAL_GAS,2.5,,,,alpha_vantage,NATURAL_GAS,benchmark_spot,USD,USD_PER_MMBTU,False
2023-07-14,NATURAL_GAS,NATURAL_GAS,2.5,,,,alpha_vantage,NATURAL_GAS,benchmark_spot,USD,USD_PER_MMBTU,False
2023-07-17,NATURAL_GAS,NATURAL_GAS,2.46,,,,alpha_vantage,NATURAL_GAS,benchmark_spot,USD,USD_PER_MMBTU,False
2023-07-18,NATURAL_GAS,NATURAL_GAS,2.52,,,,alpha_vantage,NATURAL_GAS,benchmark_spot,USD,USD_PER_MMBTU,False
2023-07-19,NATURAL_GAS,NATURAL_GAS,2.51,,,,alpha_vantage,NATURAL_GAS,benchmark_spot,USD,USD_PER_MMBTU,False
2023-07-20,NATURAL_GAS,NATURAL_GAS,2.61,,,,alpha_vantage,NATURAL_GAS,benchmark_spot,USD,USD_PER_MMBTU,False
2023-07-21,NATURAL_GAS,NATURAL_GAS,2.61,,,,alpha_vantage,NATURAL_GAS,benchmark_spot,USD,USD_PER_MMBTU,False
2023-07-24,NATURAL_GAS,NATURAL_GAS,2.68,,,,alpha_vantage,NATURAL_GAS,benchmark_spot,USD,USD_PER_MMBTU,False
2023-07-25,NATURAL_GAS,NATURAL_GAS,2.66,,,,alpha_vantage,NATURAL_GAS,benchmark_spot,USD,USD_PER_MMBTU,False
2023-07-26,NATURAL_GAS,NATURAL_GAS,2.6,,,,alpha_vantage,NATURAL_GAS,benchmark_spot,USD,USD_PER_MMBTU,False
2023-07-27,NATURAL_GAS,NATURAL_GAS,2.47,,,,alpha_vantage,NATURAL_GAS,benchmark_spot,USD,USD_PER_MMBTU,False
2023-07-28,NATURAL_GAS,NATURAL_GAS,2.53,,,,alpha_vantage,NATURAL_GAS,benchmark_spot,USD,USD_PER_MMBTU,False
2023-07-31,NATURAL_GAS,NATURAL_GAS,2.58,,,,alpha_vantage,NATURAL_GAS,benchmark_spot,USD,USD_PER_MMBTU,False
2023-08-01,NATURAL_GAS,NATURAL_GAS,2.49,,,,alpha_vantage,NATURAL_GAS,benchmark_spot,USD,USD_PER_MMBTU,False
2023-08-02,NATURAL_GAS,NATURAL_GAS,2.43,,,,alpha_vantage,NATURAL_GAS,benchmark_spot,USD,USD_PER_MMBTU,False
2023-08-03,NATURAL_GAS,NATURAL_GAS,2.44,,,,alpha_vantage,NATURAL_GAS,benchmark_spot,USD,USD_PER_MMBTU,False
2023-08-04,NATURAL_GAS,NATURAL_GAS,2.53,,,,alpha_vantage,NATURAL_GAS,benchmark_spot,USD,USD_PER_MMBTU,False
2023-08-07,NATURAL_GAS,NATURAL_GAS,2.65,,,,alpha_vantage,NATURAL_GAS,benchmark_spot,USD,USD_PER_MMBTU,False
2023-08-08,NATURAL_GAS,NATURAL_GAS,2.77,,,,alpha_vantage,NATURAL_GAS,benchmark_spot,USD,USD_PER_MMBTU,False
2023-08-09,NATURAL_GAS,NATURAL_GAS,2.92,,,,alpha_vantage,NATURAL_GAS,benchmark_spot,USD,USD_PER_MMBTU,False
2023-08-10,NATURAL_GAS,NATURAL_GAS,2.83,,,,alpha_vantage,NATURAL_GAS,benchmark_spot,USD,USD_PER_MMBTU,False
2023-08-11,NATURAL_GAS,NATURAL_GAS,2.61,,,,alpha_vantage,NATURAL_GAS,benchmark_spot,USD,USD_PER_MMBTU,False
2023-08-14,NATURAL_GAS,NATURAL_GAS,2.74,,,,alpha_vantage,NATURAL_GAS,benchmark_spot,USD,USD_PER_MMBTU,False
2023-08-15,NATURAL_GAS,NATURAL_GAS,2.65,,,,alpha_vantage,NATURAL_GAS,benchmark_spot,USD,USD_PER_MMBTU,False
2023-08-16,NATURAL_GAS,NATURAL_GAS,2.55,,,,alpha_vantage,NATURAL_GAS,benchmark_spot,USD,USD_PER_MMBTU,False
2023-08-17,NATURAL_GAS,NATURAL_GAS,2.56,,,,alpha_vantage,NATURAL_GAS,benchmark_spot,USD,USD_PER_MMBTU,False
2023-08-18,NATURAL_GAS,NATURAL_GAS,2.44,,,,alpha_vantage,NATURAL_GAS,benchmark_spot,USD,USD_PER_MMBTU,False
2023-08-21,NATURAL_GAS,NATURAL_GAS,2.6,,,,alpha_vantage,NATURAL_GAS,benchmark_spot,USD,USD_PER_MMBTU,False
2023-08-22,NATURAL_GAS,NATURAL_GAS,2.58,,,,alpha_vantage,NATURAL_GAS,benchmark_spot,USD,USD_PER_MMBTU,False
2023-08-23,NATURAL_GAS,NATURAL_GAS,2.6,,,,alpha_vantage,NATURAL_GAS,benchmark_spot,USD,USD_PER_MMBTU,False
2023-08-24,NATURAL_GAS,NATURAL_GAS,2.42,,,,alpha_vantage,NATURAL_GAS,benchmark_spot,USD,USD_PER_MMBTU,False
2023-08-25,NATURAL_GAS,NATURAL_GAS,2.46,,,,alpha_vantage,NATURAL_GAS,benchmark_spot,USD,USD_PER_MMBTU,False
2023-08-28,NATURAL_GAS,NATURAL_GAS,2.6,,,,alpha_vantage,NATURAL_GAS,benchmark_spot,USD,USD_PER_MMBTU,False
2023-08-29,NATURAL_GAS,NATURAL_GAS,2.5,,,,alpha_vantage,NATURAL_GAS,benchmark_spot,USD,USD_PER_MMBTU,False
2023-08-30,NATURAL_GAS,NATURAL_GAS,2.48,,,,alpha_vantage,NATURAL_GAS,benchmark_spot,USD,USD_PER_MMBTU,False
2023-08-31,NATURAL_GAS,NATURAL_GAS,2.56,,,,alpha_vantage,NATURAL_GAS,benchmark_spot,USD,USD_PER_MMBTU,False
2023-09-01,NATURAL_GAS,NATURAL_GAS,2.7,,,,alpha_vantage,NATURAL_GAS,benchmark_spot,USD,USD_PER_MMBTU,False
2023-09-05,NATURAL_GAS,NATURAL_GAS,2.6,,,,alpha_vantage,NATURAL_GAS,benchmark_spot,USD,USD_PER_MMBTU,False
2023-09-06,NATURAL_GAS,NATURAL_GAS,2.49,,,,alpha_vantage,NATURAL_GAS,benchmark_spot,USD,USD_PER_MMBTU,False
2023-09-07,NATURAL_GAS,NATURAL_GAS,2.45,,,,alpha_vantage,NATURAL_GAS,benchmark_spot,USD,USD_PER_MMBTU,False
2023-09-08,NATURAL_GAS,NATURAL_GAS,2.53,,,,alpha_vantage,NATURAL_GAS,benchmark_spot,USD,USD_PER_MMBTU,False
2023-09-11,NATURAL_GAS,NATURAL_GAS,2.5,,,,alpha_vantage,NATURAL_GAS,benchmark_spot,USD,USD_PER_MMBTU,False
2023-09-12,NATURAL_GAS,NATURAL_GAS,2.72,,,,alpha_vantage,NATURAL_GAS,benchmark_spot,USD,USD_PER_MMBTU,False
2023-09-13,NATURAL_GAS,NATURAL_GAS,2.76,,,,alpha_vantage,NATURAL_GAS,benchmark_spot,USD,USD_PER_MMBTU,False
2023-09-14,NATURAL_GAS,NATURAL_GAS,2.81,,,,alpha_vantage,NATURAL_GAS,benchmark_spot,USD,USD_PER_MMBTU,False
2023-09-15,NATURAL_GAS,NATURAL_GAS,2.74,,,,alpha_vantage,NATURAL_GAS,benchmark_spot,USD,USD_PER_MMBTU,False
2023-09-18,NATURAL_GAS,NATURAL_GAS,2.54,,,,alpha_vantage,NATURAL_GAS,benchmark_spot,USD,USD_PER_MMBTU,False
2023-09-19,NATURAL_GAS,NATURAL_GAS,2.46,,,,alpha_vantage,NATURAL_GAS,benchmark_spot,USD,USD_PER_MMBTU,False
2023-09-20,NATURAL_GAS,NATURAL_GAS,2.78,,,,alpha_vantage,NATURAL_GAS,benchmark_spot,USD,USD_PER_MMBTU,False
2023-09-21,NATURAL_GAS,NATURAL_GAS,2.7,,,,alpha_vantage,NATURAL_GAS,benchmark_spot,USD,USD_PER_MMBTU,False
2023-09-22,NATURAL_GAS,NATURAL_GAS,2.63,,,,alpha_vantage,NATURAL_GAS,benchmark_spot,USD,USD_PER_MMBTU,False
2023-09-25,NATURAL_GAS,NATURAL_GAS,2.63,,,,alpha_vantage,NATURAL_GAS,benchmark_spot,USD,USD_PER_MMBTU,False
2023-09-26,NATURAL_GAS,NATURAL_GAS,2.55,,,,alpha_vantage,NATURAL_GAS,benchmark_spot,USD,USD_PER_MMBTU,False
2023-09-27,NATURAL_GAS,NATURAL_GAS,2.72,,,,alpha_vantage,NATURAL_GAS,benchmark_spot,USD,USD_PER_MMBTU,False
2023-09-28,NATURAL_GAS,NATURAL_GAS,2.74,,,,alpha_vantage,NATURAL_GAS,benchmark_spot,USD,USD_PER_MMBTU,False
2023-09-29,NATURAL_GAS,NATURAL_GAS,2.68,,,,alpha_vantage,NATURAL_GAS,benchmark_spot,USD,USD_PER_MMBTU,False
2023-10-02,NATURAL_GAS,NATURAL_GAS,2.7,,,,alpha_vantage,NATURAL_GAS,benchmark_spot,USD,USD_PER_MMBTU,False
2023-10-03,NATURAL_GAS,NATURAL_GAS,2.71,,,,alpha_vantage,NATURAL_GAS,benchmark_spot,USD,USD_PER_MMBTU,False
2023-10-04,NATURAL_GAS,NATURAL_GAS,2.92,,,,alpha_vantage,NATURAL_GAS,benchmark_spot,USD,USD_PER_MMBTU,False
2023-10-05,NATURAL_GAS,NATURAL_GAS,2.92,,,,alpha_vantage,NATURAL_GAS,benchmark_spot,USD,USD_PER_MMBTU,False
2023-10-06,NATURAL_GAS,NATURAL_GAS,3.3,,,,alpha_vantage,NATURAL_GAS,benchmark_spot,USD,USD_PER_MMBTU,False
2023-10-10,NATURAL_GAS,NATURAL_GAS,3.34,,,,alpha_vantage,NATURAL_GAS,benchmark_spot,USD,USD_PER_MMBTU,False
2023-10-11,NATURAL_GAS,NATURAL_GAS,3.19,,,,alpha_vantage,NATURAL_GAS,benchmark_spot,USD,USD_PER_MMBTU,False
2023-10-12,NATURAL_GAS,NATURAL_GAS,3.16,,,,alpha_vantage,NATURAL_GAS,benchmark_spot,USD,USD_PER_MMBTU,False
2023-10-13,NATURAL_GAS,NATURAL_GAS,3.11,,,,alpha_vantage,NATURAL_GAS,benchmark_spot,USD,USD_PER_MMBTU,False
2023-10-16,NATURAL_GAS,NATURAL_GAS,2.98,,,,alpha_vantage,NATURAL_GAS,benchmark_spot,USD,USD_PER_MMBTU,False
2023-10-17,NATURAL_GAS,NATURAL_GAS,2.94,,,,alpha_vantage,NATURAL_GAS,benchmark_spot,USD,USD_PER_MMBTU,False
2023-10-18,NATURAL_GAS,NATURAL_GAS,2.92,,,,alpha_vantage,NATURAL_GAS,benchmark_spot,USD,USD_PER_MMBTU,False
2023-10-19,NATURAL_GAS,NATURAL_GAS,2.84,,,,alpha_vantage,NATURAL_GAS,benchmark_spot,USD,USD_PER_MMBTU,False
2023-10-20,NATURAL_GAS,NATURAL_GAS,2.6,,,,alpha_vantage,NATURAL_GAS,benchmark_spot,USD,USD_PER_MMBTU,False
2023-10-23,NATURAL_GAS,NATURAL_GAS,2.65,,,,alpha_vantage,NATURAL_GAS,benchmark_spot,USD,USD_PER_MMBTU,False
2023-10-24,NATURAL_GAS,NATURAL_GAS,2.85,,,,alpha_vantage,NATURAL_GAS,benchmark_spot,USD,USD_PER_MMBTU,False
2023-10-25,NATURAL_GAS,NATURAL_GAS,2.86,,,,alpha_vantage,NATURAL_GAS,benchmark_spot,USD,USD_PER_MMBTU,False
2023-10-26,NATURAL_GAS,NATURAL_GAS,2.87,,,,alpha_vantage,NATURAL_GAS,benchmark_spot,USD,USD_PER_MMBTU,False
2023-10-27,NATURAL_GAS,NATURAL_GAS,3.24,,,,alpha_vantage,NATURAL_GAS,benchmark_spot,USD,USD_PER_MMBTU,False
2023-10-30,NATURAL_GAS,NATURAL_GAS,3.17,,,,alpha_vantage,NATURAL_GAS,benchmark_spot,USD,USD_PER_MMBTU,False
2023-10-31,NATURAL_GAS,NATURAL_GAS,3.34,,,,alpha_vantage,NATURAL_GAS,benchmark_spot,USD,USD_PER_MMBTU,False
2023-11-01,NATURAL_GAS,NATURAL_GAS,3.19,,,,alpha_vantage,NATURAL_GAS,benchmark_spot,USD,USD_PER_MMBTU,False
2023-11-02,NATURAL_GAS,NATURAL_GAS,3.12,,,,alpha_vantage,NATURAL_GAS,benchmark_spot,USD,USD_PER_MMBTU,False
2023-11-03,NATURAL_GAS,NATURAL_GAS,3.0,,,,alpha_vantage,NATURAL_GAS,benchmark_spot,USD,USD_PER_MMBTU,False
2023-11-06,NATURAL_GAS,NATURAL_GAS,2.71,,,,alpha_vantage,NATURAL_GAS,benchmark_spot,USD,USD_PER_MMBTU,False
2023-11-07,NATURAL_GAS,NATURAL_GAS,2.0,,,,alpha_vantage,NATURAL_GAS,benchmark_spot,USD,USD_PER_MMBTU,False
2023-11-08,NATURAL_GAS,NATURAL_GAS,2.18,,,,alpha_vantage,NATURAL_GAS,benchmark_spot,USD,USD_PER_MMBTU,False
2023-11-09,NATURAL_GAS,NATURAL_GAS,2.71,,,,alpha_vantage,NATURAL_GAS,benchmark_spot,USD,USD_PER_MMBTU,False
2023-11-10,NATURAL_GAS,NATURAL_GAS,2.71,,,,alpha_vantage,NATURAL_GAS,benchmark_spot,USD,USD_PER_MMBTU,False
2023-11-13,NATURAL_GAS,NATURAL_GAS,2.61,,,,alpha_vantage,NATURAL_GAS,benchmark_spot,USD,USD_PER_MMBTU,False
2023-11-14,NATURAL_GAS,NATURAL_GAS,2.69,,,,alpha_vantage,NATURAL_GAS,benchmark_spot,USD,USD_PER_MMBTU,False
2023-11-15,NATURAL_GAS,NATURAL_GAS,2.88,,,,alpha_vantage,NATURAL_GAS,benchmark_spot,USD,USD_PER_MMBTU,False
2023-11-16,NATURAL_GAS,NATURAL_GAS,2.91,,,,alpha_vantage,NATURAL_GAS,benchmark_spot,USD,USD_PER_MMBTU,False
2023-11-17,NATURAL_GAS,NATURAL_GAS,2.62,,,,alpha_vantage,NATURAL_GAS,benchmark_spot,USD,USD_PER_MMBTU,False
2023-11-20,NATURAL_GAS,NATURAL_GAS,2.49,,,,alpha_vantage,NATURAL_GAS,benchmark_spot,USD,USD_PER_MMBTU,False
2023-11-21,NATURAL_GAS,NATURAL_GAS,2.63,,,,alpha_vantage,NATURAL_GAS,benchmark_spot,USD,USD_PER_MMBTU,False
2023-11-22,NATURAL_GAS,NATURAL_GAS,2.72,,,,alpha_vantage,NATURAL_GAS,benchmark_spot,USD,USD_PER_MMBTU,False
2023-11-24,NATURAL_GAS,NATURAL_GAS,2.72,,,,alpha_vantage,NATURAL_GAS,benchmark_spot,USD,USD_PER_MMBTU,False
2023-11-27,NATURAL_GAS,NATURAL_GAS,2.74,,,,alpha_vantage,NATURAL_GAS,benchmark_spot,USD,USD_PER_MMBTU,False
2023-11-28,NATURAL_GAS,NATURAL_GAS,2.78,,,,alpha_vantage,NATURAL_GAS,benchmark_spot,USD,USD_PER_MMBTU,False
2023-11-29,NATURAL_GAS,NATURAL_GAS,2.7,,,,alpha_vantage,NATURAL_GAS,benchmark_spot,USD,USD_PER_MMBTU,False
2023-11-30,NATURAL_GAS,NATURAL_GAS,2.75,,,,alpha_vantage,NATURAL_GAS,benchmark_spot,USD,USD_PER_MMBTU,False
2023-12-01,NATURAL_GAS,NATURAL_GAS,2.63,,,,alpha_vantage,NATURAL_GAS,benchmark_spot,USD,USD_PER_MMBTU,False
2023-12-04,NATURAL_GAS,NATURAL_GAS,2.55,,,,alpha_vantage,NATURAL_GAS,benchmark_spot,USD,USD_PER_MMBTU,False
2023-12-05,NATURAL_GAS,NATURAL_GAS,2.72,,,,alpha_vantage,NATURAL_GAS,benchmark_spot,USD,USD_PER_MMBTU,False
2023-12-06,NATURAL_GAS,NATURAL_GAS,2.76,,,,alpha_vantage,NATURAL_GAS,benchmark_spot,USD,USD_PER_MMBTU,False
2023-12-07,NATURAL_GAS,NATURAL_GAS,2.52,,,,alpha_vantage,NATURAL_GAS,benchmark_spot,USD,USD_PER_MMBTU,False
2023-12-08,NATURAL_GAS,NATURAL_GAS,2.57,,,,alpha_vantage,NATURAL_GAS,benchmark_spot,USD,USD_PER_MMBTU,False
2023-12-11,NATURAL_GAS,NATURAL_GAS,2.39,,,,alpha_vantage,NATURAL_GAS,benchmark_spot,USD,USD_PER_MMBTU,False
2023-12-12,NATURAL_GAS,NATURAL_GAS,2.37,,,,alpha_vantage,NATURAL_GAS,benchmark_spot,USD,USD_PER_MMBTU,False
2023-12-13,NATURAL_GAS,NATURAL_GAS,2.33,,,,alpha_vantage,NATURAL_GAS,benchmark_spot,USD,USD_PER_MMBTU,False
2023-12-14,NATURAL_GAS,NATURAL_GAS,2.39,,,,alpha_vantage,NATURAL_GAS,benchmark_spot,USD,USD_PER_MMBTU,False
2023-12-15,NATURAL_GAS,NATURAL_GAS,2.44,,,,alpha_vantage,NATURAL_GAS,benchmark_spot,USD,USD_PER_MMBTU,False
2023-12-18,NATURAL_GAS,NATURAL_GAS,2.59,,,,alpha_vantage,NATURAL_GAS,benchmark_spot,USD,USD_PER_MMBTU,False
2023-12-19,NATURAL_GAS,NATURAL_GAS,2.44,,,,alpha_vantage,NATURAL_GAS,benchmark_spot,USD,USD_PER_MMBTU,False
2023-12-20,NATURAL_GAS,NATURAL_GAS,2.48,,,,alpha_vantage,NATURAL_GAS,benchmark_spot,USD,USD_PER_MMBTU,False
2023-12-21,NATURAL_GAS,NATURAL_GAS,2.48,,,,alpha_vantage,NATURAL_GAS,benchmark_spot,USD,USD_PER_MMBTU,False
2023-12-22,NATURAL_GAS,NATURAL_GAS,2.54,,,,alpha_vantage,NATURAL_GAS,benchmark_spot,USD,USD_PER_MMBTU,False
2023-12-26,NATURAL_GAS,NATURAL_GAS,2.5,,,,alpha_vantage,NATURAL_GAS,benchmark_spot,USD,USD_PER_MMBTU,False
2023-12-27,NATURAL_GAS,NATURAL_GAS,2.63,,,,alpha_vantage,NATURAL_GAS,benchmark_spot,USD,USD_PER_MMBTU,False
2023-12-28,NATURAL_GAS,NATURAL_GAS,2.55,,,,alpha_vantage,NATURAL_GAS,benchmark_spot,USD,USD_PER_MMBTU,False
2023-12-29,NATURAL_GAS,NATURAL_GAS,2.58,,,,alpha_vantage,NATURAL_GAS,benchmark_spot,USD,USD_PER_MMBTU,False
2024-01-02,NATURAL_GAS,NATURAL_GAS,2.56,,,,alpha_vantage,NATURAL_GAS,benchmark_spot,USD,USD_PER_MMBTU,False
2024-01-03,NATURAL_GAS,NATURAL_GAS,2.57,,,,alpha_vantage,NATURAL_GAS,benchmark_spot,USD,USD_PER_MMBTU,False
2024-01-04,NATURAL_GAS,NATURAL_GAS,2.83,,,,alpha_vantage,NATURAL_GAS,benchmark_spot,USD,USD_PER_MMBTU,False
2024-01-05,NATURAL_GAS,NATURAL_GAS,2.75,,,,alpha_vantage,NATURAL_GAS,benchmark_spot,USD,USD_PER_MMBTU,False
2024-01-08,NATURAL_GAS,NATURAL_GAS,2.72,,,,alpha_vantage,NATURAL_GAS,benchmark_spot,USD,USD_PER_MMBTU,False
2024-01-09,NATURAL_GAS,NATURAL_GAS,3.25,,,,alpha_vantage,NATURAL_GAS,benchmark_spot,USD,USD_PER_MMBTU,False
2024-01-10,NATURAL_GAS,NATURAL_GAS,3.25,,,,alpha_vantage,NATURAL_GAS,benchmark_spot,USD,USD_PER_MMBTU,False
2024-01-11,NATURAL_GAS,NATURAL_GAS,3.15,,,,alpha_vantage,NATURAL_GAS,benchmark_spot,USD,USD_PER_MMBTU,False
2024-01-12,NATURAL_GAS,NATURAL_GAS,13.2,,,,alpha_vantage,NATURAL_GAS,benchmark_spot,USD,USD_PER_MMBTU,False
2024-01-16,NATURAL_GAS,NATURAL_GAS,3.25,,,,alpha_vantage,NATURAL_GAS,benchmark_spot,USD,USD_PER_MMBTU,False
2024-01-17,NATURAL_GAS,NATURAL_GAS,2.86,,,,alpha_vantage,NATURAL_GAS,benchmark_spot,USD,USD_PER_MMBTU,False
2024-01-18,NATURAL_GAS,NATURAL_GAS,2.88,,,,alpha_vantage,NATURAL_GAS,benchmark_spot,USD,USD_PER_MMBTU,False
2024-01-19,NATURAL_GAS,NATURAL_GAS,2.7,,,,alpha_vantage,NATURAL_GAS,benchmark_spot,USD,USD_PER_MMBTU,False
2024-01-22,NATURAL_GAS,NATURAL_GAS,2.35,,,,alpha_vantage,NATURAL_GAS,benchmark_spot,USD,USD_PER_MMBTU,False
2024-01-23,NATURAL_GAS,NATURAL_GAS,2.15,,,,alpha_vantage,NATURAL_GAS,benchmark_spot,USD,USD_PER_MMBTU,False
2024-01-24,NATURAL_GAS,NATURAL_GAS,2.45,,,,alpha_vantage,NATURAL_GAS,benchmark_spot,USD,USD_PER_MMBTU,False
2024-01-25,NATURAL_GAS,NATURAL_GAS,2.56,,,,alpha_vantage,NATURAL_GAS,benchmark_spot,USD,USD_PER_MMBTU,False
2024-01-26,NATURAL_GAS,NATURAL_GAS,2.36,,,,alpha_vantage,NATURAL_GAS,benchmark_spot,USD,USD_PER_MMBTU,False
2024-01-29,NATURAL_GAS,NATURAL_GAS,2.41,,,,alpha_vantage,NATURAL_GAS,benchmark_spot,USD,USD_PER_MMBTU,False
2024-01-30,NATURAL_GAS,NATURAL_GAS,2.26,,,,alpha_vantage,NATURAL_GAS,benchmark_spot,USD,USD_PER_MMBTU,False
2024-01-31,NATURAL_GAS,NATURAL_GAS,2.19,,,,alpha_vantage,NATURAL_GAS,benchmark_spot,USD,USD_PER_MMBTU,False
2024-02-01,NATURAL_GAS,NATURAL_GAS,2.15,,,,alpha_vantage,NATURAL_GAS,benchmark_spot,USD,USD_PER_MMBTU,False
2024-02-02,NATURAL_GAS,NATURAL_GAS,2.01,,,,alpha_vantage,NATURAL_GAS,benchmark_spot,USD,USD_PER_MMBTU,False
2024-02-05,NATURAL_GAS,NATURAL_GAS,2.12,,,,alpha_vantage,NATURAL_GAS,benchmark_spot,USD,USD_PER_MMBTU,False
2024-02-06,NATURAL_GAS,NATURAL_GAS,2.1,,,,alpha_vantage,NATURAL_GAS,benchmark_spot,USD,USD_PER_MMBTU,False
2024-02-07,NATURAL_GAS,NATURAL_GAS,1.94,,,,alpha_vantage,NATURAL_GAS,benchmark_spot,USD,USD_PER_MMBTU,False
2024-02-08,NATURAL_GAS,NATURAL_GAS,1.74,,,,alpha_vantage,NATURAL_GAS,benchmark_spot,USD,USD_PER_MMBTU,False
2024-02-09,NATURAL_GAS,NATURAL_GAS,1.74,,,,alpha_vantage,NATURAL_GAS,benchmark_spot,USD,USD_PER_MMBTU,False
2024-02-12,NATURAL_GAS,NATURAL_GAS,1.76,,,,alpha_vantage,NATURAL_GAS,benchmark_spot,USD,USD_PER_MMBTU,False
2024-02-13,NATURAL_GAS,NATURAL_GAS,1.61,,,,alpha_vantage,NATURAL_GAS,benchmark_spot,USD,USD_PER_MMBTU,False
2024-02-14,NATURAL_GAS,NATURAL_GAS,1.51,,,,alpha_vantage,NATURAL_GAS,benchmark_spot,USD,USD_PER_MMBTU,False
2024-02-15,NATURAL_GAS,NATURAL_GAS,1.53,,,,alpha_vantage,NATURAL_GAS,benchmark_spot,USD,USD_PER_MMBTU,False
2024-02-16,NATURAL_GAS,NATURAL_GAS,1.55,,,,alpha_vantage,NATURAL_GAS,benchmark_spot,USD,USD_PER_MMBTU,False
2024-02-20,NATURAL_GAS,NATURAL_GAS,1.5,,,,alpha_vantage,NATURAL_GAS,benchmark_spot,USD,USD_PER_MMBTU,False
2024-02-21,NATURAL_GAS,NATURAL_GAS,1.58,,,,alpha_vantage,NATURAL_GAS,benchmark_spot,USD,USD_PER_MMBTU,False
2024-02-22,NATURAL_GAS,NATURAL_GAS,1.62,,,,alpha_vantage,NATURAL_GAS,benchmark_spot,USD,USD_PER_MMBTU,False
2024-02-23,NATURAL_GAS,NATURAL_GAS,1.52,,,,alpha_vantage,NATURAL_GAS,benchmark_spot,USD,USD_PER_MMBTU,False
2024-02-26,NATURAL_GAS,NATURAL_GAS,1.65,,,,alpha_vantage,NATURAL_GAS,benchmark_spot,USD,USD_PER_MMBTU,False
2024-02-27,NATURAL_GAS,NATURAL_GAS,1.52,,,,alpha_vantage,NATURAL_GAS,benchmark_spot,USD,USD_PER_MMBTU,False
2024-02-28,NATURAL_GAS,NATURAL_GAS,1.61,,,,alpha_vantage,NATURAL_GAS,benchmark_spot,USD,USD_PER_MMBTU,False
2024-02-29,NATURAL_GAS,NATURAL_GAS,1.67,,,,alpha_vantage,NATURAL_GAS,benchmark_spot,USD,USD_PER_MMBTU,False
2024-03-01,NATURAL_GAS,NATURAL_GAS,1.47,,,,alpha_vantage,NATURAL_GAS,benchmark_spot,USD,USD_PER_MMBTU,False
2024-03-04,NATURAL_GAS,NATURAL_GAS,1.48,,,,alpha_vantage,NATURAL_GAS,benchmark_spot,USD,USD_PER_MMBTU,False
2024-03-05,NATURAL_GAS,NATURAL_GAS,1.51,,,,alpha_vantage,NATURAL_GAS,benchmark_spot,USD,USD_PER_MMBTU,False
2024-03-06,NATURAL_GAS,NATURAL_GAS,1.67,,,,alpha_vantage,NATURAL_GAS,benchmark_spot,USD,USD_PER_MMBTU,False
2024-03-07,NATURAL_GAS,NATURAL_GAS,1.56,,,,alpha_vantage,NATURAL_GAS,benchmark_spot,USD,USD_PER_MMBTU,False
2024-03-08,NATURAL_GAS,NATURAL_GAS,1.54,,,,alpha_vantage,NATURAL_GAS,benchmark_spot,USD,USD_PER_MMBTU,False
2024-03-11,NATURAL_GAS,NATURAL_GAS,1.54,,,,alpha_vantage,NATURAL_GAS,benchmark_spot,USD,USD_PER_MMBTU,False
2024-03-12,NATURAL_GAS,NATURAL_GAS,1.57,,,,alpha_vantage,NATURAL_GAS,benchmark_spot,USD,USD_PER_MMBTU,False
2024-03-13,NATURAL_GAS,NATURAL_GAS,1.25,,,,alpha_vantage,NATURAL_GAS,benchmark_spot,USD,USD_PER_MMBTU,False
2024-03-14,NATURAL_GAS,NATURAL_GAS,1.26,,,,alpha_vantage,NATURAL_GAS,benchmark_spot,USD,USD_PER_MMBTU,False
2024-03-15,NATURAL_GAS,NATURAL_GAS,1.38,,,,alpha_vantage,NATURAL_GAS,benchmark_spot,USD,USD_PER_MMBTU,False
2024-03-18,NATURAL_GAS,NATURAL_GAS,1.54,,,,alpha_vantage,NATURAL_GAS,benchmark_spot,USD,USD_PER_MMBTU,False
2024-03-19,NATURAL_GAS,NATURAL_GAS,1.55,,,,alpha_vantage,NATURAL_GAS,benchmark_spot,USD,USD_PER_MMBTU,False
2024-03-20,NATURAL_GAS,NATURAL_GAS,1.58,,,,alpha_vantage,NATURAL_GAS,benchmark_spot,USD,USD_PER_MMBTU,False
2024-03-21,NATURAL_GAS,NATURAL_GAS,1.55,,,,alpha_vantage,NATURAL_GAS,benchmark_spot,USD,USD_PER_MMBTU,False
2024-03-22,NATURAL_GAS,NATURAL_GAS,1.5,,,,alpha_vantage,NATURAL_GAS,benchmark_spot,USD,USD_PER_MMBTU,False
2024-03-25,NATURAL_GAS,NATURAL_GAS,1.46,,,,alpha_vantage,NATURAL_GAS,benchmark_spot,USD,USD_PER_MMBTU,False
2024-03-26,NATURAL_GAS,NATURAL_GAS,1.48,,,,alpha_vantage,NATURAL_GAS,benchmark_spot,USD,USD_PER_MMBTU,False
2024-03-27,NATURAL_GAS,NATURAL_GAS,1.43,,,,alpha_vantage,NATURAL_GAS,benchmark_spot,USD,USD_PER_MMBTU,False
2024-03-28,NATURAL_GAS,NATURAL_GAS,1.54,,,,alpha_vantage,NATURAL_GAS,benchmark_spot,USD,USD_PER_MMBTU,False
2024-04-01,NATURAL_GAS,NATURAL_GAS,1.64,,,,alpha_vantage,NATURAL_GAS,benchmark_spot,USD,USD_PER_MMBTU,False
2024-04-02,NATURAL_GAS,NATURAL_GAS,1.65,,,,alpha_vantage,NATURAL_GAS,benchmark_spot,USD,USD_PER_MMBTU,False
2024-04-03,NATURAL_GAS,NATURAL_GAS,1.86,,,,alpha_vantage,NATURAL_GAS,benchmark_spot,USD,USD_PER_MMBTU,False
2024-04-04,NATURAL_GAS,NATURAL_GAS,1.78,,,,alpha_vantage,NATURAL_GAS,benchmark_spot,USD,USD_PER_MMBTU,False
2024-04-05,NATURAL_GAS,NATURAL_GAS,1.58,,,,alpha_vantage,NATURAL_GAS,benchmark_spot,USD,USD_PER_MMBTU,False
2024-04-08,NATURAL_GAS,NATURAL_GAS,1.73,,,,alpha_vantage,NATURAL_GAS,benchmark_spot,USD,USD_PER_MMBTU,False
2024-04-09,NATURAL_GAS,NATURAL_GAS,1.83,,,,alpha_vantage,NATURAL_GAS,benchmark_spot,USD,USD_PER_MMBTU,False
2024-04-10,NATURAL_GAS,NATURAL_GAS,1.9,,,,alpha_vantage,NATURAL_GAS,benchmark_spot,USD,USD_PER_MMBTU,False
2024-04-11,NATURAL_GAS,NATURAL_GAS,1.62,,,,alpha_vantage,NATURAL_GAS,benchmark_spot,USD,USD_PER_MMBTU,False
2024-04-12,NATURAL_GAS,NATURAL_GAS,1.36,,,,alpha_vantage,NATURAL_GAS,benchmark_spot,USD,USD_PER_MMBTU,False
2024-04-15,NATURAL_GAS,NATURAL_GAS,1.41,,,,alpha_vantage,NATURAL_GAS,benchmark_spot,USD,USD_PER_MMBTU,False
2024-04-16,NATURAL_GAS,NATURAL_GAS,1.38,,,,alpha_vantage,NATURAL_GAS,benchmark_spot,USD,USD_PER_MMBTU,False
2024-04-17,NATURAL_GAS,NATURAL_GAS,1.5,,,,alpha_vantage,NATURAL_GAS,benchmark_spot,USD,USD_PER_MMBTU,False
2024-04-18,NATURAL_GAS,NATURAL_GAS,1.59,,,,alpha_vantage,NATURAL_GAS,benchmark_spot,USD,USD_PER_MMBTU,False
2024-04-19,NATURAL_GAS,NATURAL_GAS,1.43,,,,alpha_vantage,NATURAL_GAS,benchmark_spot,USD,USD_PER_MMBTU,False
2024-04-22,NATURAL_GAS,NATURAL_GAS,1.64,,,,alpha_vantage,NATURAL_GAS,benchmark_spot,USD,USD_PER_MMBTU,False
2024-04-23,NATURAL_GAS,NATURAL_GAS,1.59,,,,alpha_vantage,NATURAL_GAS,benchmark_spot,USD,USD_PER_MMBTU,False
2024-04-24,NATURAL_GAS,NATURAL_GAS,1.6,,,,alpha_vantage,NATURAL_GAS,benchmark_spot,USD,USD_PER_MMBTU,False
2024-04-25,NATURAL_GAS,NATURAL_GAS,1.46,,,,alpha_vantage,NATURAL_GAS,benchmark_spot,USD,USD_PER_MMBTU,False
2024-04-26,NATURAL_GAS,NATURAL_GAS,1.4,,,,alpha_vantage,NATURAL_GAS,benchmark_spot,USD,USD_PER_MMBTU,False
2024-04-29,NATURAL_GAS,NATURAL_GAS,1.55,,,,alpha_vantage,NATURAL_GAS,benchmark_spot,USD,USD_PER_MMBTU,False
2024-04-30,NATURAL_GAS,NATURAL_GAS,1.68,,,,alpha_vantage,NATURAL_GAS,benchmark_spot,USD,USD_PER_MMBTU,False
2024-05-01,NATURAL_GAS,NATURAL_GAS,1.63,,,,alpha_vantage,NATURAL_GAS,benchmark_spot,USD,USD_PER_MMBTU,False
2024-05-02,NATURAL_GAS,NATURAL_GAS,1.66,,,,alpha_vantage,NATURAL_GAS,benchmark_spot,USD,USD_PER_MMBTU,False
2024-05-03,NATURAL_GAS,NATURAL_GAS,1.67,,,,alpha_vantage,NATURAL_GAS,benchmark_spot,USD,USD_PER_MMBTU,False
2024-05-06,NATURAL_GAS,NATURAL_GAS,1.88,,,,alpha_vantage,NATURAL_GAS,benchmark_spot,USD,USD_PER_MMBTU,False
2024-05-07,NATURAL_GAS,NATURAL_GAS,1.95,,,,alpha_vantage,NATURAL_GAS,benchmark_spot,USD,USD_PER_MMBTU,False
2024-05-08,NATURAL_GAS,NATURAL_GAS,2.01,,,,alpha_vantage,NATURAL_GAS,benchmark_spot,USD,USD_PER_MMBTU,False
2024-05-09,NATURAL_GAS,NATURAL_GAS,2.03,,,,alpha_vantage,NATURAL_GAS,benchmark_spot,USD,USD_PER_MMBTU,False
2024-05-10,NATURAL_GAS,NATURAL_GAS,2.14,,,,alpha_vantage,NATURAL_GAS,benchmark_spot,USD,USD_PER_MMBTU,False
2024-05-13,NATURAL_GAS,NATURAL_GAS,2.11,,,,alpha_vantage,NATURAL_GAS,benchmark_spot,USD,USD_PER_MMBTU,False
2024-05-14,NATURAL_GAS,NATURAL_GAS,2.14,,,,alpha_vantage,NATURAL_GAS,benchmark_spot,USD,USD_PER_MMBTU,False
2024-05-15,NATURAL_GAS,NATURAL_GAS,2.12,,,,alpha_vantage,NATURAL_GAS,benchmark_spot,USD,USD_PER_MMBTU,False
2024-05-16,NATURAL_GAS,NATURAL_GAS,2.32,,,,alpha_vantage,NATURAL_GAS,benchmark_spot,USD,USD_PER_MMBTU,False
2024-05-17,NATURAL_GAS,NATURAL_GAS,2.44,,,,alpha_vantage,NATURAL_GAS,benchmark_spot,USD,USD_PER_MMBTU,False
2024-05-20,NATURAL_GAS,NATURAL_GAS,2.52,,,,alpha_vantage,NATURAL_GAS,benchmark_spot,USD,USD_PER_MMBTU,False
2024-05-21,NATURAL_GAS,NATURAL_GAS,2.52,,,,alpha_vantage,NATURAL_GAS,benchmark_spot,USD,USD_PER_MMBTU,False
2024-05-22,NATURAL_GAS,NATURAL_GAS,2.51,,,,alpha_vantage,NATURAL_GAS,benchmark_spot,USD,USD_PER_MMBTU,False
2024-05-23,NATURAL_GAS,NATURAL_GAS,2.64,,,,alpha_vantage,NATURAL_GAS,benchmark_spot,USD,USD_PER_MMBTU,False
2024-05-24,NATURAL_GAS,NATURAL_GAS,2.22,,,,alpha_vantage,NATURAL_GAS,benchmark_spot,USD,USD_PER_MMBTU,False
2024-05-28,NATURAL_GAS,NATURAL_GAS,2.29,,,,alpha_vantage,NATURAL_GAS,benchmark_spot,USD,USD_PER_MMBTU,False
2024-05-29,NATURAL_GAS,NATURAL_GAS,2.2,,,,alpha_vantage,NATURAL_GAS,benchmark_spot,USD,USD_PER_MMBTU,False
2024-05-30,NATURAL_GAS,NATURAL_GAS,1.87,,,,alpha_vantage,NATURAL_GAS,benchmark_spot,USD,USD_PER_MMBTU,False
2024-05-31,NATURAL_GAS,NATURAL_GAS,1.78,,,,alpha_vantage,NATURAL_GAS,benchmark_spot,USD,USD_PER_MMBTU,False
2024-06-03,NATURAL_GAS,NATURAL_GAS,2.55,,,,alpha_vantage,NATURAL_GAS,benchmark_spot,USD,USD_PER_MMBTU,False
2024-06-04,NATURAL_GAS,NATURAL_GAS,2.58,,,,alpha_vantage,NATURAL_GAS,benchmark_spot,USD,USD_PER_MMBTU,False
2024-06-05,NATURAL_GAS,NATURAL_GAS,2.27,,,,alpha_vantage,NATURAL_GAS,benchmark_spot,USD,USD_PER_MMBTU,False
2024-06-06,NATURAL_GAS,NATURAL_GAS,2.3,,,,alpha_vantage,NATURAL_GAS,benchmark_spot,USD,USD_PER_MMBTU,False
2024-06-07,NATURAL_GAS,NATURAL_GAS,2.46,,,,alpha_vantage,NATURAL_GAS,benchmark_spot,USD,USD_PER_MMBTU,False
2024-06-10,NATURAL_GAS,NATURAL_GAS,2.61,,,,alpha_vantage,NATURAL_GAS,benchmark_spot,USD,USD_PER_MMBTU,False
2024-06-11,NATURAL_GAS,NATURAL_GAS,2.71,,,,alpha_vantage,NATURAL_GAS,benchmark_spot,USD,USD_PER_MMBTU,False
2024-06-12,NATURAL_GAS,NATURAL_GAS,2.8,,,,alpha_vantage,NATURAL_GAS,benchmark_spot,USD,USD_PER_MMBTU,False
2024-06-13,NATURAL_GAS,NATURAL_GAS,2.79,,,,alpha_vantage,NATURAL_GAS,benchmark_spot,USD,USD_PER_MMBTU,False
2024-06-14,NATURAL_GAS,NATURAL_GAS,2.74,,,,alpha_vantage,NATURAL_GAS,benchmark_spot,USD,USD_PER_MMBTU,False
2024-06-17,NATURAL_GAS,NATURAL_GAS,2.5,,,,alpha_vantage,NATURAL_GAS,benchmark_spot,USD,USD_PER_MMBTU,False
2024-06-18,NATURAL_GAS,NATURAL_GAS,2.43,,,,alpha_vantage,NATURAL_GAS,benchmark_spot,USD,USD_PER_MMBTU,False
2024-06-20,NATURAL_GAS,NATURAL_GAS,2.39,,,,alpha_vantage,NATURAL_GAS,benchmark_spot,USD,USD_PER_MMBTU,False
2024-06-21,NATURAL_GAS,NATURAL_GAS,2.44,,,,alpha_vantage,NATURAL_GAS,benchmark_spot,USD,USD_PER_MMBTU,False
2024-06-24,NATURAL_GAS,NATURAL_GAS,2.58,,,,alpha_vantage,NATURAL_GAS,benchmark_spot,USD,USD_PER_MMBTU,False
2024-06-25,NATURAL_GAS,NATURAL_GAS,2.61,,,,alpha_vantage,NATURAL_GAS,benchmark_spot,USD,USD_PER_MMBTU,False
2024-06-26,NATURAL_GAS,NATURAL_GAS,2.45,,,,alpha_vantage,NATURAL_GAS,benchmark_spot,USD,USD_PER_MMBTU,False
2024-06-27,NATURAL_GAS,NATURAL_GAS,2.55,,,,alpha_vantage,NATURAL_GAS,benchmark_spot,USD,USD_PER_MMBTU,False
2024-06-28,NATURAL_GAS,NATURAL_GAS,2.42,,,,alpha_vantage,NATURAL_GAS,benchmark_spot,USD,USD_PER_MMBTU,False
2024-07-01,NATURAL_GAS,NATURAL_GAS,2.21,,,,alpha_vantage,NATURAL_GAS,benchmark_spot,USD,USD_PER_MMBTU,False
2024-07-02,NATURAL_GAS,NATURAL_GAS,2.06,,,,alpha_vantage,NATURAL_GAS,benchmark_spot,USD,USD_PER_MMBTU,False
2024-07-03,NATURAL_GAS,NATURAL_GAS,2.02,,,,alpha_vantage,NATURAL_GAS,benchmark_spot,USD,USD_PER_MMBTU,False
2024-07-05,NATURAL_GAS,NATURAL_GAS,2.02,,,,alpha_vantage,NATURAL_GAS,benchmark_spot,USD,USD_PER_MMBTU,False
2024-07-08,NATURAL_GAS,NATURAL_GAS,2.1,,,,alpha_vantage,NATURAL_GAS,benchmark_spot,USD,USD_PER_MMBTU,False
2024-07-09,NATURAL_GAS,NATURAL_GAS,2.42,,,,alpha_vantage,NATURAL_GAS,benchmark_spot,USD,USD_PER_MMBTU,False
2024-07-10,NATURAL_GAS,NATURAL_GAS,2.4,,,,alpha_vantage,NATURAL_GAS,benchmark_spot,USD,USD_PER_MMBTU,False
2024-07-11,NATURAL_GAS,NATURAL_GAS,2.23,,,,alpha_vantage,NATURAL_GAS,benchmark_spot,USD,USD_PER_MMBTU,False
2024-07-12,NATURAL_GAS,NATURAL_GAS,2.17,,,,alpha_vantage,NATURAL_GAS,benchmark_spot,USD,USD_PER_MMBTU,False
2024-07-15,NATURAL_GAS,NATURAL_GAS,2.12,,,,alpha_vantage,NATURAL_GAS,benchmark_spot,USD,USD_PER_MMBTU,False
2024-07-16,NATURAL_GAS,NATURAL_GAS,2.1,,,,alpha_vantage,NATURAL_GAS,benchmark_spot,USD,USD_PER_MMBTU,False
2024-07-17,NATURAL_GAS,NATURAL_GAS,1.98,,,,alpha_vantage,NATURAL_GAS,benchmark_spot,USD,USD_PER_MMBTU,False
2024-07-18,NATURAL_GAS,NATURAL_GAS,2.0,,,,alpha_vantage,NATURAL_GAS,benchmark_spot,USD,USD_PER_MMBTU,False
2024-07-19,NATURAL_GAS,NATURAL_GAS,1.88,,,,alpha_vantage,NATURAL_GAS,benchmark_spot,USD,USD_PER_MMBTU,False
2024-07-22,NATURAL_GAS,NATURAL_GAS,2.19,,,,alpha_vantage,NATURAL_GAS,benchmark_spot,USD,USD_PER_MMBTU,False
2024-07-23,NATURAL_GAS,NATURAL_GAS,2.13,,,,alpha_vantage,NATURAL_GAS,benchmark_spot,USD,USD_PER_MMBTU,False
2024-07-24,NATURAL_GAS,NATURAL_GAS,2.0,,,,alpha_vantage,NATURAL_GAS,benchmark_spot,USD,USD_PER_MMBTU,False
2024-07-25,NATURAL_GAS,NATURAL_GAS,2.0,,,,alpha_vantage,NATURAL_GAS,benchmark_spot,USD,USD_PER_MMBTU,False
2024-07-26,NATURAL_GAS,NATURAL_GAS,1.98,,,,alpha_vantage,NATURAL_GAS,benchmark_spot,USD,USD_PER_MMBTU,False
2024-07-29,NATURAL_GAS,NATURAL_GAS,1.9,,,,alpha_vantage,NATURAL_GAS,benchmark_spot,USD,USD_PER_MMBTU,False
2024-07-30,NATURAL_GAS,NATURAL_GAS,1.81,,,,alpha_vantage,NATURAL_GAS,benchmark_spot,USD,USD_PER_MMBTU,False
2024-07-31,NATURAL_GAS,NATURAL_GAS,1.94,,,,alpha_vantage,NATURAL_GAS,benchmark_spot,USD,USD_PER_MMBTU,False
2024-08-01,NATURAL_GAS,NATURAL_GAS,1.95,,,,alpha_vantage,NATURAL_GAS,benchmark_spot,USD,USD_PER_MMBTU,False
2024-08-02,NATURAL_GAS,NATURAL_GAS,1.89,,,,alpha_vantage,NATURAL_GAS,benchmark_spot,USD,USD_PER_MMBTU,False
2024-08-05,NATURAL_GAS,NATURAL_GAS,1.83,,,,alpha_vantage,NATURAL_GAS,benchmark_spot,USD,USD_PER_MMBTU,False
2024-08-06,NATURAL_GAS,NATURAL_GAS,1.83,,,,alpha_vantage,NATURAL_GAS,benchmark_spot,USD,USD_PER_MMBTU,False
2024-08-07,NATURAL_GAS,NATURAL_GAS,1.96,,,,alpha_vantage,NATURAL_GAS,benchmark_spot,USD,USD_PER_MMBTU,False
2024-08-08,NATURAL_GAS,NATURAL_GAS,1.85,,,,alpha_vantage,NATURAL_GAS,benchmark_spot,USD,USD_PER_MMBTU,False
2024-08-09,NATURAL_GAS,NATURAL_GAS,1.94,,,,alpha_vantage,NATURAL_GAS,benchmark_spot,USD,USD_PER_MMBTU,False
2024-08-12,NATURAL_GAS,NATURAL_GAS,2.1,,,,alpha_vantage,NATURAL_GAS,benchmark_spot,USD,USD_PER_MMBTU,False
2024-08-13,NATURAL_GAS,NATURAL_GAS,2.16,,,,alpha_vantage,NATURAL_GAS,benchmark_spot,USD,USD_PER_MMBTU,False
2024-08-14,NATURAL_GAS,NATURAL_GAS,2.18,,,,alpha_vantage,NATURAL_GAS,benchmark_spot,USD,USD_PER_MMBTU,False
2024-08-15,NATURAL_GAS,NATURAL_GAS,2.19,,,,alpha_vantage,NATURAL_GAS,benchmark_spot,USD,USD_PER_MMBTU,False
2024-08-16,NATURAL_GAS,NATURAL_GAS,2.01,,,,alpha_vantage,NATURAL_GAS,benchmark_spot,USD,USD_PER_MMBTU,False
2024-08-19,NATURAL_GAS,NATURAL_GAS,2.12,,,,alpha_vantage,NATURAL_GAS,benchmark_spot,USD,USD_PER_MMBTU,False
2024-08-20,NATURAL_GAS,NATURAL_GAS,2.18,,,,alpha_vantage,NATURAL_GAS,benchmark_spot,USD,USD_PER_MMBTU,False
2024-08-21,NATURAL_GAS,NATURAL_GAS,2.14,,,,alpha_vantage,NATURAL_GAS,benchmark_spot,USD,USD_PER_MMBTU,False
2024-08-22,NATURAL_GAS,NATURAL_GAS,1.93,,,,alpha_vantage,NATURAL_GAS,benchmark_spot,USD,USD_PER_MMBTU,False
2024-08-23,NATURAL_GAS,NATURAL_GAS,1.82,,,,alpha_vantage,NATURAL_GAS,benchmark_spot,USD,USD_PER_MMBTU,False
2024-08-26,NATURAL_GAS,NATURAL_GAS,2.13,,,,alpha_vantage,NATURAL_GAS,benchmark_spot,USD,USD_PER_MMBTU,False
2024-08-27,NATURAL_GAS,NATURAL_GAS,1.91,,,,alpha_vantage,NATURAL_GAS,benchmark_spot,USD,USD_PER_MMBTU,False
2024-08-28,NATURAL_GAS,NATURAL_GAS,1.89,,,,alpha_vantage,NATURAL_GAS,benchmark_spot,USD,USD_PER_MMBTU,False
2024-08-29,NATURAL_GAS,NATURAL_GAS,1.85,,,,alpha_vantage,NATURAL_GAS,benchmark_spot,USD,USD_PER_MMBTU,False
2024-08-30,NATURAL_GAS,NATURAL_GAS,1.93,,,,alpha_vantage,NATURAL_GAS,benchmark_spot,USD,USD_PER_MMBTU,False
2024-09-03,NATURAL_GAS,NATURAL_GAS,1.93,,,,alpha_vantage,NATURAL_GAS,benchmark_spot,USD,USD_PER_MMBTU,False
2024-09-04,NATURAL_GAS,NATURAL_GAS,2.05,,,,alpha_vantage,NATURAL_GAS,benchmark_spot,USD,USD_PER_MMBTU,False
2024-09-05,NATURAL_GAS,NATURAL_GAS,2.02,,,,alpha_vantage,NATURAL_GAS,benchmark_spot,USD,USD_PER_MMBTU,False
2024-09-06,NATURAL_GAS,NATURAL_GAS,2.09,,,,alpha_vantage,NATURAL_GAS,benchmark_spot,USD,USD_PER_MMBTU,False
2024-09-09,NATURAL_GAS,NATURAL_GAS,2.03,,,,alpha_vantage,NATURAL_GAS,benchmark_spot,USD,USD_PER_MMBTU,False
2024-09-10,NATURAL_GAS,NATURAL_GAS,2.13,,,,alpha_vantage,NATURAL_GAS,benchmark_spot,USD,USD_PER_MMBTU,False
2024-09-11,NATURAL_GAS,NATURAL_GAS,2.13,,,,alpha_vantage,NATURAL_GAS,benchmark_spot,USD,USD_PER_MMBTU,False
2024-09-12,NATURAL_GAS,NATURAL_GAS,2.13,,,,alpha_vantage,NATURAL_GAS,benchmark_spot,USD,USD_PER_MMBTU,False
2024-09-13,NATURAL_GAS,NATURAL_GAS,2.25,,,,alpha_vantage,NATURAL_GAS,benchmark_spot,USD,USD_PER_MMBTU,False
2024-09-16,NATURAL_GAS,NATURAL_GAS,2.23,,,,alpha_vantage,NATURAL_GAS,benchmark_spot,USD,USD_PER_MMBTU,False
2024-09-17,NATURAL_GAS,NATURAL_GAS,2.33,,,,alpha_vantage,NATURAL_GAS,benchmark_spot,USD,USD_PER_MMBTU,False
2024-09-18,NATURAL_GAS,NATURAL_GAS,2.31,,,,alpha_vantage,NATURAL_GAS,benchmark_spot,USD,USD_PER_MMBTU,False
2024-09-19,NATURAL_GAS,NATURAL_GAS,2.24,,,,alpha_vantage,NATURAL_GAS,benchmark_spot,USD,USD_PER_MMBTU,False
2024-09-20,NATURAL_GAS,NATURAL_GAS,2.2,,,,alpha_vantage,NATURAL_GAS,benchmark_spot,USD,USD_PER_MMBTU,False
2024-09-23,NATURAL_GAS,NATURAL_GAS,2.4,,,,alpha_vantage,NATURAL_GAS,benchmark_spot,USD,USD_PER_MMBTU,False
2024-09-24,NATURAL_GAS,NATURAL_GAS,2.61,,,,alpha_vantage,NATURAL_GAS,benchmark_spot,USD,USD_PER_MMBTU,False
2024-09-25,NATURAL_GAS,NATURAL_GAS,2.62,,,,alpha_vantage,NATURAL_GAS,benchmark_spot,USD,USD_PER_MMBTU,False
2024-09-26,NATURAL_GAS,NATURAL_GAS,2.64,,,,alpha_vantage,NATURAL_GAS,benchmark_spot,USD,USD_PER_MMBTU,False
2024-09-27,NATURAL_GAS,NATURAL_GAS,2.53,,,,alpha_vantage,NATURAL_GAS,benchmark_spot,USD,USD_PER_MMBTU,False
2024-09-30,NATURAL_GAS,NATURAL_GAS,2.65,,,,alpha_vantage,NATURAL_GAS,benchmark_spot,USD,USD_PER_MMBTU,False
2024-10-01,NATURAL_GAS,NATURAL_GAS,2.67,,,,alpha_vantage,NATURAL_GAS,benchmark_spot,USD,USD_PER_MMBTU,False
2024-10-02,NATURAL_GAS,NATURAL_GAS,2.77,,,,alpha_vantage,NATURAL_GAS,benchmark_spot,USD,USD_PER_MMBTU,False
2024-10-03,NATURAL_GAS,NATURAL_GAS,2.75,,,,alpha_vantage,NATURAL_GAS,benchmark_spot,USD,USD_PER_MMBTU,False
2024-10-04,NATURAL_GAS,NATURAL_GAS,2.49,,,,alpha_vantage,NATURAL_GAS,benchmark_spot,USD,USD_PER_MMBTU,False
2024-10-07,NATURAL_GAS,NATURAL_GAS,2.51,,,,alpha_vantage,NATURAL_GAS,benchmark_spot,USD,USD_PER_MMBTU,False
2024-10-08,NATURAL_GAS,NATURAL_GAS,2.51,,,,alpha_vantage,NATURAL_GAS,benchmark_spot,USD,USD_PER_MMBTU,False
2024-10-09,NATURAL_GAS,NATURAL_GAS,2.43,,,,alpha_vantage,NATURAL_GAS,benchmark_spot,USD,USD_PER_MMBTU,False
2024-10-10,NATURAL_GAS,NATURAL_GAS,2.26,,,,alpha_vantage,NATURAL_GAS,benchmark_spot,USD,USD_PER_MMBTU,False
2024-10-11,NATURAL_GAS,NATURAL_GAS,2.31,,,,alpha_vantage,NATURAL_GAS,benchmark_spot,USD,USD_PER_MMBTU,False
2024-10-15,NATURAL_GAS,NATURAL_GAS,2.37,,,,alpha_vantage,NATURAL_GAS,benchmark_spot,USD,USD_PER_MMBTU,False
2024-10-16,NATURAL_GAS,NATURAL_GAS,2.21,,,,alpha_vantage,NATURAL_GAS,benchmark_spot,USD,USD_PER_MMBTU,False
2024-10-17,NATURAL_GAS,NATURAL_GAS,2.19,,,,alpha_vantage,NATURAL_GAS,benchmark_spot,USD,USD_PER_MMBTU,False
2024-10-18,NATURAL_GAS,NATURAL_GAS,1.82,,,,alpha_vantage,NATURAL_GAS,benchmark_spot,USD,USD_PER_MMBTU,False
2024-10-21,NATURAL_GAS,NATURAL_GAS,1.76,,,,alpha_vantage,NATURAL_GAS,benchmark_spot,USD,USD_PER_MMBTU,False
2024-10-22,NATURAL_GAS,NATURAL_GAS,1.76,,,,alpha_vantage,NATURAL_GAS,benchmark_spot,USD,USD_PER_MMBTU,False
2024-10-23,NATURAL_GAS,NATURAL_GAS,1.9,,,,alpha_vantage,NATURAL_GAS,benchmark_spot,USD,USD_PER_MMBTU,False
2024-10-24,NATURAL_GAS,NATURAL_GAS,2.04,,,,alpha_vantage,NATURAL_GAS,benchmark_spot,USD,USD_PER_MMBTU,False
2024-10-25,NATURAL_GAS,NATURAL_GAS,1.93,,,,alpha_vantage,NATURAL_GAS,benchmark_spot,USD,USD_PER_MMBTU,False
2024-10-28,NATURAL_GAS,NATURAL_GAS,2.03,,,,alpha_vantage,NATURAL_GAS,benchmark_spot,USD,USD_PER_MMBTU,False
2024-10-29,NATURAL_GAS,NATURAL_GAS,1.82,,,,alpha_vantage,NATURAL_GAS,benchmark_spot,USD,USD_PER_MMBTU,False
2024-10-30,NATURAL_GAS,NATURAL_GAS,2.03,,,,alpha_vantage,NATURAL_GAS,benchmark_spot,USD,USD_PER_MMBTU,False
2024-10-31,NATURAL_GAS,NATURAL_GAS,1.82,,,,alpha_vantage,NATURAL_GAS,benchmark_spot,USD,USD_PER_MMBTU,False
2024-11-01,NATURAL_GAS,NATURAL_GAS,1.42,,,,alpha_vantage,NATURAL_GAS,benchmark_spot,USD,USD_PER_MMBTU,False
2024-11-04,NATURAL_GAS,NATURAL_GAS,1.35,,,,alpha_vantage,NATURAL_GAS,benchmark_spot,USD,USD_PER_MMBTU,False
2024-11-05,NATURAL_GAS,NATURAL_GAS,1.62,,,,alpha_vantage,NATURAL_GAS,benchmark_spot,USD,USD_PER_MMBTU,False
2024-11-06,NATURAL_GAS,NATURAL_GAS,1.8,,,,alpha_vantage,NATURAL_GAS,benchmark_spot,USD,USD_PER_MMBTU,False
2024-11-07,NATURAL_GAS,NATURAL_GAS,1.49,,,,alpha_vantage,NATURAL_GAS,benchmark_spot,USD,USD_PER_MMBTU,False
2024-11-08,NATURAL_GAS,NATURAL_GAS,1.21,,,,alpha_vantage,NATURAL_GAS,benchmark_spot,USD,USD_PER_MMBTU,False
2024-11-11,NATURAL_GAS,NATURAL_GAS,1.21,,,,alpha_vantage,NATURAL_GAS,benchmark_spot,USD,USD_PER_MMBTU,False
2024-11-12,NATURAL_GAS,NATURAL_GAS,1.92,,,,alpha_vantage,NATURAL_GAS,benchmark_spot,USD,USD_PER_MMBTU,False
2024-11-13,NATURAL_GAS,NATURAL_GAS,2.06,,,,alpha_vantage,NATURAL_GAS,benchmark_spot,USD,USD_PER_MMBTU,False
2024-11-14,NATURAL_GAS,NATURAL_GAS,2.11,,,,alpha_vantage,NATURAL_GAS,benchmark_spot,USD,USD_PER_MMBTU,False
2024-11-15,NATURAL_GAS,NATURAL_GAS,1.65,,,,alpha_vantage,NATURAL_GAS,benchmark_spot,USD,USD_PER_MMBTU,False
2024-11-18,NATURAL_GAS,NATURAL_GAS,2.08,,,,alpha_vantage,NATURAL_GAS,benchmark_spot,USD,USD_PER_MMBTU,False
2024-11-19,NATURAL_GAS,NATURAL_GAS,2.1,,,,alpha_vantage,NATURAL_GAS,benchmark_spot,USD,USD_PER_MMBTU,False
2024-11-20,NATURAL_GAS,NATURAL_GAS,2.32,,,,alpha_vantage,NATURAL_GAS,benchmark_spot,USD,USD_PER_MMBTU,False
2024-11-21,NATURAL_GAS,NATURAL_GAS,2.84,,,,alpha_vantage,NATURAL_GAS,benchmark_spot,USD,USD_PER_MMBTU,False
2024-11-22,NATURAL_GAS,NATURAL_GAS,2.41,,,,alpha_vantage,NATURAL_GAS,benchmark_spot,USD,USD_PER_MMBTU,False
2024-11-25,NATURAL_GAS,NATURAL_GAS,2.78,,,,alpha_vantage,NATURAL_GAS,benchmark_spot,USD,USD_PER_MMBTU,False
2024-11-26,NATURAL_GAS,NATURAL_GAS,3.19,,,,alpha_vantage,NATURAL_GAS,benchmark_spot,USD,USD_PER_MMBTU,False
2024-11-27,NATURAL_GAS,NATURAL_GAS,3.39,,,,alpha_vantage,NATURAL_GAS,benchmark_spot,USD,USD_PER_MMBTU,False
2024-11-29,NATURAL_GAS,NATURAL_GAS,3.39,,,,alpha_vantage,NATURAL_GAS,benchmark_spot,USD,USD_PER_MMBTU,False
2024-12-02,NATURAL_GAS,NATURAL_GAS,3.05,,,,alpha_vantage,NATURAL_GAS,benchmark_spot,USD,USD_PER_MMBTU,False
2024-12-03,NATURAL_GAS,NATURAL_GAS,2.94,,,,alpha_vantage,NATURAL_GAS,benchmark_spot,USD,USD_PER_MMBTU,False
2024-12-04,NATURAL_GAS,NATURAL_GAS,2.75,,,,alpha_vantage,NATURAL_GAS,benchmark_spot,USD,USD_PER_MMBTU,False
2024-12-05,NATURAL_GAS,NATURAL_GAS,2.95,,,,alpha_vantage,NATURAL_GAS,benchmark_spot,USD,USD_PER_MMBTU,False
2024-12-06,NATURAL_GAS,NATURAL_GAS,2.83,,,,alpha_vantage,NATURAL_GAS,benchmark_spot,USD,USD_PER_MMBTU,False
2024-12-09,NATURAL_GAS,NATURAL_GAS,3.05,,,,alpha_vantage,NATURAL_GAS,benchmark_spot,USD,USD_PER_MMBTU,False
2024-12-10,NATURAL_GAS,NATURAL_GAS,2.9,,,,alpha_vantage,NATURAL_GAS,benchmark_spot,USD,USD_PER_MMBTU,False
2024-12-11,NATURAL_GAS,NATURAL_GAS,2.9,,,,alpha_vantage,NATURAL_GAS,benchmark_spot,USD,USD_PER_MMBTU,False
2024-12-12,NATURAL_GAS,NATURAL_GAS,3.12,,,,alpha_vantage,NATURAL_GAS,benchmark_spot,USD,USD_PER_MMBTU,False
2024-12-13,NATURAL_GAS,NATURAL_GAS,3.15,,,,alpha_vantage,NATURAL_GAS,benchmark_spot,USD,USD_PER_MMBTU,False
2024-12-16,NATURAL_GAS,NATURAL_GAS,2.87,,,,alpha_vantage,NATURAL_GAS,benchmark_spot,USD,USD_PER_MMBTU,False
2024-12-17,NATURAL_GAS,NATURAL_GAS,2.85,,,,alpha_vantage,NATURAL_GAS,benchmark_spot,USD,USD_PER_MMBTU,False
2024-12-18,NATURAL_GAS,NATURAL_GAS,3.01,,,,alpha_vantage,NATURAL_GAS,benchmark_spot,USD,USD_PER_MMBTU,False
2024-12-19,NATURAL_GAS,NATURAL_GAS,3.15,,,,alpha_vantage,NATURAL_GAS,benchmark_spot,USD,USD_PER_MMBTU,False
2024-12-20,NATURAL_GAS,NATURAL_GAS,3.1,,,,alpha_vantage,NATURAL_GAS,benchmark_spot,USD,USD_PER_MMBTU,False
2024-12-23,NATURAL_GAS,NATURAL_GAS,2.89,,,,alpha_vantage,NATURAL_GAS,benchmark_spot,USD,USD_PER_MMBTU,False
2024-12-24,NATURAL_GAS,NATURAL_GAS,2.95,,,,alpha_vantage,NATURAL_GAS,benchmark_spot,USD,USD_PER_MMBTU,False
2024-12-26,NATURAL_GAS,NATURAL_GAS,2.96,,,,alpha_vantage,NATURAL_GAS,benchmark_spot,USD,USD_PER_MMBTU,False
2024-12-27,NATURAL_GAS,NATURAL_GAS,2.91,,,,alpha_vantage,NATURAL_GAS,benchmark_spot,USD,USD_PER_MMBTU,False
2024-12-30,NATURAL_GAS,NATURAL_GAS,3.39,,,,alpha_vantage,NATURAL_GAS,benchmark_spot,USD,USD_PER_MMBTU,False
2024-12-31,NATURAL_GAS,NATURAL_GAS,3.4,,,,alpha_vantage,NATURAL_GAS,benchmark_spot,USD,USD_PER_MMBTU,False
2025-01-02,NATURAL_GAS,NATURAL_GAS,3.65,,,,alpha_vantage,NATURAL_GAS,benchmark_spot,USD,USD_PER_MMBTU,False
2025-01-03,NATURAL_GAS,NATURAL_GAS,3.4,,,,alpha_vantage,NATURAL_GAS,benchmark_spot,USD,USD_PER_MMBTU,False
2025-01-06,NATURAL_GAS,NATURAL_GAS,4.05,,,,alpha_vantage,NATURAL_GAS,benchmark_spot,USD,USD_PER_MMBTU,False
2025-01-07,NATURAL_GAS,NATURAL_GAS,3.8,,,,alpha_vantage,NATURAL_GAS,benchmark_spot,USD,USD_PER_MMBTU,False
2025-01-08,NATURAL_GAS,NATURAL_GAS,3.75,,,,alpha_vantage,NATURAL_GAS,benchmark_spot,USD,USD_PER_MMBTU,False
2025-01-09,NATURAL_GAS,NATURAL_GAS,3.94,,,,alpha_vantage,NATURAL_GAS,benchmark_spot,USD,USD_PER_MMBTU,False
2025-01-10,NATURAL_GAS,NATURAL_GAS,4.13,,,,alpha_vantage,NATURAL_GAS,benchmark_spot,USD,USD_PER_MMBTU,False
2025-01-13,NATURAL_GAS,NATURAL_GAS,4.4,,,,alpha_vantage,NATURAL_GAS,benchmark_spot,USD,USD_PER_MMBTU,False
2025-01-14,NATURAL_GAS,NATURAL_GAS,4.32,,,,alpha_vantage,NATURAL_GAS,benchmark_spot,USD,USD_PER_MMBTU,False
2025-01-15,NATURAL_GAS,NATURAL_GAS,4.45,,,,alpha_vantage,NATURAL_GAS,benchmark_spot,USD,USD_PER_MMBTU,False
2025-01-16,NATURAL_GAS,NATURAL_GAS,4.3,,,,alpha_vantage,NATURAL_GAS,benchmark_spot,USD,USD_PER_MMBTU,False
2025-01-17,NATURAL_GAS,NATURAL_GAS,9.86,,,,alpha_vantage,NATURAL_GAS,benchmark_spot,USD,USD_PER_MMBTU,False
2025-01-21,NATURAL_GAS,NATURAL_GAS,4.4,,,,alpha_vantage,NATURAL_GAS,benchmark_spot,USD,USD_PER_MMBTU,False
2025-01-22,NATURAL_GAS,NATURAL_GAS,3.91,,,,alpha_vantage,NATURAL_GAS,benchmark_spot,USD,USD_PER_MMBTU,False
2025-01-23,NATURAL_GAS,NATURAL_GAS,3.91,,,,alpha_vantage,NATURAL_GAS,benchmark_spot,USD,USD_PER_MMBTU,False
2025-01-24,NATURAL_GAS,NATURAL_GAS,3.84,,,,alpha_vantage,NATURAL_GAS,benchmark_spot,USD,USD_PER_MMBTU,False
2025-01-27,NATURAL_GAS,NATURAL_GAS,3.71,,,,alpha_vantage,NATURAL_GAS,benchmark_spot,USD,USD_PER_MMBTU,False
2025-01-28,NATURAL_GAS,NATURAL_GAS,3.4,,,,alpha_vantage,NATURAL_GAS,benchmark_spot,USD,USD_PER_MMBTU,False
2025-01-29,NATURAL_GAS,NATURAL_GAS,3.38,,,,alpha_vantage,NATURAL_GAS,benchmark_spot,USD,USD_PER_MMBTU,False
2025-01-30,NATURAL_GAS,NATURAL_GAS,3.12,,,,alpha_vantage,NATURAL_GAS,benchmark_spot,USD,USD_PER_MMBTU,False
2025-01-31,NATURAL_GAS,NATURAL_GAS,2.93,,,,alpha_vantage,NATURAL_GAS,benchmark_spot,USD,USD_PER_MMBTU,False
2025-02-03,NATURAL_GAS,NATURAL_GAS,3.3,,,,alpha_vantage,NATURAL_GAS,benchmark_spot,USD,USD_PER_MMBTU,False
2025-02-04,NATURAL_GAS,NATURAL_GAS,3.25,,,,alpha_vantage,NATURAL_GAS,benchmark_spot,USD,USD_PER_MMBTU,False
2025-02-05,NATURAL_GAS,NATURAL_GAS,3.22,,,,alpha_vantage,NATURAL_GAS,benchmark_spot,USD,USD_PER_MMBTU,False
2025-02-06,NATURAL_GAS,NATURAL_GAS,3.31,,,,alpha_vantage,NATURAL_GAS,benchmark_spot,USD,USD_PER_MMBTU,False
2025-02-07,NATURAL_GAS,NATURAL_GAS,3.32,,,,alpha_vantage,NATURAL_GAS,benchmark_spot,USD,USD_PER_MMBTU,False
2025-02-10,NATURAL_GAS,NATURAL_GAS,3.48,,,,alpha_vantage,NATURAL_GAS,benchmark_spot,USD,USD_PER_MMBTU,False
2025-02-11,NATURAL_GAS,NATURAL_GAS,3.65,,,,alpha_vantage,NATURAL_GAS,benchmark_spot,USD,USD_PER_MMBTU,False
2025-02-12,NATURAL_GAS,NATURAL_GAS,3.97,,,,alpha_vantage,NATURAL_GAS,benchmark_spot,USD,USD_PER_MMBTU,False
2025-02-13,NATURAL_GAS,NATURAL_GAS,4.43,,,,alpha_vantage,NATURAL_GAS,benchmark_spot,USD,USD_PER_MMBTU,False
2025-02-14,NATURAL_GAS,NATURAL_GAS,4.6,,,,alpha_vantage,NATURAL_GAS,benchmark_spot,USD,USD_PER_MMBTU,False
2025-02-18,NATURAL_GAS,NATURAL_GAS,6.4,,,,alpha_vantage,NATURAL_GAS,benchmark_spot,USD,USD_PER_MMBTU,False
2025-02-19,NATURAL_GAS,NATURAL_GAS,7.15,,,,alpha_vantage,NATURAL_GAS,benchmark_spot,USD,USD_PER_MMBTU,False
2025-02-20,NATURAL_GAS,NATURAL_GAS,5.62,,,,alpha_vantage,NATURAL_GAS,benchmark_spot,USD,USD_PER_MMBTU,False
2025-02-21,NATURAL_GAS,NATURAL_GAS,4.43,,,,alpha_vantage,NATURAL_GAS,benchmark_spot,USD,USD_PER_MMBTU,False
2025-02-24,NATURAL_GAS,NATURAL_GAS,3.86,,,,alpha_vantage,NATURAL_GAS,benchmark_spot,USD,USD_PER_MMBTU,False
2025-02-25,NATURAL_GAS,NATURAL_GAS,3.88,,,,alpha_vantage,NATURAL_GAS,benchmark_spot,USD,USD_PER_MMBTU,False
2025-02-26,NATURAL_GAS,NATURAL_GAS,3.9,,,,alpha_vantage,NATURAL_GAS,benchmark_spot,USD,USD_PER_MMBTU,False
2025-02-27,NATURAL_GAS,NATURAL_GAS,3.91,,,,alpha_vantage,NATURAL_GAS,benchmark_spot,USD,USD_PER_MMBTU,False
2025-02-28,NATURAL_GAS,NATURAL_GAS,3.91,,,,alpha_vantage,NATURAL_GAS,benchmark_spot,USD,USD_PER_MMBTU,False
2025-03-03,NATURAL_GAS,NATURAL_GAS,3.8,,,,alpha_vantage,NATURAL_GAS,benchmark_spot,USD,USD_PER_MMBTU,False
2025-03-04,NATURAL_GAS,NATURAL_GAS,4.39,,,,alpha_vantage,NATURAL_GAS,benchmark_spot,USD,USD_PER_MMBTU,False
2025-03-05,NATURAL_GAS,NATURAL_GAS,4.4,,,,alpha_vantage,NATURAL_GAS,benchmark_spot,USD,USD_PER_MMBTU,False
2025-03-06,NATURAL_GAS,NATURAL_GAS,4.39,,,,alpha_vantage,NATURAL_GAS,benchmark_spot,USD,USD_PER_MMBTU,False
2025-03-07,NATURAL_GAS,NATURAL_GAS,4.39,,,,alpha_vantage,NATURAL_GAS,benchmark_spot,USD,USD_PER_MMBTU,False
2025-03-10,NATURAL_GAS,NATURAL_GAS,4.23,,,,alpha_vantage,NATURAL_GAS,benchmark_spot,USD,USD_PER_MMBTU,False
2025-03-11,NATURAL_GAS,NATURAL_GAS,4.57,,,,alpha_vantage,NATURAL_GAS,benchmark_spot,USD,USD_PER_MMBTU,False
2025-03-12,NATURAL_GAS,NATURAL_GAS,4.18,,,,alpha_vantage,NATURAL_GAS,benchmark_spot,USD,USD_PER_MMBTU,False
2025-03-13,NATURAL_GAS,NATURAL_GAS,3.89,,,,alpha_vantage,NATURAL_GAS,benchmark_spot,USD,USD_PER_MMBTU,False
2025-03-14,NATURAL_GAS,NATURAL_GAS,3.89,,,,alpha_vantage,NATURAL_GAS,benchmark_spot,USD,USD_PER_MMBTU,False
2025-03-17,NATURAL_GAS,NATURAL_GAS,4.15,,,,alpha_vantage,NATURAL_GAS,benchmark_spot,USD,USD_PER_MMBTU,False
2025-03-18,NATURAL_GAS,NATURAL_GAS,4.17,,,,alpha_vantage,NATURAL_GAS,benchmark_spot,USD,USD_PER_MMBTU,False
2025-03-19,NATURAL_GAS,NATURAL_GAS,4.21,,,,alpha_vantage,NATURAL_GAS,benchmark_spot,USD,USD_PER_MMBTU,False
2025-03-20,NATURAL_GAS,NATURAL_GAS,4.23,,,,alpha_vantage,NATURAL_GAS,benchmark_spot,USD,USD_PER_MMBTU,False
2025-03-21,NATURAL_GAS,NATURAL_GAS,3.93,,,,alpha_vantage,NATURAL_GAS,benchmark_spot,USD,USD_PER_MMBTU,False
2025-03-24,NATURAL_GAS,NATURAL_GAS,4.03,,,,alpha_vantage,NATURAL_GAS,benchmark_spot,USD,USD_PER_MMBTU,False
2025-03-25,NATURAL_GAS,NATURAL_GAS,3.94,,,,alpha_vantage,NATURAL_GAS,benchmark_spot,USD,USD_PER_MMBTU,False
2025-03-26,NATURAL_GAS,NATURAL_GAS,3.85,,,,alpha_vantage,NATURAL_GAS,benchmark_spot,USD,USD_PER_MMBTU,False
2025-03-27,NATURAL_GAS,NATURAL_GAS,3.88,,,,alpha_vantage,NATURAL_GAS,benchmark_spot,USD,USD_PER_MMBTU,False
2025-03-28,NATURAL_GAS,NATURAL_GAS,3.89,,,,alpha_vantage,NATURAL_GAS,benchmark_spot,USD,USD_PER_MMBTU,False
2025-03-31,NATURAL_GAS,NATURAL_GAS,4.11,,,,alpha_vantage,NATURAL_GAS,benchmark_spot,USD,USD_PER_MMBTU,False
2025-04-01,NATURAL_GAS,NATURAL_GAS,3.96,,,,alpha_vantage,NATURAL_GAS,benchmark_spot,USD,USD_PER_MMBTU,False
2025-04-02,NATURAL_GAS,NATURAL_GAS,4.04,,,,alpha_vantage,NATURAL_GAS,benchmark_spot,USD,USD_PER_MMBTU,False
2025-04-03,NATURAL_GAS,NATURAL_GAS,4.21,,,,alpha_vantage,NATURAL_GAS,benchmark_spot,USD,USD_PER_MMBTU,False
2025-04-04,NATURAL_GAS,NATURAL_GAS,4.04,,,,alpha_vantage,NATURAL_GAS,benchmark_spot,USD,USD_PER_MMBTU,False
2025-04-07,NATURAL_GAS,NATURAL_GAS,3.97,,,,alpha_vantage,NATURAL_GAS,benchmark_spot,USD,USD_PER_MMBTU,False
2025-04-08,NATURAL_GAS,NATURAL_GAS,3.85,,,,alpha_vantage,NATURAL_GAS,benchmark_spot,USD,USD_PER_MMBTU,False
2025-04-09,NATURAL_GAS,NATURAL_GAS,3.42,,,,alpha_vantage,NATURAL_GAS,benchmark_spot,USD,USD_PER_MMBTU,False
2025-04-10,NATURAL_GAS,NATURAL_GAS,3.7,,,,alpha_vantage,NATURAL_GAS,benchmark_spot,USD,USD_PER_MMBTU,False
2025-04-11,NATURAL_GAS,NATURAL_GAS,3.44,,,,alpha_vantage,NATURAL_GAS,benchmark_spot,USD,USD_PER_MMBTU,False
2025-04-14,NATURAL_GAS,NATURAL_GAS,3.57,,,,alpha_vantage,NATURAL_GAS,benchmark_spot,USD,USD_PER_MMBTU,False
2025-04-15,NATURAL_GAS,NATURAL_GAS,3.27,,,,alpha_vantage,NATURAL_GAS,benchmark_spot,USD,USD_PER_MMBTU,False
2025-04-16,NATURAL_GAS,NATURAL_GAS,3.25,,,,alpha_vantage,NATURAL_GAS,benchmark_spot,USD,USD_PER_MMBTU,False
2025-04-17,NATURAL_GAS,NATURAL_GAS,2.94,,,,alpha_vantage,NATURAL_GAS,benchmark_spot,USD,USD_PER_MMBTU,False
2025-04-21,NATURAL_GAS,NATURAL_GAS,3.16,,,,alpha_vantage,NATURAL_GAS,benchmark_spot,USD,USD_PER_MMBTU,False
2025-04-22,NATURAL_GAS,NATURAL_GAS,3.12,,,,alpha_vantage,NATURAL_GAS,benchmark_spot,USD,USD_PER_MMBTU,False
2025-04-23,NATURAL_GAS,NATURAL_GAS,3.12,,,,alpha_vantage,NATURAL_GAS,benchmark_spot,USD,USD_PER_MMBTU,False
2025-04-24,NATURAL_GAS,NATURAL_GAS,2.87,,,,alpha_vantage,NATURAL_GAS,benchmark_spot,USD,USD_PER_MMBTU,False
2025-04-25,NATURAL_GAS,NATURAL_GAS,2.71,,,,alpha_vantage,NATURAL_GAS,benchmark_spot,USD,USD_PER_MMBTU,False
2025-04-28,NATURAL_GAS,NATURAL_GAS,2.96,,,,alpha_vantage,NATURAL_GAS,benchmark_spot,USD,USD_PER_MMBTU,False
2025-04-29,NATURAL_GAS,NATURAL_GAS,3.17,,,,alpha_vantage,NATURAL_GAS,benchmark_spot,USD,USD_PER_MMBTU,False
2025-04-30,NATURAL_GAS,NATURAL_GAS,3.12,,,,alpha_vantage,NATURAL_GAS,benchmark_spot,USD,USD_PER_MMBTU,False
2025-05-01,NATURAL_GAS,NATURAL_GAS,3.08,,,,alpha_vantage,NATURAL_GAS,benchmark_spot,USD,USD_PER_MMBTU,False
2025-05-02,NATURAL_GAS,NATURAL_GAS,3.1,,,,alpha_vantage,NATURAL_GAS,benchmark_spot,USD,USD_PER_MMBTU,False
2025-05-05,NATURAL_GAS,NATURAL_GAS,3.26,,,,alpha_vantage,NATURAL_GAS,benchmark_spot,USD,USD_PER_MMBTU,False
2025-05-06,NATURAL_GAS,NATURAL_GAS,3.08,,,,alpha_vantage,NATURAL_GAS,benchmark_spot,USD,USD_PER_MMBTU,False
2025-05-07,NATURAL_GAS,NATURAL_GAS,3.18,,,,alpha_vantage,NATURAL_GAS,benchmark_spot,USD,USD_PER_MMBTU,False
2025-05-08,NATURAL_GAS,NATURAL_GAS,3.23,,,,alpha_vantage,NATURAL_GAS,benchmark_spot,USD,USD_PER_MMBTU,False
2025-05-09,NATURAL_GAS,NATURAL_GAS,3.22,,,,alpha_vantage,NATURAL_GAS,benchmark_spot,USD,USD_PER_MMBTU,False
2025-05-12,NATURAL_GAS,NATURAL_GAS,3.19,,,,alpha_vantage,NATURAL_GAS,benchmark_spot,USD,USD_PER_MMBTU,False
2025-05-13,NATURAL_GAS,NATURAL_GAS,3.27,,,,alpha_vantage,NATURAL_GAS,benchmark_spot,USD,USD_PER_MMBTU,False
2025-05-14,NATURAL_GAS,NATURAL_GAS,3.31,,,,alpha_vantage,NATURAL_GAS,benchmark_spot,USD,USD_PER_MMBTU,False
2025-05-15,NATURAL_GAS,NATURAL_GAS,3.2,,,,alpha_vantage,NATURAL_GAS,benchmark_spot,USD,USD_PER_MMBTU,False
2025-05-16,NATURAL_GAS,NATURAL_GAS,3.01,,,,alpha_vantage,NATURAL_GAS,benchmark_spot,USD,USD_PER_MMBTU,False
2025-05-19,NATURAL_GAS,NATURAL_GAS,2.96,,,,alpha_vantage,NATURAL_GAS,benchmark_spot,USD,USD_PER_MMBTU,False
2025-05-20,NATURAL_GAS,NATURAL_GAS,3.15,,,,alpha_vantage,NATURAL_GAS,benchmark_spot,USD,USD_PER_MMBTU,False
2025-05-21,NATURAL_GAS,NATURAL_GAS,3.2,,,,alpha_vantage,NATURAL_GAS,benchmark_spot,USD,USD_PER_MMBTU,False
2025-05-22,NATURAL_GAS,NATURAL_GAS,3.0,,,,alpha_vantage,NATURAL_GAS,benchmark_spot,USD,USD_PER_MMBTU,False
2025-05-23,NATURAL_GAS,NATURAL_GAS,2.93,,,,alpha_vantage,NATURAL_GAS,benchmark_spot,USD,USD_PER_MMBTU,False
2025-05-27,NATURAL_GAS,NATURAL_GAS,3.2,,,,alpha_vantage,NATURAL_GAS,benchmark_spot,USD,USD_PER_MMBTU,False
2025-05-28,NATURAL_GAS,NATURAL_GAS,3.09,,,,alpha_vantage,NATURAL_GAS,benchmark_spot,USD,USD_PER_MMBTU,False
2025-05-29,NATURAL_GAS,NATURAL_GAS,2.97,,,,alpha_vantage,NATURAL_GAS,benchmark_spot,USD,USD_PER_MMBTU,False
2025-05-30,NATURAL_GAS,NATURAL_GAS,2.86,,,,alpha_vantage,NATURAL_GAS,benchmark_spot,USD,USD_PER_MMBTU,False
2025-06-02,NATURAL_GAS,NATURAL_GAS,3.0,,,,alpha_vantage,NATURAL_GAS,benchmark_spot,USD,USD_PER_MMBTU,False
2025-06-03,NATURAL_GAS,NATURAL_GAS,2.84,,,,alpha_vantage,NATURAL_GAS,benchmark_spot,USD,USD_PER_MMBTU,False
2025-06-04,NATURAL_GAS,NATURAL_GAS,2.8,,,,alpha_vantage,NATURAL_GAS,benchmark_spot,USD,USD_PER_MMBTU,False
2025-06-05,NATURAL_GAS,NATURAL_GAS,2.86,,,,alpha_vantage,NATURAL_GAS,benchmark_spot,USD,USD_PER_MMBTU,False
2025-06-06,NATURAL_GAS,NATURAL_GAS,2.68,,,,alpha_vantage,NATURAL_GAS,benchmark_spot,USD,USD_PER_MMBTU,False
2025-06-09,NATURAL_GAS,NATURAL_GAS,3.13,,,,alpha_vantage,NATURAL_GAS,benchmark_spot,USD,USD_PER_MMBTU,False
2025-06-10,NATURAL_GAS,NATURAL_GAS,2.79,,,,alpha_vantage,NATURAL_GAS,benchmark_spot,USD,USD_PER_MMBTU,False
2025-06-11,NATURAL_GAS,NATURAL_GAS,2.73,,,,alpha_vantage,NATURAL_GAS,benchmark_spot,USD,USD_PER_MMBTU,False
2025-06-12,NATURAL_GAS,NATURAL_GAS,2.9,,,,alpha_vantage,NATURAL_GAS,benchmark_spot,USD,USD_PER_MMBTU,False
2025-06-13,NATURAL_GAS,NATURAL_GAS,2.65,,,,alpha_vantage,NATURAL_GAS,benchmark_spot,USD,USD_PER_MMBTU,False
2025-06-16,NATURAL_GAS,NATURAL_GAS,2.9,,,,alpha_vantage,NATURAL_GAS,benchmark_spot,USD,USD_PER_MMBTU,False
2025-06-17,NATURAL_GAS,NATURAL_GAS,2.9,,,,alpha_vantage,NATURAL_GAS,benchmark_spot,USD,USD_PER_MMBTU,False
2025-06-18,NATURAL_GAS,NATURAL_GAS,3.43,,,,alpha_vantage,NATURAL_GAS,benchmark_spot,USD,USD_PER_MMBTU,False
2025-06-20,NATURAL_GAS,NATURAL_GAS,3.09,,,,alpha_vantage,NATURAL_GAS,benchmark_spot,USD,USD_PER_MMBTU,False
2025-06-23,NATURAL_GAS,NATURAL_GAS,3.5,,,,alpha_vantage,NATURAL_GAS,benchmark_spot,USD,USD_PER_MMBTU,False
2025-06-24,NATURAL_GAS,NATURAL_GAS,3.3,,,,alpha_vantage,NATURAL_GAS,benchmark_spot,USD,USD_PER_MMBTU,False
2025-06-25,NATURAL_GAS,NATURAL_GAS,3.26,,,,alpha_vantage,NATURAL_GAS,benchmark_spot,USD,USD_PER_MMBTU,False
2025-06-26,NATURAL_GAS,NATURAL_GAS,3.23,,,,alpha_vantage,NATURAL_GAS,benchmark_spot,USD,USD_PER_MMBTU,False
2025-06-27,NATURAL_GAS,NATURAL_GAS,3.23,,,,alpha_vantage,NATURAL_GAS,benchmark_spot,USD,USD_PER_MMBTU,False
2025-06-30,NATURAL_GAS,NATURAL_GAS,3.26,,,,alpha_vantage,NATURAL_GAS,benchmark_spot,USD,USD_PER_MMBTU,False
2025-07-01,NATURAL_GAS,NATURAL_GAS,3.14,,,,alpha_vantage,NATURAL_GAS,benchmark_spot,USD,USD_PER_MMBTU,False
2025-07-02,NATURAL_GAS,NATURAL_GAS,3.1,,,,alpha_vantage,NATURAL_GAS,benchmark_spot,USD,USD_PER_MMBTU,False
2025-07-03,NATURAL_GAS,NATURAL_GAS,3.24,,,,alpha_vantage,NATURAL_GAS,benchmark_spot,USD,USD_PER_MMBTU,False
2025-07-07,NATURAL_GAS,NATURAL_GAS,3.24,,,,alpha_vantage,NATURAL_GAS,benchmark_spot,USD,USD_PER_MMBTU,False
2025-07-08,NATURAL_GAS,NATURAL_GAS,3.2,,,,alpha_vantage,NATURAL_GAS,benchmark_spot,USD,USD_PER_MMBTU,False
2025-07-09,NATURAL_GAS,NATURAL_GAS,3.08,,,,alpha_vantage,NATURAL_GAS,benchmark_spot,USD,USD_PER_MMBTU,False
2025-07-10,NATURAL_GAS,NATURAL_GAS,3.11,,,,alpha_vantage,NATURAL_GAS,benchmark_spot,USD,USD_PER_MMBTU,False
2025-07-11,NATURAL_GAS,NATURAL_GAS,3.22,,,,alpha_vantage,NATURAL_GAS,benchmark_spot,USD,USD_PER_MMBTU,False
2025-07-14,NATURAL_GAS,NATURAL_GAS,3.21,,,,alpha_vantage,NATURAL_GAS,benchmark_spot,USD,USD_PER_MMBTU,False
2025-07-15,NATURAL_GAS,NATURAL_GAS,3.31,,,,alpha_vantage,NATURAL_GAS,benchmark_spot,USD,USD_PER_MMBTU,False
2025-07-16,NATURAL_GAS,NATURAL_GAS,3.42,,,,alpha_vantage,NATURAL_GAS,benchmark_spot,USD,USD_PER_MMBTU,False
2025-07-17,NATURAL_GAS,NATURAL_GAS,3.52,,,,alpha_vantage,NATURAL_GAS,benchmark_spot,USD,USD_PER_MMBTU,False
2025-07-18,NATURAL_GAS,NATURAL_GAS,3.5,,,,alpha_vantage,NATURAL_GAS,benchmark_spot,USD,USD_PER_MMBTU,False
2025-07-21,NATURAL_GAS,NATURAL_GAS,3.5,,,,alpha_vantage,NATURAL_GAS,benchmark_spot,USD,USD_PER_MMBTU,False
2025-07-22,NATURAL_GAS,NATURAL_GAS,3.16,,,,alpha_vantage,NATURAL_GAS,benchmark_spot,USD,USD_PER_MMBTU,False
2025-07-23,NATURAL_GAS,NATURAL_GAS,3.08,,,,alpha_vantage,NATURAL_GAS,benchmark_spot,USD,USD_PER_MMBTU,False
2025-07-24,NATURAL_GAS,NATURAL_GAS,3.13,,,,alpha_vantage,NATURAL_GAS,benchmark_spot,USD,USD_PER_MMBTU,False
2025-07-25,NATURAL_GAS,NATURAL_GAS,3.1,,,,alpha_vantage,NATURAL_GAS,benchmark_spot,USD,USD_PER_MMBTU,False
2025-07-28,NATURAL_GAS,NATURAL_GAS,3.12,,,,alpha_vantage,NATURAL_GAS,benchmark_spot,USD,USD_PER_MMBTU,False
2025-07-29,NATURAL_GAS,NATURAL_GAS,3.08,,,,alpha_vantage,NATURAL_GAS,benchmark_spot,USD,USD_PER_MMBTU,False
2025-07-30,NATURAL_GAS,NATURAL_GAS,2.98,,,,alpha_vantage,NATURAL_GAS,benchmark_spot,USD,USD_PER_MMBTU,False
2025-07-31,NATURAL_GAS,NATURAL_GAS,2.99,,,,alpha_vantage,NATURAL_GAS,benchmark_spot,USD,USD_PER_MMBTU,False
2025-08-01,NATURAL_GAS,NATURAL_GAS,3.0,,,,alpha_vantage,NATURAL_GAS,benchmark_spot,USD,USD_PER_MMBTU,False
2025-08-04,NATURAL_GAS,NATURAL_GAS,2.89,,,,alpha_vantage,NATURAL_GAS,benchmark_spot,USD,USD_PER_MMBTU,False
2025-08-05,NATURAL_GAS,NATURAL_GAS,2.98,,,,alpha_vantage,NATURAL_GAS,benchmark_spot,USD,USD_PER_MMBTU,False
2025-08-06,NATURAL_GAS,NATURAL_GAS,3.02,,,,alpha_vantage,NATURAL_GAS,benchmark_spot,USD,USD_PER_MMBTU,False
2025-08-07,NATURAL_GAS,NATURAL_GAS,3.05,,,,alpha_vantage,NATURAL_GAS,benchmark_spot,USD,USD_PER_MMBTU,False
2025-08-08,NATURAL_GAS,NATURAL_GAS,3.03,,,,alpha_vantage,NATURAL_GAS,benchmark_spot,USD,USD_PER_MMBTU,False
2025-08-11,NATURAL_GAS,NATURAL_GAS,3.05,,,,alpha_vantage,NATURAL_GAS,benchmark_spot,USD,USD_PER_MMBTU,False
2025-08-12,NATURAL_GAS,NATURAL_GAS,2.93,,,,alpha_vantage,NATURAL_GAS,benchmark_spot,USD,USD_PER_MMBTU,False
2025-08-13,NATURAL_GAS,NATURAL_GAS,2.95,,,,alpha_vantage,NATURAL_GAS,benchmark_spot,USD,USD_PER_MMBTU,False
2025-08-14,NATURAL_GAS,NATURAL_GAS,2.78,,,,alpha_vantage,NATURAL_GAS,benchmark_spot,USD,USD_PER_MMBTU,False
2025-08-15,NATURAL_GAS,NATURAL_GAS,2.98,,,,alpha_vantage,NATURAL_GAS,benchmark_spot,USD,USD_PER_MMBTU,False
2025-08-18,NATURAL_GAS,NATURAL_GAS,2.96,,,,alpha_vantage,NATURAL_GAS,benchmark_spot,USD,USD_PER_MMBTU,False
2025-08-19,NATURAL_GAS,NATURAL_GAS,2.87,,,,alpha_vantage,NATURAL_GAS,benchmark_spot,USD,USD_PER_MMBTU,False
2025-08-20,NATURAL_GAS,NATURAL_GAS,2.8,,,,alpha_vantage,NATURAL_GAS,benchmark_spot,USD,USD_PER_MMBTU,False
2025-08-21,NATURAL_GAS,NATURAL_GAS,2.88,,,,alpha_vantage,NATURAL_GAS,benchmark_spot,USD,USD_PER_MMBTU,False
2025-08-22,NATURAL_GAS,NATURAL_GAS,2.76,,,,alpha_vantage,NATURAL_GAS,benchmark_spot,USD,USD_PER_MMBTU,False
2025-08-25,NATURAL_GAS,NATURAL_GAS,2.76,,,,alpha_vantage,NATURAL_GAS,benchmark_spot,USD,USD_PER_MMBTU,False
2025-08-26,NATURAL_GAS,NATURAL_GAS,2.82,,,,alpha_vantage,NATURAL_GAS,benchmark_spot,USD,USD_PER_MMBTU,False
2025-08-27,NATURAL_GAS,NATURAL_GAS,2.88,,,,alpha_vantage,NATURAL_GAS,benchmark_spot,USD,USD_PER_MMBTU,False
2025-08-28,NATURAL_GAS,NATURAL_GAS,2.9,,,,alpha_vantage,NATURAL_GAS,benchmark_spot,USD,USD_PER_MMBTU,False
2025-08-29,NATURAL_GAS,NATURAL_GAS,2.88,,,,alpha_vantage,NATURAL_GAS,benchmark_spot,USD,USD_PER_MMBTU,False
2025-09-02,NATURAL_GAS,NATURAL_GAS,2.7,,,,alpha_vantage,NATURAL_GAS,benchmark_spot,USD,USD_PER_MMBTU,False
2025-09-03,NATURAL_GAS,NATURAL_GAS,3.0,,,,alpha_vantage,NATURAL_GAS,benchmark_spot,USD,USD_PER_MMBTU,False
2025-09-04,NATURAL_GAS,NATURAL_GAS,3.11,,,,alpha_vantage,NATURAL_GAS,benchmark_spot,USD,USD_PER_MMBTU,False
2025-09-05,NATURAL_GAS,NATURAL_GAS,3.05,,,,alpha_vantage,NATURAL_GAS,benchmark_spot,USD,USD_PER_MMBTU,False
2025-09-08,NATURAL_GAS,NATURAL_GAS,3.1,,,,alpha_vantage,NATURAL_GAS,benchmark_spot,USD,USD_PER_MMBTU,False
2025-09-09,NATURAL_GAS,NATURAL_GAS,3.12,,,,alpha_vantage,NATURAL_GAS,benchmark_spot,USD,USD_PER_MMBTU,False
2025-09-10,NATURAL_GAS,NATURAL_GAS,2.89,,,,alpha_vantage,NATURAL_GAS,benchmark_spot,USD,USD_PER_MMBTU,False
2025-09-11,NATURAL_GAS,NATURAL_GAS,2.81,,,,alpha_vantage,NATURAL_GAS,benchmark_spot,USD,USD_PER_MMBTU,False
2025-09-12,NATURAL_GAS,NATURAL_GAS,2.86,,,,alpha_vantage,NATURAL_GAS,benchmark_spot,USD,USD_PER_MMBTU,False
2025-09-15,NATURAL_GAS,NATURAL_GAS,3.0,,,,alpha_vantage,NATURAL_GAS,benchmark_spot,USD,USD_PER_MMBTU,False
2025-09-16,NATURAL_GAS,NATURAL_GAS,3.07,,,,alpha_vantage,NATURAL_GAS,benchmark_spot,USD,USD_PER_MMBTU,False
2025-09-17,NATURAL_GAS,NATURAL_GAS,3.19,,,,alpha_vantage,NATURAL_GAS,benchmark_spot,USD,USD_PER_MMBTU,False
2025-09-18,NATURAL_GAS,NATURAL_GAS,3.1,,,,alpha_vantage,NATURAL_GAS,benchmark_spot,USD,USD_PER_MMBTU,False
2025-09-19,NATURAL_GAS,NATURAL_GAS,2.89,,,,alpha_vantage,NATURAL_GAS,benchmark_spot,USD,USD_PER_MMBTU,False
2025-09-22,NATURAL_GAS,NATURAL_GAS,2.9,,,,alpha_vantage,NATURAL_GAS,benchmark_spot,USD,USD_PER_MMBTU,False
2025-09-23,NATURAL_GAS,NATURAL_GAS,2.86,,,,alpha_vantage,NATURAL_GAS,benchmark_spot,USD,USD_PER_MMBTU,False
2025-09-24,NATURAL_GAS,NATURAL_GAS,2.88,,,,alpha_vantage,NATURAL_GAS,benchmark_spot,USD,USD_PER_MMBTU,False
2025-09-25,NATURAL_GAS,NATURAL_GAS,2.98,,,,alpha_vantage,NATURAL_GAS,benchmark_spot,USD,USD_PER_MMBTU,False
2025-09-26,NATURAL_GAS,NATURAL_GAS,2.9,,,,alpha_vantage,NATURAL_GAS,benchmark_spot,USD,USD_PER_MMBTU,False
2025-09-29,NATURAL_GAS,NATURAL_GAS,2.93,,,,alpha_vantage,NATURAL_GAS,benchmark_spot,USD,USD_PER_MMBTU,False
2025-09-30,NATURAL_GAS,NATURAL_GAS,3.12,,,,alpha_vantage,NATURAL_GAS,benchmark_spot,USD,USD_PER_MMBTU,False
2025-10-01,NATURAL_GAS,NATURAL_GAS,3.24,,,,alpha_vantage,NATURAL_GAS,benchmark_spot,USD,USD_PER_MMBTU,False
2025-10-02,NATURAL_GAS,NATURAL_GAS,3.32,,,,alpha_vantage,NATURAL_GAS,benchmark_spot,USD,USD_PER_MMBTU,False
2025-10-03,NATURAL_GAS,NATURAL_GAS,3.19,,,,alpha_vantage,NATURAL_GAS,benchmark_spot,USD,USD_PER_MMBTU,False
2025-10-06,NATURAL_GAS,NATURAL_GAS,3.32,,,,alpha_vantage,NATURAL_GAS,benchmark_spot,USD,USD_PER_MMBTU,False
2025-10-07,NATURAL_GAS,NATURAL_GAS,3.32,,,,alpha_vantage,NATURAL_GAS,benchmark_spot,USD,USD_PER_MMBTU,False
2025-10-08,NATURAL_GAS,NATURAL_GAS,3.35,,,,alpha_vantage,NATURAL_GAS,benchmark_spot,USD,USD_PER_MMBTU,False
2025-10-09,NATURAL_GAS,NATURAL_GAS,3.25,,,,alpha_vantage,NATURAL_GAS,benchmark_spot,USD,USD_PER_MMBTU,False
2025-10-10,NATURAL_GAS,NATURAL_GAS,2.9,,,,alpha_vantage,NATURAL_GAS,benchmark_spot,USD,USD_PER_MMBTU,False
2025-10-13,NATURAL_GAS,NATURAL_GAS,2.9,,,,alpha_vantage,NATURAL_GAS,benchmark_spot,USD,USD_PER_MMBTU,False
2025-10-14,NATURAL_GAS,NATURAL_GAS,2.83,,,,alpha_vantage,NATURAL_GAS,benchmark_spot,USD,USD_PER_MMBTU,False
2025-10-15,NATURAL_GAS,NATURAL_GAS,2.79,,,,alpha_vantage,NATURAL_GAS,benchmark_spot,USD,USD_PER_MMBTU,False
2025-10-16,NATURAL_GAS,NATURAL_GAS,2.82,,,,alpha_vantage,NATURAL_GAS,benchmark_spot,USD,USD_PER_MMBTU,False
2025-10-17,NATURAL_GAS,NATURAL_GAS,2.65,,,,alpha_vantage,NATURAL_GAS,benchmark_spot,USD,USD_PER_MMBTU,False
2025-10-20,NATURAL_GAS,NATURAL_GAS,2.99,,,,alpha_vantage,NATURAL_GAS,benchmark_spot,USD,USD_PER_MMBTU,False
2025-10-21,NATURAL_GAS,NATURAL_GAS,3.28,,,,alpha_vantage,NATURAL_GAS,benchmark_spot,USD,USD_PER_MMBTU,False
2025-10-22,NATURAL_GAS,NATURAL_GAS,3.45,,,,alpha_vantage,NATURAL_GAS,benchmark_spot,USD,USD_PER_MMBTU,False
2025-10-23,NATURAL_GAS,NATURAL_GAS,3.34,,,,alpha_vantage,NATURAL_GAS,benchmark_spot,USD,USD_PER_MMBTU,False
2025-10-24,NATURAL_GAS,NATURAL_GAS,3.21,,,,alpha_vantage,NATURAL_GAS,benchmark_spot,USD,USD_PER_MMBTU,False
2025-10-27,NATURAL_GAS,NATURAL_GAS,3.3,,,,alpha_vantage,NATURAL_GAS,benchmark_spot,USD,USD_PER_MMBTU,False
2025-10-28,NATURAL_GAS,NATURAL_GAS,3.44,,,,alpha_vantage,NATURAL_GAS,benchmark_spot,USD,USD_PER_MMBTU,False
2025-10-29,NATURAL_GAS,NATURAL_GAS,3.36,,,,alpha_vantage,NATURAL_GAS,benchmark_spot,USD,USD_PER_MMBTU,False
2025-10-30,NATURAL_GAS,NATURAL_GAS,3.46,,,,alpha_vantage,NATURAL_GAS,benchmark_spot,USD,USD_PER_MMBTU,False
2025-10-31,NATURAL_GAS,NATURAL_GAS,3.57,,,,alpha_vantage,NATURAL_GAS,benchmark_spot,USD,USD_PER_MMBTU,False
2025-11-03,NATURAL_GAS,NATURAL_GAS,3.37,,,,alpha_vantage,NATURAL_GAS,benchmark_spot,USD,USD_PER_MMBTU,False
2025-11-04,NATURAL_GAS,NATURAL_GAS,3.35,,,,alpha_vantage,NATURAL_GAS,benchmark_spot,USD,USD_PER_MMBTU,False
2025-11-05,NATURAL_GAS,NATURAL_GAS,3.51,,,,alpha_vantage,NATURAL_GAS,benchmark_spot,USD,USD_PER_MMBTU,False
2025-11-06,NATURAL_GAS,NATURAL_GAS,3.71,,,,alpha_vantage,NATURAL_GAS,benchmark_spot,USD,USD_PER_MMBTU,False
2025-11-07,NATURAL_GAS,NATURAL_GAS,3.76,,,,alpha_vantage,NATURAL_GAS,benchmark_spot,USD,USD_PER_MMBTU,False
2025-11-10,NATURAL_GAS,NATURAL_GAS,3.8,,,,alpha_vantage,NATURAL_GAS,benchmark_spot,USD,USD_PER_MMBTU,False
2025-11-12,NATURAL_GAS,NATURAL_GAS,3.6,,,,alpha_vantage,NATURAL_GAS,benchmark_spot,USD,USD_PER_MMBTU,False
2025-11-13,NATURAL_GAS,NATURAL_GAS,3.6,,,,alpha_vantage,NATURAL_GAS,benchmark_spot,USD,USD_PER_MMBTU,False
2025-11-14,NATURAL_GAS,NATURAL_GAS,3.49,,,,alpha_vantage,NATURAL_GAS,benchmark_spot,USD,USD_PER_MMBTU,False
2025-11-17,NATURAL_GAS,NATURAL_GAS,3.71,,,,alpha_vantage,NATURAL_GAS,benchmark_spot,USD,USD_PER_MMBTU,False
2025-11-18,NATURAL_GAS,NATURAL_GAS,3.7,,,,alpha_vantage,NATURAL_GAS,benchmark_spot,USD,USD_PER_MMBTU,False
2025-11-19,NATURAL_GAS,NATURAL_GAS,3.94,,,,alpha_vantage,NATURAL_GAS,benchmark_spot,USD,USD_PER_MMBTU,False
2025-11-20,NATURAL_GAS,NATURAL_GAS,3.97,,,,alpha_vantage,NATURAL_GAS,benchmark_spot,USD,USD_PER_MMBTU,False
2025-11-21,NATURAL_GAS,NATURAL_GAS,4.13,,,,alpha_vantage,NATURAL_GAS,benchmark_spot,USD,USD_PER_MMBTU,False
2025-11-24,NATURAL_GAS,NATURAL_GAS,4.15,,,,alpha_vantage,NATURAL_GAS,benchmark_spot,USD,USD_PER_MMBTU,False
2025-11-25,NATURAL_GAS,NATURAL_GAS,4.12,,,,alpha_vantage,NATURAL_GAS,benchmark_spot,USD,USD_PER_MMBTU,False
2025-11-26,NATURAL_GAS,NATURAL_GAS,4.59,,,,alpha_vantage,NATURAL_GAS,benchmark_spot,USD,USD_PER_MMBTU,False
2025-12-01,NATURAL_GAS,NATURAL_GAS,5.08,,,,alpha_vantage,NATURAL_GAS,benchmark_spot,USD,USD_PER_MMBTU,False
2025-12-02,NATURAL_GAS,NATURAL_GAS,4.83,,,,alpha_vantage,NATURAL_GAS,benchmark_spot,USD,USD_PER_MMBTU,False
2025-12-03,NATURAL_GAS,NATURAL_GAS,4.86,,,,alpha_vantage,NATURAL_GAS,benchmark_spot,USD,USD_PER_MMBTU,False
2025-12-04,NATURAL_GAS,NATURAL_GAS,4.89,,,,alpha_vantage,NATURAL_GAS,benchmark_spot,USD,USD_PER_MMBTU,False
2025-12-05,NATURAL_GAS,NATURAL_GAS,5.19,,,,alpha_vantage,NATURAL_GAS,benchmark_spot,USD,USD_PER_MMBTU,False
2025-12-08,NATURAL_GAS,NATURAL_GAS,5.19,,,,alpha_vantage,NATURAL_GAS,benchmark_spot,USD,USD_PER_MMBTU,False
2025-12-09,NATURAL_GAS,NATURAL_GAS,4.76,,,,alpha_vantage,NATURAL_GAS,benchmark_spot,USD,USD_PER_MMBTU,False
2025-12-10,NATURAL_GAS,NATURAL_GAS,4.62,,,,alpha_vantage,NATURAL_GAS,benchmark_spot,USD,USD_PER_MMBTU,False
2025-12-11,NATURAL_GAS,NATURAL_GAS,4.35,,,,alpha_vantage,NATURAL_GAS,benchmark_spot,USD,USD_PER_MMBTU,False
2025-12-12,NATURAL_GAS,NATURAL_GAS,4.07,,,,alpha_vantage,NATURAL_GAS,benchmark_spot,USD,USD_PER_MMBTU,False
2025-12-15,NATURAL_GAS,NATURAL_GAS,3.9,,,,alpha_vantage,NATURAL_GAS,benchmark_spot,USD,USD_PER_MMBTU,False
2025-12-16,NATURAL_GAS,NATURAL_GAS,3.58,,,,alpha_vantage,NATURAL_GAS,benchmark_spot,USD,USD_PER_MMBTU,False
2025-12-17,NATURAL_GAS,NATURAL_GAS,3.66,,,,alpha_vantage,NATURAL_GAS,benchmark_spot,USD,USD_PER_MMBTU,False
2025-12-18,NATURAL_GAS,NATURAL_GAS,3.87,,,,alpha_vantage,NATURAL_GAS,benchmark_spot,USD,USD_PER_MMBTU,False
2025-12-19,NATURAL_GAS,NATURAL_GAS,3.58,,,,alpha_vantage,NATURAL_GAS,benchmark_spot,USD,USD_PER_MMBTU,False
2025-12-22,NATURAL_GAS,NATURAL_GAS,3.67,,,,alpha_vantage,NATURAL_GAS,benchmark_spot,USD,USD_PER_MMBTU,False
2025-12-23,NATURAL_GAS,NATURAL_GAS,3.38,,,,alpha_vantage,NATURAL_GAS,benchmark_spot,USD,USD_PER_MMBTU,False
2025-12-24,NATURAL_GAS,NATURAL_GAS,3.31,,,,alpha_vantage,NATURAL_GAS,benchmark_spot,USD,USD_PER_MMBTU,False
2025-12-29,NATURAL_GAS,NATURAL_GAS,4.35,,,,alpha_vantage,NATURAL_GAS,benchmark_spot,USD,USD_PER_MMBTU,False
2025-12-30,NATURAL_GAS,NATURAL_GAS,4.4,,,,alpha_vantage,NATURAL_GAS,benchmark_spot,USD,USD_PER_MMBTU,False
2025-12-31,NATURAL_GAS,NATURAL_GAS,4.0,,,,alpha_vantage,NATURAL_GAS,benchmark_spot,USD,USD_PER_MMBTU,False
2026-01-05,NATURAL_GAS,NATURAL_GAS,2.82,,,,alpha_vantage,NATURAL_GAS,benchmark_spot,USD,USD_PER_MMBTU,False
2026-01-06,NATURAL_GAS,NATURAL_GAS,2.85,,,,alpha_vantage,NATURAL_GAS,benchmark_spot,USD,USD_PER_MMBTU,False
2026-01-07,NATURAL_GAS,NATURAL_GAS,3.1,,,,alpha_vantage,NATURAL_GAS,benchmark_spot,USD,USD_PER_MMBTU,False
2026-01-08,NATURAL_GAS,NATURAL_GAS,2.92,,,,alpha_vantage,NATURAL_GAS,benchmark_spot,USD,USD_PER_MMBTU,False
2026-01-09,NATURAL_GAS,NATURAL_GAS,2.87,,,,alpha_vantage,NATURAL_GAS,benchmark_spot,USD,USD_PER_MMBTU,False
2026-01-12,NATURAL_GAS,NATURAL_GAS,2.9,,,,alpha_vantage,NATURAL_GAS,benchmark_spot,USD,USD_PER_MMBTU,False
2026-01-13,NATURAL_GAS,NATURAL_GAS,3.0,,,,alpha_vantage,NATURAL_GAS,benchmark_spot,USD,USD_PER_MMBTU,False
2026-01-14,NATURAL_GAS,NATURAL_GAS,3.13,,,,alpha_vantage,NATURAL_GAS,benchmark_spot,USD,USD_PER_MMBTU,False
2026-01-15,NATURAL_GAS,NATURAL_GAS,2.92,,,,alpha_vantage,NATURAL_GAS,benchmark_spot,USD,USD_PER_MMBTU,False
2026-01-16,NATURAL_GAS,NATURAL_GAS,3.06,,,,alpha_vantage,NATURAL_GAS,benchmark_spot,USD,USD_PER_MMBTU,False
2026-01-20,NATURAL_GAS,NATURAL_GAS,4.0,,,,alpha_vantage,NATURAL_GAS,benchmark_spot,USD,USD_PER_MMBTU,False
2026-01-21,NATURAL_GAS,NATURAL_GAS,4.96,,,,alpha_vantage,NATURAL_GAS,benchmark_spot,USD,USD_PER_MMBTU,False
2026-01-22,NATURAL_GAS,NATURAL_GAS,8.42,,,,alpha_vantage,NATURAL_GAS,benchmark_spot,USD,USD_PER_MMBTU,False
2026-01-23,NATURAL_GAS,NATURAL_GAS,30.72,,,,alpha_vantage,NATURAL_GAS,benchmark_spot,USD,USD_PER_MMBTU,False
2026-01-26,NATURAL_GAS,NATURAL_GAS,25.01,,,,alpha_vantage,NATURAL_GAS,benchmark_spot,USD,USD_PER_MMBTU,False
2026-01-27,NATURAL_GAS,NATURAL_GAS,17.19,,,,alpha_vantage,NATURAL_GAS,benchmark_spot,USD,USD_PER_MMBTU,False
2026-01-28,NATURAL_GAS,NATURAL_GAS,9.34,,,,alpha_vantage,NATURAL_GAS,benchmark_spot,USD,USD_PER_MMBTU,False
2026-01-29,NATURAL_GAS,NATURAL_GAS,10.25,,,,alpha_vantage,NATURAL_GAS,benchmark_spot,USD,USD_PER_MMBTU,False
2026-01-30,NATURAL_GAS,NATURAL_GAS,7.18,,,,alpha_vantage,NATURAL_GAS,benchmark_spot,USD,USD_PER_MMBTU,False
2026-02-02,NATURAL_GAS,NATURAL_GAS,4.4,,,,alpha_vantage,NATURAL_GAS,benchmark_spot,USD,USD_PER_MMBTU,False
2026-02-03,NATURAL_GAS,NATURAL_GAS,4.11,,,,alpha_vantage,NATURAL_GAS,benchmark_spot,USD,USD_PER_MMBTU,False
2026-02-04,NATURAL_GAS,NATURAL_GAS,6.88,,,,alpha_vantage,NATURAL_GAS,benchmark_spot,USD,USD_PER_MMBTU,False
2026-02-05,NATURAL_GAS,NATURAL_GAS,5.28,,,,alpha_vantage,NATURAL_GAS,benchmark_spot,USD,USD_PER_MMBTU,False
2026-02-06,NATURAL_GAS,NATURAL_GAS,4.37,,,,alpha_vantage,NATURAL_GAS,benchmark_spot,USD,USD_PER_MMBTU,False
2026-02-09,NATURAL_GAS,NATURAL_GAS,3.25,,,,alpha_vantage,NATURAL_GAS,benchmark_spot,USD,USD_PER_MMBTU,False
2026-02-10,NATURAL_GAS,NATURAL_GAS,3.18,,,,alpha_vantage,NATURAL_GAS,benchmark_spot,USD,USD_PER_MMBTU,False
2026-02-11,NATURAL_GAS,NATURAL_GAS,3.25,,,,alpha_vantage,NATURAL_GAS,benchmark_spot,USD,USD_PER_MMBTU,False
2026-02-12,NATURAL_GAS,NATURAL_GAS,3.43,,,,alpha_vantage,NATURAL_GAS,benchmark_spot,USD,USD_PER_MMBTU,False
2026-02-13,NATURAL_GAS,NATURAL_GAS,3.24,,,,alpha_vantage,NATURAL_GAS,benchmark_spot,USD,USD_PER_MMBTU,False
2026-02-17,NATURAL_GAS,NATURAL_GAS,3.13,,,,alpha_vantage,NATURAL_GAS,benchmark_spot,USD,USD_PER_MMBTU,False
2026-02-18,NATURAL_GAS,NATURAL_GAS,2.98,,,,alpha_vantage,NATURAL_GAS,benchmark_spot,USD,USD_PER_MMBTU,False
2026-02-19,NATURAL_GAS,NATURAL_GAS,3.09,,,,alpha_vantage,NATURAL_GAS,benchmark_spot,USD,USD_PER_MMBTU,False
2026-02-20,NATURAL_GAS,NATURAL_GAS,3.15,,,,alpha_vantage,NATURAL_GAS,benchmark_spot,USD,USD_PER_MMBTU,False
2026-02-23,NATURAL_GAS,NATURAL_GAS,3.13,,,,alpha_vantage,NATURAL_GAS,benchmark_spot,USD,USD_PER_MMBTU,False
2026-02-24,NATURAL_GAS,NATURAL_GAS,2.99,,,,alpha_vantage,NATURAL_GAS,benchmark_spot,USD,USD_PER_MMBTU,False
2026-02-25,NATURAL_GAS,NATURAL_GAS,3.02,,,,alpha_vantage,NATURAL_GAS,benchmark_spot,USD,USD_PER_MMBTU,False
2026-02-26,NATURAL_GAS,NATURAL_GAS,2.94,,,,alpha_vantage,NATURAL_GAS,benchmark_spot,USD,USD_PER_MMBTU,False
2026-02-27,NATURAL_GAS,NATURAL_GAS,2.99,,,,alpha_vantage,NATURAL_GAS,benchmark_spot,USD,USD_PER_MMBTU,False
2026-03-02,NATURAL_GAS,NATURAL_GAS,2.99,,,,alpha_vantage,NATURAL_GAS,benchmark_spot,USD,USD_PER_MMBTU,False
2026-03-03,NATURAL_GAS,NATURAL_GAS,3.1,,,,alpha_vantage,NATURAL_GAS,benchmark_spot,USD,USD_PER_MMBTU,False
2026-03-04,NATURAL_GAS,NATURAL_GAS,2.87,,,,alpha_vantage,NATURAL_GAS,benchmark_spot,USD,USD_PER_MMBTU,False
2026-03-05,NATURAL_GAS,NATURAL_GAS,2.9,,,,alpha_vantage,NATURAL_GAS,benchmark_spot,USD,USD_PER_MMBTU,False
2026-03-06,NATURAL_GAS,NATURAL_GAS,3.1,,,,alpha_vantage,NATURAL_GAS,benchmark_spot,USD,USD_PER_MMBTU,False
2026-03-09,NATURAL_GAS,NATURAL_GAS,3.25,,,,alpha_vantage,NATURAL_GAS,benchmark_spot,USD,USD_PER_MMBTU,False
2026-03-10,NATURAL_GAS,NATURAL_GAS,3.08,,,,alpha_vantage,NATURAL_GAS,benchmark_spot,USD,USD_PER_MMBTU,False
2026-03-11,NATURAL_GAS,NATURAL_GAS,3.15,,,,alpha_vantage,NATURAL_GAS,benchmark_spot,USD,USD_PER_MMBTU,False
2026-03-12,NATURAL_GAS,NATURAL_GAS,3.27,,,,alpha_vantage,NATURAL_GAS,benchmark_spot,USD,USD_PER_MMBTU,False
2026-03-13,NATURAL_GAS,NATURAL_GAS,3.2,,,,alpha_vantage,NATURAL_GAS,benchmark_spot,USD,USD_PER_MMBTU,False
2026-03-16,NATURAL_GAS,NATURAL_GAS,3.03,,,,alpha_vantage,NATURAL_GAS,benchmark_spot,USD,USD_PER_MMBTU,False
2026-03-17,NATURAL_GAS,NATURAL_GAS,3.14,,,,alpha_vantage,NATURAL_GAS,benchmark_spot,USD,USD_PER_MMBTU,False
2026-03-18,NATURAL_GAS,NATURAL_GAS,3.12,,,,alpha_vantage,NATURAL_GAS,benchmark_spot,USD,USD_PER_MMBTU,False
2026-03-19,NATURAL_GAS,NATURAL_GAS,3.21,,,,alpha_vantage,NATURAL_GAS,benchmark_spot,USD,USD_PER_MMBTU,False
2026-03-20,NATURAL_GAS,NATURAL_GAS,3.04,,,,alpha_vantage,NATURAL_GAS,benchmark_spot,USD,USD_PER_MMBTU,False
2026-03-23,NATURAL_GAS,NATURAL_GAS,2.94,,,,alpha_vantage,NATURAL_GAS,benchmark_spot,USD,USD_PER_MMBTU,False
2026-03-24,NATURAL_GAS,NATURAL_GAS,2.9,,,,alpha_vantage,NATURAL_GAS,benchmark_spot,USD,USD_PER_MMBTU,False
2026-03-25,NATURAL_GAS,NATURAL_GAS,2.94,,,,alpha_vantage,NATURAL_GAS,benchmark_spot,USD,USD_PER_MMBTU,False
2026-03-26,NATURAL_GAS,NATURAL_GAS,2.99,,,,alpha_vantage,NATURAL_GAS,benchmark_spot,USD,USD_PER_MMBTU,False
2026-03-27,NATURAL_GAS,NATURAL_GAS,2.99,,,,alpha_vantage,NATURAL_GAS,benchmark_spot,USD,USD_PER_MMBTU,False
2026-03-30,NATURAL_GAS,NATURAL_GAS,2.88,,,,alpha_vantage,NATURAL_GAS,benchmark_spot,USD,USD_PER_MMBTU,False
2026-03-31,NATURAL_GAS,NATURAL_GAS,2.88,,,,alpha_vantage,NATURAL_GAS,benchmark_spot,USD,USD_PER_MMBTU,False
2026-04-01,NATURAL_GAS,NATURAL_GAS,2.99,,,,alpha_vantage,NATURAL_GAS,benchmark_spot,USD,USD_PER_MMBTU,False
2026-04-02,NATURAL_GAS,NATURAL_GAS,2.86,,,,alpha_vantage,NATURAL_GAS,benchmark_spot,USD,USD_PER_MMBTU,False
2026-04-06,NATURAL_GAS,NATURAL_GAS,3.04,,,,alpha_vantage,NATURAL_GAS,benchmark_spot,USD,USD_PER_MMBTU,False
2026-04-07,NATURAL_GAS,NATURAL_GAS,3.01,,,,alpha_vantage,NATURAL_GAS,benchmark_spot,USD,USD_PER_MMBTU,False
2026-04-08,NATURAL_GAS,NATURAL_GAS,2.78,,,,alpha_vantage,NATURAL_GAS,benchmark_spot,USD,USD_PER_MMBTU,False
2026-04-09,NATURAL_GAS,NATURAL_GAS,2.78,,,,alpha_vantage,NATURAL_GAS,benchmark_spot,USD,USD_PER_MMBTU,False
2026-04-10,NATURAL_GAS,NATURAL_GAS,2.64,,,,alpha_vantage,NATURAL_GAS,benchmark_spot,USD,USD_PER_MMBTU,False
2026-04-13,NATURAL_GAS,NATURAL_GAS,2.79,,,,alpha_vantage,NATURAL_GAS,benchmark_spot,USD,USD_PER_MMBTU,False
2026-04-14,NATURAL_GAS,NATURAL_GAS,2.79,,,,alpha_vantage,NATURAL_GAS,benchmark_spot,USD,USD_PER_MMBTU,False
2026-04-15,NATURAL_GAS,NATURAL_GAS,2.78,,,,alpha_vantage,NATURAL_GAS,benchmark_spot,USD,USD_PER_MMBTU,False
2026-04-16,NATURAL_GAS,NATURAL_GAS,2.78,,,,alpha_vantage,NATURAL_GAS,benchmark_spot,USD,USD_PER_MMBTU,False
2026-04-17,NATURAL_GAS,NATURAL_GAS,2.71,,,,alpha_vantage,NATURAL_GAS,benchmark_spot,USD,USD_PER_MMBTU,False
2026-04-20,NATURAL_GAS,NATURAL_GAS,2.81,,,,alpha_vantage,NATURAL_GAS,benchmark_spot,USD,USD_PER_MMBTU,False
2026-04-21,NATURAL_GAS,NATURAL_GAS,2.76,,,,alpha_vantage,NATURAL_GAS,benchmark_spot,USD,USD_PER_MMBTU,False
2026-04-22,NATURAL_GAS,NATURAL_GAS,2.75,,,,alpha_vantage,NATURAL_GAS,benchmark_spot,USD,USD_PER_MMBTU,False
2026-04-23,NATURAL_GAS,NATURAL_GAS,2.65,,,,alpha_vantage,NATURAL_GAS,benchmark_spot,USD,USD_PER_MMBTU,False
2026-04-24,NATURAL_GAS,NATURAL_GAS,2.54,,,,alpha_vantage,NATURAL_GAS,benchmark_spot,USD,USD_PER_MMBTU,False
2026-04-27,NATURAL_GAS,NATURAL_GAS,2.72,,,,alpha_vantage,NATURAL_GAS,benchmark_spot,USD,USD_PER_MMBTU,False
2026-04-28,NATURAL_GAS,NATURAL_GAS,2.7,,,,alpha_vantage,NATURAL_GAS,benchmark_spot,USD,USD_PER_MMBTU,False
2026-04-29,NATURAL_GAS,NATURAL_GAS,2.6,,,,alpha_vantage,NATURAL_GAS,benchmark_spot,USD,USD_PER_MMBTU,False
2026-04-30,NATURAL_GAS,NATURAL_GAS,2.64,,,,alpha_vantage,NATURAL_GAS,benchmark_spot,USD,USD_PER_MMBTU,False
2026-05-01,NATURAL_GAS,NATURAL_GAS,2.63,,,,alpha_vantage,NATURAL_GAS,benchmark_spot,USD,USD_PER_MMBTU,False
2026-05-04,NATURAL_GAS,NATURAL_GAS,2.67,,,,alpha_vantage,NATURAL_GAS,benchmark_spot,USD,USD_PER_MMBTU,False
2026-05-05,NATURAL_GAS,NATURAL_GAS,2.83,,,,alpha_vantage,NATURAL_GAS,benchmark_spot,USD,USD_PER_MMBTU,False
2026-05-06,NATURAL_GAS,NATURAL_GAS,2.75,,,,alpha_vantage,NATURAL_GAS,benchmark_spot,USD,USD_PER_MMBTU,False
2026-05-07,NATURAL_GAS,NATURAL_GAS,2.7,,,,alpha_vantage,NATURAL_GAS,benchmark_spot,USD,USD_PER_MMBTU,False
2026-05-08,NATURAL_GAS,NATURAL_GAS,2.75,,,,alpha_vantage,NATURAL_GAS,benchmark_spot,USD,USD_PER_MMBTU,False
2026-05-11,NATURAL_GAS,NATURAL_GAS,2.82,,,,alpha_vantage,NATURAL_GAS,benchmark_spot,USD,USD_PER_MMBTU,False
2026-05-12,NATURAL_GAS,NATURAL_GAS,2.91,,,,alpha_vantage,NATURAL_GAS,benchmark_spot,USD,USD_PER_MMBTU,False
2026-05-13,NATURAL_GAS,NATURAL_GAS,2.88,,,,alpha_vantage,NATURAL_GAS,benchmark_spot,USD,USD_PER_MMBTU,False
2026-05-14,NATURAL_GAS,NATURAL_GAS,2.79,,,,alpha_vantage,NATURAL_GAS,benchmark_spot,USD,USD_PER_MMBTU,False
2026-05-15,NATURAL_GAS,NATURAL_GAS,2.89,,,,alpha_vantage,NATURAL_GAS,benchmark_spot,USD,USD_PER_MMBTU,False
2026-05-18,NATURAL_GAS,NATURAL_GAS,3.07,,,,alpha_vantage,NATURAL_GAS,benchmark_spot,USD,USD_PER_MMBTU,False
2026-05-19,NATURAL_GAS,NATURAL_GAS,3.23,,,,alpha_vantage,NATURAL_GAS,benchmark_spot,USD,USD_PER_MMBTU,False
2026-05-20,NATURAL_GAS,NATURAL_GAS,3.18,,,,alpha_vantage,NATURAL_GAS,benchmark_spot,USD,USD_PER_MMBTU,False
2026-05-21,NATURAL_GAS,NATURAL_GAS,3.14,,,,alpha_vantage,NATURAL_GAS,benchmark_spot,USD,USD_PER_MMBTU,False
2026-05-22,NATURAL_GAS,NATURAL_GAS,2.92,,,,alpha_vantage,NATURAL_GAS,benchmark_spot,USD,USD_PER_MMBTU,False
2026-05-26,NATURAL_GAS,NATURAL_GAS,3.1,,,,alpha_vantage,NATURAL_GAS,benchmark_spot,USD,USD_PER_MMBTU,False
2026-05-27,NATURAL_GAS,NATURAL_GAS,3.13,,,,alpha_vantage,NATURAL_GAS,benchmark_spot,USD,USD_PER_MMBTU,False
2026-05-28,NATURAL_GAS,NATURAL_GAS,3.04,,,,alpha_vantage,NATURAL_GAS,benchmark_spot,USD,USD_PER_MMBTU,False
2026-05-29,NATURAL_GAS,NATURAL_GAS,3.34,,,,alpha_vantage,NATURAL_GAS,benchmark_spot,USD,USD_PER_MMBTU,False
2026-06-01,NATURAL_GAS,NATURAL_GAS,3.07,,,,alpha_vantage,NATURAL_GAS,benchmark_spot,USD,USD_PER_MMBTU,False
2026-06-02,NATURAL_GAS,NATURAL_GAS,2.97,,,,alpha_vantage,NATURAL_GAS,benchmark_spot,USD,USD_PER_MMBTU,False
2026-06-03,NATURAL_GAS,NATURAL_GAS,2.97,,,,alpha_vantage,NATURAL_GAS,benchmark_spot,USD,USD_PER_MMBTU,False
2026-06-04,NATURAL_GAS,NATURAL_GAS,3.08,,,,alpha_vantage,NATURAL_GAS,benchmark_spot,USD,USD_PER_MMBTU,False
2026-06-05,NATURAL_GAS,NATURAL_GAS,3.05,,,,alpha_vantage,NATURAL_GAS,benchmark_spot,USD,USD_PER_MMBTU,False
2026-06-08,NATURAL_GAS,NATURAL_GAS,3.1,,,,alpha_vantage,NATURAL_GAS,benchmark_spot,USD,USD_PER_MMBTU,False
2026-06-09,NATURAL_GAS,NATURAL_GAS,3.18,,,,alpha_vantage,NATURAL_GAS,benchmark_spot,USD,USD_PER_MMBTU,False
2026-06-10,NATURAL_GAS,NATURAL_GAS,3.27,,,,alpha_vantage,NATURAL_GAS,benchmark_spot,USD,USD_PER_MMBTU,False
2026-06-11,NATURAL_GAS,NATURAL_GAS,3.16,,,,alpha_vantage,NATURAL_GAS,benchmark_spot,USD,USD_PER_MMBTU,False
2026-06-12,NATURAL_GAS,NATURAL_GAS,3.06,,,,alpha_vantage,NATURAL_GAS,benchmark_spot,USD,USD_PER_MMBTU,False
2026-06-15,NATURAL_GAS,NATURAL_GAS,3.06,,,,alpha_vantage,NATURAL_GAS,benchmark_spot,USD,USD_PER_MMBTU,False
2026-06-16,NATURAL_GAS,NATURAL_GAS,3.1,,,,alpha_vantage,NATURAL_GAS,benchmark_spot,USD,USD_PER_MMBTU,False
2026-06-17,NATURAL_GAS,NATURAL_GAS,3.25,,,,alpha_vantage,NATURAL_GAS,benchmark_spot,USD,USD_PER_MMBTU,False
2026-06-18,NATURAL_GAS,NATURAL_GAS,3.08,,,,alpha_vantage,NATURAL_GAS,benchmark_spot,USD,USD_PER_MMBTU,False
2026-06-22,NATURAL_GAS,NATURAL_GAS,3.16,,,,alpha_vantage,NATURAL_GAS,benchmark_spot,USD,USD_PER_MMBTU,False
2026-06-23,NATURAL_GAS,NATURAL_GAS,3.15,,,,alpha_vantage,NATURAL_GAS,benchmark_spot,USD,USD_PER_MMBTU,False
2026-06-24,NATURAL_GAS,NATURAL_GAS,3.19,,,,alpha_vantage,NATURAL_GAS,benchmark_spot,USD,USD_PER_MMBTU,False
2026-06-25,NATURAL_GAS,NATURAL_GAS,3.21,,,,alpha_vantage,NATURAL_GAS,benchmark_spot,USD,USD_PER_MMBTU,False
2026-06-26,NATURAL_GAS,NATURAL_GAS,3.26,,,,alpha_vantage,NATURAL_GAS,benchmark_spot,USD,USD_PER_MMBTU,False
2026-06-29,NATURAL_GAS,NATURAL_GAS,3.33,,,,alpha_vantage,NATURAL_GAS,benchmark_spot,USD,USD_PER_MMBTU,False
2026-06-30,NATURAL_GAS,NATURAL_GAS,3.34,,,,alpha_vantage,NATURAL_GAS,benchmark_spot,USD,USD_PER_MMBTU,False
2015-01-01,SUGAR,SUGAR,15.0625,,,,alpha_vantage,SUGAR,benchmark_price,USD,INDEX_OR_PROVIDER_UNIT,False
2015-02-01,SUGAR,SUGAR,14.51210526315789,,,,alpha_vantage,SUGAR,benchmark_price,USD,INDEX_OR_PROVIDER_UNIT,False
2015-03-01,SUGAR,SUGAR,12.84090909090909,,,,alpha_vantage,SUGAR,benchmark_price,USD,INDEX_OR_PROVIDER_UNIT,False
2015-04-01,SUGAR,SUGAR,12.91095238095238,,,,alpha_vantage,SUGAR,benchmark_price,USD,INDEX_OR_PROVIDER_UNIT,False
2015-05-01,SUGAR,SUGAR,12.7035,,,,alpha_vantage,SUGAR,benchmark_price,USD,INDEX_OR_PROVIDER_UNIT,False
2015-06-01,SUGAR,SUGAR,12.11363636363636,,,,alpha_vantage,SUGAR,benchmark_price,USD,INDEX_OR_PROVIDER_UNIT,False
2015-07-01,SUGAR,SUGAR,11.87863636363636,,,,alpha_vantage,SUGAR,benchmark_price,USD,INDEX_OR_PROVIDER_UNIT,False
2015-08-01,SUGAR,SUGAR,10.6747619047619,,,,alpha_vantage,SUGAR,benchmark_price,USD,INDEX_OR_PROVIDER_UNIT,False
2015-09-01,SUGAR,SUGAR,12.13714285714286,,,,alpha_vantage,SUGAR,benchmark_price,USD,INDEX_OR_PROVIDER_UNIT,False
2015-10-01,SUGAR,SUGAR,14.14181818181818,,,,alpha_vantage,SUGAR,benchmark_price,USD,INDEX_OR_PROVIDER_UNIT,False
2015-11-01,SUGAR,SUGAR,14.843,,,,alpha_vantage,SUGAR,benchmark_price,USD,INDEX_OR_PROVIDER_UNIT,False
2015-12-01,SUGAR,SUGAR,14.76272727272727,,,,alpha_vantage,SUGAR,benchmark_price,USD,INDEX_OR_PROVIDER_UNIT,False
2016-01-01,SUGAR,SUGAR,14.29105263157895,,,,alpha_vantage,SUGAR,benchmark_price,USD,INDEX_OR_PROVIDER_UNIT,False
2016-02-01,SUGAR,SUGAR,13.314,,,,alpha_vantage,SUGAR,benchmark_price,USD,INDEX_OR_PROVIDER_UNIT,False
2016-03-01,SUGAR,SUGAR,15.43045454545455,,,,alpha_vantage,SUGAR,benchmark_price,USD,INDEX_OR_PROVIDER_UNIT,False
2016-04-01,SUGAR,SUGAR,14.99809523809524,,,,alpha_vantage,SUGAR,benchmark_price,USD,INDEX_OR_PROVIDER_UNIT,False
2016-05-01,SUGAR,SUGAR,16.68428571428571,,,,alpha_vantage,SUGAR,benchmark_price,USD,INDEX_OR_PROVIDER_UNIT,False
2016-06-01,SUGAR,SUGAR,19.33727272727273,,,,alpha_vantage,SUGAR,benchmark_price,USD,INDEX_OR_PROVIDER_UNIT,False
2016-07-01,SUGAR,SUGAR,19.687,,,,alpha_vantage,SUGAR,benchmark_price,USD,INDEX_OR_PROVIDER_UNIT,False
2016-08-01,SUGAR,SUGAR,20.01434782608696,,,,alpha_vantage,SUGAR,benchmark_price,USD,INDEX_OR_PROVIDER_UNIT,False
2016-09-01,SUGAR,SUGAR,21.35238095238095,,,,alpha_vantage,SUGAR,benchmark_price,USD,INDEX_OR_PROVIDER_UNIT,False
2016-10-01,SUGAR,SUGAR,22.91666666666667,,,,alpha_vantage,SUGAR,benchmark_price,USD,INDEX_OR_PROVIDER_UNIT,False
2016-11-01,SUGAR,SUGAR,20.86857142857143,,,,alpha_vantage,SUGAR,benchmark_price,USD,INDEX_OR_PROVIDER_UNIT,False
2016-12-01,SUGAR,SUGAR,18.83,,,,alpha_vantage,SUGAR,benchmark_price,USD,INDEX_OR_PROVIDER_UNIT,False
2017-01-01,SUGAR,SUGAR,20.5375,,,,alpha_vantage,SUGAR,benchmark_price,USD,INDEX_OR_PROVIDER_UNIT,False
2017-02-01,SUGAR,SUGAR,20.40578947368421,,,,alpha_vantage,SUGAR,benchmark_price,USD,INDEX_OR_PROVIDER_UNIT,False
2017-03-01,SUGAR,SUGAR,18.0595652173913,,,,alpha_vantage,SUGAR,benchmark_price,USD,INDEX_OR_PROVIDER_UNIT,False
2017-04-01,SUGAR,SUGAR,16.31684210526316,,,,alpha_vantage,SUGAR,benchmark_price,USD,INDEX_OR_PROVIDER_UNIT,False
2017-05-01,SUGAR,SUGAR,15.68909090909091,,,,alpha_vantage,SUGAR,benchmark_price,USD,INDEX_OR_PROVIDER_UNIT,False
2017-06-01,SUGAR,SUGAR,13.53,,,,alpha_vantage,SUGAR,benchmark_price,USD,INDEX_OR_PROVIDER_UNIT,False
2017-07-01,SUGAR,SUGAR,14.119,,,,alpha_vantage,SUGAR,benchmark_price,USD,INDEX_OR_PROVIDER_UNIT,False
2017-08-01,SUGAR,SUGAR,13.79608695652174,,,,alpha_vantage,SUGAR,benchmark_price,USD,INDEX_OR_PROVIDER_UNIT,False
2017-09-01,SUGAR,SUGAR,13.931,,,,alpha_vantage,SUGAR,benchmark_price,USD,INDEX_OR_PROVIDER_UNIT,False
2017-10-01,SUGAR,SUGAR,14.23181818181818,,,,alpha_vantage,SUGAR,benchmark_price,USD,INDEX_OR_PROVIDER_UNIT,False
2017-11-01,SUGAR,SUGAR,14.96666666666667,,,,alpha_vantage,SUGAR,benchmark_price,USD,INDEX_OR_PROVIDER_UNIT,False
2017-12-01,SUGAR,SUGAR,14.4325,,,,alpha_vantage,SUGAR,benchmark_price,USD,INDEX_OR_PROVIDER_UNIT,False
2018-01-01,SUGAR,SUGAR,13.97952380952381,,,,alpha_vantage,SUGAR,benchmark_price,USD,INDEX_OR_PROVIDER_UNIT,False
2018-02-01,SUGAR,SUGAR,13.57263157894737,,,,alpha_vantage,SUGAR,benchmark_price,USD,INDEX_OR_PROVIDER_UNIT,False
2018-03-01,SUGAR,SUGAR,12.82571428571429,,,,alpha_vantage,SUGAR,benchmark_price,USD,INDEX_OR_PROVIDER_UNIT,False
2018-04-01,SUGAR,SUGAR,11.82428571428571,,,,alpha_vantage,SUGAR,benchmark_price,USD,INDEX_OR_PROVIDER_UNIT,False
2018-05-01,SUGAR,SUGAR,11.82727272727273,,,,alpha_vantage,SUGAR,benchmark_price,USD,INDEX_OR_PROVIDER_UNIT,False
2018-06-01,SUGAR,SUGAR,12.06190476190476,,,,alpha_vantage,SUGAR,benchmark_price,USD,INDEX_OR_PROVIDER_UNIT,False
2018-07-01,SUGAR,SUGAR,11.1552380952381,,,,alpha_vantage,SUGAR,benchmark_price,USD,INDEX_OR_PROVIDER_UNIT,False
2018-08-01,SUGAR,SUGAR,10.45521739130435,,,,alpha_vantage,SUGAR,benchmark_price,USD,INDEX_OR_PROVIDER_UNIT,False
2018-09-01,SUGAR,SUGAR,10.78368421052632,,,,alpha_vantage,SUGAR,benchmark_price,USD,INDEX_OR_PROVIDER_UNIT,False
2018-10-01,SUGAR,SUGAR,13.18478260869565,,,,alpha_vantage,SUGAR,benchmark_price,USD,INDEX_OR_PROVIDER_UNIT,False
2018-11-01,SUGAR,SUGAR,12.79238095238095,,,,alpha_vantage,SUGAR,benchmark_price,USD,INDEX_OR_PROVIDER_UNIT,False
2018-12-01,SUGAR,SUGAR,12.5535,,,,alpha_vantage,SUGAR,benchmark_price,USD,INDEX_OR_PROVIDER_UNIT,False
2019-01-01,SUGAR,SUGAR,12.68095238095238,,,,alpha_vantage,SUGAR,benchmark_price,USD,INDEX_OR_PROVIDER_UNIT,False
2019-02-01,SUGAR,SUGAR,12.92894736842105,,,,alpha_vantage,SUGAR,benchmark_price,USD,INDEX_OR_PROVIDER_UNIT,False
2019-03-01,SUGAR,SUGAR,12.47380952380952,,,,alpha_vantage,SUGAR,benchmark_price,USD,INDEX_OR_PROVIDER_UNIT,False
2019-04-01,SUGAR,SUGAR,12.53571428571429,,,,alpha_vantage,SUGAR,benchmark_price,USD,INDEX_OR_PROVIDER_UNIT,False
2019-05-01,SUGAR,SUGAR,11.825,,,,alpha_vantage,SUGAR,benchmark_price,USD,INDEX_OR_PROVIDER_UNIT,False
2019-06-01,SUGAR,SUGAR,12.4395,,,,alpha_vantage,SUGAR,benchmark_price,USD,INDEX_OR_PROVIDER_UNIT,False
2019-07-01,SUGAR,SUGAR,12.12863636363636,,,,alpha_vantage,SUGAR,benchmark_price,USD,INDEX_OR_PROVIDER_UNIT,False
2019-08-01,SUGAR,SUGAR,11.55545454545455,,,,alpha_vantage,SUGAR,benchmark_price,USD,INDEX_OR_PROVIDER_UNIT,False
2019-09-01,SUGAR,SUGAR,11.158,,,,alpha_vantage,SUGAR,benchmark_price,USD,INDEX_OR_PROVIDER_UNIT,False
2019-10-01,SUGAR,SUGAR,12.45739130434783,,,,alpha_vantage,SUGAR,benchmark_price,USD,INDEX_OR_PROVIDER_UNIT,False
2019-11-01,SUGAR,SUGAR,12.687,,,,alpha_vantage,SUGAR,benchmark_price,USD,INDEX_OR_PROVIDER_UNIT,False
2019-12-01,SUGAR,SUGAR,13.3352380952381,,,,alpha_vantage,SUGAR,benchmark_price,USD,INDEX_OR_PROVIDER_UNIT,False
2020-01-01,SUGAR,SUGAR,14.16666666666667,,,,alpha_vantage,SUGAR,benchmark_price,USD,INDEX_OR_PROVIDER_UNIT,False
2020-02-01,SUGAR,SUGAR,15.07105263157895,,,,alpha_vantage,SUGAR,benchmark_price,USD,INDEX_OR_PROVIDER_UNIT,False
2020-03-01,SUGAR,SUGAR,11.805,,,,alpha_vantage,SUGAR,benchmark_price,USD,INDEX_OR_PROVIDER_UNIT,False
2020-04-01,SUGAR,SUGAR,10.05190476190476,,,,alpha_vantage,SUGAR,benchmark_price,USD,INDEX_OR_PROVIDER_UNIT,False
2020-05-01,SUGAR,SUGAR,10.641,,,,alpha_vantage,SUGAR,benchmark_price,USD,INDEX_OR_PROVIDER_UNIT,False
2020-06-01,SUGAR,SUGAR,11.82818181818182,,,,alpha_vantage,SUGAR,benchmark_price,USD,INDEX_OR_PROVIDER_UNIT,False
2020-07-01,SUGAR,SUGAR,11.90181818181818,,,,alpha_vantage,SUGAR,benchmark_price,USD,INDEX_OR_PROVIDER_UNIT,False
2020-08-01,SUGAR,SUGAR,12.81428571428571,,,,alpha_vantage,SUGAR,benchmark_price,USD,INDEX_OR_PROVIDER_UNIT,False
2020-09-01,SUGAR,SUGAR,12.44142857142857,,,,alpha_vantage,SUGAR,benchmark_price,USD,INDEX_OR_PROVIDER_UNIT,False
2020-10-01,SUGAR,SUGAR,14.28772727272727,,,,alpha_vantage,SUGAR,benchmark_price,USD,INDEX_OR_PROVIDER_UNIT,False
2020-11-01,SUGAR,SUGAR,14.9335,,,,alpha_vantage,SUGAR,benchmark_price,USD,INDEX_OR_PROVIDER_UNIT,False
2020-12-01,SUGAR,SUGAR,14.66772727272727,,,,alpha_vantage,SUGAR,benchmark_price,USD,INDEX_OR_PROVIDER_UNIT,False
2021-01-01,SUGAR,SUGAR,15.91631578947368,,,,alpha_vantage,SUGAR,benchmark_price,USD,INDEX_OR_PROVIDER_UNIT,False
2021-02-01,SUGAR,SUGAR,17.00052631578947,,,,alpha_vantage,SUGAR,benchmark_price,USD,INDEX_OR_PROVIDER_UNIT,False
2021-03-01,SUGAR,SUGAR,15.80565217391304,,,,alpha_vantage,SUGAR,benchmark_price,USD,INDEX_OR_PROVIDER_UNIT,False
2021-04-01,SUGAR,SUGAR,16.23761904761905,,,,alpha_vantage,SUGAR,benchmark_price,USD,INDEX_OR_PROVIDER_UNIT,False
2021-05-01,SUGAR,SUGAR,17.20333333333333,,,,alpha_vantage,SUGAR,benchmark_price,USD,INDEX_OR_PROVIDER_UNIT,False
2021-06-01,SUGAR,SUGAR,17.21409090909091,,,,alpha_vantage,SUGAR,benchmark_price,USD,INDEX_OR_PROVIDER_UNIT,False
2021-07-01,SUGAR,SUGAR,17.7147619047619,,,,alpha_vantage,SUGAR,benchmark_price,USD,INDEX_OR_PROVIDER_UNIT,False
2021-08-01,SUGAR,SUGAR,19.38363636363636,,,,alpha_vantage,SUGAR,benchmark_price,USD,INDEX_OR_PROVIDER_UNIT,False
2021-09-01,SUGAR,SUGAR,19.26428571428571,,,,alpha_vantage,SUGAR,benchmark_price,USD,INDEX_OR_PROVIDER_UNIT,False
2021-10-01,SUGAR,SUGAR,19.61904761904762,,,,alpha_vantage,SUGAR,benchmark_price,USD,INDEX_OR_PROVIDER_UNIT,False
2021-11-01,SUGAR,SUGAR,19.74619047619048,,,,alpha_vantage,SUGAR,benchmark_price,USD,INDEX_OR_PROVIDER_UNIT,False
2021-12-01,SUGAR,SUGAR,19.16727272727273,,,,alpha_vantage,SUGAR,benchmark_price,USD,INDEX_OR_PROVIDER_UNIT,False
2022-01-01,SUGAR,SUGAR,18.461,,,,alpha_vantage,SUGAR,benchmark_price,USD,INDEX_OR_PROVIDER_UNIT,False
2022-02-01,SUGAR,SUGAR,18.20315789473684,,,,alpha_vantage,SUGAR,benchmark_price,USD,INDEX_OR_PROVIDER_UNIT,False
2022-03-01,SUGAR,SUGAR,19.10782608695652,,,,alpha_vantage,SUGAR,benchmark_price,USD,INDEX_OR_PROVIDER_UNIT,False
2022-04-01,SUGAR,SUGAR,19.69904761904762,,,,alpha_vantage,SUGAR,benchmark_price,USD,INDEX_OR_PROVIDER_UNIT,False
2022-05-01,SUGAR,SUGAR,19.28090909090909,,,,alpha_vantage,SUGAR,benchmark_price,USD,INDEX_OR_PROVIDER_UNIT,False
2022-06-01,SUGAR,SUGAR,18.79409090909091,,,,alpha_vantage,SUGAR,benchmark_price,USD,INDEX_OR_PROVIDER_UNIT,False
2022-07-01,SUGAR,SUGAR,18.34,,,,alpha_vantage,SUGAR,benchmark_price,USD,INDEX_OR_PROVIDER_UNIT,False
2022-08-01,SUGAR,SUGAR,18.06260869565217,,,,alpha_vantage,SUGAR,benchmark_price,USD,INDEX_OR_PROVIDER_UNIT,False
2022-09-01,SUGAR,SUGAR,18.18590909090909,,,,alpha_vantage,SUGAR,benchmark_price,USD,INDEX_OR_PROVIDER_UNIT,False
2022-10-01,SUGAR,SUGAR,18.30095238095238,,,,alpha_vantage,SUGAR,benchmark_price,USD,INDEX_OR_PROVIDER_UNIT,False
2022-11-01,SUGAR,SUGAR,19.40590909090909,,,,alpha_vantage,SUGAR,benchmark_price,USD,INDEX_OR_PROVIDER_UNIT,False
2022-12-01,SUGAR,SUGAR,20.065,,,,alpha_vantage,SUGAR,benchmark_price,USD,INDEX_OR_PROVIDER_UNIT,False
2023-01-01,SUGAR,SUGAR,19.94318181818182,,,,alpha_vantage,SUGAR,benchmark_price,USD,INDEX_OR_PROVIDER_UNIT,False
2023-02-01,SUGAR,SUGAR,21.4035,,,,alpha_vantage,SUGAR,benchmark_price,USD,INDEX_OR_PROVIDER_UNIT,False
2023-03-01,SUGAR,SUGAR,20.96173913043478,,,,alpha_vantage,SUGAR,benchmark_price,USD,INDEX_OR_PROVIDER_UNIT,False
2023-04-01,SUGAR,SUGAR,24.582,,,,alpha_vantage,SUGAR,benchmark_price,USD,INDEX_OR_PROVIDER_UNIT,False
2023-05-01,SUGAR,SUGAR,25.7295652173913,,,,alpha_vantage,SUGAR,benchmark_price,USD,INDEX_OR_PROVIDER_UNIT,False
2023-06-01,SUGAR,SUGAR,24.76227272727273,,,,alpha_vantage,SUGAR,benchmark_price,USD,INDEX_OR_PROVIDER_UNIT,False
2023-07-01,SUGAR,SUGAR,24.00809523809524,,,,alpha_vantage,SUGAR,benchmark_price,USD,INDEX_OR_PROVIDER_UNIT,False
2023-08-01,SUGAR,SUGAR,24.19304347826087,,,,alpha_vantage,SUGAR,benchmark_price,USD,INDEX_OR_PROVIDER_UNIT,False
2023-09-01,SUGAR,SUGAR,26.56380952380952,,,,alpha_vantage,SUGAR,benchmark_price,USD,INDEX_OR_PROVIDER_UNIT,False
2023-10-01,SUGAR,SUGAR,26.90363636363636,,,,alpha_vantage,SUGAR,benchmark_price,USD,INDEX_OR_PROVIDER_UNIT,False
2023-11-01,SUGAR,SUGAR,27.30954545454545,,,,alpha_vantage,SUGAR,benchmark_price,USD,INDEX_OR_PROVIDER_UNIT,False
2023-12-01,SUGAR,SUGAR,22.14571428571429,,,,alpha_vantage,SUGAR,benchmark_price,USD,INDEX_OR_PROVIDER_UNIT,False
2024-01-01,SUGAR,SUGAR,22.47478260869565,,,,alpha_vantage,SUGAR,benchmark_price,USD,INDEX_OR_PROVIDER_UNIT,False
2024-02-01,SUGAR,SUGAR,23.34190476190476,,,,alpha_vantage,SUGAR,benchmark_price,USD,INDEX_OR_PROVIDER_UNIT,False
2024-03-01,SUGAR,SUGAR,21.76904761904762,,,,alpha_vantage,SUGAR,benchmark_price,USD,INDEX_OR_PROVIDER_UNIT,False
2024-04-01,SUGAR,SUGAR,20.64727272727273,,,,alpha_vantage,SUGAR,benchmark_price,USD,INDEX_OR_PROVIDER_UNIT,False
2024-05-01,SUGAR,SUGAR,18.7995652173913,,,,alpha_vantage,SUGAR,benchmark_price,USD,INDEX_OR_PROVIDER_UNIT,False
2024-06-01,SUGAR,SUGAR,19.1695,,,,alpha_vantage,SUGAR,benchmark_price,USD,INDEX_OR_PROVIDER_UNIT,False
2024-07-01,SUGAR,SUGAR,19.35173913043478,,,,alpha_vantage,SUGAR,benchmark_price,USD,INDEX_OR_PROVIDER_UNIT,False
2024-08-01,SUGAR,SUGAR,18.41954545454545,,,,alpha_vantage,SUGAR,benchmark_price,USD,INDEX_OR_PROVIDER_UNIT,False
2024-09-01,SUGAR,SUGAR,20.6247619047619,,,,alpha_vantage,SUGAR,benchmark_price,USD,INDEX_OR_PROVIDER_UNIT,False
2024-10-01,SUGAR,SUGAR,22.35521739130435,,,,alpha_vantage,SUGAR,benchmark_price,USD,INDEX_OR_PROVIDER_UNIT,False
2024-11-01,SUGAR,SUGAR,21.6552380952381,,,,alpha_vantage,SUGAR,benchmark_price,USD,INDEX_OR_PROVIDER_UNIT,False
2024-12-01,SUGAR,SUGAR,20.31181818181818,,,,alpha_vantage,SUGAR,benchmark_price,USD,INDEX_OR_PROVIDER_UNIT,False
2025-01-01,SUGAR,SUGAR,18.93,,,,alpha_vantage,SUGAR,benchmark_price,USD,INDEX_OR_PROVIDER_UNIT,False
2025-02-01,SUGAR,SUGAR,20.1855,,,,alpha_vantage,SUGAR,benchmark_price,USD,INDEX_OR_PROVIDER_UNIT,False
2025-03-01,SUGAR,SUGAR,19.05619047619048,,,,alpha_vantage,SUGAR,benchmark_price,USD,INDEX_OR_PROVIDER_UNIT,False
2025-04-01,SUGAR,SUGAR,18.17181818181818,,,,alpha_vantage,SUGAR,benchmark_price,USD,INDEX_OR_PROVIDER_UNIT,False
2025-05-01,SUGAR,SUGAR,17.43136363636364,,,,alpha_vantage,SUGAR,benchmark_price,USD,INDEX_OR_PROVIDER_UNIT,False
2025-06-01,SUGAR,SUGAR,16.22619047619048,,,,alpha_vantage,SUGAR,benchmark_price,USD,INDEX_OR_PROVIDER_UNIT,False
2025-07-01,SUGAR,SUGAR,16.36478260869565,,,,alpha_vantage,SUGAR,benchmark_price,USD,INDEX_OR_PROVIDER_UNIT,False
2025-08-01,SUGAR,SUGAR,16.38952380952381,,,,alpha_vantage,SUGAR,benchmark_price,USD,INDEX_OR_PROVIDER_UNIT,False
2025-09-01,SUGAR,SUGAR,15.79,,,,alpha_vantage,SUGAR,benchmark_price,USD,INDEX_OR_PROVIDER_UNIT,False
2025-10-01,SUGAR,SUGAR,15.55869565217391,,,,alpha_vantage,SUGAR,benchmark_price,USD,INDEX_OR_PROVIDER_UNIT,False
2025-11-01,SUGAR,SUGAR,14.623,,,,alpha_vantage,SUGAR,benchmark_price,USD,INDEX_OR_PROVIDER_UNIT,False
2025-12-01,SUGAR,SUGAR,14.935,,,,alpha_vantage,SUGAR,benchmark_price,USD,INDEX_OR_PROVIDER_UNIT,False
2026-01-01,SUGAR,SUGAR,14.78590909090909,,,,alpha_vantage,SUGAR,benchmark_price,USD,INDEX_OR_PROVIDER_UNIT,False
2026-02-01,SUGAR,SUGAR,14.2015,,,,alpha_vantage,SUGAR,benchmark_price,USD,INDEX_OR_PROVIDER_UNIT,False
2026-03-01,SUGAR,SUGAR,14.79636363636364,,,,alpha_vantage,SUGAR,benchmark_price,USD,INDEX_OR_PROVIDER_UNIT,False
2026-04-01,SUGAR,SUGAR,14.09,,,,alpha_vantage,SUGAR,benchmark_price,USD,INDEX_OR_PROVIDER_UNIT,False
2026-05-01,SUGAR,SUGAR,14.77047619047619,,,,alpha_vantage,SUGAR,benchmark_price,USD,INDEX_OR_PROVIDER_UNIT,False
2026-06-01,SUGAR,SUGAR,13.90772727272727,,,,alpha_vantage,SUGAR,benchmark_price,USD,INDEX_OR_PROVIDER_UNIT,False
2015-01-02,WTI_CRUDE,WTI_CRUDE,52.72,,,,alpha_vantage,WTI,benchmark_spot,USD,USD_PER_BARREL,False
2015-01-05,WTI_CRUDE,WTI_CRUDE,50.05,,,,alpha_vantage,WTI,benchmark_spot,USD,USD_PER_BARREL,False
2015-01-06,WTI_CRUDE,WTI_CRUDE,47.98,,,,alpha_vantage,WTI,benchmark_spot,USD,USD_PER_BARREL,False
2015-01-07,WTI_CRUDE,WTI_CRUDE,48.69,,,,alpha_vantage,WTI,benchmark_spot,USD,USD_PER_BARREL,False
2015-01-08,WTI_CRUDE,WTI_CRUDE,48.8,,,,alpha_vantage,WTI,benchmark_spot,USD,USD_PER_BARREL,False
2015-01-09,WTI_CRUDE,WTI_CRUDE,48.35,,,,alpha_vantage,WTI,benchmark_spot,USD,USD_PER_BARREL,False
2015-01-12,WTI_CRUDE,WTI_CRUDE,46.06,,,,alpha_vantage,WTI,benchmark_spot,USD,USD_PER_BARREL,False
2015-01-13,WTI_CRUDE,WTI_CRUDE,45.92,,,,alpha_vantage,WTI,benchmark_spot,USD,USD_PER_BARREL,False
2015-01-14,WTI_CRUDE,WTI_CRUDE,48.49,,,,alpha_vantage,WTI,benchmark_spot,USD,USD_PER_BARREL,False
2015-01-15,WTI_CRUDE,WTI_CRUDE,46.37,,,,alpha_vantage,WTI,benchmark_spot,USD,USD_PER_BARREL,False
2015-01-16,WTI_CRUDE,WTI_CRUDE,48.49,,,,alpha_vantage,WTI,benchmark_spot,USD,USD_PER_BARREL,False
2015-01-20,WTI_CRUDE,WTI_CRUDE,46.79,,,,alpha_vantage,WTI,benchmark_spot,USD,USD_PER_BARREL,False
2015-01-21,WTI_CRUDE,WTI_CRUDE,47.85,,,,alpha_vantage,WTI,benchmark_spot,USD,USD_PER_BARREL,False
2015-01-22,WTI_CRUDE,WTI_CRUDE,45.93,,,,alpha_vantage,WTI,benchmark_spot,USD,USD_PER_BARREL,False
2015-01-23,WTI_CRUDE,WTI_CRUDE,45.26,,,,alpha_vantage,WTI,benchmark_spot,USD,USD_PER_BARREL,False
2015-01-26,WTI_CRUDE,WTI_CRUDE,44.8,,,,alpha_vantage,WTI,benchmark_spot,USD,USD_PER_BARREL,False
2015-01-27,WTI_CRUDE,WTI_CRUDE,45.84,,,,alpha_vantage,WTI,benchmark_spot,USD,USD_PER_BARREL,False
2015-01-28,WTI_CRUDE,WTI_CRUDE,44.08,,,,alpha_vantage,WTI,benchmark_spot,USD,USD_PER_BARREL,False
2015-01-29,WTI_CRUDE,WTI_CRUDE,44.12,,,,alpha_vantage,WTI,benchmark_spot,USD,USD_PER_BARREL,False
2015-01-30,WTI_CRUDE,WTI_CRUDE,47.79,,,,alpha_vantage,WTI,benchmark_spot,USD,USD_PER_BARREL,False
2015-02-02,WTI_CRUDE,WTI_CRUDE,49.25,,,,alpha_vantage,WTI,benchmark_spot,USD,USD_PER_BARREL,False
2015-02-03,WTI_CRUDE,WTI_CRUDE,53.04,,,,alpha_vantage,WTI,benchmark_spot,USD,USD_PER_BARREL,False
2015-02-04,WTI_CRUDE,WTI_CRUDE,48.45,,,,alpha_vantage,WTI,benchmark_spot,USD,USD_PER_BARREL,False
2015-02-05,WTI_CRUDE,WTI_CRUDE,50.48,,,,alpha_vantage,WTI,benchmark_spot,USD,USD_PER_BARREL,False
2015-02-06,WTI_CRUDE,WTI_CRUDE,51.66,,,,alpha_vantage,WTI,benchmark_spot,USD,USD_PER_BARREL,False
2015-02-09,WTI_CRUDE,WTI_CRUDE,52.99,,,,alpha_vantage,WTI,benchmark_spot,USD,USD_PER_BARREL,False
2015-02-10,WTI_CRUDE,WTI_CRUDE,50.06,,,,alpha_vantage,WTI,benchmark_spot,USD,USD_PER_BARREL,False
2015-02-11,WTI_CRUDE,WTI_CRUDE,48.8,,,,alpha_vantage,WTI,benchmark_spot,USD,USD_PER_BARREL,False
2015-02-12,WTI_CRUDE,WTI_CRUDE,51.17,,,,alpha_vantage,WTI,benchmark_spot,USD,USD_PER_BARREL,False
2015-02-13,WTI_CRUDE,WTI_CRUDE,52.66,,,,alpha_vantage,WTI,benchmark_spot,USD,USD_PER_BARREL,False
2015-02-17,WTI_CRUDE,WTI_CRUDE,53.56,,,,alpha_vantage,WTI,benchmark_spot,USD,USD_PER_BARREL,False
2015-02-18,WTI_CRUDE,WTI_CRUDE,52.13,,,,alpha_vantage,WTI,benchmark_spot,USD,USD_PER_BARREL,False
2015-02-19,WTI_CRUDE,WTI_CRUDE,51.12,,,,alpha_vantage,WTI,benchmark_spot,USD,USD_PER_BARREL,False
2015-02-20,WTI_CRUDE,WTI_CRUDE,49.95,,,,alpha_vantage,WTI,benchmark_spot,USD,USD_PER_BARREL,False
2015-02-23,WTI_CRUDE,WTI_CRUDE,49.56,,,,alpha_vantage,WTI,benchmark_spot,USD,USD_PER_BARREL,False
2015-02-24,WTI_CRUDE,WTI_CRUDE,48.48,,,,alpha_vantage,WTI,benchmark_spot,USD,USD_PER_BARREL,False
2015-02-25,WTI_CRUDE,WTI_CRUDE,50.25,,,,alpha_vantage,WTI,benchmark_spot,USD,USD_PER_BARREL,False
2015-02-26,WTI_CRUDE,WTI_CRUDE,47.65,,,,alpha_vantage,WTI,benchmark_spot,USD,USD_PER_BARREL,False
2015-02-27,WTI_CRUDE,WTI_CRUDE,49.84,,,,alpha_vantage,WTI,benchmark_spot,USD,USD_PER_BARREL,False
2015-03-02,WTI_CRUDE,WTI_CRUDE,49.59,,,,alpha_vantage,WTI,benchmark_spot,USD,USD_PER_BARREL,False
2015-03-03,WTI_CRUDE,WTI_CRUDE,50.43,,,,alpha_vantage,WTI,benchmark_spot,USD,USD_PER_BARREL,False
2015-03-04,WTI_CRUDE,WTI_CRUDE,51.53,,,,alpha_vantage,WTI,benchmark_spot,USD,USD_PER_BARREL,False
2015-03-05,WTI_CRUDE,WTI_CRUDE,50.76,,,,alpha_vantage,WTI,benchmark_spot,USD,USD_PER_BARREL,False
2015-03-06,WTI_CRUDE,WTI_CRUDE,49.61,,,,alpha_vantage,WTI,benchmark_spot,USD,USD_PER_BARREL,False
2015-03-09,WTI_CRUDE,WTI_CRUDE,49.95,,,,alpha_vantage,WTI,benchmark_spot,USD,USD_PER_BARREL,False
2015-03-10,WTI_CRUDE,WTI_CRUDE,48.42,,,,alpha_vantage,WTI,benchmark_spot,USD,USD_PER_BARREL,False
2015-03-11,WTI_CRUDE,WTI_CRUDE,48.06,,,,alpha_vantage,WTI,benchmark_spot,USD,USD_PER_BARREL,False
2015-03-12,WTI_CRUDE,WTI_CRUDE,47.12,,,,alpha_vantage,WTI,benchmark_spot,USD,USD_PER_BARREL,False
2015-03-13,WTI_CRUDE,WTI_CRUDE,44.88,,,,alpha_vantage,WTI,benchmark_spot,USD,USD_PER_BARREL,False
2015-03-16,WTI_CRUDE,WTI_CRUDE,43.93,,,,alpha_vantage,WTI,benchmark_spot,USD,USD_PER_BARREL,False
2015-03-17,WTI_CRUDE,WTI_CRUDE,43.39,,,,alpha_vantage,WTI,benchmark_spot,USD,USD_PER_BARREL,False
2015-03-18,WTI_CRUDE,WTI_CRUDE,44.63,,,,alpha_vantage,WTI,benchmark_spot,USD,USD_PER_BARREL,False
2015-03-19,WTI_CRUDE,WTI_CRUDE,44.02,,,,alpha_vantage,WTI,benchmark_spot,USD,USD_PER_BARREL,False
2015-03-20,WTI_CRUDE,WTI_CRUDE,46.0,,,,alpha_vantage,WTI,benchmark_spot,USD,USD_PER_BARREL,False
2015-03-23,WTI_CRUDE,WTI_CRUDE,47.4,,,,alpha_vantage,WTI,benchmark_spot,USD,USD_PER_BARREL,False
2015-03-24,WTI_CRUDE,WTI_CRUDE,47.03,,,,alpha_vantage,WTI,benchmark_spot,USD,USD_PER_BARREL,False
2015-03-25,WTI_CRUDE,WTI_CRUDE,48.75,,,,alpha_vantage,WTI,benchmark_spot,USD,USD_PER_BARREL,False
2015-03-26,WTI_CRUDE,WTI_CRUDE,51.41,,,,alpha_vantage,WTI,benchmark_spot,USD,USD_PER_BARREL,False
2015-03-27,WTI_CRUDE,WTI_CRUDE,48.83,,,,alpha_vantage,WTI,benchmark_spot,USD,USD_PER_BARREL,False
2015-03-30,WTI_CRUDE,WTI_CRUDE,48.66,,,,alpha_vantage,WTI,benchmark_spot,USD,USD_PER_BARREL,False
2015-03-31,WTI_CRUDE,WTI_CRUDE,47.72,,,,alpha_vantage,WTI,benchmark_spot,USD,USD_PER_BARREL,False
2015-04-01,WTI_CRUDE,WTI_CRUDE,50.12,,,,alpha_vantage,WTI,benchmark_spot,USD,USD_PER_BARREL,False
2015-04-02,WTI_CRUDE,WTI_CRUDE,49.13,,,,alpha_vantage,WTI,benchmark_spot,USD,USD_PER_BARREL,False
2015-04-06,WTI_CRUDE,WTI_CRUDE,52.08,,,,alpha_vantage,WTI,benchmark_spot,USD,USD_PER_BARREL,False
2015-04-07,WTI_CRUDE,WTI_CRUDE,53.95,,,,alpha_vantage,WTI,benchmark_spot,USD,USD_PER_BARREL,False
2015-04-08,WTI_CRUDE,WTI_CRUDE,50.44,,,,alpha_vantage,WTI,benchmark_spot,USD,USD_PER_BARREL,False
2015-04-09,WTI_CRUDE,WTI_CRUDE,50.79,,,,alpha_vantage,WTI,benchmark_spot,USD,USD_PER_BARREL,False
2015-04-10,WTI_CRUDE,WTI_CRUDE,51.63,,,,alpha_vantage,WTI,benchmark_spot,USD,USD_PER_BARREL,False
2015-04-13,WTI_CRUDE,WTI_CRUDE,51.95,,,,alpha_vantage,WTI,benchmark_spot,USD,USD_PER_BARREL,False
2015-04-14,WTI_CRUDE,WTI_CRUDE,53.3,,,,alpha_vantage,WTI,benchmark_spot,USD,USD_PER_BARREL,False
2015-04-15,WTI_CRUDE,WTI_CRUDE,56.25,,,,alpha_vantage,WTI,benchmark_spot,USD,USD_PER_BARREL,False
2015-04-16,WTI_CRUDE,WTI_CRUDE,56.69,,,,alpha_vantage,WTI,benchmark_spot,USD,USD_PER_BARREL,False
2015-04-17,WTI_CRUDE,WTI_CRUDE,55.71,,,,alpha_vantage,WTI,benchmark_spot,USD,USD_PER_BARREL,False
2015-04-20,WTI_CRUDE,WTI_CRUDE,56.37,,,,alpha_vantage,WTI,benchmark_spot,USD,USD_PER_BARREL,False
2015-04-21,WTI_CRUDE,WTI_CRUDE,55.58,,,,alpha_vantage,WTI,benchmark_spot,USD,USD_PER_BARREL,False
2015-04-22,WTI_CRUDE,WTI_CRUDE,56.17,,,,alpha_vantage,WTI,benchmark_spot,USD,USD_PER_BARREL,False
2015-04-23,WTI_CRUDE,WTI_CRUDE,56.59,,,,alpha_vantage,WTI,benchmark_spot,USD,USD_PER_BARREL,False
2015-04-24,WTI_CRUDE,WTI_CRUDE,55.98,,,,alpha_vantage,WTI,benchmark_spot,USD,USD_PER_BARREL,False
2015-04-27,WTI_CRUDE,WTI_CRUDE,55.56,,,,alpha_vantage,WTI,benchmark_spot,USD,USD_PER_BARREL,False
2015-04-28,WTI_CRUDE,WTI_CRUDE,57.05,,,,alpha_vantage,WTI,benchmark_spot,USD,USD_PER_BARREL,False
2015-04-29,WTI_CRUDE,WTI_CRUDE,58.55,,,,alpha_vantage,WTI,benchmark_spot,USD,USD_PER_BARREL,False
2015-04-30,WTI_CRUDE,WTI_CRUDE,59.62,,,,alpha_vantage,WTI,benchmark_spot,USD,USD_PER_BARREL,False
2015-05-01,WTI_CRUDE,WTI_CRUDE,59.1,,,,alpha_vantage,WTI,benchmark_spot,USD,USD_PER_BARREL,False
2015-05-04,WTI_CRUDE,WTI_CRUDE,58.92,,,,alpha_vantage,WTI,benchmark_spot,USD,USD_PER_BARREL,False
2015-05-05,WTI_CRUDE,WTI_CRUDE,60.38,,,,alpha_vantage,WTI,benchmark_spot,USD,USD_PER_BARREL,False
2015-05-06,WTI_CRUDE,WTI_CRUDE,60.93,,,,alpha_vantage,WTI,benchmark_spot,USD,USD_PER_BARREL,False
2015-05-07,WTI_CRUDE,WTI_CRUDE,58.99,,,,alpha_vantage,WTI,benchmark_spot,USD,USD_PER_BARREL,False
2015-05-08,WTI_CRUDE,WTI_CRUDE,59.41,,,,alpha_vantage,WTI,benchmark_spot,USD,USD_PER_BARREL,False
2015-05-11,WTI_CRUDE,WTI_CRUDE,59.23,,,,alpha_vantage,WTI,benchmark_spot,USD,USD_PER_BARREL,False
2015-05-12,WTI_CRUDE,WTI_CRUDE,60.72,,,,alpha_vantage,WTI,benchmark_spot,USD,USD_PER_BARREL,False
2015-05-13,WTI_CRUDE,WTI_CRUDE,60.5,,,,alpha_vantage,WTI,benchmark_spot,USD,USD_PER_BARREL,False
2015-05-14,WTI_CRUDE,WTI_CRUDE,59.89,,,,alpha_vantage,WTI,benchmark_spot,USD,USD_PER_BARREL,False
2015-05-15,WTI_CRUDE,WTI_CRUDE,59.73,,,,alpha_vantage,WTI,benchmark_spot,USD,USD_PER_BARREL,False
2015-05-18,WTI_CRUDE,WTI_CRUDE,59.44,,,,alpha_vantage,WTI,benchmark_spot,USD,USD_PER_BARREL,False
2015-05-19,WTI_CRUDE,WTI_CRUDE,57.3,,,,alpha_vantage,WTI,benchmark_spot,USD,USD_PER_BARREL,False
2015-05-20,WTI_CRUDE,WTI_CRUDE,58.96,,,,alpha_vantage,WTI,benchmark_spot,USD,USD_PER_BARREL,False
2015-05-21,WTI_CRUDE,WTI_CRUDE,60.18,,,,alpha_vantage,WTI,benchmark_spot,USD,USD_PER_BARREL,False
2015-05-22,WTI_CRUDE,WTI_CRUDE,58.88,,,,alpha_vantage,WTI,benchmark_spot,USD,USD_PER_BARREL,False
2015-05-26,WTI_CRUDE,WTI_CRUDE,57.29,,,,alpha_vantage,WTI,benchmark_spot,USD,USD_PER_BARREL,False
2015-05-27,WTI_CRUDE,WTI_CRUDE,57.51,,,,alpha_vantage,WTI,benchmark_spot,USD,USD_PER_BARREL,False
2015-05-28,WTI_CRUDE,WTI_CRUDE,57.69,,,,alpha_vantage,WTI,benchmark_spot,USD,USD_PER_BARREL,False
2015-05-29,WTI_CRUDE,WTI_CRUDE,60.25,,,,alpha_vantage,WTI,benchmark_spot,USD,USD_PER_BARREL,False
2015-06-01,WTI_CRUDE,WTI_CRUDE,60.24,,,,alpha_vantage,WTI,benchmark_spot,USD,USD_PER_BARREL,False
2015-06-02,WTI_CRUDE,WTI_CRUDE,61.3,,,,alpha_vantage,WTI,benchmark_spot,USD,USD_PER_BARREL,False
2015-06-03,WTI_CRUDE,WTI_CRUDE,59.67,,,,alpha_vantage,WTI,benchmark_spot,USD,USD_PER_BARREL,False
2015-06-04,WTI_CRUDE,WTI_CRUDE,58.0,,,,alpha_vantage,WTI,benchmark_spot,USD,USD_PER_BARREL,False
2015-06-05,WTI_CRUDE,WTI_CRUDE,59.11,,,,alpha_vantage,WTI,benchmark_spot,USD,USD_PER_BARREL,False
2015-06-08,WTI_CRUDE,WTI_CRUDE,58.15,,,,alpha_vantage,WTI,benchmark_spot,USD,USD_PER_BARREL,False
2015-06-09,WTI_CRUDE,WTI_CRUDE,60.15,,,,alpha_vantage,WTI,benchmark_spot,USD,USD_PER_BARREL,False
2015-06-10,WTI_CRUDE,WTI_CRUDE,61.36,,,,alpha_vantage,WTI,benchmark_spot,USD,USD_PER_BARREL,False
2015-06-11,WTI_CRUDE,WTI_CRUDE,60.74,,,,alpha_vantage,WTI,benchmark_spot,USD,USD_PER_BARREL,False
2015-06-12,WTI_CRUDE,WTI_CRUDE,59.96,,,,alpha_vantage,WTI,benchmark_spot,USD,USD_PER_BARREL,False
2015-06-15,WTI_CRUDE,WTI_CRUDE,59.53,,,,alpha_vantage,WTI,benchmark_spot,USD,USD_PER_BARREL,False
2015-06-16,WTI_CRUDE,WTI_CRUDE,60.01,,,,alpha_vantage,WTI,benchmark_spot,USD,USD_PER_BARREL,False
2015-06-17,WTI_CRUDE,WTI_CRUDE,59.89,,,,alpha_vantage,WTI,benchmark_spot,USD,USD_PER_BARREL,False
2015-06-18,WTI_CRUDE,WTI_CRUDE,60.41,,,,alpha_vantage,WTI,benchmark_spot,USD,USD_PER_BARREL,False
2015-06-19,WTI_CRUDE,WTI_CRUDE,59.62,,,,alpha_vantage,WTI,benchmark_spot,USD,USD_PER_BARREL,False
2015-06-22,WTI_CRUDE,WTI_CRUDE,60.01,,,,alpha_vantage,WTI,benchmark_spot,USD,USD_PER_BARREL,False
2015-06-23,WTI_CRUDE,WTI_CRUDE,61.05,,,,alpha_vantage,WTI,benchmark_spot,USD,USD_PER_BARREL,False
2015-06-24,WTI_CRUDE,WTI_CRUDE,60.01,,,,alpha_vantage,WTI,benchmark_spot,USD,USD_PER_BARREL,False
2015-06-25,WTI_CRUDE,WTI_CRUDE,59.59,,,,alpha_vantage,WTI,benchmark_spot,USD,USD_PER_BARREL,False
2015-06-26,WTI_CRUDE,WTI_CRUDE,59.41,,,,alpha_vantage,WTI,benchmark_spot,USD,USD_PER_BARREL,False
2015-06-29,WTI_CRUDE,WTI_CRUDE,58.34,,,,alpha_vantage,WTI,benchmark_spot,USD,USD_PER_BARREL,False
2015-06-30,WTI_CRUDE,WTI_CRUDE,59.48,,,,alpha_vantage,WTI,benchmark_spot,USD,USD_PER_BARREL,False
2015-07-01,WTI_CRUDE,WTI_CRUDE,56.94,,,,alpha_vantage,WTI,benchmark_spot,USD,USD_PER_BARREL,False
2015-07-02,WTI_CRUDE,WTI_CRUDE,56.93,,,,alpha_vantage,WTI,benchmark_spot,USD,USD_PER_BARREL,False
2015-07-06,WTI_CRUDE,WTI_CRUDE,52.48,,,,alpha_vantage,WTI,benchmark_spot,USD,USD_PER_BARREL,False
2015-07-07,WTI_CRUDE,WTI_CRUDE,52.33,,,,alpha_vantage,WTI,benchmark_spot,USD,USD_PER_BARREL,False
2015-07-08,WTI_CRUDE,WTI_CRUDE,51.61,,,,alpha_vantage,WTI,benchmark_spot,USD,USD_PER_BARREL,False
2015-07-09,WTI_CRUDE,WTI_CRUDE,52.76,,,,alpha_vantage,WTI,benchmark_spot,USD,USD_PER_BARREL,False
2015-07-10,WTI_CRUDE,WTI_CRUDE,52.74,,,,alpha_vantage,WTI,benchmark_spot,USD,USD_PER_BARREL,False
2015-07-13,WTI_CRUDE,WTI_CRUDE,52.19,,,,alpha_vantage,WTI,benchmark_spot,USD,USD_PER_BARREL,False
2015-07-14,WTI_CRUDE,WTI_CRUDE,53.05,,,,alpha_vantage,WTI,benchmark_spot,USD,USD_PER_BARREL,False
2015-07-15,WTI_CRUDE,WTI_CRUDE,51.4,,,,alpha_vantage,WTI,benchmark_spot,USD,USD_PER_BARREL,False
2015-07-16,WTI_CRUDE,WTI_CRUDE,50.9,,,,alpha_vantage,WTI,benchmark_spot,USD,USD_PER_BARREL,False
2015-07-17,WTI_CRUDE,WTI_CRUDE,50.88,,,,alpha_vantage,WTI,benchmark_spot,USD,USD_PER_BARREL,False
2015-07-20,WTI_CRUDE,WTI_CRUDE,50.11,,,,alpha_vantage,WTI,benchmark_spot,USD,USD_PER_BARREL,False
2015-07-21,WTI_CRUDE,WTI_CRUDE,50.59,,,,alpha_vantage,WTI,benchmark_spot,USD,USD_PER_BARREL,False
2015-07-22,WTI_CRUDE,WTI_CRUDE,49.27,,,,alpha_vantage,WTI,benchmark_spot,USD,USD_PER_BARREL,False
2015-07-23,WTI_CRUDE,WTI_CRUDE,48.11,,,,alpha_vantage,WTI,benchmark_spot,USD,USD_PER_BARREL,False
2015-07-24,WTI_CRUDE,WTI_CRUDE,47.98,,,,alpha_vantage,WTI,benchmark_spot,USD,USD_PER_BARREL,False
2015-07-27,WTI_CRUDE,WTI_CRUDE,47.17,,,,alpha_vantage,WTI,benchmark_spot,USD,USD_PER_BARREL,False
2015-07-28,WTI_CRUDE,WTI_CRUDE,47.97,,,,alpha_vantage,WTI,benchmark_spot,USD,USD_PER_BARREL,False
2015-07-29,WTI_CRUDE,WTI_CRUDE,48.77,,,,alpha_vantage,WTI,benchmark_spot,USD,USD_PER_BARREL,False
2015-07-30,WTI_CRUDE,WTI_CRUDE,48.53,,,,alpha_vantage,WTI,benchmark_spot,USD,USD_PER_BARREL,False
2015-07-31,WTI_CRUDE,WTI_CRUDE,47.11,,,,alpha_vantage,WTI,benchmark_spot,USD,USD_PER_BARREL,False
2015-08-03,WTI_CRUDE,WTI_CRUDE,45.25,,,,alpha_vantage,WTI,benchmark_spot,USD,USD_PER_BARREL,False
2015-08-04,WTI_CRUDE,WTI_CRUDE,45.75,,,,alpha_vantage,WTI,benchmark_spot,USD,USD_PER_BARREL,False
2015-08-05,WTI_CRUDE,WTI_CRUDE,45.13,,,,alpha_vantage,WTI,benchmark_spot,USD,USD_PER_BARREL,False
2015-08-06,WTI_CRUDE,WTI_CRUDE,44.69,,,,alpha_vantage,WTI,benchmark_spot,USD,USD_PER_BARREL,False
2015-08-07,WTI_CRUDE,WTI_CRUDE,43.87,,,,alpha_vantage,WTI,benchmark_spot,USD,USD_PER_BARREL,False
2015-08-10,WTI_CRUDE,WTI_CRUDE,44.94,,,,alpha_vantage,WTI,benchmark_spot,USD,USD_PER_BARREL,False
2015-08-11,WTI_CRUDE,WTI_CRUDE,43.11,,,,alpha_vantage,WTI,benchmark_spot,USD,USD_PER_BARREL,False
2015-08-12,WTI_CRUDE,WTI_CRUDE,43.22,,,,alpha_vantage,WTI,benchmark_spot,USD,USD_PER_BARREL,False
2015-08-13,WTI_CRUDE,WTI_CRUDE,42.27,,,,alpha_vantage,WTI,benchmark_spot,USD,USD_PER_BARREL,False
2015-08-14,WTI_CRUDE,WTI_CRUDE,42.45,,,,alpha_vantage,WTI,benchmark_spot,USD,USD_PER_BARREL,False
2015-08-17,WTI_CRUDE,WTI_CRUDE,41.93,,,,alpha_vantage,WTI,benchmark_spot,USD,USD_PER_BARREL,False
2015-08-18,WTI_CRUDE,WTI_CRUDE,42.58,,,,alpha_vantage,WTI,benchmark_spot,USD,USD_PER_BARREL,False
2015-08-19,WTI_CRUDE,WTI_CRUDE,40.75,,,,alpha_vantage,WTI,benchmark_spot,USD,USD_PER_BARREL,False
2015-08-20,WTI_CRUDE,WTI_CRUDE,41.0,,,,alpha_vantage,WTI,benchmark_spot,USD,USD_PER_BARREL,False
2015-08-21,WTI_CRUDE,WTI_CRUDE,40.45,,,,alpha_vantage,WTI,benchmark_spot,USD,USD_PER_BARREL,False
2015-08-24,WTI_CRUDE,WTI_CRUDE,38.22,,,,alpha_vantage,WTI,benchmark_spot,USD,USD_PER_BARREL,False
2015-08-25,WTI_CRUDE,WTI_CRUDE,39.15,,,,alpha_vantage,WTI,benchmark_spot,USD,USD_PER_BARREL,False
2015-08-26,WTI_CRUDE,WTI_CRUDE,38.5,,,,alpha_vantage,WTI,benchmark_spot,USD,USD_PER_BARREL,False
2015-08-27,WTI_CRUDE,WTI_CRUDE,42.47,,,,alpha_vantage,WTI,benchmark_spot,USD,USD_PER_BARREL,False
2015-08-28,WTI_CRUDE,WTI_CRUDE,45.29,,,,alpha_vantage,WTI,benchmark_spot,USD,USD_PER_BARREL,False
2015-08-31,WTI_CRUDE,WTI_CRUDE,49.2,,,,alpha_vantage,WTI,benchmark_spot,USD,USD_PER_BARREL,False
2015-09-01,WTI_CRUDE,WTI_CRUDE,45.38,,,,alpha_vantage,WTI,benchmark_spot,USD,USD_PER_BARREL,False
2015-09-02,WTI_CRUDE,WTI_CRUDE,46.3,,,,alpha_vantage,WTI,benchmark_spot,USD,USD_PER_BARREL,False
2015-09-03,WTI_CRUDE,WTI_CRUDE,46.75,,,,alpha_vantage,WTI,benchmark_spot,USD,USD_PER_BARREL,False
2015-09-04,WTI_CRUDE,WTI_CRUDE,46.02,,,,alpha_vantage,WTI,benchmark_spot,USD,USD_PER_BARREL,False
2015-09-08,WTI_CRUDE,WTI_CRUDE,45.92,,,,alpha_vantage,WTI,benchmark_spot,USD,USD_PER_BARREL,False
2015-09-09,WTI_CRUDE,WTI_CRUDE,44.13,,,,alpha_vantage,WTI,benchmark_spot,USD,USD_PER_BARREL,False
2015-09-10,WTI_CRUDE,WTI_CRUDE,45.85,,,,alpha_vantage,WTI,benchmark_spot,USD,USD_PER_BARREL,False
2015-09-11,WTI_CRUDE,WTI_CRUDE,44.75,,,,alpha_vantage,WTI,benchmark_spot,USD,USD_PER_BARREL,False
2015-09-14,WTI_CRUDE,WTI_CRUDE,44.07,,,,alpha_vantage,WTI,benchmark_spot,USD,USD_PER_BARREL,False
2015-09-15,WTI_CRUDE,WTI_CRUDE,44.58,,,,alpha_vantage,WTI,benchmark_spot,USD,USD_PER_BARREL,False
2015-09-16,WTI_CRUDE,WTI_CRUDE,47.12,,,,alpha_vantage,WTI,benchmark_spot,USD,USD_PER_BARREL,False
2015-09-17,WTI_CRUDE,WTI_CRUDE,46.93,,,,alpha_vantage,WTI,benchmark_spot,USD,USD_PER_BARREL,False
2015-09-18,WTI_CRUDE,WTI_CRUDE,44.71,,,,alpha_vantage,WTI,benchmark_spot,USD,USD_PER_BARREL,False
2015-09-21,WTI_CRUDE,WTI_CRUDE,46.67,,,,alpha_vantage,WTI,benchmark_spot,USD,USD_PER_BARREL,False
2015-09-22,WTI_CRUDE,WTI_CRUDE,46.17,,,,alpha_vantage,WTI,benchmark_spot,USD,USD_PER_BARREL,False
2015-09-23,WTI_CRUDE,WTI_CRUDE,44.53,,,,alpha_vantage,WTI,benchmark_spot,USD,USD_PER_BARREL,False
2015-09-24,WTI_CRUDE,WTI_CRUDE,44.94,,,,alpha_vantage,WTI,benchmark_spot,USD,USD_PER_BARREL,False
2015-09-25,WTI_CRUDE,WTI_CRUDE,45.55,,,,alpha_vantage,WTI,benchmark_spot,USD,USD_PER_BARREL,False
2015-09-28,WTI_CRUDE,WTI_CRUDE,44.4,,,,alpha_vantage,WTI,benchmark_spot,USD,USD_PER_BARREL,False
2015-09-29,WTI_CRUDE,WTI_CRUDE,45.24,,,,alpha_vantage,WTI,benchmark_spot,USD,USD_PER_BARREL,False
2015-09-30,WTI_CRUDE,WTI_CRUDE,45.06,,,,alpha_vantage,WTI,benchmark_spot,USD,USD_PER_BARREL,False
2015-10-01,WTI_CRUDE,WTI_CRUDE,44.75,,,,alpha_vantage,WTI,benchmark_spot,USD,USD_PER_BARREL,False
2015-10-02,WTI_CRUDE,WTI_CRUDE,45.54,,,,alpha_vantage,WTI,benchmark_spot,USD,USD_PER_BARREL,False
2015-10-05,WTI_CRUDE,WTI_CRUDE,46.28,,,,alpha_vantage,WTI,benchmark_spot,USD,USD_PER_BARREL,False
2015-10-06,WTI_CRUDE,WTI_CRUDE,48.53,,,,alpha_vantage,WTI,benchmark_spot,USD,USD_PER_BARREL,False
2015-10-07,WTI_CRUDE,WTI_CRUDE,47.86,,,,alpha_vantage,WTI,benchmark_spot,USD,USD_PER_BARREL,False
2015-10-08,WTI_CRUDE,WTI_CRUDE,49.46,,,,alpha_vantage,WTI,benchmark_spot,USD,USD_PER_BARREL,False
2015-10-09,WTI_CRUDE,WTI_CRUDE,49.67,,,,alpha_vantage,WTI,benchmark_spot,USD,USD_PER_BARREL,False
2015-10-12,WTI_CRUDE,WTI_CRUDE,47.09,,,,alpha_vantage,WTI,benchmark_spot,USD,USD_PER_BARREL,False
2015-10-13,WTI_CRUDE,WTI_CRUDE,46.7,,,,alpha_vantage,WTI,benchmark_spot,USD,USD_PER_BARREL,False
2015-10-14,WTI_CRUDE,WTI_CRUDE,46.63,,,,alpha_vantage,WTI,benchmark_spot,USD,USD_PER_BARREL,False
2015-10-15,WTI_CRUDE,WTI_CRUDE,46.38,,,,alpha_vantage,WTI,benchmark_spot,USD,USD_PER_BARREL,False
2015-10-16,WTI_CRUDE,WTI_CRUDE,47.3,,,,alpha_vantage,WTI,benchmark_spot,USD,USD_PER_BARREL,False
2015-10-19,WTI_CRUDE,WTI_CRUDE,45.91,,,,alpha_vantage,WTI,benchmark_spot,USD,USD_PER_BARREL,False
2015-10-20,WTI_CRUDE,WTI_CRUDE,45.84,,,,alpha_vantage,WTI,benchmark_spot,USD,USD_PER_BARREL,False
2015-10-21,WTI_CRUDE,WTI_CRUDE,45.22,,,,alpha_vantage,WTI,benchmark_spot,USD,USD_PER_BARREL,False
2015-10-22,WTI_CRUDE,WTI_CRUDE,44.9,,,,alpha_vantage,WTI,benchmark_spot,USD,USD_PER_BARREL,False
2015-10-23,WTI_CRUDE,WTI_CRUDE,43.91,,,,alpha_vantage,WTI,benchmark_spot,USD,USD_PER_BARREL,False
2015-10-26,WTI_CRUDE,WTI_CRUDE,43.19,,,,alpha_vantage,WTI,benchmark_spot,USD,USD_PER_BARREL,False
2015-10-27,WTI_CRUDE,WTI_CRUDE,43.21,,,,alpha_vantage,WTI,benchmark_spot,USD,USD_PER_BARREL,False
2015-10-28,WTI_CRUDE,WTI_CRUDE,45.93,,,,alpha_vantage,WTI,benchmark_spot,USD,USD_PER_BARREL,False
2015-10-29,WTI_CRUDE,WTI_CRUDE,46.02,,,,alpha_vantage,WTI,benchmark_spot,USD,USD_PER_BARREL,False
2015-10-30,WTI_CRUDE,WTI_CRUDE,46.6,,,,alpha_vantage,WTI,benchmark_spot,USD,USD_PER_BARREL,False
2015-11-02,WTI_CRUDE,WTI_CRUDE,46.12,,,,alpha_vantage,WTI,benchmark_spot,USD,USD_PER_BARREL,False
2015-11-03,WTI_CRUDE,WTI_CRUDE,47.88,,,,alpha_vantage,WTI,benchmark_spot,USD,USD_PER_BARREL,False
2015-11-04,WTI_CRUDE,WTI_CRUDE,46.32,,,,alpha_vantage,WTI,benchmark_spot,USD,USD_PER_BARREL,False
2015-11-05,WTI_CRUDE,WTI_CRUDE,45.27,,,,alpha_vantage,WTI,benchmark_spot,USD,USD_PER_BARREL,False
2015-11-06,WTI_CRUDE,WTI_CRUDE,44.32,,,,alpha_vantage,WTI,benchmark_spot,USD,USD_PER_BARREL,False
2015-11-09,WTI_CRUDE,WTI_CRUDE,43.87,,,,alpha_vantage,WTI,benchmark_spot,USD,USD_PER_BARREL,False
2015-11-10,WTI_CRUDE,WTI_CRUDE,44.23,,,,alpha_vantage,WTI,benchmark_spot,USD,USD_PER_BARREL,False
2015-11-11,WTI_CRUDE,WTI_CRUDE,42.95,,,,alpha_vantage,WTI,benchmark_spot,USD,USD_PER_BARREL,False
2015-11-12,WTI_CRUDE,WTI_CRUDE,41.74,,,,alpha_vantage,WTI,benchmark_spot,USD,USD_PER_BARREL,False
2015-11-13,WTI_CRUDE,WTI_CRUDE,40.69,,,,alpha_vantage,WTI,benchmark_spot,USD,USD_PER_BARREL,False
2015-11-16,WTI_CRUDE,WTI_CRUDE,41.68,,,,alpha_vantage,WTI,benchmark_spot,USD,USD_PER_BARREL,False
2015-11-17,WTI_CRUDE,WTI_CRUDE,40.73,,,,alpha_vantage,WTI,benchmark_spot,USD,USD_PER_BARREL,False
2015-11-18,WTI_CRUDE,WTI_CRUDE,40.75,,,,alpha_vantage,WTI,benchmark_spot,USD,USD_PER_BARREL,False
2015-11-19,WTI_CRUDE,WTI_CRUDE,40.55,,,,alpha_vantage,WTI,benchmark_spot,USD,USD_PER_BARREL,False
2015-11-20,WTI_CRUDE,WTI_CRUDE,39.39,,,,alpha_vantage,WTI,benchmark_spot,USD,USD_PER_BARREL,False
2015-11-23,WTI_CRUDE,WTI_CRUDE,39.27,,,,alpha_vantage,WTI,benchmark_spot,USD,USD_PER_BARREL,False
2015-11-24,WTI_CRUDE,WTI_CRUDE,40.89,,,,alpha_vantage,WTI,benchmark_spot,USD,USD_PER_BARREL,False
2015-11-25,WTI_CRUDE,WTI_CRUDE,41.22,,,,alpha_vantage,WTI,benchmark_spot,USD,USD_PER_BARREL,False
2015-11-27,WTI_CRUDE,WTI_CRUDE,40.57,,,,alpha_vantage,WTI,benchmark_spot,USD,USD_PER_BARREL,False
2015-11-30,WTI_CRUDE,WTI_CRUDE,40.43,,,,alpha_vantage,WTI,benchmark_spot,USD,USD_PER_BARREL,False
2015-12-01,WTI_CRUDE,WTI_CRUDE,40.58,,,,alpha_vantage,WTI,benchmark_spot,USD,USD_PER_BARREL,False
2015-12-02,WTI_CRUDE,WTI_CRUDE,39.93,,,,alpha_vantage,WTI,benchmark_spot,USD,USD_PER_BARREL,False
2015-12-03,WTI_CRUDE,WTI_CRUDE,41.08,,,,alpha_vantage,WTI,benchmark_spot,USD,USD_PER_BARREL,False
2015-12-04,WTI_CRUDE,WTI_CRUDE,40.0,,,,alpha_vantage,WTI,benchmark_spot,USD,USD_PER_BARREL,False
2015-12-07,WTI_CRUDE,WTI_CRUDE,37.64,,,,alpha_vantage,WTI,benchmark_spot,USD,USD_PER_BARREL,False
2015-12-08,WTI_CRUDE,WTI_CRUDE,37.46,,,,alpha_vantage,WTI,benchmark_spot,USD,USD_PER_BARREL,False
2015-12-09,WTI_CRUDE,WTI_CRUDE,37.16,,,,alpha_vantage,WTI,benchmark_spot,USD,USD_PER_BARREL,False
2015-12-10,WTI_CRUDE,WTI_CRUDE,36.76,,,,alpha_vantage,WTI,benchmark_spot,USD,USD_PER_BARREL,False
2015-12-11,WTI_CRUDE,WTI_CRUDE,35.65,,,,alpha_vantage,WTI,benchmark_spot,USD,USD_PER_BARREL,False
2015-12-14,WTI_CRUDE,WTI_CRUDE,36.31,,,,alpha_vantage,WTI,benchmark_spot,USD,USD_PER_BARREL,False
2015-12-15,WTI_CRUDE,WTI_CRUDE,37.32,,,,alpha_vantage,WTI,benchmark_spot,USD,USD_PER_BARREL,False
2015-12-16,WTI_CRUDE,WTI_CRUDE,35.55,,,,alpha_vantage,WTI,benchmark_spot,USD,USD_PER_BARREL,False
2015-12-17,WTI_CRUDE,WTI_CRUDE,34.98,,,,alpha_vantage,WTI,benchmark_spot,USD,USD_PER_BARREL,False
2015-12-18,WTI_CRUDE,WTI_CRUDE,34.72,,,,alpha_vantage,WTI,benchmark_spot,USD,USD_PER_BARREL,False
2015-12-21,WTI_CRUDE,WTI_CRUDE,34.55,,,,alpha_vantage,WTI,benchmark_spot,USD,USD_PER_BARREL,False
2015-12-22,WTI_CRUDE,WTI_CRUDE,36.12,,,,alpha_vantage,WTI,benchmark_spot,USD,USD_PER_BARREL,False
2015-12-23,WTI_CRUDE,WTI_CRUDE,36.76,,,,alpha_vantage,WTI,benchmark_spot,USD,USD_PER_BARREL,False
2015-12-24,WTI_CRUDE,WTI_CRUDE,37.62,,,,alpha_vantage,WTI,benchmark_spot,USD,USD_PER_BARREL,False
2015-12-28,WTI_CRUDE,WTI_CRUDE,36.36,,,,alpha_vantage,WTI,benchmark_spot,USD,USD_PER_BARREL,False
2015-12-29,WTI_CRUDE,WTI_CRUDE,37.88,,,,alpha_vantage,WTI,benchmark_spot,USD,USD_PER_BARREL,False
2015-12-30,WTI_CRUDE,WTI_CRUDE,36.59,,,,alpha_vantage,WTI,benchmark_spot,USD,USD_PER_BARREL,False
2015-12-31,WTI_CRUDE,WTI_CRUDE,37.13,,,,alpha_vantage,WTI,benchmark_spot,USD,USD_PER_BARREL,False
2016-01-04,WTI_CRUDE,WTI_CRUDE,36.81,,,,alpha_vantage,WTI,benchmark_spot,USD,USD_PER_BARREL,False
2016-01-05,WTI_CRUDE,WTI_CRUDE,35.97,,,,alpha_vantage,WTI,benchmark_spot,USD,USD_PER_BARREL,False
2016-01-06,WTI_CRUDE,WTI_CRUDE,33.97,,,,alpha_vantage,WTI,benchmark_spot,USD,USD_PER_BARREL,False
2016-01-07,WTI_CRUDE,WTI_CRUDE,33.29,,,,alpha_vantage,WTI,benchmark_spot,USD,USD_PER_BARREL,False
2016-01-08,WTI_CRUDE,WTI_CRUDE,33.2,,,,alpha_vantage,WTI,benchmark_spot,USD,USD_PER_BARREL,False
2016-01-11,WTI_CRUDE,WTI_CRUDE,31.42,,,,alpha_vantage,WTI,benchmark_spot,USD,USD_PER_BARREL,False
2016-01-12,WTI_CRUDE,WTI_CRUDE,30.42,,,,alpha_vantage,WTI,benchmark_spot,USD,USD_PER_BARREL,False
2016-01-13,WTI_CRUDE,WTI_CRUDE,30.42,,,,alpha_vantage,WTI,benchmark_spot,USD,USD_PER_BARREL,False
2016-01-14,WTI_CRUDE,WTI_CRUDE,31.22,,,,alpha_vantage,WTI,benchmark_spot,USD,USD_PER_BARREL,False
2016-01-15,WTI_CRUDE,WTI_CRUDE,29.45,,,,alpha_vantage,WTI,benchmark_spot,USD,USD_PER_BARREL,False
2016-01-19,WTI_CRUDE,WTI_CRUDE,28.47,,,,alpha_vantage,WTI,benchmark_spot,USD,USD_PER_BARREL,False
2016-01-20,WTI_CRUDE,WTI_CRUDE,26.68,,,,alpha_vantage,WTI,benchmark_spot,USD,USD_PER_BARREL,False
2016-01-21,WTI_CRUDE,WTI_CRUDE,29.55,,,,alpha_vantage,WTI,benchmark_spot,USD,USD_PER_BARREL,False
2016-01-22,WTI_CRUDE,WTI_CRUDE,32.07,,,,alpha_vantage,WTI,benchmark_spot,USD,USD_PER_BARREL,False
2016-01-25,WTI_CRUDE,WTI_CRUDE,30.31,,,,alpha_vantage,WTI,benchmark_spot,USD,USD_PER_BARREL,False
2016-01-26,WTI_CRUDE,WTI_CRUDE,29.54,,,,alpha_vantage,WTI,benchmark_spot,USD,USD_PER_BARREL,False
2016-01-27,WTI_CRUDE,WTI_CRUDE,32.32,,,,alpha_vantage,WTI,benchmark_spot,USD,USD_PER_BARREL,False
2016-01-28,WTI_CRUDE,WTI_CRUDE,33.21,,,,alpha_vantage,WTI,benchmark_spot,USD,USD_PER_BARREL,False
2016-01-29,WTI_CRUDE,WTI_CRUDE,33.66,,,,alpha_vantage,WTI,benchmark_spot,USD,USD_PER_BARREL,False
2016-02-01,WTI_CRUDE,WTI_CRUDE,31.62,,,,alpha_vantage,WTI,benchmark_spot,USD,USD_PER_BARREL,False
2016-02-02,WTI_CRUDE,WTI_CRUDE,29.9,,,,alpha_vantage,WTI,benchmark_spot,USD,USD_PER_BARREL,False
2016-02-03,WTI_CRUDE,WTI_CRUDE,32.29,,,,alpha_vantage,WTI,benchmark_spot,USD,USD_PER_BARREL,False
2016-02-04,WTI_CRUDE,WTI_CRUDE,31.63,,,,alpha_vantage,WTI,benchmark_spot,USD,USD_PER_BARREL,False
2016-02-05,WTI_CRUDE,WTI_CRUDE,30.86,,,,alpha_vantage,WTI,benchmark_spot,USD,USD_PER_BARREL,False
2016-02-08,WTI_CRUDE,WTI_CRUDE,29.71,,,,alpha_vantage,WTI,benchmark_spot,USD,USD_PER_BARREL,False
2016-02-09,WTI_CRUDE,WTI_CRUDE,27.96,,,,alpha_vantage,WTI,benchmark_spot,USD,USD_PER_BARREL,False
2016-02-10,WTI_CRUDE,WTI_CRUDE,27.54,,,,alpha_vantage,WTI,benchmark_spot,USD,USD_PER_BARREL,False
2016-02-11,WTI_CRUDE,WTI_CRUDE,26.19,,,,alpha_vantage,WTI,benchmark_spot,USD,USD_PER_BARREL,False
2016-02-12,WTI_CRUDE,WTI_CRUDE,29.32,,,,alpha_vantage,WTI,benchmark_spot,USD,USD_PER_BARREL,False
2016-02-16,WTI_CRUDE,WTI_CRUDE,29.05,,,,alpha_vantage,WTI,benchmark_spot,USD,USD_PER_BARREL,False
2016-02-17,WTI_CRUDE,WTI_CRUDE,30.68,,,,alpha_vantage,WTI,benchmark_spot,USD,USD_PER_BARREL,False
2016-02-18,WTI_CRUDE,WTI_CRUDE,30.77,,,,alpha_vantage,WTI,benchmark_spot,USD,USD_PER_BARREL,False
2016-02-19,WTI_CRUDE,WTI_CRUDE,29.59,,,,alpha_vantage,WTI,benchmark_spot,USD,USD_PER_BARREL,False
2016-02-22,WTI_CRUDE,WTI_CRUDE,31.37,,,,alpha_vantage,WTI,benchmark_spot,USD,USD_PER_BARREL,False
2016-02-23,WTI_CRUDE,WTI_CRUDE,31.84,,,,alpha_vantage,WTI,benchmark_spot,USD,USD_PER_BARREL,False
2016-02-24,WTI_CRUDE,WTI_CRUDE,30.35,,,,alpha_vantage,WTI,benchmark_spot,USD,USD_PER_BARREL,False
2016-02-25,WTI_CRUDE,WTI_CRUDE,31.4,,,,alpha_vantage,WTI,benchmark_spot,USD,USD_PER_BARREL,False
2016-02-26,WTI_CRUDE,WTI_CRUDE,31.65,,,,alpha_vantage,WTI,benchmark_spot,USD,USD_PER_BARREL,False
2016-02-29,WTI_CRUDE,WTI_CRUDE,32.74,,,,alpha_vantage,WTI,benchmark_spot,USD,USD_PER_BARREL,False
2016-03-01,WTI_CRUDE,WTI_CRUDE,34.39,,,,alpha_vantage,WTI,benchmark_spot,USD,USD_PER_BARREL,False
2016-03-02,WTI_CRUDE,WTI_CRUDE,34.57,,,,alpha_vantage,WTI,benchmark_spot,USD,USD_PER_BARREL,False
2016-03-03,WTI_CRUDE,WTI_CRUDE,34.56,,,,alpha_vantage,WTI,benchmark_spot,USD,USD_PER_BARREL,False
2016-03-04,WTI_CRUDE,WTI_CRUDE,35.91,,,,alpha_vantage,WTI,benchmark_spot,USD,USD_PER_BARREL,False
2016-03-07,WTI_CRUDE,WTI_CRUDE,37.9,,,,alpha_vantage,WTI,benchmark_spot,USD,USD_PER_BARREL,False
2016-03-08,WTI_CRUDE,WTI_CRUDE,36.67,,,,alpha_vantage,WTI,benchmark_spot,USD,USD_PER_BARREL,False
2016-03-09,WTI_CRUDE,WTI_CRUDE,37.62,,,,alpha_vantage,WTI,benchmark_spot,USD,USD_PER_BARREL,False
2016-03-10,WTI_CRUDE,WTI_CRUDE,37.77,,,,alpha_vantage,WTI,benchmark_spot,USD,USD_PER_BARREL,False
2016-03-11,WTI_CRUDE,WTI_CRUDE,38.51,,,,alpha_vantage,WTI,benchmark_spot,USD,USD_PER_BARREL,False
2016-03-14,WTI_CRUDE,WTI_CRUDE,37.2,,,,alpha_vantage,WTI,benchmark_spot,USD,USD_PER_BARREL,False
2016-03-15,WTI_CRUDE,WTI_CRUDE,36.32,,,,alpha_vantage,WTI,benchmark_spot,USD,USD_PER_BARREL,False
2016-03-16,WTI_CRUDE,WTI_CRUDE,38.43,,,,alpha_vantage,WTI,benchmark_spot,USD,USD_PER_BARREL,False
2016-03-17,WTI_CRUDE,WTI_CRUDE,40.17,,,,alpha_vantage,WTI,benchmark_spot,USD,USD_PER_BARREL,False
2016-03-18,WTI_CRUDE,WTI_CRUDE,39.47,,,,alpha_vantage,WTI,benchmark_spot,USD,USD_PER_BARREL,False
2016-03-21,WTI_CRUDE,WTI_CRUDE,39.91,,,,alpha_vantage,WTI,benchmark_spot,USD,USD_PER_BARREL,False
2016-03-22,WTI_CRUDE,WTI_CRUDE,41.45,,,,alpha_vantage,WTI,benchmark_spot,USD,USD_PER_BARREL,False
2016-03-23,WTI_CRUDE,WTI_CRUDE,38.28,,,,alpha_vantage,WTI,benchmark_spot,USD,USD_PER_BARREL,False
2016-03-24,WTI_CRUDE,WTI_CRUDE,38.14,,,,alpha_vantage,WTI,benchmark_spot,USD,USD_PER_BARREL,False
2016-03-28,WTI_CRUDE,WTI_CRUDE,37.99,,,,alpha_vantage,WTI,benchmark_spot,USD,USD_PER_BARREL,False
2016-03-29,WTI_CRUDE,WTI_CRUDE,36.91,,,,alpha_vantage,WTI,benchmark_spot,USD,USD_PER_BARREL,False
2016-03-30,WTI_CRUDE,WTI_CRUDE,36.91,,,,alpha_vantage,WTI,benchmark_spot,USD,USD_PER_BARREL,False
2016-03-31,WTI_CRUDE,WTI_CRUDE,36.94,,,,alpha_vantage,WTI,benchmark_spot,USD,USD_PER_BARREL,False
2016-04-01,WTI_CRUDE,WTI_CRUDE,35.36,,,,alpha_vantage,WTI,benchmark_spot,USD,USD_PER_BARREL,False
2016-04-04,WTI_CRUDE,WTI_CRUDE,34.3,,,,alpha_vantage,WTI,benchmark_spot,USD,USD_PER_BARREL,False
2016-04-05,WTI_CRUDE,WTI_CRUDE,34.52,,,,alpha_vantage,WTI,benchmark_spot,USD,USD_PER_BARREL,False
2016-04-06,WTI_CRUDE,WTI_CRUDE,37.74,,,,alpha_vantage,WTI,benchmark_spot,USD,USD_PER_BARREL,False
2016-04-07,WTI_CRUDE,WTI_CRUDE,37.3,,,,alpha_vantage,WTI,benchmark_spot,USD,USD_PER_BARREL,False
2016-04-08,WTI_CRUDE,WTI_CRUDE,39.74,,,,alpha_vantage,WTI,benchmark_spot,USD,USD_PER_BARREL,False
2016-04-11,WTI_CRUDE,WTI_CRUDE,40.46,,,,alpha_vantage,WTI,benchmark_spot,USD,USD_PER_BARREL,False
2016-04-12,WTI_CRUDE,WTI_CRUDE,42.12,,,,alpha_vantage,WTI,benchmark_spot,USD,USD_PER_BARREL,False
2016-04-13,WTI_CRUDE,WTI_CRUDE,41.7,,,,alpha_vantage,WTI,benchmark_spot,USD,USD_PER_BARREL,False
2016-04-14,WTI_CRUDE,WTI_CRUDE,41.45,,,,alpha_vantage,WTI,benchmark_spot,USD,USD_PER_BARREL,False
2016-04-15,WTI_CRUDE,WTI_CRUDE,40.4,,,,alpha_vantage,WTI,benchmark_spot,USD,USD_PER_BARREL,False
2016-04-18,WTI_CRUDE,WTI_CRUDE,39.74,,,,alpha_vantage,WTI,benchmark_spot,USD,USD_PER_BARREL,False
2016-04-19,WTI_CRUDE,WTI_CRUDE,40.88,,,,alpha_vantage,WTI,benchmark_spot,USD,USD_PER_BARREL,False
2016-04-20,WTI_CRUDE,WTI_CRUDE,42.72,,,,alpha_vantage,WTI,benchmark_spot,USD,USD_PER_BARREL,False
2016-04-21,WTI_CRUDE,WTI_CRUDE,43.18,,,,alpha_vantage,WTI,benchmark_spot,USD,USD_PER_BARREL,False
2016-04-22,WTI_CRUDE,WTI_CRUDE,42.76,,,,alpha_vantage,WTI,benchmark_spot,USD,USD_PER_BARREL,False
2016-04-25,WTI_CRUDE,WTI_CRUDE,41.67,,,,alpha_vantage,WTI,benchmark_spot,USD,USD_PER_BARREL,False
2016-04-26,WTI_CRUDE,WTI_CRUDE,42.52,,,,alpha_vantage,WTI,benchmark_spot,USD,USD_PER_BARREL,False
2016-04-27,WTI_CRUDE,WTI_CRUDE,45.29,,,,alpha_vantage,WTI,benchmark_spot,USD,USD_PER_BARREL,False
2016-04-28,WTI_CRUDE,WTI_CRUDE,46.03,,,,alpha_vantage,WTI,benchmark_spot,USD,USD_PER_BARREL,False
2016-04-29,WTI_CRUDE,WTI_CRUDE,45.98,,,,alpha_vantage,WTI,benchmark_spot,USD,USD_PER_BARREL,False
2016-05-02,WTI_CRUDE,WTI_CRUDE,44.75,,,,alpha_vantage,WTI,benchmark_spot,USD,USD_PER_BARREL,False
2016-05-03,WTI_CRUDE,WTI_CRUDE,43.65,,,,alpha_vantage,WTI,benchmark_spot,USD,USD_PER_BARREL,False
2016-05-04,WTI_CRUDE,WTI_CRUDE,43.77,,,,alpha_vantage,WTI,benchmark_spot,USD,USD_PER_BARREL,False
2016-05-05,WTI_CRUDE,WTI_CRUDE,44.33,,,,alpha_vantage,WTI,benchmark_spot,USD,USD_PER_BARREL,False
2016-05-06,WTI_CRUDE,WTI_CRUDE,44.58,,,,alpha_vantage,WTI,benchmark_spot,USD,USD_PER_BARREL,False
2016-05-09,WTI_CRUDE,WTI_CRUDE,43.45,,,,alpha_vantage,WTI,benchmark_spot,USD,USD_PER_BARREL,False
2016-05-10,WTI_CRUDE,WTI_CRUDE,44.68,,,,alpha_vantage,WTI,benchmark_spot,USD,USD_PER_BARREL,False
2016-05-11,WTI_CRUDE,WTI_CRUDE,46.21,,,,alpha_vantage,WTI,benchmark_spot,USD,USD_PER_BARREL,False
2016-05-12,WTI_CRUDE,WTI_CRUDE,46.64,,,,alpha_vantage,WTI,benchmark_spot,USD,USD_PER_BARREL,False
2016-05-13,WTI_CRUDE,WTI_CRUDE,46.22,,,,alpha_vantage,WTI,benchmark_spot,USD,USD_PER_BARREL,False
2016-05-16,WTI_CRUDE,WTI_CRUDE,47.72,,,,alpha_vantage,WTI,benchmark_spot,USD,USD_PER_BARREL,False
2016-05-17,WTI_CRUDE,WTI_CRUDE,48.29,,,,alpha_vantage,WTI,benchmark_spot,USD,USD_PER_BARREL,False
2016-05-18,WTI_CRUDE,WTI_CRUDE,48.12,,,,alpha_vantage,WTI,benchmark_spot,USD,USD_PER_BARREL,False
2016-05-19,WTI_CRUDE,WTI_CRUDE,48.16,,,,alpha_vantage,WTI,benchmark_spot,USD,USD_PER_BARREL,False
2016-05-20,WTI_CRUDE,WTI_CRUDE,47.67,,,,alpha_vantage,WTI,benchmark_spot,USD,USD_PER_BARREL,False
2016-05-23,WTI_CRUDE,WTI_CRUDE,48.12,,,,alpha_vantage,WTI,benchmark_spot,USD,USD_PER_BARREL,False
2016-05-24,WTI_CRUDE,WTI_CRUDE,48.04,,,,alpha_vantage,WTI,benchmark_spot,USD,USD_PER_BARREL,False
2016-05-25,WTI_CRUDE,WTI_CRUDE,49.1,,,,alpha_vantage,WTI,benchmark_spot,USD,USD_PER_BARREL,False
2016-05-26,WTI_CRUDE,WTI_CRUDE,49.0,,,,alpha_vantage,WTI,benchmark_spot,USD,USD_PER_BARREL,False
2016-05-27,WTI_CRUDE,WTI_CRUDE,49.36,,,,alpha_vantage,WTI,benchmark_spot,USD,USD_PER_BARREL,False
2016-05-31,WTI_CRUDE,WTI_CRUDE,49.1,,,,alpha_vantage,WTI,benchmark_spot,USD,USD_PER_BARREL,False
2016-06-01,WTI_CRUDE,WTI_CRUDE,49.07,,,,alpha_vantage,WTI,benchmark_spot,USD,USD_PER_BARREL,False
2016-06-02,WTI_CRUDE,WTI_CRUDE,49.14,,,,alpha_vantage,WTI,benchmark_spot,USD,USD_PER_BARREL,False
2016-06-03,WTI_CRUDE,WTI_CRUDE,48.69,,,,alpha_vantage,WTI,benchmark_spot,USD,USD_PER_BARREL,False
2016-06-06,WTI_CRUDE,WTI_CRUDE,49.71,,,,alpha_vantage,WTI,benchmark_spot,USD,USD_PER_BARREL,False
2016-06-07,WTI_CRUDE,WTI_CRUDE,50.37,,,,alpha_vantage,WTI,benchmark_spot,USD,USD_PER_BARREL,False
2016-06-08,WTI_CRUDE,WTI_CRUDE,51.23,,,,alpha_vantage,WTI,benchmark_spot,USD,USD_PER_BARREL,False
2016-06-09,WTI_CRUDE,WTI_CRUDE,50.52,,,,alpha_vantage,WTI,benchmark_spot,USD,USD_PER_BARREL,False
2016-06-10,WTI_CRUDE,WTI_CRUDE,49.09,,,,alpha_vantage,WTI,benchmark_spot,USD,USD_PER_BARREL,False
2016-06-13,WTI_CRUDE,WTI_CRUDE,48.89,,,,alpha_vantage,WTI,benchmark_spot,USD,USD_PER_BARREL,False
2016-06-14,WTI_CRUDE,WTI_CRUDE,48.49,,,,alpha_vantage,WTI,benchmark_spot,USD,USD_PER_BARREL,False
2016-06-15,WTI_CRUDE,WTI_CRUDE,47.92,,,,alpha_vantage,WTI,benchmark_spot,USD,USD_PER_BARREL,False
2016-06-16,WTI_CRUDE,WTI_CRUDE,46.14,,,,alpha_vantage,WTI,benchmark_spot,USD,USD_PER_BARREL,False
2016-06-17,WTI_CRUDE,WTI_CRUDE,48.0,,,,alpha_vantage,WTI,benchmark_spot,USD,USD_PER_BARREL,False
2016-06-20,WTI_CRUDE,WTI_CRUDE,49.4,,,,alpha_vantage,WTI,benchmark_spot,USD,USD_PER_BARREL,False
2016-06-21,WTI_CRUDE,WTI_CRUDE,48.95,,,,alpha_vantage,WTI,benchmark_spot,USD,USD_PER_BARREL,False
2016-06-22,WTI_CRUDE,WTI_CRUDE,49.16,,,,alpha_vantage,WTI,benchmark_spot,USD,USD_PER_BARREL,False
2016-06-23,WTI_CRUDE,WTI_CRUDE,49.34,,,,alpha_vantage,WTI,benchmark_spot,USD,USD_PER_BARREL,False
2016-06-24,WTI_CRUDE,WTI_CRUDE,46.7,,,,alpha_vantage,WTI,benchmark_spot,USD,USD_PER_BARREL,False
2016-06-27,WTI_CRUDE,WTI_CRUDE,45.8,,,,alpha_vantage,WTI,benchmark_spot,USD,USD_PER_BARREL,False
2016-06-28,WTI_CRUDE,WTI_CRUDE,47.93,,,,alpha_vantage,WTI,benchmark_spot,USD,USD_PER_BARREL,False
2016-06-29,WTI_CRUDE,WTI_CRUDE,49.85,,,,alpha_vantage,WTI,benchmark_spot,USD,USD_PER_BARREL,False
2016-06-30,WTI_CRUDE,WTI_CRUDE,48.27,,,,alpha_vantage,WTI,benchmark_spot,USD,USD_PER_BARREL,False
2016-07-01,WTI_CRUDE,WTI_CRUDE,49.02,,,,alpha_vantage,WTI,benchmark_spot,USD,USD_PER_BARREL,False
2016-07-05,WTI_CRUDE,WTI_CRUDE,46.73,,,,alpha_vantage,WTI,benchmark_spot,USD,USD_PER_BARREL,False
2016-07-06,WTI_CRUDE,WTI_CRUDE,47.37,,,,alpha_vantage,WTI,benchmark_spot,USD,USD_PER_BARREL,False
2016-07-07,WTI_CRUDE,WTI_CRUDE,45.22,,,,alpha_vantage,WTI,benchmark_spot,USD,USD_PER_BARREL,False
2016-07-08,WTI_CRUDE,WTI_CRUDE,45.37,,,,alpha_vantage,WTI,benchmark_spot,USD,USD_PER_BARREL,False
2016-07-11,WTI_CRUDE,WTI_CRUDE,44.73,,,,alpha_vantage,WTI,benchmark_spot,USD,USD_PER_BARREL,False
2016-07-12,WTI_CRUDE,WTI_CRUDE,46.82,,,,alpha_vantage,WTI,benchmark_spot,USD,USD_PER_BARREL,False
2016-07-13,WTI_CRUDE,WTI_CRUDE,44.87,,,,alpha_vantage,WTI,benchmark_spot,USD,USD_PER_BARREL,False
2016-07-14,WTI_CRUDE,WTI_CRUDE,45.64,,,,alpha_vantage,WTI,benchmark_spot,USD,USD_PER_BARREL,False
2016-07-15,WTI_CRUDE,WTI_CRUDE,45.93,,,,alpha_vantage,WTI,benchmark_spot,USD,USD_PER_BARREL,False
2016-07-18,WTI_CRUDE,WTI_CRUDE,45.23,,,,alpha_vantage,WTI,benchmark_spot,USD,USD_PER_BARREL,False
2016-07-19,WTI_CRUDE,WTI_CRUDE,44.64,,,,alpha_vantage,WTI,benchmark_spot,USD,USD_PER_BARREL,False
2016-07-20,WTI_CRUDE,WTI_CRUDE,44.96,,,,alpha_vantage,WTI,benchmark_spot,USD,USD_PER_BARREL,False
2016-07-21,WTI_CRUDE,WTI_CRUDE,43.96,,,,alpha_vantage,WTI,benchmark_spot,USD,USD_PER_BARREL,False
2016-07-22,WTI_CRUDE,WTI_CRUDE,43.41,,,,alpha_vantage,WTI,benchmark_spot,USD,USD_PER_BARREL,False
2016-07-25,WTI_CRUDE,WTI_CRUDE,42.4,,,,alpha_vantage,WTI,benchmark_spot,USD,USD_PER_BARREL,False
2016-07-26,WTI_CRUDE,WTI_CRUDE,42.16,,,,alpha_vantage,WTI,benchmark_spot,USD,USD_PER_BARREL,False
2016-07-27,WTI_CRUDE,WTI_CRUDE,41.9,,,,alpha_vantage,WTI,benchmark_spot,USD,USD_PER_BARREL,False
2016-07-28,WTI_CRUDE,WTI_CRUDE,41.13,,,,alpha_vantage,WTI,benchmark_spot,USD,USD_PER_BARREL,False
2016-07-29,WTI_CRUDE,WTI_CRUDE,41.54,,,,alpha_vantage,WTI,benchmark_spot,USD,USD_PER_BARREL,False
2016-08-01,WTI_CRUDE,WTI_CRUDE,40.05,,,,alpha_vantage,WTI,benchmark_spot,USD,USD_PER_BARREL,False
2016-08-02,WTI_CRUDE,WTI_CRUDE,39.5,,,,alpha_vantage,WTI,benchmark_spot,USD,USD_PER_BARREL,False
2016-08-03,WTI_CRUDE,WTI_CRUDE,40.8,,,,alpha_vantage,WTI,benchmark_spot,USD,USD_PER_BARREL,False
2016-08-04,WTI_CRUDE,WTI_CRUDE,41.92,,,,alpha_vantage,WTI,benchmark_spot,USD,USD_PER_BARREL,False
2016-08-05,WTI_CRUDE,WTI_CRUDE,41.83,,,,alpha_vantage,WTI,benchmark_spot,USD,USD_PER_BARREL,False
2016-08-08,WTI_CRUDE,WTI_CRUDE,43.06,,,,alpha_vantage,WTI,benchmark_spot,USD,USD_PER_BARREL,False
2016-08-09,WTI_CRUDE,WTI_CRUDE,42.78,,,,alpha_vantage,WTI,benchmark_spot,USD,USD_PER_BARREL,False
2016-08-10,WTI_CRUDE,WTI_CRUDE,41.75,,,,alpha_vantage,WTI,benchmark_spot,USD,USD_PER_BARREL,False
2016-08-11,WTI_CRUDE,WTI_CRUDE,43.51,,,,alpha_vantage,WTI,benchmark_spot,USD,USD_PER_BARREL,False
2016-08-12,WTI_CRUDE,WTI_CRUDE,44.47,,,,alpha_vantage,WTI,benchmark_spot,USD,USD_PER_BARREL,False
2016-08-15,WTI_CRUDE,WTI_CRUDE,45.72,,,,alpha_vantage,WTI,benchmark_spot,USD,USD_PER_BARREL,False
2016-08-16,WTI_CRUDE,WTI_CRUDE,46.57,,,,alpha_vantage,WTI,benchmark_spot,USD,USD_PER_BARREL,False
2016-08-17,WTI_CRUDE,WTI_CRUDE,46.81,,,,alpha_vantage,WTI,benchmark_spot,USD,USD_PER_BARREL,False
2016-08-18,WTI_CRUDE,WTI_CRUDE,48.2,,,,alpha_vantage,WTI,benchmark_spot,USD,USD_PER_BARREL,False
2016-08-19,WTI_CRUDE,WTI_CRUDE,48.48,,,,alpha_vantage,WTI,benchmark_spot,USD,USD_PER_BARREL,False
2016-08-22,WTI_CRUDE,WTI_CRUDE,46.8,,,,alpha_vantage,WTI,benchmark_spot,USD,USD_PER_BARREL,False
2016-08-23,WTI_CRUDE,WTI_CRUDE,47.54,,,,alpha_vantage,WTI,benchmark_spot,USD,USD_PER_BARREL,False
2016-08-24,WTI_CRUDE,WTI_CRUDE,46.29,,,,alpha_vantage,WTI,benchmark_spot,USD,USD_PER_BARREL,False
2016-08-25,WTI_CRUDE,WTI_CRUDE,46.97,,,,alpha_vantage,WTI,benchmark_spot,USD,USD_PER_BARREL,False
2016-08-26,WTI_CRUDE,WTI_CRUDE,47.64,,,,alpha_vantage,WTI,benchmark_spot,USD,USD_PER_BARREL,False
2016-08-29,WTI_CRUDE,WTI_CRUDE,46.97,,,,alpha_vantage,WTI,benchmark_spot,USD,USD_PER_BARREL,False
2016-08-30,WTI_CRUDE,WTI_CRUDE,46.32,,,,alpha_vantage,WTI,benchmark_spot,USD,USD_PER_BARREL,False
2016-08-31,WTI_CRUDE,WTI_CRUDE,44.68,,,,alpha_vantage,WTI,benchmark_spot,USD,USD_PER_BARREL,False
2016-09-01,WTI_CRUDE,WTI_CRUDE,43.17,,,,alpha_vantage,WTI,benchmark_spot,USD,USD_PER_BARREL,False
2016-09-02,WTI_CRUDE,WTI_CRUDE,44.39,,,,alpha_vantage,WTI,benchmark_spot,USD,USD_PER_BARREL,False
2016-09-06,WTI_CRUDE,WTI_CRUDE,44.85,,,,alpha_vantage,WTI,benchmark_spot,USD,USD_PER_BARREL,False
2016-09-07,WTI_CRUDE,WTI_CRUDE,45.47,,,,alpha_vantage,WTI,benchmark_spot,USD,USD_PER_BARREL,False
2016-09-08,WTI_CRUDE,WTI_CRUDE,47.63,,,,alpha_vantage,WTI,benchmark_spot,USD,USD_PER_BARREL,False
2016-09-09,WTI_CRUDE,WTI_CRUDE,45.88,,,,alpha_vantage,WTI,benchmark_spot,USD,USD_PER_BARREL,False
2016-09-12,WTI_CRUDE,WTI_CRUDE,46.28,,,,alpha_vantage,WTI,benchmark_spot,USD,USD_PER_BARREL,False
2016-09-13,WTI_CRUDE,WTI_CRUDE,44.91,,,,alpha_vantage,WTI,benchmark_spot,USD,USD_PER_BARREL,False
2016-09-14,WTI_CRUDE,WTI_CRUDE,43.62,,,,alpha_vantage,WTI,benchmark_spot,USD,USD_PER_BARREL,False
2016-09-15,WTI_CRUDE,WTI_CRUDE,43.85,,,,alpha_vantage,WTI,benchmark_spot,USD,USD_PER_BARREL,False
2016-09-16,WTI_CRUDE,WTI_CRUDE,43.04,,,,alpha_vantage,WTI,benchmark_spot,USD,USD_PER_BARREL,False
2016-09-19,WTI_CRUDE,WTI_CRUDE,43.34,,,,alpha_vantage,WTI,benchmark_spot,USD,USD_PER_BARREL,False
2016-09-20,WTI_CRUDE,WTI_CRUDE,43.85,,,,alpha_vantage,WTI,benchmark_spot,USD,USD_PER_BARREL,False
2016-09-21,WTI_CRUDE,WTI_CRUDE,45.33,,,,alpha_vantage,WTI,benchmark_spot,USD,USD_PER_BARREL,False
2016-09-22,WTI_CRUDE,WTI_CRUDE,46.1,,,,alpha_vantage,WTI,benchmark_spot,USD,USD_PER_BARREL,False
2016-09-23,WTI_CRUDE,WTI_CRUDE,44.36,,,,alpha_vantage,WTI,benchmark_spot,USD,USD_PER_BARREL,False
2016-09-26,WTI_CRUDE,WTI_CRUDE,45.6,,,,alpha_vantage,WTI,benchmark_spot,USD,USD_PER_BARREL,False
2016-09-27,WTI_CRUDE,WTI_CRUDE,44.65,,,,alpha_vantage,WTI,benchmark_spot,USD,USD_PER_BARREL,False
2016-09-28,WTI_CRUDE,WTI_CRUDE,47.07,,,,alpha_vantage,WTI,benchmark_spot,USD,USD_PER_BARREL,False
2016-09-29,WTI_CRUDE,WTI_CRUDE,47.72,,,,alpha_vantage,WTI,benchmark_spot,USD,USD_PER_BARREL,False
2016-09-30,WTI_CRUDE,WTI_CRUDE,47.72,,,,alpha_vantage,WTI,benchmark_spot,USD,USD_PER_BARREL,False
2016-10-03,WTI_CRUDE,WTI_CRUDE,48.8,,,,alpha_vantage,WTI,benchmark_spot,USD,USD_PER_BARREL,False
2016-10-04,WTI_CRUDE,WTI_CRUDE,48.67,,,,alpha_vantage,WTI,benchmark_spot,USD,USD_PER_BARREL,False
2016-10-05,WTI_CRUDE,WTI_CRUDE,49.75,,,,alpha_vantage,WTI,benchmark_spot,USD,USD_PER_BARREL,False
2016-10-06,WTI_CRUDE,WTI_CRUDE,50.44,,,,alpha_vantage,WTI,benchmark_spot,USD,USD_PER_BARREL,False
2016-10-07,WTI_CRUDE,WTI_CRUDE,49.76,,,,alpha_vantage,WTI,benchmark_spot,USD,USD_PER_BARREL,False
2016-10-10,WTI_CRUDE,WTI_CRUDE,49.76,,,,alpha_vantage,WTI,benchmark_spot,USD,USD_PER_BARREL,False
2016-10-11,WTI_CRUDE,WTI_CRUDE,50.72,,,,alpha_vantage,WTI,benchmark_spot,USD,USD_PER_BARREL,False
2016-10-12,WTI_CRUDE,WTI_CRUDE,50.14,,,,alpha_vantage,WTI,benchmark_spot,USD,USD_PER_BARREL,False
2016-10-13,WTI_CRUDE,WTI_CRUDE,50.47,,,,alpha_vantage,WTI,benchmark_spot,USD,USD_PER_BARREL,False
2016-10-14,WTI_CRUDE,WTI_CRUDE,50.35,,,,alpha_vantage,WTI,benchmark_spot,USD,USD_PER_BARREL,False
2016-10-17,WTI_CRUDE,WTI_CRUDE,49.97,,,,alpha_vantage,WTI,benchmark_spot,USD,USD_PER_BARREL,False
2016-10-18,WTI_CRUDE,WTI_CRUDE,50.3,,,,alpha_vantage,WTI,benchmark_spot,USD,USD_PER_BARREL,False
2016-10-19,WTI_CRUDE,WTI_CRUDE,51.59,,,,alpha_vantage,WTI,benchmark_spot,USD,USD_PER_BARREL,False
2016-10-20,WTI_CRUDE,WTI_CRUDE,50.31,,,,alpha_vantage,WTI,benchmark_spot,USD,USD_PER_BARREL,False
2016-10-21,WTI_CRUDE,WTI_CRUDE,50.61,,,,alpha_vantage,WTI,benchmark_spot,USD,USD_PER_BARREL,False
2016-10-24,WTI_CRUDE,WTI_CRUDE,50.18,,,,alpha_vantage,WTI,benchmark_spot,USD,USD_PER_BARREL,False
2016-10-25,WTI_CRUDE,WTI_CRUDE,49.45,,,,alpha_vantage,WTI,benchmark_spot,USD,USD_PER_BARREL,False
2016-10-26,WTI_CRUDE,WTI_CRUDE,48.75,,,,alpha_vantage,WTI,benchmark_spot,USD,USD_PER_BARREL,False
2016-10-27,WTI_CRUDE,WTI_CRUDE,49.71,,,,alpha_vantage,WTI,benchmark_spot,USD,USD_PER_BARREL,False
2016-10-28,WTI_CRUDE,WTI_CRUDE,48.72,,,,alpha_vantage,WTI,benchmark_spot,USD,USD_PER_BARREL,False
2016-10-31,WTI_CRUDE,WTI_CRUDE,46.83,,,,alpha_vantage,WTI,benchmark_spot,USD,USD_PER_BARREL,False
2016-11-01,WTI_CRUDE,WTI_CRUDE,46.66,,,,alpha_vantage,WTI,benchmark_spot,USD,USD_PER_BARREL,False
2016-11-02,WTI_CRUDE,WTI_CRUDE,45.32,,,,alpha_vantage,WTI,benchmark_spot,USD,USD_PER_BARREL,False
2016-11-03,WTI_CRUDE,WTI_CRUDE,44.66,,,,alpha_vantage,WTI,benchmark_spot,USD,USD_PER_BARREL,False
2016-11-04,WTI_CRUDE,WTI_CRUDE,44.07,,,,alpha_vantage,WTI,benchmark_spot,USD,USD_PER_BARREL,False
2016-11-07,WTI_CRUDE,WTI_CRUDE,44.88,,,,alpha_vantage,WTI,benchmark_spot,USD,USD_PER_BARREL,False
2016-11-08,WTI_CRUDE,WTI_CRUDE,44.96,,,,alpha_vantage,WTI,benchmark_spot,USD,USD_PER_BARREL,False
2016-11-09,WTI_CRUDE,WTI_CRUDE,45.2,,,,alpha_vantage,WTI,benchmark_spot,USD,USD_PER_BARREL,False
2016-11-10,WTI_CRUDE,WTI_CRUDE,44.62,,,,alpha_vantage,WTI,benchmark_spot,USD,USD_PER_BARREL,False
2016-11-11,WTI_CRUDE,WTI_CRUDE,43.39,,,,alpha_vantage,WTI,benchmark_spot,USD,USD_PER_BARREL,False
2016-11-14,WTI_CRUDE,WTI_CRUDE,43.29,,,,alpha_vantage,WTI,benchmark_spot,USD,USD_PER_BARREL,False
2016-11-15,WTI_CRUDE,WTI_CRUDE,45.86,,,,alpha_vantage,WTI,benchmark_spot,USD,USD_PER_BARREL,False
2016-11-16,WTI_CRUDE,WTI_CRUDE,45.56,,,,alpha_vantage,WTI,benchmark_spot,USD,USD_PER_BARREL,False
2016-11-17,WTI_CRUDE,WTI_CRUDE,45.37,,,,alpha_vantage,WTI,benchmark_spot,USD,USD_PER_BARREL,False
2016-11-18,WTI_CRUDE,WTI_CRUDE,45.69,,,,alpha_vantage,WTI,benchmark_spot,USD,USD_PER_BARREL,False
2016-11-21,WTI_CRUDE,WTI_CRUDE,47.48,,,,alpha_vantage,WTI,benchmark_spot,USD,USD_PER_BARREL,False
2016-11-22,WTI_CRUDE,WTI_CRUDE,48.07,,,,alpha_vantage,WTI,benchmark_spot,USD,USD_PER_BARREL,False
2016-11-23,WTI_CRUDE,WTI_CRUDE,46.72,,,,alpha_vantage,WTI,benchmark_spot,USD,USD_PER_BARREL,False
2016-11-25,WTI_CRUDE,WTI_CRUDE,46.72,,,,alpha_vantage,WTI,benchmark_spot,USD,USD_PER_BARREL,False
2016-11-28,WTI_CRUDE,WTI_CRUDE,45.66,,,,alpha_vantage,WTI,benchmark_spot,USD,USD_PER_BARREL,False
2016-11-29,WTI_CRUDE,WTI_CRUDE,45.29,,,,alpha_vantage,WTI,benchmark_spot,USD,USD_PER_BARREL,False
2016-11-30,WTI_CRUDE,WTI_CRUDE,49.41,,,,alpha_vantage,WTI,benchmark_spot,USD,USD_PER_BARREL,False
2016-12-01,WTI_CRUDE,WTI_CRUDE,51.08,,,,alpha_vantage,WTI,benchmark_spot,USD,USD_PER_BARREL,False
2016-12-02,WTI_CRUDE,WTI_CRUDE,51.7,,,,alpha_vantage,WTI,benchmark_spot,USD,USD_PER_BARREL,False
2016-12-05,WTI_CRUDE,WTI_CRUDE,51.72,,,,alpha_vantage,WTI,benchmark_spot,USD,USD_PER_BARREL,False
2016-12-06,WTI_CRUDE,WTI_CRUDE,50.95,,,,alpha_vantage,WTI,benchmark_spot,USD,USD_PER_BARREL,False
2016-12-07,WTI_CRUDE,WTI_CRUDE,49.85,,,,alpha_vantage,WTI,benchmark_spot,USD,USD_PER_BARREL,False
2016-12-08,WTI_CRUDE,WTI_CRUDE,50.84,,,,alpha_vantage,WTI,benchmark_spot,USD,USD_PER_BARREL,False
2016-12-09,WTI_CRUDE,WTI_CRUDE,51.51,,,,alpha_vantage,WTI,benchmark_spot,USD,USD_PER_BARREL,False
2016-12-12,WTI_CRUDE,WTI_CRUDE,52.74,,,,alpha_vantage,WTI,benchmark_spot,USD,USD_PER_BARREL,False
2016-12-13,WTI_CRUDE,WTI_CRUDE,52.99,,,,alpha_vantage,WTI,benchmark_spot,USD,USD_PER_BARREL,False
2016-12-14,WTI_CRUDE,WTI_CRUDE,51.01,,,,alpha_vantage,WTI,benchmark_spot,USD,USD_PER_BARREL,False
2016-12-15,WTI_CRUDE,WTI_CRUDE,50.9,,,,alpha_vantage,WTI,benchmark_spot,USD,USD_PER_BARREL,False
2016-12-16,WTI_CRUDE,WTI_CRUDE,51.93,,,,alpha_vantage,WTI,benchmark_spot,USD,USD_PER_BARREL,False
2016-12-19,WTI_CRUDE,WTI_CRUDE,52.13,,,,alpha_vantage,WTI,benchmark_spot,USD,USD_PER_BARREL,False
2016-12-20,WTI_CRUDE,WTI_CRUDE,52.22,,,,alpha_vantage,WTI,benchmark_spot,USD,USD_PER_BARREL,False
2016-12-21,WTI_CRUDE,WTI_CRUDE,51.44,,,,alpha_vantage,WTI,benchmark_spot,USD,USD_PER_BARREL,False
2016-12-22,WTI_CRUDE,WTI_CRUDE,51.98,,,,alpha_vantage,WTI,benchmark_spot,USD,USD_PER_BARREL,False
2016-12-23,WTI_CRUDE,WTI_CRUDE,52.01,,,,alpha_vantage,WTI,benchmark_spot,USD,USD_PER_BARREL,False
2016-12-27,WTI_CRUDE,WTI_CRUDE,52.82,,,,alpha_vantage,WTI,benchmark_spot,USD,USD_PER_BARREL,False
2016-12-28,WTI_CRUDE,WTI_CRUDE,54.01,,,,alpha_vantage,WTI,benchmark_spot,USD,USD_PER_BARREL,False
2016-12-29,WTI_CRUDE,WTI_CRUDE,53.8,,,,alpha_vantage,WTI,benchmark_spot,USD,USD_PER_BARREL,False
2016-12-30,WTI_CRUDE,WTI_CRUDE,53.75,,,,alpha_vantage,WTI,benchmark_spot,USD,USD_PER_BARREL,False
2017-01-03,WTI_CRUDE,WTI_CRUDE,52.36,,,,alpha_vantage,WTI,benchmark_spot,USD,USD_PER_BARREL,False
2017-01-04,WTI_CRUDE,WTI_CRUDE,53.26,,,,alpha_vantage,WTI,benchmark_spot,USD,USD_PER_BARREL,False
2017-01-05,WTI_CRUDE,WTI_CRUDE,53.77,,,,alpha_vantage,WTI,benchmark_spot,USD,USD_PER_BARREL,False
2017-01-06,WTI_CRUDE,WTI_CRUDE,53.98,,,,alpha_vantage,WTI,benchmark_spot,USD,USD_PER_BARREL,False
2017-01-09,WTI_CRUDE,WTI_CRUDE,51.95,,,,alpha_vantage,WTI,benchmark_spot,USD,USD_PER_BARREL,False
2017-01-10,WTI_CRUDE,WTI_CRUDE,50.82,,,,alpha_vantage,WTI,benchmark_spot,USD,USD_PER_BARREL,False
2017-01-11,WTI_CRUDE,WTI_CRUDE,52.19,,,,alpha_vantage,WTI,benchmark_spot,USD,USD_PER_BARREL,False
2017-01-12,WTI_CRUDE,WTI_CRUDE,53.01,,,,alpha_vantage,WTI,benchmark_spot,USD,USD_PER_BARREL,False
2017-01-13,WTI_CRUDE,WTI_CRUDE,52.36,,,,alpha_vantage,WTI,benchmark_spot,USD,USD_PER_BARREL,False
2017-01-17,WTI_CRUDE,WTI_CRUDE,52.45,,,,alpha_vantage,WTI,benchmark_spot,USD,USD_PER_BARREL,False
2017-01-18,WTI_CRUDE,WTI_CRUDE,51.12,,,,alpha_vantage,WTI,benchmark_spot,USD,USD_PER_BARREL,False
2017-01-19,WTI_CRUDE,WTI_CRUDE,51.39,,,,alpha_vantage,WTI,benchmark_spot,USD,USD_PER_BARREL,False
2017-01-20,WTI_CRUDE,WTI_CRUDE,52.33,,,,alpha_vantage,WTI,benchmark_spot,USD,USD_PER_BARREL,False
2017-01-23,WTI_CRUDE,WTI_CRUDE,52.77,,,,alpha_vantage,WTI,benchmark_spot,USD,USD_PER_BARREL,False
2017-01-24,WTI_CRUDE,WTI_CRUDE,52.38,,,,alpha_vantage,WTI,benchmark_spot,USD,USD_PER_BARREL,False
2017-01-25,WTI_CRUDE,WTI_CRUDE,52.14,,,,alpha_vantage,WTI,benchmark_spot,USD,USD_PER_BARREL,False
2017-01-26,WTI_CRUDE,WTI_CRUDE,53.24,,,,alpha_vantage,WTI,benchmark_spot,USD,USD_PER_BARREL,False
2017-01-27,WTI_CRUDE,WTI_CRUDE,53.18,,,,alpha_vantage,WTI,benchmark_spot,USD,USD_PER_BARREL,False
2017-01-30,WTI_CRUDE,WTI_CRUDE,52.63,,,,alpha_vantage,WTI,benchmark_spot,USD,USD_PER_BARREL,False
2017-01-31,WTI_CRUDE,WTI_CRUDE,52.75,,,,alpha_vantage,WTI,benchmark_spot,USD,USD_PER_BARREL,False
2017-02-01,WTI_CRUDE,WTI_CRUDE,53.9,,,,alpha_vantage,WTI,benchmark_spot,USD,USD_PER_BARREL,False
2017-02-02,WTI_CRUDE,WTI_CRUDE,53.55,,,,alpha_vantage,WTI,benchmark_spot,USD,USD_PER_BARREL,False
2017-02-03,WTI_CRUDE,WTI_CRUDE,53.81,,,,alpha_vantage,WTI,benchmark_spot,USD,USD_PER_BARREL,False
2017-02-06,WTI_CRUDE,WTI_CRUDE,53.01,,,,alpha_vantage,WTI,benchmark_spot,USD,USD_PER_BARREL,False
2017-02-07,WTI_CRUDE,WTI_CRUDE,52.19,,,,alpha_vantage,WTI,benchmark_spot,USD,USD_PER_BARREL,False
2017-02-08,WTI_CRUDE,WTI_CRUDE,52.37,,,,alpha_vantage,WTI,benchmark_spot,USD,USD_PER_BARREL,False
2017-02-09,WTI_CRUDE,WTI_CRUDE,52.99,,,,alpha_vantage,WTI,benchmark_spot,USD,USD_PER_BARREL,False
2017-02-10,WTI_CRUDE,WTI_CRUDE,53.84,,,,alpha_vantage,WTI,benchmark_spot,USD,USD_PER_BARREL,False
2017-02-13,WTI_CRUDE,WTI_CRUDE,52.96,,,,alpha_vantage,WTI,benchmark_spot,USD,USD_PER_BARREL,False
2017-02-14,WTI_CRUDE,WTI_CRUDE,53.21,,,,alpha_vantage,WTI,benchmark_spot,USD,USD_PER_BARREL,False
2017-02-15,WTI_CRUDE,WTI_CRUDE,53.11,,,,alpha_vantage,WTI,benchmark_spot,USD,USD_PER_BARREL,False
2017-02-16,WTI_CRUDE,WTI_CRUDE,53.41,,,,alpha_vantage,WTI,benchmark_spot,USD,USD_PER_BARREL,False
2017-02-17,WTI_CRUDE,WTI_CRUDE,53.41,,,,alpha_vantage,WTI,benchmark_spot,USD,USD_PER_BARREL,False
2017-02-21,WTI_CRUDE,WTI_CRUDE,54.02,,,,alpha_vantage,WTI,benchmark_spot,USD,USD_PER_BARREL,False
2017-02-22,WTI_CRUDE,WTI_CRUDE,53.61,,,,alpha_vantage,WTI,benchmark_spot,USD,USD_PER_BARREL,False
2017-02-23,WTI_CRUDE,WTI_CRUDE,54.48,,,,alpha_vantage,WTI,benchmark_spot,USD,USD_PER_BARREL,False
2017-02-24,WTI_CRUDE,WTI_CRUDE,53.99,,,,alpha_vantage,WTI,benchmark_spot,USD,USD_PER_BARREL,False
2017-02-27,WTI_CRUDE,WTI_CRUDE,54.04,,,,alpha_vantage,WTI,benchmark_spot,USD,USD_PER_BARREL,False
2017-02-28,WTI_CRUDE,WTI_CRUDE,54.0,,,,alpha_vantage,WTI,benchmark_spot,USD,USD_PER_BARREL,False
2017-03-01,WTI_CRUDE,WTI_CRUDE,53.82,,,,alpha_vantage,WTI,benchmark_spot,USD,USD_PER_BARREL,False
2017-03-02,WTI_CRUDE,WTI_CRUDE,52.63,,,,alpha_vantage,WTI,benchmark_spot,USD,USD_PER_BARREL,False
2017-03-03,WTI_CRUDE,WTI_CRUDE,53.33,,,,alpha_vantage,WTI,benchmark_spot,USD,USD_PER_BARREL,False
2017-03-06,WTI_CRUDE,WTI_CRUDE,53.19,,,,alpha_vantage,WTI,benchmark_spot,USD,USD_PER_BARREL,False
2017-03-07,WTI_CRUDE,WTI_CRUDE,52.68,,,,alpha_vantage,WTI,benchmark_spot,USD,USD_PER_BARREL,False
2017-03-08,WTI_CRUDE,WTI_CRUDE,49.83,,,,alpha_vantage,WTI,benchmark_spot,USD,USD_PER_BARREL,False
2017-03-09,WTI_CRUDE,WTI_CRUDE,48.75,,,,alpha_vantage,WTI,benchmark_spot,USD,USD_PER_BARREL,False
2017-03-10,WTI_CRUDE,WTI_CRUDE,48.05,,,,alpha_vantage,WTI,benchmark_spot,USD,USD_PER_BARREL,False
2017-03-13,WTI_CRUDE,WTI_CRUDE,47.95,,,,alpha_vantage,WTI,benchmark_spot,USD,USD_PER_BARREL,False
2017-03-14,WTI_CRUDE,WTI_CRUDE,47.24,,,,alpha_vantage,WTI,benchmark_spot,USD,USD_PER_BARREL,False
2017-03-15,WTI_CRUDE,WTI_CRUDE,48.34,,,,alpha_vantage,WTI,benchmark_spot,USD,USD_PER_BARREL,False
2017-03-16,WTI_CRUDE,WTI_CRUDE,48.3,,,,alpha_vantage,WTI,benchmark_spot,USD,USD_PER_BARREL,False
2017-03-17,WTI_CRUDE,WTI_CRUDE,48.34,,,,alpha_vantage,WTI,benchmark_spot,USD,USD_PER_BARREL,False
2017-03-20,WTI_CRUDE,WTI_CRUDE,47.79,,,,alpha_vantage,WTI,benchmark_spot,USD,USD_PER_BARREL,False
2017-03-21,WTI_CRUDE,WTI_CRUDE,47.02,,,,alpha_vantage,WTI,benchmark_spot,USD,USD_PER_BARREL,False
2017-03-22,WTI_CRUDE,WTI_CRUDE,47.29,,,,alpha_vantage,WTI,benchmark_spot,USD,USD_PER_BARREL,False
2017-03-23,WTI_CRUDE,WTI_CRUDE,47.0,,,,alpha_vantage,WTI,benchmark_spot,USD,USD_PER_BARREL,False
2017-03-24,WTI_CRUDE,WTI_CRUDE,47.3,,,,alpha_vantage,WTI,benchmark_spot,USD,USD_PER_BARREL,False
2017-03-27,WTI_CRUDE,WTI_CRUDE,47.02,,,,alpha_vantage,WTI,benchmark_spot,USD,USD_PER_BARREL,False
2017-03-28,WTI_CRUDE,WTI_CRUDE,48.36,,,,alpha_vantage,WTI,benchmark_spot,USD,USD_PER_BARREL,False
2017-03-29,WTI_CRUDE,WTI_CRUDE,49.47,,,,alpha_vantage,WTI,benchmark_spot,USD,USD_PER_BARREL,False
2017-03-30,WTI_CRUDE,WTI_CRUDE,50.3,,,,alpha_vantage,WTI,benchmark_spot,USD,USD_PER_BARREL,False
2017-03-31,WTI_CRUDE,WTI_CRUDE,50.54,,,,alpha_vantage,WTI,benchmark_spot,USD,USD_PER_BARREL,False
2017-04-03,WTI_CRUDE,WTI_CRUDE,50.25,,,,alpha_vantage,WTI,benchmark_spot,USD,USD_PER_BARREL,False
2017-04-04,WTI_CRUDE,WTI_CRUDE,50.99,,,,alpha_vantage,WTI,benchmark_spot,USD,USD_PER_BARREL,False
2017-04-05,WTI_CRUDE,WTI_CRUDE,51.14,,,,alpha_vantage,WTI,benchmark_spot,USD,USD_PER_BARREL,False
2017-04-06,WTI_CRUDE,WTI_CRUDE,51.69,,,,alpha_vantage,WTI,benchmark_spot,USD,USD_PER_BARREL,False
2017-04-07,WTI_CRUDE,WTI_CRUDE,52.25,,,,alpha_vantage,WTI,benchmark_spot,USD,USD_PER_BARREL,False
2017-04-10,WTI_CRUDE,WTI_CRUDE,53.06,,,,alpha_vantage,WTI,benchmark_spot,USD,USD_PER_BARREL,False
2017-04-11,WTI_CRUDE,WTI_CRUDE,53.38,,,,alpha_vantage,WTI,benchmark_spot,USD,USD_PER_BARREL,False
2017-04-12,WTI_CRUDE,WTI_CRUDE,53.12,,,,alpha_vantage,WTI,benchmark_spot,USD,USD_PER_BARREL,False
2017-04-13,WTI_CRUDE,WTI_CRUDE,53.19,,,,alpha_vantage,WTI,benchmark_spot,USD,USD_PER_BARREL,False
2017-04-17,WTI_CRUDE,WTI_CRUDE,52.62,,,,alpha_vantage,WTI,benchmark_spot,USD,USD_PER_BARREL,False
2017-04-18,WTI_CRUDE,WTI_CRUDE,52.46,,,,alpha_vantage,WTI,benchmark_spot,USD,USD_PER_BARREL,False
2017-04-19,WTI_CRUDE,WTI_CRUDE,50.49,,,,alpha_vantage,WTI,benchmark_spot,USD,USD_PER_BARREL,False
2017-04-20,WTI_CRUDE,WTI_CRUDE,50.26,,,,alpha_vantage,WTI,benchmark_spot,USD,USD_PER_BARREL,False
2017-04-21,WTI_CRUDE,WTI_CRUDE,49.64,,,,alpha_vantage,WTI,benchmark_spot,USD,USD_PER_BARREL,False
2017-04-24,WTI_CRUDE,WTI_CRUDE,48.9,,,,alpha_vantage,WTI,benchmark_spot,USD,USD_PER_BARREL,False
2017-04-25,WTI_CRUDE,WTI_CRUDE,49.22,,,,alpha_vantage,WTI,benchmark_spot,USD,USD_PER_BARREL,False
2017-04-26,WTI_CRUDE,WTI_CRUDE,49.22,,,,alpha_vantage,WTI,benchmark_spot,USD,USD_PER_BARREL,False
2017-04-27,WTI_CRUDE,WTI_CRUDE,48.96,,,,alpha_vantage,WTI,benchmark_spot,USD,USD_PER_BARREL,False
2017-04-28,WTI_CRUDE,WTI_CRUDE,49.31,,,,alpha_vantage,WTI,benchmark_spot,USD,USD_PER_BARREL,False
2017-05-01,WTI_CRUDE,WTI_CRUDE,48.83,,,,alpha_vantage,WTI,benchmark_spot,USD,USD_PER_BARREL,False
2017-05-02,WTI_CRUDE,WTI_CRUDE,47.65,,,,alpha_vantage,WTI,benchmark_spot,USD,USD_PER_BARREL,False
2017-05-03,WTI_CRUDE,WTI_CRUDE,47.79,,,,alpha_vantage,WTI,benchmark_spot,USD,USD_PER_BARREL,False
2017-05-04,WTI_CRUDE,WTI_CRUDE,45.55,,,,alpha_vantage,WTI,benchmark_spot,USD,USD_PER_BARREL,False
2017-05-05,WTI_CRUDE,WTI_CRUDE,46.23,,,,alpha_vantage,WTI,benchmark_spot,USD,USD_PER_BARREL,False
2017-05-08,WTI_CRUDE,WTI_CRUDE,46.46,,,,alpha_vantage,WTI,benchmark_spot,USD,USD_PER_BARREL,False
2017-05-09,WTI_CRUDE,WTI_CRUDE,45.84,,,,alpha_vantage,WTI,benchmark_spot,USD,USD_PER_BARREL,False
2017-05-10,WTI_CRUDE,WTI_CRUDE,47.28,,,,alpha_vantage,WTI,benchmark_spot,USD,USD_PER_BARREL,False
2017-05-11,WTI_CRUDE,WTI_CRUDE,47.81,,,,alpha_vantage,WTI,benchmark_spot,USD,USD_PER_BARREL,False
2017-05-12,WTI_CRUDE,WTI_CRUDE,47.83,,,,alpha_vantage,WTI,benchmark_spot,USD,USD_PER_BARREL,False
2017-05-15,WTI_CRUDE,WTI_CRUDE,48.86,,,,alpha_vantage,WTI,benchmark_spot,USD,USD_PER_BARREL,False
2017-05-16,WTI_CRUDE,WTI_CRUDE,48.64,,,,alpha_vantage,WTI,benchmark_spot,USD,USD_PER_BARREL,False
2017-05-17,WTI_CRUDE,WTI_CRUDE,49.04,,,,alpha_vantage,WTI,benchmark_spot,USD,USD_PER_BARREL,False
2017-05-18,WTI_CRUDE,WTI_CRUDE,49.36,,,,alpha_vantage,WTI,benchmark_spot,USD,USD_PER_BARREL,False
2017-05-19,WTI_CRUDE,WTI_CRUDE,50.32,,,,alpha_vantage,WTI,benchmark_spot,USD,USD_PER_BARREL,False
2017-05-22,WTI_CRUDE,WTI_CRUDE,50.81,,,,alpha_vantage,WTI,benchmark_spot,USD,USD_PER_BARREL,False
2017-05-23,WTI_CRUDE,WTI_CRUDE,51.12,,,,alpha_vantage,WTI,benchmark_spot,USD,USD_PER_BARREL,False
2017-05-24,WTI_CRUDE,WTI_CRUDE,50.99,,,,alpha_vantage,WTI,benchmark_spot,USD,USD_PER_BARREL,False
2017-05-25,WTI_CRUDE,WTI_CRUDE,48.57,,,,alpha_vantage,WTI,benchmark_spot,USD,USD_PER_BARREL,False
2017-05-26,WTI_CRUDE,WTI_CRUDE,49.58,,,,alpha_vantage,WTI,benchmark_spot,USD,USD_PER_BARREL,False
2017-05-30,WTI_CRUDE,WTI_CRUDE,49.63,,,,alpha_vantage,WTI,benchmark_spot,USD,USD_PER_BARREL,False
2017-05-31,WTI_CRUDE,WTI_CRUDE,48.29,,,,alpha_vantage,WTI,benchmark_spot,USD,USD_PER_BARREL,False
2017-06-01,WTI_CRUDE,WTI_CRUDE,48.32,,,,alpha_vantage,WTI,benchmark_spot,USD,USD_PER_BARREL,False
2017-06-02,WTI_CRUDE,WTI_CRUDE,47.68,,,,alpha_vantage,WTI,benchmark_spot,USD,USD_PER_BARREL,False
2017-06-05,WTI_CRUDE,WTI_CRUDE,47.4,,,,alpha_vantage,WTI,benchmark_spot,USD,USD_PER_BARREL,False
2017-06-06,WTI_CRUDE,WTI_CRUDE,48.13,,,,alpha_vantage,WTI,benchmark_spot,USD,USD_PER_BARREL,False
2017-06-07,WTI_CRUDE,WTI_CRUDE,45.8,,,,alpha_vantage,WTI,benchmark_spot,USD,USD_PER_BARREL,False
2017-06-08,WTI_CRUDE,WTI_CRUDE,45.68,,,,alpha_vantage,WTI,benchmark_spot,USD,USD_PER_BARREL,False
2017-06-09,WTI_CRUDE,WTI_CRUDE,45.82,,,,alpha_vantage,WTI,benchmark_spot,USD,USD_PER_BARREL,False
2017-06-12,WTI_CRUDE,WTI_CRUDE,46.1,,,,alpha_vantage,WTI,benchmark_spot,USD,USD_PER_BARREL,False
2017-06-13,WTI_CRUDE,WTI_CRUDE,46.41,,,,alpha_vantage,WTI,benchmark_spot,USD,USD_PER_BARREL,False
2017-06-14,WTI_CRUDE,WTI_CRUDE,44.79,,,,alpha_vantage,WTI,benchmark_spot,USD,USD_PER_BARREL,False
2017-06-15,WTI_CRUDE,WTI_CRUDE,44.47,,,,alpha_vantage,WTI,benchmark_spot,USD,USD_PER_BARREL,False
2017-06-16,WTI_CRUDE,WTI_CRUDE,44.73,,,,alpha_vantage,WTI,benchmark_spot,USD,USD_PER_BARREL,False
2017-06-19,WTI_CRUDE,WTI_CRUDE,44.24,,,,alpha_vantage,WTI,benchmark_spot,USD,USD_PER_BARREL,False
2017-06-20,WTI_CRUDE,WTI_CRUDE,43.34,,,,alpha_vantage,WTI,benchmark_spot,USD,USD_PER_BARREL,False
2017-06-21,WTI_CRUDE,WTI_CRUDE,42.48,,,,alpha_vantage,WTI,benchmark_spot,USD,USD_PER_BARREL,False
2017-06-22,WTI_CRUDE,WTI_CRUDE,42.53,,,,alpha_vantage,WTI,benchmark_spot,USD,USD_PER_BARREL,False
2017-06-23,WTI_CRUDE,WTI_CRUDE,42.86,,,,alpha_vantage,WTI,benchmark_spot,USD,USD_PER_BARREL,False
2017-06-26,WTI_CRUDE,WTI_CRUDE,43.24,,,,alpha_vantage,WTI,benchmark_spot,USD,USD_PER_BARREL,False
2017-06-27,WTI_CRUDE,WTI_CRUDE,44.25,,,,alpha_vantage,WTI,benchmark_spot,USD,USD_PER_BARREL,False
2017-06-28,WTI_CRUDE,WTI_CRUDE,44.74,,,,alpha_vantage,WTI,benchmark_spot,USD,USD_PER_BARREL,False
2017-06-29,WTI_CRUDE,WTI_CRUDE,44.88,,,,alpha_vantage,WTI,benchmark_spot,USD,USD_PER_BARREL,False
2017-06-30,WTI_CRUDE,WTI_CRUDE,46.02,,,,alpha_vantage,WTI,benchmark_spot,USD,USD_PER_BARREL,False
2017-07-05,WTI_CRUDE,WTI_CRUDE,45.11,,,,alpha_vantage,WTI,benchmark_spot,USD,USD_PER_BARREL,False
2017-07-06,WTI_CRUDE,WTI_CRUDE,45.52,,,,alpha_vantage,WTI,benchmark_spot,USD,USD_PER_BARREL,False
2017-07-07,WTI_CRUDE,WTI_CRUDE,44.25,,,,alpha_vantage,WTI,benchmark_spot,USD,USD_PER_BARREL,False
2017-07-10,WTI_CRUDE,WTI_CRUDE,44.4,,,,alpha_vantage,WTI,benchmark_spot,USD,USD_PER_BARREL,False
2017-07-11,WTI_CRUDE,WTI_CRUDE,45.06,,,,alpha_vantage,WTI,benchmark_spot,USD,USD_PER_BARREL,False
2017-07-12,WTI_CRUDE,WTI_CRUDE,45.48,,,,alpha_vantage,WTI,benchmark_spot,USD,USD_PER_BARREL,False
2017-07-13,WTI_CRUDE,WTI_CRUDE,46.06,,,,alpha_vantage,WTI,benchmark_spot,USD,USD_PER_BARREL,False
2017-07-14,WTI_CRUDE,WTI_CRUDE,46.53,,,,alpha_vantage,WTI,benchmark_spot,USD,USD_PER_BARREL,False
2017-07-17,WTI_CRUDE,WTI_CRUDE,46.02,,,,alpha_vantage,WTI,benchmark_spot,USD,USD_PER_BARREL,False
2017-07-18,WTI_CRUDE,WTI_CRUDE,46.4,,,,alpha_vantage,WTI,benchmark_spot,USD,USD_PER_BARREL,False
2017-07-19,WTI_CRUDE,WTI_CRUDE,47.1,,,,alpha_vantage,WTI,benchmark_spot,USD,USD_PER_BARREL,False
2017-07-20,WTI_CRUDE,WTI_CRUDE,46.73,,,,alpha_vantage,WTI,benchmark_spot,USD,USD_PER_BARREL,False
2017-07-21,WTI_CRUDE,WTI_CRUDE,45.78,,,,alpha_vantage,WTI,benchmark_spot,USD,USD_PER_BARREL,False
2017-07-24,WTI_CRUDE,WTI_CRUDE,46.21,,,,alpha_vantage,WTI,benchmark_spot,USD,USD_PER_BARREL,False
2017-07-25,WTI_CRUDE,WTI_CRUDE,47.77,,,,alpha_vantage,WTI,benchmark_spot,USD,USD_PER_BARREL,False
2017-07-26,WTI_CRUDE,WTI_CRUDE,48.58,,,,alpha_vantage,WTI,benchmark_spot,USD,USD_PER_BARREL,False
2017-07-27,WTI_CRUDE,WTI_CRUDE,49.05,,,,alpha_vantage,WTI,benchmark_spot,USD,USD_PER_BARREL,False
2017-07-28,WTI_CRUDE,WTI_CRUDE,49.72,,,,alpha_vantage,WTI,benchmark_spot,USD,USD_PER_BARREL,False
2017-07-31,WTI_CRUDE,WTI_CRUDE,50.21,,,,alpha_vantage,WTI,benchmark_spot,USD,USD_PER_BARREL,False
2017-08-01,WTI_CRUDE,WTI_CRUDE,49.19,,,,alpha_vantage,WTI,benchmark_spot,USD,USD_PER_BARREL,False
2017-08-02,WTI_CRUDE,WTI_CRUDE,49.6,,,,alpha_vantage,WTI,benchmark_spot,USD,USD_PER_BARREL,False
2017-08-03,WTI_CRUDE,WTI_CRUDE,49.03,,,,alpha_vantage,WTI,benchmark_spot,USD,USD_PER_BARREL,False
2017-08-04,WTI_CRUDE,WTI_CRUDE,49.57,,,,alpha_vantage,WTI,benchmark_spot,USD,USD_PER_BARREL,False
2017-08-07,WTI_CRUDE,WTI_CRUDE,49.37,,,,alpha_vantage,WTI,benchmark_spot,USD,USD_PER_BARREL,False
2017-08-08,WTI_CRUDE,WTI_CRUDE,49.07,,,,alpha_vantage,WTI,benchmark_spot,USD,USD_PER_BARREL,False
2017-08-09,WTI_CRUDE,WTI_CRUDE,49.59,,,,alpha_vantage,WTI,benchmark_spot,USD,USD_PER_BARREL,False
2017-08-10,WTI_CRUDE,WTI_CRUDE,48.54,,,,alpha_vantage,WTI,benchmark_spot,USD,USD_PER_BARREL,False
2017-08-11,WTI_CRUDE,WTI_CRUDE,48.81,,,,alpha_vantage,WTI,benchmark_spot,USD,USD_PER_BARREL,False
2017-08-14,WTI_CRUDE,WTI_CRUDE,47.59,,,,alpha_vantage,WTI,benchmark_spot,USD,USD_PER_BARREL,False
2017-08-15,WTI_CRUDE,WTI_CRUDE,47.57,,,,alpha_vantage,WTI,benchmark_spot,USD,USD_PER_BARREL,False
2017-08-16,WTI_CRUDE,WTI_CRUDE,46.8,,,,alpha_vantage,WTI,benchmark_spot,USD,USD_PER_BARREL,False
2017-08-17,WTI_CRUDE,WTI_CRUDE,47.07,,,,alpha_vantage,WTI,benchmark_spot,USD,USD_PER_BARREL,False
2017-08-18,WTI_CRUDE,WTI_CRUDE,48.59,,,,alpha_vantage,WTI,benchmark_spot,USD,USD_PER_BARREL,False
2017-08-21,WTI_CRUDE,WTI_CRUDE,47.39,,,,alpha_vantage,WTI,benchmark_spot,USD,USD_PER_BARREL,False
2017-08-22,WTI_CRUDE,WTI_CRUDE,47.65,,,,alpha_vantage,WTI,benchmark_spot,USD,USD_PER_BARREL,False
2017-08-23,WTI_CRUDE,WTI_CRUDE,48.45,,,,alpha_vantage,WTI,benchmark_spot,USD,USD_PER_BARREL,False
2017-08-24,WTI_CRUDE,WTI_CRUDE,47.24,,,,alpha_vantage,WTI,benchmark_spot,USD,USD_PER_BARREL,False
2017-08-25,WTI_CRUDE,WTI_CRUDE,47.65,,,,alpha_vantage,WTI,benchmark_spot,USD,USD_PER_BARREL,False
2017-08-28,WTI_CRUDE,WTI_CRUDE,46.4,,,,alpha_vantage,WTI,benchmark_spot,USD,USD_PER_BARREL,False
2017-08-29,WTI_CRUDE,WTI_CRUDE,46.46,,,,alpha_vantage,WTI,benchmark_spot,USD,USD_PER_BARREL,False
2017-08-30,WTI_CRUDE,WTI_CRUDE,45.96,,,,alpha_vantage,WTI,benchmark_spot,USD,USD_PER_BARREL,False
2017-08-31,WTI_CRUDE,WTI_CRUDE,47.26,,,,alpha_vantage,WTI,benchmark_spot,USD,USD_PER_BARREL,False
2017-09-01,WTI_CRUDE,WTI_CRUDE,47.32,,,,alpha_vantage,WTI,benchmark_spot,USD,USD_PER_BARREL,False
2017-09-05,WTI_CRUDE,WTI_CRUDE,48.63,,,,alpha_vantage,WTI,benchmark_spot,USD,USD_PER_BARREL,False
2017-09-06,WTI_CRUDE,WTI_CRUDE,49.13,,,,alpha_vantage,WTI,benchmark_spot,USD,USD_PER_BARREL,False
2017-09-07,WTI_CRUDE,WTI_CRUDE,49.1,,,,alpha_vantage,WTI,benchmark_spot,USD,USD_PER_BARREL,False
2017-09-08,WTI_CRUDE,WTI_CRUDE,47.44,,,,alpha_vantage,WTI,benchmark_spot,USD,USD_PER_BARREL,False
2017-09-11,WTI_CRUDE,WTI_CRUDE,48.06,,,,alpha_vantage,WTI,benchmark_spot,USD,USD_PER_BARREL,False
2017-09-12,WTI_CRUDE,WTI_CRUDE,48.21,,,,alpha_vantage,WTI,benchmark_spot,USD,USD_PER_BARREL,False
2017-09-13,WTI_CRUDE,WTI_CRUDE,49.3,,,,alpha_vantage,WTI,benchmark_spot,USD,USD_PER_BARREL,False
2017-09-14,WTI_CRUDE,WTI_CRUDE,49.86,,,,alpha_vantage,WTI,benchmark_spot,USD,USD_PER_BARREL,False
2017-09-15,WTI_CRUDE,WTI_CRUDE,49.9,,,,alpha_vantage,WTI,benchmark_spot,USD,USD_PER_BARREL,False
2017-09-18,WTI_CRUDE,WTI_CRUDE,49.88,,,,alpha_vantage,WTI,benchmark_spot,USD,USD_PER_BARREL,False
2017-09-19,WTI_CRUDE,WTI_CRUDE,49.54,,,,alpha_vantage,WTI,benchmark_spot,USD,USD_PER_BARREL,False
2017-09-20,WTI_CRUDE,WTI_CRUDE,50.29,,,,alpha_vantage,WTI,benchmark_spot,USD,USD_PER_BARREL,False
2017-09-21,WTI_CRUDE,WTI_CRUDE,50.58,,,,alpha_vantage,WTI,benchmark_spot,USD,USD_PER_BARREL,False
2017-09-22,WTI_CRUDE,WTI_CRUDE,50.33,,,,alpha_vantage,WTI,benchmark_spot,USD,USD_PER_BARREL,False
2017-09-25,WTI_CRUDE,WTI_CRUDE,51.85,,,,alpha_vantage,WTI,benchmark_spot,USD,USD_PER_BARREL,False
2017-09-26,WTI_CRUDE,WTI_CRUDE,51.59,,,,alpha_vantage,WTI,benchmark_spot,USD,USD_PER_BARREL,False
2017-09-27,WTI_CRUDE,WTI_CRUDE,52.14,,,,alpha_vantage,WTI,benchmark_spot,USD,USD_PER_BARREL,False
2017-09-28,WTI_CRUDE,WTI_CRUDE,51.62,,,,alpha_vantage,WTI,benchmark_spot,USD,USD_PER_BARREL,False
2017-09-29,WTI_CRUDE,WTI_CRUDE,51.67,,,,alpha_vantage,WTI,benchmark_spot,USD,USD_PER_BARREL,False
2017-10-02,WTI_CRUDE,WTI_CRUDE,50.59,,,,alpha_vantage,WTI,benchmark_spot,USD,USD_PER_BARREL,False
2017-10-03,WTI_CRUDE,WTI_CRUDE,50.44,,,,alpha_vantage,WTI,benchmark_spot,USD,USD_PER_BARREL,False
2017-10-04,WTI_CRUDE,WTI_CRUDE,50.0,,,,alpha_vantage,WTI,benchmark_spot,USD,USD_PER_BARREL,False
2017-10-05,WTI_CRUDE,WTI_CRUDE,50.79,,,,alpha_vantage,WTI,benchmark_spot,USD,USD_PER_BARREL,False
2017-10-06,WTI_CRUDE,WTI_CRUDE,49.34,,,,alpha_vantage,WTI,benchmark_spot,USD,USD_PER_BARREL,False
2017-10-09,WTI_CRUDE,WTI_CRUDE,49.58,,,,alpha_vantage,WTI,benchmark_spot,USD,USD_PER_BARREL,False
2017-10-10,WTI_CRUDE,WTI_CRUDE,50.93,,,,alpha_vantage,WTI,benchmark_spot,USD,USD_PER_BARREL,False
2017-10-11,WTI_CRUDE,WTI_CRUDE,51.3,,,,alpha_vantage,WTI,benchmark_spot,USD,USD_PER_BARREL,False
2017-10-12,WTI_CRUDE,WTI_CRUDE,50.61,,,,alpha_vantage,WTI,benchmark_spot,USD,USD_PER_BARREL,False
2017-10-13,WTI_CRUDE,WTI_CRUDE,51.43,,,,alpha_vantage,WTI,benchmark_spot,USD,USD_PER_BARREL,False
2017-10-16,WTI_CRUDE,WTI_CRUDE,51.86,,,,alpha_vantage,WTI,benchmark_spot,USD,USD_PER_BARREL,False
2017-10-17,WTI_CRUDE,WTI_CRUDE,51.87,,,,alpha_vantage,WTI,benchmark_spot,USD,USD_PER_BARREL,False
2017-10-18,WTI_CRUDE,WTI_CRUDE,52.05,,,,alpha_vantage,WTI,benchmark_spot,USD,USD_PER_BARREL,False
2017-10-19,WTI_CRUDE,WTI_CRUDE,51.29,,,,alpha_vantage,WTI,benchmark_spot,USD,USD_PER_BARREL,False
2017-10-20,WTI_CRUDE,WTI_CRUDE,51.63,,,,alpha_vantage,WTI,benchmark_spot,USD,USD_PER_BARREL,False
2017-10-23,WTI_CRUDE,WTI_CRUDE,51.91,,,,alpha_vantage,WTI,benchmark_spot,USD,USD_PER_BARREL,False
2017-10-24,WTI_CRUDE,WTI_CRUDE,52.32,,,,alpha_vantage,WTI,benchmark_spot,USD,USD_PER_BARREL,False
2017-10-25,WTI_CRUDE,WTI_CRUDE,51.97,,,,alpha_vantage,WTI,benchmark_spot,USD,USD_PER_BARREL,False
2017-10-26,WTI_CRUDE,WTI_CRUDE,52.41,,,,alpha_vantage,WTI,benchmark_spot,USD,USD_PER_BARREL,False
2017-10-27,WTI_CRUDE,WTI_CRUDE,53.92,,,,alpha_vantage,WTI,benchmark_spot,USD,USD_PER_BARREL,False
2017-10-30,WTI_CRUDE,WTI_CRUDE,54.11,,,,alpha_vantage,WTI,benchmark_spot,USD,USD_PER_BARREL,False
2017-10-31,WTI_CRUDE,WTI_CRUDE,54.36,,,,alpha_vantage,WTI,benchmark_spot,USD,USD_PER_BARREL,False
2017-11-01,WTI_CRUDE,WTI_CRUDE,54.32,,,,alpha_vantage,WTI,benchmark_spot,USD,USD_PER_BARREL,False
2017-11-02,WTI_CRUDE,WTI_CRUDE,54.55,,,,alpha_vantage,WTI,benchmark_spot,USD,USD_PER_BARREL,False
2017-11-03,WTI_CRUDE,WTI_CRUDE,55.63,,,,alpha_vantage,WTI,benchmark_spot,USD,USD_PER_BARREL,False
2017-11-06,WTI_CRUDE,WTI_CRUDE,57.34,,,,alpha_vantage,WTI,benchmark_spot,USD,USD_PER_BARREL,False
2017-11-07,WTI_CRUDE,WTI_CRUDE,57.19,,,,alpha_vantage,WTI,benchmark_spot,USD,USD_PER_BARREL,False
2017-11-08,WTI_CRUDE,WTI_CRUDE,56.82,,,,alpha_vantage,WTI,benchmark_spot,USD,USD_PER_BARREL,False
2017-11-09,WTI_CRUDE,WTI_CRUDE,57.16,,,,alpha_vantage,WTI,benchmark_spot,USD,USD_PER_BARREL,False
2017-11-10,WTI_CRUDE,WTI_CRUDE,56.75,,,,alpha_vantage,WTI,benchmark_spot,USD,USD_PER_BARREL,False
2017-11-13,WTI_CRUDE,WTI_CRUDE,56.77,,,,alpha_vantage,WTI,benchmark_spot,USD,USD_PER_BARREL,False
2017-11-14,WTI_CRUDE,WTI_CRUDE,55.67,,,,alpha_vantage,WTI,benchmark_spot,USD,USD_PER_BARREL,False
2017-11-15,WTI_CRUDE,WTI_CRUDE,55.28,,,,alpha_vantage,WTI,benchmark_spot,USD,USD_PER_BARREL,False
2017-11-16,WTI_CRUDE,WTI_CRUDE,55.14,,,,alpha_vantage,WTI,benchmark_spot,USD,USD_PER_BARREL,False
2017-11-17,WTI_CRUDE,WTI_CRUDE,56.21,,,,alpha_vantage,WTI,benchmark_spot,USD,USD_PER_BARREL,False
2017-11-20,WTI_CRUDE,WTI_CRUDE,56.21,,,,alpha_vantage,WTI,benchmark_spot,USD,USD_PER_BARREL,False
2017-11-21,WTI_CRUDE,WTI_CRUDE,56.84,,,,alpha_vantage,WTI,benchmark_spot,USD,USD_PER_BARREL,False
2017-11-22,WTI_CRUDE,WTI_CRUDE,57.88,,,,alpha_vantage,WTI,benchmark_spot,USD,USD_PER_BARREL,False
2017-11-24,WTI_CRUDE,WTI_CRUDE,58.94,,,,alpha_vantage,WTI,benchmark_spot,USD,USD_PER_BARREL,False
2017-11-27,WTI_CRUDE,WTI_CRUDE,58.1,,,,alpha_vantage,WTI,benchmark_spot,USD,USD_PER_BARREL,False
2017-11-28,WTI_CRUDE,WTI_CRUDE,57.96,,,,alpha_vantage,WTI,benchmark_spot,USD,USD_PER_BARREL,False
2017-11-29,WTI_CRUDE,WTI_CRUDE,57.25,,,,alpha_vantage,WTI,benchmark_spot,USD,USD_PER_BARREL,False
2017-11-30,WTI_CRUDE,WTI_CRUDE,57.4,,,,alpha_vantage,WTI,benchmark_spot,USD,USD_PER_BARREL,False
2017-12-01,WTI_CRUDE,WTI_CRUDE,58.35,,,,alpha_vantage,WTI,benchmark_spot,USD,USD_PER_BARREL,False
2017-12-04,WTI_CRUDE,WTI_CRUDE,57.48,,,,alpha_vantage,WTI,benchmark_spot,USD,USD_PER_BARREL,False
2017-12-05,WTI_CRUDE,WTI_CRUDE,57.66,,,,alpha_vantage,WTI,benchmark_spot,USD,USD_PER_BARREL,False
2017-12-06,WTI_CRUDE,WTI_CRUDE,55.79,,,,alpha_vantage,WTI,benchmark_spot,USD,USD_PER_BARREL,False
2017-12-07,WTI_CRUDE,WTI_CRUDE,56.5,,,,alpha_vantage,WTI,benchmark_spot,USD,USD_PER_BARREL,False
2017-12-08,WTI_CRUDE,WTI_CRUDE,57.15,,,,alpha_vantage,WTI,benchmark_spot,USD,USD_PER_BARREL,False
2017-12-11,WTI_CRUDE,WTI_CRUDE,57.84,,,,alpha_vantage,WTI,benchmark_spot,USD,USD_PER_BARREL,False
2017-12-12,WTI_CRUDE,WTI_CRUDE,57.12,,,,alpha_vantage,WTI,benchmark_spot,USD,USD_PER_BARREL,False
2017-12-13,WTI_CRUDE,WTI_CRUDE,56.59,,,,alpha_vantage,WTI,benchmark_spot,USD,USD_PER_BARREL,False
2017-12-14,WTI_CRUDE,WTI_CRUDE,57.0,,,,alpha_vantage,WTI,benchmark_spot,USD,USD_PER_BARREL,False
2017-12-15,WTI_CRUDE,WTI_CRUDE,57.29,,,,alpha_vantage,WTI,benchmark_spot,USD,USD_PER_BARREL,False
2017-12-18,WTI_CRUDE,WTI_CRUDE,57.17,,,,alpha_vantage,WTI,benchmark_spot,USD,USD_PER_BARREL,False
2017-12-19,WTI_CRUDE,WTI_CRUDE,57.49,,,,alpha_vantage,WTI,benchmark_spot,USD,USD_PER_BARREL,False
2017-12-20,WTI_CRUDE,WTI_CRUDE,58.09,,,,alpha_vantage,WTI,benchmark_spot,USD,USD_PER_BARREL,False
2017-12-21,WTI_CRUDE,WTI_CRUDE,58.34,,,,alpha_vantage,WTI,benchmark_spot,USD,USD_PER_BARREL,False
2017-12-22,WTI_CRUDE,WTI_CRUDE,58.25,,,,alpha_vantage,WTI,benchmark_spot,USD,USD_PER_BARREL,False
2017-12-26,WTI_CRUDE,WTI_CRUDE,59.55,,,,alpha_vantage,WTI,benchmark_spot,USD,USD_PER_BARREL,False
2017-12-27,WTI_CRUDE,WTI_CRUDE,59.67,,,,alpha_vantage,WTI,benchmark_spot,USD,USD_PER_BARREL,False
2017-12-28,WTI_CRUDE,WTI_CRUDE,59.84,,,,alpha_vantage,WTI,benchmark_spot,USD,USD_PER_BARREL,False
2017-12-29,WTI_CRUDE,WTI_CRUDE,60.46,,,,alpha_vantage,WTI,benchmark_spot,USD,USD_PER_BARREL,False
2018-01-02,WTI_CRUDE,WTI_CRUDE,60.37,,,,alpha_vantage,WTI,benchmark_spot,USD,USD_PER_BARREL,False
2018-01-03,WTI_CRUDE,WTI_CRUDE,61.61,,,,alpha_vantage,WTI,benchmark_spot,USD,USD_PER_BARREL,False
2018-01-04,WTI_CRUDE,WTI_CRUDE,61.98,,,,alpha_vantage,WTI,benchmark_spot,USD,USD_PER_BARREL,False
2018-01-05,WTI_CRUDE,WTI_CRUDE,61.49,,,,alpha_vantage,WTI,benchmark_spot,USD,USD_PER_BARREL,False
2018-01-08,WTI_CRUDE,WTI_CRUDE,61.73,,,,alpha_vantage,WTI,benchmark_spot,USD,USD_PER_BARREL,False
2018-01-09,WTI_CRUDE,WTI_CRUDE,62.92,,,,alpha_vantage,WTI,benchmark_spot,USD,USD_PER_BARREL,False
2018-01-10,WTI_CRUDE,WTI_CRUDE,63.6,,,,alpha_vantage,WTI,benchmark_spot,USD,USD_PER_BARREL,False
2018-01-11,WTI_CRUDE,WTI_CRUDE,63.81,,,,alpha_vantage,WTI,benchmark_spot,USD,USD_PER_BARREL,False
2018-01-12,WTI_CRUDE,WTI_CRUDE,64.22,,,,alpha_vantage,WTI,benchmark_spot,USD,USD_PER_BARREL,False
2018-01-16,WTI_CRUDE,WTI_CRUDE,63.82,,,,alpha_vantage,WTI,benchmark_spot,USD,USD_PER_BARREL,False
2018-01-17,WTI_CRUDE,WTI_CRUDE,63.92,,,,alpha_vantage,WTI,benchmark_spot,USD,USD_PER_BARREL,False
2018-01-18,WTI_CRUDE,WTI_CRUDE,63.96,,,,alpha_vantage,WTI,benchmark_spot,USD,USD_PER_BARREL,False
2018-01-19,WTI_CRUDE,WTI_CRUDE,63.38,,,,alpha_vantage,WTI,benchmark_spot,USD,USD_PER_BARREL,False
2018-01-22,WTI_CRUDE,WTI_CRUDE,63.66,,,,alpha_vantage,WTI,benchmark_spot,USD,USD_PER_BARREL,False
2018-01-23,WTI_CRUDE,WTI_CRUDE,64.45,,,,alpha_vantage,WTI,benchmark_spot,USD,USD_PER_BARREL,False
2018-01-24,WTI_CRUDE,WTI_CRUDE,65.69,,,,alpha_vantage,WTI,benchmark_spot,USD,USD_PER_BARREL,False
2018-01-25,WTI_CRUDE,WTI_CRUDE,65.62,,,,alpha_vantage,WTI,benchmark_spot,USD,USD_PER_BARREL,False
2018-01-26,WTI_CRUDE,WTI_CRUDE,66.27,,,,alpha_vantage,WTI,benchmark_spot,USD,USD_PER_BARREL,False
2018-01-29,WTI_CRUDE,WTI_CRUDE,65.71,,,,alpha_vantage,WTI,benchmark_spot,USD,USD_PER_BARREL,False
2018-01-30,WTI_CRUDE,WTI_CRUDE,64.64,,,,alpha_vantage,WTI,benchmark_spot,USD,USD_PER_BARREL,False
2018-01-31,WTI_CRUDE,WTI_CRUDE,64.82,,,,alpha_vantage,WTI,benchmark_spot,USD,USD_PER_BARREL,False
2018-02-01,WTI_CRUDE,WTI_CRUDE,65.92,,,,alpha_vantage,WTI,benchmark_spot,USD,USD_PER_BARREL,False
2018-02-02,WTI_CRUDE,WTI_CRUDE,65.5,,,,alpha_vantage,WTI,benchmark_spot,USD,USD_PER_BARREL,False
2018-02-05,WTI_CRUDE,WTI_CRUDE,64.18,,,,alpha_vantage,WTI,benchmark_spot,USD,USD_PER_BARREL,False
2018-02-06,WTI_CRUDE,WTI_CRUDE,63.48,,,,alpha_vantage,WTI,benchmark_spot,USD,USD_PER_BARREL,False
2018-02-07,WTI_CRUDE,WTI_CRUDE,61.91,,,,alpha_vantage,WTI,benchmark_spot,USD,USD_PER_BARREL,False
2018-02-08,WTI_CRUDE,WTI_CRUDE,61.3,,,,alpha_vantage,WTI,benchmark_spot,USD,USD_PER_BARREL,False
2018-02-09,WTI_CRUDE,WTI_CRUDE,59.2,,,,alpha_vantage,WTI,benchmark_spot,USD,USD_PER_BARREL,False
2018-02-12,WTI_CRUDE,WTI_CRUDE,59.41,,,,alpha_vantage,WTI,benchmark_spot,USD,USD_PER_BARREL,False
2018-02-13,WTI_CRUDE,WTI_CRUDE,59.33,,,,alpha_vantage,WTI,benchmark_spot,USD,USD_PER_BARREL,False
2018-02-14,WTI_CRUDE,WTI_CRUDE,60.7,,,,alpha_vantage,WTI,benchmark_spot,USD,USD_PER_BARREL,False
2018-02-15,WTI_CRUDE,WTI_CRUDE,61.48,,,,alpha_vantage,WTI,benchmark_spot,USD,USD_PER_BARREL,False
2018-02-16,WTI_CRUDE,WTI_CRUDE,61.89,,,,alpha_vantage,WTI,benchmark_spot,USD,USD_PER_BARREL,False
2018-02-20,WTI_CRUDE,WTI_CRUDE,61.91,,,,alpha_vantage,WTI,benchmark_spot,USD,USD_PER_BARREL,False
2018-02-21,WTI_CRUDE,WTI_CRUDE,61.73,,,,alpha_vantage,WTI,benchmark_spot,USD,USD_PER_BARREL,False
2018-02-22,WTI_CRUDE,WTI_CRUDE,62.72,,,,alpha_vantage,WTI,benchmark_spot,USD,USD_PER_BARREL,False
2018-02-23,WTI_CRUDE,WTI_CRUDE,63.52,,,,alpha_vantage,WTI,benchmark_spot,USD,USD_PER_BARREL,False
2018-02-26,WTI_CRUDE,WTI_CRUDE,63.81,,,,alpha_vantage,WTI,benchmark_spot,USD,USD_PER_BARREL,False
2018-02-27,WTI_CRUDE,WTI_CRUDE,62.94,,,,alpha_vantage,WTI,benchmark_spot,USD,USD_PER_BARREL,False
2018-02-28,WTI_CRUDE,WTI_CRUDE,61.43,,,,alpha_vantage,WTI,benchmark_spot,USD,USD_PER_BARREL,False
2018-03-01,WTI_CRUDE,WTI_CRUDE,60.98,,,,alpha_vantage,WTI,benchmark_spot,USD,USD_PER_BARREL,False
2018-03-02,WTI_CRUDE,WTI_CRUDE,61.19,,,,alpha_vantage,WTI,benchmark_spot,USD,USD_PER_BARREL,False
2018-03-05,WTI_CRUDE,WTI_CRUDE,62.49,,,,alpha_vantage,WTI,benchmark_spot,USD,USD_PER_BARREL,False
2018-03-06,WTI_CRUDE,WTI_CRUDE,62.54,,,,alpha_vantage,WTI,benchmark_spot,USD,USD_PER_BARREL,False
2018-03-07,WTI_CRUDE,WTI_CRUDE,61.09,,,,alpha_vantage,WTI,benchmark_spot,USD,USD_PER_BARREL,False
2018-03-08,WTI_CRUDE,WTI_CRUDE,60.13,,,,alpha_vantage,WTI,benchmark_spot,USD,USD_PER_BARREL,False
2018-03-09,WTI_CRUDE,WTI_CRUDE,62.02,,,,alpha_vantage,WTI,benchmark_spot,USD,USD_PER_BARREL,False
2018-03-12,WTI_CRUDE,WTI_CRUDE,61.35,,,,alpha_vantage,WTI,benchmark_spot,USD,USD_PER_BARREL,False
2018-03-13,WTI_CRUDE,WTI_CRUDE,60.69,,,,alpha_vantage,WTI,benchmark_spot,USD,USD_PER_BARREL,False
2018-03-14,WTI_CRUDE,WTI_CRUDE,60.89,,,,alpha_vantage,WTI,benchmark_spot,USD,USD_PER_BARREL,False
2018-03-15,WTI_CRUDE,WTI_CRUDE,61.16,,,,alpha_vantage,WTI,benchmark_spot,USD,USD_PER_BARREL,False
2018-03-16,WTI_CRUDE,WTI_CRUDE,62.29,,,,alpha_vantage,WTI,benchmark_spot,USD,USD_PER_BARREL,False
2018-03-19,WTI_CRUDE,WTI_CRUDE,62.01,,,,alpha_vantage,WTI,benchmark_spot,USD,USD_PER_BARREL,False
2018-03-20,WTI_CRUDE,WTI_CRUDE,63.37,,,,alpha_vantage,WTI,benchmark_spot,USD,USD_PER_BARREL,False
2018-03-21,WTI_CRUDE,WTI_CRUDE,65.1,,,,alpha_vantage,WTI,benchmark_spot,USD,USD_PER_BARREL,False
2018-03-22,WTI_CRUDE,WTI_CRUDE,64.25,,,,alpha_vantage,WTI,benchmark_spot,USD,USD_PER_BARREL,False
2018-03-23,WTI_CRUDE,WTI_CRUDE,65.8,,,,alpha_vantage,WTI,benchmark_spot,USD,USD_PER_BARREL,False
2018-03-26,WTI_CRUDE,WTI_CRUDE,65.49,,,,alpha_vantage,WTI,benchmark_spot,USD,USD_PER_BARREL,False
2018-03-27,WTI_CRUDE,WTI_CRUDE,65.21,,,,alpha_vantage,WTI,benchmark_spot,USD,USD_PER_BARREL,False
2018-03-28,WTI_CRUDE,WTI_CRUDE,64.3,,,,alpha_vantage,WTI,benchmark_spot,USD,USD_PER_BARREL,False
2018-03-29,WTI_CRUDE,WTI_CRUDE,64.87,,,,alpha_vantage,WTI,benchmark_spot,USD,USD_PER_BARREL,False
2018-04-02,WTI_CRUDE,WTI_CRUDE,63.05,,,,alpha_vantage,WTI,benchmark_spot,USD,USD_PER_BARREL,False
2018-04-03,WTI_CRUDE,WTI_CRUDE,63.41,,,,alpha_vantage,WTI,benchmark_spot,USD,USD_PER_BARREL,False
2018-04-04,WTI_CRUDE,WTI_CRUDE,63.35,,,,alpha_vantage,WTI,benchmark_spot,USD,USD_PER_BARREL,False
2018-04-05,WTI_CRUDE,WTI_CRUDE,63.53,,,,alpha_vantage,WTI,benchmark_spot,USD,USD_PER_BARREL,False
2018-04-06,WTI_CRUDE,WTI_CRUDE,62.03,,,,alpha_vantage,WTI,benchmark_spot,USD,USD_PER_BARREL,False
2018-04-09,WTI_CRUDE,WTI_CRUDE,63.4,,,,alpha_vantage,WTI,benchmark_spot,USD,USD_PER_BARREL,False
2018-04-10,WTI_CRUDE,WTI_CRUDE,65.48,,,,alpha_vantage,WTI,benchmark_spot,USD,USD_PER_BARREL,False
2018-04-11,WTI_CRUDE,WTI_CRUDE,66.81,,,,alpha_vantage,WTI,benchmark_spot,USD,USD_PER_BARREL,False
2018-04-12,WTI_CRUDE,WTI_CRUDE,67.07,,,,alpha_vantage,WTI,benchmark_spot,USD,USD_PER_BARREL,False
2018-04-13,WTI_CRUDE,WTI_CRUDE,67.35,,,,alpha_vantage,WTI,benchmark_spot,USD,USD_PER_BARREL,False
2018-04-16,WTI_CRUDE,WTI_CRUDE,66.23,,,,alpha_vantage,WTI,benchmark_spot,USD,USD_PER_BARREL,False
2018-04-17,WTI_CRUDE,WTI_CRUDE,66.5,,,,alpha_vantage,WTI,benchmark_spot,USD,USD_PER_BARREL,False
2018-04-18,WTI_CRUDE,WTI_CRUDE,68.44,,,,alpha_vantage,WTI,benchmark_spot,USD,USD_PER_BARREL,False
2018-04-19,WTI_CRUDE,WTI_CRUDE,68.3,,,,alpha_vantage,WTI,benchmark_spot,USD,USD_PER_BARREL,False
2018-04-20,WTI_CRUDE,WTI_CRUDE,68.26,,,,alpha_vantage,WTI,benchmark_spot,USD,USD_PER_BARREL,False
2018-04-23,WTI_CRUDE,WTI_CRUDE,67.61,,,,alpha_vantage,WTI,benchmark_spot,USD,USD_PER_BARREL,False
2018-04-24,WTI_CRUDE,WTI_CRUDE,67.66,,,,alpha_vantage,WTI,benchmark_spot,USD,USD_PER_BARREL,False
2018-04-25,WTI_CRUDE,WTI_CRUDE,68.0,,,,alpha_vantage,WTI,benchmark_spot,USD,USD_PER_BARREL,False
2018-04-26,WTI_CRUDE,WTI_CRUDE,68.18,,,,alpha_vantage,WTI,benchmark_spot,USD,USD_PER_BARREL,False
2018-04-27,WTI_CRUDE,WTI_CRUDE,68.11,,,,alpha_vantage,WTI,benchmark_spot,USD,USD_PER_BARREL,False
2018-04-30,WTI_CRUDE,WTI_CRUDE,68.56,,,,alpha_vantage,WTI,benchmark_spot,USD,USD_PER_BARREL,False
2018-05-01,WTI_CRUDE,WTI_CRUDE,67.28,,,,alpha_vantage,WTI,benchmark_spot,USD,USD_PER_BARREL,False
2018-05-02,WTI_CRUDE,WTI_CRUDE,67.91,,,,alpha_vantage,WTI,benchmark_spot,USD,USD_PER_BARREL,False
2018-05-03,WTI_CRUDE,WTI_CRUDE,68.45,,,,alpha_vantage,WTI,benchmark_spot,USD,USD_PER_BARREL,False
2018-05-04,WTI_CRUDE,WTI_CRUDE,69.71,,,,alpha_vantage,WTI,benchmark_spot,USD,USD_PER_BARREL,False
2018-05-07,WTI_CRUDE,WTI_CRUDE,70.74,,,,alpha_vantage,WTI,benchmark_spot,USD,USD_PER_BARREL,False
2018-05-08,WTI_CRUDE,WTI_CRUDE,68.83,,,,alpha_vantage,WTI,benchmark_spot,USD,USD_PER_BARREL,False
2018-05-09,WTI_CRUDE,WTI_CRUDE,71.16,,,,alpha_vantage,WTI,benchmark_spot,USD,USD_PER_BARREL,False
2018-05-10,WTI_CRUDE,WTI_CRUDE,71.36,,,,alpha_vantage,WTI,benchmark_spot,USD,USD_PER_BARREL,False
2018-05-11,WTI_CRUDE,WTI_CRUDE,70.69,,,,alpha_vantage,WTI,benchmark_spot,USD,USD_PER_BARREL,False
2018-05-14,WTI_CRUDE,WTI_CRUDE,71.01,,,,alpha_vantage,WTI,benchmark_spot,USD,USD_PER_BARREL,False
2018-05-15,WTI_CRUDE,WTI_CRUDE,71.34,,,,alpha_vantage,WTI,benchmark_spot,USD,USD_PER_BARREL,False
2018-05-16,WTI_CRUDE,WTI_CRUDE,71.43,,,,alpha_vantage,WTI,benchmark_spot,USD,USD_PER_BARREL,False
2018-05-17,WTI_CRUDE,WTI_CRUDE,71.47,,,,alpha_vantage,WTI,benchmark_spot,USD,USD_PER_BARREL,False
2018-05-18,WTI_CRUDE,WTI_CRUDE,71.23,,,,alpha_vantage,WTI,benchmark_spot,USD,USD_PER_BARREL,False
2018-05-21,WTI_CRUDE,WTI_CRUDE,72.26,,,,alpha_vantage,WTI,benchmark_spot,USD,USD_PER_BARREL,False
2018-05-22,WTI_CRUDE,WTI_CRUDE,72.09,,,,alpha_vantage,WTI,benchmark_spot,USD,USD_PER_BARREL,False
2018-05-23,WTI_CRUDE,WTI_CRUDE,71.85,,,,alpha_vantage,WTI,benchmark_spot,USD,USD_PER_BARREL,False
2018-05-24,WTI_CRUDE,WTI_CRUDE,70.77,,,,alpha_vantage,WTI,benchmark_spot,USD,USD_PER_BARREL,False
2018-05-25,WTI_CRUDE,WTI_CRUDE,67.92,,,,alpha_vantage,WTI,benchmark_spot,USD,USD_PER_BARREL,False
2018-05-29,WTI_CRUDE,WTI_CRUDE,66.8,,,,alpha_vantage,WTI,benchmark_spot,USD,USD_PER_BARREL,False
2018-05-30,WTI_CRUDE,WTI_CRUDE,68.24,,,,alpha_vantage,WTI,benchmark_spot,USD,USD_PER_BARREL,False
2018-05-31,WTI_CRUDE,WTI_CRUDE,66.98,,,,alpha_vantage,WTI,benchmark_spot,USD,USD_PER_BARREL,False
2018-06-01,WTI_CRUDE,WTI_CRUDE,65.81,,,,alpha_vantage,WTI,benchmark_spot,USD,USD_PER_BARREL,False
2018-06-04,WTI_CRUDE,WTI_CRUDE,64.76,,,,alpha_vantage,WTI,benchmark_spot,USD,USD_PER_BARREL,False
2018-06-05,WTI_CRUDE,WTI_CRUDE,65.51,,,,alpha_vantage,WTI,benchmark_spot,USD,USD_PER_BARREL,False
2018-06-06,WTI_CRUDE,WTI_CRUDE,64.75,,,,alpha_vantage,WTI,benchmark_spot,USD,USD_PER_BARREL,False
2018-06-07,WTI_CRUDE,WTI_CRUDE,65.96,,,,alpha_vantage,WTI,benchmark_spot,USD,USD_PER_BARREL,False
2018-06-08,WTI_CRUDE,WTI_CRUDE,65.77,,,,alpha_vantage,WTI,benchmark_spot,USD,USD_PER_BARREL,False
2018-06-11,WTI_CRUDE,WTI_CRUDE,66.1,,,,alpha_vantage,WTI,benchmark_spot,USD,USD_PER_BARREL,False
2018-06-12,WTI_CRUDE,WTI_CRUDE,66.38,,,,alpha_vantage,WTI,benchmark_spot,USD,USD_PER_BARREL,False
2018-06-13,WTI_CRUDE,WTI_CRUDE,66.63,,,,alpha_vantage,WTI,benchmark_spot,USD,USD_PER_BARREL,False
2018-06-14,WTI_CRUDE,WTI_CRUDE,66.91,,,,alpha_vantage,WTI,benchmark_spot,USD,USD_PER_BARREL,False
2018-06-15,WTI_CRUDE,WTI_CRUDE,65.01,,,,alpha_vantage,WTI,benchmark_spot,USD,USD_PER_BARREL,False
2018-06-18,WTI_CRUDE,WTI_CRUDE,65.91,,,,alpha_vantage,WTI,benchmark_spot,USD,USD_PER_BARREL,False
2018-06-19,WTI_CRUDE,WTI_CRUDE,65.09,,,,alpha_vantage,WTI,benchmark_spot,USD,USD_PER_BARREL,False
2018-06-20,WTI_CRUDE,WTI_CRUDE,65.92,,,,alpha_vantage,WTI,benchmark_spot,USD,USD_PER_BARREL,False
2018-06-21,WTI_CRUDE,WTI_CRUDE,65.68,,,,alpha_vantage,WTI,benchmark_spot,USD,USD_PER_BARREL,False
2018-06-22,WTI_CRUDE,WTI_CRUDE,69.02,,,,alpha_vantage,WTI,benchmark_spot,USD,USD_PER_BARREL,False
2018-06-25,WTI_CRUDE,WTI_CRUDE,69.91,,,,alpha_vantage,WTI,benchmark_spot,USD,USD_PER_BARREL,False
2018-06-26,WTI_CRUDE,WTI_CRUDE,75.23,,,,alpha_vantage,WTI,benchmark_spot,USD,USD_PER_BARREL,False
2018-06-27,WTI_CRUDE,WTI_CRUDE,77.41,,,,alpha_vantage,WTI,benchmark_spot,USD,USD_PER_BARREL,False
2018-06-28,WTI_CRUDE,WTI_CRUDE,73.45,,,,alpha_vantage,WTI,benchmark_spot,USD,USD_PER_BARREL,False
2018-06-29,WTI_CRUDE,WTI_CRUDE,74.13,,,,alpha_vantage,WTI,benchmark_spot,USD,USD_PER_BARREL,False
2018-07-02,WTI_CRUDE,WTI_CRUDE,73.89,,,,alpha_vantage,WTI,benchmark_spot,USD,USD_PER_BARREL,False
2018-07-03,WTI_CRUDE,WTI_CRUDE,74.19,,,,alpha_vantage,WTI,benchmark_spot,USD,USD_PER_BARREL,False
2018-07-05,WTI_CRUDE,WTI_CRUDE,73.05,,,,alpha_vantage,WTI,benchmark_spot,USD,USD_PER_BARREL,False
2018-07-06,WTI_CRUDE,WTI_CRUDE,73.78,,,,alpha_vantage,WTI,benchmark_spot,USD,USD_PER_BARREL,False
2018-07-09,WTI_CRUDE,WTI_CRUDE,73.93,,,,alpha_vantage,WTI,benchmark_spot,USD,USD_PER_BARREL,False
2018-07-10,WTI_CRUDE,WTI_CRUDE,74.11,,,,alpha_vantage,WTI,benchmark_spot,USD,USD_PER_BARREL,False
2018-07-11,WTI_CRUDE,WTI_CRUDE,70.47,,,,alpha_vantage,WTI,benchmark_spot,USD,USD_PER_BARREL,False
2018-07-12,WTI_CRUDE,WTI_CRUDE,70.28,,,,alpha_vantage,WTI,benchmark_spot,USD,USD_PER_BARREL,False
2018-07-13,WTI_CRUDE,WTI_CRUDE,71.03,,,,alpha_vantage,WTI,benchmark_spot,USD,USD_PER_BARREL,False
2018-07-16,WTI_CRUDE,WTI_CRUDE,68.22,,,,alpha_vantage,WTI,benchmark_spot,USD,USD_PER_BARREL,False
2018-07-17,WTI_CRUDE,WTI_CRUDE,68.03,,,,alpha_vantage,WTI,benchmark_spot,USD,USD_PER_BARREL,False
2018-07-18,WTI_CRUDE,WTI_CRUDE,68.78,,,,alpha_vantage,WTI,benchmark_spot,USD,USD_PER_BARREL,False
2018-07-19,WTI_CRUDE,WTI_CRUDE,69.42,,,,alpha_vantage,WTI,benchmark_spot,USD,USD_PER_BARREL,False
2018-07-20,WTI_CRUDE,WTI_CRUDE,70.31,,,,alpha_vantage,WTI,benchmark_spot,USD,USD_PER_BARREL,False
2018-07-23,WTI_CRUDE,WTI_CRUDE,67.9,,,,alpha_vantage,WTI,benchmark_spot,USD,USD_PER_BARREL,False
2018-07-24,WTI_CRUDE,WTI_CRUDE,70.77,,,,alpha_vantage,WTI,benchmark_spot,USD,USD_PER_BARREL,False
2018-07-25,WTI_CRUDE,WTI_CRUDE,71.13,,,,alpha_vantage,WTI,benchmark_spot,USD,USD_PER_BARREL,False
2018-07-26,WTI_CRUDE,WTI_CRUDE,71.59,,,,alpha_vantage,WTI,benchmark_spot,USD,USD_PER_BARREL,False
2018-07-27,WTI_CRUDE,WTI_CRUDE,68.66,,,,alpha_vantage,WTI,benchmark_spot,USD,USD_PER_BARREL,False
2018-07-30,WTI_CRUDE,WTI_CRUDE,71.19,,,,alpha_vantage,WTI,benchmark_spot,USD,USD_PER_BARREL,False
2018-07-31,WTI_CRUDE,WTI_CRUDE,69.88,,,,alpha_vantage,WTI,benchmark_spot,USD,USD_PER_BARREL,False
2018-08-01,WTI_CRUDE,WTI_CRUDE,68.8,,,,alpha_vantage,WTI,benchmark_spot,USD,USD_PER_BARREL,False
2018-08-02,WTI_CRUDE,WTI_CRUDE,68.95,,,,alpha_vantage,WTI,benchmark_spot,USD,USD_PER_BARREL,False
2018-08-03,WTI_CRUDE,WTI_CRUDE,68.49,,,,alpha_vantage,WTI,benchmark_spot,USD,USD_PER_BARREL,False
2018-08-06,WTI_CRUDE,WTI_CRUDE,69.01,,,,alpha_vantage,WTI,benchmark_spot,USD,USD_PER_BARREL,False
2018-08-07,WTI_CRUDE,WTI_CRUDE,69.17,,,,alpha_vantage,WTI,benchmark_spot,USD,USD_PER_BARREL,False
2018-08-08,WTI_CRUDE,WTI_CRUDE,66.92,,,,alpha_vantage,WTI,benchmark_spot,USD,USD_PER_BARREL,False
2018-08-09,WTI_CRUDE,WTI_CRUDE,66.81,,,,alpha_vantage,WTI,benchmark_spot,USD,USD_PER_BARREL,False
2018-08-10,WTI_CRUDE,WTI_CRUDE,67.61,,,,alpha_vantage,WTI,benchmark_spot,USD,USD_PER_BARREL,False
2018-08-13,WTI_CRUDE,WTI_CRUDE,67.25,,,,alpha_vantage,WTI,benchmark_spot,USD,USD_PER_BARREL,False
2018-08-14,WTI_CRUDE,WTI_CRUDE,67.04,,,,alpha_vantage,WTI,benchmark_spot,USD,USD_PER_BARREL,False
2018-08-15,WTI_CRUDE,WTI_CRUDE,65.07,,,,alpha_vantage,WTI,benchmark_spot,USD,USD_PER_BARREL,False
2018-08-16,WTI_CRUDE,WTI_CRUDE,65.44,,,,alpha_vantage,WTI,benchmark_spot,USD,USD_PER_BARREL,False
2018-08-17,WTI_CRUDE,WTI_CRUDE,65.93,,,,alpha_vantage,WTI,benchmark_spot,USD,USD_PER_BARREL,False
2018-08-20,WTI_CRUDE,WTI_CRUDE,66.5,,,,alpha_vantage,WTI,benchmark_spot,USD,USD_PER_BARREL,False
2018-08-21,WTI_CRUDE,WTI_CRUDE,67.32,,,,alpha_vantage,WTI,benchmark_spot,USD,USD_PER_BARREL,False
2018-08-22,WTI_CRUDE,WTI_CRUDE,67.85,,,,alpha_vantage,WTI,benchmark_spot,USD,USD_PER_BARREL,False
2018-08-23,WTI_CRUDE,WTI_CRUDE,69.13,,,,alpha_vantage,WTI,benchmark_spot,USD,USD_PER_BARREL,False
2018-08-24,WTI_CRUDE,WTI_CRUDE,69.71,,,,alpha_vantage,WTI,benchmark_spot,USD,USD_PER_BARREL,False
2018-08-27,WTI_CRUDE,WTI_CRUDE,69.97,,,,alpha_vantage,WTI,benchmark_spot,USD,USD_PER_BARREL,False
2018-08-28,WTI_CRUDE,WTI_CRUDE,68.54,,,,alpha_vantage,WTI,benchmark_spot,USD,USD_PER_BARREL,False
2018-08-29,WTI_CRUDE,WTI_CRUDE,69.68,,,,alpha_vantage,WTI,benchmark_spot,USD,USD_PER_BARREL,False
2018-08-30,WTI_CRUDE,WTI_CRUDE,70.25,,,,alpha_vantage,WTI,benchmark_spot,USD,USD_PER_BARREL,False
2018-08-31,WTI_CRUDE,WTI_CRUDE,69.84,,,,alpha_vantage,WTI,benchmark_spot,USD,USD_PER_BARREL,False
2018-09-04,WTI_CRUDE,WTI_CRUDE,69.82,,,,alpha_vantage,WTI,benchmark_spot,USD,USD_PER_BARREL,False
2018-09-05,WTI_CRUDE,WTI_CRUDE,68.69,,,,alpha_vantage,WTI,benchmark_spot,USD,USD_PER_BARREL,False
2018-09-06,WTI_CRUDE,WTI_CRUDE,67.81,,,,alpha_vantage,WTI,benchmark_spot,USD,USD_PER_BARREL,False
2018-09-07,WTI_CRUDE,WTI_CRUDE,67.73,,,,alpha_vantage,WTI,benchmark_spot,USD,USD_PER_BARREL,False
2018-09-10,WTI_CRUDE,WTI_CRUDE,67.55,,,,alpha_vantage,WTI,benchmark_spot,USD,USD_PER_BARREL,False
2018-09-11,WTI_CRUDE,WTI_CRUDE,69.29,,,,alpha_vantage,WTI,benchmark_spot,USD,USD_PER_BARREL,False
2018-09-12,WTI_CRUDE,WTI_CRUDE,70.37,,,,alpha_vantage,WTI,benchmark_spot,USD,USD_PER_BARREL,False
2018-09-13,WTI_CRUDE,WTI_CRUDE,68.6,,,,alpha_vantage,WTI,benchmark_spot,USD,USD_PER_BARREL,False
2018-09-14,WTI_CRUDE,WTI_CRUDE,68.98,,,,alpha_vantage,WTI,benchmark_spot,USD,USD_PER_BARREL,False
2018-09-17,WTI_CRUDE,WTI_CRUDE,68.86,,,,alpha_vantage,WTI,benchmark_spot,USD,USD_PER_BARREL,False
2018-09-18,WTI_CRUDE,WTI_CRUDE,69.87,,,,alpha_vantage,WTI,benchmark_spot,USD,USD_PER_BARREL,False
2018-09-19,WTI_CRUDE,WTI_CRUDE,71.08,,,,alpha_vantage,WTI,benchmark_spot,USD,USD_PER_BARREL,False
2018-09-20,WTI_CRUDE,WTI_CRUDE,70.77,,,,alpha_vantage,WTI,benchmark_spot,USD,USD_PER_BARREL,False
2018-09-21,WTI_CRUDE,WTI_CRUDE,70.8,,,,alpha_vantage,WTI,benchmark_spot,USD,USD_PER_BARREL,False
2018-09-24,WTI_CRUDE,WTI_CRUDE,73.23,,,,alpha_vantage,WTI,benchmark_spot,USD,USD_PER_BARREL,False
2018-09-25,WTI_CRUDE,WTI_CRUDE,73.4,,,,alpha_vantage,WTI,benchmark_spot,USD,USD_PER_BARREL,False
2018-09-26,WTI_CRUDE,WTI_CRUDE,72.22,,,,alpha_vantage,WTI,benchmark_spot,USD,USD_PER_BARREL,False
2018-09-27,WTI_CRUDE,WTI_CRUDE,72.18,,,,alpha_vantage,WTI,benchmark_spot,USD,USD_PER_BARREL,False
2018-09-28,WTI_CRUDE,WTI_CRUDE,73.16,,,,alpha_vantage,WTI,benchmark_spot,USD,USD_PER_BARREL,False
2018-10-01,WTI_CRUDE,WTI_CRUDE,75.37,,,,alpha_vantage,WTI,benchmark_spot,USD,USD_PER_BARREL,False
2018-10-02,WTI_CRUDE,WTI_CRUDE,75.16,,,,alpha_vantage,WTI,benchmark_spot,USD,USD_PER_BARREL,False
2018-10-03,WTI_CRUDE,WTI_CRUDE,76.4,,,,alpha_vantage,WTI,benchmark_spot,USD,USD_PER_BARREL,False
2018-10-04,WTI_CRUDE,WTI_CRUDE,74.44,,,,alpha_vantage,WTI,benchmark_spot,USD,USD_PER_BARREL,False
2018-10-05,WTI_CRUDE,WTI_CRUDE,74.26,,,,alpha_vantage,WTI,benchmark_spot,USD,USD_PER_BARREL,False
2018-10-08,WTI_CRUDE,WTI_CRUDE,74.27,,,,alpha_vantage,WTI,benchmark_spot,USD,USD_PER_BARREL,False
2018-10-09,WTI_CRUDE,WTI_CRUDE,74.95,,,,alpha_vantage,WTI,benchmark_spot,USD,USD_PER_BARREL,False
2018-10-10,WTI_CRUDE,WTI_CRUDE,73.18,,,,alpha_vantage,WTI,benchmark_spot,USD,USD_PER_BARREL,False
2018-10-11,WTI_CRUDE,WTI_CRUDE,70.97,,,,alpha_vantage,WTI,benchmark_spot,USD,USD_PER_BARREL,False
2018-10-12,WTI_CRUDE,WTI_CRUDE,71.41,,,,alpha_vantage,WTI,benchmark_spot,USD,USD_PER_BARREL,False
2018-10-15,WTI_CRUDE,WTI_CRUDE,71.84,,,,alpha_vantage,WTI,benchmark_spot,USD,USD_PER_BARREL,False
2018-10-16,WTI_CRUDE,WTI_CRUDE,71.93,,,,alpha_vantage,WTI,benchmark_spot,USD,USD_PER_BARREL,False
2018-10-17,WTI_CRUDE,WTI_CRUDE,69.63,,,,alpha_vantage,WTI,benchmark_spot,USD,USD_PER_BARREL,False
2018-10-18,WTI_CRUDE,WTI_CRUDE,68.63,,,,alpha_vantage,WTI,benchmark_spot,USD,USD_PER_BARREL,False
2018-10-19,WTI_CRUDE,WTI_CRUDE,69.16,,,,alpha_vantage,WTI,benchmark_spot,USD,USD_PER_BARREL,False
2018-10-22,WTI_CRUDE,WTI_CRUDE,69.25,,,,alpha_vantage,WTI,benchmark_spot,USD,USD_PER_BARREL,False
2018-10-23,WTI_CRUDE,WTI_CRUDE,66.49,,,,alpha_vantage,WTI,benchmark_spot,USD,USD_PER_BARREL,False
2018-10-24,WTI_CRUDE,WTI_CRUDE,66.56,,,,alpha_vantage,WTI,benchmark_spot,USD,USD_PER_BARREL,False
2018-10-25,WTI_CRUDE,WTI_CRUDE,67.25,,,,alpha_vantage,WTI,benchmark_spot,USD,USD_PER_BARREL,False
2018-10-26,WTI_CRUDE,WTI_CRUDE,67.58,,,,alpha_vantage,WTI,benchmark_spot,USD,USD_PER_BARREL,False
2018-10-29,WTI_CRUDE,WTI_CRUDE,67.0,,,,alpha_vantage,WTI,benchmark_spot,USD,USD_PER_BARREL,False
2018-10-30,WTI_CRUDE,WTI_CRUDE,66.18,,,,alpha_vantage,WTI,benchmark_spot,USD,USD_PER_BARREL,False
2018-10-31,WTI_CRUDE,WTI_CRUDE,65.31,,,,alpha_vantage,WTI,benchmark_spot,USD,USD_PER_BARREL,False
2018-11-01,WTI_CRUDE,WTI_CRUDE,63.67,,,,alpha_vantage,WTI,benchmark_spot,USD,USD_PER_BARREL,False
2018-11-02,WTI_CRUDE,WTI_CRUDE,63.12,,,,alpha_vantage,WTI,benchmark_spot,USD,USD_PER_BARREL,False
2018-11-05,WTI_CRUDE,WTI_CRUDE,63.12,,,,alpha_vantage,WTI,benchmark_spot,USD,USD_PER_BARREL,False
2018-11-06,WTI_CRUDE,WTI_CRUDE,62.16,,,,alpha_vantage,WTI,benchmark_spot,USD,USD_PER_BARREL,False
2018-11-07,WTI_CRUDE,WTI_CRUDE,61.69,,,,alpha_vantage,WTI,benchmark_spot,USD,USD_PER_BARREL,False
2018-11-08,WTI_CRUDE,WTI_CRUDE,60.71,,,,alpha_vantage,WTI,benchmark_spot,USD,USD_PER_BARREL,False
2018-11-09,WTI_CRUDE,WTI_CRUDE,60.19,,,,alpha_vantage,WTI,benchmark_spot,USD,USD_PER_BARREL,False
2018-11-12,WTI_CRUDE,WTI_CRUDE,59.85,,,,alpha_vantage,WTI,benchmark_spot,USD,USD_PER_BARREL,False
2018-11-13,WTI_CRUDE,WTI_CRUDE,55.63,,,,alpha_vantage,WTI,benchmark_spot,USD,USD_PER_BARREL,False
2018-11-14,WTI_CRUDE,WTI_CRUDE,56.16,,,,alpha_vantage,WTI,benchmark_spot,USD,USD_PER_BARREL,False
2018-11-15,WTI_CRUDE,WTI_CRUDE,56.45,,,,alpha_vantage,WTI,benchmark_spot,USD,USD_PER_BARREL,False
2018-11-16,WTI_CRUDE,WTI_CRUDE,56.49,,,,alpha_vantage,WTI,benchmark_spot,USD,USD_PER_BARREL,False
2018-11-19,WTI_CRUDE,WTI_CRUDE,57.16,,,,alpha_vantage,WTI,benchmark_spot,USD,USD_PER_BARREL,False
2018-11-20,WTI_CRUDE,WTI_CRUDE,53.39,,,,alpha_vantage,WTI,benchmark_spot,USD,USD_PER_BARREL,False
2018-11-21,WTI_CRUDE,WTI_CRUDE,54.41,,,,alpha_vantage,WTI,benchmark_spot,USD,USD_PER_BARREL,False
2018-11-26,WTI_CRUDE,WTI_CRUDE,51.46,,,,alpha_vantage,WTI,benchmark_spot,USD,USD_PER_BARREL,False
2018-11-27,WTI_CRUDE,WTI_CRUDE,51.31,,,,alpha_vantage,WTI,benchmark_spot,USD,USD_PER_BARREL,False
2018-11-28,WTI_CRUDE,WTI_CRUDE,50.06,,,,alpha_vantage,WTI,benchmark_spot,USD,USD_PER_BARREL,False
2018-11-29,WTI_CRUDE,WTI_CRUDE,51.46,,,,alpha_vantage,WTI,benchmark_spot,USD,USD_PER_BARREL,False
2018-11-30,WTI_CRUDE,WTI_CRUDE,50.78,,,,alpha_vantage,WTI,benchmark_spot,USD,USD_PER_BARREL,False
2018-12-03,WTI_CRUDE,WTI_CRUDE,52.98,,,,alpha_vantage,WTI,benchmark_spot,USD,USD_PER_BARREL,False
2018-12-04,WTI_CRUDE,WTI_CRUDE,53.21,,,,alpha_vantage,WTI,benchmark_spot,USD,USD_PER_BARREL,False
2018-12-05,WTI_CRUDE,WTI_CRUDE,52.64,,,,alpha_vantage,WTI,benchmark_spot,USD,USD_PER_BARREL,False
2018-12-06,WTI_CRUDE,WTI_CRUDE,51.54,,,,alpha_vantage,WTI,benchmark_spot,USD,USD_PER_BARREL,False
2018-12-07,WTI_CRUDE,WTI_CRUDE,52.76,,,,alpha_vantage,WTI,benchmark_spot,USD,USD_PER_BARREL,False
2018-12-10,WTI_CRUDE,WTI_CRUDE,51.07,,,,alpha_vantage,WTI,benchmark_spot,USD,USD_PER_BARREL,False
2018-12-11,WTI_CRUDE,WTI_CRUDE,51.65,,,,alpha_vantage,WTI,benchmark_spot,USD,USD_PER_BARREL,False
2018-12-12,WTI_CRUDE,WTI_CRUDE,51.04,,,,alpha_vantage,WTI,benchmark_spot,USD,USD_PER_BARREL,False
2018-12-13,WTI_CRUDE,WTI_CRUDE,52.69,,,,alpha_vantage,WTI,benchmark_spot,USD,USD_PER_BARREL,False
2018-12-14,WTI_CRUDE,WTI_CRUDE,51.26,,,,alpha_vantage,WTI,benchmark_spot,USD,USD_PER_BARREL,False
2018-12-17,WTI_CRUDE,WTI_CRUDE,49.8,,,,alpha_vantage,WTI,benchmark_spot,USD,USD_PER_BARREL,False
2018-12-18,WTI_CRUDE,WTI_CRUDE,46.12,,,,alpha_vantage,WTI,benchmark_spot,USD,USD_PER_BARREL,False
2018-12-19,WTI_CRUDE,WTI_CRUDE,47.96,,,,alpha_vantage,WTI,benchmark_spot,USD,USD_PER_BARREL,False
2018-12-20,WTI_CRUDE,WTI_CRUDE,45.64,,,,alpha_vantage,WTI,benchmark_spot,USD,USD_PER_BARREL,False
2018-12-21,WTI_CRUDE,WTI_CRUDE,45.38,,,,alpha_vantage,WTI,benchmark_spot,USD,USD_PER_BARREL,False
2018-12-26,WTI_CRUDE,WTI_CRUDE,46.04,,,,alpha_vantage,WTI,benchmark_spot,USD,USD_PER_BARREL,False
2018-12-27,WTI_CRUDE,WTI_CRUDE,44.48,,,,alpha_vantage,WTI,benchmark_spot,USD,USD_PER_BARREL,False
2018-12-28,WTI_CRUDE,WTI_CRUDE,45.15,,,,alpha_vantage,WTI,benchmark_spot,USD,USD_PER_BARREL,False
2019-01-02,WTI_CRUDE,WTI_CRUDE,46.31,,,,alpha_vantage,WTI,benchmark_spot,USD,USD_PER_BARREL,False
2019-01-03,WTI_CRUDE,WTI_CRUDE,46.92,,,,alpha_vantage,WTI,benchmark_spot,USD,USD_PER_BARREL,False
2019-01-04,WTI_CRUDE,WTI_CRUDE,47.76,,,,alpha_vantage,WTI,benchmark_spot,USD,USD_PER_BARREL,False
2019-01-07,WTI_CRUDE,WTI_CRUDE,48.27,,,,alpha_vantage,WTI,benchmark_spot,USD,USD_PER_BARREL,False
2019-01-08,WTI_CRUDE,WTI_CRUDE,49.58,,,,alpha_vantage,WTI,benchmark_spot,USD,USD_PER_BARREL,False
2019-01-09,WTI_CRUDE,WTI_CRUDE,52.19,,,,alpha_vantage,WTI,benchmark_spot,USD,USD_PER_BARREL,False
2019-01-10,WTI_CRUDE,WTI_CRUDE,52.42,,,,alpha_vantage,WTI,benchmark_spot,USD,USD_PER_BARREL,False
2019-01-11,WTI_CRUDE,WTI_CRUDE,51.44,,,,alpha_vantage,WTI,benchmark_spot,USD,USD_PER_BARREL,False
2019-01-14,WTI_CRUDE,WTI_CRUDE,50.31,,,,alpha_vantage,WTI,benchmark_spot,USD,USD_PER_BARREL,False
2019-01-15,WTI_CRUDE,WTI_CRUDE,51.8,,,,alpha_vantage,WTI,benchmark_spot,USD,USD_PER_BARREL,False
2019-01-16,WTI_CRUDE,WTI_CRUDE,52.08,,,,alpha_vantage,WTI,benchmark_spot,USD,USD_PER_BARREL,False
2019-01-17,WTI_CRUDE,WTI_CRUDE,51.83,,,,alpha_vantage,WTI,benchmark_spot,USD,USD_PER_BARREL,False
2019-01-18,WTI_CRUDE,WTI_CRUDE,53.6,,,,alpha_vantage,WTI,benchmark_spot,USD,USD_PER_BARREL,False
2019-01-22,WTI_CRUDE,WTI_CRUDE,52.59,,,,alpha_vantage,WTI,benchmark_spot,USD,USD_PER_BARREL,False
2019-01-23,WTI_CRUDE,WTI_CRUDE,52.44,,,,alpha_vantage,WTI,benchmark_spot,USD,USD_PER_BARREL,False
2019-01-24,WTI_CRUDE,WTI_CRUDE,52.94,,,,alpha_vantage,WTI,benchmark_spot,USD,USD_PER_BARREL,False
2019-01-25,WTI_CRUDE,WTI_CRUDE,53.53,,,,alpha_vantage,WTI,benchmark_spot,USD,USD_PER_BARREL,False
2019-01-28,WTI_CRUDE,WTI_CRUDE,51.79,,,,alpha_vantage,WTI,benchmark_spot,USD,USD_PER_BARREL,False
2019-01-29,WTI_CRUDE,WTI_CRUDE,53.07,,,,alpha_vantage,WTI,benchmark_spot,USD,USD_PER_BARREL,False
2019-01-30,WTI_CRUDE,WTI_CRUDE,54.18,,,,alpha_vantage,WTI,benchmark_spot,USD,USD_PER_BARREL,False
2019-01-31,WTI_CRUDE,WTI_CRUDE,53.84,,,,alpha_vantage,WTI,benchmark_spot,USD,USD_PER_BARREL,False
2019-02-01,WTI_CRUDE,WTI_CRUDE,55.29,,,,alpha_vantage,WTI,benchmark_spot,USD,USD_PER_BARREL,False
2019-02-04,WTI_CRUDE,WTI_CRUDE,54.57,,,,alpha_vantage,WTI,benchmark_spot,USD,USD_PER_BARREL,False
2019-02-05,WTI_CRUDE,WTI_CRUDE,53.69,,,,alpha_vantage,WTI,benchmark_spot,USD,USD_PER_BARREL,False
2019-02-06,WTI_CRUDE,WTI_CRUDE,53.94,,,,alpha_vantage,WTI,benchmark_spot,USD,USD_PER_BARREL,False
2019-02-07,WTI_CRUDE,WTI_CRUDE,52.68,,,,alpha_vantage,WTI,benchmark_spot,USD,USD_PER_BARREL,False
2019-02-08,WTI_CRUDE,WTI_CRUDE,52.75,,,,alpha_vantage,WTI,benchmark_spot,USD,USD_PER_BARREL,False
2019-02-11,WTI_CRUDE,WTI_CRUDE,52.43,,,,alpha_vantage,WTI,benchmark_spot,USD,USD_PER_BARREL,False
2019-02-12,WTI_CRUDE,WTI_CRUDE,53.14,,,,alpha_vantage,WTI,benchmark_spot,USD,USD_PER_BARREL,False
2019-02-13,WTI_CRUDE,WTI_CRUDE,53.84,,,,alpha_vantage,WTI,benchmark_spot,USD,USD_PER_BARREL,False
2019-02-14,WTI_CRUDE,WTI_CRUDE,54.4,,,,alpha_vantage,WTI,benchmark_spot,USD,USD_PER_BARREL,False
2019-02-15,WTI_CRUDE,WTI_CRUDE,55.58,,,,alpha_vantage,WTI,benchmark_spot,USD,USD_PER_BARREL,False
2019-02-19,WTI_CRUDE,WTI_CRUDE,56.12,,,,alpha_vantage,WTI,benchmark_spot,USD,USD_PER_BARREL,False
2019-02-20,WTI_CRUDE,WTI_CRUDE,56.9,,,,alpha_vantage,WTI,benchmark_spot,USD,USD_PER_BARREL,False
2019-02-21,WTI_CRUDE,WTI_CRUDE,56.95,,,,alpha_vantage,WTI,benchmark_spot,USD,USD_PER_BARREL,False
2019-02-22,WTI_CRUDE,WTI_CRUDE,57.01,,,,alpha_vantage,WTI,benchmark_spot,USD,USD_PER_BARREL,False
2019-02-25,WTI_CRUDE,WTI_CRUDE,55.32,,,,alpha_vantage,WTI,benchmark_spot,USD,USD_PER_BARREL,False
2019-02-26,WTI_CRUDE,WTI_CRUDE,55.4,,,,alpha_vantage,WTI,benchmark_spot,USD,USD_PER_BARREL,False
2019-02-27,WTI_CRUDE,WTI_CRUDE,56.92,,,,alpha_vantage,WTI,benchmark_spot,USD,USD_PER_BARREL,False
2019-02-28,WTI_CRUDE,WTI_CRUDE,57.21,,,,alpha_vantage,WTI,benchmark_spot,USD,USD_PER_BARREL,False
2019-03-01,WTI_CRUDE,WTI_CRUDE,55.76,,,,alpha_vantage,WTI,benchmark_spot,USD,USD_PER_BARREL,False
2019-03-04,WTI_CRUDE,WTI_CRUDE,56.6,,,,alpha_vantage,WTI,benchmark_spot,USD,USD_PER_BARREL,False
2019-03-05,WTI_CRUDE,WTI_CRUDE,56.55,,,,alpha_vantage,WTI,benchmark_spot,USD,USD_PER_BARREL,False
2019-03-06,WTI_CRUDE,WTI_CRUDE,56.22,,,,alpha_vantage,WTI,benchmark_spot,USD,USD_PER_BARREL,False
2019-03-07,WTI_CRUDE,WTI_CRUDE,56.6,,,,alpha_vantage,WTI,benchmark_spot,USD,USD_PER_BARREL,False
2019-03-08,WTI_CRUDE,WTI_CRUDE,55.77,,,,alpha_vantage,WTI,benchmark_spot,USD,USD_PER_BARREL,False
2019-03-11,WTI_CRUDE,WTI_CRUDE,56.79,,,,alpha_vantage,WTI,benchmark_spot,USD,USD_PER_BARREL,False
2019-03-12,WTI_CRUDE,WTI_CRUDE,56.89,,,,alpha_vantage,WTI,benchmark_spot,USD,USD_PER_BARREL,False
2019-03-13,WTI_CRUDE,WTI_CRUDE,58.27,,,,alpha_vantage,WTI,benchmark_spot,USD,USD_PER_BARREL,False
2019-03-14,WTI_CRUDE,WTI_CRUDE,58.59,,,,alpha_vantage,WTI,benchmark_spot,USD,USD_PER_BARREL,False
2019-03-15,WTI_CRUDE,WTI_CRUDE,58.51,,,,alpha_vantage,WTI,benchmark_spot,USD,USD_PER_BARREL,False
2019-03-18,WTI_CRUDE,WTI_CRUDE,59.09,,,,alpha_vantage,WTI,benchmark_spot,USD,USD_PER_BARREL,False
2019-03-19,WTI_CRUDE,WTI_CRUDE,59.12,,,,alpha_vantage,WTI,benchmark_spot,USD,USD_PER_BARREL,False
2019-03-20,WTI_CRUDE,WTI_CRUDE,60.12,,,,alpha_vantage,WTI,benchmark_spot,USD,USD_PER_BARREL,False
2019-03-21,WTI_CRUDE,WTI_CRUDE,59.98,,,,alpha_vantage,WTI,benchmark_spot,USD,USD_PER_BARREL,False
2019-03-22,WTI_CRUDE,WTI_CRUDE,58.87,,,,alpha_vantage,WTI,benchmark_spot,USD,USD_PER_BARREL,False
2019-03-25,WTI_CRUDE,WTI_CRUDE,58.71,,,,alpha_vantage,WTI,benchmark_spot,USD,USD_PER_BARREL,False
2019-03-26,WTI_CRUDE,WTI_CRUDE,59.87,,,,alpha_vantage,WTI,benchmark_spot,USD,USD_PER_BARREL,False
2019-03-27,WTI_CRUDE,WTI_CRUDE,59.39,,,,alpha_vantage,WTI,benchmark_spot,USD,USD_PER_BARREL,False
2019-03-28,WTI_CRUDE,WTI_CRUDE,59.29,,,,alpha_vantage,WTI,benchmark_spot,USD,USD_PER_BARREL,False
2019-03-29,WTI_CRUDE,WTI_CRUDE,60.19,,,,alpha_vantage,WTI,benchmark_spot,USD,USD_PER_BARREL,False
2019-04-01,WTI_CRUDE,WTI_CRUDE,61.59,,,,alpha_vantage,WTI,benchmark_spot,USD,USD_PER_BARREL,False
2019-04-02,WTI_CRUDE,WTI_CRUDE,62.53,,,,alpha_vantage,WTI,benchmark_spot,USD,USD_PER_BARREL,False
2019-04-03,WTI_CRUDE,WTI_CRUDE,62.46,,,,alpha_vantage,WTI,benchmark_spot,USD,USD_PER_BARREL,False
2019-04-04,WTI_CRUDE,WTI_CRUDE,62.12,,,,alpha_vantage,WTI,benchmark_spot,USD,USD_PER_BARREL,False
2019-04-05,WTI_CRUDE,WTI_CRUDE,63.1,,,,alpha_vantage,WTI,benchmark_spot,USD,USD_PER_BARREL,False
2019-04-08,WTI_CRUDE,WTI_CRUDE,64.37,,,,alpha_vantage,WTI,benchmark_spot,USD,USD_PER_BARREL,False
2019-04-09,WTI_CRUDE,WTI_CRUDE,64.05,,,,alpha_vantage,WTI,benchmark_spot,USD,USD_PER_BARREL,False
2019-04-10,WTI_CRUDE,WTI_CRUDE,64.62,,,,alpha_vantage,WTI,benchmark_spot,USD,USD_PER_BARREL,False
2019-04-11,WTI_CRUDE,WTI_CRUDE,63.61,,,,alpha_vantage,WTI,benchmark_spot,USD,USD_PER_BARREL,False
2019-04-12,WTI_CRUDE,WTI_CRUDE,63.86,,,,alpha_vantage,WTI,benchmark_spot,USD,USD_PER_BARREL,False
2019-04-15,WTI_CRUDE,WTI_CRUDE,63.43,,,,alpha_vantage,WTI,benchmark_spot,USD,USD_PER_BARREL,False
2019-04-16,WTI_CRUDE,WTI_CRUDE,64.01,,,,alpha_vantage,WTI,benchmark_spot,USD,USD_PER_BARREL,False
2019-04-17,WTI_CRUDE,WTI_CRUDE,63.74,,,,alpha_vantage,WTI,benchmark_spot,USD,USD_PER_BARREL,False
2019-04-18,WTI_CRUDE,WTI_CRUDE,64.02,,,,alpha_vantage,WTI,benchmark_spot,USD,USD_PER_BARREL,False
2019-04-22,WTI_CRUDE,WTI_CRUDE,65.66,,,,alpha_vantage,WTI,benchmark_spot,USD,USD_PER_BARREL,False
2019-04-23,WTI_CRUDE,WTI_CRUDE,66.24,,,,alpha_vantage,WTI,benchmark_spot,USD,USD_PER_BARREL,False
2019-04-24,WTI_CRUDE,WTI_CRUDE,65.96,,,,alpha_vantage,WTI,benchmark_spot,USD,USD_PER_BARREL,False
2019-04-25,WTI_CRUDE,WTI_CRUDE,65.23,,,,alpha_vantage,WTI,benchmark_spot,USD,USD_PER_BARREL,False
2019-04-26,WTI_CRUDE,WTI_CRUDE,63.29,,,,alpha_vantage,WTI,benchmark_spot,USD,USD_PER_BARREL,False
2019-04-29,WTI_CRUDE,WTI_CRUDE,63.39,,,,alpha_vantage,WTI,benchmark_spot,USD,USD_PER_BARREL,False
2019-04-30,WTI_CRUDE,WTI_CRUDE,63.83,,,,alpha_vantage,WTI,benchmark_spot,USD,USD_PER_BARREL,False
2019-05-01,WTI_CRUDE,WTI_CRUDE,63.55,,,,alpha_vantage,WTI,benchmark_spot,USD,USD_PER_BARREL,False
2019-05-02,WTI_CRUDE,WTI_CRUDE,61.75,,,,alpha_vantage,WTI,benchmark_spot,USD,USD_PER_BARREL,False
2019-05-03,WTI_CRUDE,WTI_CRUDE,61.98,,,,alpha_vantage,WTI,benchmark_spot,USD,USD_PER_BARREL,False
2019-05-06,WTI_CRUDE,WTI_CRUDE,62.3,,,,alpha_vantage,WTI,benchmark_spot,USD,USD_PER_BARREL,False
2019-05-07,WTI_CRUDE,WTI_CRUDE,61.41,,,,alpha_vantage,WTI,benchmark_spot,USD,USD_PER_BARREL,False
2019-05-08,WTI_CRUDE,WTI_CRUDE,62.13,,,,alpha_vantage,WTI,benchmark_spot,USD,USD_PER_BARREL,False
2019-05-09,WTI_CRUDE,WTI_CRUDE,61.58,,,,alpha_vantage,WTI,benchmark_spot,USD,USD_PER_BARREL,False
2019-05-10,WTI_CRUDE,WTI_CRUDE,61.65,,,,alpha_vantage,WTI,benchmark_spot,USD,USD_PER_BARREL,False
2019-05-13,WTI_CRUDE,WTI_CRUDE,60.97,,,,alpha_vantage,WTI,benchmark_spot,USD,USD_PER_BARREL,False
2019-05-14,WTI_CRUDE,WTI_CRUDE,61.82,,,,alpha_vantage,WTI,benchmark_spot,USD,USD_PER_BARREL,False
2019-05-15,WTI_CRUDE,WTI_CRUDE,62.03,,,,alpha_vantage,WTI,benchmark_spot,USD,USD_PER_BARREL,False
2019-05-16,WTI_CRUDE,WTI_CRUDE,62.93,,,,alpha_vantage,WTI,benchmark_spot,USD,USD_PER_BARREL,False
2019-05-17,WTI_CRUDE,WTI_CRUDE,62.77,,,,alpha_vantage,WTI,benchmark_spot,USD,USD_PER_BARREL,False
2019-05-20,WTI_CRUDE,WTI_CRUDE,63.12,,,,alpha_vantage,WTI,benchmark_spot,USD,USD_PER_BARREL,False
2019-05-21,WTI_CRUDE,WTI_CRUDE,63.02,,,,alpha_vantage,WTI,benchmark_spot,USD,USD_PER_BARREL,False
2019-05-22,WTI_CRUDE,WTI_CRUDE,61.42,,,,alpha_vantage,WTI,benchmark_spot,USD,USD_PER_BARREL,False
2019-05-23,WTI_CRUDE,WTI_CRUDE,57.65,,,,alpha_vantage,WTI,benchmark_spot,USD,USD_PER_BARREL,False
2019-05-24,WTI_CRUDE,WTI_CRUDE,58.4,,,,alpha_vantage,WTI,benchmark_spot,USD,USD_PER_BARREL,False
2019-05-28,WTI_CRUDE,WTI_CRUDE,58.91,,,,alpha_vantage,WTI,benchmark_spot,USD,USD_PER_BARREL,False
2019-05-29,WTI_CRUDE,WTI_CRUDE,58.84,,,,alpha_vantage,WTI,benchmark_spot,USD,USD_PER_BARREL,False
2019-05-30,WTI_CRUDE,WTI_CRUDE,56.47,,,,alpha_vantage,WTI,benchmark_spot,USD,USD_PER_BARREL,False
2019-05-31,WTI_CRUDE,WTI_CRUDE,53.49,,,,alpha_vantage,WTI,benchmark_spot,USD,USD_PER_BARREL,False
2019-06-03,WTI_CRUDE,WTI_CRUDE,53.25,,,,alpha_vantage,WTI,benchmark_spot,USD,USD_PER_BARREL,False
2019-06-04,WTI_CRUDE,WTI_CRUDE,53.5,,,,alpha_vantage,WTI,benchmark_spot,USD,USD_PER_BARREL,False
2019-06-05,WTI_CRUDE,WTI_CRUDE,51.57,,,,alpha_vantage,WTI,benchmark_spot,USD,USD_PER_BARREL,False
2019-06-06,WTI_CRUDE,WTI_CRUDE,52.59,,,,alpha_vantage,WTI,benchmark_spot,USD,USD_PER_BARREL,False
2019-06-07,WTI_CRUDE,WTI_CRUDE,53.95,,,,alpha_vantage,WTI,benchmark_spot,USD,USD_PER_BARREL,False
2019-06-10,WTI_CRUDE,WTI_CRUDE,53.33,,,,alpha_vantage,WTI,benchmark_spot,USD,USD_PER_BARREL,False
2019-06-11,WTI_CRUDE,WTI_CRUDE,53.3,,,,alpha_vantage,WTI,benchmark_spot,USD,USD_PER_BARREL,False
2019-06-12,WTI_CRUDE,WTI_CRUDE,51.13,,,,alpha_vantage,WTI,benchmark_spot,USD,USD_PER_BARREL,False
2019-06-13,WTI_CRUDE,WTI_CRUDE,52.38,,,,alpha_vantage,WTI,benchmark_spot,USD,USD_PER_BARREL,False
2019-06-14,WTI_CRUDE,WTI_CRUDE,52.47,,,,alpha_vantage,WTI,benchmark_spot,USD,USD_PER_BARREL,False
2019-06-17,WTI_CRUDE,WTI_CRUDE,51.94,,,,alpha_vantage,WTI,benchmark_spot,USD,USD_PER_BARREL,False
2019-06-18,WTI_CRUDE,WTI_CRUDE,53.86,,,,alpha_vantage,WTI,benchmark_spot,USD,USD_PER_BARREL,False
2019-06-19,WTI_CRUDE,WTI_CRUDE,53.74,,,,alpha_vantage,WTI,benchmark_spot,USD,USD_PER_BARREL,False
2019-06-20,WTI_CRUDE,WTI_CRUDE,56.88,,,,alpha_vantage,WTI,benchmark_spot,USD,USD_PER_BARREL,False
2019-06-21,WTI_CRUDE,WTI_CRUDE,57.35,,,,alpha_vantage,WTI,benchmark_spot,USD,USD_PER_BARREL,False
2019-06-24,WTI_CRUDE,WTI_CRUDE,57.73,,,,alpha_vantage,WTI,benchmark_spot,USD,USD_PER_BARREL,False
2019-06-25,WTI_CRUDE,WTI_CRUDE,57.63,,,,alpha_vantage,WTI,benchmark_spot,USD,USD_PER_BARREL,False
2019-06-26,WTI_CRUDE,WTI_CRUDE,59.17,,,,alpha_vantage,WTI,benchmark_spot,USD,USD_PER_BARREL,False
2019-06-27,WTI_CRUDE,WTI_CRUDE,59.18,,,,alpha_vantage,WTI,benchmark_spot,USD,USD_PER_BARREL,False
2019-06-28,WTI_CRUDE,WTI_CRUDE,58.2,,,,alpha_vantage,WTI,benchmark_spot,USD,USD_PER_BARREL,False
2019-07-01,WTI_CRUDE,WTI_CRUDE,58.91,,,,alpha_vantage,WTI,benchmark_spot,USD,USD_PER_BARREL,False
2019-07-02,WTI_CRUDE,WTI_CRUDE,56.0,,,,alpha_vantage,WTI,benchmark_spot,USD,USD_PER_BARREL,False
2019-07-03,WTI_CRUDE,WTI_CRUDE,57.06,,,,alpha_vantage,WTI,benchmark_spot,USD,USD_PER_BARREL,False
2019-07-08,WTI_CRUDE,WTI_CRUDE,57.35,,,,alpha_vantage,WTI,benchmark_spot,USD,USD_PER_BARREL,False
2019-07-09,WTI_CRUDE,WTI_CRUDE,57.57,,,,alpha_vantage,WTI,benchmark_spot,USD,USD_PER_BARREL,False
2019-07-10,WTI_CRUDE,WTI_CRUDE,60.28,,,,alpha_vantage,WTI,benchmark_spot,USD,USD_PER_BARREL,False
2019-07-11,WTI_CRUDE,WTI_CRUDE,59.93,,,,alpha_vantage,WTI,benchmark_spot,USD,USD_PER_BARREL,False
2019-07-12,WTI_CRUDE,WTI_CRUDE,59.99,,,,alpha_vantage,WTI,benchmark_spot,USD,USD_PER_BARREL,False
2019-07-15,WTI_CRUDE,WTI_CRUDE,59.3,,,,alpha_vantage,WTI,benchmark_spot,USD,USD_PER_BARREL,False
2019-07-16,WTI_CRUDE,WTI_CRUDE,57.44,,,,alpha_vantage,WTI,benchmark_spot,USD,USD_PER_BARREL,False
2019-07-17,WTI_CRUDE,WTI_CRUDE,56.5,,,,alpha_vantage,WTI,benchmark_spot,USD,USD_PER_BARREL,False
2019-07-18,WTI_CRUDE,WTI_CRUDE,55.08,,,,alpha_vantage,WTI,benchmark_spot,USD,USD_PER_BARREL,False
2019-07-19,WTI_CRUDE,WTI_CRUDE,55.42,,,,alpha_vantage,WTI,benchmark_spot,USD,USD_PER_BARREL,False
2019-07-22,WTI_CRUDE,WTI_CRUDE,55.87,,,,alpha_vantage,WTI,benchmark_spot,USD,USD_PER_BARREL,False
2019-07-23,WTI_CRUDE,WTI_CRUDE,56.58,,,,alpha_vantage,WTI,benchmark_spot,USD,USD_PER_BARREL,False
2019-07-24,WTI_CRUDE,WTI_CRUDE,55.9,,,,alpha_vantage,WTI,benchmark_spot,USD,USD_PER_BARREL,False
2019-07-25,WTI_CRUDE,WTI_CRUDE,55.88,,,,alpha_vantage,WTI,benchmark_spot,USD,USD_PER_BARREL,False
2019-07-26,WTI_CRUDE,WTI_CRUDE,56.04,,,,alpha_vantage,WTI,benchmark_spot,USD,USD_PER_BARREL,False
2019-07-29,WTI_CRUDE,WTI_CRUDE,56.85,,,,alpha_vantage,WTI,benchmark_spot,USD,USD_PER_BARREL,False
2019-07-30,WTI_CRUDE,WTI_CRUDE,58.04,,,,alpha_vantage,WTI,benchmark_spot,USD,USD_PER_BARREL,False
2019-07-31,WTI_CRUDE,WTI_CRUDE,58.53,,,,alpha_vantage,WTI,benchmark_spot,USD,USD_PER_BARREL,False
2019-08-01,WTI_CRUDE,WTI_CRUDE,53.64,,,,alpha_vantage,WTI,benchmark_spot,USD,USD_PER_BARREL,False
2019-08-02,WTI_CRUDE,WTI_CRUDE,55.67,,,,alpha_vantage,WTI,benchmark_spot,USD,USD_PER_BARREL,False
2019-08-05,WTI_CRUDE,WTI_CRUDE,54.63,,,,alpha_vantage,WTI,benchmark_spot,USD,USD_PER_BARREL,False
2019-08-06,WTI_CRUDE,WTI_CRUDE,53.6,,,,alpha_vantage,WTI,benchmark_spot,USD,USD_PER_BARREL,False
2019-08-07,WTI_CRUDE,WTI_CRUDE,51.14,,,,alpha_vantage,WTI,benchmark_spot,USD,USD_PER_BARREL,False
2019-08-08,WTI_CRUDE,WTI_CRUDE,52.6,,,,alpha_vantage,WTI,benchmark_spot,USD,USD_PER_BARREL,False
2019-08-09,WTI_CRUDE,WTI_CRUDE,54.41,,,,alpha_vantage,WTI,benchmark_spot,USD,USD_PER_BARREL,False
2019-08-12,WTI_CRUDE,WTI_CRUDE,54.98,,,,alpha_vantage,WTI,benchmark_spot,USD,USD_PER_BARREL,False
2019-08-13,WTI_CRUDE,WTI_CRUDE,57.05,,,,alpha_vantage,WTI,benchmark_spot,USD,USD_PER_BARREL,False
2019-08-14,WTI_CRUDE,WTI_CRUDE,55.16,,,,alpha_vantage,WTI,benchmark_spot,USD,USD_PER_BARREL,False
2019-08-15,WTI_CRUDE,WTI_CRUDE,54.51,,,,alpha_vantage,WTI,benchmark_spot,USD,USD_PER_BARREL,False
2019-08-16,WTI_CRUDE,WTI_CRUDE,54.83,,,,alpha_vantage,WTI,benchmark_spot,USD,USD_PER_BARREL,False
2019-08-19,WTI_CRUDE,WTI_CRUDE,56.24,,,,alpha_vantage,WTI,benchmark_spot,USD,USD_PER_BARREL,False
2019-08-20,WTI_CRUDE,WTI_CRUDE,56.18,,,,alpha_vantage,WTI,benchmark_spot,USD,USD_PER_BARREL,False
2019-08-21,WTI_CRUDE,WTI_CRUDE,55.65,,,,alpha_vantage,WTI,benchmark_spot,USD,USD_PER_BARREL,False
2019-08-22,WTI_CRUDE,WTI_CRUDE,55.33,,,,alpha_vantage,WTI,benchmark_spot,USD,USD_PER_BARREL,False
2019-08-23,WTI_CRUDE,WTI_CRUDE,54.08,,,,alpha_vantage,WTI,benchmark_spot,USD,USD_PER_BARREL,False
2019-08-26,WTI_CRUDE,WTI_CRUDE,53.54,,,,alpha_vantage,WTI,benchmark_spot,USD,USD_PER_BARREL,False
2019-08-27,WTI_CRUDE,WTI_CRUDE,54.99,,,,alpha_vantage,WTI,benchmark_spot,USD,USD_PER_BARREL,False
2019-08-28,WTI_CRUDE,WTI_CRUDE,55.76,,,,alpha_vantage,WTI,benchmark_spot,USD,USD_PER_BARREL,False
2019-08-29,WTI_CRUDE,WTI_CRUDE,56.67,,,,alpha_vantage,WTI,benchmark_spot,USD,USD_PER_BARREL,False
2019-08-30,WTI_CRUDE,WTI_CRUDE,55.07,,,,alpha_vantage,WTI,benchmark_spot,USD,USD_PER_BARREL,False
2019-09-03,WTI_CRUDE,WTI_CRUDE,53.91,,,,alpha_vantage,WTI,benchmark_spot,USD,USD_PER_BARREL,False
2019-09-04,WTI_CRUDE,WTI_CRUDE,56.22,,,,alpha_vantage,WTI,benchmark_spot,USD,USD_PER_BARREL,False
2019-09-05,WTI_CRUDE,WTI_CRUDE,56.33,,,,alpha_vantage,WTI,benchmark_spot,USD,USD_PER_BARREL,False
2019-09-06,WTI_CRUDE,WTI_CRUDE,56.45,,,,alpha_vantage,WTI,benchmark_spot,USD,USD_PER_BARREL,False
2019-09-09,WTI_CRUDE,WTI_CRUDE,57.88,,,,alpha_vantage,WTI,benchmark_spot,USD,USD_PER_BARREL,False
2019-09-10,WTI_CRUDE,WTI_CRUDE,57.37,,,,alpha_vantage,WTI,benchmark_spot,USD,USD_PER_BARREL,False
2019-09-11,WTI_CRUDE,WTI_CRUDE,55.66,,,,alpha_vantage,WTI,benchmark_spot,USD,USD_PER_BARREL,False
2019-09-12,WTI_CRUDE,WTI_CRUDE,55.13,,,,alpha_vantage,WTI,benchmark_spot,USD,USD_PER_BARREL,False
2019-09-13,WTI_CRUDE,WTI_CRUDE,54.76,,,,alpha_vantage,WTI,benchmark_spot,USD,USD_PER_BARREL,False
2019-09-16,WTI_CRUDE,WTI_CRUDE,63.1,,,,alpha_vantage,WTI,benchmark_spot,USD,USD_PER_BARREL,False
2019-09-17,WTI_CRUDE,WTI_CRUDE,59.26,,,,alpha_vantage,WTI,benchmark_spot,USD,USD_PER_BARREL,False
2019-09-18,WTI_CRUDE,WTI_CRUDE,58.19,,,,alpha_vantage,WTI,benchmark_spot,USD,USD_PER_BARREL,False
2019-09-19,WTI_CRUDE,WTI_CRUDE,58.19,,,,alpha_vantage,WTI,benchmark_spot,USD,USD_PER_BARREL,False
2019-09-20,WTI_CRUDE,WTI_CRUDE,57.92,,,,alpha_vantage,WTI,benchmark_spot,USD,USD_PER_BARREL,False
2019-09-23,WTI_CRUDE,WTI_CRUDE,58.69,,,,alpha_vantage,WTI,benchmark_spot,USD,USD_PER_BARREL,False
2019-09-24,WTI_CRUDE,WTI_CRUDE,57.22,,,,alpha_vantage,WTI,benchmark_spot,USD,USD_PER_BARREL,False
2019-09-25,WTI_CRUDE,WTI_CRUDE,56.38,,,,alpha_vantage,WTI,benchmark_spot,USD,USD_PER_BARREL,False
2019-09-26,WTI_CRUDE,WTI_CRUDE,56.24,,,,alpha_vantage,WTI,benchmark_spot,USD,USD_PER_BARREL,False
2019-09-27,WTI_CRUDE,WTI_CRUDE,55.95,,,,alpha_vantage,WTI,benchmark_spot,USD,USD_PER_BARREL,False
2019-09-30,WTI_CRUDE,WTI_CRUDE,54.09,,,,alpha_vantage,WTI,benchmark_spot,USD,USD_PER_BARREL,False
2019-10-01,WTI_CRUDE,WTI_CRUDE,53.6,,,,alpha_vantage,WTI,benchmark_spot,USD,USD_PER_BARREL,False
2019-10-02,WTI_CRUDE,WTI_CRUDE,52.67,,,,alpha_vantage,WTI,benchmark_spot,USD,USD_PER_BARREL,False
2019-10-03,WTI_CRUDE,WTI_CRUDE,52.41,,,,alpha_vantage,WTI,benchmark_spot,USD,USD_PER_BARREL,False
2019-10-04,WTI_CRUDE,WTI_CRUDE,52.84,,,,alpha_vantage,WTI,benchmark_spot,USD,USD_PER_BARREL,False
2019-10-07,WTI_CRUDE,WTI_CRUDE,52.76,,,,alpha_vantage,WTI,benchmark_spot,USD,USD_PER_BARREL,False
2019-10-08,WTI_CRUDE,WTI_CRUDE,52.64,,,,alpha_vantage,WTI,benchmark_spot,USD,USD_PER_BARREL,False
2019-10-09,WTI_CRUDE,WTI_CRUDE,52.63,,,,alpha_vantage,WTI,benchmark_spot,USD,USD_PER_BARREL,False
2019-10-10,WTI_CRUDE,WTI_CRUDE,53.57,,,,alpha_vantage,WTI,benchmark_spot,USD,USD_PER_BARREL,False
2019-10-11,WTI_CRUDE,WTI_CRUDE,54.76,,,,alpha_vantage,WTI,benchmark_spot,USD,USD_PER_BARREL,False
2019-10-14,WTI_CRUDE,WTI_CRUDE,53.57,,,,alpha_vantage,WTI,benchmark_spot,USD,USD_PER_BARREL,False
2019-10-15,WTI_CRUDE,WTI_CRUDE,52.81,,,,alpha_vantage,WTI,benchmark_spot,USD,USD_PER_BARREL,False
2019-10-16,WTI_CRUDE,WTI_CRUDE,53.42,,,,alpha_vantage,WTI,benchmark_spot,USD,USD_PER_BARREL,False
2019-10-17,WTI_CRUDE,WTI_CRUDE,53.89,,,,alpha_vantage,WTI,benchmark_spot,USD,USD_PER_BARREL,False
2019-10-18,WTI_CRUDE,WTI_CRUDE,53.75,,,,alpha_vantage,WTI,benchmark_spot,USD,USD_PER_BARREL,False
2019-10-21,WTI_CRUDE,WTI_CRUDE,53.28,,,,alpha_vantage,WTI,benchmark_spot,USD,USD_PER_BARREL,False
2019-10-22,WTI_CRUDE,WTI_CRUDE,54.21,,,,alpha_vantage,WTI,benchmark_spot,USD,USD_PER_BARREL,False
2019-10-23,WTI_CRUDE,WTI_CRUDE,55.9,,,,alpha_vantage,WTI,benchmark_spot,USD,USD_PER_BARREL,False
2019-10-24,WTI_CRUDE,WTI_CRUDE,56.11,,,,alpha_vantage,WTI,benchmark_spot,USD,USD_PER_BARREL,False
2019-10-25,WTI_CRUDE,WTI_CRUDE,56.52,,,,alpha_vantage,WTI,benchmark_spot,USD,USD_PER_BARREL,False
2019-10-28,WTI_CRUDE,WTI_CRUDE,55.6,,,,alpha_vantage,WTI,benchmark_spot,USD,USD_PER_BARREL,False
2019-10-29,WTI_CRUDE,WTI_CRUDE,55.34,,,,alpha_vantage,WTI,benchmark_spot,USD,USD_PER_BARREL,False
2019-10-30,WTI_CRUDE,WTI_CRUDE,54.85,,,,alpha_vantage,WTI,benchmark_spot,USD,USD_PER_BARREL,False
2019-10-31,WTI_CRUDE,WTI_CRUDE,54.02,,,,alpha_vantage,WTI,benchmark_spot,USD,USD_PER_BARREL,False
2019-11-01,WTI_CRUDE,WTI_CRUDE,56.04,,,,alpha_vantage,WTI,benchmark_spot,USD,USD_PER_BARREL,False
2019-11-04,WTI_CRUDE,WTI_CRUDE,56.33,,,,alpha_vantage,WTI,benchmark_spot,USD,USD_PER_BARREL,False
2019-11-05,WTI_CRUDE,WTI_CRUDE,57.04,,,,alpha_vantage,WTI,benchmark_spot,USD,USD_PER_BARREL,False
2019-11-06,WTI_CRUDE,WTI_CRUDE,56.15,,,,alpha_vantage,WTI,benchmark_spot,USD,USD_PER_BARREL,False
2019-11-07,WTI_CRUDE,WTI_CRUDE,56.91,,,,alpha_vantage,WTI,benchmark_spot,USD,USD_PER_BARREL,False
2019-11-08,WTI_CRUDE,WTI_CRUDE,57.02,,,,alpha_vantage,WTI,benchmark_spot,USD,USD_PER_BARREL,False
2019-11-12,WTI_CRUDE,WTI_CRUDE,56.67,,,,alpha_vantage,WTI,benchmark_spot,USD,USD_PER_BARREL,False
2019-11-13,WTI_CRUDE,WTI_CRUDE,56.88,,,,alpha_vantage,WTI,benchmark_spot,USD,USD_PER_BARREL,False
2019-11-14,WTI_CRUDE,WTI_CRUDE,56.57,,,,alpha_vantage,WTI,benchmark_spot,USD,USD_PER_BARREL,False
2019-11-15,WTI_CRUDE,WTI_CRUDE,57.54,,,,alpha_vantage,WTI,benchmark_spot,USD,USD_PER_BARREL,False
2019-11-18,WTI_CRUDE,WTI_CRUDE,56.82,,,,alpha_vantage,WTI,benchmark_spot,USD,USD_PER_BARREL,False
2019-11-19,WTI_CRUDE,WTI_CRUDE,54.93,,,,alpha_vantage,WTI,benchmark_spot,USD,USD_PER_BARREL,False
2019-11-20,WTI_CRUDE,WTI_CRUDE,56.71,,,,alpha_vantage,WTI,benchmark_spot,USD,USD_PER_BARREL,False
2019-11-21,WTI_CRUDE,WTI_CRUDE,58.36,,,,alpha_vantage,WTI,benchmark_spot,USD,USD_PER_BARREL,False
2019-11-22,WTI_CRUDE,WTI_CRUDE,57.68,,,,alpha_vantage,WTI,benchmark_spot,USD,USD_PER_BARREL,False
2019-11-25,WTI_CRUDE,WTI_CRUDE,57.79,,,,alpha_vantage,WTI,benchmark_spot,USD,USD_PER_BARREL,False
2019-11-26,WTI_CRUDE,WTI_CRUDE,58.25,,,,alpha_vantage,WTI,benchmark_spot,USD,USD_PER_BARREL,False
2019-11-27,WTI_CRUDE,WTI_CRUDE,58.12,,,,alpha_vantage,WTI,benchmark_spot,USD,USD_PER_BARREL,False
2019-11-29,WTI_CRUDE,WTI_CRUDE,58.12,,,,alpha_vantage,WTI,benchmark_spot,USD,USD_PER_BARREL,False
2019-12-02,WTI_CRUDE,WTI_CRUDE,55.97,,,,alpha_vantage,WTI,benchmark_spot,USD,USD_PER_BARREL,False
2019-12-03,WTI_CRUDE,WTI_CRUDE,56.15,,,,alpha_vantage,WTI,benchmark_spot,USD,USD_PER_BARREL,False
2019-12-04,WTI_CRUDE,WTI_CRUDE,58.46,,,,alpha_vantage,WTI,benchmark_spot,USD,USD_PER_BARREL,False
2019-12-05,WTI_CRUDE,WTI_CRUDE,58.42,,,,alpha_vantage,WTI,benchmark_spot,USD,USD_PER_BARREL,False
2019-12-06,WTI_CRUDE,WTI_CRUDE,59.2,,,,alpha_vantage,WTI,benchmark_spot,USD,USD_PER_BARREL,False
2019-12-09,WTI_CRUDE,WTI_CRUDE,58.99,,,,alpha_vantage,WTI,benchmark_spot,USD,USD_PER_BARREL,False
2019-12-10,WTI_CRUDE,WTI_CRUDE,59.22,,,,alpha_vantage,WTI,benchmark_spot,USD,USD_PER_BARREL,False
2019-12-11,WTI_CRUDE,WTI_CRUDE,58.74,,,,alpha_vantage,WTI,benchmark_spot,USD,USD_PER_BARREL,False
2019-12-12,WTI_CRUDE,WTI_CRUDE,59.18,,,,alpha_vantage,WTI,benchmark_spot,USD,USD_PER_BARREL,False
2019-12-13,WTI_CRUDE,WTI_CRUDE,60.11,,,,alpha_vantage,WTI,benchmark_spot,USD,USD_PER_BARREL,False
2019-12-16,WTI_CRUDE,WTI_CRUDE,60.21,,,,alpha_vantage,WTI,benchmark_spot,USD,USD_PER_BARREL,False
2019-12-17,WTI_CRUDE,WTI_CRUDE,60.88,,,,alpha_vantage,WTI,benchmark_spot,USD,USD_PER_BARREL,False
2019-12-18,WTI_CRUDE,WTI_CRUDE,60.93,,,,alpha_vantage,WTI,benchmark_spot,USD,USD_PER_BARREL,False
2019-12-19,WTI_CRUDE,WTI_CRUDE,61.3,,,,alpha_vantage,WTI,benchmark_spot,USD,USD_PER_BARREL,False
2019-12-20,WTI_CRUDE,WTI_CRUDE,60.43,,,,alpha_vantage,WTI,benchmark_spot,USD,USD_PER_BARREL,False
2019-12-23,WTI_CRUDE,WTI_CRUDE,60.51,,,,alpha_vantage,WTI,benchmark_spot,USD,USD_PER_BARREL,False
2019-12-24,WTI_CRUDE,WTI_CRUDE,61.17,,,,alpha_vantage,WTI,benchmark_spot,USD,USD_PER_BARREL,False
2019-12-26,WTI_CRUDE,WTI_CRUDE,61.72,,,,alpha_vantage,WTI,benchmark_spot,USD,USD_PER_BARREL,False
2019-12-27,WTI_CRUDE,WTI_CRUDE,61.76,,,,alpha_vantage,WTI,benchmark_spot,USD,USD_PER_BARREL,False
2019-12-30,WTI_CRUDE,WTI_CRUDE,61.66,,,,alpha_vantage,WTI,benchmark_spot,USD,USD_PER_BARREL,False
2019-12-31,WTI_CRUDE,WTI_CRUDE,61.14,,,,alpha_vantage,WTI,benchmark_spot,USD,USD_PER_BARREL,False
2020-01-02,WTI_CRUDE,WTI_CRUDE,61.17,,,,alpha_vantage,WTI,benchmark_spot,USD,USD_PER_BARREL,False
2020-01-03,WTI_CRUDE,WTI_CRUDE,63.0,,,,alpha_vantage,WTI,benchmark_spot,USD,USD_PER_BARREL,False
2020-01-06,WTI_CRUDE,WTI_CRUDE,63.27,,,,alpha_vantage,WTI,benchmark_spot,USD,USD_PER_BARREL,False
2020-01-07,WTI_CRUDE,WTI_CRUDE,62.7,,,,alpha_vantage,WTI,benchmark_spot,USD,USD_PER_BARREL,False
2020-01-08,WTI_CRUDE,WTI_CRUDE,59.65,,,,alpha_vantage,WTI,benchmark_spot,USD,USD_PER_BARREL,False
2020-01-09,WTI_CRUDE,WTI_CRUDE,59.56,,,,alpha_vantage,WTI,benchmark_spot,USD,USD_PER_BARREL,False
2020-01-10,WTI_CRUDE,WTI_CRUDE,59.02,,,,alpha_vantage,WTI,benchmark_spot,USD,USD_PER_BARREL,False
2020-01-13,WTI_CRUDE,WTI_CRUDE,58.17,,,,alpha_vantage,WTI,benchmark_spot,USD,USD_PER_BARREL,False
2020-01-14,WTI_CRUDE,WTI_CRUDE,58.34,,,,alpha_vantage,WTI,benchmark_spot,USD,USD_PER_BARREL,False
2020-01-15,WTI_CRUDE,WTI_CRUDE,57.86,,,,alpha_vantage,WTI,benchmark_spot,USD,USD_PER_BARREL,False
2020-01-16,WTI_CRUDE,WTI_CRUDE,58.52,,,,alpha_vantage,WTI,benchmark_spot,USD,USD_PER_BARREL,False
2020-01-17,WTI_CRUDE,WTI_CRUDE,58.55,,,,alpha_vantage,WTI,benchmark_spot,USD,USD_PER_BARREL,False
2020-01-21,WTI_CRUDE,WTI_CRUDE,58.25,,,,alpha_vantage,WTI,benchmark_spot,USD,USD_PER_BARREL,False
2020-01-22,WTI_CRUDE,WTI_CRUDE,56.76,,,,alpha_vantage,WTI,benchmark_spot,USD,USD_PER_BARREL,False
2020-01-23,WTI_CRUDE,WTI_CRUDE,55.51,,,,alpha_vantage,WTI,benchmark_spot,USD,USD_PER_BARREL,False
2020-01-24,WTI_CRUDE,WTI_CRUDE,54.09,,,,alpha_vantage,WTI,benchmark_spot,USD,USD_PER_BARREL,False
2020-01-27,WTI_CRUDE,WTI_CRUDE,53.09,,,,alpha_vantage,WTI,benchmark_spot,USD,USD_PER_BARREL,False
2020-01-28,WTI_CRUDE,WTI_CRUDE,53.33,,,,alpha_vantage,WTI,benchmark_spot,USD,USD_PER_BARREL,False
2020-01-29,WTI_CRUDE,WTI_CRUDE,53.29,,,,alpha_vantage,WTI,benchmark_spot,USD,USD_PER_BARREL,False
2020-01-30,WTI_CRUDE,WTI_CRUDE,52.19,,,,alpha_vantage,WTI,benchmark_spot,USD,USD_PER_BARREL,False
2020-01-31,WTI_CRUDE,WTI_CRUDE,51.58,,,,alpha_vantage,WTI,benchmark_spot,USD,USD_PER_BARREL,False
2020-02-03,WTI_CRUDE,WTI_CRUDE,50.06,,,,alpha_vantage,WTI,benchmark_spot,USD,USD_PER_BARREL,False
2020-02-04,WTI_CRUDE,WTI_CRUDE,49.59,,,,alpha_vantage,WTI,benchmark_spot,USD,USD_PER_BARREL,False
2020-02-05,WTI_CRUDE,WTI_CRUDE,50.87,,,,alpha_vantage,WTI,benchmark_spot,USD,USD_PER_BARREL,False
2020-02-06,WTI_CRUDE,WTI_CRUDE,50.94,,,,alpha_vantage,WTI,benchmark_spot,USD,USD_PER_BARREL,False
2020-02-07,WTI_CRUDE,WTI_CRUDE,50.34,,,,alpha_vantage,WTI,benchmark_spot,USD,USD_PER_BARREL,False
2020-02-10,WTI_CRUDE,WTI_CRUDE,49.59,,,,alpha_vantage,WTI,benchmark_spot,USD,USD_PER_BARREL,False
2020-02-11,WTI_CRUDE,WTI_CRUDE,50.0,,,,alpha_vantage,WTI,benchmark_spot,USD,USD_PER_BARREL,False
2020-02-12,WTI_CRUDE,WTI_CRUDE,51.13,,,,alpha_vantage,WTI,benchmark_spot,USD,USD_PER_BARREL,False
2020-02-13,WTI_CRUDE,WTI_CRUDE,51.41,,,,alpha_vantage,WTI,benchmark_spot,USD,USD_PER_BARREL,False
2020-02-14,WTI_CRUDE,WTI_CRUDE,52.03,,,,alpha_vantage,WTI,benchmark_spot,USD,USD_PER_BARREL,False
2020-02-18,WTI_CRUDE,WTI_CRUDE,52.1,,,,alpha_vantage,WTI,benchmark_spot,USD,USD_PER_BARREL,False
2020-02-19,WTI_CRUDE,WTI_CRUDE,53.31,,,,alpha_vantage,WTI,benchmark_spot,USD,USD_PER_BARREL,False
2020-02-20,WTI_CRUDE,WTI_CRUDE,53.77,,,,alpha_vantage,WTI,benchmark_spot,USD,USD_PER_BARREL,False
2020-02-21,WTI_CRUDE,WTI_CRUDE,53.36,,,,alpha_vantage,WTI,benchmark_spot,USD,USD_PER_BARREL,False
2020-02-24,WTI_CRUDE,WTI_CRUDE,51.36,,,,alpha_vantage,WTI,benchmark_spot,USD,USD_PER_BARREL,False
2020-02-25,WTI_CRUDE,WTI_CRUDE,49.78,,,,alpha_vantage,WTI,benchmark_spot,USD,USD_PER_BARREL,False
2020-02-26,WTI_CRUDE,WTI_CRUDE,48.67,,,,alpha_vantage,WTI,benchmark_spot,USD,USD_PER_BARREL,False
2020-02-27,WTI_CRUDE,WTI_CRUDE,47.17,,,,alpha_vantage,WTI,benchmark_spot,USD,USD_PER_BARREL,False
2020-02-28,WTI_CRUDE,WTI_CRUDE,44.83,,,,alpha_vantage,WTI,benchmark_spot,USD,USD_PER_BARREL,False
2020-03-02,WTI_CRUDE,WTI_CRUDE,46.78,,,,alpha_vantage,WTI,benchmark_spot,USD,USD_PER_BARREL,False
2020-03-03,WTI_CRUDE,WTI_CRUDE,47.27,,,,alpha_vantage,WTI,benchmark_spot,USD,USD_PER_BARREL,False
2020-03-04,WTI_CRUDE,WTI_CRUDE,46.78,,,,alpha_vantage,WTI,benchmark_spot,USD,USD_PER_BARREL,False
2020-03-05,WTI_CRUDE,WTI_CRUDE,45.9,,,,alpha_vantage,WTI,benchmark_spot,USD,USD_PER_BARREL,False
2020-03-06,WTI_CRUDE,WTI_CRUDE,41.14,,,,alpha_vantage,WTI,benchmark_spot,USD,USD_PER_BARREL,False
2020-03-09,WTI_CRUDE,WTI_CRUDE,31.05,,,,alpha_vantage,WTI,benchmark_spot,USD,USD_PER_BARREL,False
2020-03-10,WTI_CRUDE,WTI_CRUDE,34.47,,,,alpha_vantage,WTI,benchmark_spot,USD,USD_PER_BARREL,False
2020-03-11,WTI_CRUDE,WTI_CRUDE,33.13,,,,alpha_vantage,WTI,benchmark_spot,USD,USD_PER_BARREL,False
2020-03-12,WTI_CRUDE,WTI_CRUDE,31.56,,,,alpha_vantage,WTI,benchmark_spot,USD,USD_PER_BARREL,False
2020-03-13,WTI_CRUDE,WTI_CRUDE,31.72,,,,alpha_vantage,WTI,benchmark_spot,USD,USD_PER_BARREL,False
2020-03-16,WTI_CRUDE,WTI_CRUDE,28.96,,,,alpha_vantage,WTI,benchmark_spot,USD,USD_PER_BARREL,False
2020-03-17,WTI_CRUDE,WTI_CRUDE,26.96,,,,alpha_vantage,WTI,benchmark_spot,USD,USD_PER_BARREL,False
2020-03-18,WTI_CRUDE,WTI_CRUDE,20.48,,,,alpha_vantage,WTI,benchmark_spot,USD,USD_PER_BARREL,False
2020-03-19,WTI_CRUDE,WTI_CRUDE,25.09,,,,alpha_vantage,WTI,benchmark_spot,USD,USD_PER_BARREL,False
2020-03-20,WTI_CRUDE,WTI_CRUDE,19.48,,,,alpha_vantage,WTI,benchmark_spot,USD,USD_PER_BARREL,False
2020-03-23,WTI_CRUDE,WTI_CRUDE,23.33,,,,alpha_vantage,WTI,benchmark_spot,USD,USD_PER_BARREL,False
2020-03-24,WTI_CRUDE,WTI_CRUDE,21.03,,,,alpha_vantage,WTI,benchmark_spot,USD,USD_PER_BARREL,False
2020-03-25,WTI_CRUDE,WTI_CRUDE,20.75,,,,alpha_vantage,WTI,benchmark_spot,USD,USD_PER_BARREL,False
2020-03-26,WTI_CRUDE,WTI_CRUDE,16.6,,,,alpha_vantage,WTI,benchmark_spot,USD,USD_PER_BARREL,False
2020-03-27,WTI_CRUDE,WTI_CRUDE,15.48,,,,alpha_vantage,WTI,benchmark_spot,USD,USD_PER_BARREL,False
2020-03-30,WTI_CRUDE,WTI_CRUDE,14.1,,,,alpha_vantage,WTI,benchmark_spot,USD,USD_PER_BARREL,False
2020-03-31,WTI_CRUDE,WTI_CRUDE,20.51,,,,alpha_vantage,WTI,benchmark_spot,USD,USD_PER_BARREL,False
2020-04-01,WTI_CRUDE,WTI_CRUDE,20.28,,,,alpha_vantage,WTI,benchmark_spot,USD,USD_PER_BARREL,False
2020-04-02,WTI_CRUDE,WTI_CRUDE,25.18,,,,alpha_vantage,WTI,benchmark_spot,USD,USD_PER_BARREL,False
2020-04-03,WTI_CRUDE,WTI_CRUDE,28.36,,,,alpha_vantage,WTI,benchmark_spot,USD,USD_PER_BARREL,False
2020-04-06,WTI_CRUDE,WTI_CRUDE,26.21,,,,alpha_vantage,WTI,benchmark_spot,USD,USD_PER_BARREL,False
2020-04-07,WTI_CRUDE,WTI_CRUDE,23.54,,,,alpha_vantage,WTI,benchmark_spot,USD,USD_PER_BARREL,False
2020-04-08,WTI_CRUDE,WTI_CRUDE,24.97,,,,alpha_vantage,WTI,benchmark_spot,USD,USD_PER_BARREL,False
2020-04-09,WTI_CRUDE,WTI_CRUDE,22.9,,,,alpha_vantage,WTI,benchmark_spot,USD,USD_PER_BARREL,False
2020-04-13,WTI_CRUDE,WTI_CRUDE,22.36,,,,alpha_vantage,WTI,benchmark_spot,USD,USD_PER_BARREL,False
2020-04-14,WTI_CRUDE,WTI_CRUDE,20.15,,,,alpha_vantage,WTI,benchmark_spot,USD,USD_PER_BARREL,False
2020-04-15,WTI_CRUDE,WTI_CRUDE,19.96,,,,alpha_vantage,WTI,benchmark_spot,USD,USD_PER_BARREL,False
2020-04-16,WTI_CRUDE,WTI_CRUDE,19.82,,,,alpha_vantage,WTI,benchmark_spot,USD,USD_PER_BARREL,False
2020-04-17,WTI_CRUDE,WTI_CRUDE,18.31,,,,alpha_vantage,WTI,benchmark_spot,USD,USD_PER_BARREL,False
2020-04-21,WTI_CRUDE,WTI_CRUDE,8.91,,,,alpha_vantage,WTI,benchmark_spot,USD,USD_PER_BARREL,False
2020-04-22,WTI_CRUDE,WTI_CRUDE,13.64,,,,alpha_vantage,WTI,benchmark_spot,USD,USD_PER_BARREL,False
2020-04-23,WTI_CRUDE,WTI_CRUDE,15.06,,,,alpha_vantage,WTI,benchmark_spot,USD,USD_PER_BARREL,False
2020-04-24,WTI_CRUDE,WTI_CRUDE,15.99,,,,alpha_vantage,WTI,benchmark_spot,USD,USD_PER_BARREL,False
2020-04-27,WTI_CRUDE,WTI_CRUDE,12.17,,,,alpha_vantage,WTI,benchmark_spot,USD,USD_PER_BARREL,False
2020-04-28,WTI_CRUDE,WTI_CRUDE,12.4,,,,alpha_vantage,WTI,benchmark_spot,USD,USD_PER_BARREL,False
2020-04-29,WTI_CRUDE,WTI_CRUDE,15.04,,,,alpha_vantage,WTI,benchmark_spot,USD,USD_PER_BARREL,False
2020-04-30,WTI_CRUDE,WTI_CRUDE,19.23,,,,alpha_vantage,WTI,benchmark_spot,USD,USD_PER_BARREL,False
2020-05-01,WTI_CRUDE,WTI_CRUDE,19.72,,,,alpha_vantage,WTI,benchmark_spot,USD,USD_PER_BARREL,False
2020-05-04,WTI_CRUDE,WTI_CRUDE,20.47,,,,alpha_vantage,WTI,benchmark_spot,USD,USD_PER_BARREL,False
2020-05-05,WTI_CRUDE,WTI_CRUDE,24.56,,,,alpha_vantage,WTI,benchmark_spot,USD,USD_PER_BARREL,False
2020-05-06,WTI_CRUDE,WTI_CRUDE,23.88,,,,alpha_vantage,WTI,benchmark_spot,USD,USD_PER_BARREL,False
2020-05-07,WTI_CRUDE,WTI_CRUDE,23.68,,,,alpha_vantage,WTI,benchmark_spot,USD,USD_PER_BARREL,False
2020-05-08,WTI_CRUDE,WTI_CRUDE,24.73,,,,alpha_vantage,WTI,benchmark_spot,USD,USD_PER_BARREL,False
2020-05-11,WTI_CRUDE,WTI_CRUDE,24.02,,,,alpha_vantage,WTI,benchmark_spot,USD,USD_PER_BARREL,False
2020-05-12,WTI_CRUDE,WTI_CRUDE,25.76,,,,alpha_vantage,WTI,benchmark_spot,USD,USD_PER_BARREL,False
2020-05-13,WTI_CRUDE,WTI_CRUDE,25.37,,,,alpha_vantage,WTI,benchmark_spot,USD,USD_PER_BARREL,False
2020-05-14,WTI_CRUDE,WTI_CRUDE,27.4,,,,alpha_vantage,WTI,benchmark_spot,USD,USD_PER_BARREL,False
2020-05-15,WTI_CRUDE,WTI_CRUDE,29.44,,,,alpha_vantage,WTI,benchmark_spot,USD,USD_PER_BARREL,False
2020-05-18,WTI_CRUDE,WTI_CRUDE,31.83,,,,alpha_vantage,WTI,benchmark_spot,USD,USD_PER_BARREL,False
2020-05-19,WTI_CRUDE,WTI_CRUDE,32.3,,,,alpha_vantage,WTI,benchmark_spot,USD,USD_PER_BARREL,False
2020-05-20,WTI_CRUDE,WTI_CRUDE,33.56,,,,alpha_vantage,WTI,benchmark_spot,USD,USD_PER_BARREL,False
2020-05-21,WTI_CRUDE,WTI_CRUDE,34.3,,,,alpha_vantage,WTI,benchmark_spot,USD,USD_PER_BARREL,False
2020-05-22,WTI_CRUDE,WTI_CRUDE,33.49,,,,alpha_vantage,WTI,benchmark_spot,USD,USD_PER_BARREL,False
2020-05-26,WTI_CRUDE,WTI_CRUDE,34.7,,,,alpha_vantage,WTI,benchmark_spot,USD,USD_PER_BARREL,False
2020-05-27,WTI_CRUDE,WTI_CRUDE,32.8,,,,alpha_vantage,WTI,benchmark_spot,USD,USD_PER_BARREL,False
2020-05-28,WTI_CRUDE,WTI_CRUDE,33.67,,,,alpha_vantage,WTI,benchmark_spot,USD,USD_PER_BARREL,False
2020-05-29,WTI_CRUDE,WTI_CRUDE,35.57,,,,alpha_vantage,WTI,benchmark_spot,USD,USD_PER_BARREL,False
2020-06-01,WTI_CRUDE,WTI_CRUDE,35.49,,,,alpha_vantage,WTI,benchmark_spot,USD,USD_PER_BARREL,False
2020-06-02,WTI_CRUDE,WTI_CRUDE,36.88,,,,alpha_vantage,WTI,benchmark_spot,USD,USD_PER_BARREL,False
2020-06-03,WTI_CRUDE,WTI_CRUDE,37.33,,,,alpha_vantage,WTI,benchmark_spot,USD,USD_PER_BARREL,False
2020-06-04,WTI_CRUDE,WTI_CRUDE,37.42,,,,alpha_vantage,WTI,benchmark_spot,USD,USD_PER_BARREL,False
2020-06-05,WTI_CRUDE,WTI_CRUDE,39.49,,,,alpha_vantage,WTI,benchmark_spot,USD,USD_PER_BARREL,False
2020-06-08,WTI_CRUDE,WTI_CRUDE,38.17,,,,alpha_vantage,WTI,benchmark_spot,USD,USD_PER_BARREL,False
2020-06-09,WTI_CRUDE,WTI_CRUDE,38.98,,,,alpha_vantage,WTI,benchmark_spot,USD,USD_PER_BARREL,False
2020-06-10,WTI_CRUDE,WTI_CRUDE,39.54,,,,alpha_vantage,WTI,benchmark_spot,USD,USD_PER_BARREL,False
2020-06-11,WTI_CRUDE,WTI_CRUDE,36.43,,,,alpha_vantage,WTI,benchmark_spot,USD,USD_PER_BARREL,False
2020-06-12,WTI_CRUDE,WTI_CRUDE,36.24,,,,alpha_vantage,WTI,benchmark_spot,USD,USD_PER_BARREL,False
2020-06-15,WTI_CRUDE,WTI_CRUDE,37.07,,,,alpha_vantage,WTI,benchmark_spot,USD,USD_PER_BARREL,False
2020-06-16,WTI_CRUDE,WTI_CRUDE,38.26,,,,alpha_vantage,WTI,benchmark_spot,USD,USD_PER_BARREL,False
2020-06-17,WTI_CRUDE,WTI_CRUDE,37.91,,,,alpha_vantage,WTI,benchmark_spot,USD,USD_PER_BARREL,False
2020-06-18,WTI_CRUDE,WTI_CRUDE,38.79,,,,alpha_vantage,WTI,benchmark_spot,USD,USD_PER_BARREL,False
2020-06-19,WTI_CRUDE,WTI_CRUDE,39.72,,,,alpha_vantage,WTI,benchmark_spot,USD,USD_PER_BARREL,False
2020-06-22,WTI_CRUDE,WTI_CRUDE,40.6,,,,alpha_vantage,WTI,benchmark_spot,USD,USD_PER_BARREL,False
2020-06-23,WTI_CRUDE,WTI_CRUDE,40.4,,,,alpha_vantage,WTI,benchmark_spot,USD,USD_PER_BARREL,False
2020-06-24,WTI_CRUDE,WTI_CRUDE,37.91,,,,alpha_vantage,WTI,benchmark_spot,USD,USD_PER_BARREL,False
2020-06-25,WTI_CRUDE,WTI_CRUDE,38.66,,,,alpha_vantage,WTI,benchmark_spot,USD,USD_PER_BARREL,False
2020-06-26,WTI_CRUDE,WTI_CRUDE,38.53,,,,alpha_vantage,WTI,benchmark_spot,USD,USD_PER_BARREL,False
2020-06-29,WTI_CRUDE,WTI_CRUDE,39.67,,,,alpha_vantage,WTI,benchmark_spot,USD,USD_PER_BARREL,False
2020-06-30,WTI_CRUDE,WTI_CRUDE,39.27,,,,alpha_vantage,WTI,benchmark_spot,USD,USD_PER_BARREL,False
2020-07-01,WTI_CRUDE,WTI_CRUDE,39.88,,,,alpha_vantage,WTI,benchmark_spot,USD,USD_PER_BARREL,False
2020-07-02,WTI_CRUDE,WTI_CRUDE,40.57,,,,alpha_vantage,WTI,benchmark_spot,USD,USD_PER_BARREL,False
2020-07-06,WTI_CRUDE,WTI_CRUDE,40.51,,,,alpha_vantage,WTI,benchmark_spot,USD,USD_PER_BARREL,False
2020-07-07,WTI_CRUDE,WTI_CRUDE,40.59,,,,alpha_vantage,WTI,benchmark_spot,USD,USD_PER_BARREL,False
2020-07-08,WTI_CRUDE,WTI_CRUDE,40.91,,,,alpha_vantage,WTI,benchmark_spot,USD,USD_PER_BARREL,False
2020-07-09,WTI_CRUDE,WTI_CRUDE,39.64,,,,alpha_vantage,WTI,benchmark_spot,USD,USD_PER_BARREL,False
2020-07-10,WTI_CRUDE,WTI_CRUDE,40.56,,,,alpha_vantage,WTI,benchmark_spot,USD,USD_PER_BARREL,False
2020-07-13,WTI_CRUDE,WTI_CRUDE,40.06,,,,alpha_vantage,WTI,benchmark_spot,USD,USD_PER_BARREL,False
2020-07-14,WTI_CRUDE,WTI_CRUDE,40.3,,,,alpha_vantage,WTI,benchmark_spot,USD,USD_PER_BARREL,False
2020-07-15,WTI_CRUDE,WTI_CRUDE,41.2,,,,alpha_vantage,WTI,benchmark_spot,USD,USD_PER_BARREL,False
2020-07-16,WTI_CRUDE,WTI_CRUDE,40.74,,,,alpha_vantage,WTI,benchmark_spot,USD,USD_PER_BARREL,False
2020-07-17,WTI_CRUDE,WTI_CRUDE,40.55,,,,alpha_vantage,WTI,benchmark_spot,USD,USD_PER_BARREL,False
2020-07-20,WTI_CRUDE,WTI_CRUDE,40.83,,,,alpha_vantage,WTI,benchmark_spot,USD,USD_PER_BARREL,False
2020-07-21,WTI_CRUDE,WTI_CRUDE,41.76,,,,alpha_vantage,WTI,benchmark_spot,USD,USD_PER_BARREL,False
2020-07-22,WTI_CRUDE,WTI_CRUDE,41.88,,,,alpha_vantage,WTI,benchmark_spot,USD,USD_PER_BARREL,False
2020-07-23,WTI_CRUDE,WTI_CRUDE,40.99,,,,alpha_vantage,WTI,benchmark_spot,USD,USD_PER_BARREL,False
2020-07-24,WTI_CRUDE,WTI_CRUDE,41.23,,,,alpha_vantage,WTI,benchmark_spot,USD,USD_PER_BARREL,False
2020-07-27,WTI_CRUDE,WTI_CRUDE,41.46,,,,alpha_vantage,WTI,benchmark_spot,USD,USD_PER_BARREL,False
2020-07-28,WTI_CRUDE,WTI_CRUDE,40.89,,,,alpha_vantage,WTI,benchmark_spot,USD,USD_PER_BARREL,False
2020-07-29,WTI_CRUDE,WTI_CRUDE,41.13,,,,alpha_vantage,WTI,benchmark_spot,USD,USD_PER_BARREL,False
2020-07-30,WTI_CRUDE,WTI_CRUDE,39.85,,,,alpha_vantage,WTI,benchmark_spot,USD,USD_PER_BARREL,False
2020-07-31,WTI_CRUDE,WTI_CRUDE,40.1,,,,alpha_vantage,WTI,benchmark_spot,USD,USD_PER_BARREL,False
2020-08-03,WTI_CRUDE,WTI_CRUDE,40.83,,,,alpha_vantage,WTI,benchmark_spot,USD,USD_PER_BARREL,False
2020-08-04,WTI_CRUDE,WTI_CRUDE,41.67,,,,alpha_vantage,WTI,benchmark_spot,USD,USD_PER_BARREL,False
2020-08-05,WTI_CRUDE,WTI_CRUDE,42.25,,,,alpha_vantage,WTI,benchmark_spot,USD,USD_PER_BARREL,False
2020-08-06,WTI_CRUDE,WTI_CRUDE,41.93,,,,alpha_vantage,WTI,benchmark_spot,USD,USD_PER_BARREL,False
2020-08-07,WTI_CRUDE,WTI_CRUDE,41.16,,,,alpha_vantage,WTI,benchmark_spot,USD,USD_PER_BARREL,False
2020-08-10,WTI_CRUDE,WTI_CRUDE,41.94,,,,alpha_vantage,WTI,benchmark_spot,USD,USD_PER_BARREL,False
2020-08-11,WTI_CRUDE,WTI_CRUDE,41.53,,,,alpha_vantage,WTI,benchmark_spot,USD,USD_PER_BARREL,False
2020-08-12,WTI_CRUDE,WTI_CRUDE,42.6,,,,alpha_vantage,WTI,benchmark_spot,USD,USD_PER_BARREL,False
2020-08-13,WTI_CRUDE,WTI_CRUDE,42.26,,,,alpha_vantage,WTI,benchmark_spot,USD,USD_PER_BARREL,False
2020-08-14,WTI_CRUDE,WTI_CRUDE,42.05,,,,alpha_vantage,WTI,benchmark_spot,USD,USD_PER_BARREL,False
2020-08-17,WTI_CRUDE,WTI_CRUDE,42.89,,,,alpha_vantage,WTI,benchmark_spot,USD,USD_PER_BARREL,False
2020-08-18,WTI_CRUDE,WTI_CRUDE,42.89,,,,alpha_vantage,WTI,benchmark_spot,USD,USD_PER_BARREL,False
2020-08-19,WTI_CRUDE,WTI_CRUDE,42.91,,,,alpha_vantage,WTI,benchmark_spot,USD,USD_PER_BARREL,False
2020-08-20,WTI_CRUDE,WTI_CRUDE,42.62,,,,alpha_vantage,WTI,benchmark_spot,USD,USD_PER_BARREL,False
2020-08-21,WTI_CRUDE,WTI_CRUDE,42.32,,,,alpha_vantage,WTI,benchmark_spot,USD,USD_PER_BARREL,False
2020-08-24,WTI_CRUDE,WTI_CRUDE,42.44,,,,alpha_vantage,WTI,benchmark_spot,USD,USD_PER_BARREL,False
2020-08-25,WTI_CRUDE,WTI_CRUDE,43.17,,,,alpha_vantage,WTI,benchmark_spot,USD,USD_PER_BARREL,False
2020-08-26,WTI_CRUDE,WTI_CRUDE,43.21,,,,alpha_vantage,WTI,benchmark_spot,USD,USD_PER_BARREL,False
2020-08-27,WTI_CRUDE,WTI_CRUDE,42.88,,,,alpha_vantage,WTI,benchmark_spot,USD,USD_PER_BARREL,False
2020-08-28,WTI_CRUDE,WTI_CRUDE,42.96,,,,alpha_vantage,WTI,benchmark_spot,USD,USD_PER_BARREL,False
2020-08-31,WTI_CRUDE,WTI_CRUDE,42.61,,,,alpha_vantage,WTI,benchmark_spot,USD,USD_PER_BARREL,False
2020-09-01,WTI_CRUDE,WTI_CRUDE,42.76,,,,alpha_vantage,WTI,benchmark_spot,USD,USD_PER_BARREL,False
2020-09-02,WTI_CRUDE,WTI_CRUDE,42.76,,,,alpha_vantage,WTI,benchmark_spot,USD,USD_PER_BARREL,False
2020-09-03,WTI_CRUDE,WTI_CRUDE,41.39,,,,alpha_vantage,WTI,benchmark_spot,USD,USD_PER_BARREL,False
2020-09-04,WTI_CRUDE,WTI_CRUDE,39.69,,,,alpha_vantage,WTI,benchmark_spot,USD,USD_PER_BARREL,False
2020-09-08,WTI_CRUDE,WTI_CRUDE,36.87,,,,alpha_vantage,WTI,benchmark_spot,USD,USD_PER_BARREL,False
2020-09-09,WTI_CRUDE,WTI_CRUDE,38.05,,,,alpha_vantage,WTI,benchmark_spot,USD,USD_PER_BARREL,False
2020-09-10,WTI_CRUDE,WTI_CRUDE,37.25,,,,alpha_vantage,WTI,benchmark_spot,USD,USD_PER_BARREL,False
2020-09-11,WTI_CRUDE,WTI_CRUDE,37.33,,,,alpha_vantage,WTI,benchmark_spot,USD,USD_PER_BARREL,False
2020-09-14,WTI_CRUDE,WTI_CRUDE,37.23,,,,alpha_vantage,WTI,benchmark_spot,USD,USD_PER_BARREL,False
2020-09-15,WTI_CRUDE,WTI_CRUDE,38.29,,,,alpha_vantage,WTI,benchmark_spot,USD,USD_PER_BARREL,False
2020-09-16,WTI_CRUDE,WTI_CRUDE,40.17,,,,alpha_vantage,WTI,benchmark_spot,USD,USD_PER_BARREL,False
2020-09-17,WTI_CRUDE,WTI_CRUDE,40.99,,,,alpha_vantage,WTI,benchmark_spot,USD,USD_PER_BARREL,False
2020-09-18,WTI_CRUDE,WTI_CRUDE,41.09,,,,alpha_vantage,WTI,benchmark_spot,USD,USD_PER_BARREL,False
2020-09-21,WTI_CRUDE,WTI_CRUDE,39.26,,,,alpha_vantage,WTI,benchmark_spot,USD,USD_PER_BARREL,False
2020-09-22,WTI_CRUDE,WTI_CRUDE,39.55,,,,alpha_vantage,WTI,benchmark_spot,USD,USD_PER_BARREL,False
2020-09-23,WTI_CRUDE,WTI_CRUDE,39.92,,,,alpha_vantage,WTI,benchmark_spot,USD,USD_PER_BARREL,False
2020-09-24,WTI_CRUDE,WTI_CRUDE,40.11,,,,alpha_vantage,WTI,benchmark_spot,USD,USD_PER_BARREL,False
2020-09-25,WTI_CRUDE,WTI_CRUDE,40.06,,,,alpha_vantage,WTI,benchmark_spot,USD,USD_PER_BARREL,False
2020-09-28,WTI_CRUDE,WTI_CRUDE,40.47,,,,alpha_vantage,WTI,benchmark_spot,USD,USD_PER_BARREL,False
2020-09-29,WTI_CRUDE,WTI_CRUDE,39.03,,,,alpha_vantage,WTI,benchmark_spot,USD,USD_PER_BARREL,False
2020-09-30,WTI_CRUDE,WTI_CRUDE,40.05,,,,alpha_vantage,WTI,benchmark_spot,USD,USD_PER_BARREL,False
2020-10-01,WTI_CRUDE,WTI_CRUDE,38.51,,,,alpha_vantage,WTI,benchmark_spot,USD,USD_PER_BARREL,False
2020-10-02,WTI_CRUDE,WTI_CRUDE,36.9,,,,alpha_vantage,WTI,benchmark_spot,USD,USD_PER_BARREL,False
2020-10-05,WTI_CRUDE,WTI_CRUDE,39.12,,,,alpha_vantage,WTI,benchmark_spot,USD,USD_PER_BARREL,False
2020-10-06,WTI_CRUDE,WTI_CRUDE,40.52,,,,alpha_vantage,WTI,benchmark_spot,USD,USD_PER_BARREL,False
2020-10-07,WTI_CRUDE,WTI_CRUDE,39.82,,,,alpha_vantage,WTI,benchmark_spot,USD,USD_PER_BARREL,False
2020-10-08,WTI_CRUDE,WTI_CRUDE,41.04,,,,alpha_vantage,WTI,benchmark_spot,USD,USD_PER_BARREL,False
2020-10-09,WTI_CRUDE,WTI_CRUDE,40.44,,,,alpha_vantage,WTI,benchmark_spot,USD,USD_PER_BARREL,False
2020-10-12,WTI_CRUDE,WTI_CRUDE,39.22,,,,alpha_vantage,WTI,benchmark_spot,USD,USD_PER_BARREL,False
2020-10-13,WTI_CRUDE,WTI_CRUDE,40.03,,,,alpha_vantage,WTI,benchmark_spot,USD,USD_PER_BARREL,False
2020-10-14,WTI_CRUDE,WTI_CRUDE,40.86,,,,alpha_vantage,WTI,benchmark_spot,USD,USD_PER_BARREL,False
2020-10-15,WTI_CRUDE,WTI_CRUDE,40.84,,,,alpha_vantage,WTI,benchmark_spot,USD,USD_PER_BARREL,False
2020-10-16,WTI_CRUDE,WTI_CRUDE,40.7,,,,alpha_vantage,WTI,benchmark_spot,USD,USD_PER_BARREL,False
2020-10-19,WTI_CRUDE,WTI_CRUDE,40.69,,,,alpha_vantage,WTI,benchmark_spot,USD,USD_PER_BARREL,False
2020-10-20,WTI_CRUDE,WTI_CRUDE,41.37,,,,alpha_vantage,WTI,benchmark_spot,USD,USD_PER_BARREL,False
2020-10-21,WTI_CRUDE,WTI_CRUDE,39.88,,,,alpha_vantage,WTI,benchmark_spot,USD,USD_PER_BARREL,False
2020-10-22,WTI_CRUDE,WTI_CRUDE,40.46,,,,alpha_vantage,WTI,benchmark_spot,USD,USD_PER_BARREL,False
2020-10-23,WTI_CRUDE,WTI_CRUDE,39.73,,,,alpha_vantage,WTI,benchmark_spot,USD,USD_PER_BARREL,False
2020-10-26,WTI_CRUDE,WTI_CRUDE,38.39,,,,alpha_vantage,WTI,benchmark_spot,USD,USD_PER_BARREL,False
2020-10-27,WTI_CRUDE,WTI_CRUDE,39.34,,,,alpha_vantage,WTI,benchmark_spot,USD,USD_PER_BARREL,False
2020-10-28,WTI_CRUDE,WTI_CRUDE,37.27,,,,alpha_vantage,WTI,benchmark_spot,USD,USD_PER_BARREL,False
2020-10-29,WTI_CRUDE,WTI_CRUDE,35.94,,,,alpha_vantage,WTI,benchmark_spot,USD,USD_PER_BARREL,False
2020-10-30,WTI_CRUDE,WTI_CRUDE,35.64,,,,alpha_vantage,WTI,benchmark_spot,USD,USD_PER_BARREL,False
2020-11-02,WTI_CRUDE,WTI_CRUDE,36.6,,,,alpha_vantage,WTI,benchmark_spot,USD,USD_PER_BARREL,False
2020-11-03,WTI_CRUDE,WTI_CRUDE,37.44,,,,alpha_vantage,WTI,benchmark_spot,USD,USD_PER_BARREL,False
2020-11-04,WTI_CRUDE,WTI_CRUDE,38.97,,,,alpha_vantage,WTI,benchmark_spot,USD,USD_PER_BARREL,False
2020-11-05,WTI_CRUDE,WTI_CRUDE,38.56,,,,alpha_vantage,WTI,benchmark_spot,USD,USD_PER_BARREL,False
2020-11-06,WTI_CRUDE,WTI_CRUDE,36.97,,,,alpha_vantage,WTI,benchmark_spot,USD,USD_PER_BARREL,False
2020-11-09,WTI_CRUDE,WTI_CRUDE,40.05,,,,alpha_vantage,WTI,benchmark_spot,USD,USD_PER_BARREL,False
2020-11-10,WTI_CRUDE,WTI_CRUDE,41.18,,,,alpha_vantage,WTI,benchmark_spot,USD,USD_PER_BARREL,False
2020-11-11,WTI_CRUDE,WTI_CRUDE,41.23,,,,alpha_vantage,WTI,benchmark_spot,USD,USD_PER_BARREL,False
2020-11-12,WTI_CRUDE,WTI_CRUDE,40.9,,,,alpha_vantage,WTI,benchmark_spot,USD,USD_PER_BARREL,False
2020-11-13,WTI_CRUDE,WTI_CRUDE,39.93,,,,alpha_vantage,WTI,benchmark_spot,USD,USD_PER_BARREL,False
2020-11-16,WTI_CRUDE,WTI_CRUDE,41.14,,,,alpha_vantage,WTI,benchmark_spot,USD,USD_PER_BARREL,False
2020-11-17,WTI_CRUDE,WTI_CRUDE,41.24,,,,alpha_vantage,WTI,benchmark_spot,USD,USD_PER_BARREL,False
2020-11-18,WTI_CRUDE,WTI_CRUDE,41.64,,,,alpha_vantage,WTI,benchmark_spot,USD,USD_PER_BARREL,False
2020-11-19,WTI_CRUDE,WTI_CRUDE,41.57,,,,alpha_vantage,WTI,benchmark_spot,USD,USD_PER_BARREL,False
2020-11-20,WTI_CRUDE,WTI_CRUDE,41.99,,,,alpha_vantage,WTI,benchmark_spot,USD,USD_PER_BARREL,False
2020-11-23,WTI_CRUDE,WTI_CRUDE,42.91,,,,alpha_vantage,WTI,benchmark_spot,USD,USD_PER_BARREL,False
2020-11-24,WTI_CRUDE,WTI_CRUDE,44.71,,,,alpha_vantage,WTI,benchmark_spot,USD,USD_PER_BARREL,False
2020-11-25,WTI_CRUDE,WTI_CRUDE,45.58,,,,alpha_vantage,WTI,benchmark_spot,USD,USD_PER_BARREL,False
2020-11-30,WTI_CRUDE,WTI_CRUDE,45.2,,,,alpha_vantage,WTI,benchmark_spot,USD,USD_PER_BARREL,False
2020-12-01,WTI_CRUDE,WTI_CRUDE,44.54,,,,alpha_vantage,WTI,benchmark_spot,USD,USD_PER_BARREL,False
2020-12-02,WTI_CRUDE,WTI_CRUDE,45.23,,,,alpha_vantage,WTI,benchmark_spot,USD,USD_PER_BARREL,False
2020-12-03,WTI_CRUDE,WTI_CRUDE,45.65,,,,alpha_vantage,WTI,benchmark_spot,USD,USD_PER_BARREL,False
2020-12-04,WTI_CRUDE,WTI_CRUDE,46.23,,,,alpha_vantage,WTI,benchmark_spot,USD,USD_PER_BARREL,False
2020-12-07,WTI_CRUDE,WTI_CRUDE,45.72,,,,alpha_vantage,WTI,benchmark_spot,USD,USD_PER_BARREL,False
2020-12-08,WTI_CRUDE,WTI_CRUDE,45.64,,,,alpha_vantage,WTI,benchmark_spot,USD,USD_PER_BARREL,False
2020-12-09,WTI_CRUDE,WTI_CRUDE,45.48,,,,alpha_vantage,WTI,benchmark_spot,USD,USD_PER_BARREL,False
2020-12-10,WTI_CRUDE,WTI_CRUDE,46.76,,,,alpha_vantage,WTI,benchmark_spot,USD,USD_PER_BARREL,False
2020-12-11,WTI_CRUDE,WTI_CRUDE,46.59,,,,alpha_vantage,WTI,benchmark_spot,USD,USD_PER_BARREL,False
2020-12-14,WTI_CRUDE,WTI_CRUDE,47.02,,,,alpha_vantage,WTI,benchmark_spot,USD,USD_PER_BARREL,False
2020-12-15,WTI_CRUDE,WTI_CRUDE,47.58,,,,alpha_vantage,WTI,benchmark_spot,USD,USD_PER_BARREL,False
2020-12-16,WTI_CRUDE,WTI_CRUDE,47.86,,,,alpha_vantage,WTI,benchmark_spot,USD,USD_PER_BARREL,False
2020-12-17,WTI_CRUDE,WTI_CRUDE,48.34,,,,alpha_vantage,WTI,benchmark_spot,USD,USD_PER_BARREL,False
2020-12-18,WTI_CRUDE,WTI_CRUDE,49.04,,,,alpha_vantage,WTI,benchmark_spot,USD,USD_PER_BARREL,False
2020-12-21,WTI_CRUDE,WTI_CRUDE,47.79,,,,alpha_vantage,WTI,benchmark_spot,USD,USD_PER_BARREL,False
2020-12-22,WTI_CRUDE,WTI_CRUDE,47.02,,,,alpha_vantage,WTI,benchmark_spot,USD,USD_PER_BARREL,False
2020-12-23,WTI_CRUDE,WTI_CRUDE,47.94,,,,alpha_vantage,WTI,benchmark_spot,USD,USD_PER_BARREL,False
2020-12-24,WTI_CRUDE,WTI_CRUDE,48.18,,,,alpha_vantage,WTI,benchmark_spot,USD,USD_PER_BARREL,False
2020-12-28,WTI_CRUDE,WTI_CRUDE,47.5,,,,alpha_vantage,WTI,benchmark_spot,USD,USD_PER_BARREL,False
2020-12-29,WTI_CRUDE,WTI_CRUDE,47.85,,,,alpha_vantage,WTI,benchmark_spot,USD,USD_PER_BARREL,False
2020-12-30,WTI_CRUDE,WTI_CRUDE,48.24,,,,alpha_vantage,WTI,benchmark_spot,USD,USD_PER_BARREL,False
2020-12-31,WTI_CRUDE,WTI_CRUDE,48.35,,,,alpha_vantage,WTI,benchmark_spot,USD,USD_PER_BARREL,False
2021-01-04,WTI_CRUDE,WTI_CRUDE,47.47,,,,alpha_vantage,WTI,benchmark_spot,USD,USD_PER_BARREL,False
2021-01-05,WTI_CRUDE,WTI_CRUDE,49.78,,,,alpha_vantage,WTI,benchmark_spot,USD,USD_PER_BARREL,False
2021-01-06,WTI_CRUDE,WTI_CRUDE,50.45,,,,alpha_vantage,WTI,benchmark_spot,USD,USD_PER_BARREL,False
2021-01-07,WTI_CRUDE,WTI_CRUDE,50.63,,,,alpha_vantage,WTI,benchmark_spot,USD,USD_PER_BARREL,False
2021-01-08,WTI_CRUDE,WTI_CRUDE,52.14,,,,alpha_vantage,WTI,benchmark_spot,USD,USD_PER_BARREL,False
2021-01-11,WTI_CRUDE,WTI_CRUDE,52.15,,,,alpha_vantage,WTI,benchmark_spot,USD,USD_PER_BARREL,False
2021-01-12,WTI_CRUDE,WTI_CRUDE,53.08,,,,alpha_vantage,WTI,benchmark_spot,USD,USD_PER_BARREL,False
2021-01-13,WTI_CRUDE,WTI_CRUDE,52.81,,,,alpha_vantage,WTI,benchmark_spot,USD,USD_PER_BARREL,False
2021-01-14,WTI_CRUDE,WTI_CRUDE,53.47,,,,alpha_vantage,WTI,benchmark_spot,USD,USD_PER_BARREL,False
2021-01-15,WTI_CRUDE,WTI_CRUDE,52.25,,,,alpha_vantage,WTI,benchmark_spot,USD,USD_PER_BARREL,False
2021-01-19,WTI_CRUDE,WTI_CRUDE,52.87,,,,alpha_vantage,WTI,benchmark_spot,USD,USD_PER_BARREL,False
2021-01-20,WTI_CRUDE,WTI_CRUDE,53.16,,,,alpha_vantage,WTI,benchmark_spot,USD,USD_PER_BARREL,False
2021-01-21,WTI_CRUDE,WTI_CRUDE,53.0,,,,alpha_vantage,WTI,benchmark_spot,USD,USD_PER_BARREL,False
2021-01-22,WTI_CRUDE,WTI_CRUDE,52.28,,,,alpha_vantage,WTI,benchmark_spot,USD,USD_PER_BARREL,False
2021-01-25,WTI_CRUDE,WTI_CRUDE,52.78,,,,alpha_vantage,WTI,benchmark_spot,USD,USD_PER_BARREL,False
2021-01-26,WTI_CRUDE,WTI_CRUDE,52.61,,,,alpha_vantage,WTI,benchmark_spot,USD,USD_PER_BARREL,False
2021-01-27,WTI_CRUDE,WTI_CRUDE,52.81,,,,alpha_vantage,WTI,benchmark_spot,USD,USD_PER_BARREL,False
2021-01-28,WTI_CRUDE,WTI_CRUDE,52.26,,,,alpha_vantage,WTI,benchmark_spot,USD,USD_PER_BARREL,False
2021-01-29,WTI_CRUDE,WTI_CRUDE,52.16,,,,alpha_vantage,WTI,benchmark_spot,USD,USD_PER_BARREL,False
2021-02-01,WTI_CRUDE,WTI_CRUDE,53.55,,,,alpha_vantage,WTI,benchmark_spot,USD,USD_PER_BARREL,False
2021-02-02,WTI_CRUDE,WTI_CRUDE,54.77,,,,alpha_vantage,WTI,benchmark_spot,USD,USD_PER_BARREL,False
2021-02-03,WTI_CRUDE,WTI_CRUDE,55.67,,,,alpha_vantage,WTI,benchmark_spot,USD,USD_PER_BARREL,False
2021-02-04,WTI_CRUDE,WTI_CRUDE,56.19,,,,alpha_vantage,WTI,benchmark_spot,USD,USD_PER_BARREL,False
2021-02-05,WTI_CRUDE,WTI_CRUDE,56.8,,,,alpha_vantage,WTI,benchmark_spot,USD,USD_PER_BARREL,False
2021-02-08,WTI_CRUDE,WTI_CRUDE,57.95,,,,alpha_vantage,WTI,benchmark_spot,USD,USD_PER_BARREL,False
2021-02-09,WTI_CRUDE,WTI_CRUDE,58.34,,,,alpha_vantage,WTI,benchmark_spot,USD,USD_PER_BARREL,False
2021-02-10,WTI_CRUDE,WTI_CRUDE,58.69,,,,alpha_vantage,WTI,benchmark_spot,USD,USD_PER_BARREL,False
2021-02-11,WTI_CRUDE,WTI_CRUDE,58.22,,,,alpha_vantage,WTI,benchmark_spot,USD,USD_PER_BARREL,False
2021-02-12,WTI_CRUDE,WTI_CRUDE,59.5,,,,alpha_vantage,WTI,benchmark_spot,USD,USD_PER_BARREL,False
2021-02-16,WTI_CRUDE,WTI_CRUDE,60.07,,,,alpha_vantage,WTI,benchmark_spot,USD,USD_PER_BARREL,False
2021-02-17,WTI_CRUDE,WTI_CRUDE,61.09,,,,alpha_vantage,WTI,benchmark_spot,USD,USD_PER_BARREL,False
2021-02-18,WTI_CRUDE,WTI_CRUDE,60.4,,,,alpha_vantage,WTI,benchmark_spot,USD,USD_PER_BARREL,False
2021-02-19,WTI_CRUDE,WTI_CRUDE,59.12,,,,alpha_vantage,WTI,benchmark_spot,USD,USD_PER_BARREL,False
2021-02-22,WTI_CRUDE,WTI_CRUDE,61.67,,,,alpha_vantage,WTI,benchmark_spot,USD,USD_PER_BARREL,False
2021-02-23,WTI_CRUDE,WTI_CRUDE,61.66,,,,alpha_vantage,WTI,benchmark_spot,USD,USD_PER_BARREL,False
2021-02-24,WTI_CRUDE,WTI_CRUDE,63.21,,,,alpha_vantage,WTI,benchmark_spot,USD,USD_PER_BARREL,False
2021-02-25,WTI_CRUDE,WTI_CRUDE,63.43,,,,alpha_vantage,WTI,benchmark_spot,USD,USD_PER_BARREL,False
2021-02-26,WTI_CRUDE,WTI_CRUDE,61.55,,,,alpha_vantage,WTI,benchmark_spot,USD,USD_PER_BARREL,False
2021-03-01,WTI_CRUDE,WTI_CRUDE,60.54,,,,alpha_vantage,WTI,benchmark_spot,USD,USD_PER_BARREL,False
2021-03-02,WTI_CRUDE,WTI_CRUDE,59.7,,,,alpha_vantage,WTI,benchmark_spot,USD,USD_PER_BARREL,False
2021-03-03,WTI_CRUDE,WTI_CRUDE,61.33,,,,alpha_vantage,WTI,benchmark_spot,USD,USD_PER_BARREL,False
2021-03-04,WTI_CRUDE,WTI_CRUDE,63.81,,,,alpha_vantage,WTI,benchmark_spot,USD,USD_PER_BARREL,False
2021-03-05,WTI_CRUDE,WTI_CRUDE,66.08,,,,alpha_vantage,WTI,benchmark_spot,USD,USD_PER_BARREL,False
2021-03-08,WTI_CRUDE,WTI_CRUDE,65.03,,,,alpha_vantage,WTI,benchmark_spot,USD,USD_PER_BARREL,False
2021-03-09,WTI_CRUDE,WTI_CRUDE,64.02,,,,alpha_vantage,WTI,benchmark_spot,USD,USD_PER_BARREL,False
2021-03-10,WTI_CRUDE,WTI_CRUDE,64.45,,,,alpha_vantage,WTI,benchmark_spot,USD,USD_PER_BARREL,False
2021-03-11,WTI_CRUDE,WTI_CRUDE,66.02,,,,alpha_vantage,WTI,benchmark_spot,USD,USD_PER_BARREL,False
2021-03-12,WTI_CRUDE,WTI_CRUDE,65.59,,,,alpha_vantage,WTI,benchmark_spot,USD,USD_PER_BARREL,False
2021-03-15,WTI_CRUDE,WTI_CRUDE,65.36,,,,alpha_vantage,WTI,benchmark_spot,USD,USD_PER_BARREL,False
2021-03-16,WTI_CRUDE,WTI_CRUDE,64.82,,,,alpha_vantage,WTI,benchmark_spot,USD,USD_PER_BARREL,False
2021-03-17,WTI_CRUDE,WTI_CRUDE,64.55,,,,alpha_vantage,WTI,benchmark_spot,USD,USD_PER_BARREL,False
2021-03-18,WTI_CRUDE,WTI_CRUDE,59.95,,,,alpha_vantage,WTI,benchmark_spot,USD,USD_PER_BARREL,False
2021-03-19,WTI_CRUDE,WTI_CRUDE,61.43,,,,alpha_vantage,WTI,benchmark_spot,USD,USD_PER_BARREL,False
2021-03-22,WTI_CRUDE,WTI_CRUDE,61.48,,,,alpha_vantage,WTI,benchmark_spot,USD,USD_PER_BARREL,False
2021-03-23,WTI_CRUDE,WTI_CRUDE,57.75,,,,alpha_vantage,WTI,benchmark_spot,USD,USD_PER_BARREL,False
2021-03-24,WTI_CRUDE,WTI_CRUDE,61.12,,,,alpha_vantage,WTI,benchmark_spot,USD,USD_PER_BARREL,False
2021-03-25,WTI_CRUDE,WTI_CRUDE,58.47,,,,alpha_vantage,WTI,benchmark_spot,USD,USD_PER_BARREL,False
2021-03-26,WTI_CRUDE,WTI_CRUDE,60.93,,,,alpha_vantage,WTI,benchmark_spot,USD,USD_PER_BARREL,False
2021-03-29,WTI_CRUDE,WTI_CRUDE,61.49,,,,alpha_vantage,WTI,benchmark_spot,USD,USD_PER_BARREL,False
2021-03-30,WTI_CRUDE,WTI_CRUDE,60.55,,,,alpha_vantage,WTI,benchmark_spot,USD,USD_PER_BARREL,False
2021-03-31,WTI_CRUDE,WTI_CRUDE,59.19,,,,alpha_vantage,WTI,benchmark_spot,USD,USD_PER_BARREL,False
2021-04-01,WTI_CRUDE,WTI_CRUDE,61.41,,,,alpha_vantage,WTI,benchmark_spot,USD,USD_PER_BARREL,False
2021-04-05,WTI_CRUDE,WTI_CRUDE,58.73,,,,alpha_vantage,WTI,benchmark_spot,USD,USD_PER_BARREL,False
2021-04-06,WTI_CRUDE,WTI_CRUDE,59.34,,,,alpha_vantage,WTI,benchmark_spot,USD,USD_PER_BARREL,False
2021-04-07,WTI_CRUDE,WTI_CRUDE,59.77,,,,alpha_vantage,WTI,benchmark_spot,USD,USD_PER_BARREL,False
2021-04-08,WTI_CRUDE,WTI_CRUDE,59.61,,,,alpha_vantage,WTI,benchmark_spot,USD,USD_PER_BARREL,False
2021-04-09,WTI_CRUDE,WTI_CRUDE,59.29,,,,alpha_vantage,WTI,benchmark_spot,USD,USD_PER_BARREL,False
2021-04-12,WTI_CRUDE,WTI_CRUDE,59.7,,,,alpha_vantage,WTI,benchmark_spot,USD,USD_PER_BARREL,False
2021-04-13,WTI_CRUDE,WTI_CRUDE,60.2,,,,alpha_vantage,WTI,benchmark_spot,USD,USD_PER_BARREL,False
2021-04-14,WTI_CRUDE,WTI_CRUDE,63.15,,,,alpha_vantage,WTI,benchmark_spot,USD,USD_PER_BARREL,False
2021-04-15,WTI_CRUDE,WTI_CRUDE,63.42,,,,alpha_vantage,WTI,benchmark_spot,USD,USD_PER_BARREL,False
2021-04-16,WTI_CRUDE,WTI_CRUDE,63.16,,,,alpha_vantage,WTI,benchmark_spot,USD,USD_PER_BARREL,False
2021-04-19,WTI_CRUDE,WTI_CRUDE,63.33,,,,alpha_vantage,WTI,benchmark_spot,USD,USD_PER_BARREL,False
2021-04-20,WTI_CRUDE,WTI_CRUDE,62.61,,,,alpha_vantage,WTI,benchmark_spot,USD,USD_PER_BARREL,False
2021-04-21,WTI_CRUDE,WTI_CRUDE,61.34,,,,alpha_vantage,WTI,benchmark_spot,USD,USD_PER_BARREL,False
2021-04-22,WTI_CRUDE,WTI_CRUDE,61.45,,,,alpha_vantage,WTI,benchmark_spot,USD,USD_PER_BARREL,False
2021-04-23,WTI_CRUDE,WTI_CRUDE,62.18,,,,alpha_vantage,WTI,benchmark_spot,USD,USD_PER_BARREL,False
2021-04-26,WTI_CRUDE,WTI_CRUDE,62.02,,,,alpha_vantage,WTI,benchmark_spot,USD,USD_PER_BARREL,False
2021-04-27,WTI_CRUDE,WTI_CRUDE,63.03,,,,alpha_vantage,WTI,benchmark_spot,USD,USD_PER_BARREL,False
2021-04-28,WTI_CRUDE,WTI_CRUDE,63.81,,,,alpha_vantage,WTI,benchmark_spot,USD,USD_PER_BARREL,False
2021-04-29,WTI_CRUDE,WTI_CRUDE,65.0,,,,alpha_vantage,WTI,benchmark_spot,USD,USD_PER_BARREL,False
2021-04-30,WTI_CRUDE,WTI_CRUDE,63.5,,,,alpha_vantage,WTI,benchmark_spot,USD,USD_PER_BARREL,False
2021-05-03,WTI_CRUDE,WTI_CRUDE,64.46,,,,alpha_vantage,WTI,benchmark_spot,USD,USD_PER_BARREL,False
2021-05-04,WTI_CRUDE,WTI_CRUDE,65.72,,,,alpha_vantage,WTI,benchmark_spot,USD,USD_PER_BARREL,False
2021-05-05,WTI_CRUDE,WTI_CRUDE,65.63,,,,alpha_vantage,WTI,benchmark_spot,USD,USD_PER_BARREL,False
2021-05-06,WTI_CRUDE,WTI_CRUDE,64.73,,,,alpha_vantage,WTI,benchmark_spot,USD,USD_PER_BARREL,False
2021-05-07,WTI_CRUDE,WTI_CRUDE,64.96,,,,alpha_vantage,WTI,benchmark_spot,USD,USD_PER_BARREL,False
2021-05-10,WTI_CRUDE,WTI_CRUDE,64.92,,,,alpha_vantage,WTI,benchmark_spot,USD,USD_PER_BARREL,False
2021-05-11,WTI_CRUDE,WTI_CRUDE,65.31,,,,alpha_vantage,WTI,benchmark_spot,USD,USD_PER_BARREL,False
2021-05-12,WTI_CRUDE,WTI_CRUDE,65.96,,,,alpha_vantage,WTI,benchmark_spot,USD,USD_PER_BARREL,False
2021-05-13,WTI_CRUDE,WTI_CRUDE,63.82,,,,alpha_vantage,WTI,benchmark_spot,USD,USD_PER_BARREL,False
2021-05-14,WTI_CRUDE,WTI_CRUDE,65.32,,,,alpha_vantage,WTI,benchmark_spot,USD,USD_PER_BARREL,False
2021-05-17,WTI_CRUDE,WTI_CRUDE,66.24,,,,alpha_vantage,WTI,benchmark_spot,USD,USD_PER_BARREL,False
2021-05-18,WTI_CRUDE,WTI_CRUDE,65.49,,,,alpha_vantage,WTI,benchmark_spot,USD,USD_PER_BARREL,False
2021-05-19,WTI_CRUDE,WTI_CRUDE,63.28,,,,alpha_vantage,WTI,benchmark_spot,USD,USD_PER_BARREL,False
2021-05-20,WTI_CRUDE,WTI_CRUDE,61.95,,,,alpha_vantage,WTI,benchmark_spot,USD,USD_PER_BARREL,False
2021-05-21,WTI_CRUDE,WTI_CRUDE,63.61,,,,alpha_vantage,WTI,benchmark_spot,USD,USD_PER_BARREL,False
2021-05-24,WTI_CRUDE,WTI_CRUDE,66.13,,,,alpha_vantage,WTI,benchmark_spot,USD,USD_PER_BARREL,False
2021-05-25,WTI_CRUDE,WTI_CRUDE,66.27,,,,alpha_vantage,WTI,benchmark_spot,USD,USD_PER_BARREL,False
2021-05-26,WTI_CRUDE,WTI_CRUDE,66.41,,,,alpha_vantage,WTI,benchmark_spot,USD,USD_PER_BARREL,False
2021-05-27,WTI_CRUDE,WTI_CRUDE,66.87,,,,alpha_vantage,WTI,benchmark_spot,USD,USD_PER_BARREL,False
2021-05-28,WTI_CRUDE,WTI_CRUDE,66.31,,,,alpha_vantage,WTI,benchmark_spot,USD,USD_PER_BARREL,False
2021-06-01,WTI_CRUDE,WTI_CRUDE,67.8,,,,alpha_vantage,WTI,benchmark_spot,USD,USD_PER_BARREL,False
2021-06-02,WTI_CRUDE,WTI_CRUDE,68.79,,,,alpha_vantage,WTI,benchmark_spot,USD,USD_PER_BARREL,False
2021-06-03,WTI_CRUDE,WTI_CRUDE,68.81,,,,alpha_vantage,WTI,benchmark_spot,USD,USD_PER_BARREL,False
2021-06-04,WTI_CRUDE,WTI_CRUDE,69.57,,,,alpha_vantage,WTI,benchmark_spot,USD,USD_PER_BARREL,False
2021-06-07,WTI_CRUDE,WTI_CRUDE,69.21,,,,alpha_vantage,WTI,benchmark_spot,USD,USD_PER_BARREL,False
2021-06-08,WTI_CRUDE,WTI_CRUDE,70.11,,,,alpha_vantage,WTI,benchmark_spot,USD,USD_PER_BARREL,False
2021-06-09,WTI_CRUDE,WTI_CRUDE,69.9,,,,alpha_vantage,WTI,benchmark_spot,USD,USD_PER_BARREL,False
2021-06-10,WTI_CRUDE,WTI_CRUDE,70.34,,,,alpha_vantage,WTI,benchmark_spot,USD,USD_PER_BARREL,False
2021-06-11,WTI_CRUDE,WTI_CRUDE,71.0,,,,alpha_vantage,WTI,benchmark_spot,USD,USD_PER_BARREL,False
2021-06-14,WTI_CRUDE,WTI_CRUDE,70.94,,,,alpha_vantage,WTI,benchmark_spot,USD,USD_PER_BARREL,False
2021-06-15,WTI_CRUDE,WTI_CRUDE,72.06,,,,alpha_vantage,WTI,benchmark_spot,USD,USD_PER_BARREL,False
2021-06-16,WTI_CRUDE,WTI_CRUDE,72.03,,,,alpha_vantage,WTI,benchmark_spot,USD,USD_PER_BARREL,False
2021-06-17,WTI_CRUDE,WTI_CRUDE,71.06,,,,alpha_vantage,WTI,benchmark_spot,USD,USD_PER_BARREL,False
2021-06-18,WTI_CRUDE,WTI_CRUDE,71.64,,,,alpha_vantage,WTI,benchmark_spot,USD,USD_PER_BARREL,False
2021-06-21,WTI_CRUDE,WTI_CRUDE,73.64,,,,alpha_vantage,WTI,benchmark_spot,USD,USD_PER_BARREL,False
2021-06-22,WTI_CRUDE,WTI_CRUDE,73.15,,,,alpha_vantage,WTI,benchmark_spot,USD,USD_PER_BARREL,False
2021-06-23,WTI_CRUDE,WTI_CRUDE,73.11,,,,alpha_vantage,WTI,benchmark_spot,USD,USD_PER_BARREL,False
2021-06-24,WTI_CRUDE,WTI_CRUDE,73.31,,,,alpha_vantage,WTI,benchmark_spot,USD,USD_PER_BARREL,False
2021-06-25,WTI_CRUDE,WTI_CRUDE,74.21,,,,alpha_vantage,WTI,benchmark_spot,USD,USD_PER_BARREL,False
2021-06-28,WTI_CRUDE,WTI_CRUDE,72.98,,,,alpha_vantage,WTI,benchmark_spot,USD,USD_PER_BARREL,False
2021-06-29,WTI_CRUDE,WTI_CRUDE,73.14,,,,alpha_vantage,WTI,benchmark_spot,USD,USD_PER_BARREL,False
2021-06-30,WTI_CRUDE,WTI_CRUDE,73.52,,,,alpha_vantage,WTI,benchmark_spot,USD,USD_PER_BARREL,False
2021-07-01,WTI_CRUDE,WTI_CRUDE,75.33,,,,alpha_vantage,WTI,benchmark_spot,USD,USD_PER_BARREL,False
2021-07-02,WTI_CRUDE,WTI_CRUDE,75.37,,,,alpha_vantage,WTI,benchmark_spot,USD,USD_PER_BARREL,False
2021-07-06,WTI_CRUDE,WTI_CRUDE,73.62,,,,alpha_vantage,WTI,benchmark_spot,USD,USD_PER_BARREL,False
2021-07-07,WTI_CRUDE,WTI_CRUDE,72.22,,,,alpha_vantage,WTI,benchmark_spot,USD,USD_PER_BARREL,False
2021-07-08,WTI_CRUDE,WTI_CRUDE,72.98,,,,alpha_vantage,WTI,benchmark_spot,USD,USD_PER_BARREL,False
2021-07-09,WTI_CRUDE,WTI_CRUDE,74.56,,,,alpha_vantage,WTI,benchmark_spot,USD,USD_PER_BARREL,False
2021-07-12,WTI_CRUDE,WTI_CRUDE,74.21,,,,alpha_vantage,WTI,benchmark_spot,USD,USD_PER_BARREL,False
2021-07-13,WTI_CRUDE,WTI_CRUDE,75.24,,,,alpha_vantage,WTI,benchmark_spot,USD,USD_PER_BARREL,False
2021-07-14,WTI_CRUDE,WTI_CRUDE,73.06,,,,alpha_vantage,WTI,benchmark_spot,USD,USD_PER_BARREL,False
2021-07-15,WTI_CRUDE,WTI_CRUDE,71.67,,,,alpha_vantage,WTI,benchmark_spot,USD,USD_PER_BARREL,False
2021-07-16,WTI_CRUDE,WTI_CRUDE,71.76,,,,alpha_vantage,WTI,benchmark_spot,USD,USD_PER_BARREL,False
2021-07-19,WTI_CRUDE,WTI_CRUDE,66.45,,,,alpha_vantage,WTI,benchmark_spot,USD,USD_PER_BARREL,False
2021-07-20,WTI_CRUDE,WTI_CRUDE,67.32,,,,alpha_vantage,WTI,benchmark_spot,USD,USD_PER_BARREL,False
2021-07-21,WTI_CRUDE,WTI_CRUDE,70.26,,,,alpha_vantage,WTI,benchmark_spot,USD,USD_PER_BARREL,False
2021-07-22,WTI_CRUDE,WTI_CRUDE,72.15,,,,alpha_vantage,WTI,benchmark_spot,USD,USD_PER_BARREL,False
2021-07-23,WTI_CRUDE,WTI_CRUDE,72.24,,,,alpha_vantage,WTI,benchmark_spot,USD,USD_PER_BARREL,False
2021-07-26,WTI_CRUDE,WTI_CRUDE,72.15,,,,alpha_vantage,WTI,benchmark_spot,USD,USD_PER_BARREL,False
2021-07-27,WTI_CRUDE,WTI_CRUDE,71.68,,,,alpha_vantage,WTI,benchmark_spot,USD,USD_PER_BARREL,False
2021-07-28,WTI_CRUDE,WTI_CRUDE,72.37,,,,alpha_vantage,WTI,benchmark_spot,USD,USD_PER_BARREL,False
2021-07-29,WTI_CRUDE,WTI_CRUDE,73.62,,,,alpha_vantage,WTI,benchmark_spot,USD,USD_PER_BARREL,False
2021-07-30,WTI_CRUDE,WTI_CRUDE,73.93,,,,alpha_vantage,WTI,benchmark_spot,USD,USD_PER_BARREL,False
2021-08-02,WTI_CRUDE,WTI_CRUDE,71.31,,,,alpha_vantage,WTI,benchmark_spot,USD,USD_PER_BARREL,False
2021-08-03,WTI_CRUDE,WTI_CRUDE,70.64,,,,alpha_vantage,WTI,benchmark_spot,USD,USD_PER_BARREL,False
2021-08-04,WTI_CRUDE,WTI_CRUDE,68.19,,,,alpha_vantage,WTI,benchmark_spot,USD,USD_PER_BARREL,False
2021-08-05,WTI_CRUDE,WTI_CRUDE,69.1,,,,alpha_vantage,WTI,benchmark_spot,USD,USD_PER_BARREL,False
2021-08-06,WTI_CRUDE,WTI_CRUDE,68.26,,,,alpha_vantage,WTI,benchmark_spot,USD,USD_PER_BARREL,False
2021-08-09,WTI_CRUDE,WTI_CRUDE,66.56,,,,alpha_vantage,WTI,benchmark_spot,USD,USD_PER_BARREL,False
2021-08-10,WTI_CRUDE,WTI_CRUDE,68.33,,,,alpha_vantage,WTI,benchmark_spot,USD,USD_PER_BARREL,False
2021-08-11,WTI_CRUDE,WTI_CRUDE,69.3,,,,alpha_vantage,WTI,benchmark_spot,USD,USD_PER_BARREL,False
2021-08-12,WTI_CRUDE,WTI_CRUDE,69.12,,,,alpha_vantage,WTI,benchmark_spot,USD,USD_PER_BARREL,False
2021-08-13,WTI_CRUDE,WTI_CRUDE,68.36,,,,alpha_vantage,WTI,benchmark_spot,USD,USD_PER_BARREL,False
2021-08-16,WTI_CRUDE,WTI_CRUDE,67.44,,,,alpha_vantage,WTI,benchmark_spot,USD,USD_PER_BARREL,False
2021-08-17,WTI_CRUDE,WTI_CRUDE,66.5,,,,alpha_vantage,WTI,benchmark_spot,USD,USD_PER_BARREL,False
2021-08-18,WTI_CRUDE,WTI_CRUDE,65.36,,,,alpha_vantage,WTI,benchmark_spot,USD,USD_PER_BARREL,False
2021-08-19,WTI_CRUDE,WTI_CRUDE,63.69,,,,alpha_vantage,WTI,benchmark_spot,USD,USD_PER_BARREL,False
2021-08-20,WTI_CRUDE,WTI_CRUDE,62.25,,,,alpha_vantage,WTI,benchmark_spot,USD,USD_PER_BARREL,False
2021-08-23,WTI_CRUDE,WTI_CRUDE,65.65,,,,alpha_vantage,WTI,benchmark_spot,USD,USD_PER_BARREL,False
2021-08-24,WTI_CRUDE,WTI_CRUDE,67.5,,,,alpha_vantage,WTI,benchmark_spot,USD,USD_PER_BARREL,False
2021-08-25,WTI_CRUDE,WTI_CRUDE,68.54,,,,alpha_vantage,WTI,benchmark_spot,USD,USD_PER_BARREL,False
2021-08-26,WTI_CRUDE,WTI_CRUDE,67.42,,,,alpha_vantage,WTI,benchmark_spot,USD,USD_PER_BARREL,False
2021-08-27,WTI_CRUDE,WTI_CRUDE,68.84,,,,alpha_vantage,WTI,benchmark_spot,USD,USD_PER_BARREL,False
2021-08-30,WTI_CRUDE,WTI_CRUDE,69.28,,,,alpha_vantage,WTI,benchmark_spot,USD,USD_PER_BARREL,False
2021-08-31,WTI_CRUDE,WTI_CRUDE,68.43,,,,alpha_vantage,WTI,benchmark_spot,USD,USD_PER_BARREL,False
2021-09-01,WTI_CRUDE,WTI_CRUDE,68.63,,,,alpha_vantage,WTI,benchmark_spot,USD,USD_PER_BARREL,False
2021-09-02,WTI_CRUDE,WTI_CRUDE,70.07,,,,alpha_vantage,WTI,benchmark_spot,USD,USD_PER_BARREL,False
2021-09-03,WTI_CRUDE,WTI_CRUDE,69.34,,,,alpha_vantage,WTI,benchmark_spot,USD,USD_PER_BARREL,False
2021-09-07,WTI_CRUDE,WTI_CRUDE,68.49,,,,alpha_vantage,WTI,benchmark_spot,USD,USD_PER_BARREL,False
2021-09-08,WTI_CRUDE,WTI_CRUDE,69.36,,,,alpha_vantage,WTI,benchmark_spot,USD,USD_PER_BARREL,False
2021-09-09,WTI_CRUDE,WTI_CRUDE,68.26,,,,alpha_vantage,WTI,benchmark_spot,USD,USD_PER_BARREL,False
2021-09-10,WTI_CRUDE,WTI_CRUDE,69.82,,,,alpha_vantage,WTI,benchmark_spot,USD,USD_PER_BARREL,False
2021-09-13,WTI_CRUDE,WTI_CRUDE,70.54,,,,alpha_vantage,WTI,benchmark_spot,USD,USD_PER_BARREL,False
2021-09-14,WTI_CRUDE,WTI_CRUDE,70.53,,,,alpha_vantage,WTI,benchmark_spot,USD,USD_PER_BARREL,False
2021-09-15,WTI_CRUDE,WTI_CRUDE,72.59,,,,alpha_vantage,WTI,benchmark_spot,USD,USD_PER_BARREL,False
2021-09-16,WTI_CRUDE,WTI_CRUDE,72.69,,,,alpha_vantage,WTI,benchmark_spot,USD,USD_PER_BARREL,False
2021-09-17,WTI_CRUDE,WTI_CRUDE,72.09,,,,alpha_vantage,WTI,benchmark_spot,USD,USD_PER_BARREL,False
2021-09-20,WTI_CRUDE,WTI_CRUDE,70.41,,,,alpha_vantage,WTI,benchmark_spot,USD,USD_PER_BARREL,False
2021-09-21,WTI_CRUDE,WTI_CRUDE,70.51,,,,alpha_vantage,WTI,benchmark_spot,USD,USD_PER_BARREL,False
2021-09-22,WTI_CRUDE,WTI_CRUDE,72.37,,,,alpha_vantage,WTI,benchmark_spot,USD,USD_PER_BARREL,False
2021-09-23,WTI_CRUDE,WTI_CRUDE,73.43,,,,alpha_vantage,WTI,benchmark_spot,USD,USD_PER_BARREL,False
2021-09-24,WTI_CRUDE,WTI_CRUDE,74.18,,,,alpha_vantage,WTI,benchmark_spot,USD,USD_PER_BARREL,False
2021-09-27,WTI_CRUDE,WTI_CRUDE,75.54,,,,alpha_vantage,WTI,benchmark_spot,USD,USD_PER_BARREL,False
2021-09-28,WTI_CRUDE,WTI_CRUDE,75.44,,,,alpha_vantage,WTI,benchmark_spot,USD,USD_PER_BARREL,False
2021-09-29,WTI_CRUDE,WTI_CRUDE,75.06,,,,alpha_vantage,WTI,benchmark_spot,USD,USD_PER_BARREL,False
2021-09-30,WTI_CRUDE,WTI_CRUDE,75.22,,,,alpha_vantage,WTI,benchmark_spot,USD,USD_PER_BARREL,False
2021-10-01,WTI_CRUDE,WTI_CRUDE,76.01,,,,alpha_vantage,WTI,benchmark_spot,USD,USD_PER_BARREL,False
2021-10-04,WTI_CRUDE,WTI_CRUDE,77.68,,,,alpha_vantage,WTI,benchmark_spot,USD,USD_PER_BARREL,False
2021-10-05,WTI_CRUDE,WTI_CRUDE,79.17,,,,alpha_vantage,WTI,benchmark_spot,USD,USD_PER_BARREL,False
2021-10-06,WTI_CRUDE,WTI_CRUDE,77.66,,,,alpha_vantage,WTI,benchmark_spot,USD,USD_PER_BARREL,False
2021-10-07,WTI_CRUDE,WTI_CRUDE,78.46,,,,alpha_vantage,WTI,benchmark_spot,USD,USD_PER_BARREL,False
2021-10-08,WTI_CRUDE,WTI_CRUDE,79.55,,,,alpha_vantage,WTI,benchmark_spot,USD,USD_PER_BARREL,False
2021-10-11,WTI_CRUDE,WTI_CRUDE,80.64,,,,alpha_vantage,WTI,benchmark_spot,USD,USD_PER_BARREL,False
2021-10-12,WTI_CRUDE,WTI_CRUDE,80.75,,,,alpha_vantage,WTI,benchmark_spot,USD,USD_PER_BARREL,False
2021-10-13,WTI_CRUDE,WTI_CRUDE,80.67,,,,alpha_vantage,WTI,benchmark_spot,USD,USD_PER_BARREL,False
2021-10-14,WTI_CRUDE,WTI_CRUDE,81.43,,,,alpha_vantage,WTI,benchmark_spot,USD,USD_PER_BARREL,False
2021-10-15,WTI_CRUDE,WTI_CRUDE,82.39,,,,alpha_vantage,WTI,benchmark_spot,USD,USD_PER_BARREL,False
2021-10-18,WTI_CRUDE,WTI_CRUDE,82.62,,,,alpha_vantage,WTI,benchmark_spot,USD,USD_PER_BARREL,False
2021-10-19,WTI_CRUDE,WTI_CRUDE,83.19,,,,alpha_vantage,WTI,benchmark_spot,USD,USD_PER_BARREL,False
2021-10-20,WTI_CRUDE,WTI_CRUDE,84.4,,,,alpha_vantage,WTI,benchmark_spot,USD,USD_PER_BARREL,False
2021-10-21,WTI_CRUDE,WTI_CRUDE,82.64,,,,alpha_vantage,WTI,benchmark_spot,USD,USD_PER_BARREL,False
2021-10-22,WTI_CRUDE,WTI_CRUDE,84.53,,,,alpha_vantage,WTI,benchmark_spot,USD,USD_PER_BARREL,False
2021-10-25,WTI_CRUDE,WTI_CRUDE,84.64,,,,alpha_vantage,WTI,benchmark_spot,USD,USD_PER_BARREL,False
2021-10-26,WTI_CRUDE,WTI_CRUDE,85.64,,,,alpha_vantage,WTI,benchmark_spot,USD,USD_PER_BARREL,False
2021-10-27,WTI_CRUDE,WTI_CRUDE,82.66,,,,alpha_vantage,WTI,benchmark_spot,USD,USD_PER_BARREL,False
2021-10-28,WTI_CRUDE,WTI_CRUDE,82.78,,,,alpha_vantage,WTI,benchmark_spot,USD,USD_PER_BARREL,False
2021-10-29,WTI_CRUDE,WTI_CRUDE,83.5,,,,alpha_vantage,WTI,benchmark_spot,USD,USD_PER_BARREL,False
2021-11-01,WTI_CRUDE,WTI_CRUDE,84.08,,,,alpha_vantage,WTI,benchmark_spot,USD,USD_PER_BARREL,False
2021-11-02,WTI_CRUDE,WTI_CRUDE,83.91,,,,alpha_vantage,WTI,benchmark_spot,USD,USD_PER_BARREL,False
2021-11-03,WTI_CRUDE,WTI_CRUDE,80.82,,,,alpha_vantage,WTI,benchmark_spot,USD,USD_PER_BARREL,False
2021-11-04,WTI_CRUDE,WTI_CRUDE,78.88,,,,alpha_vantage,WTI,benchmark_spot,USD,USD_PER_BARREL,False
2021-11-05,WTI_CRUDE,WTI_CRUDE,81.25,,,,alpha_vantage,WTI,benchmark_spot,USD,USD_PER_BARREL,False
2021-11-08,WTI_CRUDE,WTI_CRUDE,81.96,,,,alpha_vantage,WTI,benchmark_spot,USD,USD_PER_BARREL,False
2021-11-09,WTI_CRUDE,WTI_CRUDE,84.12,,,,alpha_vantage,WTI,benchmark_spot,USD,USD_PER_BARREL,False
2021-11-10,WTI_CRUDE,WTI_CRUDE,81.23,,,,alpha_vantage,WTI,benchmark_spot,USD,USD_PER_BARREL,False
2021-11-11,WTI_CRUDE,WTI_CRUDE,81.47,,,,alpha_vantage,WTI,benchmark_spot,USD,USD_PER_BARREL,False
2021-11-12,WTI_CRUDE,WTI_CRUDE,80.87,,,,alpha_vantage,WTI,benchmark_spot,USD,USD_PER_BARREL,False
2021-11-15,WTI_CRUDE,WTI_CRUDE,80.85,,,,alpha_vantage,WTI,benchmark_spot,USD,USD_PER_BARREL,False
2021-11-16,WTI_CRUDE,WTI_CRUDE,80.76,,,,alpha_vantage,WTI,benchmark_spot,USD,USD_PER_BARREL,False
2021-11-17,WTI_CRUDE,WTI_CRUDE,78.32,,,,alpha_vantage,WTI,benchmark_spot,USD,USD_PER_BARREL,False
2021-11-18,WTI_CRUDE,WTI_CRUDE,78.92,,,,alpha_vantage,WTI,benchmark_spot,USD,USD_PER_BARREL,False
2021-11-19,WTI_CRUDE,WTI_CRUDE,76.11,,,,alpha_vantage,WTI,benchmark_spot,USD,USD_PER_BARREL,False
2021-11-22,WTI_CRUDE,WTI_CRUDE,76.74,,,,alpha_vantage,WTI,benchmark_spot,USD,USD_PER_BARREL,False
2021-11-23,WTI_CRUDE,WTI_CRUDE,78.32,,,,alpha_vantage,WTI,benchmark_spot,USD,USD_PER_BARREL,False
2021-11-24,WTI_CRUDE,WTI_CRUDE,78.32,,,,alpha_vantage,WTI,benchmark_spot,USD,USD_PER_BARREL,False
2021-11-29,WTI_CRUDE,WTI_CRUDE,69.88,,,,alpha_vantage,WTI,benchmark_spot,USD,USD_PER_BARREL,False
2021-11-30,WTI_CRUDE,WTI_CRUDE,66.14,,,,alpha_vantage,WTI,benchmark_spot,USD,USD_PER_BARREL,False
2021-12-01,WTI_CRUDE,WTI_CRUDE,65.44,,,,alpha_vantage,WTI,benchmark_spot,USD,USD_PER_BARREL,False
2021-12-02,WTI_CRUDE,WTI_CRUDE,66.6,,,,alpha_vantage,WTI,benchmark_spot,USD,USD_PER_BARREL,False
2021-12-03,WTI_CRUDE,WTI_CRUDE,66.39,,,,alpha_vantage,WTI,benchmark_spot,USD,USD_PER_BARREL,False
2021-12-06,WTI_CRUDE,WTI_CRUDE,69.62,,,,alpha_vantage,WTI,benchmark_spot,USD,USD_PER_BARREL,False
2021-12-07,WTI_CRUDE,WTI_CRUDE,71.94,,,,alpha_vantage,WTI,benchmark_spot,USD,USD_PER_BARREL,False
2021-12-08,WTI_CRUDE,WTI_CRUDE,72.43,,,,alpha_vantage,WTI,benchmark_spot,USD,USD_PER_BARREL,False
2021-12-09,WTI_CRUDE,WTI_CRUDE,70.87,,,,alpha_vantage,WTI,benchmark_spot,USD,USD_PER_BARREL,False
2021-12-10,WTI_CRUDE,WTI_CRUDE,71.71,,,,alpha_vantage,WTI,benchmark_spot,USD,USD_PER_BARREL,False
2021-12-13,WTI_CRUDE,WTI_CRUDE,71.19,,,,alpha_vantage,WTI,benchmark_spot,USD,USD_PER_BARREL,False
2021-12-14,WTI_CRUDE,WTI_CRUDE,70.57,,,,alpha_vantage,WTI,benchmark_spot,USD,USD_PER_BARREL,False
2021-12-15,WTI_CRUDE,WTI_CRUDE,70.89,,,,alpha_vantage,WTI,benchmark_spot,USD,USD_PER_BARREL,False
2021-12-16,WTI_CRUDE,WTI_CRUDE,72.34,,,,alpha_vantage,WTI,benchmark_spot,USD,USD_PER_BARREL,False
2021-12-17,WTI_CRUDE,WTI_CRUDE,70.93,,,,alpha_vantage,WTI,benchmark_spot,USD,USD_PER_BARREL,False
2021-12-20,WTI_CRUDE,WTI_CRUDE,68.69,,,,alpha_vantage,WTI,benchmark_spot,USD,USD_PER_BARREL,False
2021-12-21,WTI_CRUDE,WTI_CRUDE,71.1,,,,alpha_vantage,WTI,benchmark_spot,USD,USD_PER_BARREL,False
2021-12-22,WTI_CRUDE,WTI_CRUDE,72.82,,,,alpha_vantage,WTI,benchmark_spot,USD,USD_PER_BARREL,False
2021-12-23,WTI_CRUDE,WTI_CRUDE,73.89,,,,alpha_vantage,WTI,benchmark_spot,USD,USD_PER_BARREL,False
2021-12-27,WTI_CRUDE,WTI_CRUDE,75.49,,,,alpha_vantage,WTI,benchmark_spot,USD,USD_PER_BARREL,False
2021-12-28,WTI_CRUDE,WTI_CRUDE,76.01,,,,alpha_vantage,WTI,benchmark_spot,USD,USD_PER_BARREL,False
2021-12-29,WTI_CRUDE,WTI_CRUDE,76.58,,,,alpha_vantage,WTI,benchmark_spot,USD,USD_PER_BARREL,False
2021-12-30,WTI_CRUDE,WTI_CRUDE,76.83,,,,alpha_vantage,WTI,benchmark_spot,USD,USD_PER_BARREL,False
2021-12-31,WTI_CRUDE,WTI_CRUDE,75.33,,,,alpha_vantage,WTI,benchmark_spot,USD,USD_PER_BARREL,False
2022-01-03,WTI_CRUDE,WTI_CRUDE,75.99,,,,alpha_vantage,WTI,benchmark_spot,USD,USD_PER_BARREL,False
2022-01-04,WTI_CRUDE,WTI_CRUDE,77.0,,,,alpha_vantage,WTI,benchmark_spot,USD,USD_PER_BARREL,False
2022-01-05,WTI_CRUDE,WTI_CRUDE,77.83,,,,alpha_vantage,WTI,benchmark_spot,USD,USD_PER_BARREL,False
2022-01-06,WTI_CRUDE,WTI_CRUDE,79.47,,,,alpha_vantage,WTI,benchmark_spot,USD,USD_PER_BARREL,False
2022-01-07,WTI_CRUDE,WTI_CRUDE,79.0,,,,alpha_vantage,WTI,benchmark_spot,USD,USD_PER_BARREL,False
2022-01-10,WTI_CRUDE,WTI_CRUDE,78.11,,,,alpha_vantage,WTI,benchmark_spot,USD,USD_PER_BARREL,False
2022-01-11,WTI_CRUDE,WTI_CRUDE,81.17,,,,alpha_vantage,WTI,benchmark_spot,USD,USD_PER_BARREL,False
2022-01-12,WTI_CRUDE,WTI_CRUDE,82.51,,,,alpha_vantage,WTI,benchmark_spot,USD,USD_PER_BARREL,False
2022-01-13,WTI_CRUDE,WTI_CRUDE,81.97,,,,alpha_vantage,WTI,benchmark_spot,USD,USD_PER_BARREL,False
2022-01-14,WTI_CRUDE,WTI_CRUDE,83.82,,,,alpha_vantage,WTI,benchmark_spot,USD,USD_PER_BARREL,False
2022-01-18,WTI_CRUDE,WTI_CRUDE,85.42,,,,alpha_vantage,WTI,benchmark_spot,USD,USD_PER_BARREL,False
2022-01-19,WTI_CRUDE,WTI_CRUDE,86.84,,,,alpha_vantage,WTI,benchmark_spot,USD,USD_PER_BARREL,False
2022-01-20,WTI_CRUDE,WTI_CRUDE,86.29,,,,alpha_vantage,WTI,benchmark_spot,USD,USD_PER_BARREL,False
2022-01-21,WTI_CRUDE,WTI_CRUDE,85.16,,,,alpha_vantage,WTI,benchmark_spot,USD,USD_PER_BARREL,False
2022-01-24,WTI_CRUDE,WTI_CRUDE,84.48,,,,alpha_vantage,WTI,benchmark_spot,USD,USD_PER_BARREL,False
2022-01-25,WTI_CRUDE,WTI_CRUDE,86.61,,,,alpha_vantage,WTI,benchmark_spot,USD,USD_PER_BARREL,False
2022-01-26,WTI_CRUDE,WTI_CRUDE,88.33,,,,alpha_vantage,WTI,benchmark_spot,USD,USD_PER_BARREL,False
2022-01-27,WTI_CRUDE,WTI_CRUDE,87.61,,,,alpha_vantage,WTI,benchmark_spot,USD,USD_PER_BARREL,False
2022-01-28,WTI_CRUDE,WTI_CRUDE,87.67,,,,alpha_vantage,WTI,benchmark_spot,USD,USD_PER_BARREL,False
2022-01-31,WTI_CRUDE,WTI_CRUDE,89.16,,,,alpha_vantage,WTI,benchmark_spot,USD,USD_PER_BARREL,False
2022-02-01,WTI_CRUDE,WTI_CRUDE,88.22,,,,alpha_vantage,WTI,benchmark_spot,USD,USD_PER_BARREL,False
2022-02-02,WTI_CRUDE,WTI_CRUDE,88.16,,,,alpha_vantage,WTI,benchmark_spot,USD,USD_PER_BARREL,False
2022-02-03,WTI_CRUDE,WTI_CRUDE,90.17,,,,alpha_vantage,WTI,benchmark_spot,USD,USD_PER_BARREL,False
2022-02-04,WTI_CRUDE,WTI_CRUDE,92.27,,,,alpha_vantage,WTI,benchmark_spot,USD,USD_PER_BARREL,False
2022-02-07,WTI_CRUDE,WTI_CRUDE,91.25,,,,alpha_vantage,WTI,benchmark_spot,USD,USD_PER_BARREL,False
2022-02-08,WTI_CRUDE,WTI_CRUDE,89.32,,,,alpha_vantage,WTI,benchmark_spot,USD,USD_PER_BARREL,False
2022-02-09,WTI_CRUDE,WTI_CRUDE,89.57,,,,alpha_vantage,WTI,benchmark_spot,USD,USD_PER_BARREL,False
2022-02-10,WTI_CRUDE,WTI_CRUDE,89.83,,,,alpha_vantage,WTI,benchmark_spot,USD,USD_PER_BARREL,False
2022-02-11,WTI_CRUDE,WTI_CRUDE,93.1,,,,alpha_vantage,WTI,benchmark_spot,USD,USD_PER_BARREL,False
2022-02-14,WTI_CRUDE,WTI_CRUDE,95.52,,,,alpha_vantage,WTI,benchmark_spot,USD,USD_PER_BARREL,False
2022-02-15,WTI_CRUDE,WTI_CRUDE,92.07,,,,alpha_vantage,WTI,benchmark_spot,USD,USD_PER_BARREL,False
2022-02-16,WTI_CRUDE,WTI_CRUDE,93.83,,,,alpha_vantage,WTI,benchmark_spot,USD,USD_PER_BARREL,False
2022-02-17,WTI_CRUDE,WTI_CRUDE,91.78,,,,alpha_vantage,WTI,benchmark_spot,USD,USD_PER_BARREL,False
2022-02-18,WTI_CRUDE,WTI_CRUDE,91.26,,,,alpha_vantage,WTI,benchmark_spot,USD,USD_PER_BARREL,False
2022-02-22,WTI_CRUDE,WTI_CRUDE,92.11,,,,alpha_vantage,WTI,benchmark_spot,USD,USD_PER_BARREL,False
2022-02-23,WTI_CRUDE,WTI_CRUDE,92.14,,,,alpha_vantage,WTI,benchmark_spot,USD,USD_PER_BARREL,False
2022-02-24,WTI_CRUDE,WTI_CRUDE,92.77,,,,alpha_vantage,WTI,benchmark_spot,USD,USD_PER_BARREL,False
2022-02-25,WTI_CRUDE,WTI_CRUDE,91.68,,,,alpha_vantage,WTI,benchmark_spot,USD,USD_PER_BARREL,False
2022-02-28,WTI_CRUDE,WTI_CRUDE,96.13,,,,alpha_vantage,WTI,benchmark_spot,USD,USD_PER_BARREL,False
2022-03-01,WTI_CRUDE,WTI_CRUDE,103.66,,,,alpha_vantage,WTI,benchmark_spot,USD,USD_PER_BARREL,False
2022-03-02,WTI_CRUDE,WTI_CRUDE,110.74,,,,alpha_vantage,WTI,benchmark_spot,USD,USD_PER_BARREL,False
2022-03-03,WTI_CRUDE,WTI_CRUDE,107.69,,,,alpha_vantage,WTI,benchmark_spot,USD,USD_PER_BARREL,False
2022-03-04,WTI_CRUDE,WTI_CRUDE,115.77,,,,alpha_vantage,WTI,benchmark_spot,USD,USD_PER_BARREL,False
2022-03-07,WTI_CRUDE,WTI_CRUDE,119.26,,,,alpha_vantage,WTI,benchmark_spot,USD,USD_PER_BARREL,False
2022-03-08,WTI_CRUDE,WTI_CRUDE,123.64,,,,alpha_vantage,WTI,benchmark_spot,USD,USD_PER_BARREL,False
2022-03-09,WTI_CRUDE,WTI_CRUDE,108.81,,,,alpha_vantage,WTI,benchmark_spot,USD,USD_PER_BARREL,False
2022-03-10,WTI_CRUDE,WTI_CRUDE,105.93,,,,alpha_vantage,WTI,benchmark_spot,USD,USD_PER_BARREL,False
2022-03-11,WTI_CRUDE,WTI_CRUDE,109.31,,,,alpha_vantage,WTI,benchmark_spot,USD,USD_PER_BARREL,False
2022-03-14,WTI_CRUDE,WTI_CRUDE,103.22,,,,alpha_vantage,WTI,benchmark_spot,USD,USD_PER_BARREL,False
2022-03-15,WTI_CRUDE,WTI_CRUDE,96.42,,,,alpha_vantage,WTI,benchmark_spot,USD,USD_PER_BARREL,False
2022-03-16,WTI_CRUDE,WTI_CRUDE,94.85,,,,alpha_vantage,WTI,benchmark_spot,USD,USD_PER_BARREL,False
2022-03-17,WTI_CRUDE,WTI_CRUDE,102.97,,,,alpha_vantage,WTI,benchmark_spot,USD,USD_PER_BARREL,False
2022-03-18,WTI_CRUDE,WTI_CRUDE,104.69,,,,alpha_vantage,WTI,benchmark_spot,USD,USD_PER_BARREL,False
2022-03-21,WTI_CRUDE,WTI_CRUDE,112.14,,,,alpha_vantage,WTI,benchmark_spot,USD,USD_PER_BARREL,False
2022-03-22,WTI_CRUDE,WTI_CRUDE,111.03,,,,alpha_vantage,WTI,benchmark_spot,USD,USD_PER_BARREL,False
2022-03-23,WTI_CRUDE,WTI_CRUDE,114.89,,,,alpha_vantage,WTI,benchmark_spot,USD,USD_PER_BARREL,False
2022-03-24,WTI_CRUDE,WTI_CRUDE,114.2,,,,alpha_vantage,WTI,benchmark_spot,USD,USD_PER_BARREL,False
2022-03-25,WTI_CRUDE,WTI_CRUDE,116.2,,,,alpha_vantage,WTI,benchmark_spot,USD,USD_PER_BARREL,False
2022-03-28,WTI_CRUDE,WTI_CRUDE,107.55,,,,alpha_vantage,WTI,benchmark_spot,USD,USD_PER_BARREL,False
2022-03-29,WTI_CRUDE,WTI_CRUDE,104.25,,,,alpha_vantage,WTI,benchmark_spot,USD,USD_PER_BARREL,False
2022-03-30,WTI_CRUDE,WTI_CRUDE,107.81,,,,alpha_vantage,WTI,benchmark_spot,USD,USD_PER_BARREL,False
2022-03-31,WTI_CRUDE,WTI_CRUDE,100.53,,,,alpha_vantage,WTI,benchmark_spot,USD,USD_PER_BARREL,False
2022-04-01,WTI_CRUDE,WTI_CRUDE,99.32,,,,alpha_vantage,WTI,benchmark_spot,USD,USD_PER_BARREL,False
2022-04-04,WTI_CRUDE,WTI_CRUDE,103.29,,,,alpha_vantage,WTI,benchmark_spot,USD,USD_PER_BARREL,False
2022-04-05,WTI_CRUDE,WTI_CRUDE,101.98,,,,alpha_vantage,WTI,benchmark_spot,USD,USD_PER_BARREL,False
2022-04-06,WTI_CRUDE,WTI_CRUDE,96.39,,,,alpha_vantage,WTI,benchmark_spot,USD,USD_PER_BARREL,False
2022-04-07,WTI_CRUDE,WTI_CRUDE,96.05,,,,alpha_vantage,WTI,benchmark_spot,USD,USD_PER_BARREL,False
2022-04-08,WTI_CRUDE,WTI_CRUDE,98.35,,,,alpha_vantage,WTI,benchmark_spot,USD,USD_PER_BARREL,False
2022-04-11,WTI_CRUDE,WTI_CRUDE,94.22,,,,alpha_vantage,WTI,benchmark_spot,USD,USD_PER_BARREL,False
2022-04-12,WTI_CRUDE,WTI_CRUDE,100.52,,,,alpha_vantage,WTI,benchmark_spot,USD,USD_PER_BARREL,False
2022-04-13,WTI_CRUDE,WTI_CRUDE,104.26,,,,alpha_vantage,WTI,benchmark_spot,USD,USD_PER_BARREL,False
2022-04-14,WTI_CRUDE,WTI_CRUDE,106.84,,,,alpha_vantage,WTI,benchmark_spot,USD,USD_PER_BARREL,False
2022-04-18,WTI_CRUDE,WTI_CRUDE,108.24,,,,alpha_vantage,WTI,benchmark_spot,USD,USD_PER_BARREL,False
2022-04-19,WTI_CRUDE,WTI_CRUDE,102.54,,,,alpha_vantage,WTI,benchmark_spot,USD,USD_PER_BARREL,False
2022-04-20,WTI_CRUDE,WTI_CRUDE,102.56,,,,alpha_vantage,WTI,benchmark_spot,USD,USD_PER_BARREL,False
2022-04-21,WTI_CRUDE,WTI_CRUDE,103.89,,,,alpha_vantage,WTI,benchmark_spot,USD,USD_PER_BARREL,False
2022-04-22,WTI_CRUDE,WTI_CRUDE,102.86,,,,alpha_vantage,WTI,benchmark_spot,USD,USD_PER_BARREL,False
2022-04-25,WTI_CRUDE,WTI_CRUDE,99.6,,,,alpha_vantage,WTI,benchmark_spot,USD,USD_PER_BARREL,False
2022-04-26,WTI_CRUDE,WTI_CRUDE,102.62,,,,alpha_vantage,WTI,benchmark_spot,USD,USD_PER_BARREL,False
2022-04-27,WTI_CRUDE,WTI_CRUDE,101.96,,,,alpha_vantage,WTI,benchmark_spot,USD,USD_PER_BARREL,False
2022-04-28,WTI_CRUDE,WTI_CRUDE,105.47,,,,alpha_vantage,WTI,benchmark_spot,USD,USD_PER_BARREL,False
2022-04-29,WTI_CRUDE,WTI_CRUDE,104.59,,,,alpha_vantage,WTI,benchmark_spot,USD,USD_PER_BARREL,False
2022-05-02,WTI_CRUDE,WTI_CRUDE,105.18,,,,alpha_vantage,WTI,benchmark_spot,USD,USD_PER_BARREL,False
2022-05-03,WTI_CRUDE,WTI_CRUDE,102.53,,,,alpha_vantage,WTI,benchmark_spot,USD,USD_PER_BARREL,False
2022-05-04,WTI_CRUDE,WTI_CRUDE,107.84,,,,alpha_vantage,WTI,benchmark_spot,USD,USD_PER_BARREL,False
2022-05-05,WTI_CRUDE,WTI_CRUDE,108.17,,,,alpha_vantage,WTI,benchmark_spot,USD,USD_PER_BARREL,False
2022-05-06,WTI_CRUDE,WTI_CRUDE,109.72,,,,alpha_vantage,WTI,benchmark_spot,USD,USD_PER_BARREL,False
2022-05-09,WTI_CRUDE,WTI_CRUDE,103.08,,,,alpha_vantage,WTI,benchmark_spot,USD,USD_PER_BARREL,False
2022-05-10,WTI_CRUDE,WTI_CRUDE,99.74,,,,alpha_vantage,WTI,benchmark_spot,USD,USD_PER_BARREL,False
2022-05-11,WTI_CRUDE,WTI_CRUDE,105.5,,,,alpha_vantage,WTI,benchmark_spot,USD,USD_PER_BARREL,False
2022-05-12,WTI_CRUDE,WTI_CRUDE,106.15,,,,alpha_vantage,WTI,benchmark_spot,USD,USD_PER_BARREL,False
2022-05-13,WTI_CRUDE,WTI_CRUDE,110.52,,,,alpha_vantage,WTI,benchmark_spot,USD,USD_PER_BARREL,False
2022-05-16,WTI_CRUDE,WTI_CRUDE,114.07,,,,alpha_vantage,WTI,benchmark_spot,USD,USD_PER_BARREL,False
2022-05-17,WTI_CRUDE,WTI_CRUDE,112.31,,,,alpha_vantage,WTI,benchmark_spot,USD,USD_PER_BARREL,False
2022-05-18,WTI_CRUDE,WTI_CRUDE,109.67,,,,alpha_vantage,WTI,benchmark_spot,USD,USD_PER_BARREL,False
2022-05-19,WTI_CRUDE,WTI_CRUDE,112.21,,,,alpha_vantage,WTI,benchmark_spot,USD,USD_PER_BARREL,False
2022-05-20,WTI_CRUDE,WTI_CRUDE,112.63,,,,alpha_vantage,WTI,benchmark_spot,USD,USD_PER_BARREL,False
2022-05-23,WTI_CRUDE,WTI_CRUDE,110.32,,,,alpha_vantage,WTI,benchmark_spot,USD,USD_PER_BARREL,False
2022-05-24,WTI_CRUDE,WTI_CRUDE,112.55,,,,alpha_vantage,WTI,benchmark_spot,USD,USD_PER_BARREL,False
2022-05-25,WTI_CRUDE,WTI_CRUDE,112.88,,,,alpha_vantage,WTI,benchmark_spot,USD,USD_PER_BARREL,False
2022-05-26,WTI_CRUDE,WTI_CRUDE,116.19,,,,alpha_vantage,WTI,benchmark_spot,USD,USD_PER_BARREL,False
2022-05-27,WTI_CRUDE,WTI_CRUDE,114.96,,,,alpha_vantage,WTI,benchmark_spot,USD,USD_PER_BARREL,False
2022-05-31,WTI_CRUDE,WTI_CRUDE,114.38,,,,alpha_vantage,WTI,benchmark_spot,USD,USD_PER_BARREL,False
2022-06-01,WTI_CRUDE,WTI_CRUDE,115.26,,,,alpha_vantage,WTI,benchmark_spot,USD,USD_PER_BARREL,False
2022-06-02,WTI_CRUDE,WTI_CRUDE,116.88,,,,alpha_vantage,WTI,benchmark_spot,USD,USD_PER_BARREL,False
2022-06-03,WTI_CRUDE,WTI_CRUDE,118.97,,,,alpha_vantage,WTI,benchmark_spot,USD,USD_PER_BARREL,False
2022-06-06,WTI_CRUDE,WTI_CRUDE,118.41,,,,alpha_vantage,WTI,benchmark_spot,USD,USD_PER_BARREL,False
2022-06-07,WTI_CRUDE,WTI_CRUDE,119.55,,,,alpha_vantage,WTI,benchmark_spot,USD,USD_PER_BARREL,False
2022-06-08,WTI_CRUDE,WTI_CRUDE,121.94,,,,alpha_vantage,WTI,benchmark_spot,USD,USD_PER_BARREL,False
2022-06-09,WTI_CRUDE,WTI_CRUDE,121.52,,,,alpha_vantage,WTI,benchmark_spot,USD,USD_PER_BARREL,False
2022-06-10,WTI_CRUDE,WTI_CRUDE,120.73,,,,alpha_vantage,WTI,benchmark_spot,USD,USD_PER_BARREL,False
2022-06-13,WTI_CRUDE,WTI_CRUDE,120.92,,,,alpha_vantage,WTI,benchmark_spot,USD,USD_PER_BARREL,False
2022-06-14,WTI_CRUDE,WTI_CRUDE,118.92,,,,alpha_vantage,WTI,benchmark_spot,USD,USD_PER_BARREL,False
2022-06-15,WTI_CRUDE,WTI_CRUDE,115.32,,,,alpha_vantage,WTI,benchmark_spot,USD,USD_PER_BARREL,False
2022-06-16,WTI_CRUDE,WTI_CRUDE,117.56,,,,alpha_vantage,WTI,benchmark_spot,USD,USD_PER_BARREL,False
2022-06-17,WTI_CRUDE,WTI_CRUDE,109.56,,,,alpha_vantage,WTI,benchmark_spot,USD,USD_PER_BARREL,False
2022-06-21,WTI_CRUDE,WTI_CRUDE,110.49,,,,alpha_vantage,WTI,benchmark_spot,USD,USD_PER_BARREL,False
2022-06-22,WTI_CRUDE,WTI_CRUDE,106.22,,,,alpha_vantage,WTI,benchmark_spot,USD,USD_PER_BARREL,False
2022-06-23,WTI_CRUDE,WTI_CRUDE,105.75,,,,alpha_vantage,WTI,benchmark_spot,USD,USD_PER_BARREL,False
2022-06-24,WTI_CRUDE,WTI_CRUDE,109.07,,,,alpha_vantage,WTI,benchmark_spot,USD,USD_PER_BARREL,False
2022-06-27,WTI_CRUDE,WTI_CRUDE,111.44,,,,alpha_vantage,WTI,benchmark_spot,USD,USD_PER_BARREL,False
2022-06-28,WTI_CRUDE,WTI_CRUDE,113.66,,,,alpha_vantage,WTI,benchmark_spot,USD,USD_PER_BARREL,False
2022-06-29,WTI_CRUDE,WTI_CRUDE,111.65,,,,alpha_vantage,WTI,benchmark_spot,USD,USD_PER_BARREL,False
2022-06-30,WTI_CRUDE,WTI_CRUDE,107.76,,,,alpha_vantage,WTI,benchmark_spot,USD,USD_PER_BARREL,False
2022-07-01,WTI_CRUDE,WTI_CRUDE,110.3,,,,alpha_vantage,WTI,benchmark_spot,USD,USD_PER_BARREL,False
2022-07-05,WTI_CRUDE,WTI_CRUDE,101.55,,,,alpha_vantage,WTI,benchmark_spot,USD,USD_PER_BARREL,False
2022-07-06,WTI_CRUDE,WTI_CRUDE,100.31,,,,alpha_vantage,WTI,benchmark_spot,USD,USD_PER_BARREL,False
2022-07-07,WTI_CRUDE,WTI_CRUDE,104.62,,,,alpha_vantage,WTI,benchmark_spot,USD,USD_PER_BARREL,False
2022-07-08,WTI_CRUDE,WTI_CRUDE,106.78,,,,alpha_vantage,WTI,benchmark_spot,USD,USD_PER_BARREL,False
2022-07-11,WTI_CRUDE,WTI_CRUDE,106.09,,,,alpha_vantage,WTI,benchmark_spot,USD,USD_PER_BARREL,False
2022-07-12,WTI_CRUDE,WTI_CRUDE,97.69,,,,alpha_vantage,WTI,benchmark_spot,USD,USD_PER_BARREL,False
2022-07-13,WTI_CRUDE,WTI_CRUDE,98.44,,,,alpha_vantage,WTI,benchmark_spot,USD,USD_PER_BARREL,False
2022-07-14,WTI_CRUDE,WTI_CRUDE,97.79,,,,alpha_vantage,WTI,benchmark_spot,USD,USD_PER_BARREL,False
2022-07-15,WTI_CRUDE,WTI_CRUDE,99.59,,,,alpha_vantage,WTI,benchmark_spot,USD,USD_PER_BARREL,False
2022-07-18,WTI_CRUDE,WTI_CRUDE,104.48,,,,alpha_vantage,WTI,benchmark_spot,USD,USD_PER_BARREL,False
2022-07-19,WTI_CRUDE,WTI_CRUDE,106.12,,,,alpha_vantage,WTI,benchmark_spot,USD,USD_PER_BARREL,False
2022-07-20,WTI_CRUDE,WTI_CRUDE,104.45,,,,alpha_vantage,WTI,benchmark_spot,USD,USD_PER_BARREL,False
2022-07-21,WTI_CRUDE,WTI_CRUDE,98.44,,,,alpha_vantage,WTI,benchmark_spot,USD,USD_PER_BARREL,False
2022-07-22,WTI_CRUDE,WTI_CRUDE,97.71,,,,alpha_vantage,WTI,benchmark_spot,USD,USD_PER_BARREL,False
2022-07-25,WTI_CRUDE,WTI_CRUDE,99.83,,,,alpha_vantage,WTI,benchmark_spot,USD,USD_PER_BARREL,False
2022-07-26,WTI_CRUDE,WTI_CRUDE,97.74,,,,alpha_vantage,WTI,benchmark_spot,USD,USD_PER_BARREL,False
2022-07-27,WTI_CRUDE,WTI_CRUDE,100.03,,,,alpha_vantage,WTI,benchmark_spot,USD,USD_PER_BARREL,False
2022-07-28,WTI_CRUDE,WTI_CRUDE,99.11,,,,alpha_vantage,WTI,benchmark_spot,USD,USD_PER_BARREL,False
2022-07-29,WTI_CRUDE,WTI_CRUDE,101.31,,,,alpha_vantage,WTI,benchmark_spot,USD,USD_PER_BARREL,False
2022-08-01,WTI_CRUDE,WTI_CRUDE,96.59,,,,alpha_vantage,WTI,benchmark_spot,USD,USD_PER_BARREL,False
2022-08-02,WTI_CRUDE,WTI_CRUDE,97.14,,,,alpha_vantage,WTI,benchmark_spot,USD,USD_PER_BARREL,False
2022-08-03,WTI_CRUDE,WTI_CRUDE,93.25,,,,alpha_vantage,WTI,benchmark_spot,USD,USD_PER_BARREL,False
2022-08-04,WTI_CRUDE,WTI_CRUDE,91.29,,,,alpha_vantage,WTI,benchmark_spot,USD,USD_PER_BARREL,False
2022-08-05,WTI_CRUDE,WTI_CRUDE,91.77,,,,alpha_vantage,WTI,benchmark_spot,USD,USD_PER_BARREL,False
2022-08-08,WTI_CRUDE,WTI_CRUDE,93.52,,,,alpha_vantage,WTI,benchmark_spot,USD,USD_PER_BARREL,False
2022-08-09,WTI_CRUDE,WTI_CRUDE,93.18,,,,alpha_vantage,WTI,benchmark_spot,USD,USD_PER_BARREL,False
2022-08-10,WTI_CRUDE,WTI_CRUDE,94.68,,,,alpha_vantage,WTI,benchmark_spot,USD,USD_PER_BARREL,False
2022-08-11,WTI_CRUDE,WTI_CRUDE,97.02,,,,alpha_vantage,WTI,benchmark_spot,USD,USD_PER_BARREL,False
2022-08-12,WTI_CRUDE,WTI_CRUDE,94.86,,,,alpha_vantage,WTI,benchmark_spot,USD,USD_PER_BARREL,False
2022-08-15,WTI_CRUDE,WTI_CRUDE,92.24,,,,alpha_vantage,WTI,benchmark_spot,USD,USD_PER_BARREL,False
2022-08-16,WTI_CRUDE,WTI_CRUDE,89.23,,,,alpha_vantage,WTI,benchmark_spot,USD,USD_PER_BARREL,False
2022-08-17,WTI_CRUDE,WTI_CRUDE,90.85,,,,alpha_vantage,WTI,benchmark_spot,USD,USD_PER_BARREL,False
2022-08-18,WTI_CRUDE,WTI_CRUDE,93.2,,,,alpha_vantage,WTI,benchmark_spot,USD,USD_PER_BARREL,False
2022-08-19,WTI_CRUDE,WTI_CRUDE,93.55,,,,alpha_vantage,WTI,benchmark_spot,USD,USD_PER_BARREL,False
2022-08-22,WTI_CRUDE,WTI_CRUDE,93.42,,,,alpha_vantage,WTI,benchmark_spot,USD,USD_PER_BARREL,False
2022-08-23,WTI_CRUDE,WTI_CRUDE,96.46,,,,alpha_vantage,WTI,benchmark_spot,USD,USD_PER_BARREL,False
2022-08-24,WTI_CRUDE,WTI_CRUDE,95.52,,,,alpha_vantage,WTI,benchmark_spot,USD,USD_PER_BARREL,False
2022-08-25,WTI_CRUDE,WTI_CRUDE,93.33,,,,alpha_vantage,WTI,benchmark_spot,USD,USD_PER_BARREL,False
2022-08-26,WTI_CRUDE,WTI_CRUDE,93.63,,,,alpha_vantage,WTI,benchmark_spot,USD,USD_PER_BARREL,False
2022-08-29,WTI_CRUDE,WTI_CRUDE,97.4,,,,alpha_vantage,WTI,benchmark_spot,USD,USD_PER_BARREL,False
2022-08-30,WTI_CRUDE,WTI_CRUDE,92.08,,,,alpha_vantage,WTI,benchmark_spot,USD,USD_PER_BARREL,False
2022-08-31,WTI_CRUDE,WTI_CRUDE,90.09,,,,alpha_vantage,WTI,benchmark_spot,USD,USD_PER_BARREL,False
2022-09-01,WTI_CRUDE,WTI_CRUDE,87.09,,,,alpha_vantage,WTI,benchmark_spot,USD,USD_PER_BARREL,False
2022-09-02,WTI_CRUDE,WTI_CRUDE,87.29,,,,alpha_vantage,WTI,benchmark_spot,USD,USD_PER_BARREL,False
2022-09-06,WTI_CRUDE,WTI_CRUDE,87.35,,,,alpha_vantage,WTI,benchmark_spot,USD,USD_PER_BARREL,False
2022-09-07,WTI_CRUDE,WTI_CRUDE,82.5,,,,alpha_vantage,WTI,benchmark_spot,USD,USD_PER_BARREL,False
2022-09-08,WTI_CRUDE,WTI_CRUDE,84.04,,,,alpha_vantage,WTI,benchmark_spot,USD,USD_PER_BARREL,False
2022-09-09,WTI_CRUDE,WTI_CRUDE,87.27,,,,alpha_vantage,WTI,benchmark_spot,USD,USD_PER_BARREL,False
2022-09-12,WTI_CRUDE,WTI_CRUDE,88.18,,,,alpha_vantage,WTI,benchmark_spot,USD,USD_PER_BARREL,False
2022-09-13,WTI_CRUDE,WTI_CRUDE,87.84,,,,alpha_vantage,WTI,benchmark_spot,USD,USD_PER_BARREL,False
2022-09-14,WTI_CRUDE,WTI_CRUDE,88.88,,,,alpha_vantage,WTI,benchmark_spot,USD,USD_PER_BARREL,False
2022-09-15,WTI_CRUDE,WTI_CRUDE,85.72,,,,alpha_vantage,WTI,benchmark_spot,USD,USD_PER_BARREL,False
2022-09-16,WTI_CRUDE,WTI_CRUDE,85.57,,,,alpha_vantage,WTI,benchmark_spot,USD,USD_PER_BARREL,False
2022-09-19,WTI_CRUDE,WTI_CRUDE,86.15,,,,alpha_vantage,WTI,benchmark_spot,USD,USD_PER_BARREL,False
2022-09-20,WTI_CRUDE,WTI_CRUDE,84.69,,,,alpha_vantage,WTI,benchmark_spot,USD,USD_PER_BARREL,False
2022-09-21,WTI_CRUDE,WTI_CRUDE,83.38,,,,alpha_vantage,WTI,benchmark_spot,USD,USD_PER_BARREL,False
2022-09-22,WTI_CRUDE,WTI_CRUDE,84.02,,,,alpha_vantage,WTI,benchmark_spot,USD,USD_PER_BARREL,False
2022-09-23,WTI_CRUDE,WTI_CRUDE,79.07,,,,alpha_vantage,WTI,benchmark_spot,USD,USD_PER_BARREL,False
2022-09-26,WTI_CRUDE,WTI_CRUDE,77.17,,,,alpha_vantage,WTI,benchmark_spot,USD,USD_PER_BARREL,False
2022-09-27,WTI_CRUDE,WTI_CRUDE,78.91,,,,alpha_vantage,WTI,benchmark_spot,USD,USD_PER_BARREL,False
2022-09-28,WTI_CRUDE,WTI_CRUDE,82.61,,,,alpha_vantage,WTI,benchmark_spot,USD,USD_PER_BARREL,False
2022-09-29,WTI_CRUDE,WTI_CRUDE,81.78,,,,alpha_vantage,WTI,benchmark_spot,USD,USD_PER_BARREL,False
2022-09-30,WTI_CRUDE,WTI_CRUDE,79.91,,,,alpha_vantage,WTI,benchmark_spot,USD,USD_PER_BARREL,False
2022-10-03,WTI_CRUDE,WTI_CRUDE,84.05,,,,alpha_vantage,WTI,benchmark_spot,USD,USD_PER_BARREL,False
2022-10-04,WTI_CRUDE,WTI_CRUDE,86.87,,,,alpha_vantage,WTI,benchmark_spot,USD,USD_PER_BARREL,False
2022-10-05,WTI_CRUDE,WTI_CRUDE,88.22,,,,alpha_vantage,WTI,benchmark_spot,USD,USD_PER_BARREL,False
2022-10-06,WTI_CRUDE,WTI_CRUDE,88.9,,,,alpha_vantage,WTI,benchmark_spot,USD,USD_PER_BARREL,False
2022-10-07,WTI_CRUDE,WTI_CRUDE,93.07,,,,alpha_vantage,WTI,benchmark_spot,USD,USD_PER_BARREL,False
2022-10-10,WTI_CRUDE,WTI_CRUDE,91.6,,,,alpha_vantage,WTI,benchmark_spot,USD,USD_PER_BARREL,False
2022-10-11,WTI_CRUDE,WTI_CRUDE,89.75,,,,alpha_vantage,WTI,benchmark_spot,USD,USD_PER_BARREL,False
2022-10-12,WTI_CRUDE,WTI_CRUDE,87.83,,,,alpha_vantage,WTI,benchmark_spot,USD,USD_PER_BARREL,False
2022-10-13,WTI_CRUDE,WTI_CRUDE,89.59,,,,alpha_vantage,WTI,benchmark_spot,USD,USD_PER_BARREL,False
2022-10-14,WTI_CRUDE,WTI_CRUDE,86.1,,,,alpha_vantage,WTI,benchmark_spot,USD,USD_PER_BARREL,False
2022-10-17,WTI_CRUDE,WTI_CRUDE,86.0,,,,alpha_vantage,WTI,benchmark_spot,USD,USD_PER_BARREL,False
2022-10-18,WTI_CRUDE,WTI_CRUDE,83.29,,,,alpha_vantage,WTI,benchmark_spot,USD,USD_PER_BARREL,False
2022-10-19,WTI_CRUDE,WTI_CRUDE,86.0,,,,alpha_vantage,WTI,benchmark_spot,USD,USD_PER_BARREL,False
2022-10-20,WTI_CRUDE,WTI_CRUDE,86.02,,,,alpha_vantage,WTI,benchmark_spot,USD,USD_PER_BARREL,False
2022-10-21,WTI_CRUDE,WTI_CRUDE,85.47,,,,alpha_vantage,WTI,benchmark_spot,USD,USD_PER_BARREL,False
2022-10-24,WTI_CRUDE,WTI_CRUDE,86.12,,,,alpha_vantage,WTI,benchmark_spot,USD,USD_PER_BARREL,False
2022-10-25,WTI_CRUDE,WTI_CRUDE,86.93,,,,alpha_vantage,WTI,benchmark_spot,USD,USD_PER_BARREL,False
2022-10-26,WTI_CRUDE,WTI_CRUDE,89.39,,,,alpha_vantage,WTI,benchmark_spot,USD,USD_PER_BARREL,False
2022-10-27,WTI_CRUDE,WTI_CRUDE,89.06,,,,alpha_vantage,WTI,benchmark_spot,USD,USD_PER_BARREL,False
2022-10-28,WTI_CRUDE,WTI_CRUDE,87.85,,,,alpha_vantage,WTI,benchmark_spot,USD,USD_PER_BARREL,False
2022-10-31,WTI_CRUDE,WTI_CRUDE,86.54,,,,alpha_vantage,WTI,benchmark_spot,USD,USD_PER_BARREL,False
2022-11-01,WTI_CRUDE,WTI_CRUDE,88.36,,,,alpha_vantage,WTI,benchmark_spot,USD,USD_PER_BARREL,False
2022-11-02,WTI_CRUDE,WTI_CRUDE,90.06,,,,alpha_vantage,WTI,benchmark_spot,USD,USD_PER_BARREL,False
2022-11-03,WTI_CRUDE,WTI_CRUDE,88.14,,,,alpha_vantage,WTI,benchmark_spot,USD,USD_PER_BARREL,False
2022-11-04,WTI_CRUDE,WTI_CRUDE,92.58,,,,alpha_vantage,WTI,benchmark_spot,USD,USD_PER_BARREL,False
2022-11-07,WTI_CRUDE,WTI_CRUDE,91.8,,,,alpha_vantage,WTI,benchmark_spot,USD,USD_PER_BARREL,False
2022-11-08,WTI_CRUDE,WTI_CRUDE,88.8,,,,alpha_vantage,WTI,benchmark_spot,USD,USD_PER_BARREL,False
2022-11-09,WTI_CRUDE,WTI_CRUDE,85.79,,,,alpha_vantage,WTI,benchmark_spot,USD,USD_PER_BARREL,False
2022-11-10,WTI_CRUDE,WTI_CRUDE,86.52,,,,alpha_vantage,WTI,benchmark_spot,USD,USD_PER_BARREL,False
2022-11-11,WTI_CRUDE,WTI_CRUDE,89.14,,,,alpha_vantage,WTI,benchmark_spot,USD,USD_PER_BARREL,False
2022-11-14,WTI_CRUDE,WTI_CRUDE,85.85,,,,alpha_vantage,WTI,benchmark_spot,USD,USD_PER_BARREL,False
2022-11-15,WTI_CRUDE,WTI_CRUDE,86.87,,,,alpha_vantage,WTI,benchmark_spot,USD,USD_PER_BARREL,False
2022-11-16,WTI_CRUDE,WTI_CRUDE,85.62,,,,alpha_vantage,WTI,benchmark_spot,USD,USD_PER_BARREL,False
2022-11-17,WTI_CRUDE,WTI_CRUDE,81.69,,,,alpha_vantage,WTI,benchmark_spot,USD,USD_PER_BARREL,False
2022-11-18,WTI_CRUDE,WTI_CRUDE,80.07,,,,alpha_vantage,WTI,benchmark_spot,USD,USD_PER_BARREL,False
2022-11-21,WTI_CRUDE,WTI_CRUDE,79.74,,,,alpha_vantage,WTI,benchmark_spot,USD,USD_PER_BARREL,False
2022-11-22,WTI_CRUDE,WTI_CRUDE,80.83,,,,alpha_vantage,WTI,benchmark_spot,USD,USD_PER_BARREL,False
2022-11-23,WTI_CRUDE,WTI_CRUDE,77.93,,,,alpha_vantage,WTI,benchmark_spot,USD,USD_PER_BARREL,False
2022-11-25,WTI_CRUDE,WTI_CRUDE,76.45,,,,alpha_vantage,WTI,benchmark_spot,USD,USD_PER_BARREL,False
2022-11-28,WTI_CRUDE,WTI_CRUDE,77.1,,,,alpha_vantage,WTI,benchmark_spot,USD,USD_PER_BARREL,False
2022-11-29,WTI_CRUDE,WTI_CRUDE,77.96,,,,alpha_vantage,WTI,benchmark_spot,USD,USD_PER_BARREL,False
2022-11-30,WTI_CRUDE,WTI_CRUDE,80.48,,,,alpha_vantage,WTI,benchmark_spot,USD,USD_PER_BARREL,False
2022-12-01,WTI_CRUDE,WTI_CRUDE,81.06,,,,alpha_vantage,WTI,benchmark_spot,USD,USD_PER_BARREL,False
2022-12-02,WTI_CRUDE,WTI_CRUDE,79.86,,,,alpha_vantage,WTI,benchmark_spot,USD,USD_PER_BARREL,False
2022-12-05,WTI_CRUDE,WTI_CRUDE,76.83,,,,alpha_vantage,WTI,benchmark_spot,USD,USD_PER_BARREL,False
2022-12-06,WTI_CRUDE,WTI_CRUDE,74.21,,,,alpha_vantage,WTI,benchmark_spot,USD,USD_PER_BARREL,False
2022-12-07,WTI_CRUDE,WTI_CRUDE,71.93,,,,alpha_vantage,WTI,benchmark_spot,USD,USD_PER_BARREL,False
2022-12-08,WTI_CRUDE,WTI_CRUDE,71.3,,,,alpha_vantage,WTI,benchmark_spot,USD,USD_PER_BARREL,False
2022-12-09,WTI_CRUDE,WTI_CRUDE,71.05,,,,alpha_vantage,WTI,benchmark_spot,USD,USD_PER_BARREL,False
2022-12-12,WTI_CRUDE,WTI_CRUDE,72.96,,,,alpha_vantage,WTI,benchmark_spot,USD,USD_PER_BARREL,False
2022-12-13,WTI_CRUDE,WTI_CRUDE,75.44,,,,alpha_vantage,WTI,benchmark_spot,USD,USD_PER_BARREL,False
2022-12-14,WTI_CRUDE,WTI_CRUDE,77.14,,,,alpha_vantage,WTI,benchmark_spot,USD,USD_PER_BARREL,False
2022-12-15,WTI_CRUDE,WTI_CRUDE,75.89,,,,alpha_vantage,WTI,benchmark_spot,USD,USD_PER_BARREL,False
2022-12-16,WTI_CRUDE,WTI_CRUDE,74.19,,,,alpha_vantage,WTI,benchmark_spot,USD,USD_PER_BARREL,False
2022-12-19,WTI_CRUDE,WTI_CRUDE,75.05,,,,alpha_vantage,WTI,benchmark_spot,USD,USD_PER_BARREL,False
2022-12-20,WTI_CRUDE,WTI_CRUDE,75.92,,,,alpha_vantage,WTI,benchmark_spot,USD,USD_PER_BARREL,False
2022-12-21,WTI_CRUDE,WTI_CRUDE,78.17,,,,alpha_vantage,WTI,benchmark_spot,USD,USD_PER_BARREL,False
2022-12-22,WTI_CRUDE,WTI_CRUDE,77.68,,,,alpha_vantage,WTI,benchmark_spot,USD,USD_PER_BARREL,False
2022-12-23,WTI_CRUDE,WTI_CRUDE,79.57,,,,alpha_vantage,WTI,benchmark_spot,USD,USD_PER_BARREL,False
2022-12-27,WTI_CRUDE,WTI_CRUDE,79.45,,,,alpha_vantage,WTI,benchmark_spot,USD,USD_PER_BARREL,False
2022-12-28,WTI_CRUDE,WTI_CRUDE,78.89,,,,alpha_vantage,WTI,benchmark_spot,USD,USD_PER_BARREL,False
2022-12-29,WTI_CRUDE,WTI_CRUDE,78.43,,,,alpha_vantage,WTI,benchmark_spot,USD,USD_PER_BARREL,False
2022-12-30,WTI_CRUDE,WTI_CRUDE,80.16,,,,alpha_vantage,WTI,benchmark_spot,USD,USD_PER_BARREL,False
2023-01-03,WTI_CRUDE,WTI_CRUDE,76.87,,,,alpha_vantage,WTI,benchmark_spot,USD,USD_PER_BARREL,False
2023-01-04,WTI_CRUDE,WTI_CRUDE,72.82,,,,alpha_vantage,WTI,benchmark_spot,USD,USD_PER_BARREL,False
2023-01-05,WTI_CRUDE,WTI_CRUDE,73.61,,,,alpha_vantage,WTI,benchmark_spot,USD,USD_PER_BARREL,False
2023-01-06,WTI_CRUDE,WTI_CRUDE,73.77,,,,alpha_vantage,WTI,benchmark_spot,USD,USD_PER_BARREL,False
2023-01-09,WTI_CRUDE,WTI_CRUDE,74.69,,,,alpha_vantage,WTI,benchmark_spot,USD,USD_PER_BARREL,False
2023-01-10,WTI_CRUDE,WTI_CRUDE,75.11,,,,alpha_vantage,WTI,benchmark_spot,USD,USD_PER_BARREL,False
2023-01-11,WTI_CRUDE,WTI_CRUDE,77.46,,,,alpha_vantage,WTI,benchmark_spot,USD,USD_PER_BARREL,False
2023-01-12,WTI_CRUDE,WTI_CRUDE,78.32,,,,alpha_vantage,WTI,benchmark_spot,USD,USD_PER_BARREL,False
2023-01-13,WTI_CRUDE,WTI_CRUDE,79.9,,,,alpha_vantage,WTI,benchmark_spot,USD,USD_PER_BARREL,False
2023-01-17,WTI_CRUDE,WTI_CRUDE,80.25,,,,alpha_vantage,WTI,benchmark_spot,USD,USD_PER_BARREL,False
2023-01-18,WTI_CRUDE,WTI_CRUDE,79.53,,,,alpha_vantage,WTI,benchmark_spot,USD,USD_PER_BARREL,False
2023-01-19,WTI_CRUDE,WTI_CRUDE,80.31,,,,alpha_vantage,WTI,benchmark_spot,USD,USD_PER_BARREL,False
2023-01-20,WTI_CRUDE,WTI_CRUDE,81.27,,,,alpha_vantage,WTI,benchmark_spot,USD,USD_PER_BARREL,False
2023-01-23,WTI_CRUDE,WTI_CRUDE,81.62,,,,alpha_vantage,WTI,benchmark_spot,USD,USD_PER_BARREL,False
2023-01-24,WTI_CRUDE,WTI_CRUDE,79.86,,,,alpha_vantage,WTI,benchmark_spot,USD,USD_PER_BARREL,False
2023-01-25,WTI_CRUDE,WTI_CRUDE,79.78,,,,alpha_vantage,WTI,benchmark_spot,USD,USD_PER_BARREL,False
2023-01-26,WTI_CRUDE,WTI_CRUDE,80.64,,,,alpha_vantage,WTI,benchmark_spot,USD,USD_PER_BARREL,False
2023-01-27,WTI_CRUDE,WTI_CRUDE,79.73,,,,alpha_vantage,WTI,benchmark_spot,USD,USD_PER_BARREL,False
2023-01-30,WTI_CRUDE,WTI_CRUDE,77.97,,,,alpha_vantage,WTI,benchmark_spot,USD,USD_PER_BARREL,False
2023-01-31,WTI_CRUDE,WTI_CRUDE,78.95,,,,alpha_vantage,WTI,benchmark_spot,USD,USD_PER_BARREL,False
2023-02-01,WTI_CRUDE,WTI_CRUDE,76.34,,,,alpha_vantage,WTI,benchmark_spot,USD,USD_PER_BARREL,False
2023-02-02,WTI_CRUDE,WTI_CRUDE,75.87,,,,alpha_vantage,WTI,benchmark_spot,USD,USD_PER_BARREL,False
2023-02-03,WTI_CRUDE,WTI_CRUDE,73.4,,,,alpha_vantage,WTI,benchmark_spot,USD,USD_PER_BARREL,False
2023-02-06,WTI_CRUDE,WTI_CRUDE,74.11,,,,alpha_vantage,WTI,benchmark_spot,USD,USD_PER_BARREL,False
2023-02-07,WTI_CRUDE,WTI_CRUDE,77.17,,,,alpha_vantage,WTI,benchmark_spot,USD,USD_PER_BARREL,False
2023-02-08,WTI_CRUDE,WTI_CRUDE,78.47,,,,alpha_vantage,WTI,benchmark_spot,USD,USD_PER_BARREL,False
2023-02-09,WTI_CRUDE,WTI_CRUDE,78.04,,,,alpha_vantage,WTI,benchmark_spot,USD,USD_PER_BARREL,False
2023-02-10,WTI_CRUDE,WTI_CRUDE,79.74,,,,alpha_vantage,WTI,benchmark_spot,USD,USD_PER_BARREL,False
2023-02-13,WTI_CRUDE,WTI_CRUDE,80.14,,,,alpha_vantage,WTI,benchmark_spot,USD,USD_PER_BARREL,False
2023-02-14,WTI_CRUDE,WTI_CRUDE,79.08,,,,alpha_vantage,WTI,benchmark_spot,USD,USD_PER_BARREL,False
2023-02-15,WTI_CRUDE,WTI_CRUDE,78.57,,,,alpha_vantage,WTI,benchmark_spot,USD,USD_PER_BARREL,False
2023-02-16,WTI_CRUDE,WTI_CRUDE,78.45,,,,alpha_vantage,WTI,benchmark_spot,USD,USD_PER_BARREL,False
2023-02-17,WTI_CRUDE,WTI_CRUDE,76.31,,,,alpha_vantage,WTI,benchmark_spot,USD,USD_PER_BARREL,False
2023-02-21,WTI_CRUDE,WTI_CRUDE,76.28,,,,alpha_vantage,WTI,benchmark_spot,USD,USD_PER_BARREL,False
2023-02-22,WTI_CRUDE,WTI_CRUDE,73.95,,,,alpha_vantage,WTI,benchmark_spot,USD,USD_PER_BARREL,False
2023-02-23,WTI_CRUDE,WTI_CRUDE,75.26,,,,alpha_vantage,WTI,benchmark_spot,USD,USD_PER_BARREL,False
2023-02-24,WTI_CRUDE,WTI_CRUDE,76.19,,,,alpha_vantage,WTI,benchmark_spot,USD,USD_PER_BARREL,False
2023-02-27,WTI_CRUDE,WTI_CRUDE,75.57,,,,alpha_vantage,WTI,benchmark_spot,USD,USD_PER_BARREL,False
2023-02-28,WTI_CRUDE,WTI_CRUDE,76.88,,,,alpha_vantage,WTI,benchmark_spot,USD,USD_PER_BARREL,False
2023-03-01,WTI_CRUDE,WTI_CRUDE,77.57,,,,alpha_vantage,WTI,benchmark_spot,USD,USD_PER_BARREL,False
2023-03-02,WTI_CRUDE,WTI_CRUDE,78.05,,,,alpha_vantage,WTI,benchmark_spot,USD,USD_PER_BARREL,False
2023-03-03,WTI_CRUDE,WTI_CRUDE,79.62,,,,alpha_vantage,WTI,benchmark_spot,USD,USD_PER_BARREL,False
2023-03-06,WTI_CRUDE,WTI_CRUDE,80.39,,,,alpha_vantage,WTI,benchmark_spot,USD,USD_PER_BARREL,False
2023-03-07,WTI_CRUDE,WTI_CRUDE,77.45,,,,alpha_vantage,WTI,benchmark_spot,USD,USD_PER_BARREL,False
2023-03-08,WTI_CRUDE,WTI_CRUDE,76.56,,,,alpha_vantage,WTI,benchmark_spot,USD,USD_PER_BARREL,False
2023-03-09,WTI_CRUDE,WTI_CRUDE,75.6,,,,alpha_vantage,WTI,benchmark_spot,USD,USD_PER_BARREL,False
2023-03-10,WTI_CRUDE,WTI_CRUDE,76.55,,,,alpha_vantage,WTI,benchmark_spot,USD,USD_PER_BARREL,False
2023-03-13,WTI_CRUDE,WTI_CRUDE,74.68,,,,alpha_vantage,WTI,benchmark_spot,USD,USD_PER_BARREL,False
2023-03-14,WTI_CRUDE,WTI_CRUDE,71.18,,,,alpha_vantage,WTI,benchmark_spot,USD,USD_PER_BARREL,False
2023-03-15,WTI_CRUDE,WTI_CRUDE,67.38,,,,alpha_vantage,WTI,benchmark_spot,USD,USD_PER_BARREL,False
2023-03-16,WTI_CRUDE,WTI_CRUDE,68.15,,,,alpha_vantage,WTI,benchmark_spot,USD,USD_PER_BARREL,False
2023-03-17,WTI_CRUDE,WTI_CRUDE,66.61,,,,alpha_vantage,WTI,benchmark_spot,USD,USD_PER_BARREL,False
2023-03-20,WTI_CRUDE,WTI_CRUDE,67.56,,,,alpha_vantage,WTI,benchmark_spot,USD,USD_PER_BARREL,False
2023-03-21,WTI_CRUDE,WTI_CRUDE,69.4,,,,alpha_vantage,WTI,benchmark_spot,USD,USD_PER_BARREL,False
2023-03-22,WTI_CRUDE,WTI_CRUDE,70.71,,,,alpha_vantage,WTI,benchmark_spot,USD,USD_PER_BARREL,False
2023-03-23,WTI_CRUDE,WTI_CRUDE,69.77,,,,alpha_vantage,WTI,benchmark_spot,USD,USD_PER_BARREL,False
2023-03-24,WTI_CRUDE,WTI_CRUDE,69.22,,,,alpha_vantage,WTI,benchmark_spot,USD,USD_PER_BARREL,False
2023-03-27,WTI_CRUDE,WTI_CRUDE,72.87,,,,alpha_vantage,WTI,benchmark_spot,USD,USD_PER_BARREL,False
2023-03-28,WTI_CRUDE,WTI_CRUDE,73.12,,,,alpha_vantage,WTI,benchmark_spot,USD,USD_PER_BARREL,False
2023-03-29,WTI_CRUDE,WTI_CRUDE,72.95,,,,alpha_vantage,WTI,benchmark_spot,USD,USD_PER_BARREL,False
2023-03-30,WTI_CRUDE,WTI_CRUDE,74.32,,,,alpha_vantage,WTI,benchmark_spot,USD,USD_PER_BARREL,False
2023-03-31,WTI_CRUDE,WTI_CRUDE,75.68,,,,alpha_vantage,WTI,benchmark_spot,USD,USD_PER_BARREL,False
2023-04-03,WTI_CRUDE,WTI_CRUDE,80.4,,,,alpha_vantage,WTI,benchmark_spot,USD,USD_PER_BARREL,False
2023-04-04,WTI_CRUDE,WTI_CRUDE,80.7,,,,alpha_vantage,WTI,benchmark_spot,USD,USD_PER_BARREL,False
2023-04-05,WTI_CRUDE,WTI_CRUDE,80.69,,,,alpha_vantage,WTI,benchmark_spot,USD,USD_PER_BARREL,False
2023-04-06,WTI_CRUDE,WTI_CRUDE,80.7,,,,alpha_vantage,WTI,benchmark_spot,USD,USD_PER_BARREL,False
2023-04-10,WTI_CRUDE,WTI_CRUDE,79.79,,,,alpha_vantage,WTI,benchmark_spot,USD,USD_PER_BARREL,False
2023-04-11,WTI_CRUDE,WTI_CRUDE,81.54,,,,alpha_vantage,WTI,benchmark_spot,USD,USD_PER_BARREL,False
2023-04-12,WTI_CRUDE,WTI_CRUDE,83.26,,,,alpha_vantage,WTI,benchmark_spot,USD,USD_PER_BARREL,False
2023-04-13,WTI_CRUDE,WTI_CRUDE,82.16,,,,alpha_vantage,WTI,benchmark_spot,USD,USD_PER_BARREL,False
2023-04-14,WTI_CRUDE,WTI_CRUDE,82.58,,,,alpha_vantage,WTI,benchmark_spot,USD,USD_PER_BARREL,False
2023-04-17,WTI_CRUDE,WTI_CRUDE,80.93,,,,alpha_vantage,WTI,benchmark_spot,USD,USD_PER_BARREL,False
2023-04-18,WTI_CRUDE,WTI_CRUDE,80.85,,,,alpha_vantage,WTI,benchmark_spot,USD,USD_PER_BARREL,False
2023-04-19,WTI_CRUDE,WTI_CRUDE,79.18,,,,alpha_vantage,WTI,benchmark_spot,USD,USD_PER_BARREL,False
2023-04-20,WTI_CRUDE,WTI_CRUDE,77.27,,,,alpha_vantage,WTI,benchmark_spot,USD,USD_PER_BARREL,False
2023-04-21,WTI_CRUDE,WTI_CRUDE,77.86,,,,alpha_vantage,WTI,benchmark_spot,USD,USD_PER_BARREL,False
2023-04-24,WTI_CRUDE,WTI_CRUDE,78.64,,,,alpha_vantage,WTI,benchmark_spot,USD,USD_PER_BARREL,False
2023-04-25,WTI_CRUDE,WTI_CRUDE,77.05,,,,alpha_vantage,WTI,benchmark_spot,USD,USD_PER_BARREL,False
2023-04-26,WTI_CRUDE,WTI_CRUDE,74.33,,,,alpha_vantage,WTI,benchmark_spot,USD,USD_PER_BARREL,False
2023-04-27,WTI_CRUDE,WTI_CRUDE,74.77,,,,alpha_vantage,WTI,benchmark_spot,USD,USD_PER_BARREL,False
2023-04-28,WTI_CRUDE,WTI_CRUDE,76.78,,,,alpha_vantage,WTI,benchmark_spot,USD,USD_PER_BARREL,False
2023-05-01,WTI_CRUDE,WTI_CRUDE,75.65,,,,alpha_vantage,WTI,benchmark_spot,USD,USD_PER_BARREL,False
2023-05-02,WTI_CRUDE,WTI_CRUDE,71.71,,,,alpha_vantage,WTI,benchmark_spot,USD,USD_PER_BARREL,False
2023-05-03,WTI_CRUDE,WTI_CRUDE,68.62,,,,alpha_vantage,WTI,benchmark_spot,USD,USD_PER_BARREL,False
2023-05-04,WTI_CRUDE,WTI_CRUDE,68.52,,,,alpha_vantage,WTI,benchmark_spot,USD,USD_PER_BARREL,False
2023-05-05,WTI_CRUDE,WTI_CRUDE,71.32,,,,alpha_vantage,WTI,benchmark_spot,USD,USD_PER_BARREL,False
2023-05-08,WTI_CRUDE,WTI_CRUDE,73.13,,,,alpha_vantage,WTI,benchmark_spot,USD,USD_PER_BARREL,False
2023-05-09,WTI_CRUDE,WTI_CRUDE,73.68,,,,alpha_vantage,WTI,benchmark_spot,USD,USD_PER_BARREL,False
2023-05-10,WTI_CRUDE,WTI_CRUDE,72.53,,,,alpha_vantage,WTI,benchmark_spot,USD,USD_PER_BARREL,False
2023-05-11,WTI_CRUDE,WTI_CRUDE,70.81,,,,alpha_vantage,WTI,benchmark_spot,USD,USD_PER_BARREL,False
2023-05-12,WTI_CRUDE,WTI_CRUDE,70.02,,,,alpha_vantage,WTI,benchmark_spot,USD,USD_PER_BARREL,False
2023-05-15,WTI_CRUDE,WTI_CRUDE,71.07,,,,alpha_vantage,WTI,benchmark_spot,USD,USD_PER_BARREL,False
2023-05-16,WTI_CRUDE,WTI_CRUDE,70.85,,,,alpha_vantage,WTI,benchmark_spot,USD,USD_PER_BARREL,False
2023-05-17,WTI_CRUDE,WTI_CRUDE,72.78,,,,alpha_vantage,WTI,benchmark_spot,USD,USD_PER_BARREL,False
2023-05-18,WTI_CRUDE,WTI_CRUDE,71.82,,,,alpha_vantage,WTI,benchmark_spot,USD,USD_PER_BARREL,False
2023-05-19,WTI_CRUDE,WTI_CRUDE,71.57,,,,alpha_vantage,WTI,benchmark_spot,USD,USD_PER_BARREL,False
2023-05-22,WTI_CRUDE,WTI_CRUDE,71.81,,,,alpha_vantage,WTI,benchmark_spot,USD,USD_PER_BARREL,False
2023-05-23,WTI_CRUDE,WTI_CRUDE,72.87,,,,alpha_vantage,WTI,benchmark_spot,USD,USD_PER_BARREL,False
2023-05-24,WTI_CRUDE,WTI_CRUDE,74.37,,,,alpha_vantage,WTI,benchmark_spot,USD,USD_PER_BARREL,False
2023-05-25,WTI_CRUDE,WTI_CRUDE,71.68,,,,alpha_vantage,WTI,benchmark_spot,USD,USD_PER_BARREL,False
2023-05-26,WTI_CRUDE,WTI_CRUDE,72.35,,,,alpha_vantage,WTI,benchmark_spot,USD,USD_PER_BARREL,False
2023-05-30,WTI_CRUDE,WTI_CRUDE,69.45,,,,alpha_vantage,WTI,benchmark_spot,USD,USD_PER_BARREL,False
2023-05-31,WTI_CRUDE,WTI_CRUDE,68.11,,,,alpha_vantage,WTI,benchmark_spot,USD,USD_PER_BARREL,False
2023-06-01,WTI_CRUDE,WTI_CRUDE,70.09,,,,alpha_vantage,WTI,benchmark_spot,USD,USD_PER_BARREL,False
2023-06-02,WTI_CRUDE,WTI_CRUDE,71.76,,,,alpha_vantage,WTI,benchmark_spot,USD,USD_PER_BARREL,False
2023-06-05,WTI_CRUDE,WTI_CRUDE,72.14,,,,alpha_vantage,WTI,benchmark_spot,USD,USD_PER_BARREL,False
2023-06-06,WTI_CRUDE,WTI_CRUDE,71.71,,,,alpha_vantage,WTI,benchmark_spot,USD,USD_PER_BARREL,False
2023-06-07,WTI_CRUDE,WTI_CRUDE,72.52,,,,alpha_vantage,WTI,benchmark_spot,USD,USD_PER_BARREL,False
2023-06-08,WTI_CRUDE,WTI_CRUDE,71.28,,,,alpha_vantage,WTI,benchmark_spot,USD,USD_PER_BARREL,False
2023-06-09,WTI_CRUDE,WTI_CRUDE,70.16,,,,alpha_vantage,WTI,benchmark_spot,USD,USD_PER_BARREL,False
2023-06-12,WTI_CRUDE,WTI_CRUDE,67.08,,,,alpha_vantage,WTI,benchmark_spot,USD,USD_PER_BARREL,False
2023-06-13,WTI_CRUDE,WTI_CRUDE,69.39,,,,alpha_vantage,WTI,benchmark_spot,USD,USD_PER_BARREL,False
2023-06-14,WTI_CRUDE,WTI_CRUDE,68.22,,,,alpha_vantage,WTI,benchmark_spot,USD,USD_PER_BARREL,False
2023-06-15,WTI_CRUDE,WTI_CRUDE,70.61,,,,alpha_vantage,WTI,benchmark_spot,USD,USD_PER_BARREL,False
2023-06-16,WTI_CRUDE,WTI_CRUDE,71.81,,,,alpha_vantage,WTI,benchmark_spot,USD,USD_PER_BARREL,False
2023-06-20,WTI_CRUDE,WTI_CRUDE,70.94,,,,alpha_vantage,WTI,benchmark_spot,USD,USD_PER_BARREL,False
2023-06-21,WTI_CRUDE,WTI_CRUDE,72.55,,,,alpha_vantage,WTI,benchmark_spot,USD,USD_PER_BARREL,False
2023-06-22,WTI_CRUDE,WTI_CRUDE,69.22,,,,alpha_vantage,WTI,benchmark_spot,USD,USD_PER_BARREL,False
2023-06-23,WTI_CRUDE,WTI_CRUDE,68.91,,,,alpha_vantage,WTI,benchmark_spot,USD,USD_PER_BARREL,False
2023-06-26,WTI_CRUDE,WTI_CRUDE,69.09,,,,alpha_vantage,WTI,benchmark_spot,USD,USD_PER_BARREL,False
2023-06-27,WTI_CRUDE,WTI_CRUDE,67.68,,,,alpha_vantage,WTI,benchmark_spot,USD,USD_PER_BARREL,False
2023-06-28,WTI_CRUDE,WTI_CRUDE,69.54,,,,alpha_vantage,WTI,benchmark_spot,USD,USD_PER_BARREL,False
2023-06-29,WTI_CRUDE,WTI_CRUDE,69.85,,,,alpha_vantage,WTI,benchmark_spot,USD,USD_PER_BARREL,False
2023-06-30,WTI_CRUDE,WTI_CRUDE,70.66,,,,alpha_vantage,WTI,benchmark_spot,USD,USD_PER_BARREL,False
2023-07-03,WTI_CRUDE,WTI_CRUDE,69.71,,,,alpha_vantage,WTI,benchmark_spot,USD,USD_PER_BARREL,False
2023-07-05,WTI_CRUDE,WTI_CRUDE,71.78,,,,alpha_vantage,WTI,benchmark_spot,USD,USD_PER_BARREL,False
2023-07-06,WTI_CRUDE,WTI_CRUDE,71.76,,,,alpha_vantage,WTI,benchmark_spot,USD,USD_PER_BARREL,False
2023-07-07,WTI_CRUDE,WTI_CRUDE,73.91,,,,alpha_vantage,WTI,benchmark_spot,USD,USD_PER_BARREL,False
2023-07-10,WTI_CRUDE,WTI_CRUDE,73.05,,,,alpha_vantage,WTI,benchmark_spot,USD,USD_PER_BARREL,False
2023-07-11,WTI_CRUDE,WTI_CRUDE,74.87,,,,alpha_vantage,WTI,benchmark_spot,USD,USD_PER_BARREL,False
2023-07-12,WTI_CRUDE,WTI_CRUDE,75.77,,,,alpha_vantage,WTI,benchmark_spot,USD,USD_PER_BARREL,False
2023-07-13,WTI_CRUDE,WTI_CRUDE,76.86,,,,alpha_vantage,WTI,benchmark_spot,USD,USD_PER_BARREL,False
2023-07-14,WTI_CRUDE,WTI_CRUDE,75.44,,,,alpha_vantage,WTI,benchmark_spot,USD,USD_PER_BARREL,False
2023-07-17,WTI_CRUDE,WTI_CRUDE,74.17,,,,alpha_vantage,WTI,benchmark_spot,USD,USD_PER_BARREL,False
2023-07-18,WTI_CRUDE,WTI_CRUDE,75.76,,,,alpha_vantage,WTI,benchmark_spot,USD,USD_PER_BARREL,False
2023-07-19,WTI_CRUDE,WTI_CRUDE,75.4,,,,alpha_vantage,WTI,benchmark_spot,USD,USD_PER_BARREL,False
2023-07-20,WTI_CRUDE,WTI_CRUDE,75.65,,,,alpha_vantage,WTI,benchmark_spot,USD,USD_PER_BARREL,False
2023-07-21,WTI_CRUDE,WTI_CRUDE,77.06,,,,alpha_vantage,WTI,benchmark_spot,USD,USD_PER_BARREL,False
2023-07-24,WTI_CRUDE,WTI_CRUDE,78.81,,,,alpha_vantage,WTI,benchmark_spot,USD,USD_PER_BARREL,False
2023-07-25,WTI_CRUDE,WTI_CRUDE,79.76,,,,alpha_vantage,WTI,benchmark_spot,USD,USD_PER_BARREL,False
2023-07-26,WTI_CRUDE,WTI_CRUDE,79.11,,,,alpha_vantage,WTI,benchmark_spot,USD,USD_PER_BARREL,False
2023-07-27,WTI_CRUDE,WTI_CRUDE,80.17,,,,alpha_vantage,WTI,benchmark_spot,USD,USD_PER_BARREL,False
2023-07-28,WTI_CRUDE,WTI_CRUDE,80.55,,,,alpha_vantage,WTI,benchmark_spot,USD,USD_PER_BARREL,False
2023-07-31,WTI_CRUDE,WTI_CRUDE,81.8,,,,alpha_vantage,WTI,benchmark_spot,USD,USD_PER_BARREL,False
2023-08-01,WTI_CRUDE,WTI_CRUDE,81.37,,,,alpha_vantage,WTI,benchmark_spot,USD,USD_PER_BARREL,False
2023-08-02,WTI_CRUDE,WTI_CRUDE,79.5,,,,alpha_vantage,WTI,benchmark_spot,USD,USD_PER_BARREL,False
2023-08-03,WTI_CRUDE,WTI_CRUDE,81.56,,,,alpha_vantage,WTI,benchmark_spot,USD,USD_PER_BARREL,False
2023-08-04,WTI_CRUDE,WTI_CRUDE,82.76,,,,alpha_vantage,WTI,benchmark_spot,USD,USD_PER_BARREL,False
2023-08-07,WTI_CRUDE,WTI_CRUDE,81.94,,,,alpha_vantage,WTI,benchmark_spot,USD,USD_PER_BARREL,False
2023-08-08,WTI_CRUDE,WTI_CRUDE,82.94,,,,alpha_vantage,WTI,benchmark_spot,USD,USD_PER_BARREL,False
2023-08-09,WTI_CRUDE,WTI_CRUDE,84.35,,,,alpha_vantage,WTI,benchmark_spot,USD,USD_PER_BARREL,False
2023-08-10,WTI_CRUDE,WTI_CRUDE,82.81,,,,alpha_vantage,WTI,benchmark_spot,USD,USD_PER_BARREL,False
2023-08-11,WTI_CRUDE,WTI_CRUDE,83.17,,,,alpha_vantage,WTI,benchmark_spot,USD,USD_PER_BARREL,False
2023-08-14,WTI_CRUDE,WTI_CRUDE,82.5,,,,alpha_vantage,WTI,benchmark_spot,USD,USD_PER_BARREL,False
2023-08-15,WTI_CRUDE,WTI_CRUDE,81.06,,,,alpha_vantage,WTI,benchmark_spot,USD,USD_PER_BARREL,False
2023-08-16,WTI_CRUDE,WTI_CRUDE,79.4,,,,alpha_vantage,WTI,benchmark_spot,USD,USD_PER_BARREL,False
2023-08-17,WTI_CRUDE,WTI_CRUDE,80.43,,,,alpha_vantage,WTI,benchmark_spot,USD,USD_PER_BARREL,False
2023-08-18,WTI_CRUDE,WTI_CRUDE,81.25,,,,alpha_vantage,WTI,benchmark_spot,USD,USD_PER_BARREL,False
2023-08-21,WTI_CRUDE,WTI_CRUDE,80.71,,,,alpha_vantage,WTI,benchmark_spot,USD,USD_PER_BARREL,False
2023-08-22,WTI_CRUDE,WTI_CRUDE,80.25,,,,alpha_vantage,WTI,benchmark_spot,USD,USD_PER_BARREL,False
2023-08-23,WTI_CRUDE,WTI_CRUDE,78.91,,,,alpha_vantage,WTI,benchmark_spot,USD,USD_PER_BARREL,False
2023-08-24,WTI_CRUDE,WTI_CRUDE,79.52,,,,alpha_vantage,WTI,benchmark_spot,USD,USD_PER_BARREL,False
2023-08-25,WTI_CRUDE,WTI_CRUDE,80.47,,,,alpha_vantage,WTI,benchmark_spot,USD,USD_PER_BARREL,False
2023-08-28,WTI_CRUDE,WTI_CRUDE,80.65,,,,alpha_vantage,WTI,benchmark_spot,USD,USD_PER_BARREL,False
2023-08-29,WTI_CRUDE,WTI_CRUDE,81.14,,,,alpha_vantage,WTI,benchmark_spot,USD,USD_PER_BARREL,False
2023-08-30,WTI_CRUDE,WTI_CRUDE,81.64,,,,alpha_vantage,WTI,benchmark_spot,USD,USD_PER_BARREL,False
2023-08-31,WTI_CRUDE,WTI_CRUDE,83.55,,,,alpha_vantage,WTI,benchmark_spot,USD,USD_PER_BARREL,False
2023-09-01,WTI_CRUDE,WTI_CRUDE,85.52,,,,alpha_vantage,WTI,benchmark_spot,USD,USD_PER_BARREL,False
2023-09-05,WTI_CRUDE,WTI_CRUDE,86.74,,,,alpha_vantage,WTI,benchmark_spot,USD,USD_PER_BARREL,False
2023-09-06,WTI_CRUDE,WTI_CRUDE,87.55,,,,alpha_vantage,WTI,benchmark_spot,USD,USD_PER_BARREL,False
2023-09-07,WTI_CRUDE,WTI_CRUDE,86.87,,,,alpha_vantage,WTI,benchmark_spot,USD,USD_PER_BARREL,False
2023-09-08,WTI_CRUDE,WTI_CRUDE,87.51,,,,alpha_vantage,WTI,benchmark_spot,USD,USD_PER_BARREL,False
2023-09-11,WTI_CRUDE,WTI_CRUDE,87.3,,,,alpha_vantage,WTI,benchmark_spot,USD,USD_PER_BARREL,False
2023-09-12,WTI_CRUDE,WTI_CRUDE,88.87,,,,alpha_vantage,WTI,benchmark_spot,USD,USD_PER_BARREL,False
2023-09-13,WTI_CRUDE,WTI_CRUDE,88.59,,,,alpha_vantage,WTI,benchmark_spot,USD,USD_PER_BARREL,False
2023-09-14,WTI_CRUDE,WTI_CRUDE,90.13,,,,alpha_vantage,WTI,benchmark_spot,USD,USD_PER_BARREL,False
2023-09-15,WTI_CRUDE,WTI_CRUDE,90.83,,,,alpha_vantage,WTI,benchmark_spot,USD,USD_PER_BARREL,False
2023-09-18,WTI_CRUDE,WTI_CRUDE,91.47,,,,alpha_vantage,WTI,benchmark_spot,USD,USD_PER_BARREL,False
2023-09-19,WTI_CRUDE,WTI_CRUDE,91.16,,,,alpha_vantage,WTI,benchmark_spot,USD,USD_PER_BARREL,False
2023-09-20,WTI_CRUDE,WTI_CRUDE,89.2,,,,alpha_vantage,WTI,benchmark_spot,USD,USD_PER_BARREL,False
2023-09-21,WTI_CRUDE,WTI_CRUDE,89.56,,,,alpha_vantage,WTI,benchmark_spot,USD,USD_PER_BARREL,False
2023-09-22,WTI_CRUDE,WTI_CRUDE,90.0,,,,alpha_vantage,WTI,benchmark_spot,USD,USD_PER_BARREL,False
2023-09-25,WTI_CRUDE,WTI_CRUDE,89.68,,,,alpha_vantage,WTI,benchmark_spot,USD,USD_PER_BARREL,False
2023-09-26,WTI_CRUDE,WTI_CRUDE,91.43,,,,alpha_vantage,WTI,benchmark_spot,USD,USD_PER_BARREL,False
2023-09-27,WTI_CRUDE,WTI_CRUDE,93.67,,,,alpha_vantage,WTI,benchmark_spot,USD,USD_PER_BARREL,False
2023-09-28,WTI_CRUDE,WTI_CRUDE,91.65,,,,alpha_vantage,WTI,benchmark_spot,USD,USD_PER_BARREL,False
2023-09-29,WTI_CRUDE,WTI_CRUDE,90.77,,,,alpha_vantage,WTI,benchmark_spot,USD,USD_PER_BARREL,False
2023-10-02,WTI_CRUDE,WTI_CRUDE,88.81,,,,alpha_vantage,WTI,benchmark_spot,USD,USD_PER_BARREL,False
2023-10-03,WTI_CRUDE,WTI_CRUDE,89.26,,,,alpha_vantage,WTI,benchmark_spot,USD,USD_PER_BARREL,False
2023-10-04,WTI_CRUDE,WTI_CRUDE,84.32,,,,alpha_vantage,WTI,benchmark_spot,USD,USD_PER_BARREL,False
2023-10-05,WTI_CRUDE,WTI_CRUDE,82.3,,,,alpha_vantage,WTI,benchmark_spot,USD,USD_PER_BARREL,False
2023-10-06,WTI_CRUDE,WTI_CRUDE,82.83,,,,alpha_vantage,WTI,benchmark_spot,USD,USD_PER_BARREL,False
2023-10-10,WTI_CRUDE,WTI_CRUDE,85.89,,,,alpha_vantage,WTI,benchmark_spot,USD,USD_PER_BARREL,False
2023-10-11,WTI_CRUDE,WTI_CRUDE,83.7,,,,alpha_vantage,WTI,benchmark_spot,USD,USD_PER_BARREL,False
2023-10-12,WTI_CRUDE,WTI_CRUDE,82.87,,,,alpha_vantage,WTI,benchmark_spot,USD,USD_PER_BARREL,False
2023-10-13,WTI_CRUDE,WTI_CRUDE,87.67,,,,alpha_vantage,WTI,benchmark_spot,USD,USD_PER_BARREL,False
2023-10-16,WTI_CRUDE,WTI_CRUDE,86.65,,,,alpha_vantage,WTI,benchmark_spot,USD,USD_PER_BARREL,False
2023-10-17,WTI_CRUDE,WTI_CRUDE,86.66,,,,alpha_vantage,WTI,benchmark_spot,USD,USD_PER_BARREL,False
2023-10-18,WTI_CRUDE,WTI_CRUDE,88.35,,,,alpha_vantage,WTI,benchmark_spot,USD,USD_PER_BARREL,False
2023-10-19,WTI_CRUDE,WTI_CRUDE,89.35,,,,alpha_vantage,WTI,benchmark_spot,USD,USD_PER_BARREL,False
2023-10-20,WTI_CRUDE,WTI_CRUDE,89.12,,,,alpha_vantage,WTI,benchmark_spot,USD,USD_PER_BARREL,False
2023-10-23,WTI_CRUDE,WTI_CRUDE,85.49,,,,alpha_vantage,WTI,benchmark_spot,USD,USD_PER_BARREL,False
2023-10-24,WTI_CRUDE,WTI_CRUDE,84.58,,,,alpha_vantage,WTI,benchmark_spot,USD,USD_PER_BARREL,False
2023-10-25,WTI_CRUDE,WTI_CRUDE,86.07,,,,alpha_vantage,WTI,benchmark_spot,USD,USD_PER_BARREL,False
2023-10-26,WTI_CRUDE,WTI_CRUDE,83.8,,,,alpha_vantage,WTI,benchmark_spot,USD,USD_PER_BARREL,False
2023-10-27,WTI_CRUDE,WTI_CRUDE,86.04,,,,alpha_vantage,WTI,benchmark_spot,USD,USD_PER_BARREL,False
2023-10-30,WTI_CRUDE,WTI_CRUDE,83.03,,,,alpha_vantage,WTI,benchmark_spot,USD,USD_PER_BARREL,False
2023-10-31,WTI_CRUDE,WTI_CRUDE,81.64,,,,alpha_vantage,WTI,benchmark_spot,USD,USD_PER_BARREL,False
2023-11-01,WTI_CRUDE,WTI_CRUDE,81.05,,,,alpha_vantage,WTI,benchmark_spot,USD,USD_PER_BARREL,False
2023-11-02,WTI_CRUDE,WTI_CRUDE,83.04,,,,alpha_vantage,WTI,benchmark_spot,USD,USD_PER_BARREL,False
2023-11-03,WTI_CRUDE,WTI_CRUDE,81.19,,,,alpha_vantage,WTI,benchmark_spot,USD,USD_PER_BARREL,False
2023-11-06,WTI_CRUDE,WTI_CRUDE,81.54,,,,alpha_vantage,WTI,benchmark_spot,USD,USD_PER_BARREL,False
2023-11-07,WTI_CRUDE,WTI_CRUDE,77.96,,,,alpha_vantage,WTI,benchmark_spot,USD,USD_PER_BARREL,False
2023-11-08,WTI_CRUDE,WTI_CRUDE,75.85,,,,alpha_vantage,WTI,benchmark_spot,USD,USD_PER_BARREL,False
2023-11-09,WTI_CRUDE,WTI_CRUDE,76.34,,,,alpha_vantage,WTI,benchmark_spot,USD,USD_PER_BARREL,False
2023-11-13,WTI_CRUDE,WTI_CRUDE,78.86,,,,alpha_vantage,WTI,benchmark_spot,USD,USD_PER_BARREL,False
2023-11-14,WTI_CRUDE,WTI_CRUDE,78.9,,,,alpha_vantage,WTI,benchmark_spot,USD,USD_PER_BARREL,False
2023-11-15,WTI_CRUDE,WTI_CRUDE,77.15,,,,alpha_vantage,WTI,benchmark_spot,USD,USD_PER_BARREL,False
2023-11-16,WTI_CRUDE,WTI_CRUDE,73.5,,,,alpha_vantage,WTI,benchmark_spot,USD,USD_PER_BARREL,False
2023-11-17,WTI_CRUDE,WTI_CRUDE,76.47,,,,alpha_vantage,WTI,benchmark_spot,USD,USD_PER_BARREL,False
2023-11-20,WTI_CRUDE,WTI_CRUDE,78.1,,,,alpha_vantage,WTI,benchmark_spot,USD,USD_PER_BARREL,False
2023-11-21,WTI_CRUDE,WTI_CRUDE,78.35,,,,alpha_vantage,WTI,benchmark_spot,USD,USD_PER_BARREL,False
2023-11-22,WTI_CRUDE,WTI_CRUDE,76.8,,,,alpha_vantage,WTI,benchmark_spot,USD,USD_PER_BARREL,False
2023-11-24,WTI_CRUDE,WTI_CRUDE,74.83,,,,alpha_vantage,WTI,benchmark_spot,USD,USD_PER_BARREL,False
2023-11-27,WTI_CRUDE,WTI_CRUDE,74.46,,,,alpha_vantage,WTI,benchmark_spot,USD,USD_PER_BARREL,False
2023-11-28,WTI_CRUDE,WTI_CRUDE,76.09,,,,alpha_vantage,WTI,benchmark_spot,USD,USD_PER_BARREL,False
2023-11-29,WTI_CRUDE,WTI_CRUDE,77.56,,,,alpha_vantage,WTI,benchmark_spot,USD,USD_PER_BARREL,False
2023-11-30,WTI_CRUDE,WTI_CRUDE,75.66,,,,alpha_vantage,WTI,benchmark_spot,USD,USD_PER_BARREL,False
2023-12-01,WTI_CRUDE,WTI_CRUDE,73.7,,,,alpha_vantage,WTI,benchmark_spot,USD,USD_PER_BARREL,False
2023-12-04,WTI_CRUDE,WTI_CRUDE,72.73,,,,alpha_vantage,WTI,benchmark_spot,USD,USD_PER_BARREL,False
2023-12-05,WTI_CRUDE,WTI_CRUDE,71.95,,,,alpha_vantage,WTI,benchmark_spot,USD,USD_PER_BARREL,False
2023-12-06,WTI_CRUDE,WTI_CRUDE,68.98,,,,alpha_vantage,WTI,benchmark_spot,USD,USD_PER_BARREL,False
2023-12-07,WTI_CRUDE,WTI_CRUDE,69.0,,,,alpha_vantage,WTI,benchmark_spot,USD,USD_PER_BARREL,False
2023-12-08,WTI_CRUDE,WTI_CRUDE,70.87,,,,alpha_vantage,WTI,benchmark_spot,USD,USD_PER_BARREL,False
2023-12-11,WTI_CRUDE,WTI_CRUDE,70.95,,,,alpha_vantage,WTI,benchmark_spot,USD,USD_PER_BARREL,False
2023-12-12,WTI_CRUDE,WTI_CRUDE,68.27,,,,alpha_vantage,WTI,benchmark_spot,USD,USD_PER_BARREL,False
2023-12-13,WTI_CRUDE,WTI_CRUDE,69.09,,,,alpha_vantage,WTI,benchmark_spot,USD,USD_PER_BARREL,False
2023-12-14,WTI_CRUDE,WTI_CRUDE,71.21,,,,alpha_vantage,WTI,benchmark_spot,USD,USD_PER_BARREL,False
2023-12-15,WTI_CRUDE,WTI_CRUDE,71.05,,,,alpha_vantage,WTI,benchmark_spot,USD,USD_PER_BARREL,False
2023-12-18,WTI_CRUDE,WTI_CRUDE,72.16,,,,alpha_vantage,WTI,benchmark_spot,USD,USD_PER_BARREL,False
2023-12-19,WTI_CRUDE,WTI_CRUDE,73.23,,,,alpha_vantage,WTI,benchmark_spot,USD,USD_PER_BARREL,False
2023-12-20,WTI_CRUDE,WTI_CRUDE,73.87,,,,alpha_vantage,WTI,benchmark_spot,USD,USD_PER_BARREL,False
2023-12-21,WTI_CRUDE,WTI_CRUDE,73.59,,,,alpha_vantage,WTI,benchmark_spot,USD,USD_PER_BARREL,False
2023-12-22,WTI_CRUDE,WTI_CRUDE,73.29,,,,alpha_vantage,WTI,benchmark_spot,USD,USD_PER_BARREL,False
2023-12-26,WTI_CRUDE,WTI_CRUDE,75.84,,,,alpha_vantage,WTI,benchmark_spot,USD,USD_PER_BARREL,False
2023-12-27,WTI_CRUDE,WTI_CRUDE,74.31,,,,alpha_vantage,WTI,benchmark_spot,USD,USD_PER_BARREL,False
2023-12-28,WTI_CRUDE,WTI_CRUDE,72.02,,,,alpha_vantage,WTI,benchmark_spot,USD,USD_PER_BARREL,False
2023-12-29,WTI_CRUDE,WTI_CRUDE,71.89,,,,alpha_vantage,WTI,benchmark_spot,USD,USD_PER_BARREL,False
2024-01-02,WTI_CRUDE,WTI_CRUDE,70.62,,,,alpha_vantage,WTI,benchmark_spot,USD,USD_PER_BARREL,False
2024-01-03,WTI_CRUDE,WTI_CRUDE,72.97,,,,alpha_vantage,WTI,benchmark_spot,USD,USD_PER_BARREL,False
2024-01-04,WTI_CRUDE,WTI_CRUDE,72.38,,,,alpha_vantage,WTI,benchmark_spot,USD,USD_PER_BARREL,False
2024-01-05,WTI_CRUDE,WTI_CRUDE,74.0,,,,alpha_vantage,WTI,benchmark_spot,USD,USD_PER_BARREL,False
2024-01-08,WTI_CRUDE,WTI_CRUDE,71.06,,,,alpha_vantage,WTI,benchmark_spot,USD,USD_PER_BARREL,False
2024-01-09,WTI_CRUDE,WTI_CRUDE,72.43,,,,alpha_vantage,WTI,benchmark_spot,USD,USD_PER_BARREL,False
2024-01-10,WTI_CRUDE,WTI_CRUDE,71.57,,,,alpha_vantage,WTI,benchmark_spot,USD,USD_PER_BARREL,False
2024-01-11,WTI_CRUDE,WTI_CRUDE,72.15,,,,alpha_vantage,WTI,benchmark_spot,USD,USD_PER_BARREL,False
2024-01-12,WTI_CRUDE,WTI_CRUDE,72.94,,,,alpha_vantage,WTI,benchmark_spot,USD,USD_PER_BARREL,False
2024-01-16,WTI_CRUDE,WTI_CRUDE,72.63,,,,alpha_vantage,WTI,benchmark_spot,USD,USD_PER_BARREL,False
2024-01-17,WTI_CRUDE,WTI_CRUDE,72.79,,,,alpha_vantage,WTI,benchmark_spot,USD,USD_PER_BARREL,False
2024-01-18,WTI_CRUDE,WTI_CRUDE,74.32,,,,alpha_vantage,WTI,benchmark_spot,USD,USD_PER_BARREL,False
2024-01-19,WTI_CRUDE,WTI_CRUDE,73.69,,,,alpha_vantage,WTI,benchmark_spot,USD,USD_PER_BARREL,False
2024-01-22,WTI_CRUDE,WTI_CRUDE,75.26,,,,alpha_vantage,WTI,benchmark_spot,USD,USD_PER_BARREL,False
2024-01-23,WTI_CRUDE,WTI_CRUDE,74.72,,,,alpha_vantage,WTI,benchmark_spot,USD,USD_PER_BARREL,False
2024-01-24,WTI_CRUDE,WTI_CRUDE,75.48,,,,alpha_vantage,WTI,benchmark_spot,USD,USD_PER_BARREL,False
2024-01-25,WTI_CRUDE,WTI_CRUDE,77.91,,,,alpha_vantage,WTI,benchmark_spot,USD,USD_PER_BARREL,False
2024-01-26,WTI_CRUDE,WTI_CRUDE,78.45,,,,alpha_vantage,WTI,benchmark_spot,USD,USD_PER_BARREL,False
2024-01-29,WTI_CRUDE,WTI_CRUDE,77.25,,,,alpha_vantage,WTI,benchmark_spot,USD,USD_PER_BARREL,False
2024-01-30,WTI_CRUDE,WTI_CRUDE,78.3,,,,alpha_vantage,WTI,benchmark_spot,USD,USD_PER_BARREL,False
2024-01-31,WTI_CRUDE,WTI_CRUDE,76.28,,,,alpha_vantage,WTI,benchmark_spot,USD,USD_PER_BARREL,False
2024-02-01,WTI_CRUDE,WTI_CRUDE,74.36,,,,alpha_vantage,WTI,benchmark_spot,USD,USD_PER_BARREL,False
2024-02-02,WTI_CRUDE,WTI_CRUDE,72.72,,,,alpha_vantage,WTI,benchmark_spot,USD,USD_PER_BARREL,False
2024-02-05,WTI_CRUDE,WTI_CRUDE,73.21,,,,alpha_vantage,WTI,benchmark_spot,USD,USD_PER_BARREL,False
2024-02-06,WTI_CRUDE,WTI_CRUDE,73.83,,,,alpha_vantage,WTI,benchmark_spot,USD,USD_PER_BARREL,False
2024-02-07,WTI_CRUDE,WTI_CRUDE,74.26,,,,alpha_vantage,WTI,benchmark_spot,USD,USD_PER_BARREL,False
2024-02-08,WTI_CRUDE,WTI_CRUDE,76.67,,,,alpha_vantage,WTI,benchmark_spot,USD,USD_PER_BARREL,False
2024-02-09,WTI_CRUDE,WTI_CRUDE,77.26,,,,alpha_vantage,WTI,benchmark_spot,USD,USD_PER_BARREL,False
2024-02-12,WTI_CRUDE,WTI_CRUDE,77.34,,,,alpha_vantage,WTI,benchmark_spot,USD,USD_PER_BARREL,False
2024-02-13,WTI_CRUDE,WTI_CRUDE,78.28,,,,alpha_vantage,WTI,benchmark_spot,USD,USD_PER_BARREL,False
2024-02-14,WTI_CRUDE,WTI_CRUDE,77.09,,,,alpha_vantage,WTI,benchmark_spot,USD,USD_PER_BARREL,False
2024-02-15,WTI_CRUDE,WTI_CRUDE,78.47,,,,alpha_vantage,WTI,benchmark_spot,USD,USD_PER_BARREL,False
2024-02-16,WTI_CRUDE,WTI_CRUDE,79.65,,,,alpha_vantage,WTI,benchmark_spot,USD,USD_PER_BARREL,False
2024-02-20,WTI_CRUDE,WTI_CRUDE,78.72,,,,alpha_vantage,WTI,benchmark_spot,USD,USD_PER_BARREL,False
2024-02-21,WTI_CRUDE,WTI_CRUDE,78.89,,,,alpha_vantage,WTI,benchmark_spot,USD,USD_PER_BARREL,False
2024-02-22,WTI_CRUDE,WTI_CRUDE,79.64,,,,alpha_vantage,WTI,benchmark_spot,USD,USD_PER_BARREL,False
2024-02-23,WTI_CRUDE,WTI_CRUDE,77.6,,,,alpha_vantage,WTI,benchmark_spot,USD,USD_PER_BARREL,False
2024-02-26,WTI_CRUDE,WTI_CRUDE,78.53,,,,alpha_vantage,WTI,benchmark_spot,USD,USD_PER_BARREL,False
2024-02-27,WTI_CRUDE,WTI_CRUDE,79.8,,,,alpha_vantage,WTI,benchmark_spot,USD,USD_PER_BARREL,False
2024-02-28,WTI_CRUDE,WTI_CRUDE,79.44,,,,alpha_vantage,WTI,benchmark_spot,USD,USD_PER_BARREL,False
2024-02-29,WTI_CRUDE,WTI_CRUDE,79.22,,,,alpha_vantage,WTI,benchmark_spot,USD,USD_PER_BARREL,False
2024-03-01,WTI_CRUDE,WTI_CRUDE,80.9,,,,alpha_vantage,WTI,benchmark_spot,USD,USD_PER_BARREL,False
2024-03-04,WTI_CRUDE,WTI_CRUDE,79.67,,,,alpha_vantage,WTI,benchmark_spot,USD,USD_PER_BARREL,False
2024-03-05,WTI_CRUDE,WTI_CRUDE,79.11,,,,alpha_vantage,WTI,benchmark_spot,USD,USD_PER_BARREL,False
2024-03-06,WTI_CRUDE,WTI_CRUDE,80.08,,,,alpha_vantage,WTI,benchmark_spot,USD,USD_PER_BARREL,False
2024-03-07,WTI_CRUDE,WTI_CRUDE,79.81,,,,alpha_vantage,WTI,benchmark_spot,USD,USD_PER_BARREL,False
2024-03-08,WTI_CRUDE,WTI_CRUDE,78.96,,,,alpha_vantage,WTI,benchmark_spot,USD,USD_PER_BARREL,False
2024-03-11,WTI_CRUDE,WTI_CRUDE,78.87,,,,alpha_vantage,WTI,benchmark_spot,USD,USD_PER_BARREL,False
2024-03-12,WTI_CRUDE,WTI_CRUDE,78.51,,,,alpha_vantage,WTI,benchmark_spot,USD,USD_PER_BARREL,False
2024-03-13,WTI_CRUDE,WTI_CRUDE,80.67,,,,alpha_vantage,WTI,benchmark_spot,USD,USD_PER_BARREL,False
2024-03-14,WTI_CRUDE,WTI_CRUDE,82.16,,,,alpha_vantage,WTI,benchmark_spot,USD,USD_PER_BARREL,False
2024-03-15,WTI_CRUDE,WTI_CRUDE,81.94,,,,alpha_vantage,WTI,benchmark_spot,USD,USD_PER_BARREL,False
2024-03-18,WTI_CRUDE,WTI_CRUDE,83.68,,,,alpha_vantage,WTI,benchmark_spot,USD,USD_PER_BARREL,False
2024-03-19,WTI_CRUDE,WTI_CRUDE,84.39,,,,alpha_vantage,WTI,benchmark_spot,USD,USD_PER_BARREL,False
2024-03-20,WTI_CRUDE,WTI_CRUDE,82.79,,,,alpha_vantage,WTI,benchmark_spot,USD,USD_PER_BARREL,False
2024-03-21,WTI_CRUDE,WTI_CRUDE,81.99,,,,alpha_vantage,WTI,benchmark_spot,USD,USD_PER_BARREL,False
2024-03-22,WTI_CRUDE,WTI_CRUDE,81.1,,,,alpha_vantage,WTI,benchmark_spot,USD,USD_PER_BARREL,False
2024-03-25,WTI_CRUDE,WTI_CRUDE,82.41,,,,alpha_vantage,WTI,benchmark_spot,USD,USD_PER_BARREL,False
2024-03-26,WTI_CRUDE,WTI_CRUDE,82.41,,,,alpha_vantage,WTI,benchmark_spot,USD,USD_PER_BARREL,False
2024-03-27,WTI_CRUDE,WTI_CRUDE,82.15,,,,alpha_vantage,WTI,benchmark_spot,USD,USD_PER_BARREL,False
2024-03-28,WTI_CRUDE,WTI_CRUDE,83.96,,,,alpha_vantage,WTI,benchmark_spot,USD,USD_PER_BARREL,False
2024-04-01,WTI_CRUDE,WTI_CRUDE,84.54,,,,alpha_vantage,WTI,benchmark_spot,USD,USD_PER_BARREL,False
2024-04-02,WTI_CRUDE,WTI_CRUDE,85.95,,,,alpha_vantage,WTI,benchmark_spot,USD,USD_PER_BARREL,False
2024-04-03,WTI_CRUDE,WTI_CRUDE,86.22,,,,alpha_vantage,WTI,benchmark_spot,USD,USD_PER_BARREL,False
2024-04-04,WTI_CRUDE,WTI_CRUDE,87.37,,,,alpha_vantage,WTI,benchmark_spot,USD,USD_PER_BARREL,False
2024-04-05,WTI_CRUDE,WTI_CRUDE,87.69,,,,alpha_vantage,WTI,benchmark_spot,USD,USD_PER_BARREL,False
2024-04-08,WTI_CRUDE,WTI_CRUDE,87.24,,,,alpha_vantage,WTI,benchmark_spot,USD,USD_PER_BARREL,False
2024-04-09,WTI_CRUDE,WTI_CRUDE,86.04,,,,alpha_vantage,WTI,benchmark_spot,USD,USD_PER_BARREL,False
2024-04-10,WTI_CRUDE,WTI_CRUDE,86.98,,,,alpha_vantage,WTI,benchmark_spot,USD,USD_PER_BARREL,False
2024-04-11,WTI_CRUDE,WTI_CRUDE,85.79,,,,alpha_vantage,WTI,benchmark_spot,USD,USD_PER_BARREL,False
2024-04-12,WTI_CRUDE,WTI_CRUDE,86.46,,,,alpha_vantage,WTI,benchmark_spot,USD,USD_PER_BARREL,False
2024-04-15,WTI_CRUDE,WTI_CRUDE,86.21,,,,alpha_vantage,WTI,benchmark_spot,USD,USD_PER_BARREL,False
2024-04-16,WTI_CRUDE,WTI_CRUDE,86.15,,,,alpha_vantage,WTI,benchmark_spot,USD,USD_PER_BARREL,False
2024-04-17,WTI_CRUDE,WTI_CRUDE,83.58,,,,alpha_vantage,WTI,benchmark_spot,USD,USD_PER_BARREL,False
2024-04-18,WTI_CRUDE,WTI_CRUDE,83.5,,,,alpha_vantage,WTI,benchmark_spot,USD,USD_PER_BARREL,False
2024-04-19,WTI_CRUDE,WTI_CRUDE,83.79,,,,alpha_vantage,WTI,benchmark_spot,USD,USD_PER_BARREL,False
2024-04-22,WTI_CRUDE,WTI_CRUDE,83.82,,,,alpha_vantage,WTI,benchmark_spot,USD,USD_PER_BARREL,False
2024-04-23,WTI_CRUDE,WTI_CRUDE,84.17,,,,alpha_vantage,WTI,benchmark_spot,USD,USD_PER_BARREL,False
2024-04-24,WTI_CRUDE,WTI_CRUDE,84.09,,,,alpha_vantage,WTI,benchmark_spot,USD,USD_PER_BARREL,False
2024-04-25,WTI_CRUDE,WTI_CRUDE,84.92,,,,alpha_vantage,WTI,benchmark_spot,USD,USD_PER_BARREL,False
2024-04-26,WTI_CRUDE,WTI_CRUDE,85.38,,,,alpha_vantage,WTI,benchmark_spot,USD,USD_PER_BARREL,False
2024-04-29,WTI_CRUDE,WTI_CRUDE,84.26,,,,alpha_vantage,WTI,benchmark_spot,USD,USD_PER_BARREL,False
2024-04-30,WTI_CRUDE,WTI_CRUDE,83.49,,,,alpha_vantage,WTI,benchmark_spot,USD,USD_PER_BARREL,False
2024-05-01,WTI_CRUDE,WTI_CRUDE,80.7,,,,alpha_vantage,WTI,benchmark_spot,USD,USD_PER_BARREL,False
2024-05-02,WTI_CRUDE,WTI_CRUDE,80.59,,,,alpha_vantage,WTI,benchmark_spot,USD,USD_PER_BARREL,False
2024-05-03,WTI_CRUDE,WTI_CRUDE,79.65,,,,alpha_vantage,WTI,benchmark_spot,USD,USD_PER_BARREL,False
2024-05-06,WTI_CRUDE,WTI_CRUDE,80.1,,,,alpha_vantage,WTI,benchmark_spot,USD,USD_PER_BARREL,False
2024-05-07,WTI_CRUDE,WTI_CRUDE,79.97,,,,alpha_vantage,WTI,benchmark_spot,USD,USD_PER_BARREL,False
2024-05-08,WTI_CRUDE,WTI_CRUDE,80.57,,,,alpha_vantage,WTI,benchmark_spot,USD,USD_PER_BARREL,False
2024-05-09,WTI_CRUDE,WTI_CRUDE,80.86,,,,alpha_vantage,WTI,benchmark_spot,USD,USD_PER_BARREL,False
2024-05-10,WTI_CRUDE,WTI_CRUDE,79.81,,,,alpha_vantage,WTI,benchmark_spot,USD,USD_PER_BARREL,False
2024-05-13,WTI_CRUDE,WTI_CRUDE,80.71,,,,alpha_vantage,WTI,benchmark_spot,USD,USD_PER_BARREL,False
2024-05-14,WTI_CRUDE,WTI_CRUDE,79.62,,,,alpha_vantage,WTI,benchmark_spot,USD,USD_PER_BARREL,False
2024-05-15,WTI_CRUDE,WTI_CRUDE,80.23,,,,alpha_vantage,WTI,benchmark_spot,USD,USD_PER_BARREL,False
2024-05-16,WTI_CRUDE,WTI_CRUDE,80.85,,,,alpha_vantage,WTI,benchmark_spot,USD,USD_PER_BARREL,False
2024-05-17,WTI_CRUDE,WTI_CRUDE,81.66,,,,alpha_vantage,WTI,benchmark_spot,USD,USD_PER_BARREL,False
2024-05-20,WTI_CRUDE,WTI_CRUDE,81.39,,,,alpha_vantage,WTI,benchmark_spot,USD,USD_PER_BARREL,False
2024-05-21,WTI_CRUDE,WTI_CRUDE,80.66,,,,alpha_vantage,WTI,benchmark_spot,USD,USD_PER_BARREL,False
2024-05-22,WTI_CRUDE,WTI_CRUDE,79.15,,,,alpha_vantage,WTI,benchmark_spot,USD,USD_PER_BARREL,False
2024-05-23,WTI_CRUDE,WTI_CRUDE,77.47,,,,alpha_vantage,WTI,benchmark_spot,USD,USD_PER_BARREL,False
2024-05-24,WTI_CRUDE,WTI_CRUDE,78.48,,,,alpha_vantage,WTI,benchmark_spot,USD,USD_PER_BARREL,False
2024-05-28,WTI_CRUDE,WTI_CRUDE,80.9,,,,alpha_vantage,WTI,benchmark_spot,USD,USD_PER_BARREL,False
2024-05-29,WTI_CRUDE,WTI_CRUDE,80.24,,,,alpha_vantage,WTI,benchmark_spot,USD,USD_PER_BARREL,False
2024-05-30,WTI_CRUDE,WTI_CRUDE,78.96,,,,alpha_vantage,WTI,benchmark_spot,USD,USD_PER_BARREL,False
2024-05-31,WTI_CRUDE,WTI_CRUDE,77.97,,,,alpha_vantage,WTI,benchmark_spot,USD,USD_PER_BARREL,False
2024-06-03,WTI_CRUDE,WTI_CRUDE,75.26,,,,alpha_vantage,WTI,benchmark_spot,USD,USD_PER_BARREL,False
2024-06-04,WTI_CRUDE,WTI_CRUDE,74.27,,,,alpha_vantage,WTI,benchmark_spot,USD,USD_PER_BARREL,False
2024-06-05,WTI_CRUDE,WTI_CRUDE,75.08,,,,alpha_vantage,WTI,benchmark_spot,USD,USD_PER_BARREL,False
2024-06-06,WTI_CRUDE,WTI_CRUDE,76.52,,,,alpha_vantage,WTI,benchmark_spot,USD,USD_PER_BARREL,False
2024-06-07,WTI_CRUDE,WTI_CRUDE,76.53,,,,alpha_vantage,WTI,benchmark_spot,USD,USD_PER_BARREL,False
2024-06-10,WTI_CRUDE,WTI_CRUDE,78.75,,,,alpha_vantage,WTI,benchmark_spot,USD,USD_PER_BARREL,False
2024-06-11,WTI_CRUDE,WTI_CRUDE,78.88,,,,alpha_vantage,WTI,benchmark_spot,USD,USD_PER_BARREL,False
2024-06-12,WTI_CRUDE,WTI_CRUDE,79.56,,,,alpha_vantage,WTI,benchmark_spot,USD,USD_PER_BARREL,False
2024-06-13,WTI_CRUDE,WTI_CRUDE,79.61,,,,alpha_vantage,WTI,benchmark_spot,USD,USD_PER_BARREL,False
2024-06-14,WTI_CRUDE,WTI_CRUDE,79.41,,,,alpha_vantage,WTI,benchmark_spot,USD,USD_PER_BARREL,False
2024-06-17,WTI_CRUDE,WTI_CRUDE,81.33,,,,alpha_vantage,WTI,benchmark_spot,USD,USD_PER_BARREL,False
2024-06-18,WTI_CRUDE,WTI_CRUDE,82.67,,,,alpha_vantage,WTI,benchmark_spot,USD,USD_PER_BARREL,False
2024-06-20,WTI_CRUDE,WTI_CRUDE,83.34,,,,alpha_vantage,WTI,benchmark_spot,USD,USD_PER_BARREL,False
2024-06-21,WTI_CRUDE,WTI_CRUDE,81.71,,,,alpha_vantage,WTI,benchmark_spot,USD,USD_PER_BARREL,False
2024-06-24,WTI_CRUDE,WTI_CRUDE,82.63,,,,alpha_vantage,WTI,benchmark_spot,USD,USD_PER_BARREL,False
2024-06-25,WTI_CRUDE,WTI_CRUDE,81.97,,,,alpha_vantage,WTI,benchmark_spot,USD,USD_PER_BARREL,False
2024-06-26,WTI_CRUDE,WTI_CRUDE,82.19,,,,alpha_vantage,WTI,benchmark_spot,USD,USD_PER_BARREL,False
2024-06-27,WTI_CRUDE,WTI_CRUDE,83.04,,,,alpha_vantage,WTI,benchmark_spot,USD,USD_PER_BARREL,False
2024-06-28,WTI_CRUDE,WTI_CRUDE,82.83,,,,alpha_vantage,WTI,benchmark_spot,USD,USD_PER_BARREL,False
2024-07-01,WTI_CRUDE,WTI_CRUDE,84.7,,,,alpha_vantage,WTI,benchmark_spot,USD,USD_PER_BARREL,False
2024-07-02,WTI_CRUDE,WTI_CRUDE,84.09,,,,alpha_vantage,WTI,benchmark_spot,USD,USD_PER_BARREL,False
2024-07-03,WTI_CRUDE,WTI_CRUDE,85.19,,,,alpha_vantage,WTI,benchmark_spot,USD,USD_PER_BARREL,False
2024-07-05,WTI_CRUDE,WTI_CRUDE,84.44,,,,alpha_vantage,WTI,benchmark_spot,USD,USD_PER_BARREL,False
2024-07-08,WTI_CRUDE,WTI_CRUDE,83.63,,,,alpha_vantage,WTI,benchmark_spot,USD,USD_PER_BARREL,False
2024-07-09,WTI_CRUDE,WTI_CRUDE,82.78,,,,alpha_vantage,WTI,benchmark_spot,USD,USD_PER_BARREL,False
2024-07-10,WTI_CRUDE,WTI_CRUDE,83.39,,,,alpha_vantage,WTI,benchmark_spot,USD,USD_PER_BARREL,False
2024-07-11,WTI_CRUDE,WTI_CRUDE,83.92,,,,alpha_vantage,WTI,benchmark_spot,USD,USD_PER_BARREL,False
2024-07-12,WTI_CRUDE,WTI_CRUDE,83.49,,,,alpha_vantage,WTI,benchmark_spot,USD,USD_PER_BARREL,False
2024-07-15,WTI_CRUDE,WTI_CRUDE,83.22,,,,alpha_vantage,WTI,benchmark_spot,USD,USD_PER_BARREL,False
2024-07-16,WTI_CRUDE,WTI_CRUDE,81.92,,,,alpha_vantage,WTI,benchmark_spot,USD,USD_PER_BARREL,False
2024-07-17,WTI_CRUDE,WTI_CRUDE,84.16,,,,alpha_vantage,WTI,benchmark_spot,USD,USD_PER_BARREL,False
2024-07-18,WTI_CRUDE,WTI_CRUDE,84.17,,,,alpha_vantage,WTI,benchmark_spot,USD,USD_PER_BARREL,False
2024-07-19,WTI_CRUDE,WTI_CRUDE,81.43,,,,alpha_vantage,WTI,benchmark_spot,USD,USD_PER_BARREL,False
2024-07-22,WTI_CRUDE,WTI_CRUDE,81.25,,,,alpha_vantage,WTI,benchmark_spot,USD,USD_PER_BARREL,False
2024-07-23,WTI_CRUDE,WTI_CRUDE,78.24,,,,alpha_vantage,WTI,benchmark_spot,USD,USD_PER_BARREL,False
2024-07-24,WTI_CRUDE,WTI_CRUDE,78.78,,,,alpha_vantage,WTI,benchmark_spot,USD,USD_PER_BARREL,False
2024-07-25,WTI_CRUDE,WTI_CRUDE,79.43,,,,alpha_vantage,WTI,benchmark_spot,USD,USD_PER_BARREL,False
2024-07-26,WTI_CRUDE,WTI_CRUDE,78.58,,,,alpha_vantage,WTI,benchmark_spot,USD,USD_PER_BARREL,False
2024-07-29,WTI_CRUDE,WTI_CRUDE,77.27,,,,alpha_vantage,WTI,benchmark_spot,USD,USD_PER_BARREL,False
2024-07-30,WTI_CRUDE,WTI_CRUDE,76.17,,,,alpha_vantage,WTI,benchmark_spot,USD,USD_PER_BARREL,False
2024-07-31,WTI_CRUDE,WTI_CRUDE,79.36,,,,alpha_vantage,WTI,benchmark_spot,USD,USD_PER_BARREL,False
2024-08-01,WTI_CRUDE,WTI_CRUDE,77.74,,,,alpha_vantage,WTI,benchmark_spot,USD,USD_PER_BARREL,False
2024-08-02,WTI_CRUDE,WTI_CRUDE,74.99,,,,alpha_vantage,WTI,benchmark_spot,USD,USD_PER_BARREL,False
2024-08-05,WTI_CRUDE,WTI_CRUDE,74.46,,,,alpha_vantage,WTI,benchmark_spot,USD,USD_PER_BARREL,False
2024-08-06,WTI_CRUDE,WTI_CRUDE,74.6,,,,alpha_vantage,WTI,benchmark_spot,USD,USD_PER_BARREL,False
2024-08-07,WTI_CRUDE,WTI_CRUDE,76.68,,,,alpha_vantage,WTI,benchmark_spot,USD,USD_PER_BARREL,False
2024-08-08,WTI_CRUDE,WTI_CRUDE,77.64,,,,alpha_vantage,WTI,benchmark_spot,USD,USD_PER_BARREL,False
2024-08-09,WTI_CRUDE,WTI_CRUDE,78.28,,,,alpha_vantage,WTI,benchmark_spot,USD,USD_PER_BARREL,False
2024-08-12,WTI_CRUDE,WTI_CRUDE,81.45,,,,alpha_vantage,WTI,benchmark_spot,USD,USD_PER_BARREL,False
2024-08-13,WTI_CRUDE,WTI_CRUDE,79.81,,,,alpha_vantage,WTI,benchmark_spot,USD,USD_PER_BARREL,False
2024-08-14,WTI_CRUDE,WTI_CRUDE,78.47,,,,alpha_vantage,WTI,benchmark_spot,USD,USD_PER_BARREL,False
2024-08-15,WTI_CRUDE,WTI_CRUDE,79.66,,,,alpha_vantage,WTI,benchmark_spot,USD,USD_PER_BARREL,False
2024-08-16,WTI_CRUDE,WTI_CRUDE,78.05,,,,alpha_vantage,WTI,benchmark_spot,USD,USD_PER_BARREL,False
2024-08-19,WTI_CRUDE,WTI_CRUDE,75.82,,,,alpha_vantage,WTI,benchmark_spot,USD,USD_PER_BARREL,False
2024-08-20,WTI_CRUDE,WTI_CRUDE,75.27,,,,alpha_vantage,WTI,benchmark_spot,USD,USD_PER_BARREL,False
2024-08-21,WTI_CRUDE,WTI_CRUDE,72.76,,,,alpha_vantage,WTI,benchmark_spot,USD,USD_PER_BARREL,False
2024-08-22,WTI_CRUDE,WTI_CRUDE,73.72,,,,alpha_vantage,WTI,benchmark_spot,USD,USD_PER_BARREL,False
2024-08-23,WTI_CRUDE,WTI_CRUDE,75.82,,,,alpha_vantage,WTI,benchmark_spot,USD,USD_PER_BARREL,False
2024-08-26,WTI_CRUDE,WTI_CRUDE,78.4,,,,alpha_vantage,WTI,benchmark_spot,USD,USD_PER_BARREL,False
2024-08-27,WTI_CRUDE,WTI_CRUDE,76.5,,,,alpha_vantage,WTI,benchmark_spot,USD,USD_PER_BARREL,False
2024-08-28,WTI_CRUDE,WTI_CRUDE,75.49,,,,alpha_vantage,WTI,benchmark_spot,USD,USD_PER_BARREL,False
2024-08-29,WTI_CRUDE,WTI_CRUDE,76.9,,,,alpha_vantage,WTI,benchmark_spot,USD,USD_PER_BARREL,False
2024-08-30,WTI_CRUDE,WTI_CRUDE,74.52,,,,alpha_vantage,WTI,benchmark_spot,USD,USD_PER_BARREL,False
2024-09-03,WTI_CRUDE,WTI_CRUDE,71.28,,,,alpha_vantage,WTI,benchmark_spot,USD,USD_PER_BARREL,False
2024-09-04,WTI_CRUDE,WTI_CRUDE,70.11,,,,alpha_vantage,WTI,benchmark_spot,USD,USD_PER_BARREL,False
2024-09-05,WTI_CRUDE,WTI_CRUDE,70.09,,,,alpha_vantage,WTI,benchmark_spot,USD,USD_PER_BARREL,False
2024-09-06,WTI_CRUDE,WTI_CRUDE,68.58,,,,alpha_vantage,WTI,benchmark_spot,USD,USD_PER_BARREL,False
2024-09-09,WTI_CRUDE,WTI_CRUDE,69.65,,,,alpha_vantage,WTI,benchmark_spot,USD,USD_PER_BARREL,False
2024-09-10,WTI_CRUDE,WTI_CRUDE,66.73,,,,alpha_vantage,WTI,benchmark_spot,USD,USD_PER_BARREL,False
2024-09-11,WTI_CRUDE,WTI_CRUDE,68.25,,,,alpha_vantage,WTI,benchmark_spot,USD,USD_PER_BARREL,False
2024-09-12,WTI_CRUDE,WTI_CRUDE,69.89,,,,alpha_vantage,WTI,benchmark_spot,USD,USD_PER_BARREL,False
2024-09-13,WTI_CRUDE,WTI_CRUDE,69.59,,,,alpha_vantage,WTI,benchmark_spot,USD,USD_PER_BARREL,False
2024-09-16,WTI_CRUDE,WTI_CRUDE,71.1,,,,alpha_vantage,WTI,benchmark_spot,USD,USD_PER_BARREL,False
2024-09-17,WTI_CRUDE,WTI_CRUDE,72.16,,,,alpha_vantage,WTI,benchmark_spot,USD,USD_PER_BARREL,False
2024-09-18,WTI_CRUDE,WTI_CRUDE,71.87,,,,alpha_vantage,WTI,benchmark_spot,USD,USD_PER_BARREL,False
2024-09-19,WTI_CRUDE,WTI_CRUDE,72.86,,,,alpha_vantage,WTI,benchmark_spot,USD,USD_PER_BARREL,False
2024-09-20,WTI_CRUDE,WTI_CRUDE,72.72,,,,alpha_vantage,WTI,benchmark_spot,USD,USD_PER_BARREL,False
2024-09-23,WTI_CRUDE,WTI_CRUDE,71.33,,,,alpha_vantage,WTI,benchmark_spot,USD,USD_PER_BARREL,False
2024-09-24,WTI_CRUDE,WTI_CRUDE,72.34,,,,alpha_vantage,WTI,benchmark_spot,USD,USD_PER_BARREL,False
2024-09-25,WTI_CRUDE,WTI_CRUDE,70.42,,,,alpha_vantage,WTI,benchmark_spot,USD,USD_PER_BARREL,False
2024-09-26,WTI_CRUDE,WTI_CRUDE,68.28,,,,alpha_vantage,WTI,benchmark_spot,USD,USD_PER_BARREL,False
2024-09-27,WTI_CRUDE,WTI_CRUDE,68.72,,,,alpha_vantage,WTI,benchmark_spot,USD,USD_PER_BARREL,False
2024-09-30,WTI_CRUDE,WTI_CRUDE,68.75,,,,alpha_vantage,WTI,benchmark_spot,USD,USD_PER_BARREL,False
2024-10-01,WTI_CRUDE,WTI_CRUDE,70.41,,,,alpha_vantage,WTI,benchmark_spot,USD,USD_PER_BARREL,False
2024-10-02,WTI_CRUDE,WTI_CRUDE,70.74,,,,alpha_vantage,WTI,benchmark_spot,USD,USD_PER_BARREL,False
2024-10-03,WTI_CRUDE,WTI_CRUDE,74.33,,,,alpha_vantage,WTI,benchmark_spot,USD,USD_PER_BARREL,False
2024-10-04,WTI_CRUDE,WTI_CRUDE,74.93,,,,alpha_vantage,WTI,benchmark_spot,USD,USD_PER_BARREL,False
2024-10-07,WTI_CRUDE,WTI_CRUDE,77.76,,,,alpha_vantage,WTI,benchmark_spot,USD,USD_PER_BARREL,False
2024-10-08,WTI_CRUDE,WTI_CRUDE,74.26,,,,alpha_vantage,WTI,benchmark_spot,USD,USD_PER_BARREL,False
2024-10-09,WTI_CRUDE,WTI_CRUDE,73.85,,,,alpha_vantage,WTI,benchmark_spot,USD,USD_PER_BARREL,False
2024-10-10,WTI_CRUDE,WTI_CRUDE,76.46,,,,alpha_vantage,WTI,benchmark_spot,USD,USD_PER_BARREL,False
2024-10-11,WTI_CRUDE,WTI_CRUDE,76.11,,,,alpha_vantage,WTI,benchmark_spot,USD,USD_PER_BARREL,False
2024-10-15,WTI_CRUDE,WTI_CRUDE,71.22,,,,alpha_vantage,WTI,benchmark_spot,USD,USD_PER_BARREL,False
2024-10-16,WTI_CRUDE,WTI_CRUDE,70.97,,,,alpha_vantage,WTI,benchmark_spot,USD,USD_PER_BARREL,False
2024-10-17,WTI_CRUDE,WTI_CRUDE,71.26,,,,alpha_vantage,WTI,benchmark_spot,USD,USD_PER_BARREL,False
2024-10-18,WTI_CRUDE,WTI_CRUDE,69.78,,,,alpha_vantage,WTI,benchmark_spot,USD,USD_PER_BARREL,False
2024-10-21,WTI_CRUDE,WTI_CRUDE,71.16,,,,alpha_vantage,WTI,benchmark_spot,USD,USD_PER_BARREL,False
2024-10-22,WTI_CRUDE,WTI_CRUDE,72.84,,,,alpha_vantage,WTI,benchmark_spot,USD,USD_PER_BARREL,False
2024-10-23,WTI_CRUDE,WTI_CRUDE,71.37,,,,alpha_vantage,WTI,benchmark_spot,USD,USD_PER_BARREL,False
2024-10-24,WTI_CRUDE,WTI_CRUDE,70.58,,,,alpha_vantage,WTI,benchmark_spot,USD,USD_PER_BARREL,False
2024-10-25,WTI_CRUDE,WTI_CRUDE,72.02,,,,alpha_vantage,WTI,benchmark_spot,USD,USD_PER_BARREL,False
2024-10-28,WTI_CRUDE,WTI_CRUDE,67.65,,,,alpha_vantage,WTI,benchmark_spot,USD,USD_PER_BARREL,False
2024-10-29,WTI_CRUDE,WTI_CRUDE,67.48,,,,alpha_vantage,WTI,benchmark_spot,USD,USD_PER_BARREL,False
2024-10-30,WTI_CRUDE,WTI_CRUDE,68.91,,,,alpha_vantage,WTI,benchmark_spot,USD,USD_PER_BARREL,False
2024-10-31,WTI_CRUDE,WTI_CRUDE,69.58,,,,alpha_vantage,WTI,benchmark_spot,USD,USD_PER_BARREL,False
2024-11-01,WTI_CRUDE,WTI_CRUDE,69.81,,,,alpha_vantage,WTI,benchmark_spot,USD,USD_PER_BARREL,False
2024-11-04,WTI_CRUDE,WTI_CRUDE,71.83,,,,alpha_vantage,WTI,benchmark_spot,USD,USD_PER_BARREL,False
2024-11-05,WTI_CRUDE,WTI_CRUDE,72.26,,,,alpha_vantage,WTI,benchmark_spot,USD,USD_PER_BARREL,False
2024-11-06,WTI_CRUDE,WTI_CRUDE,71.98,,,,alpha_vantage,WTI,benchmark_spot,USD,USD_PER_BARREL,False
2024-11-07,WTI_CRUDE,WTI_CRUDE,72.69,,,,alpha_vantage,WTI,benchmark_spot,USD,USD_PER_BARREL,False
2024-11-08,WTI_CRUDE,WTI_CRUDE,70.69,,,,alpha_vantage,WTI,benchmark_spot,USD,USD_PER_BARREL,False
2024-11-12,WTI_CRUDE,WTI_CRUDE,68.43,,,,alpha_vantage,WTI,benchmark_spot,USD,USD_PER_BARREL,False
2024-11-13,WTI_CRUDE,WTI_CRUDE,68.76,,,,alpha_vantage,WTI,benchmark_spot,USD,USD_PER_BARREL,False
2024-11-14,WTI_CRUDE,WTI_CRUDE,68.99,,,,alpha_vantage,WTI,benchmark_spot,USD,USD_PER_BARREL,False
2024-11-15,WTI_CRUDE,WTI_CRUDE,67.33,,,,alpha_vantage,WTI,benchmark_spot,USD,USD_PER_BARREL,False
2024-11-18,WTI_CRUDE,WTI_CRUDE,69.46,,,,alpha_vantage,WTI,benchmark_spot,USD,USD_PER_BARREL,False
2024-11-19,WTI_CRUDE,WTI_CRUDE,69.75,,,,alpha_vantage,WTI,benchmark_spot,USD,USD_PER_BARREL,False
2024-11-20,WTI_CRUDE,WTI_CRUDE,69.25,,,,alpha_vantage,WTI,benchmark_spot,USD,USD_PER_BARREL,False
2024-11-21,WTI_CRUDE,WTI_CRUDE,70.39,,,,alpha_vantage,WTI,benchmark_spot,USD,USD_PER_BARREL,False
2024-11-22,WTI_CRUDE,WTI_CRUDE,71.68,,,,alpha_vantage,WTI,benchmark_spot,USD,USD_PER_BARREL,False
2024-11-25,WTI_CRUDE,WTI_CRUDE,69.41,,,,alpha_vantage,WTI,benchmark_spot,USD,USD_PER_BARREL,False
2024-11-26,WTI_CRUDE,WTI_CRUDE,69.05,,,,alpha_vantage,WTI,benchmark_spot,USD,USD_PER_BARREL,False
2024-11-27,WTI_CRUDE,WTI_CRUDE,69.03,,,,alpha_vantage,WTI,benchmark_spot,USD,USD_PER_BARREL,False
2024-11-29,WTI_CRUDE,WTI_CRUDE,68.26,,,,alpha_vantage,WTI,benchmark_spot,USD,USD_PER_BARREL,False
2024-12-02,WTI_CRUDE,WTI_CRUDE,68.35,,,,alpha_vantage,WTI,benchmark_spot,USD,USD_PER_BARREL,False
2024-12-03,WTI_CRUDE,WTI_CRUDE,70.15,,,,alpha_vantage,WTI,benchmark_spot,USD,USD_PER_BARREL,False
2024-12-04,WTI_CRUDE,WTI_CRUDE,68.81,,,,alpha_vantage,WTI,benchmark_spot,USD,USD_PER_BARREL,False
2024-12-05,WTI_CRUDE,WTI_CRUDE,68.58,,,,alpha_vantage,WTI,benchmark_spot,USD,USD_PER_BARREL,False
2024-12-06,WTI_CRUDE,WTI_CRUDE,68.58,,,,alpha_vantage,WTI,benchmark_spot,USD,USD_PER_BARREL,False
2024-12-09,WTI_CRUDE,WTI_CRUDE,68.65,,,,alpha_vantage,WTI,benchmark_spot,USD,USD_PER_BARREL,False
2024-12-10,WTI_CRUDE,WTI_CRUDE,68.85,,,,alpha_vantage,WTI,benchmark_spot,USD,USD_PER_BARREL,False
2024-12-11,WTI_CRUDE,WTI_CRUDE,70.57,,,,alpha_vantage,WTI,benchmark_spot,USD,USD_PER_BARREL,False
2024-12-12,WTI_CRUDE,WTI_CRUDE,70.25,,,,alpha_vantage,WTI,benchmark_spot,USD,USD_PER_BARREL,False
2024-12-13,WTI_CRUDE,WTI_CRUDE,71.54,,,,alpha_vantage,WTI,benchmark_spot,USD,USD_PER_BARREL,False
2024-12-16,WTI_CRUDE,WTI_CRUDE,71.03,,,,alpha_vantage,WTI,benchmark_spot,USD,USD_PER_BARREL,False
2024-12-17,WTI_CRUDE,WTI_CRUDE,70.31,,,,alpha_vantage,WTI,benchmark_spot,USD,USD_PER_BARREL,False
2024-12-18,WTI_CRUDE,WTI_CRUDE,70.8,,,,alpha_vantage,WTI,benchmark_spot,USD,USD_PER_BARREL,False
2024-12-19,WTI_CRUDE,WTI_CRUDE,70.1,,,,alpha_vantage,WTI,benchmark_spot,USD,USD_PER_BARREL,False
2024-12-20,WTI_CRUDE,WTI_CRUDE,69.71,,,,alpha_vantage,WTI,benchmark_spot,USD,USD_PER_BARREL,False
2024-12-23,WTI_CRUDE,WTI_CRUDE,69.5,,,,alpha_vantage,WTI,benchmark_spot,USD,USD_PER_BARREL,False
2024-12-24,WTI_CRUDE,WTI_CRUDE,70.87,,,,alpha_vantage,WTI,benchmark_spot,USD,USD_PER_BARREL,False
2024-12-26,WTI_CRUDE,WTI_CRUDE,70.38,,,,alpha_vantage,WTI,benchmark_spot,USD,USD_PER_BARREL,False
2024-12-27,WTI_CRUDE,WTI_CRUDE,71.28,,,,alpha_vantage,WTI,benchmark_spot,USD,USD_PER_BARREL,False
2024-12-30,WTI_CRUDE,WTI_CRUDE,71.73,,,,alpha_vantage,WTI,benchmark_spot,USD,USD_PER_BARREL,False
2024-12-31,WTI_CRUDE,WTI_CRUDE,72.44,,,,alpha_vantage,WTI,benchmark_spot,USD,USD_PER_BARREL,False
2025-01-02,WTI_CRUDE,WTI_CRUDE,73.79,,,,alpha_vantage,WTI,benchmark_spot,USD,USD_PER_BARREL,False
2025-01-03,WTI_CRUDE,WTI_CRUDE,74.64,,,,alpha_vantage,WTI,benchmark_spot,USD,USD_PER_BARREL,False
2025-01-06,WTI_CRUDE,WTI_CRUDE,74.31,,,,alpha_vantage,WTI,benchmark_spot,USD,USD_PER_BARREL,False
2025-01-07,WTI_CRUDE,WTI_CRUDE,74.99,,,,alpha_vantage,WTI,benchmark_spot,USD,USD_PER_BARREL,False
2025-01-08,WTI_CRUDE,WTI_CRUDE,73.99,,,,alpha_vantage,WTI,benchmark_spot,USD,USD_PER_BARREL,False
2025-01-10,WTI_CRUDE,WTI_CRUDE,77.27,,,,alpha_vantage,WTI,benchmark_spot,USD,USD_PER_BARREL,False
2025-01-13,WTI_CRUDE,WTI_CRUDE,79.57,,,,alpha_vantage,WTI,benchmark_spot,USD,USD_PER_BARREL,False
2025-01-14,WTI_CRUDE,WTI_CRUDE,78.2,,,,alpha_vantage,WTI,benchmark_spot,USD,USD_PER_BARREL,False
2025-01-15,WTI_CRUDE,WTI_CRUDE,80.73,,,,alpha_vantage,WTI,benchmark_spot,USD,USD_PER_BARREL,False
2025-01-16,WTI_CRUDE,WTI_CRUDE,79.35,,,,alpha_vantage,WTI,benchmark_spot,USD,USD_PER_BARREL,False
2025-01-17,WTI_CRUDE,WTI_CRUDE,78.56,,,,alpha_vantage,WTI,benchmark_spot,USD,USD_PER_BARREL,False
2025-01-21,WTI_CRUDE,WTI_CRUDE,76.79,,,,alpha_vantage,WTI,benchmark_spot,USD,USD_PER_BARREL,False
2025-01-22,WTI_CRUDE,WTI_CRUDE,76.12,,,,alpha_vantage,WTI,benchmark_spot,USD,USD_PER_BARREL,False
2025-01-23,WTI_CRUDE,WTI_CRUDE,75.03,,,,alpha_vantage,WTI,benchmark_spot,USD,USD_PER_BARREL,False
2025-01-24,WTI_CRUDE,WTI_CRUDE,74.97,,,,alpha_vantage,WTI,benchmark_spot,USD,USD_PER_BARREL,False
2025-01-27,WTI_CRUDE,WTI_CRUDE,73.51,,,,alpha_vantage,WTI,benchmark_spot,USD,USD_PER_BARREL,False
2025-01-28,WTI_CRUDE,WTI_CRUDE,74.15,,,,alpha_vantage,WTI,benchmark_spot,USD,USD_PER_BARREL,False
2025-01-29,WTI_CRUDE,WTI_CRUDE,72.94,,,,alpha_vantage,WTI,benchmark_spot,USD,USD_PER_BARREL,False
2025-01-30,WTI_CRUDE,WTI_CRUDE,73.1,,,,alpha_vantage,WTI,benchmark_spot,USD,USD_PER_BARREL,False
2025-01-31,WTI_CRUDE,WTI_CRUDE,72.84,,,,alpha_vantage,WTI,benchmark_spot,USD,USD_PER_BARREL,False
2025-02-03,WTI_CRUDE,WTI_CRUDE,73.52,,,,alpha_vantage,WTI,benchmark_spot,USD,USD_PER_BARREL,False
2025-02-04,WTI_CRUDE,WTI_CRUDE,73.04,,,,alpha_vantage,WTI,benchmark_spot,USD,USD_PER_BARREL,False
2025-02-05,WTI_CRUDE,WTI_CRUDE,71.39,,,,alpha_vantage,WTI,benchmark_spot,USD,USD_PER_BARREL,False
2025-02-06,WTI_CRUDE,WTI_CRUDE,70.97,,,,alpha_vantage,WTI,benchmark_spot,USD,USD_PER_BARREL,False
2025-02-07,WTI_CRUDE,WTI_CRUDE,71.32,,,,alpha_vantage,WTI,benchmark_spot,USD,USD_PER_BARREL,False
2025-02-10,WTI_CRUDE,WTI_CRUDE,72.73,,,,alpha_vantage,WTI,benchmark_spot,USD,USD_PER_BARREL,False
2025-02-11,WTI_CRUDE,WTI_CRUDE,73.67,,,,alpha_vantage,WTI,benchmark_spot,USD,USD_PER_BARREL,False
2025-02-12,WTI_CRUDE,WTI_CRUDE,71.72,,,,alpha_vantage,WTI,benchmark_spot,USD,USD_PER_BARREL,False
2025-02-13,WTI_CRUDE,WTI_CRUDE,71.66,,,,alpha_vantage,WTI,benchmark_spot,USD,USD_PER_BARREL,False
2025-02-14,WTI_CRUDE,WTI_CRUDE,71.05,,,,alpha_vantage,WTI,benchmark_spot,USD,USD_PER_BARREL,False
2025-02-18,WTI_CRUDE,WTI_CRUDE,72.21,,,,alpha_vantage,WTI,benchmark_spot,USD,USD_PER_BARREL,False
2025-02-19,WTI_CRUDE,WTI_CRUDE,72.58,,,,alpha_vantage,WTI,benchmark_spot,USD,USD_PER_BARREL,False
2025-02-20,WTI_CRUDE,WTI_CRUDE,72.88,,,,alpha_vantage,WTI,benchmark_spot,USD,USD_PER_BARREL,False
2025-02-21,WTI_CRUDE,WTI_CRUDE,70.72,,,,alpha_vantage,WTI,benchmark_spot,USD,USD_PER_BARREL,False
2025-02-24,WTI_CRUDE,WTI_CRUDE,71.06,,,,alpha_vantage,WTI,benchmark_spot,USD,USD_PER_BARREL,False
2025-02-25,WTI_CRUDE,WTI_CRUDE,69.15,,,,alpha_vantage,WTI,benchmark_spot,USD,USD_PER_BARREL,False
2025-02-26,WTI_CRUDE,WTI_CRUDE,68.87,,,,alpha_vantage,WTI,benchmark_spot,USD,USD_PER_BARREL,False
2025-02-27,WTI_CRUDE,WTI_CRUDE,70.62,,,,alpha_vantage,WTI,benchmark_spot,USD,USD_PER_BARREL,False
2025-02-28,WTI_CRUDE,WTI_CRUDE,69.97,,,,alpha_vantage,WTI,benchmark_spot,USD,USD_PER_BARREL,False
2025-03-03,WTI_CRUDE,WTI_CRUDE,68.63,,,,alpha_vantage,WTI,benchmark_spot,USD,USD_PER_BARREL,False
2025-03-04,WTI_CRUDE,WTI_CRUDE,68.47,,,,alpha_vantage,WTI,benchmark_spot,USD,USD_PER_BARREL,False
2025-03-05,WTI_CRUDE,WTI_CRUDE,66.58,,,,alpha_vantage,WTI,benchmark_spot,USD,USD_PER_BARREL,False
2025-03-06,WTI_CRUDE,WTI_CRUDE,66.62,,,,alpha_vantage,WTI,benchmark_spot,USD,USD_PER_BARREL,False
2025-03-07,WTI_CRUDE,WTI_CRUDE,67.29,,,,alpha_vantage,WTI,benchmark_spot,USD,USD_PER_BARREL,False
2025-03-10,WTI_CRUDE,WTI_CRUDE,66.31,,,,alpha_vantage,WTI,benchmark_spot,USD,USD_PER_BARREL,False
2025-03-11,WTI_CRUDE,WTI_CRUDE,66.52,,,,alpha_vantage,WTI,benchmark_spot,USD,USD_PER_BARREL,False
2025-03-12,WTI_CRUDE,WTI_CRUDE,67.65,,,,alpha_vantage,WTI,benchmark_spot,USD,USD_PER_BARREL,False
2025-03-13,WTI_CRUDE,WTI_CRUDE,66.82,,,,alpha_vantage,WTI,benchmark_spot,USD,USD_PER_BARREL,False
2025-03-14,WTI_CRUDE,WTI_CRUDE,67.43,,,,alpha_vantage,WTI,benchmark_spot,USD,USD_PER_BARREL,False
2025-03-17,WTI_CRUDE,WTI_CRUDE,67.84,,,,alpha_vantage,WTI,benchmark_spot,USD,USD_PER_BARREL,False
2025-03-18,WTI_CRUDE,WTI_CRUDE,67.49,,,,alpha_vantage,WTI,benchmark_spot,USD,USD_PER_BARREL,False
2025-03-19,WTI_CRUDE,WTI_CRUDE,67.4,,,,alpha_vantage,WTI,benchmark_spot,USD,USD_PER_BARREL,False
2025-03-20,WTI_CRUDE,WTI_CRUDE,68.55,,,,alpha_vantage,WTI,benchmark_spot,USD,USD_PER_BARREL,False
2025-03-21,WTI_CRUDE,WTI_CRUDE,68.52,,,,alpha_vantage,WTI,benchmark_spot,USD,USD_PER_BARREL,False
2025-03-24,WTI_CRUDE,WTI_CRUDE,69.46,,,,alpha_vantage,WTI,benchmark_spot,USD,USD_PER_BARREL,False
2025-03-25,WTI_CRUDE,WTI_CRUDE,69.48,,,,alpha_vantage,WTI,benchmark_spot,USD,USD_PER_BARREL,False
2025-03-26,WTI_CRUDE,WTI_CRUDE,70.05,,,,alpha_vantage,WTI,benchmark_spot,USD,USD_PER_BARREL,False
2025-03-27,WTI_CRUDE,WTI_CRUDE,70.3,,,,alpha_vantage,WTI,benchmark_spot,USD,USD_PER_BARREL,False
2025-03-28,WTI_CRUDE,WTI_CRUDE,69.74,,,,alpha_vantage,WTI,benchmark_spot,USD,USD_PER_BARREL,False
2025-03-31,WTI_CRUDE,WTI_CRUDE,71.87,,,,alpha_vantage,WTI,benchmark_spot,USD,USD_PER_BARREL,False
2025-04-01,WTI_CRUDE,WTI_CRUDE,71.61,,,,alpha_vantage,WTI,benchmark_spot,USD,USD_PER_BARREL,False
2025-04-02,WTI_CRUDE,WTI_CRUDE,72.12,,,,alpha_vantage,WTI,benchmark_spot,USD,USD_PER_BARREL,False
2025-04-03,WTI_CRUDE,WTI_CRUDE,67.43,,,,alpha_vantage,WTI,benchmark_spot,USD,USD_PER_BARREL,False
2025-04-04,WTI_CRUDE,WTI_CRUDE,62.42,,,,alpha_vantage,WTI,benchmark_spot,USD,USD_PER_BARREL,False
2025-04-07,WTI_CRUDE,WTI_CRUDE,61.05,,,,alpha_vantage,WTI,benchmark_spot,USD,USD_PER_BARREL,False
2025-04-08,WTI_CRUDE,WTI_CRUDE,60.04,,,,alpha_vantage,WTI,benchmark_spot,USD,USD_PER_BARREL,False
2025-04-09,WTI_CRUDE,WTI_CRUDE,62.63,,,,alpha_vantage,WTI,benchmark_spot,USD,USD_PER_BARREL,False
2025-04-10,WTI_CRUDE,WTI_CRUDE,60.57,,,,alpha_vantage,WTI,benchmark_spot,USD,USD_PER_BARREL,False
2025-04-11,WTI_CRUDE,WTI_CRUDE,61.91,,,,alpha_vantage,WTI,benchmark_spot,USD,USD_PER_BARREL,False
2025-04-14,WTI_CRUDE,WTI_CRUDE,61.99,,,,alpha_vantage,WTI,benchmark_spot,USD,USD_PER_BARREL,False
2025-04-15,WTI_CRUDE,WTI_CRUDE,61.74,,,,alpha_vantage,WTI,benchmark_spot,USD,USD_PER_BARREL,False
2025-04-16,WTI_CRUDE,WTI_CRUDE,62.88,,,,alpha_vantage,WTI,benchmark_spot,USD,USD_PER_BARREL,False
2025-04-17,WTI_CRUDE,WTI_CRUDE,65.07,,,,alpha_vantage,WTI,benchmark_spot,USD,USD_PER_BARREL,False
2025-04-21,WTI_CRUDE,WTI_CRUDE,63.48,,,,alpha_vantage,WTI,benchmark_spot,USD,USD_PER_BARREL,False
2025-04-22,WTI_CRUDE,WTI_CRUDE,64.6,,,,alpha_vantage,WTI,benchmark_spot,USD,USD_PER_BARREL,False
2025-04-23,WTI_CRUDE,WTI_CRUDE,62.64,,,,alpha_vantage,WTI,benchmark_spot,USD,USD_PER_BARREL,False
2025-04-24,WTI_CRUDE,WTI_CRUDE,63.55,,,,alpha_vantage,WTI,benchmark_spot,USD,USD_PER_BARREL,False
2025-04-25,WTI_CRUDE,WTI_CRUDE,63.85,,,,alpha_vantage,WTI,benchmark_spot,USD,USD_PER_BARREL,False
2025-04-28,WTI_CRUDE,WTI_CRUDE,63.3,,,,alpha_vantage,WTI,benchmark_spot,USD,USD_PER_BARREL,False
2025-04-29,WTI_CRUDE,WTI_CRUDE,61.84,,,,alpha_vantage,WTI,benchmark_spot,USD,USD_PER_BARREL,False
2025-04-30,WTI_CRUDE,WTI_CRUDE,59.55,,,,alpha_vantage,WTI,benchmark_spot,USD,USD_PER_BARREL,False
2025-05-01,WTI_CRUDE,WTI_CRUDE,60.59,,,,alpha_vantage,WTI,benchmark_spot,USD,USD_PER_BARREL,False
2025-05-02,WTI_CRUDE,WTI_CRUDE,59.67,,,,alpha_vantage,WTI,benchmark_spot,USD,USD_PER_BARREL,False
2025-05-05,WTI_CRUDE,WTI_CRUDE,58.5,,,,alpha_vantage,WTI,benchmark_spot,USD,USD_PER_BARREL,False
2025-05-06,WTI_CRUDE,WTI_CRUDE,60.42,,,,alpha_vantage,WTI,benchmark_spot,USD,USD_PER_BARREL,False
2025-05-07,WTI_CRUDE,WTI_CRUDE,59.42,,,,alpha_vantage,WTI,benchmark_spot,USD,USD_PER_BARREL,False
2025-05-08,WTI_CRUDE,WTI_CRUDE,61.25,,,,alpha_vantage,WTI,benchmark_spot,USD,USD_PER_BARREL,False
2025-05-09,WTI_CRUDE,WTI_CRUDE,62.37,,,,alpha_vantage,WTI,benchmark_spot,USD,USD_PER_BARREL,False
2025-05-12,WTI_CRUDE,WTI_CRUDE,63.32,,,,alpha_vantage,WTI,benchmark_spot,USD,USD_PER_BARREL,False
2025-05-13,WTI_CRUDE,WTI_CRUDE,65.04,,,,alpha_vantage,WTI,benchmark_spot,USD,USD_PER_BARREL,False
2025-05-14,WTI_CRUDE,WTI_CRUDE,64.48,,,,alpha_vantage,WTI,benchmark_spot,USD,USD_PER_BARREL,False
2025-05-15,WTI_CRUDE,WTI_CRUDE,63.03,,,,alpha_vantage,WTI,benchmark_spot,USD,USD_PER_BARREL,False
2025-05-16,WTI_CRUDE,WTI_CRUDE,63.84,,,,alpha_vantage,WTI,benchmark_spot,USD,USD_PER_BARREL,False
2025-05-19,WTI_CRUDE,WTI_CRUDE,63.98,,,,alpha_vantage,WTI,benchmark_spot,USD,USD_PER_BARREL,False
2025-05-20,WTI_CRUDE,WTI_CRUDE,63.97,,,,alpha_vantage,WTI,benchmark_spot,USD,USD_PER_BARREL,False
2025-05-21,WTI_CRUDE,WTI_CRUDE,62.93,,,,alpha_vantage,WTI,benchmark_spot,USD,USD_PER_BARREL,False
2025-05-22,WTI_CRUDE,WTI_CRUDE,62.55,,,,alpha_vantage,WTI,benchmark_spot,USD,USD_PER_BARREL,False
2025-05-23,WTI_CRUDE,WTI_CRUDE,62.89,,,,alpha_vantage,WTI,benchmark_spot,USD,USD_PER_BARREL,False
2025-05-27,WTI_CRUDE,WTI_CRUDE,61.61,,,,alpha_vantage,WTI,benchmark_spot,USD,USD_PER_BARREL,False
2025-05-28,WTI_CRUDE,WTI_CRUDE,62.54,,,,alpha_vantage,WTI,benchmark_spot,USD,USD_PER_BARREL,False
2025-05-29,WTI_CRUDE,WTI_CRUDE,61.66,,,,alpha_vantage,WTI,benchmark_spot,USD,USD_PER_BARREL,False
2025-05-30,WTI_CRUDE,WTI_CRUDE,61.46,,,,alpha_vantage,WTI,benchmark_spot,USD,USD_PER_BARREL,False
2025-06-02,WTI_CRUDE,WTI_CRUDE,63.27,,,,alpha_vantage,WTI,benchmark_spot,USD,USD_PER_BARREL,False
2025-06-03,WTI_CRUDE,WTI_CRUDE,64.1,,,,alpha_vantage,WTI,benchmark_spot,USD,USD_PER_BARREL,False
2025-06-04,WTI_CRUDE,WTI_CRUDE,63.57,,,,alpha_vantage,WTI,benchmark_spot,USD,USD_PER_BARREL,False
2025-06-05,WTI_CRUDE,WTI_CRUDE,64.06,,,,alpha_vantage,WTI,benchmark_spot,USD,USD_PER_BARREL,False
2025-06-06,WTI_CRUDE,WTI_CRUDE,65.3,,,,alpha_vantage,WTI,benchmark_spot,USD,USD_PER_BARREL,False
2025-06-09,WTI_CRUDE,WTI_CRUDE,65.99,,,,alpha_vantage,WTI,benchmark_spot,USD,USD_PER_BARREL,False
2025-06-10,WTI_CRUDE,WTI_CRUDE,65.66,,,,alpha_vantage,WTI,benchmark_spot,USD,USD_PER_BARREL,False
2025-06-11,WTI_CRUDE,WTI_CRUDE,68.91,,,,alpha_vantage,WTI,benchmark_spot,USD,USD_PER_BARREL,False
2025-06-12,WTI_CRUDE,WTI_CRUDE,68.73,,,,alpha_vantage,WTI,benchmark_spot,USD,USD_PER_BARREL,False
2025-06-13,WTI_CRUDE,WTI_CRUDE,73.84,,,,alpha_vantage,WTI,benchmark_spot,USD,USD_PER_BARREL,False
2025-06-16,WTI_CRUDE,WTI_CRUDE,72.53,,,,alpha_vantage,WTI,benchmark_spot,USD,USD_PER_BARREL,False
2025-06-17,WTI_CRUDE,WTI_CRUDE,75.62,,,,alpha_vantage,WTI,benchmark_spot,USD,USD_PER_BARREL,False
2025-06-18,WTI_CRUDE,WTI_CRUDE,75.89,,,,alpha_vantage,WTI,benchmark_spot,USD,USD_PER_BARREL,False
2025-06-20,WTI_CRUDE,WTI_CRUDE,75.72,,,,alpha_vantage,WTI,benchmark_spot,USD,USD_PER_BARREL,False
2025-06-23,WTI_CRUDE,WTI_CRUDE,69.36,,,,alpha_vantage,WTI,benchmark_spot,USD,USD_PER_BARREL,False
2025-06-24,WTI_CRUDE,WTI_CRUDE,65.45,,,,alpha_vantage,WTI,benchmark_spot,USD,USD_PER_BARREL,False
2025-06-25,WTI_CRUDE,WTI_CRUDE,65.98,,,,alpha_vantage,WTI,benchmark_spot,USD,USD_PER_BARREL,False
2025-06-26,WTI_CRUDE,WTI_CRUDE,66.44,,,,alpha_vantage,WTI,benchmark_spot,USD,USD_PER_BARREL,False
2025-06-27,WTI_CRUDE,WTI_CRUDE,66.66,,,,alpha_vantage,WTI,benchmark_spot,USD,USD_PER_BARREL,False
2025-06-30,WTI_CRUDE,WTI_CRUDE,66.3,,,,alpha_vantage,WTI,benchmark_spot,USD,USD_PER_BARREL,False
2025-07-01,WTI_CRUDE,WTI_CRUDE,66.64,,,,alpha_vantage,WTI,benchmark_spot,USD,USD_PER_BARREL,False
2025-07-02,WTI_CRUDE,WTI_CRUDE,68.66,,,,alpha_vantage,WTI,benchmark_spot,USD,USD_PER_BARREL,False
2025-07-03,WTI_CRUDE,WTI_CRUDE,68.13,,,,alpha_vantage,WTI,benchmark_spot,USD,USD_PER_BARREL,False
2025-07-07,WTI_CRUDE,WTI_CRUDE,69.16,,,,alpha_vantage,WTI,benchmark_spot,USD,USD_PER_BARREL,False
2025-07-08,WTI_CRUDE,WTI_CRUDE,69.55,,,,alpha_vantage,WTI,benchmark_spot,USD,USD_PER_BARREL,False
2025-07-09,WTI_CRUDE,WTI_CRUDE,69.61,,,,alpha_vantage,WTI,benchmark_spot,USD,USD_PER_BARREL,False
2025-07-10,WTI_CRUDE,WTI_CRUDE,67.78,,,,alpha_vantage,WTI,benchmark_spot,USD,USD_PER_BARREL,False
2025-07-11,WTI_CRUDE,WTI_CRUDE,69.63,,,,alpha_vantage,WTI,benchmark_spot,USD,USD_PER_BARREL,False
2025-07-14,WTI_CRUDE,WTI_CRUDE,68.19,,,,alpha_vantage,WTI,benchmark_spot,USD,USD_PER_BARREL,False
2025-07-15,WTI_CRUDE,WTI_CRUDE,67.76,,,,alpha_vantage,WTI,benchmark_spot,USD,USD_PER_BARREL,False
2025-07-16,WTI_CRUDE,WTI_CRUDE,67.13,,,,alpha_vantage,WTI,benchmark_spot,USD,USD_PER_BARREL,False
2025-07-17,WTI_CRUDE,WTI_CRUDE,68.76,,,,alpha_vantage,WTI,benchmark_spot,USD,USD_PER_BARREL,False
2025-07-18,WTI_CRUDE,WTI_CRUDE,68.53,,,,alpha_vantage,WTI,benchmark_spot,USD,USD_PER_BARREL,False
2025-07-21,WTI_CRUDE,WTI_CRUDE,68.39,,,,alpha_vantage,WTI,benchmark_spot,USD,USD_PER_BARREL,False
2025-07-22,WTI_CRUDE,WTI_CRUDE,67.56,,,,alpha_vantage,WTI,benchmark_spot,USD,USD_PER_BARREL,False
2025-07-23,WTI_CRUDE,WTI_CRUDE,66.05,,,,alpha_vantage,WTI,benchmark_spot,USD,USD_PER_BARREL,False
2025-07-24,WTI_CRUDE,WTI_CRUDE,67.16,,,,alpha_vantage,WTI,benchmark_spot,USD,USD_PER_BARREL,False
2025-07-25,WTI_CRUDE,WTI_CRUDE,66.38,,,,alpha_vantage,WTI,benchmark_spot,USD,USD_PER_BARREL,False
2025-07-28,WTI_CRUDE,WTI_CRUDE,67.81,,,,alpha_vantage,WTI,benchmark_spot,USD,USD_PER_BARREL,False
2025-07-29,WTI_CRUDE,WTI_CRUDE,70.27,,,,alpha_vantage,WTI,benchmark_spot,USD,USD_PER_BARREL,False
2025-07-30,WTI_CRUDE,WTI_CRUDE,71.09,,,,alpha_vantage,WTI,benchmark_spot,USD,USD_PER_BARREL,False
2025-07-31,WTI_CRUDE,WTI_CRUDE,70.36,,,,alpha_vantage,WTI,benchmark_spot,USD,USD_PER_BARREL,False
2025-08-01,WTI_CRUDE,WTI_CRUDE,68.39,,,,alpha_vantage,WTI,benchmark_spot,USD,USD_PER_BARREL,False
2025-08-04,WTI_CRUDE,WTI_CRUDE,67.33,,,,alpha_vantage,WTI,benchmark_spot,USD,USD_PER_BARREL,False
2025-08-05,WTI_CRUDE,WTI_CRUDE,66.2,,,,alpha_vantage,WTI,benchmark_spot,USD,USD_PER_BARREL,False
2025-08-06,WTI_CRUDE,WTI_CRUDE,65.38,,,,alpha_vantage,WTI,benchmark_spot,USD,USD_PER_BARREL,False
2025-08-07,WTI_CRUDE,WTI_CRUDE,64.9,,,,alpha_vantage,WTI,benchmark_spot,USD,USD_PER_BARREL,False
2025-08-08,WTI_CRUDE,WTI_CRUDE,64.94,,,,alpha_vantage,WTI,benchmark_spot,USD,USD_PER_BARREL,False
2025-08-11,WTI_CRUDE,WTI_CRUDE,65.03,,,,alpha_vantage,WTI,benchmark_spot,USD,USD_PER_BARREL,False
2025-08-12,WTI_CRUDE,WTI_CRUDE,64.22,,,,alpha_vantage,WTI,benchmark_spot,USD,USD_PER_BARREL,False
2025-08-13,WTI_CRUDE,WTI_CRUDE,63.68,,,,alpha_vantage,WTI,benchmark_spot,USD,USD_PER_BARREL,False
2025-08-14,WTI_CRUDE,WTI_CRUDE,64.99,,,,alpha_vantage,WTI,benchmark_spot,USD,USD_PER_BARREL,False
2025-08-15,WTI_CRUDE,WTI_CRUDE,63.78,,,,alpha_vantage,WTI,benchmark_spot,USD,USD_PER_BARREL,False
2025-08-18,WTI_CRUDE,WTI_CRUDE,64.51,,,,alpha_vantage,WTI,benchmark_spot,USD,USD_PER_BARREL,False
2025-08-19,WTI_CRUDE,WTI_CRUDE,63.38,,,,alpha_vantage,WTI,benchmark_spot,USD,USD_PER_BARREL,False
2025-08-20,WTI_CRUDE,WTI_CRUDE,64.19,,,,alpha_vantage,WTI,benchmark_spot,USD,USD_PER_BARREL,False
2025-08-21,WTI_CRUDE,WTI_CRUDE,64.56,,,,alpha_vantage,WTI,benchmark_spot,USD,USD_PER_BARREL,False
2025-08-22,WTI_CRUDE,WTI_CRUDE,64.08,,,,alpha_vantage,WTI,benchmark_spot,USD,USD_PER_BARREL,False
2025-08-25,WTI_CRUDE,WTI_CRUDE,65.18,,,,alpha_vantage,WTI,benchmark_spot,USD,USD_PER_BARREL,False
2025-08-26,WTI_CRUDE,WTI_CRUDE,63.6,,,,alpha_vantage,WTI,benchmark_spot,USD,USD_PER_BARREL,False
2025-08-27,WTI_CRUDE,WTI_CRUDE,64.49,,,,alpha_vantage,WTI,benchmark_spot,USD,USD_PER_BARREL,False
2025-08-28,WTI_CRUDE,WTI_CRUDE,64.96,,,,alpha_vantage,WTI,benchmark_spot,USD,USD_PER_BARREL,False
2025-08-29,WTI_CRUDE,WTI_CRUDE,64.36,,,,alpha_vantage,WTI,benchmark_spot,USD,USD_PER_BARREL,False
2025-09-02,WTI_CRUDE,WTI_CRUDE,65.95,,,,alpha_vantage,WTI,benchmark_spot,USD,USD_PER_BARREL,False
2025-09-03,WTI_CRUDE,WTI_CRUDE,64.36,,,,alpha_vantage,WTI,benchmark_spot,USD,USD_PER_BARREL,False
2025-09-04,WTI_CRUDE,WTI_CRUDE,63.81,,,,alpha_vantage,WTI,benchmark_spot,USD,USD_PER_BARREL,False
2025-09-05,WTI_CRUDE,WTI_CRUDE,62.22,,,,alpha_vantage,WTI,benchmark_spot,USD,USD_PER_BARREL,False
2025-09-08,WTI_CRUDE,WTI_CRUDE,62.6,,,,alpha_vantage,WTI,benchmark_spot,USD,USD_PER_BARREL,False
2025-09-09,WTI_CRUDE,WTI_CRUDE,62.97,,,,alpha_vantage,WTI,benchmark_spot,USD,USD_PER_BARREL,False
2025-09-10,WTI_CRUDE,WTI_CRUDE,64.01,,,,alpha_vantage,WTI,benchmark_spot,USD,USD_PER_BARREL,False
2025-09-11,WTI_CRUDE,WTI_CRUDE,62.71,,,,alpha_vantage,WTI,benchmark_spot,USD,USD_PER_BARREL,False
2025-09-12,WTI_CRUDE,WTI_CRUDE,63.02,,,,alpha_vantage,WTI,benchmark_spot,USD,USD_PER_BARREL,False
2025-09-15,WTI_CRUDE,WTI_CRUDE,63.66,,,,alpha_vantage,WTI,benchmark_spot,USD,USD_PER_BARREL,False
2025-09-16,WTI_CRUDE,WTI_CRUDE,64.89,,,,alpha_vantage,WTI,benchmark_spot,USD,USD_PER_BARREL,False
2025-09-17,WTI_CRUDE,WTI_CRUDE,64.41,,,,alpha_vantage,WTI,benchmark_spot,USD,USD_PER_BARREL,False
2025-09-18,WTI_CRUDE,WTI_CRUDE,63.91,,,,alpha_vantage,WTI,benchmark_spot,USD,USD_PER_BARREL,False
2025-09-19,WTI_CRUDE,WTI_CRUDE,63.02,,,,alpha_vantage,WTI,benchmark_spot,USD,USD_PER_BARREL,False
2025-09-22,WTI_CRUDE,WTI_CRUDE,62.99,,,,alpha_vantage,WTI,benchmark_spot,USD,USD_PER_BARREL,False
2025-09-23,WTI_CRUDE,WTI_CRUDE,63.76,,,,alpha_vantage,WTI,benchmark_spot,USD,USD_PER_BARREL,False
2025-09-24,WTI_CRUDE,WTI_CRUDE,65.4,,,,alpha_vantage,WTI,benchmark_spot,USD,USD_PER_BARREL,False
2025-09-25,WTI_CRUDE,WTI_CRUDE,65.51,,,,alpha_vantage,WTI,benchmark_spot,USD,USD_PER_BARREL,False
2025-09-26,WTI_CRUDE,WTI_CRUDE,66.5,,,,alpha_vantage,WTI,benchmark_spot,USD,USD_PER_BARREL,False
2025-09-29,WTI_CRUDE,WTI_CRUDE,64.27,,,,alpha_vantage,WTI,benchmark_spot,USD,USD_PER_BARREL,False
2025-09-30,WTI_CRUDE,WTI_CRUDE,63.17,,,,alpha_vantage,WTI,benchmark_spot,USD,USD_PER_BARREL,False
2025-10-01,WTI_CRUDE,WTI_CRUDE,62.59,,,,alpha_vantage,WTI,benchmark_spot,USD,USD_PER_BARREL,False
2025-10-02,WTI_CRUDE,WTI_CRUDE,61.28,,,,alpha_vantage,WTI,benchmark_spot,USD,USD_PER_BARREL,False
2025-10-03,WTI_CRUDE,WTI_CRUDE,61.65,,,,alpha_vantage,WTI,benchmark_spot,USD,USD_PER_BARREL,False
2025-10-06,WTI_CRUDE,WTI_CRUDE,62.49,,,,alpha_vantage,WTI,benchmark_spot,USD,USD_PER_BARREL,False
2025-10-07,WTI_CRUDE,WTI_CRUDE,62.52,,,,alpha_vantage,WTI,benchmark_spot,USD,USD_PER_BARREL,False
2025-10-08,WTI_CRUDE,WTI_CRUDE,63.37,,,,alpha_vantage,WTI,benchmark_spot,USD,USD_PER_BARREL,False
2025-10-09,WTI_CRUDE,WTI_CRUDE,62.36,,,,alpha_vantage,WTI,benchmark_spot,USD,USD_PER_BARREL,False
2025-10-10,WTI_CRUDE,WTI_CRUDE,59.75,,,,alpha_vantage,WTI,benchmark_spot,USD,USD_PER_BARREL,False
2025-10-14,WTI_CRUDE,WTI_CRUDE,59.52,,,,alpha_vantage,WTI,benchmark_spot,USD,USD_PER_BARREL,False
2025-10-15,WTI_CRUDE,WTI_CRUDE,59.08,,,,alpha_vantage,WTI,benchmark_spot,USD,USD_PER_BARREL,False
2025-10-16,WTI_CRUDE,WTI_CRUDE,58.29,,,,alpha_vantage,WTI,benchmark_spot,USD,USD_PER_BARREL,False
2025-10-17,WTI_CRUDE,WTI_CRUDE,58.3,,,,alpha_vantage,WTI,benchmark_spot,USD,USD_PER_BARREL,False
2025-10-20,WTI_CRUDE,WTI_CRUDE,58.34,,,,alpha_vantage,WTI,benchmark_spot,USD,USD_PER_BARREL,False
2025-10-21,WTI_CRUDE,WTI_CRUDE,58.66,,,,alpha_vantage,WTI,benchmark_spot,USD,USD_PER_BARREL,False
2025-10-22,WTI_CRUDE,WTI_CRUDE,59.3,,,,alpha_vantage,WTI,benchmark_spot,USD,USD_PER_BARREL,False
2025-10-23,WTI_CRUDE,WTI_CRUDE,62.44,,,,alpha_vantage,WTI,benchmark_spot,USD,USD_PER_BARREL,False
2025-10-24,WTI_CRUDE,WTI_CRUDE,62.27,,,,alpha_vantage,WTI,benchmark_spot,USD,USD_PER_BARREL,False
2025-10-27,WTI_CRUDE,WTI_CRUDE,62.13,,,,alpha_vantage,WTI,benchmark_spot,USD,USD_PER_BARREL,False
2025-10-28,WTI_CRUDE,WTI_CRUDE,60.97,,,,alpha_vantage,WTI,benchmark_spot,USD,USD_PER_BARREL,False
2025-10-29,WTI_CRUDE,WTI_CRUDE,61.26,,,,alpha_vantage,WTI,benchmark_spot,USD,USD_PER_BARREL,False
2025-10-30,WTI_CRUDE,WTI_CRUDE,61.36,,,,alpha_vantage,WTI,benchmark_spot,USD,USD_PER_BARREL,False
2025-10-31,WTI_CRUDE,WTI_CRUDE,61.75,,,,alpha_vantage,WTI,benchmark_spot,USD,USD_PER_BARREL,False
2025-11-03,WTI_CRUDE,WTI_CRUDE,61.79,,,,alpha_vantage,WTI,benchmark_spot,USD,USD_PER_BARREL,False
2025-11-04,WTI_CRUDE,WTI_CRUDE,61.38,,,,alpha_vantage,WTI,benchmark_spot,USD,USD_PER_BARREL,False
2025-11-05,WTI_CRUDE,WTI_CRUDE,60.4,,,,alpha_vantage,WTI,benchmark_spot,USD,USD_PER_BARREL,False
2025-11-06,WTI_CRUDE,WTI_CRUDE,60.24,,,,alpha_vantage,WTI,benchmark_spot,USD,USD_PER_BARREL,False
2025-11-07,WTI_CRUDE,WTI_CRUDE,60.54,,,,alpha_vantage,WTI,benchmark_spot,USD,USD_PER_BARREL,False
2025-11-10,WTI_CRUDE,WTI_CRUDE,60.94,,,,alpha_vantage,WTI,benchmark_spot,USD,USD_PER_BARREL,False
2025-11-12,WTI_CRUDE,WTI_CRUDE,59.3,,,,alpha_vantage,WTI,benchmark_spot,USD,USD_PER_BARREL,False
2025-11-13,WTI_CRUDE,WTI_CRUDE,59.54,,,,alpha_vantage,WTI,benchmark_spot,USD,USD_PER_BARREL,False
2025-11-14,WTI_CRUDE,WTI_CRUDE,60.87,,,,alpha_vantage,WTI,benchmark_spot,USD,USD_PER_BARREL,False
2025-11-17,WTI_CRUDE,WTI_CRUDE,60.66,,,,alpha_vantage,WTI,benchmark_spot,USD,USD_PER_BARREL,False
2025-11-18,WTI_CRUDE,WTI_CRUDE,61.51,,,,alpha_vantage,WTI,benchmark_spot,USD,USD_PER_BARREL,False
2025-11-19,WTI_CRUDE,WTI_CRUDE,60.27,,,,alpha_vantage,WTI,benchmark_spot,USD,USD_PER_BARREL,False
2025-11-20,WTI_CRUDE,WTI_CRUDE,60.07,,,,alpha_vantage,WTI,benchmark_spot,USD,USD_PER_BARREL,False
2025-11-21,WTI_CRUDE,WTI_CRUDE,58.86,,,,alpha_vantage,WTI,benchmark_spot,USD,USD_PER_BARREL,False
2025-11-24,WTI_CRUDE,WTI_CRUDE,59.11,,,,alpha_vantage,WTI,benchmark_spot,USD,USD_PER_BARREL,False
2025-11-25,WTI_CRUDE,WTI_CRUDE,58.25,,,,alpha_vantage,WTI,benchmark_spot,USD,USD_PER_BARREL,False
2025-11-26,WTI_CRUDE,WTI_CRUDE,58.81,,,,alpha_vantage,WTI,benchmark_spot,USD,USD_PER_BARREL,False
2025-11-28,WTI_CRUDE,WTI_CRUDE,58.58,,,,alpha_vantage,WTI,benchmark_spot,USD,USD_PER_BARREL,False
2025-12-01,WTI_CRUDE,WTI_CRUDE,59.47,,,,alpha_vantage,WTI,benchmark_spot,USD,USD_PER_BARREL,False
2025-12-02,WTI_CRUDE,WTI_CRUDE,58.81,,,,alpha_vantage,WTI,benchmark_spot,USD,USD_PER_BARREL,False
2025-12-03,WTI_CRUDE,WTI_CRUDE,59.09,,,,alpha_vantage,WTI,benchmark_spot,USD,USD_PER_BARREL,False
2025-12-04,WTI_CRUDE,WTI_CRUDE,59.82,,,,alpha_vantage,WTI,benchmark_spot,USD,USD_PER_BARREL,False
2025-12-05,WTI_CRUDE,WTI_CRUDE,60.23,,,,alpha_vantage,WTI,benchmark_spot,USD,USD_PER_BARREL,False
2025-12-08,WTI_CRUDE,WTI_CRUDE,59.04,,,,alpha_vantage,WTI,benchmark_spot,USD,USD_PER_BARREL,False
2025-12-09,WTI_CRUDE,WTI_CRUDE,58.4,,,,alpha_vantage,WTI,benchmark_spot,USD,USD_PER_BARREL,False
2025-12-10,WTI_CRUDE,WTI_CRUDE,58.67,,,,alpha_vantage,WTI,benchmark_spot,USD,USD_PER_BARREL,False
2025-12-11,WTI_CRUDE,WTI_CRUDE,57.76,,,,alpha_vantage,WTI,benchmark_spot,USD,USD_PER_BARREL,False
2025-12-12,WTI_CRUDE,WTI_CRUDE,57.61,,,,alpha_vantage,WTI,benchmark_spot,USD,USD_PER_BARREL,False
2025-12-15,WTI_CRUDE,WTI_CRUDE,56.97,,,,alpha_vantage,WTI,benchmark_spot,USD,USD_PER_BARREL,False
2025-12-16,WTI_CRUDE,WTI_CRUDE,55.44,,,,alpha_vantage,WTI,benchmark_spot,USD,USD_PER_BARREL,False
2025-12-17,WTI_CRUDE,WTI_CRUDE,56.07,,,,alpha_vantage,WTI,benchmark_spot,USD,USD_PER_BARREL,False
2025-12-18,WTI_CRUDE,WTI_CRUDE,56.22,,,,alpha_vantage,WTI,benchmark_spot,USD,USD_PER_BARREL,False
2025-12-19,WTI_CRUDE,WTI_CRUDE,56.8,,,,alpha_vantage,WTI,benchmark_spot,USD,USD_PER_BARREL,False
2025-12-22,WTI_CRUDE,WTI_CRUDE,58.18,,,,alpha_vantage,WTI,benchmark_spot,USD,USD_PER_BARREL,False
2025-12-23,WTI_CRUDE,WTI_CRUDE,58.55,,,,alpha_vantage,WTI,benchmark_spot,USD,USD_PER_BARREL,False
2025-12-24,WTI_CRUDE,WTI_CRUDE,58.72,,,,alpha_vantage,WTI,benchmark_spot,USD,USD_PER_BARREL,False
2025-12-26,WTI_CRUDE,WTI_CRUDE,56.6,,,,alpha_vantage,WTI,benchmark_spot,USD,USD_PER_BARREL,False
2025-12-29,WTI_CRUDE,WTI_CRUDE,57.89,,,,alpha_vantage,WTI,benchmark_spot,USD,USD_PER_BARREL,False
2025-12-30,WTI_CRUDE,WTI_CRUDE,57.79,,,,alpha_vantage,WTI,benchmark_spot,USD,USD_PER_BARREL,False
2025-12-31,WTI_CRUDE,WTI_CRUDE,57.26,,,,alpha_vantage,WTI,benchmark_spot,USD,USD_PER_BARREL,False
2026-01-02,WTI_CRUDE,WTI_CRUDE,57.21,,,,alpha_vantage,WTI,benchmark_spot,USD,USD_PER_BARREL,False
2026-01-05,WTI_CRUDE,WTI_CRUDE,58.1,,,,alpha_vantage,WTI,benchmark_spot,USD,USD_PER_BARREL,False
2026-01-06,WTI_CRUDE,WTI_CRUDE,56.97,,,,alpha_vantage,WTI,benchmark_spot,USD,USD_PER_BARREL,False
2026-01-07,WTI_CRUDE,WTI_CRUDE,56.01,,,,alpha_vantage,WTI,benchmark_spot,USD,USD_PER_BARREL,False
2026-01-08,WTI_CRUDE,WTI_CRUDE,57.74,,,,alpha_vantage,WTI,benchmark_spot,USD,USD_PER_BARREL,False
2026-01-09,WTI_CRUDE,WTI_CRUDE,58.96,,,,alpha_vantage,WTI,benchmark_spot,USD,USD_PER_BARREL,False
2026-01-12,WTI_CRUDE,WTI_CRUDE,59.39,,,,alpha_vantage,WTI,benchmark_spot,USD,USD_PER_BARREL,False
2026-01-13,WTI_CRUDE,WTI_CRUDE,60.85,,,,alpha_vantage,WTI,benchmark_spot,USD,USD_PER_BARREL,False
2026-01-14,WTI_CRUDE,WTI_CRUDE,61.84,,,,alpha_vantage,WTI,benchmark_spot,USD,USD_PER_BARREL,False
2026-01-15,WTI_CRUDE,WTI_CRUDE,59.13,,,,alpha_vantage,WTI,benchmark_spot,USD,USD_PER_BARREL,False
2026-01-16,WTI_CRUDE,WTI_CRUDE,59.4,,,,alpha_vantage,WTI,benchmark_spot,USD,USD_PER_BARREL,False
2026-01-20,WTI_CRUDE,WTI_CRUDE,60.3,,,,alpha_vantage,WTI,benchmark_spot,USD,USD_PER_BARREL,False
2026-01-21,WTI_CRUDE,WTI_CRUDE,60.38,,,,alpha_vantage,WTI,benchmark_spot,USD,USD_PER_BARREL,False
2026-01-22,WTI_CRUDE,WTI_CRUDE,59.24,,,,alpha_vantage,WTI,benchmark_spot,USD,USD_PER_BARREL,False
2026-01-23,WTI_CRUDE,WTI_CRUDE,60.7,,,,alpha_vantage,WTI,benchmark_spot,USD,USD_PER_BARREL,False
2026-01-26,WTI_CRUDE,WTI_CRUDE,60.46,,,,alpha_vantage,WTI,benchmark_spot,USD,USD_PER_BARREL,False
2026-01-27,WTI_CRUDE,WTI_CRUDE,62.04,,,,alpha_vantage,WTI,benchmark_spot,USD,USD_PER_BARREL,False
2026-01-28,WTI_CRUDE,WTI_CRUDE,62.75,,,,alpha_vantage,WTI,benchmark_spot,USD,USD_PER_BARREL,False
2026-01-29,WTI_CRUDE,WTI_CRUDE,64.77,,,,alpha_vantage,WTI,benchmark_spot,USD,USD_PER_BARREL,False
2026-01-30,WTI_CRUDE,WTI_CRUDE,64.5,,,,alpha_vantage,WTI,benchmark_spot,USD,USD_PER_BARREL,False
2026-02-02,WTI_CRUDE,WTI_CRUDE,61.6,,,,alpha_vantage,WTI,benchmark_spot,USD,USD_PER_BARREL,False
2026-02-03,WTI_CRUDE,WTI_CRUDE,62.62,,,,alpha_vantage,WTI,benchmark_spot,USD,USD_PER_BARREL,False
2026-02-04,WTI_CRUDE,WTI_CRUDE,64.56,,,,alpha_vantage,WTI,benchmark_spot,USD,USD_PER_BARREL,False
2026-02-05,WTI_CRUDE,WTI_CRUDE,62.9,,,,alpha_vantage,WTI,benchmark_spot,USD,USD_PER_BARREL,False
2026-02-06,WTI_CRUDE,WTI_CRUDE,63.77,,,,alpha_vantage,WTI,benchmark_spot,USD,USD_PER_BARREL,False
2026-02-09,WTI_CRUDE,WTI_CRUDE,64.53,,,,alpha_vantage,WTI,benchmark_spot,USD,USD_PER_BARREL,False
2026-02-10,WTI_CRUDE,WTI_CRUDE,64.2,,,,alpha_vantage,WTI,benchmark_spot,USD,USD_PER_BARREL,False
2026-02-11,WTI_CRUDE,WTI_CRUDE,64.8,,,,alpha_vantage,WTI,benchmark_spot,USD,USD_PER_BARREL,False
2026-02-12,WTI_CRUDE,WTI_CRUDE,63.08,,,,alpha_vantage,WTI,benchmark_spot,USD,USD_PER_BARREL,False
2026-02-13,WTI_CRUDE,WTI_CRUDE,63.05,,,,alpha_vantage,WTI,benchmark_spot,USD,USD_PER_BARREL,False
2026-02-17,WTI_CRUDE,WTI_CRUDE,62.53,,,,alpha_vantage,WTI,benchmark_spot,USD,USD_PER_BARREL,False
2026-02-18,WTI_CRUDE,WTI_CRUDE,65.33,,,,alpha_vantage,WTI,benchmark_spot,USD,USD_PER_BARREL,False
2026-02-19,WTI_CRUDE,WTI_CRUDE,66.66,,,,alpha_vantage,WTI,benchmark_spot,USD,USD_PER_BARREL,False
2026-02-20,WTI_CRUDE,WTI_CRUDE,66.69,,,,alpha_vantage,WTI,benchmark_spot,USD,USD_PER_BARREL,False
2026-02-23,WTI_CRUDE,WTI_CRUDE,66.36,,,,alpha_vantage,WTI,benchmark_spot,USD,USD_PER_BARREL,False
2026-02-24,WTI_CRUDE,WTI_CRUDE,65.62,,,,alpha_vantage,WTI,benchmark_spot,USD,USD_PER_BARREL,False
2026-02-25,WTI_CRUDE,WTI_CRUDE,65.3,,,,alpha_vantage,WTI,benchmark_spot,USD,USD_PER_BARREL,False
2026-02-26,WTI_CRUDE,WTI_CRUDE,65.1,,,,alpha_vantage,WTI,benchmark_spot,USD,USD_PER_BARREL,False
2026-02-27,WTI_CRUDE,WTI_CRUDE,66.96,,,,alpha_vantage,WTI,benchmark_spot,USD,USD_PER_BARREL,False
2026-03-02,WTI_CRUDE,WTI_CRUDE,71.13,,,,alpha_vantage,WTI,benchmark_spot,USD,USD_PER_BARREL,False
2026-03-03,WTI_CRUDE,WTI_CRUDE,74.48,,,,alpha_vantage,WTI,benchmark_spot,USD,USD_PER_BARREL,False
2026-03-04,WTI_CRUDE,WTI_CRUDE,74.58,,,,alpha_vantage,WTI,benchmark_spot,USD,USD_PER_BARREL,False
2026-03-05,WTI_CRUDE,WTI_CRUDE,80.88,,,,alpha_vantage,WTI,benchmark_spot,USD,USD_PER_BARREL,False
2026-03-06,WTI_CRUDE,WTI_CRUDE,90.77,,,,alpha_vantage,WTI,benchmark_spot,USD,USD_PER_BARREL,False
2026-03-09,WTI_CRUDE,WTI_CRUDE,94.65,,,,alpha_vantage,WTI,benchmark_spot,USD,USD_PER_BARREL,False
2026-03-10,WTI_CRUDE,WTI_CRUDE,83.71,,,,alpha_vantage,WTI,benchmark_spot,USD,USD_PER_BARREL,False
2026-03-11,WTI_CRUDE,WTI_CRUDE,86.8,,,,alpha_vantage,WTI,benchmark_spot,USD,USD_PER_BARREL,False
2026-03-12,WTI_CRUDE,WTI_CRUDE,95.61,,,,alpha_vantage,WTI,benchmark_spot,USD,USD_PER_BARREL,False
2026-03-13,WTI_CRUDE,WTI_CRUDE,98.48,,,,alpha_vantage,WTI,benchmark_spot,USD,USD_PER_BARREL,False
2026-03-16,WTI_CRUDE,WTI_CRUDE,93.39,,,,alpha_vantage,WTI,benchmark_spot,USD,USD_PER_BARREL,False
2026-03-17,WTI_CRUDE,WTI_CRUDE,96.01,,,,alpha_vantage,WTI,benchmark_spot,USD,USD_PER_BARREL,False
2026-03-18,WTI_CRUDE,WTI_CRUDE,96.12,,,,alpha_vantage,WTI,benchmark_spot,USD,USD_PER_BARREL,False
2026-03-19,WTI_CRUDE,WTI_CRUDE,96.11,,,,alpha_vantage,WTI,benchmark_spot,USD,USD_PER_BARREL,False
2026-03-20,WTI_CRUDE,WTI_CRUDE,98.71,,,,alpha_vantage,WTI,benchmark_spot,USD,USD_PER_BARREL,False
2026-03-23,WTI_CRUDE,WTI_CRUDE,89.33,,,,alpha_vantage,WTI,benchmark_spot,USD,USD_PER_BARREL,False
2026-03-24,WTI_CRUDE,WTI_CRUDE,93.18,,,,alpha_vantage,WTI,benchmark_spot,USD,USD_PER_BARREL,False
2026-03-25,WTI_CRUDE,WTI_CRUDE,91.51,,,,alpha_vantage,WTI,benchmark_spot,USD,USD_PER_BARREL,False
2026-03-26,WTI_CRUDE,WTI_CRUDE,96.18,,,,alpha_vantage,WTI,benchmark_spot,USD,USD_PER_BARREL,False
2026-03-27,WTI_CRUDE,WTI_CRUDE,101.26,,,,alpha_vantage,WTI,benchmark_spot,USD,USD_PER_BARREL,False
2026-03-30,WTI_CRUDE,WTI_CRUDE,104.69,,,,alpha_vantage,WTI,benchmark_spot,USD,USD_PER_BARREL,False
2026-03-31,WTI_CRUDE,WTI_CRUDE,102.86,,,,alpha_vantage,WTI,benchmark_spot,USD,USD_PER_BARREL,False
2026-04-01,WTI_CRUDE,WTI_CRUDE,101.9,,,,alpha_vantage,WTI,benchmark_spot,USD,USD_PER_BARREL,False
2026-04-02,WTI_CRUDE,WTI_CRUDE,113.23,,,,alpha_vantage,WTI,benchmark_spot,USD,USD_PER_BARREL,False
2026-04-06,WTI_CRUDE,WTI_CRUDE,114.01,,,,alpha_vantage,WTI,benchmark_spot,USD,USD_PER_BARREL,False
2026-04-07,WTI_CRUDE,WTI_CRUDE,114.58,,,,alpha_vantage,WTI,benchmark_spot,USD,USD_PER_BARREL,False
2026-04-08,WTI_CRUDE,WTI_CRUDE,96.17,,,,alpha_vantage,WTI,benchmark_spot,USD,USD_PER_BARREL,False
2026-04-09,WTI_CRUDE,WTI_CRUDE,99.62,,,,alpha_vantage,WTI,benchmark_spot,USD,USD_PER_BARREL,False
2026-04-10,WTI_CRUDE,WTI_CRUDE,98.34,,,,alpha_vantage,WTI,benchmark_spot,USD,USD_PER_BARREL,False
2026-04-13,WTI_CRUDE,WTI_CRUDE,100.72,,,,alpha_vantage,WTI,benchmark_spot,USD,USD_PER_BARREL,False
2026-04-14,WTI_CRUDE,WTI_CRUDE,93.07,,,,alpha_vantage,WTI,benchmark_spot,USD,USD_PER_BARREL,False
2026-04-15,WTI_CRUDE,WTI_CRUDE,93.04,,,,alpha_vantage,WTI,benchmark_spot,USD,USD_PER_BARREL,False
2026-04-16,WTI_CRUDE,WTI_CRUDE,96.46,,,,alpha_vantage,WTI,benchmark_spot,USD,USD_PER_BARREL,False
2026-04-17,WTI_CRUDE,WTI_CRUDE,85.91,,,,alpha_vantage,WTI,benchmark_spot,USD,USD_PER_BARREL,False
2026-04-20,WTI_CRUDE,WTI_CRUDE,91.06,,,,alpha_vantage,WTI,benchmark_spot,USD,USD_PER_BARREL,False
2026-04-21,WTI_CRUDE,WTI_CRUDE,93.64,,,,alpha_vantage,WTI,benchmark_spot,USD,USD_PER_BARREL,False
2026-04-22,WTI_CRUDE,WTI_CRUDE,94.76,,,,alpha_vantage,WTI,benchmark_spot,USD,USD_PER_BARREL,False
2026-04-23,WTI_CRUDE,WTI_CRUDE,99.27,,,,alpha_vantage,WTI,benchmark_spot,USD,USD_PER_BARREL,False
2026-04-24,WTI_CRUDE,WTI_CRUDE,98.42,,,,alpha_vantage,WTI,benchmark_spot,USD,USD_PER_BARREL,False
2026-04-27,WTI_CRUDE,WTI_CRUDE,99.89,,,,alpha_vantage,WTI,benchmark_spot,USD,USD_PER_BARREL,False
2026-04-28,WTI_CRUDE,WTI_CRUDE,103.45,,,,alpha_vantage,WTI,benchmark_spot,USD,USD_PER_BARREL,False
2026-04-29,WTI_CRUDE,WTI_CRUDE,110.47,,,,alpha_vantage,WTI,benchmark_spot,USD,USD_PER_BARREL,False
2026-04-30,WTI_CRUDE,WTI_CRUDE,108.64,,,,alpha_vantage,WTI,benchmark_spot,USD,USD_PER_BARREL,False
2026-05-01,WTI_CRUDE,WTI_CRUDE,105.38,,,,alpha_vantage,WTI,benchmark_spot,USD,USD_PER_BARREL,False
2026-05-04,WTI_CRUDE,WTI_CRUDE,109.76,,,,alpha_vantage,WTI,benchmark_spot,USD,USD_PER_BARREL,False
2026-05-05,WTI_CRUDE,WTI_CRUDE,105.66,,,,alpha_vantage,WTI,benchmark_spot,USD,USD_PER_BARREL,False
2026-05-06,WTI_CRUDE,WTI_CRUDE,98.75,,,,alpha_vantage,WTI,benchmark_spot,USD,USD_PER_BARREL,False
2026-05-07,WTI_CRUDE,WTI_CRUDE,98.38,,,,alpha_vantage,WTI,benchmark_spot,USD,USD_PER_BARREL,False
2026-05-08,WTI_CRUDE,WTI_CRUDE,98.87,,,,alpha_vantage,WTI,benchmark_spot,USD,USD_PER_BARREL,False
2026-05-11,WTI_CRUDE,WTI_CRUDE,101.56,,,,alpha_vantage,WTI,benchmark_spot,USD,USD_PER_BARREL,False
2026-05-12,WTI_CRUDE,WTI_CRUDE,105.78,,,,alpha_vantage,WTI,benchmark_spot,USD,USD_PER_BARREL,False
2026-05-13,WTI_CRUDE,WTI_CRUDE,104.52,,,,alpha_vantage,WTI,benchmark_spot,USD,USD_PER_BARREL,False
2026-05-14,WTI_CRUDE,WTI_CRUDE,104.66,,,,alpha_vantage,WTI,benchmark_spot,USD,USD_PER_BARREL,False
2026-05-15,WTI_CRUDE,WTI_CRUDE,108.99,,,,alpha_vantage,WTI,benchmark_spot,USD,USD_PER_BARREL,False
2026-05-18,WTI_CRUDE,WTI_CRUDE,112.25,,,,alpha_vantage,WTI,benchmark_spot,USD,USD_PER_BARREL,False
2026-05-19,WTI_CRUDE,WTI_CRUDE,112.09,,,,alpha_vantage,WTI,benchmark_spot,USD,USD_PER_BARREL,False
2026-05-20,WTI_CRUDE,WTI_CRUDE,101.69,,,,alpha_vantage,WTI,benchmark_spot,USD,USD_PER_BARREL,False
2026-05-21,WTI_CRUDE,WTI_CRUDE,100.2,,,,alpha_vantage,WTI,benchmark_spot,USD,USD_PER_BARREL,False
2026-05-22,WTI_CRUDE,WTI_CRUDE,100.35,,,,alpha_vantage,WTI,benchmark_spot,USD,USD_PER_BARREL,False
2026-05-26,WTI_CRUDE,WTI_CRUDE,97.63,,,,alpha_vantage,WTI,benchmark_spot,USD,USD_PER_BARREL,False
2026-05-27,WTI_CRUDE,WTI_CRUDE,92.35,,,,alpha_vantage,WTI,benchmark_spot,USD,USD_PER_BARREL,False
2026-05-28,WTI_CRUDE,WTI_CRUDE,92.65,,,,alpha_vantage,WTI,benchmark_spot,USD,USD_PER_BARREL,False
2026-05-29,WTI_CRUDE,WTI_CRUDE,91.16,,,,alpha_vantage,WTI,benchmark_spot,USD,USD_PER_BARREL,False
2026-06-01,WTI_CRUDE,WTI_CRUDE,95.96,,,,alpha_vantage,WTI,benchmark_spot,USD,USD_PER_BARREL,False
2026-06-02,WTI_CRUDE,WTI_CRUDE,97.47,,,,alpha_vantage,WTI,benchmark_spot,USD,USD_PER_BARREL,False
2026-06-03,WTI_CRUDE,WTI_CRUDE,99.76,,,,alpha_vantage,WTI,benchmark_spot,USD,USD_PER_BARREL,False
2026-06-04,WTI_CRUDE,WTI_CRUDE,96.83,,,,alpha_vantage,WTI,benchmark_spot,USD,USD_PER_BARREL,False
2026-06-05,WTI_CRUDE,WTI_CRUDE,94.32,,,,alpha_vantage,WTI,benchmark_spot,USD,USD_PER_BARREL,False
2026-06-08,WTI_CRUDE,WTI_CRUDE,95.0,,,,alpha_vantage,WTI,benchmark_spot,USD,USD_PER_BARREL,False
2026-06-09,WTI_CRUDE,WTI_CRUDE,91.9,,,,alpha_vantage,WTI,benchmark_spot,USD,USD_PER_BARREL,False
2026-06-10,WTI_CRUDE,WTI_CRUDE,93.68,,,,alpha_vantage,WTI,benchmark_spot,USD,USD_PER_BARREL,False
2026-06-11,WTI_CRUDE,WTI_CRUDE,91.58,,,,alpha_vantage,WTI,benchmark_spot,USD,USD_PER_BARREL,False
2026-06-12,WTI_CRUDE,WTI_CRUDE,88.62,,,,alpha_vantage,WTI,benchmark_spot,USD,USD_PER_BARREL,False
2026-06-15,WTI_CRUDE,WTI_CRUDE,84.65,,,,alpha_vantage,WTI,benchmark_spot,USD,USD_PER_BARREL,False
2026-06-16,WTI_CRUDE,WTI_CRUDE,79.8,,,,alpha_vantage,WTI,benchmark_spot,USD,USD_PER_BARREL,False
2026-06-17,WTI_CRUDE,WTI_CRUDE,80.65,,,,alpha_vantage,WTI,benchmark_spot,USD,USD_PER_BARREL,False
2026-06-18,WTI_CRUDE,WTI_CRUDE,80.35,,,,alpha_vantage,WTI,benchmark_spot,USD,USD_PER_BARREL,False
2026-06-22,WTI_CRUDE,WTI_CRUDE,78.94,,,,alpha_vantage,WTI,benchmark_spot,USD,USD_PER_BARREL,False
2026-06-23,WTI_CRUDE,WTI_CRUDE,74.62,,,,alpha_vantage,WTI,benchmark_spot,USD,USD_PER_BARREL,False
2026-06-24,WTI_CRUDE,WTI_CRUDE,71.42,,,,alpha_vantage,WTI,benchmark_spot,USD,USD_PER_BARREL,False
2026-06-25,WTI_CRUDE,WTI_CRUDE,72.67,,,,alpha_vantage,WTI,benchmark_spot,USD,USD_PER_BARREL,False
2026-06-26,WTI_CRUDE,WTI_CRUDE,70.3,,,,alpha_vantage,WTI,benchmark_spot,USD,USD_PER_BARREL,False
2026-06-29,WTI_CRUDE,WTI_CRUDE,71.87,,,,alpha_vantage,WTI,benchmark_spot,USD,USD_PER_BARREL,False
2026-06-30,WTI_CRUDE,WTI_CRUDE,70.56,,,,alpha_vantage,WTI,benchmark_spot,USD,USD_PER_BARREL,False
