notice_year,item_std_code,company,product_name,rep_code,atc_code,rx_otc
2024,201404471,(주)유영제약,에리자스나잘스프레이(덱사메타손시페실레이트),8806482038607,R01AD03,전문
2024,199600908,삼천당제약(주),나리타점비액(부데소니드),8806512000604,R01AD05,전문
2024,199402213,한림제약(주),데소나비액(부데소니드),8806453001906,R01AD05,전문
2024,200603905,오펠라헬스케어코리아주식회사,나자코트비액(트리암시놀론아세토니드),8800742000908,R01AD11,전문
2024,200805432,(주)글락소스미스클라인,아바미스나잘스프레이(미분화플루티카손푸로에이트),8806500018307,R01AD12,전문
2024,200900802,에스케이케미칼(주),옴나리스나잘스프레이(미분화시클레소니드),8806447049204,R01AD13,전문
2024,201501017,부광약품(주),딜라스틴나잘스프레이(아젤라스틴염산염플루티카손프로피오네이트),8806422043104,R01AD58,전문
2024,202004522,(주)유한양행,리알트리스나잘스프레이액,8806421056204,R01AD59,전문
2024,201208429,한림제약(주),나자플렉스나잘스프레이,8806453045603,R01AD59,전문
2024,201208430,한미약품(주),모테손플러스나잘스프레이,8806435064608,R01AD59,전문
2024,201201278,동아제약(주),비사진나잘스프레이(덱스판테놀),8806265001705,R01AX,일반
2024,199803475,한림제약(주),리노벤트비액(이프라트로퓸브롬화물수화물),8806453004600,R01AX03,전문
2024,200108738,(주)유유제약,피지오머비강세척액스프레이노즐(멸균등장해수)/피지오머비강세척액젯노즐(멸균등장해수),8806445012309,R01AX10,일반
2024,201201484,한미약품(주),코앤나잘스프레이,8806435062109,R01AX30,일반
2024,201601470,고려제약(주),하벤프레쉬나잘스프레이,8806428028600,R01AX30,일반
2024,200800438,(주)유한양행,마플러스나잘스프레이,8806421004809,R01AX30,일반
2024,197900575,삼일제약(주),슈다페드정(슈도에페드린염산염),8806439007106,R01BA02,전문
2024,200002987,신일제약(주),신일슈도에페드린정(슈도에페드린염산염),8806538013107,R01BA02,전문
2024,197600174,삼일제약(주),액티피드시럽,8806439008905,R01BA52,일반
2024,197600345,삼진제약(주),페리나정,8806478025208,R01BA52,일반
2024,200003107,한미약품(주),코스펜에이시럽,8806435024602,R01BA52,일반
2024,201310403,한미약품(주),코싹엘정(레보세티리진슈도에페드린),8806435067401,R01BA52,전문
2024,201706798,코오롱제약(주),코슈엘정,8806703042000,R01BA52,전문
2024,200001308,(주)한독,알레그라디정,8806521009506,R01BA52,전문
2024,201802940,(주)퍼슨,울츠오랄겔1%(클로르헥시딘글루콘산염액),8806574014106,R02AA05,일반
2024,197600539,알파제약(주),세가톤트로키(염화세칠피리디늄),8806542003200,R02AA06,일반
2024,199702589,한미약품(주),케어가글액(박하향)(벤제토늄염화물)케어가글액(사과향)(벤제토늄염화물)케어가글액(유칼립투스향)(벤제토늄염화물),8806435024503,R02AA09,일반
2024,198801713,디아이디바이오(주),노베실액(옥시부프로카인염산염),8806641000407,R02AD,전문
2024,198601337,(주)태준제약,베노카인액(옥시부프로카인염산염),8806501004200,R02AD,전문
2024,200500466,한올바이오파마(주),해피카인액(리도카인염산염수화물),8806556033002,R02AD02,전문
2024,199401866,(주)태준제약,태준리도카인비스코스2%액,8806501012007,R02AD02,전문
2024,201702423,오스템파마 주식회사,리도카글액2%(리도카인염산염수화물),8800535000306,R02AD02,전문
2024,201206250,(주)테라젠이텍스,뮤코테라트로키제(암브록솔염산염),8806985022509,R02AD05,일반
2024,202007082,동국제약(주),오라센스액(플루르비프로펜)오라센스액(페퍼민트)(플루르비프로펜),8806534049803,R02AX01,일반
2024,201900290,한미약품(주),목앤파워스프레이(플루르비프로펜),8806435081100,R02AX01,일반
2024,202105353,동국제약(주),트로앤텍스프레이,8806534049001,R02AX03,일반
2024,202003497,동아제약(주),모글원큐스프레이,8806265015603,R02AX03,일반
2024,202100082,동국제약(주),트로앤텍트로키(오렌지)트로앤텍트로키(페퍼민트),8806534048509,R02AX03,일반
2024,197200086,제일약품(주),보스민액(에피네프린),8806454003909,R03AA01,전문
2024,200209634,(주)글락소스미스클라인,벤토린흡입액(살부타몰황산염),8806500004904,R03AC02,전문
2024,199906869,(주)글락소스미스클라인,벤토린에보할러(살부타몰황산염),8806500004706,R03AC02,전문
2024,199907319,(주)글락소스미스클라인,벤토린네뷸2.5mg(살부타몰황산염),8806500004508,R03AC02,전문
2024,200607690,대한약품공업(주),살부톨흡입액(살부타몰황산염),8806451017008,R03AC02,전문
2024,201005169,한국노바티스(주),온브리즈흡입용캡슐150마이크로그램(인다카테롤말레산염),8806536021203,R03AC18,전문
2024,201005170,한국노바티스(주),온브리즈흡입용캡슐300마이크로그램(인다카테롤말레산염),8806536021302,R03AC18,전문
2024,200109100,한국아스트라제네카(주),심비코트터부헬러80/4.5마이크로그램,8806507002903,R03AK07,전문
2024,200307973,한국아스트라제네카(주),심비코트터부헬러320/9마이크로그램,8806507002804,R03AK07,전문
2024,200109101,한국아스트라제네카(주),심비코트터부헬러160/4.5마이크로그램,8806507002705,R03AK07,전문
2024,200109101,한국아스트라제네카(주),심비코트터부헬러160/4.5마이크로그램,8806507002507,R03AK07,전문
2024,201503496,한국아스트라제네카(주),심비코트라피헬러160/4.5마이크로그램,8806507009506,R03AK07,전문
2024,201601544,주식회사 한독테바,듀오레스피스피로맥스160/4.5마이크로그램(부데소니드포르모테롤푸마르산염수화물),8806269007109,R03AK07,전문
2024,201601545,주식회사 한독테바,듀오레스피스피로맥스320/9마이크로그램(부데소니드포르모테롤푸마르산염수화물),8806269007000,R03AK07,전문
2024,202200262,한국아스트라제네카(주),심비코트라피헬러흡입제80/2.25마이크로그램,8806507012704,R03AK07,전문
2024,199902902,조아제약(주),가레오액(디히드록시디부틸에테르),8806446000206,A05AX,일반
2024,198802329,조아제약(주),가레오연질캡슐(디히드록시디부틸에테르),8806446000305,A05AX,일반
2024,200000601,(주)셀트리온제약,고덱스캡슐,8806939000805,A05BA,전문
2024,200512342,(주)녹십자웰빙,라이넥주(자하거가수분해물)(수출명:LAENNECINJ.),8806811000206,A05BA,전문
2024,201201493,주식회사 엠앤에스그룹,바이오아지니나액(L-아르기닌),8800502000100,A05BA01,일반
2024,200009497,부광약품(주),레가론현탁액(밀크시슬열매건조엑스),8806422002408,A05BA03,일반
2024,201504272,(주)한국파마,파라멜산(L-아스파르트산-L-오르니틴수화물),8806530055808,A05BA06,일반
2024,198601922,한화제약(주),헤파멜즈산(L-아스파르트산-L-오르니틴),8806516008903,A05BA06,일반
2024,199500908,일양약품(주),알코텔정(메타독신)(수출명:알코테라),8806417011408,A05BA09,전문
2024,200512347,오펠라헬스케어코리아주식회사,둘코락스좌약(비사코딜),8800742000809,A06AB02,일반
2024,197600483,신일제약(주),신일비사코딜정,8806538011707,A06AB02,일반
2024,200604039,(주)선일양행,황한당센나분포,8806647001101,A06AB06,일반
2024,198700944,부광약품(주),아기오과립,8806422013701,A06AC01,일반
2024,198400661,부광약품(주),아락실과립,8806422014005,A06AC51,일반
2024,202302877,메딕스제약(주),마민에스정,8806258014903,A06AD,일반
2024,201309771,(주)엑세스파마,락투즈시럽(락툴로오스액),8806731000706,A06AD11,일반
2024,201211097,제이더블유중외제약(주),듀락칸이지시럽(락툴로오즈농축액),8806449135004,A06AD11,일반
2024,197700050,제이더블유중외제약(주),듀락칸시럽(락툴로오즈농축액),8806449006304,A06AD11,전문
2024,201211096,(주)유한양행,포탈락산(락티톨수화물),8806421043204,A06AD12,일반
2024,200101839,(주)유한양행,유한락티톨산,8806421040609,A06AD12,전문
2024,201305496,(주)텔콘알에프제약,포탈락시럽(락티톨일수화물),8806255013404,A06AD12,일반
2024,200308396,안국약품(주),폴락스산(마크로골4000),8806502024702,A06AD15,일반
2024,201908015,안국약품(주),폴락스산4그램(폴리에틸렌글리콜4000),8806502053405,A06AD15,일반
2024,202300044,(주)한국파마,크리롤액(폴리에틸렌글리콜4000),8806530068709,A06AD15,일반
2024,200500504,(주)한국파비스제약,마이락스산(폴리에틸렌글리콜3350),8806218024201,A06AD15,일반
2024,202300045,(주)인트로바이오파마,이지락스액(폴리에틸렌글리콜4000),8800524022104,A06AD15,일반
2024,201204931,(주)한국파마,크리콜론정,8806530050704,A06AD17,전문
2024,201308204,(주)한국파마,크리콜론에스정,8806530051701,A06AD17,전문
2024,199702005,디아이디바이오(주),렉크린액(인산나트륨에네마),8806641004900,A06AG01,일반
2024,197300075,(주)퍼슨,성광관장약,8806574001304,A06AG04,일반
2024,199603311,(주)그린제약,그린관장약(농글리세린)(수출명:FIT-APO),8806483000405,A06AG04,일반
2024,200902331,(주)퍼슨,베베락스액,8806574005005,A06AG20,일반
2024,202000147,(주)인트로바이오파마,마그네정,8800524016301,A06AX,일반
2024,202107502,(주)중헌제약,제이티니스타틴시럽(니스타틴),8800533010802,A07AA02,전문
2024,199801540,한국유나이티드제약(주),반코진캡슐250밀리그램(반코마이신염산염),8806443012905,A07AA09,전문
2024,202006034,한국유나이티드제약(주),반코진캡슐125밀리그램(반코마이신염산염),8806443095601,A07AA09,전문
2024,200209900,(주)삼오제약,노르믹스정(리팍시민),8806597000209,A07AA11,전문
2024,200204162,(주)돌나라한농제약,흑과립(약용탄),8806756000101,A07BA01,일반
2024,200204160,(주)돌나라한농제약,흑산(약용탄),8806756000200,A07BA01,일반
2024,200503599,(주)돌나라한농제약,흑캡슐200밀리그람(약용탄),8806756000309,A07BA01,일반
2024,202302823,(주)돌나라한농제약,뉴흑산(약용탄),8806756000507,A07BA01,일반
2024,202302822,(주)돌나라한농제약,뉴흑과립(약용탄),8806756000606,A07BA01,일반
2024,201206825,경남제약(주),링거라이트액,8806476037203,A07CA,전문
2024,201402408,한미약품(주),로페시콘츄정,8806435069009,A07DA53,일반
2024,200907976,리퓨어헬스케어 주식회사,뮤타플로캡슐(E.colistrainNissle1917의동결건조물),8806797002102,A07E,전문
2024,199504245,(주)대웅제약,엔토코트(부데소니드(미분화)),8806416063804,A07EA06,전문
2024,201006784,코오롱제약(주),클리퍼지속성장용정5밀리그램(베클로메타손디프로피오네이트),8806703032506,A07EA07,전문
2024,199803482,한림제약(주),조피린장용정(설파살라진),8806453015002,A07EC01,전문
2024,199704520,한국페링제약(주),펜타사좌약(메살라진),8806525002404,A07EC02,전문
2024,200800783,한국페링제약(주),펜타사서방과립2그램(메살라진),8806525002503,A07EC02,전문
2024,200606206,한국페링제약(주),펜타사서방과립1그램(메살라진),8806525002206,A07EC02,전문
2024,200307870,(주)대웅제약,아사콜좌약500밀리그람(메살라진),8806416018507,A07EC02,전문
2024,200307868,(주)대웅제약,아사콜관장액4그람/100밀리리터(메살라진),8806416018200,A07EC02,전문
2024,200500130,(주)종근당,콜라잘캡슐(발살라지드이나트륨이수화물),8806433035204,A07EC04,전문
2024,198701383,한미약품(주),메디락디에스장용캡슐(바실루스서브틸리스균·엔테로코쿠스페슘균배양물),8806435009005,A07FA01,일반
2024,198601222,한미약품(주),메디락에스장용캡슐(바실루스서브틸리스균·엔테로코쿠스페슘균배양물),8806435009302,A07FA01,일반
2024,200400118,(주)종근당,락토웰장용캡슐(바실루스서브틸리스균·엔테로코쿠스페슘균배양물),8806433004408,A07FA01,일반
2024,199700555,일동제약(주),사미온정30밀리그램(니세르골린),8806429006904,C04AE02,전문
2024,197800093,일동제약(주),사미온정(니세르골린),8806429006706,C04AE02,전문
2024,198600235,일동제약(주),사미온정10밀리그램(니세르골린),8806429006805,C04AE02,전문
2024,202300405,한미약품(주),니세골린정10밀리그램(니세르골린),8806435086105,C04AE02,전문
2024,202300406,한미약품(주),니세골린정30밀리그램(니세르골린),8806435086204,C04AE02,전문
2024,199801024,(주)한독,케타스캅셀10밀리그람(이부딜라스트),8806521012308,C04AX,전문
2024,200302015,영풍제약(주),페로딜정(이펜프로딜타르타르산염),8806619018304,C04AX28,전문
2024,200808565,(주)글로벌데이몬파마,렉토제식연고(희석니트로글리세린),8806722001309,C05AE01,전문
2024,200906091,대화제약(주),파사렉트연고(희석니트로글리세린),8806456033904,C05AE01,전문
2024,199806423,동화약품(주),포스테리산좌제,8806427036804,C05AX,일반
2024,199806424,동화약품(주),포스테리산연고,8806427036705,C05AX,일반
2024,201703181,제이더블유중외제약(주),노블루겔(헤파리노이드),8806449143603,C05BA01,일반
2024,201601514,신일제약(주),하나로겔(헤파리노이드),8806538051703,C05BA01,일반
2024,201400028,금청약품(주),파이브로베인주0.2%(테트라데실황산나트륨),8806849000506,C05BB04,전문
2024,200606842,금청약품(주),파이브로베인주1%(테트라데실황산나트륨콘센트레이트),8806849000407,C05BB04,전문
2024,200703316,금청약품(주),파이브로베인주3%바이알(테트라데실황산나트륨콘센트레이트),8806849000308,C05BB04,전문
2024,200606843,금청약품(주),파이브로베인주3%(테트라데실황산나트륨콘센트레이트),8806849000209,C05BB04,전문
2024,202001913,대원제약(주),뉴베인액(트록세루틴),8806718070500,C05CA04,일반
2024,200907902,조아제약(주),엘라스에이액(트록세루틴),8806446023502,C05CA04,일반
2024,200403500,한림제약(주),엔테론정150밀리그램(포도씨건조엑스),8806453012100,C05CX,전문
2024,200302297,한림제약(주),엔테론정50밀리그램(포도씨건조엑스),8806453012001,C05CX,전문
2024,201600356,(주)한국팜비오,메디아벤엘정(나프타존),8806599010701,C05CX02,전문
2024,201701155,(주)한국파비스제약,베노스타신캡슐(서양칠엽수종자50%에탄올건조엑스(4.5∼5.5→1)·덱스트린혼합물(100:10)),8806218033302,C05CX03,일반
2024,201506664,한미약품(주),헤만지올액(프로프라놀롤염산염),8806435074003,C07AA05,전문
2024,198100091,한올바이오파마(주),테프라정40밀리그램(프로프라놀롤염산염),8806556018009,C07AA05,전문
2024,197400040,동광제약(주),인데놀정10mg(프로프라놀롤염산염),8806459024701,C07AA05,전문
2024,197600046,동광제약(주),인데놀정40mg(프로프라놀롤염산염),8806459024800,C07AA05,전문
2024,200204308,(주)휴온스생명과학,소타론정(소타롤염산염),8800527003308,C07AA07,전문
2024,201604248,주식회사큐엘파마,나도가드정40밀리그램(나도롤),8806734002004,C07AA12,전문
2024,198902563,한국오츠카제약(주),미케란정(카르테올롤염산염),8806499001007,C07AA15,전문
2024,198100126,(주)유한양행,베타록정(메토프롤롤타르타르산염),8806421006100,C07AB02,전문
2024,198600903,부광약품(주),부광켈론정(베탁솔롤염산염),8806422010205,C07AB05,전문
2024,199101531,부광약품(주),부광켈론정10밀리그램(베탁솔롤염산염),8806422010304,C07AB05,전문
2024,199400946,진양제약(주),베탁정(베탁솔롤염산염),8806503006509,C07AB05,전문
2024,201702794,제일약품(주),제일브레비블록주2.5그램(에스몰롤염산염)(바이알),8806454050002,C07AB09,전문
2024,199100558,제일약품(주),제일브레비블록주100밀리그램(에스몰롤염산염),8806454011904,C07AB09,전문
2024,200600221,안국약품(주),레보테놀정25밀리그람(에스아테놀롤),8806502003905,C07AB11,전문
2024,200600225,안국약품(주),레보테놀정12.5밀리그람(에스아테놀롤),8806502003806,C07AB11,전문
2024,201908132,삼일제약(주),알잘정10밀리그램(아로티놀롤염산염),8806439037608,C07AG,전문
2024,198901206,에이치케이이노엔(주),알말정5밀리그램(아로티놀롤염산염),8806400028604,C07AG,전문
2024,198901207,에이치케이이노엔(주),알말정10밀리그램(아로티놀롤염산염),8806400028703,C07AG,전문
2024,201908003,삼일제약(주),알잘정5밀리그램(아로티놀롤염산염),8806439037509,C07AG,전문
2024,199702371,하나제약(주),베타신주사(라베타롤염산염),8806578009009,C07AG01,전문
2024,199302795,명문제약(주),라베신주사20밀리그람(라베탈롤염산염),8806498003507,C07AG01,전문
2024,199202474,명문제약(주),라베신주사(라베탈롤염산염),8806498003408,C07AG01,전문
2024,201404423,한미약품(주),카르베롤서방캡슐64밀리그램(카르베딜롤),8806435069702,C07AG02,전문
2024,201404424,한미약품(주),카르베롤서방캡슐8밀리그램(카르베딜롤),8806435069801,C07AG02,전문
2024,201404425,한미약품(주),카르베롤서방캡슐16밀리그램(카르베딜롤),8806435069900,C07AG02,전문
2024,201404426,한미약품(주),카르베롤서방캡슐32밀리그램(카르베딜롤),8806435070005,C07AG02,전문
2024,202002673,(주)종근당,딜라트렌에스알정8밀리그램(카르베딜롤),8806433085308,C07AG02,전문
2024,202002674,(주)종근당,딜라트렌에스알정16밀리그램(카르베딜롤),8806433085407,C07AG02,전문
2024,201206934,(주)종근당,딜라트렌에스알캡슐8밀리그램(카르베딜롤),8806433064006,C07AG02,전문
2024,201206935,(주)종근당,딜라트렌에스알캡슐16밀리그램(카르베딜롤),8806433064105,C07AG02,전문
2024,201206936,(주)종근당,딜라트렌에스알캡슐32밀리그램(카르베딜롤),8806433064204,C07AG02,전문
2024,200307807,한국노바티스(주),마이폴틱장용정180밀리그램(미코페놀레이트나트륨),8806536004008,L04AA06,전문
2024,201606254,(주)종근당,마이렙틱엔장용정180밀리그램(미코페놀레이트나트륨),8806433076009,L04AA06,전문
2024,201606255,(주)종근당,마이렙틱엔장용정360밀리그램(미코페놀레이트나트륨),8806433076108,L04AA06,전문
2024,201401967,(주)종근당,마이렙트현탁용분말1g/5ml(미코페놀레이트모페틸),8806433067502,L04AA06,전문
2024,201307568,(유)한국비엠에스제약,오렌시아서브큐프리필드시린지125밀리그램(아바타셉트),8806587005702,L04AA24,전문
2024,201002332,(유)한국비엠에스제약,오렌시아주250밀리그램(아바타셉트),8806587004804,L04AA24,전문
2024,201904640,머크(주),마벤클라드정(클라드리빈),8806617007300,L04AA40,전문
2024,201801194,(주)엘지화학,유셉트오토인젝터주(에타너셉트),8806689032200,L04AB01,전문
2024,201801195,(주)엘지화학,유셉트프리필드시린지주(에타너셉트),8806689032309,L04AB01,전문
2024,201801195,(주)엘지화학,유셉트프리필드시린지주(에타너셉트),8806689032408,L04AB01,전문
2024,202006923,(주)셀트리온,램시마펜주120mg(인플릭시맵)(단클론항체유전자재조합),8806238000902,L04AB02,전문
2024,201206204,(주)셀트리온,램시마주100mg(인플릭시맵)(단클론항체유전자재조합),8806238000100,L04AB02,전문
2024,202203940,(주)셀트리온,셀트리온램시마펜주120mg(인플릭시맵)(단클론항체유전자재조합),8806238002005,L04AB02,전문
2024,201206473,(주)한국얀센,심퍼니프리필드시린지주(골리무맙유전자재조합),8806469018608,L04AB06,전문
2024,201206473,(주)한국얀센,심퍼니프리필드시린지주(골리무맙유전자재조합),8806469019308,L04AB06,전문
2024,201500861,(주)한국얀센,심퍼니주(골리무맙유전자재조합),8806469020502,L04AB06,전문
2024,201308672,(주)한국얀센,심퍼니오토인젝터주(골리무맙유전자재조합),8806469018806,L04AB06,전문
2024,201308672,(주)한국얀센,심퍼니오토인젝터주(골리무맙유전자재조합),8806469019209,L04AB06,전문
2024,200410069,한국노바티스(주),씨뮬렉트주사(바실릭시맙)(단클론항체유전자재조합),8806536006705,L04AC02,전문
2024,201607286,(주)한국얀센,스텔라라피하주사(우스테키누맙),8806469021905,L04AC05,전문
2024,201103892,(주)한국얀센,스텔라라프리필드주(우스테키누맙),8806469016901,L04AC05,전문
2024,201103892,(주)한국얀센,스텔라라프리필드주(우스테키누맙),8806469020403,L04AC05,전문
2024,201801521,(주)한국얀센,스텔라라정맥주사(우스테키누맙),8806469022506,L04AC05,전문
2024,201403578,제이더블유중외제약(주),악템라피하주사162밀리그램(토실리주맙)(유전자재조합),8806449137602,L04AC07,전문
2024,201202719,제이더블유중외제약(주),악템라주(토실리주맙)(유전자재조합),8806449134403,L04AC07,전문
2024,201202719,제이더블유중외제약(주),악템라주(토실리주맙)(유전자재조합),8806449134304,L04AC07,전문
2024,201202719,제이더블유중외제약(주),악템라주(토실리주맙)(유전자재조합),8806449134502,L04AC07,전문
2024,202203956,한국노바티스(주),코센틱스우노레디펜300mg/2mL(세쿠키누맙유전자재조합),8806536035309,L04AC10,전문
2024,201506755,한국노바티스(주),코센틱스센소레디펜(세쿠키누맙유전자재조합),8806536026406,L04AC10,전문
2024,201508041,주식회사 레코르다티코리아,실반트주100밀리그램(실툭시맙유전자재조합),8800776000103,L04AC11,전문
2024,201508042,주식회사 레코르다티코리아,실반트주400밀리그램(실툭시맙유전자재조합),8800776000202,L04AC11,전문
2024,201708237,한국릴리(유),탈츠프리필드시린지주(익세키주맙유전자재조합),8806708011001,L04AC13,전문
2024,201708238,한국릴리(유),탈츠오토인젝터주(익세키주맙유전자재조합),8806708011100,L04AC13,전문
2024,201801604,(주)한국얀센,트렘피어프리필드시린지주(구셀쿠맙유전자재조합),8806469022605,L04AC16,전문
2024,202104066,(주)한국얀센,트렘피어원프레스오토인젝터주(구셀쿠맙유전자재조합),8806469025101,L04AC16,전문
2024,201908205,한국애브비(주),스카이리치프리필드시린지주(리산키주맙유전자재조합),8806249003602,L04AC18,전문
2024,202201669,한국애브비(주),스카이리치프리필드펜주150mg/mL(리산키주맙유전자재조합),8806249003909,L04AC18,전문
2024,202103363,(주)한국로슈,엔스프링프리필드시린지주(사트랄리주맙),8806450015302,L04AC19,전문
2024,199604696,한국노바티스(주),산디문뉴오랄내복액(사이클로스포린),8806536005302,L04AD01,전문
2024,199304152,한국노바티스(주),산디문주사(사이클로스포린),8806536005609,L04AD01,전문
2024,202008307,(주)동구바이오제약,사이크린연질캡슐100밀리그램(사이클로스포린),8806573084605,L04AD01,전문
2024,199900119,(주)종근당,사이폴-엔내복액(사이클로스포린)(수출명:데나스포내복액사이클로랄내복액),8806433010904,L04AD01,전문
2024,199300222,(주)종근당,사이폴주(사이클로스포린),8806433011307,L04AD01,전문
2024,200511275,한국아스텔라스제약(주),프로그랍주사액5밀리그람(타크로리무스수화물),8806772001007,L04AD02,전문
2024,200900699,한국아스텔라스제약(주),아드바그랍서방캡슐5밀리그램(타크로리무스수화물),8806772002004,L04AD02,전문
2024,200900698,한국아스텔라스제약(주),아드바그랍서방캡슐1밀리그램(타크로리무스수화물),8806772001908,L04AD02,전문
2024,200900697,한국아스텔라스제약(주),아드바그랍서방캡슐0.5밀리그램(타크로리무스수화물),8806772001809,L04AD02,전문
2024,200803380,(주)종근당,타크로벨주5밀리그램(타크로리무스수화물),8806433046309,L04AD02,전문
2024,201700874,(주)종근당,타크로벨서방캡슐5밀리그램(타크로리무스),8806433078201,L04AD02,전문
2024,201700875,(주)종근당,타크로벨서방캡슐1밀리그램(타크로리무스),8806433076900,L04AD02,전문
2024,201700873,(주)종근당,타크로벨서방캡슐0.5밀리그램(타크로리무스),8806433077006,L04AD02,전문
2024,200603934,노보노디스크제약(주),레버미어플렉스펜주100단위/밀리리터,8806544002003,A10AE05,전문
2024,201401272,노보노디스크제약(주),트레시바플렉스터치주100단위/밀리리터(인슐린데글루덱),8806544005509,A10AE06,전문
2024,201707855,(주)사노피-아벤티스코리아,솔리쿠아펜주(10-40),8806520010800,A10AE54,전문
2024,201707854,(주)사노피-아벤티스코리아,솔리쿠아펜주(30-60),8806520010701,A10AE54,전문
2024,201905977,노보노디스크제약(주),줄토피플렉스터치주,8806544006001,A10AE56,전문
2024,197000068,(주)한독,다오닐정(글리벤클라미드),8806521001302,A10BB01,전문
2024,197700114,(주)유한양행,다이그린정(글리피지드),8806421001501,A10BB07,전문
2024,201004772,한국세르비에(주),디아미크롱서방정60밀리그램(글리클라지드),8806763001207,A10BB09,전문
2024,200806454,한국세르비에(주),디아미크롱서방정(글리클라지드),8806763000408,A10BB09,전문
2024,202202588,(주)엘지화학,제미다파정,8806689033207,A10BD,전문
2024,200307867,(주)대웅제약,글루리아드정500/5밀리그람,8806416002001,A10BD02,전문
2024,200805555,(주)한독,아마릴-멕스서방정2/500밀리그램,8806521038704,A10BD02,전문
2024,200708031,(주)다림바이오텍,글루파콤비정500/80mg(수출명:뉴글리클라메트정500/80mg),8806646000808,A10BD02,전문
2024,201309844,(주)셀트리온제약,액토스릴정30/2밀리그램,8806939034909,A10BD06,전문
2024,201309845,(주)셀트리온제약,액토스릴정30/4밀리그램,8806939035005,A10BD06,전문
2024,201404897,(주)셀트리온제약,네시나액트정25/30밀리그램,8806939036507,A10BD09,전문
2024,201404896,(주)셀트리온제약,네시나액트정25/15밀리그램,8806939036408,A10BD09,전문
2024,201202805,한국아스트라제네카(주),콤비글라이즈서방정5/500밀리그램,8806507009001,A10BD10,전문
2024,201202806,한국아스트라제네카(주),콤비글라이즈서방정5/1000밀리그램,8806507009100,A10BD10,전문
2024,201501047,(주)셀트리온제약,네시나메트정12.5/500밀리그램,8806939035906,A10BD13,전문
2024,201701586,한국베링거인겔하임(주),에스글리토정10/5밀리그램,8806535015906,A10BD19,전문
2024,201701587,한국베링거인겔하임(주),에스글리토정25/5밀리그램,8806535016002,A10BD19,전문
2024,201701576,한국아스트라제네카(주),큐턴정5/10밀리그램,8806507010502,A10BD21,전문
2024,201803606,한국엠에스디(주),스테글루잔정5/100밀리그램,8806555020003,A10BD24,전문
2024,201604112,(주)종근당,듀비메트서방정0.5/1000밀리그램,8806433074807,A10BD26,전문
2024,199900924,(주)한독,글루코바이정100밀리그람(아카보즈),8806521000602,A10BF01,전문
2024,199900925,(주)한독,글루코바이정50밀리그람(아카보즈),8806521000503,A10BF01,전문
2024,201306313,대원제약(주),미그보스필름코팅정(미그리톨),8806718055408,A10BF02,전문
2024,201308005,(주)종근당,듀비에정0.5밀리그램(로베글리타존황산염),8806433066109,A10BG04,전문
2024,201502790,제이더블유중외제약(주),가드렛정100mg(아나글립틴),8806449139804,A10BH,전문
2024,201100373,한국아스트라제네카(주),온글라이자정5밀리그램(삭사글립틴수화물),8806507008806,A10BH03,전문
2024,201100374,한국아스트라제네카(주),온글라이자정2.5밀리그램(삭사글립틴수화물),8806507008905,A10BH03,전문
2024,201307580,(주)셀트리온제약,네시나정25밀리그램(알로글립틴벤조산염),8806939036200,A10BH04,전문
2024,201307579,(주)셀트리온제약,네시나정12.5밀리그램(알로글립틴벤조산염),8806939036101,A10BH04,전문
2024,201106367,한국베링거인겔하임(주),트라젠타정(리나글립틴),8806535013803,A10BH05,전문
2024,201205933,(주)엘지화학,제미글로정50밀리그램(제미글립틴타르타르산염1.5수화물),8806689021709,A10BH06,전문
2024,201507014,동아에스티(주),슈가논정5밀리그램(에보글립틴타르타르산염),8806425072804,A10BH07,전문
2024,201706396,(주)엘지화학,제미로우정50/5밀리그램,8806689031906,A10BH52,전문
2024,201705815,노보노디스크제약(주),삭센다펜주6밀리그램/밀리리터(리라글루티드),8806544005707,A10BJ02,전문
2024,201005882,노보노디스크제약(주),빅토자펜주6밀리그램/밀리리터(리라글루티드),8806544005202,A10BJ02,전문
2024,201503166,한국릴리(유),트루리시티1.5밀리그램/0.5밀리리터(둘라글루타이드유전자재조합)일회용펜,8806708010509,A10BJ05,전문
2024,201503164,한국릴리(유),트루리시티0.75밀리그램/0.5밀리리터(둘라글루타이드유전자재조합)일회용펜,8806708010301,A10BJ05,전문
2024,202301384,노보노디스크제약(주),위고비프리필드펜2.4(세마글루티드),8806544006902,A10BJ06,전문
2024,202201737,노보노디스크제약(주),오젬픽프리필드펜(세마글루티드),8806544006506,A10BJ06,전문
2024,202201785,노보노디스크제약(주),리벨서스정(세마글루티드),8806544006100,A10BJ06,전문
2024,202201785,노보노디스크제약(주),리벨서스정(세마글루티드),8806544006209,A10BJ06,전문
2024,202201785,노보노디스크제약(주),리벨서스정(세마글루티드),8806544006308,A10BJ06,전문
2024,202204314,(주)대웅제약,엔블로정0.3밀리그램(이나보글리플로진),8806416077801,A10BK,전문
2024,201403745,한국베링거인겔하임(주),자디앙정25밀리그램(엠파글리플로진),8806535014701,A10BK03,전문
2024,201403744,한국베링거인겔하임(주),자디앙정10밀리그램(엠파글리플로진),8806535014602,A10BK03,전문
2024,201803367,한국엠에스디(주),스테글라트로정5밀리그램(에르투글리플로진L-피로글루탐산),8806555019908,A10BK04,전문
2024,201404160,한국아스텔라스제약(주),슈글렛정50밀리그램(이프라글리플로진L-프롤린),8806772002608,A10BK05,전문
2024,199907080,노보노디스크제약(주),노보넘정2.0밀리그람(레파글리니드),8806544000504,A10BX02,전문
2024,201500199,한미약품(주),목앤스프레이,8806435070906,A01AB,일반
2024,201803016,태극제약(주),목앤탁인후스프레이,8806448055402,A01AB,일반
2024,198902460,(주)녹십자,페리덱스연고(덱사메타손),8806436017207,A01AC02,일반
2024,202004515,태극제약(주),이바나파연고(덱사메타손),8806448064107,A01AC02,일반
2024,202101212,코오롱제약(주),아프모겐큐인후스프레이(디클로페낙),8806703046305,A01AD,일반
2024,201500494,코오롱제약(주),디클로메드액0.074%(디클로페낙),8806703039208,A01AD,일반
2024,201507744,진양제약(주),카미스타드-엔겔,8806503034403,A01AD,일반
2024,202001085,(주)퍼슨,페리톡겔,8806574015509,A01AD,일반
2024,200301797,한미약품(주),히아로겔(히알루론산나트륨),8806435000705,A01AD,일반
2024,201707149,(주)한국팜비오,뮤코베리어액(히알루론산나트륨),8806599013306,A01AD,일반
2024,201707027,동국제약(주),치아로겔(히알루론산나트륨),8806534038906,A01AD,일반
2024,201505730,코오롱제약(주),아프니벤큐액(디클로페낙),8806703040006,A01AD,일반
2024,200210575,삼아제약(주),탄툼베르데네뷸라이저(벤지다민염산염),8806457011901,A01AD02,일반
2024,202203676,태극제약(주),이바네구강용스프레이(벤지다민염산염),8806448066309,A01AD02,일반
2024,201206423,주)엔엠제약,디프람스프레이0.3%(벤지다민염산염),8806859000800,A01AD02,일반
2024,200005321,(주)넥스팜코리아,타스나정(탄산수소나트륨),8806625016806,A02A,일반
2024,200300960,일양약품(주),노루모현탁액,8806417005308,A02A,일반
2024,197400246,삼남제약(주),마그밀정(수산화마그네슘),8806537002409,A02AA04,일반
2024,199802384,신일제약(주),신일엠정(수산화마그네슘),8806538014005,A02AA04,일반
2024,198802327,조아제약(주),마로겔정500밀리그람(수산화마그네슘),8806446002200,A02AA04,일반
2024,199501099,삼남제약(주),게루삼엠정(건조수산화알루미늄겔),8806537003802,A02AB01,일반
2024,197400207,(주)보령,겔포스현탁액(인산알루미늄겔),8806419000103,A02AB03,일반
2024,200100576,(주)대웅제약,뉴란타액(수출명:NewlantineSuspension),8806416003206,A02AD01,일반
2024,202000703,조아제약(주),잔타뉴정,8806446040608,A02AD01,일반
2024,199703257,에스에스팜(주),수성히드로탈시트산,8806633001306,A02AD04,일반
2024,200704998,에스피씨(주),에스피씨히드로탈시트산,8806697000307,A02AD04,일반
2024,197800242,일양약품(주),일양노이시린에이정(규산알루민산마그네슘),8806417015901,A02AD05,일반
2024,197700189,일양약품(주),일양노이겔현탁액(규산알루민산마그네슘),8806417015802,A02AD05,일반
2024,197800055,제이더블유중외제약(주),에취투주(시메티딘)(수출명:CIMEMEDICOINJ.200mgCIMETIDINEINJ.200mg),8806449015801,A02BA01,전문
2024,197800134,(주)유한양행,타가메트주사(시메티딘),8806421024203,A02BA01,전문
2024,200109233,동아에스티(주),가스터디정20㎎(파모티딘),8806425075409,A02BA03,전문
2024,202203264,동아에스티(주),가스터주사액20밀리그램(파모티딘),8806425076505,A02BA03,전문
2024,198800805,명인제약(주),모틴주(파모티딘)[수출명:명인모틴주(파모티딘)H2BLOCInj.(파모티딘)],8806519011009,A02BA03,전문
2024,202202399,(주)한국팜비오,파모팡오디정10밀리그램(파모티딘),8806599017908,A02BA03,전문
2024,202202238,(주)한국팜비오,파모팡오디정20밀리그램(파모티딘),8806599017304,A02BA03,전문
2024,200600041,동아에스티(주),동아가스터주20밀리그람(바이알)(파모티딘),8806425004003,A02BA03,전문
2024,202201119,한미약품(주),에소메졸플러스정20/350밀리그램,8806435085009,A02BC,전문
2024,200500564,(주)유한양행,레바넥스정200밀리그램(레바프라잔염산염),8806421002508,A02BC,전문
2024,200810688,일양약품(주),놀텍정10밀리그램(일라프라졸),8806417029205,A02BC,전문
2024,202107076,한미약품(주),에소메졸플러스정40/350밀리그램,8806435084903,A02BC,전문
2024,200510974,한국다케다제약(주),란스톤엘에프디티정30밀리그램(란소프라졸),8806963001304,A02BC03,전문
2024,200510973,한국다케다제약(주),란스톤엘에프디티정15밀리그램(란소프라졸),8806963001205,A02BC03,전문
2024,201404060,(주)태준제약,모노리툼플라스정30밀리그램(란소프라졸),8806501026905,A02BC03,전문
2024,201501764,(주)태준제약,모노리툼플라스정15밀리그램(란소프라졸),8806501027407,A02BC03,전문
2024,200410324,한국아스트라제네카(주),넥시움주(에스오메프라졸나트륨),8806507000909,A02BC05,전문
2024,202006759,한미약품(주),에소메졸디알서방캡슐40밀리그램(에스오메프라졸마그네슘삼수화물),8806435083104,A02BC05,전문
2024,202006760,한미약품(주),에소메졸디알서방캡슐20밀리그램(에스오메프라졸마그네슘삼수화물),8806435083005,A02BC05,전문
2024,201207344,한국다케다제약(주),덱실란트디알캡슐60밀리그램(덱스란소프라졸),8806963001809,A02BC06,전문
2024,201207343,한국다케다제약(주),덱실란트디알캡슐30밀리그램(덱스란소프라졸),8806963001700,A02BC06,전문
2024,201802815,에이치케이이노엔(주),케이캡정50밀리그램(테고프라잔),8806400072706,A02BC09,전문
2024,202200635,에이치케이이노엔(주),케이캡구강붕해정50밀리그램(테고프라잔),8806400077909,A02BC09,전문
2024,202203018,에이치케이이노엔(주),케이캡정25밀리그램(테고프라잔),8806400078005,A02BC09,전문
2024,200202791,(주)녹십자,데놀정(비스무트시트르산염칼륨),8806436009004,A02BX05,전문
2024,200400587,삼일제약(주),글립타이드정200밀리그람(설글리코타이드),8806439000206,A02BX08,전문
2024,198800119,부광약품(주),셀벡스캡슐(테프레논),8806422041506,A02BX15,전문
2024,201306534,(주)태준제약,가스론엔구강붕해정2밀리그램(이르소글라딘말레산염),8806501025700,A02BX16,전문
2024,200403367,(주)녹십자,녹십자-알부민주20%(사람혈청알부민)[수출명:볼루민20%(100㎖)알부맥스20%(50㎖)-케이지씨씨알부미나20%(50㎖)지씨피디알부민주20%(50㎖)바바이오텍-알부민20%알부셀휴먼알부민아이피/이피20%(100㎖)알부민주20%-지씨씨알부미나세리카휴마나20%50ml솔루시옹인엑터블알부민지씨씨알부벳20%휴민20알부렌],8806436004603,B05AA01,전문
2024,200403367,(주)녹십자,녹십자-알부민주20%(사람혈청알부민)[수출명:볼루민20%(100㎖)알부맥스20%(50㎖)-케이지씨씨알부미나20%(50㎖)지씨피디알부민주20%(50㎖)바바이오텍-알부민20%알부셀휴먼알부민아이피/이피20%(100㎖)알부민주20%-지씨씨알부미나세리카휴마나20%50ml솔루시옹인엑터블알부민지씨씨알부벳20%휴민20알부렌],8806436004702,B05AA01,전문
2024,200403369,(주)녹십자,녹십자-알부민주5%(사람혈청알부민),8806436004900,B05AA01,전문
2024,200403369,(주)녹십자,녹십자-알부민주5%(사람혈청알부민),8806436005006,B05AA01,전문
2024,197000114,에스케이플라즈마(주),에스케이알부민5%주(사람혈청알부민)(수출명:Solbumin5%Albumin5%SKAlbumin5%inj),8800508001507,B05AA01,전문
2024,198400756,에스케이플라즈마(주),에스케이알부민20%주(사람혈청알부민)(수출명:Solbumin20%Albumin20%DSAlbumin20%inj알부셀휴민20알부렌알부맥스),8800508002306,B05AA01,전문
2024,198400756,에스케이플라즈마(주),에스케이알부민20%주(사람혈청알부민)(수출명:Solbumin20%Albumin20%DSAlbumin20%inj알부셀휴민20알부렌알부맥스),8800508002207,B05AA01,전문
2024,200908761,프레지니우스카비코리아(주),볼루라이트주6%,8806509017103,B05AA07,전문
2024,200109871,프레지니우스카비코리아(주),볼루벤주(VoluvenInj.),8806509003007,B05AA07,전문
2024,199200560,제일약품(주),제일펜타스타치10%주,8806454022900,B05AA07,전문
2024,202106185,파미셀주식회사,하티셀그램-에이엠아이(자가골수유래중간엽줄기세포),8806225000601,B05AX,전문
2024,202106185,파미셀주식회사,하티셀그램-에이엠아이(자가골수유래중간엽줄기세포),8806225000502,B05AX,전문
2024,202106193,코아스템(주),뉴로나타-알주(자가골수유래중간엽줄기세포),8806290000209,B05AX,전문
2024,202106062,메디포스트(주),카티스템(동종제대혈유래중간엽줄기세포),8806229000201,B05AX04,전문
2024,197500071,대한약품공업(주),대한5%레브로즈(과당주사액),8806451002103,B05BA03,전문
2024,197300057,대한약품공업(주),대한5%쏠비톨주사액,8806451002202,B05BA03,전문
2024,198100067,대한약품공업(주),글리푸롤주,8806451000505,B05BC,전문
2024,198000070,제이더블유중외제약(주),세롤주,8806449012008,B05BC,전문
2024,197500054,제이더블유중외제약(주),중외20%만니톨주,8806449019700,B05BC01,전문
2024,197100028,대한약품공업(주),대한디-만니톨주사액20%,8806451004602,B05BC01,전문
2024,197100029,대한약품공업(주),대한디-만니톨주사액(15%),8806451004107,B05BC01,전문
2024,197100029,대한약품공업(주),대한디-만니톨주사액(15%),8806451004008,B05BC01,전문
2024,199101334,에이치케이이노엔(주),이노엔20%만니톨주사액,8806400012009,B05BC01,전문
2024,199101335,에이치케이이노엔(주),이노엔15%만니톨주사액,8806400011804,B05BC01,전문
2024,196800016,제이더블유중외제약(주),중외15%만니톨주사액,8806449019106,B05BC01,전문
2024,196800016,제이더블유중외제약(주),중외15%만니톨주사액,8806449130207,B05BC01,전문
2024,196800016,제이더블유중외제약(주),중외15%만니톨주사액,8806449130603,B05BC01,전문
2024,197100027,대한약품공업(주),대한디-만니톨주사액(25%),8806451004305,B05BC01,전문
2024,197100028,대한약품공업(주),대한디-만니톨주사액20%,8806451004701,B05BC01,전문
2024,198700927,삼진제약(주),삼진타우로린주사2%(타우로리딘),8806478010808,B05CA05,전문
2024,198700927,삼진제약(주),삼진타우로린주사2%(타우로리딘),8806478053805,B05CA05,전문
2024,202102137,(주)한국비엠아이,네오로닌관류제,8806548024803,B05CA10,전문
2024,199200308,제이더블유중외제약(주),중외관류용멸균증류수,8806449023301,B05CX,일반
2024,200200304,대한약품공업(주),대한관류용멸균증류수,8806451003605,B05CX,일반
2024,201507982,(주)휴온스메디텍,시트로린액(시트르산수화물),8806704016109,B05CX,전문
2024,201708092,(주)퍼슨,비케이솔씨액(시트르산수화물),8806574013109,B05CX,전문
2024,199201369,에이치케이이노엔(주),유로솔액,8806400031208,B05CX10,전문
2024,197000017,제이더블유중외제약(주),중외염화칼륨주사액(150㎎/㎖),8806449032600,B05XA01,전문
2024,201103810,대한약품공업(주),대한염화칼륨-20,8806451038300,B05XA01,전문
2024,197400077,대한약품공업(주),대한염화칼륨-40(포타시움크로라이드주),8806451008600,B05XA01,전문
2024,200100637,(주)제일제약,제일제약염화칼륨주사액,8806505006804,B05XA01,전문
2024,197000017,제이더블유중외제약(주),중외염화칼륨주사액(150㎎/㎖),8806449032709,B05XA01,전문
2024,199900207,제이더블유중외제약(주),포스텐주(인산이수소칼륨),8806449042500,B05XA06,전문
2024,197300090,(주)제일제약,염카루주3%(염화칼슘수화물),8806505002400,B05XA07,전문
2024,200300195,제이더블유중외제약(주),중외3%염화칼슘주사액,8806449021000,B05XA07,전문
2024,202101707,(주)녹십자웰빙,지씨웰빙염화마그네슘주,8806811004501,B05XA11,전문
2024,201400316,대한뉴팜(주),대한뉴팜염화마그네슘주10%,8806699058900,B05XA11,전문
2024,200511666,(주)제니스팜,쿠스토디올액,8806603000407,B05XA16,전문
2024,200511666,(주)제니스팜,쿠스토디올액,8806603000308,B05XA16,전문
2024,198700175,제이더블유중외제약(주),중외심정지액1호,8806449123001,B05XA16,전문
2024,199900320,대한약품공업(주),대한글루콘산칼슘주,8806451003803,B05XA19,전문
2024,199101438,삼진제약(주),훌그램캡슐(클린다마이신염산염),8806478027509,J01FF01,전문
2024,199101439,삼진제약(주),훌그램주사(클린다마이신포스페이트),8806478027400,J01FF01,전문
2024,200401626,한국유니온제약(주),클리마이신주(클린다마이신포스페이트)(수출명:UnilimadinInj.),8806655042301,J01FF01,전문
2024,200401626,한국유니온제약(주),클리마이신주(클린다마이신포스페이트)(수출명:UnilimadinInj.),8806655053109,J01FF01,전문
2024,200300167,(주)유유제약,린코신캡슐(린코마이신염산염수화물),8806445001907,J01FF02,전문
2024,200300168,(주)유유제약,린코신캡슐500mg(린코마이신염산염수화물),8806445002003,J01FF02,전문
2024,199901471,삼진제약(주),삼진토브라마이신주사80밀리그램(토브라마이신),8806478010907,J01GB01,전문
2024,201804937,국제약품(주),트로나마이신앰플주80밀리그램(토브라마이신),8806437046602,J01GB01,전문
2024,198600034,신풍제약(주),신풍겐타마이신주80밀리그램,8806485018408,J01GB03,전문
2024,199600433,(주)휴메딕스,겐타프로주사(겐타마이신황산염),8806831001207,J01GB03,전문
2024,201607279,(주)유한양행,유한카나마이신황산염주사250mg/mL(카나마이신황산염),8806421049107,J01GB04,전문
2024,201501455,동화약품(주),자보란테정(자보플록사신D-아스파르트산염수화물),8806427063404,J01MA,전문
2024,199500311,일동제약(주),에펙신주(오플록사신),8806429013407,J01MA01,전문
2024,201601702,코오롱제약(주),로맥사신정100mg(로메플록사신염산염),8806703040204,J01MA07,전문
2024,199903690,한림제약(주),한림로메플록사신염산염정(수출명:필로신정),8806453026602,J01MA07,전문
2024,200004289,한림제약(주),한림로메플록사신염산염정200밀리그램,8806453026503,J01MA07,전문
2024,201307117,(주)엘지화학,팩티브주200밀리그램(제미플록사신메실산염),8806689024007,J01MA15,전문
2024,200202740,(주)엘지화학,팩티브정320밀리그램(제미플록사신메실산염),8806689011106,J01MA15,전문
2024,200501778,에스케이케미칼(주),오젝스정(토수플록사신토실산염수화물),8806447018804,J01MA22,전문
2024,200603930,(주)사노피-아벤티스코리아,로도질정,8806520001709,J01RA04,전문
2024,200607412,(주)서울메디칼,후콜리스티메테이트주(콜리스틴메탄설폰나트륨),8806988000108,J01XB01,전문
2024,201200983,삼천당제약(주),콜리스주(콜리스틴메탄설포네이트나트륨),8806512037303,J01XB01,전문
2024,199300808,아주약품(주),토미졸주(오르니다졸),8806540016509,J01XD03,전문
2024,201801271,(주)보령,보령니트로푸란토인캡슐,8806419068004,J01XE01,전문
2024,200700410,(주)한국팜비오,모누롤산(포스포마이신트로메탐올),8806599000603,J01XX01,전문
2024,200705482,한국화이자제약(주),자이복스주2밀리그람/밀리리터(리네졸리드),8806489007200,J01XX08,전문
2024,200008571,한국화이자제약(주),자이복스정600밀리그람(리네졸리드),8806489007101,J01XX08,전문
2024,201402365,영진약품(주),리네졸린정600밀리그램(리네졸리드),8806424038702,J01XX08,전문
2024,201505151,영진약품(주),리네졸린정300밀리그램(리네졸리드),8806424040002,J01XX08,전문
2024,201402275,에이치케이이노엔(주),씨네졸리드주2밀리그램/밀리리터(리네졸리드),8806400066200,J01XX08,전문
2024,202003724,일성신약(주),큐빅신주500밀리그램(답토마이신),8806554045700,J01XX09,전문
2024,202003723,일성신약(주),큐빅신주350밀리그램(답토마이신),8806554045502,J01XX09,전문
2024,202007028,영진약품(주),답토주350밀리그램(답토마이신),8806424048602,J01XX09,전문
2024,202007027,영진약품(주),답토주500밀리그램(답토마이신),8806424048701,J01XX09,전문
2024,201902913,(주)펜믹스,답토신주350밀리그램(답토마이신),8806771007109,J01XX09,전문
2024,199704225,길리어드사이언스코리아 유한회사,암비솜주사(주사용리포좀화한암포테리신B),8806259000301,J02AA01,전문
2024,199304444,디케이에스에이치코리아(주),훈기존주사50밀리그램(주사용암포테리신비),8800555000904,J02AA01,전문
2024,200511062,한국화이자제약(주),디푸루칸건조시럽(플루코나졸),8806489001802,J02AC01,전문
2024,199806500,(주)한국얀센,스포라녹스액(이트라코나졸),8806469004502,J02AC02,전문
2024,200108818,한국화이자제약(주),브이펜드주사200밀리그람(보리코나졸)(주사용),8806489003707,J02AC03,전문
2024,200108817,한국화이자제약(주),브이펜드정200밀리그람(보리코나졸),8806489003509,J02AC03,전문
2024,200711475,한국엠에스디(주),녹사필현탁액(포사코나졸(미분화)),8806555013401,J02AC04,전문
2024,201502727,한국엠에스디(주),녹사필장용정100밀리그램(포사코나졸(미분화)),8806555019106,J02AC04,전문
2024,202000447,한국화이자제약(주),크레셈바캡슐100mg(이사부코나조늄황산염),8806489034503,J02AC05,전문
2024,202000446,한국화이자제약(주),크레셈바주200mg(이사부코나조늄황산염),8806489034404,J02AC05,전문
2024,200109144,한국엠에스디(주),칸시다스주70밀리그램(카스포펀진아세테이트),8806555003808,J02AX04,전문
2024,200109143,한국엠에스디(주),칸시다스주50밀리그램(카스포펀진아세테이트),8806555003709,J02AX04,전문
2024,202001388,삼천당제약(주),카스펀주70밀리그램(카스포펀진아세테이트),8806512054003,J02AX04,전문
2024,202001389,삼천당제약(주),카스펀주50밀리그램(카스포펀진아세테이트),8806512054102,J02AX04,전문
2024,200610730,한국아스텔라스제약(주),마이카민주사50밀리그램(미카펑긴나트륨),8806772000604,J02AX05,전문
2024,200806020,한국화이자제약(주),에락시스주100밀리그램(아니둘라펀진과당혼합물),8806489013102,J02AX06,전문
2024,196400099,동아에스티(주),크로세린캡슐250밀리그램(시클로세린)(수출명:Dong-ACycloserine250mg),8806425034109,J04AB01,전문
2024,200210173,갈더마코리아(주),로세릴크림(아모롤핀염산염),8806557001109,D01AE16,일반
2024,201207362,주식회사 제뉴원사이언스,로마릴크림(아모롤핀염산염),8806717036002,D01AE16,일반
2024,200501812,오스틴제약(주),다나핀크림(부테나핀염산염),8806543000802,D01AE23,일반
2024,199600443,(주)퍼슨,성광멸균바세린거즈(백색바셀린),8806574001700,D02AC,일반
2024,200800378,큐앤큐팜(주),큐앤큐바셀린윤나거즈,8806810002706,D02AC,일반
2024,200800378,큐앤큐팜(주),큐앤큐바셀린윤나거즈,8806810003000,D02AC,일반
2024,200800378,큐앤큐팜(주),큐앤큐바셀린윤나거즈,8806810003109,D02AC,일반
2024,200800378,큐앤큐팜(주),큐앤큐바셀린윤나거즈,8806810000603,D02AC,일반
2024,200800378,큐앤큐팜(주),큐앤큐바셀린윤나거즈,8806810000702,D02AC,일반
2024,200800378,큐앤큐팜(주),큐앤큐바셀린윤나거즈,8806810001006,D02AC,일반
2024,200800378,큐앤큐팜(주),큐앤큐바셀린윤나거즈,8806810001600,D02AC,일반
2024,200800378,큐앤큐팜(주),큐앤큐바셀린윤나거즈,8806810001907,D02AC,일반
2024,200800378,큐앤큐팜(주),큐앤큐바셀린윤나거즈,8806810000900,D02AC,일반
2024,200800378,큐앤큐팜(주),큐앤큐바셀린윤나거즈,8806810001709,D02AC,일반
2024,200800378,큐앤큐팜(주),큐앤큐바셀린윤나거즈,8806810003604,D02AC,일반
2024,200800378,큐앤큐팜(주),큐앤큐바셀린윤나거즈,8806810001808,D02AC,일반
2024,200800378,큐앤큐팜(주),큐앤큐바셀린윤나거즈,8806810003307,D02AC,일반
2024,200800378,큐앤큐팜(주),큐앤큐바셀린윤나거즈,8806810003802,D02AC,일반
2024,200800378,큐앤큐팜(주),큐앤큐바셀린윤나거즈,8806810002607,D02AC,일반
2024,200800378,큐앤큐팜(주),큐앤큐바셀린윤나거즈,8806810002805,D02AC,일반
2024,200800378,큐앤큐팜(주),큐앤큐바셀린윤나거즈,8806810003406,D02AC,일반
2024,200800378,큐앤큐팜(주),큐앤큐바셀린윤나거즈,8806810003505,D02AC,일반
2024,200800378,큐앤큐팜(주),큐앤큐바셀린윤나거즈,8806810003208,D02AC,일반
2024,201801599,광동제약(주),다나큐아크림,8806418066100,D02AE51,일반
2024,201907451,(주)그린제약,아크원팁스왑액(살리실산),8806483013405,D02AF,일반
2024,200906062,(주)한국팜비오,페이론캡슐(아미노벤조산칼륨),8806599003802,D02BA01,전문
2024,202104462,(주)안트로젠,퀸셀(자가지방조직유래최소조작지방세포),8806720000908,D03,전문
2024,202106171,(주)바이오솔루션,케라힐(바솔자가피부유래각질세포),8806733000506,D03,전문
2024,202106170,(주)바이오솔루션,케라힐-알로(바솔동종피부유래각질세포),8806733000605,D03,전문
2024,202106210,테고사이언스(주),칼로덤(사람유래피부각질세포),8806736001203,D03,전문
2024,202106210,테고사이언스(주),칼로덤(사람유래피부각질세포),8806736000909,D03,전문
2024,202106197,테고사이언스(주),홀로덤(자기유래피부각질세포),8806736000701,D03,전문
2024,202106147,테고사이언스(주),로스미르(테고자가피부유래섬유아세포),8806736000800,D03,전문
2024,202106210,테고사이언스(주),칼로덤(사람유래피부각질세포),8806736001104,D03,전문
2024,199604959,(주)한도상사,미보(MEBO)연고,8806492000106,D03AX,일반
2024,201002496,(주)대웅제약,이지에프새살연고(재조합인간상피세포성장인자),8806416046609,D03AX,일반
2024,199700704,(주)대웅제약,이지에프외용액0.005%(재조합인간상피세포성장인자),8806416021200,D03AX,전문
2024,200511332,(주)동인제약,코네티비나겔(히알루론산나트륨),8800599000106,D03AX05,일반
2024,200603947,(주)동인제약,코네티비나거즈(히알루론산나트륨),8800599000205,D03AX05,일반
2024,199604632,고려제약(주),비아핀에멀젼(트롤아민),8806428008107,D03AX12,일반
2024,199300112,동국제약(주),마데카솔분말(센텔라정량추출물),8806534005403,D03AX14,일반
2024,202101213,동국제약(주),마데카솔겔(센텔라정량추출물),8806534048301,D03AX14,일반
2024,200808116,(주)대웅제약,피블라스트스프레이(트라페르민),8806416028308,D03AX15,전문
2024,202300708,(주)녹십자,써버쿨겔,8806436065109,D04AB,일반
2024,199304102,레오파마(유),다이보넥스연고(칼시포트리올),8806267000102,D05AX02,전문
2024,201607369,레오파마(유),엔스틸룸폼,8806267001000,D05AX52,전문
2024,200806769,(주)종근당,네오티가손캡슐10밀리그램(아시트레틴),8806433047801,D05BB02,전문
2024,200903973,동국제약(주),마데카솔케어연고,8806534016409,D06AX,일반
2024,200809293,신신제약(주),새사래첩부제(퓨시드산나트륨),8806438014600,D06AX01,일반
2024,198200011,신풍제약(주),신풍겐타마이신황산염크림,8806485024409,D06AX07,일반
2024,202107880,부광약품(주),오자넥스크림(오제녹사신),8806422045702,D06AX14,전문
2024,197500187,동화약품(주),실마진1%크림(설파디아진은)(수출명:EmzinCreamSilverSulfadiazine1%),8806427021305,D06BA01,전문
2024,200903988,태극제약(주),실버케어크림(설파디아진은),8806448036906,D06BA01,전문
2024,200301079,(주)동구바이오제약,메페드크림(마페니드아세트산염),8806573016200,D06BA03,전문
2024,201908697,주식회사 제뉴원사이언스,펜시비어크림(펜시클로버),8806717062704,D06BB06,전문
2024,200710217,동아에스티(주),알다라크림(이미퀴모드),8806425025107,D06BB10,전문
2024,199902024,(주)비씨월드제약,메로겔(메트로니다졸),8806531033904,D06BX01,전문
2024,200707403,제이더블유신약(주),락티손에이취씨현탁액2.5%(히드로코르티손),8806441001505,D07AA02,일반
2024,200808088,코오롱제약(주),포스터100/6에이치에프에이,8806703021807,R03AK08,전문
2024,201402919,(주)글락소스미스클라인,렐바200엘립타,8806500029303,R03AK10,전문
2024,201402920,(주)글락소스미스클라인,렐바100엘립타,8806500029402,R03AK10,전문
2024,201309961,한국먼디파마 유한회사,플루티폼흡입제125μg/5μg,8806780002904,R03AK11,전문
2024,202009235,한국노바티스(주),어택트라흡입용캡슐150/160마이크로그램,8806536033305,R03AK14,전문
2024,201403055,(주)글락소스미스클라인,아노로62.5엘립타,8806500029600,R03AL03,전문
2024,201402366,한국노바티스(주),조터나흡입용캡슐110/50마이크로그램,8806536024907,R03AL04,전문
2024,201501019,주식회사 에스피씨코리아,듀어클리어제뉴에어400/12마이크로그램,8800568000403,R03AL05,전문
2024,201506154,한국베링거인겔하임(주),바헬바레스피맷,8806535014909,R03AL06,전문
2024,201802022,(주)글락소스미스클라인,트렐리지엘립타,8806500031405,R03AL08,전문
2024,202203666,(주)글락소스미스클라인,트렐리지200엘립타흡입제,8806500032600,R03AL08,전문
2024,201906492,코오롱제약(주),트림보우흡입제100/6/12.5(베클로메타손디프로피오네이트포르모테롤푸마르산염수화물글리코피로니움브롬화물),8806703043502,R03AL09,전문
2024,202107369,한국아스트라제네카(주),브레즈트리에어로스피어흡입제160/7.2/5.0마이크로그램,8806507012506,R03AL11,전문
2024,202009237,한국노바티스(주),에너제어흡입용캡슐150/50/80마이크로그램,8806536033701,R03AL12,전문
2024,202009238,한국노바티스(주),에너제어흡입용캡슐150/50/160마이크로그램,8806536033602,R03AL12,전문
2024,199304434,한국아스트라제네카(주),풀미코트터부헬러200㎍/dose(부데소니드(미분화)),8806507006109,R03BA02,전문
2024,199403233,한국아스트라제네카(주),풀미코트레스퓰분무용현탁액0.5mg/2ml(부데소니드(미분화)),8806507005706,R03BA02,전문
2024,200100450,건일제약(주),풀미칸분무용현탁액(미분화부데소니드),8806468013604,R03BA02,전문
2024,199604661,(주)글락소스미스클라인,후릭소타이드디스커스250마이크로그램(플루티카손프로피오네이트(미분화)),8806500016808,R03BA05,전문
2024,199604660,(주)글락소스미스클라인,후릭소타이드디스커스100마이크로그램(플루티카손프로피오네이트(미분화)),8806500016709,R03BA05,전문
2024,200307778,(주)글락소스미스클라인,후릭소타이드주니어에보할러50마이크로그램(플루티카손프로피오네이트(미분화)),8806500017300,R03BA05,전문
2024,200704589,에스케이케미칼(주),알베스코흡입제80(시클레소니드),8806447049006,R03BA08,전문
2024,200704588,에스케이케미칼(주),알베스코흡입제160(시클레소니드),8806447048900,R03BA08,전문
2024,201606838,(주)글락소스미스클라인,아뉴이티200엘립타(플루티카손푸로에이트(미분화)),8806500031306,R03BA09,전문
2024,201606837,(주)글락소스미스클라인,아뉴이티100엘립타(플루티카손푸로에이트(미분화)),8806500031207,R03BA09,전문
2024,199304302,한국베링거인겔하임(주),아트로벤트흡입액유디비(이프라트로퓸브롬화물수화물),8806535006102,R03BB01,전문
2024,200600103,건일바이오팜(주),아벤트로흡입액(브롬화이프라트로피움일수화물),8800730000101,R03BB01,전문
2024,200209849,한국베링거인겔하임(주),스피리바흡입용캡슐(티오트로퓸브롬화물수화물),8806535005303,R03BB04,전문
2024,200209849,한국베링거인겔하임(주),스피리바흡입용캡슐(티오트로퓸브롬화물수화물),8806535005204,R03BB04,전문
2024,200811444,한국베링거인겔하임(주),스피리바레스피맷(티오트로퓸브롬화물수화물),8806535008601,R03BB04,전문
2024,201402911,주식회사 에스피씨코리아,에클리라제뉴에어400마이크로그램(아클리디니움브롬화물(미분화)),8800568000304,R03BB05,전문
2024,201504150,(주)글락소스미스클라인,인크루즈엘립타(유메클리디늄브롬화물),8806500030507,R03BB07,전문
2024,195700013,(주)제일제약,제일에페드린염산염주사액4%,8806505004602,R03CA02,전문
2024,195800018,대원제약(주),대원염산에페드린주사액[수출명:에린주사(에페드린염산염)(ErineInj.)],8806718007308,R03CA02,전문
2024,198902559,한국오츠카제약(주),메프친정(프로카테롤염산염수화물),8806499000406,R03CC08,전문
2024,198902560,한국오츠카제약(주),메프친정25마이크로그램(프로카테롤염산염수화물),8806499000505,R03CC08,전문
2024,199400505,(주)유한양행,밤벡정10mg(밤부테롤염산염),8806421005806,R03CC12,전문
2024,198600462,삼아제약(주),삼아아토크건조시럽(포르모테롤푸마르산염수화물),8806457006808,R03CC15,전문
2024,198600457,삼아제약(주),삼아아토크정(포르모테롤푸마르산염수화물)(수출명:삼아포르모테롤푸마르산염수화물정),8806457006907,R03CC15,전문
2024,199400670,삼아제약(주),삼아아토크정20마이크로그램(포르모테롤푸마르산염수화물)(수출명:삼아포르모테롤푸마르산염수화물정20마이크로그램),8806457007003,R03CC15,전문
2024,198801976,한미약품(주),암브로콜정(암브록솔클렌부테롤),8806435018403,R03CC63,전문
2024,201701042,현대약품(주),설포라제CR서방정(아세브로필린),8806420040709,R03DA,전문
2024,200302202,알보젠코리아(주),데오크레건조시럽20%(테오필린),8806526047008,R03DA04,전문
2024,199800976,알보젠코리아(주),테올란비서방캡슐200밀리그램(테오필린),8806526013706,R03DA04,전문
2024,199800979,알보젠코리아(주),테올란비서방캡슐100밀리그램(테오필린),8806526013607,R03DA04,전문
2024,197000102,대원제약(주),대원아미노필린정(아미노필린수화물),8806718005106,R03DA05,전문
2024,200102995,(주)휴온스,휴온스아미노필린주사액,8806706032602,R03DA05,전문
2024,200805990,안국약품(주),애니코프캡슐300밀리그램(테오브로민),8806502029707,R03DA07,전문
2024,200710105,대화제약(주),렉시핀정(독소필린),8806456008308,R03DA11,전문
2024,200101732,부광약품(주),액시마정(독소필린),8806422015408,R03DA11,전문
2024,202301421,명인제약(주),펠로오디정20밀리그램(메만틴염산염),8806519053009,N06DX01,전문
2024,200308323,한국룬드벡(주),에빅사액(메만틴염산염),8806680000307,N06DX01,전문
2024,201706583,환인제약(주),환인메만틴오디정5밀리그램(메만틴염산염),8806572031808,N06DX01,전문
2024,201706584,환인제약(주),환인메만틴오디정10밀리그램(메만틴염산염),8806572031907,N06DX01,전문
2024,199000274,대한약품공업(주),대한네오스티그민메틸황산염주사액,8806451005500,N07AA01,전문
2024,199000591,(주)제일제약,제일제약네오스티그민메틸황산염주,8806505005500,N07AA01,전문
2024,199902012,고려제약(주),메스티논정(피리도스티그민브롬화물),8806428005809,N07AA02,전문
2024,199806333,한국에자이(주),살라겐정(필로카르핀염산염),8806211000400,N07AX01,전문
2024,200807208,(주)씨티씨바이오,필로겐정(필로카르핀염산염),8806695009500,N07AX01,전문
2024,201605455,명문제약(주),뉴라렌주(콜린알포세레이트),8806498070301,N07AX02,전문
2024,200703932,한국존슨앤드존슨판매(유),니코레트껌4밀리그람(니코틴)(쿨민트향),8806723000202,N07BA01,일반
2024,200703926,한국존슨앤드존슨판매(유),니코레트껌2밀리그람(니코틴)(쿨민트향),8806723000103,N07BA01,일반
2024,200511037,헤일리온코리아 주식회사,니코틴엘로젠즈민트향트로키1밀리그램(니코틴타르타르산염수화물),8800516001803,N07BA01,일반
2024,200603856,헤일리온코리아 주식회사,니코틴엘껌2밀리그램(니코틴),8800516001902,N07BA01,일반
2024,201504059,신일제약(주),니코에이껌(니코틴폴라크릴렉스),8806538050706,N07BA01,일반
2024,200501241,환인제약(주),환인아캄프로세이트정(아캄프로세이트칼슘),8806572010407,N07BB03,전문
2024,201900645,명인제약(주),명인아캄프로세이트정333mg(아캄프로세이트칼슘),8806519047404,N07BB03,전문
2024,201402276,주식회사큐엘파마,마이그리진정(신나리진),8806734003001,N07CA02,전문
2024,200307980,(주)한국유니팜,알레버트정,8806858001105,N07CA52,전문
2024,201207688,주식회사큐엘파마,에르버트정,8806734002301,N07CA52,전문
2024,201500638,에이치엘비제약(주),씨트렐린구강붕해정5밀리그램(탈티렐린수화물),8806473030207,N07XX,전문
2024,200805962,(주)사노피-아벤티스코리아,리루텍정(리루졸),8806520002201,N07XX02,전문
2024,202202295,에스케이케미칼(주),테글루틱현탁액(리루졸),8806447049501,N07XX02,전문
2024,201404976,(주)유영제약,유리텍정(리루졸),8806482038409,N07XX02,전문
2024,201402784,(주)삼오제약,삼오팜프리딘서방정10밀리그램(팜프리딘),8806597009509,N07XX07,전문
2024,201502560,한국화이자제약(주),빈다켈캡슐20밀리그램(타파미디스메글루민염),8806489029103,N07XX08,전문
2024,202005887,한국화이자제약(주),빈다맥스캡슐61밀리그램(타파미디스),8806489035104,N07XX08,전문
2024,202009335,미쓰비시다나베파마코리아 주식회사,와킥스필름코팅정20밀리그램(피톨리산트염산염),8806533011702,N07XX11,전문
2024,202009336,미쓰비시다나베파마코리아 주식회사,와킥스필름코팅정5밀리그램(피톨리산트염산염),8806533011603,N07XX11,전문
2024,201508336,미쓰비시다나베파마코리아 주식회사,라디컷주30mg(에다라본),8806533010002,N07XX14,전문
2024,196500004,에이치케이이노엔(주),후라시닐정(메트로니다졸),8806400027607,P01AB01,전문
2024,197400345,신일제약(주),티니다진정(티니다졸),8806538026404,P01AB02,전문
2024,197800390,신일제약(주),티니다진정500밀리그램(티니다졸),8806538026503,P01AB02,전문
2024,199901136,명인제약(주),비바퀸정(프리마퀸인산염),8806519012402,P01BA03,전문
2024,200209639,(주)글락소스미스클라인,말라론정,8806500003303,P01BB51,전문
2024,199604708,디케이에스에이치코리아(주),라리암정250밀리그램(메플로퀸염산염),8800555000409,P01BC02,전문
2024,201105366,신풍제약(주),피라맥스정(수출명:PyramaxfilmcoatedtabletsARPYCOMfilmcoatedtablets),8806485066003,P01BF06,전문
2024,201602737,신풍제약(주),피라맥스과립,8806485076200,P01BF06,전문
2024,200009199,한국화이자제약(주),화이자펜타미딘이세티온산염주300mg,8806489030208,P01CX01,전문
2024,198300002,신풍제약(주),디스토시드정(프라지콴텔)군납명:프라지콴텔정,8806485003404,P02BA01,전문
2024,199400833,태극제약(주),훌벤현탁액(플루벤다졸),8806448032106,P02CA05,일반
2024,199300228,(주)종근당,젤콤현탁액(플루벤다졸),8806433025304,P02CA05,일반
2024,199400891,일양약품(주),알콤정(플루벤다졸),8806417011507,P02CA05,일반
2024,198800154,(주)종근당,젤콤정(플루벤다졸),8806433025205,P02CA05,일반
2024,201507643,(주)대웅제약,오메크린크림(퍼메트린),8806416059906,P03AC04,전문
2024,201905706,신신제약(주),신신퍼메트린크림,8806438030402,P03AC04,전문
2024,200702008,태극제약(주),감마린디액,8806448000600,P03AC51,일반
2024,200607886,신신제약(주),라이센드플러스액,8806438000801,P03AC51,일반
2024,197400416,(주)녹십자,유락신연고(크로타미톤),8806436014008,P03AX,일반
2024,200905677,태극제약(주),타미락신연고(크로타미톤),8806448039204,P03AX,일반
2024,200102641,제이더블유신약(주),제이더블유신약페닐에프린액(페닐레프린염산염),8806441006500,R01AA04,일반
2024,201101902,태극제약(주),시네프린나잘액0.5%(페닐레프린염산염),8806448045304,R01AA04,일반
2024,201907005,동아제약(주),노즈원큐나잘스프레이(무향멘톨향),8806265015504,R01AB06,일반
2024,202301363,(주)종근당,모드알레나잘스프레이,8806433093907,R01AB07,일반
2024,199301718,부광약품(주),아젭틴비액(아젤라스틴염산염),8806422014609,R01AC03,전문
2024,202000400,한국다이이찌산쿄주식회사,탈리제정10밀리그램(미로가발린베실산염),8806809002601,N02BF03,전문
2024,202000399,한국다이이찌산쿄주식회사,탈리제정15밀리그램(미로가발린베실산염),8806809002502,N02BF03,전문
2024,202000402,한국다이이찌산쿄주식회사,탈리제정2.5밀리그램(미로가발린베실산염),8806809002809,N02BF03,전문
2024,201205549,(주)한국팜비오,올페인캡슐(네포팜염산염),8806599006407,N02BG06,전문
2024,199602669,지엘파마(주),크래밍정(수출명:MigralTab.),8806497008909,N02CA52,전문
2024,199906868,(주)글락소스미스클라인,나라믹정2.5밀리그램(나라트립탄염산염),8806500000906,N02CC02,전문
2024,202106983,(주)유유제약,나그란구강붕해정2.5밀리그램(나라트립탄염산염),8806445033007,N02CC02,전문
2024,199907046,한국아스트라제네카(주),조믹정2.5밀리그램(졸미트립탄),8806507004709,N02CC03,전문
2024,200802188,(주)유한양행,알모그란정(알모트립탄말산염),8806421011005,N02CC05,전문
2024,200903830,에스케이케미칼(주),미가드정2.5밀리그램(프로바트립탄숙신산염일수화물),8806447033104,N02CC07,전문
2024,202201945,일동제약(주),레이보우정50밀리그램(라스미디탄헤미숙신산염),8806429066700,N02CC08,전문
2024,202201946,일동제약(주),레이보우정100밀리그램(라스미디탄헤미숙신산염),8806429066601,N02CC08,전문
2024,201906308,한국릴리(유),앰겔러티120밀리그램/밀리리터프리필드펜주(갈카네주맙유전자재조합),8806708012008,N02CD02,전문
2024,202105576,주식회사 한독테바,아조비오토인젝터주(프레마네주맙유전자재조합),8806269009509,N02CD03,전문
2024,202105577,주식회사 한독테바,아조비프리필드시린지주(프레마네주맙유전자재조합),8806269009400,N02CD03,전문
2024,197000212,하나제약(주),하나페노바르비탈정,8806578028703,N03AA02,전문
2024,198401383,(주)제일제약,제일페노바르비탈주사액(페노바르비탈나트륨),8806505008402,N03AA02,전문
2024,198000160,(주)대웅제약,대웅프리미돈정,8806416010600,N03AA03,전문
2024,197500285,환인제약(주),환인히단토인정(페니토인),8806572011206,N03AB02,전문
2024,198500605,명인제약(주),명인페니토인정100밀리그램,8806519009105,N03AB02,전문
2024,198100305,삼진제약(주),삼진페니토인나트륨주사100밀리그램,8806478011201,N03AB02,전문
2024,197000104,부광약품(주),부광페니토인캡슐100밀리그램,8806422010700,N03AB02,전문
2024,200806793,한림제약(주),쎄레빅스주사(포스페니토인나트륨),8806453040400,N03AB05,전문
2024,200806793,한림제약(주),쎄레빅스주사(포스페니토인나트륨),8806453040301,N03AB05,전문
2024,201200246,영풍제약(주),자론티연질캡슐(에토숙시미드),8806619040404,N03AD01,전문
2024,201400403,환인제약(주),환인클로나제팜정0.5밀리그램,8806572026903,N03AE01,전문
2024,200610884,(주)종근당,리보트릴정(클로나제팜),8806433088002,N03AE01,전문
2024,200307816,한국노바티스(주),테그레톨정200밀리그램(카르바마제핀),8806536011303,N03AF01,전문
2024,200307818,한국노바티스(주),테그레톨시럽2%(카르바마제핀),8806536011105,N03AF01,전문
2024,198500634,명인제약(주),카마제핀정(카르바마제핀),8806519018602,N03AF01,전문
2024,200611514,한국노바티스(주),트리렙탈현탁액6%(옥스카르바제핀),8806536011709,N03AF02,전문
2024,200905915,(주)한독,이노베론필름코팅정400mg(루피나미드),8806521053103,N03AF03,전문
2024,200905916,(주)한독,이노베론필름코팅정200mg(루피나미드),8806521053202,N03AF03,전문
2024,202007717,환인제약(주),제비닉스정200밀리그램(에슬리카르바제핀아세테이트(미분화)),8806572037107,N03AF04,전문
2024,202007718,환인제약(주),제비닉스정800밀리그램(에슬리카르바제핀아세테이트(미분화)),8806572037206,N03AF04,전문
2024,199504171,한국애보트 유한회사,데파코트스프링클캡슐(디발프로엑스나트륨),8806442001009,N03AG01,전문
2024,198000301,삼진제약(주),에필람정(발프로산나트륨),8806478017203,N03AG01,전문
2024,200001939,부광약품(주),오르필시럽(발프로산나트륨),8806422017303,N03AG01,전문
2024,200001457,명인제약(주),프로막정500밀리그램(발프로산마그네슘),8806519023903,N03AG01,전문
2024,201004349,명인제약(주),프로막정300밀리그램(발프로산마그네슘),8806519033100,N03AG01,전문
2024,200001458,명인제약(주),프로막정200밀리그램(발프로산마그네슘),8806519023804,N03AG01,전문
2024,199801023,(주)한독,사브릴정500밀리그램(비가바트린),8806521004808,N03AG04,전문
2024,201706474,에스케이케미칼(주),큐덱시서방캡슐50밀리그램(토피라메이트),8806447045503,N03AX11,전문
2024,201706471,에스케이케미칼(주),큐덱시서방캡슐100밀리그램(토피라메이트),8806447045206,N03AX11,전문
2024,201706472,에스케이케미칼(주),큐덱시서방캡슐200밀리그램(토피라메이트),8806447045305,N03AX11,전문
2024,201706473,에스케이케미칼(주),큐덱시서방캡슐25밀리그램(토피라메이트),8806447045404,N03AX11,전문
2024,200703693,한국유씨비제약(주),케프라액(레비티라세탐),8806541001306,N03AX14,전문
2024,201309922,명인제약(주),큐팜액(레비티라세탐),8806519038907,N03AX14,전문
2024,199000165,동아에스티(주),엑세그란정(조니사미드),8806425008209,N03AX15,전문
2024,201901941,에스케이케미칼(주),빔스크주(라코사미드),8806447047002,N03AX18,전문
2024,201504773,한국에자이(주),파이콤파필름코팅정10밀리그램(페람파넬),8806211001100,N03AX22,전문
2024,201504772,한국에자이(주),파이콤파필름코팅정8밀리그램(페람파넬),8806211001001,N03AX22,전문
2024,201504771,한국에자이(주),파이콤파필름코팅정6밀리그램(페람파넬),8806211000806,N03AX22,전문
2024,201801233,(주)프레제니우스메디칼케어코리아,벨포로츄어블정(수크로제이철옥시수산화물),8806643006209,V03AE05,전문
2024,202201885,한국쿄와기린(주),네폭실캡슐500mg(구연산제이철수화물),8806663004001,V03AE08,전문
2024,199304085,부광약품(주),유로미텍산주(메스나),8806422018201,V03AF01,전문
2024,200704949,클리니젠코리아 유한회사,카디옥산주500밀리그램(덱스라족산),8800761000101,V03AF02,전문
2024,199907236,한국화이자제약(주),화이자류코보린주(폴리네이트칼슘),8806489030000,V03AF03,전문
2024,198600880,삼진제약(주),페르본주사(폴리네이트칼슘),8806478024706,V03AF03,전문
2024,201101492,삼진제약(주),페르본주사1%(폴리네이트칼슘),8806478035207,V03AF03,전문
2024,201101492,삼진제약(주),페르본주사1%(폴리네이트칼슘),8806478035405,V03AF03,전문
2024,201101492,삼진제약(주),페르본주사1%(폴리네이트칼슘),8806478035504,V03AF03,전문
2024,201101492,삼진제약(주),페르본주사1%(폴리네이트칼슘),8806478035108,V03AF03,전문
2024,198901292,삼진제약(주),페르본주사15밀리그람(폴리네이트칼슘),8806478024904,V03AF03,전문
2024,199001320,삼진제약(주),페르본주사100밀리그람(폴리네이트칼슘),8806478024805,V03AF03,전문
2024,199301651,삼진제약(주),페르본주사30밀리그람(폴리네이트칼슘),8806478025000,V03AF03,전문
2024,199301652,삼진제약(주),페르본주사50밀리그람(폴리네이트칼슘),8806478025109,V03AF03,전문
2024,199101470,한국유나이티드제약(주),나이린주10mg/mL(폴리네이트칼슘)(수출명:KunyrinInjection50mgKunyrinInj.30mg/3mLLitacorInj.50mg/5mL),8806443000902,V03AF03,전문
2024,201101492,삼진제약(주),페르본주사1%(폴리네이트칼슘),8806478035306,V03AF03,전문
2024,199001319,삼진제약(주),페르본정(폴리네이트칼슘),8806478024607,V03AF03,전문
2024,199101470,한국유나이티드제약(주),나이린주10mg/mL(폴리네이트칼슘)(수출명:KunyrinInjection50mgKunyrinInj.30mg/3mLLitacorInj.50mg/5mL),8806443091603,V03AF03,전문
2024,201103168,명문제약(주),로이코소듐주5%(폴리네이트나트륨),8806498053403,V03AF06,전문
2024,201103168,명문제약(주),로이코소듐주5%(폴리네이트나트륨),8806498061101,V03AF06,전문
2024,200603896,(주)사노피-아벤티스코리아,패스터텍주1.5밀리그램(라스부리카제),8806520005509,V03AF07,전문
2024,202104681,한국노바티스(주),리사케어주,8806536034302,V03AF11,전문
2024,202107133,에스케이케미칼(주),레밋치구강붕해정2.5마이크로그램(날푸라핀염산염),8806447049105,V03AX02,전문
2024,199903135,(주)태준제약,디아솔에스액(포도당),8806501001407,V04CA02,전문
2024,200711320,맥널티제약(주),글루오렌지100액(포도당),8806415000107,V04CA02,전문
2024,200706358,(주)엑세스파마,튜베르쿨린피피디AJV(정제튜베르쿨린(PPD)),8806731000102,V04CF01,전문
2024,200101716,한국유나이티드제약(주),카르민주0.8%(인디고카르민),8806443038509,V04CH02,전문
2024,201210157,(주)사노피-아벤티스코리아,타이로젠주(티로트로핀알파),8806520012903,V04CJ01,전문
2024,199300103,신풍제약(주),세레브렌주(프로티렐린타르타르산염수화물),8806485015407,V04CJ02,전문
2024,199704510,(주)원메디칼,치료용알러젠추출물주사,8806833000307,V04CL,전문
2024,199704509,(주)원메디칼,스크랫치테스트용알러젠추출물,8806833000109,V04CL,전문
2024,201004241,(주)신영로파마,로파마알레르기진단용시약,8806986000100,V04CL,전문
2024,199403191,(주)신광신약,다이아그노스틱알러젠익스트렉트,8806568000108,V04CL,전문
2024,199403192,(주)신광신약,캄프리헨시브스킨테스트캐비넷,8806568000801,V04CL,전문
2024,200805035,(주)위드헬스케어,발긴발포과립,8806254000207,V04CX,전문
2024,200805162,(주)태남교역,유레아캡슐(14C우레아),8806970000109,V04CX,전문
2024,201006503,(주)비엠에스,헬리캡캡슐(우레아(C14)),8806222000109,V04CX,전문
2024,201404143,(주)오스콜메디켐,프로보콜린산100밀리그램(메타콜린염화물),8806622000600,V04CX03,전문
2024,200805048,클리니젠코리아 유한회사,아리돌흡입용캡슐콤비팩(만니톨),8800761000507,V04CX04,전문
2024,200713364,한국오츠카제약(주),유비트정100밀리그람,8806499003803,V04CX05,전문
2024,201110672,세정엠아이주식회사,우레아13C브래스테스트키트(13C요소50밀리그램),8806236000102,V04CX05,전문
2024,200404741,(주)휴온스생명과학,헬리파인더캡슐(13C-요소),8800527004305,V04CX05,전문
2024,200805993,제이더블유중외제약(주),엔커버액,8806449122301,V06DB,전문
2024,201007457,비브라운코리아(주),하모닐란액,8806674008500,V06DB,전문
2024,198701583,구주제약(주),엘씨500연질캡슐(엘-시스틴),8806698021707,V06DD,일반
2024,199903754,(주)알피바이오,시스틴500연질캡슐(L-시스틴),8806616007707,V06DD,일반
2024,200600665,유니메드제약(주),엘시콤정,8806495017507,V06DX,일반
2024,200511435,(주)더존월드,더존오팔레센스에프15%(레귤라메론),8806893000309,V07AT,일반
2024,201604171,오스템파마 주식회사,뷰티스15미백겔(과산화수소수35%),8800535000108,V07AT,전문
2024,201405890,삼일제약(주),트리니티화이트겔(과산화수소수35%),8806439033204,V07AT,전문
2024,201804150,오스템파마 주식회사,뷰티스홈10%겔(카바마이드퍼옥사이드),8800535001501,V07AT,일반
2024,201804151,오스템파마 주식회사,뷰티스홈15%겔,8800535001600,V07AT,일반
2024,199906999,한국쓰리엠(주),쓰리엠스테리-가스EO카트리지,8806410000201,V07AV,일반
2024,201901806,(주)에이치피앤씨,트리스텔스포리와입스앤폼,8800569000204,V07AV,전문
2024,202103785,(주)에이치피앤씨,트리스텔듀오폼,8800569000303,V07AV,전문
2024,200202872,한림제약(주),피알디현탁시럽0.1%(프레드니솔론),8806453022109,H02AB06,전문
2024,198701725,초당약품공업(주),트라시논정(트리암시놀론),8806707010708,H02AB08,전문
2024,199401972,초당약품공업(주),트라시논정1밀리그램(트리암시놀론),8806707010807,H02AB08,전문
2024,199903340,초당약품공업(주),트라시논정2밀리그램(트리암시놀론),8806707010906,H02AB08,전문
2024,200501789,에스케이케미칼(주),레더코트정(트리암시놀론),8806447003008,H02AB08,전문
2024,198400184,한올바이오파마(주),코티소루주(히드로코르티손숙시네이트나트륨),8806556016807,H02AB09,전문
2024,201706147,(주)다림바이오텍,씬지록신정75마이크로그램(레보티록신나트륨수화물),8806646022206,H03AA01,전문
2024,200301116,(주)다림바이오텍,씬지록신정100마이크로그램(레보티록신나트륨수화물),8806646006909,H03AA01,전문
2024,201604650,(주)다림바이오텍,씬지록신정150마이크로그램(레보티록신나트륨수화물),8806646021605,H03AA01,전문
2024,201706645,(주)다림바이오텍,씬지록신정125마이크로그램(레보티록신나트륨수화물),8806646022305,H03AA01,전문
2024,201706861,(주)다림바이오텍,씬지록신정88마이크로그램(레보티록신나트륨수화물),8806646022503,H03AA01,전문
2024,201706671,(주)다림바이오텍,씬지록신정25마이크로그램(레보티록신나트륨수화물),8806646022404,H03AA01,전문
2024,200301117,(주)다림바이오텍,씬지록신정50마이크로그램(레보티록신나트륨수화물),8806646007005,H03AA01,전문
2024,201804237,부광약품(주),씬지로이드정0.2밀리그램(레보티록신나트륨수화물),8806422043609,H03AA01,전문
2024,201900107,부광약품(주),씬지로이드정0.112밀리그램(레보티록신나트륨수화물),8806422043708,H03AA01,전문
2024,201902912,부광약품(주),씬지로이드정0.0375밀리그램(레보티록신나트륨수화물),8806422044101,H03AA01,전문
2024,200401821,부광약품(주),씬지로이드정0.05밀리그램(레보티록신나트륨수화물),8806422013503,H03AA01,전문
2024,200501664,부광약품(주),씬지로이드정0.15밀리그램(레보티록신나트륨수화물),8806422013602,H03AA01,전문
2024,197400278,부광약품(주),씬지로이드정0.1밀리그램(레보티록신나트륨수화물),8806422013404,H03AA01,전문
2024,201605340,부광약품(주),씬지로이드정0.075밀리그램(레보티록신나트륨수화물),8806422041803,H03AA01,전문
2024,201903264,부광약품(주),씬지로이드정0.025밀리그램(레보티록신나트륨수화물),8806422044200,H03AA01,전문
2024,201503196,(주)다림바이오텍,테트로닌정5㎍(리오티로닌나트륨),8806646021506,H03AA02,전문
2024,197800305,부광약품(주),안티로이드정(프로필티오우라실),8806422014906,H03BA02,전문
2024,200401519,(주)다림바이오텍,카멘정5밀리그람(카르비마졸),8806646008705,H03BB01,전문
2024,200401526,(주)다림바이오텍,카멘정10밀리그람(카르비마졸),8806646008507,H03BB01,전문
2024,202106231,(주)다림바이오텍,메티졸정2.5밀리그램(메티마졸),8806646027003,H03BB02,전문
2024,202100592,부광약품(주),부광메티마졸정2.5밀리그램,8806422045207,H03BB02,전문
2024,197800303,부광약품(주),부광메티마졸정,8806422006802,H03BB02,전문
2024,202106230,(주)다림바이오텍,메티졸정5밀리그램(메티마졸),8806646026907,H03BB02,전문
2024,201505077,주식회사 제뉴원사이언스,제뉴원젬스테인용액,8806717047701,H03CA,전문
2024,199802278,하나제약(주),엘카닌주(엘카토닌),8806578014102,H05BA04,전문
2024,200502108,하나제약(주),엘카닌주20아이유(엘카토닌),8806578014201,H05BA04,전문
2024,196000001,(주)종근당,테라싸이클린캅셀250밀리그람(염산테트라싸이클린),8806433037406,J01AA07,전문
2024,198501028,에스케이케미칼(주),미노씬캡슐50mg(미노사이클린염산염),8806447005903,J01AA08,전문
2024,202203142,(주)메디카코리아,미노클캡슐50밀리그램(미노사이클린염산염),8806460055800,J01AA08,전문
2024,202302765,한국화이자제약(주),타이가실주(타이제사이클린),8806489038808,J01AA12,전문
2024,197300121,영진약품(주),펜브렉스주500mg(암피실린나트륨),8806424016205,J01CA01,전문
2024,197600036,(주)종근당,앰씰린캡슐500밀리그램(암피실린수화물)(수출명:앰씬캡슐500밀리그램),8806433018306,J01CA01,전문
2024,197000005,(주)종근당,앰씰린캡슐250밀리그램(암피실린수화물),8806433018405,J01CA01,전문
2024,197700130,동화약품(주),파목신시럽(아목시실린수화물),8806427033407,J01CA04,전문
2024,198301333,삼진제약(주),폭소린주사500밀리그램(아목시실린나트륨),8806478025505,J01CA04,전문
2024,198301334,삼진제약(주),폭소린주사1그램(아목시실린나트륨),8806478025406,J01CA04,전문
2024,200303361,(주)펜믹스,펜믹스피페라실린주1그램(피페라실린나트륨),8806771001800,J01CA12,전문
2024,200303362,(주)펜믹스,펜믹스피페라실린주2그램(피페라실린나트륨),8806771001909,J01CA12,전문
2024,200600259,(주)보령,보령나프실린나트륨주1g(나프실린나트륨),8806419009601,J01CF06,전문
2024,199501221,삼진제약(주),티라목스0.6그램주(아목시실린나트륨·클라불란산칼륨),8806478023709,J01CR02,전문
2024,199501222,삼진제약(주),티라목스1.2그램주(아목시실린나트륨·클라불란산칼륨),8806478023808,J01CR02,전문
2024,199501552,대화제약(주),세파메칠정(메틸올세팔렉신리시네이트),8806456011001,J01DB01,전문
2024,199701895,대화제약(주),세파메칠캡슐(메틸올세팔렉신리시네이트)[수출명:CMPCEPHAMETHYL),8806456011100,J01DB01,전문
2024,198701854,한림제약(주),메섹신정(메틸올세팔렉신리시네이트),8806453005300,J01DB01,전문
2024,199402215,한림제약(주),메섹신캡슐500밀리그램(메틸올세팔렉신리시네이트),8806453005409,J01DB01,전문
2024,201603536,대한약품공업(주),대한엘아르기닌염산염주10%(L-아르기닌염산염),8806451043403,B05XB01,전문
2024,201607169,(주)녹십자웰빙,지씨아르기닌주(L-아르기닌염산염),8806811003009,B05XB01,전문
2024,201607169,(주)녹십자웰빙,지씨아르기닌주(L-아르기닌염산염),8806811003702,B05XB01,전문
2024,200109870,프레지니우스카비코리아(주),디펩티벤주(N(2)-L-알라닐-L-글루타민)(DipeptivenInj.(N(2)-L-알라닐-L-글루타민)),8806509001300,B05XB02,전문
2024,200109870,프레지니우스카비코리아(주),디펩티벤주(N(2)-L-알라닐-L-글루타민)(DipeptivenInj.(N(2)-L-알라닐-L-글루타민)),8806509001201,B05XB02,전문
2024,201402853,한국다케다제약(주),피라지르프리필드시린지(이카티반트아세테이트),8806963006101,B06AC02,전문
2024,196300035,아주약품(주),아주디곡신주사액,8806540008801,C01AA05,전문
2024,196300001,에이치케이이노엔(주),디고신정(디곡신),8806400000907,C01AA05,전문
2024,199102792,한림제약(주),카데프엘릭서(디곡신),8806453009100,C01AA05,전문
2024,201801269,한국코러스(주),멕실렌캡슐(멕실레틴염산염),8806472050701,C01BB02,전문
2024,201400277,한국애보트 유한회사,리트모놈SR서방캡슐425밀리그램(프로파페논염산염),8806442063403,C01BC03,전문
2024,201400278,한국애보트 유한회사,리트모놈SR서방캡슐225밀리그램(프로파페논염산염),8806442063205,C01BC03,전문
2024,201400279,한국애보트 유한회사,리트모놈SR서방캡슐325밀리그램(프로파페논염산염),8806442063304,C01BC03,전문
2024,201310293,(주)하원제약,프로페논정300mg(프로파페논염산염),8806515034903,C01BC03,전문
2024,201310300,(주)하원제약,프로페논정(프로파페논염산염),8806515034804,C01BC03,전문
2024,200712742,제이더블유신약(주),탬보코정(플레카이니드아세트산염),8806441010408,C01BC04,전문
2024,199902440,하나제약(주),풀카드정(플레카이니드아세트산염),8806578022008,C01BC04,전문
2024,200603929,(주)사노피-아벤티스코리아,코다론주사(아미오다론염산염),8806520004502,C01BD01,전문
2024,200701021,(주)한독,코다론정(아미오다론염산염),8806521012506,C01BD01,전문
2024,201001728,(주)사노피-아벤티스코리아,멀택정(드로네다론염산염),8806520008500,C01BD07,전문
2024,200706006,한국다이이찌산쿄주식회사,썬리듬캡슐50밀리그램(필시카이니드염산염수화물),8806809000201,C01BG,전문
2024,200705941,한국다이이찌산쿄주식회사,썬리듬캡슐25밀리그램(필시카이니드염산염수화물),8806809000102,C01BG,전문
2024,200101331,에이치케이이노엔(주),이노엔염산도파민프리믹스80mg주,8806400021605,C01CA04,전문
2024,200101332,에이치케이이노엔(주),이노엔염산도파민프리믹스160mg주,8806400021803,C01CA04,전문
2024,200101333,에이치케이이노엔(주),이노엔염산도파민프리믹스320mg주,8806400021902,C01CA04,전문
2024,200201226,에이치케이이노엔(주),이노엔도파믹스주200,8806400015604,C01CA04,전문
2024,199702362,하나제약(주),하나페닐레프린염산염주사1%,8806578027300,C01CA06,전문
2024,200201206,에이치케이이노엔(주),이노엔도부타민프리믹스200㎎주,8806400015109,C01CA07,전문
2024,200201205,에이치케이이노엔(주),이노엔도부타민프리믹스100㎎주,8806400015000,C01CA07,전문
2024,199302799,명문제약(주),미드론정(미도드린염산염),8806498017603,C01CA17,전문
2024,201708378,(주)비씨월드제약,젝스트프리필드펜주300마이크로그램(에피네프린타르타르산염),8806531037704,C01CA24,전문
2024,201708377,(주)비씨월드제약,젝스트프리필드펜주150마이크로그램(에피네프린타르타르산염),8806531037605,C01CA24,전문
2024,196900031,대한약품공업(주),대한에피네프린주사액,8806451007405,C01CA24,전문
2024,198400285,(주)제일제약,제일에피네프린주사액,8806505004206,C01CA24,전문
2024,201207301,한미약품(주),파텐션정20밀리그램(실데나필시트르산염),8806435063809,C01CE,전문
2024,200603898,(주)사노피-아벤티스코리아,프리마코주(밀리논),8806520005608,C01CE02,전문
2024,199806670,(주)한국유니팜,니트로링구알주사(희석된니트로글리세린),8806858000504,C01DA02,전문
2024,199806670,(주)한국유니팜,니트로링구알주사(희석된니트로글리세린),8806858000603,C01DA02,전문
2024,200308342,에리슨제약(주),페링가니트0.1%주사(니트로글리세린),8806205001802,C01DA02,전문
2024,199907071,(주)한국유니팜,니트로링구알스프레이(희석한니트로글리세린용액),8806858001402,C01DA02,전문
2024,199702380,하나제약(주),하나니트로글리세린0.6밀리그람설하정,8806578023104,C01DA02,전문
2024,198601406,명문제약(주),명문니트로글리세린0.6밀리그램설하정,8806498008502,C01DA02,전문
2024,199703578,(주)삼양홀딩스,앤지덤패취0.2밀리그람/시간(희석된니트로글리세린),8806227001804,C01DA02,전문
2024,199700798,코오롱제약(주),앤지비드서방정40mg(묽은이소소르비드이질산염),8806703009201,C01DA08,전문
2024,199700808,코오롱제약(주),이소트릴지속정60밀리그람(이소소르비드-5-모노니트레이트),8806703011501,C01DA14,전문
2024,198601383,현대약품(주),엘로톤정(이소소르비드일질산염),8806420008709,C01DA14,전문
2024,198902253,현대약품(주),엘로톤정40밀리그램(이소소르비드일질산염),8806420008808,C01DA14,전문
2024,202301088,에리슨제약(주),엘탄서방정60밀리그램(묽은이소소르비드일질산염),8806205004506,C01DA14,전문
2024,202301694,에리슨제약(주),엘탄서방정30밀리그램(묽은이소소르비드일질산염),8806205004605,C01DA14,전문
2024,198800150,(주)종근당,이스모정(5-일질산이소소르비드),8806433022907,C01DA14,전문
2024,199001354,부광약품(주),부광코멜리안정50밀리그램(딜라제프염산염수화물),8806422010403,C01DX10,전문
2024,199802244,에리슨제약(주),몰시톤정4밀리그램(몰시도민),8806205000508,C01DX12,전문
2024,200511464,(주)사라야코리아,아세사이드액(저농도과초산평형혼합물),8806779000201,V07AV,일반
2024,200108434,박스터,크린카트씨(무수구연산),8806466016805,V07AV,전문
2024,199906930,(주)나노팜,페라세이프(과붕산나트륨),8806589002907,V07AV,일반
2024,200108432,박스터,크린카트에이(무수탄산나트륨),8806466016607,V07AV,전문
2024,201700813,동아참메드 주식회사,노코리즈액(과산화수소수30%),8800772000206,V07AV,일반
2024,200802231,(주)휴온스메디텍,헤모크린씨액,8806704001105,V07AV,전문
2024,201701117,한국휴텍스제약(주),디터점스울트라액(차아염소산나트륨0.14%),8806491059907,V07AV,일반
2024,200801715,(주)에이치피앤씨,페라스텔액(과초산4%),8800569000105,V07AV,전문
2024,201405298,(주)한국팜비오,엔도나제에프산,8806599008906,V07AY,전문
2024,201001802,(주)한국팜비오,엔도나제산(프로테아제),8806599003703,V07AY,전문
2024,200800685,바이엘코리아(주),가스트로그라핀,8806411004109,V08AA01,전문
2024,201804419,바이엘코리아(주),울트라비스트듀370주사(이오프로마이드),8806411060808,V08AB05,전문
2024,201804420,바이엘코리아(주),울트라비스트듀300주사(이오프로마이드),8806411060907,V08AB05,전문
2024,201802934,바이엘코리아(주),울트라비스트300주프리필드카트리지(이오프로마이드),8806411060600,V08AB05,전문
2024,200109921,이미징솔루션코리아 주식회사,옵티레이350주사(이오버솔),8806260000208,V08AB07,전문
2024,200109917,이미징솔루션코리아 주식회사,옵티레이320주사(이오버솔),8806260000307,V08AB07,전문
2024,200109916,이미징솔루션코리아 주식회사,옵티레이320울트라젝트주사(이오버솔),8806260001007,V08AB07,전문
2024,200109916,이미징솔루션코리아 주식회사,옵티레이320울트라젝트주사(이오버솔),8806260000901,V08AB07,전문
2024,201309137,(주)한국파비스제약,옵티슈어320주(이오버솔),8806218037706,V08AB07,전문
2024,199806676,지이헬스케어 에이에스 한국지점,비지파크주320밀리그람(요오딕사놀),8806463000302,V08AB09,전문
2024,199806675,지이헬스케어 에이에스 한국지점,비지파크주270밀리그람(요오딕사놀),8806463000203,V08AB09,전문
2024,200810089,동국생명과학 주식회사,듀오레이주사320밀리그램(요오딕사놀),8800736001201,V08AB09,전문
2024,200810090,동국생명과학 주식회사,듀오레이주사270밀리그램(요오딕사놀),8800736001300,V08AB09,전문
2024,201202206,브라코이미징코리아 유한회사,이오메론400주사액(이오메프롤),8806214001107,V08AB10,전문
2024,201202205,브라코이미징코리아 유한회사,이오메론350주사액(이오메프롤),8806214001008,V08AB10,전문
2024,201202204,브라코이미징코리아 유한회사,이오메론300주사액(이오메프롤),8806214000902,V08AB10,전문
2024,200109267,게르베코리아(주),제네틱스350주사(이오비트리돌),8806549001001,V08AB11,전문
2024,200109268,게르베코리아(주),제네틱스300주사(이오비트리돌),8806549000806,V08AB11,전문
2024,199806759,게르베코리아(주),리피오돌울트라액(아이오다이즈드오일),8806549000707,V08AD01,전문
2024,202000798,동국제약(주),패티오돌주사(아이오다이즈드오일),8806534044907,V08AD01,전문
2024,200607516,(주)위드헬스케어,바리탑에치디현탁용분말(황산바륨),8806254000108,V08BA02,전문
2024,199806758,게르베코리아(주),1.도타렘주2.도타렘주프리필드시린지,8806549000509,V08CA02,전문
2024,199806758,게르베코리아(주),1.도타렘주2.도타렘주프리필드시린지,8806549000608,V08CA02,전문
2024,199806758,게르베코리아(주),1.도타렘주2.도타렘주프리필드시린지,8806549000103,V08CA02,전문
2024,199806758,게르베코리아(주),1.도타렘주2.도타렘주프리필드시린지,8806549000202,V08CA02,전문
2024,199806758,게르베코리아(주),1.도타렘주2.도타렘주프리필드시린지,8806549000301,V08CA02,전문
2024,199806758,게르베코리아(주),1.도타렘주2.도타렘주프리필드시린지,8806549000400,V08CA02,전문
2024,201103761,브라코이미징코리아 유한회사,프로핸스주프리필드시린지(가도테리돌),8806214000209,V08CA04,전문
2024,201103761,브라코이미징코리아 유한회사,프로핸스주프리필드시린지(가도테리돌),8806214000308,V08CA04,전문
2024,201103761,브라코이미징코리아 유한회사,프로핸스주프리필드시린지(가도테리돌),8806214000100,V08CA04,전문
2024,201103760,브라코이미징코리아 유한회사,프로핸스주(가도테리돌),8806214000704,V08CA04,전문
2024,200800901,바이엘코리아(주),가도비스트주사프리필드시린지(가도부트롤),8806411004000,V08CA09,전문
2024,200800901,바이엘코리아(주),가도비스트주사프리필드시린지(가도부트롤),8806411003904,V08CA09,전문
2024,200800904,바이엘코리아(주),가도비스트주사바이알(가도부트롤),8806411003805,V08CA09,전문
2024,200800901,바이엘코리아(주),가도비스트주사프리필드시린지(가도부트롤),8806411060501,V08CA09,전문
2024,200800905,바이엘코리아(주),프리모비스트주사,8806411009302,V08CA10,전문
2024,200511077,브라코이미징코리아 유한회사,소노뷰주(설파헥사플루오라이드),8806214002104,V08DA05,전문
2024,201202834,지이헬스케어 에이에스 한국지점,소나조이드주(과플루오르부탄),8806463002108,V08DA06,전문
2024,200008930,(주)부경에스엠,뉴롤라이트,8806629000108,V09AA,전문
2024,200209838,새한산업(주),스타빌라이지드세레텍주(엑사메타짐),8806569004709,V09AA01,전문
2024,200103349,한국원자력의학원,한국원자력의학원메타요오드벤질구아니딘123Ⅰ주사액(3-요오도벤질구아니딘(123Ⅰ액)),8806929001706,V09AB,전문
2024,201800667,(주)퓨쳐켐,알자뷰주사액(플로라프로놀(18F)액),8806296001507,V09AX,전문
2024,201506003,(주)듀켐바이오,비자밀주사액(플루트메타몰(18F)),8806987002905,V09AX04,전문
2024,201404452,암젠코리아 유한회사,프롤리아프리필드시린지(데노수맙),8800523000400,M05BX04,전문
2024,201404453,암젠코리아 유한회사,엑스지바주(데노수맙),8800523000608,M05BX04,전문
2024,202006465,한국쿄와기린(주),크리스비타주사액30밀리그램(부로수맙유전자재조합),8806663003707,M05BX05,전문
2024,202006466,한국쿄와기린(주),크리스비타주사액20밀리그램(부로수맙유전자재조합),8806663003806,M05BX05,전문
2024,202006467,한국쿄와기린(주),크리스비타주사액10밀리그램(부로수맙유전자재조합),8806663003905,M05BX05,전문
2024,201903599,암젠코리아 유한회사,이베니티주프리필드시린지(로모소주맙유전자재조합),8800523001100,M05BX06,전문
2024,200810292,(주)우일팜,시네크캡슐,8806889000108,M09AX,전문
2024,202105509,(주)바이오솔루션,카티라이프(바솔자가연골유래연골세포),8806733000407,M09AX02,전문
2024,201708641,바이오젠코리아 유한회사,스핀라자주(뉴시너센나트륨),8800580000108,M09AX07,전문
2024,202104217,한국노바티스(주),졸겐스마주(오나셈노진아베파르보벡),8806536034203,M09AX09,전문
2024,202007490,(주)한국로슈,에브리스디건조시럽0.75mg/mL(리스디플람),8806450015104,M09AX10,전문
2024,201201164,(주)경보제약,테렐액(이소플루란),8806650015805,N01AB06,전문
2024,200711400,하나제약(주),아이프란액(이소플루란),8806578012603,N01AB06,전문
2024,199704367,주식회사 박스터코리아,슈프레인액(데스플루란),8800782000906,N01AB07,전문
2024,198601870,제이더블유중외제약(주),펜토탈소디움0.5그램주(치오펜탈나트륨),8806449121205,N01AF03,전문
2024,199806838,하나제약(주),하나알펜타닐주사,8806578025108,N01AH02,전문
2024,199403314,(주)비씨월드제약,수펜탈주사50마이크로그램/밀리리터(수펜타닐시트르산염),8806531010301,N01AH03,전문
2024,199403314,(주)비씨월드제약,수펜탈주사50마이크로그램/밀리리터(수펜타닐시트르산염),8806531010202,N01AH03,전문
2024,200604139,(주)유한양행,유한케타민50주사(케타민염산염)(동물용),8806421050707,N01AX03,전문
2024,200713752,(주)휴온스,휴온스케타민염산염주사50밀리그램/밀리리터(앰플),8806706043400,N01AX03,전문
2024,200604152,(주)휴온스,휴온스케타민염산염주사(수출명:KESIAInj.KWANGMYUNGKESIA.Inj.),8806706035801,N01AX03,전문
2024,200410460,비브라운코리아(주),에토미데이트리푸로주,8806674005103,N01AX07,전문
2024,202201922,(주)일청덴탈약품,토피카이나겔(아미노벤조산에틸),8806816001604,N01BA05,전문
2024,202101791,제일메딕스약품,인스틸라젤겔,8806751000403,N01BB52,전문
2024,201900789,(주)퍼슨,인카인겔,8806574014205,N01BB52,전문
2024,201900789,(주)퍼슨,인카인겔,8806574016605,N01BB52,전문
2024,202101791,제일메딕스약품,인스틸라젤겔,8806751000304,N01BB52,전문
2024,200502596,(주)휴온스,휴온스아티카인에피네프린주1/10만,8806706033104,N01BB58,전문
2024,199704618,하나제약(주),엠에스알서방정10밀리그램(모르핀황산염수화물),8806578014508,N02AA01,전문
2024,200308510,성원애드콕제약(주),에스몰핀정(모르핀황산염수화물),8806649004100,N02AA01,전문
2024,199704619,하나제약(주),엠에스알서방정30밀리그램(모르핀황산염수화물),8806578014607,N02AA01,전문
2024,200210686,하나제약(주),황몰핀정(모르핀황산염수화물),8806578029601,N02AA01,전문
2024,200210692,하나제약(주),딜리드주1밀리그람(히드로모르폰염산염),8806578004004,N02AA03,전문
2024,200210689,하나제약(주),딜리드정2밀리그램(히드로모르폰염산염),8806578003601,N02AA03,전문
2024,200308472,하나제약(주),딜리드주2밀리그람(히드로모르폰염산염),8806578004103,N02AA03,전문
2024,200703756,(주)한국얀센,저니스타서방정8밀리그램(히드로모르폰염산염),8806469006308,N02AA03,전문
2024,200703757,(주)한국얀센,저니스타서방정16밀리그램(히드로모르폰염산염),8806469006407,N02AA03,전문
2024,200713053,(주)한국얀센,저니스타서방정32밀리그램(히드로모르폰염산염),8806469009804,N02AA03,전문
2024,201200682,유니메드제약(주),아이알코돈정10밀리그램(옥시코돈염산염),8806495061203,N02AA05,전문
2024,201307450,하나제약(주),오코돈서방정10밀리그램(옥시코돈염산염),8806578051404,N02AA05,전문
2024,200109958,유니메드제약(주),아이알코돈정5밀리그램(옥시코돈염산염),8806495013707,N02AA05,전문
2024,200210687,하나제약(주),오코돈정,8806578015000,N02AA05,전문
2024,201307451,하나제약(주),오코돈서방정20밀리그램(옥시코돈염산염),8806578051503,N02AA05,전문
2024,201400848,하나제약(주),오코돈서방정40밀리그램(옥시코돈염산염),8806578052104,N02AA05,전문
2024,200009386,한국먼디파마 유한회사,옥시콘틴서방정10밀리그램(옥시코돈염산염),8806780000900,N02AA05,전문
2024,200009388,한국먼디파마 유한회사,옥시콘틴서방정40밀리그램(옥시코돈염산염),8806780001105,N02AA05,전문
2024,200009387,한국먼디파마 유한회사,옥시콘틴서방정20밀리그램(옥시코돈염산염),8806780001006,N02AA05,전문
2024,200902333,한국먼디파마 유한회사,옥시콘틴서방정80mg(옥시코돈염산염),8806780001600,N02AA05,전문
2024,200902334,한국먼디파마 유한회사,옥시넘주사10mg/ml(옥시코돈염산염),8806780002003,N02AA05,전문
2024,200902334,한국먼디파마 유한회사,옥시넘주사10mg/ml(옥시코돈염산염),8806780001709,N02AA05,전문
2024,201605077,하나제약(주),오코돈정10밀리그램(옥시코돈염산염),8806578058908,N02AA05,전문
2024,201706519,하나제약(주),오코돈주사10mg/mL(옥시코돈염산염),8806578060307,N02AA05,전문
2024,201706519,하나제약(주),오코돈주사10mg/mL(옥시코돈염산염),8806578060604,N02AA05,전문
2024,202005937,유니메드제약(주),아이알코돈정20밀리그램(옥시코돈염산염),8806495080501,N02AA05,전문
2024,202107986,(주)한국비엠아이,엔도스토피헤모스태틱(트롬빈),8806548025107,B02BC06,전문
2024,202201632,(주)한국비엠아이,큐펜스헤모스태틱(트롬빈),8806548025008,B02BC06,전문
2024,199304153,(주)나노팜,아비텐압축형(MicrofibrillarCollagenHcl),8806589002402,B02BC07,전문
2024,201002528,주식회사 메이븐스,노바콜피브릴라(흡수성콜라겐해모스탯),8800695000505,B02BC07,전문
2024,200809904,주식회사 박스터코리아,플로실헤모스태틱매트릭스,8800782001507,B02BC30,전문
2024,200410125,대한적십자사,티씰,8806553002506,B02BC30,전문
2024,200410125,대한적십자사,티씰,8806553001608,B02BC30,전문
2024,200410125,대한적십자사,티씰,8806553004104,B02BC30,전문
2024,202203677,한국존슨앤드존슨메디칼(주),베라씰프리필드시린지키트,8806508005101,B02BC30,전문
2024,200511097,대한적십자사,베리플라스트-피콤비세트3mL,8806553000601,B02BC30,전문
2024,200511096,대한적십자사,베리플라스트-피콤비세트1mL,8806553000502,B02BC30,전문
2024,201401506,한국화이자제약(주),진타솔로퓨즈프리필드주(모록토코그알파)(혈액응고인자VIII유전자재조합),8806489028205,B02BD02,전문
2024,201800628,한국다케다제약(주),애디노베이트주[루리옥토코그알파페골(혈액응고인자VIII유전자재조합)],8806963006309,B02BD02,전문
2024,200713706,한국다케다제약(주),애드베이트주(혈액응고인자VIII유전자재조합),8806963006705,B02BD02,전문
2024,200808507,바이엘코리아(주),코지네이트-에프에스주[옥토코그알파(혈액응고인자Ⅷ유전자재조합)],8806411049001,B02BD02,전문
2024,202000311,씨에스엘베링코리아,앱스틸라주[로녹토코그알파(혈액응고인자VIII유전자재조합)],8800597000108,B02BD02,전문
2024,201706864,(주)사노피-아벤티스코리아,엘록테이트주[에프모록토코그알파(혈액응고인자VIII-Fc융합단백유전자재조합)],8806520011906,B02BD02,전문
2024,201706864,(주)사노피-아벤티스코리아,엘록테이트주[에프모록토코그알파(혈액응고인자VIII-Fc융합단백유전자재조합)],8806520011807,B02BD02,전문
2024,201706864,(주)사노피-아벤티스코리아,엘록테이트주[에프모록토코그알파(혈액응고인자VIII-Fc융합단백유전자재조합)],8806520011708,B02BD02,전문
2024,201706864,(주)사노피-아벤티스코리아,엘록테이트주[에프모록토코그알파(혈액응고인자VIII-Fc융합단백유전자재조합)],8806520011609,B02BD02,전문
2024,202202796,바이엘코리아(주),지비주[다목토코그알파페골(혈액응고인자VIII유전자재조합)],8806411062109,B02BD02,전문
2024,200403386,(주)녹십자,그린모노주500단위(건조FVⅢ:C단클론항체정제사람혈액응고제VⅢ:C인자),8806436000803,B02BD02,전문
2024,201004775,(주)녹십자,그린진에프주500단위(베록토코그알파)(혈액응고인자VIII유전자재조합)(수출명:그린진에프주500아이유),8806436046009,B02BD02,전문
2024,201106203,(주)녹십자,그린진에프주1000단위(베록토코그알파)(혈액응고인자VIII유전자재조합),8806436048706,B02BD02,전문
2024,201603515,(주)녹십자,그린진에프주250단위(베록토코그알파)(혈액응고인자VIII유전자재조합),8806436052208,B02BD02,전문
2024,200403383,(주)녹십자,그린모노주250단위(건조FVⅢ:C단클론항체정제사람혈액응고제VⅢ:C인자),8806436000704,B02BD02,전문
2024,200403372,(주)녹십자,그린에이트주(건조농축사람혈액응고제VIII인자(건조열처리)),8806436048607,B02BD02,전문
2024,200808507,바이엘코리아(주),코지네이트-에프에스주[옥토코그알파(혈액응고인자Ⅷ유전자재조합)],8806411048905,B02BD02,전문
2024,200808507,바이엘코리아(주),코지네이트-에프에스주[옥토코그알파(혈액응고인자Ⅷ유전자재조합)],8806411048806,B02BD02,전문
2024,200603886,대한적십자사,훼이바주,8806553002209,B02BD03,전문
2024,200606257,한국화이자제약(주),베네픽스주(혈액응고인자IX노나코그-알파(유전자재조합)),8806489021602,B02BD04,전문
2024,202001556,씨에스엘베링코리아,아이델비온주[알부트레페노나코그알파(혈액응고인자IX-알부민융합단백(rIX-FP)유전자재조합)],8800597000207,B02BD04,전문
2024,201702587,(주)사노피-아벤티스코리아,알프로릭스주[혈액응고인자IX-Fc융합단백(rFIXFc)에프트레노나코그-알파(유전자재조합)],8806520011500,B02BD04,전문
2024,201501851,한국다케다제약(주),릭수비스주(혈액응고인자IX노나코그감마(유전자재조합)),8806963005906,B02BD04,전문
2024,201702587,(주)사노피-아벤티스코리아,알프로릭스주[혈액응고인자IX-Fc융합단백(rFIXFc)에프트레노나코그-알파(유전자재조합)],8806520011302,B02BD04,전문
2024,201702587,(주)사노피-아벤티스코리아,알프로릭스주[혈액응고인자IX-Fc융합단백(rFIXFc)에프트레노나코그-알파(유전자재조합)],8806520011104,B02BD04,전문
2024,201702587,(주)사노피-아벤티스코리아,알프로릭스주[혈액응고인자IX-Fc융합단백(rFIXFc)에프트레노나코그-알파(유전자재조합)],8806520011203,B02BD04,전문
2024,200403368,(주)녹십자,훽나인주250단위(건조사람혈액응고제IX인자복합체),8806436019607,B02BD04,전문
2024,201702587,(주)사노피-아벤티스코리아,알프로릭스주[혈액응고인자IX-Fc융합단백(rFIXFc)에프트레노나코그-알파(유전자재조합)],8806520011401,B02BD04,전문
2024,200410128,대한적십자사,이뮤네이트주500(사람혈액응고제8인자-500IU폰빌레브란트인자로서250IU이상),8806553001400,B02BD06,전문
2024,201003758,노보노디스크제약(주),노보세븐알티주(활성형엡타코그알파유전자재조합혈액응고인자VIIa),8806544004908,B02BD08,전문
2024,201003758,노보노디스크제약(주),노보세븐알티주(활성형엡타코그알파유전자재조합혈액응고인자VIIa),8806544005103,B02BD08,전문
2024,201003758,노보노디스크제약(주),노보세븐알티주(활성형엡타코그알파유전자재조합혈액응고인자VIIa),8806544005004,B02BD08,전문
2024,202300956,한국다케다제약(주),오비주르주[서스옥토코그알파(돼지혈액응고VIII인자유전자재조합)],8806963007405,B02BD14,전문
2024,198301124,한림제약(주),보트로파제주사(헤모코아귤라제),8806453007502,B02BX03,전문
2024,198301124,한림제약(주),보트로파제주사(헤모코아귤라제),8806453007601,B02BX03,전문
2024,201001744,(주)종근당,딜라트렌에스알캡슐64밀리그램(카르베딜롤),8806433059200,C07AG02,전문
2024,202202662,(주)종근당,딜라트렌에스알정32밀리그램(카르베딜롤),8806433090203,C07AG02,전문
2024,202202661,(주)종근당,딜라트렌에스알정64밀리그램(카르베딜롤),8806433090104,C07AG02,전문
2024,200400727,아주약품(주),코비스정5/6.25밀리그람,8806540015403,C07BB07,전문
2024,198301004,현대약품(주),현대테노레틱정,8806420013406,C07CB03,전문
2024,200202793,(주)녹십자,핀테정(에포니디핀염산염),8806436018105,C08CA,전문
2024,200202793,(주)녹십자,핀테정(에포니디핀염산염),8806436018204,C08CA,전문
2024,199500184,동아에스티(주),동아페르디핀주사액(니카르디핀염산염),8806425013005,C08CA04,전문
2024,201101033,(주)비씨월드제약,비니카핀주(니카르디핀염산염),8806531025800,C08CA04,전문
2024,201101033,(주)비씨월드제약,비니카핀주(니카르디핀염산염),8806531025305,C08CA04,전문
2024,201309510,(주)휴온스,휴온스니카르디핀주(니카르디핀염산염),8806706064405,C08CA04,전문
2024,201101033,(주)비씨월드제약,비니카핀주(니카르디핀염산염),8806531033300,C08CA04,전문
2024,199604622,바이엘코리아(주),아달라트오로스정30(니페디핀),8806411002105,C08CA05,전문
2024,200502319,광동제약(주),니페딕스지속정(니페디핀),8806418011407,C08CA05,전문
2024,200400999,에리슨제약(주),니페론씨알40서방정(니페디핀),8806205000102,C08CA05,전문
2024,201504227,에리슨제약(주),아다핀오스모서방정30밀리그램(니페디핀),8806205001406,C08CA05,전문
2024,199301655,삼진제약(주),삼진니모디핀주10밀리그람(수출명:Moditoplnjection),8806478007303,C08CA06,전문
2024,199301653,삼진제약(주),삼진니모디핀정,8806478007204,C08CA06,전문
2024,200511002,(주)글락소스미스클라인,박사르정6밀리그램(라시디핀),8806500003808,C08CA09,전문
2024,200904420,(주)글락소스미스클라인,박사르정4밀리그램(라시디핀),8806500019700,C08CA09,전문
2024,200904419,(주)글락소스미스클라인,박사르정2밀리그램(라시디핀),8806500019809,C08CA09,전문
2024,199101291,에이치케이이노엔(주),마디핀정(마니디핀염산염),8806400003205,C08CA11,전문
2024,199101298,에이치케이이노엔(주),마디핀정10밀리그램(마니디핀염산염),8806400003106,C08CA11,전문
2024,199300658,제일약품(주),올데카캡슐15밀리그램(바니디핀염산염),8806454008102,C08CA12,전문
2024,199300656,제일약품(주),올데카캡슐5밀리그램(바니디핀염산염),8806454007907,C08CA12,전문
2024,199300657,제일약품(주),올데카캡슐10밀리그램(바니디핀염산염),8806454008003,C08CA12,전문
2024,199801203,(주)보령,시나롱정10밀리그램(실니디핀)(수출명:TodulaTablet10mg),8806419027001,C08CA14,전문
2024,199801202,(주)보령,시나롱정5밀리그램(실니디핀),8806419027100,C08CA14,전문
2024,199400991,일성신약(주),일성이틴정40밀리그램(베라파밀염산염),8806554015703,C08DA01,전문
2024,199403325,일성신약(주),일성이틴서방정240밀리그람(베라파밀염산염),8806554015604,C08DA01,전문
2024,199501060,일성신약(주),일성이틴서방정180밀리그람(베라파밀염산염),8806554015505,C08DA01,전문
2024,199400992,일성신약(주),일성이틴정80밀리그램(베라파밀염산염),8806554015802,C08DA01,전문
2024,199400989,일성신약(주),일성이솦틴주사(베라파밀염산염),8806554015901,C08DA01,전문
2024,198700733,환인제약(주),카디아젬정30밀리그램(딜티아젬염산염),8806572006905,C08DB01,전문
2024,198100012,에이치케이이노엔(주),헤르벤정(딜티아젬염산염),8806400039303,C08DB01,전문
2024,199002752,에이치케이이노엔(주),헤르벤주50밀리그램(딜티아젬염산염),8806400039501,C08DB01,전문
2024,199701740,부광약품(주),세타프릴정25밀리그램(알라세프릴),8806422011400,C09AA,전문
2024,200101731,부광약품(주),세타프릴정50밀리그램(알라세프릴),8806422011509,C09AA,전문
2024,198700705,(주)보령,카프릴정25mg(캅토프릴)수출명:Captolongtablet25mg(captopril),8806419035105,C09AA01,전문
2024,198600630,(주)보령,카프릴정12.5밀리그람(캅토프릴)수출명:Captolongtablet12.5mg(captopril),8806419035006,C09AA01,전문
2024,198800823,(주)보령,카프릴정50밀리그람(캅토프릴)수출명:captolongtablet50mg(captopril),8806419035204,C09AA01,전문
2024,199002095,현대약품(주),현대제스트릴정10밀리그램(리시노프릴),8806420013307,C09AA03,전문
2024,200805988,한국세르비에(주),아서틸정8밀리그람(페린도프릴-t-부틸아민),8806763000705,C09AA04,전문
2024,200805159,한국세르비에(주),아서틸정4밀리그람(페린도프릴-t-부틸아민),8806763000606,C09AA04,전문
2024,200710634,한국세르비에(주),아서틸아르기닌정10밀리그램(페린도프릴아르기닌),8806763000200,C09AA04,전문
2024,200710635,한국세르비에(주),아서틸아르기닌정5밀리그램(페린도프릴아르기닌),8806763000309,C09AA04,전문
2024,200400322,일동제약(주),아서프릴정4밀리그램(페린도프릴-t-부틸아민),8806429011304,C09AA04,전문
2024,199200884,(주)한독,트리테이스정2.5밀리그람(라미프릴),8806521014203,C09AA05,전문
2024,199200883,(주)한독,트리테이스정5밀리그람(라미프릴),8806521014302,C09AA05,전문
2024,200500140,(주)종근당,하트프릴정2.5밀리그램(라미프릴),8806433041700,C09AA05,전문
2024,200500974,(주)한독,트리테이스프로텍트정(라미프릴),8806521014401,C09AA05,전문
2024,200600028,(주)종근당,하트프릴프로텍트정(라미프릴),8806433041809,C09AA05,전문
2024,199300654,제일약품(주),제일실라자프릴정2.5밀리그램(실라자프릴수화물),8806454013809,C09AA08,전문
2024,199300655,제일약품(주),제일실라자프릴정0.5밀리그램(실라자프릴수화물),8806454013601,C09AA08,전문
2024,201109654,현대약품(주),라니아정,8806420038409,G03AA07,일반
2024,202106628,(주)유한양행,센스데이큐정,8806421058604,G03AA07,일반
2024,200009522,알보젠코리아(주),머시론정,8806526062407,G03AA09,일반
2024,201203073,바이엘코리아(주),클래라정,8806411057501,G03AB08,전문
2024,200109263,한국오가논 주식회사,임플라논엔엑스티이식제(에토노게스트렐),8800731001107,G03AC08,전문
2024,202007452,지엘파마(주),순아리정(데소게스트렐),8806497025708,G03AC09,일반
2024,202107800,광동제약(주),순하나정(데소게스트렐),8806418071609,G03AC09,일반
2024,201104376,현대약품(주),엘라원정(울리프리스탈아세테이트),8806420029209,G03AD02,전문
2024,202202755,주식회사 더유제약,리프리스정(울리프리스탈아세테이트),8800570016409,G03AD02,전문
2024,201802350,현대약품(주),나테스토나잘겔(테스토스테론),8806420042109,G03BA03,전문
2024,201508309,바이엘코리아(주),네비도주사바이알(테스토스테론운데카노에이트),8806411060006,G03BA03,전문
2024,199806707,제이텍바이오젠,예나스테론주(테스토스테론에난테이트),8806596002907,G03BA03,전문
2024,200711304,에이치케이이노엔(주),토스트렉스겔2%(테스토스테론),8806400036005,G03BA03,전문
2024,200906607,주식회사큐엘파마,큐엘파마테스토스테론에난테이트주250mg/mL,8806734000208,G03BA03,전문
2024,200109171,제이텍바이오젠,에스트라디올-데포주10mg(에스트라디올발레레이트),8806596002006,G03CA03,전문
2024,200800965,바이엘코리아(주),프로기노바28정2밀리그램(에스트라디올발레레이트),8806411009005,G03CA03,전문
2024,200110219,현대약품(주),디비겔0.1%겔(에스트라디올),8806420001403,G03CA03,전문
2024,199806329,(주)삼오제약,에스트레바겔(에스트라디올반수화물),8806597009301,G03CA03,전문
2024,200800966,바이엘코리아(주),프로기노바28정1밀리그램(에스트라디올발레레이트),8806411008909,G03CA03,전문
2024,202300272,(주)다림바이오텍,프레다정2밀리그램(에스트라디올반수화물),8806646027904,G03CA03,전문
2024,200612351,(주)다림바이오텍,프레다정1mg(에스트라디올반수화물),8806646010401,G03CA03,전문
2024,200009114,(주)한독,오베스틴질좌제(에스트리올),8806521052700,G03CA04,전문
2024,202300270,(주)한국팜비오,유센스질크림(에스트리올),8806599018301,G03CA04,전문
2024,202204701,주식회사 엔케이메디텍,블리셀겔(에스트리올),8800769000103,G03CA04,전문
2024,199604597,현대약품(주),지노프로질정,8806420010405,G03CA53,전문
2024,201403398,한국화이자제약(주),듀아비브정0.45/20밀리그램,8806489028304,G03CC07,전문
2024,200409932,한국화이자제약(주),프로베라정10mg(메드록시프로게스테론아세테이트),8806489012006,G03DA02,전문
2024,200409933,한국화이자제약(주),프로베라정5mg(메드록시프로게스테론아세테이트),8806489012204,G03DA02,전문
2024,201504789,한화제약(주),유트로게스탄질좌제200mg(프로게스테론(미분화)),8806516019008,G03DA04,전문
2024,201504788,한화제약(주),유트로게스탄연질캡슐(프로게스테론(미분화)),8806516018902,G03DA04,전문
2024,200711790,머크(주),크리논겔8%(프로게스테론),8806617004101,G03DA04,전문
2024,201805378,(주)아이젠파마코리아,프롤루텍스주25밀리그램(프로게스테론),8800574000206,G03DA04,전문
2024,200706721,(주)베키오바이오젠,타이유프로게스테론주,8806262000602,G03DA04,전문
2024,201106252,한국페링제약(주),루티너스질정(프로게스테론),8806525002800,G03DA04,전문
2024,200610667,한국애보트 유한회사,듀파스톤정(디드로게스테론),8806442062505,G03DB01,전문
2024,200209806,한국애보트 유한회사,페모스톤콘티정(에스트라디올반수화물(미분화)디드로게스테론),8806442065902,G03FA14,전문
2024,200801540,바이엘코리아(주),안젤릭정,8806411007001,G03FA17,전문
2024,199906977,한국애보트 유한회사,페모스톤정2/10(에스트라디올반수화물(미분화)디드로게스테론),8806442065803,G03FB08,전문
2024,200209807,한국애보트 유한회사,페모스톤정1/10(에스트라디올반수화물(미분화)디드로게스테론),8806442066008,G03FB08,전문
2024,201001615,머크(주),퍼고베리스주,8806617005900,G03GA,전문
2024,201000571,동아에스티(주),고나도핀엔에프주사액프리필드시린지(인난포자극호르몬유전자재조합),8806425061105,G03GA,전문
2024,201000571,동아에스티(주),고나도핀엔에프주사액프리필드시린지(인난포자극호르몬유전자재조합),8806425063406,G03GA,전문
2024,201000571,동아에스티(주),고나도핀엔에프주사액프리필드시린지(인난포자극호르몬유전자재조합),8806425061006,G03GA,전문
2024,200706102,(주)엘지화학,폴리트롭프리필드시린지주(폴리트로핀유전자재조합),8806689011809,G03GA,전문
2024,200706102,(주)엘지화학,폴리트롭프리필드시린지주(폴리트로핀유전자재조합),8806689011908,G03GA,전문
2024,200706102,(주)엘지화학,폴리트롭프리필드시린지주(폴리트로핀유전자재조합),8806689011601,G03GA,전문
2024,200706102,(주)엘지화학,폴리트롭프리필드시린지주(폴리트로핀유전자재조합),8806689011700,G03GA,전문
2024,201000571,동아에스티(주),고나도핀엔에프주사액프리필드시린지(인난포자극호르몬유전자재조합),8806425061204,G03GA,전문
2024,199302842,(주)엘지화학,아이브이에프씨주5000아이유(태반성성선자극호르몬)(수출명:엘지아이브이에프씨주),8806689002302,G03GA01,전문
2024,201206643,(주)엘지화학,아이브이에프엠에이치피주75아이유(메노트로핀에이치피),8806689021907,G03GA02,전문
2024,201404846,(주)엘지화학,아이브이에프엠에이치피멀티도즈주600아이유(메노트로핀에이치피),8806689028906,G03GA02,전문
2024,200009333,한국화이자제약(주),에이리스정,8806489024108,G03AA07,일반
2024,201001269,(주)안트로젠,레모둘린주사1mg/mL(트레프로스티닐)레모둘린주사2.5mg/mL(트레프로스티닐)레모둘린주사5mg/mL(트레프로스티닐)레모둘린주사10mg/mL(트레프로스티닐),8806720000304,B01AC21,전문
2024,201004753,한국다이이찌산쿄주식회사,에피언트정5밀리그램(프라수그렐염산염),8806809002106,B01AC22,전문
2024,201004754,한국다이이찌산쿄주식회사,에피언트정10밀리그램(프라수그렐염산염),8806809002205,B01AC22,전문
2024,201104578,한국아스트라제네카(주),브릴린타정90밀리그램(티카그렐러),8806507007908,B01AC24,전문
2024,201604907,한국아스트라제네카(주),브릴린타정60밀리그램(티카그렐러),8806507010007,B01AC24,전문
2024,201602601,(주)한국얀센,업트라비정800마이크로그램(셀렉시팍),8806469024203,B01AC27,전문
2024,201602602,(주)한국얀센,업트라비정400마이크로그램(셀렉시팍),8806469024302,B01AC27,전문
2024,201602600,(주)한국얀센,업트라비정200마이크로그램(셀렉시팍),8806469024104,B01AC27,전문
2024,200803805,(주)유유제약,유크리드정250/80밀리그램,8806445012804,B01AC30,전문
2024,199504213,한국베링거인겔하임(주),액티라제주사50밀리그램(알테플라제),8806535006706,B01AD02,전문
2024,199806573,한국베링거인겔하임(주),액티라제주사20밀리그램(알테플라제),8806535006607,B01AD02,전문
2024,201104378,동국제약(주),아가론주(아가트로반),8806534024701,B01AE03,전문
2024,202204620,미쓰비시다나베파마코리아 주식회사,노바스탄하이주10mg/2mL(아가트로반수화물),8806533012105,B01AE03,전문
2024,201100747,한국베링거인겔하임(주),프라닥사캡슐150밀리그램(다비가트란에텍실레이트메실산염),8806535013506,B01AE07,전문
2024,201100749,한국베링거인겔하임(주),프라닥사캡슐110밀리그램(다비가트란에텍실레이트메실산염),8806535013407,B01AE07,전문
2024,201110501,(유)한국비엠에스제약,엘리퀴스정2.5밀리그램(아픽사반),8806587005207,B01AF02,전문
2024,201305918,(유)한국비엠에스제약,엘리퀴스정5밀리그램(아픽사반),8806587005603,B01AF02,전문
2024,201506006,한국다이이찌산쿄주식회사,릭시아나정60밀리그램(에독사반토실산염수화물),8806809002007,B01AF03,전문
2024,201506005,한국다이이찌산쿄주식회사,릭시아나정30밀리그램(에독사반토실산염수화물),8806809001802,B01AF03,전문
2024,201506004,한국다이이찌산쿄주식회사,릭시아나정15밀리그램(에독사반토실산염수화물),8806809001901,B01AF03,전문
2024,198800186,동아에스티(주),호의주(가벡세이트메실산염),8806425039609,B01AX,전문
2024,199900045,동국제약(주),가벡실주사100밀리그램(가벡세이트메실산염),8806534000200,B01AX,전문
2024,199603382,제이더블유생명과학(주),보인에이.씨.디.에이액,8806789013505,B01AX,전문
2024,201600952,(주)한독,데피텔리오주200밀리그램(데피브로타이드),8806521055305,B01AX01,전문
2024,200409984,(주)한독,아릭스트라주(폰다파리눅스나트륨),8806521053608,B01AX05,전문
2024,201112325,(주)녹십자,그린플라스트큐프리필드시린지키트,8806436048805,B02,전문
2024,201112325,(주)녹십자,그린플라스트큐프리필드시린지키트,8806436054905,B02,전문
2024,200103370,한림제약(주),우리스틴주(유리나스타틴),8806453013107,B02AB05,전문
2024,200103370,한림제약(주),우리스틴주(유리나스타틴),8806453013206,B02AB05,전문
2024,196900027,대한약품공업(주),비타민케이1주사액(피토나디온주사액),8806451016803,B02BA01,전문
2024,199906994,대한적십자사,타코실,8806553004005,B02BB01,전문
2024,199906994,대한적십자사,타코실,8806553002308,B02BB01,전문
2024,199906994,대한적십자사,타코실,8806553001509,B02BB01,전문
2024,199906994,대한적십자사,타코실,8806553002407,B02BB01,전문
2024,200403354,(주)녹십자,녹십자-파이브리노겐주(건조사람피브리노겐),8806436008205,B02BB01,전문
2024,200706581,큐어시스,큐탄플라스트스폰지(정제된특수처치젤라틴),8806972000107,B02BC01,전문
2024,200706581,큐어시스,큐탄플라스트스폰지(정제된특수처치젤라틴),8806972000909,B02BC01,전문
2024,200706581,큐어시스,큐탄플라스트스폰지(정제된특수처치젤라틴),8806972001807,B02BC01,전문
2024,200706581,큐어시스,큐탄플라스트스폰지(정제된특수처치젤라틴),8806972001500,B02BC01,전문
2024,200706581,큐어시스,큐탄플라스트스폰지(정제된특수처치젤라틴),8806972000305,B02BC01,전문
2024,200706581,큐어시스,큐탄플라스트스폰지(정제된특수처치젤라틴),8806972000800,B02BC01,전문
2024,200706581,큐어시스,큐탄플라스트스폰지(정제된특수처치젤라틴),8806972000206,B02BC01,전문
2024,200706581,큐어시스,큐탄플라스트스폰지(정제된특수처치젤라틴),8806972001708,B02BC01,전문
2024,199806906,한국존슨앤드존슨메디칼(주),써지셀(산화재생셀룰로오스)(오리지날누니트피브릴라스노우),8806508002308,B02BC02,전문
2024,199806906,한국존슨앤드존슨메디칼(주),써지셀(산화재생셀룰로오스)(오리지날누니트피브릴라스노우),8806508002209,B02BC02,전문
2024,199806906,한국존슨앤드존슨메디칼(주),써지셀(산화재생셀룰로오스)(오리지날누니트피브릴라스노우),8806508001608,B02BC02,전문
2024,199806906,한국존슨앤드존슨메디칼(주),써지셀(산화재생셀룰로오스)(오리지날누니트피브릴라스노우),8806508001400,B02BC02,전문
2024,199806906,한국존슨앤드존슨메디칼(주),써지셀(산화재생셀룰로오스)(오리지날누니트피브릴라스노우),8806508004302,B02BC02,전문
2024,199806906,한국존슨앤드존슨메디칼(주),써지셀(산화재생셀룰로오스)(오리지날누니트피브릴라스노우),8806508004203,B02BC02,전문
2024,198700108,이연제약(주),이연트롬빈동결건조분말5000단위,8806586015603,B02BC06,전문
2024,202201631,(주)한국비엠아이,헤모쉴드헤모스태틱(트롬빈),8806548024902,B02BC06,전문
2024,202008012,(주)한국비엠아이,스토피헤모스태틱,8806548024506,B02BC06,전문
2024,201100111,(주)삼영유니텍,유니텍요오드화나트륨(131I)캡슐(수출용:요오드화나트륨30호요오드화나트륨50호),8806851001508,V10XA01,전문
2024,201400280,바이엘코리아(주),조피고주(라듐-223염화물),8806411058300,V10XX03,전문
2024,202004981,한국노바티스(주),루타테라주(루테튬(177Lu)옥소도트레오타이드),8806536033107,V10XX04,전문
2024,201704783,(주)유한양행,유한엔플루현탁용분말6mg/mL(오셀타미비르인산염),8806421049800,J05AH02,전문
2024,199500435,(주)대웅제약,엘도스캡슐(에르도스테인),8806416019603,R05CB15,일반
2024,200511061,한국화이자제약(주),지스로맥스건조시럽(아지트로마이신수화물),8806489008702,J01FA10,전문
2024,201400538,한국화이자제약(주),프리스틱서방정100밀리그램(데스벤라팍신숙신산염일수화물),8806489027703,N06AX23,전문
2024,201400537,한국화이자제약(주),프리스틱서방정50밀리그램(데스벤라팍신숙신산염일수화물),8806489027802,N06AX23,전문
2024,201600615,(유)한국비엠에스제약,레블리미드캡슐2.5밀리그램(레날리도마이드),8806587009205,L04AX04,전문
2024,200108384,비아트리스코리아(주),디트루시톨SR캡슐2밀리그람(톨터로딘-L-타르타르산염),8800734000701,G04BD07,전문
2024,200008568,비아트리스코리아(주),디트루시톨SR캡슐4밀리그람(톨터로딘-L-타르타르산염),8800734000800,G04BD07,전문
2024,199400094,에이치케이이노엔(주),바난건조시럽50밀리그램(역가)/5ml(세프포독심프록세틸),8806400004707,J01DD13,전문
2024,199002753,제이더블유중외제약(주),후루트만주,8806449046805,B05XA31,전문
2024,199002753,제이더블유중외제약(주),후루트만주,8806449046904,B05XA31,전문
2024,198802519,초당약품공업(주),다이놀정(에티드론산디나트륨),8806707000709,M05BA01,전문
2024,198902191,(주)태준제약,코리트산,8806501010607,A06AD65,전문
2024,200410377,한국화이자제약(주),안자탁스주(파클리탁셀),8806489029608,L01CD01,전문
2024,202302166,한국화이자제약(주),팍스로비드정(니르마트렐비르리토나비르),8806489038600,J05AE30,전문
2024,199801581,부광약품(주),오르필서방정150밀리그램(발프로산나트륨),8806422017006,N03AG01,전문
2024,199902754,제이더블유신약(주),메타파손겔(데속시메타손),8806441002106,D07AC03,전문
2024,201601618,한올바이오파마(주),베아로반연고(무피로신),8806556049805,D06AX09,일반
2024,201601582,삼아제약(주),씨투스정50mg(프란루카스트수화물),8806457027605,R03DC02,전문
2024,200209642,(주)글락소스미스클라인,더모베이트액(클로베타솔프로피오네이트),8806500001200,D07AD01,전문
2024,200607771,삼아제약(주),슈다펜정(수도에페드린염산염),8806457009601,R01BA02,전문
2024,200606830,코오롱제약(주),코슈정(슈도에페드린염산염),8806703014601,R01BA02,전문
2024,202200525,한국존슨앤드존슨판매(유),어린이타이레놀현탁액(아세트아미노펜),8806723002503,N02BE01,일반
2024,199800888,삼아제약(주),세토펜현탁액(아세트아미노펜),8806457008901,N02BE01,일반
2024,201003179,삼아제약(주),노테몬패취0.5밀리그램(툴로부테롤),8806457021900,R03CC11,전문
2024,201003180,삼아제약(주),노테몬패취1밀리그램(툴로부테롤),8806457022006,R03CC11,전문
2024,199907081,노보노디스크제약(주),노보넘정1.0밀리그람(레파글리니드),8806544000405,A10BX02,전문
2024,201102762,(주)다림바이오텍,레파넘정2밀리그람(레파글리니드),8806646020202,A10BX02,전문
2024,201103607,(주)다림바이오텍,레파넘정1밀리그램(레파글리니드),8806646020509,A10BX02,전문
2024,201112299,(주)다림바이오텍,레파넘정0.5밀리그램(레파글리니드),8806646020400,A10BX02,전문
2024,202102055,(주)중헌제약,에팔정(에팔레스타트),8800533011205,A10XA,전문
2024,201105752,알보젠코리아(주),네오본주1마이크로그램(칼시트리올),8806526030208,A11CC04,전문
2024,199400239,(주)유유제약,본키주1마이크로그람(칼시트리올),8806445004007,A11CC04,전문
2024,201606896,(주)메디포트,디3베이스경구솔루션25000IU/2.5mL(콜레칼시페롤),8800500000409,A11CC05,전문
2024,201606895,(주)메디포트,디3베이스경구드롭스10000IU/mL(콜레칼시페롤),8800500000300,A11CC05,전문
2024,201907490,(주)한국비엠아이,비엠하이디3오랄액(콜레칼시페롤),8806548024001,A11CC05,전문
2024,199501953,신일제약(주),신일티아민염산염정10밀리그램,8806538014609,A11DA01,일반
2024,197500146,(주)제일제약,제일티아민염산염주사액,8806505004701,A11DA01,전문
2024,200100586,(주)유한양행,유한비타민씨정1000mg,8806421015409,A11GA01,일반
2024,200904353,경남제약(주),경남비타민씨정,8806476017502,A11GA01,일반
2024,202200838,(주)종근당,종근당비타민씨골드정1000밀리그램(아스코르브산97%과립),8806433089504,A11GA01,일반
2024,201110262,신일제약(주),아미나엑스정(니코틴산아미드),8806538047409,A11HA01,일반
2024,202301535,(주)인트로바이오파마,브이트리주(나이아신),8800524022203,A11HA01,전문
2024,199702527,신일제약(주),신일피리독신정(피리독신염산염),8806538017204,A11HA02,일반
2024,202200702,엔비케이제약 주식회사,뉴로비정300밀리그램(피리독신염산염),8800548013102,A11HA02,전문
2024,198800444,(주)유한양행,그랑페롤연질캡슐1000아이유(비타민이프리퍼레이션),8806421000405,A11HA03,일반
2024,198700431,(주)유한양행,그랑페롤연질캡슐400아이유(비타민이프리퍼레이션)(군납명:토코페롤연질캡슐400아이유100캡슐),8806421000603,A11HA03,일반
2024,201708427,대한약품공업(주),리보비타주(리보플라빈포스페이트나트륨),8806451044707,A11HA04,전문
2024,201800201,태극제약(주),비오딜정5밀리그램(비오틴),8806448059608,A11HA05,일반
2024,200600134,(주)바이넥스,판테민정(판테틴),8806431018704,A11HA32,일반
2024,202103773,조아제약(주),엘레멘-에프시럽,8806446043005,A11JA,일반
2024,202103773,조아제약(주),엘레멘-에프시럽,8806446042909,A11JA,일반
2024,202007130,(주)한국비엠아이,셀레뉴원포르테액,8806548024407,A11JB,일반
2024,202200685,(주)한국비엠아이,티아셀포르테액,8806548025206,A11JB,일반
2024,201707611,일동제약(주),에너라민파워액,8806429059009,A11JC,일반
2024,200002457,고려제약(주),에너골드액,8806428009807,A11JC,일반
2024,200001783,동광제약(주),케이콘틴서방정(염화칼륨),8806459051400,A12BA01,전문
2024,201206329,(주)라이트팜텍,라이트징크시럽(황산아연일수화물),8806903036809,A12CB01,전문
2024,201903442,(주)한국팜비오,징키스틴캡슐(히스티딘아연이수화물),8806599014709,A12CB03,일반
2024,200301499,대화제약(주),마그네스정,8806456009305,A12CC,일반
2024,202003341,대화제약(주),마그네스디정,8806456053803,A12CC,일반
2024,200511943,비오신코리아(주),1.셀레나제100마이크로그램퍼오랄액(아셀렌산나트륨오수화물)2.셀레나제티퍼오랄액(아셀렌산나트륨오수화물),8806748000706,A12CE02,일반
2024,200511943,비오신코리아(주),1.셀레나제100마이크로그램퍼오랄액(아셀렌산나트륨오수화물)2.셀레나제티퍼오랄액(아셀렌산나트륨오수화물),8806748000102,A12CE02,일반
2024,201708640,(주)한국팜비오,세파셀렌정100마이크로그램(아셀렌산나트륨),8806599013801,A12CE02,일반
2024,202009404,(주)녹십자웰빙,지씨웰빙셀레늄구강용해필름(아셀렌산나트륨오수화물),8806811004402,A12CE02,일반
2024,200607687,대한약품공업(주),망가나주(염화망간),8806451044103,A12CX,전문
2024,198300174,(주)셀트리온제약,셀트리온옥시메톨론정,8806939001802,A14AA05,전문
2024,202106133,(주)안트로젠,큐피스템주(자가지방유래중간엽줄기세포),8806720001004,A16A,전문
2024,202204665,(주)킴스제약,시너지아정(시트룰린말산염),8800596007108,A16AA,일반
2024,201404804,(주)한국파마,씨티엠액(시트룰린말산염),8806530054702,A16AA,일반
2024,202203501,맥널티제약(주),엠로딘액(L-카르니틴),8806415029108,A16AA01,일반
2024,201202527,(주)삼오제약,카바글루확산정200밀리그램(카르글루민산),8806597009202,A16AA05,전문
2024,201210160,(주)사노피-아벤티스코리아,세레자임주400단위(이미글루세라제),8806520012408,A16AB02,전문
2024,201502789,이수앱지스(주),애브서틴주400단위(이미글루세라제),8806685000807,A16AB02,전문
2024,201207109,이수앱지스(주),애브서틴주200단위(이미글루세라제),8806685000609,A16AB02,전문
2024,201403903,한국다케다제약(주),레프라갈주(아갈시다제알파),8806963006200,A16AB03,전문
2024,201302494,(주)사노피-아벤티스코리아,파브라자임주35밀리그램(아갈시다제베타),8806520013207,A16AB04,전문
2024,201400051,이수앱지스(주),파바갈주(아갈시다제베타),8806685000708,A16AB04,전문
2024,201210159,(주)사노피-아벤티스코리아,알두라자임주(라로니다제),8806520012101,A16AB05,전문
2024,201210158,(주)사노피-아벤티스코리아,마이오자임주(알글루코시다제알파),8806520013009,A16AB07,전문
2024,200801087,(주)삼오제약,나글라자임주(갈설파제),8806597006201,A16AB08,전문
2024,200410350,입센코리아(주),디페렐린피알주11.25밀리그람(파모산트립토렐린),8806814000401,L02AE04,전문
2024,200711211,한국아스트라제네카(주),파슬로덱스주(풀베스트란트),8806507005508,L02BA03,전문
2024,202200522,(주)보령,풀베트주(풀베스트란트),8806419078508,L02BA03,전문
2024,201307883,한국아스텔라스제약(주),엑스탄디연질캡슐40mg(엔잘루타마이드),8806772002301,L02BB04,전문
2024,202009334,(주)한국얀센,얼리다정(아팔루타마이드),8806469025200,L02BB05,전문
2024,202003894,바이엘코리아(주),뉴베카정300밀리그램(다로루타마이드),8806411061409,L02BB06,전문
2024,200808091,한국화이자제약(주),아로마신정25mg(엑스메스탄),8806489026300,L02BG06,전문
2024,201306956,한국페링제약(주),퍼마곤주80밀리그램(데가렐릭스),8806525003401,L02BX02,전문
2024,201306959,한국페링제약(주),퍼마곤주120밀리그램(데가렐릭스),8806525003500,L02BX02,전문
2024,201706992,(주)한국얀센,자이티가정500밀리그램(아비라테론아세테이트(미분화)),8806469022001,L02BX03,전문
2024,202301839,한미약품(주),아비테론정500밀리그램(아비라테론아세테이트(미분화)),8806435087102,L02BX03,전문
2024,201403785,동아에스티(주),듀라스틴주사액프리필드시린지(트리페그필그라스팀),8806425071104,L03AA,전문
2024,200209632,한국쿄와기린(주),그라신프리필드시린지주(필그라스팀),8806663001109,L03AA02,전문
2024,200209632,한국쿄와기린(주),그라신프리필드시린지주(필그라스팀),8806663001208,L03AA02,전문
2024,200209633,한국쿄와기린(주),그라신300프리필드시린지주(필그라스팀),8806663001000,L03AA02,전문
2024,199500175,동아에스티(주),류코스팀주사액75마이크로그램(필그라스팀(유전자재조합)),8806425015405,L03AA02,전문
2024,201306361,동아에스티(주),류코스팀주사액프리필드시린지(필그라스팀(유전자재조합)),8806425070800,L03AA02,전문
2024,201306361,동아에스티(주),류코스팀주사액프리필드시린지(필그라스팀(유전자재조합)),8806425070701,L03AA02,전문
2024,201306361,동아에스티(주),류코스팀주사액프리필드시린지(필그라스팀(유전자재조합)),8806425070909,L03AA02,전문
2024,199500176,동아에스티(주),류코스팀주사액150마이크로그램(필그라스팀(유전자재조합)),8806425015207,L03AA02,전문
2024,199500177,동아에스티(주),류코스팀주사액300마이크로그램(필그라스팀(유전자재조합)),8806425015306,L03AA02,전문
2024,199300329,제이더블유중외제약(주),뉴트로진주50마이크로그램(레노그라스팀)(유전자재조합),8806449023707,L03AA10,전문
2024,199300330,제이더블유중외제약(주),뉴트로진주100마이크로그램(레노그라스팀)(유전자재조합),8806449023806,L03AA10,전문
2024,199300331,제이더블유중외제약(주),뉴트로진주250마이크로그램(레노그라스팀)(유전자재조합),8806449023608,L03AA10,전문
2024,201203772,한국쿄와기린(주),뉴라스타프리필드시린지주(페그필그라스팀),8806663002908,L03AA13,전문
2024,201505171,주식회사 한독테바,롱퀵스프리필드주(리페그필그라스팀),8806269005709,L03AA14,전문
2024,201403786,(주)녹십자,뉴라펙프리필드시린지주(페그테오그라스팀),8806436050600,L03AA17,전문
2024,202102429,한미약품(주),롤론티스프리필드시린지주(에플라페그라스팀),8806435084101,L03AA19,전문
2024,200711699,머크(주),레비프프리필드주사44마이크로그램(재조합인간인터페론베타1a),8806617001506,L03AB07,전문
2024,200711698,머크(주),레비프프리필드주사22마이크로그램(재조합인간인터페론베타1a),8806617001407,L03AB07,전문
2024,201106368,머크(주),레비도즈프리필드펜44마이크로그램(재조합인터페론베타1a),8806617006303,L03AB07,전문
2024,201203016,한국에자이(주),아보넥스펜주(인터페론베타-1a유전자재조합),8806211001902,L03AB07,전문
2024,200801090,바이엘코리아(주),베타페론주사(인터페론베타-1b유전자재조합),8806411006103,L03AB08,전문
2024,201604252,한국에자이(주),플레그리디펜주스타터팩(페그인터페론베타-1a유전자재조합),8806211002206,L03AB13,전문
2024,201604253,한국에자이(주),플레그리디펜주125마이크로그램(페그인터페론베타-1a유전자재조합),8806211002107,L03AB13,전문
2024,202106880,파마에센시아코리아 주식회사,베스레미주(로페그인터페론알파-2b유전자재조합),8800747000101,L03AB15,전문
2024,200703543,클리니젠코리아 유한회사,프로류킨주(알데스류킨유전자재조합),8800761000309,L03AC01,전문
2024,200511326,슈미트헬스코리아(유),이스미젠설하정(표준화된동결건조균체용해물),8800549000101,L03AX,전문
2024,200200611,아주약품(주),유로박솜캡슐(동결건조균체용해물(표준화)),8806540014406,L03AX,전문
2024,200600160,아주약품(주),브롱코박솜캡슐(성인용)(동결건조균체용해물(표준화)),8806540004001,L03AX,전문
2024,202106211,주식회사 지씨셀,이뮨셀엘씨주(엘씨자가혈액유래티림프구),8806766000306,L03AX,전문
2024,200600159,아주약품(주),브롱코박솜캡슐(소아용)(동결건조균체용해물(표준화)),8806540004100,L03AX,전문
2024,198601264,광동제약(주),코포랑캡슐(폴리사카라이드케이),8806418029402,L03AX,전문
2024,200009117,한국엠에스디(주),온코타이스주(비씨지StrainTice),8806555012107,L03AX03,전문
2024,200209683,비오신코리아(주),이뮤코텔주10mg(이뮤노시아닌),8806748000508,L03AX10,전문
2024,200209682,비오신코리아(주),이뮤코텔주1mg(이뮤노시아닌),8806748000409,L03AX10,전문
2024,201404988,주식회사 한독테바,코팍손프리필드주40mg/1ml(글라티라머아세트산염),8806269004702,L03AX13,전문
2024,201000845,(주)사노피-아벤티스코리아,모조빌주(플레릭사포르),8806520013405,L03AX16,전문
2024,199304231,(주)사노피-아벤티스코리아,치모글로부린주사(인체흉선세포로면역시킨레빗트의항흉선면역글로부린),8806520012804,L04AA04,전문
2024,200307806,한국노바티스(주),마이폴틱장용정360밀리그램(미코페놀레이트나트륨),8806536004107,L04AA06,전문
2024,200708840,한국노바티스(주),타이커브정250밀리그램(라파티닙디토실레이트),8806536028400,L01EH01,전문
2024,202107016,주식회사 빅씽크,너링스정(네라티닙말레산염),8800746000102,L01EH02,전문
2024,201301665,한국노바티스(주),자카비정5밀리그램(룩소리티닙인산염),8806536024006,L01EJ01,전문
2024,201301664,한국노바티스(주),자카비정15밀리그램(룩소리티닙인산염),8806536023900,L01EJ01,전문
2024,201301663,한국노바티스(주),자카비정20밀리그램(룩소리티닙인산염),8806536023801,L01EJ01,전문
2024,201606813,한국노바티스(주),자카비정10밀리그램(룩소리티닙인산염),8806536029001,L01EJ01,전문
2024,202201718,(유)한국비엠에스제약,인레빅캡슐(페드라티닙염산염수화물),8806587007300,L01EJ02,전문
2024,201206552,한국화이자제약(주),인라이타정1밀리그램(엑시티닙),8806489021305,L01EK01,전문
2024,201206553,한국화이자제약(주),인라이타정5밀리그램(엑시티닙),8806489021206,L01EK01,전문
2024,202107344,한국오노약품공업주식회사,베렉스브루정80밀리그램(티라브루티닙염산염),8800504000504,L01EL,전문
2024,201403715,(주)한국얀센,임브루비카캡슐140밀리그램(이브루티닙),8806469020205,L01EL01,전문
2024,202200854,베이진코리아유한회사,브루킨사캡슐80밀리그램(자누브루티닙),8800757000108,L01EL03,전문
2024,202103823,한국노바티스(주),피크레이정50밀리그램(알펠리십)피크레이정150밀리그램(알펠리십)피크레이정200밀리그램(알펠리십),8806536033909,L01EM03,전문
2024,202103823,한국노바티스(주),피크레이정50밀리그램(알펠리십)피크레이정150밀리그램(알펠리십)피크레이정200밀리그램(알펠리십),8806536034005,L01EM03,전문
2024,202103823,한국노바티스(주),피크레이정50밀리그램(알펠리십)피크레이정150밀리그램(알펠리십)피크레이정200밀리그램(알펠리십),8806536034104,L01EM03,전문
2024,202204249,(주)한국얀센,발베사정5밀리그램(얼다피티닙),8806469027303,L01EN01,전문
2024,202204248,(주)한국얀센,발베사정4밀리그램(얼다피티닙),8806469027204,L01EN01,전문
2024,202204247,(주)한국얀센,발베사정3밀리그램(얼다피티닙),8806469027105,L01EN01,전문
2024,202301338,(주)한독,페마자이레정9밀리그램(페미가티닙),8806521058702,L01EN02,전문
2024,202301337,(주)한독,페마자이레정13.5밀리그램(페미가티닙),8806521058603,L01EN02,전문
2024,202301339,(주)한독,페마자이레정4.5밀리그램(페미가티닙),8806521058801,L01EN02,전문
2024,200606180,한국화이자제약(주),수텐캡슐12.5밀리그램(수니티닙말산염),8806489004704,L01EX01,전문
2024,200606182,한국화이자제약(주),수텐캡슐50밀리그램(수니티닙말산염),8806489004902,L01EX01,전문
2024,200606181,한국화이자제약(주),수텐캡슐25밀리그램(수니티닙말산염),8806489004803,L01EX01,전문
2024,202007416,한미약품(주),소라닙정200밀리그램(소라페닙토실레이트(미분화)),8806435083203,L01EX02,전문
2024,200800233,바이엘코리아(주),넥사바정200밀리그램(소라페닙토실레이트(미분화)),8806411047007,L01EX02,전문
2024,201004970,한국노바티스(주),보트리엔트정400밀리그램(파조파닙염산염),8806536028103,L01EX03,전문
2024,201004971,한국노바티스(주),보트리엔트정200밀리그램(파조파닙염산염),8806536028707,L01EX03,전문
2024,201307454,(주)사노피-아벤티스코리아,카프렐사정300밀리그램(반데타닙),8806520012309,L01EX04,전문
2024,201307453,(주)사노피-아벤티스코리아,카프렐사정100밀리그램(반데타닙),8806520012200,L01EX04,전문
2024,201308932,바이엘코리아(주),스티바가정40밀리그램(레고라페닙),8806411057907,L01EX05,전문
2024,201707241,입센코리아(주),카보메틱스정40밀리그램(카보잔티닙),8806814001200,L01EX07,전문
2024,201707242,입센코리아(주),카보메틱스정20밀리그램(카보잔티닙),8806814001309,L01EX07,전문
2024,201707240,입센코리아(주),카보메틱스정60밀리그램(카보잔티닙),8806814001101,L01EX07,전문
2024,201507059,한국에자이(주),렌비마캡슐4밀리그램(렌바티닙메실산염),8806211001506,L01EX08,전문
2024,201507057,한국에자이(주),렌비마캡슐10밀리그램(렌바티닙메실산염),8806211001407,L01EX08,전문
2024,201606241,한국베링거인겔하임(주),오페브연질캡슐150밀리그램(닌테다닙에실산염),8806535015807,L01EX09,전문
2024,201606240,한국베링거인겔하임(주),오페브연질캡슐100밀리그램(닌테다닙에실산염),8806535015708,L01EX09,전문
2024,201900915,한국노바티스(주),라이답연질캡슐25밀리그램(미도스타우린),8806536032506,L01EX10,전문
2024,202003383,바이엘코리아(주),비트락비캡슐25밀리그램(라로트렉티닙황산염),8806411061201,L01EX12,전문
2024,202003384,바이엘코리아(주),비트락비캡슐100밀리그램(라로트렉티닙황산염),8806411061300,L01EX12,전문
2024,202003385,바이엘코리아(주),비트락비액(라로트렉티닙황산염),8806411061102,L01EX12,전문
2024,202001574,한국아스텔라스제약(주),조스파타정40밀리그램(길테리티닙푸마르산염),8806772002905,L01EX13,전문
2024,202002808,(주)한국로슈,로즐리트렉캡슐200밀리그램(엔트렉티닙),8806450014909,L01EX14,전문
2024,202002807,(주)한국로슈,로즐리트렉캡슐100밀리그램(엔트렉티닙),8806450014800,L01EX14,전문
2024,202107597,한국노바티스(주),타브렉타정200밀리그램(카프마티닙염산염일수화물),8806536035002,L01EX17,전문
2024,202107596,한국노바티스(주),타브렉타정150밀리그램(카프마티닙염산염일수화물),8806536034906,L01EX17,전문
2024,202107592,머크(주),텝메코정225밀리그램(테포티닙염산염수화물),8806617007409,L01EX21,전문
2024,202200999,한국릴리(유),레테브모캡슐80밀리그램(셀퍼카티닙),8806708012503,L01EX22,전문
2024,202201000,한국릴리(유),레테브모캡슐40밀리그램(셀퍼카티닙),8806708012602,L01EX22,전문
2024,200307822,(주)한국로슈,맙테라주(리툭시맙)(단클론항체유전자재조합),8806450002203,L01FA01,전문
2024,201104756,(주)글락소스미스클라인,키벡사정,8806500028405,J05AR02,전문
2024,201003484,길리어드사이언스코리아 유한회사,트루바다정,8806259000202,J05AR03,전문
2024,200903046,한국애브비(주),칼레트라정,8806249001509,J05AR10,전문
2024,201503689,(주)글락소스미스클라인,트리멕정,8806500030408,J05AR13,전문
2024,201508187,(주)한국얀센,프레즈코빅스정,8806469021004,J05AR14,전문
2024,201507692,(유)한국비엠에스제약,에보타즈정(아타자나비르황산염코비시스타트이산화규소),8806587006709,J05AR15,전문
2024,201701116,길리어드사이언스코리아 유한회사,데스코비정200/10mg,8806259001100,J05AR17,전문
2024,201701115,길리어드사이언스코리아 유한회사,데스코비정200/25mg,8806259001001,J05AR17,전문
2024,201605531,길리어드사이언스코리아 유한회사,젠보야정,8806259000905,J05AR18,전문
2024,201900267,길리어드사이언스코리아 유한회사,빅타비정,8806259001308,J05AR20,전문
2024,202000448,한국엠에스디(주),델스트리고정,8806555021208,J05AR24,전문
2024,202001791,(주)글락소스미스클라인,도바토정,8806500032006,J05AR25,전문
2024,197700025,(주)종근당,푸리노신정(이노시플렉스),8806433040901,J05AX05,전문
2024,202204655,한국다케다제약(주),리브텐시티정200밀리그램(마리바비르),8806963007306,J05AX10,전문
2024,201805302,한국엠에스디(주),프레비미스주(레테르모비르),8806555020607,J05AX18,전문
2024,201805302,한국엠에스디(주),프레비미스주(레테르모비르),8806555020508,J05AX18,전문
2024,201805300,한국엠에스디(주),프레비미스정240밀리그램(레테르모비르),8806555020300,J05AX18,전문
2024,201805301,한국엠에스디(주),프레비미스정480밀리그램(레테르모비르),8806555020409,J05AX18,전문
2024,201908052,(주)한국로슈,조플루자정40밀리그램(발록사비르마르복실),8806450014602,J05AX25,전문
2024,202101868,(주)한국로슈,조플루자현탁용과립2mg/mL(발록사비르마르복실),8806450015203,J05AX25,전문
2024,199401221,보란파마,보란건조살무사항독소주(건조살무사항독소),8800738000103,J06AA03,전문
2024,200403353,(주)녹십자,감마-글로불린주(사람면역글로불린),8806436000100,J06BA01,전문
2024,200403353,(주)녹십자,감마-글로불린주(사람면역글로불린),8806436000209,J06BA01,전문
2024,201702343,(주)녹십자,아이비글로불린에스엔주10%(글리신첨가사람면역글로불린[pH4.8]),8806436053908,J06BA02,전문
2024,201006470,(주)녹십자,아이비글로불린에스엔주5%[말토즈첨가사람면역글로불린(pH4.25)],8806436046702,J06BA02,전문
2024,201006470,(주)녹십자,아이비글로불린에스엔주5%[말토즈첨가사람면역글로불린(pH4.25)],8806436046603,J06BA02,전문
2024,201006470,(주)녹십자,아이비글로불린에스엔주5%[말토즈첨가사람면역글로불린(pH4.25)],8806436046801,J06BA02,전문
2024,201102738,에스케이플라즈마(주),리브감마에스앤주5%[말토즈첨가사람면역글로불린(pH4.25)],8800508000302,J06BA02,전문
2024,201102738,에스케이플라즈마(주),리브감마에스앤주5%[말토즈첨가사람면역글로불린(pH4.25)],8800508000500,J06BA02,전문
2024,201102738,에스케이플라즈마(주),리브감마에스앤주5%[말토즈첨가사람면역글로불린(pH4.25)],8800508003907,J06BA02,전문
2024,201102738,에스케이플라즈마(주),리브감마에스앤주5%[말토즈첨가사람면역글로불린(pH4.25)],8800508000104,J06BA02,전문
2024,201102738,에스케이플라즈마(주),리브감마에스앤주5%[말토즈첨가사람면역글로불린(pH4.25)],8800508000203,J06BA02,전문
2024,201102738,에스케이플라즈마(주),리브감마에스앤주5%[말토즈첨가사람면역글로불린(pH4.25)],8800508000708,J06BA02,전문
2024,201006470,(주)녹십자,아이비글로불린에스엔주5%[말토즈첨가사람면역글로불린(pH4.25)],8806436046504,J06BA02,전문
2024,201006470,(주)녹십자,아이비글로불린에스엔주5%[말토즈첨가사람면역글로불린(pH4.25)],8806436046405,J06BA02,전문
2024,200209830,대한적십자사,윈로에스디에프주600IU(120㎍)(AntiD(Rho)면역글로불린),8806553001103,J06BB01,전문
2024,200209831,대한적십자사,윈로에스디에프주1500IU(300㎍)(AntiD(Rho)면역글로불린),8806553000908,J06BB01,전문
2024,200403359,(주)녹십자,하이퍼테트주(항파상풍사람면역글로불린),8806436018402,J06BB02,전문
2024,201804233,에스케이플라즈마(주),테타불린에스앤주프리필드시린지(항파상풍사람면역글로불린),8800508003600,J06BB02,전문
2024,200403376,(주)녹십자,녹십자-수두사람면역글로불린주,8806436004108,J06BB03,전문
2024,200612719,(주)녹십자,정주용헤파빅주(정맥주사용B형간염사람면역글로불린),8806436014503,J06BB04,전문
2024,200403365,(주)녹십자,헤파빅주(비형간염사람면역글로불린),8806436018907,J06BB04,전문
2024,200403365,(주)녹십자,헤파빅주(비형간염사람면역글로불린),8806436019003,J06BB04,전문
2024,201502643,에스케이플라즈마(주),정주용헤파불린에스앤주(정맥주사용B형간염사람면역글로불린),8800508002405,J06BB04,전문
2024,201502643,에스케이플라즈마(주),정주용헤파불린에스앤주(정맥주사용B형간염사람면역글로불린),8800508003808,J06BB04,전문
2024,200612719,(주)녹십자,정주용헤파빅주(정맥주사용B형간염사람면역글로불린),8806436014404,J06BB04,전문
2024,200403374,(주)녹십자,녹십자-히스토불린주(건조히스타민가사람면역글로불린),8806436008809,J06BB30,전문
2024,201605448,한국아스트라제네카(주),시나지스주사액50밀리그램(팔리비주맙),8806507011905,J06BD01,전문
2024,201605447,한국아스트라제네카(주),시나지스주사액100밀리그램(팔리비주맙),8806507011806,J06BD01,전문
2024,202101124,(주)셀트리온,렉키로나주960mg(레그단비맙)(단클론항체유전자재조합),8806238001008,J06BD06,전문
2024,200904360,(주)사노피-아벤티스코리아,아다셀주(성인용흡착디프테리아파상풍톡소이드및정제백일해혼합백신),8806520015102,J07A,전문
2024,202300246,한국화이자제약(주),보술리프정500밀리그램(보수티닙일수화물),8806489037900,L01EA04,전문
2024,202300245,한국화이자제약(주),보술리프정400밀리그램(보수티닙일수화물),8806489037801,L01EA04,전문
2024,202300244,한국화이자제약(주),보술리프정100밀리그램(보수티닙일수화물),8806489038006,L01EA04,전문
2024,201704776,한국오츠카제약(주),아이클루시그정15밀리그램(포나티닙염산염),8806499004503,L01EA05,전문
2024,201704777,한국오츠카제약(주),아이클루시그정45밀리그램(포나티닙염산염),8806499004602,L01EA05,전문
2024,202202386,한국노바티스(주),셈블릭스정40밀리그램(애시미닙염산염),8806536035101,L01EA06,전문
2024,202202385,한국노바티스(주),셈블릭스정20밀리그램(애시미닙염산염),8806536035200,L01EA06,전문
2024,200307971,한국아스트라제네카(주),이레사정(게피티니브),8806507004600,L01EB01,전문
2024,201400444,한국베링거인겔하임(주),지오트립정40밀리그램(아파티닙이말레산염),8806535014503,L01EB03,전문
2024,201400441,한국베링거인겔하임(주),지오트립정20밀리그램(아파티닙이말레산염),8806535014305,L01EB03,전문
2024,201400443,한국베링거인겔하임(주),지오트립정30밀리그램(아파티닙이말레산염),8806535014404,L01EB03,전문
2024,201602778,한국아스트라제네카(주),타그리소정80밀리그램(오시머티닙메실산염),8806507009803,L01EB04,전문
2024,201602777,한국아스트라제네카(주),타그리소정40밀리그램(오시머티닙메실산염),8806507009902,L01EB04,전문
2024,202000973,한국화이자제약(주),비짐프로정30밀리그램(다코미티닙수화물),8806489034800,L01EB07,전문
2024,202000971,한국화이자제약(주),비짐프로정15밀리그램(다코미티닙수화물),8806489034602,L01EB07,전문
2024,202100467,(주)유한양행,렉라자정80밀리그램(레이저티닙메실산염일수화물),8806421056600,L01EB09,전문
2024,201206226,(주)한국로슈,젤보라프정240밀리그램(베무라페닙),8806450012905,L01EC01,전문
2024,201404385,한국노바티스(주),라핀나캡슐75밀리그램(다브라페닙메실산염),8806536026604,L01EC02,전문
2024,201404384,한국노바티스(주),라핀나캡슐50밀리그램(다브라페닙메실산염),8806536026505,L01EC02,전문
2024,202106061,한국오노약품공업주식회사,비라토비캡슐75밀리그램(엔코라페닙),8800504000405,L01EC03,전문
2024,201112194,한국화이자제약(주),잴코리캡슐200밀리그램(크리조티닙),8806489020803,L01ED01,전문
2024,201112195,한국화이자제약(주),잴코리캡슐250밀리그램(크리조티닙),8806489020704,L01ED01,전문
2024,201500142,한국노바티스(주),자이카디아캡슐150밀리그램(세리티닙),8806536025300,L01ED02,전문
2024,201606293,(주)한국로슈,알레센자캡슐150밀리그램(알렉티닙염산염),8806450014305,L01ED03,전문
2024,201804848,한국다케다제약(주),알룬브릭정180밀리그램(브리가티닙),8806963005401,L01ED04,전문
2024,201804847,한국다케다제약(주),알룬브릭정90밀리그램(브리가티닙),8806963005302,L01ED04,전문
2024,201804846,한국다케다제약(주),알룬브릭정30밀리그램(브리가티닙),8806963005203,L01ED04,전문
2024,202105596,한국화이자제약(주),로비큐아정25밀리그램(롤라티닙),8806489036101,L01ED05,전문
2024,202105597,한국화이자제약(주),로비큐아정100밀리그램(롤라티닙),8806489036200,L01ED05,전문
2024,201506891,한국노바티스(주),매큐셀정2밀리그램(트라메티닙디메틸설폭시드),8806536026901,L01EE01,전문
2024,201506890,한국노바티스(주),매큐셀정0.5밀리그램(트라메티닙디메틸설폭시드),8806536026802,L01EE01,전문
2024,202104241,한국아스트라제네카(주),코셀루고캡슐25밀리그램(셀루메티닙황산염),8806507011509,L01EE04,전문
2024,202104242,한국아스트라제네카(주),코셀루고캡슐10밀리그램(셀루메티닙황산염),8806507011400,L01EE04,전문
2024,201605161,한국화이자제약(주),입랜스캡슐75mg(팔보시클립),8806489029301,L01EF01,전문
2024,201605162,한국화이자제약(주),입랜스캡슐125mg(팔보시클립),8806489029400,L01EF01,전문
2024,201605163,한국화이자제약(주),입랜스캡슐100mg(팔보시클립),8806489029202,L01EF01,전문
2024,202200688,한국화이자제약(주),입랜스정100밀리그램(팔보시클립),8806489037207,L01EF01,전문
2024,202200687,한국화이자제약(주),입랜스정125밀리그램(팔보시클립),8806489037108,L01EF01,전문
2024,202200686,한국화이자제약(주),입랜스정75밀리그램(팔보시클립),8806489037009,L01EF01,전문
2024,201907575,한국노바티스(주),키스칼리정200밀리그램(리보시클립숙신산염),8806536032704,L01EF02,전문
2024,201902825,한국릴리(유),버제니오정50밀리그램(아베마시클립),8806708011407,L01EF03,전문
2024,201902827,한국릴리(유),버제니오정150밀리그램(아베마시클립),8806708011605,L01EF03,전문
2024,201902826,한국릴리(유),버제니오정100밀리그램(아베마시클립),8806708011803,L01EF03,전문
2024,200810634,한국화이자제약(주),토리셀주(템시롤리무스),8806489023705,L01EG01,전문
2024,200904536,한국노바티스(주),아피니토정5밀리그램(에베로리무스),8806536015202,L01EG02,전문
2024,201103779,한국노바티스(주),아피니토정2.5밀리그램(에베로리무스),8806536022309,L01EG02,전문
2024,200904535,한국노바티스(주),아피니토정10밀리그램(에베로리무스),8806536015301,L01EG02,전문
2024,202002237,광동제약(주),에리니토정5밀리그램(에베로리무스),8806418068807,L01EG02,전문
2024,201901677,광동제약(주),에리니토정10mg(에베로리무스),8806418067404,L01EG02,전문
2024,202004978,(주)삼양홀딩스,에베로즈정5밀리그램(에베로리무스),8806227011209,L01EG02,전문
2024,202004979,(주)삼양홀딩스,에베로즈정10밀리그램(에베로리무스),8806227011100,L01EG02,전문
2024,202004977,(주)삼양홀딩스,에베로즈정2.5밀리그램(에베로리무스),8806227011001,L01EG02,전문
2024,200102618,제이더블유신약(주),락티손에이취씨현탁액1%(히드로코르티손),8806441001406,D07AA02,일반
2024,200300822,태극제약(주),하이로손크림(히드로코르티손)(수출명:Hydrocortisone1%CreamMaxStrengthHydrocortisoneCream),8806448030904,D07AA02,일반
2024,198900700,삼아제약(주),삼아리도멕스로션(프레드니솔론발레로아세테이트),8806457005504,D07AA03,전문
2024,198500104,(주)유유제약,반델크림(히드로코르티손프로부테이트),8806445003406,D07AB02,전문
2024,197800036,동광제약(주),트리코트크림0.1%(트리암시놀론아세토니드),8806459030405,D07AB09,전문
2024,200201703,오스틴제약(주),덱사톱크림(덱사메타손프로피오네이트),8806543003605,D07AB19,일반
2024,198901335,부광약품(주),부광에몰액(베타메타손발레레이트),8806422008103,D07AC01,전문
2024,201005551,제이더블유신약(주),디푸코로션0.3%(디플루코르톨론발레레이트),8806441015007,D07AC06,전문
2024,199902753,제이더블유신약(주),디푸코연고0.3%(디플루코르톨론발레레이트),8806441000904,D07AC06,전문
2024,197400031,(주)종근당,라이덱스크림(플루오시노니드),8806433004309,D07AC08,전문
2024,199800865,동화약품(주),스테파론액(플루오시노니드),8806427020605,D07AC08,전문
2024,199500819,태극제약(주),디크론크림(디플로라손아세테이트),8806448003601,D07AC10,전문
2024,200612602,레오파마(유),아드반탄연고(메틸프레드니솔론아세포네이트(미분화)),8806267001703,D07AC14,전문
2024,200608045,레오파마(유),아드반탄크림(메틸프레드니솔론아세포네이트(미분화)),8806267001604,D07AC14,전문
2024,200703274,코오롱제약(주),토피솔밀크로션(메틸프레드니솔론아세폰산염),8806703017701,D07AC14,전문
2024,200809664,(주)글락소스미스클라인,큐티베이트크림(플루티카손프로피오네이트(미분화)),8806500019106,D07AC17,전문
2024,199501565,고려제약(주),리베카크림(디플루프레드네이트),8806428004802,D07AC19,전문
2024,200706943,주식회사 제뉴원사이언스,프로솔로션(클로베타솔프로피오네이트),8806717018107,D07AD01,전문
2024,200300547,동화약품(주),후시딘히드로크림,8806427040108,D07CA01,일반
2024,200200773,(주)한독,캄비손소프트크림,8806521012001,D07CA03,일반
2024,200307875,한국쓰리엠(주),듀라프렙외용액,8806410000102,D08A,일반
2024,200307984,스미스앤드네퓨(주),박티그라(클로르헥시딘아세트산염),8806818000100,D08AC02,일반
2024,200307984,스미스앤드네퓨(주),박티그라(클로르헥시딘아세트산염),8806818000803,D08AC02,일반
2024,197900176,알리코제약(주),알리코클로르헥시딘크림,8806560011409,D08AC02,일반
2024,200500986,(주)에이프로젠바이오로직스,바른솔크림,8806452046502,D08AC52,일반
2024,200502922,(주)시어스제약,새솔크림,8806890016402,D08AC52,일반
2024,197400199,안국약품(주),안국니트로푸라존연고,8806502010507,D08AF01,일반
2024,201403893,한국먼디파마 유한회사,베타딘드라이파우더스프레이,8806780003703,D08AG02,일반
2024,198000168,삼일제약(주),포타딘연고(포비돈요오드),8806439016900,D08AG02,일반
2024,201801854,(주)한국유니팜,옥테니셉트액,8806858001709,D08AJ57,일반
2024,200302820,구미제약(주),구미화이트액,8806804001401,D08AX,일반
2024,200707111,비브라운코리아(주),소프타-맨액,8806674004502,D08AX53,일반
2024,199100535,(주)퍼슨,성광리도아가아제,8806574001502,D09AA,일반
2024,201802532,큐앤큐팜(주),큐앤큐니트로푸라존거즈,8806810007305,D09AA03,일반
2024,201905385,(주)퍼슨,더마세이프멸균거즈(클로르헥시딘아세트산염),8806574014700,D09AA12,일반
2024,201404255,(주)글락소스미스클라인,듀악겔3%,8806500029808,D10A,전문
2024,200808281,(주)나노팜,프로좀에이액0.02%(트레티노인),8806589003706,D10AD01,전문
2024,201604596,주식회사 더유제약,투앤티크림0.025%(트레티노인),8800570009005,D10AD01,전문
2024,202103414,갈더마코리아(주),아크리프크림0.005%(트리파로텐),8806557003509,D10AD06,전문
2024,202103414,갈더마코리아(주),아크리프크림0.005%(트리파로텐),8806557003608,D10AD06,전문
2024,201800996,갈더마코리아(주),에피듀오포르테겔0.3%/2.5%(아다팔렌/과산화벤조일),8806557003400,D10AD53,전문
2024,200907303,갈더마코리아(주),에피듀오겔0.1%/2.5%(아다팔렌/과산화벤조일),8806557002908,D10AD53,전문
2024,201701949,(주)동구바이오제약,에이씨큐어엠엘이겔,8806573069107,D10AD53,전문
2024,200200844,태극제약(주),파티마겔2.5%(가수과산화벤조일),8806448028109,D10AE01,일반
2024,200204186,(주)나노팜,벤지드로션5%(과산화벤조일),8806589001900,D10AE01,일반
2024,201306847,(주)한독,클리어틴외용액2%(살리실산),8806521045504,D10AF,일반
2024,202204171,동아제약(주),애크린겔(살리실산),8806265018208,D10AF,일반
2024,201604351,부광약품(주),클리톡외용액2%(살리실산),8806422041605,D10AF,일반
2024,202103052,주식회사 더유제약,클린디올겔(클린다마이신포스페이트),8800570016102,D10AF01,전문
2024,200706607,부광약품(주),나딕사크림(나디플록사신),8806422000206,D10AF05,전문
2024,202302179,(주)동구바이오제약,아크베리1%크림(나디플록사신),8806573086708,D10AF05,전문
2024,200511069,(주)글락소스미스클라인,듀악겔5%,8806500024605,D10AF51,전문
2024,201304631,주식회사 제뉴원사이언스,듀케이겔,8806717036606,D10AF51,전문
2024,202100690,동화약품(주),세비타비겔(니코틴산아미드),8806427071805,D10AX,일반
2024,201903796,동아제약(주),애크린외용액(살리실산),8806265013302,D10AX,일반
2024,200608046,레오파마(유),아젤리아크림(아젤라산(미분화)),8806267001505,D10AX03,일반
2024,199302841,(주)엘지화학,아이브이에프엠주75아이유(메노트로핀)(수출명:엘지아이브이에프엠주),8806689002401,G03GA02,전문
2024,199302843,(주)엘지화학,아이브이에프엠주150아이유(메노트로핀),8806689002500,G03GA02,전문
2024,200804833,한국페링제약(주),메노푸어주(메노트로핀에이치피),8806525002701,G03GA02,전문
2024,201206984,한국페링제약(주),메노푸어멀티도즈600IU(메노트로핀에이치피),8806525003104,G03GA02,전문
2024,202007415,(주)유영제약,벰폴라프리필드펜(폴리트로핀알파유전자재조합),8806482043403,G03GA05,전문
2024,200711829,머크(주),고날-에프펜900IU주(폴리트로핀알파유전자재조합),8806617000707,G03GA05,전문
2024,200711828,머크(주),고날-에프펜450IU주(폴리트로핀알파유전자재조합),8806617000608,G03GA05,전문
2024,200711827,머크(주),고날-에프펜300IU주(폴리트로핀알파유전자재조합),8806617000509,G03GA05,전문
2024,202203712,머크(주),고날-에프펜150IU주(폴리트로핀알파유전자재조합),8806617007508,G03GA05,전문
2024,200210151,한국오가논 주식회사,퓨레곤펜주(폴리트로핀베타재조합난포자극호르몬),8800731000902,G03GA06,전문
2024,200210151,한국오가논 주식회사,퓨레곤펜주(폴리트로핀베타재조합난포자극호르몬),8800731000803,G03GA06,전문
2024,200210151,한국오가논 주식회사,퓨레곤펜주(폴리트로핀베타재조합난포자극호르몬),8800731001008,G03GA06,전문
2024,200711802,머크(주),루베리스주75아이유(루트로핀알파),8806617001704,G03GA07,전문
2024,200711803,머크(주),오비드렐리퀴드주(코리오고나도트로핀알파),8806617002909,G03GA08,전문
2024,201306622,머크(주),오비드렐펜주(코리오고나도트로핀알파),8806617006808,G03GA08,전문
2024,201908661,한국페링제약(주),레코벨프리필드펜(폴리트로핀델타)(유전자재조합),8806525004200,G03GA10,전문
2024,201902762,머크(주),퍼고베리스펜주900/450IU,8806617007102,G03GA30,전문
2024,201902761,머크(주),퍼고베리스펜주300/150IU,8806617007003,G03GA30,전문
2024,201902763,머크(주),퍼고베리스펜주450/225IU,8806617007201,G03GA30,전문
2024,199502153,영풍제약(주),영풍클로미펜시트르산염정,8806619009500,G03GB02,전문
2024,200800691,바이엘코리아(주),안드로쿨정(시프로테론아세테이트),8806411006806,G03HA01,전문
2024,200800971,바이엘코리아(주),크리멘28정,8806411008206,G03HB01,전문
2024,198401033,영풍제약(주),영풍다나졸200mg캡슐,8806619010001,G03XA01,전문
2024,198600437,동화약품(주),동화디트로판정(옥시부티닌염산염),8806427003004,G04BD04,전문
2024,200501981,경동제약(주),텔로딘정(톨터로딘-L-타르타르산염),8806481021402,G04BD07,전문
2024,199201630,부광약품(주),스파스몰리트당의정(트로스퓸염화물),8806422012902,G04BD09,전문
2024,200810114,한국화이자제약(주),토비애즈서방정8밀리그람(페소테로딘푸마르산염),8806489013300,G04BD11,전문
2024,200810113,한국화이자제약(주),토비애즈서방정4밀리그람(페소테로딘푸마르산염),8806489013201,G04BD11,전문
2024,200812014,(주)엘지화학,유리토스정(이미다페나신),8806689015609,G04BD14,전문
2024,202203951,제일약품(주),베오바정50밀리그램(비베그론),8806454062708,G04BD15,전문
2024,201110541,에스케이케미칼(주),엠빅스에스구강붕해필름50밀리그램(미로데나필),8806447037300,G04BE,전문
2024,201209012,에스케이케미칼(주),엠빅스에스구강붕해필름100밀리그램(미로데나필),8806447038703,G04BE,전문
2024,200705481,한국화이자제약(주),카버젝트주사20마이크로그람(알프로스타딜),8806489010200,G04BE01,전문
2024,200705483,한국화이자제약(주),카버젝트주사10마이크로그람(알프로스타딜),8806489010101,G04BE01,전문
2024,201202447,건일제약(주),세리비아세립50밀리그램(실데나필),8806468025003,G04BE03,전문
2024,201505611,안국약품(주),그래서산20밀리그램(타다라필),8806502044403,G04BE08,전문
2024,201505612,안국약품(주),그래서산10밀리그램(타다라필),8806502044304,G04BE08,전문
2024,202002543,(주)종근당,야일라정10밀리그램(바데나필염산염),8806433088408,G04BE09,전문
2024,202002544,(주)종근당,야일라정20밀리그램(바데나필염산염),8806433088507,G04BE09,전문
2024,201309741,동아에스티(주),자이데나정75밀리그램(유데나필),8806425070503,G04BE11,전문
2024,200500257,동아에스티(주),자이데나정200밀리그램(유데나필),8806425030309,G04BE11,전문
2024,201005841,동아에스티(주),자이데나정50밀리그램(유데나필),8806425063109,G04BE11,전문
2024,200500258,동아에스티(주),자이데나정100밀리그램(유데나필),8806425030200,G04BE11,전문
2024,201306327,(주)휴온스,네노마정15밀리그램(클로미프라민염산염),8806706064900,G04BX,전문
2024,200503318,(주)넥스팜코리아,리소톤과립,8806625007903,G04BX,전문
2024,200600860,(주)한국팜비오,유로시트라케이10mEq서방정(시트르산칼륨수화물),8806599001709,G04BX,전문
2024,200600858,(주)한국팜비오,유로시트라씨산,8806599001501,G04BX,전문
2024,200905961,한국메나리니(주),프릴리지정60밀리그램(다폭세틴염산염),8806749004703,G04BX14,전문
2024,200905962,한국메나리니(주),프릴리지정30밀리그램(다폭세틴염산염),8806749004604,G04BX14,전문
2024,201600339,주식회사 제뉴원사이언스,타폭센정60밀리그램(다폭세틴염산염),8806717049309,G04BX14,전문
2024,201600340,주식회사 제뉴원사이언스,타폭센정30밀리그램(다폭세틴염산염),8806717049200,G04BX14,전문
2024,200606210,한국아스텔라스제약(주),하루날디정0.2밀리그램(탐스로신염산염),8806772001601,G04CA02,전문
2024,201908154,한미약품(주),한미탐스오디정0.4밀리그램(탐스로신염산염),8806435081506,G04CA02,전문
2024,200711680,하나제약(주),코살린정(페타시테스히브리두스엽이산화탄소엑스),8806578066507,R03DC,전문
2024,201004767,삼아제약(주),씨투스건조시럽(프란루카스트수화물),8806457022204,R03DC02,전문
2024,201105953,삼아제약(주),씨투스현탁정70mg(프란루카스트수화물),8806457024109,R03DC02,전문
2024,201105954,삼아제약(주),씨투스현탁정140mg(프란루카스트수화물),8806457024208,R03DC02,전문
2024,201110491,삼아제약(주),씨투스현탁정50mg(프란루카스트수화물),8806457024307,R03DC02,전문
2024,201110492,삼아제약(주),씨투스현탁정100mg(프란루카스트수화물),8806457024406,R03DC02,전문
2024,201202801,일동제약(주),몬테루칸속붕해정10밀리그램(몬테루카스트나트륨),8806429043701,R03DC03,전문
2024,201005127,일동제약(주),몬테루칸속붕해정4밀리그램(몬테루카스트나트륨),8806429039407,R03DC03,전문
2024,201005128,일동제약(주),몬테루칸속붕해정5밀리그램(몬테루카스트나트륨),8806429039308,R03DC03,전문
2024,201205414,코오롱제약(주),애스몬테속붕정4밀리그램(몬테루카스트나트륨),8806703034906,R03DC03,전문
2024,201205415,코오롱제약(주),애스몬테속붕정5밀리그램(몬테루카스트나트륨),8806703035002,R03DC03,전문
2024,199300325,제이더블유중외제약(주),도메난정200밀리그램(오자그렐염산염일수화물),8806449006007,R03DX,전문
2024,200706212,한국노바티스(주),졸레어주사(오말리주맙),8806536010009,R03DX05,전문
2024,201704778,한국노바티스(주),졸레어프리필드시린지주75(오말리주맙),8806536029704,R03DX05,전문
2024,201602975,한국노바티스(주),졸레어프리필드시린지주150(오말리주맙),8806536028905,R03DX05,전문
2024,201103179,한국아스트라제네카(주),닥사스정500마이크로그램(로플루밀라스트),8806507010601,R03DX07,전문
2024,202106508,삼아제약(주),삼아로플루정500마이크로그램(로플루밀라스트),8806457028909,R03DX07,전문
2024,201706943,주식회사 한독테바,싱케어주(레슬리주맙),8806269008809,R03DX08,전문
2024,201601746,(주)글락소스미스클라인,누칼라주(메폴리주맙유전자재조합),8806500031108,R03DX09,전문
2024,201903766,한국아스트라제네카(주),파센라프리필드시린지주30밀리그램(벤라리주맙),8806507010908,R03DX10,전문
2024,201101306,안국약품(주),시네츄라시럽,8806502036507,R05CA,전문
2024,200102543,신일제약(주),무코신일정(메틸-NS-디아세틸시스테인),8806538006208,R05CB,일반
2024,201206670,코오롱제약(주),튜란트시럽(아세틸시스테인),8806703035101,R05CB01,일반
2024,200302275,(주)서울제약,세브론시럽(아세틸시스테인)(수출명:뮤시스틴시럽스파탐시럽),8806529009102,R05CB01,일반
2024,202200263,(주)보령,보령뮤코미스트액10%(아세틸시스테인),8806419078409,R05CB01,일반
2024,198700683,(주)보령,보령뮤코미스트액(아세틸시스테인),8806419012403,R05CB01,일반
2024,197400343,신일제약(주),신일브롬헥신염산염정(수출명:BIVOTUMEBIVO),8806538014203,R05CB02,일반
2024,197400277,부광약품(주),뮤코졸정(브롬헥신염산염),8806422005201,R05CB02,일반
2024,198000304,부광약품(주),뮤코론캡슐375밀리그램(카르보시스테인),8806422005003,R05CB03,일반
2024,197600722,현대약품(주),리나치올시럽(카르보시스테인)(수출명:HyundiolSyrup),8806420002103,R05CB03,일반
2024,197800466,현대약품(주),리나치올캡슐375밀리그램(카르보시스테인)(수출명:HyundiolCapsule375Mg),8806420002509,R05CB03,일반
2024,198200689,현대약품(주),리나치올시럽5%(카르보시스테인)(수출명:HyundiolSyrup5%),8806420002202,R05CB03,일반
2024,200804359,한미약품(주),암브콜흡입액(암브록솔염산염),8806435042408,R05CB06,일반
2024,199802171,(주)테라젠이텍스,이텍스암브록솔시럽(암브록솔염산염),8806985006806,R05CB06,일반
2024,200302278,(주)서울제약,세브론에이시럽,8806529009201,R05CB10,일반
2024,202000797,진양제약(주),소부날에이정,8806503040206,R05CB10,일반
2024,200600722,(주)넥스팜코리아,세이브론캡슐(수출명:SEIBRONCapsule),8806625010002,R05CB10,일반
2024,201804925,정우신약(주),콜로브론캡슐,8806942058008,R05CB10,일반
2024,199900508,(주)대웅제약,엘도스시럽(에르도스테인),8806416019504,R05CB15,전문
2024,199701054,동성제약(주),지콜연질캡슐(벤조나테이트),8806432009701,R05DB01,전문
2024,199701234,태극제약(주),투렌정(벤프로페린인산염),8806448026303,R05DB02,일반
2024,199400693,동성제약(주),지노콜시럽(구연산부타미레이트),8806432009602,R05DB13,일반
2024,200410864,아주약품(주),레스피렌시럽5밀리그람/밀리리터(지페프롤염산염),8806540001604,R05DB15,전문
2024,200201397,대원제약(주),프리비투스현탁액(레보클로페라스틴펜디조산염),8806718035103,R05DB21,일반
2024,197900219,태극제약(주),마스질정(클레마스틴푸마르산염),8806448005803,R06AA04,일반
2024,201904588,대한뉴팜(주),파인에스정,8806699075402,R06AA52,일반
2024,196000011,(주)유한양행,페니라민정(클로르페니라민말레산염),8806421025705,R06AB04,일반
2024,200001946,부광약품(주),소아용프리마란시럽(메퀴타진),8806422012704,R06AD07,전문
2024,197800308,부광약품(주),프리마란정(메퀴타진),8806422023403,R06AD07,전문
2024,201603600,고려제약(주),멀스토구강용해필름(메클리진염산염수화물),8806428028907,R06AE05,일반
2024,199602310,(주)한국파비스제약,파비스염산메클리진정,8806218018408,R06AE05,일반
2024,199400711,영진약품(주),옥사틴정(옥사토마이드),8806424010906,R06AE06,전문
2024,199800470,일동제약(주),세노바액(세티리진염산염),8806429007000,R06AE07,일반
2024,200903813,태극제약(주),지르세틴액(세티리진염산염),8806448040309,R06AE07,일반
2024,201502717,제이더블유중외제약(주),트루패스구강붕해정8밀리그램(실로도신),8806449139903,G04CA04,전문
2024,202103982,(주)글락소스미스클라인,듀오다트캡슐,8806500032105,G04CA52,전문
2024,201606202,한미약품(주),구구탐스캡슐(타다라필탐스로신),8806435076601,G04CA54,전문
2024,200708654,(주)한국팜비오,쏘메토320밀리그램연질캡슐(세레노아레펜스리피도스테롤추출물),8806599001006,G04CX02,일반
2024,201103323,(주)다림바이오텍,시낙텐주(테트라코삭티드),8806646020301,H01AA02,전문
2024,202300415,한국화이자제약(주),엔젤라프리필드펜주24mg(소마트로곤),8806489038204,H01AC08,전문
2024,202300416,한국화이자제약(주),엔젤라프리필드펜주60mg(소마트로곤),8806489038105,H01AC08,전문
2024,202006407,한국화이자제약(주),소마버트주30밀리그램(페그비소만트),8806489035609,H01AX01,전문
2024,202006405,한국화이자제약(주),소마버트주20밀리그램(페그비소만트),8806489035401,H01AX01,전문
2024,202006403,한국화이자제약(주),소마버트주10밀리그램(페그비소만트),8806489035203,H01AX01,전문
2024,202006406,한국화이자제약(주),소마버트주25밀리그램(페그비소만트),8806489035500,H01AX01,전문
2024,202006404,한국화이자제약(주),소마버트주15밀리그램(페그비소만트),8806489035302,H01AX01,전문
2024,198401223,한림제약(주),한림바소프레신주사액(수출명1:페트레신주사액수출명2:헤모프레신주사액),8806453023700,H01BA01,전문
2024,199403266,한국페링제약(주),미니린주사액(데스모프레신아세트산염),8806525001407,H01BA02,전문
2024,200704307,한국페링제약(주),미니린멜트설하정60마이크로그램(데스모프레신아세트산염),8806525001001,H01BA02,전문
2024,201110294,한국페링제약(주),미니린멜트설하정240마이크로그램(데스모프레신아세트산염),8806525003005,H01BA02,전문
2024,200704308,한국페링제약(주),미니린멜트설하정120마이크로그램(데스모프레신아세트산염),8806525000905,H01BA02,전문
2024,201707571,한국페링제약(주),녹더나설하정50마이크로그램(데스모프레신아세트산염),8806525004002,H01BA02,전문
2024,201707570,한국페링제약(주),녹더나설하정25마이크로그램(데스모프레신아세트산염),8806525004101,H01BA02,전문
2024,201600439,(주)씨티씨바이오,듀레신구강용해필름0.2mg(데스모프레신아세트산염),8806695013903,H01BA02,전문
2024,201602779,(주)씨티씨바이오,듀레신구강용해필름0.1mg(데스모프레신아세트산염),8806695014108,H01BA02,전문
2024,201401523,(주)코아팜바이오,엔유린오디프스산0.1밀리그램(데스모프레신아세트산염),8800517000102,H01BA02,전문
2024,201400882,(주)코아팜바이오,엔유린오디프스산0.2밀리그램(데스모프레신아세트산염),8800517000201,H01BA02,전문
2024,201602780,제이더블유중외제약(주),데소닉스구강용해필름0.1밀리그램(데스모프레신아세트산염),8806449136407,H01BA02,전문
2024,200708881,한국페링제약(주),레메스팁1.0주사액(테를리프레신아세트산염),8806525000509,H01BA04,전문
2024,199604918,한국페링제약(주),글라이프레신1밀리그램(테를리프레신아세트산염),8806525000103,H01BA04,전문
2024,201402420,한림제약(주),테리핀에스주(테를리프레신아세트산염),8806453048802,H01BA04,전문
2024,200302307,한림제약(주),테리핀주(테를리프레신아세트산염),8806453018607,H01BA04,전문
2024,197500052,제이더블유중외제약(주),중외옥시토신주,8806449032907,H01BB02,전문
2024,196300025,(주)유한양행,옥시톤주사액5아이유(옥시토신),8806421012705,H01BB02,전문
2024,201705664,한국페링제약(주),듀라토신알티에스주(카르베토신),8806525003906,H01BB03,전문
2024,201109290,한림제약(주),한림카베토신주(카르베토신),8806453043609,H01BB03,전문
2024,201206223,(주)한국팜비오,소마토린주3밀리그램(소마토스타틴),8806599008500,H01CB01,전문
2024,199604695,한국노바티스(주),산도스타틴주사0.1밀리그램/밀리리터(옥트레오티드아세트산염),8806536005203,H01CB02,전문
2024,200512230,한국노바티스(주),산도스타틴라르주사30밀리그램(옥트레오티드아세트산염),8806536005104,H01CB02,전문
2024,200512231,한국노바티스(주),산도스타틴라르주사20밀리그램(옥트레오티드아세트산염),8806536005005,H01CB02,전문
2024,200512232,한국노바티스(주),산도스타틴라르주사10밀리그램(옥트레오티드아세트산염),8806536004909,H01CB02,전문
2024,200807988,(주)한국비엠아이,옥트스타틴주(옥트레오티드아세트산염),8806548018307,H01CB02,전문
2024,200210137,입센코리아(주),소마툴린오토젤60밀리그람주사(프리필드)(란레오티드아세테이트),8806814000609,H01CB03,전문
2024,200210138,입센코리아(주),소마툴린오토젤90밀리그람주사(프리필드)(란레오티드아세테이트),8806814000708,H01CB03,전문
2024,200210139,입센코리아(주),소마툴린오토젤120밀리그램주사(프리필드)(란레오티드아세테이트),8806814000500,H01CB03,전문
2024,200109264,한국오가논 주식회사,오가루트란주0.25mg/0.5ml(가니렐릭스아세트산염),8800731001404,H01CC01,전문
2024,201506538,(주)엘지화학,가니레버프리필드시린지주0.25mg/0.5mL(가니렐릭스아세트산염),8806689030008,H01CC01,전문
2024,201505122,(주)베키오바이오젠,유레릭스주0.25밀리그램(세트로렐릭스아세트산염),8806262000305,H01CC02,전문
2024,200711764,머크(주),세트로타이드주0.25밀리그램(세트로렐릭스아세트산염),8806617002008,H01CC02,전문
2024,199907231,삼일제약(주),플로리네프정(미분화플루드로코르티손아세테이트),8806439034409,H02AA02,전문
2024,197900378,신일제약(주),신일베타메타손정,8806538011509,H02AB01,전문
2024,199602982,(주)유한양행,소론도정(프레드니솔론),8806421050202,H02AB06,전문
2024,200202869,한림제약(주),피알디현탁시럽0.3%(프레드니솔론),8806453022208,H02AB06,전문
2024,201109514,한미약품(주),한미탐스오디정0.2밀리그램(탐스로신염산염),8806435061003,G04CA02,전문
2024,201403515,(주)태준제약,가스론엔구강붕해정4밀리그램(이르소글라딘말레산염),8806501026707,A02BX16,전문
2024,199000352,일동제약(주),일동울굿캡슐(베넥세이트염산염베타덱스),8806429018006,A02X,전문
2024,199001305,삼진제약(주),겔마현탁액,8806478000809,A02X,일반
2024,198000169,삼일제약(주),포리부틴드라이시럽(트리메부틴),8806439016207,A03AA05,전문
2024,200003011,신일제약(주),이지정(디시클로민염산염),8806538022505,A03AA07,일반
2024,197900411,조아제약(주),스파토민캡슐(디시클로민염산염),8806446006208,A03AA07,일반
2024,198601958,명문제약(주),명문글리코피롤레이트정,8806498008106,A03AB02,전문
2024,200000021,신풍제약(주),티램주(티로프라미드염산염),8806485037904,A03AC05,전문
2024,200400154,이연제약(주),이연파파베린염산염주사,8806586014606,A03AD01,전문
2024,198801113,삼진제약(주),푸로시놀주사,8806478025802,A03AX,전문
2024,198801114,삼진제약(주),푸로시놀정,8806478025703,A03AX,전문
2024,198500673,일양약품(주),일양디세텔정(피나베륨브롬화물),8806417016106,A03AX04,전문
2024,198801248,부광약품(주),펙사딘캡슐(페노베린),8806422023007,A03AX05,전문
2024,201907272,삼아제약(주),삼아로스판액(플로로글루시놀수화물),8806457028503,A03AX12,전문
2024,200102089,대화제약(주),후로스판액(플로로글루시놀수화물),8806456022403,A03AX12,전문
2024,201508272,한미약품(주),까스앤프리츄정80밀리그램(시메티콘),8806435074805,A03AX13,일반
2024,196900033,대한약품공업(주),대한아트로핀황산염주사액,8806451011105,A03BA01,전문
2024,197500147,(주)제일제약,제일아트로핀황산염주사액,8806505008808,A03BA01,전문
2024,198100655,삼양화학공업(주),삼양아트로핀주사제,8806908000102,A03BA01,전문
2024,200901181,오펠라헬스케어코리아주식회사,부스코판당의정(부틸스코폴라민브롬화물),8800742000700,A03BB01,일반
2024,200100633,(주)제일제약,프리판주(부틸스코폴라민브롬화물),8806505009904,A03BB01,전문
2024,198701643,(주)휴온스,히스판주(부틸스코폴라민브롬화물)(수출명:부스판주디스코판주DISPANInj.),8806706040508,A03BB01,전문
2024,200500776,동화약품(주),알피움정(시메트로퓸브롬화물),8806427024108,A03BB05,전문
2024,200002889,하나제약(주),알피트주사(시메트로퓸브롬화물),8806578013303,A03BB05,전문
2024,201502477,부광약품(주),브로퓸주사(시메트로퓸브롬화물),8806422037806,A03BB05,전문
2024,201502477,부광약품(주),브로퓸주사(시메트로퓸브롬화물),8806422037905,A03BB05,전문
2024,199907281,고려제약(주),리브락스정(클리디늄브롬화물클로르디아제폭시드),8806428005007,A03CA02,전문
2024,199700978,(주)일화,아크라톤정50밀리그램(아클라토늄나파디실산염),8806409006207,A03F,전문
2024,199500497,(주)제일제약,멕쿨주(메토클로프라미드염산염),8806505000901,A03FA01,전문
2024,198800560,동화약품(주),맥페란주사액2밀리리터(메토클로프라미드염산염수화물),8806427013409,A03FA01,전문
2024,201705482,대한약품공업(주),가스트로메토주(메토클로프라미드염산염수화물),8806451044608,A03FA01,전문
2024,197200484,동화약품(주),맥페란정(메토클로프라미드),8806427013201,A03FA01,전문
2024,199601110,일양약품(주),크리맥액(돔페리돈),8806417022800,A03FA03,일반
2024,199200631,코오롱제약(주),하미돈현탁액(돔페리돈),8806703020602,A03FA03,전문
2024,200100564,(주)대웅제약,가스모틴산제(모사프리드시트르산염수화물),8806416052006,A03FA09,전문
2024,199907135,한국다이이찌산쿄주식회사,나제아오디정0.1mg(라모세트론염산염),8806809002304,A04AA,전문
2024,200809696,삼일제약(주),조프란정8밀리그램(온단세트론염산염수화물),8806439041100,A04AA01,전문
2024,199906878,삼일제약(주),조프란자이디스정4밀리그램(온단세트론),8806439041001,A04AA01,전문
2024,199906877,삼일제약(주),조프란자이디스정8밀리그램(온단세트론),8806439040905,A04AA01,전문
2024,200300419,(주)유한양행,온세란정4mg(온단세트론염산염),8806421012804,A04AA01,전문
2024,200100590,(주)유한양행,온세란정8mg(온단세트론염산염),8806421012903,A04AA01,전문
2024,200200963,(주)보령,온세트론정(온단세트론염산염수화물),8806419031008,A04AA01,전문
2024,200811854,(주)엘지화학,산쿠소패취(그라니세트론),8806689015500,A04AA02,전문
2024,201206640,(주)비씨월드제약,그라트릴오디정(그라니세트론염산염),8806531026609,A04AA02,전문
2024,201802685,에이치케이이노엔(주),아킨지오캡슐,8806400072805,A04AA55,전문
2024,202203950,에이치케이이노엔(주),아킨지오주,8806400078500,A04AA55,전문
2024,201908484,에이치엘비제약(주),스피롱액,8806473041104,A04AD,일반
2024,198501415,명문제약(주),키미테패취(스코폴라민),8806498030008,A04AD01,일반
2024,200610725,한국엠에스디(주),에멘드캡슐80밀리그램(아프레피탄트),8806555002405,A04AD12,전문
2024,200610726,한국엠에스디(주),에멘드캡슐125밀리그램(아프레피탄트),8806555002504,A04AD12,전문
2024,201104377,한국엠에스디(주),에멘드IV주150밀리그램(포스아프레피탄트디메글루민염),8806555016006,A04AD12,전문
2024,202200037,(주)에이스파마,아탄트캡슐80밀리그램(아프레피탄트),8800525000309,A04AD12,전문
2024,202200038,(주)에이스파마,아탄트캡슐125밀리그램(아프레피탄트),8800525000408,A04AD12,전문
2024,201600779,일양약품(주),보나링츄어블정,8806417051503,A04AD51,일반
2024,199201988,명문제약(주),씨앤유캡슐(케노데옥시콜산-우르소데옥시콜산삼수화물마그네슘염),8806498044104,A05AA,전문
2024,198802326,조아제약(주),가레오연질캡슐500밀리그램(디히드록시디부틸에테르),8806446000404,A05AX,일반
2024,201003929,(주)글락소스미스클라인,부스트릭스프리필드시린지(성인용흡착디프테리아파상풍톡소이드및정제백일해혼합백신),8806500019601,J07A,전문
2024,202204079,(주)사노피-아벤티스코리아,아다셀프리필드시린지(성인용흡착디프테리아파상풍톡소이드및정제백일해혼합백신),8806520015201,J07A,전문
2024,201405907,(주)보령바이오파마,보령디티에이피백신주(프리필드시린지)(흡착디프테리아파상풍톡소이드및정제백일해혼합백신),8806705006109,J07A,전문
2024,201003743,(주)엑세스파마,듀코랄액(경구콜레라백신),8806731000904,J07AE01,전문
2024,201004929,(주)엘지화학,유히브주(헤모필루스인플루엔자비형·파상풍톡소이드접합백신),8806689018907,J07AG51,전문
2024,201405445,(주)사노피-아벤티스코리아,메낙트라주(수막구균(ACYW-135)다당류-DT단백접합백신),8806520015003,J07AH08,전문
2024,201204936,(주)글락소스미스클라인,멘비오[(수막구균ACW135Y)-CRM197단백접합백신],8806500030804,J07AH08,전문
2024,202202108,(주)글락소스미스클라인,벡세로프리필드시린지(수막구균B군흡착백신(유전자재조합외막소포)),8806500032501,J07AH09,전문
2024,201601904,한국엠에스디(주),프로디악스-23프리필드시린지(폐렴구균백신),8806555019403,J07AL01,전문
2024,201002188,한국화이자제약(주),프리베나13주(폐렴구균씨알엠(CRM197)단백접합백신),8806489022708,J07AL02,전문
2024,202303040,한국엠에스디(주),박스뉴반스프리필드시린지(폐렴구균·디프테리아CRM197단백접합백신),8806555021505,J07AL02,전문
2024,201000170,(주)엑세스파마,디티부스터주(프리필드시린지)(성인용흡착디프테리아및파상풍혼합백신),8806731000409,J07AM51,전문
2024,201606436,(주)녹십자,녹십자티디백신프리필드시린지주,8806436053106,J07AM51,전문
2024,200804907,(주)한국백신상사,경피용건조비씨지백신(일본균주),8806865000108,J07AN01,전문
2024,200308068,(주)엑세스파마,피내용건조비씨지백신AJV주(피내용건조비씨지백신),8806731000300,J07AN01,전문
2024,201801540,(주)엑세스파마,비보티프캡슐(경구용장티푸스백신),8806731001208,J07AP01,전문
2024,199202622,(주)보령바이오파마,지로티프-주(정제브이아이장티푸스백신)(수출명:TYPHIXInjection),8806705002200,J07AP03,전문
2024,201308763,(주)보령바이오파마,보령세포배양일본뇌염백신주(건조세포배양일본뇌염백신),8806705005706,J07BA02,전문
2024,201308763,(주)보령바이오파마,보령세포배양일본뇌염백신주(건조세포배양일본뇌염백신),8806705005300,J07BA02,전문
2024,201309915,(주)녹십자,녹십자-세포배양일본뇌염백신주(건조세포배양일본뇌염백신),8806436050006,J07BA02,전문
2024,201309915,(주)녹십자,녹십자-세포배양일본뇌염백신주(건조세포배양일본뇌염백신),8806436050402,J07BA02,전문
2024,200210355,(주)글로박스,씨디.제박스(일본뇌염생바이러스백신),8806667000108,J07BA03,전문
2024,201501821,(주)한독,이모젭주[일본뇌염생바이러스백신(유전자재조합)],8806521059006,J07BA03,전문
2024,201704031,(주)사노피-아벤티스코리아,박씨그리프테트라주(인플루엔자분할백신),8806520015300,J07BB02,전문
2024,202203593,(주)메디팁,플루아드쿼드프리필드시린지(인플루엔자표면항원MF59C.1어쥬번트백신),8806948002005,J07BB02,전문
2024,201406090,(주)글락소스미스클라인,플루아릭스테트라프리필드시린지(인플루엔자분할백신),8806500030309,J07BB02,전문
2024,200905819,(주)녹십자,지씨플루프리필드시린지주(인플루엔자분할백신)(수출명:지씨플루프리필드시린지주),8806436036307,J07BB02,전문
2024,201507932,(주)녹십자,지씨플루쿼드리밸런트프리필드시린지주(인플루엔자분할백신),8806436051300,J07BB02,전문
2024,201601745,(주)녹십자,지씨플루쿼드리밸런트주(인플루엔자분할백신),8806436051805,J07BB02,전문
2024,201605510,일양약품(주),테라텍트프리필드시린지주(인플루엔자분할백신),8806417052005,J07BB02,전문
2024,201704029,(주)보령바이오파마,보령플루Ⅷ테트라백신주(프리필드시린지)(인플루엔자분할백신),8806705010304,J07BB02,전문
2024,201604420,(주)보령바이오파마,보령플루V테트라백신주(프리필드시린지)(인플루엔자분할백신),8806705008608,J07BB02,전문
2024,201604421,(주)한국백신,코박스플루4가PF주(프리필드시린지)(인플루엔자분할백신),8806474003606,J07BB02,전문
2024,201703044,(주)한국백신,코박스인플루4가PF주(인플루엔자분할백신),8806474003705,J07BB02,전문
2024,201802021,(주)보령,비알플루텍I테트라백신주(프리필드시린지)(인플루엔자분할백신),8806419068301,J07BB02,전문
2024,201508425,에스케이바이오사이언스(주),스카이셀플루4가프리필드시린지(세포배양인플루엔자표면항원백신),8800564000308,J07BB02,전문
2024,200905820,(주)녹십자,지씨플루주(인플루엔자분할백신),8806436036109,J07BB02,전문
2024,201203143,(주)엘지화학,유박스비프리필드주[B형간염백신(유전자재조합)],8806689021600,J07BC01,전문
2024,199502406,(주)엘지화학,유박스비주(B형간염백신유전자재조합)(수출명:리콤박스주헤파티박스주RecombinantHepatitisBVaccine엘지유박스비주),8806689009202,J07BC01,전문
2024,199502406,(주)엘지화학,유박스비주(B형간염백신유전자재조합)(수출명:리콤박스주헤파티박스주RecombinantHepatitisBVaccine엘지유박스비주),8806689014305,J07BC01,전문
2024,199502406,(주)엘지화학,유박스비주(B형간염백신유전자재조합)(수출명:리콤박스주헤파티박스주RecombinantHepatitisBVaccine엘지유박스비주),8806689009103,J07BC01,전문
2024,199502406,(주)엘지화학,유박스비주(B형간염백신유전자재조합)(수출명:리콤박스주헤파티박스주RecombinantHepatitisBVaccine엘지유박스비주),8806689014206,J07BC01,전문
2024,201307039,한국엠에스디(주),박타프리필드시린지(A형간염백신),8806555017409,J07BC02,전문
2024,201109676,(주)사노피-아벤티스코리아,아박심160U성인용주(A형간염백신),8806520015607,J07BC02,전문
2024,200108708,(주)글락소스미스클라인,하브릭스주(A형간염백신),8806500018000,J07BC02,전문
2024,200108708,(주)글락소스미스클라인,하브릭스주(A형간염백신),8806500019403,J07BC02,전문
2024,199300660,제일약품(주),제일실라자프릴정1.0밀리그램(실라자프릴수화물),8806454013700,C09AA08,전문
2024,200804089,한국세르비에(주),아서틸플러스아르기닌정,8806763000507,C09BA04,전문
2024,200300699,(주)한독,트리아핀정5/5mg,8806521014104,C09BB05,전문
2024,200300698,(주)한독,트리아핀정2.5/2.5mg,8806521014005,C09BB05,전문
2024,200200771,(주)한독,테베텐정600밀리그램(에프로사르탄메실산염),8806521013305,C09CA02,전문
2024,201207542,(주)보령,카나브정30밀리그램(피마사르탄칼륨삼수화물),8806419059408,C09CA10,전문
2024,201005500,(주)보령,카나브정120밀리그램(피마사르탄칼륨삼수화물),8806419054601,C09CA10,전문
2024,201005501,(주)보령,카나브정60밀리그램(피마사르탄칼륨삼수화물),8806419054502,C09CA10,전문
2024,202202297,한미약품(주),클로잘탄정50/12.5밀리그램(로사르탄클로르탈리돈),8806435085207,C09DA01,전문
2024,200401010,(주)한독,테베텐플러스정,8806521013404,C09DA02,전문
2024,201308391,(주)엘지화학,레바캄정10/80밀리그램,8806689025509,C09DB08,전문
2024,201602114,한국노바티스(주),엔트레스토필름코팅정50밀리그램(사쿠비트릴·발사르탄나트륨염수화물),8806536027205,C09DX04,전문
2024,201602113,한국노바티스(주),엔트레스토필름코팅정200밀리그램(사쿠비트릴·발사르탄나트륨염수화물),8806536027304,C09DX04,전문
2024,201602112,한국노바티스(주),엔트레스토필름코팅정100밀리그램(사쿠비트릴·발사르탄나트륨염수화물),8806536027106,C09DX04,전문
2024,200400922,영진약품(주),프라스탄정20밀리그람(프라바스타틴나트륨),8806424016809,C10AA03,전문
2024,199300175,에이치케이이노엔(주),메바로친정10밀리그램(프라바스타틴나트륨),8806400016809,C10AA03,전문
2024,201105270,에이치케이이노엔(주),메바로친정40밀리그램(프라바스타틴나트륨),8806400038108,C10AA03,전문
2024,200200143,에이치케이이노엔(주),메바로친정20밀리그램(프라바스타틴나트륨),8806400038009,C10AA03,전문
2024,200200723,영진약품(주),프라스탄정10밀리그람(프라바스타틴나트륨),8806424016700,C10AA03,전문
2024,200300660,영진약품(주),프라스탄정40밀리그람(프라바스타틴나트륨),8806424016908,C10AA03,전문
2024,199000074,에이치케이이노엔(주),메바로친정5밀리그램(프라바스타틴나트륨),8806400038207,C10AA03,전문
2024,200108760,한국노바티스(주),레스콜엑스엘서방정(플루바스타틴나트륨),8806536002905,C10AA04,전문
2024,202107780,(주)비씨월드제약,수바로오디정5밀리그램(로수바스타틴칼슘(미분화)),8806531037100,C10AA07,전문
2024,202107781,(주)비씨월드제약,수바로오디정10밀리그램(로수바스타틴칼슘(미분화)),8806531037001,C10AA07,전문
2024,202107782,(주)비씨월드제약,수바로오디정20밀리그램(로수바스타틴칼슘(미분화)),8806531036905,C10AA07,전문
2024,198900123,(주)종근당,베자립서방정(베자피브레이트),8806433009106,C10AB02,전문
2024,198100015,(주)종근당,베자립정(베자피브레이트),8806433009205,C10AB02,전문
2024,199700693,제일약품(주),제일로피드캡슐(겜피브로질),8806454011508,C10AB04,전문
2024,199801067,삼천당제약(주),글리펜서방캅셀(페노피브레이트펠렛),8806512000307,C10AB05,전문
2024,201904452,한국유나이티드제약(주),페노릭스EH정(페노피브릭산),8806443093706,C10AB05,전문
2024,201606123,대원제약(주),티지페논정(페노피브레이트콜린),8806718063205,C10AB11,전문
2024,201802531,(주)한국파마,페노코린캡슐(페노피브레이트콜린),8806530062103,C10AB11,전문
2024,199100413,일동제약(주),일동올베탐캡슐(아시피목스),8806429017900,C10AD06,전문
2024,201701843,암젠코리아 유한회사,레파타주프리필드펜(에볼로쿠맙),8800523000905,C10AX13,전문
2024,201700396,(주)사노피-아벤티스코리아,프랄런트펜주75mg(알리로쿠맙),8806520009804,C10AX14,전문
2024,201700395,(주)사노피-아벤티스코리아,프랄런트펜주150mg(알리로쿠맙),8806520009705,C10AX14,전문
2024,202300635,(주)유영제약,프라바페닉스캡슐,8806482046909,C10BA03,전문
2024,198100022,동광제약(주),엔딕스크림,8806459023209,D01A,전문
2024,200608043,레오파마(유),트라보코트크림,8806267001307,D01AC,전문
2024,198500564,태극제약(주),라파엘크림,8806448004202,D01AC,전문
2024,199906850,바이엘코리아(주),카네스텐크림(클로트리마졸),8806411003300,D01AC01,일반
2024,200008588,바이엘코리아(주),카네스텐산제(클로트리마졸),8806411003102,D01AC01,일반
2024,198400401,알보젠코리아(주),카마졸크림(클로트리마졸),8806526012600,D01AC01,일반
2024,200003399,(주)씨엠지제약,로마졸크림(클로트리마졸),8806486003205,D01AC01,일반
2024,200608044,레오파마(유),트라보겐크림(이소코나졸질산염),8806267001406,D01AC05,일반
2024,200200843,태극제약(주),이소나졸크림(이소코나졸질산염)(수출명:TanagenCream),8806448015802,D01AC05,일반
2024,199301086,태극제약(주),태극케토코나졸크림,8806448023906,D01AC08,일반
2024,199201802,대화제약(주),코모졸크림(케토코나졸)(수출명:NAZOL),8806456017706,D01AC08,일반
2024,199601519,부광약품(주),더모픽스크림(세르타코나졸질산염),8806422001302,D01AC14,일반
2024,200511010,부광약품(주),부광더모픽스겔(세르타코나졸질산염)(수입명:Dermofixgel),8806422006109,D01AC14,일반
2024,200700623,(주)보령,후코날크림0.5%(플루코나졸),8806419042202,D01AC15,전문
2024,201702389,동아에스티(주),주블리아외용액(에피나코나졸),8806425073900,D01AC19,전문
2024,201702389,동아에스티(주),주블리아외용액(에피나코나졸),8806425075508,D01AC19,전문
2024,200200774,(주)한독,로푸록스겔(시클로피록스),8806521002606,D01AE14,일반
2024,201302258,(주)사노피-아벤티스코리아,엘라프라제주(이두설파제),8806520013108,A16AB09,전문
2024,201200232,(주)녹십자,헌터라제(이두설파제-베타),8806436048904,A16AB09,전문
2024,201404058,한국다케다제약(주),비프리브주(베라글루세라제알파),8806963006408,A16AB10,전문
2024,201500635,(주)삼오제약,비미짐주(엘로설파제알파),8806597009608,A16AB12,전문
2024,201600826,한국아스트라제네카(주),스트렌식주40mg/mL(아스포타제알파),8806507013503,A16AB13,전문
2024,201600827,한국아스트라제네카(주),스트렌식주100mg/mL(아스포타제알파),8806507013206,A16AB13,전문
2024,201600826,한국아스트라제네카(주),스트렌식주40mg/mL(아스포타제알파),8806507013602,A16AB13,전문
2024,201601588,한국아스트라제네카(주),카누마주(세벨리파제알파),8806507012803,A16AB14,전문
2024,202301044,(주)사노피-아벤티스코리아,넥스비아자임주(아발글루코시다제알파),8806520014600,A16AB22,전문
2024,201103159,동아에스티(주),모티리톤정,8806425065707,A16AX,전문
2024,201505868,이수앱지스(주),페부레인과립(페닐부틸산나트륨),8806685000906,A16AX03,전문
2024,200511284,(주)글로벌데이몬파마,암모납스500밀리그램(페닐부틸산나트륨),8806722000401,A16AX03,전문
2024,201001727,주식회사 청명약품,윌리진캡슐25밀리그램(아세트산아연이수화물),8800793000100,A16AX05,전문
2024,200902328,(주)한국얀센,자베스카캡슐100밀리그램(미글루스타트),8806469024401,A16AX06,전문
2024,201803158,(주)삼오제약,쿠발라용해정100밀리그램(사프롭테린이염산염),8806597010307,A16AX07,전문
2024,201507382,알보젠코리아(주),디테린정100밀리그램(사프롭테린이염산염),8806526062209,A16AX07,전문
2024,201507691,(주)사노피-아벤티스코리아,세레델가캡슐84밀리그램(엘리글루스타트타르타르산염),8806520012507,A16AX10,전문
2024,201802956,(주)새한제약,트리엔탑캡슐(트리엔틴염산염)(수출명:Samentine),8806513007602,A16AX12,전문
2024,201708429,(주)한독,갈라폴드캡슐(미갈라스타트염산염),8806521057101,A16AX14,전문
2024,200801613,(주)글로벌데이몬파마,암모뉼주,8806722001002,A16AX30,전문
2024,200502107,하나제약(주),쿠파린정5밀리그램(와파린나트륨),8806578019107,B01AA03,전문
2024,200600456,하나제약(주),쿠파린정2밀리그램(와파린나트륨),8806578019008,B01AA03,전문
2024,198601051,대화제약(주),대화와르파린나트륨정5밀리그람(수출명:COUFARIN),8806456004003,B01AA03,전문
2024,198601052,대화제약(주),대화와르파린나트륨정2밀리그램,8806456003907,B01AA03,전문
2024,200403375,(주)녹십자,안티트롬빈Ⅲ주500아이유(건조농축사람항트롬빈Ⅲ),8806436013506,B01AB02,전문
2024,201002666,에스케이플라즈마(주),에스케이항트롬빈III주500단위(건조농축사람항트롬빈III),8800508002009,B01AB02,전문
2024,200008566,한국화이자제약(주),프라그민주4밀리리터(달테파린나트륨),8806489011900,B01AB04,전문
2024,200707791,한국화이자제약(주),프라그민주25000IU/ml(달테파린나트륨),8806489011801,B01AB04,전문
2024,200707686,한국화이자제약(주),프라그민주0.2밀리리터(달테파린나트륨),8806489011603,B01AB04,전문
2024,200707791,한국화이자제약(주),프라그민주25000IU/ml(달테파린나트륨),8806489018008,B01AB04,전문
2024,200603899,(주)사노피-아벤티스코리아,크렉산주(에녹사파린나트륨),8806520004700,B01AB05,전문
2024,200603899,(주)사노피-아벤티스코리아,크렉산주(에녹사파린나트륨),8806520004908,B01AB05,전문
2024,200603899,(주)사노피-아벤티스코리아,크렉산주(에녹사파린나트륨),8806520004809,B01AB05,전문
2024,200603899,(주)사노피-아벤티스코리아,크렉산주(에녹사파린나트륨),8806520004601,B01AB05,전문
2024,200700538,(주)유영제약,크녹산주(에녹사파린나트륨),8806482020909,B01AB05,전문
2024,200700538,(주)유영제약,크녹산주(에녹사파린나트륨),8806482021005,B01AB05,전문
2024,200700538,(주)유영제약,크녹산주(에녹사파린나트륨),8806482037006,B01AB05,전문
2024,200700538,(주)유영제약,크녹산주(에녹사파린나트륨),8806482021104,B01AB05,전문
2024,200700538,(주)유영제약,크녹산주(에녹사파린나트륨),8806482017206,B01AB05,전문
2024,200409988,(주)한독,후락시파린주사2850IU(프리필드)(나드로파린칼슘),8806521053707,B01AB06,전문
2024,200409990,(주)한독,후락시파린주사5700IU(프리필드)(나드로파린칼슘),8806521053905,B01AB06,전문
2024,200411108,일성신약(주),자이버주3500IUAntiXa/0.2mL(베미파린나트륨),8806554029908,B01AB12,전문
2024,200411107,일성신약(주),자이버주2500IUAntiXa/0.2mL(베미파린나트륨),8806554029809,B01AB12,전문
2024,202002062,에스케이케미칼(주),리넥신서방정,8806447047804,B01AC,전문
2024,200704772,제이더블유중외제약(주),키산본에스주사액(오자그렐나트륨),8806449040001,B01AC,전문
2024,198300091,(주)유유제약,유유크리드정(티클로피딘염산염),8806445009309,B01AC05,전문
2024,198300092,(주)유유제약,유유크리드정100mg(티클로피딘염산염),8806445009408,B01AC05,전문
2024,199400362,일동제약(주),이부스트린정200밀리그램(인도부펜),8806429015500,B01AC10,전문
2024,200801539,바이엘코리아(주),벤타비스흡입액(일로프로스트),8806411006202,B01AC11,전문
2024,200611394,이수앱지스(주),클로티냅주(압식시맙),8806685000203,B01AC13,전문
2024,200307988,(주)한독,아그라스타트주(티로피반염산염수화물),8806521043500,B01AC17,전문
2024,201001269,(주)안트로젠,레모둘린주사1mg/mL(트레프로스티닐)레모둘린주사2.5mg/mL(트레프로스티닐)레모둘린주사5mg/mL(트레프로스티닐)레모둘린주사10mg/mL(트레프로스티닐),8806720000403,B01AC21,전문
2024,197300084,(주)유한양행,리팜핀캡슐150밀리그램(리팜피신),8806421004205,J04AB02,전문
2024,197700117,(주)유한양행,리팜핀캡슐300밀리그램(리팜피신)(수출명:리팜메디코),8806421004304,J04AB02,전문
2024,197300021,(주)종근당,리포덱스캅셀(리팜피신)(수출명:종근당리팜피신캅셀150mg),8806433006204,J04AB02,전문
2024,198200048,(주)종근당,리포덱스정600밀리그람(리팜피신)/종근당리팜피신정600밀리그람(수출용),8806433006006,J04AB02,전문
2024,198000054,(주)종근당,리포덱스정300밀리그람(리팜피신),8806433005801,J04AB02,전문
2024,200400200,(주)유유제약,유유마이코부틴캡슐(리파부틴),8806445007503,J04AB04,전문
2024,196200032,(주)유한양행,유한짓정100mg(이소니아지드)(군납명:이소니아지드정케이.피100밀리그람),8806421019308,J04AC01,전문
2024,199302671,구주제약(주),구주프로티온아미드정125밀리그램,8806698004700,J04AD01,전문
2024,197800132,(주)유한양행,유한피라진아미드정500밀리그램(피라진아미드),8806421020106,J04AK01,전문
2024,196700060,(주)유한양행,마이암부톨제피정400밀리그램(에탐부톨염산염),8806421004403,J04AK02,전문
2024,197400039,(주)종근당,탐부톨정400밀리그램(에탐부톨염산염),8806433037208,J04AK02,전문
2024,201402429,(주)비씨월드제약,튜톨정400밀리그램(에탐부톨염산염),8806531028207,J04AK02,전문
2024,201401310,(주)한국얀센,서튜러정100밀리그램(베다퀼린푸마르산염),8806469018905,J04AK05,전문
2024,201405029,한국오츠카제약(주),델티바정50밀리그램(델라마니드),8806499004008,J04AK06,전문
2024,202106953,비아트리스코리아(주),도브프렐라정200밀리그램(프레토마니드),8800734001500,J04AK08,전문
2024,201403373,(주)비씨월드제약,튜비스투정150/300밀리그램,8806531028504,J04AM02,전문
2024,201206793,(주)비씨월드제약,튜비스정,8806531026708,J04AM06,전문
2024,198601341,(주)태준제약,라프렌연질캡슐50밀리그램(클로파지민),8806501002008,J04BA01,전문
2024,201706794,동아에스티(주),람프레민연질캡슐100밀리그램(클로파지민),8806425075300,J04BA01,전문
2024,198300470,태극제약(주),태극답손정100밀리그램,8806448019909,J04BA02,전문
2024,199801312,진양제약(주),지나시드건조시럽(아시클로버),8806503011404,J05AB01,전문
2024,201505029,제이텍 바이오팜,가비르정주500밀리그램(간시클로버),8800529000107,J05AB06,전문
2024,200209709,(주)종근당,싸이메빈정주(간시클로버),8806433082802,J05AB06,전문
2024,200410074,(주)종근당,발싸이트정450밀리그램(발간시클로비르염산염),8806433091200,J05AB14,전문
2024,201505740,제이텍 바이오팜,비가비르정450밀리그램(발간시클로비르염산염),8800529000503,J05AB14,전문
2024,200810221,(주)종근당,발싸이트액제용분말(발간시클로비르염산염),8806433091309,J05AB14,전문
2024,202005381,길리어드사이언스코리아 유한회사,베클루리주정맥주사용동결건조분말(렘데시비르),8806259001407,J05AB16,전문
2024,201405222,클리니젠코리아 유한회사,포스카비어주(포스카네트나트륨수화물),8800761000408,J05AD01,전문
2024,201106064,한국애브비(주),노비르정(리토나비르),8806249000809,J05AE03,전문
2024,201006372,(주)한국얀센,프레지스타정600밀리그램(다루나비르에탄올레이트),8806469016505,J05AE10,전문
2024,201006527,(주)한국얀센,프레지스타정400밀리그램(다루나비르에탄올레이트),8806469016406,J05AE10,전문
2024,201702347,일동제약(주),베시보정(베시포비르디피복실말레산염),8806429058101,J05AF,전문
2024,200810687,(주)글락소스미스클라인,제픽스정100밀리그램(라미부딘),8806500019304,J05AF05,전문
2024,199907321,(주)글락소스미스클라인,쓰리티씨정150밀리그램(라미부딘),8806500006403,J05AF05,전문
2024,201003860,(주)글락소스미스클라인,지아겐정300밀리그램(아바카비르황산염),8806500027606,J05AF06,전문
2024,201504926,대화제약(주),바라티스구강용해필름0.5밀리그램(엔테카비르일수화물),8806456046508,J05AF10,전문
2024,201501658,(주)종근당,엔테카벨구강붕해정0.5밀리그램(엔테카비르),8806433069506,J05AF10,전문
2024,200611515,부광약품(주),세비보정(텔비부딘),8806422043807,J05AF11,전문
2024,200607938,부광약품(주),레보비르캡슐30밀리그램(클레부딘),8806422002705,J05AF12,전문
2024,200807029,(주)한국얀센,인텔렌스정(에트라비린),8806469010503,J05AG04,전문
2024,201200677,(주)한국얀센,에듀란트정25밀리그램(릴피비린염산염),8806469018509,J05AG05,전문
2024,201908060,한국엠에스디(주),피펠트로정(도라비린),8806555021109,J05AG06,전문
2024,201908619,코오롱제약(주),코미플루산제30밀리그램(오셀타미비르인산염),8806703043908,J05AH02,전문
2024,201908620,코오롱제약(주),코미플루산제45밀리그램(오셀타미비르인산염),8806703044004,J05AH02,전문
2024,201802756,한국엠에스디(주),이센트레스에이치디정(랄테그라비르칼륨(미분화)),8806555019809,J05AJ01,전문
2024,200806842,한국엠에스디(주),이센트레스정(랄테그라비르칼륨),8806555006601,J05AJ01,전문
2024,201404050,(주)글락소스미스클라인,티비케이정50밀리그램(돌루테그라비르나트륨),8806500029709,J05AJ03,전문
2024,200703103,일성신약(주),바이라미드캡슐200mg(리바비린)(수출명:일성리바비린캡슐200mg(리바비린)),8806554004400,J05AP01,전문
2024,201507122,길리어드사이언스코리아 유한회사,하보니정,8806259000608,J05AP51,전문
2024,202200754,길리어드사이언스코리아 유한회사,엡클루사정,8806259001605,J05AP55,전문
2024,202201161,길리어드사이언스코리아 유한회사,보세비정,8806259001704,J05AP56,전문
2024,201800200,한국애브비(주),마비렛정,8806249002902,J05AP57,전문
2024,200108711,(주)글락소스미스클라인,컴비비어정,8806500012107,J05AR01,전문
2024,201307039,한국엠에스디(주),박타프리필드시린지(A형간염백신),8806555017300,J07BC02,전문
2024,202009318,(주)보령바이오파마,보령A형간염백신프리필드시린지주(A형간염백신),8806705023106,J07BC02,전문
2024,202009318,(주)보령바이오파마,보령A형간염백신프리필드시린지주(A형간염백신),8806705023205,J07BC02,전문
2024,199504271,한국엠에스디(주),엠엠알II(홍역유행성이하선염및풍진혼합생바이러스백신),8806555002702,J07BD52,전문
2024,200713705,(주)보령바이오파마,아이피박스주(개량불활화폴리오백신),8806705004600,J07BF03,전문
2024,201110540,(주)글락소스미스클라인,로타릭스프리필드(경구용약독화로타생바이러스백신),8806500028702,J07BH01,전문
2024,200707228,한국엠에스디(주),로타텍액[경구용약독화로타생바이러스백신(사람-소재배열)],8806555000302,J07BH01,전문
2024,199504225,보란파마,바리-엘백신(수두생바이러스백신),8800519000100,J07BK01,전문
2024,200502795,(주)녹십자,수두박스주(수두생바이러스백신)(수출명:브이제트박스주바리셀라백신-지씨씨주바리셀),8806436011601,J07BK01,전문
2024,202001448,(주)녹십자,배리셀라주(수두생바이러스백신),8806436059108,J07BK01,전문
2024,201802323,에스케이바이오사이언스(주),스카이바리셀라주(수두생바이러스백신),8800564000506,J07BK01,전문
2024,200902756,한국엠에스디(주),조스타박스주(대상포진생바이러스백신),8806555009008,J07BK02,전문
2024,201707343,에스케이바이오사이언스(주),스카이조스터주(대상포진생바이러스백신),8800564000407,J07BK02,전문
2024,202106382,(주)글락소스미스클라인,싱그릭스주[대상포진바이러스백신(유전자재조합)],8806500032204,J07BK03,전문
2024,201104046,(주)사노피-아벤티스코리아,스타마릴주(약독황열생바이러스백신)(관납용),8806520015706,J07BL01,전문
2024,200709554,한국엠에스디(주),가다실프리필드시린지[인유두종바이러스4가(6111618형)백신(유전자재조합)],8806555000203,J07BM01,전문
2024,200807369,(주)글락소스미스클라인,서바릭스프리필드시린지[인유두종바이러스백신(유전자재조합)],8806500018802,J07BM02,전문
2024,201600487,한국엠에스디(주),가다실9프리필드시린지[인유두종바이러스9가(61116183133455258형)백신(유전자재조합)],8806555019304,J07BM03,전문
2024,202204253,한국화이자제약(주),코미나티주0.1mg/mL(6개월-4세용)(토지나메란)(사스코로나바이러스-2mRNA백신),8806489037603,J07BN01,전문
2024,202302852,모더나코리아 주식회사,스파이크박스듀오2주(엘라소메란다베소메란)(사스코로나바이러스-2mRNA백신),8800751000500,J07BN01,전문
2024,202102048,한국화이자제약(주),코미나티주(토지나메란)(사스코로나바이러스-2mRNA백신),8806489035807,J07BN01,전문
2024,202107911,모더나코리아 주식회사,스파이크박스주(사스코로나바이러스-2mRNA백신),8800751000104,J07BN01,전문
2024,202200817,한국화이자제약(주),코미나티주0.1mg/mL(5-11세용)(토지나메란)(사스코로나바이러스-2mRNA백신),8806489036903,J07BN01,전문
2024,202203538,모더나코리아 주식회사,모더나스파이크박스2주(엘라소메란이멜라소메란)(사스코로나바이러스-2mRNA백신),8800751000203,J07BN01,전문
2024,202203784,한국화이자제약(주),코미나티2주0.1mg/mL(토지나메란릴토지나메란)(사스코로나바이러스-2mRNA백신),8806489037405,J07BN01,전문
2024,202203785,모더나코리아 주식회사,스파이크박스2주(엘라소메란이멜라소메란)(사스코로나바이러스-2mRNA백신),8800751000302,J07BN01,전문
2024,202102967,(주)한국얀센,코비드-19백신얀센주(사스코로나바이러스-2바이러스벡터백신),8806469025002,J07BN02,전문
2024,202200228,에스케이바이오사이언스(주),뉴백소비드프리필드시린지(사스코로나바이러스-2표면항원백신(유전자재조합)),8800564002401,J07BN04,전문
2024,202202677,에스케이바이오사이언스(주),스카이코비원멀티주(사스코로나바이러스-2표면항원백신(유전자재조합)),8800564002609,J07BN04,전문
2024,200502797,(주)녹십자,한타박스주(신증후출혈열백신),8806436018600,J07BX,전문
2024,200812039,에이치케이이노엔(주),이노엔세포배양건조두창백신주,8806400049807,J07BX01,전문
2024,200906600,(주)사노피-아벤티스코리아,테트락심주(흡착디프테리아파상풍톡소이드정제백일해및개량불활화폴리오혼합백신),8806520014907,J07CA02,전문
2024,201003939,(주)글락소스미스클라인,인판릭스아이피브이프리필드시린지(흡착디프테리아파상풍톡소이드정제백일해및개량불활화폴리오혼합백신),8806500027309,J07CA02,전문
2024,201602557,(주)사노피-아벤티스코리아,펜탁심주(흡착디프테리아파상풍톡소이드정제백일해개량불활화폴리오및헤모필루스인플루엔자비형-파상풍톡소이드접합혼합백신),8806520014808,J07CA06,전문
2024,201804243,(주)글락소스미스클라인,인판릭스아이피브이힙주(흡착디프테리아파상풍톡소이드정제백일해개량불활화폴리오및헤모필루스인플루엔자비형·파상풍톡소이드접합혼합백신),8806500031702,J07CA06,전문
2024,202002632,(주)사노피-아벤티스코리아,헥사심프리필드시린지주(흡착디프테리아파상풍정제백일해개량불활화폴리오헤모필루스인플루엔자비형-파상풍톡소이드단백접합B형간염(유전자재조합)혼합백신),8806520015409,J07CA09,전문
2024,199504135,부광약품(주),엔독산주500mg(시클로포스파미드),8806422016702,L01AA01,전문
2024,197600065,제이더블유중외제약(주),알키록산정(시클로포스파미드정),8806449014002,L01AA01,전문
2024,200008737,에이징생명과학(주),류케란정(클로람부실),8806261001402,L01AA02,전문
2024,200307781,삼일제약(주),알케란정(멜팔란),8806439030302,L01AA03,전문
2024,202000405,(주)에이스파마,메그발주50밀리그램(멜팔란염산염),8800525000200,L01AA03,전문
2024,200804588,부광약품(주),홀록산주1000밀리그람(이포스파마이드),8806422025209,L01AA06,전문
2024,202009132,(주)삼양홀딩스,벤다리드주100밀리그램(벤다무스틴염산염수화물),8806227011407,L01AA09,전문
2024,202009133,(주)삼양홀딩스,벤다리드주25밀리그램(벤다무스틴염산염수화물),8806227011506,L01AA09,전문
2024,202007749,(주)보령,벤코드주25밀리그램(벤다무스틴염산염)벤코드주100밀리그램(벤다무스틴염산염),8806419077204,L01AA09,전문
2024,201103701,한국노바티스(주),피타렉스캡슐0.5밀리그램(핀골리모드염산염),8806536022606,L04AE01,전문
2024,202300676,(유)한국비엠에스제약,제포시아캡슐스타터팩0.23밀리그램/0.46밀리그램(오자니모드염산염),8806587007706,L04AE02,전문
2024,202300675,(유)한국비엠에스제약,제포시아캡슐0.92밀리그램(오자니모드염산염),8806587007607,L04AE02,전문
2024,201401569,한국화이자제약(주),젤잔즈정5밀리그램(토파시티닙시트르산염),8806489028106,L04AF01,전문
2024,202008536,한국화이자제약(주),젤잔즈XR서방정11밀리그램(토파시티닙시트르산염),8806489035708,L04AF01,전문
2024,201804875,한국화이자제약(주),젤잔즈정10밀리그램(토파시티닙시트르산염),8806489034107,L04AF01,전문
2024,201708280,한국릴리(유),올루미언트정2밀리그램(바리시티닙),8806708011209,L04AF02,전문
2024,201708281,한국릴리(유),올루미언트정4밀리그램(바리시티닙),8806708011308,L04AF02,전문
2024,202004222,한국애브비(주),린버크서방정15밀리그램(유파다시티닙반수화물),8806249003701,L04AF03,전문
2024,202201070,한국애브비(주),린버크서방정30밀리그램(유파다시티닙반수화물),8806249003800,L04AF03,전문
2024,202201296,한국에자이(주),지셀레카정100밀리그램(필고티닙말레산염),8806211002701,L04AF04,전문
2024,202201295,한국에자이(주),지셀레카정200밀리그램(필고티닙말레산염),8806211002800,L04AF04,전문
2024,202302331,(유)한국비엠에스제약,소틱투정6밀리그램(듀크라바시티닙),8806587008208,L04AF07,전문
2024,201209483,한국에자이(주),티사브리주(나탈리주맙),8806211002008,L04AG03,전문
2024,201307773,(주)글락소스미스클라인,벤리스타주400밀리그램(벨리무맙)(단클론항체유전자재조합),8806500028900,L04AG04,전문
2024,201307774,(주)글락소스미스클라인,벤리스타주120밀리그램(벨리무맙)(단클론항체유전자재조합),8806500029006,L04AG04,전문
2024,202200738,한국다케다제약(주),킨텔레스프리필드펜주(베돌리주맙),8806963006804,L04AG05,전문
2024,201503975,한국다케다제약(주),킨텔레스주(베돌리주맙),8806963003506,L04AG05,전문
2024,201404799,(주)사노피-아벤티스코리아,렘트라다주(알렘투주맙)(단클론항체유전자재조합),8806520013603,L04AG06,전문
2024,200906599,한국화이자제약(주),라파뮨정2밀리그램(시롤리무스),8806489023309,L04AH01,전문
2024,201206317,한국화이자제약(주),라파뮨정0.5밀리그램(시롤리무스),8806489025105,L04AH01,전문
2024,200210513,한국화이자제약(주),라파뮨정1밀리그램(시롤리무스),8806489023200,L04AH01,전문
2024,201904571,(주)종근당,라파로벨정1밀리그램(시롤리무스),8806433083403,L04AH01,전문
2024,201803186,(주)종근당,라파로벨정2밀리그램(시롤리무스),8806433083106,L04AH01,전문
2024,202000918,(주)종근당,라파로벨정0.5밀리그램(시롤리무스),8806433084905,L04AH01,전문
2024,200603865,한국노바티스(주),써티칸정1.0밀리그램(에베로리무스),8806536006606,L04AH02,전문
2024,200603864,한국노바티스(주),써티칸정0.75밀리그램(에베로리무스),8806536006507,L04AH02,전문
2024,200603863,한국노바티스(주),써티칸정0.5밀리그램(에베로리무스),8806536006408,L04AH02,전문
2024,200603862,한국노바티스(주),써티칸정0.25밀리그램(에베로리무스),8806536006309,L04AH02,전문
2024,201804562,(주)종근당,써티로벨정1.0밀리그램(에베로리무스),8806433082208,L04AH02,전문
2024,201804621,(주)종근당,써티로벨정0.5밀리그램(에베로리무스),8806433082109,L04AH02,전문
2024,201804620,(주)종근당,써티로벨정0.75밀리그램(에베로리무스),8806433082000,L04AH02,전문
2024,201904234,(주)종근당,써티로벨정0.25밀리그램(에베로리무스),8806433083304,L04AH02,전문
2024,201000790,한국아스트라제네카(주),솔리리스주(에쿨리주맙),8806507014203,L04AJ01,전문
2024,202204679,한국아스트라제네카(주),울토미리스주100mg/mL(라불리주맙),8806507013107,L04AJ02,전문
2024,202204679,한국아스트라제네카(주),울토미리스주100mg/mL(라불리주맙),8806507013008,L04AJ02,전문
2024,202003707,한국아스트라제네카(주),울토미리스주(라불리주맙),8806507012902,L04AJ02,전문
2024,201308285,(주)사노피-아벤티스코리아,오바지오필름코팅정14밀리그램(테리플루노마이드),8806520013801,L04AK02,전문
2024,199504101,(주)종근당,브레디닌정50밀리그램(미조리빈),8806433010300,L04AX,전문
2024,199504100,(주)종근당,브레디닌정25밀리그램(미조리빈),8806433010201,L04AX,전문
2024,201504775,제이텍 바이오팜,탈라이드캡슐50mg(탈리도마이드),8800529000701,L04AX02,전문
2024,201308821,에이징생명과학(주),탈리그로브캡슐50밀리그램(탈리도마이드),8806261001303,L04AX02,전문
2024,201308822,에이징생명과학(주),탈리그로브캡슐100밀리그램(탈리도마이드),8806261001204,L04AX02,전문
2024,200603990,세엘진(유),세엘진탈리도마이드캡슐50밀리그램,8806918000109,L04AX02,전문
2024,201504776,제이텍 바이오팜,탈라이드캡슐100mg(탈리도마이드),8800529000602,L04AX02,전문
2024,197900145,(주)유한양행,유한메토트렉세이트정,8806421014709,L04AX03,전문
2024,198801192,한국유나이티드제약(주),한국유나이티드메토트렉세이트정(수출명:Methotrexate-VHB2.5mgTab.UnitrexateTabs.ALLTREXTabs.PterinTabs.2.5mg),8806443048508,L04AX03,전문
2024,201601003,한국바이오켐제약(주),한국바이오켐메토트렉세이트정,8806984004506,L04AX03,전문
2024,201403606,세엘진(유),포말리스트캡슐4밀리그램(포말리도마이드),8806918001007,L04AX06,전문
2024,201403607,세엘진(유),포말리스트캡슐3밀리그램(포말리도마이드),8806918001106,L04AX06,전문
2024,201403608,세엘진(유),포말리스트캡슐2밀리그램(포말리도마이드),8806918001205,L04AX06,전문
2024,201403609,세엘진(유),포말리스트캡슐1밀리그램(포말리도마이드),8806918001304,L04AX06,전문
2024,200511259,한국알콘(주),후루오레사이트주사10%(플루오레세인나트륨)(바이알),8806524007301,S01JA01,전문
2024,200000952,삼일제약(주),하이셀멸균액2%(히프로멜로오스),8806439017808,S01KA02,전문
2024,200701053,한국알콘(주),디스코비스크주,8806524000609,S01KA51,전문
2024,199704518,한국알콘(주),비스코트점안액,8806524002405,S01KA51,전문
2024,200511667,(주)제니스팜,옵티졸지에스액,8806603000209,S01KX,전문
2024,200307797,디케이에스에이치코리아(주),비쥬다인주사(베르테포르핀),8800555001000,S01LA01,전문
2024,200708787,한국노바티스(주),루센티스주10밀리그램/밀리리터(라니비주맙유전자재조합),8806536025607,S01LA04,전문
2024,201607376,한국노바티스(주),루센티스프리필드시린지(0.5mg/0.05mL)(라니비주맙),8806536031301,S01LA04,전문
2024,201306325,바이엘코리아(주),아일리아프리필드시린지(애플리버셉트),8806411057709,S01LA05,전문
2024,201306324,바이엘코리아(주),아일리아주사(애플리버셉트),8806411057808,S01LA05,전문
2024,202005466,한국노바티스(주),비오뷰프리필드시린지(브롤루시주맙),8806536033008,S01LA06,전문
2024,202300315,(주)한국로슈,바비스모주(파리시맙),8806450015708,S01LA09,전문
2024,201700508,한국산텐제약(주),산텐가리유니점안액(피레녹신),8806656002106,S01XA,전문
2024,201904691,(주)태준제약,알리무스점안액0.1%(타크로리무스수화물),8806501032609,S01XA,전문
2024,200511292,(주)바슈헬스코리아,뮤로128점안액5%(염화나트륨),8806644001104,S01XA03,일반
2024,199403254,한국알콘(주),듀라티얼즈안연고(무수액체라놀린),8806524000401,S01XA20,일반
2024,199906839,삼일제약(주),시카플루이드점안겔(카보머),8806439007908,S01XA20,일반
2024,200511290,(주)바슈헬스코리아,리포직점안겔(카보머),8806644000305,S01XA20,일반
2024,201208472,(주)바슈헬스코리아,리포직이디오점안겔(카보머),8806644002705,S01XA20,일반
2024,200904757,한림제약(주),데일리큐점안액데일리큐점안액(1회용),8806453067308,S01XA20,일반
2024,199907067,한국노바티스(주),한국노바티스시프로바이점이현탁액,8806536032407,S02CA03,전문
2024,200511396,리퓨어헬스케어 주식회사,세트락살플러스점이액,8806797001006,S02CA05,전문
2024,200803300,한국노바티스(주),실로덱스점이현탁액,8806536030403,S02CA06,전문
2024,201100757,(주)한국파비스제약,챈러간설하액(집먼지진드기정제추출액)(유지요법),8806218029701,V01AA03,전문
2024,200900260,(주)보령바이오파마,스타로랄300설하액(집먼지진드기)초기치료단계,8806705002804,V01AA03,전문
2024,200900261,(주)보령바이오파마,스타로랄300설하액(집먼지진드기)유지치료단계,8806705002903,V01AA03,전문
2024,202106217,에이치케이이노엔(주),크레메진속붕정(구형흡착탄),8806400077602,V03AB,전문
2024,201708376,(주)삼오제약,프로베블루주0.5%(메틸렌블루),8806597010208,V03AB,전문
2024,201503253,대원제약(주),레나메진캡슐(구형흡착탄),8806718059208,V03AB,전문
2024,200401539,에이치케이이노엔(주),크레메진세립(구형흡착탄),8806400025108,V03AB,전문
2024,201505064,제이텍 바이오팜,레드큐어주(에데트산칼슘디나트륨),8800529000909,V03AB03,전문
2024,200500369,대한약품공업(주),칼킬레이트주(에데트산칼슘디나트륨),8806451042802,V03AB03,전문
2024,197400062,제이더블유중외제약(주),파무에이주500밀리그램(프랄리독심염화물),8806449041008,V03AB04,전문
2024,200000513,대한약품공업(주),아메톡스주25%(티오황산나트륨수화물),8806451019002,V03AB06,전문
2024,198200869,한림제약(주),한림프로타민황산염주사액,8806453029801,V03AB14,전문
2024,201102784,(주)휴온스,휴온스요오드화칼륨정,8806706058008,V03AB21,전문
2024,202004829,한국유나이티드제약(주),치오단정32.5밀리그램(요오드화칼륨),8806443095304,V03AB21,전문
2024,201102783,한국유나이티드제약(주),치오단정(요오드화칼륨),8806443081901,V03AB21,전문
2024,201601286,한국베링거인겔하임(주),프락스바인드주사제(이다루시주맙),8806535015609,V03AB37,전문
2024,200009201,한국화이자제약(주),화이자데페록사민메실레이트주500mg,8806489032004,V03AC01,전문
2024,201607130,한국노바티스(주),엑스자이드필름코팅정90밀리그램(데페라시록스),8806536029308,V03AC03,전문
2024,201607129,한국노바티스(주),엑스자이드필름코팅정360밀리그램(데페라시록스),8806536029209,V03AC03,전문
2024,201607128,한국노바티스(주),엑스자이드필름코팅정180밀리그램(데페라시록스),8806536029100,V03AC03,전문
2024,201604618,대원제약(주),페듀로우현탁액(데페라시록스),8806718063304,V03AC03,전문
2024,201700103,(주)한국팜비오,헤모시록스확산정500밀리그램(데페라시록스),8806599012200,V03AC03,전문
2024,201701547,(주)한국팜비오,헤모시록스확산정125밀리그램(데페라시록스),8806599012804,V03AC03,전문
2024,201701555,(주)한국팜비오,헤모시록스확산정250밀리그램(데페라시록스),8806599012903,V03AC03,전문
2024,199800503,한올바이오파마(주),포슬로정(초산칼슘),8806556019709,V03AE,전문
2024,199801011,알보젠코리아(주),네프로정(아세트산칼슘),8806526005107,V03AE,전문
2024,200108883,제이더블유중외제약(주),아가메이트젤리(폴리스티렌설폰산칼슘),8806449013401,V03AE01,전문
2024,201110295,(주)사노피-아벤티스코리아,렌벨라산0.8그램(세벨라머탄산염),8806520013504,V03AE02,전문
2024,200606186,제이더블유중외제약(주),포스레놀정750밀리그램(탄산란탄),8806449042401,V03AE03,전문
2024,200603879,제이더블유중외제약(주),포스레놀정500밀리그램(탄산란탄),8806449042302,V03AE03,전문
2024,201504265,제이더블유중외제약(주),포스레놀산1000밀리그램(탄산란탄),8806449140503,V03AE03,전문
2024,201405960,(주)카이바이오텍,뉴라체크주사(18F플로르베타벤),8800518000606,V09AX06,전문
2024,200308072,새한산업(주),테세오스주(33-디포스포노-12-프로판디카르복실산나트륨),8806569048406,V09B,전문
2024,200008923,새한산업(주),테크네스캔에치디피주(옥시드론산나트륨),8806569008202,V09BA01,전문
2024,200008911,새한산업(주),테크네엠디피키트주사(메드론산),8806569008509,V09BA02,전문
2024,200008912,새한산업(주),테크네피로인산키트주사(피로인산나트륨),8806569008707,V09BA03,전문
2024,200209840,새한산업(주),테크네스캔피와이피주사(피로인산나트륨),8806569008301,V09BA03,전문
2024,200307881,새한산업(주),테크네스캔디티피에이주(펜테트산),8806569007908,V09CA01,전문
2024,200008913,새한산업(주),테크네디티피에이키트주사(펜테트산),8806569007700,V09CA01,전문
2024,200008914,새한산업(주),테크네디엠에스에이키트주사(디메르캅토숙신산),8806569007601,V09CA02,전문
2024,200209839,새한산업(주),테크네스캔디엠에스에이주(디메르캅토숙신산),8806569007809,V09CA02,전문
2024,200008908,새한산업(주),테크네스캔매그3주(베티아티드),8806569008103,V09CX,전문
2024,200611345,주식회사 셀비온,셀비온메브로페닌주(메브로페닌),8800558000406,V09DA04,전문
2024,200008915,새한산업(주),테크네피친산키트주사(피친산나트륨),8806569048901,V09DB07,전문
2024,200008915,새한산업(주),테크네피친산키트주사(피친산나트륨),8806569008806,V09DB07,전문
2024,200103348,한국원자력의학원,한국원자력의학원요오드화나트륨(123Ⅰ)액,8806929000402,V09FX02,전문
2024,200502854,한국원자력의학원,원자력의학원요오드화나트륨(123Ⅰ)주사액,8806929000303,V09FX02,전문
2024,201100110,(주)삼영유니텍,유니텍요오드화나트륨(131I)액,8806851001201,V09FX03,전문
2024,201105489,새한산업(주),스테미시스주(테트라키스(2-메톡시이소부틸이소니트릴)구리(I)테트라플루오로보레이트),8806569048604,V09GA01,전문
2024,200008906,새한산업(주),마이오뷰주사(설포살리실산테트로포스민),8806569000503,V09GA02,전문
2024,200008917,새한산업(주),다이이치염화탈륨(201TI)주사액,8806569000206,V09GX01,전문
2024,199803461,한국원자력의학원,한국원자력의학원염화탈륨(TI-201)주사액,8806929000105,V09GX01,전문
2024,200108965,새한산업(주),옥트레오스캔주사(인듐펜테트레오티드(111In)주사액),8806569005003,V09IB01,전문
2024,200805559,재단법인아산사회복지재단서울아산병원,에프피씨아이티주사(플루오로프로필씨아이티(18F)),8806841000702,V09IX,전문
2024,201405355,(주)퓨쳐켐,피디뷰주사(플루오로프로필씨아이티(18F)),8806296000104,V09IX,전문
2024,200103347,한국원자력연구원,캐리엠아이비지(131I)주사액,8806724001109,V09IX02,전문
2024,201907382,(주)듀켐바이오,도파체크주사(에프도파18F),8806987002004,V09IX05,전문
2024,201402837,에이치디엑스(주),에이치디엑스소듐플루오라이드F18주사액,8806824000507,V09IX06,전문
2024,201907716,재단법인아산사회복지재단서울아산병원,에프이에스주사액(플루오로에스트라디올(18F)액),8806841001402,V09IX11,전문
2024,202106591,(주)듀켐바이오,에프에이씨비씨주사(플루시클로빈(18F)액),8806987003001,V09IX12,전문
2024,200008922,새한산업(주),아도스테롤(131I)주사액(요오디네이티트(131I)노르콜레스테롤),8806569004808,V09XA01,전문
2024,201309703,(주)약진이메딕스,이메딕스치료용요오드화나트륨(I-131)캡슐,8806870003101,V10XA01,전문
2024,200008927,새한산업(주),테라캡131캅셀(요오드화나트륨(131Ⅰ)),8806569005300,V10XA01,전문
2024,200008927,새한산업(주),테라캡131캅셀(요오드화나트륨(131Ⅰ)),8806569005201,V10XA01,전문
2024,200008927,새한산업(주),테라캡131캅셀(요오드화나트륨(131Ⅰ)),8806569005904,V10XA01,전문
2024,200008927,새한산업(주),테라캡131캅셀(요오드화나트륨(131Ⅰ)),8806569005706,V10XA01,전문
2024,200008927,새한산업(주),테라캡131캅셀(요오드화나트륨(131Ⅰ)),8806569005508,V10XA01,전문
2024,201100111,(주)삼영유니텍,유니텍요오드화나트륨(131I)캡슐(수출용:요오드화나트륨30호요오드화나트륨50호),8806851002604,V10XA01,전문
2024,201100111,(주)삼영유니텍,유니텍요오드화나트륨(131I)캡슐(수출용:요오드화나트륨30호요오드화나트륨50호),8806851001300,V10XA01,전문
2024,201100111,(주)삼영유니텍,유니텍요오드화나트륨(131I)캡슐(수출용:요오드화나트륨30호요오드화나트륨50호),8806851001607,V10XA01,전문
2024,201100111,(주)삼영유니텍,유니텍요오드화나트륨(131I)캡슐(수출용:요오드화나트륨30호요오드화나트륨50호),8806851001706,V10XA01,전문
2024,201100111,(주)삼영유니텍,유니텍요오드화나트륨(131I)캡슐(수출용:요오드화나트륨30호요오드화나트륨50호),8806851001805,V10XA01,전문
2024,201100111,(주)삼영유니텍,유니텍요오드화나트륨(131I)캡슐(수출용:요오드화나트륨30호요오드화나트륨50호),8806851002000,V10XA01,전문
2024,201100111,(주)삼영유니텍,유니텍요오드화나트륨(131I)캡슐(수출용:요오드화나트륨30호요오드화나트륨50호),8806851002208,V10XA01,전문
2024,201100111,(주)삼영유니텍,유니텍요오드화나트륨(131I)캡슐(수출용:요오드화나트륨30호요오드화나트륨50호),8806851002307,V10XA01,전문
2024,201100111,(주)삼영유니텍,유니텍요오드화나트륨(131I)캡슐(수출용:요오드화나트륨30호요오드화나트륨50호),8806851002406,V10XA01,전문
2024,201100111,(주)삼영유니텍,유니텍요오드화나트륨(131I)캡슐(수출용:요오드화나트륨30호요오드화나트륨50호),8806851002505,V10XA01,전문
2024,201100111,(주)삼영유니텍,유니텍요오드화나트륨(131I)캡슐(수출용:요오드화나트륨30호요오드화나트륨50호),8806851002109,V10XA01,전문
2024,201100111,(주)삼영유니텍,유니텍요오드화나트륨(131I)캡슐(수출용:요오드화나트륨30호요오드화나트륨50호),8806851003007,V10XA01,전문
2024,201100111,(주)삼영유니텍,유니텍요오드화나트륨(131I)캡슐(수출용:요오드화나트륨30호요오드화나트륨50호),8806851001904,V10XA01,전문
2024,201308277,(주)퍼슨,스웨트롤패드액(글리코피롤레이트),8806574008006,D11AA,일반
2024,200903962,(주)재우스팜,재우스오라쿠고에이취플라스타(살리실산),8806876001408,D11AF,일반
2024,199203404,동아에스티(주),베루말액,8806425019908,D11AF,전문
2024,195900034,신신제약(주),신신티눈고(살리실산반창고)(수출명:SINSINCORNPLASTER),8806438003901,D11AF,일반
2024,199901295,신신제약(주),신신티눈밴드(수출명:PARCHEparaCALLOSGHLInternacionalS.A),8806438004007,D11AF,일반
2024,200202997,유니메드제약(주),고닐고포르테경고제,8806495001001,D11AF,일반
2024,200511278,레오파마(유),프로토픽연고0.03%(타크로리무스수화물),8806267001208,D11AH01,전문
2024,200511279,레오파마(유),프로토픽연고0.1%(타크로리무스수화물),8806267001109,D11AH01,전문
2024,200209697,한국메나리니(주),엘리델크림1%(피메크로리무스),8806749003706,D11AH02,전문
2024,201801406,(주)사노피-아벤티스코리아,듀피젠트프리필드주300밀리그램(두필루맙유전자재조합),8806520010909,D11AH05,전문
2024,202003302,(주)사노피-아벤티스코리아,듀피젠트프리필드주200밀리그램(두필루맙유전자재조합),8806520014006,D11AH05,전문
2024,202202109,(주)사노피-아벤티스코리아,듀피젠트프리필드펜200밀리그램(두필루맙유전자재조합),8806520014303,D11AH05,전문
2024,202202110,(주)사노피-아벤티스코리아,듀피젠트프리필드펜300밀리그램(두필루맙유전자재조합),8806520014402,D11AH05,전문
2024,202107593,한국화이자제약(주),시빈코정50밀리그램(아브로시티닙),8806489036309,D11AH08,전문
2024,202107594,한국화이자제약(주),시빈코정200밀리그램(아브로시티닙),8806489036408,D11AH08,전문
2024,202107595,한국화이자제약(주),시빈코정100밀리그램(아브로시티닙),8806489036507,D11AH08,전문
2024,200806541,갈더마코리아(주),엘-크라넬알파액0.025%(알파트라디올),8806557002700,D11AX,일반
2024,202006701,맥널티제약(주),다모판텐정100밀리그램(덱스판테놀),8806415026800,D11AX,일반
2024,202004385,현대약품(주),덱스녹실정(덱스판테놀),8806420046503,D11AX,일반
2024,201606059,한국존슨앤드존슨판매(유),로게인5%폼에어로졸(미녹시딜),8806723001506,D11AX01,일반
2024,200712998,현대약품(주),마이녹실겔5%(미녹시딜),8806420014304,D11AX01,일반
2024,201801373,태극제약(주),미녹시딜바이그루트겔5%(미녹시딜),8806448064701,D11AX01,일반
2024,200301115,(주)다림바이오텍,소아용에보프림연질캡슐(달맞이꽃종자유),8806646006503,D11AX02,일반
2024,200201181,(주)다림바이오텍,에보프림연질캡슐(달맞이꽃종자유),8806646007203,D11AX02,전문
2024,201600732,신신제약(주),아치온현탁액(피리티온아연),8806438026009,D11AX12,일반
2024,200503608,(주)나노팜,진크피현탁액(피리티온아연액),8806589002501,D11AX12,일반
2024,201605345,갈더마코리아(주),수란트라크림1%(이버멕틴),8806557003301,D11AX22,전문
2024,202105795,(주)대웅제약,브이올렛주(데옥시콜산),8806416075906,D11AX24,전문
2024,200707689,한국화이자제약(주),크레오신질크림2%(클린다마이신포스페이트),8806489010606,G01AA10,전문
2024,201907534,현대약품(주),클리늄질정(데쿠알리늄염화물),8806420044905,G01AC05,전문
2024,201508230,현대약품(주),플루오미진질정(데쿠알리늄염화물),8806420040006,G01AC05,전문
2024,199901648,부광약품(주),더모픽스질정(세르타코나졸질산염),8806422001203,G01AF19,전문
2024,198401161,알보젠코리아(주),세나서트2밀리그람질정,8806526036002,G01AX,일반
2024,199700636,(주)퍼슨,지노클렌질세정액,8806574003704,G01AX11,일반
2024,200704064,에이치엘비제약(주),지노베타딘질좌제(포비돈요오드),8806473009500,G01AX11,일반
2024,200001775,(주)한국파마,지노베타딘질세정액(포비돈요오드),8806530020400,G01AX11,일반
2024,198400651,대원제약(주),에르빈주사액(메틸에르고메트린말레산염),8806718022202,G02AB01,전문
2024,200610643,한국페링제약(주),프로페스질서방정(디노프로스톤),8806525003708,G02AD02,전문
2024,202200360,(주)새한제약,나라돌바이알주500(설프로스톤),8806513010107,G02AD05,전문
2024,201702435,바이엘코리아(주),카일리나19.5밀리그램(레보노르게스트렐),8806411060402,G02BA03,전문
2024,201309383,바이엘코리아(주),제이디스13.5밀리그램(레보노르게스트렐),8806411058201,G02BA03,전문
2024,200801711,바이엘코리아(주),미레나20마이크로그람/일(레보노르게스트렐),8806411006004,G02BA03,전문
2024,200003117,한미약품(주),노원질좌제100밀리그램(노녹시놀9),8806435002006,G02BB,일반
2024,198200072,제이더블유중외제약(주),라보파주(리토드린염산염)(수출명:Yutoparinj.),8806449007004,G02CA01,전문
2024,200410070,삼일제약(주),팔로델정(브로모크립틴메실산염),8806439041506,G02CB01,전문
2024,201500627,(주)동구바이오제약,카버락틴정0.25mg(카베르골린),8806573065802,G02CB03,전문
2024,201500628,(주)동구바이오제약,카버락틴정1mg(카베르골린),8806573065901,G02CB03,전문
2024,201800319,(주)다림바이오텍,도스티넨정1밀리그램(카베르골린),8806646022602,G02CB03,전문
2024,201800320,(주)다림바이오텍,도스티넨정0.25밀리그램(카베르골린),8806646022800,G02CB03,전문
2024,201800318,(주)다림바이오텍,도스티넨정0.5밀리그램(카베르골린),8806646022701,G02CB03,전문
2024,201309603,(주)동구바이오제약,카버락틴정(카베르골린),8806573061408,G02CB03,전문
2024,201705165,(주)베키오바이오젠,예나젠질용액0.1%(벤지다민염산염),8806262000404,G02CC03,일반
2024,201506826,한림제약(주),트랙시반주(아토시반아세트산염),8806453051901,G02CX01,전문
2024,201506826,한림제약(주),트랙시반주(아토시반아세트산염),8806453054902,G02CX01,전문
2024,199704622,하나제약(주),디코데서방정(디히드로코데인타르타르산염),8806578003502,N02AA08,전문
2024,200605327,현대약품(주),액틱구강정200마이크로그램(펜타닐시트르산염),8806420007702,N02AB03,전문
2024,201400643,(주)대웅제약,인스타닐나잘스프레이200마이크로그램(펜타닐시트르산염),8806416057902,N02AB03,전문
2024,200605328,현대약품(주),액틱구강정400마이크로그램(펜타닐시트르산염),8806420007801,N02AB03,전문
2024,200605329,현대약품(주),액틱구강정600마이크로그램(펜타닐시트르산염),8806420007900,N02AB03,전문
2024,201307940,주식회사 한독테바,펜토라박칼정100마이크로그램(펜타닐시트르산염),8806269003903,N02AB03,전문
2024,201400642,(주)대웅제약,인스타닐나잘스프레이100마이크로그램(펜타닐시트르산염),8806416057803,N02AB03,전문
2024,201400641,(주)대웅제약,인스타닐나잘스프레이50마이크로그램(펜타닐시트르산염),8806416058008,N02AB03,전문
2024,201307942,주식회사 한독테바,펜토라박칼정400마이크로그램(펜타닐시트르산염),8806269004108,N02AB03,전문
2024,201307775,주식회사 한독테바,펜토라박칼정800마이크로그램(펜타닐시트르산염),8806269004306,N02AB03,전문
2024,201307941,주식회사 한독테바,펜토라박칼정200마이크로그램(펜타닐시트르산염),8806269004009,N02AB03,전문
2024,201402210,한국메나리니(주),앱스트랄설하정300마이크로그램(펜타닐시트르산염),8806749005007,N02AB03,전문
2024,201402208,한국메나리니(주),앱스트랄설하정100마이크로그램(펜타닐시트르산염),8806749004802,N02AB03,전문
2024,201402211,한국메나리니(주),앱스트랄설하정400마이크로그램(펜타닐시트르산염),8806749005106,N02AB03,전문
2024,201402209,한국메나리니(주),앱스트랄설하정200마이크로그램(펜타닐시트르산염),8806749004901,N02AB03,전문
2024,202000149,한국메나리니(주),팩펜트나잘스프레이400마이크로그램(펜타닐시트르산염),8806749005601,N02AB03,전문
2024,202000148,한국메나리니(주),팩펜트나잘스프레이100마이크로그램(펜타닐시트르산염),8806749005502,N02AB03,전문
2024,200605330,현대약품(주),액틱구강정800마이크로그램(펜타닐시트르산염),8806420008006,N02AB03,전문
2024,201307943,주식회사 한독테바,펜토라박칼정600마이크로그램(펜타닐시트르산염),8806269004207,N02AB03,전문
2024,200410879,한국먼디파마 유한회사,노스판패취20㎍/h(부프레노르핀),8806780000306,N02AE01,전문
2024,200410877,한국먼디파마 유한회사,노스판패취5㎍/h(부프레노르핀),8806780000108,N02AE01,전문
2024,200410878,한국먼디파마 유한회사,노스판패취10㎍/h(부프레노르핀),8806780000207,N02AE01,전문
2024,201801928,명문제약(주),부프레인패취52.5㎍/h(부프레노르핀),8806498074200,N02AE01,전문
2024,201801929,명문제약(주),부프레인패취35㎍/h(부프레노르핀),8806498074408,N02AE01,전문
2024,201801930,명문제약(주),부프레인패취70㎍/h(부프레노르핀),8806498074309,N02AE01,전문
2024,199403306,명문제약(주),부토판주사2밀리그람/밀리리터(부토르파놀타르타르산염),8806498019201,N02AF01,전문
2024,199604964,명문제약(주),부토판주사1밀리그람/밀리리터(부토르파놀타르타르산염),8806498019102,N02AF01,전문
2024,200109954,명문제약(주),날페인주사10밀리그램(날부핀염산염),8806498000506,N02AF02,전문
2024,200109942,하나제약(주),하나염산날부핀주10밀리그람,8806578025306,N02AF02,전문
2024,201202411,(주)비씨월드제약,하이코돈정5.0밀리그램,8806531026104,N02AJ22,전문
2024,201202412,(주)비씨월드제약,하이코돈정7.5밀리그램,8806531026203,N02AJ22,전문
2024,201109819,한국먼디파마 유한회사,지트람씨알서방정75밀리그램(트라마돌염산염),8806780002300,N02AX02,전문
2024,199806741,한국먼디파마 유한회사,지트람엑스엘서방정200밀리그람(트라마돌염산염),8806780001501,N02AX02,전문
2024,199806740,한국먼디파마 유한회사,지트람엑스엘서방정150밀리그람(트라마돌염산염),8806780001402,N02AX02,전문
2024,198300327,(주)유한양행,트리돌캡슐50mg(트라마돌염산염),8806421025200,N02AX02,전문
2024,199900544,(주)유한양행,트리돌서방정(트라마돌염산염),8806421024807,N02AX02,전문
2024,198900630,아주약품(주),트로돈캡슐(트라마돌염산염),8806540017308,N02AX02,전문
2024,201603373,(주)한국얀센,뉴신타서방정50밀리그램(타펜타돌염산염),8806469021103,N02AX06,전문
2024,201707914,(주)한국얀센,뉴신타아이알정50밀리그램(타펜타돌염산염),8806469022308,N02AX06,전문
2024,201603372,(주)한국얀센,뉴신타서방정100밀리그램(타펜타돌염산염),8806469021202,N02AX06,전문
2024,201708383,(주)한국얀센,뉴신타서방정200밀리그램(타펜타돌염산염),8806469022407,N02AX06,전문
2024,200008591,바이엘코리아(주),바이엘아스피린정500밀리그람,8806411000705,N02BA01,일반
2024,199901188,일양바이오팜(주),알타질주(주사용아스피린리신90%),8806966018903,N02BA01,전문
2024,202201300,한국존슨앤드존슨판매(유),타이레놀산500밀리그램(아세트아미노펜),8806723001803,N02BE01,일반
2024,202005623,한국존슨앤드존슨판매(유),어린이타이레놀산160밀리그램(아세트아미노펜),8806723001704,N02BE01,일반
2024,201105749,신풍제약(주),파세타주(프로파세타몰염산염),8806485065907,N02BE05,전문
2024,199500674,영진약품(주),데노간주(프로파세타몰염산염),8806424001607,N02BE05,전문
2024,202106243,(주)경보제약,맥시제식주,8806650031102,N02BE51,전문
2024,199102142,한미약품(주),복합써스펜좌약,8806435011404,N02BE51,일반
2024,202300954,알보젠코리아(주),그랠리즈서방정600밀리그램(가바펜틴),8806526072000,N02BF01,전문
2024,202300955,알보젠코리아(주),그랠리즈서방정300밀리그램(가바펜틴),8806526072109,N02BF01,전문
2024,202000401,한국다이이찌산쿄주식회사,탈리제정5밀리그램(미로가발린베실산염),8806809002700,N02BF03,전문
2024,198300096,제이더블유중외제약(주),리자벤캡슐(트라닐라스트),8806449024902,R06AX,전문
2024,201001424,한미약품(주),포타스틴오디정(베포타스틴칼슘이수화물),8806435054500,R06AX,전문
2024,199400513,코오롱제약(주),레미코트서방성캡슐1밀리그램(에메다스틴푸마르산염서방성과립),8806703002806,R06AX,전문
2024,199400514,코오롱제약(주),레미코트서방성캡슐2밀리그램(에메다스틴푸마르산염서방성과립),8806703002905,R06AX,전문
2024,201802179,현대약품(주),페미로살정5밀리그램(페미로라스트칼륨),8806420041904,R06AX,전문
2024,201906898,현대약품(주),페미로살건조시럽(페미로라스트칼륨),8806420044400,R06AX,전문
2024,200600315,(주)다림바이오텍,트레노캡슐(트라닐라스트),8806646009405,R06AX,전문
2024,200403428,삼익제약(주),새로딘시럽(로라타딘),8806440009403,R06AX13,일반
2024,199601085,(주)보령,보령에바스텔내복액(에바스틴),8806419015206,R06AX22,전문
2024,200001929,부광약품(주),부광미졸렌정10밀리그램(미졸라스틴),8806422007205,R06AX25,전문
2024,200008952,한국오가논 주식회사,에리우스정(데스로라타딘(미분화)),8800731001800,R06AX27,전문
2024,201702246,안국약품(주),루파핀정(루파타딘푸마르산염),8806502047701,R06AX28,전문
2024,200511076,동아에스티(주),엘라스폴100주(시베레스타트나트륨수화물),8806425028504,R07,전문
2024,200209860,코오롱제약(주),큐로서프주(돼지폐추출물),8806703016209,R07AA,전문
2024,200809175,제이더블유중외제약(주),인파서프주(칼팍탄트),8806449144204,R07AA,전문
2024,200809175,제이더블유중외제약(주),인파서프주(칼팍탄트),8806449143900,R07AA,전문
2024,199600579,(주)유한양행,뉴팩탄(소의폐추출물)(수출명:NewfactanPulmofac),8806421001303,R07AA,전문
2024,200308891,알보젠코리아(주),메조나카주사(벤조산나트륨카페인),8806526045103,R07AB,전문
2024,197500566,(주)휴온스,휴온스벤조산나트륨카페인주사액,8806706033302,R07AB,전문
2024,201003573,(주)한국팜비오,네오카프액(카페인시트르산염),8806599005400,R07AB,전문
2024,201003573,(주)한국팜비오,네오카프액(카페인시트르산염),8806599004502,R07AB,전문
2024,201003574,(주)한국팜비오,네오카프주(카페인시트르산염),8806599005301,R07AB,전문
2024,201507727,주식회사 에스피씨코리아,스테리탤크파우더(탤크),8800568000205,R07AX,전문
2024,201507727,주식회사 에스피씨코리아,스테리탤크파우더(탤크),8800568000106,R07AX,전문
2024,199202903,유니메드제약(주),참클로람페니콜점안액(수출명:게라펜점안액),8806495038502,S01AA01,전문
2024,199504341,삼일제약(주),오큐라신안연고(토브라마이신),8806439010106,S01AA12,전문
2024,201605925,삼천당제약(주),토라신안연고(토브라마이신),8806512048200,S01AA12,전문
2024,200008819,한국화이자제약(주),테라마이신안연고,8806489010804,S01AA30,전문
2024,199300777,삼일제약(주),오큐플리딘점안액(트리플루리딘)(수출명:OcuFridine),8806439012407,S01AD02,전문
2024,199600643,삼일제약(주),헤르페시드안연고(아시클로버),8806439018201,S01AD03,전문
2024,201605924,삼천당제약(주),바이클로버안연고(아시클로버),8806512048002,S01AD03,전문
2024,199806330,삼일제약(주),버간점안겔(간시클로버),8806439004303,S01AD09,전문
2024,199504342,삼일제약(주),씨펙스점안액(시프로플록사신염산염수화물),8806439008103,S01AE03,전문
2024,200500973,(주)한독,가티플로점안액(가티플록사신수화물),8806521000107,S01AE06,전문
2024,201104802,동아에스티(주),동아오젝스점안액(토수플록사신토실산염수화물),8806425066001,S01AE09,전문
2024,199403242,한국노바티스(주),맥시덱스점안액(덱사메타손),8806536031400,S01BA01,전문
2024,199403258,한국노바티스(주),맥시덱스안연고(덱사메타손),8806536031509,S01BA01,전문
2024,200603944,(주)바슈헬스코리아,덱사겔점안겔(덱사메타손인산나트륨),8806644000107,S01BA01,전문
2024,201101486,한국애브비(주),오저덱스이식제700㎍(덱사메타손),8806249004906,S01BA01,전문
2024,201500481,한미약품(주),마카이드주(트리암시놀론아세토니드),8806435071002,S01BA05,전문
2024,200811863,(주)바슈헬스코리아,로테맥스점안현탁액0.5%(로테프레드놀에타보네이트),8806644001906,S01BA14,전문
2024,201604530,한림제약(주),로테프로점안현탁액0.5%(로테프레드놀에타보네이트)로테프로점안현탁액0.5%(로테프레드놀에타보네이트)(1회용),8806453055206,S01BA14,전문
2024,201604530,한림제약(주),로테프로점안현탁액0.5%(로테프레드놀에타보네이트)로테프로점안현탁액0.5%(로테프레드놀에타보네이트)(1회용),8806453059204,S01BA14,전문
2024,200511300,(주)바슈헬스코리아,바슈롬플루비프로펜나트륨점안액0.03%,8806644000701,S01BC04,전문
2024,200713001,한미약품(주),키톨락점안액0.5%(케토롤락트로메타민염),8806435040404,S01BC05,전문
2024,201101934,한국애브비(주),아큐베일점안액0.45%(케토롤락트로메타민염)(1회용),8806249004302,S01BC05,전문
2024,201904465,한림제약(주),로테플러스점안현탁액(로테프레드놀에타보네이트토브라마이신),8806453062006,S01CA,전문
2024,199403252,한국노바티스(주),토브라덱스점안액,8806536030007,S01CA01,전문
2024,200300491,대우제약(주),토베손점안액(수출명:필토베손점안액덱스티어점안액),8806496023804,S01CA01,전문
2024,200302302,한림제약(주),디겐타점안액(겐타마이신황산염플루오로메톨론),8806453002408,S01CA07,전문
2024,201007735,한림제약(주),디겐타안연고(겐타마이신황산염플루오로메톨론),8806453042008,S01CA07,전문
2024,199504247,클리니젠코리아 유한회사,아이오피딘0.5%점안액(아프라클로니딘염산염),8800761000606,S01EA03,전문
2024,198900532,삼일제약(주),오큐카르핀점안액2%(필로카르핀염산염),8806439010908,S01EB01,전문
2024,201600715,(주)하스피케어,이스카도큐1밀리그램주사액[비스쿰알붐(아종:쿠에르쿠스)수용성추출물(1→5)로써5밀리그램],8800531000706,L01CX,전문
2024,201600714,(주)하스피케어,이스카도큐10밀리그램주사액[비스쿰알붐(아종:쿠에르쿠스)수용성추출물(1→5)로써50밀리그램],8800531000201,L01CX,전문
2024,201600716,(주)하스피케어,이스카도큐0.1밀리그램주사액[비스쿰알붐(아종:쿠에르쿠스)수용성추출물(1→5)로써0.5밀리그램],8800531000805,L01CX,전문
2024,201600717,(주)하스피케어,이스카도큐0.01밀리그램주사액[비스쿰알붐(아종:쿠에르쿠스)수용성추출물(1→5)로써0.05밀리그램],8800531000607,L01CX,전문
2024,200109194,(주)엘브리지,압노바비스쿰큐2mg주사액[비스쿰알붐(숙주목:쿠에르쿠스)압축추출액(1→50)],8806813001508,L01CX,전문
2024,200109193,(주)엘브리지,압노바비스쿰큐20mg주사액[비스쿰알붐(숙주목:쿠에르쿠스)압축추출액(1→50)],8806813001409,L01CX,전문
2024,200109196,(주)엘브리지,압노바비스쿰큐0.2mg주사액[비스쿰알붐(숙주목:쿠에르쿠스)압축추출액(1→50)],8806813001706,L01CX,전문
2024,200109195,(주)엘브리지,압노바비스쿰큐0.02mg주사액[비스쿰알붐(숙주목:쿠에르쿠스)압축추출액(1→50)],8806813001607,L01CX,전문
2024,199907131,(주)엘브리지,압노바비스쿰엠2mg주사액[비스쿰알붐(숙주목:말리)압축추출액(1→50)],8806813000600,L01CX,전문
2024,199704565,(주)엘브리지,압노바비스쿰엠20mg주사액［비스쿰알붐(숙주목:말리)압축추출액(1→50)］,8806813000303,L01CX,전문
2024,199907132,(주)엘브리지,압노바비스쿰엠0.2mg주사액[비스쿰알붐(숙주목:말리)압축추출액(1→50)],8806813000709,L01CX,전문
2024,199907130,(주)엘브리지,압노바비스쿰엠0.02mg주사액[비스쿰알붐(숙주목:말리)압축추출액(1→50)],8806813000501,L01CX,전문
2024,200109190,(주)엘브리지,압노바비스쿰에프2mg주사액[비스쿰알붐(숙주목:프락시니)압축추출액(1→50)],8806813001102,L01CX,전문
2024,200109189,(주)엘브리지,압노바비스쿰에프20mg주사액[비스쿰알붐(숙주목:프락시니)압축추출액(1→50)],8806813001003,L01CX,전문
2024,200109191,(주)엘브리지,압노바비스쿰에프0.2mg주사액[비스쿰알붐(숙주목:프락시니)압축추출액(1→50)],8806813001201,L01CX,전문
2024,200109192,(주)엘브리지,압노바비스쿰에프0.02mg주사액[비스쿰알붐(숙주목:프락시니)압축추출액(1→50)],8806813001300,L01CX,전문
2024,199907134,(주)엘브리지,압노바비스쿰에이2mg주사액[비스쿰알붐(숙주목:아비에티스)압축추출액(1→50)],8806813000907,L01CX,전문
2024,199704564,(주)엘브리지,압노바비스쿰에이20mg주사액[비스쿰알붐(숙주목:아비에티스)압축추출액(1→50)],8806813000204,L01CX,전문
2024,199907129,(주)엘브리지,압노바비스쿰에이0.2mg주사액[비스쿰알붐(숙주목:아비에티스)압축추출액(1→50)],8806813000402,L01CX,전문
2024,199907133,(주)엘브리지,압노바비스쿰에이0.02mg주사액[비스쿰알붐(숙주목:아비에티스)압축추출액(1→50)],8806813000808,L01CX,전문
2024,200209422,(주)다림바이오텍,헬릭소에이50밀리그람주,8806646015505,L01CX,전문
2024,200209421,(주)다림바이오텍,헬릭소에이30밀리그람주,8806646015604,L01CX,전문
2024,200209417,(주)다림바이오텍,헬릭소에이1밀리그람주,8806646015109,L01CX,전문
2024,200209419,(주)다림바이오텍,헬릭소에이10밀리그람주,8806646015406,L01CX,전문
2024,200209423,(주)다림바이오텍,헬릭소에이100밀리그람주,8806646015703,L01CX,전문
2024,200209418,(주)다림바이오텍,헬릭소에이5밀리그람주,8806646015307,L01CX,전문
2024,200209420,(주)다림바이오텍,헬릭소에이20밀리그람주,8806646015208,L01CX,전문
2024,200804451,베르토코리아 유한책임회사,욘델리스주사1.0밀리그램(트라벡테딘),8800760000201,L01CX01,전문
2024,202005256,한국유나이티드제약(주),한국유나이티드닥티노마이신주,8806443095502,L01DA01,전문
2024,199806569,박스터,케릭스주사(리포좀화한독소루비신염산염),8806466017604,L01DB01,전문
2024,199806569,박스터,케릭스주사(리포좀화한독소루비신염산염),8806466017703,L01DB01,전문
2024,200200948,(주)보령,보령에피루비신염산염주,8806419016005,L01DB03,전문
2024,200200948,(주)보령,보령에피루비신염산염주,8806419016104,L01DB03,전문
2024,199901635,한국유나이티드제약(주),에피진주50밀리그램(에피루비신염산염)(수출명:NeoquabinforInj.50mg),8806443024502,L01DB03,전문
2024,200707683,한국화이자제약(주),자베도스주5밀리그램(이다루비신염산염),8806489007002,L01DB06,전문
2024,200403526,한림제약(주),자벨주사(이다루비신염산염),8806453014302,L01DB06,전문
2024,199300259,이연제약(주),미트론주(미톡산트론염산염),8806586004102,L01DB07,전문
2024,199701737,한국유나이티드제약(주),한국유나이티드미토마이신씨주10밀리그람(수출명:MITONCOforInj.10mgMitocinforInj.10mg),8806443051201,L01DC03,전문
2024,201200121,일양약품(주),슈펙트캡슐100밀리그램(라도티닙염산염),8806417043904,L01EA,전문
2024,201200120,일양약품(주),슈펙트캡슐200밀리그램(라도티닙염산염),8806417043805,L01EA,전문
2024,201606317,(유)한국비엠에스제약,스프라이셀정80밀리그램(다사티닙),8806587006808,L01EA02,전문
2024,200701086,(유)한국비엠에스제약,스프라이셀정50밀리그램(다사티닙),8806587002206,L01EA02,전문
2024,200701087,(유)한국비엠에스제약,스프라이셀정20밀리그램(다사티닙),8806587002107,L01EA02,전문
2024,201102229,(유)한국비엠에스제약,스프라이셀정100밀리그램(다사티닙),8806587005108,L01EA02,전문
2024,200701085,(유)한국비엠에스제약,스프라이셀정70밀리그램(다사티닙),8806587002305,L01EA02,전문
2024,200711797,한국노바티스(주),타시그나캡슐200밀리그램(닐로티닙염산염일수화물),8806536011006,L01EA03,전문
2024,201007692,한국노바티스(주),타시그나캡슐150밀리그램(닐로티닙염산염일수화물),8806536021609,L01EA03,전문
2024,201905896,한국노바티스(주),타시그나캡슐50밀리그램(닐로티닙염산염일수화물),8806536032605,L01EA03,전문
2024,199501832,에리슨제약(주),몰시톤정2밀리그램(몰시도민),8806205000409,C01DX12,전문
2024,200008882,제이더블유중외제약(주),시그마트주48밀리그램(니코란딜),8806449013203,C01DX16,전문
2024,198500125,제이더블유중외제약(주),시그마트정5밀리그램(니코란딜),8806449028900,C01DX16,전문
2024,202107707,바이엘코리아(주),베르쿠보정5밀리그램(베리시구앗(미분화)),8806411061508,C01DX22,전문
2024,202107708,바이엘코리아(주),베르쿠보정2.5밀리그램(베리시구앗(미분화)),8806411061607,C01DX22,전문
2024,202107709,바이엘코리아(주),베르쿠보정10밀리그램(베리시구앗(미분화)),8806411061706,C01DX22,전문
2024,199902901,조아제약(주),아코바정(정제부자),8806446007007,C01EB,일반
2024,197800027,에이치케이이노엔(주),데카키논캡슐(유비데카레논캡슐),8806400000709,C01EB09,일반
2024,200603927,(주)사노피-아벤티스코리아,아데노코주사(아데노신),8806520002706,C01EB10,전문
2024,199701930,(주)비씨월드제약,데노신주사(아데노신),8806531000906,C01EB10,전문
2024,200307976,한국세르비에(주),바스티난엠알서방정(트리메타지딘염산염),8806763000101,C01EB15,전문
2024,201908660,알보젠코리아(주),메타젠엠알서방정35밀리그램(트리메타지딘염산염),8806526066306,C01EB15,전문
2024,201103928,(주)삼오제약,페데아주(이부프로펜),8806597008809,C01EB16,전문
2024,200906065,한국세르비에(주),프로코라란정7.5밀리그램(이바브라딘염산염),8806763001108,C01EB17,전문
2024,200906066,한국세르비에(주),프로코라란정5밀리그램(이바브라딘염산염),8806763001009,C01EB17,전문
2024,202301640,(유)한국비엠에스제약,캄지오스캡슐5밀리그램(마바캄텐),8806587007904,C01EB24,전문
2024,202301639,(유)한국비엠에스제약,캄지오스캡슐2.5밀리그램(마바캄텐),8806587007805,C01EB24,전문
2024,202301642,(유)한국비엠에스제약,캄지오스캡슐15밀리그램(마바캄텐),8806587008109,C01EB24,전문
2024,202301641,(유)한국비엠에스제약,캄지오스캡슐10밀리그램(마바캄텐),8806587008000,C01EB24,전문
2024,201302802,에이치케이이노엔(주),켑베이서방정0.1밀리그램(클로니딘염산염),8806400065500,C02AC01,전문
2024,200000932,(주)바이넥스,카딜정2밀리그램(독사조신메실산염),8806431021209,C02CA04,전문
2024,200803322,한국화이자제약(주),나이트로프레스주(니트로푸루시드나트륨),8806489030406,C02DD01,전문
2024,202003657,파마사이언스코리아(주),카나보센정62.5밀리그램(보센탄수화물(미분화)),8806276002302,C02KX01,전문
2024,202004778,파마사이언스코리아(주),카나보센정125밀리그램(보센탄수화물(미분화)),8806276002401,C02KX01,전문
2024,200706894,(주)한국얀센,트라클리어정62.5밀리그램(보센탄수화물),8806469024500,C02KX01,전문
2024,200902796,(주)글락소스미스클라인,볼리브리스정5밀리그램(암브리센탄),8806500023103,C02KX02,전문
2024,200902797,(주)글락소스미스클라인,볼리브리스정10밀리그램(암브리센탄),8806500023202,C02KX02,전문
2024,201405128,(주)한국얀센,옵서미트정10밀리그램(마시텐탄),8806469024005,C02KX04,전문
2024,202300945,삼진제약(주),마시텐정10밀리그램(마시텐탄),8806478055502,C02KX04,전문
2024,201402611,바이엘코리아(주),아뎀파스정2.5밀리그램(리오시구앗),8806411058508,C02KX05,전문
2024,196000008,(주)유한양행,다이크로짇정(히드로클로로티아지드),8806421001600,C03AA03,전문
2024,200302309,한림제약(주),하이그로톤정25밀리그램(클로르탈리돈),8806453022307,C03BA04,전문
2024,198500892,부광약품(주),부광디유렉산정(지파미드),8806422006505,C03BA10,전문
2024,200805114,한국세르비에(주),후루덱스서방정(인다파미드),8806763000804,C03BA11,전문
2024,199900835,영진약품(주),나트릭스서방정(인다파미드),8806424000402,C03BA11,전문
2024,199501023,진양제약(주),다피드정2.5밀리그램(인다파미드),8806503002303,C03BA11,전문
2024,199001306,삼진제약(주),유레틴정(아조세미드),8806478019207,C03CA,전문
2024,197200160,일양약품(주),후릭스정(푸로세미드),8806417027508,C03CA01,전문
2024,196400036,(주)한독,라식스주사(푸로세미드),8806521002101,C03CA01,전문
2024,196400037,(주)한독,라식스정(푸로세미드),8806521002002,C03CA01,전문
2024,201705481,대한약품공업(주),유리라세미주(푸로세미드),8806451044509,C03CA01,전문
2024,200409929,한국화이자제약(주),알닥톤필름코팅정25밀리그람(스피로노락톤),8806489006104,C03DA01,전문
2024,199701668,대원제약(주),스피락톤정50mg(스피로노락톤),8806718020000,C03DA01,전문
2024,197500541,구주제약(주),구주스피로닥톤정(스피로노락톤),8806698001600,C03DA01,전문
2024,202201902,바이엘코리아(주),케렌디아정20밀리그램(피네레논),8806411061904,C03DA05,전문
2024,202201903,바이엘코리아(주),케렌디아정10밀리그램(피네레논),8806411062000,C03DA05,전문
2024,198100103,건일제약(주),아미로정(염산아미로라이드),8806468009201,C03DB01,전문
2024,198500633,명인제약(주),스피로자이드정(스피로노락톤히드로클로로티아지드),8806519013904,C03EA01,전문
2024,200801848,알보젠코리아(주),이소바이드액(이소소르비드액),8806526028601,C03X,전문
2024,201106063,한국오츠카제약(주),삼스카정30밀리그램(톨밥탄분무건조분말),8806499003001,C03XA01,전문
2024,201106062,한국오츠카제약(주),삼스카정15밀리그램(톨밥탄분무건조분말),8806499002905,C03XA01,전문
2024,200200196,이연제약(주),펜톨민주사(펜토라민메실레이트),8806586018109,C04AB01,전문
2024,199803060,(주)휴온스,휴온스펜톡시필린주사,8806706038109,C04AD03,전문
2024,200403234,명문제약(주),메조필린주사(펜톡시필린),8806498007109,C04AD03,전문
2024,199101108,(주)보령,네오플라틴주(카르보플라틴),8806419001506,L01XA02,전문
2024,199101108,(주)보령,네오플라틴주(카르보플라틴),8806419044206,L01XA02,전문
2024,199101108,(주)보령,네오플라틴주(카르보플라틴),8806419001605,L01XA02,전문
2024,199201568,한국유나이티드제약(주),카보티놀주사(카르보플라틴),8806443038905,L01XA02,전문
2024,199201568,한국유나이티드제약(주),카보티놀주사(카르보플라틴),8806443039001,L01XA02,전문
2024,199101108,(주)보령,네오플라틴주(카르보플라틴),8806419044305,L01XA02,전문
2024,200801610,(주)라이트팜텍,포토프린주사75밀리그램(포르피머나트륨),8806903000206,L01XD01,전문
2024,200610733,갈더마코리아(주),메트빅스크림160밀리그램/그램(메틸아미노레불린산염산염),8806557001406,L01XD04,전문
2024,201006816,베르토코리아 유한책임회사,글리올란(5-아미노레불린산염산염),8800760000102,L01XD04,전문
2024,199504168,디케이에스에이치코리아(주),베사노이드연질캡슐10밀리그램(트레티노인),8800555000607,L01XF01,전문
2024,201701540,암젠코리아 유한회사,키프롤리스주60밀리그램(카르필조밉),8800523000806,L01XG02,전문
2024,201701541,암젠코리아 유한회사,키프롤리스주30밀리그램(카르필조밉),8800523000707,L01XG02,전문
2024,201706292,한국다케다제약(주),닌라로캡슐4밀리그램(익사조밉시트레이트),8806963004701,L01XG03,전문
2024,201706291,한국다케다제약(주),닌라로캡슐3밀리그램(익사조밉시트레이트),8806963004602,L01XG03,전문
2024,201706267,한국다케다제약(주),닌라로캡슐2.3밀리그램(익사조밉시트레이트),8806963004503,L01XG03,전문
2024,201907536,한국아스트라제네카(주),린파자정150밀리그램(올라파립),8806507011103,L01XK01,전문
2024,201907537,한국아스트라제네카(주),린파자정100밀리그램(올라파립),8806507011202,L01XK01,전문
2024,201901736,한국다케다제약(주),제줄라캡슐100밀리그램(니라파립토실산염일수화물),8806963005500,L01XK02,전문
2024,202005547,한국화이자제약(주),탈제나캡슐0.25밀리그램(탈라조파립토실산염),8806489035005,L01XK04,전문
2024,202005546,한국화이자제약(주),탈제나캡슐1밀리그램(탈라조파립토실산염),8806489034909,L01XK04,전문
2024,202102042,한국노바티스(주),킴리아주(티사젠렉류셀),8806536033800,L01XL04,전문
2024,200702510,클리니젠코리아 유한회사,에르위나제주(엘-아스파라기나제),8800761000200,L01XX02,전문
2024,199304254,한국쿄와기린(주),로이나제주(엘아스파라기나제),8806663002403,L01XX02,전문
2024,199301690,한국유나이티드제약(주),하이드린캡슐500밀리그램(히드록시우레아)(수출명:GindreaCaps.500mgKrabinexCaps.HytinonCaps.),8806443047907,L01XX05,전문
2024,201501759,한국유나이티드제약(주),하이드린캡슐250밀리그램(히드록시우레아),8806443088900,L01XX05,전문
2024,199906840,한국화이자제약(주),에스트라시트캡슐140밀리그램(에스트라머스틴인산나트륨수화물),8806489012501,L01XX11,전문
2024,200109301,리퓨어헬스케어 주식회사,리소드렌정500밀리그람(미토테인),8806797004403,L01XX23,전문
2024,202101033,한국세르비에(주),온카스파동결건조주사(페그아스파르가제),8806763001504,L01XX24,전문
2024,201004242,리퓨어헬스케어 주식회사,트리세녹스주(삼산화비소),8806797002300,L01XX27,전문
2024,201507055,제이텍 바이오팜,아시트리주(삼산화비소),8800529000800,L01XX27,전문
2024,202302004,리퓨어헬스케어 주식회사,트리세녹스주2mg/mL(삼산화비소)(바이알),8806797005004,L01XX27,전문
2024,200409939,한국다케다제약(주),아그릴린캡슐0.5밀리그램(아나그렐리드염산염),8806963006507,L01XX35,전문
2024,201206498,한국에자이(주),할라벤주(에리불린메실산염),8806211000301,L01XX41,전문
2024,201310002,(주)사노피-아벤티스코리아,잘트랩주25mg/mL(애플리버셉트),8806520009309,L01XX44,전문
2024,201310002,(주)사노피-아벤티스코리아,잘트랩주25mg/mL(애플리버셉트),8806520009408,L01XX44,전문
2024,201903544,한국애브비(주),벤클렉스타정50밀리그램(베네토클락스),8806249003503,L01XX52,전문
2024,201903543,한국애브비(주),벤클렉스타정10밀리그램(베네토클락스),8806249003404,L01XX52,전문
2024,201903542,한국애브비(주),벤클렉스타정100밀리그램(베네토클락스),8806249003305,L01XX52,전문
2024,202105598,안텐진제약 주식회사,엑스포비오정20밀리그램(셀리넥서),8800744000104,L01XX66,전문
2024,202203642,(주)보령,젭젤카주(러비넥테딘),8806419080105,L01XX69,전문
2024,202200700,암젠코리아 유한회사,루마크라스정120밀리그램(소토라십),8800523001407,L01XX73,전문
2024,202301643,한국엠에스디(주),웰리렉정(벨주티판),8806555021406,L01XX74,전문
2024,202204315,(주)한독,빅시오스리포좀주,8806521058504,L01XY01,전문
2024,200807473,(주)다림바이오텍,메게시아정40mg(메게스트롤아세테이트),8806646012405,L02AB01,전문
2024,200807474,(주)다림바이오텍,메게시아정160mg(메게스트롤아세테이트),8806646012306,L02AB01,전문
2024,199203279,한국화이자제약(주),파루탈정(메드록시프로게스테론아세테이트),8806489010903,L02AB02,전문
2024,199907049,한국아스트라제네카(주),졸라덱스엘에이데포주사(고세렐린아세트산염),8806507004907,L02AE03,전문
2024,199907048,한국아스트라제네카(주),졸라덱스데포주사(고세렐린아세트산염),8806507004808,L02AE03,전문
2024,199604919,한국페링제약(주),데카펩틸-데포(트립토렐린아세트산염),8806525000202,L02AE04,전문
2024,200109188,입센코리아(주),디페렐린피알3.75밀리그람주(트립토렐린아세트산염),8806814000302,L02AE04,전문
2024,201708203,입센코리아(주),디페렐린에스알주22.5밀리그램(트립토렐린파모산염),8806814001408,L02AE04,전문
2024,199604920,한국페링제약(주),데카펩틸주0.1밀리그램(트립토렐린아세트산염),8806525000301,L02AE04,전문
2024,197600165,(주)유한양행,유한세파졸린주사1000mg(수출명:오리졸린주1000mg메디세파졸린1000mg유한세졸주1000mg마이코신주레프졸린주),8806421015706,J01DB04,전문
2024,198300066,(주)종근당,종근당세파졸린주1그램(세파졸린나트륨)(수출명:씨졸주1그램라세나졸린주1그램오리안트주1그램),8806433027803,J01DB04,전문
2024,201003518,한국코러스(주),세포졸주(세파졸린나트륨),8806472024603,J01DB04,전문
2024,198300067,(주)종근당,종근당세파졸린주500밀리그램(세파졸린나트륨)(수출명:씨졸주500밀리그램라세나졸린주500밀리그램),8806433027704,J01DB04,전문
2024,198200300,(주)보령,보령듀리세프건조시럽250밀리그램/5밀리리터(세파드록실수화물),8806419011000,J01DB05,전문
2024,198200301,(주)보령,보령듀리세프건조시럽125밀리그램/5밀리리터(세파드록실수화물),8806419010904,J01DB05,전문
2024,200805217,한국코러스(주),판제딘주(세프라딘),8806472020209,J01DB09,전문
2024,199201469,삼진제약(주),타이록신캡슐(세프록사딘수화물),8806478022900,J01DB11,전문
2024,199100041,신풍제약(주),신풍세프테졸나트륨주,8806485021101,J01DB12,전문
2024,198000067,제이더블유중외제약(주),파세틴주(세폭시틴나트륨),8806449041206,J01DC01,전문
2024,200500567,(주)유한양행,올세프건조시럽(세푸록심악세틸),8806421013207,J01DC02,전문
2024,199700175,(주)종근당,종근당세푸록심나트륨주750밀리그램(세푸록심나트륨)(수출명:푸록심주),8806433030001,J01DC02,전문
2024,199100042,신풍제약(주),신세프주0.75그램(세푸록심나트륨),8806485018002,J01DC02,전문
2024,199200927,삼천당제약(주),삼천당세푸록심주(세푸록심나트륨)(수출명:록심주팍솔주750mg썰빅주삼천당록심주750mg),8806512007900,J01DC02,전문
2024,198800285,(주)에이프로젠바이오로직스,만세프주1그램(세파만돌나페이트),8806452039504,J01DC03,전문
2024,200404837,(주)유케이케미팜,메타키트주사(세프메타졸나트륨),8806729000404,J01DC09,전문
2024,199000834,영진약품(주),메이세린주1그람(세프미녹스나트륨수화물),8806424003403,J01DC12,전문
2024,199300472,한올바이오파마(주),한올토미포란주500밀리그램(세프부페라존나트륨),8806556031206,J01DC13,전문
2024,199000358,일동제약(주),일동후루마린주사0.5그램(플로목세프나트륨),8806429019508,J01DC14,전문
2024,201206852,일동제약(주),일동후루마린주사1그램(플로목세프나트륨),8806429046405,J01DC14,전문
2024,200200165,(주)종근당,종근당세프티족심주1그램(세프티족심나트륨)(수출명:웰족스주1그램),8806433030803,J01DD07,전문
2024,199600244,동아에스티(주),에포세린주1그램(세프티족심나트륨),8806425028306,J01DD07,전문
2024,200200164,(주)종근당,종근당세프티족심주0.5그램(세프티족심나트륨)(수출명:웰족스주0.5그램),8806433030704,J01DD07,전문
2024,198900222,동아에스티(주),동아슈프락스산(세픽심수화물),8806425005802,J01DD08,전문
2024,199800082,(주)종근당,포세프산(세픽심수화물)(수출명:세프파산),8806433040208,J01DD08,전문
2024,199802436,한미약품(주),세픽스산(세픽심수화물),8806435012500,J01DD08,전문
2024,199800693,대웅바이오(주),뉴디짐주1.0그램(세포디짐나트륨),8806940019506,J01DD09,전문
2024,199900501,대웅바이오(주),뉴디짐주0.5그램(세포디짐나트륨),8806940021707,J01DD09,전문
2024,202008182,국제약품(주),디토렌세립(세프디토렌피복실),8806437051200,J01DD16,전문
2024,199500901,(주)보령,보령메이액트정100밀리그램(세프디토렌피복실),8806419012205,J01DD16,전문
2024,199801215,(주)보령,보령메이액트세립(세프디토렌피복실),8806419012106,J01DD16,전문
2024,200500421,일동제약(주),후로목스정100밀리그램(세프카펜피복실염산염수화물),8806429025707,J01DD17,전문
2024,200500422,일동제약(주),소아용후로목스세립(세프카펜피복실염산염수화물),8806429007901,J01DD17,전문
2024,200500420,일동제약(주),후로목스정75밀리그램(세프카펜피복실염산염수화물),8806429025806,J01DD17,전문
2024,202204614,한국화이자제약(주),자비쎄프타주2g/0.5g(세프타지딤/아비박탐),8806489037702,J01DD52,전문
2024,200701410,(주)비씨월드제약,세펨주사(세페핌염산염수화물),8806531009503,J01DE01,전문
2024,199701300,(주)보령,보령맥스핌주1그램(세페핌염산염수화물),8806419011901,J01DE01,전문
2024,199701299,(주)보령,보령맥스핌주0.5그램(세페핌염산염수화물),8806419011802,J01DE01,전문
2024,199701301,(주)보령,보령맥스핌주2그램(세페핌염산염수화물),8806419012007,J01DE01,전문
2024,200204282,(주)휴온스생명과학,메작탐주사1그램(아즈트레오남)[수출명:인바이오넷메작탐주사1g(아즈트레오남)],8800527003605,J01DF01,전문
2024,200307986,한국엠에스디(주),인반즈주1그램(에르타페넴나트륨),8806555002900,J01DH03,전문
2024,201701862,제이더블유중외제약(주),피니페넴주사0.25그램(도리페넴),8806449143405,J01DH04,전문
2024,201701737,한국엠에스디(주),저박사주,8806555019601,J01DI54,전문
2024,197000049,삼일제약(주),셉트린정,8806439006802,J01EE01,전문
2024,200606209,제이텍바이오젠,세바트림주,8806596001603,J01EE01,전문
2024,200201405,대원제약(주),록씨현탁액(록시트로마이신),8806718014405,J01FA06,전문
2024,199906953,한국애보트 유한회사,클래리시드엑스엘서방정500밀리그램(클래리트로마이신),8806442005502,J01FA09,전문
2024,199806478,일성신약(주),클래리시드정주500밀리그램(클래리트로마이신),8806554039402,J01FA09,전문
2024,200807127,일동제약(주),아지탑스주사500밀리그램(아지트로마이신수화물),8806429028302,J01FA10,전문
2024,200108815,한국화이자제약(주),지스로맥스주사500㎎(아지트로마이신수화물),8806489008900,J01FA10,전문
2024,199401120,삼진제약(주),훌그램600밀리그램주사(클린다마이신포스페이트),8806478027301,J01FF01,전문
2024,201310386,(주)대웅제약,나보타주(클로스트리디움보툴리눔독소A형),8806416056301,M03AX01,전문
2024,201500080,(주)대웅제약,나보타주50단위(클로스트리디움보툴리눔독소A형),8806416059302,M03AX01,전문
2024,202104584,(주)종근당,원더톡스주50단위(클로스트리디움보툴리눔독소A형),8806433087807,M03AX01,전문
2024,202105230,(주)종근당,원더톡스주200단위(클로스트리디움보툴리눔독소A형),8806433087906,M03AX01,전문
2024,201905671,(주)종근당,원더톡스주100단위(클로스트리디움보툴리눔독소A형),8806433084707,M03AX01,전문
2024,200902348,(주)메디톡스,메디톡신주200단위(클로스트리디움보툴리눔독소A형)[수출명:뉴로녹스주200단위(클로스트리디움보툴리눔독소A형)시악스주200단위(클로스트리디움보툴리눔독소A형)에복시아주200단위(클로스트리디움보툴리눔독소A형)아이록신주200단위(클로스트리디움보툴리눔독소A형)보타넥스주200단위(클로스트리디움보툴리눔독소A형)큐녹스주200단위(클로스트리디움보툴리눔독소A형)보툴리프트주200단위(클로스트리디움보툴리눔독소A형)],8806755000201,M03AX01,전문
2024,201310633,(주)메디톡스,이노톡스주(클로스트리디움보툴리눔독소A형)(수출명:INNOTOXInj.),8806755001000,M03AX01,전문
2024,201603891,(주)메디톡스,코어톡스주(클로스트리디움보툴리눔독소A형(150kDa))(수출명:CoretoxInj.),8806755000706,M03AX01,전문
2024,200600841,(주)메디톡스,메디톡신주(클로스트리디움보툴리눔독소A형)[수출명:뉴로녹스주(클로스트리디움보툴리눔독소A형)시악스주(클로스트리디움보툴리눔독소A형)에복시아주(클로스트리디움보툴리눔독소A형)아이록신주(클로스트리디움보툴리눔독소A형)보타넥스주(클로스트리디움보툴리눔독소A형)큐녹스주(클로스트리디움보툴리눔독소A형)보툴리프트주(클로스트리디움보툴리눔독소A형)],8806755000102,M03AX01,전문
2024,200901953,휴젤주식회사,보툴렉스주(클로스트리디움보툴리눔독소A형),8806941000107,M03AX01,전문
2024,201001176,휴젤주식회사,보툴렉스주200단위(클로스트리디움보툴리눔독소A형),8806941000206,M03AX01,전문
2024,201602416,휴젤주식회사,보툴렉스주150단위(클로스트리디움보툴리눔독소A형),8806941000404,M03AX01,전문
2024,201108443,휴젤주식회사,보툴렉스주50단위(클로스트리디움보툴리눔독소A형),8806941000305,M03AX01,전문
2024,201605990,(주)휴온스바이오파마,리즈톡스주100단위(클로스트리디움보툴리눔독소A형)(수출명:휴톡스주100단위),8800546000104,M03AX01,전문
2024,202105225,(주)휴온스바이오파마,리즈톡스주200단위(클로스트리디움보툴리눔독소A형)(수출명:휴톡스주200단위),8800546000500,M03AX01,전문
2024,202104572,(주)휴온스바이오파마,리즈톡스주50단위(클로스트리디움보툴리눔독소A형)(수출명:휴톡스주50단위),8800546000401,M03AX01,전문
2024,201001655,(주)메디톡스,메디톡신주50단위(클로스트리디움보툴리눔독소A형)[수출명:뉴로녹스주50단위(클로스트리디움보툴리눔독소A형)시악스주50단위(클로스트리디움보툴리눔독소A형)에복시아주50단위(클로스트리디움보툴리눔독소A형)아이록신주50단위(클로스트리디움보툴리눔독소A형)보타넥스주50단위(클로스트리디움보툴리눔독소A형)큐녹스주50단위(클로스트리디움보툴리눔독소A형)보툴리프트주50단위(클로스트리디움보툴리눔독소A형)],8806755000300,M03AX01,전문
2024,201309732,(주)메디톡스,메디톡신주150단위(클로스트리디움보툴리눔독소A형)[수출명:뉴로녹스주150단위시악스주150단위에복시아주150단위아이록신주150단위보타넥스주150단위큐녹스주150단위보툴리프트주150단위],8806755000409,M03AX01,전문
2024,201603000,(주)대웅제약,나보타주150단위(클로스트리디움보툴리눔독소A형),8806416063101,M03AX01,전문
2024,201310633,(주)메디톡스,이노톡스주(클로스트리디움보툴리눔독소A형)(수출명:INNOTOXInj.),8806755000607,M03AX01,전문
2024,202100911,휴젤주식회사,보툴렉스주300단위(클로스트리디움보툴리눔독소A형),8806941000503,M03AX01,전문
2024,202302604,(주)뉴메코,뉴럭스주(클로스트리디움보툴리눔독소A형),8800775000104,M03AX01,전문
2024,202102247,(주)휴메딕스,비비톡신주100단위(클로스트리디움보툴리눔독소A형),8806831013903,M03AX01,전문
2024,198501428,명문제약(주),명문메토카르바몰정(수출명:디베파닐정(Dibefaniltablet)),8806498009608,M03BA03,전문
2024,199101866,(주)비씨월드제약,비씨메토카르바몰정,8806531004805,M03BA03,전문
2024,201307503,한미약품(주),한미리렉스정200밀리그램(클로르족사존),8806435065803,M03BB03,일반
2024,201106366,(주)휴온스,솝튼정(티자니딘염산염),8806706059005,M03BX02,전문
2024,201001737,광동제약(주),티자리드정1밀리그람(티자니딘염산염),8806418048007,M03BX02,전문
2024,198600086,동광제약(주),프라미날주사(프리디놀메실산염),8806459032904,M03BX03,전문
2024,199702410,하나제약(주),푸락스주(프리디놀메실산염),8806578021605,M03BX03,전문
2024,197500299,일성신약(주),콘락스정2밀리그람(프리디놀메실산염),8806554020301,M03BX03,전문
2024,199502223,영풍제약(주),시클펜정(시클로벤자프린염산염),8806619007506,M03BX08,전문
2024,199903365,(주)유영제약,아노렉스캡슐25밀리그램(단트롤렌나트륨수화물),8806482009409,M03CA01,전문
2024,197900066,(주)유유제약,유유알로푸리놀정,8806445009101,M04AA01,전문
2024,197000050,삼일제약(주),자이로릭정(알로푸리놀),8806439013909,M04AA01,전문
2024,199502668,한림제약(주),유리논정(벤즈브로마론),8806453013701,M04AB03,전문
2024,201606824,이연제약(주),콜키닌정(콜키신),8806586034000,M04AC01,전문
2024,198801219,한국유나이티드제약(주),콜킨정(콜키신),8806443040809,M04AC01,전문
2024,199502670,한림제약(주),파노린주사(파미드론산나트륨),8806453019703,M05BA03,전문
2024,200809103,(주)비씨월드제약,파미론주사(파미드론산나트륨오수화물),8806531020300,M05BA03,전문
2024,202002272,동국제약(주),마시본에스액(알렌드론산나트륨수화물),8806534045102,M05BA04,전문
2024,201205259,(주)유유제약,악토넬EC정35밀리그램(리세드론산나트륨2.5수화물),8806445033304,M05BA07,전문
2024,201308067,알보젠코리아(주),본비바플러스정,8806526047909,M05BB,전문
2024,200000363,(주)유유제약,맥스마빌장용정,8806445003000,M05BB03,전문
2024,197900544,일동제약(주),아티반정1밀리그람(로라제팜),8806429011601,N05BA06,전문
2024,198200943,일동제약(주),아티반주사(로라제팜),8806429011809,N05BA06,전문
2024,197900543,일동제약(주),아티반정0.5밀리그람(로라제팜),8806429011502,N05BA06,전문
2024,198501803,환인제약(주),로라반정0.5밀리그램(로라제팜),8806572001801,N05BA06,전문
2024,198501816,명인제약(주),스리반정1밀리그램(로라제팜),8806519013201,N05BA06,전문
2024,198501817,명인제약(주),스리반정0.5밀리그램(로라제팜),8806519013102,N05BA06,전문
2024,198200943,일동제약(주),아티반주사(로라제팜),8806429011908,N05BA06,전문
2024,199604962,명인제약(주),명인브로마제팜정3밀리그램,8806519006401,N05BA08,전문
2024,198100711,(주)한독,센틸정5밀리그람(클로바잠),8806521005300,N05BA09,전문
2024,199403293,현대약품(주),빅손정1밀리그람(에틸로플라제페이트),8806420005104,N05BA18,전문
2024,198702205,현대약품(주),빅손정(에틸로플라제페이트),8806420005203,N05BA18,전문
2024,199002730,(주)종근당,데파스정1밀리그람(에티졸람),8806433003203,N05BA19,전문
2024,199002729,(주)종근당,데파스정0.5밀리그람(에티졸람),8806433003104,N05BA19,전문
2024,200610866,(주)종근당,데파스정0.25밀리그램(에티졸람),8806433003005,N05BA19,전문
2024,200605269,한국유씨비제약(주),유시락스시럽(히드록시진염산염),8806541000903,N05BB01,전문
2024,197800210,태극제약(주),아디팜정(히드록시진염산염),8806448011606,N05BB01,전문
2024,201607375,삼아제약(주),두드리진시럽(히드록시진염산염),8806457027704,N05BB01,전문
2024,202005261,한화제약(주),이치리진시럽(히드록시진염산염),8806516027607,N05BB01,전문
2024,201404203,광동제약(주),레돌민정,8806418057504,N05C,일반
2024,198802975,한림제약(주),엔토발주100밀리그램(펜토바르비탈나트륨),8806453012209,N05CA01,전문
2024,198902804,한림제약(주),포크랄시럽(포수클로랄),8806453021300,N05CC01,전문
2024,199907280,고려제약(주),달마돔정(플루라제팜염산염),8806428002501,N05CD01,전문
2024,198501814,명인제약(주),루나팜정(플루니트라제팜),8806519003301,N05CD03,전문
2024,198301310,환인제약(주),라제팜정(플루니트라제팜),8806572001306,N05CD03,전문
2024,198902794,환인제약(주),트리람정0.25밀리그램(트리아졸람),8806572008305,N05CD05,전문
2024,201605409,환인제약(주),트리람정0.125밀리그램(트리아졸람),8806572029201,N05CD05,전문
2024,198902802,명인제약(주),졸민정0.25밀리그램(트리아졸람),8806519017803,N05CD05,전문
2024,198902801,명인제약(주),졸민정0.125밀리그램(트리아졸람),8806519017704,N05CD05,전문
2024,202100162,하나제약(주),바이파보주50밀리그램(레미마졸람베실산염),8806578074502,N05CD14,전문
2024,202106240,하나제약(주),바이파보주20밀리그램(레미마졸람베실산염),8806578076407,N05CD14,전문
2024,200700636,(주)한독,스틸녹스CR정12.5밀리그램(졸피뎀타르타르산염),8806521006505,N05CF02,전문
2024,200700635,(주)한독,스틸녹스CR정6.25밀리그램(졸피뎀타르타르산염),8806521006604,N05CF02,전문
2024,202202678,부광약품(주),잘레딥캡슐5밀리그램(잘레플론),8806422046204,N05CF03,전문
2024,202202679,부광약품(주),잘레딥캡슐10밀리그램(잘레플론),8806422046303,N05CF03,전문
2024,201310842,에이치케이이노엔(주),사일레노정3밀리그램(독세핀염산염),8806400066606,N05CM,전문
2024,201310841,에이치케이이노엔(주),사일레노정6밀리그램(독세핀염산염),8806400067702,N05CM,전문
2024,198200325,환인제약(주),환인이미프라민염산염정25밀리그램,8806572010506,N06AA02,전문
2024,198500628,명인제약(주),명인이미프라민염산염정,8806519007507,N06AA02,전문
2024,198900993,환인제약(주),환인염산클로미프라민캡슐25밀리그램,8806572010605,N06AA04,전문
2024,198900902,명인제약(주),그로민캡슐25밀리그램(클로미프라민염산염),8806519000706,N06AA04,전문
2024,198900901,명인제약(주),그로민캡슐10밀리그램(클로미프라민염산염),8806519000607,N06AA04,전문
2024,197500186,동화약품(주),에트라빌10밀리그램정(아미트리프틸린염산염),8806427025105,N06AA09,전문
2024,201309959,환인제약(주),에나폰정5밀리그램(아미트리프틸린염산염),8806572026408,N06AA09,전문
2024,197000079,환인제약(주),에나폰정10밀리그램(아미트리프틸린염산염),8806572005007,N06AA09,전문
2024,198500626,명인제약(주),명인아미트리프틸린염산염정10밀리그램,8806519007200,N06AA09,전문
2024,197500188,동화약품(주),에트라빌25밀리그램정(아미트리프틸린염산염),8806427025204,N06AA09,전문
2024,197300150,일성신약(주),센시발정10밀리그램(염산노르트립틸린),8806554007708,N06AA10,전문
2024,197300151,일성신약(주),센시발정25밀리그램(염산노르트립틸린),8806554007807,N06AA10,전문
2024,200611019,명인제약(주),푸록틴확산정20밀리그램(플루옥세틴염산염),8806519023705,N06AB03,전문
2024,202301560,명인제약(주),뉴프람오디정20밀리그램(에스시탈로프람옥살산염),8806519053306,N06AB10,전문
2024,202301561,명인제약(주),뉴프람오디정10밀리그램(에스시탈로프람옥살산염),8806519053207,N06AB10,전문
2024,202301562,명인제약(주),뉴프람오디정5밀리그램(에스시탈로프람옥살산염),8806519053108,N06AB10,전문
2024,202301591,제일약품(주),제프람멜츠구강붕해정10밀리그램(에스시탈로프람옥살산염),8806454063200,N06AB10,전문
2024,202301592,제일약품(주),제프람멜츠구강붕해정5밀리그램(에스시탈로프람옥살산염),8806454063408,N06AB10,전문
2024,202301593,제일약품(주),제프람멜츠구강붕해정20밀리그램(에스시탈로프람옥살산염),8806454063309,N06AB10,전문
2024,201309790,동화약품(주),클자핀정25밀리그램(클로자핀),8806427062407,N05AH02,전문
2024,201804185,동화약품(주),클자핀정50밀리그램(클로자핀),8806427066108,N05AH02,전문
2024,201804474,동화약품(주),클자핀정200밀리그램(클로자핀),8806427066306,N05AH02,전문
2024,200307798,환인제약(주),클로자릴정25밀리그램(클로자핀),8806572034106,N05AH02,전문
2024,200307799,환인제약(주),클로자릴정100밀리그램(클로자핀),8806572034205,N05AH02,전문
2024,200510991,한국릴리(유),자이프렉사자이디스확산정10밀리그램(미세올란자핀),8806708001903,N05AH03,전문
2024,200510990,한국릴리(유),자이프렉사자이디스확산정5밀리그램(미세올란자핀),8806708001804,N05AH03,전문
2024,201101116,고려제약(주),자이피스오디정10밀리그램(올란자핀),8806428023902,N05AH03,전문
2024,201109301,고려제약(주),자이피스오디정5밀리그램(올란자핀),8806428024206,N05AH03,전문
2024,199801193,명인제약(주),설피딘정200밀리그램(설피리드),8806519012808,N05AL01,전문
2024,200700906,(주)한독,솔리안정200밀리그램(아미설프리드),8806521006000,N05AL05,전문
2024,200701022,(주)한독,솔리안정400밀리그램(아미설프리드),8806521006109,N05AL05,전문
2024,200701030,(주)한독,솔리안정100밀리그램(아미설프리드),8806521005904,N05AL05,전문
2024,198500718,환인제약(주),환인탄산리튬정,8806572011107,N05AN01,전문
2024,197300172,부광약품(주),리단정(탄산리튬),8806422003900,N05AN01,전문
2024,201507389,명인제약(주),명인탄산리튬정150밀리그램,8806519042607,N05AN01,전문
2024,198500638,명인제약(주),명인탄산리튬정,8806519008801,N05AN01,전문
2024,201504175,부광약품(주),로나센정8밀리그램(블로난세린),8806422039107,N05AX,전문
2024,200906540,부광약품(주),로나센정2밀리그램(블로난세린)/로나센정4밀리그램(블로난세린),8806422030005,N05AX,전문
2024,200906540,부광약품(주),로나센정2밀리그램(블로난세린)/로나센정4밀리그램(블로난세린),8806422030104,N05AX,전문
2024,201200277,한미약품(주),리스피돈오디정1밀리그램(리스페리돈),8806435061805,N05AX08,전문
2024,201701456,명인제약(주),리스펜오디정1밀리그램(리스페리돈),8806519045004,N05AX08,전문
2024,201701458,명인제약(주),리스펜오디정2밀리그램(리스페리돈),8806519045103,N05AX08,전문
2024,201200211,한미약품(주),리스피돈오디정2밀리그램(리스페리돈),8806435061706,N05AX08,전문
2024,200307837,(주)한국얀센,리스페달콘스타주사25밀리그람(리스페리돈),8806469003604,N05AX08,전문
2024,200307838,(주)한국얀센,리스페달콘스타주사37.5밀리그람(리스페리돈),8806469003703,N05AX08,전문
2024,199701065,영진약품(주),로도핀정100mg(죠테핀),8806424002604,N05AX11,전문
2024,199701063,영진약품(주),로도핀정25mg(죠테핀),8806424002406,N05AX11,전문
2024,199701064,영진약품(주),로도핀정50mg(죠테핀),8806424002505,N05AX11,전문
2024,201508423,한국오츠카제약(주),아빌리파이메인테나주사400밀리그램(아리피프라졸일수화물),8806499004206,N05AX12,전문
2024,201508422,한국오츠카제약(주),아빌리파이메인테나주사300밀리그램(아리피프라졸일수화물),8806499004107,N05AX12,전문
2024,201309520,한국오츠카제약(주),아빌리파이오디정10밀리그램(아리피프라졸),8806499003506,N05AX12,전문
2024,201309521,한국오츠카제약(주),아빌리파이오디정15밀리그램(아리피프라졸),8806499003605,N05AX12,전문
2024,202203639,(주)한국얀센,인베가하피에라주사(팔리페리돈팔미테이트),8806469026801,N05AX13,전문
2024,202203639,(주)한국얀센,인베가하피에라주사(팔리페리돈팔미테이트),8806469026702,N05AX13,전문
2024,201603750,(주)한국얀센,인베가트린자주사(팔리페리돈팔미테이트),8806469021707,N05AX13,전문
2024,201603750,(주)한국얀센,인베가트린자주사(팔리페리돈팔미테이트),8806469021509,N05AX13,전문
2024,201603750,(주)한국얀센,인베가트린자주사(팔리페리돈팔미테이트),8806469021608,N05AX13,전문
2024,201603750,(주)한국얀센,인베가트린자주사(팔리페리돈팔미테이트),8806469021400,N05AX13,전문
2024,201004689,(주)한국얀센,인베가서스티나주사78mg(팔리페리돈팔미테이트),8806469015706,N05AX13,전문
2024,201004688,(주)한국얀센,인베가서스티나주사39mg(팔리페리돈팔미테이트),8806469015607,N05AX13,전문
2024,201004692,(주)한국얀센,인베가서스티나주사234mg(팔리페리돈팔미테이트),8806469016000,N05AX13,전문
2024,201004691,(주)한국얀센,인베가서스티나주사156mg(팔리페리돈팔미테이트),8806469015904,N05AX13,전문
2024,201004690,(주)한국얀센,인베가서스티나주사117mg(팔리페리돈팔미테이트),8806469015805,N05AX13,전문
2024,202000409,(주)한국얀센,인베가서방정9밀리그램(팔리페리돈),8806469023206,N05AX13,전문
2024,202000411,(주)한국얀센,인베가서방정6밀리그램(팔리페리돈),8806469023107,N05AX13,전문
2024,202000410,(주)한국얀센,인베가서방정3밀리그램(팔리페리돈),8806469022902,N05AX13,전문
2024,201707658,명인제약(주),팔리스펜서방정9밀리그램(팔리페리돈),8806519046100,N05AX13,전문
2024,201707660,명인제약(주),팔리스펜서방정6밀리그램(팔리페리돈),8806519046001,N05AX13,전문
2024,201707659,명인제약(주),팔리스펜서방정3밀리그램(팔리페리돈),8806519045905,N05AX13,전문
2024,197900546,삼진제약(주),삼진디아제팜주,8806478007600,N05BA01,전문
2024,198100697,환인제약(주),리버티정10밀리그램(클로르디아제폭시드염산염),8806572002105,N05BA02,전문
2024,199203463,환인제약(주),리버티정5밀리그램(클로르디아제폭시드염산염),8806572002006,N05BA02,전문
2024,198501802,환인제약(주),로라반정1밀리그램(로라제팜),8806572001900,N05BA06,전문
2024,202003490,코오롱제약(주),스킬라렌스장용정30밀리그램(디메틸푸마르산염),8806703044707,L04AX07,전문
2024,202003489,코오롱제약(주),스킬라렌스장용정120밀리그램(디메틸푸마르산염),8806703044608,L04AX07,전문
2024,201600419,한국에자이(주),텍피데라캡슐240밀리그램(디메틸푸마르산염),8806211002305,L04AX07,전문
2024,201600420,한국에자이(주),텍피데라캡슐120밀리그램(디메틸푸마르산염),8806211002404,L04AX07,전문
2024,201104878,(주)한국피엠지제약,인도메타캡슐(인도메타신),8806971001907,M01AB01,전문
2024,199501947,신일제약(주),신일디클로페낙나트륨정,8806538009902,M01AB05,전문
2024,199501950,신일제약(주),신일디클로페낙나트륨정50밀리그람,8806538010007,M01AB05,전문
2024,198701676,지엘파마(주),디낙스정(디클로페낙나트륨),8806497001405,M01AB05,전문
2024,202106009,지엘파마(주),디낙스정50밀리그램(디클로페낙나트륨),8806497027108,M01AB05,전문
2024,198700366,건일제약(주),건일로딘정200밀리그램(미분화에토돌락),8806468001403,M01AB08,전문
2024,199900417,건일제약(주),로딘엑스엘정400밀리그램(미분화에토돌락),8806468005807,M01AB08,전문
2024,199400448,건일제약(주),건일로딘서방정600밀리그램(미분화에토돌락),8806468001205,M01AB08,전문
2024,199500043,동국제약(주),케토라신정(케토롤락트로메타민),8806534009104,M01AB15,전문
2024,198902261,지엘파마(주),지엘피록시캄캡슐20밀리그램,8806497008701,M01AC01,전문
2024,200003825,지엘파마(주),지엘피록시캄캡슐10밀리그램,8806497008602,M01AC01,전문
2024,201501350,대원제약(주),펠루비서방정(펠루비프로펜),8806718058607,M01AE,전문
2024,200704590,대원제약(주),펠루비정(펠루비프로펜),8806718033802,M01AE,전문
2024,201101493,신풍제약(주),록스펜씨알정(록소프로펜나트륨),8806485065105,M01AE,전문
2024,200001172,동성제약(주),디퓨탭서방정(이부프로펜),8806432002900,M01AE01,일반
2024,199700166,(주)종근당,낙센에프서방정1000밀리그램(나프록센),8806433001001,M01AE02,전문
2024,198801250,부광약품(주),부광케토프로펜주100밀리그램,8806422010007,M01AE03,전문
2024,199000923,삼천당제약(주),삼천당케토프로펜주100밀리그램(수출명:케페인주),8806512009300,M01AE03,전문
2024,200710817,한미약품(주),맥시부펜이알정300밀리그램(덱시부프로펜),8806435008107,M01AE14,일반
2024,200706794,한국메나리니(주),케랄주(덱스케토프로펜트로메타몰),8806749004505,M01AE17,전문
2024,200703429,일동제약(주),캐롤에프정(이부프로펜아르기닌),8806429020603,M01AE51,일반
2024,200201239,경남제약(주),아르펜정,8806476006605,M01AE51,일반
2024,198801103,삼진제약(주),오스테민캡슐(결정글루코사민황산염),8806478018309,M01AX05,일반
2024,199902612,신일제약(주),골사민캡슐(결정글루코사민황산염)(수출명:NEOCOMIN),8806538000305,M01AX05,일반
2024,198900263,제이더블유중외제약(주),메수리드정(니메술리드),8806449025404,M01AX17,전문
2024,199502848,한국코러스(주),코러스니메술리드정(수출명:PacisulideTabNimedTab.),8806472006708,M01AX17,전문
2024,199901507,삼진제약(주),콘로인캡슐(콘드로이틴설페이트나트륨),8806478021507,M01AX25,일반
2024,200000224,(주)종근당,이모튼캡슐(아보카도-소야불검화물의추출물),8806433022808,M01AX26,일반
2024,198300142,일동제약(주),알타민캡슐250밀리그램(디-페니실라민),8806429012509,M01CC01,전문
2024,198300146,일동제약(주),알타민캡슐150밀리그램(디-페니실라민),8806429012400,M01CC01,전문
2024,199100118,(주)종근당,종근당리마틸정(부시라민),8806433026400,M01CC02,전문
2024,199401576,에스케이케미칼(주),트라스트패취(피록시캄)(수출명:미포톱),8806447022207,M02AA07,일반
2024,202008405,에스케이케미칼(주),트라스트플라스타(피록시캄),8806447048306,M02AA07,일반
2024,200807831,신신제약(주),신신펠비낙로오션(펠비낙),8806438012903,M02AA08,일반
2024,198601419,초당약품공업(주),바이겔크림(인도메타신),8806707003700,M02AA23,일반
2024,200702486,태극제약(주),메타겔크림(인도메타신),8806448006602,M02AA23,일반
2024,202001082,동성제약(주),록소앤겔(록소프로펜나트륨수화물),8806432033508,M02AA31,일반
2024,200201191,(주)다림바이오텍,다이펜탈크림(천연캡사이신),8806646003809,M02AB01,전문
2024,200201189,(주)다림바이오텍,다이악센크림(천연캡사이신),8806646003700,M02AB01,전문
2024,200404685,주식회사 제뉴원사이언스,케이엠시프겔,8806717012303,M02AX,일반
2024,200710930,일성신약(주),석시콜린주50mg/mL(염화석사메토늄)(앰플),8806554006909,M03AB01,전문
2024,199100162,이연제약(주),베카론주10밀리그램(베쿠로늄브롬화물),8806586004508,M03AC03,전문
2024,198900195,이연제약(주),베카론주(베쿠로늄브롬화물),8806586004409,M03AC03,전문
2024,200103035,명문제약(주),아크리움주사(아트라쿠륨베실산염),8806498023802,M03AC04,전문
2024,201801515,멀츠아시아퍼시픽피티이엘티디,제오민주50단위(클로스트리디움보툴리눔독소A형(150kDa)),8806995000504,M03AX01,전문
2024,200904004,멀츠아시아퍼시픽피티이엘티디,제오민주(클로스트리디움보툴리눔독소A형(150kDa)),8806995000108,M03AX01,전문
2024,199907127,입센코리아(주),디스포트주(클로스트리디움보툴리눔A형독소-혈구응집소복합체),8806814000104,M03AX01,전문
2024,200804190,한국애브비(주),보톡스주(클로스트리디움보툴리눔독소A형),8806249004203,M03AX01,전문
2024,200901660,한국애브비(주),보톡스주50단위(클로스트리디움보툴리눔독소A형),8806249005507,M03AX01,전문
2024,201503760,(주)대웅제약,나보타주200단위(클로스트리디움보툴리눔독소A형),8806416061008,M03AX01,전문
2024,200908906,한국오츠카제약(주),부설펙스주(바이알)(부설판),8806499003407,L01AB01,전문
2024,202301532,파마사이언스코리아(주),부설칸주(부설판),8806276002609,L01AB01,전문
2024,202300697,(주)동인제약,티오스팔피주15밀리그램(티오테파)티오스팔피주100밀리그램(티오테파),8800599000403,L01AC01,전문
2024,202300697,(주)동인제약,티오스팔피주15밀리그램(티오테파)티오스팔피주100밀리그램(티오테파),8800599000304,L01AC01,전문
2024,202301719,(주)에이스파마,아테파주100밀리그램(티오테파),8800525000606,L01AC01,전문
2024,202301718,(주)에이스파마,아테파주15밀리그램(티오테파),8800525000507,L01AC01,전문
2024,202107712,주식회사에이치오팜,캄스팔피주100밀리그램(카무스틴),8800743000204,L01AD01,전문
2024,200511106,한국엠에스디(주),테모달캡슐20밀리그램(테모졸로미드),8806555010103,L01AX03,전문
2024,200511108,한국엠에스디(주),테모달캡슐250밀리그램(테모졸로미드),8806555009909,L01AX03,전문
2024,200511107,한국엠에스디(주),테모달캡슐100밀리그램(테모졸로미드),8806555009800,L01AX03,전문
2024,201503273,일동제약(주),테모람캡슐20밀리그램(테모졸로미드),8806429054509,L01AX03,전문
2024,201503271,일동제약(주),테모람캡슐250밀리그램(테모졸로미드),8806429054707,L01AX03,전문
2024,199601509,한국유나이티드제약(주),디티아이주(다카르바진)(수출명:DTIC-VHBforinjection100mg),8806443006607,L01AX04,전문
2024,199601511,한국유나이티드제약(주),디티아이주200밀리그람(다카르바진)(수출명:DTIC-VHBforinjectionDuticinforinjection),8806443006706,L01AX04,전문
2024,198801226,한국유나이티드제약(주),푸리네톤정(메르캅토푸린수화물)(수출명:CatoprineTabs.),8806443045200,L01BB02,전문
2024,199704348,지피테라퓨틱스코리아 주식회사,류스타틴주사액(클라드리빈),8800572001007,L01BB04,전문
2024,201402854,(주)삼오제약,삼오플루다라빈주(플루다라빈포스페이트),8806597009400,L01BB05,전문
2024,200801541,(주)사노피-아벤티스코리아,플루다라주(플루다라빈포스페이트),8806520013702,L01BB05,전문
2024,201102595,(주)사노피-아벤티스코리아,에볼트라주(클로파라빈),8806520012606,L01BB06,전문
2024,197600064,제이더블유중외제약(주),중외5-에프유주(플루오로우라실),8806449023004,L01BC02,전문
2024,197600064,제이더블유중외제약(주),중외5-에프유주(플루오로우라실),8806449023202,L01BC02,전문
2024,197600064,제이더블유중외제약(주),중외5-에프유주(플루오로우라실),8806449023103,L01BC02,전문
2024,199101483,한국유나이티드제약(주),유토랄주(플루오로우라실),8806443033405,L01BC02,전문
2024,199000991,(주)보령,에프실주(5-플루오로우라실),8806419059507,L01BC02,전문
2024,199101467,한국유나이티드제약(주),유토랄주250밀리그람(플루오로우라실),8806443033306,L01BC02,전문
2024,199101483,한국유나이티드제약(주),유토랄주(플루오로우라실),8806443087606,L01BC02,전문
2024,200008797,(주)보령,젤로다정500밀리그램(카페시타빈),8806419081102,L01BC06,전문
2024,200008796,(주)보령,젤로다정150밀리그램(카페시타빈),8806419081003,L01BC06,전문
2024,201309043,일동제약(주),젤로빅정500밀리그램(카페시타빈),8806429049000,L01BC06,전문
2024,201309978,일동제약(주),젤로빅정150밀리그램(카페시타빈),8806429049406,L01BC06,전문
2024,201507291,알보젠코리아(주),잘보빈정500밀리그램(카페시타빈),8806526059605,L01BC06,전문
2024,202201163,(유)한국비엠에스제약,오뉴렉정200밀리그램(아자시티딘),8806587007201,L01BC07,전문
2024,202201162,(유)한국비엠에스제약,오뉴렉정300밀리그램(아자시티딘),8806587007102,L01BC07,전문
2024,200603987,세엘진(유),비다자주100밀리그램(아자시티딘),8806918000307,L01BC07,전문
2024,200906541,(주)한국얀센,다코젠주(데시타빈),8806469013009,L01BC08,전문
2024,199700694,제일약품(주),유에프티캡슐,8806454008904,L01BC53,전문
2024,201907316,제일약품(주),론서프정20,8806454056202,L01BC59,전문
2024,201907317,제일약품(주),론서프정15,8806454056301,L01BC59,전문
2024,199301704,한국유나이티드제약(주),벨바스틴주(빈블라스틴황산염),8806443013209,L01CA01,전문
2024,200109317,한국화이자제약(주),화이자빈크리스틴황산염주1mg/mL,8806489029806,L01CA02,전문
2024,200109317,한국화이자제약(주),화이자빈크리스틴황산염주1mg/mL,8806489031106,L01CA02,전문
2024,198600091,이연제약(주),빈크란주(빈크리스틴황산염),8806586004805,L01CA02,전문
2024,199504132,부광약품(주),나벨빈주(비노렐빈타르타르산염),8806422000503,L01CA04,전문
2024,199504132,부광약품(주),나벨빈주(비노렐빈타르타르산염),8806422000701,L01CA04,전문
2024,199000999,(주)보령,이피에스주(에토포시드),8806419033408,L01CB01,전문
2024,199101473,한국유나이티드제약(주),에토폴주(에토포시드),8806443024007,L01CB01,전문
2024,199000999,(주)보령,이피에스주(에토포시드),8806419033507,L01CB01,전문
2024,201605495,대화제약(주),리포락셀액(파클리탁셀),8806456048007,L01CD01,전문
2024,201101859,(주)사노피-아벤티스코리아,제브타나주(카바지탁셀아세톤용매화물),8806520009002,L01CD04,전문
2024,200108697,삼일제약(주),하이캄틴주4밀리그램(토포테칸염산염),8806439041803,L01CE01,전문
2024,201109515,한국유나이티드제약(주),토포칸주(토포테칸염산염),8806443082601,L01CE01,전문
2024,200300087,(주)종근당,캄토벨주(벨로테칸(CKD-602)),8806433034702,L01CE04,전문
2024,201600713,(주)하스피케어,이스카도큐20밀리그램주사액[비스쿰알붐(아종:쿠에르쿠스)수용성추출물(1→5)로써100밀리그램],8800531000300,L01CX,전문
2024,200003983,초당약품공업(주),사데닌정(S-아데노실-L-메티오닌황산토실산염),8806707004905,N06AX,전문
2024,201708453,대한뉴팜(주),사메주(S-아데노실-L-메티오닌황산토실산염),8806699071909,N06AX,전문
2024,201905399,(주)녹십자웰빙,피엔티새미주(S-아데노실-L-메티오닌황산토실산염),8806811003603,N06AX,전문
2024,199400868,명인제약(주),명인트라조돈캡슐25밀리그램,8806519008900,N06AX05,전문
2024,201404400,명인제약(주),명인트라조돈염산염정50밀리그램,8806519040603,N06AX05,전문
2024,201405502,명인제약(주),명인트라조돈염산염정25mg,8806519041402,N06AX05,전문
2024,199200407,국제약품(주),트리티코서방정75밀리그람(트라조돈염산염),8806437023504,N06AX05,전문
2024,201405262,알보젠코리아(주),부로피온정(부프로피온염산염),8806526045608,N06AX12,전문
2024,200202994,유니메드제약(주),웰정(부프로피온염산염)(수출명:디쁘레오정),8806495020200,N06AX12,전문
2024,200001931,부광약품(주),익셀캡슐25밀리그램(밀나시프란염산염),8806422018409,N06AX17,전문
2024,200001932,부광약품(주),익셀캡슐50밀리그램(밀나시프란염산염),8806422018508,N06AX17,전문
2024,201007695,부광약품(주),익셀캡슐12.5밀리그램(밀나시프란염산염),8806422030401,N06AX17,전문
2024,201804018,환인제약(주),아고틴정25밀리그램(아고멜라틴),8806572033901,N06AX22,전문
2024,199900184,(주)유유제약,노이로민정(세인트존스워트80%메탄올건조엑스),8806445001204,N06AX25,일반
2024,201902614,동국제약(주),마인트롤정(세인트존스워트80%메탄올건조엑스),8806534043702,N06AX25,일반
2024,201403835,한국룬드벡(주),브린텔릭스정5밀리그램(보티옥세틴브롬화수소산염),8806680001304,N06AX26,전문
2024,201403837,한국룬드벡(주),브린텔릭스정20밀리그램(보티옥세틴브롬화수소산염),8806680001205,N06AX26,전문
2024,201403836,한국룬드벡(주),브린텔릭스정10밀리그램(보티옥세틴브롬화수소산염),8806680001106,N06AX26,전문
2024,202004585,(주)한국얀센,스프라바토나잘스프레이(에스케타민염산염),8806469023404,N06AX27,전문
2024,198902796,환인제약(주),페니드정5밀리그램(메틸페니데이트염산염),8806572008503,N06BA04,전문
2024,201600735,명인제약(주),페로스핀정5밀리그램(메틸페니데이트염산염),8806519043406,N06BA04,전문
2024,198902797,환인제약(주),페니드정10밀리그램(메틸페니데이트염산염),8806572008602,N06BA04,전문
2024,200705351,명인제약(주),페로스핀정10밀리그램(메틸페니데이트염산염),8806519023002,N06BA04,전문
2024,201501273,(주)한국얀센,콘서타OROS서방정54밀리그램(메틸페니데이트염산염),8806469020700,N06BA04,전문
2024,201111086,명인제약(주),메디키넷리타드캡슐5mg(메틸페니데이트염산염),8806519036309,N06BA04,전문
2024,201111088,명인제약(주),메디키넷리타드캡슐10mg(메틸페니데이트염산염),8806519036507,N06BA04,전문
2024,202005265,(주)한국얀센,콘서타OROS서방정18밀리그램(메틸페니데이트염산염),8806469023602,N06BA04,전문
2024,202005266,(주)한국얀센,콘서타OROS서방정27밀리그램(메틸페니데이트염산염),8806469023701,N06BA04,전문
2024,201501271,(주)한국얀센,콘서타OROS서방정36밀리그램(메틸페니데이트염산염),8806469020601,N06BA04,전문
2024,201111091,명인제약(주),메디키넷리타드캡슐20mg(메틸페니데이트염산염),8806519036705,N06BA04,전문
2024,201111093,명인제약(주),메디키넷리타드캡슐30mg(메틸페니데이트염산염),8806519036606,N06BA04,전문
2024,201111087,명인제약(주),메디키넷리타드캡슐40mg(메틸페니데이트염산염),8806519036408,N06BA04,전문
2024,200200234,제이더블유중외제약(주),프로비질정200밀리그램(모다피닐),8806449043309,N06BA07,전문
2024,201104024,한미약품(주),모다닐정200밀리그램(모다피닐),8806435059604,N06BA07,전문
2024,201702285,주식회사 한독테바,누비질정250밀리그램(아모다피닐),8806269008601,N06BA13,전문
2024,201702284,주식회사 한독테바,누비질정150밀리그램(아모다피닐),8806269008502,N06BA13,전문
2024,200200514,(주)제일제약,피라탐주200mg/mL(피라세탐),8806505010009,N06BX03,전문
2024,200401814,부광약품(주),소마지나정500밀리그램(시티콜린나트륨),8806422012100,N06BX06,전문
2024,200403221,명문제약(주),뉴카틴정(아세틸-L-카르니틴염산염),8806498001800,N06BX12,전문
2024,201906395,광동제약(주),락손필름코팅정150밀리그램(이데베논),8806418073207,N06BX13,전문
2024,202107340,(주)셀트리온,도네리온패취87.5밀리그램(도네페질),8806238001305,N06DA02,전문
2024,202107341,(주)셀트리온,도네리온패취175밀리그램(도네페질),8806238001404,N06DA02,전문
2024,202202974,신신제약(주),신신도네페질액5밀리그램10밀리그램(도네페질염산염수화물),8806438035407,N06DA02,전문
2024,202202974,신신제약(주),신신도네페질액5밀리그램10밀리그램(도네페질염산염수화물),8806438035506,N06DA02,전문
2024,202201524,현대약품(주),하이페질산5밀리그램(도네페질염산염수화물)하이페질산10밀리그램(도네페질염산염수화물),8806420048507,N06DA02,전문
2024,202201524,현대약품(주),하이페질산5밀리그램(도네페질염산염수화물)하이페질산10밀리그램(도네페질염산염수화물),8806420048606,N06DA02,전문
2024,202203032,대웅바이오(주),베아셉트액5밀리그램10밀리그램(도네페질염산염수화물),8806940038408,N06DA02,전문
2024,202203032,대웅바이오(주),베아셉트액5밀리그램10밀리그램(도네페질염산염수화물),8806940038507,N06DA02,전문
2024,202107338,아이큐어(주),도네시브패취175밀리그램(도네페질),8806744024409,N06DA02,전문
2024,202107339,아이큐어(주),도네시브패취87.5밀리그램(도네페질),8806744024508,N06DA02,전문
2024,202007460,명인제약(주),펠로오디정5밀리그램(메만틴염산염),8806519050008,N06DX01,전문
2024,202007459,명인제약(주),펠로오디정10밀리그램(메만틴염산염),8806519050107,N06DX01,전문
2024,201504770,한국에자이(주),파이콤파필름코팅정4밀리그램(페람파넬),8806211000707,N03AX22,전문
2024,201504769,한국에자이(주),파이콤파필름코팅정2밀리그램(페람파넬),8806211000608,N03AX22,전문
2024,202003991,한국에자이(주),파이콤파현탁액0.5mg/mL(페람파넬),8806211002503,N03AX22,전문
2024,199301084,태극제약(주),트리헥신정(트리헥시페니딜염산염),8806448026808,N04AA01,전문
2024,197100097,환인제약(주),환인벤즈트로핀정(벤즈트로핀메실산염),8806572010308,N04AC01,전문
2024,198700736,환인제약(주),환인벤즈트로핀정1밀리그램(벤즈트로핀메실산염),8806572010209,N04AC01,전문
2024,198600614,명인제약(주),명인벤즈트로핀메실산염정1밀리그램,8806519006005,N04AC01,전문
2024,198500629,명인제약(주),명인벤즈트로핀메실산염정2밀리그램,8806519006104,N04AC01,전문
2024,199604709,(주)한국로슈,마도파확산정125,8806450002104,N04BA02,전문
2024,199203393,(주)한국로슈,마도파에취비에스캡슐125,8806450001701,N04BA02,전문
2024,199201045,명인제약(주),퍼킨정25-100밀리그램(카르비도파레보도파),8806519022609,N04BA02,전문
2024,199201046,명인제약(주),퍼킨정25-250밀리그램(카르비도파레보도파),8806519022708,N04BA02,전문
2024,201907607,명인제약(주),퍼킨씨알정50-200밀리그램(카르비도파레보도파),8806519048708,N04BA02,전문
2024,202103852,명인제약(주),명도파정50/200밀리그램(벤세라지드레보도파),8806519050206,N04BA02,전문
2024,202104353,명인제약(주),명도파정25/100밀리그램(벤세라지드레보도파),8806519050305,N04BA02,전문
2024,202301581,명인제약(주),명도파정12.5/50밀리그램(벤세라지드레보도파),8806519053405,N04BA02,전문
2024,200510972,한화제약(주),피케이멜즈인퓨전주(아만타딘황산염),8806516007708,N04BB01,전문
2024,198701132,한화제약(주),피케이멜즈정(아만타딘황산염),8806516007807,N04BB01,전문
2024,200704626,고려제약(주),아만타정(아만타딘황산염),8806428009203,N04BB01,전문
2024,201804306,삼일제약(주),프라펙솔서방정0.75밀리그램(프라미펙솔염산염일수화물),8806439036304,N04BC05,전문
2024,201804307,삼일제약(주),프라펙솔서방정1.5밀리그램(프라미펙솔염산염일수화물),8806439036403,N04BC05,전문
2024,201804308,삼일제약(주),프라펙솔서방정0.375밀리그램(프라미펙솔염산염일수화물),8806439036205,N04BC05,전문
2024,199602706,초당약품공업(주),마오비정(셀레길린염산염),8806707002703,N04BD01,전문
2024,202004635,한국에자이(주),에퀴피나필름코팅정50밀리그램(사피나미드메실산염),8806211002602,N04BD03,전문
2024,199906916,알보젠코리아(주),콤탄정200밀리그램(엔타카폰),8806526069208,N04BX02,전문
2024,201206385,명인제약(주),명인엔타카폰정200밀리그램,8806519037207,N04BX02,전문
2024,201908093,에스케이케미칼(주),온젠티스캡슐50밀리그램(오피카폰),8806447047705,N04BX04,전문
2024,198500636,명인제약(주),명인클로르프로마진염산염정50mg,8806519007804,N05AA01,전문
2024,199000979,명인제약(주),명인클로르프로마진염산염정200mg,8806519007705,N05AA01,전문
2024,198500616,명인제약(주),명인클로르프로마진염산염정100mg,8806519007606,N05AA01,전문
2024,199203520,환인제약(주),네오마찐정100밀리그램(클로르프로마진염산염),8806572000200,N05AA01,전문
2024,200001456,명인제약(주),티세르신정100밀리그램(레보메프로마진말레산염),8806519021800,N05AA02,전문
2024,200001433,명인제약(주),티세르신정25밀리그램(레보메프로마진말레산염),8806519021909,N05AA02,전문
2024,200001454,명인제약(주),티세르신정50밀리그램(레보메프로마진말레산염),8806519022005,N05AA02,전문
2024,198500622,명인제약(주),명인페르페나진정4밀리그램,8806519009204,N05AB03,전문
2024,199304188,(주)한국얀센,할돌데카노아스주사(할로페리돌데카노에이트),8806469009101,N05AD01,전문
2024,198200323,환인제약(주),페리돌정5밀리그램(할로페리돌),8806572008909,N05AD01,전문
2024,198301325,환인제약(주),페리돌주(할로페리돌),8806572009203,N05AD01,전문
2024,198400475,환인제약(주),페리돌정10밀리그램(할로페리돌),8806572009005,N05AD01,전문
2024,198500715,환인제약(주),페리돌정3밀리그램(할로페리돌),8806572008800,N05AD01,전문
2024,198700673,명인제약(주),명인할로페리돌주사,8806519010200,N05AD01,전문
2024,198500632,명인제약(주),명인할로페리돌정5밀리그램,8806519010101,N05AD01,전문
2024,198902844,환인제약(주),페리돌정20밀리그램(할로페리돌),8806572009104,N05AD01,전문
2024,198100257,환인제약(주),페리돌정1.5밀리그램(할로페리돌),8806572008701,N05AD01,전문
2024,198500617,명인제약(주),명인할로페리돌정10밀리그램(수출명:로펠-엠정(할로페리돌)),8806519009808,N05AD01,전문
2024,198500625,명인제약(주),명인할로페리돌정3밀리그램,8806519010002,N05AD01,전문
2024,198900927,명인제약(주),명인할로페리돌정20밀리그램,8806519009907,N05AD01,전문
2024,198500618,명인제약(주),명인할로페리돌정1.5밀리그램,8806519009709,N05AD01,전문
2024,200511056,비아트리스코리아(주),젤독스캡슐80밀리그램(염산지프라시돈일수화물),8800734001104,N05AE04,전문
2024,200610661,비아트리스코리아(주),젤독스캡슐40밀리그램(염산지프라시돈일수화물),8800734001203,N05AE04,전문
2024,200708534,비아트리스코리아(주),젤독스캡슐20밀리그램(염산지프라시돈일수화물),8800734000909,N05AE04,전문
2024,200511055,비아트리스코리아(주),젤독스캡슐60밀리그램(염산지프라시돈일수화물),8800734001005,N05AE04,전문
2024,198500619,명인제약(주),명인피모짓정4밀리그램,8806519009402,N05AG02,전문
2024,201309789,동화약품(주),클자핀정100밀리그램(클로자핀),8806427062308,N05AH02,전문
2024,201306134,건일제약(주),비오플250캡슐(사카로마이세스보울라르디균),8806468025409,A07FA02,일반
2024,201006974,건일제약(주),비오플250산(사카로마이세스보울라르디균),8806468024709,A07FA02,일반
2024,202300382,엔비케이제약 주식회사,비오틱250산,8800548014703,A07FA02,일반
2024,200908472,리퓨어헬스케어 주식회사,뮤타플로현탁액(E.colistrainNissle1917),8806797002201,A07FA03,일반
2024,201508035,한솔신약(주),락토딘캡슐,8806458041105,A07FA51,일반
2024,202108073,한올바이오파마(주),바이오탑아이세립,8806556055301,A07FA51,일반
2024,202204511,한올바이오파마(주),바이오탑하이스트산,8806556056001,A07FA51,일반
2024,201109596,일양약품(주),더블락캡슐,8806417043201,A07FA51,일반
2024,202302766,(주)바이넥스,비스칸비산,8806431058106,A07FA51,일반
2024,202302804,(주)바이넥스,비스칸비캡슐,8806431058007,A07FA51,일반
2024,201405411,한국애보트 유한회사,하이드라섹산30mg(라세카도트릴),8806442063700,A07XA04,전문
2024,201405412,한국애보트 유한회사,하이드라섹산10mg(라세카도트릴),8806442063809,A07XA04,전문
2024,201900291,한국애보트 유한회사,하이드라섹캡슐100mg(라세카도트릴),8806442064806,A07XA04,전문
2024,202300287,영진약품(주),라세카캡슐100밀리그램(라세카도트릴),8806424051305,A07XA04,전문
2024,200711284,부광약품(주),판베시서방캡슐30밀리그램(펜터민염산염),8806422044309,A08AA01,전문
2024,201602430,광동제약(주),콘트라브서방정,8806418060603,A08AA62,전문
2024,201307930,(주)한국팜비오,노자임캡슐40000(판크레아틴장용성제피펠렛),8806599007404,A09AA02,일반
2024,200511325,(주)한국팜비오,노자임캡슐(판크레아틴장용성제피정),8806599000108,A09AA02,일반
2024,201205362,한국애보트 유한회사,크레온캡슐25000(판크레아스분말),8806442062901,A09AA02,일반
2024,200907915,(주)한국팜비오,노자임캡슐10000(판크레아틴장용성제피미세정),8806599003901,A09AA02,일반
2024,201205364,한국애보트 유한회사,크레온캡슐40000(판크레아스분말),8806442063007,A09AA02,일반
2024,201205361,한국애보트 유한회사,크레온캡슐10000(판크레아스분말),8806442062802,A09AA02,일반
2024,197600614,현대약품(주),갈타제산(베타-갈락토시다제(아스퍼길루스)),8806420000109,A09AA04,일반
2024,201902472,경남제약(주),비테인캡슐,8806476036107,A09AC01,일반
2024,200409971,한국릴리(유),휴물린알주100단위(휴먼인슐린유전자재조합),8806708004300,A10AB01,전문
2024,200606924,한국릴리(유),휴마로그퀵펜주100단위/밀리리터(인슐린라이스프로유전자재조합),8806708003808,A10AB04,전문
2024,199806403,한국릴리(유),휴마로그주100단위/밀리리터(인슐린라이스프로),8806708003501,A10AB04,전문
2024,201905666,한국릴리(유),휴마로그에이치디퀵펜주100단위/밀리리터(인슐린라이스프로유전자재조합),8806708012107,A10AB04,전문
2024,202009277,한국릴리(유),룸제브퀵펜주100단위/밀리리터(인슐린라이스프로유전자재조합),8806708012404,A10AB04,전문
2024,201802922,노보노디스크제약(주),피아스프플렉스터치주100단위/밀리리터(인슐린아스파트),8806544005806,A10AB05,전문
2024,201802919,노보노디스크제약(주),피아스프주100단위/밀리리터(인슐린아스파트),8806544005905,A10AB05,전문
2024,200210111,노보노디스크제약(주),노보래피드플렉스펜주100단위/밀리리터(인슐린아스파트),8806544000900,A10AB05,전문
2024,200210110,노보노디스크제약(주),노보래피드주100단위/밀리리터(인슐린아스파트),8806544000702,A10AB05,전문
2024,200511129,(주)사노피-아벤티스코리아,애피드라주솔로스타(인슐린글루리신유전자재조합),8806520005905,A10AB06,전문
2024,200511127,(주)사노피-아벤티스코리아,애피드라주바이알(인슐린글루리신유전자재조합),8806520003406,A10AB06,전문
2024,200907210,한국릴리(유),휴물린엔퀵펜주100단위/밀리리터(휴먼인슐린유전자재조합),8806708004508,A10AC01,전문
2024,200409972,한국릴리(유),휴물린엔주100단위(휴먼인슐린(유전자재조합)이소판),8806708004409,A10AC01,전문
2024,199504265,노보노디스크제약(주),인슈라타드HM주100단위/밀리리터(휴먼인슐린),8806544002805,A10AC01,전문
2024,200907209,한국릴리(유),휴물린70/30퀵펜주100단위/밀리리터(휴먼인슐린유전자재조합),8806708004607,A10AD01,전문
2024,199203300,한국릴리(유),휴물린70/30,8806708004102,A10AD01,전문
2024,199504334,노보노디스크제약(주),믹스타드30HM주100단위/밀리리터(휴먼인슐린),8806544002201,A10AD01,전문
2024,200807601,한국릴리(유),휴마로그믹스50퀵펜주100단위/밀리리터(인슐린라이스프로50%와인슐린라이스프로프로타민현탁액50%혼합액),8806708005208,A10AD04,전문
2024,200209624,한국릴리(유),휴마로그믹스25퀵펜주100단위/밀리리터(유전자재조합인슐린라이스프로25%와인슐린라이스프로프로타민현탁액75%혼합액),8806708003402,A10AD04,전문
2024,200307983,노보노디스크제약(주),노보믹스30플렉스펜주100단위/밀리리터(인슐린아스파트유전자재조합),8806544001600,A10AD05,전문
2024,200806023,노보노디스크제약(주),노보믹스50플렉스펜주100단위/밀리리터,8806544003307,A10AD05,전문
2024,201401271,노보노디스크제약(주),리조덱플렉스터치주100단위/밀리리터,8806544005400,A10AD06,전문
2024,201507921,한국릴리(유),베이사글라퀵펜100단위/밀리리터(인슐린글라진유전자재조합),8806708010806,A10AE04,전문
2024,201505654,(주)사노피-아벤티스코리아,투제오주솔로스타(인슐린글라진유전자재조합),8806520009507,A10AE04,전문
2024,200410194,(주)사노피-아벤티스코리아,란투스주솔로스타(인슐린글라진유전자재조합),8806520001204,A10AE04,전문
2024,200109054,(주)사노피-아벤티스코리아,란투스주바이알(인슐린글라진유전자재조합),8806520001105,A10AE04,전문
2024,201801065,(주)녹십자,글라지아프리필드펜(인슐린글라진유전자재조합),8806436055506,A10AE04,전문
2024,199403259,한국알콘(주),마이오스타트주사(카바콜),8806524001002,S01EB02,전문
2024,201403403,한림제약(주),아세타졸정(아세타졸아미드),8806453049403,S01EC01,전문
2024,199701927,(주)비씨월드제약,졸라딘주사(아세타졸아미드),8806531013708,S01EC01,전문
2024,199604930,한국산텐제약(주),트루솝점안액(도르졸라미드염산염),8806656001802,S01EC03,전문
2024,200109116,한국노바티스(주),아좁트점안액(브린졸라미드),8806536030304,S01EC04,전문
2024,201503767,한국노바티스(주),심브린자점안액,8806536031608,S01EC54,전문
2024,200108349,현대약품(주),현대하이파딜점안액(니프라딜롤),8806420013802,S01ED,전문
2024,200109135,한국산텐제약(주),티모프틱엑스이0.5%점안액(티몰롤말레산염),8806656001505,S01ED01,전문
2024,199504275,한국산텐제약(주),티모프틱0.5%점안액(티몰롤말레산염),8806656001703,S01ED01,전문
2024,200109864,한미약품(주),리스몬티지점안액0.5%(티몰롤말레산염),8806435007209,S01ED01,전문
2024,200109865,한미약품(주),리스몬티지점안액0.25%(티몰롤말레산염),8806435007100,S01ED01,전문
2024,200009030,한국노바티스(주),베톱틱-에스점안액(베탁솔롤염산염),8806536032209,S01ED02,전문
2024,199806660,한국노바티스(주),베톱틱점안액(베탁솔롤염산염),8806536032100,S01ED02,전문
2024,198802669,한림제약(주),칼테점안액2%(카르테올롤염산염),8806453017006,S01ED05,전문
2024,199801055,삼천당제약(주),카롤점안액(카르테올롤염산염),8806512015608,S01ED05,전문
2024,201504267,한국산텐제약(주),타프콤점안액타프콤점안액(1회용),8806656001307,S01ED51,전문
2024,201504267,한국산텐제약(주),타프콤점안액타프콤점안액(1회용),8806656003103,S01ED51,전문
2024,200906976,한국노바티스(주),엘라좁점안현탁액,8806536031905,S01ED51,전문
2024,200702090,한국노바티스(주),듀오트라브점안액,8806536030601,S01ED51,전문
2024,200209402,비아트리스코리아(주),잘라콤점안액,8800734000206,S01ED51,전문
2024,200805356,한국애브비(주),간포트점안액(1회용)간포트점안액,8806249004500,S01ED51,전문
2024,200805356,한국애브비(주),간포트점안액(1회용)간포트점안액,8806249004609,S01ED51,전문
2024,200502576,(주)태준제약,잘로스트플러스점안액,8806501009502,S01ED51,전문
2024,201404881,한림제약(주),브리딘플러스점안액(브리모니딘타르타르산염티몰롤말레산염)(1회용)브리딘플러스점안액(브리모니딘타르타르산염티몰롤말레산염),8806453051307,S01ED51,전문
2024,201404881,한림제약(주),브리딘플러스점안액(브리모니딘타르타르산염티몰롤말레산염)(1회용)브리딘플러스점안액(브리모니딘타르타르산염티몰롤말레산염),8806453050706,S01ED51,전문
2024,201007673,한국애브비(주),루미간점안액0.01%(비마토프로스트),8806249004807,S01EE03,전문
2024,200109117,한국노바티스(주),트라바탄점안액0.004%(트라보프로스트),8806536030700,S01EE04,전문
2024,201604286,한국노바티스(주),이즈바점안액0.003%(트라보프로스트),8806536031202,S01EE04,전문
2024,200904508,한국산텐제약(주),타플로탄점안액0.0015%(타플루프로스트),8806656000904,S01EE05,전문
2024,201201554,한국산텐제약(주),타플로탄-에스점안액0.0015%(타플루프로스트)(1회용),8806656001109,S01EE05,전문
2024,202101149,(주)바슈헬스코리아,비줄타점안액0.024%(라타노프로스틴부노드),8806644003009,S01EE06,전문
2024,201908209,한국산텐제약(주),에이베리스점안액0.002%(오미데네팍이소프로필),8806656003004,S01EX06,전문
2024,199403253,한국알콘(주),알콘아트로핀황산염1%점안제(아트로핀황산염수화물),8806524007509,S01FA01,전문
2024,202007499,(주)라이트팜텍,마이오가드점안액0.125%(아트로핀황산염)(1회용),8806903032009,S01FA01,전문
2024,199403261,한국알콘(주),싸이크로질1%점안액(시클로펜톨레이트염산염),8806524003600,S01FA04,전문
2024,199000608,삼일제약(주),오큐호마핀점안액(호마트로핀브롬화수소산염),8806439012506,S01FA05,전문
2024,201403552,한림제약(주),한림호마핀점안액(호마트로핀브롬화수소산염),8806453049502,S01FA05,전문
2024,199704515,한국알콘(주),미드리아실1%점안액(트로픽아미드),8806524001606,S01FA06,전문
2024,201701484,한국산텐제약(주),산텐미드린피점안액,8806656002403,S01FA56,전문
2024,201007519,한미약품(주),트로페린점안액(트로픽아미드페닐레프린)(1회용),8806435057402,S01FA56,전문
2024,202100451,(주)바슈헬스코리아,루미파이점안액0.025%(브리모니딘타르타르산염),8806644002903,S01GA07,일반
2024,201701102,한국산텐제약(주),산텐알레기살점안액(페미로라스트칼륨),8806656002205,S01GX,전문
2024,200410730,한미약품(주),알러쿨점안액0.1%(아시타자노라스트),8806435017802,S01GX,전문
2024,199604593,삼일제약(주),나박점안액(엔-아세틸아스파틸글루타민산나트륨),8806439000503,S01GX,일반
2024,201905273,삼일제약(주),투리온점안액(베포타스틴베실산염),8806439037004,S01GX,전문
2024,199700384,제이더블유중외제약(주),크릭스점안액(트라닐라스트),8806449039807,S01GX,전문
2024,198802663,한림제약(주),클레신점안액(크로모글리크산나트륨),8806453017907,S01GX01,일반
2024,202004690,한국산텐제약(주),알레지온점안액0.05%(에피나스틴염산염),8806656003202,S01GX10,전문
2024,200610626,한국애브비(주),릴레스타트점안액0.05%(에피나스틴염산염),8806249004104,S01GX10,전문
2024,201205983,한국애브비(주),라스타카프트점안액0.25%(알카프타딘),8806249005200,S01GX11,전문
2024,199806661,한국알콘(주),알카인0.5%점안액(푸로파라카인염산염),8806524004409,S01HA04,전문
2024,201007729,한미약품(주),파라카인점안액0.5%(프로파라카인염산염)(1회용),8806435058300,S01HA04,전문
2024,201103637,한국쿄와기린(주),로미플레이트주250마이크로그램(로미플로스팀),8806663002700,B02BX04,전문
2024,201002061,한국노바티스(주),레볼레이드정50밀리그램(엘트롬보팍올라민),8806536028301,B02BX05,전문
2024,201002060,한국노바티스(주),레볼레이드정25밀리그램(엘트롬보팍올라민),8806536027700,B02BX05,전문
2024,201900224,제이더블유중외제약(주),헴리브라피하주사(에미시주맙유전자재조합),8806449146604,B02BX06,전문
2024,201900224,제이더블유중외제약(주),헴리브라피하주사(에미시주맙유전자재조합),8806449146505,B02BX06,전문
2024,201900224,제이더블유중외제약(주),헴리브라피하주사(에미시주맙유전자재조합),8806449146703,B02BX06,전문
2024,201900224,제이더블유중외제약(주),헴리브라피하주사(에미시주맙유전자재조합),8806449146802,B02BX06,전문
2024,201900224,제이더블유중외제약(주),헴리브라피하주사(에미시주맙유전자재조합),8806449146406,B02BX06,전문
2024,200101738,부광약품(주),훼로바-유서방정(건조황산제일철),8806422024509,B03AA07,일반
2024,202204254,(주)한국팜비오,노페로캡슐(건조황산제일철),8806599018103,B03AA07,일반
2024,200000569,일동제약(주),훼리탑캡슐(글루콘산제이철나트륨착염),8806429026506,B03AB,일반
2024,200001638,(주)동구바이오제약,헤모니아캡슐(폴리사카리드철착염),8806573038202,B03AB,일반
2024,199502133,조아제약(주),훼마틴에이시럽(철단백추출물),8806446015606,B03AB,일반
2024,200200471,(주)유한양행,모아훼린캡슐(폴리사카리드철착염),8806421005509,B03AB,일반
2024,200001622,(주)동구바이오제약,헤모니아에프시럽(폴리사카리드철착염),8806573038103,B03AB,일반
2024,200000218,(주)종근당,볼그레액(철아세틸트랜스페린),8806433010003,B03AB08,일반
2024,200100102,(주)종근당,볼그레캡슐(철-아세틸트랜스페린),8806433010102,B03AB08,일반
2024,201402331,(주)한국팜비오,모노퍼주(철이소말토시드착염),8806599008203,B03AC,전문
2024,201004013,제이더블유중외제약(주),페린젝트주(카르복시말토오스수산화제이철착염),8806449144105,B03AC,전문
2024,201004013,제이더블유중외제약(주),페린젝트주(카르복시말토오스수산화제이철착염),8806449131402,B03AC,전문
2024,201004013,제이더블유중외제약(주),페린젝트주(카르복시말토오스수산화제이철착염),8806449131303,B03AC,전문
2024,201402331,(주)한국팜비오,모노퍼주(철이소말토시드착염),8806599008302,B03AC,전문
2024,202200193,제일약품(주),트리페릭주(시트르산피로인산철황산나트륨공침물수화물),8806454060209,B03AC,전문
2024,200002466,고려제약(주),산타몬플러스액,8806428008404,B03AD,일반
2024,201805238,제이더블유중외제약(주),훼럼포유연질캡슐,8806449146307,B03AD04,일반
2024,200300961,일양약품(주),헤모콤플러스연질캡슐(수출명:COMHEMO),8806417026709,B03AD04,일반
2024,201803073,대한약품공업(주),헤모닉스주(시아노코발라민),8806451045902,B03BA01,전문
2024,201708473,(주)대웅제약,리코발라민주(메코발라민),8806416065501,B03BA05,전문
2024,201800823,대한약품공업(주),에스폴산주(폴산),8806451044905,B03BB01,전문
2024,202201561,(주)녹십자웰빙,지씨웰빙비타나인주(폴산),8806811004709,B03BB01,전문
2024,200907577,한국쿄와기린(주),네스프프리필드시린지주60(다베포에틴알파),8806663003608,B03XA02,전문
2024,201404128,한국쿄와기린(주),네스프프리필드시린지주40(다베포에틴알파),8806663003301,B03XA02,전문
2024,200907576,한국쿄와기린(주),네스프프리필드시린지주30(다베포에틴알파),8806663003509,B03XA02,전문
2024,200907575,한국쿄와기린(주),네스프프리필드시린지주20(다베포에틴알파),8806663003400,B03XA02,전문
2024,201404129,한국쿄와기린(주),네스프프리필드시린지주120(다베포에틴알파),8806663003202,B03XA02,전문
2024,201804829,(주)종근당,네스벨프리필드시린지주20(다베포에틴알파유전자재조합),8806433082307,B03XA02,전문
2024,201804832,(주)종근당,네스벨프리필드시린지주60(다베포에틴알파유전자재조합),8806433082604,B03XA02,전문
2024,201804833,(주)종근당,네스벨프리필드시린지주120(다베포에틴알파유전자재조합),8806433082703,B03XA02,전문
2024,201804830,(주)종근당,네스벨프리필드시린지주30(다베포에틴알파유전자재조합),8806433082406,B03XA02,전문
2024,201804831,(주)종근당,네스벨프리필드시린지주40(다베포에틴알파유전자재조합),8806433082505,B03XA02,전문
2024,200809098,(주)한국로슈,미쎄라프리필드주75μg/0.3mL(메톡시폴리에칠렌글리콜-에포에틴베타),8806450007901,B03XA03,전문
2024,200809097,(주)한국로슈,미쎄라프리필드주50μg/0.3mL(메톡시폴리에칠렌글리콜-에포에틴베타),8806450007802,B03XA03,전문
2024,200811230,(주)한국로슈,미쎄라프리필드주360μg/0.6mL(메톡시폴리에칠렌글리콜-에포에틴베타),8806450008403,B03XA03,전문
2024,200811226,(주)한국로슈,미쎄라프리필드주250μg/0.3mL(메톡시폴리에칠렌글리콜-에포에틴베타),8806450008304,B03XA03,전문
2024,200809101,(주)한국로슈,미쎄라프리필드주200μg/0.3mL(메톡시폴리에칠렌글리콜-에포에틴베타),8806450007703,B03XA03,전문
2024,200809100,(주)한국로슈,미쎄라프리필드주150μg/0.3mL(메톡시폴리에칠렌글리콜-에포에틴베타),8806450007604,B03XA03,전문
2024,200811229,(주)한국로슈,미쎄라프리필드주120μg/0.3mL(메톡시폴리에칠렌글리콜-에포에틴베타),8806450008205,B03XA03,전문
2024,200809099,(주)한국로슈,미쎄라프리필드주100μg/0.3mL(메톡시폴리에칠렌글리콜-에포에틴베타),8806450007505,B03XA03,전문
2024,202201862,(유)한국비엠에스제약,레블로질주75mg(루스파터셉트),8806587007508,B03XA06,전문
2024,202201863,(유)한국비엠에스제약,레블로질주25mg(루스파터셉트),8806587007409,B03XA06,전문
2024,200307822,(주)한국로슈,맙테라주(리툭시맙)(단클론항체유전자재조합),8806450002302,L01FA01,전문
2024,201404967,(주)한국로슈,맙테라피하주사(리툭시맙)(유전자재조합),8806450013803,L01FA01,전문
2024,201504895,(주)셀트리온,트룩시마주(리툭시맙)(단클론항체유전자재조합),8806238000605,L01FA01,전문
2024,201504895,(주)셀트리온,트룩시마주(리툭시맙)(단클론항체유전자재조합),8806238000506,L01FA01,전문
2024,201404311,(주)한국로슈,가싸이바주(오비누투주맙유전자재조합),8806450013704,L01FA03,전문
2024,201900025,한국화이자제약(주),베스폰사주(이노투주맙오조가마이신),8806489034206,L01FB01,전문
2024,201707719,(주)한국얀센,다잘렉스주(다라투무맙),8806469022100,L01FC01,전문
2024,201707719,(주)한국얀센,다잘렉스주(다라투무맙),8806469022209,L01FC01,전문
2024,201402190,(주)한국로슈,허셉틴피하주사600밀리그램(트라스투주맙),8806450013605,L01FD01,전문
2024,200511046,(주)한국로슈,허셉틴주150밀리그램(트라스투주맙)(단클론항체유전자재조합),8806450006102,L01FD01,전문
2024,202007039,삼성바이오에피스,삼페넷주440밀리그램(트라스투주맙),8800515000708,L01FD01,전문
2024,201707851,삼성바이오에피스,삼페넷주150밀리그램(트라스투주맙),8800515000302,L01FD01,전문
2024,201400158,(주)셀트리온,허쥬마주150mg(트라스투주맙)(단클론항체유전자재조합),8806238000308,L01FD01,전문
2024,201400159,(주)셀트리온,허쥬마주440mg(트라스투주맙)(단클론항체유전자재조합),8806238000407,L01FD01,전문
2024,201307522,(주)한국로슈,퍼제타주(퍼투주맙),8806450013209,L01FD02,전문
2024,201400327,(주)한국로슈,캐싸일라주160밀리그램(트라스투주맙엠탄신),8806450013407,L01FD03,전문
2024,201400326,(주)한국로슈,캐싸일라주100밀리그램(트라스투주맙엠탄신),8806450013308,L01FD03,전문
2024,202203608,한국다이이찌산쿄주식회사,엔허투주100mg(트라스투주맙데룩스테칸),8806809003004,L01FD04,전문
2024,200901952,머크(주),얼비툭스주5mg/mL(세툭시맙),8806617005504,L01FE01,전문
2024,201902211,한국오노약품공업주식회사,옵디보주240mg(니볼루맙유전자재조합),8800504000306,L01FF01,전문
2024,201501486,한국오노약품공업주식회사,옵디보주20mg(니볼루맙유전자재조합),8800504000207,L01FF01,전문
2024,201501485,한국오노약품공업주식회사,옵디보주100mg(니볼루맙유전자재조합),8800504000108,L01FF01,전문
2024,201501487,한국엠에스디(주),키트루다주(펨브롤리주맙유전자재조합),8806555019007,L01FF02,전문
2024,201804918,한국아스트라제네카(주),임핀지주(더발루맙),8806507010809,L01FF03,전문
2024,201804918,한국아스트라제네카(주),임핀지주(더발루맙),8806507010700,L01FF03,전문
2024,201901720,머크(주),바벤시오주(아벨루맙),8806617006907,L01FF04,전문
2024,201700266,(주)한국로슈,티쎈트릭주(아테졸리주맙),8806450014404,L01FF05,전문
2024,201700266,(주)한국로슈,티쎈트릭주(아테졸리주맙),8806450014701,L01FF05,전문
2024,202204498,(주)글락소스미스클라인,젬퍼리주(도스탈리맙),8806500032709,L01FF07,전문
2024,201502274,한국릴리(유),사이람자주10밀리그램/밀리리터(라무시루맙유전자재조합),8806708010202,L01FG02,전문
2024,201502274,한국릴리(유),사이람자주10밀리그램/밀리리터(라무시루맙유전자재조합),8806708010103,L01FG02,전문
2024,202107547,한국화이자제약(주),마일로탁주4.5밀리그램(겜투주맙오조가마이신),8806489036606,L01FX02,전문
2024,201405770,(유)한국비엠에스제약,여보이주50밀리그램/10밀리리터(이필리무맙유전자재조합),8806587006402,L01FX04,전문
2024,201307373,한국다케다제약(주),애드세트리스주(브렌툭시맙베도틴),8806963001908,L01FX05,전문
2024,201507536,암젠코리아 유한회사,블린사이토주35마이크로그램(블리나투모맙유전자재조합),8800523000301,L01FX07,전문
2024,202203641,한국쿄와기린(주),포텔리지오주20밀리그램(모가물리주맙),8806663004100,L01FX09,전문
2024,202301795,(주)한독,민쥬비주(타파시타맙),8806521058900,L01FX12,전문
2024,202300823,한국아스텔라스제약(주),파드셉주30밀리그램(엔포투맙베도틴),8806772003100,L01FX13,전문
2024,202300822,한국아스텔라스제약(주),파드셉주20밀리그램(엔포투맙베도틴),8806772003001,L01FX13,전문
2024,202007363,(주)한국로슈,폴라이비주(폴라투주맙베도틴),8806450015005,L01FX14,전문
2024,202301485,길리어드사이언스코리아 유한회사,트로델비주(사시투주맙고비테칸),8806259001803,L01FX17,전문
2024,202200715,(주)한국얀센,리브리반트주(아미반타맙),8806469026306,L01FX18,전문
2024,202302255,(주)한국얀센,텍베일리주30mg(테클리스타맙),8806469027501,L01FX24,전문
2024,202302254,(주)한국얀센,텍베일리주153mg(테클리스타맙),8806469027600,L01FX24,전문
2024,198400078,동아에스티(주),씨스푸란주10밀리그램(시스플라틴),8806425023509,L01XA01,전문
2024,198400082,동아에스티(주),씨스푸란주50밀리그램(시스플라틴),8806425023707,L01XA01,전문
2024,199201559,한국유나이티드제약(주),유니스틴주사액1mg/mL(시스플라틴)(수출명:NewplatinInj.1mg/mLCytosplatInj.1mg/mLNextinInj.1mg/mLKupunistinInj.1mg/mLKUCisplatinInj.50mg/50mL),8806443028708,L01XA01,전문
2024,199201558,한국유나이티드제약(주),유니스틴주사액0.5mg/ml(시스플라틴)(수출명:NewplatinInj.0.5mg/mlCytosplatInj.0.5mg/mlNextinInj.0.5mg/mlKUCisplatinInj.0.5mg/ml,8806443028609,L01XA01,전문
2024,199201559,한국유나이티드제약(주),유니스틴주사액1mg/mL(시스플라틴)(수출명:NewplatinInj.1mg/mLCytosplatInj.1mg/mLNextinInj.1mg/mLKupunistinInj.1mg/mLKUCisplatinInj.50mg/50mL),8806443070707,L01XA01,전문
2024,200210228,한국화이자제약(주),화이자카보플라틴주10mg/ml,8806489032301,L01XA02,전문
2024,199101108,(주)보령,네오플라틴주(카르보플라틴),8806419001407,L01XA02,전문
2023,201506890,한국노바티스(주),매큐셀정0.5밀리그램(트라메티닙디메틸설폭시드),8806540000000,L01EE01,전문
2023,201506891,한국노바티스(주),매큐셀정2밀리그램(트라메티닙디메틸설폭시드),8806540000000,L01EE01,전문
2023,201507014,동아에스티(주),슈가논정5밀리그램(에보글립틴타르타르산염),8806430000000,A10BH07,전문
2023,201507055,제이텍 바이오팜,아시트리주(삼산화비소),8800530000000,L01XX27,전문
2023,201507057,한국에자이(주),렌비마캡슐10밀리그램(렌바티닙메실산염),8806210000000,L01EX08,전문
2023,201507059,한국에자이(주),렌비마캡슐4밀리그램(렌바티닙메실산염),8806210000000,L01EX08,전문
2023,201507122,길리어드사이언스코리아 유한회사,하보니정,8806260000000,J05AP51,전문
2023,201507258,(주)녹십자웰빙,지씨글루콘산칼슘주(글루콘산칼슘수화물),8806810000000,A12AA03,전문
2023,201507291,알보젠코리아(주),잘보빈정500밀리그램(카페시타빈),8806530000000,L01BC06,전문
2023,201507382,알보젠코리아(주),디테린정100밀리그램(사프롭테린이염산염),8806530000000,A16AX07,전문
2023,201507389,명인제약(주),명인탄산리튬정150밀리그램,8806520000000,N05AN01,전문
2023,201507536,암젠코리아 유한회사,블린사이토주35마이크로그램(블리나투모맙유전자재조합),8800520000000,L01FX07,전문
2023,201507643,(주)대웅제약,오메크린크림(퍼메트린),8806420000000,P03AC04,전문
2023,201507691,(주)사노피-아벤티스코리아,세레델가캡슐84밀리그램(엘리글루스타트타르타르산염),8806520000000,A16AX10,전문
2023,201507692,(유)한국비엠에스제약,에보타즈정,8806590000000,J05AR15,전문
2023,201507727,주식회사 에스피씨코리아,스테리탤크파우더(탤크),8800570000000,R07AX,전문
2023,201507727,주식회사 에스피씨코리아,스테리탤크파우더(탤크),8800570000000,R07AX,전문
2023,201507744,진양제약(주),카미스타드-엔겔,8806500000000,A01AD,일반
2023,201507921,한국릴리(유),베이사글라퀵펜100단위/밀리리터(인슐린글라진유전자재조합),8806710000000,A10AE04,전문
2023,201507932,(주)녹십자,지씨플루쿼드리밸런트프리필드시린지주(인플루엔자분할백신),8806440000000,J07BB02,전문
2023,201507982,(주)휴온스메디텍,시트로린액(시트르산수화물),8806700000000,B05CX,전문
2023,201508035,한솔신약(주),락토딘캡슐,8806460000000,A07FA51,일반
2023,201508041,주식회사 레코르다티코리아,실반트주100밀리그램(실툭시맙유전자재조합),8800780000000,L04AC11,전문
2023,201508042,주식회사 레코르다티코리아,실반트주400밀리그램(실툭시맙유전자재조합),8800780000000,L04AC11,전문
2023,201508183,지디파마주식회사 한국지점,트랜스라나과립125밀리그램(아탈루렌),8800750000000,M09AX03,전문
2023,201508184,지디파마주식회사 한국지점,트랜스라나과립250밀리그램(아탈루렌),8800750000000,M09AX03,전문
2023,201508185,지디파마주식회사 한국지점,트랜스라나과립1000밀리그램(아탈루렌),8800750000000,M09AX03,전문
2023,201508187,(주)한국얀센,프레즈코빅스정,8806470000000,J05AR14,전문
2023,201508230,현대약품(주),플루오미진질정(데쿠알리늄염화물),8806420000000,G01AC05,전문
2023,201508272,한미약품(주),까스앤프리츄정(시메티콘),8806440000000,A03AX13,일반
2023,201508309,바이엘코리아(주),네비도주사바이알(테스토스테론운데카노에이트),8806410000000,G03BA03,전문
2023,201508336,미쓰비시다나베파마코리아 주식회사,라디컷주30mg(에다라본),8806530000000,N07XX14,전문
2023,201508422,한국오츠카제약(주),아빌리파이메인테나주사300밀리그램(아리피프라졸일수화물),8806500000000,N05AX12,전문
2023,201508423,한국오츠카제약(주),아빌리파이메인테나주사400밀리그램(아리피프라졸일수화물),8806500000000,N05AX12,전문
2023,201600173,부광약품(주),파자임에어프리츄어블정(시메티콘산),8806420000000,A03AX13,일반
2023,201600339,주식회사 제뉴원사이언스,타폭센정60밀리그램(다폭세틴염산염),8806720000000,G04BX14,전문
2023,201600340,주식회사 제뉴원사이언스,타폭센정30밀리그램(다폭세틴염산염),8806720000000,G04BX14,전문
2023,201600356,(주)한국팜비오,메디아벤엘정(나프타존),8806600000000,C05CX02,전문
2023,201600419,한국에자이(주),텍피데라캡슐240밀리그램(디메틸푸마르산염),8806210000000,L04AX07,전문
