ingredient,product_name,indication,report_type,report_date,era
시타라빈,화이자시타라빈주,용액주사제,공급부족,2026-08-12,2023-01-01~
시타라빈,화이자시타라빈주,용액주사제,공급부족,2026-08-12,2023-01-01~
시타라빈,화이자시타라빈주100mg/5ml,용액주사제,공급부족,2026-08-12,2023-01-01~
"클로르탈리돈,아테놀롤",현대테노레틱정,필름코팅정,공급부족,2026-08-12,2023-01-01~
토브라마이신,토라신안연고(토브라마이신),안연고제,공급중단,2026-08-03,2023-01-01~
"엠트리시타빈,이산화규소흡착코비시스타트,엘비테그라비르(미분화),테노포비르알라페나미드헤미푸마르산염",젠보야정,필름코팅정,공급중단,2026-07-29,2023-01-01~
"슈도에페드린염산염,트리프롤리딘염산염",코스펜에이시럽,액상시럽제,공급중단,2026-07-28,2023-01-01~
"디멘히드리네이트,피리독신염산염,카페인무수물",스피롱액,경구용액제,공급중단,2026-07-20,2023-01-01~
"트로픽아미드,페닐레프린염산염","트로페린점안액(트로픽아미드,페닐레프린)(1회용)",점안용액제,공급부족,2026-07-14,2023-01-01~
포비돈요오드,베타딘드라이파우더스프레이,일반분말분무제,공급부족,2026-07-13,2023-01-01~
엘로티닙염산염,엘로쎄타정150밀리그램(엘로티닙염산염),필름코팅정,공급중단,2026-07-10,2023-01-01~
프레드니솔론아세테이트,프레드니론점안액(프레드니솔론아세테이트),현탁액점안제,공급중단,2026-07-10,2023-01-01~
사람혈청알부민,녹십자-알부민주5%(사람혈청알부민),용액주사제,공급부족,2026-07-10,2023-01-01~
프레드니솔론아세테이트,프레드니론점안액(프레드니솔론아세테이트),현탁액점안제,공급중단,2026-07-10,2023-01-01~
보에마이트,노루모현탁액,경구용현탁액제,공급중단,2026-06-30,2023-01-01~
파리시맙,바비스모주(파리시맙),용액주사제,공급중단,2026-06-29,2023-01-01~
라스미디탄헤미숙신산염,레이보우정100밀리그램(라스미디탄헤미숙신산염),필름코팅정,공급중단,2026-06-26,2023-01-01~
"정제B형간염 표면항원단백(유전자재조합)[숙주: Saccharomyces cerevisiae AB110, 벡터: pYLBC-A/G-UB-HBs]",헤파뮨프리필드시린지(B형간염백신(유전자재조합)),용액주사제,공급중단,2026-06-26,2023-01-01~
라스미디탄헤미숙신산염,레이보우정50밀리그램(라스미디탄헤미숙신산염),필름코팅정,공급중단,2026-06-26,2023-01-01~
엔-아세틸아스파틸글루타민산나트륨,나박점안액(엔-아세틸아스파틸글루타민산나트륨),점안용액제,공급부족,2026-06-25,2023-01-01~
라스미디탄헤미숙신산염,레이보우정100밀리그램(라스미디탄헤미숙신산염),필름코팅정,공급중단,2026-06-25,2023-01-01~
클로르헥시딘글루콘산염 액,휴클로헥시딘액0.12%(클로르헥시딘글루콘산염액),가글제,공급중단,2026-06-24,2023-01-01~
시클로피록스,로푸록스겔(시클로피록스),피부용겔제,공급부족,2026-06-19,2023-01-01~
정제불활화 A형 간염바이러스,박타프리필드시린지(A형간염백신),현탁액주사제,공급중단,2026-06-19,2023-01-01~
정제부자,아코바정(정제부자),나정,공급중단,2026-06-19,2023-01-01~
카르베딜롤과립,딜라트렌에스알캡슐16밀리그램(카르베딜롤),"서방성캡슐제, 펠렛",공급중단,2026-06-18,2023-01-01~
사람혈청알부민,녹십자-알부민주20%(사람혈청알부민),용액주사제,공급부족,2026-06-18,2023-01-01~
카르베딜롤과립,딜라트렌에스알캡슐8밀리그램(카르베딜롤),"서방성캡슐제, 펠렛",공급중단,2026-06-18,2023-01-01~
카르베딜롤과립,딜라트렌에스알캡슐32밀리그램(카르베딜롤),"서방성캡슐제, 펠렛",공급중단,2026-06-18,2023-01-01~
카르베딜롤과립,딜라트렌에스알캡슐64밀리그램(카르베딜롤),"서방성캡슐제, 펠렛",공급중단,2026-06-18,2023-01-01~
테를리프레신아세트산염,글라이프레신1밀리그램(테를리프레신아세트산염),용액용동결건조분말주사제,공급부족,2026-06-17,2023-01-01~
알카프타딘,라스타카프트점안액0.25%(알카프타딘),점안용액제,공급중단,2026-06-17,2023-01-01~
"염화나트륨,탄산수소나트륨,염화마그네슘,포도당수화물,염화칼슘수화물,락트산(S)-나트륨액(60%)",페리퓨어1.5%액,"복막투석제, 액제",공급중단,2026-06-16,2023-01-01~
"염화나트륨,탄산수소나트륨,염화마그네슘,포도당수화물,염화칼슘수화물,락트산(S)-나트륨액(60%)",페리퓨어2.5%액,"복막투석제, 액제",공급중단,2026-06-16,2023-01-01~
아프라클로니딘염산염,"아이오피딘0.5%점안액(아프라클로니딘염산염
)",점안용액제,공급중단,2026-06-16,2023-01-01~
"염화나트륨,탄산수소나트륨,염화마그네슘,포도당수화물,염화칼슘수화물,락트산(S)-나트륨액(60%)",페리퓨어4.25%액,"복막투석제, 액제",공급중단,2026-06-16,2023-01-01~
페그비소만트,소마버트주20밀리그램(페그비소만트),용액용동결건조분말주사제,공급부족,2026-06-12,2023-01-01~
아발글루코시다제알파,넥스비아자임주(아발글루코시다제알파),용액용동결건조분말주사제,공급부족,2026-06-12,2023-01-01~
벨리무맙,"벤리스타주120밀리그램(벨리무맙)(단클론항체, 유전자재조합)",용액용동결건조분말주사제,공급부족,2026-06-10,2023-01-01~
푸로파라카인염산염,알카인0.5%점안액(푸로파라카인염산염),점안용액제,공급부족,2026-06-10,2023-01-01~
시메티딘,"에취투주(시메티딘)(수출명:CIMEMEDICOINJ.200mg,CIMETIDINEINJ.200mg)",용액주사제,공급중단,2026-06-10,2023-01-01~
벨리무맙,"벤리스타주400밀리그램(벨리무맙)(단클론항체, 유전자재조합)",용액용동결건조분말주사제,공급부족,2026-06-10,2023-01-01~
엔잘루타마이드,엑스탄디연질캡슐40mg(엔잘루타마이드),"연질캡슐제, 액상",공급중단,2026-06-10,2023-01-01~
설파디아진은,실버케어크림(설파디아진은),피부크림제,공급중단,2026-06-09,2023-01-01~
"글리세로인산마그네슘,피리독신염산염",마그스포르테액 ,경구용액제,공급중단,2026-06-05,2023-01-01~
혈액응고8인자항체우회활성복합체,훼이바주,용액용동결건조분말주사제,공급중단,2026-06-04,2023-01-01~
라스부리카제,패스터텍주1.5밀리그램(라스부리카제),용액용동결건조분말주사제,공급부족,2026-06-02,2023-01-01~
"다음 각각의 폐렴구균 협막형으로부터 추출된 정제 협막 폴리사카라이드 (협막형:1, 2, 3, 4, 5, 6B, 7F, 8, 9N, 9V, 10A, 11A, 12F, 14, 15B, 17F, 18C, 19A, 19F, 20, 22F, 23F, 33F)",프로디악스-23 프리필드시린지(폐렴구균백신),용액주사제,공급중단,2026-06-01,2023-01-01~
리라글루티드,빅토자펜주6밀리그램/밀리리터(리라글루티드),용액주사제,공급중단,2026-06-01,2023-01-01~
라스미디탄헤미숙신산염,레이보우정100밀리그램(라스미디탄헤미숙신산염),필름코팅정,공급부족,2026-05-28,2023-01-01~
빈크리스틴황산염,빈크란주(빈크리스틴황산염),용액용동결건조분말주사제,공급중단,2026-05-22,2023-01-01~
히드로코르티손숙시네이트나트륨,코티소루주(히드로코르티손숙시네이트나트륨),현탁액용동결건조분말주사제,공급부족,2026-05-21,2023-01-01~
암포테리신B,훈기존주사50밀리그램(주사용암포테리신비),용액용분말주사제,공급부족,2026-05-20,2023-01-01~
니트로 푸루시드 나트륨,나이트로프레스주(니트로푸루시드나트륨),용액주사제,공급부족,2026-05-08,2023-01-01~
히드로코르티손프로부테이트,"반델크림(히드로코르티손프로부테이트
)",피부크림제,공급중단,2026-04-30,2023-01-01~
데노수맙,엑스지바주(데노수맙),용액주사제,공급중단,2026-04-30,2023-01-01~
이포스파마이드,홀록산주1000밀리그람(이포스파마이드),용액용분말주사제,공급부족,2026-04-29,2023-01-01~
니코틴타르타르산염수화물,니코틴엘로젠즈민트향트로키1밀리그램(니코틴타르타르산염수화물),트로키제,공급부족,2026-04-29,2023-01-01~
염산카르테올롤,미케란정(카르테올롤염산염),나정,공급중단,2026-04-22,2023-01-01~
"라미부딘,아바카비르황산염",키벡사정,필름코팅정,공급중단,2026-04-22,2023-01-01~
"정제불활화 인플루엔자바이러스 표면항원 B형[B/Phuket/3073/2013],정제불활화인플루엔자바이러스표면항원B형[B/Michigan/01/2021],정제불활화인플루엔자바이러스표면항원A형[A/Victoria/4897/2022 (IVR-238)(H1N1)],정제불활화인플루엔자바이러스표면항원A형[A/Croatia/10136RV/2023 (NYMC X-425A)(H3N2)]",스카이셀플루4가프리필드시린지(세포배양인플루엔자표면항원백신),현탁액주사제,공급중단,2026-04-21,2023-01-01~
히알루론산나트륨,치아로겔(히알루론산나트륨),피부용겔제,공급중단,2026-04-20,2023-01-01~
"정제 불활화 인플루엔자 바이러스 항원 B형 [B/Phuket/3073/2013 - like strain (B/Phuket/3073/2013, wild type)],정제불활화인플루엔자바이러스항원B형[B/Austria/1359417/2021 - like strain (B/Michigan/01/2021, wild type)],정제불활화인플루엔자바이러스항원A형[A/Victoria/4897/2022 (H1N1)pdm09 - like strain (A/Victoria/4897/2022, IVR-238)],정제불활화인플루엔자바이러스항원A형[A/Thailand/8/2022 (H3N2)-like strain (A/California/122/2022, SAN-022)]",박씨그리프테트라주(인플루엔자분할백신),현탁액주사제,공급중단,2026-04-17,2023-01-01~
철-아세틸트랜스페린,볼그레캡슐(철-아세틸트랜스페린),"경질캡슐제, 산제",공급중단,2026-04-13,2023-01-01~
데쿠알리늄염화물,클리늄질정(데쿠알리늄염화물),질정,공급중단,2026-04-13,2023-01-01~
디아제팜,바리움정5밀리그람(디아제팜),나정,공급중단,2026-04-10,2023-01-01~
콜레칼시페롤,비엠하이디3오랄액(콜레칼시페롤),경구용액제,공급중단,2026-04-09,2023-01-01~
다우노루비신염산염,다우노신주20밀리그램(다우노루비신염산염),용액용동결건조분말주사제,공급중단,2026-04-02,2023-01-01~
사람면역글로불린-지,아이비글로불린에스엔주10%(글리신 첨가 사람면역글로불린[pH4.8]),용액주사제,공급부족,2026-03-31,2023-01-01~
"정제불활화 인플루엔자바이러스항원 B형[B/Phuket/3073/2013],정제불활화인플루엔자바이러스항원B형[B/Austria/1359417/2021 BVR-26],정제불활화인플루엔자바이러스항원A형[A/Victoria/4897/2022 IVR-238(H1N1)],정제불활화인플루엔자바이러스항원A형[A/Thailand/8/2022 IVR-237(H3N2)]",보령플루V테트라백신주(프리필드시린지)(인플루엔자분할백신),현탁액주사제,공급중단,2026-03-24,2023-01-01~
판크레아틴장용성제피펠렛,노자임캡슐40000(판크레아틴장용성제피펠렛),"장용성캡슐제, 펠렛",공급중단,2026-03-19,2023-01-01~
"정제불활화 인플루엔자바이러스항원 B형[B/Phuket/3073/2013],정제불활화인플루엔자바이러스항원B형[B/Austria/1359417/2021 BVR-26],정제불활화인플루엔자바이러스항원A형[A/Victoria/4897/2022 IVR-238(H1N1)],정제불활화인플루엔자바이러스항원A형[A/Croatia/10136RV/2023 NYMC X-425A(H3N2)],정제불활화인플루엔자바이러스항원A형[A/Switzerland/6849/2025 IVR-278(H1N1)],정제불활화인플루엔자바이러스항원A형[A/Singapore/GP20238/2024 IVR-277(H3N2)]",지씨플루쿼드리밸런트프리필드시린지주(인플루엔자분할백신),현탁액주사제,공급중단,2026-03-19,2023-01-01~
"정제불활화 인플루엔자바이러스항원 B형[B/Phuket/3073/2013],정제불활화인플루엔자바이러스항원B형[B/Austria/1359417/2021 BVR-26],정제불활화인플루엔자바이러스항원A형[A/Victoria/4897/2022 IVR-238(H1N1)],정제불활화인플루엔자바이러스항원A형[A/Croatia/10136RV/2023 NYMC X-425A(H3N2)],정제불활화인플루엔자바이러스항원A형[A/Switzerland/6849/2025 IVR-278(H1N1)],정제불활화인플루엔자바이러스항원A형[A/Singapore/GP20238/2024 IVR-277(H3N2)]",지씨플루쿼드리밸런트주(인플루엔자분할백신),현탁액주사제,공급중단,2026-03-19,2023-01-01~
그라니세트론염산염,카이트릴정1밀리그램(그라니세트론염산염),필름코팅정,공급부족,2026-03-17,2023-01-01~
스피로노락톤,알닥톤필름코팅정25밀리그람(스피로노락톤),필름코팅정,공급부족,2026-03-17,2023-01-01~
"라미프릴,펠로디핀",트리아핀정2.5/2.5mg,필름코팅정,공급중단,2026-03-16,2023-01-01~
황산마그네슘수화물,마구내신주사액<황산마그네슘수화물>,용액주사제,공급부족,2026-03-12,2023-01-01~
"플루티카손푸로에이트(미분화),빌란테롤트리페나테이트(미분화),유메클리디늄브롬화물(미분화)",트렐리지엘립타,"정량흡입제, 분말제",공급부족,2026-03-12,2023-01-01~
"정제불활화인플루엔자바이러스항원B형[B/Austria/1359417/2021 BVR-26],정제불활화인플루엔자바이러스항원A형[A/Victoria/4897/2022 IVR-238(H1N1)],정제불활화인플루엔자바이러스항원B형[B/Phuket/3073/2013 BVR-1B],정제불활화인플루엔자바이러스항원A형[A/Croatia/10136RV/2023 X-425A(H3N2)]",플루아드쿼드프리필드시린지(인플루엔자표면항원MF59C.1어쥬번트백신),현탁액주사제,공급중단,2026-03-12,2023-01-01~
"리도카인,아크리놀수화물",성광리도아가아제,지지체가있는첩부제,공급중단,2026-03-11,2023-01-01~
"벤지다민염산염,세틸피리디늄염화물수화물",모글원큐스프레이,경구용액제,공급부족,2026-03-11,2023-01-01~
백색바셀린,성광멸균바세린거즈(백색바셀린),약물이포함된거즈,공급중단,2026-03-11,2023-01-01~
보수티닙일수화물,보술리프정100밀리그램(보수티닙일수화물),필름코팅정,공급부족,2026-03-06,2023-01-01~
소마트로곤,엔젤라프리필드펜주24mg(소마트로곤),용액주사제,공급중단,2026-03-06,2023-01-01~
소마트로곤,엔젤라프리필드펜주60mg(소마트로곤),용액주사제,공급중단,2026-03-06,2023-01-01~
아시클로버,시타빅구강부착정(아시클로버),부착정,공급중단,2026-03-05,2023-01-01~
밀나시프란염산염,익셀캡슐12.5밀리그램(밀나시프란염산염),"경질캡슐제, 산제",공급중단,2026-03-04,2023-01-01~
알러젠추출물,노보헬리젠데포메인터넌스트리트먼트A,용액주사제,공급중단,2026-03-04,2023-01-01~
알러젠추출물,노보헬리젠데포이니셜트리트먼트A,용액주사제,공급중단,2026-03-04,2023-01-01~
미톡산트론염산염,미트론주(미톡산트론염산염),용액주사제,공급중단,2026-02-27,2023-01-01~
"메글루민,수산화나트륨,아미도트리조산",가스트로그라핀,경구용액제,공급중단,2026-02-26,2023-01-01~
펜터민염산염,판베시서방캡슐 30밀리그램(펜터민염산염),"서방성캡슐제, 펠렛",공급부족,2026-02-25,2023-01-01~
디아제팜,대원디아제팜정2밀리그램(수출명:디아잠정2밀리그램)(수출명2:트레즈콘정2밀리그램),나정,공급중단,2026-02-20,2023-01-01~
"함수과산화벤조일,클린다마이신포스페이트",듀악겔5%,피부용겔제,공급중단,2026-02-19,2023-01-01~
미세올란자핀,자이프렉사자이디스확산정5밀리그램(미세올란자핀),구강붕해정,공급부족,2026-02-13,2023-01-01~
미세올란자핀,자이프렉사자이디스확산정10밀리그램(미세올란자핀),구강붕해정,공급부족,2026-02-13,2023-01-01~
이오버솔,옵티레이320울트라젝트주사(이오버솔),용액주사제,공급중단,2026-02-13,2023-01-01~
"바실루스리케니포르미스균,판토텐산칼슘",장이더락캡슐,"경질캡슐제, 산제",공급중단,2026-02-12,2023-01-01~
베미파린나트륨,자이버주3500IUAntiXa/0.2mL(베미파린나트륨),용액주사제,공급중단,2026-02-10,2023-01-01~
베미파린나트륨,자이버주2500IUAntiXa/0.2mL(베미파린나트륨),용액주사제,공급중단,2026-02-10,2023-01-01~
피모짓,명인피모짓정4밀리그램,나정,공급중단,2026-02-04,2023-01-01~
니모디핀,삼진니모디핀주10밀리그람(수출명:Moditoplnjection),용액주사제,공급부족,2026-02-03,2023-01-01~
시스플라틴,"유니스틴주사액0.5mg/ml(시스플라틴)(수출명:Newplatin Inj. 0.5mg/ml, Cytosplat Inj. 0.5mg/ml, Nextin Inj. 0.5mg/ml, KU Cisplatin Inj. 0.5mg/ml",용액주사제,공급중단,2026-02-03,2023-01-01~
시스플라틴,"유니스틴주사액1mg/mL(시스플라틴)(수출명: Newplatin Inj.1mg/mL, Cytosplat Inj.1mg/mL, Nextin Inj.1mg/mL, Kupunistin Inj.1mg/mL, KU Cisplatin Inj.50mg/50mL)",용액주사제,공급중단,2026-02-03,2023-01-01~
이소소르비드이질산염지속과립,부광이소맥지속성캡슐(이소소르비드이질산염지속과립),"서방성캡슐제, 펠렛",공급중단,2026-02-02,2023-01-01~
포스페니토인나트륨,쎄레빅스주사(포스페니토인나트륨),용액주사제,공급중단,2026-01-30,2023-01-01~
포스페니토인나트륨,쎄레빅스주사(포스페니토인나트륨),용액주사제,공급중단,2026-01-30,2023-01-01~
폴리사카리드철착염,헤모니아캡슐(폴리사카리드철착염),"경질캡슐제, 산제",공급중단,2026-01-30,2023-01-01~
플루바스타틴나트륨,레스콜엑스엘서방정(플루바스타틴나트륨),서방성필름코팅정,공급중단,2026-01-29,2023-01-01~
"바실루스리케니포르미스균,판토텐산칼슘",비스칸비산,산제,공급중단,2026-01-28,2023-01-01~
할로페리돌데카노에이트,할돌데카노아스주사(할로페리돌데카노에이트),용액주사제,공급부족,2026-01-28,2023-01-01~
탈라조파립토실산염,탈제나캡슐1밀리그램(탈라조파립토실산염),"경질캡슐제, 산제",공급중단,2026-01-28,2023-01-01~
"인유두종바이러스-16 L1 (숙주: Trichoplusia ni Hi-5 Rix4446, 벡터: rBaculo4449),인유두종바이러스-18 L1 (숙주: Trichoplusia ni Hi-5 Rix4446, 벡터: rBaculo4450)",서바릭스프리필드시린지[인유두종바이러스백신(유전자재조합)],현탁액주사제,공급중단,2026-01-23,2023-01-01~
탄산수소나트륨,대원탄산수소나트륨주사액(8.4%),용액주사제,공급부족,2026-01-22,2023-01-01~
케토롤락트로메타민염,아큐베일점안액0.45%(케토롤락트로메타민염)(1회용),점안용액제,공급부족,2026-01-21,2023-01-01~
메퀴타진,프리마란정(메퀴타진),나정,공급중단,2026-01-15,2023-01-01~
다카르바진,디티아이주(다카르바진)(수출명:DTIC-VHBforinjection100mg),용액용동결건조분말주사제,공급중단,2026-01-15,2023-01-01~
딜라제프염산염수화물,부광코멜리안정50밀리그램(딜라제프염산염수화물),필름코팅정,공급중단,2026-01-15,2023-01-01~
빈블라스틴황산염,벨바스틴주(빈블라스틴황산염),용액용동결건조분말주사제,공급중단,2026-01-15,2023-01-01~
다카르바진,"디티아이주200밀리그람(다카르바진)(수출명:DTIC-VHBforinjection,Duticinforinjection)",용액용동결건조분말주사제,공급중단,2026-01-15,2023-01-01~
데페라시록스,엑스자이드필름코팅정180밀리그램(데페라시록스),필름코팅정,공급부족,2026-01-14,2023-01-01~
옥시코돈염산염,옥시콘틴서방정10밀리그램(옥시코돈염산염),서방성필름코팅정,공급부족,2026-01-13,2023-01-01~
옥시코돈염산염,옥시콘틴서방정20밀리그램(옥시코돈염산염),서방성필름코팅정,공급부족,2026-01-13,2023-01-01~
옥시코돈염산염,옥시콘틴서방정80mg(옥시코돈염산염),서방성필름코팅정,공급부족,2026-01-13,2023-01-01~
덱스케토프로펜트로메타몰,케랄주(덱스케토프로펜트로메타몰),용액주사제,공급중단,2026-01-13,2023-01-01~
옥시코돈염산염,옥시콘틴서방정40밀리그램(옥시코돈염산염),서방성필름코팅정,공급부족,2026-01-13,2023-01-01~
날부핀염산염,하나염산날부핀주10밀리그람,용액주사제,공급중단,2026-01-05,2023-01-01~
니모디핀,세레보날정(니모디핀),필름코팅정,공급중단,2026-01-05,2023-01-01~
알카프타딘,라스타카프트점안액0.25%(알카프타딘),점안용액제,공급부족,2025-12-31,2023-01-01~
"레보도파,엔타카폰,카르비도파수화물",트리도파정50/12.5/200밀리그램,필름코팅정,공급중단,2025-12-24,2023-01-01~
"레보도파,엔타카폰,카르비도파수화물","트리도파정125/31.25/200밀리그램
",필름코팅정,공급중단,2025-12-24,2023-01-01~
"레보도파,엔타카폰,카르비도파수화물",트리도파정75/18.75/200밀리그램,필름코팅정,공급중단,2025-12-24,2023-01-01~
"레보도파,엔타카폰,카르비도파수화물",트리도파정200/50/200밀리그램,필름코팅정,공급중단,2025-12-24,2023-01-01~
"레보도파,엔타카폰,카르비도파수화물",트리도파정150/37.5/200밀리그램,필름코팅정,공급중단,2025-12-24,2023-01-01~
히알루론산나트륨,히아로겔(히알루론산나트륨),치과용겔제,공급중단,2025-12-24,2023-01-01~
"레보도파,엔타카폰,카르비도파수화물",트리도파정100/25/200밀리그램,필름코팅정,공급중단,2025-12-24,2023-01-01~
에녹사파린나트륨,크렉산주(에녹사파린나트륨),용액주사제,공급부족,2025-12-22,2023-01-01~
페그인터페론베타-1a,"플레그리디펜주스타터팩(페그인터페론베타-1a,유전자재조합)",용액주사제,공급중단,2025-12-17,2023-01-01~
암브리센탄,볼리브리스정5밀리그램(암브리센탄),나정,공급부족,2025-12-16,2023-01-01~
"파상풍톡소이드(균주명:Massachusetts주),디프테리아톡소이드(균주명:Mass8주),백일해톡소이드(균주명:Tohama주, 1상),불활화백일해균선모적혈구응집소(균주명:Tohama주, 1상),불활화백일해균69kDa외막단백질(균주명:Tohama주, 1상),불활화폴리오바이러스제1형(바이러스주명:Mahoney주),불활화폴리오바이러스제2형(바이러스주명:MEF-1주),불활화폴리오바이러스제3형(바이러스주명:Saukett주),헤모필루스인플루엔자비형협막다당류와파상풍톡소이드의접합체(균주명:Haemophilus influenzae,S20752주)","인판릭스아이피브이힙주(흡착 디프테리아, 파상풍 톡소이드, 정제 백일해, 개량 불활화 폴리오 및 헤모필루스 인플루엔자 비형·파상풍 톡소이드 접합 혼합백신)",현탁액주사제,공급중단,2025-12-16,2023-01-01~
펜시클로버,펜시비어크림(펜시클로버),피부크림제,공급중단,2025-12-12,2023-01-01~
테모졸로미드,테모람캡슐20밀리그램(테모졸로미드),"경질캡슐제, 산제",공급부족,2025-12-11,2023-01-01~
밤부테롤염산염,밤벡정10mg(밤부테롤염산염),나정,공급중단,2025-12-10,2023-01-01~
"피페로닐부톡시드,피레트린엑스",감마린디액,샴푸,공급중단,2025-12-09,2023-01-01~
히드로코르티손,"하이로손크림(히드로코르티손)(수출명:Hydrocortisone1%CreamMaxStrength,HydrocortisoneCream)",피부크림제,공급중단,2025-12-09,2023-01-01~
집먼지진드기정제추출액,챈러간설하액(집먼지진드기정제추출액) (개시요법),경구용액제,공급중단,2025-12-08,2023-01-01~
집먼지진드기정제추출액,챈러간설하액(집먼지진드기정제추출액) (유지요법),경구용액제,공급중단,2025-12-08,2023-01-01~
폴리네이트칼슘,페르본주사30밀리그람(폴리네이트칼슘),용액주사제,공급부족,2025-12-04,2023-01-01~
"토브라마이신,덱사메타손","토베손점안액(토브라마이신,덱사메타손)",현탁액점안제,공급중단,2025-12-02,2023-01-01~
덱사메타손(미분화),덱사하이정4밀리그램(덱사메타손),나정,공급부족,2025-12-01,2023-01-01~
메살라진,펜타사서방과립1그램(메살라진),서방성과립제,공급부족,2025-11-26,2023-01-01~
"덱사메타손,네오마이신황산염,폴리믹신B황산염",포러스안연고,안연고제,공급중단,2025-11-25,2023-01-01~
아시클로버,헤르페시드안연고(아시클로버),안연고제,공급중단,2025-11-25,2023-01-01~
페그비소만트,소마버트주30밀리그램(페그비소만트),용액용동결건조분말주사제,공급부족,2025-11-20,2023-01-01~
페그비소만트,소마버트주10밀리그램(페그비소만트),용액용동결건조분말주사제,공급부족,2025-11-20,2023-01-01~
페그비소만트,소마버트주15밀리그램(페그비소만트),용액용동결건조분말주사제,공급부족,2025-11-20,2023-01-01~
펜타닐시트르산염,액틱구강정400마이크로그램(펜타닐시트르산염),트로키제,공급부족,2025-11-06,2023-01-01~
펜타닐시트르산염,액틱구강정200마이크로그램(펜타닐시트르산염),트로키제,공급부족,2025-11-06,2023-01-01~
아만타딘황산염,피케이멜즈인퓨전주(아만타딘황산염),수액제,공급중단,2025-10-30,2023-01-01~
리토나비르,노비르정(리토나비르),필름코팅정,공급중단,2025-10-29,2023-01-01~
아스코르브산,대원아스코르브산주사액500mg,용액주사제,공급중단,2025-10-29,2023-01-01~
아스코르브산,대원아스코르브산주사액500mg/1ml,용액주사제,공급중단,2025-10-29,2023-01-01~
덱사메타손,부광덱사메타손정,나정,공급중단,2025-10-27,2023-01-01~
카페시타빈,잘보빈정500밀리그램(카페시타빈),필름코팅정,공급중단,2025-10-23,2023-01-01~
콜리스틴메탄설폰산나트륨,후콜리스티메테이트주(콜리스틴메탄설폰나트륨),용액용분말주사제,공급중단,2025-10-21,2023-01-01~
이오프로마이드,울트라비스트300주프리필드카트리지(이오프로마이드),용액주사제,공급중단,2025-10-21,2023-01-01~
서양칠엽수종자50%에탄올건조엑스(4.5∼5.5→1)·덱스트린혼합물(100:10),베노스타신캡슐(서양칠엽수종자50%에탄올건조엑스(4.5∼5.5→1)·덱스트린혼합물(100:10)),"경질캡슐제, 산제",공급중단,2025-10-20,2023-01-01~
클로스트리디움 보툴리눔 독소 A형 (Hall 균주),"메디톡신주150단위(클로스트리디움보툴리눔독소A형)[수출명:뉴로녹스주 150단위, 시악스주 150단위, 에복시아주 150단위, 아이록신주 150단위, 보타넥스주 150단위, 큐녹스주 150단위, 보툴리프트주 150단위]",용액용동결건조분말주사제,공급중단,2025-10-02,2023-01-01~
클로스트리디움 보툴리눔 독소 A형 (Hall 균주),"메디톡신주 50단위(클로스트리디움보툴리눔독소A형)[수출명:뉴로녹스주 50단위(클로스트리디움보툴리눔독소A형), 시악스주 50단위(클로스트리디움보툴리눔독소A형), 에복시아주 50단위(클로스트리디움보툴리눔독소A형), 아이록신주 50단위(클로스트리디움보툴리눔독소A형), 보타넥스주 50단위(클로스트리디움보툴리눔독소A형), 큐녹스주 50단위(클로스트리디움보툴리눔독소A형), 보툴리프트주 50단위(클로스트리디움보툴리눔독소A형)]",현탁액용동결건조분말주사제,공급중단,2025-10-02,2023-01-01~
메토프롤롤타르타르산염,베타록정(메토프롤롤타르타르산염),나정,공급중단,2025-09-26,2023-01-01~
아트로핀황산염수화물,알콘아트로핀황산염1%점안제(아트로핀황산염수화물),점안용액제,공급중단,2025-09-26,2023-01-01~
니카르디핀염산염,휴온스니카르디핀주(니카르디핀염산염),용액주사제,공급중단,2025-09-24,2023-01-01~
클라드리빈,류스타틴주사액(클라드리빈),용액주사제,공급부족,2025-09-23,2023-01-01~
"함수과산화벤조일,클린다마이신포스페이트",듀악겔5%,피부용겔제,공급부족,2025-09-22,2023-01-01~
코리오고나도트로핀알파(재조합태반성성선자극호르몬),오비드렐펜주(코리오고나도트로핀알파),용액주사제,공급중단,2025-09-19,2023-01-01~
"루트로핀알파(인황체형성호르몬)(유전자재조합),폴리트로핀알파(재조합인간난포자극호르몬)",퍼고베리스펜주300/150IU,용액주사제,공급부족,2025-09-19,2023-01-01~
"루트로핀알파(인황체형성호르몬)(유전자재조합),폴리트로핀알파(재조합인간난포자극호르몬)",퍼고베리스펜주450/225IU,용액주사제,공급부족,2025-09-19,2023-01-01~
옥트레오티드아세트산염,옥트스타틴주(옥트레오티드아세트산염),용액주사제,공급중단,2025-09-18,2023-01-01~
답토마이신,답토주500밀리그램(답토마이신),용액용동결건조분말주사제,공급중단,2025-09-11,2023-01-01~
답토마이신,답토주350밀리그램(답토마이신),용액용동결건조분말주사제,공급중단,2025-09-11,2023-01-01~
엘-아스파라기나제,에르위나제주(엘-아스파라기나제),용액용동결건조분말주사제,공급중단,2025-09-11,2023-01-01~
메틸프레드니솔론숙시네이트나트륨,살론주500밀리그램(메틸프레드니솔론숙시네이트나트륨),용액용동결건조분말주사제,공급중단,2025-09-10,2023-01-01~
"L-트레오닌,L-티로신,L-히스티딘,L-트립토판,L-리신아세트산염,α-케토-DL-이소류신칼슘,α-케토류신칼슘,α-케토페닐알라닌칼슘,α-케토발린칼슘,α-히드록시-DL-메티오닌칼슘",케토스테릴정,필름코팅정,공급부족,2025-09-10,2023-01-01~
시프로테론아세테이트,안드로쿨정(시프로테론아세테이트),나정,공급부족,2025-09-10,2023-01-01~
메틸프레드니솔론숙시네이트나트륨,살론주125밀리그램(메틸프레드니솔론숙시네이트나트륨),용액용동결건조분말주사제,공급중단,2025-09-10,2023-01-01~
"혈액응고인자IX, 노나코그-알파(유전자재조합)(숙주:CHODUKX-B11세포)(발현벡터:pMT2-IX,pEA-PACE-SOL)","베네픽스주(혈액응고인자IX, 노나코그-알파 (유전자재조합))",용액용동결건조분말주사제,공급부족,2025-09-05,2023-01-01~
아로티놀롤염산염,알잘정5밀리그램(아로티놀롤염산염),필름코팅정,공급부족,2025-09-02,2023-01-01~
아로티놀롤염산염,알잘정10밀리그램(아로티놀롤염산염),필름코팅정,공급부족,2025-09-02,2023-01-01~
헤파리노이드,하나로겔(헤파리노이드),피부용겔제,공급부족,2025-08-29,2023-01-01~
니라파립토실산염일수화물,제줄라캡슐100밀리그램(니라파립토실산염일수화물),"경질캡슐제, 산제",공급중단,2025-08-28,2023-01-01~
란소프라졸,모노리툼플라스정15밀리그램(란소프라졸),구강붕해정,공급중단,2025-08-18,2023-01-01~
란소프라졸,모노리툼플라스정30밀리그램(란소프라졸),구강붕해정,공급중단,2025-08-18,2023-01-01~
"레보노르게스트렐,에티닐에스트라디올",에이리스정,필름코팅정,공급부족,2025-08-18,2023-01-01~
피로인산나트륨(결정),테크네피로인산키트주사(피로인산나트륨),용액용분말주사제,공급중단,2025-08-14,2023-01-01~
"플루티카손푸로에이트(미분화),빌란테롤트리페나테이트(미분화),유메클리디늄브롬화물(미분화)",트렐리지200엘립타흡입제,"정량흡입제, 분말제",공급부족,2025-08-14,2023-01-01~
인슐린아스파트,피아스프플렉스터치주100단위/밀리리터(인슐린아스파트),용액주사제,공급부족,2025-08-12,2023-01-01~
펠비낙,신신펠비낙로오션(펠비낙),피부로션제,공급중단,2025-08-11,2023-01-01~
사람 피브리노겐,녹십자-파이브리노겐주(건조사람피브리노겐),용액용동결건조분말주사제,공급부족,2025-08-08,2023-01-01~
파파베린염산염,이연파파베린염산염주사,용액주사제,공급중단,2025-08-08,2023-01-01~
"트로픽아미드,페닐레프린염산염","트로페린점안액(트로픽아미드,페닐레프린)(1회용)",점안용액제,공급부족,2025-08-07,2023-01-01~
페티딘염산염,비씨염산페치딘주사액,용액주사제,공급중단,2025-07-31,2023-01-01~
에스트라디올반수화물,디비겔0.1%겔(에스트라디올),피부리니멘트제,공급중단,2025-07-28,2023-01-01~
"바실루스서브틸리스균,엔테로코쿠스페슘균",메디락디에스장용캡슐,장용성필름코팅캡슐제,공급부족,2025-07-25,2023-01-01~
"바실루스서브틸리스균,엔테로코쿠스페슘균",메디락에스장용캡슐,장용성필름코팅캡슐제,공급부족,2025-07-25,2023-01-01~
"염화칼슘,아프로티닌용액,사람 피브리노겐,사람트롬빈,사람 혈장 유래 혈액응고인자 XIII",베리플라스트-피콤비세트3mL,밀폐제용산제,공급중단,2025-07-24,2023-01-01~
"염화칼슘,아프로티닌용액,사람 피브리노겐,사람트롬빈,사람 혈장 유래 혈액응고인자 XIII",베리플라스트-피콤비세트1mL,밀폐제용산제,공급중단,2025-07-24,2023-01-01~
"부데소니드,포르모테롤푸마르산염수화물",심비코트라피헬러흡입제80/2.25마이크로그램,정량계량성 에어로솔,공급부족,2025-07-23,2023-01-01~
미토테인,리소드렌정500밀리그람(미토테인),나정,공급중단,2025-07-23,2023-01-01~
알렘투주맙,"렘트라다주(알렘투주맙)(단클론항체,유전자재조합)",용액주사제,공급중단,2025-07-23,2023-01-01~
펜타닐시트르산염,펜토라박칼정800마이크로그램(펜타닐시트르산염),박칼정,공급중단,2025-07-22,2023-01-01~
사피나미드메실산염,에퀴피나필름코팅정50밀리그램(사피나미드메실산염),필름코팅정,공급부족,2025-07-21,2023-01-01~
답토마이신,답토신주350밀리그램(답토마이신),용액용동결건조분말주사제,공급중단,2025-07-18,2023-01-01~
에스오메프라졸나트륨,넥시움주(에스오메프라졸나트륨),용액용분말주사제,공급중단,2025-07-17,2023-01-01~
프로티렐린타르타르산염수화물,세레브렌주(프로티렐린타르타르산염수화물),용액주사제,공급중단,2025-07-16,2023-01-01~
폴리트로핀델타,레코벨프리필드펜(폴리트로핀델타)(유전자재조합),용액주사제,공급부족,2025-07-09,2023-01-01~
"칼시포트리올,베타메타손디프로피오네이트",엔스틸룸폼,포말에어로솔,공급중단,2025-07-08,2023-01-01~
6β-요오드메칠-19-노르-코레스트-5(10)-엔3β-올(131 I),아도스테롤(131I)주사액(요오디네이티트(131I)노르콜레스테롤),용액주사제,공급중단,2025-06-30,2023-01-01~
잘레플론,잘레딥캡슐10밀리그램(잘레플론),"경질캡슐제, 산제",공급부족,2025-06-27,2023-01-01~
비노렐빈타르타르산염,나벨빈주(비노렐빈타르타르산염),용액주사제,공급중단,2025-06-27,2023-01-01~
록시트로마이신,록씨현탁액(록시트로마이신),경구용현탁액제,공급중단,2025-06-24,2023-01-01~
"플루티카손프로피오네이트(미분화),포르모테롤푸마르산염수화물(미분화)",플루티폼흡입제125μg/5μg,"흡입제, 미분류",공급부족,2025-06-19,2023-01-01~
테리파라타이드(유전자재조합),테로사카트리지주(테리파라타이드),용액주사제,공급중단,2025-06-19,2023-01-01~
"라미프릴,펠로디핀",트리아핀정5/5mg,서방성필름코팅정,공급중단,2025-06-18,2023-01-01~
"히드로코르티손,시프로플록사신염산염수화물",한국노바티스시프로바이점이현탁액,점이현탁액제,공급부족,2025-06-17,2023-01-01~
메플로퀸염산염,라리암정250밀리그램(메플로퀸염산염),나정,공급부족,2025-06-13,2023-01-01~
"염화나트륨,포도당,시트르산나트륨수화물,시트르산칼륨수화물",링거라이트액,경구용액제,공급부족,2025-06-12,2023-01-01~
에스몰롤염산염,제일브레비블록주100밀리그램(에스몰롤염산염),용액주사제,공급중단,2025-06-12,2023-01-01~
에스몰롤염산염,제일브레비블록주2.5그램(에스몰롤염산염)(바이알),용액주사제,공급중단,2025-06-12,2023-01-01~
"염화나트륨,히드록시에틸전분(130/0.4)",볼루벤주(VoluvenInj.),수액제,공급중단,2025-06-04,2023-01-01~
아세타졸아미드,졸라딘주사(아세타졸아미드),용액용동결건조분말주사제,공급부족,2025-06-02,2023-01-01~
팜프리딘,삼오팜프리딘서방정10밀리그램(팜프리딘),필름코팅정,공급중단,2025-05-28,2023-01-01~
가벡세이트메실산염,가벡실주사100밀리그램(가벡세이트메실산염),용액용분말주사제,공급중단,2025-05-28,2023-01-01~
플루르비프로펜,"오라센스액(플루르비프로펜), 오라센스액(페퍼민트)(플루르비프로펜)",가글제,공급중단,2025-05-28,2023-01-01~
벤지다민염산염,이바네구강용스프레이(벤지다민염산염),일반액상분무제,공급중단,2025-05-27,2023-01-01~
"수용성아줄렌,세틸피리디늄염화물수화물",목앤탁인후스프레이,일반액상분무제,공급중단,2025-05-23,2023-01-01~
프란루카스트수화물,씨투스현탁정140mg(프란루카스트수화물),분산정(현탁정),공급중단,2025-05-22,2023-01-01~
프란루카스트수화물,씨투스현탁정100mg(프란루카스트수화물),분산정(현탁정),공급중단,2025-05-22,2023-01-01~
프란루카스트수화물,씨투스현탁정50mg(프란루카스트수화물),분산정(현탁정),공급중단,2025-05-22,2023-01-01~
프란루카스트수화물,씨투스현탁정140mg(프란루카스트수화물),분산정(현탁정),공급중단,2025-05-22,2023-01-01~
프란루카스트수화물,씨투스현탁정70mg(프란루카스트수화물),분산정(현탁정),공급중단,2025-05-22,2023-01-01~
포도당,글루오렌지100액(포도당),경구용액제,공급부족,2025-05-21,2023-01-01~
"덱사메타손,시프로플록사신염산염수화물",실로덱스점이현탁액,점이현탁액제,공급부족,2025-05-19,2023-01-01~
트롤아민,비아핀에멀젼(트롤아민),피부크림제,공급중단,2025-05-16,2023-01-01~
니메술리드,"코러스니메술리드정(수출명:Pacisulide Tab, Nimed Tab.)",나정,공급중단,2025-05-15,2023-01-01~
폴리네이트칼슘,페르본주사(폴리네이트칼슘),용액주사제,공급중단,2025-05-12,2023-01-01~
아목시실린나트륨,폭소린주사1그램(아목시실린나트륨),용액용분말주사제,공급중단,2025-05-12,2023-01-01~
페니토인나트륨,삼진페니토인나트륨주사100밀리그램,용액주사제,공급중단,2025-05-12,2023-01-01~
파클리탁셀,안자탁스주(파클리탁셀),용액주사제,공급부족,2025-05-08,2023-01-01~
세르타코나졸질산염,부광더모픽스겔(세르타코나졸질산염)(수입명:Dermofixgel),샴푸,공급중단,2025-05-07,2023-01-01~
가바펜틴,그랠리즈서방정600밀리그램(가바펜틴),필름코팅정,공급중단,2025-05-02,2023-01-01~
가바펜틴,그랠리즈서방정300밀리그램(가바펜틴),필름코팅정,공급중단,2025-05-02,2023-01-01~
베르테포르핀,비쥬다인주사(베르테포르핀),용액용동결건조분말주사제,공급부족,2025-04-30,2023-01-01~
비노렐빈타르타르산염,나벨빈주(비노렐빈타르타르산염),용액주사제,공급중단,2025-04-30,2023-01-01~
히프로멜로오스,하이셀멸균액2%(히프로멜로오스),점안용액제,공급중단,2025-04-29,2023-01-01~
테스토스테론,나테스토나잘겔(테스토스테론),피부용겔제,공급부족,2025-04-29,2023-01-01~
L-아스파르트산-L-오르니틴,헤파멜즈산(L-아스파르트산-L-오르니틴),산제,공급부족,2025-04-29,2023-01-01~
세트로렐릭스아세트산염,"유레릭스주0.25밀리그램(세트로렐릭스아세트산염)
",용액용동결건조분말주사제,공급부족,2025-04-28,2023-01-01~
베쿠로늄브롬화물,베카론주(베쿠로늄브롬화물)(수출용),용액용동결건조분말주사제,공급중단,2025-04-28,2023-01-01~
로메플록사신염산염,로맥사신정100mg(로메플록사신염산염),필름코팅정,공급중단,2025-04-21,2023-01-01~
오셀타미비르인산염,코미플루산제30밀리그램(오셀타미비르인산염),산제,공급중단,2025-04-18,2023-01-01~
타다라필,그래서산10밀리그램(타다라필),산제,공급중단,2025-04-18,2023-01-01~
오셀타미비르인산염,코미플루산제45밀리그램(오셀타미비르인산염),산제,공급중단,2025-04-18,2023-01-01~
포도당,글루오렌지100액(포도당),경구용액제,공급부족,2025-04-11,2023-01-01~
세푸록심나트륨,종근당세푸록심나트륨주750밀리그램(세푸록심나트륨)(수출명:푸록심주),용액용분말주사제,공급중단,2025-04-11,2023-01-01~
에틸로플라제페이트,빅손정(에틸로플라제페이트),필름코팅정,공급중단,2025-04-09,2023-01-01~
"인슐린디터머(숙주:S. Cerevisiae, 벡터: pAK729.6.16-△amp)",레버미어플렉스펜주100단위/밀리리터,용액주사제,공급부족,2025-04-04,2023-01-01~
"인슐린아스파트(숙주: Saccharomyces Cerevisiae MT663, 벡터: pAK1214)","노보믹스30플렉스펜주100단위/밀리리터(인슐린아스파트,유전자재조합)",현탁액주사제,공급부족,2025-04-04,2023-01-01~
인슐린아스파트,노보래피드플렉스펜주100단위/밀리리터(인슐린아스파트),용액주사제,공급부족,2025-04-04,2023-01-01~
플로로글루시놀수화물,삼아로스판액(플로로글루시놀수화물),경구용액제,공급부족,2025-03-31,2023-01-01~
프란루카스트수화물,씨투스현탁정70mg(프란루카스트수화물),분산정(현탁정),공급부족,2025-03-31,2023-01-01~
프란루카스트수화물,씨투스현탁정100mg(프란루카스트수화물),분산정(현탁정),공급부족,2025-03-31,2023-01-01~
프란루카스트수화물,씨투스현탁정140mg(프란루카스트수화물),분산정(현탁정),공급부족,2025-03-31,2023-01-01~
프란루카스트수화물,씨투스현탁정50mg(프란루카스트수화물),분산정(현탁정),공급부족,2025-03-31,2023-01-01~
글루콘산제이철나트륨착염,훼리탑캡슐(글루콘산제이철나트륨착염),"경질캡슐제, 산제",공급중단,2025-03-28,2023-01-01~
리보시클립숙신산염,키스칼리정200밀리그램(리보시클립숙신산염),필름코팅정,공급중단,2025-03-25,2023-01-01~
세푸록심나트륨,신세프주0.75그램(세푸록심나트륨),용액용분말주사제,공급중단,2025-03-24,2023-01-01~
판크레아스분말,크레온캡슐40000(판크레아스 분말),"장용성캡슐제, 정제",공급중단,2025-03-21,2023-01-01~
"피페로닐부톡시드,피레트린엑스",라이센드플러스액,샴푸,공급부족,2025-03-21,2023-01-01~
코데인인산염수화물,하나인산코데인정,나정,공급부족,2025-03-18,2023-01-01~
베탁솔롤염산염,부광켈론정(베탁솔롤염산염),필름코팅정,공급중단,2025-03-11,2023-01-01~
팔리비주맙,시나지스주사액100밀리그램(팔리비주맙),용액주사제,공급부족,2025-03-11,2023-01-01~
팔리비주맙,시나지스주사액50밀리그램(팔리비주맙),용액주사제,공급부족,2025-03-11,2023-01-01~
미졸라스틴,부광미졸렌정10밀리그램(미졸라스틴),필름코팅정,공급중단,2025-03-11,2023-01-01~
텔비부딘,세비보정(텔비부딘),필름코팅정,공급중단,2025-03-11,2023-01-01~
"수막구균 혈청형 A 다당류와 디프테리아톡소이드 접합 단백질,수막구균 혈청형 C 다당류와 디프테리아톡소이드 접합 단백질,수막구균 혈청형 Y 다당류와 디프테리아톡소이드 접합 단백질,수막구균 혈청형 W-135 다당류와 디프테리아톡소이드 접합 단백질","메낙트라주(수막구균(A,C,Y,W-135)다당류-DT단백접합백신)",용액주사제,공급중단,2025-03-06,2023-01-01~
아미트리프틸린염산염,에트라빌10밀리그램정(아미트리프틸린염산염),필름코팅정,공급중단,2025-02-27,2023-01-01~
글리벤클라미드,다오닐정(글리벤클라미드),나정,공급중단,2025-02-27,2023-01-01~
메틸페니데이트염산염,콘서타OROS서방정27밀리그램(메틸페니데이트염산염),서방성필름코팅정,공급부족,2025-02-21,2023-01-01~
아목시실린나트륨,폭소린주사500밀리그램(아목시실린나트륨),용액용분말주사제,공급중단,2025-02-20,2023-01-01~
이소플루란,테렐액(이소플루란),"흡입제, 미분류",공급중단,2025-02-19,2023-01-01~
부타미레이트시트르산염,지노콜시럽(구연산부타미레이트),액상시럽제,공급중단,2025-02-18,2023-01-01~
"정제 불활화 인플루엔자 바이러스 항원 B형 [B/Phuket/3073/2013 - like strain (B/Phuket/3073/2013, wild type)],정제불활화인플루엔자바이러스항원B형[B/Austria/1359417/2021 - like strain (B/Michigan/01/2021, wild type)],정제불활화인플루엔자바이러스항원A형[A/Victoria/4897/2022 (H1N1)pdm09 - like strain (A/Victoria/4897/2022, IVR-238)],정제불활화인플루엔자바이러스항원A형[A/Thailand/8/2022 (H3N2)-like strain (A/California/122/2022, SAN-022)]",보령플루Ⅷ테트라백신주(프리필드시린지)(인플루엔자분할백신),용액주사제,공급중단,2025-02-18,2023-01-01~
폴리사카리드철착염,모아훼린캡슐(폴리사카리드철착염),"경질캡슐제, 과립제",공급중단,2025-02-14,2023-01-01~
베넥세이트염산염베타덱스,일동울굿캡슐(베넥세이트염산염베타덱스),"경질캡슐제, 산제",공급중단,2025-02-13,2023-01-01~
베넥세이트염산염베타덱스,일동울굿캡슐(베넥세이트염산염베타덱스),"경질캡슐제, 산제",공급중단,2025-02-13,2023-01-01~
"디멘히드리네이트,신나리진",에르버트정,나정,공급중단,2025-02-13,2023-01-01~
염화나트륨,뮤로128점안액2%(염화나트륨),점안용액제,공급중단,2025-02-12,2023-01-01~
포르피머나트륨,포토프린주사75밀리그램(포르피머나트륨),용액용동결건조분말주사제,공급중단,2025-02-10,2023-01-01~
펜타닐시트르산염,액틱구강정200마이크로그램(펜타닐시트르산염),트로키제,공급부족,2025-02-06,2023-01-01~
펜타닐시트르산염,액틱구강정400마이크로그램(펜타닐시트르산염),트로키제,공급부족,2025-02-06,2023-01-01~
펜타닐시트르산염,액틱구강정800마이크로그램(펜타닐시트르산염),트로키제,공급부족,2025-02-06,2023-01-01~
테트라데실황산나트륨콘센트레이트,파이브로베인주3%바이알(테트라데실황산나트륨콘센트레이트),용액주사제,공급중단,2025-02-04,2023-01-01~
"덱스판테놀,멸균천연해수",마플러스나잘스프레이,일반액상분무제,공급중단,2025-02-03,2023-01-01~
로라제팜,삼진로라제팜주,용액주사제,공급중단,2025-01-24,2023-01-01~
오플록사신,에펙신주(오플록사신),용액주사제,공급중단,2025-01-24,2023-01-01~
"L-카르보시스테인,자일로메타졸린염산염","노즈원큐나잘스프레이(무향,멘톨향)",점비액제,공급중단,2025-01-24,2023-01-01~
아지트로마이신수화물,아지탑스주사500밀리그램(아지트로마이신수화물),용액용분말주사제,공급중단,2025-01-24,2023-01-01~
로라제팜,삼진로라제팜주,용액주사제,공급중단,2025-01-24,2023-01-01~
"덱스판테놀,멸균천연해수",마플러스나잘스프레이,일반액상분무제,공급부족,2025-01-24,2023-01-01~
세파졸린나트륨,"유한세파졸린주사1000mg(수출명:오리졸린주1000mg,메디세파졸린1000mg,유한세졸주1000mg,마이코신주, 레프졸린주)",용액용분말주사제,공급중단,2025-01-23,2023-01-01~
페니토인,명인페니토인정100밀리그램,나정,공급중단,2025-01-21,2023-01-01~
인도부펜,이부스트린정200밀리그램(인도부펜),나정,공급중단,2025-01-20,2023-01-01~
인도부펜,이부스트린정200밀리그램(인도부펜),나정,공급중단,2025-01-20,2023-01-01~
"약독수두생바이러스(Live  Attenuated  Varicella  Vaccine)(바이러스주:  MAV/06,  세포주:  MRC-5)",배리셀라주(수두생바이러스백신),용액용동결건조분말주사제,공급부족,2025-01-17,2023-01-01~
"트로픽아미드,페닐레프린염산염",산텐미드린피점안액,점안용액제,공급부족,2025-01-17,2023-01-01~
지페프롤염산염,"레스피렌시럽 5밀리그람/밀리리터(지페프롤염산염)
",액상시럽제,공급중단,2025-01-17,2023-01-01~
항디사람면역글로불린,윈로에스디에프주600IU(120㎍)(AntiD(Rho)면역글로불린),용액주사제,공급중단,2025-01-15,2023-01-01~
메틸페니데이트염산염,콘서타OROS서방정18밀리그램(메틸페니데이트염산염),서방성필름코팅정,공급부족,2025-01-15,2023-01-01~
황산아연일수화물,라이트징크시럽(황산아연일수화물),액상시럽제,공급부족,2025-01-10,2023-01-01~
"로페라미드염산염,시메티콘파우더",로페시콘츄정,추어블정(저작정),공급부족,2025-01-08,2023-01-01~
"염화나트륨,염화칼슘이수화물,염화마그네슘육수화물,포도당수화물,탄산수소나트륨",비카베라포도당2.3% 칼슘1.75mmol/L 복막투석액,"복막투석제, 액제",공급중단,2025-01-07,2023-01-01~
"염화나트륨,염화칼슘이수화물,염화마그네슘육수화물,포도당수화물,탄산수소나트륨",비카베라포도당1.5% 칼슘1.75mmol/L 복막투석액,"복막투석제, 액제",공급중단,2025-01-07,2023-01-01~
"염화나트륨,염화칼슘이수화물,염화마그네슘육수화물,포도당수화물,탄산수소나트륨",비카베라포도당4.25% 칼슘1.75mmol/L 복막투석액,"복막투석제, 액제",공급중단,2025-01-07,2023-01-01~
답토마이신,답토신주350밀리그램(답토마이신),용액용동결건조분말주사제,공급중단,2025-01-06,2023-01-01~
초산칼슘,포슬로정(초산칼슘),나정,공급중단,2024-12-31,2023-01-01~
암피실린수화물,앰씰린캡슐250밀리그램(암피실린수화물),"경질캡슐제, 산제",공급중단,2024-12-26,2023-01-01~
폴리스티렌설폰산칼슘,아가메이트젤리(폴리스티렌설폰산칼슘),젤리형겔,공급중단,2024-12-24,2023-01-01~
에포니디핀염산염,핀테정(에포니디핀염산염),필름코팅정,공급중단,2024-12-20,2023-01-01~
"트롬빈,피브리노겐",타코실,약물이포함된스폰지,공급부족,2024-12-17,2023-01-01~
"소포스부비르,레디파스비르",하보니정,필름코팅정,공급중단,2024-12-17,2023-01-01~
메틸페니데이트염산염,콘서타OROS서방정54밀리그램(메틸페니데이트염산염),서방성필름코팅정,공급부족,2024-12-17,2023-01-01~
"트롬빈,피브리노겐",타코실,약물이포함된스폰지,공급부족,2024-12-17,2023-01-01~
히드록시진염산염,유시락스시럽(히드록시진염산염),액상시럽제,공급부족,2024-12-13,2023-01-01~
로메플록사신염산염,한림로메플록사신염산염정200밀리그램,필름코팅정,공급중단,2024-12-12,2023-01-01~
로메플록사신염산염,한림로메플록사신염산염정(수출명:필로신정),필름코팅정,공급중단,2024-12-12,2023-01-01~
메틸페니데이트염산염,콘서타OROS서방정36밀리그램(메틸페니데이트염산염),서방성필름코팅정,공급부족,2024-12-11,2023-01-01~
아시피목스,일동올베탐캡슐(아시피목스),"경질캡슐제, 산제",공급중단,2024-12-09,2023-01-01~
아시피목스,일동올베탐캡슐(아시피목스),"경질캡슐제, 산제",공급중단,2024-12-09,2023-01-01~
"디프테리아톡소이드(Park-Williams Noㆍ8균주),파상풍톡소이드(Harvard 균주)",디티부스터주(프리필드시린지)(성인용 흡착 디프테리아 및 파상풍 혼합백신),현탁액주사제,공급부족,2024-12-05,2023-01-01~
덱스라족산,카디옥산주500밀리그램(덱스라족산),용액용동결건조분말주사제,공급부족,2024-12-03,2023-01-01~
"플루오시놀론아세토니드,시프로플록사신염산염",세트락살플러스점이액,점이액제,공급중단,2024-12-02,2023-01-01~
"염화나트륨,염화칼슘이수화물,염화마그네슘육수화물,포도당수화물,락트산나트륨50%",씨에이피디3밸런스복강투석액,"복막투석제, 액제",공급중단,2024-11-27,2023-01-01~
"염화나트륨,염화칼슘이수화물,염화마그네슘육수화물,포도당수화물,락트산나트륨50%",씨에이피디4밸런스복강투석액,"복막투석제, 액제",공급중단,2024-11-27,2023-01-01~
"염화나트륨,염화칼슘이수화물,염화마그네슘육수화물,포도당수화물,락트산나트륨50%",씨에이피디2밸런스복강투석액,"복막투석제, 액제",공급중단,2024-11-27,2023-01-01~
"코비시스타트이산화규소,아타자나비르황산염","에보타즈정(아타자나비르황산염, 코비시스타트이산화규소)",필름코팅정,공급중단,2024-11-27,2023-01-01~
디메르캅토숙신산,테크네디엠에스에이키트주사(디메르캅토숙신산),용액용분말주사제,공급중단,2024-11-26,2023-01-01~
세프카펜피복실염산염수화물,후로목스정75밀리그램(세프카펜피복실염산염수화물),필름코팅정,공급중단,2024-11-25,2023-01-01~
"레보노르게스트렐,에티닐에스트라디올",센스데이큐정,필름코팅정,공급중단,2024-11-22,2023-01-01~
염산노르트립틸린,센시발정10밀리그램(염산노르트립틸린),필름코팅정,공급중단,2024-11-19,2023-01-01~
염산노르트립틸린,센시발정25밀리그램(염산노르트립틸린),필름코팅정,공급중단,2024-11-19,2023-01-01~
펜타닐시트르산염,액틱구강정800마이크로그램(펜타닐시트르산염),트로키제,공급부족,2024-11-14,2023-01-01~
펜타닐시트르산염,액틱구강정600마이크로그램(펜타닐시트르산염),트로키제,공급중단,2024-11-14,2023-01-01~
베시포비르디피복실말레산염,베시보정(베시포비르디피복실말레산염),나정,공급부족,2024-11-13,2023-01-01~
메틸페니데이트염산염,콘서타OROS서방정18밀리그램(메틸페니데이트염산염),서방성필름코팅정,공급부족,2024-11-13,2023-01-01~
시메티딘,타가메트주사(시메티딘),용액주사제,공급부족,2024-11-07,2023-01-01~
베탁솔롤염산염,부광켈론정10밀리그램(베탁솔롤염산염),필름코팅정,공급중단,2024-11-07,2023-01-01~
베탁솔롤염산염,부광켈론정(베탁솔롤염산염),필름코팅정,공급중단,2024-11-07,2023-01-01~
베타히스틴메실산염,메네스정(베타히스틴메실산염),나정,공급중단,2024-11-06,2023-01-01~
베탁솔롤염산염,베톱틱점안액(베탁솔롤염산염),점안용액제,공급중단,2024-11-05,2023-01-01~
미토테인,리소드렌정500밀리그람(미토테인),나정,공급부족,2024-11-05,2023-01-01~
에페드린염산염,대원염산에페드린주사액[수출명:에린주사(에페드린염산염)(ErineInj.)],용액주사제,공급중단,2024-11-05,2023-01-01~
레보클로페라스틴펜디조산염,프리비투스현탁액(레보클로페라스틴펜디조산염),경구용현탁액제,공급중단,2024-11-05,2023-01-01~
아미노필린수화물,대원아미노필린정(아미노필린수화물),나정,공급중단,2024-11-05,2023-01-01~
베탁솔롤염산염,베톱틱-에스점안액(베탁솔롤염산염),현탁액점안제,공급중단,2024-11-05,2023-01-01~
알라세프릴,세타프릴정50밀리그램(알라세프릴),나정,공급중단,2024-11-04,2023-01-01~
알라세프릴,세타프릴정25밀리그램(알라세프릴),나정,공급중단,2024-11-04,2023-01-01~
아젤라스틴염산염,아젭틴비액(아젤라스틴염산염),점비액제,공급중단,2024-11-04,2023-01-01~
발간시클로비르염산염,발싸이트액제용분말(발간시클로비르염산염),용액용산제,공급부족,2024-11-01,2023-01-01~
소의폐추출물,"뉴팩탄(소의폐추출물)(수출명: Newfactan, Pulmofac)",현탁액용동결건조분말주사제,공급중단,2024-11-01,2023-01-01~
옥시토신농축액,중외옥시토신주,용액주사제,공급부족,2024-10-31,2023-01-01~
페노베린,펙사딘캡슐(페노베린),"경질캡슐제, 산제",공급중단,2024-10-30,2023-01-01~
요오드화나트륨(131 I)액,테라캡131캅셀(요오드화나트륨(131Ⅰ)),"경질캡슐제, 산제",공급중단,2024-10-29,2023-01-01~
리도카인염산염수화물,태준리도카인비스코스2%액,경구용액제,공급중단,2024-10-29,2023-01-01~
옥시부프로카인염산염,베노카인액(옥시부프로카인염산염),경구용액제,공급중단,2024-10-29,2023-01-01~
"함수과산화벤조일,클린다마이신포스페이트",듀악겔5%,피부용겔제,공급부족,2024-10-29,2023-01-01~
아카보즈,글루코바이정100밀리그람(아카보즈),나정,공급중단,2024-10-29,2023-01-01~
아카보즈,글루코바이정50밀리그람(아카보즈),나정,공급중단,2024-10-29,2023-01-01~
테오필린,데오크레건조시럽20%(테오필린),"건조시럽제, 산제",공급중단,2024-10-28,2023-01-01~
옥시토신,옥시톤주사액5아이유(옥시토신),용액주사제,공급부족,2024-10-28,2023-01-01~
시트르산피로인산철황산나트륨공침물수화물,트리페릭주(시트르산피로인산철황산나트륨공침물수화물),용액주사제,공급중단,2024-10-23,2023-01-01~
발프로산나트륨,바로인주사(발프로산나트륨)(수출용),용액용동결건조분말주사제,공급중단,2024-10-18,2023-01-01~
"시트르산수화물,시트르산칼륨수화물",리소톤과립(수출용) ,과립제,공급중단,2024-10-18,2023-01-01~
아지트로마이신수화물,아지탑스주사500밀리그램(아지트로마이신수화물),용액용분말주사제,공급부족,2024-10-17,2023-01-01~
엘카토닌,엘카닌주20아이유(엘카토닌),용액주사제,공급중단,2024-10-16,2023-01-01~
엘카토닌,엘카닌주(엘카토닌),용액주사제,공급중단,2024-10-16,2023-01-01~
S-아데노실-L-메티오닌황산토실산염,사메주(S-아데노실-L-메티오닌황산토실산염),용액용분말주사제,공급부족,2024-10-15,2023-01-01~
"플로로글루시놀수화물,트리메틸플로로글루시놀",푸로시놀주사,용액주사제,공급중단,2024-10-14,2023-01-01~
카르바마제핀,아트레톨씨알정(카르바마제핀),서방성필름코팅정,공급중단,2024-10-14,2023-01-01~
이부프로펜,넬슨이부프로펜정400밀리그램(이부프로펜),필름코팅정,공급중단,2024-10-11,2023-01-01~
폴리사카리드철착염,헤모니아에프시럽(폴리사카리드철착염),액상시럽제,공급중단,2024-10-11,2023-01-01~
프로티렐린타르타르산염수화물,쎄레닐주(프로티렐린타르타르산염수화물),용액주사제,공급중단,2024-10-10,2023-01-01~
세티리진염산염,세노바액(세티리진염산염),경구용액제,공급부족,2024-10-08,2023-01-01~
프로티온아미드,구주프로티온아미드정125밀리그램,당의정,공급중단,2024-10-08,2023-01-01~
포도당일수화물,비브라운10%포도당주사액,수액제,공급중단,2024-10-08,2023-01-01~
"염화나트륨,포도당일수화물",비브라운5%포도당생리식염주사액,수액제,공급중단,2024-10-07,2023-01-01~
"염화나트륨,포도당일수화물",비브라운5%포도당생리식염주사액,수액제,공급중단,2024-10-07,2023-01-01~
염화나트륨,비브라운0.45%염화나트륨주사액,수액제,공급중단,2024-10-07,2023-01-01~
"염화나트륨,염화칼륨,젖산나트륨,염화칼슘이수화물",비브라운하트만액,수액제,공급중단,2024-10-07,2023-01-01~
염화나트륨,비브라운0.9%생리식염주사액(염화나트륨),수액제,공급중단,2024-10-07,2023-01-01~
포도당일수화물,비브라운5%포도당주사액,수액제,공급중단,2024-10-07,2023-01-01~
알펜타닐염산염,하나알펜타닐주사,용액주사제,공급중단,2024-10-02,2023-01-01~
카페시타빈,젤로빅정500밀리그램(카페시타빈),필름코팅정,공급중단,2024-09-30,2023-01-01~
카페시타빈,젤로빅정150밀리그램(카페시타빈),필름코팅정,공급중단,2024-09-30,2023-01-01~
디-페니실라민,알타민캡슐250밀리그램(디-페니실라민),"경질캡슐제, 산제",공급부족,2024-09-30,2023-01-01~
"폴산,폴리말토오스수산화제이철착염",훼럼포유연질캡슐,"연질캡슐제, 액상",공급중단,2024-09-30,2023-01-01~
시클로펜톨레이트염산염,싸이크로질1%점안액(시클로펜톨레이트염산염),점안용액제,공급부족,2024-09-25,2023-01-01~
피레녹신,산텐가리유니점안액(피레녹신),현탁액점안제,공급부족,2024-09-24,2023-01-01~
니트로푸라존,안국니트로푸라존연고,피부연고제,공급중단,2024-09-20,2023-01-01~
수두사람면역글로불린,녹십자-수두사람면역글로불린주,용액주사제,공급부족,2024-09-12,2023-01-01~
"이부프로펜,L-멘톨",멘소래담딥릴리프겔,피부용겔제,공급중단,2024-09-10,2023-01-01~
베자피브레이트,베자립서방정(베자피브레이트),필름코팅정,공급중단,2024-09-05,2023-01-01~
암피실린나트륨,펜브렉스주500mg(암피실린나트륨),용액용분말주사제,공급부족,2024-09-04,2023-01-01~
"덱사메타손,네오마이신황산염,폴리믹신B황산염",포러스점안액,현탁액점안제,공급중단,2024-09-03,2023-01-01~
라불리주맙,울토미리스주(라불리주맙),용액주사제,공급중단,2024-09-03,2023-01-01~
펜톡시필린,휴온스펜톡시필린주사,용액주사제,공급중단,2024-09-02,2023-01-01~
"아세틸시스테인,클로르페니라민말레산염",세이브론캡슐 (수출명 : SEIBRON Capsule),"경질캡슐제, 산제",공급중단,2024-09-02,2023-01-01~
토포테칸염산염,하이캄틴주4밀리그램(토포테칸염산염),용액용동결건조분말주사제,공급부족,2024-08-29,2023-01-01~
탄산란탄,포스레놀정750밀리그램(탄산란탄),추어블정(저작정),공급중단,2024-08-29,2023-01-01~
탄산란탄,포스레놀정500밀리그램(탄산란탄),추어블정(저작정),공급중단,2024-08-29,2023-01-01~
탄산란탄,포스레놀산1000밀리그램(탄산란탄),산제,공급중단,2024-08-29,2023-01-01~
"슈도에페드린염산염,레보세티리진염산염",코슈엘정,필름코팅정,공급중단,2024-08-23,2023-01-01~
베자피브레이트,베자립정(베자피브레이트),필름코팅정,공급중단,2024-08-22,2023-01-01~
카페시타빈,젤로빅정500밀리그램(카페시타빈),필름코팅정,공급부족,2024-08-20,2023-01-01~
L-카르니틴,엘칸액(엘-카르니틴),경구용액제,공급부족,2024-08-20,2023-01-01~
아지트로마이신수화물,아지탑스주사500밀리그램(아지트로마이신수화물),용액용분말주사제,공급부족,2024-08-19,2023-01-01~
테트라데실황산나트륨콘센트레이트,파이브로베인주0.2%(테트라데실황산나트륨),용액주사제,공급중단,2024-08-19,2023-01-01~
바실루스서브틸리스균·엔테로코쿠스페슘균배양물,락토웰장용캡슐(바실루스서브틸리스균·엔테로코쿠스페슘균배양물),"장용성캡슐제, 펠렛",공급중단,2024-08-12,2023-01-01~
디-페니실라민,알타민캡슐250밀리그램(디-페니실라민),"경질캡슐제, 산제",공급부족,2024-08-01,2023-01-01~
비포나졸,바리토나액(비포나졸),피부액제,공급중단,2024-07-24,2023-01-01~
세티리진염산염,세노바액(세티리진염산염),경구용액제,공급부족,2024-07-24,2023-01-01~
라무시루맙,"사이람자주10밀리그램/밀리리터(라무시루맙,유전자재조합)",용액주사제,공급부족,2024-07-17,2023-01-01~
인슐린라이스프로,휴마로그주100단위/밀리리터(인슐린라이스프로),용액주사제,공급부족,2024-07-12,2023-01-01~
코데인인산염수화물,구주인산코데인정,나정,공급중단,2024-07-12,2023-01-01~
덱스판테놀,비사진나잘스프레이(덱스판테놀),정량액상분무제,공급부족,2024-07-10,2023-01-01~
옥시코돈염산염,아이알코돈정20밀리그램(옥시코돈염산염) ,나정,공급중단,2024-07-09,2023-01-01~
바실릭시맙,"씨뮬렉트주사(바실릭시맙)(단클론항체,유전자재조합)",용액용동결건조분말주사제,공급부족,2024-07-08,2023-01-01~
칼팍탄트,인파서프주(칼팍탄트),현탁액주사제,공급중단,2024-07-05,2023-01-01~
아만타딘황산염,아만타정(아만타딘황산염),필름코팅정,공급중단,2024-07-04,2023-01-01~
"과당,농글리세린",글리푸롤주,수액제,공급중단,2024-07-03,2023-01-01~
과산화벤조일,벤지드로션5%(과산화벤조일),피부로션제,공급중단,2024-07-03,2023-01-01~
"불활화 폴리오 바이러스제2형(균주명:MEF-1주),파상풍톡소이드(균주명:Massachusetts주),디프테리아톡소이드(균주명:Mass8주),백일해톡소이드(균주명:Tohama주, 1상),불활화백일해균선모적혈구응집소(균주명:Tohama주, 1상),불활화백일해균69kDa외막단백질(균주명:Tohama주, 1상),불활화 폴리오 바이러스제1형(균주명:Mahoney주),불활화 폴리오 바이러스제3형(균주명:Saukett주)","인판릭스아이피브이프리필드시린지(흡착 디프테리아, 파상풍 톡소이드, 정제 백일해 및 개량 불활화 폴리오 혼합백신)",현탁액주사제,공급중단,2024-07-01,2023-01-01~
염화석사메토늄,석시콜린주50mg/mL(염화석사메토늄)(앰플),용액주사제,공급중단,2024-06-28,2023-01-01~
살리실산,클리톡외용액2%(살리실산),피부액제,공급중단,2024-06-28,2023-01-01~
페니토인,부광페니토인캡슐100밀리그램,"경질캡슐제, 산제",공급중단,2024-06-28,2023-01-01~
폴리트로핀알파(재조합-인간난포자극호르몬),"고날-에프펜150IU주(폴리트로핀알파, 유전자재조합)",용액주사제,공급부족,2024-06-27,2023-01-01~
글루콘산제이철나트륨착염,훼리탑캡슐(글루콘산제이철나트륨착염),"경질캡슐제, 산제",공급부족,2024-06-27,2023-01-01~
시클로펜톨레이트염산염,싸이크로질1%점안액(시클로펜톨레이트염산염),점안용액제,공급부족,2024-06-20,2023-01-01~
겜피브로질,제일로피드캡슐(겜피브로질),"경질캡슐제, 산제",공급중단,2024-06-20,2023-01-01~
발프로산나트륨,에필람정(발프로산나트륨),장용성필름코팅정,공급중단,2024-06-19,2023-01-01~
발프로산나트륨,에필람주(발프로산나트륨),용액용동결건조분말주사제,공급중단,2024-06-19,2023-01-01~
세티리진염산염,세노바액(세티리진염산염),경구용액제,공급부족,2024-06-19,2023-01-01~
브로모크립틴메실산염,팔로델정(브로모크립틴메실산염),나정,공급부족,2024-06-18,2023-01-01~
아시클로버,헤르페시드안연고(아시클로버),안연고제,공급부족,2024-06-18,2023-01-01~
"함수과산화벤조일,클린다마이신포스페이트",듀악겔5%,피부용겔제,공급부족,2024-06-18,2023-01-01~
노녹시놀9,노원질좌제100밀리그램(노녹시놀9),"질좌제, 일반",공급중단,2024-06-17,2023-01-01~
히드로코르티손아세테이트,락티코트크림1%(히드로코르티손아세테이트),피부크림제,공급중단,2024-06-14,2023-01-01~
반데타닙,카프렐사정300밀리그램(반데타닙),필름코팅정,공급부족,2024-06-10,2023-01-01~
아세틸시스테인,"세브론시럽(아세틸시스테인)(수출명:뮤시스틴시럽,스파탐시럽)",액상시럽제,공급부족,2024-06-10,2023-01-01~
반데타닙,카프렐사정100밀리그램(반데타닙),필름코팅정,공급부족,2024-06-10,2023-01-01~
시클로벤자프린염산염,시클펜정(시클로벤자프린염산염),나정,공급부족,2024-06-05,2023-01-01~
니세르골린,사미온정(니세르골린),당의정,공급부족,2024-06-05,2023-01-01~
살부타몰황산염,벤토린네뷸2.5mg(살부타몰황산염),"흡입제, 미분류",공급부족,2024-06-04,2023-01-01~
베라파밀염산염,일성이솦틴주사(베라파밀염산염),용액주사제,공급중단,2024-05-29,2023-01-01~
"약독 수두생바이러스(바이러스주: Oka/Merck주, 세포주: MRC-5)",조스타박스주(대상포진생바이러스백신),현탁액용동결건조분말주사제,공급중단,2024-05-29,2023-01-01~
클로스트리디움보툴리눔독소A형,나보타주50단위(클로스트리디움보툴리눔독소A형),용액용동결건조분말주사제,공급부족,2024-05-29,2023-01-01~
로라제팜,삼진로라제팜주,용액주사제,공급부족,2024-05-27,2023-01-01~
삼산화비소,트리세녹스주2mg/mL(삼산화비소)(바이알),용액주사제,공급부족,2024-05-27,2023-01-01~
이트라코나졸,스포라녹스액(이트라코나졸),경구용액제,공급중단,2024-05-21,2023-01-01~
프레드니솔론,피알디현탁시럽0.3%(프레드니솔론),액상시럽제,공급중단,2024-05-10,2023-01-01~
"염화나트륨,염화칼륨,아세트산나트륨수화물,염화마그네슘수화물,히드록시에틸전분(130/0.4)",볼루라이트주6%,수액제,공급부족,2024-05-10,2023-01-01~
글루타랄농축액,올콘사이드액(글루타랄농축액),체외,공급중단,2024-05-10,2023-01-01~
이프라글리플로진L-프롤린,슈글렛정50밀리그램(이프라글리플로진L-프롤린),필름코팅정,공급중단,2024-05-10,2023-01-01~
세티리진염산염,세노바액(세티리진염산염),경구용액제,공급부족,2024-05-09,2023-01-01~
나프티핀염산염,일동엑소데릴액(나프티핀염산염),피부액제,공급부족,2024-05-09,2023-01-01~
"폴리트로핀알파(재조합-인간난포자극호르몬)(숙주:CHO DUKX-B11 cell line, 벡터 : pCLH3AXSV2DHFR(α-hFSH), pCLH3AXSV2ODC(β-hFSH),루트로핀알파(인황체형성호르몬)(유전자재조합)(숙주 : CHO-K1 cell line, 벡터 : p-CLH3AXSV2DHFR(α-hLH), p-CLH3AXSV2ODC(β-hLH)",퍼고베리스주,용액용동결건조분말주사제,공급부족,2024-05-07,2023-01-01~
코리오고나도트로핀알파(재조합태반성성선자극호르몬),오비드렐펜주(코리오고나도트로핀알파),용액주사제,공급부족,2024-05-07,2023-01-01~
아탈루렌,트랜스라나과립250밀리그램(아탈루렌),과립제,공급중단,2024-04-30,2023-01-01~
"트롬빈,피브리노겐",타코실,약물이포함된스폰지,공급부족,2024-04-30,2023-01-01~
아탈루렌,트랜스라나과립1000밀리그램(아탈루렌),과립제,공급중단,2024-04-30,2023-01-01~
"트롬빈,피브리노겐",타코실,약물이포함된스폰지,공급부족,2024-04-30,2023-01-01~
알리로쿠맙,프랄런트펜주150mg(알리로쿠맙),용액주사제,공급부족,2024-04-30,2023-01-01~
"트롬빈,피브리노겐",타코실,약물이포함된스폰지,공급부족,2024-04-30,2023-01-01~
아탈루렌,트랜스라나과립125밀리그램(아탈루렌),과립제,공급중단,2024-04-30,2023-01-01~
규산알루민산마그네슘,일양노이시린에이정(규산알루민산마그네슘),나정,공급중단,2024-04-25,2023-01-01~
이오버솔,옵티레이320울트라젝트주사(이오버솔),용액주사제,공급부족,2024-04-24,2023-01-01~
플루르비프로펜나트륨,바슈롬플루비프로펜나트륨점안액0.03%,점안용액제,공급중단,2024-04-24,2023-01-01~
L-아스파르트산-L-오르니틴수화물,파라멜산(L-아스파르트산-L-오르니틴수화물),용액용산제,공급중단,2024-04-24,2023-01-01~
피톨리산트염산염,와킥스필름코팅정5밀리그램(피톨리산트염산염),필름코팅정,공급중단,2024-04-19,2023-01-01~
피톨리산트염산염,와킥스필름코팅정20밀리그램(피톨리산트염산염),필름코팅정,공급중단,2024-04-19,2023-01-01~
"클레보프리드말산염,시메티콘",개스틴캡슐,"경질캡슐제, 산제",공급중단,2024-04-17,2023-01-01~
자가유래 피부섬유아세포,큐어스킨주(자가유래피부섬유아세포),현탁액주사제,공급중단,2024-04-17,2023-01-01~
시메트로퓸브롬화물,브로퓸주사(시메트로퓸브롬화물),용액주사제,공급중단,2024-04-11,2023-01-01~
리바비린,바이라미드캡슐200mg(리바비린)(수출명:일성리바비린캡슐200mg(리바비린)),"경질캡슐제, 산제",공급중단,2024-04-11,2023-01-01~
프리디놀메실산염,콘락스정2밀리그람(프리디놀메실산염),필름코팅정,공급중단,2024-04-11,2023-01-01~
리바비린,바이라미드캡슐100mg(리바비린),"경질캡슐제, 산제",공급중단,2024-04-11,2023-01-01~
시메트로퓸브롬화물,브로퓸주사(시메트로퓸브롬화물),용액주사제,공급중단,2024-04-11,2023-01-01~
카페시타빈,젤로빅정500밀리그램(카페시타빈),필름코팅정,공급부족,2024-04-08,2023-01-01~
카페시타빈,젤로빅정150밀리그램(카페시타빈),필름코팅정,공급부족,2024-04-08,2023-01-01~
"히알우론산나트륨,황산 콘드로이친 나트륨",비스코트점안액,점안주사제,공급부족,2024-04-03,2023-01-01~
트리암시놀론아세토니드,마카이드주(트리암시놀론아세토니드),점안주사제,공급부족,2024-04-03,2023-01-01~
"히알우론산나트륨,황산콘드로이틴나트륨","디스코비스크주(황산콘드로이틴나트륨, 히알루론산나트륨)",용액주사제,공급부족,2024-04-03,2023-01-01~
와파린나트륨,쿠파린정5밀리그램(와파린나트륨),나정,공급부족,2024-04-02,2023-01-01~
"클렌부테롤염산염,암브록솔염산염","암브로콜정(암브록솔,클렌부테롤)",나정,공급중단,2024-03-29,2023-01-01~
희석된니트로글리세린,앤지덤패취0.2밀리그람/시간(희석된니트로글리세린)(수출용),서방성경피흡수제,공급중단,2024-03-29,2023-01-01~
"염화나트륨,포도당일수화물,락트산나트륨액50%",이노엔디에스엘1:2:3주사액,수액제,공급중단,2024-03-28,2023-01-01~
로라제팜,아티반정1밀리그람(로라제팜),나정,공급부족,2024-03-26,2023-01-01~
익세키주맙,"탈츠프리필드시린지주(익세키주맙,유전자재조합)",용액주사제,공급중단,2024-03-21,2023-01-01~
프로프라놀롤염산염,테프라정40밀리그램(프로프라놀롤염산염),나정,공급중단,2024-03-19,2023-01-01~
결정글루코사민황산염,골사민캡슐(결정글루코사민황산염)(수출명 : NEOCOMIN),"경질캡슐제, 산제",공급중단,2024-03-19,2023-01-01~
에르투글리플로진L-피로글루탐산,스테글라트로정5밀리그램(에르투글리플로진L-피로글루탐산),필름코팅정,공급중단,2024-03-15,2023-01-01~
"시타글립틴인산염수화물,에르투글리플로진L-피로글루탐산",스테글루잔정5/100밀리그램,필름코팅정,공급중단,2024-03-15,2023-01-01~
트리메타지딘염산염,메타젠엠알서방정35밀리그램(트리메타지딘염산염),서방성필름코팅정,공급중단,2024-03-14,2023-01-01~
폴리트로핀알파(재조합-인간난포자극호르몬),"고날-에프펜300IU주(폴리트로핀알파, 유전자재조합)",용액주사제,공급부족,2024-03-11,2023-01-01~
폴리트로핀알파(재조합-인간난포자극호르몬),"고날-에프펜450IU주(폴리트로핀알파, 유전자재조합)",용액주사제,공급부족,2024-03-11,2023-01-01~
폴리트로핀알파(재조합-인간난포자극호르몬),"고날-에프펜900IU주(폴리트로핀알파,유전자재조합)",용액주사제,공급부족,2024-03-11,2023-01-01~
폴리트로핀알파(재조합-인간난포자극호르몬),"고날에프주75IU(5.5μg)(폴리트로핀알파,유전자재조합)",용액용동결건조분말주사제,공급중단,2024-03-08,2023-01-01~
지파미드,부광디유렉산정(지파미드),나정,공급중단,2024-03-06,2023-01-01~
플루티카손프로피오네이트(미분화),큐티베이트크림(플루티카손프로피오네이트(미분화)),피부크림제,공급중단,2024-03-06,2023-01-01~
카르보시스테인,뮤코론캡슐375밀리그램(카르보시스테인),"경질캡슐제, 산제",공급중단,2024-03-06,2023-01-01~
"폐렴구균다당류(혈청형 1, 4, 5, 6B, 7F, 9V, 14, 18C, 19F, 23F)-NTHi 단백질 D, 파상풍톡소이드, 디프테리아톡소이드 접합체 [균주: S. pneumoniae주](규격:혈청형별 각각 별규)",신플로릭스(폐렴구균 단백질 D(NTHi) 접합백신) 프리필드시린지,현탁액주사제,공급중단,2024-03-06,2023-01-01~
케토프로펜,부광케토프로펜주100밀리그램,용액주사제,공급중단,2024-03-06,2023-01-01~
베타메타손발레레이트,부광에몰액(베타메타손발레레이트),피부액제,공급중단,2024-03-06,2023-01-01~
인플릭시맵,"램시마펜주120mg(인플릭시맵)(단클론항체,유전자재조합)",용액주사제,공급중단,2024-03-05,2023-01-01~
세트로렐릭스아세트산염,세트로타이드주0.25밀리그램(세트로렐릭스아세트산염),용액용동결건조분말주사제,공급부족,2024-03-04,2023-01-01~
엘카토닌,엘카닌주(엘카토닌),용액주사제,공급부족,2024-03-04,2023-01-01~
플루오시노니드,나이드크림(플루오시노니드),피부크림제,공급중단,2024-03-04,2023-01-01~
엘카토닌,엘카닌주20아이유(엘카토닌),용액주사제,공급부족,2024-03-04,2023-01-01~
에스-아테놀롤,레보테놀정25밀리그람(에스아테놀롤),나정,공급중단,2024-02-29,2023-01-01~
다우노루비신염산염,다우노신주(다우노루비신염산염)(수출용),용액용동결건조분말주사제,공급중단,2024-02-29,2023-01-01~
S-아테놀롤,레보테놀정12.5밀리그람(에스아테놀롤),나정,공급중단,2024-02-29,2023-01-01~
세프카펜피복실염산염수화물,후로목스정100밀리그램(세프카펜피복실염산염수화물),필름코팅정,공급부족,2024-02-28,2023-01-01~
실데나필,세리비아세립50밀리그램(실데나필),세립,공급중단,2024-02-23,2023-01-01~
"로피나비르,리토나비르",칼레트라정,필름코팅정,공급중단,2024-02-23,2023-01-01~
온단세트론염산염수화물,조프란정8밀리그램(온단세트론염산염수화물),필름코팅정,공급부족,2024-02-21,2023-01-01~
"인산이수소나트륨일수화물,인산수소나트륨무수물",크리콜론에스정,나정,공급중단,2024-02-14,2023-01-01~
로라제팜,아티반정1밀리그람(로라제팜),나정,공급부족,2024-02-13,2023-01-01~
세티리진염산염,세노바액(세티리진염산염),경구용액제,공급부족,2024-02-13,2023-01-01~
멸균등장해수,피지오머비강세척액 스프레이 노즐(멸균등장해수)/피지오머비강세척액 젯 노즐(멸균등장해수),일반액상분무제,공급부족,2024-02-13,2023-01-01~
로라제팜,삼진로라제팜주,용액주사제,공급부족,2024-02-13,2023-01-01~
프리디놀메실산염,프라미날주사(프리디놀메실산염),용액주사제,공급중단,2024-02-07,2023-01-01~
프랄세티닙분무건조분산체,가브레토캡슐100밀리그램(프랄세티닙),"경질캡슐제, 산제",공급중단,2024-02-07,2023-01-01~
디히드록시디부틸에테르,가레오연질캡슐500밀리그램(디히드록시디부틸에테르),"연질캡슐제, 액상",공급중단,2024-02-07,2023-01-01~
디히드록시디부틸에테르,가레오연질캡슐(디히드록시디부틸에테르),"연질캡슐제, 액상",공급중단,2024-02-07,2023-01-01~
살부타몰황산염,벤토린흡입액(살부타몰황산염),"흡입제, 미분류",공급부족,2024-02-07,2023-01-01~
시프로플록사신염산염수화물,씨펙스점안액(시프로플록사신염산염수화물),점안용액제,공급중단,2024-02-06,2023-01-01~
실데나필,세리비아세립100밀리그램(실데나필),세립,공급중단,2024-02-05,2023-01-01~
"함수과산화벤조일,클린다마이신포스페이트",듀악겔3%,피부용겔제,공급부족,2024-02-05,2023-01-01~
트리암시놀론아세토니드,아프타치정(트리암시놀론아세토니드),지지체가있는첩부제,공급부족,2024-02-02,2023-01-01~
플루오레세인나트륨,후루오레사이트주사10%(플루오레세인나트륨)(바이알),점안주사제,공급부족,2024-02-01,2023-01-01~
"트롬빈,피브리노겐",타코실,약물이포함된스폰지,공급부족,2024-02-01,2023-01-01~
"트롬빈,피브리노겐",타코실,약물이포함된스폰지,공급부족,2024-02-01,2023-01-01~
"9-아미노아크리딘 운데실렌산,N-미리스틸-3-하이드록시부틸아민염산염,염화메틸벤제토늄",세나서트2밀리그람질정,질정,공급중단,2024-02-01,2023-01-01~
살리실산이미다졸,세르젠정(살리실산이미다졸),나정,공급중단,2024-01-31,2023-01-01~
트립토렐린아세트산염,데카펩틸-데포(트립토렐린아세트산염),서방성현탁액용분말주사제,공급부족,2024-01-31,2023-01-01~
에탐부톨염산염,탐부톨정400밀리그램(에탐부톨염산염)(수출용),필름코팅정,공급중단,2024-01-31,2023-01-01~
로라제팜,삼진로라제팜주,용액주사제,공급부족,2024-01-30,2023-01-01~
로라제팜,아티반정0.5밀리그람(로라제팜),나정,공급부족,2024-01-30,2023-01-01~
"아셀렌산나트륨오수화물,티아민염산염",티아셀포르테액,경구용액제,공급중단,2024-01-26,2023-01-01~
콘드로이틴설페이트나트륨,콘로인캡슐(콘드로이틴설페이트나트륨),"경질캡슐제, 산제",공급중단,2024-01-25,2023-01-01~
리팜피신,리팜핀캡슐300밀리그램(리팜피신)(수출명:리팜메디코),"경질캡슐제, 산제",공급중단,2024-01-24,2023-01-01~
리팜피신,리팜핀캡슐150밀리그램(리팜피신),"경질캡슐제, 산제",공급중단,2024-01-24,2023-01-01~
"벤지다민염산염,세틸피리디늄염화물수화물",가그린목액,가글제,공급중단,2024-01-24,2023-01-01~
"메트포르민염산염,알로글립틴 벤조산염",네시나메트정12.5/500밀리그램,필름코팅정,공급중단,2024-01-23,2023-01-01~
시타라빈,중외시타라빈바이알주사액,용액주사제,공급중단,2024-01-23,2023-01-01~
로라제팜,삼진로라제팜주,용액주사제,공급부족,2024-01-19,2023-01-01~
"클로르탈리돈,아질사르탄메독소밀칼륨",이달비클로정40/12.5밀리그램,필름코팅정,공급중단,2024-01-18,2023-01-01~
"글리메피리드,피오글리타존염산염",액토스릴정30/4밀리그램,다층정,공급중단,2024-01-17,2023-01-01~
아질사르탄메독소밀칼륨,이달비정40밀리그램(아질사르탄메독소밀칼륨),나정,공급중단,2024-01-17,2023-01-01~
사람면역글로불린-지,아이비글로불린에스엔주5%[말토즈 첨가 사람 면역글로불린(pH4.25)],용액주사제,공급부족,2024-01-17,2023-01-01~
알로글립틴 벤조산염,네시나정25밀리그램(알로글립틴벤조산염),필름코팅정,공급중단,2024-01-17,2023-01-01~
사람면역글로불린-지,아이비글로불린에스엔주10%(글리신 첨가 사람면역글로불린[pH4.8]),용액주사제,공급부족,2024-01-17,2023-01-01~
사람면역글로불린-지,아이비글로불린에스엔주10%(글리신 첨가 사람면역글로불린[pH4.8]),용액주사제,공급부족,2024-01-17,2023-01-01~
알로글립틴 벤조산염,네시나정12.5밀리그램(알로글립틴벤조산염),필름코팅정,공급중단,2024-01-17,2023-01-01~
"클로르탈리돈,아질사르탄메독소밀칼륨",이달비클로정40/25밀리그램,필름코팅정,공급중단,2024-01-17,2023-01-01~
아질사르탄메독소밀칼륨,이달비정80밀리그램(아질사르탄메독소밀칼륨),나정,공급중단,2024-01-17,2023-01-01~
사람면역글로불린-지,아이비글로불린에스엔주10%(글리신 첨가 사람면역글로불린[pH4.8]),용액주사제,공급부족,2024-01-17,2023-01-01~
사람면역글로불린-지,아이비글로불린에스엔주5%[말토즈 첨가 사람 면역글로불린(pH4.25)],용액주사제,공급부족,2024-01-17,2023-01-01~
"사스코로나바이러스-2 스파이크 단백질 발현 메신저 리보핵산(엘라소메란)(숙주: DIG315, 벡터: PL-022856),사스코로나바이러스-2 스파이크 단백질 발현 메신저 리보핵산(이멜라소메란)(숙주: DIG315, 벡터: PL-028274)","모더나스파이크박스2주(엘라소메란,이멜라소메란)(사스코로나바이러스-2 mRNA 백신)",현탁액주사제,공급중단,2024-01-17,2023-01-01~
"사스코로나바이러스-2 스파이크 단백질 발현 메신저 리보핵산(엘라소메란)(숙주: DIG315, 벡터: PL-022856),사스코로나바이러스-2 스파이크 단백질 발현 메신저 리보핵산(이멜라소메란)(숙주: DIG315, 벡터: PL-028274)","스파이크박스2주(엘라소메란,이멜라소메란)(사스코로나바이러스-2 mRNA 백신)",현탁액주사제,공급중단,2024-01-17,2023-01-01~
사람면역글로불린-지,아이비글로불린에스엔주10%(글리신 첨가 사람면역글로불린[pH4.8]),용액주사제,공급부족,2024-01-17,2023-01-01~
사람면역글로불린-지,아이비글로불린에스엔주5%[말토즈 첨가 사람 면역글로불린(pH4.25)],용액주사제,공급부족,2024-01-17,2023-01-01~
"글리메피리드,피오글리타존염산염",액토스릴정30/2밀리그램,다층정,공급중단,2024-01-17,2023-01-01~
"사스 코로나바이러스-2 스파이크 단백질 발현 메신저 리보핵산(숙주: DIG315, 벡터: PL-022856)",모더나스파이크박스주(사스코로나바이러스-2 mRNA 백신),용액주사제,공급중단,2024-01-17,2023-01-01~
"사스 코로나바이러스-2 스파이크 단백질 발현 메신저 리보핵산(숙주: DIG315, 벡터: PL-022856)",스파이크박스주(사스코로나바이러스-2 mRNA 백신),현탁액주사제,공급중단,2024-01-17,2023-01-01~
사람면역글로불린-지,아이비글로불린에스엔주10%(글리신 첨가 사람면역글로불린[pH4.8]),용액주사제,공급부족,2024-01-17,2023-01-01~
반데타닙,카프렐사정100밀리그램(반데타닙),필름코팅정,공급부족,2024-01-16,2023-01-01~
히드로코르티손,제이알히드로코르티손연고,피부연고제,공급중단,2024-01-16,2023-01-01~
반데타닙,카프렐사정300밀리그램(반데타닙),필름코팅정,공급부족,2024-01-16,2023-01-01~
푸로파라카인염산염,알카인0.5%점안액(푸로파라카인염산염),점안용액제,공급부족,2024-01-15,2023-01-01~
"히알우론산나트륨,황산콘드로이틴나트륨","디스코비스크주(황산콘드로이틴나트륨, 히알루론산나트륨)",용액주사제,공급부족,2024-01-15,2023-01-01~
클로람부실,류케란정(클로람부실),필름코팅정,공급부족,2024-01-15,2023-01-01~
재조합인간인터페론베타-1a,레비도즈프리필드펜44마이크로그램(재조합인터페론베타1a),용액주사제,공급부족,2024-01-12,2023-01-01~
몬테루카스트나트륨,몬테루칸속붕해정10밀리그램(몬테루카스트나트륨),구강붕해정,공급부족,2024-01-11,2023-01-01~
졸미트립탄,조믹정2.5밀리그램(졸미트립탄),필름코팅정,공급부족,2024-01-11,2023-01-01~
디아제팜,대원디아제팜주사액(수출명:데팜주사액(디아제팜)),용액주사제,공급중단,2024-01-09,2023-01-01~
아달리무맙,"아달로체프리필드시린지주40밀리그램(아달리무맙,유전자재조합)",용액주사제,공급중단,2024-01-08,2023-01-01~
아세틸시스테인,"세브론시럽(아세틸시스테인)(수출명:뮤시스틴시럽,스파탐시럽)",액상시럽제,공급부족,2024-01-08,2023-01-01~
세프부페라존이수화물,한올토미포란주500밀리그램(세프부페라존나트륨),용액용분말주사제,공급중단,2024-01-08,2023-01-01~
아달리무맙,"아달로체프리필드펜주40밀리그램(아달리무맙,유전자재조합)",용액주사제,공급중단,2024-01-08,2023-01-01~
에탐부톨염산염,튜톨정800밀리그램(에탐부톨염산염),필름코팅정,공급중단,2024-01-05,2023-01-01~
둘라글루타이드,"트루리시티 0.75밀리그램/0.5밀리리터(둘라글루타이드,유전자재조합) 일회용 펜",용액주사제,공급부족,2024-01-04,2023-01-01~
티니다졸,파소질정300밀리그람(티니다졸),필름코팅정,공급중단,2024-01-03,2023-01-01~
아카보즈,글루코바이정50밀리그람(아카보즈),나정,공급중단,2023-12-22,2023-01-01~
아카보즈,글루코바이정100밀리그람(아카보즈),나정,공급중단,2023-12-22,2023-01-01~
리스페리돈,리스피돈오디정1밀리그램(리스페리돈),구강붕해정,공급중단,2023-12-21,2023-01-01~
리스페리돈,리스피돈오디정2밀리그램(리스페리돈),구강붕해정,공급중단,2023-12-21,2023-01-01~
아지트로마이신수화물,아지탑스주사500밀리그램(아지트로마이신수화물),용액용분말주사제,공급부족,2023-12-21,2023-01-01~
폴리네이트칼슘,페르본정(폴리네이트칼슘),나정,공급중단,2023-12-15,2023-01-01~
세프록사딘수화물,타이록신캡슐(세프록사딘수화물),"경질캡슐제, 산제",공급중단,2023-12-15,2023-01-01~
"디메티콘,구아야줄렌",지겔트라현탁액,경구용현탁액제,공급중단,2023-12-15,2023-01-01~
알글루코시다제 알파(재조합 인간 효소 산성 알파-글루코시다제),마이오자임주(알글루코시다제알파),용액용동결건조분말주사제,공급중단,2023-12-15,2023-01-01~
덱스판테놀,비사진나잘스프레이(덱스판테놀),정량액상분무제,공급중단,2023-12-13,2023-01-01~
옥사토마이드,옥사틴정(옥사토마이드),나정,공급중단,2023-12-06,2023-01-01~
라모세트론염산염,이리보정5마이크로그램(라모세트론염산염),필름코팅정,공급중단,2023-11-30,2023-01-01~
묽은니트로글리세린,페링가니트0.1%주사(니트로글리세린),용액주사제,공급중단,2023-11-30,2023-01-01~
라모세트론염산염,이리보정2.5마이크로그램(라모세트론염산염),필름코팅정,공급중단,2023-11-30,2023-01-01~
플라복세이트염산염,제일스파게린정(플라복세이트염산염),당의정,공급중단,2023-11-17,2023-01-01~
페린도프릴-t-부틸아민,아서프릴정4밀리그램(페린도프릴-t-부틸아민),나정,공급부족,2023-11-17,2023-01-01~
부틸스코폴라민브롬화물,부스코판당의정(부틸스코폴라민브롬화물),당의정,공급중단,2023-11-15,2023-01-01~
베타메타손,신일베타메타손정,나정,공급중단,2023-11-15,2023-01-01~
탄산리튬,아이소렐에이60밀리그램주사액[비스쿰알붐(아종:아비에티스) 60밀리그램에서 추출한 수용성엑스],나정,공급부족,2023-11-14,2023-01-01~
로라제팜,삼진로라제팜주,용액주사제,공급부족,2023-11-13,2023-01-01~
로라제팜,삼진로라제팜주,용액주사제,공급부족,2023-11-13,2023-01-01~
L-카르니틴,아이소렐에이36밀리그램 주사액 [비스쿰알붐 (아종: 아비에티스) 60밀리그램에서 추출한수용성엑스],경구용액제,공급부족,2023-11-10,2023-01-01~
"스피라마이신,메트로니다졸",로도질정,필름코팅정,공급중단,2023-11-10,2023-01-01~
폴리네이트칼슘,화이자류코보린주(폴리네이트칼슘),용액주사제,공급중단,2023-11-08,2023-01-01~
베네토클락스,벤클렉스타정100밀리그램(베네토클락스),필름코팅정,공급부족,2023-11-08,2023-01-01~
치오펜탈나트륨,펜토탈소디움0.5그램주(치오펜탈나트륨),용액용동결건조분말주사제,공급중단,2023-11-08,2023-01-01~
폴리네이트칼슘,페르본주사50밀리그람(폴리네이트칼슘),용액주사제,공급중단,2023-11-02,2023-01-01~
약용탄,차코트레이스주(약용탄),현탁액주사제,공급중단,2023-11-02,2023-01-01~
폴리네이트칼슘,페르본주사100밀리그람(폴리네이트칼슘),용액주사제,공급중단,2023-11-02,2023-01-01~
글리피지드,다이그린정(글리피지드),나정,공급중단,2023-11-02,2023-01-01~
모보서티닙숙신산염,엑스키비티캡슐40밀리그램(모보서티닙숙신산염),"경질캡슐제, 산제",공급중단,2023-10-31,2023-01-01~
"아스피린,디피리다몰",스트록스타서방캡슐,"서방성캡슐제, 펠렛",공급중단,2023-10-30,2023-01-01~
E.coli strain Nissle 1917의 Biomass,뮤타플로현탁액 (E.coli strain Nissle 1917),경구용현탁액제,공급중단,2023-10-27,2023-01-01~
주사용아스피린리신90%,알타질주(주사용아스피린리신90%),용액용분말주사제,공급부족,2023-10-27,2023-01-01~
E.coli strain Nissle 1917의 동결건조물,뮤타플로캡슐(E.coli strain Nissle 1917의 동결건조물),"경질캡슐제, 산제",공급중단,2023-10-27,2023-01-01~
미토테인,리소드렌정500밀리그람(미토테인),나정,공급부족,2023-10-27,2023-01-01~
프로게스테론,크리논겔8%(프로게스테론),질용겔제,공급부족,2023-10-24,2023-01-01~
디-페니실라민,알타민캡슐250밀리그램(디-페니실라민),"경질캡슐제, 산제",공급부족,2023-10-24,2023-01-01~
장티푸스균 정제브이아이 협막 폴리사카라이드 (균주명: Salmonella typhi Ty2),지로티프-주(정제브이아이장티푸스백신)(수출명 : TYPHIX Injection),용액주사제,공급중단,2023-10-23,2023-01-01~
니세르골린,사미온정(니세르골린),당의정,공급부족,2023-10-15,2023-01-01~
니세르골린,사미온정(니세르골린),당의정,공급부족,2023-10-15,2023-01-01~
"프레드니솔론,네오마이신황산염",더마스톤지크림,피부크림제,공급중단,2023-10-12,2023-01-01~
마페니드아세트산염,메페드크림(마페니드아세트산염),피부크림제,공급중단,2023-10-12,2023-01-01~
엘-아스파라기나제,에르위나제주(엘-아스파라기나제),용액용동결건조분말주사제,공급부족,2023-10-11,2023-01-01~
글루콘산제이철나트륨착염,훼리탑캡슐(글루콘산제이철나트륨착염),"경질캡슐제, 산제",공급부족,2023-09-27,2023-01-01~
베시포비르디피복실말레산염,베시보정(베시포비르디피복실말레산염),나정,공급부족,2023-09-27,2023-01-01~
미세올란자핀,자이프렉사자이디스확산정5밀리그램(미세올란자핀),구강붕해정,공급중단,2023-09-27,2023-01-01~
미세올란자핀,자이프렉사자이디스확산정10밀리그램(미세올란자핀),구강붕해정,공급중단,2023-09-27,2023-01-01~
피모짓,명인피모짓정1밀리그램(수출용),나정,공급중단,2023-09-25,2023-01-01~
D-만니톨,중외15%만니톨주사액,수액제,공급중단,2023-09-15,2023-01-01~
"인슐린데글루덱,리라글루티드",줄토피플렉스터치주,용액주사제,공급부족,2023-09-15,2023-01-01~
트라마돌염산염,지트람엑스엘서방정150밀리그람(트라마돌염산염),서방성필름코팅정,공급부족,2023-09-14,2023-01-01~
프랄라트렉세이트,폴로틴주사20mg/ml(프랄라트렉세이트),용액주사제,공급중단,2023-09-14,2023-01-01~
트라마돌염산염,지트람엑스엘서방정200밀리그람(트라마돌염산염),서방성필름코팅정,공급부족,2023-09-14,2023-01-01~
과붕산나트륨,페라세이프(과붕산나트륨),체외,공급중단,2023-09-12,2023-01-01~
플로목세프나트륨,일동후루마린주사0.5그램(플로목세프나트륨),용액용동결건조분말주사제,공급부족,2023-09-12,2023-01-01~
사람면역글로불린-지,아이비글로불린에스엔주10%(글리신 첨가 사람면역글로불린[pH4.8]),용액주사제,공급부족,2023-09-08,2023-01-01~
졸미트립탄,조믹정2.5밀리그램(졸미트립탄),필름코팅정,공급부족,2023-09-06,2023-01-01~
세티리진염산염,세노바액(세티리진염산염),경구용액제,공급부족,2023-09-06,2023-01-01~
다나졸,영풍다나졸200mg캡슐,"경질캡슐제, 산제",공급부족,2023-09-04,2023-01-01~
부프레노르핀,트랜스텍패취52.5μg/h(부프레노르핀),경피흡수제,공급중단,2023-08-29,2023-01-01~
부프레노르핀,트랜스텍패취70μg/h(부프레노르핀),경피흡수제,공급중단,2023-08-29,2023-01-01~
부프레노르핀,트랜스텍패취35μg/h(부프레노르핀),경피흡수제,공급중단,2023-08-29,2023-01-01~
라로트렉티닙황산염,비트락비액(라로트렉티닙황산염),경구용액제,공급부족,2023-08-18,2023-01-01~
바실릭시맙,"씨뮬렉트주사(바실릭시맙)(단클론항체,유전자재조합)",용액용동결건조분말주사제,공급부족,2023-08-18,2023-01-01~
비스쿰알붐 (아종: 아비에티스) 60밀리그램에서 추출한 수용성엑스,아이소렐에이6밀리그램 주사액 [비스쿰알붐 (아종: 아비에티스) 60밀리그램에서 추출한 수용성엑스],용액주사제,공급중단,2023-08-11,2023-01-01~
비스쿰알붐 (아종: 아비에티스) 60밀리그램에서 추출한 수용성엑스,아이소렐 에이 24밀리그램 주사액 [비스쿰알붐(아종: 아비에티스 60밀리그램에서 추출한수용성엑스],용액주사제,공급중단,2023-08-11,2023-01-01~
비스쿰알붐 (아종: 아비에티스) 60밀리그램에서 추출한 수용성엑스,아이소렐에이12밀리그램 주사액 [비스쿰알붐(아종: 아비에티스) 60밀리그램에서 추출한 수용성엑스],용액주사제,공급중단,2023-08-11,2023-01-01~
비스쿰알붐 (아종: 아비에티스) 60밀리그램에서 추출한 수용성엑스,아이소렐에이1밀리그램 주사액 [비스쿰알붐 (아종: 아비에티스) 60밀리그램에서 추출한 수용성엑스],용액주사제,공급중단,2023-08-10,2023-01-01~
밀리논,프리마코주(밀리논),용액주사제,공급부족,2023-08-10,2023-01-01~
슈가마덱스나트륨,브리디온주(슈가마덱스나트륨),용액주사제,공급중단,2023-08-09,2023-01-01~
세티리진염산염,세노바액(세티리진염산염),경구용액제,공급부족,2023-08-08,2023-01-01~
인슐린아스파트,노보래피드주100단위/밀리리터(인슐린아스파트),용액주사제,공급부족,2023-08-01,2023-01-01~
"페노피브레이트,프라바스타틴나트륨",프라바페닉스캡슐,"경질캡슐제, 과립제정제",공급중단,2023-07-31,2023-01-01~
포도당,디아솔에스액(포도당),경구용액제,공급중단,2023-07-25,2023-01-01~
콜린알포세레이트,그리아산제(콜린알포세레이트),산제,공급중단,2023-07-25,2023-01-01~
카보머,시카플루이드점안겔(카보머),피부용겔제,공급부족,2023-07-24,2023-01-01~
피나베륨브롬화물,핀베린정(피나베륨브롬화물),필름코팅정,공급중단,2023-07-24,2023-01-01~
피나베륨브롬화물,핀베린정(피나베륨브롬화물),필름코팅정,공급중단,2023-07-24,2023-01-01~
아세틸시스테인,"세브론시럽(아세틸시스테인)(수출명:뮤시스틴시럽,스파탐시럽)",액상시럽제,공급부족,2023-07-21,2023-01-01~
"탄산수소나트륨,타르타르산",로바스과립,발포과립제,공급중단,2023-07-21,2023-01-01~
아트로핀황산염수화물,알콘아트로핀황산염1%점안제(아트로핀황산염수화물),점안용액제,공급부족,2023-07-20,2023-01-01~
플루오레세인나트륨,후루오레사이트주사10%(플루오레세인나트륨)(바이알),점안주사제,공급부족,2023-07-20,2023-01-01~
이소소르비드이질산염,이소켓스프레이(이소소르비드이질산염),일반액상분무제,공급중단,2023-07-19,2023-01-01~
옥시토신농축액,중외옥시토신주,용액주사제,공급부족,2023-07-17,2023-01-01~
옥시코돈염산염,오코돈서방정40밀리그램(옥시코돈염산염),서방성필름코팅정,공급부족,2023-07-17,2023-01-01~
"설파메톡사졸,트리메토프림",코트림주사액,용액주사제,공급중단,2023-07-14,2023-01-01~
카페시타빈,젤로다정500밀리그램(카페시타빈),필름코팅정,공급부족,2023-07-13,2023-01-01~
L-카르니틴,엘칸액(엘-카르니틴),경구용액제,공급부족,2023-07-12,2023-01-01~
아지트로마이신수화물,지스로맥스건조시럽(아지트로마이신수화물),"건조시럽제, 산제",공급부족,2023-07-12,2023-01-01~
푸로파라카인염산염,알카인0.5%점안액(푸로파라카인염산염),점안용액제,공급부족,2023-07-12,2023-01-01~
"히알우론산나트륨,황산 콘드로이친 나트륨",비스코트점안액,점안주사제,공급부족,2023-07-12,2023-01-01~
트라조돈염산염,트리티코서방정75밀리그람(트라조돈염산염),서방정,공급중단,2023-07-10,2023-01-01~
카르보시스테인,리나치올시럽(카르보시스테인)(수출명:HyundiolSyrup),액상시럽제,공급중단,2023-06-30,2023-01-01~
지프라시돈염산염 일수화물,젤독스캡슐60밀리그램(지프라시돈염산염일수화물),"경질캡슐제, 산제",공급부족,2023-06-29,2023-01-01~
아세브로필린,설포라제CR서방정(아세브로필린) ,서방성필름코팅정,공급중단,2023-06-27,2023-01-01~
간시클로버,싸이메빈정주(간시클로버),용액용동결건조분말주사제,공급부족,2023-06-22,2023-01-01~
이소소르비드이질산염,이소켓스프레이(이소소르비드이질산염),일반액상분무제,공급부족,2023-06-21,2023-01-01~
디-페니실라민,알타민캡슐150밀리그램(디-페니실라민),"경질캡슐제, 산제",공급부족,2023-06-20,2023-01-01~
트레티노인,스티바에이크림0.05%(트레티노인),피부크림제,공급중단,2023-06-19,2023-01-01~
그라니세트론염산염,그라트릴오디정(그라니세트론염산염),구강붕해정,공급중단,2023-06-14,2023-01-01~
카르베딜롤과립,딜라트렌에스알캡슐64밀리그램(카르베딜롤),"서방성캡슐제, 펠렛",공급부족,2023-06-14,2023-01-01~
독소루비신염산염,일동아드리아마이신알.디.에프.주사50밀리그램(독소루비신염산염),용액용동결건조분말주사제,공급중단,2023-06-13,2023-01-01~
덱스라족산,카디옥산주500밀리그램(덱스라족산),용액용동결건조분말주사제,공급부족,2023-06-13,2023-01-01~
수두사람면역글로불린,녹십자-수두사람면역글로불린주,용액주사제,공급부족,2023-06-07,2023-01-01~
단트롤렌나트륨수화물,아노렉스캡슐25밀리그램(단트롤렌나트륨수화물),"경질캡슐제, 산제",공급부족,2023-06-02,2023-01-01~
설타미실린토실산염수화물,유나신정375mg(설타미실린토실산염수화물),필름코팅정,공급중단,2023-06-02,2023-01-01~
세프카펜피복실염산염수화물,후로목스정100밀리그램(세프카펜피복실염산염수화물),필름코팅정,공급부족,2023-06-01,2023-01-01~
미분화부데소니드,부데코트흡입액(미분화부데소니드),정량현탁분무제,공급중단,2023-06-01,2023-01-01~
에파비렌즈,스토크린정600밀리그램(에파비렌즈),필름코팅정,공급중단,2023-05-31,2023-01-01~
클로파지민,라프렌연질캡슐50밀리그램(클로파지민),"연질캡슐제, 액상",공급부족,2023-05-26,2023-01-01~
사람면역글로불린-지,아이비글로불린에스엔주10%(글리신 첨가 사람면역글로불린[pH4.8]),용액주사제,공급부족,2023-05-26,2023-01-01~
세프카펜피복실염산염수화물,소아용후로목스세립(세프카펜피복실염산염수화물),세립,공급부족,2023-05-23,2023-01-01~
트라벡테딘,욘델리스주사1.0밀리그램(트라벡테딘),용액용동결건조분말주사제,공급부족,2023-05-23,2023-01-01~
오르니다졸,토미졸주(오르니다졸),용액주사제,공급중단,2023-05-23,2023-01-01~
세프카펜피복실염산염수화물,후로목스정100밀리그램(세프카펜피복실염산염수화물),필름코팅정,공급부족,2023-05-23,2023-01-01~
플루바스타틴나트륨,자이렙엑스엘서방정(플루바스타틴나트륨),서방성필름코팅정,공급중단,2023-05-23,2023-01-01~
사람면역글로불린-지,아이비글로불린에스엔주10%(글리신 첨가 사람면역글로불린[pH4.8]),용액주사제,공급부족,2023-05-22,2023-01-01~
사람면역글로불린-지,아이비글로불린에스엔주10%(글리신 첨가 사람면역글로불린[pH4.8]),용액주사제,공급부족,2023-05-22,2023-01-01~
"부데소니드,살메테롤지나포산염(미분화)",제피러스흡입용캡슐300/25마이크로그램,"정량흡입제, 분말제",공급중단,2023-05-19,2023-01-01~
니프라딜롤,현대하이파딜점안액(니프라딜롤),점안용액제,공급부족,2023-05-19,2023-01-01~
"부데소니드,살메테롤지나포산염(미분화)",제피러스흡입용캡슐150/25마이크로그램,"정량흡입제, 분말제",공급중단,2023-05-19,2023-01-01~
"황산아연수화물,프라목신염산염",헤모렉스좌제,"항문용좌제, 수용성",공급중단,2023-05-17,2023-01-01~
세프티족심나트륨,종근당세프티족심주1그램(세프티족심나트륨)(수출명:웰족스주1그램),용액용분말주사제,공급중단,2023-05-17,2023-01-01~
락티톨수화물,포탈락산(락티톨수화물),산제,공급중단,2023-05-16,2023-01-01~
락티톨수화물,유한락티톨산,산제,공급중단,2023-05-16,2023-01-01~
브롬화이프라트로피움일수화물,아벤트로흡입액(브롬화이프라트로피움일수화물),일반액상분무제,공급중단,2023-05-15,2023-01-01~
몬테루카스트나트륨,몬테루칸속붕해정4밀리그램(몬테루카스트나트륨),구강붕해정,공급부족,2023-05-10,2023-01-01~
몬테루카스트나트륨,몬테루칸속붕해정5밀리그램(몬테루카스트나트륨),구강붕해정,공급부족,2023-05-10,2023-01-01~
케토롤락트로메타민염,키톨락점안액0.5%(케토롤락트로메타민염),점안용액제,공급중단,2023-05-08,2023-01-01~
펜타스타치,제일펜타스타치10%주,수액제,공급중단,2023-04-28,2023-01-01~
네오스티그민메틸황산염,제일제약네오스티그민메틸황산염주,용액주사제,공급중단,2023-04-28,2023-01-01~
트라넥삼산,트렌자민주250밀리그람(트라넥삼산),용액주사제,공급중단,2023-04-28,2023-01-01~
페노바르비탈나트륨,제일페노바르비탈주사액(페노바르비탈나트륨),용액주사제,공급중단,2023-04-27,2023-01-01~
세픽심수화물,포세프산(세픽심수화물)(수출명:세프파산),산제,공급중단,2023-04-27,2023-01-01~
플루오시놀론아세토니드,레티서트이식정(플루오시놀론아세토니드),"서방형이식제, 국소용",공급중단,2023-04-27,2023-01-01~
프랄리독심염화물,"파무정(프랄리독심염화물,수출명:PralidoximChlorideTab.)",나정,공급중단,2023-04-26,2023-01-01~
"레보티록신나트륨수화물,리오티로닌나트륨",콤지로이드정(부광리오트릭스정),나정,공급중단,2023-04-25,2023-01-01~
사람면역글로불린-지,아이비글로불린에스엔주10%(글리신 첨가 사람면역글로불린[pH4.8]),용액주사제,공급부족,2023-04-21,2023-01-01~
아세틸시스테인,"세브론시럽(아세틸시스테인)(수출명:뮤시스틴시럽,스파탐시럽)",액상시럽제,공급부족,2023-04-20,2023-01-01~
시메티콘 산,파자임에어프리츄어블정(시메티콘산),추어블정(저작정),공급중단,2023-04-14,2023-01-01~
과당,중외5%과당주사액,수액제,공급중단,2023-04-13,2023-01-01~
라스부리카제,패스터텍주1.5밀리그램(라스부리카제),용액용동결건조분말주사제,공급부족,2023-04-13,2023-01-01~
오자그렐나트륨,키산본에스주사액(오자그렐나트륨),용액주사제,공급중단,2023-04-13,2023-01-01~
"과당,농글리세린",세롤주,수액제,공급중단,2023-04-13,2023-01-01~
"과당,염화나트륨,염화칼륨,염화칼슘수화물",게라토스주,수액제,공급중단,2023-04-13,2023-01-01~
미코페놀레이트모페틸,셀셉트현탁용분말1g/5ml(미코페놀레이트모페틸),현탁액용산제,공급중단,2023-04-12,2023-01-01~
심바스타틴,심바스트씨알정(심바스타틴),서방성필름코팅정,공급중단,2023-04-12,2023-01-01~
락트산암모늄액,쿨락트암모늄로션12%(락트산암모늄액),피부로션제,공급부족,2023-04-10,2023-01-01~
세프테졸나트륨,신풍세프테졸나트륨주,용액용분말주사제,공급중단,2023-04-07,2023-01-01~
세프테졸나트륨,신풍세프테졸나트륨주500밀리그램,용액용분말주사제,공급중단,2023-04-07,2023-01-01~
코르티코렐린트리플루오로아세트산염,씨알에이치페링(코르티코렐린트리플루오로아세트산염),용액용분말주사제,공급중단,2023-04-06,2023-01-01~
프리마퀸인산염,말라프리정(프리마퀸인산염),필름코팅정,공급중단,2023-04-06,2023-01-01~
트레티노인,베사노이드연질캡슐10밀리그램(트레티노인),"연질캡슐제, 액상",공급부족,2023-04-06,2023-01-01~
나프티핀염산염,일동엑소데릴액(나프티핀염산염),피부액제,공급부족,2023-04-05,2023-01-01~
세프테졸나트륨,세트라졸주사500밀리그램(세프테졸나트륨),용액용분말주사제,공급중단,2023-04-04,2023-01-01~
세프테졸나트륨,세트라졸주사1그램(세프테졸나트륨),용액용분말주사제,공급중단,2023-04-04,2023-01-01~
지페프롤염산염,레스피렌정 37.5밀리그람(지페프롤염산염),나정,공급중단,2023-04-04,2023-01-01~
세프테졸나트륨,세트라졸주사2그램(세프테졸나트륨),용액용분말주사제,공급중단,2023-04-04,2023-01-01~
세프카펜피복실염산염수화물,후로목스정75밀리그램(세프카펜피복실염산염수화물),필름코팅정,공급부족,2023-04-04,2023-01-01~
디아족사이드,아이벡스프로글리셈현탁액,경구용현탁액제,공급중단,2023-04-04,2023-01-01~
아세트산아연이수화물,윌리진캡슐50밀리그램(아세트산아연이수화물),"경질캡슐제, 산제",공급중단,2023-03-31,2023-01-01~
"염화나트륨,염화칼륨,염화칼슘이수화물,히드록시에칠전분,말산,염화마그네슘육수화물,아세트산나트륨수화물",테트라스판주10%,용액주사제,공급중단,2023-03-28,2023-01-01~
"염화나트륨,염화칼륨,염화칼슘이수화물,히드록시에칠전분,말산,염화마그네슘육수화물,아세트산나트륨수화물",테트라스판주6%,수액제,공급중단,2023-03-28,2023-01-01~
리스페리돈서방성미립구,리스페달콘스타주사25밀리그람(리스페리돈),서방성현탁액용분말주사제,공급중단,2023-03-28,2023-01-01~
리스페리돈서방성미립구,리스페달콘스타주사37.5밀리그람(리스페리돈),서방성현탁액용분말주사제,공급중단,2023-03-28,2023-01-01~
로메플록사신염산염,로메프론안과이과용액(로메플록사신염산염),점안용액제,공급중단,2023-03-23,2023-01-01~
인슐린라이스프로,휴마로그주100단위/밀리리터(인슐린라이스프로),용액주사제,공급부족,2023-03-23,2023-01-01~
세프카펜피복실염산염수화물,후로목스정100밀리그램(세프카펜피복실염산염수화물),필름코팅정,공급부족,2023-03-22,2023-01-01~
소마토스타틴아세트산염,소마토산주(소마토스타틴아세트산염),용액용동결건조분말주사제,공급중단,2023-03-21,2023-01-01~
플루오시노니드,라이덱스크림(플루오시노니드),피부크림제,공급중단,2023-03-17,2023-01-01~
아타자나비르황산염,레야타즈캡슐200밀리그램(아타자나비르황산염),"경질캡슐제, 과립제",공급중단,2023-03-17,2023-01-01~
리산키주맙,"스카이리치프리필드시린지주(리산키주맙,유전자재조합)",용액주사제,공급중단,2023-03-16,2023-01-01~
아트로핀황산염수화물,알콘아트로핀황산염1%점안제(아트로핀황산염수화물),점안용액제,공급부족,2023-03-15,2023-01-01~
스피로노락톤,알닥톤필름코팅정25밀리그람(스피로노락톤),필름코팅정,공급부족,2023-03-15,2023-01-01~
"레보티록신나트륨수화물,리오티로닌나트륨",콤지로이드정(부광리오트릭스정),나정,공급부족,2023-03-10,2023-01-01~
니트로푸라존,큐앤큐니트로푸라존거즈,약물이포함된거즈,공급중단,2023-03-10,2023-01-01~
옥시코돈염산염,옥시콘틴서방정40밀리그램(옥시코돈염산염),서방성필름코팅정,공급부족,2023-03-08,2023-01-01~
네오스티그민메틸황산염,대한네오스티그민메틸황산염주사액,용액주사제,공급중단,2023-03-08,2023-01-01~
옥시코돈염산염,옥시콘틴서방정80mg(옥시코돈염산염),서방성필름코팅정,공급부족,2023-03-08,2023-01-01~
옥시코돈염산염,옥시콘틴서방정20밀리그램(옥시코돈염산염),서방성필름코팅정,공급부족,2023-03-08,2023-01-01~
옥시코돈염산염,옥시콘틴서방정10밀리그램(옥시코돈염산염),서방성필름코팅정,공급부족,2023-03-08,2023-01-01~
"설파메톡사졸,트리메토프림",세바트림주,용액주사제,공급중단,2023-03-06,2023-01-01~
메노트로핀에이치피,메노푸어주(메노트로핀에이치피),용액용동결건조분말주사제,공급중단,2023-03-03,2023-01-01~
"이소프로판올,메노트로핀에이치피",메노푸어멀티도즈600IU(메노트로핀에이치피),용액용동결건조분말주사제,공급중단,2023-03-03,2023-01-01~
피페라실린나트륨,페라씰린주2그람(주사용:피페라실린나트륨)(수출명:삼씰린주2그람(주사용:피페라실린나트륨),용액용동결건조분말주사제,공급중단,2023-02-28,2023-01-01~
히드랄라진염산염,삼진히드랄라진염산염정,필름코팅정,공급중단,2023-02-27,2023-01-01~
히드랄라진염산염,삼진히드랄라진염산염주사,용액주사제,공급중단,2023-02-27,2023-01-01~
루비프로스톤,아미티자연질캡슐24마이크로그램(루비프로스톤),"연질캡슐제, 액상",공급중단,2023-02-24,2023-01-01~
엘아스파라기나제,로이나제주(엘아스파라기나제),용액용분말주사제,공급중단,2023-02-22,2023-01-01~
메플로퀸염산염,라리암정250밀리그램(메플로퀸염산염),나정,공급부족,2023-02-20,2023-01-01~
지프라시돈염산염 일수화물,젤독스캡슐40밀리그램(지프라시돈염산염일수화물),"경질캡슐제, 산제",공급부족,2023-02-15,2023-01-01~
덱사메타손,덱사코티실정(덱사메타손),나정,공급중단,2023-02-15,2023-01-01~
테스토스테론,토스트렉스겔2%(테스토스테론),피부용겔제,공급중단,2023-02-15,2023-01-01~
데스모프레신아세트산염,데소닉스구강용해필름0.2밀리그램(데스모프레신아세트산염),구강붕해필름,공급중단,2023-02-15,2023-01-01~
데스모프레신아세트산염,데소닉스구강용해필름0.1밀리그램(데스모프레신아세트산염),구강붕해필름,공급중단,2023-02-15,2023-01-01~
콜레스티라민레진,보령퀘스트란현탁용산(콜레스티라민레진),현탁액용산제,공급중단,2023-02-14,2023-01-01~
"무수구연산,포도당,구연산나트륨",보인에이.씨.디.에이액,혈액항응고보존액제,공급중단,2023-02-13,2023-01-01~
프라미펙솔염산염일수화물,프라펙솔서방정1.5밀리그램(프라미펙솔염산염일수화물),서방정,공급부족,2023-02-13,2023-01-01~
프라미펙솔염산염일수화물,프라펙솔서방정0.75밀리그램(프라미펙솔염산염일수화물),서방정,공급부족,2023-02-13,2023-01-01~
이다루비신염산염,이다루주5밀리그램(이다루비신염산염),용액용동결건조분말주사제,공급중단,2023-02-13,2023-01-01~
프라미펙솔염산염일수화물,미라펙스서방정0.75밀리그램(프라미펙솔염산염일수화물),서방정,공급중단,2023-02-10,2023-01-01~
와파린나트륨,제일와파린정(와파린나트륨),나정,공급중단,2023-02-10,2023-01-01~
트리암시놀론아세토니드,트리코트크림0.1%(트리암시놀론아세토니드),피부크림제,공급중단,2023-02-10,2023-01-01~
이데베논,락손필름코팅정150밀리그램(이데베논),필름코팅정,공급중단,2023-02-10,2023-01-01~
프라미펙솔염산염일수화물,미라펙스서방정0.375밀리그램(프라미펙솔염산염일수화물),서방정,공급중단,2023-02-10,2023-01-01~
"부데소니드(미분화),포르모테롤푸마르산염수화물",심비코트터부헬러80/4.5마이크로그램,"흡입제, 미분류",공급중단,2023-02-07,2023-01-01~
"엘바스비르,그라조프레비르",제파티어정,필름코팅정,공급중단,2023-02-06,2023-01-01~
프라미펙솔염산염일수화물,프라펙솔정0.25밀리그램(프라미펙솔염산염일수화물),나정,공급부족,2023-02-06,2023-01-01~
엔타카폰,엔타폰정200밀리그램(엔타카폰),필름코팅정,공급중단,2023-02-01,2023-01-01~
젖산암모늄액,타로암모늄락테이트로션12%(젖산암모늄액),피부로션제,공급중단,2023-01-31,2023-01-01~
아클라토늄나파디실산염,아크라톤정50밀리그램(아클라토늄나파디실산염),당의정,공급중단,2023-01-31,2023-01-01~
아토목세틴염산염,스트라테라캡슐40밀리그램(아토목세틴염산염),"경질캡슐제, 산제",공급중단,2023-01-30,2023-01-01~
아토목세틴염산염,스트라테라캡슐10밀리그램(아토목세틴염산염),"경질캡슐제, 산제",공급중단,2023-01-30,2023-01-01~
아토목세틴염산염,스트라테라캡슐25밀리그램(아토목세틴염산염),"경질캡슐제, 산제",공급중단,2023-01-30,2023-01-01~
아토목세틴염산염,스트라테라캡슐18밀리그램(아토목세틴염산염),"경질캡슐제, 산제",공급중단,2023-01-30,2023-01-01~
아토목세틴염산염,스트라테라캡슐80밀리그램(아토목세틴염산염),"경질캡슐제, 산제",공급중단,2023-01-30,2023-01-01~
미녹시딜,마이녹실겔3%(미녹시딜),샴푸,공급중단,2023-01-30,2023-01-01~
아토목세틴염산염,스트라테라캡슐60밀리그램(아토목세틴염산염),"경질캡슐제, 산제",공급중단,2023-01-30,2023-01-01~
지프라시돈염산염 일수화물,젤독스캡슐80밀리그램(지프라시돈염산염일수화물),"경질캡슐제, 산제",공급부족,2023-01-27,2023-01-01~
니프라딜롤,현대하이파딜점안액(니프라딜롤),점안용액제,공급부족,2023-01-26,2023-01-01~
시클로벤자프린염산염,벤자민정(시클로벤자프린염산염),나정,공급중단,2023-01-26,2023-01-01~
트라마돌염산염,지트람씨알서방정75밀리그램(트라마돌염산염),서방성필름코팅정,공급부족,2023-01-20,2023-01-01~
트라마돌염산염,지트람엑스엘서방정150밀리그람(트라마돌염산염),서방성필름코팅정,공급부족,2023-01-20,2023-01-01~
인슐린라이스프로,휴마로그주100단위/밀리리터(인슐린라이스프로),용액주사제,공급부족,2023-01-20,2023-01-01~
트라마돌염산염,지트람엑스엘서방정200밀리그람(트라마돌염산염),서방성필름코팅정,공급부족,2023-01-20,2023-01-01~
코바마미드,액티나마이드주1000마이크로그램(코바마미드주),용액주사제,공급중단,2023-01-19,2023-01-01~
세프카펜피복실염산염수화물,후로목스정100밀리그램(세프카펜피복실염산염수화물),필름코팅정,공급부족,2023-01-18,2023-01-01~
메토클로프라미드,맥페란정(메토클로프라미드),필름코팅정,공급중단,2023-01-18,2023-01-01~
이데베논,락손필름코팅정150밀리그램(이데베논),필름코팅정,공급부족,2023-01-16,2023-01-01~
지프라시돈염산염 일수화물,젤독스캡슐20밀리그램(지프라시돈염산염일수화물),"경질캡슐제, 산제",공급부족,2023-01-13,2023-01-01~
카페시타빈,젤로빅정150밀리그램(카페시타빈),필름코팅정,공급부족,2023-01-11,2023-01-01~
카페시타빈,젤로빅정500밀리그램(카페시타빈),필름코팅정,공급부족,2023-01-11,2023-01-01~
"불활화폴리오바이러스 제1형 (바이러스주명: Mahoney주),불활화폴리오바이러스 제2형 (바이러스주명: MEF-1주),불활화폴리오바이러스 제3형 (바이러스주명: Saukett주),정제디프테리아톡소이드 (균주명: Park-Williams No.8주),정제파상풍톡소이드  (균주명: Harvard A/47주),정제백일해방어항원 (균주명: Tohama 1상주)","보령디티에이피아이피브이백신프리필드시린지(흡착 디프테리아, 파상풍, 정제 백일해 및 개량 불활화 폴리오 혼합백신)",현탁액주사제,공급중단,2023-01-11,2023-01-01~
로라제팜,삼진로라제팜주,용액주사제,공급부족,2023-01-10,2023-01-01~
부데소니드,로지나크림(부데소니드),피부크림제,공급중단,2023-01-10,2023-01-01~
세파만돌나페이트,만세프주1그램(세파만돌나페이트),용액용분말주사제,공급중단,2023-01-09,2023-01-01~
독세핀염산염,독세정3밀리그램(독세핀염산염),나정,공급중단,2023-01-06,2023-01-01~
독세핀염산염,독세정6밀리그램(독세핀염산염),나정,공급중단,2023-01-06,2023-01-01~
세프카펜피복실염산염수화물,후로목스정100밀리그램(세프카펜피복실염산염수화물),필름코팅정,공급부족,2023-01-05,2023-01-01~
아세틸시스테인,"세브론시럽(아세틸시스테인)(수출명:뮤시스틴시럽,스파탐시럽)",액상시럽제,공급부족,2023-01-04,2023-01-01~
건조수산화알루미늄 겔,게루삼엠정(건조수산화알루미늄겔),나정,공급중단,2023-01-04,2023-01-01~
아스코르브산,일동비타민씨정1000밀리그램(아스코르브산),나정,공급중단,2023-01-03,2023-01-01~
치오펜탈나트륨,펜토탈소디움0.5그램주(치오펜탈나트륨),용액용동결건조분말주사제,공급부족,2023-01-03,2023-01-01~
 데옥시콜산,브이올렛주(데옥시콜산),용액주사제,공급부족,2022-12-27,~2022-12-31
날푸라핀염산염,레밋치연질캡슐2.5마이크로그램(날푸라핀염산염),"연질캡슐제, 액상",공급중단,2022-12-23,~2022-12-31
아즈트레오남,메작탐주사1그램(아즈트레오남)[수출명:인바이오넷메작탐주사1g(아즈트레오남)],용액용동결건조분말주사제,공급중단,2022-12-22,~2022-12-31
시메티딘,동광시메티딘주,용액주사제,공급중단,2022-12-22,~2022-12-31
세프카펜피복실염산염수화물,소아용후로목스세립(세프카펜피복실염산염수화물),세립,공급부족,2022-12-21,~2022-12-31
네오스티그민메틸황산염,대한네오스티그민메틸황산염주사액,용액주사제,공급부족,2022-12-21,~2022-12-31
피나베륨브롬화물,핀베린정(피나베륨브롬화물),필름코팅정,공급부족,2022-12-21,~2022-12-31
염화이트리움[90Y]액,이트라시스방사성의약품전구액(염화이트리움[90Y]),용액주사제,공급중단,2022-12-20,~2022-12-31
플레카이니드아세트산염,풀카드정(플레카이니드아세트산염),나정,공급부족,2022-12-20,~2022-12-31
아기오락스 원료과립(Agiolax pregranules),아락실과립,과립제,공급중단,2022-12-19,~2022-12-31
"히드로코르티손,시프로플록사신염산염수화물",싸이록사신점이현탁액,점이현탁액제,공급부족,2022-12-19,~2022-12-31
덱사메타손인산나트륨,덱사겔점안겔(덱사메타손인산나트륨),안겔,공급중단,2022-12-15,~2022-12-31
3-요오도벤질구아니딘(131I)액,캐리엠아이비지(131I)주사액,용액주사제,공급부족,2022-12-13,~2022-12-31
리도카인염산염수화물,리타인주4%(리도카인염산염수화물),용액주사제,공급중단,2022-12-09,~2022-12-31
세프카펜피복실염산염수화물,후로목스정100밀리그램(세프카펜피복실염산염수화물),필름코팅정,공급부족,2022-12-09,~2022-12-31
아미오다론염산염,코다론정(아미오다론염산염),나정,공급부족,2022-12-08,~2022-12-31
"옥시테트라사이클린염산염,폴리믹신B황산염",테라마이신안연고,안연고제,공급중단,2022-12-05,~2022-12-31
로라제팜,삼진로라제팜주,용액주사제,공급부족,2022-12-05,~2022-12-31
메코발라민,리코발라민주(메코발라민),용액주사제,공급중단,2022-12-02,~2022-12-31
카바콜,마이오스타트주사(카바콜),점안주사제,공급부족,2022-12-02,~2022-12-31
펜타닐시트르산염,인스타닐나잘스프레이100마이크로그램(펜타닐시트르산염),정량액상분무제,공급부족,2022-12-02,~2022-12-31
펜타닐시트르산염,인스타닐나잘스프레이50마이크로그램(펜타닐시트르산염),정량액상분무제,공급부족,2022-12-02,~2022-12-31
티로트로핀(TSH)알파,타이로젠주(티로트로핀알파),용액용동결건조분말주사제,공급부족,2022-12-01,~2022-12-31
오말리주맙,졸레어주사(오말리주맙),용액용동결건조분말주사제,공급중단,2022-11-30,~2022-12-31
트리암시놀론아세토니드,트리코트크림0.1%(트리암시놀론아세토니드),피부크림제,공급중단,2022-11-24,~2022-12-31
피나베륨브롬화물,핀베린정(피나베륨브롬화물),필름코팅정,공급부족,2022-11-21,~2022-12-31
할시노니드,베로단연고(할시노니드),피부연고제,공급중단,2022-11-16,~2022-12-31
페미로라스트칼륨,페미로살정10밀리그램(페미로라스트칼륨),나정,공급중단,2022-11-11,~2022-12-31
지프라시돈염산염 일수화물,젤독스캡슐20밀리그램(지프라시돈염산염일수화물),"경질캡슐제, 산제",공급부족,2022-11-09,~2022-12-31
벨리무맙,"벤리스타주400밀리그램(벨리무맙)(단클론항체, 유전자재조합)",용액용동결건조분말주사제,공급부족,2022-11-09,~2022-12-31
지프라시돈염산염 일수화물,젤독스캡슐40밀리그램(지프라시돈염산염일수화물),"경질캡슐제, 산제",공급부족,2022-11-09,~2022-12-31
클로파지민,라프렌연질캡슐50밀리그램(클로파지민),"연질캡슐제, 액상",공급부족,2022-11-08,~2022-12-31
염화칼륨,케이콘틴서방정(염화칼륨),서방성필름코팅정,공급부족,2022-11-07,~2022-12-31
"옥토코그알파(혈액응고인자VIII,유전자재조합)","코지네이트-에프에스주[옥토코그알파(혈액응고인자Ⅷ, 유전자재조합)]",용액용동결건조분말주사제,공급중단,2022-11-03,~2022-12-31
"함수과산화벤조일,클린다마이신포스페이트",듀악겔5%,피부용겔제,공급부족,2022-10-27,~2022-12-31
파모티딘,동아가스터주20밀리그람(바이알)(파모티딘),용액용동결건조분말주사제,공급중단,2022-10-26,~2022-12-31
반데타닙,카프렐사정300밀리그램(반데타닙),필름코팅정,공급부족,2022-10-21,~2022-12-31
아지트로마이신수화물,지스로맥스건조시럽(아지트로마이신수화물),"건조시럽제, 산제",공급부족,2022-10-21,~2022-12-31
"스피라마이신,메트로니다졸",로도질정,필름코팅정,공급부족,2022-10-21,~2022-12-31
엔푸버타이드,푸제온주90밀리그람/밀리리터(엔푸버타이드),용액용동결건조분말주사제,공급중단,2022-10-19,~2022-12-31
로라제팜,삼진로라제팜주,용액주사제,공급부족,2022-10-17,~2022-12-31
아지트로마이신수화물,아지탑스주사500밀리그램(아지트로마이신수화물),용액용분말주사제,공급부족,2022-10-17,~2022-12-31
3-요오도벤질구아니딘(131I)액,캐리엠아이비지(131I)주사액,용액주사제,공급부족,2022-10-17,~2022-12-31
인슐린라이스프로,휴마로그주100단위/밀리리터(인슐린라이스프로),용액주사제,공급부족,2022-10-14,~2022-12-31
프라바스타틴나트륨,프라스탄정5밀리그람(프라바스타틴나트륨),나정,공급중단,2022-10-13,~2022-12-31
사람혈청알부민,녹십자-알부민주20%(사람혈청알부민),용액주사제,공급부족,2022-10-13,~2022-12-31
사람혈청알부민,녹십자-알부민주20%(사람혈청알부민),용액주사제,공급부족,2022-10-13,~2022-12-31
사람면역글로불린-지,아이비글로불린에스엔주10%(글리신 첨가 사람면역글로불린[pH4.8]),용액주사제,공급부족,2022-10-07,~2022-12-31
"디멘히드리네이트,피리독신염산염,카페인무수물",이지롱내복액,경구용액제,공급부족,2022-09-29,~2022-12-31
철단백추출물수화글리세린액,훼로모아시럽(철단백추출물수화글리세린액),액상시럽제,공급중단,2022-09-29,~2022-12-31
리보스타마이신황산염,이연리보스타마이신주사액(리보스타마이신황산염)(수출용),용액주사제,공급중단,2022-09-23,~2022-12-31
포비돈요오드,성광포비돈요오드액7.5%,가글제,공급중단,2022-09-23,~2022-12-31
이소소르비드이질산염,이소켓서방정40밀리그램(이소소르비드이질산염),서방정,공급중단,2022-09-21,~2022-12-31
"정제불활화 인플루엔자바이러스항원 B형[B/Phuket/3073/2013],정제불활화 인플루엔자바이러스항원 B형 [B/Washington/02/2019],정제불활화 인플루엔자바이러스항원 A형 [A/Guangdong-Maonan/SWL1536/2019 CNIC-1909 (H1N1)],정제불활화 인플루엔자바이러스항원 A형 [A/Hong Kong/2671/2019 IVR-208(H3N2)]",플루플러스테트라프리필드시린지주(인플루엔자분할백신),현탁액주사제,공급중단,2022-09-20,~2022-12-31
아목사핀,아디센정50밀리그람(아목사핀),나정,공급중단,2022-09-19,~2022-12-31
피나베륨브롬화물,핀베린정(피나베륨브롬화물),필름코팅정,공급부족,2022-09-14,~2022-12-31
퓨시드산나트륨,후시딘정(퓨시드산나트륨),필름코팅정,공급중단,2022-09-13,~2022-12-31
톨터로딘-L-타르타르산염,유로트롤정2mg(톨터로딘-L-타르타르산염),필름코팅정,공급중단,2022-09-13,~2022-12-31
아바타셉트,오렌시아서브큐프리필드시린지125밀리그램(아바타셉트),용액주사제,공급부족,2022-09-06,~2022-12-31
메틸에르고메트린말레산염,에르빈주사액(메틸에르고메트린말레산염),용액주사제,공급중단,2022-09-05,~2022-12-31
엑시티닙,인라이타정1밀리그램(엑시티닙),필름코팅정,공급부족,2022-09-05,~2022-12-31
사람면역글로불린-지,아이비글로불린에스엔주10%(글리신 첨가 사람면역글로불린[pH4.8]),용액주사제,공급부족,2022-09-05,~2022-12-31
히드로모르폰염산염,저니스타서방정4밀리그램(히드로모르폰염산염),서방정,공급중단,2022-09-02,~2022-12-31
히드로모르폰염산염,저니스타서방정16밀리그램(히드로모르폰염산염),서방정,공급중단,2022-09-02,~2022-12-31
히드로모르폰염산염,저니스타서방정8밀리그램(히드로모르폰염산염),서방정,공급중단,2022-09-02,~2022-12-31
히드로모르폰염산염,저니스타서방정32밀리그램(히드로모르폰염산염),서방정,공급중단,2022-09-02,~2022-12-31
"릭시세나티드,인슐린글라진(유전자재조합)",솔리쿠아펜주(30-60),용액주사제,공급부족,2022-09-01,~2022-12-31
사람면역글로불린-지,감마-글로불린주(사람면역글로불린),용액주사제,공급부족,2022-08-31,~2022-12-31
사람혈청알부민,녹십자-알부민주5%(사람혈청알부민),용액주사제,공급부족,2022-08-31,~2022-12-31
피나베륨브롬화물,핀베린정(피나베륨브롬화물),필름코팅정,공급부족,2022-08-30,~2022-12-31
"불활화 콜레라균(V. cholerae Inaba 48 classical biotype, heat inactivated),불활화 콜레라균(V. cholerae Ogawa 50 classical biotype, heat inactivated),불활화 콜레라균(V. cholerae Ogawa 50 classical biotype, Formalin inactivated),유전자재조합콜레라독소 B (Vibrio cholerae Inaba 213 classical biotype, Recombinant, 숙주: Vibrio cholera 213, 벡터: pKK223-3),불활화 콜레라균(V. Cholerae Inaba 6973 El Tor biotype, Formalin inactivated)",듀코랄액 (경구콜레라백신),발포과립제,공급부족,2022-08-30,~2022-12-31
"메클리진염산염수화물,스코폴라민브롬화수소산염수화물",보미롱산,산제,공급중단,2022-08-29,~2022-12-31
로라제팜,삼진로라제팜주,용액주사제,공급부족,2022-08-25,~2022-12-31
아세틸시스테인,뮤테란시럽(아세틸시스테인),액상시럽제,공급중단,2022-08-24,~2022-12-31
디아제팜,명인디아제팜정5밀리그램,나정,공급중단,2022-08-23,~2022-12-31
디아제팜,명인디아제팜정2밀리그램,나정,공급중단,2022-08-23,~2022-12-31
몰시도민,몰시톤정2밀리그램(몰시도민),나정,공급부족,2022-08-18,~2022-12-31
펜타닐시트르산염,액틱구강정200마이크로그램(펜타닐시트르산염),트로키제,공급부족,2022-08-16,~2022-12-31
카페시타빈,젤로빅정500밀리그램(카페시타빈),필름코팅정,공급부족,2022-08-16,~2022-12-31
L-카르니틴,카디톤액(L-카르니틴),경구용액제,공급중단,2022-08-10,~2022-12-31
피나베륨브롬화물,일양디세텔정(피나베륨브롬화물),필름코팅정,공급부족,2022-08-09,~2022-12-31
올무티닙염산염일수화물,올리타정200밀리그램(올무티닙염산염일수화물),필름코팅정,공급중단,2022-08-09,~2022-12-31
올무티닙염산염일수화물,올리타정400밀리그램(올무티닙염산염일수화물),필름코팅정,공급중단,2022-08-09,~2022-12-31
이소소르비드이질산염-염화나트륨,"이소켓0.1%주사(이소소르비드이질산염)
",용액주사제,공급중단,2022-07-28,~2022-12-31
P-아미노메칠안식향산,에스빅스주(P-아미노메칠안식향산),용액주사제,공급중단,2022-07-25,~2022-12-31
에스트라머스틴인산나트륨수화물,에스트라시트캡슐140밀리그램(에스트라머스틴인산나트륨수화물),"경질캡슐제, 산제",공급중단,2022-07-25,~2022-12-31
리팜피신,리팜핀정600미리그람(리팜피신),필름코팅정,공급중단,2022-07-22,~2022-12-31
"덱사메타손,네오마이신황산염,폴리믹신B황산염",맥시트롤점안액,현탁액점안제,공급부족,2022-07-22,~2022-12-31
말로틸레이트,칸택스정(말로틸레이트),필름코팅정,공급중단,2022-07-21,~2022-12-31
반데타닙,카프렐사정300밀리그램(반데타닙),필름코팅정,공급부족,2022-07-20,~2022-12-31
톨터로딘-L-타르타르산염,유로트롤정2mg(톨터로딘-L-타르타르산염),필름코팅정,공급부족,2022-07-15,~2022-12-31
메토카르바몰,비씨메토카르바몰정,필름코팅정,공급중단,2022-07-14,~2022-12-31
로라제팜,삼진로라제팜주,용액주사제,공급부족,2022-07-13,~2022-12-31
라베탈롤염산염,라베신주사(라베탈롤염산염),용액주사제,공급중단,2022-07-11,~2022-12-31
메토트렉세이트,메토젝트주50mg/mL(메토트렉세이트),용액주사제,공급부족,2022-07-08,~2022-12-31
라세카도트릴,하이드라섹산10mg(라세카도트릴),현탁액용산제,공급부족,2022-07-07,~2022-12-31
폴리사카라이드케이,코포랑캡슐(폴리사카라이드케이),"경질캡슐제, 산제",공급중단,2022-07-05,~2022-12-31
"부데소니드(미분화),포르모테롤푸마르산염수화물",심비코트터부헬러80/4.5마이크로그램,"흡입제, 미분류",공급부족,2022-07-05,~2022-12-31
에리트로마이신 장용피입자,보령에릭캡슐250mg(에리트로마이신),"장용성캡슐제, 펠렛",공급중단,2022-06-30,~2022-12-31
플루르비프로펜,목앤파워스프레이(플루르비프로펜),일반액상분무제,공급중단,2022-06-29,~2022-12-31
"리도카인염산염수화물,에피네프린타르타르산염","유니온리도카인·에피네프린주(1:100,000)",용액주사제,공급중단,2022-06-28,~2022-12-31
"스피라마이신,메트로니다졸",로도질정,필름코팅정,공급부족,2022-06-27,~2022-12-31
아미오다론염산염,코다론정(아미오다론염산염),나정,공급부족,2022-06-27,~2022-12-31
다코미티닙수화물,비짐프로정15밀리그램(다코미티닙수화물),필름코팅정,공급부족,2022-06-24,~2022-12-31
에카베트나트륨수화물,가스트렉스과립(에카베트나트륨수화물),과립제,공급중단,2022-06-24,~2022-12-31
라스부리카제,패스터텍주1.5밀리그램(라스부리카제),용액용동결건조분말주사제,공급부족,2022-06-23,~2022-12-31
라로니다제(재조합인간 알파-엘이두로니다제),알두라자임주(라로니다제),용액주사제,공급부족,2022-06-20,~2022-12-31
엘카토닌,엘시토닌주10단위(엘카토닌),용액주사제,공급중단,2022-06-16,~2022-12-31
라코사미드,라코팻시럽(라코사미드),액상시럽제,공급중단,2022-06-16,~2022-12-31
엘카토닌,엘시토닌주20S(엘카토닌),용액주사제,공급중단,2022-06-16,~2022-12-31
플루티카손프로피오네이트(미분화),큐티베이트크림(플루티카손프로피오네이트(미분화)),피부크림제,공급부족,2022-06-16,~2022-12-31
에피네프린,보스민액(에피네프린),"정량흡입제, 용액제",공급부족,2022-06-07,~2022-12-31
라미프릴,하트프릴정2.5밀리그램(라미프릴),나정,공급중단,2022-05-31,~2022-12-31
라미프릴,하트프릴프로텍트정(라미프릴),나정,공급중단,2022-05-31,~2022-12-31
펜타닐시트르산염,액틱구강정200마이크로그램(펜타닐시트르산염),트로키제,공급부족,2022-05-31,~2022-12-31
"수도에페드린염산염,펙소페나딘염산염",알레그라디정,다층정,공급중단,2022-05-30,~2022-12-31
디아제팜,삼진디아제팜주,용액주사제,공급중단,2022-05-30,~2022-12-31
"리도카인염산염일수화물,클로르헥시딘글루콘산염 액",인카인겔,피부용겔제,공급부족,2022-05-27,~2022-12-31
벤조카인,일청허리케인겔(벤조카인),피부용겔제,공급중단,2022-05-24,~2022-12-31
알러젠추출물,티로신에스주사(컨티뉴에이션코오스H),용액주사제,공급중단,2022-05-16,~2022-12-31
알러젠추출물,티로신에스주사(트리트먼트코오스J),용액주사제,공급중단,2022-05-16,~2022-12-31
알러젠추출물,티로신에스주사(컨티뉴에이션코오스J),용액주사제,공급중단,2022-05-16,~2022-12-31
타파미디스메글루민염(미분화),빈다켈캡슐20밀리그램(타파미디스메글루민염),"연질캡슐제, 액상",공급부족,2022-05-16,~2022-12-31
알러젠추출물,티로신에스주사(컨티뉴에이션코오스G),용액주사제,공급중단,2022-05-16,~2022-12-31
알러젠추출물,티로신에스주사(컨티뉴에이션코오스I),용액주사제,공급중단,2022-05-16,~2022-12-31
알러젠추출물,티로신에스주사(트리트먼트코오스H),용액주사제,공급중단,2022-05-16,~2022-12-31
부데소니드,제크크림(부데소니드),피부크림제,공급중단,2022-05-16,~2022-12-31
알러젠추출물,티로신에스주사(트리트먼트코오스G),용액주사제,공급중단,2022-05-16,~2022-12-31
알러젠추출물,티로신에스주사(트리트먼트코오스I),용액주사제,공급중단,2022-05-16,~2022-12-31
레보클로페라스틴펜디조산염,크로날현탁액(레보클로페라스틴펜디조산염),경구용현탁액제,공급중단,2022-05-13,~2022-12-31
알엠에스자가연골유래연골세포,콘드론(알엠에스자가연골유래연골세포),현탁액주사제,공급중단,2022-05-12,~2022-12-31
알엠에스자가골수유래뼈세포,알엠에스오스론(알엠에스자가골수유래뼈세포),현탁액주사제,공급중단,2022-05-12,~2022-12-31
"도큐세이트나트륨,소르비톨",얄액,관장제,공급중단,2022-05-10,~2022-12-31
"D-판테놀,클로르헥시딘염산염",카밍크림,피부크림제,공급중단,2022-05-02,~2022-12-31
알러젠추출물,노보헬리젠데포메인터넌스트리트먼트A,용액주사제,공급중단,2022-04-29,~2022-12-31
알러젠추출물,노보헬리젠데포이니셜트리트먼트A,용액주사제,공급중단,2022-04-29,~2022-12-31
인슐린아스파트,노보믹스50플렉스펜주 100단위/밀리리터,현탁액주사제,공급부족,2022-04-28,~2022-12-31
인슐린아스파트,피아스프플렉스터치주100단위/밀리리터(인슐린아스파트),용액주사제,공급부족,2022-04-28,~2022-12-31
세프피라미드나트륨,세피라드주1그램(세프피라미드나트륨),용액용분말주사제,공급중단,2022-04-28,~2022-12-31
트라보프로스트,이즈바점안액0.003%(트라보프로스트),점안용액제,공급부족,2022-04-27,~2022-12-31
요오딕사놀,비지파크주320밀리그람(요오딕사놀),용액주사제,공급부족,2022-04-27,~2022-12-31
요오딕사놀,비지파크주270밀리그람(요오딕사놀),용액주사제,공급부족,2022-04-27,~2022-12-31
요오딕사놀,비지파크주320밀리그람(요오딕사놀),용액주사제,공급부족,2022-04-27,~2022-12-31
염화칼륨,케이콘틴서방정(염화칼륨),서방성필름코팅정,공급부족,2022-04-27,~2022-12-31
펜타닐시트르산염,액틱구강정200마이크로그램(펜타닐시트르산염),트로키제,공급부족,2022-04-26,~2022-12-31
카르보시스테인,리나치올시럽5%(카르보시스테인)(수출명:HyundiolSyrup5%),액상시럽제,공급부족,2022-04-15,~2022-12-31
카르보시스테인,리나치올캡슐375밀리그램(카르보시스테인)(수출명:HyundiolCapsule375Mg),"경질캡슐제, 산제",공급부족,2022-04-15,~2022-12-31
트리메타지딘염산염,이메지드엠알서방정35밀리그램(트리메타지딘염산염),서방성필름코팅정,공급중단,2022-04-08,~2022-12-31
브롬화수소산시탈로프람,산도스시탈로프람정20밀리그람(브롬화수소산시탈로프람),필름코팅정,공급중단,2022-04-08,~2022-12-31
세파만돌나페이트,만세프주1그램(세파만돌나페이트),용액용분말주사제,공급부족,2022-04-07,~2022-12-31
살부타몰황산염,부광살부타몰정4밀리그램(살부타몰황산염),나정,공급중단,2022-03-31,~2022-12-31
폴리네이트칼슘,화이자류코보린주15mg(폴리네이트칼슘),용액주사제,공급중단,2022-03-31,~2022-12-31
베반토롤염산염,칼반정50밀리그램(베반토롤염산염),필름코팅정,공급중단,2022-03-30,~2022-12-31
베반토롤염산염,칼반정100밀리그램(베반토롤염산염),필름코팅정,공급중단,2022-03-30,~2022-12-31
플루티카손프로피오네이트(미분화),"후릭소타이드네뷸2밀리그램(플루티카손프로피오네이트(미분화))
","정량흡입제, 현탁액제",공급중단,2022-03-24,~2022-12-31
시프로테론아세테이트,안드로쿨정(시프로테론아세테이트),나정,공급부족,2022-03-21,~2022-12-31
"메타규산알루민산마그네슘,이부프로펜",탁센엠지연질캡슐,"연질캡슐제, 액상",공급중단,2022-03-21,~2022-12-31
데페록사민메실레이트,화이자데페록사민메실레이트주500mg,용액용동결건조분말주사제,공급부족,2022-03-18,~2022-12-31
퍼플루트렌,데피니티주(퍼플루트렌지질미소구체),용액주사제,공급중단,2022-03-18,~2022-12-31
엘로투주맙,"엠플리시티주400밀리그램(엘로투주맙, 유전자재조합)",용액용동결건조분말주사제,공급중단,2022-03-16,~2022-12-31
"슈도에페드린황산염,d-브롬페니라민말레산염",삐삐콜플러스정,나정,공급중단,2022-03-16,~2022-12-31
엘로투주맙,"엠플리시티주300밀리그램(엘로투주맙, 유전자재조합)",용액용동결건조분말주사제,공급중단,2022-03-16,~2022-12-31
세트로렐릭스아세트산염,세트로타이드주0.25밀리그램(세트로렐릭스아세트산염),용액용동결건조분말주사제,공급부족,2022-03-15,~2022-12-31
"토실리주맙(숙주:CHO DXB11, 벡터:phPM1HL2, 종세포주:CHO V4)",악템라주(토실리주맙)(유전자재조합),용액주사제,공급중단,2022-03-15,~2022-12-31
설린닥,크리돌정100밀리그람(설린닥),필름코팅정,공급중단,2022-03-11,~2022-12-31
울리프리스탈 아세테이트,이니시아정(울리프리스탈아세테이트),나정,공급중단,2022-03-10,~2022-12-31
메토트렉세이트,메토젝트주50mg/mL(메토트렉세이트),용액주사제,공급중단,2022-03-08,~2022-12-31
마늘가루,콰이포르테당의정 300mg(마늘가루),당의정,공급중단,2022-03-08,~2022-12-31
미토테인,리소드렌정500밀리그람(미토테인),나정,공급중단,2022-03-08,~2022-12-31
파인애플단백가수분해효소추출물,넥소브리드겔5그램(파인애플단백가수분해효소추출물),피부용겔제,공급중단,2022-03-08,~2022-12-31
삼산화비소,트리세녹스주(삼산화비소),용액주사제,공급중단,2022-03-08,~2022-12-31
E.coli strain Nissle 1917의 동결건조물,뮤타플로캡슐(E.coli strain Nissle 1917의 동결건조물),"경질캡슐제, 산제",공급중단,2022-03-08,~2022-12-31
메토트렉세이트,메토젝트주50mg/mL(메토트렉세이트),용액주사제,공급중단,2022-03-08,~2022-12-31
E.coli strain Nissle 1917의 Biomass,뮤타플로현탁액 (E.coli strain Nissle 1917),경구용현탁액제,공급중단,2022-03-08,~2022-12-31
"실툭시맙 (단클론항체, 유전자재조합)","실반트주400밀리그램(실툭시맙, 유전자재조합)",용액용동결건조분말주사제,공급중단,2022-03-08,~2022-12-31
알데스류킨,"프로류킨주(알데스류킨, 유전자재조합)",용액용분말주사제,공급중단,2022-03-08,~2022-12-31
메토트렉세이트,메토젝트주50mg/mL(메토트렉세이트),용액주사제,공급중단,2022-03-08,~2022-12-31
엘-아스파라기나제,에르위나제주(엘-아스파라기나제),용액용동결건조분말주사제,공급중단,2022-03-08,~2022-12-31
글루콘산클로르헥시딘액20%,마이크로실드4액(글루콘산클로르헥시딘),피부액제,공급중단,2022-03-08,~2022-12-31
덱스라족산,카디옥산주500밀리그램(덱스라족산),용액용동결건조분말주사제,공급중단,2022-03-08,~2022-12-31
콜레칼시페롤,비타민디(D)3비코트랫주(콜레칼시페롤),용액주사제,공급중단,2022-03-08,~2022-12-31
5-아미노레불린산 염산염,글리올란(5-아미노레불린산염산염),용액용산제,공급중단,2022-03-08,~2022-12-31
메토트렉세이트,메토젝트주50mg/mL(메토트렉세이트),용액주사제,공급중단,2022-03-08,~2022-12-31
"페녹시에탄올,옥테니딘염산염",옥테니셉트액,피부액제,공급중단,2022-03-08,~2022-12-31
에피네프린타르타르산염,젝스트프리필드펜주300마이크로그램(에피네프린타르타르산염),용액주사제,공급중단,2022-03-08,~2022-12-31
"플루오시놀론아세토니드,시프로플록사신염산염",세트락살플러스점이액,점이액제,공급중단,2022-03-08,~2022-12-31
콜레칼시페롤농축분말,비코레드정 22400아이유 (콜레칼시페롤농축분말),필름코팅정,공급중단,2022-03-08,~2022-12-31
글루콘산클로르헥시딘액20%,마이크로실드4액(글루콘산클로르헥시딘),피부액제,공급중단,2022-03-08,~2022-12-31
클로르헥시딘글루콘산염액,마이크로실드2액(클로르헥시딘글루콘산염),피부액제,공급중단,2022-03-08,~2022-12-31
D-만니톨,아리돌흡입용캡슐콤비팩(만니톨) ,"흡입제, 미분류",공급중단,2022-03-08,~2022-12-31
"실툭시맙 (단클론항체, 유전자재조합)","실반트주100밀리그램(실툭시맙, 유전자재조합)",용액용동결건조분말주사제,공급중단,2022-03-08,~2022-12-31
에피네프린타르타르산염,젝스트프리필드펜주150마이크로그램(에피네프린타르타르산염),용액주사제,공급중단,2022-03-08,~2022-12-31
포스카네트 나트륨 수화물,포스카비어주(포스카네트 나트륨 수화물),용액주사제,공급중단,2022-03-08,~2022-12-31
클로르헥시딘글루콘산염액,마이크로실드2액(클로르헥시딘글루콘산염),피부액제,공급중단,2022-03-08,~2022-12-31
다나졸,영풍다나졸200mg캡슐,"경질캡슐제, 산제",공급부족,2022-03-03,~2022-12-31
아미노필린수화물,대원아미노필린정(아미노필린수화물),나정,공급부족,2022-02-24,~2022-12-31
설프로스톤,나라돌주500(설프로스톤),용액용동결건조분말주사제,공급중단,2022-02-22,~2022-12-31
퍼메트린,오메크린크림(퍼메트린),피부크림제,공급부족,2022-02-22,~2022-12-31
피프린히드리네이트,푸라콩주(피프린히드리네이트),용액주사제,공급중단,2022-02-22,~2022-12-31
토레미펜시트르산염,화레스톤정40밀리그램(토레미펜시트르산염),나정,공급중단,2022-02-21,~2022-12-31
케토롤락트로메타민염,아큐베일점안액0.45%(케토롤락트로메타민염)(1회용),점안용액제,공급부족,2022-02-18,~2022-12-31
알카프타딘,라스타카프트점안액0.25%(알카프타딘),점안용액제,공급부족,2022-02-18,~2022-12-31
애플리버셉트,잘트랩주25mg/mL(애플리버셉트),용액주사제,공급부족,2022-02-16,~2022-12-31
니모디핀,이연니모디핀주(수출용),용액주사제,공급중단,2022-02-15,~2022-12-31
펜토라민메실레이트,펜톨민주사(펜토라민메실레이트),용액주사제,공급중단,2022-02-15,~2022-12-31
포르모테롤푸마르산염수화물,삼아아토크정20마이크로그램(포르모테롤푸마르산염수화물)(수출명 : 삼아포르모테롤푸마르산염수화물정20마이크로그램)(수출용),나정,공급중단,2022-02-11,~2022-12-31
사람면역글로불린-지,아이비글로불린에스엔주10%(글리신 첨가 사람면역글로불린[pH4.8]),용액주사제,공급부족,2022-02-11,~2022-12-31
포르모테롤푸마르산염수화물,삼아아토크정(포르모테롤푸마르산염수화물)(수출명 : 삼아포르모테롤푸마르산염수화물정)(수출용),나정,공급중단,2022-02-11,~2022-12-31
P-아미노메칠안식향산,휘브릭스주사(P-아미노메칠안식향산),용액주사제,공급중단,2022-02-09,~2022-12-31
"메칠-N,S-디아세틸시스테인","뮤코존정(메칠-N,S-디아세틸시스테인)",당의정,공급중단,2022-02-07,~2022-12-31
"쎄니틴 T60,쎄니틴 GBX",쎄닐톤정,필름코팅정,공급중단,2022-02-07,~2022-12-31
프로파세타몰염산염,파세타주(프로파세타몰염산염),용액용분말주사제,공급부족,2022-02-04,~2022-12-31
필로카르핀염산염,이솝토카핀2%점안액(필로카르핀염산염),점안용액제,공급중단,2022-01-28,~2022-12-31
아미오다론염산염,코다론주사(아미오다론염산염),용액주사제,공급부족,2022-01-28,~2022-12-31
라무시루맙,"사이람자주10밀리그램/밀리리터(라무시루맙,유전자재조합)",용액주사제,공급부족,2022-01-28,~2022-12-31
5-히드록시트립토판,5-에이치티피캅셀(5-하이드록시트립토판(옥시트립탄)),"경질캡슐제, 산제",공급중단,2022-01-27,~2022-12-31
클로미펜시트르산염,영풍클로미펜시트르산염정,나정,공급중단,2022-01-26,~2022-12-31
파시레오타이드디아스파르트산염,시그니포주0.9밀리그램(파시레오타이드디아스파르트산염),용액주사제,공급중단,2022-01-24,~2022-12-31
툴로부테롤,호쿠날린패취0.5밀리그람(툴로부테롤),서방성경피흡수제,공급중단,2022-01-21,~2022-12-31
"아셀렌산나트륨오수화물,산화아연",맥세렌제트정,나정,공급중단,2022-01-21,~2022-12-31
툴로부테롤,호쿠날린패취2밀리그람(툴로부테롤),서방성경피흡수제,공급중단,2022-01-21,~2022-12-31
툴로부테롤,호쿠날린패취1밀리그람(툴로부테롤),서방성경피흡수제,공급중단,2022-01-21,~2022-12-31
피코설페이트나트륨수화물,지엘피코락정(피코설페이트나트륨수화물),당의정,공급중단,2022-01-19,~2022-12-31
사람 피브리노겐,녹십자-파이브리노겐주(건조사람피브리노겐),용액용동결건조분말주사제,공급부족,2022-01-18,~2022-12-31
치오펜탈나트륨,펜토탈소디움주사0.25그램(치오펜탈나트륨),용액용분말주사제,공급중단,2022-01-17,~2022-12-31
"레보도파,염산벤세라짓",마도파정,나정,공급중단,2022-01-17,~2022-12-31
"레보도파,염산벤세라짓",마도파정125,나정,공급중단,2022-01-17,~2022-12-31
비노렐빈타르타르산염,나벨빈주(비노렐빈타르타르산염),용액주사제,공급부족,2022-01-13,~2022-12-31
티로트로핀(TSH)알파,타이로젠주(티로트로핀알파),용액용동결건조분말주사제,공급부족,2022-01-11,~2022-12-31
트라벡테딘,욘델리스주사1.0밀리그램(트라벡테딘),용액용동결건조분말주사제,공급부족,2022-01-07,~2022-12-31
인도시아닌그린,하이플인도시아닌그린주,용액용동결건조분말주사제,공급부족,2022-01-05,~2022-12-31
베클로메타손 디프로피오네이트 무수물,리노클레닐100비액(베클로메타손디프로피오네이트),일반현탁분무제,공급중단,2021-12-30,~2022-12-31
클로스트리디움 보툴리눔 독소 A형 (Hall 균주),보톡스주(클로스트리디움 보툴리눔 독소 A형),용액용분말주사제,공급부족,2021-12-24,~2022-12-31
페람파넬,파이콤파현탁액0.5mg/mL(페람파넬),경구용현탁액제,공급부족,2021-12-23,~2022-12-31
트레티노인,스티바에이크림0.05%(트레티노인),피부크림제,공급부족,2021-12-21,~2022-12-31
에노시타빈,에노론주(에노시타빈),용액용동결건조분말주사제,공급중단,2021-12-16,~2022-12-31
에팔레스타트,이케이에팔레스타트정50밀리그램(에팔레스타트),필름코팅정,공급중단,2021-12-16,~2022-12-31
비스무트시트르산염칼륨,데놀정(비스무트시트르산염칼륨),필름코팅정,공급부족,2021-12-15,~2022-12-31
이필리무맙,"여보이주50밀리그램/10밀리리터(이필리무맙, 유전자재조합)",용액주사제,공급부족,2021-12-14,~2022-12-31
황산살부타몰서방성과립,살부트론서방캡슐4밀리그램(황산살부타몰),"서방성캡슐제, 펠렛",공급중단,2021-12-09,~2022-12-31
황산살부타몰서방성과립,살부트론서방캡슐8밀리그램(황산살부타몰),"서방성캡슐제, 펠렛",공급중단,2021-12-09,~2022-12-31
"시프로플록사신,시프로플록사신염산염수화물",씨프로유로서방정1000밀리그람,서방성다층정,공급중단,2021-12-07,~2022-12-31
"시프로플록사신,시프로플록사신염산염수화물",씨프로유로서방정500밀리그람,서방성다층정,공급중단,2021-12-07,~2022-12-31
설파살라진,살라진정(설파살라진),장용성필름코팅정,공급중단,2021-12-02,~2022-12-31
프로글루메타신말레산염,한올아푸록산정300밀리그램(프로글루메타신말레산염),필름코팅정,공급중단,2021-12-01,~2022-12-31
독세핀염산염,사일원정6밀리그램(독세핀염산염),나정,공급중단,2021-12-01,~2022-12-31
독세핀염산염,사일원정3밀리그램(독세핀염산염),나정,공급중단,2021-12-01,~2022-12-31
"암로디핀캄실산염,로사르탄칼륨",코자엑스큐정10/50밀리그램,필름코팅정,공급부족,2021-11-29,~2022-12-31
"암로디핀캄실산염,로사르탄칼륨",코자엑스큐정5/100밀리그램,필름코팅정,공급부족,2021-11-29,~2022-12-31
"암로디핀캄실산염,로사르탄칼륨",코자엑스큐정5/50밀리그램,필름코팅정,공급부족,2021-11-29,~2022-12-31
폴리트로핀베타,"퓨레곤펜주(폴리트로핀베타,재조합난포자극호르몬)",용액주사제,공급부족,2021-11-29,~2022-12-31
올라파립,린파자캡슐50밀리그램(올라파립),"경질캡슐제, 산제",공급중단,2021-11-24,~2022-12-31
메페남산,유한폰탈정500밀리그람(메페남산),필름코팅정,공급중단,2021-11-23,~2022-12-31
메페남산,폰탈캡슐250mg(메페남산),"경질캡슐제, 산제",공급중단,2021-11-23,~2022-12-31
파클리탁셀,아브락산주(파클리탁셀),현탁액용동결건조분말주사제,공급부족,2021-11-15,~2022-12-31
설프로스톤,나라돌주500(설프로스톤),용액용동결건조분말주사제,공급부족,2021-11-09,~2022-12-31
벤다작리신수화물,벤다라인정(벤다작리신수화물),필름코팅정,공급중단,2021-11-01,~2022-12-31
"펠로디핀,메토프롤롤숙신산염",로지맥스서방정,서방성필름코팅정,공급중단,2021-10-29,~2022-12-31
달테파린나트륨,프라그민주10000IU/ml(달테파린나트륨),용액주사제,공급중단,2021-10-29,~2022-12-31
사람혈액응고제8인자,그린에이트에스디주(건조농축사람혈액응고제VIII인자),용액용동결건조분말주사제,공급중단,2021-10-28,~2022-12-31
플루복사민말레이트,듀미록스정100밀리그램(플루복사민말레이트),필름코팅정,공급중단,2021-10-26,~2022-12-31
"폐렴구균다당류(혈청형 1, 4, 5, 6B, 7F, 9V, 14, 18C, 19F, 23F)-NTHi 단백질 D, 파상풍톡소이드, 디프테리아톡소이드 접합체 [균주: S. pneumoniae주](규격:혈청형별 각각 별규)",신플로릭스(폐렴구균 단백질 D(NTHi) 접합백신) 프리필드시린지,현탁액주사제,공급부족,2021-10-26,~2022-12-31
"파상풍톡소이드(균주명:Massachusetts주),디프테리아톡소이드(균주명:Mass8주),백일해톡소이드(균주명:Tohama주, 1상),불활화백일해균선모적혈구응집소(균주명:Tohama주, 1상),불활화백일해균69kDa외막단백질(균주명:Tohama주, 1상),불활화폴리오바이러스제1형(바이러스주명:Mahoney주),불활화폴리오바이러스제2형(바이러스주명:MEF-1주),불활화폴리오바이러스제3형(바이러스주명:Saukett주),헤모필루스인플루엔자비형협막다당류와파상풍톡소이드의접합체(균주명:Haemophilus influenzae,S20752주)","인판릭스아이피브이힙주(흡착 디프테리아, 파상풍 톡소이드, 정제 백일해, 개량 불활화 폴리오 및 헤모필루스 인플루엔자 비형·파상풍 톡소이드 접합 혼합백신)",현탁액주사제,공급부족,2021-10-26,~2022-12-31
A형간염바이러스항원(균주명:HM175주),하브릭스주(A형간염백신),현탁액주사제,공급부족,2021-10-26,~2022-12-31
플루다라빈포스페이트,플루다라정(플루다라빈포스페이트),필름코팅정,공급중단,2021-10-26,~2022-12-31
"불활화 폴리오 바이러스제2형(균주명:MEF-1주),파상풍톡소이드(균주명:Massachusetts주),디프테리아톡소이드(균주명:Mass8주),백일해톡소이드(균주명:Tohama주, 1상),불활화백일해균선모적혈구응집소(균주명:Tohama주, 1상),불활화백일해균69kDa외막단백질(균주명:Tohama주, 1상),불활화 폴리오 바이러스제1형(균주명:Mahoney주),불활화 폴리오 바이러스제3형(균주명:Saukett주)","인판릭스아이피브이프리필드시린지(흡착 디프테리아, 파상풍 톡소이드, 정제 백일해 및 개량 불활화 폴리오 혼합백신)",현탁액주사제,공급부족,2021-10-26,~2022-12-31
"약독홍역생바이러스(바이러스주: Schwarz strain),약독유행성이하선염생바이러스(바이러스주: RIT4385 strain),약독풍진생바이러스(바이러스주: Wistar RA 27/3 strain)","프리오릭스주(홍역,유행성이하선염및풍진혼합생바이러스백신)",용액용동결건조분말주사제,공급부족,2021-10-26,~2022-12-31
약독 사람 로타 생바이러스 (바이러스주: RIX4414주),로타릭스 프리필드(경구용 약독화 로타 생바이러스 백신),경구용액제,공급부족,2021-10-26,~2022-12-31
"수막구균 A군 올리고당과 디프테리아 CRM197 단백질 접합체,수막구균 C군 올리고당과 디프테리아 CRM197 단백질 접합체,수막구균 W135군 올리고당과 디프테리아 CRM197 단백질 접합체,수막구균 Y군 올리고당과 디프테리아 CRM197 단백질 접합체","멘비오[(수막구균 A,C,W135,Y)- CRM197단백 접합 백신]",용액용분말주사제,공급부족,2021-10-26,~2022-12-31
"인유두종바이러스-16 L1 (숙주: Trichoplusia ni Hi-5 Rix4446, 벡터: rBaculo4449),인유두종바이러스-18 L1 (숙주: Trichoplusia ni Hi-5 Rix4446, 벡터: rBaculo4450)",서바릭스프리필드시린지[인유두종바이러스백신(유전자재조합)],현탁액주사제,공급부족,2021-10-26,~2022-12-31
플루복사민말레이트,듀미록스정50밀리그램(플루복사민말레이트),필름코팅정,공급중단,2021-10-26,~2022-12-31
"파상풍톡소이드(균주명:Massachusetts주),디프테리아톡소이드(균주명:Mass8주),백일해톡소이드(균주명:Tohama주, 1상),불활화백일해균선모적혈구응집소(균주명:Tohama주, 1상),불활화백일해균69kDa외막단백질(균주명:Tohama주, 1상)","부스트릭스프리필드시린지(성인용 흡착디프테리아, 파상풍 톡소이드 및 정제백일해 혼합 백신)",현탁액주사제,공급부족,2021-10-26,~2022-12-31
"노르에티스테론아세테이트,에스트라디올반수화물",에스디올하프정,필름코팅정,공급중단,2021-10-25,~2022-12-31
"파시레오타이드 파모산염
",시그니포라르주사60밀리그램(파시레오타이드파모산염),서방성현탁액용분말주사제,공급중단,2021-10-25,~2022-12-31
"파시레오타이드 파모산염
",시그니포라르주사20밀리그램(파시레오타이드파모산염),서방성현탁액용분말주사제,공급중단,2021-10-25,~2022-12-31
"파시레오타이드 파모산염
",시그니포라르주사40밀리그램(파시레오타이드파모산염),서방성현탁액용분말주사제,공급중단,2021-10-25,~2022-12-31
트라마돌염산염,트리돌솔루블정50mg(트라마돌염산염),발포정,공급중단,2021-10-21,~2022-12-31
락티톨수화물,유한락티톨산,산제,공급부족,2021-10-15,~2022-12-31
락티톨수화물,포탈락산(락티톨수화물),산제,공급부족,2021-10-15,~2022-12-31
"디드로게스테론,에스트라디올반수화물(미분화)","페모스톤정1/10(에스트라디올반수화물(미분화), 디드로게스테론)",필름코팅정,공급중단,2021-10-13,~2022-12-31
"디드로게스테론,에스트라디올반수화물(미분화)","페모스톤정2/10(에스트라디올반수화물(미분화), 디드로게스테론)",필름코팅정,공급중단,2021-10-13,~2022-12-31
"디드로게스테론,에스트라디올반수화물(미분화)","페모스톤콘티정(에스트라디올반수화물(미분화), 디드로게스테론)",필름코팅정,공급중단,2021-10-13,~2022-12-31
리바비린,중헌리바비린캡슐200밀리그램,"경질캡슐제, 산제",공급중단,2021-10-07,~2022-12-31
폴리네이트칼슘,"나이린정15밀리그램(폴리네이트칼슘)(수출명:KunyrinTabs,LitacorTabs)(수출용)",나정,공급중단,2021-10-07,~2022-12-31
"아스코르브산,시트르산아연삼수화물",레덕손더블액션발포정,발포정,공급중단,2021-10-01,~2022-12-31
알카프타딘,라스타카프트점안액0.25%(알카프타딘),점안용액제,공급중단,2021-09-30,~2022-12-31
페니토인나트륨,삼진페니토인나트륨주사250밀리그램,용액주사제,공급중단,2021-09-30,~2022-12-31
초산마페나이드,설파마이론퍼5%토피컬솔루션산(초산마페나이드),산제,공급중단,2021-09-29,~2022-12-31
파클리탁셀,아브락산주(파클리탁셀),현탁액용동결건조분말주사제,공급부족,2021-09-27,~2022-12-31
티로트로핀(TSH)알파,타이로젠주(티로트로핀알파),용액용동결건조분말주사제,공급부족,2021-09-15,~2022-12-31
졸미트립탄,조믹정2.5밀리그램(졸미트립탄),필름코팅정,공급부족,2021-09-13,~2022-12-31
히프로멜로스,아이필에이치디주(히프멜로오스),점안주사제,공급중단,2021-09-09,~2022-12-31
보리코나졸,보리코주200밀리그램(보리코나졸),용액용동결건조분말주사제,공급중단,2021-09-09,~2022-12-31
"시트르산칼슘수화물,농축콜레칼시페롤 과립",헬씨캄에스정,나정,공급중단,2021-09-08,~2022-12-31
디프로피온산알클로메타손,알타손크림0.05%(디프로피온산알클로메타손),피부크림제,공급중단,2021-09-07,~2022-12-31
밀리논,프리마코주(밀리논),용액주사제,공급부족,2021-09-02,~2022-12-31
세프피라미드나트륨,유한세프피란주0.5그램(세프피라미드나트륨),용액용분말주사제,공급중단,2021-08-30,~2022-12-31
"인유두종바이러스 6형 L1 단백질,인유두종바이러스 11형 L1 단백질,인유두종바이러스 16형 L1 단백질,인유두종바이러스 18형 L1 단백질,인유두종바이러스 31형 L1 단백질,인유두종바이러스 33형 L1 단백질,인유두종바이러스 45형 L1 단백질,인유두종바이러스 52형 L1 단백질,인유두종바이러스 58형 L1 단백질","가다실9프리필드시린지[인유두종바이러스9가(6,11,16,18,31,33,45,52,58형)백신(유전자재조합)] ",현탁액주사제,공급부족,2021-08-30,~2022-12-31
세프피라미드나트륨,유한세프피란주1그램(세프피라미드나트륨),용액용분말주사제,공급중단,2021-08-30,~2022-12-31
타우로리딘,삼성타우로리딘주,용액주사제,공급중단,2021-08-27,~2022-12-31
"겐타마이신황산염,스트렙토마이신황산염",옵티졸지에스액,장기보존용액제,공급중단,2021-08-24,~2022-12-31
"에피네프린,리도카인염산염수화물",자이레스테신에이주,용액주사제,공급중단,2021-08-20,~2022-12-31
벤다작리신수화물,벤다라인정250밀리그램(벤다작리신수화물),필름코팅정,공급중단,2021-08-09,~2022-12-31
파클리탁셀,아브락산주(파클리탁셀),현탁액용동결건조분말주사제,공급부족,2021-08-04,~2022-12-31
결합형에스트로겐,프레미나정0.625밀리그램(결합형에스트로겐),필름코팅정,공급중단,2021-08-02,~2022-12-31
결합형에스트로겐,프레미나정0.3밀리그램(결합형에스트로겐),필름코팅정,공급중단,2021-08-02,~2022-12-31
프레가발린,리리카CR서방정330밀리그램(프레가발린),서방성필름코팅정,공급부족,2021-08-02,~2022-12-31
자가 지방유래 중간엽줄기세포,큐피스템주 (자가 지방유래 중간엽줄기세포)(수출명 : HEALSTEM),용액주사제,공급중단,2021-07-30,~2022-12-31
"인슐린라이스프로(숙주:EㆍcoliㆍK12RV308,벡터:pHKY694)","휴마로그카트리지주100단위/mL(인슐린라이스프로,유전자재조합)",용액주사제,공급중단,2021-07-28,~2022-12-31
프란루카스트수화물,오논드라이시럽(프란루카스트수화물),건조시럽용 과립제,공급중단,2021-07-28,~2022-12-31
프란루카스트수화물,오논드라이시럽(프란루카스트수화물),건조시럽용 과립제,공급중단,2021-07-28,~2022-12-31
프란루카스트수화물,오논드라이시럽(프란루카스트수화물),건조시럽용 과립제,공급중단,2021-07-28,~2022-12-31
프란루카스트수화물,오논드라이시럽(프란루카스트수화물),건조시럽용 과립제,공급중단,2021-07-28,~2022-12-31
니스타틴,피엠에스니스타틴시럽(니스타틴),액상시럽제,공급중단,2021-07-27,~2022-12-31
밀리논,프리마코주(밀리논),용액주사제,공급부족,2021-07-27,~2022-12-31
메노트로핀,아이브이에프엠주150아이유(메노트로핀),용액용동결건조분말주사제,공급중단,2021-07-27,~2022-12-31
메노트로핀,아이브이에프엠주75아이유(메노트로핀)(수출명:엘지아이브이에프엠주),용액용동결건조분말주사제,공급중단,2021-07-27,~2022-12-31
"디엘페닐알라닌,수퍼옥사이드디스무타제",엔도필정,필름코팅정,공급중단,2021-07-19,~2022-12-31
아세틸콜린염화물,마이오콜-E주사(아세틸콜린염화물),용액용점안분말제,공급중단,2021-07-15,~2022-12-31
과플루오르부탄,소나조이드주(과플루오르부탄),현탁액용동결건조분말주사제,공급부족,2021-07-14,~2022-12-31
에티드론산디나트륨,다이놀정(에티드론산디나트륨),나정,공급중단,2021-07-09,~2022-12-31
독시플루리딘,광동독시플루리딘캡슐200밀리그램,"경질캡슐제, 산제",공급중단,2021-07-06,~2022-12-31
태반성성선자극호르몬,아이브이에프씨주1000아이유(태반성성선자극호르몬)(수출명:엘지아이브이에프씨주),용액용동결건조분말주사제,공급중단,2021-07-06,~2022-12-31
자가지방조직유래 최소조작 지방세포,퀸셀(자가지방조직유래 최소조작 지방세포),용액주사제,공급중단,2021-06-28,~2022-12-31
독시플루리딘,훌루리딘캡슐200mg(독시플루리딘),"경질캡슐제, 산제",공급중단,2021-06-24,~2022-12-31
"이소프로판올,알킬디아미노에틸글리신염산염액40%",그린안티셉액,약물이포함된거즈,공급중단,2021-06-24,~2022-12-31
독시플루리딘,훌루리딘캡슐(독시플루리딘),"경질캡슐제, 산제",공급중단,2021-06-24,~2022-12-31
트라벡테딘,욘델리스주사1.0밀리그램(트라벡테딘),용액용동결건조분말주사제,공급중단,2021-06-24,~2022-12-31
L-카르보시스테인,리나치올캡슐500밀리그람(카르보시스테인)(수출명:HyundiolCapsule500Mg),"경질캡슐제, 산제",공급중단,2021-06-21,~2022-12-31
"성인용흡착디프테리아톡소이드(균주명:Park William # 8株),흡착파상풍 톡소이드(Clostridium tetani Massachusetts F1)",에스케이티디백신주(프리필드시린지)(성인용흡착파상풍및디프테리아혼합톡소이드),현탁액주사제,공급중단,2021-06-18,~2022-12-31
폴리사카리드철착염,훼리너프에스시럽(폴리사카리드철착염),액상시럽제,공급중단,2021-06-08,~2022-12-31
아르기닌티디아시케이트,헬민200연질캡슐(아르기닌티디아시케이트),"연질캡슐제, 현탁상",공급중단,2021-06-04,~2022-12-31
아스피린,바이엘아스피린정100밀리그람,나정,공급중단,2021-05-27,~2022-12-31
시클로펜톨레이트염산염,오큐시클로점안액(시클로펜톨레이트염산염)(수출명:OcuCyclo),점안용액제,공급중단,2021-05-25,~2022-12-31
아트라쿠륨베실산염,아트라주(아트라쿠륨베실산염),용액주사제,공급중단,2021-05-18,~2022-12-31
파클리탁셀,아브락산주(파클리탁셀),현탁액용동결건조분말주사제,공급부족,2021-05-14,~2022-12-31
아미트리프틸린염산염,에나폰정10밀리그램(아미트리프틸린염산염),필름코팅정,공급부족,2021-05-13,~2022-12-31
아미트리프틸린염산염,에나폰정5밀리그램(아미트리프틸린염산염),필름코팅정,공급부족,2021-05-13,~2022-12-31
반데타닙,카프렐사정300밀리그램(반데타닙),필름코팅정,공급부족,2021-05-13,~2022-12-31
독시사이클린하이클레이트수화물,덴티스타캡슐(독시사이클린하이클레이트수화물),"경질캡슐제, 산제",공급중단,2021-05-11,~2022-12-31
"심바스타틴,페노피브레이트(미분화)",콜립정145/20밀리그램,필름코팅정,공급중단,2021-05-07,~2022-12-31
"심바스타틴,페노피브레이트(미분화)",콜립정145/40밀리그램,필름코팅정,공급중단,2021-05-07,~2022-12-31
트라조돈염산염,환인트라조돈염산염캡슐,"경질캡슐제, 산제",공급부족,2021-05-06,~2022-12-31
"메트포르민염산염,미티글리니드칼슘수화물",다이아엠정,나정,공급중단,2021-04-29,~2022-12-31
이미다페나신,유리토스정(이미다페나신),필름코팅정,공급부족,2021-04-29,~2022-12-31
제피된 록시트로마이신,소아용루리드현탁정50밀리그람(현탁용록시트로마이신),분산정(현탁정),공급중단,2021-04-21,~2022-12-31
DL-멘톨,플랙스올(멘톨),피부크림제,공급중단,2021-04-20,~2022-12-31
벤다무스틴염산염,"심벤다주25mg(벤다무스틴염산염), 심벤다주100mg(벤다무스틴염산염)",용액용동결건조분말주사제,공급중단,2021-04-16,~2022-12-31
프로파페논염산염,리트모놈정주70mg/20ml(프로파페논염산염),용액주사제,공급중단,2021-04-15,~2022-12-31
퍼메트린,오메크린크림(퍼메트린),피부크림제,공급부족,2021-04-13,~2022-12-31
"디에노게스트(미분화),에스트라디올발레레이트(미분화)",클래라정,필름코팅정,공급부족,2021-04-09,~2022-12-31
"드로스피레논,에티닐에스트라디올",야스민정,필름코팅정,공급부족,2021-04-09,~2022-12-31
아세트아미노펜,지엘아세트아미노펜정300밀리그람,나정,공급중단,2021-04-08,~2022-12-31
알러젠추출물,알라박에이치디엠(트리트먼트코오스),용액주사제,공급중단,2021-04-08,~2022-12-31
아세트아미노펜,지엘아세트아미노펜정,나정,공급중단,2021-04-08,~2022-12-31
알러젠추출물,알라박에이치디엠(컨티뉴에이션코오스),용액주사제,공급중단,2021-04-08,~2022-12-31
트록세루틴,세라틴점안액(트록세루틴),점안용액제,공급중단,2021-04-07,~2022-12-31
"드로스피레논,에스트라디올반수화물",안젤릭정,필름코팅정,공급부족,2021-04-06,~2022-12-31
실데나필,네오비아세립50밀리그램(실데나필),세립,공급중단,2021-04-06,~2022-12-31
플루티카손프로피오네이트(미분화),후릭소타이드디스커스250마이크로그램(플루티카손프로피오네이트(미분화)),"정량흡입제, 분말제",공급부족,2021-04-05,~2022-12-31
록시트로마이신,록시그란과립(록시트로마이신),장용성과립제 ,공급중단,2021-04-02,~2022-12-31
돔페리돈,삼아돔페리돈과립,과립제,공급중단,2021-04-02,~2022-12-31
옥시부티닌염산염,라이리넬오로스서방정10밀리그램(옥시부티닌염산염),서방성필름코팅정,공급중단,2021-03-31,~2022-12-31
"트록세루틴,은행엽엑스",엘라스겔(수출용),피부용겔제,공급중단,2021-03-31,~2022-12-31
옥시부티닌염산염,라이리넬오로스서방정5밀리그램 (옥시부티닌염산염),서방성필름코팅정,공급중단,2021-03-31,~2022-12-31
아타자나비르황산염,레야타즈캡슐150밀리그램(아타자나비르황산염),"경질캡슐제, 과립제",공급중단,2021-03-30,~2022-12-31
플루티카손프로피오네이트(미분화),후릭소타이드디스커스250마이크로그램(플루티카손프로피오네이트(미분화)),"정량흡입제, 분말제",공급부족,2021-03-30,~2022-12-31
암모니아N-13주사액,서울대학교암모니아N-13주사액,용액주사제,공급중단,2021-03-30,~2022-12-31
철-아세틸트랜스페린,알부맥스캡슐(철-아세틸트랜스페린),"경질캡슐제, 산제",공급중단,2021-03-29,~2022-12-31
폴리사카라이드케이,코포랑과립(폴리사카라이드케이),과립제,공급중단,2021-03-29,~2022-12-31
"요소,폴리도카놀470",옵티덤크림,피부크림제,공급중단,2021-03-23,~2022-12-31
카르테올롤염산염,미케란엘에이점안액1%(카르테올롤염산염),점안용액제,공급중단,2021-03-22,~2022-12-31
"플라빈아데닌디뉴클레오티드나트륨,시아노코발라민",엘레멘-에스시럽,액상시럽제,공급중단,2021-03-22,~2022-12-31
"탄산마그네슘,시트르산",마크롤액,경구용액제,공급중단,2021-03-22,~2022-12-31
황산바륨,레딕스액70그람(황산바륨),경구용현탁액제,공급중단,2021-03-19,~2022-12-31
나테글리니드,파스틱정120밀리그램(나테글리니드),필름코팅정,공급중단,2021-03-12,~2022-12-31
에피네프린타르타르산염,젝스트프리필드펜주300마이크로그램(에피네프린타르타르산염),용액주사제,공급부족,2021-03-12,~2022-12-31
나테글리니드,파스틱정30밀리그램(나테글리니드),필름코팅정,공급중단,2021-03-12,~2022-12-31
아미노필린수화물,아스콘틴서방정(아미노필린수화물),서방정,공급중단,2021-03-12,~2022-12-31
나테글리니드,파스틱정90밀리그램(나테글리니드),필름코팅정,공급중단,2021-03-12,~2022-12-31
아미노필린수화물,소아용아스콘틴서방정(아미노필린수화물),서방정,공급중단,2021-03-12,~2022-12-31
"플루오로메톨론,겐타마이신황산염","디겐타안연고(겐타마이신황산염, 플루오로메톨론)",안연고제,공급중단,2021-03-09,~2022-12-31
"플루오로메톨론,겐타마이신황산염","디겐타점안액(겐타마이신황산염, 플루오로메톨론)",현탁액점안제,공급중단,2021-03-09,~2022-12-31
플루티카손프로피오네이트(미분화),후릭소타이드디스커스250마이크로그램(플루티카손프로피오네이트(미분화)),"정량흡입제, 분말제",공급부족,2021-03-03,~2022-12-31
조페노프릴칼슘,조페닐정15밀리그램(조페노프릴칼슘),필름코팅정,공급중단,2021-03-02,~2022-12-31
조페노프릴칼슘,조페닐정30밀리그램(조페노프릴칼슘),필름코팅정,공급중단,2021-03-02,~2022-12-31
조페노프릴칼슘,조페닐정7.5밀리그램(조페노프릴칼슘),필름코팅정,공급중단,2021-03-02,~2022-12-31
파리칼시톨,젬플라주(앰플)(파리칼시톨),용액주사제,공급중단,2021-02-26,~2022-12-31
에스트라디올발레레이트,프로기노바28정1밀리그램(에스트라디올발레레이트),당의정,공급부족,2021-02-26,~2022-12-31
"시프로테론아세테이트,에스트라디올 발레레이트",크리멘28정,당의정,공급부족,2021-02-26,~2022-12-31
에스트라디올발레레이트,프로기노바28정2밀리그램(에스트라디올발레레이트),당의정,공급부족,2021-02-26,~2022-12-31
설로덱시드,아주베셀듀.에프연질캡슐(설로덱시드),"연질캡슐제, 현탁상",공급중단,2021-02-24,~2022-12-31
"히알우론산나트륨,황산콘드로이틴나트륨","디스코비스크주(황산콘드로이틴나트륨, 히알루론산나트륨)",용액주사제,공급중단,2021-02-22,~2022-12-31
"히알우론산나트륨,황산 콘드로이친 나트륨",비스코트점안액,점안주사제,공급중단,2021-02-22,~2022-12-31
플루티카손프로피오네이트(미분화),후릭소타이드디스커스250마이크로그램(플루티카손프로피오네이트(미분화)),"정량흡입제, 분말제",공급부족,2021-02-19,~2022-12-31
"알긴산나트륨,탄산수소칼륨",애시논액(수출용),경구용액제,공급중단,2021-02-10,~2022-12-31
"바제독시펜아세테이트,결합형에스트로겐4.29%",듀아비브정0.45/20밀리그램,서방성필름코팅정,공급부족,2021-02-03,~2022-12-31
클렌부테롤염산염,소아용코판시럽(클렌부테롤염산염),액상시럽제,공급중단,2021-02-03,~2022-12-31
플루티카손프로피오네이트(미분화),후릭소타이드디스커스250마이크로그램(플루티카손프로피오네이트(미분화)),"정량흡입제, 분말제",공급부족,2021-02-03,~2022-12-31
황산바륨,이지-에이취디현탁용분말(황산바륨),현탁액용산제,공급중단,2021-02-02,~2022-12-31
판토프라졸나트륨세스키히드레이트,판토록정40밀리그램(판토프라졸나트륨세스키히드레이트),장용성필름코팅정,공급부족,2021-01-29,~2022-12-31
메소글리칸나트륨,메소칸캅셀50밀리그람(메소글리칸나트륨),"경질캡슐제, 산제",공급중단,2021-01-27,~2022-12-31
류프로렐린아세트산염,루프린주3.75mg(류프로렐린아세트산염),용액용동결건조분말주사제,공급부족,2021-01-25,~2022-12-31
히드로모르폰염산염,저니스타아이알정2밀리그램(히드로모르폰염산염),나정,공급중단,2021-01-21,~2022-12-31
베르테포르핀,비쥬다인주사(베르테포르핀),용액용동결건조분말주사제,공급부족,2021-01-21,~2022-12-31
이세파마이신황산염,이세프주사(이세파마이신황산염)(수출명:시오세신주사),용액주사제,공급중단,2021-01-18,~2022-12-31
옥시테트라사이클린염산염,옥시마이신캅셀500밀리그람(옥시테트라사이클린염산염),"경질캡슐제, 산제",공급중단,2021-01-18,~2022-12-31
마진돌,사노렉스정(마진돌),나정,공급중단,2021-01-18,~2022-12-31
암포테리신B,훈기존주사50밀리그램(주사용암포테리신비),용액용분말주사제,공급중단,2021-01-12,~2022-12-31
테스토스테론운데카노에이트,안드리올테스토캡스연질캡슐,"연질캡슐제, 액상",공급중단,2021-01-08,~2022-12-31
세프라딘엘아르기닌,한미주사용세프라딘1그램,용액용분말주사제,공급중단,2021-01-06,~2022-12-31
플루티카손프로피오네이트(미분화),후릭소타이드디스커스250마이크로그램(플루티카손프로피오네이트(미분화)),"정량흡입제, 분말제",공급부족,2021-01-04,~2022-12-31
메토클로프라미드,신일메토클로프라미드정,필름코팅정,공급중단,2020-12-29,~2022-12-31
살부타몰황산염,신일살부타몰정(수출명:BUTAMOLTab.)(SalbutamolSulfate),나정,공급중단,2020-12-29,~2022-12-31
폴리네이트칼슘,"나이린주10mg/mL(폴리네이트칼슘)(수출명: Kunyrin Injection 50mg, Kunyrin Inj. 30mg/3mL, Litacor Inj. 50mg/5mL)",용액주사제,공급중단,2020-12-24,~2022-12-31
"말레인산페니라민,페니레프린염산염",트인비액,일반액상분무제,공급중단,2020-12-23,~2022-12-31
크로모글리크산나트륨,클레신비액2%(크로모글리크산나트륨),일반액상분무제,공급중단,2020-12-23,~2022-12-31
고나도렐린아세트산염,렐레팍트LH-RH(고나도렐린아세트산염),용액주사제,공급중단,2020-12-21,~2022-12-31
"타조박탐 나트륨,세프톨로잔황산염",저박사주,용액용동결건조분말주사제,공급부족,2020-12-17,~2022-12-31
에토포시드,라스텟트에스캡슐25밀리그램(에토포시드),젤라틴코팅성경질캡슐제,공급중단,2020-12-17,~2022-12-31
돔페리돈,대원돔페리돈현탁액,경구용현탁액제,공급중단,2020-12-15,~2022-12-31
스피로노락톤,알닥톤필름코팅정25밀리그람(스피로노락톤),필름코팅정,공급부족,2020-12-14,~2022-12-31
콜린알포세레이트,리콜린산제400밀리그램(콜린알포세레이트),산제,공급중단,2020-12-11,~2022-12-31
"판크레아틴,메토클로프라미드염산염수화물",판부론정,장용성필름코팅정,공급중단,2020-12-09,~2022-12-31
엘카토닌,유영엘카토닌주10단위,용액주사제,공급중단,2020-12-03,~2022-12-31
엘카토닌,유영엘카토닌주20단위,용액주사제,공급중단,2020-12-03,~2022-12-31
나프실린나트륨·시트르산나트륨수화물,보령나프실린나트륨주1g(나프실린나트륨),용액용분말주사제,공급중단,2020-12-02,~2022-12-31
아르베카신황산염,하베카신주(아르베카신황산염)(수출명 : Arbekacin sulfate injection),용액주사제,공급중단,2020-11-27,~2022-12-31
"염화나트륨,포도당,시트르산나트륨수화물,시트르산칼륨수화물",페디라산,용액용산제,공급중단,2020-11-27,~2022-12-31
"에르고타민타르타르산염,카페인무수물",카펠큐정(수출용),나정,공급중단,2020-11-24,~2022-12-31
솔코세릴120농축물,솔코린점안겔(솔코세릴120농축물),안겔,공급중단,2020-11-19,~2022-12-31
오소판물질,케어본정(오소판물질),필름코팅정,공급중단,2020-11-19,~2022-12-31
솔코세릴120농축물,"솔코린점안액(솔코세릴120농축물)(1회용), 솔코린점안액(솔코세릴120농축물)",점안용액제,공급중단,2020-11-19,~2022-12-31
솔코세릴120농축물,"솔코린점안액(솔코세릴120농축물)(1회용), 솔코린점안액(솔코세릴120농축물)",점안용액제,공급중단,2020-11-19,~2022-12-31
설포뮤코폴리사카라이드,아테로이드연질캡슐(설포뮤코폴리사카라이드),"연질캡슐제, 액상",공급중단,2020-11-17,~2022-12-31
트리암시놀론,레더코트정(트리암시놀론),나정,공급부족,2020-11-12,~2022-12-31
스피로노락톤,알닥톤필름코팅정25밀리그람(스피로노락톤),필름코팅정,공급부족,2020-11-09,~2022-12-31
메노트로핀에이치피,메노푸어멀티도즈1200IU(메노트로핀에이치피),용액용동결건조분말주사제,공급중단,2020-10-30,~2022-12-31
세프피롬황산염,한세롬주1그램(세프피롬황산염),용액용분말주사제,공급중단,2020-10-29,~2022-12-31
졸레드론산일수화물,대웅졸레드론산주사액5밀리그램/100밀리리터(졸레드론산일수화물),용액주사제,공급중단,2020-10-28,~2022-12-31
라미부딘,라미픽스정(라미부딘),필름코팅정,공급중단,2020-10-27,~2022-12-31
"약독 수두생바이러스(바이러스주: Oka/Merck주, 세포주: MRC-5)",조스타박스주(대상포진생바이러스백신),현탁액용동결건조분말주사제,공급부족,2020-10-27,~2022-12-31
"주사침,류프로렐린아세트산염",루프린디피에스주22.5밀리그램(류프로렐린아세트산염),서방성현탁액용동결건조분말주사제,공급부족,2020-10-23,~2022-12-31
니솔디핀,씨스코이알서방정10밀리그램(니솔디핀),서방성다층정,공급중단,2020-10-23,~2022-12-31
니솔디핀,씨스코이알서방정20밀리그램(니솔디핀),서방성다층정,공급중단,2020-10-23,~2022-12-31
판토프라졸나트륨세스키히드레이트,판토록정40밀리그램(판토프라졸나트륨세스키히드레이트),장용성필름코팅정,공급부족,2020-10-14,~2022-12-31
판토프라졸나트륨세스키히드레이트,판토록정20밀리그램(판토프라졸나트륨세스키히드레이트),장용성필름코팅정,공급부족,2020-10-14,~2022-12-31
건조수산화알루미늄 겔,암포젤정(건조수산화알루미늄겔),나정,공급중단,2020-10-14,~2022-12-31
프로카테롤염산염수화물(미분화),메프친스윙헬러(프로카테롤염산염수화물(미분화)),"정량흡입제, 분말제",공급중단,2020-10-14,~2022-12-31
지도부딘,아지도민캡슐(지도부딘),"경질캡슐제, 산제",공급중단,2020-10-12,~2022-12-31
플루티카손프로피오네이트(미분화),후릭소나제코약(플루티카손프로피오네이트(미분화)),정량현탁분무제,공급중단,2020-10-12,~2022-12-31
메폴리주맙,"누칼라주(메폴리주맙, 유전자재조합)",용액용동결건조분말주사제,공급부족,2020-10-12,~2022-12-31
"정제 불활화 인플루엔자 바이러스 항원 B형 [B/Phuket/3073/2013 - like strain (B/Phuket/3073/2013, wild type)],정제 불활화 인플루엔자 바이러스 항원 A형[A/Guangdong-Maonan/SWL1536/2019 (H1N1)pdm09 - like strain (A/Guangdong-Maonan/SWL1536/2019, CNIC-1909)],정제 불활화 인플루엔자 바이러스 항원 A형[A/Hong Kong/2671/2019 (H3N2) - like strain (A/Hong Kong/2671/2019, IVR-208)],정제 불활화 인플루엔자 바이러스 항원 B형[B/Washington/02/2019 - like strain (B/Washington/02/2019, wild type)]",백시플루4가주사액프리필드시린지(인플루엔자분할백신),현탁액주사제,공급중단,2020-10-08,~2022-12-31
플루옥세틴염산염,푸로작확산정20밀리그램(플루옥세틴염산염),나정,공급중단,2020-10-08,~2022-12-31
"바제독시펜아세테이트,결합형에스트로겐4.29%",듀아비브정0.45/20밀리그램,서방성필름코팅정,공급부족,2020-09-29,~2022-12-31
"리도카인,아크리놀",아도카인즈거즈,거즈탈지면류,공급중단,2020-09-29,~2022-12-31
아젤라스틴염산염,"아제란점안액(아젤라스틴염산염)(수출명:뉴아제란점안액,NEWAZELANOphthalmicsolution)",점안용액제,공급중단,2020-09-25,~2022-12-31
플레릭사포르,모조빌주(플레릭사포르),용액주사제,공급부족,2020-09-25,~2022-12-31
니푸록사지드,에세푸릴현탁액(니푸록사지드),경구용현탁액제,공급중단,2020-09-17,~2022-12-31
마라비록,셀센트리정150mg(마라비록),필름코팅정,공급중단,2020-09-16,~2022-12-31
"레보도파,염산벤세라짓",마도파정125,나정,공급부족,2020-09-14,~2022-12-31
"비마토프로스트,티몰롤말레산염","간포트점안액(1회용), 간포트점안액",점안용액제,공급부족,2020-09-11,~2022-12-31
"티몰롤말레산염,브리모니딘타르타르산염",콤비간점안액,점안용액제,공급부족,2020-09-11,~2022-12-31
세파만돌나페이트,동광세파만돌나페이트주,용액용분말주사제,공급중단,2020-09-03,~2022-12-31
알프로스타딜,카버젝트주사20마이크로그람(알프로스타딜),용액용동결건조분말주사제,공급부족,2020-09-02,~2022-12-31
플루티카손프로피오네이트(미분화),후릭소타이드에보할러250마이크로그램(플루티카손프로피오네이트(미분화)),"정량흡입제, 현탁액제",공급중단,2020-09-01,~2022-12-31
이브리투모맙튜세탄,제바린키트주사(이브리투모맙튜세탄),용액주사제,공급중단,2020-08-31,~2022-12-31
리바비린,중헌리바비린캡슐200밀리그램,"경질캡슐제, 산제",공급중단,2020-08-31,~2022-12-31
페노테롤브롬화수소산염,코딜라트정(페노테롤브롬화수소산염),나정,공급중단,2020-08-31,~2022-12-31
"주사침,류프로렐린아세트산염",루프린디피에스주11.25밀리그램(류프로렐린아세트산염),현탁액용동결건조분말주사제,공급부족,2020-08-24,~2022-12-31
클로베타손부티레이트,유모베이트연고(클로베타손부티레이트),피부연고제,공급중단,2020-08-21,~2022-12-31
클로베타손부티레이트,유모베이트크림(클로베타손부티레이트),피부크림제,공급중단,2020-08-21,~2022-12-31
"주사침,류프로렐린아세트산염",루프린디피에스주3.75밀리그램(류프로렐린아세트산염),현탁액용동결건조분말주사제,공급부족,2020-08-14,~2022-12-31
올라라투맙,"라트루보주 10밀리그램/밀리리터(올라라투맙,유전자재조합)",용액주사제,공급중단,2020-08-12,~2022-12-31
"불활화폴리오바이러스 제1형 (바이러스주명: Mahoney주),불활화폴리오바이러스 제2형 (바이러스주명: MEF-1주),불활화폴리오바이러스 제3형 (바이러스주명: Saukett주)",코박스폴리오PF주(프리필드시린지)(개량불활화폴리오백신),용액주사제,공급중단,2020-08-11,~2022-12-31
폴리트로핀알파(재조합-인간난포자극호르몬),"고날-에프펜300IU주(폴리트로핀알파, 유전자재조합)",용액주사제,공급부족,2020-08-03,~2022-12-31
폴리트로핀알파(재조합-인간난포자극호르몬),"고날-에프펜900IU주(폴리트로핀알파,유전자재조합)",용액주사제,공급부족,2020-08-03,~2022-12-31
폴리트로핀알파(재조합-인간난포자극호르몬),"고날-에프펜450IU주(폴리트로핀알파, 유전자재조합)",용액주사제,공급부족,2020-08-03,~2022-12-31
"콜레칼시페롤농축분말,황산아연수화물",비타디징크키즈시럽,액상시럽제,공급중단,2020-07-27,~2022-12-31
"콜레칼시페롤농축분말,황산아연수화물",비타디징크시럽,액상시럽제,공급중단,2020-07-27,~2022-12-31
독시사이클린하이클레이트수화물,덴티스타캡슐(독시사이클린하이클레이트수화물),"경질캡슐제, 산제",공급중단,2020-07-17,~2022-12-31
테트라데실황산나트륨콘센트레이트,파이브로베인주3%(테트라데실황산나트륨콘센트레이트),용액주사제,공급부족,2020-07-13,~2022-12-31
데스모프레신아세트산염,미니린나잘스프레이(데스모프레신아세트산염),일반액상분무제,공급중단,2020-07-13,~2022-12-31
사람 피브리노겐,녹십자-파이브리노겐주(건조사람피브리노겐),용액용동결건조분말주사제,공급부족,2020-07-08,~2022-12-31
"콜레칼시페롤농축분말,황산아연수화물",칼디아시럽,액상시럽제,공급중단,2020-07-03,~2022-12-31
"성인용흡착디프테리아톡소이드(균주명:Park William # 8株),흡착파상풍 톡소이드(Clostridium tetani Massachusetts F1)",티디퓨어주(프리필드시린지)(성인용 흡착디프테리아 및 파상풍혼합톡소이드),현탁액주사제,공급중단,2020-07-02,~2022-12-31
글루타티온(환원형),타치온주사(글루타티온(환원형)),용액용동결건조분말주사제,공급중단,2020-07-02,~2022-12-31
이오프로마이드,울트라비스트370주프리필드카트리지(이오프로마이드),용액주사제,공급중단,2020-06-30,~2022-12-31
시스아트라쿠륨베실산염,님벡스주(시스아트라쿠륨베실산염),용액주사제,공급중단,2020-06-29,~2022-12-31
아미오다론염산염,코다론정(아미오다론염산염),나정,공급부족,2020-06-26,~2022-12-31
프랄리독심염화물,파무에이주500밀리그램(프랄리독심염화물),용액용동결건조분말주사제,공급부족,2020-06-25,~2022-12-31
테오필린,유니필서방정200mg(테오필린),서방성필름코팅정,공급중단,2020-06-25,~2022-12-31
테오필린,유니필서방정400mg(테오필린),서방성필름코팅정,공급중단,2020-06-25,~2022-12-31
레보부피바카인염산염,카이로케인주25mg(레보부피바카인염산염),용액주사제,공급중단,2020-06-12,~2022-12-31
레보부피바카인염산염,카이로케인주75mg(레보부피바카인염산염),용액주사제,공급중단,2020-06-12,~2022-12-31
레보부피바카인염산염,카이로케인주50mg(레보부피바카인염산염),용액주사제,공급중단,2020-06-12,~2022-12-31
알프로스타딜,카버젝트주사20마이크로그람(알프로스타딜),용액용동결건조분말주사제,공급부족,2020-06-11,~2022-12-31
이미글루세라제,세레자임주(이미글루세라제),용액용동결건조분말주사제,공급중단,2020-06-11,~2022-12-31
스피로노락톤,알닥톤필름코팅정25밀리그람(스피로노락톤),필름코팅정,공급부족,2020-06-09,~2022-12-31
말로틸레이트,칸진정200밀리그람(말로틸레이트),필름코팅정,공급중단,2020-06-05,~2022-12-31
페닐부틸산나트륨,암모납스500밀리그램(페닐부틸산나트륨),나정,공급중단,2020-06-05,~2022-12-31
테트라데실황산나트륨콘센트레이트,파이브로베인주3%(테트라데실황산나트륨콘센트레이트),용액주사제,공급부족,2020-06-02,~2022-12-31
"덱스트란40,포도당",대한덱스트란40덱스주,수액제,공급중단,2020-06-01,~2022-12-31
세르타코나졸질산염,더모메디크림(세르타코나졸질산염),피부크림제,공급중단,2020-05-26,~2022-12-31
"바제독시펜아세테이트,결합형에스트로겐4.29%",듀아비브정0.45/20밀리그램,서방성필름코팅정,공급부족,2020-05-25,~2022-12-31
시롤리무스분산용액,라파뮨정0.5밀리그램(시롤리무스),당의정,공급부족,2020-05-21,~2022-12-31
시롤리무스분산용액,라파뮨정2밀리그램(시롤리무스),당의정,공급부족,2020-05-21,~2022-12-31
"정제 불활화 인플루엔자 바이러스 항원 B형[B/Colorado/06/2017-like strain (B/Maryland/15/2016, NYMC BX-69A)],정제 불활화 인플루엔자 바이러스 항원 A형[A/Brisbane/02/2018(H1N1)pdm09 - like strain (A/Brisbane/02/2018, IVR-190)],정제 불활화 인플루엔자 바이러스 항원 A형[A/Kansas/14/2017(H3N2) - like strain (A/Kansas/14/2017, NYMC X-327)]",박씨그리프주(인플루엔자분할백신),현탁액주사제,공급중단,2020-05-18,~2022-12-31
"콜레칼시페롤농축분말,황산아연수화물",칼디아키즈시럽,액상시럽제,공급중단,2020-05-15,~2022-12-31
알프로스타딜,카버젝트주사20마이크로그람(알프로스타딜),용액용동결건조분말주사제,공급부족,2020-05-15,~2022-12-31
탄산란탄,포스레놀정750밀리그램(탄산란탄),추어블정(저작정),공급부족,2020-05-13,~2022-12-31
아데노신트리포스페이트이나트륨삼수화물,에이티피장용정(아데노신트리포스페이트이나트륨삼수화물),장용성필름코팅정,공급중단,2020-05-11,~2022-12-31
프로카인염산염,대한프로카인2%주(프로카인염산염),용액주사제,공급중단,2020-05-07,~2022-12-31
사람면역글로불린-지,감마-글로불린주(사람면역글로불린),용액주사제,공급부족,2020-04-29,~2022-12-31
이소프로테레놀염산염,이수푸렐주(이소프로테레놀염산염),용액주사제,공급중단,2020-04-28,~2022-12-31
플루다라빈포스페이트,화이자플루다라빈주(플루다라빈포스페이트),용액용동결건조분말주사제,공급중단,2020-04-28,~2022-12-31
알러젠추출물,알레르기진단용시약,용액주사제,공급중단,2020-04-22,~2022-12-31
벤즈브로마론,명인날카리신정50밀리그램(벤즈브로마론),나정,공급중단,2020-04-22,~2022-12-31
모클로베미드,오로릭스정150밀리그람(모클로베미드),필름코팅정,공급중단,2020-04-22,~2022-12-31
티아프로펜산,썰감정200밀리그람(티아프로펜산),나정,공급중단,2020-04-21,~2022-12-31
카르테올롤염산염,미케란엘에이점안액2%(카르테올롤염산염),점안용액제,공급중단,2020-04-21,~2022-12-31
덱스란소프라졸,덱실란트디알캡슐30밀리그램(덱스란소프라졸),"경질캡슐제, 서방성장용성펠렛",공급부족,2020-04-17,~2022-12-31
"메틸-N,S-디아세틸시스테인","무코신일산(메틸-N,S-디아세틸시스테인)",산제,공급중단,2020-04-14,~2022-12-31
염산미로데나필,엠빅스정50밀리그램(미로데나필염산염),필름코팅정,공급중단,2020-04-14,~2022-12-31
스피로노락톤,알닥톤필름코팅정25밀리그람(스피로노락톤),필름코팅정,공급부족,2020-04-10,~2022-12-31
네오스티그민메틸황산염,제일제약네오스티그민메틸황산염주,용액주사제,공급부족,2020-04-10,~2022-12-31
"덱스판테놀,멸균천연해수",마플러스나잘스프레이,일반액상분무제,공급부족,2020-04-09,~2022-12-31
5-히드록시트립토판,5-에이치티피캅셀(5-하이드록시트립토판(옥시트립탄)),"경질캡슐제, 산제",공급부족,2020-04-09,~2022-12-31
인난포자극호르몬,포스티몬주75아이유,용액용동결건조분말주사제,공급중단,2020-04-07,~2022-12-31
"파상풍톡소이드와접합된헤모필루스인플루엔자비형균다당류[균주: Haemophilus influenzae type b 1482(제조원균주번호 2164), 접합단백질용 균주: Clostridium tetani Havard 49205(제조원균주번호 1472C)]",악티브주(헤모필루스인플루엔자비형.파상풍톡소이드접합백신),용액용동결건조분말주사제,공급중단,2020-04-03,~2022-12-31
"불활화폴리오바이러스 제1형 (바이러스주명: Mahoney주),불활화폴리오바이러스 제2형 (바이러스주명: MEF-1주),불활화폴리오바이러스 제3형 (바이러스주명: Saukett주)",이모박스폴리오주(개량불활화폴리오백신),현탁액주사제,공급중단,2020-04-03,~2022-12-31
건조밀봉독,아피톡신주(건조밀봉독),용액용동결건조분말주사제,공급중단,2020-04-02,~2022-12-31
오소판물질,오소본정(오소판물질),필름코팅정,공급중단,2020-03-27,~2022-12-31
빈블라스틴황산염,황산빈블라스틴피씨에치주사,용액주사제,공급중단,2020-03-27,~2022-12-31
벤프로페린인산염,코프렐정(벤프로페린인산염),필름코팅정,공급중단,2020-03-25,~2022-12-31
로라타딘,클라리틴시럽(로라타딘),액상시럽제,공급중단,2020-03-19,~2022-12-31
시클로펜톨레이트염산염,싸이크로질1%점안액(시클로펜톨레이트염산염),점안용액제,공급중단,2020-03-16,~2022-12-31
프라노프로펜,프라노푸린점안액(프라노프로펜),점안용액제,공급중단,2020-03-12,~2022-12-31
탄산란탄,포스레놀정500밀리그램(탄산란탄),추어블정(저작정),공급중단,2020-03-12,~2022-12-31
제피된 록시트로마이신,소아용루리드현탁정50밀리그람(현탁용록시트로마이신),분산정(현탁정),공급부족,2020-03-05,~2022-12-31
알프로스타딜,카버젝트주사20마이크로그람(알프로스타딜),용액용동결건조분말주사제,공급부족,2020-03-04,~2022-12-31
니페디핀(미분화),아달라트오로스정60(니페디핀),서방성필름코팅정,공급중단,2020-02-21,~2022-12-31
클로르헥시딘글루콘산염 액,헥사메딘액(클로르헥시딘글루콘산염액),가글제,공급중단,2020-02-19,~2022-12-31
니코틴산,엑스립서방정500밀리그람(니코틴산),서방정,공급중단,2020-02-19,~2022-12-31
클로스트리디움 보툴리눔A형독소-혈구응집소복합체,디스포트주(클로스트리디움보툴리눔A형독소-혈구응집소복합체),용액용동결건조분말주사제,공급부족,2020-02-18,~2022-12-31
리툭시맙,맙테라피하주사(리툭시맙)(유전자재조합),용액주사제,공급중단,2020-02-12,~2022-12-31
덱스란소프라졸,덱실란트디알캡슐30밀리그램(덱스란소프라졸),"경질캡슐제, 서방성장용성펠렛",공급부족,2020-02-12,~2022-12-31
"옥시테트라사이클린염산염,폴리믹신B황산염",테라마이신안연고,안연고제,공급부족,2020-02-11,~2022-12-31
피프린히드리네이트,히스콘주(피프린히드리네이트),용액주사제,공급중단,2020-02-10,~2022-12-31
하이드록시프로게스테론카프로에이트,프로게스테론데포예나팜(하이드록시프로게스테론카프로에이트),용액주사제,공급중단,2020-02-07,~2022-12-31
"메트포르민염산염,알로글립틴 벤조산염",네시나메트정12.5/500밀리그램,필름코팅정,공급부족,2020-02-06,~2022-12-31
"메트포르민염산염,알로글립틴 벤조산염",네시나메트정12.5/1000밀리그램,필름코팅정,공급부족,2020-02-06,~2022-12-31
에프도파 F18액,서울대학교병원에프도파F18주사액,용액주사제,공급중단,2020-02-03,~2022-12-31
데페록사민메실레이트,화이자데페록사민메실레이트주500mg,용액용동결건조분말주사제,공급부족,2020-02-03,~2022-12-31
다클라타스비르염산염,다클린자정60밀리그램(다클라타스비르 염산염),필름코팅정,공급중단,2020-01-31,~2022-12-31
시타라빈,화이자시타라빈주,용액주사제,공급부족,2020-01-30,~2022-12-31
플루티카손프로피오네이트(미분화),"후릭소타이드네뷸2밀리그램(플루티카손프로피오네이트(미분화))
","정량흡입제, 현탁액제",공급부족,2020-01-30,~2022-12-31
에스트라디올반수화물,프레다정1mg(에스트라디올반수화물),필름코팅정,공급부족,2020-01-22,~2022-12-31
5-히드록시트립토판,5-에이치티피캅셀(5-하이드록시트립토판(옥시트립탄)),"경질캡슐제, 산제",공급부족,2020-01-21,~2022-12-31
"사람면역글로불린-지,히스타민염산염",녹십자-히스토불린주(건조히스타민가사람면역글로불린),용액용동결건조분말주사제,공급중단,2020-01-20,~2022-12-31
"폴리트로핀-베타(재조합난포자극호르몬recFSH)(숙주:CHO세포,벡타:pKMS.FSH αgβg)","퓨레곤용액주100IU(폴리트로핀베타,재조합난포자극호르몬)",용액주사제,공급중단,2020-01-17,~2022-12-31
트리메부틴,베부틴드라이시럽(트리메부틴),"건조시럽제, 산제",공급중단,2020-01-13,~2022-12-31
스피로노락톤,알닥톤필름코팅정25밀리그람(스피로노락톤),필름코팅정,공급부족,2020-01-09,~2022-12-31
테트라데실황산나트륨콘센트레이트,트롬보젝주1%10mg/ml(테트라데실황산나트륨),용액주사제,공급중단,2020-01-08,~2022-12-31
테트라데실황산나트륨콘센트레이트,트롬보젝주3%30mg/ml(테트라데실황산나트륨),용액주사제,공급중단,2020-01-08,~2022-12-31
테트라데실황산나트륨콘센트레이트,트롬보젝주3%30mg/ml(테트라데실황산나트륨),용액주사제,공급중단,2020-01-08,~2022-12-31
"보글리보스,메트포르민염산염",보그메트정0.2/250밀리그램,필름코팅정,공급중단,2020-01-06,~2022-12-31
"보글리보스,메트포르민염산염",보그메트정0.2/500밀리그램,필름코팅정,공급중단,2020-01-06,~2022-12-31
이세파마이신황산염,유한이세파마이신주사(이세파마이신황산염),용액주사제,공급중단,2020-01-02,~2022-12-31
"인유두종바이러스 6형 L1 단백질,인유두종바이러스 11형 L1 단백질,인유두종바이러스 16형 L1 단백질,인유두종바이러스 18형 L1 단백질,인유두종바이러스 31형 L1 단백질,인유두종바이러스 33형 L1 단백질,인유두종바이러스 45형 L1 단백질,인유두종바이러스 52형 L1 단백질,인유두종바이러스 58형 L1 단백질","가다실9프리필드시린지[인유두종바이러스9가(6,11,16,18,31,33,45,52,58형)백신(유전자재조합)] ",현탁액주사제,공급부족,2019-12-27,~2022-12-31
리도카인염산염수화물,해피카인액(리도카인염산염수화물),경구용액제,공급중단,2019-12-26,~2022-12-31
이세파마이신황산염,유한이세파마이신주사(이세파마이신황산염),용액주사제,공급부족,2019-12-26,~2022-12-31
프로글루메타신말레산염,한올아푸록산정300밀리그램(프로글루메타신말레산염),필름코팅정,공급중단,2019-12-26,~2022-12-31
"재조합인과립구콜로니자극인자(균주:대장균,벡터:pCFM536)",류코카인주300(재조합인과립구콜로니자극인자),용액주사제,공급중단,2019-12-24,~2022-12-31
"재조합인과립구콜로니자극인자(균주:대장균,벡터:pCFM536)",류코카인주150(재조합인과립구콜로니자극인자),용액주사제,공급중단,2019-12-24,~2022-12-31
리보스타마이신황산염,리오마이신주사0.5그램(리보스타마이신황산염),용액용분말주사제,공급중단,2019-12-23,~2022-12-31
리보스타마이신황산염,리오마이신주사1.0그램(리보스타마이신황산염),용액용분말주사제,공급중단,2019-12-23,~2022-12-31
릭시세나티드,릭수미아펜주20마이크로그램(릭시세나티드),용액주사제,공급중단,2019-12-20,~2022-12-31
스피로노락톤,알닥톤필름코팅정25밀리그람(스피로노락톤),필름코팅정,공급부족,2019-12-13,~2022-12-31
피리도스티그민브롬화물,도스민정(피리도스티그민브롬화물),나정,공급중단,2019-12-13,~2022-12-31
릭시세나티드,릭수미아펜주10마이크로그램(릭시세나티드),용액주사제,공급중단,2019-12-12,~2022-12-31
정제유로키나제액,"녹십자유로키나제주500,000단위(수출명:메디나제)",용액용동결건조분말주사제,공급중단,2019-12-11,~2022-12-31
정제유로키나제액,"녹십자유로키나제주250,000단위",용액용동결건조분말주사제,공급중단,2019-12-11,~2022-12-31
"니카르디핀염산염위용성과립,니카르디핀염산염장용성과립",동아페르디핀서방캡슐40밀리그램(니카르디핀염산염),"서방성캡슐제, 펠렛",공급중단,2019-12-11,~2022-12-31
메드록시프로게스테론아세테이트,사야나주104mg/0.65mL (메드록시프로게스테론아세테이트),현탁액주사제,공급중단,2019-12-10,~2022-12-31
알프로스타딜,카버젝트주사10마이크로그람(알프로스타딜),용액용동결건조분말주사제,공급부족,2019-12-10,~2022-12-31
리도카인,리도탑카타플라스마(리도카인),경피흡수제,공급중단,2019-12-10,~2022-12-31
"레보노르게스트렐,에티닐에스트라디올",미니보라30,당의정,공급중단,2019-12-10,~2022-12-31
테트라데실황산나트륨콘센트레이트,파이브로베인주1%(테트라데실황산나트륨콘센트레이트),용액주사제,공급부족,2019-12-10,~2022-12-31
테트라데실황산나트륨콘센트레이트,파이브로베인주3%바이알(테트라데실황산나트륨콘센트레이트),용액주사제,공급부족,2019-12-10,~2022-12-31
페그인터페론알파-2a(숙주 E.coli W3110trpR-벡터pLIF-A-trp55),페가시스프리필드주135마이크로그람(페그인터페론알파-2에이),용액주사제,공급중단,2019-12-09,~2022-12-31
시타라빈,싸이토사유주사1그람(시타라빈),용액용동결건조분말주사제,공급중단,2019-12-09,~2022-12-31
페그인터페론알파-2a(숙주 E.coli W3110trpR-벡터pLIF-A-trp55),페가시스프리필드주180마이크로그람(페그인터페론알파-2에이),용액주사제,공급중단,2019-12-09,~2022-12-31
"아달리무맙(숙주:CHO cell,벡터:pA205,종세포주:M-970321-6)","휴미라주40밀리그램바이알(아달리무맙,유전자재조합)",용액주사제,공급중단,2019-12-06,~2022-12-31
라미프릴,제니프릴정5밀리그람(라미프릴),나정,공급중단,2019-12-06,~2022-12-31
"트로픽아미드,페닐레프린염산염",프리디아점안액(1회용),점안용액제,공급중단,2019-12-06,~2022-12-31
"플라빈아데닌디뉴클레오티드나트륨,간장추출엑스",중외아데라빈9호주,용액주사제,공급중단,2019-12-05,~2022-12-31
플루오시노니드,엑스엘-완겔(플루오시노니드),피부용겔제,공급중단,2019-12-05,~2022-12-31
알프로스타딜,카버젝트주사20마이크로그람(알프로스타딜),용액용동결건조분말주사제,공급부족,2019-12-05,~2022-12-31
밀크시슬엑스,신일실리마린정35밀리그램(밀크시슬엑스),당의정,공급중단,2019-11-28,~2022-12-31
"약독홍역생바이러스(바이러스주: Schwarz strain),약독유행성이하선염생바이러스(바이러스주: RIT4385 strain),약독풍진생바이러스(바이러스주: Wistar RA 27/3 strain)","프리오릭스주(홍역,유행성이하선염및풍진혼합생바이러스백신)",용액용동결건조분말주사제,공급부족,2019-11-21,~2022-12-31
바데나필염산염(미분화),레비트라정20밀리그램(바데나필염산염),필름코팅정,공급중단,2019-11-15,~2022-12-31
바데나필염산염(미분화),레비트라정10밀리그램(바데나필염산염),필름코팅정,공급중단,2019-11-15,~2022-12-31
시말드레이트,알막틴정(시말드레이트),나정,공급중단,2019-11-11,~2022-12-31
"옥시테트라사이클린염산염,폴리믹신B황산염",테라마이신안연고,안연고제,공급부족,2019-11-06,~2022-12-31
페미로라스트칼륨,알레기살드라이시럽(페미로라스트칼륨),건조시럽용 과립제,공급중단,2019-10-24,~2022-12-31
메드록시프로게스테론아세테이트,파루탈정(메드록시프로게스테론아세테이트),나정,공급부족,2019-10-21,~2022-12-31
넬테넥신일수화물,알베오텐정(넬테넥신일수화물)(수출용),나정,공급중단,2019-10-16,~2022-12-31
레보부놀롤염산염,베타간점안액0.5%(레보부놀롤염산염),점안용액제,공급중단,2019-10-01,~2022-12-31
거대응집사람혈청알부민,테크네스캔리오엠에이에이주(거대응집사람혈청알부민),용액용분말주사제,공급중단,2019-09-30,~2022-12-31
테모카프릴염산염,에이스콜정2밀리그램(테모카프릴염산염),나정,공급중단,2019-09-26,~2022-12-31
바미필린염산염,바미필정(바미필린염산염),필름코팅정,공급중단,2019-09-25,~2022-12-31
"펠로디핀,메토프롤롤숙신산염",로지맥스서방정,서방성필름코팅정,공급부족,2019-09-20,~2022-12-31
프로파세타몰염산염,파노간주(프로파세타몰염산염),용액용분말주사제,공급중단,2019-09-18,~2022-12-31
A형간염바이러스항원(균주명:HM175주),하브릭스주(A형간염백신),현탁액주사제,공급부족,2019-09-17,~2022-12-31
"인터페론알파-2에이(숙주:E.coli W3110 trpR-,벡터:pLIF-A-trp55)",로페론-에이프리필드주300만단위/0.5mL(인터페론알파-2에이),용액주사제,공급중단,2019-09-11,~2022-12-31
시메티딘,타가메트주사(시메티딘),용액주사제,공급부족,2019-09-05,~2022-12-31
세인트존스워트50%에탄올건조엑스(4~6→1),페리시정(세인트존스워트50%에탄올건조엑스(4~6→1)),필름코팅정,공급중단,2019-08-29,~2022-12-31
클로티아제팜,리제정5밀리그램(클로티아제팜),필름코팅정,공급중단,2019-08-28,~2022-12-31
"타조박탐 나트륨,세프톨로잔황산염",저박사주,용액용동결건조분말주사제,공급부족,2019-08-28,~2022-12-31
트록시피드,디펜사정(트록시피드),필름코팅정,공급중단,2019-08-22,~2022-12-31
멕사졸람,메리움정0.5밀리그람(멕사졸람),나정,공급중단,2019-08-21,~2022-12-31
플루다라빈포스페이트,플루다라정(플루다라빈포스페이트),필름코팅정,공급부족,2019-08-19,~2022-12-31
리루졸,리루텍정(리루졸),필름코팅정,공급부족,2019-08-13,~2022-12-31
플루티카손프로피오네이트(미분화),큐티베이트크림(플루티카손프로피오네이트(미분화)),피부크림제,공급부족,2019-08-12,~2022-12-31
센나엽,디-트림메이트산(센나엽),산제,공급중단,2019-08-12,~2022-12-31
미토테인,리소드렌정500밀리그람(미토테인),나정,공급부족,2019-08-07,~2022-12-31
헤파린나트륨,케이헤파린주25000단위(헤파린나트륨),용액주사제,공급중단,2019-07-24,~2022-12-31
보에마이트,위튼겔(보에마이트),경구용현탁액제,공급중단,2019-07-11,~2022-12-31
베포타스틴베실산염,타리온점안액(베포타스틴베실산염),점안용액제,공급중단,2019-07-10,~2022-12-31
살부타몰황산염,벤토린네뷸2.5mg(살부타몰황산염),"흡입제, 미분류",공급부족,2019-07-10,~2022-12-31
수크랄페이트,아루사루민액(수크랄페이트),경구용현탁액제,공급중단,2019-07-08,~2022-12-31
독세핀염산염,슬리핀정6밀리그램(독세핀염산염),나정,공급중단,2019-07-08,~2022-12-31
수크랄페이트,아루사루민정(수크랄페이트),나정,공급중단,2019-07-08,~2022-12-31
아수나프레비르,순베프라캡슐100밀리그램(아수나프레비르),"연질캡슐제, 액상",공급중단,2019-07-01,~2022-12-31
에카베트나트륨수화물,가베트정500밀리그램(에카베트나트륨수화물),나정,공급중단,2019-06-27,~2022-12-31
"파리타프레비르,옴비타스비르,리토나비르",비키라정,필름코팅정,공급중단,2019-06-24,~2022-12-31
다사부비르나트륨,엑스비라정 (다사부비르),필름코팅정,공급중단,2019-06-24,~2022-12-31
"헤모필루스인플루엔자비형올리고당과 디프테리아CRM197단백질접합체[Hib균주 : ATCC10211, 디프테리아CRM197균주: C7B1978]",박셈힙(프리필드시린지)[헤모필루스인플루엔자비형·디프테리아씨알엠(CRM197)단백접합백신],용액주사제,공급중단,2019-06-24,~2022-12-31
"테가푸르과립,우라실과립",유ㆍ에프ㆍ티-이과립0.5그램,과립제,공급중단,2019-06-10,~2022-12-31
"인유두종바이러스 6형 L1 단백질,인유두종바이러스 11형 L1 단백질,인유두종바이러스 16형 L1 단백질,인유두종바이러스 18형 L1 단백질","가다실 프리필드시린지[인유두종바이러스 4가(6,11,16,18형) 백신(유전자재조합)]",현탁액주사제,공급부족,2019-06-10,~2022-12-31
세파만돌나페이트,동광세파만돌나페이트주,용액용분말주사제,공급중단,2019-05-28,~2022-12-31
무수에탄올,대한무수에탄올 주(바이알),용액주사제,공급중단,2019-05-23,~2022-12-31
푸로세미드,다이릭스정(푸로세미드),나정,공급중단,2019-05-17,~2022-12-31
희석된니트로글리세린(니트로글리세린2%유당),하나니트로글리세린0.6밀리그람설하정,설하정,공급부족,2019-05-15,~2022-12-31
와파린나트륨,쿠파린정2밀리그램(와파린나트륨),나정,공급부족,2019-05-15,~2022-12-31
"인유두종바이러스 6형 L1 단백질,인유두종바이러스 11형 L1 단백질,인유두종바이러스 16형 L1 단백질,인유두종바이러스 18형 L1 단백질,인유두종바이러스 31형 L1 단백질,인유두종바이러스 33형 L1 단백질,인유두종바이러스 45형 L1 단백질,인유두종바이러스 52형 L1 단백질,인유두종바이러스 58형 L1 단백질","가다실9프리필드시린지[인유두종바이러스9가(6,11,16,18,31,33,45,52,58형)백신(유전자재조합)] ",현탁액주사제,공급부족,2019-05-10,~2022-12-31
"테넥테플라제(숙주세포:CHO-DP-12,벡터:pSV16B.TNK,pSV15D,YL1)",메탈라제주사40mg(테넥테플라제),용액용동결건조분말주사제,공급중단,2019-04-30,~2022-12-31
도리페넴일수화물,피니박스주사0.25그램(도리페넴일수화물),용액용분말주사제,공급중단,2019-04-25,~2022-12-31
Ammonia N-13액,케어캠프암모니아N-13주사액,용액주사제,공급중단,2019-04-24,~2022-12-31
"정제백당,비타민A유,염화칼륨,엽산,인산리보플라빈나트륨,콜레칼시페롤,탄산칼륨,초산토코페롤,판토텐산칼슘,황산동,황산아연,구연산칼슘,비오틴,염화마그네슘,인산이수소칼륨,황산망간,글루콘산제일철,카제인,아스코르빈산나트륨,구연산칼륨,팜유,말토덱스트린,트리카프릴린,대두유,시아노코발라민,분리대두단백질,구연산나트륨수화물,피토나디온,니코틴아마이드,피리독신염산염,염화칼슘수화물,치아민염화물염산염,임자유",엔커버액,경구용유제,공급중단,2019-04-15,~2022-12-31
브리모니딘타르타르산염,미르바소겔0.33%(브리모니딘타르타르산염),피부용겔제,공급중단,2019-04-09,~2022-12-31
단트롤렌나트륨,단트롤렌주20밀리그램(단트롤렌나트륨),용액용동결건조분말주사제,공급중단,2019-04-01,~2022-12-31
"비마토프로스트,티몰롤말레산염","간포트점안액(1회용), 간포트점안액",점안용액제,공급부족,2019-03-27,~2022-12-31
"트로픽아미드,페닐레프린염산염",미드린피점안제,점안용액제,공급중단,2019-03-25,~2022-12-31
"락토비온산에리스로마이신,콜리스틴메탄설폰산나트륨",에코리신점안액,용액용점안분말제,공급중단,2019-03-25,~2022-12-31
보리코나졸,브이펜드주사200밀리그람(보리코나졸)(주사용),용액용분말주사제,공급부족,2019-03-22,~2022-12-31
살부타몰황산염,부광살부타몰정4밀리그램(살부타몰황산염),나정,공급부족,2019-03-21,~2022-12-31
바미필린염산염,트렌타딜정(바미필린염산염),필름코팅정,공급중단,2019-03-18,~2022-12-31
미분화시클레소니드,옴나리스나잘스프레이(미분화시클레소니드),정량현탁분무제,공급부족,2019-03-14,~2022-12-31
클린다마이신포스페이트,크레오신질크림2%(클린다마이신포스페이트),질용크림제,공급부족,2019-03-05,~2022-12-31
미토마이신씨,미토마이신씨교와10밀리그람주,용액용분말주사제,공급중단,2019-02-28,~2022-12-31
뮤코폴리사카리드폴리설페이트,히루도이드포르테겔(뮤코폴리사카리드폴리설페이트),피부용겔제,공급중단,2019-02-26,~2022-12-31
프레드니솔론아세테이트,프레드포르테점안액(프레드니솔론아세테이트),현탁액점안제,공급중단,2019-02-25,~2022-12-31
"메드록시프로게스테론아세테이트,에스트라디올발레레이트",인디비나정1밀리그램/2.5밀리그램,나정,공급중단,2019-02-21,~2022-12-31
"메드록시프로게스테론아세테이트,에스트라디올 발레레이트",디비나정,나정,공급중단,2019-02-20,~2022-12-31
우레아(14C),헬리캡캡슐(우레아(C14)),"경질캡슐제, 산제",공급중단,2019-02-18,~2022-12-31
"레보도파,카르비도파수화물",시네메트정25/100,나정,공급중단,2019-02-14,~2022-12-31
"레보도파,카르비도파수화물",시네메트정,나정,공급중단,2019-02-14,~2022-12-31
"레보도파,카르비도파수화물",시네메트씨알정,서방정,공급중단,2019-02-14,~2022-12-31
페그인터페론알파-2a(숙주 E.coli W3110trpR-벡터pLIF-A-trp55),페가시스주180마이크로그램프로클릭(페그인터페론알파-2에이),용액주사제,공급중단,2019-01-16,~2022-12-31
알리트레티노인,알리톡연질캡슐10밀리그램(알리트레티노인),"연질캡슐제, 현탁상",공급부족,2019-01-14,~2022-12-31
미토마이신씨,미토마이신씨교와10밀리그람주,용액용분말주사제,공급중단,2019-01-11,~2022-12-31
플루다라빈포스페이트,화이자플루다라빈주(플루다라빈포스페이트),용액용동결건조분말주사제,공급부족,2019-01-07,~2022-12-31
프레드니솔론아세테이트,프레드포르테점안액(프레드니솔론아세테이트),현탁액점안제,공급부족,2019-01-04,~2022-12-31
"염화나트륨,염화칼슘,엘트립토판,엘페닐알라닌,염산리신(염산엘리신),엘세린,엘알기닌,엘알라닌,염화마그네슘,젖산나트륨,엘티로신,엘프롤린,엘히스티딘,글리신,엘트레오닌,엘메치오닌,엘발린,엘로이신,엘이소로이신",뉴트리닐피디-4액,"복막투석제, 액제",공급중단,2018-12-26,~2022-12-31
메타콜린염화물,휴메딕스메콜린산100밀리그램(메타콜린염화물),"흡입제, 미분류",공급중단,2018-12-24,~2022-12-31
염산프로파페논,리트모놈정150mg(염산프로파페논),필름코팅정,공급중단,2018-12-21,~2022-12-31
타칼시톨일수화물,본알파하이연고(타칼시톨일수화물),피부연고제,공급중단,2018-12-21,~2022-12-31
페타시테스히브리두스엽이산화탄소엑스,코살린정(페타시테스히브리두스엽이산화탄소엑스),필름코팅정,공급중단,2018-12-21,~2022-12-31
메드록시프로게스테론아세테이트,프로베라정10mg(메드록시프로게스테론아세테이트),나정,공급부족,2018-12-18,~2022-12-31
페노테롤브롬화수소산염,코딜라트정(페노테롤브롬화수소산염),나정,공급중단,2018-12-14,~2022-12-31
피리티온아연 액,진크피현탁액(피리티온아연 액),샴푸,공급중단,2018-12-14,~2022-12-31
아세트아미노펜,삼익아세트아미노펜정500밀리그람,나정,공급중단,2018-12-06,~2022-12-31
메드록시프로게스테론아세테이트,프로베라정5mg(메드록시프로게스테론아세테이트),나정,공급부족,2018-12-03,~2022-12-31
시스아트라쿠륨베실산염,님벡스주(시스아트라쿠륨베실산염),용액주사제,공급부족,2018-11-30,~2022-12-31
가도디아마이드,옴니스캔피.에프.에스.주287밀리그람(가도디아마이드),용액주사제,공급중단,2018-11-30,~2022-12-31
알데스류킨,"프로류킨주(알데스류킨, 유전자재조합)",용액용분말주사제,공급중단,2018-11-28,~2022-12-31
"정제B형간염 표면항원단백(유전자재조합)[숙주: Saccharomyces cerevisiae AB110, 벡터: pYLBC-A/G-UB-HBs]",유박스비 프리필드주[B형간염백신(유전자재조합)],용액주사제,공급중단,2018-11-26,~2022-12-31
초산마페나이드,설파마이론퍼5%토피컬솔루션산(초산마페나이드),산제,공급부족,2018-11-16,~2022-12-31
"캅토프릴,히드로클로로티아지드",카포짓정50/25밀리그람,나정,공급중단,2018-11-14,~2022-12-31
탄도스피론시트르산염,세디엘정10밀리그램(탄도스피론시트르산염),필름코팅정,공급중단,2018-11-12,~2022-12-31
N-(3-플루오르프로필)-2베타-카르복시-메톡시-3베타-(4-[123I]아이오도페닐)-트로판,한국원자력의학원요오드123 에프피씨아이티주사액,용액주사제,공급중단,2018-11-12,~2022-12-31
탄도스피론시트르산염,세디엘정5밀리그램(탄도스피론시트르산염),필름코팅정,공급중단,2018-11-12,~2022-12-31
덱사메타손,오저덱스이식제700㎍(덱사메타손),"서방형이식제, 국소용",공급중단,2018-11-07,~2022-12-31
시클레소니드,알베스코흡입제80(시클레소니드),정량계량성 에어로솔,공급부족,2018-11-02,~2022-12-31
부세렐린아세테이트,슈퍼팍트주사(부세렐린아세테이트),용액주사제,공급중단,2018-11-01,~2022-12-31
이소프로테레놀염산염,이수푸렐주(이소프로테레놀염산염),용액주사제,공급부족,2018-10-30,~2022-12-31
답손,태극답손정25mg,나정,공급중단,2018-10-15,~2022-12-31
에데트산크롬(51Cr),새한크롬이디티에이주사(에데트산크롬(51Cr)),수액제,공급중단,2018-10-15,~2022-12-31
몰리브덴산나트륨(99Mo)액,드라이텍제너레이터(과테크네튬산나트륨(99mTc)주사액제너레이터,용액주사제,공급중단,2018-10-15,~2022-12-31
염화스트론튬(89 Sr),메타스트론주(염화스트론튬(89Sr)),용액주사제,공급중단,2018-10-15,~2022-12-31
메토프롤롤숙신산염,푸로롤100서방정(메토프롤롤숙신산염)(수출용),서방성필름코팅정,공급중단,2018-10-11,~2022-12-31
"시프로테론아세테이트,에티닐에스트라디올",다이안느35정,당의정,공급중단,2018-10-11,~2022-12-31
메토프롤롤숙신산염,푸로롤100서방정(메토프롤롤숙신산염)(수출용),서방성필름코팅정,공급중단,2018-10-11,~2022-12-31
팔미트산이소프로필,본왁스(팔미트산이소프로필),피부연고제,공급중단,2018-10-04,~2022-12-31
겐타마이신황산염,안국겐타마이신황산염크림,피부크림제,공급중단,2018-10-02,~2022-12-31
메드록시프로게스테론아세테이트,프로베라정10mg(메드록시프로게스테론아세테이트),나정,공급부족,2018-09-30,~2022-12-31
가수과산화벤조일,톡클리어겔5%(가수과산화벤조일),피부용겔제,공급중단,2018-09-28,~2022-12-31
가수과산화벤조일,톡클리어겔2.5%(가수과산화벤조일),피부용겔제,공급중단,2018-09-28,~2022-12-31
트리엔틴염산염,사이프린캡슐(트리엔틴염산염),"경질캡슐제, 산제",공급중단,2018-09-28,~2022-12-31
니페디핀,아달라트연질캅셀5밀리그람(니페디핀),"연질캡슐제, 액상",공급중단,2018-09-14,~2022-12-31
"레보도파,카르비도파수화물",시네메트정25/100,나정,공급부족,2018-09-10,~2022-12-31
"레보도파,카르비도파수화물",시네메트정,나정,공급부족,2018-09-10,~2022-12-31
"엘비테그라비르,엠트리시타빈,이산화규소흡착코비시스타트,테노포비르디소프록실푸마레이트",스트리빌드정,필름코팅정,공급중단,2018-09-06,~2022-12-31
황산바륨,레딕스액140그람(황산바륨),경구용현탁액제,공급중단,2018-09-06,~2022-12-31
구연산갈륨(67Ga),다이이치구연산갈륨(67Ga)주사액,용액주사제,공급중단,2018-08-22,~2022-12-31
트롤아민,비아핀에멀젼(트롤아민),피부크림제,공급부족,2018-08-14,~2022-12-31
카르베토신,듀라토신주(카르베토신),용액주사제,공급중단,2018-08-06,~2022-12-31
황산바륨,솔로탑에치.디(황산바륨),현탁액용산제,공급중단,2018-07-30,~2022-12-31
황산바륨,솔로탑액140(황산바륨),경구용현탁액제,공급중단,2018-07-30,~2022-12-31
황산바륨,솔로탑현탁용분말(현탁용황산바륨),현탁액용산제,공급중단,2018-07-30,~2022-12-31
"탄산수소나트륨,타르타르산",태준탑발포지과립,과립제,공급중단,2018-07-30,~2022-12-31
포수클로랄,포크랄시럽(포수클로랄),액상시럽제,공급중단,2018-07-23,~2022-12-31
알로푸리놀,한국유나이티드알로푸리놀정(수출명:AllopurineTabs),나정,공급중단,2018-07-13,~2022-12-31
시클레소니드,알베스코흡입제80(시클레소니드),정량계량성 에어로솔,공급부족,2018-07-12,~2022-12-31
"인유두종바이러스 6형 L1 단백질,인유두종바이러스 11형 L1 단백질,인유두종바이러스 16형 L1 단백질,인유두종바이러스 18형 L1 단백질,인유두종바이러스 31형 L1 단백질,인유두종바이러스 33형 L1 단백질,인유두종바이러스 45형 L1 단백질,인유두종바이러스 52형 L1 단백질,인유두종바이러스 58형 L1 단백질","가다실9프리필드시린지[인유두종바이러스9가(6,11,16,18,31,33,45,52,58형)백신(유전자재조합)] ",현탁액주사제,공급부족,2018-07-05,~2022-12-31
리네졸리드,한올리네졸리드주2밀리그램/밀리리터,수액제,공급중단,2018-06-29,~2022-12-31
설파디아진은,일바돈크림(설파디아진은),피부크림제,공급중단,2018-06-27,~2022-12-31
아모설랄롤염산염,라우간정20밀리그람(아모설랄롤염산염),필름코팅정,공급중단,2018-06-11,~2022-12-31
정제유로키나제액,"녹십자유로키나제주20,000단위",용액용동결건조분말주사제,공급중단,2018-06-08,~2022-12-31
아스코르브산,씨코빅주(아스코르브산),용액주사제,공급중단,2018-06-07,~2022-12-31
염화나트륨,비브라운0.9%생리식염주사액(염화나트륨),수액제,공급중단,2018-05-24,~2022-12-31
포도당일수화물,비브라운10%포도당주사액,수액제,공급중단,2018-05-24,~2022-12-31
"염화나트륨,포도당일수화물",비브라운5%포도당생리식염주사액,수액제,공급중단,2018-05-24,~2022-12-31
"염화나트륨,염화칼륨,젖산나트륨,염화칼슘이수화물",비브라운하트만액,수액제,공급중단,2018-05-24,~2022-12-31
주사용아스피린리신90%,알타질주(주사용아스피린리신90%),용액용분말주사제,공급중단,2018-05-24,~2022-12-31
포도당일수화물,비브라운5%포도당주사액,수액제,공급중단,2018-05-24,~2022-12-31
아미오다론염산염,코다론주사(아미오다론염산염),용액주사제,공급부족,2018-05-23,~2022-12-31
니트로 푸루시드 나트륨,나이트로프레스주(니트로푸루시드나트륨),용액주사제,공급부족,2018-05-14,~2022-12-31
미토마이신씨,미토마이신씨교와10밀리그람주,용액용분말주사제,공급부족,2018-05-04,~2022-12-31
코네스타트 알파(유전자재조합 사람 C1 에스테라제 억제제),"루코네스트주(코네스타트 알파, 유전자재조합사람C1에스테라제억제제)))",용액용동결건조분말주사제,공급중단,2018-05-03,~2022-12-31
무수에탄올,대한무수에탄올 주(바이알),용액주사제,공급중단,2018-05-02,~2022-12-31
파라아미노살리실산칼슘수화물,동인당파스과립(파라아미노살리실산칼슘수화물),과립제,공급중단,2018-04-27,~2022-12-31
레타파물린,알타고연고(레타파물린),피부연고제,공급중단,2018-04-26,~2022-12-31
파시레오타이드디아스파르트산염,시그니포주0.6밀리그램(파시레오타이드디아스파르트산염),용액주사제,공급중단,2018-04-16,~2022-12-31
다사티닙,스프라이셀정70밀리그램(다사티닙),필름코팅정,공급중단,2018-04-11,~2022-12-31
아모설랄롤염산염,라우간정10밀리그람(아모설랄롤염산염),필름코팅정,공급중단,2018-04-10,~2022-12-31
단트롤렌나트륨수화물,아노렉스캡슐25밀리그램(단트롤렌나트륨수화물),"경질캡슐제, 산제",공급부족,2018-04-06,~2022-12-31
니솔디핀,씨스코이알서방정20밀리그램(니솔디핀),서방성다층정,공급부족,2018-03-30,~2022-12-31
니솔디핀,씨스코이알서방정10밀리그램(니솔디핀),서방성다층정,공급부족,2018-03-30,~2022-12-31
페미로라스트칼륨,알레기살정10밀리그람(페미로라스트칼륨),나정,공급중단,2018-03-30,~2022-12-31
엑세나타이드,바이에타펜주10마이크로그램(엑세나타이드),용액주사제,공급중단,2018-03-16,~2022-12-31
엑세나타이드,바이에타펜주5마이크로그램(엑세나타이드),용액주사제,공급중단,2018-03-16,~2022-12-31
아이오다이즈드오일(양귀비종자 유래 요오드화지방산 에틸에스테르),리피오돌울트라액(아이오다이즈드오일),용액주사제,공급중단,2018-03-07,~2022-12-31
이소프로테레놀염산염,이수푸렐주(이소프로테레놀염산염),용액주사제,공급부족,2018-03-07,~2022-12-31
글루콘산제이철나트륨복염,훼리탑액(글루콘산제이철나트륨착염)(수출용),경구용액제,공급중단,2018-03-06,~2022-12-31
스피로노락톤,알닥톤필름코팅정25밀리그람(스피로노락톤),필름코팅정,공급부족,2018-02-28,~2022-12-31
합성연어칼시토닌(살카토닌),마야칼식주50(살카토닌),용액주사제,공급중단,2018-02-27,~2022-12-31
비노렐빈타르타르산염,화이자비노렐빈타르타르산염주10mg/mL,용액주사제,공급중단,2018-02-23,~2022-12-31
"레보노르게스트렐,에티닐에스트라디올",트리퀼라정,당의정,공급중단,2018-02-23,~2022-12-31
비노렐빈타르타르산염,화이자비노렐빈타르타르산염주10mg/mL,용액주사제,공급중단,2018-02-23,~2022-12-31
이미다프릴염산염,동아타나트릴정5밀리그램(이미다프릴염산염),나정,공급중단,2018-02-20,~2022-12-31
이미다프릴염산염,동아타나트릴정10밀리그램(이미다프릴염산염),나정,공급중단,2018-02-20,~2022-12-31
라코사미드,빔팻정100mg(라코사미드),필름코팅정,공급중단,2018-02-19,~2022-12-31
라코사미드,빔팻정50mg(라코사미드),필름코팅정,공급중단,2018-02-19,~2022-12-31
라노코나졸,아스타트크림(라노코나졸),피부크림제,공급중단,2018-02-12,~2022-12-31
실데나필시트르산염,파데나필정20밀리그램(실데나필시트르산염),필름코팅정,공급중단,2018-02-08,~2022-12-31
비노렐빈타르타르산염,화이자비노렐빈타르타르산염주10mg/mL,용액주사제,공급부족,2018-02-06,~2022-12-31
"약독홍역생바이러스(바이러스주: Schwarz strain),약독유행성이하선염생바이러스(바이러스주: RIT4385 strain),약독풍진생바이러스(바이러스주: Wistar RA 27/3 strain)","프리오릭스주(홍역,유행성이하선염및풍진혼합생바이러스백신)",용액용동결건조분말주사제,공급부족,2018-01-26,~2022-12-31
히드록시진염산염,유시락스정25밀리그람(히드록시진염산염),나정,공급중단,2018-01-23,~2022-12-31
히드록시진염산염,유시락스정10밀리그램(히드록시진염산염),나정,공급중단,2018-01-23,~2022-12-31
스피로노락톤,알닥톤필름코팅정25밀리그람(스피로노락톤),필름코팅정,공급부족,2018-01-18,~2022-12-31
비노렐빈타르타르산염,화이자비노렐빈타르타르산염주10mg/mL,용액주사제,공급부족,2018-01-15,~2022-12-31
페니실린지칼륨,알보젠주사용페니실린지칼륨(500만단위),용액용분말주사제,공급중단,2018-01-12,~2022-12-31
락티톨수화물,포탈락산(락티톨수화물),산제,공급부족,2018-01-12,~2022-12-31
데페록사민메실레이트,화이자데페록사민메실레이트주500mg,용액용동결건조분말주사제,공급부족,2018-01-11,~2022-12-31
퀴나프릴염산염,아큐프릴정10밀리그램(퀴나프릴염산염),필름코팅정,공급중단,2018-01-09,~2022-12-31
노르플록사신,종근당박시달정(노르플록사신),필름코팅정,공급중단,2018-01-03,~2022-12-31
디메르캅토호박산,셀비온디엠에스에이주(디메르캅토호박산),용액용동결건조분말주사제,공급중단,2018-01-02,~2022-12-31
메칠렌디포스폰산,셀비온엠디피주(메칠렌디포스폰산),용액용동결건조분말주사제,공급중단,2018-01-02,~2022-12-31
메브로페닌,셀비온메브로페닌주(메브로페닌),용액용동결건조분말주사제,공급중단,2018-01-02,~2022-12-31
에피네프린,제일에피네프린주사액,용액주사제,공급중단,2017-12-28,~2022-12-31
락툴로오즈농축액,크린락시럽(락툴로오즈농축액),액상시럽제,공급중단,2017-12-27,~2022-12-31
락툴로오즈농축액,크린락이지시럽(락툴로오즈농축액),액상시럽제,공급중단,2017-12-27,~2022-12-31
피레녹신,가리유니점안액(피레녹신),현탁액점안제,공급중단,2017-12-27,~2022-12-31
페미로라스트칼륨,알레기살점안액(페미로라스트칼륨),점안용액제,공급중단,2017-12-27,~2022-12-31
이소플루란,포란액(이소플루란),"흡입제, 미분류",공급중단,2017-12-21,~2022-12-31
니솔디핀,씨스코이알서방정10밀리그램(니솔디핀),서방성다층정,공급부족,2017-12-21,~2022-12-31
니솔디핀,씨스코이알서방정20밀리그램(니솔디핀),서방성다층정,공급부족,2017-12-21,~2022-12-31
브롬헥신염산염,비졸본정(브롬헥신염산염),나정,공급중단,2017-12-21,~2022-12-31
태반성성선자극호르몬,프레그닐주5000아이유(태반성성선자극호르몬),용액용동결건조분말주사제,공급중단,2017-12-20,~2022-12-31
"아달리무맙(숙주:CHO cell,벡터:pA205,종세포주:M-970321-6)","휴미라주40밀리그램(아달리무맙,유전자재조합)",용액주사제,공급중단,2017-12-19,~2022-12-31
트리아졸람,할시온정0.125밀리그램(트리아졸람),나정,공급부족,2017-12-19,~2022-12-31
데페록사민메실레이트,화이자데페록사민메실레이트주500mg,용액용동결건조분말주사제,공급부족,2017-12-18,~2022-12-31
황산빈크리스틴,화이자빈크리스틴황산염주1mg/mL,용액주사제,공급부족,2017-12-15,~2022-12-31
노르플록사신,종근당박시달캅셀200밀리그람(노르플록사신),"경질캡슐제, 산제",공급중단,2017-12-14,~2022-12-31
"나테글리니드,메트포르민염산염",파스틱메트정120/500밀리그램,필름코팅정,공급중단,2017-12-12,~2022-12-31
스펙티노마이신염산염수화물,국제스펙티노마이신염산염수화물주(스펙티노마이신염산염수화물),용액용분말주사제,공급중단,2017-11-24,~2022-12-31
아비라테론아세테이트(미분화),자이티가정250밀리그램(아비라테론아세테이트(미분화)),"정제, 미분류",공급중단,2017-11-22,~2022-12-31
히드로탈시트,삼남히드로탈시트과립,과립제,공급중단,2017-11-21,~2022-12-31
시조피란,시소피란주(시조피란)(수출용),용액주사제,공급중단,2017-11-16,~2022-12-31
팜프리딘,팜피라서방정10밀리그램(팜프리딘),서방성필름코팅정,공급중단,2017-11-14,~2022-12-31
니트로 푸루시드 나트륨,나이트로프레스주(니트로푸루시드나트륨),용액주사제,공급부족,2017-11-10,~2022-12-31
"3,3-디포스포노-1,2-프로판디카르복실산(DPD)나트륨","텍시빌테세오스주(3,3-디포스포노-1,2-프로판디카르복실산나트륨)",용액용동결건조분말주사제,공급중단,2017-11-09,~2022-12-31
염화이트리움[90Y]액,이트라시스방사성의약품전구액(염화이트리움[90Y]),용액주사제,공급중단,2017-11-02,~2022-12-31
주석산비노렐빈,산도스비노렐빈주10밀리그램/밀리리터(비노렐빈타르타르산염),용액주사제,공급중단,2017-10-31,~2022-12-31
살카토닌,마야칼식나살스프레이200(살카토닌),용액주사제,공급중단,2017-10-26,~2022-12-31
팔리비주맙,시나지스주100밀리그램(팔리비주맙),용액용동결건조분말주사제,공급중단,2017-10-24,~2022-12-31
수용성아줄렌,블루케어스프레이(수용성아줄렌),일반액상분무제,공급중단,2017-10-24,~2022-12-31
"메글루민,이옥시탈라민산",텔레브릭스30메글루민주(이옥시탈라민산),용액주사제,공급중단,2017-10-24,~2022-12-31
팔리비주맙,시나지스주50밀리그램(팔리비주맙),용액용동결건조분말주사제,공급중단,2017-10-24,~2022-12-31
"무정형에스신,치오콜치코시드",치오시나정,필름코팅정,공급중단,2017-10-20,~2022-12-31
푸로세미드,후릭스정(푸로세미드),나정,공급부족,2017-10-16,~2022-12-31
푸로세미드,후릭스정(푸로세미드),나정,공급부족,2017-10-16,~2022-12-31
치오펜탈나트륨,펜토탈소디움주사0.25그램(치오펜탈나트륨),용액용분말주사제,공급중단,2017-10-13,~2022-12-31
"심바스타틴,페노피브레이트(미분화)",콜립정145/40밀리그램,필름코팅정,공급중단,2017-09-29,~2022-12-31
벤조나테이트,기가연질캡슐(벤조나테이트),"연질캡슐제, 현탁상",공급중단,2017-09-29,~2022-12-31
인게놀메뷰테이트,피카토겔0.05%(인게놀메뷰테이트),피부용겔제,공급중단,2017-09-28,~2022-12-31
인게놀메뷰테이트,피카토겔0.015%(인게놀메뷰테이트),피부용겔제,공급중단,2017-09-28,~2022-12-31
페니실린지칼륨,알보젠주사용페니실린지칼륨(500만단위),용액용분말주사제,공급부족,2017-09-22,~2022-12-31
치오펜탈나트륨,펜토탈소디움0.5그램주(치오펜탈나트륨),용액용동결건조분말주사제,공급중단,2017-09-20,~2022-12-31
디곡신,카데프엘릭서(디곡신),엘릭서제,공급중단,2017-09-18,~2022-12-31
데페록사민메실레이트,화이자데페록사민메실레이트주500mg,용액용동결건조분말주사제,공급부족,2017-09-01,~2022-12-31
니트로 푸루시드 나트륨,나이트로프레스주(니트로푸루시드나트륨),용액주사제,공급부족,2017-09-01,~2022-12-31
미토테인,리소드렌정500밀리그람(미토테인),나정,공급부족,2017-08-22,~2022-12-31
마진돌,마자놀정(마진돌),나정,공급중단,2017-07-28,~2022-12-31
염화트로스피움,인컨티30정(염화트로스피움),필름코팅정,공급중단,2017-07-27,~2022-12-31
히드로코르티손부티레이트,하이드로션(히드로코르티손부티레이트),피부로션제,공급중단,2017-07-12,~2022-12-31
시타라빈,데포사이트주사50밀리그램/5밀리리터(리포좀시타라빈),현탁액주사제,공급중단,2017-07-06,~2022-12-31
니스타틴,타로니스타틴시럽,액상시럽제,공급중단,2017-06-30,~2022-12-31
아트라쿠륨베실산염,아크리움주사(아트라쿠륨베실산염),용액주사제,공급중단,2017-06-30,~2022-12-31
토레미펜시트르산염,사와이토레미펜정40밀리그램(토레미펜시트르산염),나정,공급중단,2017-06-30,~2022-12-31
옥사프로진,옥진정(옥사프로진),나정,공급중단,2017-06-26,~2022-12-31
멜팔란,알케란주(멜팔란),용액용동결건조분말주사제,공급중단,2017-06-16,~2022-12-31
"클로르디아제폭시드,클리디늄브롬화물","리브락스정(클리디늄브롬화물,클로르디아제폭시드)
",필름코팅정,공급부족,2017-06-14,~2022-12-31
"정제 B형 간염 표면항원 단백 [숙주: Hansenula polymorpha YU305, 벡터: pGM834 (FMD promotor)]",헤파박스-진티에프프리필드시린지주(비형간염백신(유전자재조합)치메로살프리),현탁액주사제,공급중단,2017-06-12,~2022-12-31
"코리폴리트로핀 알파 (유전자재조합, 숙주세포 : CHO-K1, 벡터 : pKMS.FSHαβCTP)","에론바주사100마이크로그램(코리폴리트로핀알파, 유전자재조합)","주사제, 미분류",공급중단,2017-06-12,~2022-12-31
"코리폴리트로핀 알파 (유전자재조합, 숙주세포 : CHO-K1, 벡터 : pKMS.FSHαβCTP)","에론바주사 150마이크로그램(코리폴리트로핀 알파, 유전자재조합)","주사제, 미분류",공급중단,2017-06-12,~2022-12-31
"정제 B형 간염 표면항원 단백 [숙주: Hansenula polymorpha YU305, 벡터: pGM834 (FMD promoter)]",헤파박스-진티에프주[비형간염백신(유전자재조합)치메로살프리](수출명:박세푸르비),용액주사제,공급중단,2017-06-12,~2022-12-31
"정제 B형 간염 표면항원 단백 [숙주: Hansenula polymorpha YU305, 벡터: pGM834 (FMD promoter)]",헤파박스-진티에프주[비형간염백신(유전자재조합)치메로살프리](수출명:박세푸르비),용액주사제,공급중단,2017-06-12,~2022-12-31
포비돈 요오드,포타딘연고(포비돈요오드),피부연고제,공급중단,2017-06-09,~2022-12-31
플루오레세인,광동플루오레세인주(플루오레세인),용액주사제,공급중단,2017-06-01,~2022-12-31
스트렙토마이신황산염,종근당황산스트렙토마이신주(스트렙토마이신황산염),용액용분말주사제,공급중단,2017-05-31,~2022-12-31
이스라디핀,다이나써크서방캡슐(이스라디핀),"서방성캡슐제, 펠렛",공급중단,2017-05-29,~2022-12-31
데노파민,카도파민정(데노파민),나정,공급중단,2017-05-22,~2022-12-31
글루카곤,가르콘주(글루카곤),용액용동결건조분말주사제,공급중단,2017-05-19,~2022-12-31
비씨지(Tice균주),온코타이스주(비씨지StrainTice),현탁액용동결건조분말주사제,공급부족,2017-05-19,~2022-12-31
아바나필,제피드정200밀리그램(아바나필),나정,공급중단,2017-05-11,~2022-12-31
아바나필,제피드정200밀리그램(아바나필),나정,공급중단,2017-05-11,~2022-12-31
옥시메톨론,셀트리온옥시메톨론정,나정,공급부족,2017-05-04,~2022-12-31
라다클로린,라이트팜텍라다클로린주사,용액주사제,공급중단,2017-04-25,~2022-12-31
글리벤클라미드,유글루콘정(글리벤클라미드),나정,공급중단,2017-04-24,~2022-12-31
리팜피신,리포덱스캅셀(리팜피신)(수출명: 종근당리팜피신캅셀150mg),"경질캡슐제, 산제",공급중단,2017-04-24,~2022-12-31
"에토노게스트렐,에티닐에스트라디올",누바링,나정,공급중단,2017-04-14,~2022-12-31
아스피린제피세립(아세틸살리실산제피세립),로날정(아스피린제피세립),나정,공급중단,2017-04-07,~2022-12-31
아스피린제피세립(아세틸살리실산제피세립),로날정100밀리그램(아스피린제피세립),나정,공급중단,2017-04-07,~2022-12-31
"산화아연,콜레칼시페롤과립",썬비타플러스정,나정,공급중단,2017-04-05,~2022-12-31
페그인터페론알파-2a(숙주 E.coli W3110trpR-벡터pLIF-A-trp55),페가시스주135마이크로그램프로클릭(페그인터페론알파-2에이),용액주사제,공급중단,2017-03-31,~2022-12-31
리시노프릴수화물,나노프릴정(리시노프릴수화물)(수출명: 리시노젬정),나정,공급중단,2017-03-30,~2022-12-31
세트로렐릭스아세트산염,세트로타이드주0.25밀리그램(세트로렐릭스아세트산염),용액용동결건조분말주사제,공급부족,2017-03-27,~2022-12-31
시클로포스파미드,알키록산정(시클로포스파미드정),필름코팅정,공급중단,2017-03-24,~2022-12-31
"다음의 혈청형에 대한 정제 폐렴구균 협막다당류[1,2,3,4,5,6B,7F,8,9N,9V,10A,11A,12F,14,15B,17F,18C,19A,19F,20,22F,23F,33F]",뉴모-23 폐렴구균백신주사(정제폐렴구균협막다당류),용액주사제,공급중단,2017-03-23,~2022-12-31
비페리덴염산염,아톨정2밀리그램(비페리덴염산염),나정,공급중단,2017-03-22,~2022-12-31
보세프레비르,빅트렐리스캡슐 200밀리그램(보세프레비르),"경질캡슐제, 산제",공급중단,2017-03-13,~2022-12-31
시소마이신황산염,엑소마이신50밀리그램주사(시소마이신황산염),용액주사제,공급중단,2017-02-27,~2022-12-31
시소마이신황산염,엑소마이신75밀리그램주사(시소마이신황산염),용액주사제,공급중단,2017-02-27,~2022-12-31
미그리톨,글리톨정50밀리그램(미그리톨),필름코팅정,공급중단,2017-02-27,~2022-12-31
다우노루비신염산염,다우노브라스티나주사(다우노루비신염산염),용액용동결건조분말주사제,공급중단,2017-02-17,~2022-12-31
세프티부텐수화물,세프템건조시럽(세프티부텐수화물),"건조시럽제, 산제",공급중단,2017-02-17,~2022-12-31
황산바륨,솔로탑액130(황산바륨),경구용현탁액제,공급중단,2017-02-14,~2022-12-31
황산바륨,이지마크현탁액0.1(황산바륨),경구용현탁액제,공급중단,2017-02-14,~2022-12-31
황산바륨,솔로탑액70(황산바륨),경구용현탁액제,공급중단,2017-02-14,~2022-12-31
황산바륨,태준이지시티액4.6(황산바룸),경구용현탁액제,공급중단,2017-02-14,~2022-12-31
황산바륨,태준이지시티액1.5(황산바륨),경구용현탁액제,공급중단,2017-02-14,~2022-12-31
인터페론알파-2B,"인트론에이멀티도스펜1천8백만단위(인터페론알파-2b,유전자재조합)",용액주사제,공급중단,2017-01-23,~2022-12-31
인터페론알파-2B,"인트론에이멀티도스펜3천만단위(인터페론알파-2b,유전자재조합)",용액주사제,공급중단,2017-01-23,~2022-12-31
염산페닐에프린,미드후린2.5%점안액(염산페닐에프린),점안용액제,공급중단,2017-01-20,~2022-12-31
암브리센탄,볼리브리스정5밀리그램(암브리센탄),나정,공급부족,2017-01-13,~2022-12-31
"무정형에스신,티오콜키코시드",치오신정,필름코팅정,공급중단,2017-01-09,~2022-12-31
덱사메타손,크라운덱사메타손정,나정,공급중단,2017-01-05,~2022-12-31
할로페리돌,태극할로페리돌정20밀리그람,나정,공급중단,2017-01-03,~2022-12-31
할로페리돌,태극할로페리돌정10밀리그람,나정,공급중단,2017-01-03,~2022-12-31
히드로클로로티아지드,디크로다이드정25밀리그램(히드로클로로티아지드),나정,공급중단,2017-01-03,~2022-12-31
"덱스트란40,포도당",대한덱스트란40덱스주,수액제,공급중단,2017-01-02,~2022-12-31
프로프라놀롤염산염,인데솔정(프로프라놀롤염산염),나정,공급중단,2016-12-27,~2022-12-31
아미노필린,아미린정100mg(아미노필린),나정,공급중단,2016-12-26,~2022-12-31
토포테칸염산염,하이캄틴주4밀리그램(토포테칸염산염),용액용동결건조분말주사제,공급부족,2016-12-21,~2022-12-31
프로필티오우라실,한림프로필티오우라실정,나정,공급중단,2016-12-20,~2022-12-31
이소프로필우노프로스톤,레스큘라점안액(이소프로필우노프로스톤),점안용액제,공급중단,2016-12-19,~2022-12-31
"에르고칼시페롤과립,비타민D3타입100CWS",비타투디정,필름코팅정,공급중단,2016-12-19,~2022-12-31
황산바륨,레딕스액130그람(황산바륨),경구용현탁액제,공급중단,2016-12-19,~2022-12-31
로티고틴,뉴프로패취8mg/24h(로티고틴),첩포,공급중단,2016-12-16,~2022-12-31
디다노신,바이덱스EC서방캅셀125밀리그람(디다노신),"서방성캡슐제, 펠렛",공급중단,2016-12-15,~2022-12-31
디다노신,바이덱스EC서방캅셀400밀리그람(디다노신),"서방성캡슐제, 펠렛",공급중단,2016-12-15,~2022-12-31
디다노신,바이덱스EC서방캅셀200밀리그람(디다노신),"서방성캡슐제, 펠렛",공급중단,2016-12-15,~2022-12-31
디다노신,바이덱스EC서방캅셀250밀리그람(디다노신),"서방성캡슐제, 펠렛",공급중단,2016-12-15,~2022-12-31
아스코르브산칼슘,뉴트랄씨정(아스코르브산칼슘),필름코팅정,공급중단,2016-12-09,~2022-12-31
리바비린,엘지리바비린캡슐200mg,"경질캡슐제, 산제",공급중단,2016-12-06,~2022-12-31
프로부콜,로렐코정(프로부콜),필름코팅정,공급중단,2016-12-05,~2022-12-31
트라벡테딘,욘델리스주사1.0밀리그램(트라벡테딘),용액용동결건조분말주사제,공급부족,2016-12-02,~2022-12-31
"페그인터페론알파-2b(유전자재조합) (숙주세포: E. coli K-12, 벡터: KMAC-43)","페그인트론 클리어클릭 주사 50마이크로그램(페그인터페론 알파-2b, 유전자재조합)",용액용동결건조분말주사제,공급중단,2016-12-01,~2022-12-31
"주사침,페그인터페론알파-2b(유전자재조합) (숙주세포: E. coli K-12, 벡터: KMAC-43)","페그인트론 클리어클릭 주사 100마이크로그램(페그인터페론 알파-2b, 유전자재조합)",용액용동결건조분말주사제,공급중단,2016-12-01,~2022-12-31
프로나제B,솔라제정(프로나제B),장용성필름코팅정,공급중단,2016-11-29,~2022-12-31
황산콘드로이틴철,페리콘캡슐(황산콘드로이틴철),"경질캡슐제, 과립제",공급중단,2016-11-22,~2022-12-31
시말드레이트,울틴정(시말드레이트),나정,공급중단,2016-11-21,~2022-12-31
피부반응에적절한다음의알레르기성물질,팻치테스트용알레르기진단용항원연고제,피부연고제,공급중단,2016-11-16,~2022-12-31
메벤다졸,파맥스시럽(메벤다졸) (수출명 : permax suspension),액상시럽제,공급중단,2016-11-16,~2022-12-31
피부반응에적절한다음의알레르기성물질,팻치테스트용알레르기진단용항원액,주사/피부단자시험용용액,공급중단,2016-11-16,~2022-12-31
메벤다졸,파맥스정(메벤다졸)(수출명:Permax Tablet),나정,공급중단,2016-11-16,~2022-12-31
메벤다졸,버미드500밀리그람정(메벤다졸)(수출명:파맥스500밀리그람정),나정,공급중단,2016-11-16,~2022-12-31
파리칼시톨,젬플라주2마이크로그램(앰플)(파리칼시톨),용액주사제,공급중단,2016-11-14,~2022-12-31
"아프로티닌,염화칼슘이수화물,봉합단백 중 피브리노겐,사람트롬빈",티씰,밀폐제용용액제,공급부족,2016-11-02,~2022-12-31
"아프로티닌,염화칼슘이수화물,봉합단백 중 피브리노겐,사람트롬빈",티씰,밀폐제용용액제,공급부족,2016-11-02,~2022-12-31
트롤아민,비아핀에멀젼(트롤아민),피부크림제,공급부족,2016-10-31,~2022-12-31
"히드로클로로티아지드,메토프롤롤타르타르산염",유한베타자이드정,나정,공급중단,2016-10-28,~2022-12-31
에녹사신수화물,비마르크정100밀리그램(에녹사신수화물),필름코팅정,공급중단,2016-10-24,~2022-12-31
로페라미드옥시드수화물,아레스탈정(로페라미드옥시드수화물),나정,공급중단,2016-10-21,~2022-12-31
프로필치오우라실,삼남프로필치오우라실정,나정,공급중단,2016-10-19,~2022-12-31
레보티록신나트륨수화물,엘지로이드정(레보티록신나트륨수화물),나정,공급중단,2016-10-19,~2022-12-31
염산피폭솔란,포피란정(염산피폭솔란),나정,공급중단,2016-10-18,~2022-12-31
펜토바르비탈나트륨,엔토발주100밀리그램(펜토바르비탈나트륨),용액주사제,공급중단,2016-10-14,~2022-12-31
"주사침,페그인터페론알파-2b(유전자재조합) (숙주세포: E. coli K-12, 벡터: KMAC-43)","페그인트론 클리어클릭 주사 150마이크로그램(페그인터페론 알파-2b, 유전자재조합)",용액용동결건조분말주사제,공급중단,2016-10-12,~2022-12-31
"주사침,페그인터페론알파-2b(유전자재조합) (숙주세포: E. coli K-12, 벡터: KMAC-43)","페그인트론 클리어클릭 주사 120마이크로그램(페그인터페론 알파-2b, 유전자재조합)",용액용동결건조분말주사제,공급중단,2016-10-12,~2022-12-31
"주사침,페그인터페론알파-2b(유전자재조합) (숙주세포: E. coli K-12, 벡터: KMAC-43)","페그인트론 클리어클릭 주사 80마이크로그램(페그인터페론 알파-2b, 유전자재조합)",용액용동결건조분말주사제,공급중단,2016-10-12,~2022-12-31
토포테칸염산염,하이캄틴경질캡슐0.25밀리그램(토포테칸염산염),젤라틴코팅성경질캡슐제,공급중단,2016-10-11,~2022-12-31
토포테칸염산염,하이캄틴경질캡슐1밀리그램(토포테칸염산염),젤라틴코팅성경질캡슐제,공급중단,2016-10-11,~2022-12-31
"염산프로구아닐,아토바쿠온",말라론정,필름코팅정,공급부족,2016-09-20,~2022-12-31
메타졸아미드,"메조민정(메타졸아미드)
(수출명:MENZOMI Tablet)",나정,공급중단,2016-08-31,~2022-12-31
세프티부텐수화물,세프템캡슐200밀리그램(세프티부텐수화물),"경질캡슐제, 산제",공급중단,2016-08-30,~2022-12-31
히스티딘아연이수화물,징키스틴캡슐(히스티딘아연이수화물),"경질캡슐제, 산제",공급중단,2016-08-29,~2022-12-31
데페록사민메실레이트,데스훼랄주사500밀리그람(데페록사민메실산염),용액용분말주사제,공급중단,2016-08-22,~2022-12-31
압식시맙,리오프로주(압식시맙),용액주사제,공급중단,2016-08-01,~2022-12-31
트롬빈,이연트롬빈동결건조분말5000단위,용액용동결건조분말주사제,공급부족,2016-07-22,~2022-12-31
리멕솔론,벡솔1%점안액(리멕솔론),현탁액점안제,공급중단,2016-07-13,~2022-12-31
프라노프로펜,프로이펜점안액(프라노프로펜),점안용액제,공급중단,2016-07-08,~2022-12-31
다나졸,영풍다나졸캡슐(수출용),"경질캡슐제, 산제",공급중단,2016-07-08,~2022-12-31
히드록시진염산염,유시락스정10밀리그램(히드록시진염산염),나정,공급부족,2016-06-24,~2022-12-31
피페라실린나트륨,"아코펙스주2그람(주사용피페라실린나트륨)(수출명:피실리안트주2그람,아루카베민2그람,프란진2그람,타이페라실린2그람))",용액용분말주사제,공급중단,2016-06-08,~2022-12-31
프레드니손,로도트라서방정5밀리그램(프레드니손),서방정,공급중단,2016-05-30,~2022-12-31
설포살리실산에코나졸,에세리움크림(설포살리실산에코나졸),피부크림제,공급중단,2016-05-24,~2022-12-31
부데소니드,유한풀미코트비액32마이크로그람(부데소니드),,공급중단,2016-05-19,~2022-12-31
부틸스코폴라민브롬화물,부스코판주사액(브롬화부틸스코폴라민),용액주사제,공급중단,2016-04-29,~2022-12-31
리오티로닌나트륨,테트로닌정(리오티로닌나트륨),나정,공급중단,2016-04-28,~2022-12-31
세프티부텐수화물,세프템건조시럽(세프티부텐수화물),"건조시럽제, 산제",공급중단,2016-04-19,~2022-12-31
프라노프로펜,코프란스시럽7.5mg(프라노프로펜),액상시럽제,공급중단,2016-04-15,~2022-12-31
합성연어칼시토닌(살카토닌),마야칼식주50(살카토닌),용액주사제,공급중단,2016-03-23,~2022-12-31
덱사메타손,덱사소론정0.75밀리그람(덱사메타손),나정,공급중단,2016-03-11,~2022-12-31
트롤아민,비아핀에멀젼(트롤아민),피부크림제,공급부족,2016-03-10,~2022-12-31
니티시논,"오르파딘캡슐2밀리그램,5밀리그램,10밀리그램(니티시논)","경질캡슐제, 산제",공급중단,2016-02-29,~2022-12-31
모엑시프릴염산염,유니바스크정7.5밀리그램(모엑시프릴염산염),필름코팅정,공급중단,2016-02-26,~2022-12-31
이옥사글린산,헥사브릭스320주사(이옥사글린산),용액주사제,공급중단,2016-02-26,~2022-12-31
팔리퍼민,케피반스주(팔리퍼민),용액용동결건조분말주사제,공급중단,2016-02-26,~2022-12-31
모엑시프릴염산염,유니바스크정15밀리그램(모엑시프릴염산염),필름코팅정,공급중단,2016-02-26,~2022-12-31
알러젠추출물,슬릿원설하액(알러젠추출물),경구용액제,공급중단,2016-02-25,~2022-12-31
"디프테리아톡소이드(디프테리아 Park-Williams No.8주),불활화한정제백일해방어항원(백일해균도하마1상주),파상풍톡소이드(파상풍균 Harvard주)","엘지디티에이피백신주(흡착디프테리아,파상풍톡소이드및정제백일해혼합백신)",현탁액주사제,공급중단,2016-02-24,~2022-12-31
"탄산마그네슘,시트르산",엔터놀액,경구용액제,공급중단,2016-02-24,~2022-12-31
카페인무수물,세프카주(카페인시트르산염),용액주사제,공급중단,2016-01-28,~2022-12-31
프레드니솔론아세테이트,프레드포르테점안액(프레드니솔론아세테이트),현탁액점안제,공급부족,2016-01-27,~2022-12-31
페노바르비탈나트륨,대원루미날주사액(주사용페노바르비탈나트륨)(수출명:루미돈주사액),용액주사제,공급중단,2016-01-07,~2022-12-31
페노테롤브롬화수소산염,베로텍정(페노테롤브롬화수소산염),나정,공급중단,2016-01-05,~2022-12-31
"옥시테트라사이클린염산염,폴리믹신B황산염",테라마이신안연고,안연고제,공급부족,2016-01-05,~2022-12-31
하마메리스엑스(2.5:1),렉센연고(하마메리스엑스),피부연고제,공급중단,2015-12-28,~2022-12-31
"황산네오마이신,치메로살,염산테트라카인,디설피람,벤조카인,염화코발트,클로르퀴날돌,신남알데히드,콜로포니,신나밀알콜,쿼터늄-15,황산니켈,게라니올,이소유게놀,케톤CG,클리오퀴놀,파라페닐렌디아민,유게놀,파라히드록시안식향산메칠,파라히드록시안식향산부틸,파라히드록시안식향산에칠,파라히드록시안식향산프로필,페루발삼,울알코올,중크롬산칼륨,α-아밀신남알데히드,히드록시시트로넬랄,참나무이끼,에폭시수지,에칠렌디아민디히드로클로라이드,p-tert부틸페놀포름알데히드수지,파라히드록시안식향산벤질,디페닐구아니딘,디에칠디치오카르바민산아연,디부틸디치오카르바민산아연,N-이소프로필-N'-페닐파라페닐렌디아민,N,N'-디페닐파라페닐렌디아민,N-시클로헥실-N'-페닐파라페닐렌디아민,메르캅토벤조치아졸,N-히드록시메칠숙신이미드,모르포닐메르캅토벤조치아졸,N-시클로헥실벤조치아질설펜아미드,디벤조치아질디설피드,테트라메칠치우람모노설파이드,테트라메칠치우람디설파이드,디펜타메칠렌치우람디설파이드,염산디부카인",트루테스트,경구용현탁액제,공급중단,2015-12-23,~2022-12-31
모엑시프릴염산염,유니바스크정7.5밀리그램(모엑시프릴염산염),필름코팅정,공급부족,2015-12-18,~2022-12-31
모엑시프릴염산염,유니바스크정15밀리그램(모엑시프릴염산염),필름코팅정,공급부족,2015-12-18,~2022-12-31
헤모필루스인플루엔자비형균협막다당류(PRP)와파상풍톡소이드의접합체(균주: Haemophilus influenzae b type 20752),히베릭스주(헤모필루스인플루엔자비형파상풍톡소이드접합백신),용액용동결건조분말주사제,공급중단,2015-12-08,~2022-12-31
에스트로피페이트,에스젠질크림(에스트로피페이트)(수출용),질용크림제,공급중단,2015-12-04,~2022-12-31
스코폴라민,어린이키미테패취(스코폴라민)(8-15세용)(수출명:兒童用可彌特止暈貼濟),서방성경피흡수제,공급중단,2015-12-04,~2022-12-31
구아이페네신,페나투신캡슐200밀리그람(구아이페네신),"경질캡슐제, 산제",공급중단,2015-12-04,~2022-12-31
염산날부핀,대원염산날부핀주사액10밀리그람(수출명:나핀주사액(염산날부핀)(NaphineInj.),용액주사제,공급중단,2015-11-18,~2022-12-31
아메지늄메틸황산염,리스믹정(아메지늄메틸황산염),나정,공급중단,2015-11-13,~2022-12-31
히드록시진염산염,유시락스정10밀리그램(히드록시진염산염),나정,공급부족,2015-10-28,~2022-12-31
티자니딘염산염,실다루드정1밀리그램(티자니딘염산염),나정,공급중단,2015-10-23,~2022-12-31
인난포자극호르몬,"폴리몬주(유로폴리트로핀)(수출명:엘지폴리몬주,포뷸란주)",용액용동결건조분말주사제,공급중단,2015-10-19,~2022-12-31
브롬페낙나트륨수화물,브로낙점안액(브롬페낙나트륨수화물),점안용액제,공급중단,2015-10-01,~2022-12-31
폴리비닐알코올,리퀴필름점안액(폴리비닐알코올),점안용액제,공급중단,2015-09-30,~2022-12-31
레바프라잔염산염,레바넥스정100밀리그램(레바프라잔염산염),필름코팅정,공급중단,2015-09-24,~2022-12-31
글라티라머아세트산염,코팍손프리필드주20mg/1ml(글라티라머아세트산염),용액주사제,공급중단,2015-09-24,~2022-12-31
산화마그네슘,쟌크린정500mg(산화마그네슘),나정,공급중단,2015-09-17,~2022-12-31
황산바륨,이지에스비현탁액(황산바륨),경구용현탁액제,공급중단,2015-09-17,~2022-12-31
스피카에유,"엑스판연질캅셀(스피카에유)(수출명:까쉘스톱연질캅셀,유니메덱스판연질캅셀)","연질캡슐제, 액상",공급중단,2015-09-14,~2022-12-31
스피카에유,이펙탄연질캅셀(스피카에유),"연질캡슐제, 액상",공급중단,2015-09-14,~2022-12-31
도큐세이트나트륨,그린모닝연질캡슐(도큐세이트나트륨),"연질캡슐제, 액상",공급중단,2015-09-04,~2022-12-31
베타메타손발레레이트,바롤액(베타메타손발레레이트),경구용액제,공급중단,2015-08-31,~2022-12-31
티오콜키코시드,무코나캡슐(티오콜키코시드)(수출용),"경질캡슐제, 산제",공급중단,2015-08-31,~2022-12-31
"캅토프릴,히드로클로로티아지드",캅토시드정50/25밀리그람,나정,공급중단,2015-08-31,~2022-12-31
졸레드론산일수화물,조메타주사액4밀리그램/5밀리리터(졸레드론산일수화물),용액주사제,공급중단,2015-08-27,~2022-12-31
메나테트레논,글라케이연질캡슐(메나테트레논),"연질캡슐제, 액상",공급중단,2015-08-27,~2022-12-31
염화옥시부티닌,오부틴정(염화옥시부티닌),나정,공급중단,2015-08-26,~2022-12-31
리다미딘염산염,리다민캡슐(리다미딘염산염),"경질캡슐제, 산제",공급중단,2015-08-12,~2022-12-31
실로도신,트루패스캡슐4밀리그램(실로도신),"경질캡슐제, 과립제",공급중단,2015-07-30,~2022-12-31
세벨라머염산염,레나젤정800(세벨라머염산염),필름코팅정,공급중단,2015-07-29,~2022-12-31
니트로글리세린용액,니트로제식연고0.2%(니트로글리세린용액),피부연고제,공급중단,2015-07-24,~2022-12-31
"불활화 폴리오 바이러스제2형(균주명:MEF-1주),파상풍톡소이드(균주명:Massachusetts주),디프테리아톡소이드(균주명:Mass8주),백일해톡소이드(균주명:Tohama주, 1상),불활화백일해균선모적혈구응집소(균주명:Tohama주, 1상),불활화백일해균69kDa외막단백질(균주명:Tohama주, 1상),불활화 폴리오 바이러스제1형(균주명:Mahoney주),불활화 폴리오 바이러스제3형(균주명:Saukett주)","인판릭스아이피브이프리필드시린지(흡착 디프테리아, 파상풍 톡소이드, 정제 백일해 및 개량 불활화 폴리오 혼합백신)",현탁액주사제,공급부족,2015-07-23,~2022-12-31
레보카바스틴염산염,리보스틴네잘스프레이(레보카바스틴염산염),일반 현탁 분무제,공급중단,2015-07-23,~2022-12-31
구연산나트륨,카비구연산나트륨항응고액,"주사제, 미분류",공급중단,2015-07-21,~2022-12-31
니트로글리세린용액,니트로제식연고0.2%(니트로글리세린용액),피부연고제,공급중단,2015-07-21,~2022-12-31
리도카인염산염수화물,레카신액(리도카인염산염수화물),경구용액제,공급중단,2015-07-17,~2022-12-31
클로르프로칙센,클록센정100밀리그람(클로르프로칙센),나정,공급중단,2015-07-01,~2022-12-31
"파상풍톡소이드(균주명:Massachusetts주),디프테리아톡소이드(균주명:Mass8주),백일해톡소이드(균주명:Tohama주, 1상),불활화백일해균선모적혈구응집소(균주명:Tohama주, 1상),불활화백일해균69kDa외막단백질(균주명:Tohama주, 1상)","인판릭스주(흡착디프테리아,파상풍톡소이드및정제백일해혼합백신)",현탁액주사제,공급부족,2015-06-30,~2022-12-31
"디프테리아톡소이드(디프테리아 Park-Williams No.8주),불활화한정제백일해방어항원(백일해균도하마1상주),파상풍톡소이드(파상풍균 Harvard주)","엘지디티에이피백신주(흡착디프테리아,파상풍톡소이드및정제백일해혼합백신)",현탁액주사제,공급중단,2015-06-22,~2022-12-31
몰린돈염산염,모반정10밀리그람(몰린돈염산염),필름코팅정,공급중단,2015-06-22,~2022-12-31
토포테칸염산염,하이캄틴주4밀리그램(토포테칸염산염),용액용동결건조분말주사제,공급부족,2015-06-17,~2022-12-31
티오황산나트륨수화물,아메톡스주25%(티오황산나트륨수화물),용액주사제,공급중단,2015-06-12,~2022-12-31
수마트립탄숙신산염,이미그란정50밀리그램(수마트립탄숙신산염),필름코팅정,공급부족,2015-05-27,~2022-12-31
세프메녹심염산염,메녹씸정주0.5그램(세프메녹심염산염),용액용분말주사제,공급중단,2015-05-27,~2022-12-31
약용탄,차코도트현탁액(약용탄),경구용현탁액제,공급부족,2015-05-27,~2022-12-31
"히드로클로로티아지드,모엑시프릴염산염",유니바스크플러스정7.5/12.5밀리그람,필름코팅정,공급중단,2015-05-26,~2022-12-31
"히드로클로로티아지드,모엑시프릴염산염",유니바스크플러스정15/25밀리그람,필름코팅정,공급중단,2015-05-26,~2022-12-31
베나제프릴염산염,시바쎈정10밀리그램(베나제프릴염산염),필름코팅정,공급중단,2015-05-21,~2022-12-31
우라자미드,리카바정(우라자미드)(수출명:유한리카바정),필름코팅정,공급중단,2015-05-08,~2022-12-31
닥티노마이신,한국유나이티드닥티노마이신주(수출용),용액용분말주사제,공급중단,2015-05-07,~2022-12-31
아세메타신,세타신캅셀(아세메타신)(수출명:보리센신(BORISENCIN)캅셀),"경질캡슐제, 산제",공급중단,2015-04-29,~2022-12-31
설피리드,"휴온스설피리드캡슐(수출용)(수출명:설피딜캡슐,KWANGMYUNGSULPIDYLCap.,SULPIDECap.)","경질캡슐제, 산제",공급중단,2015-04-15,~2022-12-31
카나마이신황산염,"유한카나마이신황산염주 (군납명:주사용카나마이신황산염1g, 수출명:칸시드주1g)",용액용분말주사제,공급중단,2015-04-07,~2022-12-31
"침강탄산칼슘,비스무트차살리실산염",삼성비스몰정,필름코팅정,공급중단,2015-03-17,~2022-12-31
"디클로페낙나트륨,미소프로스톨히프로멜로오스배산(1:100)",아스로텍정50밀리그램,장용정,공급중단,2015-03-11,~2022-12-31
아시클로버,조비락스안연고(아시클로버),안연고제,공급중단,2015-03-10,~2022-12-31
벤자틴페니실린 G 수화물,한올마이신주120만단위(벤자틴페니실린G수화물),용액용분말주사제,공급부족,2015-03-10,~2022-12-31
글루콘산클로르헥시딘 액,보스톤리엣팅드롭스(글루콘산클로르헥시딘),경구용액제,공급중단,2015-03-05,~2022-12-31
A형간염바이러스항원(균주명:HM175주),하브릭스주(A형간염백신),현탁액주사제,공급부족,2015-02-27,~2022-12-31
카드랄라진,카드라텐정10밀리그람(카드랄라진),나정,공급중단,2015-02-25,~2022-12-31
살살레이트,디살정500밀리그람(살살레이트),필름코팅정,공급중단,2015-02-04,~2022-12-31
스트렙토코커스파이오게네스(A군3형)Su주(페니실린처리동결건조분말),피시바닐 5KE주사(스트렙토 코커스 파이오게네스(A군3형) Su주 페니실린처리동결건조분말),용액용분말주사제,공급중단,2015-02-02,~2022-12-31
"정제불활화인플루엔자바이러스항원 A형[A/California/7/2009 NYMC X-179A (H1N1)],정제불활화 인플루엔자바이러스 항원 A형[A/Texas/50/2012 NYMC X-223A(H3N2)],정제 불활화 인플루엔자 바이러스 항원 A형[A/Victoria/361/2011(H3N2)-like strain used(NYMCX-223A)derived from A/Texas/50/2012],정제 불활화 인플루엔자 바이러스 항원 B형[B/Massachusetts/02/2012],정제불활화 인플루엔자바이러스 항원A형[A/California/7/2009 (H1N1)pdm09-derived strain used(NYMC X-179A)]",에스케이인플루엔자백신주(프리필드시린지)(인플루엔자분할백신),용액주사제,공급중단,2015-01-06,~2022-12-31
A형간염바이러스항원(균주명:HM175주),하브릭스주(A형간염백신),현탁액주사제,공급부족,2014-12-29,~2022-12-31
"브롬화칼슘,살리실산나트륨,포도당",살소부로칼주,용액주사제,공급중단,2014-11-27,~2022-12-31
비씨지(Tice균주),온코타이스주(비씨지StrainTice),현탁액용동결건조분말주사제,공급부족,2014-11-24,~2022-12-31
아세피필린,브론탈정(아세피필린),나정,공급중단,2014-11-20,~2022-12-31
"프록시필린,멜릴로투스엑스",티에스벤에프주,용액주사제,공급중단,2014-11-14,~2022-12-31
이소프로테레놀염산염,이수푸렐주(이소프로테레놀염산염),용액주사제,공급부족,2014-11-14,~2022-12-31
"클린다마이신포스페이트,가수과산화벤조일",벤클린겔,피부용겔제,공급중단,2014-11-11,~2022-12-31
베타메타손발레레이트,덴드리액(베타메타손발레레이트),경구용액제,공급중단,2014-11-11,~2022-12-31
"페노바르비탈,페니토인",페니비탈정,나정,공급중단,2014-10-24,~2022-12-31
아스코르브산,씨엠지아스코르브산정50mg,필름코팅정,공급중단,2014-10-20,~2022-12-31
알클로메타손디프로피오네이트,알크로반크림0.1%(알클로메타손디프로피오네이트),피부크림제,공급중단,2014-10-17,~2022-12-31
페노바르비탈,하나페노바르비탈정,나정,공급부족,2014-10-16,~2022-12-31
라듐-223 염화물 용액,조피고주(라듐-223염화물),용액주사제,공급부족,2014-10-15,~2022-12-31
탄산수소나트륨,에프비산(탄산수소나트륨),용액용산제,공급중단,2014-10-07,~2022-12-31
리토나비르,노비르연질캅셀100밀리그람(리토나비르),"연질캡슐제, 액상",공급중단,2014-10-07,~2022-12-31
옥사토마이드,틴세트정30밀리그람(옥사토마이드),나정,공급중단,2014-09-26,~2022-12-31
아스피린 장용과립,보령아스트릭스캡슐100밀리그람(아스피린),"장용성캡슐제, 펠렛",공급중단,2014-09-24,~2022-12-31
비페리덴염산염,비페린정(비페리덴염산염)(수출용),나정,공급중단,2014-09-22,~2022-12-31
알데스류킨,"프로류킨주(알데스류킨, 유전자재조합)",용액용분말주사제,공급부족,2014-08-25,~2022-12-31
피메크로리무스,엘리델크림1%(피메크로리무스),피부크림제,공급부족,2014-08-25,~2022-12-31
브롬페리돌,부롬정5밀리그람(브롬페리돌)(수출용),나정,공급중단,2014-08-11,~2022-12-31
브롬페리돌,부롬정10밀리그람(브롬페리돌)(수출용),나정,공급중단,2014-08-11,~2022-12-31
퓨시드산,신속스점안액(퓨시드산),현탁액점안제,공급중단,2014-07-30,~2022-12-31
"시트르산나트륨수화물,시트르산수화물,카페인무수물",카프니주(카페인시트르산염),용액주사제,공급중단,2014-07-30,~2022-12-31
염산엘아르기닌,엔터팜염산엘아르기닌60%주,용액주사제,공급중단,2014-07-30,~2022-12-31
티몰롤말레산염,티모프틱엑스이0.25%점안액(티몰롤말레산염),점안용액제,공급중단,2014-07-24,~2022-12-31
벤자틴페니실린 G 수화물,한올마이신주120만단위(벤자틴페니실린G수화물),용액용분말주사제,공급부족,2014-07-11,~2022-12-31
시토크롬씨,세레티콤정(시토크롬씨),장용성필름코팅정,공급중단,2014-07-09,~2022-12-31
피라지노부타존,카루돌캡슐(피라지노부타존)(수출용),"경질캡슐제, 산제",공급중단,2014-07-09,~2022-12-31
디에틸아미노에틸테오필린염산염,솔르핀정(디에틸아미노에틸테오필린염산염)(수출용),당의정,공급중단,2014-07-09,~2022-12-31
살카토닌,메노칼비강분무액200아이유(살카토닌),일반액상분무제,공급중단,2014-07-04,~2022-12-31
플루비프로펜나트륨이수화물,오큐펜리퀴필름점안액(플루비프로펜나트륨),점안용액제,공급중단,2014-06-17,~2022-12-31
베시플록사신염산염,베시반스점안현탁액0.6%(베시플록사신염산염),현탁액점안제,공급중단,2014-06-13,~2022-12-31
엽산,폴린정(엽산),나정,공급중단,2014-06-12,~2022-12-31
파조파닙염산염,보트리엔트정400밀리그램(파조파닙염산염),필름코팅정,공급부족,2014-06-12,~2022-12-31
인디나빌황산염,크릭시반캡슐400밀리그램(인디나빌황산염),"경질캡슐제, 산제",공급중단,2014-05-30,~2022-12-31
테트라사이클린염산염,테라싸이클린캅셀250밀리그람(염산테트라싸이클린),"경질캡슐제, 산제",공급중단,2014-05-29,~2022-12-31
클로티아제팜,크로밀정5밀리그람(클로티아제팜),당의정,공급중단,2014-04-02,~2022-12-31
아르기닌에스테라제,알기나제주(아르기닌에스테라제),용액용동결건조분말주사제,공급중단,2014-03-25,~2022-12-31
니스타틴,타로니스타틴시럽,액상시럽제,공급중단,2014-03-25,~2022-12-31
엑세나타이드,바이에타펜주10마이크로그램(엑세나타이드),용액주사제,공급부족,2014-03-21,~2022-12-31
엑세나타이드,바이에타펜주5마이크로그램(엑세나타이드),용액주사제,공급부족,2014-03-21,~2022-12-31
네모나프리드,네포니드정3밀리그램(네모나프리드),당의정,공급중단,2014-03-12,~2022-12-31
네모나프리드,네포니드정10밀리그램(네모나프리드),당의정,공급중단,2014-03-12,~2022-12-31
아세타졸아미드,다이아막스정(아세타졸아미드),나정,공급중단,2014-02-17,~2022-12-31
플레카이니드아세트산염,풀카드정(플레카이니드아세트산염),나정,공급중단,2014-02-07,~2022-12-31
인산 오셀타미비르,타미플루캡슐45밀리그램(인산오셀타미비르),"경질캡슐제, 산제",공급부족,2014-02-05,~2022-12-31
인산 오셀타미비르,타미플루캡슐30밀리그램(인산오셀타미비르),"경질캡슐제, 산제",공급부족,2014-02-05,~2022-12-31
인산 오셀타미비르,타미플루캡슐75밀리그램(인산오셀타미비르),"경질캡슐제, 산제",공급부족,2014-02-05,~2022-12-31
염산리토드린,라보파서방캡슐(염산리토드린),"서방성캡슐제, 펠렛",공급중단,2014-01-17,~2022-12-31
트리엔틴염산염,사이프린캡슐(트리엔틴염산염),"경질캡슐제, 산제",공급중단,2014-01-17,~2022-12-31
리다미딘염산염,리다민캡슐(리다미딘염산염),"경질캡슐제, 산제",공급부족,2014-01-14,~2022-12-31
알파디히드로에르고크립틴메실레이트,알미리드정5밀리그람(알파-디히드로에르고크립틴메실레이트),나정,공급중단,2014-01-13,~2022-12-31
메톨라존,자록소린정5밀리그램(메톨라존),나정,공급중단,2014-01-10,~2022-12-31
메톨라존,자록소린정5밀리그램(메톨라존),나정,공급중단,2014-01-07,~2022-12-31
클로람부실,류케란정(클로람부실),필름코팅정,공급중단,2013-11-29,~2022-12-31
트리엔틴염산염,사이프린캡슐(트리엔틴염산염),"경질캡슐제, 산제",공급중단,2013-11-18,~2022-12-31
"설파메톡사졸,트리메토프림",셉트린시럽,액상시럽제,공급중단,2013-08-21,~2022-12-31
도술레핀염산염,삼일푸로치아덴캡슐(도술레핀염산염),"경질캡슐제, 산제",공급중단,2013-07-03,~2022-12-31
아세타졸아미드,다이아막스정(아세타졸아미드),나정,공급중단,2013-07-02,~2022-12-31
에스트리올,오베스틴질좌제(에스트리올),"질좌제, 일반",공급부족,2013-03-14,~2022-12-31
티몰롤말레산염,티마박점안액0.5%(티몰롤말레산염),점안용액제,공급중단,2013-02-25,~2022-12-31
엔-아세틸아스파틸글루타민산나트륨,나박점안액(엔-아세틸아스파틸글루타민산나트륨),점안용액제,공급중단,2013-02-25,~2022-12-31
"약독 수두생바이러스(바이러스주: Oka/Merck주, 세포주: MRC-5)",바리박스주(수두생바이러스백신),용액용동결건조분말주사제,공급중단,2013-02-22,~2022-12-31
