STD_YYYYMM,hs_code,hs_trade_risk,import_volume_yoy_change,import_value_yoy_change,import_unit_value_yoy_change,net_import_volume_yoy_change,export_volume_yoy_change,import_volume_rolling_cv,import_unit_value_rolling_volatility,zero_import_streak_months,supplier_count,supplier_count_yoy_change,country_hhi_yoy_change,import_volume_decline_risk,net_import_availability_decline_risk,import_interruption_risk,import_unit_value_increase_risk,import_volume_volatility_risk,import_unit_value_volatility_risk,country_concentration_risk,supplier_count_decline_risk,net_import_exposure_risk,export_volume_surge_risk,country_import_coverage,country_top1_share,country_hhi,trade_signal_confidence,trade_event_codes
2023-01,1701990000,0.0,,,,,,,,0,1.0,,,,,0.0,,,,0.0,0.0,0.0,,1.7263276342288395e-05,1.7263276342288395e-05,2.9802071007021417e-10,0.234054,
2023-02,1701990000,0.0,,,,,,,,0,0.0,,,,,0.0,,,,0.0,0.0,0.0,,0.0,0.0,0.0,0.234054,
2023-03,1701990000,0.13664852834060315,,,,,,0.3640039220162895,,0,1.0,,,,,0.0,,0.3640039220162895,,0.0,0.0,0.0,,0.00011205633980820115,0.00011205633980820115,1.2556623291211046e-08,0.6094579999999999,HS_IMPORT_VOLUME_VOLATILITY
2023-04,1701990000,0.1583276096350144,,,,,,0.41568875227962515,0.05057294219839198,0,0.0,,,,,0.0,,0.41568875227962515,0.05057294219839198,0.0,0.0,0.0,,0.0,0.0,0.0,0.65447,HS_IMPORT_VOLUME_VOLATILITY
2023-05,1701990000,0.14044608881024398,,,,,,0.3656915622153265,0.07029266836313779,0,0.0,,,,,0.0,,0.3656915622153265,0.07029266836313779,0.0,0.0,0.0,,0.0,0.0,0.0,0.65447,HS_IMPORT_VOLUME_VOLATILITY
2023-06,1701990000,0.13679337160248956,,,,,,0.3555329195753616,0.07386677913046556,0,0.0,,,,,0.0,,0.3555329195753616,0.07386677913046556,0.0,0.0,0.0,,0.0,0.0,0.0,0.65447,HS_IMPORT_VOLUME_VOLATILITY
2023-07,1701990000,0.09822407357505966,,,,,,0.25213622454683543,0.07933720641783182,0,0.0,,,,,0.0,,0.25213622454683543,0.07933720641783182,0.0,0.0,0.0,,0.0,0.0,0.0,0.65447,
2023-08,1701990000,0.045707537259784235,,,,,,0.11352596572417988,0.0686358220710969,0,0.0,,,,,0.0,,0.11352596572417988,0.0686358220710969,0.0,0.0,0.0,,0.0,0.0,0.0,0.65447,
2023-09,1701990000,0.03951491629140274,,,,,,0.09686713721300622,0.06999479056898943,0,0.0,,,,,0.0,,0.09686713721300622,0.06999479056898943,0.0,0.0,0.0,,0.0,0.0,0.0,0.65447,
2023-10,1701990000,0.056341059676859435,,,,,,0.14231874224062518,0.0647390599120185,0,0.0,,,,,0.0,,0.14231874224062518,0.0647390599120185,0.0,0.0,0.0,,0.0,0.0,0.0,0.65447,
2023-11,1701990000,0.05655460316912558,,,,,,0.14307299005689278,0.06319271327218962,0,0.0,,,,,0.0,,0.14307299005689278,0.06319271327218962,0.0,0.0,0.0,,0.0,0.0,0.0,0.65447,
2023-12,1701990000,0.08486166867414058,,,,,,0.21932550385350966,0.05611830679635729,0,0.0,,,,,0.0,,0.21932550385350966,0.05611830679635729,0.0,0.0,0.0,,0.0,0.0,0.0,0.65447,
2024-01,1701990000,0.12649016075319372,0.4486092235132879,0.6514003067370329,0.1399901919248583,,-0.18286467317979904,0.3142447183842915,0.030231897842990973,0,0.0,,,0.0,,0.0,0.1399901919248583,0.3142447183842915,0.030231897842990973,0.0,0.0,0.0,0.0,0.0,0.0,0.0,0.802296,HS_IMPORT_VOLUME_VOLATILITY
2024-02,1701990000,0.22447127561496516,-0.11925691364797641,0.13216376699172572,0.2854642682249928,,1.2956964842995826,0.4475453864212585,0.027324669113779527,0,0.0,,,0.12627796870814953,,0.0,0.2854642682249928,0.4475453864212585,0.027324669113779527,0.0,0.0,0.0,1.0,0.0,0.0,0.0,0.802296,HS_IMPORT_VOLUME_VOLATILITY;HS_EXPORT_VOLUME_SURGE
2024-03,1701990000,0.1883289760912735,0.0204273527462433,0.3384376206298272,0.3116442018412513,,-0.05961767218345648,0.4562724348855408,0.02447272676442036,0,0.0,,,0.0,,0.0,0.3116442018412513,0.4562724348855408,0.02447272676442036,0.0,0.0,0.0,0.0,0.0,0.0,0.0,0.802296,HS_IMPORT_UNIT_VALUE_SHOCK;HS_IMPORT_VOLUME_VOLATILITY
2024-04,1701990000,0.18953955979801893,0.1732259163696548,0.4269083562500178,0.2162264201129649,,0.15832795761907947,0.455919878422573,0.04831969275042229,0,0.0,,,0.0,,0.0,0.2162264201129649,0.455919878422573,0.04831969275042229,0.0,0.0,0.0,0.15832795761907947,0.0,0.0,0.0,0.802296,HS_IMPORT_VOLUME_VOLATILITY
2024-05,1701990000,0.18696754497096912,0.5246643308311425,0.9460931664225776,0.2764076177749244,,-0.00919244841302258,0.4516293228279542,0.07299308200610191,0,0.0,,,0.0,,0.0,0.2764076177749244,0.4516293228279542,0.07299308200610191,0.0,0.0,0.0,0.0,0.0,0.0,0.0,0.802296,HS_IMPORT_VOLUME_VOLATILITY
2024-06,1701990000,0.15950153301492628,0.37899496800965427,0.36862321065114645,-0.007521243803722877,,-0.03834426294554938,0.41307813064319615,0.09842598549159932,0,0.0,,,0.0,,0.0,0.0,0.41307813064319615,0.09842598549159932,0.0,0.0,0.0,0.0,0.0,0.0,0.0,0.802296,HS_IMPORT_VOLUME_VOLATILITY
2024-07,1701990000,0.1536485748461242,0.3668983512492696,0.5204511609433018,0.11233667050201146,,0.48826778179732444,0.33980505085016866,0.09898257864200519,0,1.0,,,0.0,,0.0,0.11233667050201146,0.33980505085016866,0.09898257864200519,0.0,0.0,0.0,0.48826778179732444,5.567233748090507e-05,5.567233748090507e-05,3.0994091605877876e-09,0.802296,HS_IMPORT_VOLUME_VOLATILITY;HS_EXPORT_VOLUME_SURGE
2024-08,1701990000,0.12267494677372835,-0.3662789577149905,-0.3671822176216014,-0.00142532730703393,,0.01382030253094868,0.247430407267519,0.0990945198621312,0,0.0,,,0.38784303019376376,,0.0,0.0,0.247430407267519,0.0990945198621312,0.0,0.0,0.0,0.01382030253094868,0.0,0.0,0.0,0.802296,HS_IMPORT_VOLUME_DROP
2024-09,1701990000,0.1072544222775741,-0.10654278591406874,-0.12899733362236498,-0.025132202588199926,,0.022359010014997738,0.25272147793694005,0.09814718245016234,0,0.0,,,0.1128153175710173,,0.0,0.0,0.25272147793694005,0.09814718245016234,0.0,0.0,0.0,0.022359010014997738,0.0,0.0,0.0,0.802296,
2024-10,1701990000,0.11658006060335858,-0.17154263285058602,-0.30143656856079604,-0.15679012688022043,,0.1348609079533689,0.2564266320568481,0.09504096469514388,0,0.0,,,0.18164192381468236,,0.0,0.0,0.2564266320568481,0.09504096469514388,0.0,0.0,0.0,0.1348609079533689,0.0,0.0,0.0,0.802296,
2024-11,1701990000,0.12582666610309187,-0.29270576743379273,-0.3649048665026515,-0.10207788462646683,,0.10978123471129542,0.26369928252741526,0.07510268733159167,0,1.0,,,0.30993833908703167,,0.0,0.0,0.26369928252741526,0.07510268733159167,0.0,0.0,0.0,0.10978123471129542,8.400777985091663e-05,8.400777985091663e-05,7.057307075480074e-09,0.802296,HS_IMPORT_VOLUME_DROP
2024-12,1701990000,0.10516412597006483,-0.33457371733018504,-0.4169538185066477,-0.1238004919882909,,-0.1124253917590533,0.21374580926987383,0.04883173509282841,0,0.0,,,0.35427119581764616,,0.0,0.0,0.21374580926987383,0.04883173509282841,0.0,0.0,0.0,0.0,0.0,0.0,0.0,0.802296,HS_IMPORT_VOLUME_DROP
2025-01,1701990000,0.16737780830659327,-0.5024092359704642,-0.5333459411531594,-0.0621729891691859,,-0.6222178795866414,0.3483046572380978,0.05549542829619539,0,0.0,,,0.5319877551572048,,0.0,0.0,0.3483046572380978,0.05549542829619539,0.0,0.0,0.0,0.0,0.0,0.0,0.0,0.802296,HS_IMPORT_VOLUME_DROP;HS_IMPORT_VOLUME_VOLATILITY
2025-02,1701990000,0.14715204234344959,0.34669277474861415,0.15359159922158616,-0.14338918211176555,,-0.4920314406656403,0.38491405773057896,0.05895684295653022,0,0.0,,,0.0,,0.0,0.0,0.38491405773057896,0.05895684295653022,0.0,0.0,0.0,0.0,0.0,0.0,0.0,0.802296,HS_IMPORT_VOLUME_VOLATILITY
2025-03,1701990000,0.14840111268255302,0.09033627649012033,-0.14522233989534927,-0.21604217108482504,,0.08013218332666261,0.3814273484367543,0.05787657910265489,0,0.0,,,0.0,,0.0,0.0,0.3814273484367543,0.05787657910265489,0.0,0.0,0.0,0.08013218332666261,0.0,0.0,0.0,0.802296,HS_IMPORT_VOLUME_VOLATILITY
2025-04,1701990000,0.15470216159180675,-0.08515748588811134,-0.2118455081302103,-0.13848068961364934,,0.013314783369600791,0.38965921093412453,0.04899382516587988,0,0.0,,,0.09017099310473459,,0.0,0.0,0.38965921093412453,0.04899382516587988,0.0,0.0,0.0,0.013314783369600791,0.0,0.0,0.0,0.802296,HS_IMPORT_VOLUME_VOLATILITY
2025-05,1701990000,0.16218116880113514,-0.2046572719418509,-0.3983467285485127,-0.24352954993322173,,-0.26818189619033983,0.38992745285662894,0.04221122558051265,0,0.0,,,0.21670613293292132,,0.0,0.0,0.38992745285662894,0.04221122558051265,0.0,0.0,0.0,0.0,0.0,0.0,0.0,0.802296,HS_IMPORT_VOLUME_VOLATILITY
2025-06,1701990000,0.1659620725598765,-0.17373299333664705,-0.21631782610783046,-0.05153882755545358,,0.036398393486082314,0.4013559077397065,0.05125474195311653,0,0.0,,,0.18396123817942295,,0.0,0.0,0.4013559077397065,0.05125474195311653,0.0,0.0,0.0,0.036398393486082314,0.0,0.0,0.0,0.802296,HS_IMPORT_VOLUME_VOLATILITY
2025-07,1701990000,0.0998481000034274,-0.0820187425144665,-0.18423386559778565,-0.11134772333293519,,-0.15731862513640915,0.2457081575195991,0.045262542902517716,0,1.0,,,0.0868474613664406,,0.0,0.0,0.2457081575195991,0.045262542902517716,0.0,0.0,0.0,0.0,2.432765094891283e-06,2.432765094891283e-06,5.9183460069213924e-12,0.802296,
2025-08,1701990000,0.049449620702678374,0.33074779826395484,0.24560475798108605,-0.06398134972978609,,-0.33530957474811096,0.12709288762781396,0.03862175232485793,0,0.0,,,0.0,,0.0,0.0,0.12709288762781396,0.03862175232485793,0.0,0.0,0.0,0.0,0.0,0.0,0.0,0.802296,
2025-09,1701990000,0.05254874379758872,0.13964498311169304,0.19810789851740074,0.051299234649443415,,-0.28934417234909127,0.12519455824318854,0.06500930203743649,0,0.0,,,0.0,,0.0,0.051299234649443415,0.12519455824318854,0.06500930203743649,0.0,0.0,0.0,0.0,0.0,0.0,0.0,0.802296,
2025-10,1701990000,0.05847632321981187,-0.08166812682483904,-0.13380414633301374,-0.056772525304945365,,-0.16031450460824237,0.12828124657359807,0.10601456423004003,0,0.0,,,0.08647620375353561,,0.0,0.0,0.12828124657359807,0.10601456423004003,0.0,0.0,0.0,0.0,0.0,0.0,0.0,0.802296,
2025-11,1701990000,0.07006994781028379,-0.12973472387081963,-0.17035773312919844,-0.04667888099484374,,-0.15600574078571994,0.15009836905454071,0.10909344459190949,0,0.0,,,0.13737264281111777,,0.0,0.0,0.15009836905454071,0.10909344459190949,0.0,0.0,0.0,0.0,0.0,0.0,0.0,0.802296,
2025-12,1701990000,0.0690013053533936,0.1655272758152302,0.09329248104392218,-0.061976065485711995,,-0.28611237484274765,0.17106589368575983,0.10624910246566713,0,0.0,,,0.0,,0.0,0.0,0.17106589368575983,0.10624910246566713,0.0,0.0,0.0,0.0,0.0,0.0,0.0,0.802296,
2026-01,1701990000,0.13232667645901186,0.23729249904524852,0.2901118035190615,0.04268942429908118,,0.08657456992580559,0.3244572966784508,0.122729906009417,0,0.0,,,0.0,,0.0,0.04268942429908118,0.3244572966784508,0.122729906009417,0.0,0.0,0.0,0.08657456992580559,0.0,0.0,0.0,0.802296,HS_IMPORT_VOLUME_VOLATILITY
2026-02,1701990000,0.13442961642578413,0.6444451265885431,0.4608753856809653,-0.11163020154305758,,-0.13273527412117936,0.32823177781993823,0.15653913379391854,0,0.0,,,0.0,,0.0,0.0,0.32823177781993823,0.15653913379391854,0.0,0.0,0.10557426573200933,0.0,0.0,0.0,0.0,0.802296,HS_IMPORT_VOLUME_VOLATILITY
2026-03,1701990000,0.1449892692126535,0.289859631411546,0.07850952457080584,-0.16385512166889904,,0.35399725475217525,0.33870756031775395,0.14044964763382872,0,0.0,,,0.0,,0.0,0.0,0.33870756031775395,0.14044964763382872,0.0,0.0,0.0,0.35399725475217525,0.0,0.0,0.0,0.802296,HS_IMPORT_VOLUME_VOLATILITY;HS_EXPORT_VOLUME_SURGE
2026-04,1701990000,0.15052128567659848,-0.15163140801379738,-0.32217563703512486,-0.20102609954247463,,0.22482503048514513,0.33889161453376615,0.12635523264289994,0,0.0,,,0.16055845829499935,,0.0,0.0,0.33889161453376615,0.12635523264289994,0.0,0.0,0.0,0.22482503048514513,0.0,0.0,0.0,0.802296,HS_IMPORT_VOLUME_VOLATILITY
2026-05,1701990000,0.15009437774905218,-0.10342114186888474,-0.13380083028184386,-0.033884011581852724,,0.3235548355165734,0.33498372248527547,0.15086225063696157,0,0.0,,,0.10950989185608295,,0.0,0.0,0.33498372248527547,0.15086225063696157,0.0,0.0,0.0,0.3235548355165734,0.0,0.0,0.0,0.802296,HS_IMPORT_VOLUME_VOLATILITY;HS_EXPORT_VOLUME_SURGE
2026-06,1701990000,0.1354680863696863,0.10674424407621763,-0.18281248736469968,-0.26162930865983947,,-0.29728593266802206,0.3407853732197862,0.16741966856584176,0,0.0,,,0.0,,0.0,0.0,0.3407853732197862,0.16741966856584176,0.0,0.0,0.0,0.0,0.0,0.0,0.0,0.802296,HS_IMPORT_VOLUME_VOLATILITY
2023-01,1702301000,0.029992015015324096,,,,,,,,0,0.0,,,,,0.0,,,,0.0,0.0,0.7604273475653279,,0.0,0.0,0.0,0.234054,HS_NET_IMPORT_EXPOSURE
2023-02,1702301000,0.03466703865362381,,,,,,,,0,0.0,,,,,0.0,,,,0.0,0.0,0.8789594242951198,,0.0,0.0,0.0,0.234054,HS_NET_IMPORT_EXPOSURE
2023-03,1702301000,0.0510725110150457,,,,,,0.048794734624164046,,0,0.0,,,,,0.0,,0.048794734624164046,,0.0,0.0,0.8304752024085601,,0.0,0.0,0.0,0.6094579999999999,HS_NET_IMPORT_EXPOSURE
2023-04,1702301000,0.05880453118291371,,,,,,0.050073598584793384,0.12139838436872948,0,0.0,,,,,0.0,,0.050073598584793384,0.12139838436872948,0.0,0.0,0.8757972136249763,,0.0,0.0,0.0,0.65447,HS_NET_IMPORT_EXPOSURE
2023-05,1702301000,0.07132730740062948,,,,,,0.09229295358842013,0.10910604718823252,0,0.0,,,,,0.0,,0.09229295358842013,0.10910604718823252,0.0,0.0,0.8054836859026263,,0.0,0.0,0.0,0.65447,HS_NET_IMPORT_EXPOSURE
2023-06,1702301000,0.14946397575664958,,,,,,0.28441479574424355,0.13463993194353624,0,0.0,,,,,0.0,,0.28441479574424355,0.13463993194353624,0.0,0.0,0.928807868929163,,0.0,0.0,0.0,0.65447,HS_NET_IMPORT_EXPOSURE
2023-07,1702301000,0.15276444175007994,,,,,,0.31189990985172844,0.12365861752125605,0,0.0,,,,,0.0,,0.31189990985172844,0.12365861752125605,0.0,0.0,0.7634148804603056,,0.0,0.0,0.0,0.65447,HS_IMPORT_VOLUME_VOLATILITY;HS_NET_IMPORT_EXPOSURE
2023-08,1702301000,0.1673568965048538,,,,,,0.33566063680398517,0.12381465806167163,0,0.0,,,,,0.0,,0.33566063680398517,0.12381465806167163,0.0,0.0,0.9070613173453661,,0.0,0.0,0.0,0.65447,HS_IMPORT_VOLUME_VOLATILITY;HS_NET_IMPORT_EXPOSURE
2023-09,1702301000,0.1605028302324189,,,,,,0.3280682292246732,0.11106270184456504,0,0.0,,,,,0.0,,0.3280682292246732,0.11106270184456504,0.0,0.0,0.820099651964507,,0.0,0.0,0.0,0.65447,HS_IMPORT_VOLUME_VOLATILITY;HS_NET_IMPORT_EXPOSURE
2023-10,1702301000,0.16336680165519657,,,,,,0.324824109834091,0.11407103103247877,0,0.0,,,,,0.0,,0.324824109834091,0.11407103103247877,0.0,0.0,0.9201583701783809,,0.0,0.0,0.0,0.65447,HS_IMPORT_VOLUME_VOLATILITY;HS_NET_IMPORT_EXPOSURE
2023-11,1702301000,0.20381669131425834,,,,,,0.4276916906103991,0.15716679251614718,0,0.0,,,,,0.0,,0.4276916906103991,0.15716679251614718,0.0,0.0,0.9174495633380305,,0.0,0.0,0.0,0.65447,HS_IMPORT_VOLUME_VOLATILITY;HS_NET_IMPORT_EXPOSURE
2023-12,1702301000,0.2936348766732846,,,,,,0.6637163735820442,0.14265909942751476,0,0.0,,,,,0.0,,0.6637163735820442,0.14265909942751476,0.0,0.0,0.9647758368616316,,0.0,0.0,0.0,0.65447,HS_IMPORT_VOLUME_VOLATILITY;HS_NET_IMPORT_EXPOSURE
2024-01,1702301000,0.2442793489823483,1.5482185881356836,1.0355462657316528,-0.20118851843832963,2.025463806219248,-0.5661088886649404,0.5324927548321348,0.15007939762464698,0,0.0,,,0.0,0.0,0.0,0.0,0.5324927548321348,0.15007939762464698,0.0,0.0,0.9539328364256727,0.0,0.0,0.0,0.0,0.836219,HS_IMPORT_VOLUME_VOLATILITY;HS_NET_IMPORT_EXPOSURE
2024-02,1702301000,0.24153747912254056,1.6510151026405713,1.10156369025886,-0.20726076280532102,1.7674709492567167,0.491217817190845,0.48662110013181137,0.149476536346405,0,0.0,,,0.0,0.0,0.0,0.0,0.48662110013181137,0.149476536346405,0.0,0.0,0.9165819684904706,0.491217817190845,0.0,0.0,0.0,0.836219,HS_IMPORT_VOLUME_VOLATILITY;HS_NET_IMPORT_EXPOSURE;HS_EXPORT_VOLUME_SURGE
2024-03,1702301000,0.20609150404456042,4.504508054319825,2.279616406959871,-0.40419445759805994,5.384569103837878,-0.3454862273326902,0.4299471676701469,0.1451641013046179,0,0.0,,,0.0,0.0,0.0,0.0,0.4299471676701469,0.1451641013046179,0.0,0.0,0.967356075773767,0.0,0.0,0.0,0.0,0.836219,HS_IMPORT_VOLUME_VOLATILITY;HS_NET_IMPORT_EXPOSURE
2024-04,1702301000,0.16318987461684784,1.998187324333209,1.2556370891723967,-0.24766639133395507,2.1751039521359092,0.39444766073486526,0.28761494443156116,0.1381062771219391,0,0.0,,,0.0,0.0,0.0,0.0,0.28761494443156116,0.1381062771219391,0.0,0.0,0.9170823842094497,0.39444766073486526,0.0,0.0,0.0,0.836219,HS_NET_IMPORT_EXPOSURE;HS_EXPORT_VOLUME_SURGE
2024-05,1702301000,0.1412923230607754,3.110734526290841,1.7755185390228156,-0.3248120205107978,3.8007182129853145,-0.39583991384738015,0.26535775544540785,0.08348145713090509,0,0.0,,,0.0,0.0,0.0,0.0,0.26535775544540785,0.08348145713090509,0.0,0.0,0.9613927863687843,0.0,0.0,0.0,0.0,0.836219,HS_NET_IMPORT_EXPOSURE
2024-06,1702301000,0.164717717094856,1.665280538163489,1.0864810087654755,-0.21716270430460394,1.7196193915942826,0.6523642732049038,0.2731825504026089,0.08057270495010009,0,0.0,,,0.0,0.0,0.0,0.0,0.2731825504026089,0.08057270495010009,0.0,0.0,0.9461321697020554,0.6523642732049038,0.0,0.0,0.0,0.836219,HS_NET_IMPORT_EXPOSURE;HS_EXPORT_VOLUME_SURGE
2024-07,1702301000,0.14482252579811056,5.937397809840563,4.37012418568325,-0.2259166429715428,7.0747111874280435,-0.2992726496014749,0.27601450152783064,0.0671804462727838,0,0.0,,,0.0,0.0,0.0,0.0,0.27601450152783064,0.0671804462727838,0.0,0.0,0.968070069697175,0.0,0.0,0.0,0.0,0.836219,HS_NET_IMPORT_EXPOSURE
2024-08,1702301000,0.24654483702975452,-0.3983015372943395,-0.295592908893359,0.17069784080738737,-0.4288840413222347,0.0653716847217034,0.40634219673406247,0.16032505774387149,0,0.0,,,0.4217508865886695,0.4288840413222347,0.0,0.17069784080738737,0.40634219673406247,0.16032505774387149,0.0,0.0,0.8702946937321937,0.0653716847217034,0.0,0.0,0.0,0.836219,HS_IMPORT_VOLUME_DROP;HS_NET_IMPORT_AVAILABILITY_DROP;HS_IMPORT_VOLUME_VOLATILITY;HS_NET_IMPORT_EXPOSURE
2024-09,1702301000,0.22294150024920478,0.9025282891504156,0.6807484204527818,-0.11657112798920366,1.0669172464779488,-0.13091716894259364,0.47796321821079074,0.1703158389639389,0,0.0,,,0.0,0.0,0.0,0.0,0.47796321821079074,0.1703158389639389,0.0,0.0,0.908849667517463,0.0,0.0,0.0,0.0,0.836219,HS_IMPORT_VOLUME_VOLATILITY;HS_NET_IMPORT_EXPOSURE
2024-10,1702301000,0.2223354999279904,3.4525620835888517,1.8691054276566548,-0.355628203763506,3.7119390077010115,-0.06524370409035551,0.4676397970852555,0.1843488565120151,0,0.0,,,0.0,0.0,0.0,0.0,0.4676397970852555,0.1843488565120151,0.0,0.0,0.9757292871295942,0.0,0.0,0.0,0.0,0.836219,HS_IMPORT_VOLUME_VOLATILITY;HS_NET_IMPORT_EXPOSURE
2024-11,1702301000,0.2158243409986804,0.711276781855964,0.4778718248809315,-0.13639228875757525,0.7760649717773673,-0.4400471948420003,0.4510910301007039,0.1841560417840285,0,0.0,,,0.0,0.0,0.0,0.0,0.4510910301007039,0.1841560417840285,0.0,0.0,0.9683763642395745,0.0,0.0,0.0,0.0,0.836219,HS_IMPORT_VOLUME_VOLATILITY;HS_NET_IMPORT_EXPOSURE
2024-12,1702301000,0.25356887131798134,-0.27608635356705247,-0.2341517858400448,0.057927582845879844,-0.27924840705249643,-0.12391665413060626,0.46878544675608463,0.18831206617220594,0,0.0,,,0.2923404845055617,0.27924840705249643,0.0,0.057927582845879844,0.46878544675608463,0.18831206617220594,0.0,0.0,0.9614402910608661,0.0,0.0,0.0,0.0,0.836219,HS_IMPORT_VOLUME_VOLATILITY;HS_NET_IMPORT_EXPOSURE
2025-01,1702301000,0.2390409733833375,0.6209417020290275,0.3999682419623074,-0.13632412553154427,0.6108259422929505,0.9334347660707494,0.4342667189878913,0.19423042465685578,0,0.0,,,0.0,0.0,0.0,0.0,0.4342667189878913,0.19423042465685578,0.0,0.0,0.9358056496599316,0.9334347660707494,0.0,0.0,0.0,0.836219,HS_IMPORT_VOLUME_VOLATILITY;HS_NET_IMPORT_EXPOSURE;HS_EXPORT_VOLUME_SURGE
2025-02,1702301000,0.1470384448614513,0.24742550483019854,0.15326446838290297,-0.07548429632285969,0.25910402236210306,0.03157627934517282,0.2770108351753382,0.11645079599485313,0,0.0,,,0.0,0.0,0.0,0.0,0.2770108351753382,0.11645079599485313,0.0,0.0,0.9324976870046184,0.03157627934517282,0.0,0.0,0.0,0.836219,HS_NET_IMPORT_EXPOSURE
2025-03,1702301000,0.12775158604723938,0.09703393443321828,0.0510526908313238,-0.04191414883227884,0.09277635278061358,0.3259120212020299,0.19862146560407481,0.10402719370914534,0,0.0,,,0.0,0.0,0.0,0.0,0.19862146560407481,0.10402719370914534,0.0,0.0,0.9610362108640854,0.3259120212020299,0.0,0.0,0.0,0.836219,HS_NET_IMPORT_EXPOSURE;HS_EXPORT_VOLUME_SURGE
2025-04,1702301000,0.11493443851588359,0.48197636198047156,0.34596492253457223,-0.09177706401749719,0.5115747840181668,-0.1289509013448391,0.19650060148537513,0.08141246647244049,0,0.0,,,0.0,0.0,0.0,0.0,0.19650060148537513,0.08141246647244049,0.0,0.0,0.9508579593572758,0.0,0.0,0.0,0.0,0.836219,HS_NET_IMPORT_EXPOSURE
2025-05,1702301000,0.1276683374092995,0.6431734795417037,0.5720037884590101,-0.04331234161747999,0.6550395696427189,0.1639853330760188,0.2142311638888467,0.08139668807431608,0,0.0,,,0.0,0.0,0.0,0.0,0.2142311638888467,0.08139668807431608,0.0,0.0,0.9697268055460048,0.1639853330760188,0.0,0.0,0.0,0.836219,HS_NET_IMPORT_EXPOSURE
2025-06,1702301000,0.13046190375935673,-0.1411928080951943,-0.02350471282196598,0.13703669040334887,-0.1384786736465221,-0.22446438034673333,0.18100142581028233,0.079651177072301,0,0.0,,,0.1495053029385793,0.1384786736465221,0.0,0.13703669040334887,0.18100142581028233,0.079651177072301,0.0,0.0,0.9540996111372514,0.0,0.0,0.0,0.0,0.836219,HS_NET_IMPORT_EXPOSURE
2025-07,1702301000,0.20867021518210568,-0.5707397248715502,-0.5259586610030447,0.10432147222359545,-0.5811753862236975,0.08869309084608501,0.27221542590177406,0.06506232292722604,0,0.0,,,0.6043410894446741,0.5811753862236975,0.0,0.10432147222359545,0.27221542590177406,0.06506232292722604,0.0,0.0,0.9342650751514872,0.08869309084608501,0.0,0.0,0.0,0.836219,HS_IMPORT_VOLUME_DROP;HS_NET_IMPORT_AVAILABILITY_DROP;HS_NET_IMPORT_EXPOSURE
2025-08,1702301000,0.178949746832582,1.3170247255983112,0.9314362238841405,-0.1664153590828007,1.4068115542525903,0.5872736366636415,0.3238794235909451,0.0680632705510342,0,0.0,,,0.0,0.0,0.0,0.0,0.3238794235909451,0.0680632705510342,0.0,0.0,0.8923969381550183,0.5872736366636415,0.0,0.0,0.0,0.836219,HS_IMPORT_VOLUME_VOLATILITY;HS_NET_IMPORT_EXPOSURE;HS_EXPORT_VOLUME_SURGE
2025-09,1702301000,0.2459050094532809,-0.3191255366287695,-0.23904156307793234,0.11761929380390534,-0.35421779418209265,0.20554677608217586,0.43515179036272256,0.0513404959483673,0,0.0,,,0.33791352883181863,0.35421779418209265,0.0,0.11761929380390534,0.43515179036272256,0.0513404959483673,0.0,0.0,0.8580371012727838,0.20554677608217586,0.0,0.0,0.0,0.836219,HS_IMPORT_VOLUME_DROP;HS_NET_IMPORT_AVAILABILITY_DROP;HS_IMPORT_VOLUME_VOLATILITY;HS_NET_IMPORT_EXPOSURE
2025-10,1702301000,0.36763704835834404,-0.7884305435880001,-0.6549941757108655,0.6306976920963832,-0.8016471933824847,0.11514229410550758,0.5629997276769053,0.07088112649101441,0,0.0,,,0.8348480978271919,0.8016471933824847,0.0,0.6306976920963832,0.5629997276769053,0.07088112649101441,0.0,0.0,0.921413558636756,0.11514229410550758,0.0,0.0,0.0,0.836219,HS_IMPORT_VOLUME_DROP;HS_NET_IMPORT_AVAILABILITY_DROP;HS_IMPORT_UNIT_VALUE_SHOCK;HS_IMPORT_VOLUME_VOLATILITY;HS_NET_IMPORT_EXPOSURE
2025-11,1702301000,0.3658307724863327,-0.8125268072050021,-0.7521067371709997,0.32228645137586054,-0.8392649827407,0.6945691226243167,0.5500035114371913,0.13375246180289957,0,0.0,,,0.8603629894165631,0.8392649827407,0.0,0.32228645137586054,0.5500035114371913,0.13375246180289957,0.0,0.0,0.7758080392305611,0.6945691226243167,0.0,0.0,0.0,0.836219,HS_IMPORT_VOLUME_DROP;HS_NET_IMPORT_AVAILABILITY_DROP;HS_IMPORT_UNIT_VALUE_SHOCK;HS_IMPORT_VOLUME_VOLATILITY;HS_NET_IMPORT_EXPOSURE;HS_EXPORT_VOLUME_SURGE
2025-12,1702301000,0.23237033210299693,-0.3132908813393097,-0.2284235743058275,0.12358552511870191,-0.32692507184510844,0.2265036935282656,0.3814396867424568,0.1328406163241565,0,0.0,,,0.3317353677883415,0.32692507184510844,0.0,0.12358552511870191,0.3814396867424568,0.1328406163241565,0.0,0.0,0.9416010791478028,0.2265036935282656,0.0,0.0,0.0,0.836219,HS_IMPORT_VOLUME_DROP;HS_NET_IMPORT_AVAILABILITY_DROP;HS_IMPORT_VOLUME_VOLATILITY;HS_NET_IMPORT_EXPOSURE
2026-01,1702301000,0.2773613977133998,0.06358152732174172,-0.07282744849251654,-0.12825436725829253,0.07053726144051886,-0.11543945722249593,0.6167009156995392,0.19495188220651524,0,0.0,,,0.0,0.0,0.0,0.0,0.6167009156995392,0.19495188220651524,0.0,0.0,0.9399922170900908,0.0,0.0,0.0,0.0,0.836219,HS_IMPORT_VOLUME_VOLATILITY;HS_NET_IMPORT_EXPOSURE
2026-02,1702301000,0.32221275009162165,-0.384771283634025,-0.417379271987251,-0.0530014082337289,-0.37605234816317124,-0.5814631970812867,0.6312726045229607,0.20239985491507484,0,0.0,,,0.407424061450683,0.37605234816317124,0.0,0.0,0.6312726045229607,0.20239985491507484,0.0,0.0,0.9439065779592799,0.0,0.0,0.0,0.0,0.836219,HS_IMPORT_VOLUME_DROP;HS_NET_IMPORT_AVAILABILITY_DROP;HS_IMPORT_VOLUME_VOLATILITY;HS_NET_IMPORT_EXPOSURE
2026-03,1702301000,0.30380051790685636,-0.36329393123959475,-0.2931058156365435,0.11023629119744327,-0.3748021829417071,0.14658511075163183,0.5598607676112946,0.197678066595794,0,0.0,,,0.3846822651838148,0.3748021829417071,0.0,0.11023629119744327,0.5598607676112946,0.197678066595794,0.0,0.0,0.9363721643924666,0.14658511075163183,0.0,0.0,0.0,0.836219,HS_IMPORT_VOLUME_DROP;HS_NET_IMPORT_AVAILABILITY_DROP;HS_IMPORT_VOLUME_VOLATILITY;HS_NET_IMPORT_EXPOSURE
2026-04,1702301000,0.24098518872501482,-0.2472930453190254,-0.26964957703396175,-0.029701508104720165,-0.2597157658826782,0.19767074105090598,0.43932043889114136,0.16909790564090643,0,0.0,,,0.2618520174915559,0.2597157658826782,0.0,0.0,0.43932043889114136,0.16909790564090643,0.0,0.0,0.9232518135726772,0.19767074105090598,0.0,0.0,0.0,0.836219,HS_IMPORT_VOLUME_VOLATILITY;HS_NET_IMPORT_EXPOSURE
2026-05,1702301000,0.17366936286191836,-0.10888828068593737,-0.11091232751454938,-0.002271372696310281,-0.10858512226578176,-0.1262954812648841,0.31149349991279146,0.1626021469351373,0,0.0,,,0.1152988994980277,0.10858512226578176,0.0,0.0,0.31149349991279146,0.1626021469351373,0.0,0.0,0.9719559056055828,0.0,0.0,0.0,0.0,0.836219,HS_IMPORT_VOLUME_VOLATILITY;HS_NET_IMPORT_EXPOSURE
2026-06,1702301000,0.14705780589250417,0.25897102547063144,0.1290205971667826,-0.10321955444150932,0.2732934082513985,-0.22916961553291915,0.2703853261478393,0.16346255782059085,0,0.0,,,0.0,0.0,0.0,0.0,0.2703853261478393,0.16346255782059085,0.0,0.0,0.9684413747795507,0.0,0.0,0.0,0.0,0.836219,HS_NET_IMPORT_EXPOSURE
2023-01,1702401000,0.0,,,,,,,,1,0.0,,,,,0.0,,,,0.0,0.0,0.0,,0.0,0.0,0.0,0.0,
2023-02,1702401000,0.036621479208859394,,,,,,,,0,0.0,,,,,0.0,,,,0.0,0.0,0.9285129486792778,,0.0,0.0,0.0,0.234054,HS_NET_IMPORT_EXPOSURE
2023-03,1702401000,0.375404,,,,,,1.4139926432829346,,0,0.0,,,,,0.0,,1.0,,0.0,0.0,0.0,,0.0,0.0,0.0,0.6094579999999999,HS_IMPORT_VOLUME_VOLATILITY
2023-04,1702401000,0.375404,,,,,,1.7303685301564566,,0,0.0,,,,,0.0,,1.0,,0.0,0.0,0.0,,0.0,0.0,0.0,0.6094579999999999,HS_IMPORT_VOLUME_VOLATILITY
2023-05,1702401000,0.459857,,,,,,1.9979189161079762,1.6249709853347778,0,0.0,,,,,0.0,,1.0,1.0,0.0,0.0,1.0,,0.0,0.0,0.0,0.65447,HS_IMPORT_VOLUME_VOLATILITY;HS_IMPORT_UNIT_VALUE_VOLATILITY;HS_NET_IMPORT_EXPOSURE
2023-06,1702401000,0.615029,,,,,,2.233834370406742,1.6249709853347778,1,0.0,,,,,1.0,,1.0,1.0,0.0,0.0,0.0,,0.0,0.0,0.0,0.615029,HS_IMPORT_INTERRUPTION;HS_IMPORT_VOLUME_VOLATILITY;HS_IMPORT_UNIT_VALUE_VOLATILITY
2023-07,1702401000,0.4511812647796804,,,,,,1.4133302224575437,1.6249709853347778,0,0.0,,,,,0.0,,1.0,1.0,0.0,0.0,0.7800325747237752,,0.0,0.0,0.0,0.65447,HS_IMPORT_VOLUME_VOLATILITY;HS_IMPORT_UNIT_VALUE_VOLATILITY;HS_NET_IMPORT_EXPOSURE
2023-08,1702401000,0.615029,,,,,,2.2338341379712556,1.6249709853347778,1,0.0,,,,,1.0,,1.0,1.0,0.0,0.0,0.0,,0.0,0.0,0.0,0.615029,HS_IMPORT_INTERRUPTION;HS_IMPORT_VOLUME_VOLATILITY;HS_IMPORT_UNIT_VALUE_VOLATILITY
2023-09,1702401000,0.570017,,,,,,2.2341132393774483,,2,0.0,,,,,1.0,,1.0,,0.0,0.0,0.0,,0.0,0.0,0.0,0.570017,HS_IMPORT_INTERRUPTION;HS_IMPORT_VOLUME_VOLATILITY
2023-10,1702401000,0.41368163119028745,,,,,,1.4141307201009399,,0,0.0,,,,,0.0,,1.0,,0.0,0.0,0.9705035671075138,,0.0,0.0,0.0,0.6094579999999999,HS_IMPORT_VOLUME_VOLATILITY;HS_NET_IMPORT_EXPOSURE
2023-11,1702401000,0.570017,,,,,,1.41424063804458,,1,0.0,,,,,1.0,,1.0,,0.0,0.0,0.0,,0.0,0.0,0.0,0.570017,HS_IMPORT_INTERRUPTION;HS_IMPORT_VOLUME_VOLATILITY
2023-12,1702401000,0.570017,,,,,,1.41424063804458,,2,0.0,,,,,1.0,,1.0,,0.0,0.0,0.0,,0.0,0.0,0.0,0.570017,HS_IMPORT_INTERRUPTION;HS_IMPORT_VOLUME_VOLATILITY
2024-01,1702401000,0.44506181218618535,,,,,6.936507936507937,2.2306875218062956,,0,0.0,,,,,0.0,,1.0,,0.0,0.0,0.9413760347401275,1.0,0.0,0.0,0.0,0.641987,HS_IMPORT_VOLUME_VOLATILITY;HS_NET_IMPORT_EXPOSURE;HS_EXPORT_VOLUME_SURGE
2024-02,1702401000,0.668086,-1.0,-1.0,,-1.0,-0.768,2.2306875218062956,,1,0.0,,,1.0,1.0,1.0,,1.0,,0.0,0.0,0.0,0.0,0.0,0.0,0.0,0.700615,HS_IMPORT_VOLUME_DROP;HS_NET_IMPORT_AVAILABILITY_DROP;HS_IMPORT_INTERRUPTION;HS_IMPORT_VOLUME_VOLATILITY
2024-03,1702401000,0.4136947345688128,10003.0,500.6296296296296,-0.9498570941993573,,-0.696,1.4123741291862744,,0,0.0,,,0.0,,0.0,0.0,1.0,,0.0,0.0,0.9708357944477259,0.0,0.0,0.0,0.0,0.757284,HS_IMPORT_VOLUME_VOLATILITY;HS_NET_IMPORT_EXPOSURE
2024-04,1702401000,0.4460513237471935,1601.5833333333333,56.35068493150685,-0.9642136020395152,,5.349206349206349,1.4125244528902443,,0,0.0,,,0.0,,0.0,0.0,1.0,,0.0,0.0,0.9664644341470405,1.0,0.0,0.0,0.0,0.757284,HS_IMPORT_VOLUME_VOLATILITY;HS_NET_IMPORT_EXPOSURE;HS_EXPORT_VOLUME_SURGE
2024-05,1702401000,0.46047800000000005,11.5,35.92307692307692,1.9538461538461536,-1.0,,1.4111762969689499,,0,0.0,,,0.0,1.0,0.0,1.0,1.0,,0.0,0.0,0.0,,0.0,0.0,0.0,0.758678,HS_NET_IMPORT_AVAILABILITY_DROP;HS_IMPORT_UNIT_VALUE_SHOCK;HS_IMPORT_VOLUME_VOLATILITY
2024-06,1702401000,0.420416,,,,,-0.942652329749104,1.4107988701606373,1.2319613500789068,0,0.0,,,,,0.0,,1.0,1.0,0.0,0.0,0.0,0.0,0.0,0.0,0.0,0.686999,HS_IMPORT_VOLUME_VOLATILITY;HS_IMPORT_UNIT_VALUE_VOLATILITY
2024-07,1702401000,0.46673291860698607,-0.1663020833333333,-0.6181714134788925,-0.5420060685196935,-0.07452582789534667,-0.7031751694612915,1.0076519387320095,2.3336116468870785,0,0.0,,,0.1760928455456727,0.07452582789534667,0.0,0.0,1.0,1.0,0.0,0.0,0.8238413649988471,0.0,0.0,0.0,0.0,0.836219,HS_IMPORT_VOLUME_VOLATILITY;HS_IMPORT_UNIT_VALUE_VOLATILITY;HS_NET_IMPORT_EXPOSURE
2024-08,1702401000,0.35736731681457923,,,,,0.2537499999999999,0.7134260181188724,2.1094073733668592,0,0.0,,,,,0.0,,0.7134260181188724,1.0,0.0,0.0,0.9198068547623556,0.2537499999999999,0.0,0.0,0.0,0.686999,HS_IMPORT_VOLUME_VOLATILITY;HS_IMPORT_UNIT_VALUE_VOLATILITY;HS_NET_IMPORT_EXPOSURE
2024-09,1702401000,0.420416,,,,,-0.685,1.0054705874691308,2.216351242071338,0,0.0,,,,,0.0,,1.0,1.0,0.0,0.0,0.0,0.0,0.0,0.0,0.0,0.686999,HS_IMPORT_VOLUME_VOLATILITY;HS_IMPORT_UNIT_VALUE_VOLATILITY
2024-10,1702401000,0.5876882974098058,-0.9940190770817221,-0.9549000792690558,6.54062898772984,-1.0,0.5,1.4136280326448891,2.2864514775587876,0,0.0,,,1.0,1.0,0.0,1.0,1.0,1.0,0.0,0.0,0.045328399629972246,0.5,0.0,0.0,0.0,0.836219,HS_IMPORT_VOLUME_DROP;HS_NET_IMPORT_AVAILABILITY_DROP;HS_IMPORT_UNIT_VALUE_SHOCK;HS_IMPORT_VOLUME_VOLATILITY;HS_IMPORT_UNIT_VALUE_VOLATILITY;HS_EXPORT_VOLUME_SURGE
2024-11,1702401000,0.459857,,,,,-1.0,1.4145863363066822,2.0199432490220626,0,0.0,,,,,0.0,,1.0,1.0,0.0,0.0,1.0,0.0,0.0,0.0,0.0,0.686999,HS_IMPORT_VOLUME_VOLATILITY;HS_IMPORT_UNIT_VALUE_VOLATILITY;HS_NET_IMPORT_EXPOSURE
2024-12,1702401000,0.4911089774927281,,,,,11.5,1.002032274017823,2.290583655396884,0,0.0,,,,,0.0,,1.0,1.0,0.0,0.0,0.9676219541271279,1.0,0.0,0.0,0.0,0.686999,HS_IMPORT_VOLUME_VOLATILITY;HS_IMPORT_UNIT_VALUE_VOLATILITY;HS_NET_IMPORT_EXPOSURE;HS_EXPORT_VOLUME_SURGE
2025-01,1702401000,0.5190714788714039,-0.8717948717948718,-0.9919256344144388,-0.9370199484326232,,-1.0,1.406582696341485,2.110286445376876,0,0.0,,,0.9231203640352306,,0.0,0.0,1.0,1.0,0.0,0.0,1.0,0.0,0.0,0.0,0.0,0.802296,HS_IMPORT_VOLUME_DROP;HS_IMPORT_VOLUME_VOLATILITY;HS_IMPORT_UNIT_VALUE_VOLATILITY;HS_NET_IMPORT_EXPOSURE
2025-02,1702401000,0.4902449326936167,,,,,0.9956896551724137,1.4065801365477772,2.527092794546803,0,0.0,,,,,0.0,,1.0,1.0,0.0,0.0,0.9492696407422029,0.9956896551724137,0.0,0.0,0.0,0.686999,HS_IMPORT_VOLUME_VOLATILITY;HS_IMPORT_UNIT_VALUE_VOLATILITY;HS_NET_IMPORT_EXPOSURE;HS_EXPORT_VOLUME_SURGE
2025-03,1702401000,0.5954433941833552,-0.9989504198320672,-0.9613851151801536,35.790791213118446,-1.0,0.3157894736842106,1.405921893669101,2.5515987718649447,0,0.0,,,1.0,1.0,0.0,1.0,1.0,1.0,0.0,0.0,0.3938814531548757,0.3157894736842106,0.0,0.0,0.0,0.836219,HS_IMPORT_VOLUME_DROP;HS_NET_IMPORT_AVAILABILITY_DROP;HS_IMPORT_UNIT_VALUE_SHOCK;HS_IMPORT_VOLUME_VOLATILITY;HS_IMPORT_UNIT_VALUE_VOLATILITY;HS_NET_IMPORT_EXPOSURE;HS_EXPORT_VOLUME_SURGE
2025-04,1702401000,0.5830197188365651,-0.9981280224637304,-0.9655090049204605,17.424897954850664,-1.0,-0.8025,1.4103019650076216,2.523151821755482,0,0.0,,,1.0,1.0,0.0,1.0,1.0,1.0,0.0,0.0,0.33933518005540164,0.0,0.0,0.0,0.0,0.836219,HS_IMPORT_VOLUME_DROP;HS_NET_IMPORT_AVAILABILITY_DROP;HS_IMPORT_UNIT_VALUE_SHOCK;HS_IMPORT_VOLUME_VOLATILITY;HS_IMPORT_UNIT_VALUE_VOLATILITY;HS_NET_IMPORT_EXPOSURE
2025-05,1702401000,0.4613962662037037,0.08000000000000007,0.11250000000000004,0.030092592592592782,,-1.0,1.409312264399721,2.507078148301872,0,0.0,,,0.0,,0.0,0.030092592592592782,1.0,1.0,0.0,0.0,1.0,0.0,0.0,0.0,0.0,0.802296,HS_IMPORT_VOLUME_VOLATILITY;HS_IMPORT_UNIT_VALUE_VOLATILITY;HS_NET_IMPORT_EXPOSURE
2025-06,1702401000,0.4904061322539046,2754.5714285714284,142.4041095890411,-0.9479584858145426,,13.46875,1.4093261911205701,2.5060264650811175,0,0.0,,,0.0,,0.0,0.0,1.0,1.0,0.0,0.0,0.9498017863113148,1.0,0.0,0.0,0.0,0.802296,HS_IMPORT_VOLUME_VOLATILITY;HS_IMPORT_UNIT_VALUE_VOLATILITY;HS_NET_IMPORT_EXPOSURE;HS_EXPORT_VOLUME_SURGE
2025-07,1702401000,0.4562285121112277,1.1248828637471107,0.9520405810468064,-0.08134202861211215,1.1793080724876441,0.13221153846153855,1.0773724440796117,2.093542617884929,0,0.0,,,0.0,0.0,0.0,0.0,1.0,1.0,0.0,0.0,0.7989605480746516,0.13221153846153855,0.0,0.0,0.0,0.836219,HS_IMPORT_VOLUME_VOLATILITY;HS_IMPORT_UNIT_VALUE_VOLATILITY;HS_NET_IMPORT_EXPOSURE
2025-08,1702401000,0.7150439022931206,-1.0,-1.0,,-1.0,0.059820538384845356,1.489554711351816,1.9475431007054103,1,0.0,,,1.0,1.0,1.0,,1.0,1.0,0.0,0.0,0.0,0.059820538384845356,0.0,0.0,0.0,0.745627,HS_IMPORT_VOLUME_DROP;HS_NET_IMPORT_AVAILABILITY_DROP;HS_IMPORT_INTERRUPTION;HS_IMPORT_VOLUME_VOLATILITY;HS_IMPORT_UNIT_VALUE_VOLATILITY
2025-09,1702401000,0.7117040000000001,-1.0,-0.9951690821256038,,,8.523809523809524,1.4904046722998863,1.1459260985192892,2,0.0,,,1.0,,1.0,,1.0,1.0,0.0,0.0,0.0,1.0,0.0,0.0,0.0,0.7511450000000001,HS_IMPORT_VOLUME_DROP;HS_IMPORT_INTERRUPTION;HS_IMPORT_VOLUME_VOLATILITY;HS_IMPORT_UNIT_VALUE_VOLATILITY;HS_EXPORT_VOLUME_SURGE
2025-10,1702401000,0.459857,165.06896551724137,18.63922294172063,-0.8817405595286756,,-1.0,1.078588161758843,1.2219130618100185,0,0.0,,,0.0,,0.0,0.0,1.0,1.0,0.0,0.0,1.0,0.0,0.0,0.0,0.0,0.802296,HS_IMPORT_VOLUME_VOLATILITY;HS_IMPORT_UNIT_VALUE_VOLATILITY;HS_NET_IMPORT_EXPOSURE
2025-11,1702401000,0.3805079295068925,4003.4444444444443,105.87222222222222,-0.9733115982241953,3991.3333333333335,,0.7919780919093068,1.0139199955415061,0,0.0,,,0.0,0.0,0.0,0.0,0.7919780919093068,1.0,0.0,0.0,0.9681343244788688,,0.0,0.0,0.0,0.80369,HS_IMPORT_VOLUME_VOLATILITY;HS_IMPORT_UNIT_VALUE_VOLATILITY;HS_NET_IMPORT_EXPOSURE
2025-12,1702401000,0.375474423322088,0.0020301926080166233,0.11592198750655669,0.11366104109309316,0.019989367357788446,-0.8425,0.7922397828639494,0.7429854843399868,0,0.0,,,0.0,0.0,0.0,0.11366104109309316,0.7922397828639494,0.7429854843399868,0.0,0.0,0.9839329971797283,0.0,0.0,0.0,0.0,0.836219,HS_IMPORT_VOLUME_VOLATILITY;HS_IMPORT_UNIT_VALUE_VOLATILITY;HS_NET_IMPORT_EXPOSURE
2026-01,1702401000,0.3673529881378139,3860.2,179.50420168067228,-0.9532517865739479,3767.2,,0.8022510804650532,0.6353474283104992,0,0.0,,,0.0,0.0,0.0,0.0,0.8022510804650532,0.6353474283104992,0.0,0.0,0.9529795158286778,,0.0,0.0,0.0,0.80369,HS_IMPORT_VOLUME_VOLATILITY;HS_IMPORT_UNIT_VALUE_VOLATILITY;HS_NET_IMPORT_EXPOSURE
2026-02,1702401000,0.5039976730345446,-0.9974499089253187,-0.9463580734307145,20.03529834752693,-1.0,-0.06695464362850967,0.8011826576554575,1.4065662601432696,0,0.0,,,1.0,1.0,0.0,1.0,0.8011826576554575,1.0,0.0,0.0,0.2281508739650414,0.0,0.0,0.0,0.0,0.836219,HS_IMPORT_VOLUME_DROP;HS_NET_IMPORT_AVAILABILITY_DROP;HS_IMPORT_UNIT_VALUE_SHOCK;HS_IMPORT_VOLUME_VOLATILITY;HS_IMPORT_UNIT_VALUE_VOLATILITY
2026-03,1702401000,0.29247969948343494,1620.3809523809523,32.978967495219884,-0.9790431931216889,,0.0,0.5560504588595724,2.1961184261650044,0,0.0,,,0.0,,0.0,0.0,0.5560504588595724,1.0,0.0,0.0,0.981824320522199,0.0,0.0,0.0,0.0,0.802296,HS_IMPORT_VOLUME_VOLATILITY;HS_IMPORT_UNIT_VALUE_VOLATILITY;HS_NET_IMPORT_EXPOSURE
2026-04,1702401000,0.2932953298980611,532.8333333333334,27.322714681440445,-0.9469446493635209,,-1.0,0.5563135446027776,2.0303365371988864,0,0.0,,,0.0,,0.0,0.0,0.5563135446027776,1.0,0.0,0.0,1.0,0.0,0.0,0.0,0.0,0.802296,HS_IMPORT_VOLUME_VOLATILITY;HS_IMPORT_UNIT_VALUE_VOLATILITY;HS_NET_IMPORT_EXPOSURE
2026-05,1702401000,0.2820453977683615,710.1111111111111,36.48314606741573,-0.9472893258426967,688.074074074074,,0.5331381408670897,2.0055736260215418,0,0.0,,,0.0,0.0,0.0,0.0,0.5331381408670897,1.0,0.0,0.0,0.9353517186250999,,0.0,0.0,0.0,0.80369,HS_IMPORT_VOLUME_VOLATILITY;HS_IMPORT_UNIT_VALUE_VOLATILITY;HS_NET_IMPORT_EXPOSURE
2026-06,1702401000,0.2926839134621252,0.8663486961480638,-0.09719635095763479,-0.5162727892672727,0.9016254116647191,-0.5680345572354212,0.5563801341027739,1.9951601064228885,0,0.0,,,0.0,0.0,0.0,0.0,0.5563801341027739,1.0,0.0,0.0,0.9838641413607025,0.0,0.0,0.0,0.0,0.836219,HS_IMPORT_VOLUME_VOLATILITY;HS_IMPORT_UNIT_VALUE_VOLATILITY;HS_NET_IMPORT_EXPOSURE
2023-01,2501009020,0.03898071817242315,,,,,,,,0,0.0,,,,,0.0,,,,0.0,0.0,0.9883298641622462,,0.0,0.0,0.0,0.234054,HS_NET_IMPORT_EXPOSURE
2023-02,2501009020,0.039280945215902606,,,,,,,,0,0.0,,,,,0.0,,,,0.0,0.0,0.9959419187115592,,0.0,0.0,0.0,0.234054,HS_NET_IMPORT_EXPOSURE
2023-03,2501009020,0.13927727554389524,,,,,,0.2664543262876915,,0,0.0,,,,,0.0,,0.2664543262876915,,0.0,0.0,0.9951384508047643,,0.0,0.0,0.0,0.6094579999999999,HS_NET_IMPORT_EXPOSURE
2023-04,2501009020,0.13739660749444357,,,,,,0.2313143971770933,0.24997314348191024,0,0.0,,,,,0.0,,0.2313143971770933,0.24997314348191024,0.0,0.0,0.9966396998596968,,0.0,0.0,0.0,0.65447,HS_NET_IMPORT_EXPOSURE
2023-05,2501009020,0.13618388582148927,,,,,,0.22929924278028777,0.2402165929986793,0,0.0,,,,,0.0,,0.22929924278028777,0.2402165929986793,0.0,0.0,0.9962070840176864,,0.0,0.0,0.0,0.65447,HS_NET_IMPORT_EXPOSURE
2023-06,2501009020,0.13720807721116923,,,,,,0.23599419245771894,0.22573644632761092,0,0.0,,,,,0.0,,0.23599419245771894,0.22573644632761092,0.0,0.0,0.9749769139644864,,0.0,0.0,0.0,0.65447,HS_NET_IMPORT_EXPOSURE
2023-07,2501009020,0.15516560567461268,,,,,,0.2838613358935336,0.20628605288840285,0,0.0,,,,,0.0,,0.2838613358935336,0.20628605288840285,0.0,0.0,0.9968706909617866,,0.0,0.0,0.0,0.65447,HS_NET_IMPORT_EXPOSURE
2023-08,2501009020,0.13858133468916933,,,,,,0.24567745974434316,0.15989655149652376,0,0.0,,,,,0.0,,0.24567745974434316,0.15989655149652376,0.0,0.0,0.9927681857798331,,0.0,0.0,0.0,0.65447,HS_NET_IMPORT_EXPOSURE
2023-09,2501009020,0.12851526644994574,,,,,,0.21915227603191023,0.15680331529182578,0,0.0,,,,,0.0,,0.21915227603191023,0.15680331529182578,0.0,0.0,0.9935497221304438,,0.0,0.0,0.0,0.65447,HS_NET_IMPORT_EXPOSURE
2023-10,2501009020,0.13606557353852947,,,,,,0.23916461306271422,0.16173812459475556,0,0.0,,,,,0.0,,0.23916461306271422,0.16173812459475556,0.0,0.0,0.9888710902886627,,0.0,0.0,0.0,0.65447,HS_NET_IMPORT_EXPOSURE
2023-11,2501009020,0.10153387173324507,,,,,,0.14901961421363508,0.1462318908278017,0,0.0,,,,,0.0,,0.14901961421363508,0.1462318908278017,0.0,0.0,0.9890500395286278,,0.0,0.0,0.0,0.65447,HS_NET_IMPORT_EXPOSURE
2023-12,2501009020,0.10737413249523747,,,,,,0.16097510187114103,0.1699550181274485,0,0.0,,,,,0.0,,0.16097510187114103,0.1699550181274485,0.0,0.0,0.9962582104016366,,0.0,0.0,0.0,0.65447,HS_NET_IMPORT_EXPOSURE
2024-01,2501009020,0.17911976867821186,-0.0007418963510510412,0.6334978878440829,0.634710673727946,-0.001451542240556103,2.9116161616161618,0.1587623834858989,0.33725144681868424,0,0.0,,,0.0007855742810790356,0.001451542240556103,0.0,0.634710673727946,0.1587623834858989,0.33725144681868424,0.0,0.0,0.9950218036244057,1.0,0.0,0.0,0.0,0.836219,HS_IMPORT_UNIT_VALUE_SHOCK;HS_IMPORT_UNIT_VALUE_VOLATILITY;HS_NET_IMPORT_EXPOSURE;HS_EXPORT_VOLUME_SURGE
2024-02,2501009020,0.14589815852808605,0.4705779772612384,0.15378789479987875,-0.21541875871916716,0.46958417371688754,2.30019120458891,0.15321015168967428,0.3752286138890942,0,0.0,,,0.0,0.0,0.0,0.0,0.15321015168967428,0.3752286138890942,0.0,0.0,0.9878974766055536,1.0,0.0,0.0,0.0,0.836219,HS_IMPORT_UNIT_VALUE_VOLATILITY;HS_NET_IMPORT_EXPOSURE;HS_EXPORT_VOLUME_SURGE
2024-03,2501009020,0.16976225032672243,-0.35862505008664336,-0.1879084427444433,0.2661728640403904,-0.35825511256498144,-0.7343915343915344,0.16027491806514818,0.447513606205526,0,0.0,,,0.37973851131580194,0.35825511256498144,0.0,0.2661728640403904,0.16027491806514818,0.447513606205526,0.0,0.0,0.9970365772656654,0.0,0.0,0.0,0.0,0.836219,HS_IMPORT_VOLUME_DROP;HS_NET_IMPORT_AVAILABILITY_DROP;HS_IMPORT_UNIT_VALUE_VOLATILITY;HS_NET_IMPORT_EXPOSURE
2024-04,2501009020,0.13222834178725457,-0.008898619633343041,0.4102537601513103,0.42291574614656313,-0.008653389675157164,-0.5698924731182795,0.13579963495977954,0.43325035083547925,0,0.0,,,0.00942251125936366,0.008653389675157164,0.0,0.42291574614656313,0.13579963495977954,0.43325035083547925,0.0,0.0,0.9943110508524263,0.0,0.0,0.0,0.0,0.836219,HS_IMPORT_UNIT_VALUE_SHOCK;HS_IMPORT_UNIT_VALUE_VOLATILITY;HS_NET_IMPORT_EXPOSURE
2024-05,2501009020,0.18081677802966015,0.08213412807688347,0.14566521424803147,0.05870906805614973,0.08085320283487607,2.698559670781893,0.2261824273929152,0.4790883277881235,0,0.0,,,0.0,0.0,0.0,0.05870906805614973,0.2261824273929152,0.4790883277881235,0.0,0.0,0.9840074720750257,1.0,0.0,0.0,0.0,0.836219,HS_IMPORT_UNIT_VALUE_VOLATILITY;HS_NET_IMPORT_EXPOSURE;HS_EXPORT_VOLUME_SURGE
2024-06,2501009020,0.15159054493348992,0.2386943463966269,0.7766328900607233,0.43427867837531053,0.2450331289089689,-0.9641353500701699,0.18172784391423202,0.48335428897734894,0,0.0,,,0.0,0.0,0.0,0.43427867837531053,0.18172784391423202,0.48335428897734894,0.0,0.0,0.9989263325901373,0.0,0.0,0.0,0.0,0.836219,HS_IMPORT_UNIT_VALUE_SHOCK;HS_IMPORT_UNIT_VALUE_VOLATILITY;HS_NET_IMPORT_EXPOSURE
2024-07,2501009020,0.16413282683396244,0.09506751416737802,0.2836359133035373,0.1721979665149096,0.0948459717988257,0.4247787610619469,0.22280671455854975,0.41804102169496354,0,0.0,,,0.0,0.0,0.0,0.1721979665149096,0.22280671455854975,0.41804102169496354,0.0,0.0,0.9900282951624632,0.4247787610619469,0.0,0.0,0.0,0.836219,HS_IMPORT_UNIT_VALUE_VOLATILITY;HS_NET_IMPORT_EXPOSURE;HS_EXPORT_VOLUME_SURGE
2024-08,2501009020,0.17895809553713912,0.44766823673182676,0.6156866982158165,0.11606144088876236,0.38297353198723183,69.7549441100602,0.22530557509525087,0.3822213019566381,0,0.0,,,0.0,0.0,0.0,0.11606144088876236,0.22530557509525087,0.3822213019566381,0.0,0.0,0.9813969579247052,1.0,0.0,0.0,0.0,0.836219,HS_IMPORT_UNIT_VALUE_VOLATILITY;HS_NET_IMPORT_EXPOSURE;HS_EXPORT_VOLUME_SURGE
2024-09,2501009020,0.1445113839389452,-0.09264002554935047,-0.14619334141999862,-0.05902102514833907,-0.09269330014246169,-0.05022831050228316,0.22124204580167187,0.2854704612792248,0,0.0,,,0.09809405500778322,0.09269330014246169,0.0,0.0,0.22124204580167187,0.2854704612792248,0.0,0.0,0.9931254912515382,0.0,0.0,0.0,0.0,0.836219,HS_NET_IMPORT_EXPOSURE
2024-10,2501009020,0.20141286367487063,1.7818289357244765,2.508754806100518,0.26131221120062387,1.7847849712216037,-0.5839363241678727,0.36203835966812103,0.28361562325603634,0,0.0,,,0.0,0.0,0.0,0.26131221120062387,0.36203835966812103,0.28361562325603634,0.0,0.0,0.9981929452320044,0.0,0.0,0.0,0.0,0.836219,HS_IMPORT_VOLUME_VOLATILITY;HS_NET_IMPORT_EXPOSURE
2024-11,2501009020,0.27330307295501344,-0.3787891688030751,-0.09326899098535057,0.4596188016676972,-0.3786400474177465,-0.5489913544668588,0.4326129311182602,0.21193960403753415,0,0.0,,,0.401089759427229,0.3786400474177465,0.0,0.4596188016676972,0.4326129311182602,0.21193960403753415,0.0,0.0,0.9958102315783314,0.0,0.0,0.0,0.0,0.836219,HS_IMPORT_VOLUME_DROP;HS_NET_IMPORT_AVAILABILITY_DROP;HS_IMPORT_UNIT_VALUE_SHOCK;HS_IMPORT_VOLUME_VOLATILITY;HS_NET_IMPORT_EXPOSURE
2024-12,2501009020,0.28163974031424877,0.22617992374332196,1.170278346075159,0.7699509705310315,0.21281429730128298,45.26086956521739,0.4460764519755604,0.10842364824168747,0,0.0,,,0.0,0.0,0.0,0.7699509705310315,0.4460764519755604,0.10842364824168747,0.0,0.0,0.9479406857972129,1.0,0.0,0.0,0.0,0.836219,HS_IMPORT_UNIT_VALUE_SHOCK;HS_IMPORT_VOLUME_VOLATILITY;HS_NET_IMPORT_EXPOSURE;HS_EXPORT_VOLUME_SURGE
2025-01,2501009020,0.24069620669230096,-0.09999211996370261,-0.39678039103549345,-0.3297618583737526,-0.11030071930831042,10.699806326662364,0.4125003492739177,0.13104553121050486,0,0.0,,,0.10587899191412813,0.11030071930831042,0.0,0.0,0.4125003492739177,0.13104553121050486,0.0,0.0,0.935089348804757,1.0,0.0,0.0,0.0,0.836219,HS_IMPORT_VOLUME_VOLATILITY;HS_NET_IMPORT_EXPOSURE;HS_EXPORT_VOLUME_SURGE
2025-02,2501009020,0.2363360408794247,0.5992972504819227,0.7060665272413635,0.06676012025110878,0.5912070360672652,7.231749710312862,0.41582930290936726,0.13794771735397682,0,0.0,,,0.0,0.0,0.0,0.06676012025110878,0.41582930290936726,0.13794771735397682,0.0,0.0,0.9654650664418979,1.0,0.0,0.0,0.0,0.836219,HS_IMPORT_VOLUME_VOLATILITY;HS_NET_IMPORT_EXPOSURE;HS_EXPORT_VOLUME_SURGE
2025-03,2501009020,0.18667163939404666,0.922513470468012,0.17792174368853408,-0.38730117537133124,0.923099587746518,-0.5159362549800797,0.3752252875929474,0.1426293850730417,0,0.0,,,0.0,0.0,0.0,0.0,0.3752252875929474,0.1426293850730417,0.0,0.0,0.9987204089550489,0.0,0.0,0.0,0.0,0.836219,HS_IMPORT_VOLUME_VOLATILITY;HS_NET_IMPORT_EXPOSURE
2025-04,2501009020,0.18773358602914478,0.07378866558854047,-0.13741423061772273,-0.1966894445570475,-0.01042634703282952,444.1142857142857,0.29792712230428176,0.15229455892970153,0,0.0,,,0.0,0.01042634703282952,0.0,0.0,0.29792712230428176,0.15229455892970153,0.0,0.0,0.9166293184931871,1.0,0.0,0.0,0.0,0.836219,HS_NET_IMPORT_EXPOSURE;HS_EXPORT_VOLUME_SURGE
2025-05,2501009020,0.18664771969927013,-0.2599525013549442,0.15621131285000267,0.5623474371130184,-0.25956597108959245,-0.49068150208623085,0.22622091557699664,0.16061379964549297,0,0.0,,,0.2752567782242103,0.25956597108959245,0.0,0.5623474371130184,0.22622091557699664,0.16061379964549297,0.0,0.0,0.9955990788608278,0.0,0.0,0.0,0.0,0.836219,HS_IMPORT_UNIT_VALUE_SHOCK;HS_NET_IMPORT_EXPOSURE
2025-06,2501009020,0.3033408172815266,-0.5816658714587677,-0.31972450411791264,0.6261534727139462,-0.5859690831676123,27.765217391304347,0.3472167372954144,0.23480783940393166,0,0.0,,,0.6159104949796355,0.5859690831676123,0.0,0.6261534727139462,0.3472167372954144,0.23480783940393166,0.0,0.0,0.9756774591054851,1.0,0.0,0.0,0.0,0.836219,HS_IMPORT_VOLUME_DROP;HS_NET_IMPORT_AVAILABILITY_DROP;HS_IMPORT_UNIT_VALUE_SHOCK;HS_IMPORT_VOLUME_VOLATILITY;HS_NET_IMPORT_EXPOSURE;HS_EXPORT_VOLUME_SURGE
2025-07,2501009020,0.20648427617195472,0.10402865140340323,0.4656519767014897,0.3275488592061475,0.10490532152843346,-0.8985507246376812,0.3682784165865387,0.267896000183447,0,0.0,,,0.0,0.0,0.0,0.3275488592061475,0.3682784165865387,0.267896000183447,0.0,0.0,0.9994193609236779,0.0,0.0,0.0,0.0,0.836219,HS_IMPORT_UNIT_VALUE_SHOCK;HS_IMPORT_VOLUME_VOLATILITY;HS_NET_IMPORT_EXPOSURE
2025-08,2501009020,0.2271925846177809,-0.1856132928538946,-0.14172604202982153,0.05388994004809966,-0.22635663143697338,0.6675335407349796,0.34904287027726966,0.29708858555913853,0,0.0,,,0.19654097083216285,0.22635663143697338,0.0,0.05388994004809966,0.34904287027726966,0.29708858555913853,0.0,0.0,0.9642556613123399,0.6675335407349796,0.0,0.0,0.0,0.836219,HS_IMPORT_VOLUME_VOLATILITY;HS_NET_IMPORT_EXPOSURE;HS_EXPORT_VOLUME_SURGE
2025-09,2501009020,0.17316969192341264,0.6484137506510725,0.8111920323184931,0.09874843715852766,0.6497009820810509,-0.33052884615384615,0.3075426619152808,0.29770859510650216,0,0.0,,,0.0,0.0,0.0,0.09874843715852766,0.3075426619152808,0.29770859510650216,0.0,0.0,0.9955479292548067,0.0,0.0,0.0,0.0,0.836219,HS_IMPORT_VOLUME_VOLATILITY;HS_NET_IMPORT_EXPOSURE
2025-10,2501009020,0.27150154484184263,-0.37815196972849585,-0.04881884180498208,0.5296038773005747,-0.37948032484891614,6.737391304347826,0.31972173970959866,0.3187560339221038,0,0.0,,,0.4004150463029393,0.37948032484891614,0.0,0.5296038773005747,0.31972173970959866,0.3187560339221038,0.0,0.0,0.9876011186632926,1.0,0.0,0.0,0.0,0.836219,HS_IMPORT_VOLUME_DROP;HS_NET_IMPORT_AVAILABILITY_DROP;HS_IMPORT_UNIT_VALUE_SHOCK;HS_IMPORT_VOLUME_VOLATILITY;HS_IMPORT_UNIT_VALUE_VOLATILITY;HS_NET_IMPORT_EXPOSURE;HS_EXPORT_VOLUME_SURGE
2025-11,2501009020,0.207637501431205,0.47302169046543385,0.4861740567900874,0.008928834116826767,0.46170287768103213,18.271565495207668,0.3232754388407688,0.33396163282503394,0,0.0,,,0.0,0.0,0.0,0.008928834116826767,0.3232754388407688,0.33396163282503394,0.0,0.0,0.9700719753047532,1.0,0.0,0.0,0.0,0.836219,HS_IMPORT_VOLUME_VOLATILITY;HS_IMPORT_UNIT_VALUE_VOLATILITY;HS_NET_IMPORT_EXPOSURE;HS_EXPORT_VOLUME_SURGE
2025-12,2501009020,0.11877992051864897,0.09979327462462928,-0.01793814305117125,-0.10704867941294094,0.10171941437316412,-0.0703544575725027,0.1873178613891705,0.24055851624905447,0,0.0,,,0.0,0.0,0.0,0.0,0.1873178613891705,0.24055851624905447,0.0,0.0,0.9541346859437223,0.0,0.0,0.0,0.0,0.836219,HS_NET_IMPORT_EXPOSURE
2026-01,2501009020,0.13116850504603855,0.3567408947730235,0.9417125520886569,0.4311594495082254,0.3732826711510917,-0.9610991557689125,0.15731495454781666,0.23840594722567102,0,0.0,,,0.0,0.0,0.0,0.4311594495082254,0.15731495454781666,0.23840594722567102,0.0,0.0,0.9970963299777609,0.0,0.0,0.0,0.0,0.836219,HS_IMPORT_UNIT_VALUE_SHOCK;HS_NET_IMPORT_EXPOSURE
2026-02,2501009020,0.20253597658709,-0.4531145868181863,-0.06939288273995992,0.7016491843249382,-0.45001754347005396,-0.9439048423423424,0.18830446465608874,0.23750305780647285,0,0.0,,,0.47979096444111213,0.45001754347005396,0.0,0.7016491843249382,0.18830446465608874,0.23750305780647285,0.0,0.0,0.9944617514710973,0.0,0.0,0.0,0.0,0.836219,HS_IMPORT_VOLUME_DROP;HS_NET_IMPORT_AVAILABILITY_DROP;HS_IMPORT_UNIT_VALUE_SHOCK;HS_NET_IMPORT_EXPOSURE
2026-03,2501009020,0.1684706035325822,-0.15799915510278673,-0.20159703886727676,-0.051778907383177475,-0.1637124589959127,55.547325102880656,0.17922472287635668,0.31865887217719974,0,0.0,,,0.1673010960427644,0.1637124589959127,0.0,0.0,0.17922472287635668,0.31865887217719974,0.0,0.0,0.9642539149156651,1.0,0.0,0.0,0.0,0.836219,HS_IMPORT_UNIT_VALUE_VOLATILITY;HS_NET_IMPORT_EXPOSURE;HS_EXPORT_VOLUME_SURGE
2026-04,2501009020,0.1160707606292998,0.09283833513602158,0.0010885842033157012,-0.08395546530794618,0.1832394112650355,-0.9668624430322871,0.1720638086559218,0.2793753882155627,0,0.0,,,0.0,0.0,0.0,0.0,0.1720638086559218,0.2793753882155627,0.0,0.0,0.9863358847461583,0.0,0.0,0.0,0.0,0.836219,HS_NET_IMPORT_EXPOSURE
2026-05,2501009020,0.11128559776740361,0.08294724904730955,-0.22033326218279436,-0.2800510472665275,0.08369610435218222,-0.5669033315128345,0.15968849932396256,0.2679940158208699,0,0.0,,,0.0,0.0,0.0,0.0,0.15968849932396256,0.2679940158208699,0.0,0.0,0.9957899071286677,0.0,0.0,0.0,0.0,0.836219,HS_NET_IMPORT_EXPOSURE
2026-06,2501009020,0.137368702854041,1.7015836558013482,0.701291568211549,-0.37026137815195315,1.6886498739831373,2.9279020556227326,0.14459660353977574,0.29205077757451237,0,0.0,,,0.0,0.0,0.0,0.0,0.14459660353977574,0.29205077757451237,0.0,0.0,0.9485502370277402,1.0,0.0,0.0,0.0,0.836219,HS_NET_IMPORT_EXPOSURE;HS_EXPORT_VOLUME_SURGE
2023-01,2710197320,0.0,,,,,,,,0,0.0,,,,,0.0,,,,0.0,0.0,0.0,,0.0,0.0,0.0,0.234054,
2023-02,2710197320,0.0,,,,,,,,0,0.0,,,,,0.0,,,,0.0,0.0,0.0,,0.0,0.0,0.0,0.234054,
2023-03,2710197320,0.24127886672812748,,,,,,0.6427178898683218,,0,0.0,,,,,0.0,,0.6427178898683218,,0.0,0.0,0.0,,0.0,0.0,0.0,0.6094579999999999,HS_IMPORT_VOLUME_VOLATILITY
2023-04,2710197320,0.24722219974633008,,,,,,0.6296660498554696,0.24089233907374463,0,0.0,,,,,0.0,,0.6296660498554696,0.24089233907374463,0.0,0.0,0.0,,0.0,0.0,0.0,0.65447,HS_IMPORT_VOLUME_VOLATILITY
2023-05,2710197320,0.2591064309560706,,,,,,0.6651896887430057,0.20864571765732037,0,0.0,,,,,0.0,,0.6651896887430057,0.20864571765732037,0.0,0.0,0.0,,0.0,0.0,0.0,0.65447,HS_IMPORT_VOLUME_VOLATILITY
2023-06,2710197320,0.24072630663272507,,,,,,0.6176972431422818,0.19639853301652688,0,0.0,,,,,0.0,,0.6176972431422818,0.19639853301652688,0.0,0.0,0.0,,0.0,0.0,0.0,0.65447,HS_IMPORT_VOLUME_VOLATILITY
2023-07,2710197320,0.19694429656786225,,,,,,0.503081935370803,0.17962600421934796,0,0.0,,,,,0.0,,0.503081935370803,0.17962600421934796,0.0,0.0,0.0,,0.0,0.0,0.0,0.65447,HS_IMPORT_VOLUME_VOLATILITY
2023-08,2710197320,0.18340126942660803,,,,,,0.46358640717416744,0.20814622384690462,0,0.0,,,,,0.0,,0.46358640717416744,0.20814622384690462,0.0,0.0,0.0,,0.0,0.0,0.0,0.65447,HS_IMPORT_VOLUME_VOLATILITY
2023-09,2710197320,0.21927928455156193,,,,,,0.5599055517540918,0.2019128410394741,0,0.0,,,,,0.0,,0.5599055517540918,0.2019128410394741,0.0,0.0,0.0,,0.0,0.0,0.0,0.65447,HS_IMPORT_VOLUME_VOLATILITY
2023-10,2710197320,0.19875804325747023,,,,,,0.5061985640602001,0.19392778625732834,0,0.0,,,,,0.0,,0.5061985640602001,0.19392778625732834,0.0,0.0,0.0,,0.0,0.0,0.0,0.65447,HS_IMPORT_VOLUME_VOLATILITY
2023-11,2710197320,0.288362999832018,,,,,,0.7191622317689906,0.40848265744716633,0,0.0,,,,,0.0,,0.7191622317689906,0.40848265744716633,0.0,0.0,0.0,,0.0,0.0,0.0,0.65447,HS_IMPORT_VOLUME_VOLATILITY;HS_IMPORT_UNIT_VALUE_VOLATILITY
2023-12,2710197320,0.2988354525310301,,,,,,0.7223280707148072,0.6147384135876789,0,0.0,,,,,0.0,,0.7223280707148072,0.6147384135876789,0.0,0.0,0.0,,0.0,0.0,0.0,0.65447,HS_IMPORT_VOLUME_VOLATILITY;HS_IMPORT_UNIT_VALUE_VOLATILITY
2024-01,2710197320,0.25803484021808315,19.874918566775243,11.232459411393494,-0.4140116344758914,,0.3236942643800109,0.5848570107403394,0.6208950553652225,0,0.0,,,0.0,,0.0,0.0,0.5848570107403394,0.6208950553652225,0.0,0.0,0.0,0.3236942643800109,0.0,0.0,0.0,0.802296,HS_IMPORT_VOLUME_VOLATILITY;HS_IMPORT_UNIT_VALUE_VOLATILITY;HS_EXPORT_VOLUME_SURGE
2024-02,2710197320,0.2460349814610255,1.6265888010992784,1.0505941115101605,-0.21929381917262936,,-0.025614339755255844,0.5829505968060373,0.6041276907858322,0,0.0,,,0.0,,0.0,0.0,0.5829505968060373,0.6041276907858322,0.0,0.0,0.0,0.0,0.0,0.0,0.0,0.802296,HS_IMPORT_VOLUME_VOLATILITY;HS_IMPORT_UNIT_VALUE_VOLATILITY
2024-03,2710197320,0.2235439851201502,2.103580948549012,1.5060634444343135,-0.1925251875238022,,-0.1500507184131693,0.5230110570313163,0.6043619982752576,0,0.0,,,0.0,,0.0,0.0,0.5230110570313163,0.6043619982752576,0.0,0.0,0.0,0.0,0.0,0.0,0.0,0.802296,HS_IMPORT_VOLUME_VOLATILITY;HS_IMPORT_UNIT_VALUE_VOLATILITY
2024-04,2710197320,0.27476635546943257,0.5111125182042677,-0.012753334872733113,-0.3466756093712581,,0.04496401028403496,0.655688410315835,0.6032984358103937,0,0.0,,,0.0,,0.0,0.0,0.655688410315835,0.6032984358103937,0.0,0.0,0.0,0.04496401028403496,0.0,0.0,0.0,0.802296,HS_IMPORT_VOLUME_VOLATILITY;HS_IMPORT_UNIT_VALUE_VOLATILITY
2024-05,2710197320,0.29188969294691886,-0.5825313599256654,-0.44156975311008984,0.33765795387762765,,0.11807192300790703,0.5556793217689096,0.5022253735038621,0,0.0,,,0.6168269376595356,,0.0,0.33765795387762765,0.5556793217689096,0.5022253735038621,0.0,0.0,0.0,0.11807192300790703,0.0,0.0,0.0,0.802296,HS_IMPORT_VOLUME_DROP;HS_IMPORT_UNIT_VALUE_SHOCK;HS_IMPORT_VOLUME_VOLATILITY;HS_IMPORT_UNIT_VALUE_VOLATILITY
2024-06,2710197320,0.2632825441077312,-0.32786938404915933,-0.3058330959534341,0.03278572285321535,,0.20837516423799296,0.5850842877028889,0.28691457447400265,0,0.0,,,0.3471721559182119,,0.0,0.03278572285321535,0.5850842877028889,0.28691457447400265,0.0,0.0,0.0,0.20837516423799296,0.0,0.0,0.0,0.802296,HS_IMPORT_VOLUME_DROP;HS_IMPORT_VOLUME_VOLATILITY
2024-07,2710197320,0.246258011633987,2.392520504345697,2.3239807414083438,-0.02020319784347846,,0.2790979476828628,0.5987174914117048,0.2758885041298205,0,0.0,,,0.0,,0.0,0.0,0.5987174914117048,0.2758885041298205,0.0,0.0,0.0,0.2790979476828628,0.0,0.0,0.0,0.802296,HS_IMPORT_VOLUME_VOLATILITY
2024-08,2710197320,0.23986461270864262,0.23117472776944092,-0.23330654531866646,-0.3772667377031229,,-0.17835290256058967,0.6061499312501374,0.27356047093255237,0,0.0,,,0.0,,0.0,0.0,0.6061499312501374,0.27356047093255237,0.0,0.0,0.0,0.0,0.0,0.0,0.0,0.802296,HS_IMPORT_VOLUME_VOLATILITY
2024-09,2710197320,0.19758742938003138,4.459004433469891,3.826882835991489,-0.11579430007471325,,-0.2750167251137696,0.4931552803824358,0.27670320144280264,0,0.0,,,0.0,,0.0,0.0,0.4931552803824358,0.27670320144280264,0.0,0.0,0.0,0.0,0.0,0.0,0.0,0.802296,HS_IMPORT_VOLUME_VOLATILITY
2024-10,2710197320,0.19044899049138367,-0.2925998904032926,-0.41955383460953277,-0.17946554217897615,,0.38686479387639894,0.38621969050241556,0.28885931863787156,0,0.0,,,0.30982622872013194,,0.0,0.0,0.38621969050241556,0.28885931863787156,0.0,0.0,0.0,0.38686479387639894,0.0,0.0,0.0,0.802296,HS_IMPORT_VOLUME_DROP;HS_IMPORT_VOLUME_VOLATILITY;HS_EXPORT_VOLUME_SURGE
2024-11,2710197320,0.139501536478073,4.530647985989492,0.5276871412580084,-0.7237779108111708,,-0.1322406122885682,0.35389652633127333,0.147679838869805,0,0.0,,,0.0,,0.0,0.0,0.35389652633127333,0.147679838869805,0.0,0.0,0.0,0.0,0.0,0.0,0.0,0.802296,HS_IMPORT_VOLUME_VOLATILITY
2024-12,2710197320,0.1544816725038175,0.43565956314278664,0.4658684075934896,0.02104178819703839,,0.8843678382002573,0.31051944409987514,0.17923045396927637,0,0.0,,,0.0,,0.0,0.02104178819703839,0.31051944409987514,0.17923045396927637,0.0,0.0,0.0,0.8843678382002573,0.0,0.0,0.0,0.802296,HS_IMPORT_VOLUME_VOLATILITY;HS_EXPORT_VOLUME_SURGE
2025-01,2710197320,0.16329932480833428,-0.3611085104390974,-0.4945644017558999,-0.20888663176359412,,-0.04689799870490807,0.3503768845226491,0.16082492428702944,0,0.0,,,0.38236818132051825,,0.0,0.0,0.3503768845226491,0.16082492428702944,0.0,0.0,0.0,0.0,0.0,0.0,0.0,0.802296,HS_IMPORT_VOLUME_DROP;HS_IMPORT_VOLUME_VOLATILITY
2025-02,2710197320,0.13874593020272222,0.00809573633272298,-0.1374298758250565,-0.14435693646238046,,-0.030115389239310453,0.35049583960931774,0.159255088199278,0,0.0,,,0.0,,0.0,0.0,0.35049583960931774,0.159255088199278,0.0,0.0,0.0,0.0,0.0,0.0,0.0,0.802296,HS_IMPORT_VOLUME_VOLATILITY
2025-03,2710197320,0.1823023132848383,-0.5235745480768452,-0.3588117777028055,0.3458311677282413,,0.37060416060615875,0.2901144565722809,0.17961223177809205,0,0.0,,,0.5543991402762021,,0.0,0.3458311677282413,0.2901144565722809,0.17961223177809205,0.0,0.0,0.0,0.37060416060615875,0.0,0.0,0.0,0.802296,HS_IMPORT_VOLUME_DROP;HS_IMPORT_UNIT_VALUE_SHOCK;HS_EXPORT_VOLUME_SURGE
2025-04,2710197320,0.1479303231044061,0.3314058244290803,0.29322970079703503,-0.028673544107721938,,0.06333382219196393,0.3618063273229815,0.22319814049513775,0,0.0,,,0.0,,0.0,0.0,0.3618063273229815,0.22319814049513775,0.0,0.0,0.0,0.06333382219196393,0.0,0.0,0.0,0.802296,HS_IMPORT_VOLUME_VOLATILITY
2025-05,2710197320,0.1698013218345189,-0.07130365659777427,-0.10089070255635557,-0.03185868682350035,,-0.1721715452468191,0.40433932514611,0.2925353212836622,0,0.0,,,0.07550154235257758,,0.0,0.0,0.40433932514611,0.2925353212836622,0.0,0.0,0.0,0.0,0.0,0.0,0.0,0.802296,HS_IMPORT_VOLUME_VOLATILITY
2025-06,2710197320,0.1566756461185958,0.45420335303340975,0.47108922543280984,0.011611768301989622,,0.013742955803242918,0.3776377129100993,0.3080942853362239,0,0.0,,,0.0,,0.0,0.011611768301989622,0.3776377129100993,0.3080942853362239,0.0,0.0,0.0,0.013742955803242918,0.0,0.0,0.0,0.802296,HS_IMPORT_VOLUME_VOLATILITY;HS_IMPORT_UNIT_VALUE_VOLATILITY
2025-07,2710197320,0.20436345668251368,-0.46904938026593535,-0.4923260244454116,-0.043839564950757026,,-0.07852286718381252,0.42020705523479407,0.3278469132234313,0,0.0,,,0.4966638927000586,,0.0,0.0,0.42020705523479407,0.3278469132234313,0.0,0.0,0.0,0.0,0.0,0.0,0.0,0.802296,HS_IMPORT_VOLUME_DROP;HS_IMPORT_VOLUME_VOLATILITY;HS_IMPORT_UNIT_VALUE_VOLATILITY
2025-08,2710197320,0.25858216345305035,0.9591680470044066,1.2196325326140656,0.13294647491209988,,-0.13106921129604876,0.6312107278131214,0.3293074347032902,0,0.0,,,0.0,,0.0,0.13294647491209988,0.6312107278131214,0.3293074347032902,0.0,0.0,0.0,0.0,0.0,0.0,0.0,0.802296,HS_IMPORT_VOLUME_VOLATILITY;HS_IMPORT_UNIT_VALUE_VOLATILITY
2025-09,2710197320,0.26679983892400433,-0.22577461603306126,-0.25638615664845177,-0.03953828077625743,,0.19854275098074092,0.6158320092559081,0.30703963318096916,0,0.0,,,0.23906672599858245,,0.0,0.0,0.6158320092559081,0.30703963318096916,0.0,0.0,0.0,0.19854275098074092,0.0,0.0,0.0,0.802296,HS_IMPORT_VOLUME_VOLATILITY;HS_IMPORT_UNIT_VALUE_VOLATILITY
2025-10,2710197320,0.21904417192350692,0.4863942775204786,0.823534033283337,0.2268171782289532,,-0.4119404293151734,0.5207216180656271,0.2657350957879909,0,0.0,,,0.0,,0.0,0.2268171782289532,0.5207216180656271,0.2657350957879909,0.0,0.0,0.0,0.0,0.0,0.0,0.0,0.802296,HS_IMPORT_VOLUME_VOLATILITY
2025-11,2710197320,0.16011976951218765,0.9339455351488284,0.6497981073538812,-0.14692628237489647,,-0.3484488437547715,0.40162143469905925,0.20771075358619945,0,0.0,,,0.0,,0.0,0.0,0.40162143469905925,0.20771075358619945,0.0,0.0,0.0,0.0,0.0,0.0,0.0,0.802296,HS_IMPORT_VOLUME_VOLATILITY
2025-12,2710197320,0.15167375535680658,0.3665386652542373,-0.15298928659387567,-0.3801780111003721,,-0.3085618651159342,0.37945611346194386,0.2049322966928599,0,0.0,,,0.0,,0.0,0.0,0.37945611346194386,0.2049322966928599,0.0,0.0,0.0,0.0,0.0,0.0,0.0,0.802296,HS_IMPORT_VOLUME_VOLATILITY
2026-01,2710197320,0.10367511650885294,1.3496971473231731,0.7655770105130322,-0.24859379749240595,,0.31837087728512814,0.22192051449865818,0.2223625125919918,0,0.0,,,0.0,,0.0,0.0,0.22192051449865818,0.2223625125919918,0.0,0.0,0.0,0.31837087728512814,0.0,0.0,0.0,0.802296,HS_EXPORT_VOLUME_SURGE
2026-02,2710197320,0.1020018620450825,-0.2175819613643145,-0.31218486079067975,-0.12091093859661739,,-0.5207686396750897,0.20559939781318806,0.22305867349103523,0,0.0,,,0.23039174223243808,,0.0,0.0,0.20559939781318806,0.22305867349103523,0.0,0.0,0.0,0.0,0.0,0.0,0.0,0.802296,
2026-03,2710197320,0.09199207908968478,0.815200938791476,0.23624086292190483,-0.31895095661146533,,-0.23649375338726752,0.2182757248235985,0.2232848770995868,0,0.0,,,0.0,,0.0,0.0,0.2182757248235985,0.2232848770995868,0.0,0.0,0.0,0.0,0.0,0.0,0.0,0.802296,
2026-04,2710197320,0.21336708555057343,6.521275256499024,6.313874706103313,-0.027575184170596567,,-0.4773557140757776,0.5418720618170978,0.22096654350368036,0,0.0,,,0.0,,0.0,0.0,0.5418720618170978,0.22096654350368036,0.0,0.0,0.0,0.0,0.0,0.0,0.0,0.802296,HS_IMPORT_VOLUME_VOLATILITY
2026-05,2710197320,0.23246175103109867,0.5706582213472566,0.34306163195391504,-0.14490522909440917,,-0.425550240952255,0.5991812470264871,0.1672157240817402,0,0.0,,,0.0,,0.0,0.0,0.5991812470264871,0.1672157240817402,0.0,0.0,0.0,0.0,0.0,0.0,0.0,0.802296,HS_IMPORT_VOLUME_VOLATILITY
2026-06,2710197320,0.25316008036377846,0.19292017782496185,0.30771578947368416,0.09623075691286243,,-0.22477160707535837,0.6431942136437497,0.15062872874367725,0,0.0,,,0.0,,0.0,0.09623075691286243,0.6431942136437497,0.15062872874367725,0.0,0.0,0.0,0.0,0.0,0.0,0.0,0.802296,HS_IMPORT_VOLUME_VOLATILITY
2023-01,2712200000,0.039125818138162745,,,,,,,,0,0.0,,,,,0.0,,,,0.0,0.0,0.9920087761000672,,0.0,0.0,0.0,0.234054,HS_NET_IMPORT_EXPOSURE
2023-02,2712200000,0.03784750029263388,,,,,,,,0,0.0,,,,,0.0,,,,0.0,0.0,0.9595978877978217,,0.0,0.0,0.0,0.234054,HS_NET_IMPORT_EXPOSURE
2023-03,2712200000,0.05239602933289728,,,,,,0.036161736474484237,,0,0.0,,,,,0.0,,0.036161736474484237,,0.0,0.0,0.9842744558563425,,0.0,0.0,0.0,0.6094579999999999,HS_NET_IMPORT_EXPOSURE
2023-04,2712200000,0.057563974117977174,,,,,,0.04395412163711173,0.04425743726393565,0,0.0,,,,,0.0,,0.04395412163711173,0.04425743726393565,0.0,0.0,0.9906266391013062,,0.0,0.0,0.0,0.65447,HS_NET_IMPORT_EXPOSURE
2023-05,2712200000,0.06175314498194782,,,,,,0.056381389221925725,0.03953904830968167,0,0.0,,,,,0.0,,0.056381389221925725,0.03953904830968167,0.0,0.0,0.9839409320241531,,0.0,0.0,0.0,0.65447,HS_NET_IMPORT_EXPOSURE
2023-06,2712200000,0.09887460226632191,,,,,,0.15968975549908956,0.035364803512595175,0,0.0,,,,,0.0,,0.15968975549908956,0.035364803512595175,0.0,0.0,0.9465933611529311,,0.0,0.0,0.0,0.65447,HS_NET_IMPORT_EXPOSURE
2023-07,2712200000,0.1008194199193584,,,,,,0.16032413326772196,0.04021684425567999,0,0.0,,,,,0.0,,0.16032413326772196,0.04021684425567999,0.0,0.0,0.9843274359292575,,0.0,0.0,0.0,0.65447,HS_NET_IMPORT_EXPOSURE
2023-08,2712200000,0.15144343322174927,,,,,,0.3000555736671202,0.037672122913302346,0,0.0,,,,,0.0,,0.3000555736671202,0.037672122913302346,0.0,0.0,0.9407893574768419,,0.0,0.0,0.0,0.65447,HS_IMPORT_VOLUME_VOLATILITY;HS_NET_IMPORT_EXPOSURE
2023-09,2712200000,0.1535171546790878,,,,,,0.30296710679452926,0.03945946033909896,0,0.0,,,,,0.0,,0.30296710679452926,0.03945946033909896,0.0,0.0,0.9636150627826578,,0.0,0.0,0.0,0.65447,HS_IMPORT_VOLUME_VOLATILITY;HS_NET_IMPORT_EXPOSURE
2023-10,2712200000,0.14442878014985544,,,,,,0.27939875879726933,0.036242608034505595,0,0.0,,,,,0.0,,0.27939875879726933,0.036242608034505595,0.0,0.0,0.9611829372854689,,0.0,0.0,0.0,0.65447,HS_NET_IMPORT_EXPOSURE
2023-11,2712200000,0.14528307484048336,,,,,,0.2776015630028064,0.06034001008230406,0,0.0,,,,,0.0,,0.2776015630028064,0.06034001008230406,0.0,0.0,0.9724477865458061,,0.0,0.0,0.0,0.65447,HS_NET_IMPORT_EXPOSURE
2023-12,2712200000,0.1375851012790011,,,,,,0.2562914611371463,0.059378910361394886,0,0.0,,,,,0.0,,0.2562914611371463,0.059378910361394886,0.0,0.0,0.9811997182902236,,0.0,0.0,0.0,0.65447,HS_NET_IMPORT_EXPOSURE
2024-01,2712200000,0.1720873166750433,0.08334526406867115,0.10170789267418678,0.01694993204341122,0.010087114569947042,21.634129536058797,0.2666590942427863,0.06384022946365583,0,0.0,,,0.0,0.0,0.0,0.01694993204341122,0.2666590942427863,0.06384022946365583,0.0,0.0,0.9054751065478497,1.0,0.0,0.0,0.0,0.836219,HS_NET_IMPORT_EXPOSURE;HS_EXPORT_VOLUME_SURGE
2024-02,2712200000,0.12326009526895743,-0.3089527891251428,-0.29143917446016354,0.025343586356143755,-0.3085131867583104,-0.3851266616503637,0.1305890633118669,0.06354059155012026,0,0.0,,,0.3271418775149754,0.3085131867583104,0.0,0.025343586356143755,0.1305890633118669,0.06354059155012026,0.0,0.0,0.9794240496791272,0.0,0.0,0.0,0.0,0.836219,HS_IMPORT_VOLUME_DROP;HS_NET_IMPORT_AVAILABILITY_DROP;HS_NET_IMPORT_EXPOSURE
2024-03,2712200000,0.10190883193815324,-0.08433075474736462,-0.08679079514177523,-0.0026866037132566856,-0.08642666014209643,0.23935018050541523,0.1169469481740059,0.06392098368955175,0,0.0,,,0.08929558952495195,0.08642666014209643,0.0,0.0,0.1169469481740059,0.06392098368955175,0.0,0.0,0.98079764683137,0.23935018050541523,0.0,0.0,0.0,0.836219,HS_NET_IMPORT_EXPOSURE
2024-04,2712200000,0.1335666421421131,-0.10641605058523329,-0.06445066737418925,0.04696300021786248,-0.11376591848154782,2.192486187845304,0.12057815976176936,0.07473975345990813,0,0.0,,,0.11268112090770149,0.11376591848154782,0.0,0.04696300021786248,0.12057815976176936,0.07473975345990813,0.0,0.0,0.986749930621171,1.0,0.0,0.0,0.0,0.836219,HS_NET_IMPORT_EXPOSURE;HS_EXPORT_VOLUME_SURGE
2024-05,2712200000,0.11173312063814245,-0.07097940607708675,-0.07321651526676798,-0.0024080297081841007,-0.07566941099128122,0.5245263157894737,0.12211212477928367,0.06589418623409035,0,0.0,,,0.07515820211466195,0.07566941099128122,0.0,0.0,0.12211212477928367,0.06589418623409035,0.0,0.0,0.9755169353847835,0.5245263157894737,0.0,0.0,0.0,0.836219,HS_NET_IMPORT_EXPOSURE;HS_EXPORT_VOLUME_SURGE
2024-06,2712200000,0.13256227735083387,0.04090500158047017,0.04879907863355881,0.007583859277362048,0.0223889504856436,1.5597052589078428,0.15913726488841004,0.06657452017756199,0,0.0,,,0.0,0.0,0.0,0.007583859277362048,0.15913726488841004,0.06657452017756199,0.0,0.0,0.9357759000668452,1.0,0.0,0.0,0.0,0.836219,HS_NET_IMPORT_EXPOSURE;HS_EXPORT_VOLUME_SURGE
2024-07,2712200000,0.11541710358308857,-0.04976646582930444,-0.09357907606759408,-0.046107202769397615,-0.0534194074850588,0.522254127781766,0.13671544916231232,0.07054893890800107,0,0.0,,,0.05269638482560826,0.0534194074850588,0.0,0.0,0.13671544916231232,0.07054893890800107,0.0,0.0,0.982156002228157,0.522254127781766,0.0,0.0,0.0,0.836219,HS_NET_IMPORT_EXPOSURE;HS_EXPORT_VOLUME_SURGE
2024-08,2712200000,0.1349326967591544,0.15757304922761306,0.14153400101439062,-0.013855754696366018,0.15888861159637302,0.10239860444832094,0.24133428148872355,0.07068393404844385,0,0.0,,,0.0,0.0,0.0,0.0,0.24133428148872355,0.07068393404844385,0.0,0.0,0.9589587664530219,0.10239860444832094,0.0,0.0,0.0,0.836219,HS_NET_IMPORT_EXPOSURE
2024-09,2712200000,0.14713977536222805,0.19860926376849886,0.20131776915722543,0.0022597067039269447,0.19251531205476313,0.46710259301014667,0.24213275948835022,0.07077343511232084,0,0.0,,,0.0,0.0,0.0,0.0022597067039269447,0.24213275948835022,0.07077343511232084,0.0,0.0,0.9570383243920798,0.46710259301014667,0.0,0.0,0.0,0.836219,HS_NET_IMPORT_EXPOSURE;HS_EXPORT_VOLUME_SURGE
2024-10,2712200000,0.13772657861195733,-0.03908460573381023,0.052057350716712136,0.09484909597074731,-0.04002570776804748,0.02329105399034681,0.23328144841126863,0.04464556831917034,0,0.0,,,0.0413856477486343,0.04002570776804748,0.0,0.09484909597074731,0.23328144841126863,0.04464556831917034,0.0,0.0,0.976659485891328,0.02329105399034681,0.0,0.0,0.0,0.836219,HS_NET_IMPORT_EXPOSURE
2024-11,2712200000,0.16030272549596436,-0.10296542784439211,-0.16522505007476385,-0.06940604538881878,-0.11228007239323567,0.6798114016288042,0.2323366561072327,0.04629031900687255,0,0.0,,,0.10902734841634065,0.11228007239323567,0.0,0.0,0.2323366561072327,0.04629031900687255,0.0,0.0,0.9655654100213922,0.6798114016288042,0.0,0.0,0.0,0.836219,HS_NET_IMPORT_EXPOSURE;HS_EXPORT_VOLUME_SURGE
2024-12,2712200000,0.15928765143555937,0.2975692458847776,0.2732140153017444,-0.01876988889824238,0.28818325681843016,1.5441006547695468,0.22937534588336603,0.04567097423297185,0,0.0,,,0.0,0.0,0.0,0.0,0.22937534588336603,0.04567097423297185,0.0,0.0,0.9785372378333631,1.0,0.0,0.0,0.0,0.836219,HS_NET_IMPORT_EXPOSURE;HS_EXPORT_VOLUME_SURGE
2025-01,2712200000,0.1804128946348559,-0.4091693594319086,-0.3496324099186362,0.10076821583935924,-0.3671162083907241,-0.9612477041877645,0.2523362549451001,0.03149730753108643,0,0.0,,,0.4332585339177346,0.3671162083907241,0.0,0.10076821583935924,0.2523362549451001,0.03149730753108643,0.0,0.0,0.985452151683063,0.0,0.0,0.0,0.0,0.836219,HS_IMPORT_VOLUME_DROP;HS_NET_IMPORT_AVAILABILITY_DROP;HS_NET_IMPORT_EXPOSURE
2025-02,2712200000,0.1285156515851678,0.08092370586109832,0.1575461263530824,0.07088605798588188,0.0766406474044583,0.9155619008770142,0.14664928003944477,0.034155604640062044,0,1.0,,,0.0,0.0,0.0,0.07088605798588188,0.14664928003944477,0.034155604640062044,0.0,0.0,0.9765803950081735,0.9155619008770142,0.01496295186382891,0.01496295186382891,0.00022388992847926104,0.836219,HS_NET_IMPORT_EXPOSURE;HS_EXPORT_VOLUME_SURGE
2025-03,2712200000,0.18052440179298893,-0.34719383937426496,-0.306462007282302,0.06239498728523074,-0.3597708364962582,1.0845713176036509,0.1891990265301227,0.03415851420472949,0,0.0,,,0.3676343068342492,0.3597708364962582,0.0,0.06239498728523074,0.1891990265301227,0.03415851420472949,0.0,0.0,0.9242525561931059,1.0,0.0,0.0,0.0,0.836219,HS_IMPORT_VOLUME_DROP;HS_NET_IMPORT_AVAILABILITY_DROP;HS_NET_IMPORT_EXPOSURE;HS_EXPORT_VOLUME_SURGE
2025-04,2712200000,0.17179130385265517,-0.4452432089472834,-0.4628178615034778,-0.031679923237793006,-0.443061932411133,-0.634639346531912,0.22970832761621318,0.038411747131620516,0,0.0,,,0.4714561721169879,0.443061932411133,0.0,0.0,0.22970832761621318,0.038411747131620516,0.0,0.0,0.9775835227436075,0.0,0.0,0.0,0.0,0.836219,HS_IMPORT_VOLUME_DROP;HS_NET_IMPORT_AVAILABILITY_DROP;HS_NET_IMPORT_EXPOSURE
2025-05,2712200000,0.19112556130044084,-0.28315982766894443,-0.29354885390926844,-0.014492806962171811,-0.30386619921056246,1.3109162466339845,0.24033067674528924,0.03233768619782691,0,0.0,,,0.299830397785837,0.30386619921056246,0.0,0.0,0.24033067674528924,0.03233768619782691,0.0,0.0,0.9477170006902838,1.0,0.0,0.0,0.0,0.836219,HS_NET_IMPORT_AVAILABILITY_DROP;HS_NET_IMPORT_EXPOSURE;HS_EXPORT_VOLUME_SURGE
2025-06,2712200000,0.08730003309100193,0.09874606685930387,0.05539193263008246,-0.03945782882585991,0.10858818983976204,-0.22370755944635046,0.13043526277349674,0.030536320632541386,0,0.0,,,0.0,0.0,0.0,0.0,0.13043526277349674,0.030536320632541386,0.0,0.0,0.9370860992487058,0.0,0.0,0.0,0.0,0.836219,HS_NET_IMPORT_EXPOSURE
2025-07,2712200000,0.11578361795679856,-0.20403770527691711,-0.1586843461556482,0.05697928083018988,-0.2009518282253553,-0.5045193743613927,0.13948583653885596,0.026060206739935185,0,0.0,,,0.21605009029745564,0.2009518282253553,0.0,0.05697928083018988,0.13948583653885596,0.026060206739935185,0.0,0.0,0.9801189066234008,0.0,0.0,0.0,0.0,0.836219,HS_NET_IMPORT_EXPOSURE
2025-08,2712200000,0.11449427202559487,0.2533520273601939,0.34689585122456124,0.07463491646587839,0.24407975019740147,0.6621568162038136,0.13374272723663183,0.025388247174657937,0,0.0,,,0.0,0.0,0.0,0.07463491646587839,0.13374272723663183,0.025388247174657937,0.0,0.0,0.9580637352447615,0.6621568162038136,0.0,0.0,0.0,0.836219,HS_NET_IMPORT_EXPOSURE;HS_EXPORT_VOLUME_SURGE
2025-09,2712200000,0.11836481544859584,-0.29169275986740484,-0.2830342015440429,0.012224297356809632,-0.29207096061529636,-0.27814834168382874,0.12906515483179926,0.03759407009268941,0,0.0,,,0.3088656923627751,0.29207096061529636,0.0,0.012224297356809632,0.12906515483179926,0.03759407009268941,0.0,0.0,0.960303969162889,0.0,0.0,0.0,0.0,0.836219,HS_IMPORT_VOLUME_DROP;HS_NET_IMPORT_EXPOSURE
2025-10,2712200000,0.19406806912068664,-0.6076905714756973,-0.5493385683853164,0.1487397417642391,-0.6108986792767379,-0.4082158723194208,0.2236668328504772,0.06003922428678696,0,0.0,,,0.6434673564969263,0.6108986792767379,0.0,0.1487397417642391,0.2236668328504772,0.06003922428678696,0.0,0.0,0.9582059369628061,0.0,0.0,0.0,0.0,0.836219,HS_IMPORT_VOLUME_DROP;HS_NET_IMPORT_AVAILABILITY_DROP;HS_NET_IMPORT_EXPOSURE
2025-11,2712200000,0.1361263795213229,-0.03803664779272253,-0.04572962502140143,-0.007997162481322206,-0.02071873994514839,-0.8071361741940971,0.23873601247813592,0.10161559038850525,0,1.0,,,0.040275993003729915,0.02071873994514839,0.0,0.0,0.23873601247813592,0.10161559038850525,0.0,0.0,0.9797829384659827,0.0,1.4249682944554484e-05,1.4249682944554484e-05,2.0305346402032695e-10,0.836219,HS_NET_IMPORT_EXPOSURE
2025-12,2712200000,0.15856642083989475,-0.09429642780821423,-0.17976378926422965,-0.09436571090162083,-0.08372162482824241,-0.8054097698829229,0.2814940624345241,0.10242158901851357,0,0.0,,,0.09984797523106123,0.08372162482824241,0.0,0.0,0.2814940624345241,0.10242158901851357,0.0,0.0,0.989764112537797,0.0,0.0,0.0,0.0,0.836219,HS_NET_IMPORT_EXPOSURE
2026-01,2712200000,0.24070415916431326,-0.4183827283557414,-0.49816029590156674,-0.1371650592842445,-0.4236926921193306,0.7200837915684735,0.35233951759827437,0.1020489038623456,0,0.0,,,0.4430143248154822,0.4236926921193306,0.0,0.0,0.35233951759827437,0.1020489038623456,0.0,0.0,0.9540057277678028,0.7200837915684735,0.0,0.0,0.0,0.836219,HS_IMPORT_VOLUME_DROP;HS_NET_IMPORT_AVAILABILITY_DROP;HS_IMPORT_VOLUME_VOLATILITY;HS_NET_IMPORT_EXPOSURE;HS_EXPORT_VOLUME_SURGE
2026-02,2712200000,0.18919677437229346,-0.18007078561630108,-0.2274287623232798,-0.057758616080749614,-0.18021876749828902,-0.1638628620102215,0.3404895746638848,0.1017792431371928,0,0.0,,,0.19067215757761655,0.18021876749828902,0.0,0.0,0.3404895746638848,0.1017792431371928,0.0,0.0,0.9748718674288912,0.0,0.0,0.0,0.0,0.836219,HS_IMPORT_VOLUME_VOLATILITY;HS_NET_IMPORT_EXPOSURE
2026-03,2712200000,0.17492355448480337,0.4862323176591572,0.4044667421107302,-0.05501533951112658,0.5000113238364092,0.004471563649913746,0.35248013997984756,0.10064172550677547,0,0.0,,,0.0,0.0,0.0,0.0,0.35248013997984756,0.10064172550677547,0.0,0.0,0.9615770181620555,0.004471563649913746,0.0,0.0,0.0,0.836219,HS_IMPORT_VOLUME_VOLATILITY;HS_NET_IMPORT_EXPOSURE
2026-04,2712200000,0.1888202526163098,1.0660120820167762,1.1173600287839731,0.024853652703266116,1.0644094145535647,1.2781356574460023,0.2985331948329627,0.09916723219485954,0,0.0,,,0.0,0.0,0.0,0.024853652703266116,0.2985331948329627,0.09916723219485954,0.0,0.0,0.9757788214866886,1.0,0.0,0.0,0.0,0.836219,HS_NET_IMPORT_EXPOSURE;HS_EXPORT_VOLUME_SURGE
2026-05,2712200000,0.15911437940997125,0.1302051040094463,0.17903315448827417,0.04320282248382035,0.17653500719559778,-0.9442170366607906,0.3070380834744436,0.057026042561943276,0,0.0,,,0.0,0.0,0.0,0.04320282248382035,0.3070380834744436,0.057026042561943276,0.0,0.0,0.9907033523658919,0.0,0.0,0.0,0.0,0.836219,HS_IMPORT_VOLUME_VOLATILITY;HS_NET_IMPORT_EXPOSURE
2026-06,2712200000,0.1974459474097802,-0.2332781634707477,-0.11846876206474033,0.14974061770005043,-0.23614155660146896,-0.09930915371329874,0.33388685079280905,0.05425024376437258,0,0.0,,,0.24701203247643763,0.23614155660146896,0.0,0.14974061770005043,0.33388685079280905,0.05425024376437258,0.0,0.0,0.967184653194242,0.0,0.0,0.0,0.0,0.836219,HS_IMPORT_VOLUME_VOLATILITY;HS_NET_IMPORT_EXPOSURE
2023-01,2816101000,0.037692604120561725,,,,,,,,0,0.0,,,,,0.0,,,,0.0,0.0,0.955670599644069,,0.0,0.0,0.0,0.234054,HS_NET_IMPORT_EXPOSURE
2023-02,2816101000,0.032340817754655644,,,,,,,,0,0.0,,,,,0.0,,,,0.0,0.0,0.819979659609433,,0.0,0.0,0.0,0.234054,HS_NET_IMPORT_EXPOSURE
2023-03,2816101000,0.07393659663218377,,,,,,0.09666772031331404,,0,0.0,,,,,0.0,,0.09666772031331404,,0.0,0.0,0.9545180841176547,,0.0,0.0,0.0,0.6094579999999999,HS_NET_IMPORT_EXPOSURE
2023-04,2816101000,0.07840641726302182,,,,,,0.0854296822987574,0.2326250502535135,0,0.0,,,,,0.0,,0.0854296822987574,0.2326250502535135,0.0,0.0,0.9093292271323735,,0.0,0.0,0.0,0.65447,HS_NET_IMPORT_EXPOSURE
2023-05,2816101000,0.09866720050070635,,,,,,0.14092906602160954,0.20464034714066728,0,0.0,,,,,0.0,,0.14092906602160954,0.20464034714066728,0.0,0.0,0.926715704328854,,0.0,0.0,0.0,0.65447,HS_NET_IMPORT_EXPOSURE
2023-06,2816101000,0.12045048222082735,,,,,,0.20417851414770025,0.18584540430646934,0,0.0,,,,,0.0,,0.20417851414770025,0.18584540430646934,0.0,0.0,0.8984502917542985,,0.0,0.0,0.0,0.65447,HS_NET_IMPORT_EXPOSURE
2023-07,2816101000,0.10485270169851665,,,,,,0.17342262742043765,0.17683135548325485,0,0.0,,,,,0.0,,0.17342262742043765,0.17683135548325485,0.0,0.0,0.8060044294354202,,0.0,0.0,0.0,0.65447,HS_NET_IMPORT_EXPOSURE
2023-08,2816101000,0.12141110114349052,,,,,,0.2018089000167305,0.19039642391398726,0,0.0,,,,,0.0,,0.2018089000167305,0.19039642391398726,0.0,0.0,0.9401665527850063,,0.0,0.0,0.0,0.65447,HS_NET_IMPORT_EXPOSURE
2023-09,2816101000,0.10429536978817631,,,,,,0.17041592493341617,0.13239979658089815,0,0.0,,,,,0.0,,0.17041592493341617,0.13239979658089815,0.0,0.0,0.8711992662653776,,0.0,0.0,0.0,0.65447,HS_NET_IMPORT_EXPOSURE
2023-10,2816101000,0.07885124123434403,,,,,,0.10454058590669704,0.11217786644564863,0,0.0,,,,,0.0,,0.10454058590669704,0.11217786644564863,0.0,0.0,0.8761678709509093,,0.0,0.0,0.0,0.65447,HS_NET_IMPORT_EXPOSURE
2023-11,2816101000,0.07913693310497652,,,,,,0.09201224619361933,0.11762201108656077,0,0.0,,,,,0.0,,0.09201224619361933,0.11762201108656077,0.0,0.0,0.9964444580989017,,0.0,0.0,0.0,0.65447,HS_NET_IMPORT_EXPOSURE
2023-12,2816101000,0.09391121651847453,,,,,,0.1381710975817551,0.1325349291601106,0,0.0,,,,,0.0,,0.1381710975817551,0.1325349291601106,0.0,0.0,0.9146718280606081,,0.0,0.0,0.0,0.65447,HS_NET_IMPORT_EXPOSURE
2024-01,2816101000,0.12396180152840944,0.5017665014986614,0.5133431237616699,0.007708669924023415,0.434450493341324,6.184198113207547,0.12612203330256339,0.13155252718539162,0,0.0,,,0.0,0.0,0.0,0.007708669924023415,0.12612203330256339,0.13155252718539162,0.0,0.0,0.9576414697786911,1.0,0.0,0.0,0.0,0.836219,HS_NET_IMPORT_EXPOSURE;HS_EXPORT_VOLUME_SURGE
2024-02,2816101000,0.0923679651684138,0.23095349123671438,0.11015609191193532,-0.09813319527077835,0.2266181778209333,0.3363585746102451,0.11745597706904343,0.12222535606066928,0,0.0,,,0.0,0.0,0.0,0.0,0.11745597706904343,0.12222535606066928,0.0,0.0,0.8070663967010752,0.3363585746102451,0.0,0.0,0.0,0.836219,HS_NET_IMPORT_EXPOSURE;HS_EXPORT_VOLUME_SURGE
2024-03,2816101000,0.16191740695806056,-0.13014417180280324,-0.18806478778596647,-0.06658645502577776,-0.1567861436266792,1.2224292845257905,0.19282592955239636,0.18308208316208444,0,0.0,,,0.137806196318089,0.1567861436266792,0.0,0.0,0.19282592955239636,0.18308208316208444,0.0,0.0,0.8772982012071966,1.0,0.0,0.0,0.0,0.836219,HS_NET_IMPORT_EXPOSURE;HS_EXPORT_VOLUME_SURGE
2024-04,2816101000,0.11288421076457908,0.3179661687046398,0.4194063178022427,0.07696718740307507,0.3427768322176892,-0.7941297570731134,0.16400604023559565,0.18833138335470972,0,0.0,,,0.0,0.0,0.0,0.07696718740307507,0.16400604023559565,0.18833138335470972,0.0,0.0,0.9863230244050264,0.0,0.0,0.0,0.0,0.836219,HS_NET_IMPORT_EXPOSURE
2024-05,2816101000,0.12087568557511351,-0.11578459491172965,-0.16768284769210806,-0.058694128695029324,-0.12257480686823774,0.24254625146526676,0.15454066523227614,0.1982240158902747,0,0.0,,,0.12260122290526224,0.12257480686823774,0.0,0.0,0.15454066523227614,0.1982240158902747,0.0,0.0,0.8627005412950286,0.24254625146526676,0.0,0.0,0.0,0.836219,HS_NET_IMPORT_EXPOSURE
2024-06,2816101000,0.12977928512544223,-0.24392379891823102,-0.524783686445567,-0.37147034535076073,-0.2416362593510123,-0.344145428622349,0.15071806842016494,0.21918192535601735,0,0.0,,,0.2582844122387029,0.2416362593510123,0.0,0.0,0.15071806842016494,0.21918192535601735,0.0,0.0,0.9778748969520389,0.0,0.0,0.0,0.0,0.836219,HS_NET_IMPORT_EXPOSURE
2024-07,2816101000,0.14494816739365846,-0.19951287634870107,-0.023932049871046468,0.21934247446326127,-0.20872299241433434,0.018907719411429103,0.1582683207228893,0.31592135384334047,0,0.0,,,0.21125886949248313,0.20872299241433434,0.0,0.21934247446326127,0.1582683207228893,0.31592135384334047,0.0,0.0,0.9849343858336643,0.018907719411429103,0.0,0.0,0.0,0.836219,HS_IMPORT_UNIT_VALUE_VOLATILITY;HS_NET_IMPORT_EXPOSURE
2024-08,2816101000,0.17383785993267603,-0.004196869967970418,0.19847688704881095,0.20352793730449759,-0.11135586324886804,7.667755689683814,0.20673523643677588,0.3219305077927567,0,0.0,,,0.004443953799206288,0.11135586324886804,0.0,0.20352793730449759,0.20673523643677588,0.3219305077927567,0.0,0.0,0.8806988891290648,1.0,0.0,0.0,0.0,0.836219,HS_IMPORT_UNIT_VALUE_VOLATILITY;HS_NET_IMPORT_EXPOSURE;HS_EXPORT_VOLUME_SURGE
2024-09,2816101000,0.13547521153434178,-0.2644945965615194,-0.38908771391682184,-0.1693979633226771,-0.2644291359177202,-0.2667988668555241,0.15684848255038725,0.29032378427423694,0,0.0,,,0.280066281831342,0.2644291359177202,0.0,0.0,0.15684848255038725,0.29032378427423694,0.0,0.0,0.927721110548773,0.0,0.0,0.0,0.0,0.836219,HS_NET_IMPORT_EXPOSURE
2024-10,2816101000,0.16528679785786543,-0.41035903137728014,-0.36404440940045923,0.07854715740835005,-0.413881619799521,-0.29316750546757664,0.18436493455529246,0.32192715427128205,0,0.0,,,0.4345182458463364,0.413881619799521,0.0,0.07854715740835005,0.18436493455529246,0.32192715427128205,0.0,0.0,0.9039932979107708,0.0,0.0,0.0,0.0,0.836219,HS_IMPORT_VOLUME_DROP;HS_NET_IMPORT_AVAILABILITY_DROP;HS_IMPORT_UNIT_VALUE_VOLATILITY;HS_NET_IMPORT_EXPOSURE
2024-11,2816101000,0.1723995695334047,-0.17124153691905897,-0.2760561017010237,-0.1264717881640841,-0.20477296570889225,6.196568382475429,0.1836698254118034,0.31619987947663203,0,0.0,,,0.18132310135436147,0.20477296570889225,0.0,0.0,0.1836698254118034,0.31619987947663203,0.0,0.0,0.9662465060290127,1.0,0.0,0.0,0.0,0.836219,HS_IMPORT_UNIT_VALUE_VOLATILITY;HS_NET_IMPORT_EXPOSURE;HS_EXPORT_VOLUME_SURGE
2024-12,2816101000,0.16898789231273037,-0.25920865668379056,-0.1750594071332362,0.11359372691081093,-0.24734432016297625,-0.9564695686954203,0.226841437081763,0.2834170397842669,0,0.0,,,0.2744691409188803,0.24734432016297625,0.0,0.11359372691081093,0.226841437081763,0.2834170397842669,0.0,0.0,0.9955718683662373,0.0,0.0,0.0,0.0,0.836219,HS_NET_IMPORT_EXPOSURE
2025-01,2816101000,0.16635326511266604,-0.0856502740981605,-0.3050931317752419,-0.2399988226175066,-0.28278862943806504,3.237073635140015,0.21466381148326097,0.20731964881999276,0,0.0,,,0.09069279341185991,0.28278862943806504,0.0,0.0,0.21466381148326097,0.20731964881999276,0.0,0.0,0.7224999617477699,1.0,0.0,0.0,0.0,0.836219,HS_NET_IMPORT_EXPOSURE;HS_EXPORT_VOLUME_SURGE
2025-02,2816101000,0.11943597223241262,-0.0014759989349935054,0.14640872643258773,0.14810332571861085,0.041381949889847336,-0.9579184200658306,0.16474389626333136,0.2375316639102587,0,0.0,,,0.0015628959498025258,0.0,0.0,0.14810332571861085,0.16474389626333136,0.2375316639102587,0.0,0.0,0.9944674984461779,0.0,0.0,0.0,0.0,0.836219,HS_NET_IMPORT_EXPOSURE
2025-03,2816101000,0.1441174088956073,0.5724283284042253,0.2603865214591332,-0.19844580596036876,0.5475924322256962,1.0508205558217538,0.17346749899697697,0.21522016221122345,0,0.0,,,0.0,0.0,0.0,0.0,0.17346749899697697,0.21522016221122345,0.0,0.0,0.9325454719884024,1.0,0.0,0.0,0.0,0.836219,HS_NET_IMPORT_EXPOSURE;HS_EXPORT_VOLUME_SURGE
2025-04,2816101000,0.14927774872649388,0.26572070540958803,0.1999399010149343,-0.05197102655705321,0.11680320859691307,43.80285714285714,0.18936885972767706,0.1843679264068011,0,0.0,,,0.0,0.0,0.0,0.0,0.18936885972767706,0.1843679264068011,0.0,0.0,0.9472415051814627,1.0,0.0,0.0,0.0,0.836219,HS_NET_IMPORT_EXPOSURE;HS_EXPORT_VOLUME_SURGE
2025-05,2816101000,0.11214719835083961,0.13841643486137234,0.11553639791843318,-0.020098125995277938,0.1442034528874041,-0.07723543888433138,0.18420040356013131,0.1893804643654156,0,0.0,,,0.0,0.0,0.0,0.0,0.18420040356013131,0.1893804643654156,0.0,0.0,0.8740457034744554,0.0,0.0,0.0,0.0,0.836219,HS_NET_IMPORT_EXPOSURE
2025-06,2816101000,0.19241132280974788,-0.1792877514757416,0.45034161104899995,0.7671743216418332,-0.29547202724057253,5.706576086956522,0.1466407923211431,0.21756707668977815,0,0.0,,,0.18984302358718932,0.29547202724057253,0.0,0.7671743216418332,0.1466407923211431,0.21756707668977815,0.0,0.0,0.8518280889392755,1.0,0.0,0.0,0.0,0.836219,HS_IMPORT_UNIT_VALUE_SHOCK;HS_NET_IMPORT_EXPOSURE;HS_EXPORT_VOLUME_SURGE
2025-07,2816101000,0.10525866581445338,0.5377963342472214,0.10074310019705468,-0.28420748854503686,0.6153705787536876,-0.8908993497796069,0.14992512037451347,0.22415879382567938,0,0.0,,,0.0,0.0,0.0,0.0,0.14992512037451347,0.22415879382567938,0.0,0.0,0.9859369766917178,0.0,0.0,0.0,0.0,0.836219,HS_NET_IMPORT_EXPOSURE
2025-08,2816101000,0.19921190838020186,-0.5288665045290029,-0.4548989602668927,0.15699912014993567,-0.5991954351125903,-0.012649251585947874,0.23792794414254345,0.2259357245802529,0,0.0,,,0.5600026519790373,0.5991954351125903,0.0,0.15699912014993567,0.23792794414254345,0.2259357245802529,0.0,0.0,0.8986559354110454,0.0,0.0,0.0,0.0,0.836219,HS_IMPORT_VOLUME_DROP;HS_NET_IMPORT_AVAILABILITY_DROP;HS_NET_IMPORT_EXPOSURE
2025-09,2816101000,0.16075654192283095,0.0021076822411014717,0.43554972324298813,0.43253040434990186,0.018602580050830708,-0.5804033691368519,0.24237626917447377,0.22659753315751247,0,0.0,,,0.0,0.0,0.0,0.43253040434990186,0.24237626917447377,0.22659753315751247,0.0,0.0,0.9493560024915451,0.0,0.0,0.0,0.0,0.836219,HS_IMPORT_UNIT_VALUE_SHOCK;HS_NET_IMPORT_EXPOSURE
2025-10,2816101000,0.2553578871683544,-0.41927823651225016,-0.26742461511092397,0.26149118381462144,-0.6542480666036954,6.062814538676608,0.3125400815033515,0.23264200901934143,0,0.0,,,0.4439625545449493,0.6542480666036954,0.0,0.26149118381462144,0.3125400815033515,0.23264200901934143,0.0,0.0,0.7854870203887441,1.0,0.0,0.0,0.0,0.836219,HS_IMPORT_VOLUME_DROP;HS_NET_IMPORT_AVAILABILITY_DROP;HS_IMPORT_VOLUME_VOLATILITY;HS_NET_IMPORT_EXPOSURE;HS_EXPORT_VOLUME_SURGE
2025-11,2816101000,0.17310630738517363,-0.08864632545171791,-0.16067329075959436,-0.07903294551764117,-0.05011571188732822,-0.8972014536700539,0.3038251154534747,0.285165817234096,0,0.0,,,0.09386523237157762,0.05011571188732822,0.0,0.0,0.3038251154534747,0.285165817234096,0.0,0.0,0.9759414185257786,0.0,0.0,0.0,0.0,0.836219,HS_IMPORT_VOLUME_VOLATILITY;HS_NET_IMPORT_EXPOSURE
2025-12,2816101000,0.1944293518727341,0.25476102650577004,0.2761702800796024,0.017062415170362888,0.08973508835913924,167.9448698315467,0.300099915359224,0.2674262107035035,0,0.0,,,0.0,0.0,0.0,0.017062415170362888,0.300099915359224,0.2674262107035035,0.0,0.0,0.9211605956404417,1.0,0.0,0.0,0.0,0.836219,HS_IMPORT_VOLUME_VOLATILITY;HS_NET_IMPORT_EXPOSURE;HS_EXPORT_VOLUME_SURGE
2026-01,2816101000,0.160250150674159,-0.1272573530816432,0.22942259533730813,0.40868857466560593,-0.009962631644696462,-0.4619011277219707,0.22825809696301003,0.22685154796514923,0,0.0,,,0.13474942088272257,0.009962631644696462,0.0,0.40868857466560593,0.22825809696301003,0.22685154796514923,0.0,0.0,0.873803356327256,0.0,0.0,0.0,0.0,0.836219,HS_IMPORT_UNIT_VALUE_SHOCK;HS_NET_IMPORT_EXPOSURE
2026-02,2816101000,0.21514281701455354,-0.45034762301022735,-0.3952668822860148,0.10021013831663539,-0.46634276647812334,8.383168316831684,0.22843816717098953,0.19655497539386296,0,0.0,,,0.4768611001802492,0.46634276647812334,0.0,0.10021013831663539,0.22843816717098953,0.19655497539386296,0.0,0.0,0.9248131682521472,1.0,0.0,0.0,0.0,0.836219,HS_IMPORT_VOLUME_DROP;HS_NET_IMPORT_AVAILABILITY_DROP;HS_NET_IMPORT_EXPOSURE;HS_EXPORT_VOLUME_SURGE
2026-03,2816101000,0.15252991256225767,-0.08258999486790974,0.08331384999129465,0.18083936727430538,-0.03837201242097499,-0.7253252727033777,0.2349017715544933,0.20009833693188167,0,0.0,,,0.08745234526462277,0.03837201242097499,0.0,0.18083936727430538,0.2349017715544933,0.20009833693188167,0.0,0.0,0.9933443670162415,0.0,0.0,0.0,0.0,0.836219,HS_NET_IMPORT_EXPOSURE
2026-04,2816101000,0.12246958421234636,-0.151765185675372,-0.28403020804373524,-0.15592972622053214,-0.0631833177279768,-0.7973152222434794,0.16902120441205457,0.2016368667297316,0,0.0,,,0.16070011189683608,0.0631833177279768,0.0,0.0,0.16902120441205457,0.2016368667297316,0.0,0.0,0.9505497396360165,0.0,0.0,0.0,0.0,0.836219,HS_NET_IMPORT_EXPOSURE
2026-05,2816101000,0.1517021920814224,-0.3546674601209202,-0.3541422362726372,0.000813880930878419,-0.34764787027933886,-0.6790238698493132,0.19455124787333242,0.1233378427837829,0,0.0,,,0.37554792473625603,0.34764787027933886,0.0,0.000813880930878419,0.19455124787333242,0.1233378427837829,0.0,0.0,0.9429376977836532,0.0,0.0,0.0,0.0,0.836219,HS_IMPORT_VOLUME_DROP;HS_NET_IMPORT_AVAILABILITY_DROP;HS_NET_IMPORT_EXPOSURE
2026-06,2816101000,0.11792746660513295,0.27185596043680516,-0.0043736159689541365,-0.21718621054454246,0.5062142350293428,-0.9753567637215258,0.19816788956206713,0.10689083966068051,0,0.0,,,0.0,0.0,0.0,0.0,0.19816788956206713,0.10689083966068051,0.0,0.0,0.9817975638844898,0.0,0.0,0.0,0.0,0.836219,HS_NET_IMPORT_EXPOSURE
2023-01,2827100000,0.03937612980689024,,,,,,,,0,0.0,,,,,0.0,,,,0.0,0.0,0.9983552599297747,,0.0,0.0,0.0,0.234054,HS_NET_IMPORT_EXPOSURE
2023-02,2827100000,0.03942217117915842,,,,,,,,0,0.0,,,,,0.0,,,,0.0,0.0,0.9995226079247085,,0.0,0.0,0.0,0.234054,HS_NET_IMPORT_EXPOSURE
2023-03,2827100000,0.11941894631979541,,,,,,0.2132463093538175,,0,0.0,,,,,0.0,,0.2132463093538175,,0.0,0.0,0.998083943184374,,0.0,0.0,0.0,0.6094579999999999,HS_NET_IMPORT_EXPOSURE
2023-04,2827100000,0.16011846405382524,,,,,,0.22516427791448557,0.8098268858884577,0,0.0,,,,,0.0,,0.22516427791448557,0.8098268858884577,0.0,0.0,0.9923421231714311,,0.0,0.0,0.0,0.65447,HS_IMPORT_UNIT_VALUE_VOLATILITY;HS_NET_IMPORT_EXPOSURE
2023-05,2827100000,0.15305729014501204,,,,,,0.20563127805584488,0.8094509066425271,0,0.0,,,,,0.0,,0.20563127805584488,0.8094509066425271,0.0,0.0,0.9996572507781807,,0.0,0.0,0.0,0.65447,HS_IMPORT_UNIT_VALUE_VOLATILITY;HS_NET_IMPORT_EXPOSURE
2023-06,2827100000,0.17919387476175655,,,,,,0.28692492280402604,0.7467251085323952,0,0.0,,,,,0.0,,0.28692492280402604,0.7467251085323952,0.0,0.0,0.9601561942185488,,0.0,0.0,0.0,0.65447,HS_IMPORT_UNIT_VALUE_VOLATILITY;HS_NET_IMPORT_EXPOSURE
2023-07,2827100000,0.17625416893333407,,,,,,0.28431229030120947,0.682835985749627,0,0.0,,,,,0.0,,0.28431229030120947,0.682835985749627,0.0,0.0,0.9834026651083037,,0.0,0.0,0.0,0.65447,HS_IMPORT_UNIT_VALUE_VOLATILITY;HS_NET_IMPORT_EXPOSURE
2023-08,2827100000,0.17035221345553747,,,,,,0.26699217402201686,0.6832134475995165,0,0.0,,,,,0.0,,0.26699217402201686,0.6832134475995165,0.0,0.0,0.9981866498219323,,0.0,0.0,0.0,0.65447,HS_IMPORT_UNIT_VALUE_VOLATILITY;HS_NET_IMPORT_EXPOSURE
2023-09,2827100000,0.15971678375090242,,,,,,0.24891795745917678,0.5976003195502558,0,0.0,,,,,0.0,,0.24891795745917678,0.5976003195502558,0.0,0.0,0.9982708669988465,,0.0,0.0,0.0,0.65447,HS_IMPORT_UNIT_VALUE_VOLATILITY;HS_NET_IMPORT_EXPOSURE
2023-10,2827100000,0.14197476639088377,,,,,,0.23042498976154732,0.38579798960292194,0,0.0,,,,,0.0,,0.23042498976154732,0.38579798960292194,0.0,0.0,0.9661713553518705,,0.0,0.0,0.0,0.65447,HS_IMPORT_UNIT_VALUE_VOLATILITY;HS_NET_IMPORT_EXPOSURE
2023-11,2827100000,0.14231036485043014,,,,,,0.230677839651774,0.3702726693532943,0,0.0,,,,,0.0,,0.230677839651774,0.3702726693532943,0.0,0.0,0.9899918293366063,,0.0,0.0,0.0,0.65447,HS_IMPORT_UNIT_VALUE_VOLATILITY;HS_NET_IMPORT_EXPOSURE
2023-12,2827100000,0.1256785646537351,,,,,,0.19239488331630714,0.3352971675505306,0,0.0,,,,,0.0,,0.19239488331630714,0.3352971675505306,0.0,0.0,0.9726010945836979,,0.0,0.0,0.0,0.65447,HS_IMPORT_UNIT_VALUE_VOLATILITY;HS_NET_IMPORT_EXPOSURE
2024-01,2827100000,0.13145110516638203,-0.007397580862154252,-0.6135076731638479,-0.6106272568105855,-0.006296983061040429,-1.0,0.2013510323430474,0.34901032562932066,0,0.0,,,0.007833101294106578,0.006296983061040429,0.0,0.0,0.2013510323430474,0.34901032562932066,0.0,0.0,0.9999085918575658,0.0,0.0,0.0,0.0,0.836219,HS_IMPORT_UNIT_VALUE_VOLATILITY;HS_NET_IMPORT_EXPOSURE
2024-02,2827100000,0.21604776754710633,-0.38965665560817075,-0.6268017539144144,-0.38854376063123053,-0.3895633920071381,-0.975,0.3074731381546483,0.478107142099794,0,0.0,,,0.4125970516816717,0.3895633920071381,0.0,0.0,0.3074731381546483,0.478107142099794,0.0,0.0,0.9994410255032115,0.0,0.0,0.0,0.0,0.836219,HS_IMPORT_VOLUME_DROP;HS_NET_IMPORT_AVAILABILITY_DROP;HS_IMPORT_VOLUME_VOLATILITY;HS_IMPORT_UNIT_VALUE_VOLATILITY;HS_NET_IMPORT_EXPOSURE
2024-03,2827100000,0.1764808218877469,0.3563749632461042,0.018334457881351574,-0.2492234924152148,0.3565901446505044,-0.9444444444444444,0.3011252968710373,0.533612446093404,0,0.0,,,0.0,0.0,0.0,0.0,0.3011252968710373,0.533612446093404,0.0,0.0,0.999422365498231,0.0,0.0,0.0,0.0,0.836219,HS_IMPORT_VOLUME_VOLATILITY;HS_IMPORT_UNIT_VALUE_VOLATILITY;HS_NET_IMPORT_EXPOSURE
2024-04,2827100000,0.16987788883092172,0.3528171406230973,-0.6016131702105247,-0.7055131711252702,0.36134601945922706,-0.9667332002661344,0.28413119039452245,0.5314409808404112,0,0.0,,,0.0,0.0,0.0,0.0,0.28413119039452245,0.5314409808404112,0.0,0.0,0.9962394970327281,0.0,0.0,0.0,0.0,0.836219,HS_IMPORT_UNIT_VALUE_VOLATILITY;HS_NET_IMPORT_EXPOSURE
2024-05,2827100000,0.23043964215522586,-0.2969739308179352,-0.7527472399361135,-0.648302145677823,-0.29820597005666993,208.25,0.2847137360987921,0.5130284961720807,0,0.0,,,0.3144577835852766,0.29820597005666993,0.0,0.0,0.2847137360987921,0.5130284961720807,0.0,0.0,0.9545467404732043,1.0,0.0,0.0,0.0,0.836219,HS_IMPORT_VOLUME_DROP;HS_IMPORT_UNIT_VALUE_VOLATILITY;HS_NET_IMPORT_EXPOSURE;HS_EXPORT_VOLUME_SURGE
2024-06,2827100000,0.23363941719086637,-0.24479177961740994,0.2469168630173748,0.6510901621087812,-0.22573381454197416,-0.9990400383984641,0.28332558864100504,0.6725324033024042,0,0.0,,,0.25920349387696945,0.22573381454197416,0.0,0.6510901621087812,0.28332558864100504,0.6725324033024042,0.0,0.0,0.9994036911910182,0.0,0.0,0.0,0.0,0.836219,HS_IMPORT_UNIT_VALUE_SHOCK;HS_IMPORT_UNIT_VALUE_VOLATILITY;HS_NET_IMPORT_EXPOSURE
2024-07,2827100000,0.17671687537933195,0.21326267567478951,0.07278682978216233,-0.11578353864260882,0.21470413049493708,-0.9364089775561097,0.2803682180804952,0.7127381793151165,0,0.0,,,0.0,0.0,0.0,0.0,0.2803682180804952,0.7127381793151165,0.0,0.0,0.9985485639742827,0.0,0.0,0.0,0.0,0.836219,HS_IMPORT_UNIT_VALUE_VOLATILITY;HS_NET_IMPORT_EXPOSURE
2024-08,2827100000,0.12648106712701918,0.34348991248972593,-0.09333035646217014,-0.3251384806770825,0.3436821072192153,-0.8404255319148937,0.158021098123407,0.6166903647227587,0,0.0,,,0.0,0.0,0.0,0.0,0.158021098123407,0.6166903647227587,0.0,0.0,0.998981975867723,0.0,0.0,0.0,0.0,0.836219,HS_IMPORT_UNIT_VALUE_VOLATILITY;HS_NET_IMPORT_EXPOSURE
2024-09,2827100000,0.195556469998806,-0.4531716179992904,-0.7068300753545566,-0.4638721502113563,-0.45310082952288233,-0.9722222222222222,0.22271887471753696,0.5862769085473164,0,0.0,,,0.4798513532394011,0.45310082952288233,0.0,0.0,0.22271887471753696,0.5862769085473164,0.0,0.0,0.9991210416067688,0.0,0.0,0.0,0.0,0.836219,HS_IMPORT_VOLUME_DROP;HS_NET_IMPORT_AVAILABILITY_DROP;HS_IMPORT_UNIT_VALUE_VOLATILITY;HS_NET_IMPORT_EXPOSURE
2024-10,2827100000,0.14846700000179625,0.2972188856354503,-0.4258226731096424,-0.5573782241004813,0.3357629332232144,-0.9999335062171687,0.22082277830611913,0.5807357642716301,0,0.0,,,0.0,0.0,0.0,0.0,0.22082277830611913,0.5807357642716301,0.0,0.0,0.9996999952630831,0.0,0.0,0.0,0.0,0.836219,HS_IMPORT_UNIT_VALUE_VOLATILITY;HS_NET_IMPORT_EXPOSURE
2024-11,2827100000,0.14052591815872428,0.09903890433898499,-0.11329391909972852,-0.19319864164992473,0.10028098365839289,-0.8428701180744778,0.20492282524604472,0.5413231210164466,0,0.0,,,0.0,0.0,0.0,0.0,0.20492282524604472,0.5413231210164466,0.0,0.0,0.994676441947867,0.0,0.0,0.0,0.0,0.836219,HS_IMPORT_UNIT_VALUE_VOLATILITY;HS_NET_IMPORT_EXPOSURE
2024-12,2827100000,0.12877126524852595,0.38468931712239907,0.09545295977948198,-0.20888177135936548,0.3868759855140267,-0.9903147699757869,0.20550778452306706,0.27187919525378995,0,0.0,,,0.0,0.0,0.0,0.0,0.20550778452306706,0.27187919525378995,0.0,0.0,0.9985800200467758,0.0,0.0,0.0,0.0,0.836219,HS_NET_IMPORT_EXPOSURE
2025-01,2827100000,0.14825555195280163,0.01750019542725445,0.4476612211112183,0.42276259760651635,0.016466322210370476,,0.20745081119766448,0.2198206896729403,0,0.0,,,0.0,0.0,0.0,0.42276259760651635,0.20745081119766448,0.2198206896729403,0.0,0.0,0.9852282932031207,,0.0,0.0,0.0,0.80369,HS_IMPORT_UNIT_VALUE_SHOCK;HS_NET_IMPORT_EXPOSURE
2025-02,2827100000,0.1737611577849424,0.6707938962678752,-0.3049904598102712,-0.5840243720412184,0.6704785333720502,49.0,0.2438359096530747,0.232905678263323,0,0.0,,,0.0,0.0,0.0,0.0,0.2438359096530747,0.232905678263323,0.0,0.0,0.9941845178253809,1.0,0.0,0.0,0.0,0.836219,HS_NET_IMPORT_EXPOSURE;HS_EXPORT_VOLUME_SURGE
2025-03,2827100000,0.19294528703697256,-0.3170935596848602,-0.546799012924572,-0.3363644559183099,-0.3178164968567093,106.4,0.21618040029523888,0.1883206580348724,0,0.0,,,0.33576192258032633,0.3178164968567093,0.0,0.0,0.21618040029523888,0.1883206580348724,0.0,0.0,0.9752677994058274,1.0,0.0,0.0,0.0,0.836219,HS_IMPORT_VOLUME_DROP;HS_NET_IMPORT_AVAILABILITY_DROP;HS_NET_IMPORT_EXPOSURE;HS_EXPORT_VOLUME_SURGE
2025-04,2827100000,0.16753312991356678,0.893892879026196,0.6602956359698824,-0.12334237360690903,0.8941240949697375,-0.5700000000000001,0.30962579278425434,0.2641422795953502,0,0.0,,,0.0,0.0,0.0,0.0,0.30962579278425434,0.2641422795953502,0.0,0.0,0.9991835021941798,0.0,0.0,0.0,0.0,0.836219,HS_IMPORT_VOLUME_VOLATILITY;HS_NET_IMPORT_EXPOSURE
2025-05,2827100000,0.19748084293668655,1.749110832403725,2.0795149137613986,0.12018579879108748,1.753568196645411,-0.7813620071684588,0.37070630524685805,0.28815585884421524,0,0.0,,,0.0,0.0,0.0,0.12018579879108748,0.37070630524685805,0.28815585884421524,0.0,0.0,0.9938418855895224,0.0,0.0,0.0,0.0,0.836219,HS_IMPORT_VOLUME_VOLATILITY;HS_NET_IMPORT_EXPOSURE
2025-06,2827100000,0.31273141658807535,-0.4634876338556161,-0.4140140468240633,0.09221332098473711,-0.463845450985511,10.958333333333334,0.4441526609980847,0.49351723170312384,0,0.0,,,0.4907747075980687,0.463845450985511,0.0,0.09221332098473711,0.4441526609980847,0.49351723170312384,0.0,0.0,0.996893237906541,1.0,0.0,0.0,0.0,0.836219,HS_IMPORT_VOLUME_DROP;HS_NET_IMPORT_AVAILABILITY_DROP;HS_IMPORT_VOLUME_VOLATILITY;HS_IMPORT_UNIT_VALUE_VOLATILITY;HS_NET_IMPORT_EXPOSURE;HS_EXPORT_VOLUME_SURGE
2025-07,2827100000,0.31848231375450564,-0.11447470867195597,0.5920067088598522,0.7978105475364576,-0.11550539643806779,15.588235294117649,0.45798057189266045,0.49981909582251643,0,0.0,,,0.12121421926297751,0.11550539643806779,0.0,0.7978105475364576,0.45798057189266045,0.49981909582251643,0.0,0.0,0.9894580211785046,1.0,0.0,0.0,0.0,0.836219,HS_IMPORT_UNIT_VALUE_SHOCK;HS_IMPORT_VOLUME_VOLATILITY;HS_IMPORT_UNIT_VALUE_VOLATILITY;HS_NET_IMPORT_EXPOSURE;HS_EXPORT_VOLUME_SURGE
2025-08,2827100000,0.2647211960035842,0.8458148364260762,0.037597823410350895,-0.4378646205816723,0.8455252473192356,15.866666666666667,0.43738779731769123,0.6351847929839474,0,0.0,,,0.0,0.0,0.0,0.0,0.43738779731769123,0.6351847929839474,0.0,0.0,0.9990651717131959,1.0,0.0,0.0,0.0,0.836219,HS_IMPORT_VOLUME_VOLATILITY;HS_IMPORT_UNIT_VALUE_VOLATILITY;HS_NET_IMPORT_EXPOSURE;HS_EXPORT_VOLUME_SURGE
2025-09,2827100000,0.2765014354827341,3.5604015765666954,4.687197601347188,0.24708263205820624,3.5601191438269186,44.333333333333336,0.43414813054589724,0.6441191236647472,0,0.0,,,0.0,0.0,0.0,0.24708263205820624,0.43414813054589724,0.6441191236647472,0.0,0.0,0.9979431803573724,1.0,0.0,0.0,0.0,0.836219,HS_IMPORT_VOLUME_VOLATILITY;HS_IMPORT_UNIT_VALUE_VOLATILITY;HS_NET_IMPORT_EXPOSURE;HS_EXPORT_VOLUME_SURGE
2025-10,2827100000,0.2814531415936168,0.18636917651792162,0.24686705579561785,0.05099414286475468,0.18605290989638412,214.0,0.475983062350574,0.6274675411906784,0,0.0,,,0.0,0.0,0.0,0.05099414286475468,0.475983062350574,0.6274675411906784,0.0,0.0,0.9986112342286441,1.0,0.0,0.0,0.0,0.836219,HS_IMPORT_VOLUME_VOLATILITY;HS_IMPORT_UNIT_VALUE_VOLATILITY;HS_NET_IMPORT_EXPOSURE;HS_EXPORT_VOLUME_SURGE
2025-11,2827100000,0.2490705157924574,0.6056382941673268,-0.16028617645401944,-0.4770218008649013,0.6059276047160456,-0.930635838150289,0.476958037057571,0.680054999054621,0,0.0,,,0.0,0.0,0.0,0.0,0.476958037057571,0.680054999054621,0.0,0.0,0.9991614115121428,0.0,0.0,0.0,0.0,0.836219,HS_IMPORT_VOLUME_VOLATILITY;HS_IMPORT_UNIT_VALUE_VOLATILITY;HS_NET_IMPORT_EXPOSURE
2025-12,2827100000,0.23889524899663855,0.21205108627750402,0.2130074340126964,0.0007890325300803358,0.18396955890396516,2528.75,0.3791336538493737,0.5676441224636529,0,0.0,,,0.0,0.0,0.0,0.0007890325300803358,0.3791336538493737,0.5676441224636529,0.0,0.0,0.9747927730962239,1.0,0.0,0.0,0.0,0.836219,HS_IMPORT_VOLUME_VOLATILITY;HS_IMPORT_UNIT_VALUE_VOLATILITY;HS_NET_IMPORT_EXPOSURE;HS_EXPORT_VOLUME_SURGE
2026-01,2827100000,0.22962486541587582,-0.18846884936320807,-0.2326289498793287,-0.05441577995061453,-0.1882152434773764,-0.43780487804878043,0.38619847575151295,0.5868125342986203,0,0.0,,,0.19956464354426945,0.1882152434773764,0.0,0.0,0.38619847575151295,0.5868125342986203,0.0,0.0,0.9899522755947265,0.0,0.0,0.0,0.0,0.836219,HS_IMPORT_VOLUME_VOLATILITY;HS_IMPORT_UNIT_VALUE_VOLATILITY;HS_NET_IMPORT_EXPOSURE
2026-02,2827100000,0.2696135280202449,0.06662370630736181,-0.26616657644420383,-0.31200345612388614,-0.01324804687500003,409.01,0.4803377014585544,0.5121560812978893,0,0.0,,,0.0,0.01324804687500003,0.0,0.0,0.4803377014585544,0.5121560812978893,0.0,0.0,0.8433166125700796,1.0,0.0,0.0,0.0,0.836219,HS_IMPORT_VOLUME_VOLATILITY;HS_IMPORT_UNIT_VALUE_VOLATILITY;HS_NET_IMPORT_EXPOSURE;HS_EXPORT_VOLUME_SURGE
2026-03,2827100000,0.2641971523441781,2.700406512936396,2.139105742106595,-0.15168624551587184,2.7006291881328126,2.4916201117318435,0.45727322949430477,0.4789535074502208,0,0.0,,,0.0,0.0,0.0,0.0,0.45727322949430477,0.4789535074502208,0.0,0.0,0.9748053452434976,1.0,0.0,0.0,0.0,0.836219,HS_IMPORT_VOLUME_VOLATILITY;HS_IMPORT_UNIT_VALUE_VOLATILITY;HS_NET_IMPORT_EXPOSURE;HS_EXPORT_VOLUME_SURGE
2026-04,2827100000,0.3003972813231095,1.1898219410872986,0.813537685291917,-0.1718332658629529,1.1061720797549746,2334.093023255814,0.550510728932373,0.515844073230177,0,0.0,,,0.0,0.0,0.0,0.0,0.550510728932373,0.515844073230177,0.0,0.0,0.9630886188165666,1.0,0.0,0.0,0.0,0.836219,HS_IMPORT_VOLUME_VOLATILITY;HS_IMPORT_UNIT_VALUE_VOLATILITY;HS_NET_IMPORT_EXPOSURE;HS_EXPORT_VOLUME_SURGE
2026-05,2827100000,0.3597995570859598,-0.26252945905382563,0.02753543748334919,0.3933240454120672,-0.26306143396618653,3.5409836065573774,0.594881873157398,0.4039125987468745,0,0.0,,,0.277985450078172,0.26306143396618653,0.0,0.3933240454120672,0.594881873157398,0.4039125987468745,0.0,0.0,0.9861363182567284,1.0,0.0,0.0,0.0,0.836219,HS_IMPORT_UNIT_VALUE_SHOCK;HS_IMPORT_VOLUME_VOLATILITY;HS_IMPORT_UNIT_VALUE_VOLATILITY;HS_NET_IMPORT_EXPOSURE;HS_EXPORT_VOLUME_SURGE
2026-06,2827100000,0.3851977208540027,-0.0023988224847032447,0.6188420740501126,0.6227347265989869,-0.008377399281311204,8.554006968641115,0.6824462225266075,0.5513394028185915,0,0.0,,,0.002540049221413855,0.008377399281311204,0.0,0.6227347265989869,0.6824462225266075,0.5513394028185915,0.0,0.0,0.9978997849829423,1.0,0.0,0.0,0.0,0.836219,HS_IMPORT_UNIT_VALUE_SHOCK;HS_IMPORT_VOLUME_VOLATILITY;HS_IMPORT_UNIT_VALUE_VOLATILITY;HS_NET_IMPORT_EXPOSURE;HS_EXPORT_VOLUME_SURGE
2023-01,2827200000,0.03927247897629477,,,,,,,,0,0.0,,,,,0.0,,,,0.0,0.0,0.9957272629064874,,0.0,0.0,0.0,0.234054,HS_NET_IMPORT_EXPOSURE
2023-02,2827200000,0.03860906572498093,,,,,,,,0,0.0,,,,,0.0,,,,0.0,0.0,0.9789068665850493,,0.0,0.0,0.0,0.234054,HS_NET_IMPORT_EXPOSURE
2023-03,2827200000,0.31036971712937855,,,,,,0.7241489272127778,,0,0.0,,,,,0.0,,0.7241489272127778,,0.0,0.0,0.9766819618669124,,0.0,0.0,0.0,0.6094579999999999,HS_IMPORT_VOLUME_VOLATILITY;HS_NET_IMPORT_EXPOSURE
2023-04,2827200000,0.3935885485428092,,,,,,0.9388301472474373,0.05715584304288045,0,0.0,,,,,0.0,,0.9388301472474373,0.05715584304288045,0.0,0.0,0.97804967263726,,0.0,0.0,0.0,0.65447,HS_IMPORT_VOLUME_VOLATILITY;HS_NET_IMPORT_EXPOSURE
2023-05,2827200000,0.42305137257082887,,,,,,1.0467851658737861,0.20674237725873174,0,0.0,,,,,0.0,,1.0,0.20674237725873174,0.0,0.0,0.9721225294911089,,0.0,0.0,0.0,0.65447,HS_IMPORT_VOLUME_VOLATILITY;HS_NET_IMPORT_EXPOSURE
2023-06,2827200000,0.4104303305765682,,,,,,0.9631007785374059,0.21095362026968084,0,0.0,,,,,0.0,,0.9631007785374059,0.21095362026968084,0.0,0.0,0.9985294884747586,,0.0,0.0,0.0,0.65447,HS_IMPORT_VOLUME_VOLATILITY;HS_NET_IMPORT_EXPOSURE
2023-07,2827200000,0.26702027495311503,,,,,,0.5819148245509989,0.20364948516841064,0,0.0,,,,,0.0,,0.5819148245509989,0.20364948516841064,0.0,0.0,0.9989719208684197,,0.0,0.0,0.0,0.65447,HS_IMPORT_VOLUME_VOLATILITY;HS_NET_IMPORT_EXPOSURE
2023-08,2827200000,0.248131721511207,,,,,,0.5331708346579507,0.19644240736320404,0,0.0,,,,,0.0,,0.5331708346579507,0.19644240736320404,0.0,0.0,0.9922413695657089,,0.0,0.0,0.0,0.65447,HS_IMPORT_VOLUME_VOLATILITY;HS_NET_IMPORT_EXPOSURE
2023-09,2827200000,0.23925221369242747,,,,,,0.5145295135297906,0.15292212732386154,0,0.0,,,,,0.0,,0.5145295135297906,0.15292212732386154,0.0,0.0,0.9942051520039633,,0.0,0.0,0.0,0.65447,HS_IMPORT_VOLUME_VOLATILITY;HS_NET_IMPORT_EXPOSURE
2023-10,2827200000,0.30630655514061794,,,,,,0.7000978426972833,0.0927336048063274,0,0.0,,,,,0.0,,0.7000978426972833,0.0927336048063274,0.0,0.0,0.9967521001279018,,0.0,0.0,0.0,0.65447,HS_IMPORT_VOLUME_VOLATILITY;HS_NET_IMPORT_EXPOSURE
2023-11,2827200000,0.26283680488344724,,,,,,0.5816480232802577,0.11781318801247029,0,0.0,,,,,0.0,,0.5816480232802577,0.11781318801247029,0.0,0.0,0.9934028836268872,,0.0,0.0,0.0,0.65447,HS_IMPORT_VOLUME_VOLATILITY;HS_NET_IMPORT_EXPOSURE
2023-12,2827200000,0.25171545308419035,,,,,,0.5524900782502217,0.10946799939810718,0,0.0,,,,,0.0,,0.5524900782502217,0.10946799939810718,0.0,0.0,0.9984811277563082,,0.0,0.0,0.0,0.65447,HS_IMPORT_VOLUME_VOLATILITY;HS_NET_IMPORT_EXPOSURE
2024-01,2827200000,0.27157941664803775,-0.26905638348952887,-0.3110087777555448,-0.05739484321143251,-0.26948602418274303,4.281988950276243,0.44834841527127506,0.10291089281519204,0,0.0,,,0.2848966364776883,0.26948602418274303,0.0,0.0,0.44834841527127506,0.10291089281519204,0.0,0.0,0.9809500015794114,1.0,0.0,0.0,0.0,0.836219,HS_IMPORT_VOLUME_VOLATILITY;HS_NET_IMPORT_EXPOSURE;HS_EXPORT_VOLUME_SURGE
2024-02,2827200000,0.2735531895490778,-0.488057657992066,-0.5513714504909533,-0.12367367827118703,-0.4876621262275307,-0.8156441717791412,0.48075102310703693,0.10524328017750294,0,0.0,,,0.5167912515799089,0.4876621262275307,0.0,0.0,0.48075102310703693,0.10524328017750294,0.0,0.0,0.9798703889706792,0.0,0.0,0.0,0.0,0.836219,HS_IMPORT_VOLUME_DROP;HS_NET_IMPORT_AVAILABILITY_DROP;HS_IMPORT_VOLUME_VOLATILITY;HS_NET_IMPORT_EXPOSURE
2024-03,2827200000,0.3212573926056324,-0.4210762827086021,-0.42842285622919896,-0.01269005449451821,-0.4211532481363873,-0.36810817111551464,0.6211067222687408,0.17951541792211495,0,0.0,,,0.4458664577600615,0.4211532481363873,0.0,0.0,0.6211067222687408,0.17951541792211495,0.0,0.0,0.9412480720960474,0.0,0.0,0.0,0.0,0.836219,HS_IMPORT_VOLUME_DROP;HS_NET_IMPORT_AVAILABILITY_DROP;HS_IMPORT_VOLUME_VOLATILITY;HS_NET_IMPORT_EXPOSURE
2024-04,2827200000,0.3953710476964867,0.35875316271654367,0.1651997073749787,-0.14244931357112378,0.3573521592128981,2.8523809523809525,0.8473422532406093,0.1476354913644071,0,0.0,,,0.0,0.0,0.0,0.0,0.8473422532406093,0.1476354913644071,0.0,0.0,0.9660253980288097,1.0,0.0,0.0,0.0,0.836219,HS_IMPORT_VOLUME_VOLATILITY;HS_NET_IMPORT_EXPOSURE;HS_EXPORT_VOLUME_SURGE
2024-05,2827200000,0.43393447151586456,0.9065336109286637,0.537469807710405,-0.19357844052824735,0.9072650041050478,0.32388797364085664,1.0449334129882784,0.21171010585311817,0,0.0,,,0.0,0.0,0.0,0.0,1.0,0.21171010585311817,0.0,0.0,0.975259865029806,0.32388797364085664,0.0,0.0,0.0,0.836219,HS_IMPORT_VOLUME_VOLATILITY;HS_NET_IMPORT_EXPOSURE;HS_EXPORT_VOLUME_SURGE
2024-06,2827200000,0.4125950094852785,-0.11967594485850996,-0.23702964221785394,-0.1333073845636108,-0.12737358082851402,320.73441734417344,0.8525927061232911,0.21159096458383708,0,0.0,,,0.1267216696934667,0.12737358082851402,0.0,0.0,0.8525927061232911,0.21159096458383708,0.0,0.0,0.9641130430597604,1.0,0.0,0.0,0.0,0.836219,HS_IMPORT_VOLUME_VOLATILITY;HS_NET_IMPORT_EXPOSURE;HS_EXPORT_VOLUME_SURGE
2024-07,2827200000,0.2871234807289028,-0.41798177095440825,-0.3759836321014556,0.07215949047132453,-0.4185438392786006,139.61666666666667,0.4269842329895929,0.2124173663270073,0,0.0,,,0.4425897617052184,0.4185438392786006,0.0,0.07215949047132453,0.4269842329895929,0.2124173663270073,0.0,0.0,0.9751757212869038,1.0,0.0,0.0,0.0,0.836219,HS_IMPORT_VOLUME_DROP;HS_NET_IMPORT_AVAILABILITY_DROP;HS_IMPORT_VOLUME_VOLATILITY;HS_NET_IMPORT_EXPOSURE;HS_EXPORT_VOLUME_SURGE
2024-08,2827200000,0.3487237920460349,0.9657365136929978,0.6661160784934326,-0.1524214629541948,0.9656390152854846,1.2379174445135863,0.7098719551363039,0.2396119241261505,0,0.0,,,0.0,0.0,0.0,0.0,0.7098719551363039,0.2396119241261505,0.0,0.0,0.9868058282315247,1.0,0.0,0.0,0.0,0.836219,HS_IMPORT_VOLUME_VOLATILITY;HS_NET_IMPORT_EXPOSURE;HS_EXPORT_VOLUME_SURGE
2024-09,2827200000,0.34103884570918974,0.785714936490727,0.5263561576788376,-0.145240863203832,0.7854699709859987,1.8421709295071742,0.698801838075073,0.1612531276957423,0,0.0,,,0.0,0.0,0.0,0.0,0.698801838075073,0.1612531276957423,0.0,0.0,0.9867527371165618,1.0,0.0,0.0,0.0,0.836219,HS_IMPORT_VOLUME_VOLATILITY;HS_NET_IMPORT_EXPOSURE;HS_EXPORT_VOLUME_SURGE
2024-10,2827200000,0.3121976940437017,0.2347456701467261,0.15502286031705337,-0.06456617889593341,0.23482438947780193,-0.33827715355805243,0.7092805350250161,0.1455409040036319,0,0.0,,,0.0,0.0,0.0,0.0,0.7092805350250161,0.1455409040036319,0.0,0.0,0.9984497579209213,0.0,0.0,0.0,0.0,0.836219,HS_IMPORT_VOLUME_VOLATILITY;HS_NET_IMPORT_EXPOSURE
2024-11,2827200000,0.2983097498423142,0.18167863158957198,-0.0590128281168939,-0.20368605581256238,0.18092266206564345,4.552516158818098,0.5898620156078072,0.11338538502030657,0,0.0,,,0.0,0.0,0.0,0.0,0.5898620156078072,0.11338538502030657,0.0,0.0,0.9949161224245541,1.0,0.0,0.0,0.0,0.836219,HS_IMPORT_VOLUME_VOLATILITY;HS_NET_IMPORT_EXPOSURE;HS_EXPORT_VOLUME_SURGE
2024-12,2827200000,0.24464570459539947,-0.2604000620790756,-0.36170878028424314,-0.13697772675583852,-0.2604171199278955,0.051118210862619806,0.4583609598015789,0.11306830694116776,0,0.0,,,0.27573068835141423,0.2604171199278955,0.0,0.0,0.4583609598015789,0.11306830694116776,0.0,0.0,0.9964696948494642,0.051118210862619806,0.0,0.0,0.0,0.836219,HS_IMPORT_VOLUME_VOLATILITY;HS_NET_IMPORT_EXPOSURE
2025-01,2827200000,0.14356160807228036,0.17115227037319403,0.026884261692190936,-0.12318467233558905,0.17188614971832838,-0.9039789130161918,0.26450515498090565,0.10931268365994014,0,0.0,,,0.0,0.0,0.0,0.0,0.26450515498090565,0.10931268365994014,0.0,0.0,0.9975642695400021,0.0,0.0,0.0,0.0,0.836219,HS_NET_IMPORT_EXPOSURE
2025-02,2827200000,0.1629971573559372,2.2597240383060027,1.1869715428377492,-0.3290930406568209,2.260163632668371,1.2479201331114806,0.2325546180798765,0.08746435517699414,0,0.0,,,0.0,0.0,0.0,0.0,0.2325546180798765,0.08746435517699414,0.0,0.0,0.9946319300994492,1.0,0.0,0.0,0.0,0.836219,HS_NET_IMPORT_EXPOSURE;HS_EXPORT_VOLUME_SURGE
2025-03,2827200000,0.2289745990788866,0.9783479657049772,0.46044142700174384,-0.2617873840604573,0.9792218652773026,0.42741191662054967,0.4450408917412613,0.21547864887764168,0,0.0,,,0.0,0.0,0.0,0.0,0.4450408917412613,0.21547864887764168,0.0,0.0,0.9711229678917842,0.42741191662054967,0.0,0.0,0.0,0.836219,HS_IMPORT_VOLUME_VOLATILITY;HS_NET_IMPORT_EXPOSURE;HS_EXPORT_VOLUME_SURGE
2025-04,2827200000,0.3439207044175934,-0.3560719662307761,-0.22965334375789737,0.19632414779783525,-0.3563019615804599,-0.2118355995055624,0.656231540395669,0.27916061814856363,0,0.0,,,0.3770351188381788,0.3563019615804599,0.0,0.19632414779783525,0.656231540395669,0.27916061814856363,0.0,0.0,0.9809304739509582,0.0,0.0,0.0,0.0,0.836219,HS_IMPORT_VOLUME_DROP;HS_NET_IMPORT_AVAILABILITY_DROP;HS_IMPORT_VOLUME_VOLATILITY;HS_NET_IMPORT_EXPOSURE
2025-05,2827200000,0.34470597618416265,0.21139564071160866,0.09843426893945306,-0.09324895019912638,0.21127352495755258,0.3515430562468891,0.7375966827983828,0.3949828239333262,0,0.0,,,0.0,0.0,0.0,0.0,0.7375966827983828,0.3949828239333262,0.0,0.0,0.978548214481799,0.3515430562468891,0.0,0.0,0.0,0.836219,HS_IMPORT_VOLUME_VOLATILITY;HS_IMPORT_UNIT_VALUE_VOLATILITY;HS_NET_IMPORT_EXPOSURE;HS_EXPORT_VOLUME_SURGE
2025-06,2827200000,0.467757465309248,-0.6510518199690702,-0.5884932884562708,0.17927742596982288,-0.6482675712767907,-0.9658187331536389,0.8962634178072337,0.3963719769184842,0,0.0,,,0.6893814273285369,0.6482675712767907,0.0,0.17927742596982288,0.8962634178072337,0.3963719769184842,0.0,0.0,0.9653060599899879,0.0,0.0,0.0,0.0,0.836219,HS_IMPORT_VOLUME_DROP;HS_NET_IMPORT_AVAILABILITY_DROP;HS_IMPORT_VOLUME_VOLATILITY;HS_IMPORT_UNIT_VALUE_VOLATILITY;HS_NET_IMPORT_EXPOSURE
2025-07,2827200000,0.3772326581952779,0.23349825035472782,-0.0032259305355709644,-0.19191286312908984,0.23432223894021775,-0.6153846153846154,0.8502091352801169,0.42144603040074274,0,0.0,,,0.0,0.0,0.0,0.0,0.8502091352801169,0.42144603040074274,0.0,0.0,0.9911163320956025,0.0,0.0,0.0,0.0,0.836219,HS_IMPORT_VOLUME_VOLATILITY;HS_IMPORT_UNIT_VALUE_VOLATILITY;HS_NET_IMPORT_EXPOSURE
2025-08,2827200000,0.327391956975679,-0.10986303201151726,-0.2957101273763092,-0.20878482980519986,-0.1095858140620729,-0.7896005190471777,0.6859858536429375,0.43023106525610083,0,0.0,,,0.11633103770808689,0.1095858140620729,0.0,0.0,0.6859858536429375,0.43023106525610083,0.0,0.0,0.997056680868827,0.0,0.0,0.0,0.0,0.836219,HS_IMPORT_VOLUME_VOLATILITY;HS_IMPORT_UNIT_VALUE_VOLATILITY;HS_NET_IMPORT_EXPOSURE
2025-09,2827200000,0.42084540166949364,0.4264833760018849,0.01205084061422479,-0.2905274203399567,0.42695105547911294,-0.8405765291191103,0.9715279982887959,0.37245075859163945,0,0.0,,,0.0,0.0,0.0,0.0,0.9715279982887959,0.37245075859163945,0.0,0.0,0.9980769111878406,0.0,0.0,0.0,0.0,0.836219,HS_IMPORT_VOLUME_VOLATILITY;HS_IMPORT_UNIT_VALUE_VOLATILITY;HS_NET_IMPORT_EXPOSURE
2025-10,2827200000,0.3480360162255444,-0.06110156736830907,-0.2956631523575929,-0.24982636762084898,-0.061039248184632244,-0.9076296128594068,0.7761468246159225,0.2454489444172625,0,0.0,,,0.06469882186394438,0.061039248184632244,0.0,0.0,0.7761468246159225,0.2454489444172625,0.0,0.0,0.998920938816637,0.0,0.0,0.0,0.0,0.836219,HS_IMPORT_VOLUME_VOLATILITY;HS_NET_IMPORT_EXPOSURE
2025-11,2827200000,0.3056274599549659,0.25693417445230504,-0.09602580392766968,-0.28081023298914853,0.2575591356855387,-0.5115679630822958,0.6904370755275765,0.16464206317906774,0,0.0,,,0.0,0.0,0.0,0.0,0.6904370755275765,0.16464206317906774,0.0,0.0,0.9894209453562374,0.0,0.0,0.0,0.0,0.836219,HS_IMPORT_VOLUME_VOLATILITY;HS_NET_IMPORT_EXPOSURE
2025-12,2827200000,0.24354155883624784,0.7353655701178305,0.10068254291710521,-0.36573448161566946,0.7354024339641598,0.2616744957170489,0.5075630842959079,0.11401389363702534,0,0.0,,,0.0,0.0,0.0,0.0,0.5075630842959079,0.11401389363702534,0.0,0.0,0.9978535961983006,0.2616744957170489,0.0,0.0,0.0,0.836219,HS_IMPORT_VOLUME_VOLATILITY;HS_NET_IMPORT_EXPOSURE
2026-01,2827200000,0.2053167363116534,0.06234780198709089,-0.3452407896203765,-0.38366775066045666,0.06228081005278763,1.2601307189542483,0.34366828781561887,0.10313835274194397,0,0.0,,,0.0,0.0,0.0,0.0,0.34366828781561887,0.10313835274194397,0.0,0.0,0.9921356674247215,1.0,0.0,0.0,0.0,0.836219,HS_IMPORT_VOLUME_VOLATILITY;HS_NET_IMPORT_EXPOSURE;HS_EXPORT_VOLUME_SURGE
2026-02,2827200000,0.25391370111129763,-0.5440842783627662,-0.5286479312498783,0.03385789605468004,-0.5440945862130353,-0.5096753727397695,0.40309964757659866,0.14259697087353693,0,0.0,,,0.5761163472710358,0.5440945862130353,0.0,0.03385789605468004,0.40309964757659866,0.14259697087353693,0.0,0.0,0.9894566836096176,0.0,0.0,0.0,0.0,0.836219,HS_IMPORT_VOLUME_DROP;HS_NET_IMPORT_AVAILABILITY_DROP;HS_IMPORT_VOLUME_VOLATILITY;HS_NET_IMPORT_EXPOSURE
2026-03,2827200000,0.3500810406687916,-0.47572813096722,-0.3350051509122378,0.26841604207107195,-0.47591532127811975,-0.3120961488756785,0.6295997110713759,0.2833964700959114,0,0.0,,,0.503735843887357,0.47591532127811975,0.0,0.26841604207107195,0.6295997110713759,0.2833964700959114,0.0,0.0,0.9833342199260192,0.0,0.0,0.0,0.0,0.836219,HS_IMPORT_VOLUME_DROP;HS_NET_IMPORT_AVAILABILITY_DROP;HS_IMPORT_VOLUME_VOLATILITY;HS_NET_IMPORT_EXPOSURE
2026-04,2827200000,0.38553566235957737,2.1517261955242,1.230402829481454,-0.2923234154512302,2.1545895864727416,0.6851597725936092,0.8300306754231694,0.283836656634048,0,0.0,,,0.0,0.0,0.0,0.0,0.8300306754231694,0.283836656634048,0.0,0.0,0.985654746378352,0.6851597725936092,0.0,0.0,0.0,0.836219,HS_IMPORT_VOLUME_VOLATILITY;HS_NET_IMPORT_EXPOSURE;HS_EXPORT_VOLUME_SURGE
2026-05,2827200000,0.549338481428839,-0.6862359708068834,-0.3059382882166779,1.2120499713373403,-0.6869377115393395,0.0355400055243531,1.0974760636730234,0.30536025659167015,0,0.0,,,0.7266369873008083,0.6869377115393395,0.0,1.0,1.0,0.30536025659167015,0.0,0.0,0.9626703314694474,0.0355400055243531,0.0,0.0,0.0,0.836219,HS_IMPORT_VOLUME_DROP;HS_NET_IMPORT_AVAILABILITY_DROP;HS_IMPORT_UNIT_VALUE_SHOCK;HS_IMPORT_VOLUME_VOLATILITY;HS_IMPORT_UNIT_VALUE_VOLATILITY;HS_NET_IMPORT_EXPOSURE
2026-06,2827200000,0.5161767200212283,-0.37928225433170004,0.1829714303202803,0.9058121643463346,-0.3797432182847934,0.15697387875800883,1.1318025514971626,0.27742760626339796,0,0.0,,,0.4016118745570733,0.3797432182847934,0.0,0.9058121643463346,1.0,0.27742760626339796,0.0,0.0,0.9685840315480965,0.15697387875800883,0.0,0.0,0.0,0.836219,HS_IMPORT_VOLUME_DROP;HS_NET_IMPORT_AVAILABILITY_DROP;HS_IMPORT_UNIT_VALUE_SHOCK;HS_IMPORT_VOLUME_VOLATILITY;HS_NET_IMPORT_EXPOSURE
2023-01,2827609010,0.026032204934939268,,,,,,,,0,0.0,,,,,0.0,,,,0.0,0.0,0.6600290290545187,,0.0,0.0,0.0,0.234054,HS_NET_IMPORT_EXPOSURE
2023-02,2827609010,0.03685025503093458,,,,,,,,0,0.0,,,,,0.0,,,,0.0,0.0,0.9343134056168603,,0.0,0.0,0.0,0.234054,HS_NET_IMPORT_EXPOSURE
2023-03,2827609010,0.13083219387107653,,,,,,0.25112878861440996,,0,0.0,,,,,0.0,,0.25112878861440996,,0.0,0.0,0.926889331154701,,0.0,0.0,0.0,0.6094579999999999,HS_NET_IMPORT_EXPOSURE
2023-04,2827609010,0.12105846253793807,,,,,,0.21739081686795392,0.05842748051933916,0,0.0,,,,,0.0,,0.21739081686795392,0.05842748051933916,0.0,0.0,0.9335245700997491,,0.0,0.0,0.0,0.65447,HS_NET_IMPORT_EXPOSURE
2023-05,2827609010,0.1215063439654878,,,,,,0.20061928863476267,0.16874232462800118,0,0.0,,,,,0.0,,0.20061928863476267,0.16874232462800118,0.0,0.0,0.9786169473057927,,0.0,0.0,0.0,0.65447,HS_NET_IMPORT_EXPOSURE
2023-06,2827609010,0.1212599908878942,,,,,,0.19873290999875354,0.21999474490689494,0,0.0,,,,,0.0,,0.19873290999875354,0.21999474490689494,0.0,0.0,0.9318338298971369,,0.0,0.0,0.0,0.65447,HS_NET_IMPORT_EXPOSURE
2023-07,2827609010,0.12032258312515427,,,,,,0.194847395453937,0.2069187938598517,0,0.0,,,,,0.0,,0.194847395453937,0.2069187938598517,0.0,0.0,0.9599721795325896,,0.0,0.0,0.0,0.65447,HS_NET_IMPORT_EXPOSURE
2023-08,2827609010,0.14545809086601136,,,,,,0.26742621792509746,0.21812196646356646,0,0.0,,,,,0.0,,0.26742621792509746,0.21812196646356646,0.0,0.0,0.893666818731777,,0.0,0.0,0.0,0.65447,HS_NET_IMPORT_EXPOSURE
2023-09,2827609010,0.14776719150163883,,,,,,0.2700798329474765,0.21830196057431234,0,0.0,,,,,0.0,,0.2700798329474765,0.21830196057431234,0.0,0.0,0.9267496778594206,,0.0,0.0,0.0,0.65447,HS_NET_IMPORT_EXPOSURE
2023-10,2827609010,0.1689356486784572,,,,,,0.3394988817635322,0.23139161598016583,0,0.0,,,,,0.0,,0.3394988817635322,0.23139161598016583,0.0,0.0,0.7877845655637769,,0.0,0.0,0.0,0.65447,HS_IMPORT_VOLUME_VOLATILITY;HS_NET_IMPORT_EXPOSURE
2023-11,2827609010,0.17038615226446024,,,,,,0.33858641518840976,0.18565445632630345,0,0.0,,,,,0.0,,0.33858641518840976,0.18565445632630345,0.0,0.0,0.8854435554096222,,0.0,0.0,0.0,0.65447,HS_IMPORT_VOLUME_VOLATILITY;HS_NET_IMPORT_EXPOSURE
2023-12,2827609010,0.1624158387514403,,,,,,0.32211412719568966,0.13196716105583084,0,0.0,,,,,0.0,,0.32211412719568966,0.13196716105583084,0.0,0.0,0.9014173345560345,,0.0,0.0,0.0,0.65447,HS_IMPORT_VOLUME_VOLATILITY;HS_NET_IMPORT_EXPOSURE
2024-01,2827609010,0.13310424263339968,0.18271466162532257,0.14865320465483434,-0.028799386763059154,,0.2831049870821263,0.2375926818421474,0.14734123799251486,0,0.0,,,0.0,,0.0,0.0,0.2375926818421474,0.14734123799251486,0.0,0.0,0.7116897028426408,0.2831049870821263,0.0,0.0,0.0,0.802296,HS_NET_IMPORT_EXPOSURE
2024-02,2827609010,0.14060676163142322,0.04213313903795757,0.3298041986105422,0.2760406024878428,,-0.001145381657530864,0.22038410187169197,0.1611611062440968,0,0.0,,,0.0,,0.0,0.2760406024878428,0.22038410187169197,0.1611611062440968,0.0,0.0,0.9254266291490489,0.0,0.0,0.0,0.0,0.802296,HS_NET_IMPORT_EXPOSURE
2024-03,2827609010,0.14007336692047972,0.0002654039028342492,0.27392577530807105,0.27358776014592623,,-0.005679640405588993,0.2251406358477435,0.16178284372795076,0,0.0,,,0.0,,0.0,0.27358776014592623,0.2251406358477435,0.16178284372795076,0.0,0.0,0.8691010567578575,0.0,0.0,0.0,0.0,0.802296,HS_NET_IMPORT_EXPOSURE
2024-04,2827609010,0.11486613155706743,0.3574970380446707,0.290282622442527,-0.049513489693472135,,0.004461727384363456,0.19239855532938227,0.16116135083975644,0,0.0,,,0.0,,0.0,0.0,0.19239855532938227,0.16116135083975644,0.0,0.0,0.8934766876628615,0.004461727384363456,0.0,0.0,0.0,0.802296,HS_NET_IMPORT_EXPOSURE
2024-05,2827609010,0.2252677188787021,-0.3323225380395962,0.28327119716552196,0.9219926840088932,,0.8695591380161212,0.23302616366874387,0.21148522857981095,0,0.0,,,0.3518874820410803,,0.0,0.9219926840088932,0.23302616366874387,0.21148522857981095,0.0,0.0,0.7669805638978237,0.8695591380161212,0.0,0.0,0.0,0.802296,HS_IMPORT_VOLUME_DROP;HS_IMPORT_UNIT_VALUE_SHOCK;HS_NET_IMPORT_EXPOSURE;HS_EXPORT_VOLUME_SURGE
2024-06,2827609010,0.14171877134915403,0.13315493217680174,0.2049177704149232,0.06333012035720875,,0.15233571985539096,0.23959917145239257,0.2385058233412592,0,0.0,,,0.0,,0.0,0.06333012035720875,0.23959917145239257,0.2385058233412592,0.0,0.0,0.8326850802828456,0.15233571985539096,0.0,0.0,0.0,0.802296,HS_NET_IMPORT_EXPOSURE
2024-07,2827609010,0.1397762717942889,-0.2102309392049121,-0.2701155307869776,-0.07582544639287025,,0.302652557319224,0.19144865861254967,0.24599930188512348,0,0.0,,,0.22260794070829318,,0.0,0.0,0.19144865861254967,0.24599930188512348,0.0,0.0,0.8292985720022035,0.302652557319224,0.0,0.0,0.0,0.802296,HS_NET_IMPORT_EXPOSURE;HS_EXPORT_VOLUME_SURGE
2024-08,2827609010,0.19980061458790158,-0.02460141976026997,0.4612176552812699,0.4980723622974077,,1.2231819393305234,0.26398835080247013,0.25184393387561066,0,0.0,,,0.02604978797148451,,0.0,0.4980723622974077,0.26398835080247013,0.25184393387561066,0.0,0.0,0.7526544329136822,1.0,0.0,0.0,0.0,0.802296,HS_IMPORT_UNIT_VALUE_SHOCK;HS_NET_IMPORT_EXPOSURE;HS_EXPORT_VOLUME_SURGE
2024-09,2827609010,0.16280070743396854,0.2056259253166639,0.32521468297518563,0.09919225785320673,,0.3466374889767123,0.2693077261049543,0.27649578716627105,0,0.0,,,0.0,,0.0,0.09919225785320673,0.2693077261049543,0.27649578716627105,0.0,0.0,0.8343177756893392,0.3466374889767123,0.0,0.0,0.0,0.802296,HS_NET_IMPORT_EXPOSURE;HS_EXPORT_VOLUME_SURGE
2024-10,2827609010,0.1435624604015381,0.5814050015565009,0.8757749150093215,0.18614454435333538,,0.007517219677633635,0.23153827339763472,0.2957922719348585,0,0.0,,,0.0,,0.0,0.18614454435333538,0.23153827339763472,0.2957922719348585,0.0,0.0,0.8509382988141625,0.007517219677633635,0.0,0.0,0.0,0.802296,HS_NET_IMPORT_EXPOSURE
2024-11,2827609010,0.18975815997625575,-0.439723539054539,-0.33718774855043443,0.1830092778323693,,0.1527376914487959,0.27543002862365185,0.25297768875916476,0,0.0,,,0.4656115407184868,,0.0,0.1830092778323693,0.27543002862365185,0.25297768875916476,0.0,0.0,0.7803291995113053,0.1527376914487959,0.0,0.0,0.0,0.802296,HS_IMPORT_VOLUME_DROP;HS_NET_IMPORT_EXPOSURE
2024-12,2827609010,0.20816844365746326,0.5932198609563832,1.2162534961014475,0.391053143645264,,0.002793452539311403,0.3717887599443789,0.2562071904735783,0,0.0,,,0.0,,0.0,0.391053143645264,0.3717887599443789,0.2562071904735783,0.0,0.0,0.9373857253481602,0.002793452539311403,0.0,0.0,0.0,0.802296,HS_IMPORT_UNIT_VALUE_SHOCK;HS_IMPORT_VOLUME_VOLATILITY;HS_NET_IMPORT_EXPOSURE
2025-01,2827609010,0.21838144507145416,-0.13640781941894375,-0.09734871896279129,0.04522864071079491,,0.2582753171315082,0.4346497097333294,0.3101321084103004,0,0.0,,,0.1444386059073949,,0.0,0.04522864071079491,0.4346497097333294,0.3101321084103004,0.0,0.0,0.5393487023263719,0.2582753171315082,0.0,0.0,0.0,0.802296,HS_IMPORT_VOLUME_VOLATILITY;HS_IMPORT_UNIT_VALUE_VOLATILITY;HS_NET_IMPORT_EXPOSURE
2025-02,2827609010,0.2261925540830067,-0.1389292244810154,-0.09206988910233582,0.05441984179574155,,0.6997297075927595,0.38650115379357974,0.306740384000864,0,0.0,,,0.14710845455423063,,0.0,0.05441984179574155,0.38650115379357974,0.306740384000864,0.0,0.0,0.8191962898461054,0.6997297075927595,0.0,0.0,0.0,0.802296,HS_IMPORT_VOLUME_VOLATILITY;HS_IMPORT_UNIT_VALUE_VOLATILITY;HS_NET_IMPORT_EXPOSURE;HS_EXPORT_VOLUME_SURGE
2025-03,2827609010,0.23287045213505192,-0.31532789632443303,-0.18975095111680784,0.18341180330479778,,0.02276422764227637,0.41529251481033724,0.276243607014285,0,0.0,,,0.33389230868745556,,0.0,0.18341180330479778,0.41529251481033724,0.276243607014285,0.0,0.0,0.836531855718167,0.02276422764227637,0.0,0.0,0.0,0.802296,HS_IMPORT_VOLUME_DROP;HS_IMPORT_VOLUME_VOLATILITY;HS_NET_IMPORT_EXPOSURE
2025-04,2827609010,0.24386694504956719,0.02058012240324114,0.4374700856592577,0.4084833263990415,,0.528473042911284,0.42508606976464397,0.257014255347517,0,0.0,,,0.0,,0.0,0.4084833263990415,0.42508606976464397,0.257014255347517,0.0,0.0,0.8781262699333132,0.528473042911284,0.0,0.0,0.0,0.802296,HS_IMPORT_UNIT_VALUE_SHOCK;HS_IMPORT_VOLUME_VOLATILITY;HS_NET_IMPORT_EXPOSURE;HS_EXPORT_VOLUME_SURGE
2025-05,2827609010,0.17731576333063243,0.6010375244746775,0.6308024184170196,0.018591003325864053,,-0.36186818359796047,0.3455732738156741,0.25446072462484115,0,0.0,,,0.0,,0.0,0.018591003325864053,0.3455732738156741,0.25446072462484115,0.0,0.0,0.8920017113967315,0.0,0.0,0.0,0.0,0.802296,HS_IMPORT_VOLUME_VOLATILITY;HS_NET_IMPORT_EXPOSURE
2025-06,2827609010,0.15904852424393914,0.08133550488599339,0.29436262061960394,0.19700371880054934,,-0.11208169291338588,0.27630904446653876,0.23549867581216524,0,0.0,,,0.0,,0.0,0.19700371880054934,0.27630904446653876,0.23549867581216524,0.0,0.0,0.8783702263887464,0.0,0.0,0.0,0.0,0.802296,HS_NET_IMPORT_EXPOSURE
2025-07,2827609010,0.15235821724844517,-0.23544122016440527,0.07144226364991968,0.40138638376543767,,0.0005036528369735116,0.20857474710195714,0.12694100231982303,0,0.0,,,0.24930243558280948,,0.0,0.40138638376543767,0.20857474710195714,0.12694100231982303,0.0,0.0,0.8063969528903285,0.0005036528369735116,0.0,0.0,0.0,0.802296,HS_IMPORT_UNIT_VALUE_SHOCK;HS_NET_IMPORT_EXPOSURE
2025-08,2827609010,0.11744095426887033,0.45199007349432097,0.4355913337819901,-0.011293975084048724,,-0.3623604111626668,0.2136500548645599,0.07192004081378091,0,0.0,,,0.0,,0.0,0.0,0.2136500548645599,0.07192004081378091,0.0,0.0,0.8620117186528028,0.0,0.0,0.0,0.0,0.802296,HS_NET_IMPORT_EXPOSURE
2025-09,2827609010,0.12336949470308674,-0.09414654113794518,0.24602764115861953,0.3755289323770934,,-0.12375697307785594,0.1616945108503928,0.05294588840406532,0,0.0,,,0.09968926422908216,,0.0,0.3755289323770934,0.1616945108503928,0.05294588840406532,0.0,0.0,0.8793433295226462,0.0,0.0,0.0,0.0,0.802296,HS_IMPORT_UNIT_VALUE_SHOCK;HS_NET_IMPORT_EXPOSURE
2025-10,2827609010,0.13645655037011475,-0.3299704724409449,-0.2494818071187591,0.12012704218485593,,0.1261104941699056,0.18930259226635598,0.06748519624055038,0,0.0,,,0.34939694244064473,,0.0,0.12012704218485593,0.18930259226635598,0.06748519624055038,0.0,0.0,0.7528884536479288,0.1261104941699056,0.0,0.0,0.0,0.802296,HS_IMPORT_VOLUME_DROP;HS_NET_IMPORT_EXPOSURE
2025-11,2827609010,0.12002818882543498,0.10643681796615523,0.23921775367776266,0.12000769818531931,,-0.2439400308252767,0.20926628239778336,0.06439504508788914,0,0.0,,,0.0,,0.0,0.12000769818531931,0.20926628239778336,0.06439504508788914,0.0,0.0,0.8222845721154171,0.0,0.0,0.0,0.0,0.802296,HS_NET_IMPORT_EXPOSURE
2025-12,2827609010,0.15204253167982013,-0.2592582758010268,-0.43194758129014077,-0.2331302528905842,,0.00013265099523152024,0.2553947469238593,0.07022424991872923,0,0.0,,,0.27452168128020626,,0.0,0.0,0.2553947469238593,0.07022424991872923,0.0,0.0,0.8973303262252443,0.00013265099523152024,0.0,0.0,0.0,0.802296,HS_NET_IMPORT_EXPOSURE
2026-01,2827609010,0.1600451941616201,0.23749374687343683,0.9553076467404171,0.5800545672901847,,-0.1634177092425565,0.2726969054029426,0.11735542583138506,0,0.0,,,0.0,,0.0,0.5800545672901847,0.2726969054029426,0.11735542583138506,0.0,0.0,0.5760734131170933,0.0,0.0,0.0,0.0,0.802296,HS_IMPORT_UNIT_VALUE_SHOCK;HS_NET_IMPORT_EXPOSURE
2026-02,2827609010,0.15666931294031658,-0.17249348094249173,-0.29144862745206357,-0.14375131043687284,,-0.392444101773323,0.2800160117771124,0.17725669043485848,0,0.0,,,0.18264875152741605,,0.0,0.0,0.2800160117771124,0.17725669043485848,0.0,0.0,0.807670117132172,0.0,0.0,0.0,0.0,0.802296,HS_NET_IMPORT_EXPOSURE
2026-03,2827609010,0.13588585060653374,0.44705066492616474,0.36276827771734177,-0.05824425450447046,,0.01584342963653307,0.2758506005731925,0.19754411152624027,0,0.0,,,0.0,,0.0,0.0,0.2758506005731925,0.19754411152624027,0.0,0.0,0.5812024360003318,0.01584342963653307,0.0,0.0,0.0,0.802296,HS_NET_IMPORT_EXPOSURE
2026-04,2827609010,0.1448662547079935,-0.38775100825608644,-0.5059128370014644,-0.1929963631443622,,-0.1697060830987117,0.23447339918459054,0.2005036879911716,0,0.0,,,0.41057921246938417,,0.0,0.0,0.23447339918459054,0.2005036879911716,0.0,0.0,0.544659531796398,0.0,0.0,0.0,0.0,0.802296,HS_IMPORT_VOLUME_DROP;HS_NET_IMPORT_EXPOSURE
2026-05,2827609010,0.11977280536151455,-0.22338212489125908,-0.3570793781676097,-0.17215320115781596,,-0.06551624289890245,0.18402930354244262,0.203888778677511,0,0.0,,,0.23653338086749162,,0.0,0.0,0.18402930354244262,0.203888778677511,0.0,0.0,0.6677659476055162,0.0,0.0,0.0,0.0,0.802296,HS_NET_IMPORT_EXPOSURE
2026-06,2827609010,0.08726171756405625,-0.05946320450643128,-0.1706871746579821,-0.11825584143487278,,0.012186504087571048,0.11710470799568935,0.19879843392356528,0,0.0,,,0.06296400307754264,,0.0,0.0,0.11710470799568935,0.19879843392356528,0.0,0.0,0.7585132963920365,0.012186504087571048,0.0,0.0,0.0,0.802296,HS_NET_IMPORT_EXPOSURE
2023-01,2836500000,0.02602519639979345,,,,,,,,0,0.0,,,,,0.0,,,,0.0,0.0,0.659851332364632,,0.0,0.0,0.0,0.234054,HS_NET_IMPORT_EXPOSURE
2023-02,2836500000,0.0309332993246622,,,,,,,,0,0.0,,,,,0.0,,,,0.0,0.0,0.7842929774767933,,0.0,0.0,0.0,0.234054,HS_NET_IMPORT_EXPOSURE
2023-03,2836500000,0.10078217584796917,,,,,,0.18504509745548398,,0,0.0,,,,,0.0,,0.18504509745548398,,0.0,0.0,0.7939835724953898,,0.0,0.0,0.0,0.6094579999999999,HS_NET_IMPORT_EXPOSURE
2023-04,2836500000,0.09993159718783534,,,,,,0.16782406122329857,0.07874473365915163,0,0.0,,,,,0.0,,0.16782406122329857,0.07874473365915163,0.0,0.0,0.8464621930706225,,0.0,0.0,0.0,0.65447,HS_NET_IMPORT_EXPOSURE
2023-05,2836500000,0.09000056092393025,,,,,,0.15136890208938955,0.06949516352196991,0,0.0,,,,,0.0,,0.15136890208938955,0.06949516352196991,0.0,0.0,0.7618456252000239,,0.0,0.0,0.0,0.65447,HS_NET_IMPORT_EXPOSURE
2023-06,2836500000,0.08582955729661529,,,,,,0.13901400731640515,0.07736070671493163,0,0.0,,,,,0.0,,0.13901400731640515,0.07736070671493163,0.0,0.0,0.7647114110533464,,0.0,0.0,0.0,0.65447,HS_NET_IMPORT_EXPOSURE
2023-07,2836500000,0.054905824335201796,,,,,,0.0707068168151916,0.07452827279454892,0,0.0,,,,,0.0,,0.0707068168151916,0.07452827279454892,0.0,0.0,0.6340492345651321,,0.0,0.0,0.0,0.65447,HS_NET_IMPORT_EXPOSURE
2023-08,2836500000,0.06294781489312429,,,,,,0.10500594895204679,0.06570082168365181,0,0.0,,,,,0.0,,0.10500594895204679,0.06570082168365181,0.0,0.0,0.521559703027448,,0.0,0.0,0.0,0.65447,HS_NET_IMPORT_EXPOSURE
2023-09,2836500000,0.06715168305402272,,,,,,0.10179235073759976,0.0619161001996295,0,0.0,,,,,0.0,,0.10179235073759976,0.0619161001996295,0.0,0.0,0.6630526587951392,,0.0,0.0,0.0,0.65447,HS_NET_IMPORT_EXPOSURE
2023-10,2836500000,0.07077176194876184,,,,,,0.10758629354096803,0.06405971753490558,0,0.0,,,,,0.0,,0.10758629354096803,0.06405971753490558,0.0,0.0,0.6972435030203876,,0.0,0.0,0.0,0.65447,HS_NET_IMPORT_EXPOSURE
2023-11,2836500000,0.06363999356443739,,,,,,0.10486799876790501,0.061850945837587185,0,0.0,,,,,0.0,,0.10486799876790501,0.061850945837587185,0.0,0.0,0.5448161197974014,,0.0,0.0,0.0,0.65447,HS_NET_IMPORT_EXPOSURE
2023-12,2836500000,0.06764236284580019,,,,,,0.10675436369473254,0.060950145570838894,0,0.0,,,,,0.0,,0.10675436369473254,0.060950145570838894,0.0,0.0,0.6293668959942247,,0.0,0.0,0.0,0.65447,HS_NET_IMPORT_EXPOSURE
2024-01,2836500000,0.07550802466411156,0.4984227493680169,0.17239681529427298,-0.21757940755454397,0.7733877733223529,-0.3278730232154732,0.11046482599993995,0.06269622373940743,0,0.0,,,0.0,0.0,0.0,0.0,0.11046482599993995,0.06269622373940743,0.0,0.0,0.7914861362914708,0.0,0.0,0.0,0.0,0.836219,HS_NET_IMPORT_EXPOSURE
2024-02,2836500000,0.08603068755429756,0.14642678491378192,-0.2526159312817765,-0.34807518582668906,-0.007166898172881742,0.9865505577756186,0.07254322853630765,0.053175699037159525,0,0.0,,,0.0,0.007166898172881742,0.0,0.0,0.07254322853630765,0.053175699037159525,0.0,0.0,0.6102659426280046,0.9865505577756186,0.0,0.0,0.0,0.836219,HS_NET_IMPORT_EXPOSURE;HS_EXPORT_VOLUME_SURGE
2024-03,2836500000,0.048903863791392777,0.0025139534904927707,-0.2709025240472841,-0.2727308448783299,0.09954477711214182,-0.4080451820016123,0.03989186291542826,0.06008565929303092,0,0.0,,,0.0,0.0,0.0,0.0,0.03989186291542826,0.06008565929303092,0.0,0.0,0.7916564790292192,0.0,0.0,0.0,0.0,0.836219,HS_NET_IMPORT_EXPOSURE
2024-04,2836500000,0.07480635081269008,0.22437726980381156,-0.24896855101274262,-0.3866012809045375,0.2196064967020912,0.26538111764815064,0.09156402585628831,0.04880106762949597,0,0.0,,,0.0,0.0,0.0,0.0,0.09156402585628831,0.04880106762949597,0.0,0.0,0.7505801885860004,0.26538111764815064,0.0,0.0,0.0,0.836219,HS_NET_IMPORT_EXPOSURE
2024-05,2836500000,0.08415986165938513,0.3891043625467927,0.008933507082951042,-0.27368055684947523,0.6273618763521354,-0.5088763283696647,0.12938216880089143,0.08769114908660933,0,1.0,,,0.0,0.0,0.0,0.0,0.12938216880089143,0.08769114908660933,0.0,0.0,0.8022647488696745,0.0,3.6425393963401586e-05,3.6425393963401586e-05,1.3268093253890126e-09,0.836219,HS_NET_IMPORT_EXPOSURE
2024-06,2836500000,0.10601301724551046,0.2934617444109793,0.08870246930189096,-0.15830330969883621,0.11934119018971279,1.2758852047441782,0.1149110766154485,0.08938525454923643,0,0.0,,,0.0,0.0,0.0,0.0,0.1149110766154485,0.08938525454923643,0.0,0.0,0.6673900347859942,1.0,0.0,0.0,0.0,0.836219,HS_NET_IMPORT_EXPOSURE;HS_EXPORT_VOLUME_SURGE
2024-07,2836500000,0.0939280974215658,-0.02091447925486878,-0.15989204501259902,-0.1419462986767096,-0.1192444579712666,0.37711512835340555,0.12451855430944776,0.09204751828761465,0,0.0,,,0.02214578489503259,0.1192444579712666,0.0,0.0,0.12451855430944776,0.09204751828761465,0.0,0.0,0.6416475213756188,0.37711512835340555,0.0,0.0,0.0,0.836219,HS_NET_IMPORT_EXPOSURE;HS_EXPORT_VOLUME_SURGE
2024-08,2836500000,0.0773930374561277,0.624047060642767,-0.0069620911043141165,-0.38854117410694955,1.132403364015731,-0.38436458289277897,0.11007949515703878,0.1396457288176797,0,0.0,,,0.0,0.0,0.0,0.0,0.11007949515703878,0.1396457288176797,0.0,0.0,0.7551284478246829,0.0,0.0,0.0,0.0,0.836219,HS_NET_IMPORT_EXPOSURE
2024-09,2836500000,0.07313307325306825,0.4152299363011891,-0.002417478238386672,-0.29510922842059784,0.5642561184272428,0.09516360805915647,0.10265144080552752,0.14567095035189434,0,0.0,,,0.0,0.0,0.0,0.0,0.10265144080552752,0.14567095035189434,0.0,0.0,0.6324584555440844,0.09516360805915647,0.0,0.0,0.0,0.836219,HS_NET_IMPORT_EXPOSURE
2024-10,2836500000,0.07893654090828561,0.081719435577563,0.11703018814497868,0.032643171053464703,0.10174217310386546,-0.007773379260706426,0.10388470540268958,0.16782232554268703,0,0.0,,,0.0,0.0,0.0,0.032643171053464703,0.10388470540268958,0.16782232554268703,0.0,0.0,0.7787342511957385,0.0,0.0,0.0,0.0,0.836219,HS_NET_IMPORT_EXPOSURE
2024-11,2836500000,0.06947195093055474,0.3221707016823965,0.04194010129927328,-0.21194736808684655,0.5253204367354547,-0.33877308804984796,0.08365101497508991,0.19430376755954215,0,0.0,,,0.0,0.0,0.0,0.0,0.08365101497508991,0.19430376755954215,0.0,0.0,0.7434655338215558,0.0,0.0,0.0,0.0,0.836219,HS_NET_IMPORT_EXPOSURE
2024-12,2836500000,0.07047748668610297,0.06594748198705358,-0.09562807868464107,-0.15157928828772915,0.1038040063337271,-0.08144871656864372,0.09191435338430243,0.19561863513743358,0,0.0,,,0.0,0.0,0.0,0.0,0.09191435338430243,0.19561863513743358,0.0,0.0,0.6888082138742968,0.0,0.0,0.0,0.0,0.836219,HS_NET_IMPORT_EXPOSURE
2025-01,2836500000,0.07486709778651415,0.09675604273633565,0.14026774831248923,0.03967309399781804,0.08536138133667803,0.18710265741003607,0.06360185099110263,0.21775724676052302,0,0.0,,,0.0,0.0,0.0,0.03967309399781804,0.06360185099110263,0.21775724676052302,0.0,0.0,0.8385547666613967,0.18710265741003607,0.0,0.0,0.0,0.836219,HS_NET_IMPORT_EXPOSURE
2025-02,2836500000,0.06494219536623663,0.1583200282877908,0.3434304452472403,0.15980938983941817,0.2851440901643094,-0.18837547117771447,0.05713205163826164,0.17619981102237614,0,0.0,,,0.0,0.0,0.0,0.15980938983941817,0.05713205163826164,0.17619981102237614,0.0,0.0,0.6944316487820135,0.0,0.0,0.0,0.0,0.836219,HS_NET_IMPORT_EXPOSURE
2025-03,2836500000,0.06962717200262274,0.19048130132176855,-0.0014053803053619696,-0.16118412058558373,0.24684365830101984,-0.25249399668004324,0.0717768743045793,0.21842095265024636,0,0.0,,,0.0,0.0,0.0,0.0,0.0717768743045793,0.21842095265024636,0.0,0.0,0.8328967916760114,0.0,0.0,0.0,0.0,0.836219,HS_NET_IMPORT_EXPOSURE
2025-04,2836500000,0.09209002145047866,0.21331315351068092,0.20789530907150056,-0.0044653306720561226,0.1997581425489403,0.3256013493693166,0.12132150595279462,0.194418603901048,0,0.0,,,0.0,0.0,0.0,0.0,0.12132150595279462,0.194418603901048,0.0,0.0,0.6897083323786737,0.3256013493693166,0.0,0.0,0.0,0.836219,HS_NET_IMPORT_EXPOSURE;HS_EXPORT_VOLUME_SURGE
2025-05,2836500000,0.10863274729733288,0.08923365860217358,-0.1776724476802336,-0.245040266773367,0.05708313506899598,0.4907486011962183,0.14183424070952536,0.1628892652767284,0,0.0,,,0.0,0.0,0.0,0.0,0.14183424070952536,0.1628892652767284,0.0,0.0,0.8136729074076808,0.4907486011962183,0.0,0.0,0.0,0.836219,HS_NET_IMPORT_EXPOSURE;HS_EXPORT_VOLUME_SURGE
2025-06,2836500000,0.09117678642536953,-0.05234969887712915,-0.15617472556305068,-0.10956048508917193,0.08025258992633177,-0.4203192113229677,0.13171171088498188,0.18230295880426275,0,0.0,,,0.05543170147938283,0.0,0.0,0.0,0.13171171088498188,0.18230295880426275,0.0,0.0,0.7598727366828889,0.0,0.0,0.0,0.0,0.836219,HS_NET_IMPORT_EXPOSURE
2025-07,2836500000,0.09929116946857018,0.7812454532967732,0.5260006330326787,-0.14329570345944243,1.2674179648657606,-0.4774045132549478,0.15625162296738668,0.16076535839767897,0,0.0,,,0.0,0.0,0.0,0.0,0.15625162296738668,0.16076535839767897,0.0,0.0,0.846766433100708,0.0,0.0,0.0,0.0,0.836219,HS_NET_IMPORT_EXPOSURE
2025-08,2836500000,0.13390939309243088,-0.03581072020553955,0.15882765609166727,0.20186739302753764,-0.15693986309425878,0.7964589058206346,0.1510025193514737,0.1631052346180175,0,0.0,,,0.037919017583163434,0.15693986309425878,0.0,0.20186739302753764,0.1510025193514737,0.1631052346180175,0.0,0.0,0.6564436868070517,0.7964589058206346,0.0,0.0,0.0,0.836219,HS_NET_IMPORT_EXPOSURE;HS_EXPORT_VOLUME_SURGE
2025-09,2836500000,0.10970732663134551,-0.07934711844188791,0.02133054570430115,0.10935463969417247,0.008373052516204238,-0.3484421877028846,0.17645190821296325,0.108883807247484,0,0.0,,,0.08401854981140185,0.0,0.0,0.10935463969417247,0.17645190821296325,0.108883807247484,0.0,0.0,0.6993342835512208,0.0,0.0,0.0,0.0,0.836219,HS_NET_IMPORT_EXPOSURE
2025-10,2836500000,0.10378760102814825,0.31251781332332307,-0.16384389649666675,-0.3629373292952359,0.45043463008939,-0.3719468595529487,0.17506430034654138,0.16380905851815558,0,0.0,,,0.0,0.0,0.0,0.0,0.17506430034654138,0.16380905851815558,0.0,0.0,0.7782355690483509,0.0,0.0,0.0,0.0,0.836219,HS_NET_IMPORT_EXPOSURE
2025-11,2836500000,0.16804789238894113,-0.0785637140649198,0.16459013621617058,0.2638856901910869,-0.34919819856257817,1.9525861500085786,0.18025993747446928,0.2225904316218488,0,0.0,,,0.08318902378750508,0.34919819856257817,0.0,0.2638856901910869,0.18025993747446928,0.2225904316218488,0.0,0.0,0.6883506950745889,1.0,0.0,0.0,0.0,0.836219,HS_NET_IMPORT_AVAILABILITY_DROP;HS_NET_IMPORT_EXPOSURE;HS_EXPORT_VOLUME_SURGE
2025-12,2836500000,0.11481157552299151,0.6550701690040701,0.4116998953189903,-0.14704529043111603,0.8705673536815428,-0.35319717889712776,0.1899897018874411,0.24355732610768766,0,0.0,,,0.0,0.0,0.0,0.0,0.1899897018874411,0.24355732610768766,0.0,0.0,0.8246666948829728,0.0,0.0,0.0,0.0,0.836219,HS_NET_IMPORT_EXPOSURE
2026-01,2836500000,0.15145314460855502,0.8285370923165853,0.042381102950687755,-0.429937129888851,-0.04155020533182985,7.136067831002247,0.23901722624966787,0.24881535396503834,0,0.0,,,0.0,0.04155020533182985,0.0,0.0,0.23901722624966787,0.24881535396503834,0.0,0.0,0.42055063201690435,1.0,0.0,0.0,0.0,0.836219,HS_NET_IMPORT_EXPOSURE;HS_EXPORT_VOLUME_SURGE
2026-02,2836500000,0.18656381689297075,-0.08420109216015403,-0.24294458505508176,-0.1733388100116502,-0.37580823956864584,1.1780372540224104,0.25670779791632514,0.30190774977080426,0,0.0,,,0.08915829326572854,0.37580823956864584,0.0,0.0,0.25670779791632514,0.30190774977080426,0.0,0.0,0.6492867904109066,1.0,0.0,0.0,0.0,0.836219,HS_NET_IMPORT_AVAILABILITY_DROP;HS_IMPORT_UNIT_VALUE_VOLATILITY;HS_NET_IMPORT_EXPOSURE;HS_EXPORT_VOLUME_SURGE
2026-03,2836500000,0.19676218117657718,1.0664212618939564,0.5798418573835895,-0.23546960800451588,0.7648981082054511,5.019253158552887,0.3220472943249253,0.3314928306950775,0,0.0,,,0.0,0.0,0.0,0.0,0.3220472943249253,0.3314928306950775,0.0,0.0,0.720422489353112,1.0,0.0,0.0,0.0,0.836219,HS_IMPORT_VOLUME_VOLATILITY;HS_IMPORT_UNIT_VALUE_VOLATILITY;HS_NET_IMPORT_EXPOSURE;HS_EXPORT_VOLUME_SURGE
2026-04,2836500000,0.186559498672348,0.31339880663674036,0.11202903911049722,-0.15331959075088308,0.011614213317828082,2.5760211109820257,0.30704072224420376,0.32064988537745004,0,0.0,,,0.0,0.0,0.0,0.0,0.30704072224420376,0.32064988537745004,0.0,0.0,0.6169491325872858,1.0,0.0,0.0,0.0,0.836219,HS_IMPORT_VOLUME_VOLATILITY;HS_IMPORT_UNIT_VALUE_VOLATILITY;HS_NET_IMPORT_EXPOSURE;HS_EXPORT_VOLUME_SURGE
2026-05,2836500000,0.17780481058298025,0.7712923925654482,0.4499368789404521,-0.18142431761904732,0.43956152363303147,3.7089710155243933,0.2719747204591907,0.2742830034249003,0,0.0,,,0.0,0.0,0.0,0.0,0.2719747204591907,0.2742830034249003,0.0,0.0,0.7816583269581555,1.0,0.0,0.0,0.0,0.836219,HS_NET_IMPORT_EXPOSURE;HS_EXPORT_VOLUME_SURGE
2026-06,2836500000,0.17623576019149426,0.7380513125878352,0.7582438304172165,0.011617906607898743,0.5779255867564095,1.5661046978984956,0.2617203803709016,0.3028858140329423,0,0.0,,,0.0,0.0,0.0,0.011617906607898743,0.2617203803709016,0.3028858140329423,0.0,0.0,0.7917679246617698,1.0,0.0,0.0,0.0,0.836219,HS_IMPORT_UNIT_VALUE_VOLATILITY;HS_NET_IMPORT_EXPOSURE;HS_EXPORT_VOLUME_SURGE
2023-01,2906110000,0.039440324241813506,,,,,,,,0,0.0,,,,,0.0,,,,0.0,0.0,0.9999828666061588,,0.0,0.0,0.0,0.234054,HS_NET_IMPORT_EXPOSURE
2023-02,2906110000,0.03943228192996129,,,,,,,,0,0.0,,,,,0.0,,,,0.0,0.0,0.9997789592039069,,0.0,0.0,0.0,0.234054,HS_NET_IMPORT_EXPOSURE
2023-03,2906110000,0.10832227907368674,,,,,,0.18380858747840542,,0,0.0,,,,,0.0,,0.18380858747840542,,0.0,0.0,0.9969270581360369,,0.0,0.0,0.0,0.6094579999999999,HS_NET_IMPORT_EXPOSURE
2023-04,2906110000,0.09986963124371365,,,,,,0.15867879763283402,0.02035093003553377,0,0.0,,,,,0.0,,0.15867879763283402,0.02035093003553377,0.0,0.0,0.9985786322455767,,0.0,0.0,0.0,0.65447,HS_NET_IMPORT_EXPOSURE
2023-05,2906110000,0.09577963931604605,,,,,,0.14783690522907805,0.018671766085087207,0,0.0,,,,,0.0,,0.14783690522907805,0.018671766085087207,0.0,0.0,0.9999903706905832,,0.0,0.0,0.0,0.65447,HS_NET_IMPORT_EXPOSURE
2023-06,2906110000,0.09657402128180612,,,,,,0.14882919076663345,0.028044934466491866,0,0.0,,,,,0.0,,0.14882919076663345,0.028044934466491866,0.0,0.0,0.9999895834548597,,0.0,0.0,0.0,0.65447,HS_NET_IMPORT_EXPOSURE
2023-07,2906110000,0.09215533302002846,,,,,,0.13723536281799267,0.026636015424488572,0,0.0,,,,,0.0,,0.13723536281799267,0.026636015424488572,0.0,0.0,0.9999160404253358,,0.0,0.0,0.0,0.65447,HS_NET_IMPORT_EXPOSURE
2023-08,2906110000,0.11365869996847824,,,,,,0.1884087018439676,0.07812005765445575,0,0.0,,,,,0.0,,0.1884087018439676,0.07812005765445575,0.0,0.0,0.9992895622905876,,0.0,0.0,0.0,0.65447,HS_NET_IMPORT_EXPOSURE
2023-09,2906110000,0.11916982593378193,,,,,,0.2030783073026211,0.07798032651772797,0,0.0,,,,,0.0,,0.2030783073026211,0.07798032651772797,0.0,0.0,0.9995529170642931,,0.0,0.0,0.0,0.65447,HS_NET_IMPORT_EXPOSURE
2023-10,2906110000,0.12393148870158116,,,,,,0.21202446676732692,0.1088496222842842,0,0.0,,,,,0.0,,0.21202446676732692,0.1088496222842842,0.0,0.0,0.9999015385258836,,0.0,0.0,0.0,0.65447,HS_NET_IMPORT_EXPOSURE
2023-11,2906110000,0.1385454527314927,,,,,,0.2509178558053811,0.1090572734099665,0,0.0,,,,,0.0,,0.2509178558053811,0.1090572734099665,0.0,0.0,1.0,,0.0,0.0,0.0,0.65447,HS_NET_IMPORT_EXPOSURE
2023-12,2906110000,0.13900531372678523,,,,,,0.25236465832617727,0.10849937974496582,0,0.0,,,,,0.0,,0.25236465832617727,0.10849937974496582,0.0,0.0,0.9985253277407923,,0.0,0.0,0.0,0.65447,HS_NET_IMPORT_EXPOSURE
2024-01,2906110000,0.14046622354243982,0.01799925225658283,-0.051808226824492265,-0.06857321253069082,0.016952411472520357,,0.2554331090993879,0.11503415527956677,0,0.0,,,0.0,0.0,0.0,0.0,0.2554331090993879,0.11503415527956677,0.0,0.0,0.9989020373887415,,0.0,0.0,0.0,0.80369,HS_NET_IMPORT_EXPOSURE
2024-02,2906110000,0.14001211766695665,-0.28093028201642123,-0.254468656569688,0.036799805060540036,-0.28191804548976707,4.92,0.08764938421994793,0.10362236638884935,0,0.0,,,0.2974695912922715,0.28191804548976707,0.0,0.036799805060540036,0.08764938421994793,0.10362236638884935,0.0,0.0,0.9986461090875315,1.0,0.0,0.0,0.0,0.836219,HS_NET_IMPORT_EXPOSURE;HS_EXPORT_VOLUME_SURGE
2024-03,2906110000,0.10207326239365719,-0.1656055269574641,-0.2914365866679288,-0.1508052411368862,-0.15948491604859627,-0.9615384615384616,0.1069996370096787,0.12965484630014773,0,0.0,,,0.17535528055639996,0.15948491604859627,0.0,0.0,0.1069996370096787,0.12965484630014773,0.0,0.0,0.9992292306565799,0.0,0.0,0.0,0.0,0.836219,HS_NET_IMPORT_EXPOSURE
2024-04,2906110000,0.11813920033064536,0.2173745500343054,0.09283670592934246,-0.10230035127763548,0.21778070464273958,-0.20588235294117652,0.19641183674250762,0.11108221689918829,0,0.0,,,0.0,0.0,0.0,0.0,0.19641183674250762,0.11108221689918829,0.0,0.0,0.9990968389010111,0.0,0.0,0.0,0.0,0.836219,HS_NET_IMPORT_EXPOSURE
2024-05,2906110000,0.11386203282120788,0.00331306353533245,-0.02347384903099914,-0.026698458875780484,0.00328790102746912,,0.18435297432410733,0.11588224858351205,0,0.0,,,0.0,0.0,0.0,0.0,0.18435297432410733,0.11588224858351205,0.0,0.0,0.9999517526127545,,0.0,0.0,0.0,0.80369,HS_NET_IMPORT_EXPOSURE
2024-06,2906110000,0.12382769678905237,-0.06078359178723036,-0.35578584916509304,-0.31409402007703535,-0.062223858615611194,,0.1899737468610454,0.15357047898886694,0,0.0,,,0.06436212599240826,0.062223858615611194,0.0,0.0,0.1899737468610454,0.15357047898886694,0.0,0.0,0.997918030284607,,0.0,0.0,0.0,0.80369,HS_NET_IMPORT_EXPOSURE
2024-07,2906110000,0.15730367303879192,0.18449987545813618,-0.021457325747043177,-0.17387692938804244,0.12428272763667092,967.1428571428571,0.21058606774403543,0.17345540207450502,0,0.0,,,0.0,0.0,0.0,0.0,0.21058606774403543,0.17345540207450502,0.0,0.0,0.9612394793547933,1.0,0.0,0.0,0.0,0.836219,HS_NET_IMPORT_EXPOSURE;HS_EXPORT_VOLUME_SURGE
2024-08,2906110000,0.14975598742070306,-0.27364696632158303,-0.27143775478540544,0.0030415120936295725,-0.2732993765855769,-1.0,0.19993240163717316,0.16099585461398633,0,0.0,,,0.2897574823396686,0.2732993765855769,0.0,0.0030415120936295725,0.19993240163717316,0.16099585461398633,0.0,0.0,0.9999828632499889,0.0,0.0,0.0,0.0,0.836219,HS_NET_IMPORT_EXPOSURE
2024-09,2906110000,0.10224909423582418,0.7438471343825073,0.7440091797789734,9.292408335070945e-05,0.7443785096000588,-0.9230769230769231,0.1497729407039391,0.14616216949417982,0,0.0,,,0.0,0.0,0.0,9.292408335070945e-05,0.1497729407039391,0.14616216949417982,0.0,0.0,0.9999728320971357,0.0,0.0,0.0,0.0,0.836219,HS_NET_IMPORT_EXPOSURE
2024-10,2906110000,0.1770963540057017,-0.1979478231970755,-0.3497064018256326,-0.1892128505074131,-0.19866848080098876,9.714285714285714,0.20911483112448345,0.14482079547956764,0,0.0,,,0.20960167640520488,0.19866848080098876,0.0,0.0,0.20911483112448345,0.14482079547956764,0.0,0.0,0.9979867723237136,1.0,0.0,0.0,0.0,0.836219,HS_NET_IMPORT_EXPOSURE;HS_EXPORT_VOLUME_SURGE
2024-11,2906110000,0.133279080583487,0.12671319040745788,-0.10456590828634538,-0.20526883031356435,0.11413324152177662,,0.2349388550116546,0.13791924731283445,0,0.0,,,0.0,0.0,0.0,0.0,0.2349388550116546,0.13791924731283445,0.0,0.0,0.9856259602100992,,0.0,0.0,0.0,0.80369,HS_NET_IMPORT_EXPOSURE
2024-12,2906110000,0.16322994745602193,0.5701314690234358,0.47476170070560886,-0.06073998910240519,0.5691732218493866,1.7012987012987013,0.22922842766731083,0.11662597928761732,0,0.0,,,0.0,0.0,0.0,0.0,0.22922842766731083,0.11662597928761732,0.0,0.0,0.9989125584115146,1.0,0.0,0.0,0.0,0.836219,HS_NET_IMPORT_EXPOSURE;HS_EXPORT_VOLUME_SURGE
2025-01,2906110000,0.12875234146649334,0.18164742917103882,0.12981921895818616,-0.04386097657675414,0.18284279742022225,-0.9795918367346939,0.22514458317171093,0.1064769693746724,0,0.0,,,0.0,0.0,0.0,0.0,0.22514458317171093,0.1064769693746724,0.0,0.0,0.999960016734049,0.0,0.0,0.0,0.0,0.836219,HS_NET_IMPORT_EXPOSURE
2025-02,2906110000,0.14061372894018231,0.369465100557715,0.19018041373911077,-0.13091584936745781,0.36949346197791044,0.3513513513513513,0.226324443810183,0.10818980225408129,0,0.0,,,0.0,0.0,0.0,0.0,0.226324443810183,0.10818980225408129,0.0,0.0,0.9977353502420214,0.3513513513513513,0.0,0.0,0.0,0.836219,HS_NET_IMPORT_EXPOSURE;HS_EXPORT_VOLUME_SURGE
2025-03,2906110000,0.15561140335113166,0.5541575344319074,0.5995088914666842,0.029180669288685568,0.5267567128627111,78.42307692307692,0.20885639354030225,0.10440693280368821,0,0.0,,,0.0,0.0,0.0,0.029180669288685568,0.20885639354030225,0.10440693280368821,0.0,0.0,0.9757534676195552,1.0,0.0,0.0,0.0,0.836219,HS_NET_IMPORT_EXPOSURE;HS_EXPORT_VOLUME_SURGE
2025-04,2906110000,0.10900018166517855,-0.08310364794441227,-0.10326645606964668,-0.021990280668072737,-0.08293934056425945,-0.345679012345679,0.1505983942742387,0.10215353540309678,0,0.0,,,0.08799623882296936,0.08293934056425945,0.0,0.0,0.1505983942742387,0.10215353540309678,0.0,0.0,0.999179765725729,0.0,0.0,0.0,0.0,0.836219,HS_NET_IMPORT_EXPOSURE
2025-05,2906110000,0.09114927001471429,0.30992308978431704,0.027273860622102575,-0.21577543854788728,0.3099559427171723,-1.0,0.12361949275496208,0.11776899396895307,0,0.0,,,0.0,0.0,0.0,0.0,0.12361949275496208,0.11776899396895307,0.0,0.0,1.0,0.0,0.0,0.0,0.0,0.836219,HS_NET_IMPORT_EXPOSURE
2025-06,2906110000,0.1260779254394896,0.302164162756108,0.7427360665195468,0.3383382190698154,0.30184299868357245,0.5112781954887218,0.1256782947284896,0.1250688275028099,0,0.0,,,0.0,0.0,0.0,0.3383382190698154,0.1256782947284896,0.1250688275028099,0.0,0.0,0.9971979959176099,0.5112781954887218,0.0,0.0,0.0,0.836219,HS_IMPORT_UNIT_VALUE_SHOCK;HS_NET_IMPORT_EXPOSURE;HS_EXPORT_VOLUME_SURGE
2025-07,2906110000,0.10944999903425191,-0.1720890410958904,-0.17217909427457667,-0.00010877157466970822,-0.12770722057368944,-0.9997048841670355,0.12863668997532382,0.12669025993749378,0,0.0,,,0.18222050094863448,0.12770722057368944,0.0,0.0,0.12863668997532382,0.12669025993749378,0.0,0.0,0.999867163435932,0.0,0.0,0.0,0.0,0.836219,HS_NET_IMPORT_EXPOSURE
2025-08,2906110000,0.1812072562146143,-0.3806108825864184,-0.23646416183110774,0.23272401258393494,-0.38083640037526156,,0.22470989253767454,0.14996434733413952,0,0.0,,,0.40301872361967217,0.38083640037526156,0.0,0.23272401258393494,0.22470989253767454,0.14996434733413952,0.0,0.0,0.9995905350087093,,0.0,0.0,0.0,0.80369,HS_IMPORT_VOLUME_DROP;HS_NET_IMPORT_AVAILABILITY_DROP;HS_NET_IMPORT_EXPOSURE
2025-09,2906110000,0.1700212160285443,-0.008757564469309864,0.018314997901453633,0.027311746753728716,-0.009657353716394312,64.0,0.2332174298112006,0.1835038137922851,0,0.0,,,0.00927315170405534,0.009657353716394312,0.0,0.027311746753728716,0.2332174298112006,0.1835038137922851,0.0,0.0,0.9980000807219,1.0,0.0,0.0,0.0,0.836219,HS_NET_IMPORT_EXPOSURE;HS_EXPORT_VOLUME_SURGE
2025-10,2906110000,0.14563774256619433,0.4821567307194281,0.7592708967003166,0.18696684381440476,0.48359752699182135,-1.0,0.23488091618831888,0.1879046938035201,0,0.0,,,0.0,0.0,0.0,0.18696684381440476,0.23488091618831888,0.1879046938035201,0.0,0.0,1.0,0.0,0.0,0.0,0.0,0.836219,HS_NET_IMPORT_EXPOSURE
2025-11,2906110000,0.1363174467879002,0.23908751145899454,0.6201848299337427,0.3075628758666251,0.25129552153655976,-0.8421052631578947,0.1954344281546481,0.17483361806679082,0,0.0,,,0.0,0.0,0.0,0.3075628758666251,0.1954344281546481,0.17483361806679082,0.0,0.0,0.9976628696294864,0.0,0.0,0.0,0.0,0.836219,HS_IMPORT_UNIT_VALUE_SHOCK;HS_NET_IMPORT_EXPOSURE
2025-12,2906110000,0.14844355856975144,0.19353393354709536,0.13450511903170637,-0.04945717323675891,0.19371100049078027,0.07211538461538458,0.2659775676722399,0.1533421966547212,0,0.0,,,0.0,0.0,0.0,0.0,0.2659775676722399,0.1533421966547212,0.0,0.0,0.9976023795883913,0.07211538461538458,0.0,0.0,0.0,0.836219,HS_NET_IMPORT_EXPOSURE
2026-01,2906110000,0.15702354587696077,0.5948530782960813,0.5489752920251483,-0.028766152127284395,0.5948725235105543,-0.5,0.2951830522438323,0.15043126188262698,0,0.0,,,0.0,0.0,0.0,0.0,0.2951830522438323,0.15043126188262698,0.0,0.0,0.9999603299246052,0.0,0.0,0.0,0.0,0.836219,HS_NET_IMPORT_EXPOSURE
2026-02,2906110000,0.1362217662187804,-0.12411878133436172,-0.156052833930446,-0.03645934164992615,-0.12315952105059869,-0.745,0.21016030426793592,0.11765990376966647,0,0.0,,,0.1314260708750124,0.12315952105059869,0.0,0.0,0.21016030426793592,0.11765990376966647,0.0,0.0,0.9995244185480069,0.0,0.0,0.0,0.0,0.836219,HS_NET_IMPORT_EXPOSURE
2026-03,2906110000,0.12393535719417499,0.4198774309243172,0.2857974671649828,-0.09443066059022454,0.4451151947096419,-0.9588377723970944,0.21592944490456312,0.07675814014364218,0,0.0,,,0.0,0.0,0.0,0.0,0.21592944490456312,0.07675814014364218,0.0,0.0,0.9994559583954957,0.0,0.0,0.0,0.0,0.836219,HS_NET_IMPORT_EXPOSURE
2026-04,2906110000,0.12245416070880492,0.2604137721979438,0.16794306563049877,-0.073365357160603,0.2604121036492908,0.26415094339622636,0.19097534534474483,0.061139189503800095,0,0.0,,,0.0,0.0,0.0,0.0,0.19097534534474483,0.061139189503800095,0.0,0.0,0.999383609171305,0.26415094339622636,0.0,0.0,0.0,0.836219,HS_NET_IMPORT_EXPOSURE
2026-05,2906110000,0.12035557485035997,-0.16853975608355187,-0.1005297607763106,0.08179584749222912,-0.1688397056664943,,0.15226131628681897,0.05371447754553639,0,0.0,,,0.1784622576064717,0.1688397056664943,0.0,0.08179584749222912,0.15226131628681897,0.05371447754553639,0.0,0.0,0.9994458279688414,,0.0,0.0,0.0,0.80369,HS_NET_IMPORT_EXPOSURE
2026-06,2906110000,0.1417209837468559,-0.02084329455099254,-0.14830655038040452,-0.13017656430281166,-0.11629722273965071,53.517412935323385,0.17940800488927136,0.04919453946852208,0,0.0,,,0.022070409308547798,0.11629722273965071,0.0,0.0,0.17940800488927136,0.04919453946852208,0.0,0.0,0.8687983901610885,1.0,0.0,0.0,0.0,0.836219,HS_NET_IMPORT_EXPOSURE;HS_EXPORT_VOLUME_SURGE
2023-01,2918111000,0.0393808036758827,,,,,,,,0,0.0,,,,,0.0,,,,0.0,0.0,0.9984737627312367,,0.0,0.0,0.0,0.234054,HS_NET_IMPORT_EXPOSURE
2023-02,2918111000,0.036388639394392644,,,,,,,,0,0.0,,,,,0.0,,,,0.0,0.0,0.922609451950829,,0.0,0.0,0.0,0.234054,HS_NET_IMPORT_EXPOSURE
2023-03,2918111000,0.12908863522757472,,,,,,0.2437684669788286,,0,0.0,,,,,0.0,,0.2437684669788286,,0.0,0.0,0.9527389683287582,,0.0,0.0,0.0,0.6094579999999999,HS_NET_IMPORT_EXPOSURE
2023-04,2918111000,0.12134192499435008,,,,,,0.2098574951330593,0.18918320108519388,0,0.0,,,,,0.0,,0.2098574951330593,0.18918320108519388,0.0,0.0,0.8631897681136974,,0.0,0.0,0.0,0.65447,HS_NET_IMPORT_EXPOSURE
2023-05,2918111000,0.16172396026935415,,,,,,0.3066216346080515,0.18174060430448205,0,0.0,,,,,0.0,,0.3066216346080515,0.18174060430448205,0.0,0.0,0.9745306678329615,,0.0,0.0,0.0,0.65447,HS_IMPORT_VOLUME_VOLATILITY;HS_NET_IMPORT_EXPOSURE
2023-06,2918111000,0.15519219474557994,,,,,,0.27830859337765296,0.25401603335344397,0,0.0,,,,,0.0,,0.27830859337765296,0.25401603335344397,0.0,0.0,0.9959246941996981,,0.0,0.0,0.0,0.65447,HS_NET_IMPORT_EXPOSURE
2023-07,2918111000,0.17817075322634043,,,,,,0.341862389075401,0.23377165290772378,0,0.0,,,,,0.0,,0.341862389075401,0.23377165290772378,0.0,0.0,0.9967220728986622,,0.0,0.0,0.0,0.65447,HS_IMPORT_VOLUME_VOLATILITY;HS_NET_IMPORT_EXPOSURE
2023-08,2918111000,0.16599754129550376,,,,,,0.3114800410350749,0.24092957378036473,0,0.0,,,,,0.0,,0.3114800410350749,0.24092957378036473,0.0,0.0,0.9690922135790349,,0.0,0.0,0.0,0.65447,HS_IMPORT_VOLUME_VOLATILITY;HS_NET_IMPORT_EXPOSURE
2023-09,2918111000,0.19818725087329622,,,,,,0.3900335253760446,0.29027709111573846,0,0.0,,,,,0.0,,0.3900335253760446,0.29027709111573846,0.0,0.0,0.9812416745956232,,0.0,0.0,0.0,0.65447,HS_IMPORT_VOLUME_VOLATILITY;HS_NET_IMPORT_EXPOSURE
2023-10,2918111000,0.193339403045211,,,,,,0.3757094251126236,0.2946484850839634,0,0.0,,,,,0.0,,0.3757094251126236,0.2946484850839634,0.0,0.0,0.9896773512241644,,0.0,0.0,0.0,0.65447,HS_IMPORT_VOLUME_VOLATILITY;HS_NET_IMPORT_EXPOSURE
2023-11,2918111000,0.1398941854277314,,,,,,0.2356439154353651,0.2739903384028085,0,0.0,,,,,0.0,,0.2356439154353651,0.2739903384028085,0.0,0.0,0.991345652631688,,0.0,0.0,0.0,0.65447,HS_NET_IMPORT_EXPOSURE
2023-12,2918111000,0.14361518649049201,,,,,,0.24871574982961747,0.24910035754348916,0,0.0,,,,,0.0,,0.24871574982961747,0.24910035754348916,0.0,0.0,0.9896755621740512,,0.0,0.0,0.0,0.65447,HS_NET_IMPORT_EXPOSURE
2024-01,2918111000,0.24362143613333462,1.6563722260800406,0.9181739003810785,-0.2778971706041016,1.657220305569246,-0.08536585365853655,0.512659308620693,0.26291797036813636,0,0.0,,,0.0,0.0,0.0,0.0,0.512659308620693,0.26291797036813636,0.0,0.0,0.9972520310763272,0.0,0.0,0.0,0.0,0.836219,HS_IMPORT_VOLUME_VOLATILITY;HS_NET_IMPORT_EXPOSURE
2024-02,2918111000,0.25342590677794385,1.092657479595407,0.24547447182936044,-0.4048359638529284,1.0206231691078562,4.69821380965076,0.45945553642541676,0.2247657307398411,0,0.0,,,0.0,0.0,0.0,0.0,0.45945553642541676,0.2247657307398411,0.0,0.0,0.9710277505548777,1.0,0.0,0.0,0.0,0.836219,HS_IMPORT_VOLUME_VOLATILITY;HS_NET_IMPORT_EXPOSURE;HS_EXPORT_VOLUME_SURGE
2024-03,2918111000,0.22162612854621372,0.9196710529181422,0.5122841062735355,-0.2122170598058074,1.106624043249668,-0.9438658513281101,0.46811369068543607,0.14809322119276033,0,0.0,,,0.0,0.0,0.0,0.0,0.46811369068543607,0.14809322119276033,0.0,0.0,0.9946097851426122,0.0,0.0,0.0,0.0,0.836219,HS_IMPORT_VOLUME_VOLATILITY;HS_NET_IMPORT_EXPOSURE
2024-04,2918111000,0.2171843329247654,0.3617881883078313,-0.10243422934508284,-0.34089179333370534,0.8238230749672397,-0.9899151730155779,0.4552383223450716,0.16283414531166499,0,0.0,,,0.0,0.0,0.0,0.0,0.4552383223450716,0.16283414531166499,0.0,0.0,0.9877172286292808,0.0,0.0,0.0,0.0,0.836219,HS_IMPORT_VOLUME_VOLATILITY;HS_NET_IMPORT_EXPOSURE
2024-05,2918111000,0.24529478118290585,1.8972684178413304,0.955145629992969,-0.32517621841552025,1.9186131007993357,0.8727481793790723,0.45334911395034794,0.17978747072207313,0,0.0,,,0.0,0.0,0.0,0.0,0.45334911395034794,0.17978747072207313,0.0,0.0,0.9792726160676868,0.8727481793790723,0.0,0.0,0.0,0.836219,HS_IMPORT_VOLUME_VOLATILITY;HS_NET_IMPORT_EXPOSURE;HS_EXPORT_VOLUME_SURGE
2024-06,2918111000,0.22121047646021852,0.6165880832042454,0.36877860687926245,-0.1532916634111262,0.609178995702774,4.532934131736527,0.38204438697534043,0.17536600092653779,0,0.0,,,0.0,0.0,0.0,0.0,0.38204438697534043,0.17536600092653779,0.0,0.0,0.9474128693091585,1.0,0.0,0.0,0.0,0.836219,HS_IMPORT_VOLUME_VOLATILITY;HS_NET_IMPORT_EXPOSURE;HS_EXPORT_VOLUME_SURGE
2024-07,2918111000,0.07295566465101821,-0.022928531332609636,-0.15713237850857487,-0.1373531532539819,-0.02201469627047481,-0.8,0.06487004261467748,0.15482562070878772,0,0.0,,,0.024278410983280003,0.02201469627047481,0.0,0.0,0.06487004261467748,0.15482562070878772,0.0,0.0,0.9971859953205315,0.0,0.0,0.0,0.0,0.836219,HS_NET_IMPORT_EXPOSURE
2024-08,2918111000,0.07415122685764429,0.6997129355312226,0.1808848390488751,-0.3052445419674321,0.710038954370495,-0.7109704641350211,0.07422058108072992,0.1556139865795204,0,0.0,,,0.0,0.0,0.0,0.0,0.07422058108072992,0.1556139865795204,0.0,0.0,0.9960200571409595,0.0,0.0,0.0,0.0,0.836219,HS_NET_IMPORT_EXPOSURE
2024-09,2918111000,0.1296578730052157,-0.22028720797320078,-0.16718244529019977,0.06810810753144048,-0.2245356964355132,3.3798319327731097,0.06721694731993164,0.15221694288418453,0,0.0,,,0.2332562557954265,0.2245356964355132,0.0,0.06810810753144048,0.06721694731993164,0.15221694288418453,0.0,0.0,0.9883267426699399,1.0,0.0,0.0,0.0,0.836219,HS_NET_IMPORT_EXPOSURE;HS_EXPORT_VOLUME_SURGE
2024-10,2918111000,0.07476732100135297,0.3868216592742535,0.30189787573880533,-0.06123626853354047,0.391791479559368,-0.9666395443449959,0.07864300123544185,0.13077632085688118,0,0.0,,,0.0,0.0,0.0,0.0,0.07864300123544185,0.13077632085688118,0.0,0.0,0.9978935628192291,0.0,0.0,0.0,0.0,0.836219,HS_NET_IMPORT_EXPOSURE
2024-11,2918111000,0.12107520762945355,0.8526410803010225,0.846203237354193,-0.0034749542236121034,0.8562690458035229,-0.22585924713584293,0.20673760044441392,0.09291219313430948,0,0.0,,,0.0,0.0,0.0,0.0,0.20673760044441392,0.09291219313430948,0.0,0.0,0.9959920345543277,0.0,0.0,0.0,0.0,0.836219,HS_NET_IMPORT_EXPOSURE
2024-12,2918111000,0.1198818625840832,0.725865799542804,0.46733294702365,-0.14979893140453993,0.7304283422810003,-0.3619512195121951,0.20793673879167499,0.06055867741897634,0,0.0,,,0.0,0.0,0.0,0.0,0.20793673879167499,0.06055867741897634,0.0,0.0,0.9912454528726521,0.0,0.0,0.0,0.0,0.836219,HS_NET_IMPORT_EXPOSURE
2025-01,2918111000,0.18777119424328692,-0.17284019576847842,-0.1742700729927007,-0.0017286589808975794,-0.1732859286538717,2.486666666666667,0.25461614632797264,0.060232629387154214,0,0.0,,,0.18301587861973573,0.1732859286538717,0.0,0.0,0.25461614632797264,0.060232629387154214,0.0,0.0,0.9971595097877655,1.0,0.0,0.0,0.0,0.836219,HS_NET_IMPORT_EXPOSURE;HS_EXPORT_VOLUME_SURGE
2025-02,2918111000,0.13170183869247087,0.2755161623572038,0.18564419924889508,-0.07045928994127504,0.3469259723964868,-0.9919528398989427,0.24088316705903629,0.042892554470984896,0,0.0,,,0.0,0.0,0.0,0.0,0.24088316705903629,0.042892554470984896,0.0,0.0,0.9975065181915379,0.0,0.0,0.0,0.0,0.836219,HS_NET_IMPORT_EXPOSURE
2025-03,2918111000,0.20636840832231435,-0.44273234706843345,-0.5037689633472779,-0.10952836748688843,-0.44147015663925193,-0.9148936170212766,0.31973892014552757,0.050825385107225445,0,0.0,,,0.46879748736598204,0.44147015663925193,0.0,0.0,0.31973892014552757,0.050825385107225445,0.0,0.0,0.988867187984703,0.0,0.0,0.0,0.0,0.836219,HS_IMPORT_VOLUME_DROP;HS_NET_IMPORT_AVAILABILITY_DROP;HS_IMPORT_VOLUME_VOLATILITY;HS_NET_IMPORT_EXPOSURE
2025-04,2918111000,0.18396201169895862,0.6666149325940713,0.8558781582885817,0.11356146041480852,0.666703306425452,0.6198581560283687,0.31034856766870494,0.050215154059724175,0,0.0,,,0.0,0.0,0.0,0.11356146041480852,0.31034856766870494,0.050215154059724175,0.0,0.0,0.9944850604243078,0.6198581560283687,0.0,0.0,0.0,0.836219,HS_IMPORT_VOLUME_VOLATILITY;HS_NET_IMPORT_EXPOSURE;HS_EXPORT_VOLUME_SURGE
2025-05,2918111000,0.16513348287689655,1.049138589722475,0.6236450746978672,-0.20764506469141963,1.0755687492304955,-0.9279574293900942,0.3278543607214668,0.06208685092192551,0,0.0,,,0.0,0.0,0.0,0.0,0.3278543607214668,0.06208685092192551,0.0,0.0,0.9954359958144402,0.0,0.0,0.0,0.0,0.836219,HS_IMPORT_VOLUME_VOLATILITY;HS_NET_IMPORT_EXPOSURE
2025-06,2918111000,0.15339925473099753,0.3531933842832429,0.2989545207626476,-0.04008212288838853,0.3596443472424944,-0.6385281385281385,0.29712864863569854,0.05646710676150503,0,0.0,,,0.0,0.0,0.0,0.0,0.29712864863569854,0.05646710676150503,0.0,0.0,0.9967869503565548,0.0,0.0,0.0,0.0,0.836219,HS_NET_IMPORT_EXPOSURE
2025-07,2918111000,0.20389013343524143,1.3268086506460146,1.275364435437488,-0.02210934500103534,1.324649384841274,10.305263157894737,0.34422143636417823,0.06199680221062101,0,0.0,,,0.0,0.0,0.0,0.0,0.34422143636417823,0.06199680221062101,0.0,0.0,0.9976529316518081,1.0,0.0,0.0,0.0,0.836219,HS_IMPORT_VOLUME_VOLATILITY;HS_NET_IMPORT_EXPOSURE;HS_EXPORT_VOLUME_SURGE
2025-08,2918111000,0.23863423291452346,-0.3535347385700499,-0.40820611086034897,-0.08456969856256258,-0.3540534072642548,0.06569343065693434,0.4221444469560371,0.06209894918241419,0,0.0,,,0.3743485160631617,0.3540534072642548,0.0,0.0,0.4221444469560371,0.06209894918241419,0.0,0.0,0.9939876219413352,0.06569343065693434,0.0,0.0,0.0,0.836219,HS_IMPORT_VOLUME_DROP;HS_NET_IMPORT_AVAILABILITY_DROP;HS_IMPORT_VOLUME_VOLATILITY;HS_NET_IMPORT_EXPOSURE
2025-09,2918111000,0.15602577840521684,0.619517164983028,0.37157917436053434,-0.15309377139271751,0.6269764134777205,-0.49961627014581733,0.302354812765505,0.07316998018171689,0,0.0,,,0.0,0.0,0.0,0.0,0.302354812765505,0.07316998018171689,0.0,0.0,0.994575318218497,0.0,0.0,0.0,0.0,0.836219,HS_IMPORT_VOLUME_VOLATILITY;HS_NET_IMPORT_EXPOSURE
2025-10,2918111000,0.19413359233578287,0.127733834182989,0.008969468067578257,-0.1053124084030449,0.12559838912574017,24.390243902439025,0.3173522215785651,0.07114096046007867,0,0.0,,,0.0,0.0,0.0,0.0,0.3173522215785651,0.07114096046007867,0.0,0.0,0.995590934156694,1.0,0.0,0.0,0.0,0.836219,HS_IMPORT_VOLUME_VOLATILITY;HS_NET_IMPORT_EXPOSURE;HS_EXPORT_VOLUME_SURGE
2025-11,2918111000,0.23621507827135138,-0.302697731725485,-0.240758400179503,0.08882709029364233,-0.304534163793423,1.0063424947145876,0.3349954348302002,0.07461064233748517,0,0.0,,,0.3205185638770489,0.304534163793423,0.0,0.08882709029364233,0.3349954348302002,0.07461064233748517,0.0,0.0,0.9922361778106145,1.0,0.0,0.0,0.0,0.836219,HS_IMPORT_VOLUME_DROP;HS_NET_IMPORT_AVAILABILITY_DROP;HS_IMPORT_VOLUME_VOLATILITY;HS_NET_IMPORT_EXPOSURE;HS_EXPORT_VOLUME_SURGE
2025-12,2918111000,0.16887879925304522,0.4783315979723428,0.5172118501323444,0.026300088703596236,0.47954191288967074,-0.30428134556574926,0.33260336589907885,0.07492495683111132,0,0.0,,,0.0,0.0,0.0,0.026300088703596236,0.33260336589907885,0.07492495683111132,0.0,0.0,0.9964343522453225,0.0,0.0,0.0,0.0,0.836219,HS_IMPORT_VOLUME_VOLATILITY;HS_NET_IMPORT_EXPOSURE
2026-01,2918111000,0.1781156943212008,-0.012922343039046602,0.03831582781859022,0.051908956196405676,-0.09756453574807411,119.73231357552581,0.261332128166737,0.07171926021229524,0,0.0,,,0.013683124776627066,0.09756453574807411,0.0,0.051908956196405676,0.261332128166737,0.07171926021229524,0.0,0.0,0.9485242831498555,1.0,0.0,0.0,0.0,0.836219,HS_NET_IMPORT_EXPOSURE;HS_EXPORT_VOLUME_SURGE
2026-02,2918111000,0.15834131599560664,-0.13365339092804962,-0.07561227233223078,0.06699526262126643,-0.13673368742000758,9.017441860465116,0.17696138285023622,0.07162910350220848,0,0.0,,,0.14152201495981534,0.13673368742000758,0.0,0.06699526262126643,0.17696138285023622,0.07162910350220848,0.0,0.0,0.9891425950902236,1.0,0.0,0.0,0.0,0.836219,HS_NET_IMPORT_EXPOSURE;HS_EXPORT_VOLUME_SURGE
2026-03,2918111000,0.15804898782618115,2.2943497326943514,2.1860539566649213,-0.032873187371292856,2.266587643941523,70.45,0.22376304442783682,0.05954887526310109,0,0.0,,,0.0,0.0,0.0,0.0,0.22376304442783682,0.05954887526310109,0.0,0.0,0.984712150362587,1.0,0.0,0.0,0.0,0.836219,HS_NET_IMPORT_EXPOSURE;HS_EXPORT_VOLUME_SURGE
2026-04,2918111000,0.1640846303764425,-0.22154252244614847,-0.07367515269732061,0.18994919313187375,-0.2210551375140345,-0.4868651488616462,0.2339911360540901,0.10409360529775508,0,0.0,,,0.23458547484767944,0.2210551375140345,0.0,0.18994919313187375,0.2339911360540901,0.10409360529775508,0.0,0.0,0.9963057756693285,0.0,0.0,0.0,0.0,0.836219,HS_NET_IMPORT_EXPOSURE
2026-05,2918111000,0.19392246485501266,-0.41078341208123725,-0.20874694802929894,0.34288998000815574,-0.41082374342547556,-0.32386363636363635,0.24187253973274556,0.09780150525690212,0,0.0,,,0.4349676112677226,0.41082374342547556,0.0,0.34288998000815574,0.24187253973274556,0.09780150525690212,0.0,0.0,0.9975237186318408,0.0,0.0,0.0,0.0,0.836219,HS_IMPORT_VOLUME_DROP;HS_NET_IMPORT_AVAILABILITY_DROP;HS_IMPORT_UNIT_VALUE_SHOCK;HS_NET_IMPORT_EXPOSURE
2026-06,2918111000,0.25698531001466585,-0.43622514468245666,-0.16936039516397183,0.4733534087258551,-0.4383637063411384,0.8003992015968064,0.3162498648211128,0.09885486091607917,0,0.0,,,0.4619071841195009,0.4383637063411384,0.0,0.4733534087258551,0.3162498648211128,0.09885486091607917,0.0,0.0,0.9904767800154066,0.8003992015968064,0.0,0.0,0.0,0.836219,HS_IMPORT_VOLUME_DROP;HS_NET_IMPORT_AVAILABILITY_DROP;HS_IMPORT_UNIT_VALUE_SHOCK;HS_IMPORT_VOLUME_VOLATILITY;HS_NET_IMPORT_EXPOSURE;HS_EXPORT_VOLUME_SURGE
2023-01,2924291020,0.039441,,,,,,,,0,0.0,,,,,0.0,,,,0.0,0.0,1.0,,0.0,0.0,0.0,0.234054,HS_NET_IMPORT_EXPOSURE
2023-02,2924291020,0.03943697901542408,,,,,,,,0,0.0,,,,,0.0,,,,0.0,0.0,0.9998980506433429,,0.0,0.0,0.0,0.234054,HS_NET_IMPORT_EXPOSURE
2023-03,2924291020,0.14615486640490702,,,,,,0.28426406326226417,,0,0.0,,,,,0.0,,0.28426406326226417,,0.0,0.0,1.0,,0.0,0.0,0.0,0.6094579999999999,HS_NET_IMPORT_EXPOSURE
2023-04,2924291020,0.14804283951439684,,,,,,0.2888167920033629,0.010464513987804803,0,0.0,,,,,0.0,,0.2888167920033629,0.010464513987804803,0.0,0.0,0.9925922726489522,,0.0,0.0,0.0,0.65447,HS_NET_IMPORT_EXPOSURE
2023-05,2924291020,0.17047262846134245,,,,,,0.34744087461605827,0.013370182564459097,0,0.0,,,,,0.0,,0.34744087461605827,0.013370182564459097,0.0,0.0,0.9999775794068171,,0.0,0.0,0.0,0.65447,HS_IMPORT_VOLUME_VOLATILITY;HS_NET_IMPORT_EXPOSURE
2023-06,2924291020,0.21129297852765935,,,,,,0.44941233022359134,0.06977677313610246,0,0.0,,,,,0.0,,0.44941233022359134,0.06977677313610246,0.0,0.0,1.0,,0.0,0.0,0.0,0.65447,HS_IMPORT_VOLUME_VOLATILITY;HS_NET_IMPORT_EXPOSURE
2023-07,2924291020,0.2656313406755421,,,,,,0.5899758601804558,0.10473381453663902,0,0.0,,,,,0.0,,0.5899758601804558,0.10473381453663902,0.0,0.0,0.9999179635515097,,0.0,0.0,0.0,0.65447,HS_IMPORT_VOLUME_VOLATILITY;HS_NET_IMPORT_EXPOSURE
2023-08,2924291020,0.24935880740539226,,,,,,0.5394832053500828,0.16425962374810693,0,0.0,,,,,0.0,,0.5394832053500828,0.16425962374810693,0.0,0.0,1.0,,0.0,0.0,0.0,0.65447,HS_IMPORT_VOLUME_VOLATILITY;HS_NET_IMPORT_EXPOSURE
2023-09,2924291020,0.22060254783238964,,,,,,0.46077905918793105,0.18189224748915542,0,0.0,,,,,0.0,,0.46077905918793105,0.18189224748915542,0.0,0.0,0.999896352856715,,0.0,0.0,0.0,0.65447,HS_IMPORT_VOLUME_VOLATILITY;HS_NET_IMPORT_EXPOSURE
2023-10,2924291020,0.17314120059449412,,,,,,0.3343303490643447,0.18202224339505851,0,0.0,,,,,0.0,,0.3343303490643447,0.18202224339505851,0.0,0.0,0.9999509397491059,,0.0,0.0,0.0,0.65447,HS_IMPORT_VOLUME_VOLATILITY;HS_NET_IMPORT_EXPOSURE
2023-11,2924291020,0.1310788681139003,,,,,,0.22175709502639354,0.18650104967178285,0,0.0,,,,,0.0,,0.22175709502639354,0.18650104967178285,0.0,0.0,0.9998626395067509,,0.0,0.0,0.0,0.65447,HS_NET_IMPORT_EXPOSURE
2023-12,2924291020,0.14353926361199973,,,,,,0.2543167262710002,0.1918127488278993,0,0.0,,,,,0.0,,0.2543167262710002,0.1918127488278993,0.0,0.0,0.9998192706249784,,0.0,0.0,0.0,0.65447,HS_NET_IMPORT_EXPOSURE
2024-01,2924291020,0.1964846334398998,-0.3541141302455596,-0.5370068082716781,-0.28316562815602786,-0.3541191041079129,,0.3017920055054911,0.17077993352569226,0,0.0,,,0.37496201847263827,0.3541191041079129,0.0,0.0,0.3017920055054911,0.17077993352569226,0.0,0.0,0.9999357275844768,,0.0,0.0,0.0,0.80369,HS_IMPORT_VOLUME_DROP;HS_NET_IMPORT_AVAILABILITY_DROP;HS_IMPORT_VOLUME_VOLATILITY;HS_NET_IMPORT_EXPOSURE
2024-02,2924291020,0.25171710238318235,-0.8514811084424473,-0.9021710965078098,-0.3413033017804308,-0.8514791906096254,-1.0,0.31919153066572703,0.12737710404284577,0,0.0,,,0.9016106612054715,0.8514791906096254,0.0,0.0,0.31919153066572703,0.12737710404284577,0.0,0.0,0.9999335904574596,0.0,0.0,0.0,0.0,0.836219,HS_IMPORT_VOLUME_DROP;HS_NET_IMPORT_AVAILABILITY_DROP;HS_IMPORT_VOLUME_VOLATILITY;HS_NET_IMPORT_EXPOSURE
2024-03,2924291020,0.22789145356657398,-0.41403168052436734,-0.5981317157014299,-0.3141808679039316,-0.41403168052436734,,0.3774491867815224,0.10191192301748296,0,0.0,,,0.43840711618420936,0.41403168052436734,0.0,0.0,0.3774491867815224,0.10191192301748296,0.0,0.0,1.0,,0.0,0.0,0.0,0.80369,HS_IMPORT_VOLUME_DROP;HS_NET_IMPORT_AVAILABILITY_DROP;HS_IMPORT_VOLUME_VOLATILITY;HS_NET_IMPORT_EXPOSURE
2024-04,2924291020,0.23776463785724256,-0.5911324094043462,-0.7488580721238628,-0.38576220357728963,-0.588395651898765,-1.0,0.35578457019502485,0.1033530516878897,0,0.0,,,0.6259343598097694,0.588395651898765,0.0,0.0,0.35578457019502485,0.1033530516878897,0.0,0.0,0.9999297269707886,0.0,0.0,0.0,0.0,0.836219,HS_IMPORT_VOLUME_DROP;HS_NET_IMPORT_AVAILABILITY_DROP;HS_IMPORT_VOLUME_VOLATILITY;HS_NET_IMPORT_EXPOSURE
2024-05,2924291020,0.25488697559689355,-0.5859800921529317,-0.7956349742789637,-0.5063884082682197,-0.5859871267278675,,0.4018825525147532,0.10899614098222031,0,0.0,,,0.6204787083364376,0.5859871267278675,0.0,0.0,0.4018825525147532,0.10899614098222031,0.0,0.0,0.9997934897648365,,0.0,0.0,0.0,0.80369,HS_IMPORT_VOLUME_DROP;HS_NET_IMPORT_AVAILABILITY_DROP;HS_IMPORT_VOLUME_VOLATILITY;HS_NET_IMPORT_EXPOSURE
2024-06,2924291020,0.1772847210749793,0.10787136294027566,-0.1750184474366525,-0.2553453585316461,0.10787136294027566,,0.3498862976383623,0.14429497459227614,0,0.0,,,0.0,0.0,0.0,0.0,0.3498862976383623,0.14429497459227614,0.0,0.0,1.0,,0.0,0.0,0.0,0.80369,HS_IMPORT_VOLUME_VOLATILITY;HS_NET_IMPORT_EXPOSURE
2024-07,2924291020,0.2016008554977037,0.7392184077189345,0.017809505289831717,-0.4147891370211887,0.7391638795986621,4.0,0.3287995000059462,0.13826885286454088,0,0.0,,,0.0,0.0,0.0,0.0,0.3287995000059462,0.13826885286454088,0.0,0.0,0.9993522068997428,1.0,0.0,0.0,0.0,0.836219,HS_IMPORT_VOLUME_VOLATILITY;HS_NET_IMPORT_EXPOSURE;HS_EXPORT_VOLUME_SURGE
2024-08,2924291020,0.14863235193850663,0.34135863518358267,0.00011879699540973121,-0.2543986591188342,0.34134318209914705,,0.27431939937781047,0.13810447598396094,0,0.0,,,0.0,0.0,0.0,0.0,0.27431939937781047,0.13810447598396094,0.0,0.0,0.9998578499908479,,0.0,0.0,0.0,0.80369,HS_NET_IMPORT_EXPOSURE
2024-09,2924291020,0.12136370063856433,-0.12986228879398365,-0.3289085195099106,-0.22875256198245641,-0.12985456288956365,-1.0,0.16370733551195135,0.16086122918539916,0,0.0,,,0.13750771790976668,0.12985456288956365,0.0,0.0,0.16370733551195135,0.16086122918539916,0.0,0.0,1.0,0.0,0.0,0.0,0.0,0.836219,HS_NET_IMPORT_EXPOSURE
2024-10,2924291020,0.13672122833544154,0.9429967193387103,0.37084807185037283,-0.29446711967844474,0.9429967193387103,,0.23897332568982332,0.168148182222054,0,0.0,,,0.0,0.0,0.0,0.0,0.23897332568982332,0.168148182222054,0.0,0.0,1.0,,0.0,0.0,0.0,0.80369,HS_NET_IMPORT_EXPOSURE
2024-11,2924291020,0.11469214446187646,0.5619539777072278,0.3085428861312729,-0.1622397939969612,0.5619604889635594,0.0,0.18298130839111093,0.14576569300049036,0,0.0,,,0.0,0.0,0.0,0.0,0.18298130839111093,0.14576569300049036,0.0,0.0,0.9999498996800736,0.0,0.0,0.0,0.0,0.836219,HS_NET_IMPORT_EXPOSURE
2024-12,2924291020,0.138584024072115,0.8357861721927344,0.40020184831322636,-0.23727399763515444,0.8349561411067261,49.0,0.16439950986853585,0.11003325484748311,0,0.0,,,0.0,0.0,0.0,0.0,0.16439950986853585,0.11003325484748311,0.0,0.0,0.998604842733,1.0,0.0,0.0,0.0,0.836219,HS_NET_IMPORT_EXPOSURE;HS_EXPORT_VOLUME_SURGE
2025-01,2924291020,0.10986596120266993,-0.04740635781172997,-0.19474645568727944,-0.15467256062835377,-0.047399021986061385,-1.0,0.16163420639055945,0.10931489205650101,0,0.0,,,0.05019732932203512,0.047399021986061385,0.0,0.0,0.16163420639055945,0.10931489205650101,0.0,0.0,0.9999613791753938,0.0,0.0,0.0,0.0,0.836219,HS_NET_IMPORT_EXPOSURE
2025-02,2924291020,0.10556636180894438,0.4954441121235307,0.46720390283773083,-0.018884162274509064,0.4954441121235307,,0.16357603835139642,0.10482232977154424,0,0.0,,,0.0,0.0,0.0,0.0,0.16357603835139642,0.10482232977154424,0.0,0.0,1.0,,0.0,0.0,0.0,0.80369,HS_NET_IMPORT_EXPOSURE
2025-03,2924291020,0.11801226760707687,-0.16812014500258932,-0.4449825500506992,-0.3328153739808637,-0.1681270498877956,,0.14644307327060826,0.14391357986616687,0,0.0,,,0.1780179426118057,0.1681270498877956,0.0,0.0,0.14644307327060826,0.14391357986616687,0.0,0.0,0.9998884716903974,,0.0,0.0,0.0,0.80369,HS_NET_IMPORT_EXPOSURE
2025-04,2924291020,0.14838719897553887,-0.17623265880571948,-0.14002825715490397,0.043949789995713084,-0.17623265880571948,,0.21166736547430548,0.20636377023964014,0,0.0,,,0.1866080673504018,0.17623265880571948,0.0,0.043949789995713084,0.21166736547430548,0.20636377023964014,0.0,0.0,1.0,,0.0,0.0,0.0,0.80369,HS_NET_IMPORT_EXPOSURE
2025-05,2924291020,0.16197347064228926,1.090731458669612,1.3810113838767135,0.13884132464903676,1.0890678628470454,99.0,0.19566571383667397,0.21125714712602037,0,0.0,,,0.0,0.0,0.0,0.13884132464903676,0.19566571383667397,0.21125714712602037,0.0,0.0,0.9984483076389341,1.0,0.0,0.0,0.0,0.836219,HS_NET_IMPORT_EXPOSURE;HS_EXPORT_VOLUME_SURGE
2025-06,2924291020,0.13010710669264675,0.5136127391352427,0.3508047508776191,-0.10756251189497723,0.5136127391352427,,0.21629715426051002,0.2103558094923824,0,0.0,,,0.0,0.0,0.0,0.0,0.21629715426051002,0.2103558094923824,0.0,0.0,0.9999684109876305,,0.0,0.0,0.0,0.80369,HS_NET_IMPORT_EXPOSURE
2025-07,2924291020,0.13254980695473306,-0.019037180189794944,-0.21656887578044892,-0.2013651196575137,-0.018990019422703397,-1.0,0.2168125671865882,0.2172587501937944,0,0.0,,,0.020157962928626583,0.018990019422703397,0.0,0.0,0.2168125671865882,0.2172587501937944,0.0,0.0,1.0,0.0,0.0,0.0,0.0,0.836219,HS_NET_IMPORT_EXPOSURE
2025-08,2924291020,0.12225756763471857,0.32256169212690944,0.3442931639476421,0.016431348306924276,0.32257692883722533,-1.0,0.19117729999242983,0.2267698527306709,0,0.0,,,0.0,0.0,0.0,0.016431348306924276,0.19117729999242983,0.2267698527306709,0.0,0.0,1.0,0.0,0.0,0.0,0.0,0.836219,HS_NET_IMPORT_EXPOSURE
2025-09,2924291020,0.1903852393712665,-0.37754716788604203,-0.6415742118313851,-0.42417196986422456,-0.37754716788604203,,0.271933714591678,0.2312218672737507,0,0.0,,,0.3997746377446442,0.37754716788604203,0.0,0.0,0.271933714591678,0.2312218672737507,0.0,0.0,1.0,,0.0,0.0,0.0,0.80369,HS_IMPORT_VOLUME_DROP;HS_NET_IMPORT_AVAILABILITY_DROP;HS_NET_IMPORT_EXPOSURE
2025-10,2924291020,0.16022494581934477,-0.2722614228730268,-0.4105890268459579,-0.19007870177644326,-0.2722614228730268,,0.2249207310807922,0.1914868377341491,0,0.0,,,0.28829036729460694,0.2722614228730268,0.0,0.0,0.2249207310807922,0.1914868377341491,0.0,0.0,1.0,,0.0,0.0,0.0,0.80369,HS_NET_IMPORT_EXPOSURE
2025-11,2924291020,0.1611924751664383,-0.2826654599943623,-0.3333054998222631,-0.07059473230928337,-0.2826601387188903,-1.0,0.22351897928460218,0.2011360163648772,0,0.0,,,0.2993069250257966,0.2826601387188903,0.0,0.0,0.22351897928460218,0.2011360163648772,0.0,0.0,1.0,0.0,0.0,0.0,0.0,0.836219,HS_NET_IMPORT_EXPOSURE
2025-12,2924291020,0.15761577548874497,0.5456363175532963,0.1810209302595398,-0.23589985765275867,0.5463151666557098,-0.9,0.28984888214602217,0.20851130393337636,0,0.0,,,0.0,0.0,0.0,0.0,0.28984888214602217,0.20851130393337636,0.0,0.0,0.9994633737215216,0.0,0.0,0.0,0.0,0.836219,HS_NET_IMPORT_EXPOSURE
2026-01,2924291020,0.17238326420226363,-0.1521746160064673,-0.2502050122106174,-0.11562569139224765,-0.1521746160064673,,0.28811244674029124,0.2062872310025655,0,0.0,,,0.1611336467666956,0.1521746160064673,0.0,0.0,0.28811244674029124,0.2062872310025655,0.0,0.0,1.0,,0.0,0.0,0.0,0.80369,HS_NET_IMPORT_EXPOSURE
2026-02,2924291020,0.15849648544706516,0.17182558139534887,-0.1545615180397789,-0.27852873722596416,0.17182558139534887,,0.2929778280765223,0.20161617581886893,0,0.0,,,0.0,0.0,0.0,0.0,0.2929778280765223,0.20161617581886893,0.0,0.0,0.9998805702154472,,0.0,0.0,0.0,0.80369,HS_NET_IMPORT_EXPOSURE
2026-03,2924291020,0.13348703425011274,-0.029391502112436352,0.09836619877885355,0.13162639845966972,-0.02939174607390682,0.0,0.20815985982180815,0.13727896621684055,0,0.0,,,0.03112187856039427,0.02939174607390682,0.0,0.13162639845966972,0.20815985982180815,0.13727896621684055,0.0,0.0,0.9999129655537002,0.0,0.0,0.0,0.0,0.836219,HS_NET_IMPORT_EXPOSURE
2026-04,2924291020,0.13004225607966288,1.3208378797450182,0.8742462819443131,-0.19242688241962447,1.3208378797450182,,0.2268975632282086,0.12047905566383338,0,0.0,,,0.0,0.0,0.0,0.0,0.2268975632282086,0.12047905566383338,0.0,0.0,1.0,,0.0,0.0,0.0,0.80369,HS_NET_IMPORT_EXPOSURE
2026-05,2924291020,0.1177272430386305,0.046428281186509546,-0.01764457165159694,-0.06123004699897483,0.047279381862545655,-1.0,0.1956715154024676,0.10731301587315724,0,0.0,,,0.0,0.0,0.0,0.0,0.1956715154024676,0.10731301587315724,0.0,0.0,1.0,0.0,0.0,0.0,0.0,0.836219,HS_NET_IMPORT_EXPOSURE
2026-06,2924291020,0.15785403895211095,-0.3461161927584091,-0.29757092644498473,0.0742414260389972,-0.3461161927584091,,0.20025316809586965,0.09307078205346896,0,0.0,,,0.36649321554257636,0.3461161927584091,0.0,0.0742414260389972,0.20025316809586965,0.09307078205346896,0.0,0.0,1.0,,0.0,0.0,0.0,0.80369,HS_IMPORT_VOLUME_DROP;HS_NET_IMPORT_AVAILABILITY_DROP;HS_NET_IMPORT_EXPOSURE
2023-01,2924299010,0.039441,,,,,,,,0,0.0,,,,,0.0,,,,0.0,0.0,1.0,,0.0,0.0,0.0,0.234054,HS_NET_IMPORT_EXPOSURE
2023-02,2924299010,0.039441,,,,,,,,0,0.0,,,,,0.0,,,,0.0,0.0,1.0,,0.0,0.0,0.0,0.234054,HS_NET_IMPORT_EXPOSURE
2023-03,2924299010,0.32351264486819753,,,,,,0.7567091583153017,,0,0.0,,,,,0.0,,0.7567091583153017,,0.0,0.0,1.0,,0.0,0.0,0.0,0.6094579999999999,HS_IMPORT_VOLUME_VOLATILITY;HS_NET_IMPORT_EXPOSURE
2023-04,2924299010,0.4002372554116598,,,,,,0.9254612226210361,0.3398365536664404,0,0.0,,,,,0.0,,0.9254612226210361,0.3398365536664404,0.0,0.0,0.951261064405022,,0.0,0.0,0.0,0.65447,HS_IMPORT_VOLUME_VOLATILITY;HS_IMPORT_UNIT_VALUE_VOLATILITY;HS_NET_IMPORT_EXPOSURE
2023-05,2924299010,0.4105835938562528,,,,,,0.9341666577079063,0.4543831397421565,0,0.0,,,,,0.0,,0.9341666577079063,0.4543831397421565,0.0,0.0,1.0,,0.0,0.0,0.0,0.65447,HS_IMPORT_VOLUME_VOLATILITY;HS_IMPORT_UNIT_VALUE_VOLATILITY;HS_NET_IMPORT_EXPOSURE
2023-06,2924299010,0.4153506900338194,,,,,,0.9509935425669742,0.41995268328461327,0,0.0,,,,,0.0,,0.9509935425669742,0.41995268328461327,0.0,0.0,1.0,,0.0,0.0,0.0,0.65447,HS_IMPORT_VOLUME_VOLATILITY;HS_IMPORT_UNIT_VALUE_VOLATILITY;HS_NET_IMPORT_EXPOSURE
2023-07,2924299010,0.4189255338709191,,,,,,0.9647812451916794,0.38438183819829946,0,0.0,,,,,0.0,,0.9647812451916794,0.38438183819829946,0.0,0.0,1.0,,0.0,0.0,0.0,0.65447,HS_IMPORT_VOLUME_VOLATILITY;HS_IMPORT_UNIT_VALUE_VOLATILITY;HS_NET_IMPORT_EXPOSURE
2023-08,2924299010,0.3654677409084963,,,,,,0.8256228130474292,0.35734102904201487,0,0.0,,,,,0.0,,0.8256228130474292,0.35734102904201487,0.0,0.0,1.0,,0.0,0.0,0.0,0.65447,HS_IMPORT_VOLUME_VOLATILITY;HS_IMPORT_UNIT_VALUE_VOLATILITY;HS_NET_IMPORT_EXPOSURE
2023-09,2924299010,0.3135352042309693,,,,,,0.6574811088147939,0.6061518907628166,0,0.0,,,,,0.0,,0.6574811088147939,0.6061518907628166,0.0,0.0,0.9997225514171677,,0.0,0.0,0.0,0.65447,HS_IMPORT_VOLUME_VOLATILITY;HS_IMPORT_UNIT_VALUE_VOLATILITY;HS_NET_IMPORT_EXPOSURE
2023-10,2924299010,0.27861450801793247,,,,,,0.5617021185046995,0.6289053124232261,0,0.0,,,,,0.0,,0.5617021185046995,0.6289053124232261,0.0,0.0,1.0,,0.0,0.0,0.0,0.65447,HS_IMPORT_VOLUME_VOLATILITY;HS_IMPORT_UNIT_VALUE_VOLATILITY;HS_NET_IMPORT_EXPOSURE
2023-11,2924299010,0.26378571693796027,,,,,,0.5176793197760546,0.666618447897233,0,0.0,,,,,0.0,,0.5176793197760546,0.666618447897233,0.0,0.0,1.0,,0.0,0.0,0.0,0.65447,HS_IMPORT_VOLUME_VOLATILITY;HS_IMPORT_UNIT_VALUE_VOLATILITY;HS_NET_IMPORT_EXPOSURE
2023-12,2924299010,0.2680429945533945,,,,,,0.5176793197760546,0.7611993955430657,0,0.0,,,,,0.0,,0.5176793197760546,0.7611993955430657,0.0,0.0,1.0,,0.0,0.0,0.0,0.65447,HS_IMPORT_VOLUME_VOLATILITY;HS_IMPORT_UNIT_VALUE_VOLATILITY;HS_NET_IMPORT_EXPOSURE
2024-01,2924299010,0.22814586117992405,0.046635071090047386,0.26091868374876803,0.2047357465630777,0.046635071090047386,,0.380501226730835,0.7862512327337974,0,0.0,,,0.0,0.0,0.0,0.2047357465630777,0.380501226730835,0.7862512327337974,0.0,0.0,1.0,,0.0,0.0,0.0,0.80369,HS_IMPORT_VOLUME_VOLATILITY;HS_IMPORT_UNIT_VALUE_VOLATILITY;HS_NET_IMPORT_EXPOSURE
2024-02,2924299010,0.22584594305869782,2.1839622641509435,2.7677151893324217,0.18334165946440506,2.1839622641509435,,0.3775406755895604,0.7859180433967118,0,0.0,,,0.0,0.0,0.0,0.18334165946440506,0.3775406755895604,0.7859180433967118,0.0,0.0,0.9979922184284855,,0.0,0.0,0.0,0.80369,HS_IMPORT_VOLUME_VOLATILITY;HS_IMPORT_UNIT_VALUE_VOLATILITY;HS_NET_IMPORT_EXPOSURE
2024-03,2924299010,0.34257465826648775,-0.5454545454545454,-0.7742122419413255,-0.5032669322709162,-0.5454545454545454,,0.5744647903515512,0.7134762972822276,0,0.0,,,0.5775672865888876,0.5454545454545454,0.0,0.0,0.5744647903515512,0.7134762972822276,0.0,0.0,0.9951876804619827,,0.0,0.0,0.0,0.80369,HS_IMPORT_VOLUME_DROP;HS_NET_IMPORT_AVAILABILITY_DROP;HS_IMPORT_VOLUME_VOLATILITY;HS_IMPORT_UNIT_VALUE_VOLATILITY;HS_NET_IMPORT_EXPOSURE
2024-04,2924299010,0.29473190164985846,2.3980582524271843,1.1074775008333027,-0.37979947832619954,2.593429158110883,-1.0,0.5921633443265305,0.7329248541789208,0,0.0,,,0.0,0.0,0.0,0.0,0.5921633443265305,0.7329248541789208,0.0,0.0,1.0,0.0,0.0,0.0,0.0,0.836219,HS_IMPORT_VOLUME_VOLATILITY;HS_IMPORT_UNIT_VALUE_VOLATILITY;HS_NET_IMPORT_EXPOSURE
2024-05,2924299010,0.34367850355170004,-0.502593659942363,-0.6410046338474042,-0.2782653994498797,-0.502593659942363,,0.5936450395168158,0.6707963061609508,0,0.0,,,0.5321830367877627,0.502593659942363,0.0,0.0,0.5936450395168158,0.6707963061609508,0.0,0.0,1.0,,0.0,0.0,0.0,0.80369,HS_IMPORT_VOLUME_DROP;HS_NET_IMPORT_AVAILABILITY_DROP;HS_IMPORT_VOLUME_VOLATILITY;HS_IMPORT_UNIT_VALUE_VOLATILITY;HS_NET_IMPORT_EXPOSURE
2024-06,2924299010,0.6235556992201292,-1.0,-0.9992334296003138,,-1.0,,0.7653718694697325,0.6414804275189103,1,0.0,,,1.0,1.0,1.0,,0.7653718694697325,0.6414804275189103,0.0,0.0,0.37209302325581395,,0.0,0.0,0.0,0.752539,HS_IMPORT_VOLUME_DROP;HS_NET_IMPORT_AVAILABILITY_DROP;HS_IMPORT_INTERRUPTION;HS_IMPORT_VOLUME_VOLATILITY;HS_IMPORT_UNIT_VALUE_VOLATILITY;HS_NET_IMPORT_EXPOSURE
2024-07,2924299010,0.4747071030750309,-0.8579012345679012,-0.9425540132854066,-0.5957319788112887,-0.8579012345679012,,0.8478446858756196,0.6609215138031609,0,0.0,,,0.9084087617195058,0.8579012345679012,0.0,0.0,0.8478446858756196,0.6609215138031609,0.0,0.0,0.9964261917741838,,0.0,0.0,0.0,0.80369,HS_IMPORT_VOLUME_DROP;HS_NET_IMPORT_AVAILABILITY_DROP;HS_IMPORT_VOLUME_VOLATILITY;HS_IMPORT_UNIT_VALUE_VOLATILITY;HS_NET_IMPORT_EXPOSURE
2024-08,2924299010,0.5790472796614147,-0.8133333333333334,-0.6121134230262408,1.0779638052165668,-0.8133333333333334,,1.0057792548066609,0.671308704620271,0,0.0,,,0.8612169984469857,0.8133333333333334,0.0,1.0,1.0,0.671308704620271,0.0,0.0,1.0,,0.0,0.0,0.0,0.80369,HS_IMPORT_VOLUME_DROP;HS_NET_IMPORT_AVAILABILITY_DROP;HS_IMPORT_UNIT_VALUE_SHOCK;HS_IMPORT_VOLUME_VOLATILITY;HS_IMPORT_UNIT_VALUE_VOLATILITY;HS_NET_IMPORT_EXPOSURE
2024-09,2924299010,0.4309601531852076,-0.5850622406639003,-0.8028965632047689,-0.5249807173234932,-0.5850622406639003,,0.8233232894343026,0.5077389625530693,0,0.0,,,0.6195068198474167,0.5850622406639003,0.0,0.0,0.8233232894343026,0.5077389625530693,0.0,0.0,1.0,,0.0,0.0,0.0,0.80369,HS_IMPORT_VOLUME_DROP;HS_NET_IMPORT_AVAILABILITY_DROP;HS_IMPORT_VOLUME_VOLATILITY;HS_IMPORT_UNIT_VALUE_VOLATILITY;HS_NET_IMPORT_EXPOSURE
2024-10,2924299010,0.40884780985570424,2.1845771144278605,0.7347973534594541,-0.45525032331612203,2.1845771144278605,,0.9216364729672937,0.5203232773013936,0,0.0,,,0.0,0.0,0.0,0.0,0.9216364729672937,0.5203232773013936,0.0,0.0,1.0,,0.0,0.0,0.0,0.80369,HS_IMPORT_VOLUME_VOLATILITY;HS_IMPORT_UNIT_VALUE_VOLATILITY;HS_NET_IMPORT_EXPOSURE
2024-11,2924299010,0.5871529074255412,-0.8339024390243902,-0.1671174978867287,4.0144174136041295,-0.8341463414634146,,1.1712592469621033,0.8048217345218177,0,0.0,,,0.8829970764764826,0.8341463414634146,0.0,1.0,1.0,0.8048217345218177,0.0,0.0,0.9998173145234954,,0.0,0.0,0.0,0.80369,HS_IMPORT_VOLUME_DROP;HS_NET_IMPORT_AVAILABILITY_DROP;HS_IMPORT_UNIT_VALUE_SHOCK;HS_IMPORT_VOLUME_VOLATILITY;HS_IMPORT_UNIT_VALUE_VOLATILITY;HS_NET_IMPORT_EXPOSURE
2024-12,2924299010,0.40822817576005493,1.118235294117647,1.7806820210676664,0.31273519461678245,1.118235294117647,,0.8428841808535121,0.8082686055107876,0,0.0,,,0.0,0.0,0.0,0.31273519461678245,0.8428841808535121,0.8082686055107876,0.0,0.0,0.9996597023358545,,0.0,0.0,0.0,0.80369,HS_IMPORT_UNIT_VALUE_SHOCK;HS_IMPORT_VOLUME_VOLATILITY;HS_IMPORT_UNIT_VALUE_VOLATILITY;HS_NET_IMPORT_EXPOSURE
2025-01,2924299010,0.5251346374094633,-0.8728491215359536,-0.8055968584391322,0.5289170150392462,-0.8728491215359536,,0.8922333650202541,0.7730223523031109,0,0.0,,,0.9242366809995273,0.8728491215359536,0.0,0.5289170150392462,0.8922333650202541,0.7730223523031109,0.0,0.0,1.0,,0.0,0.0,0.0,0.80369,HS_IMPORT_VOLUME_DROP;HS_NET_IMPORT_AVAILABILITY_DROP;HS_IMPORT_UNIT_VALUE_SHOCK;HS_IMPORT_VOLUME_VOLATILITY;HS_IMPORT_UNIT_VALUE_VOLATILITY;HS_NET_IMPORT_EXPOSURE
2025-02,2924299010,0.596252000513719,-0.9703703703703703,-0.6545311206143585,10.659574679265402,-0.9703703703703703,,0.9685142578119704,1.2836526791674203,0,0.0,,,1.0,0.9703703703703703,0.0,1.0,0.9685142578119704,1.0,0.0,0.0,1.0,,0.0,0.0,0.0,0.80369,HS_IMPORT_VOLUME_DROP;HS_NET_IMPORT_AVAILABILITY_DROP;HS_IMPORT_UNIT_VALUE_SHOCK;HS_IMPORT_VOLUME_VOLATILITY;HS_IMPORT_UNIT_VALUE_VOLATILITY;HS_NET_IMPORT_EXPOSURE
2025-03,2924299010,0.44800701332744103,3.002,2.9781841514276546,-0.005950986649761458,3.002,,0.9684340425979505,1.9116378117832802,0,0.0,,,0.0,0.0,0.0,0.0,0.9684340425979505,1.0,0.0,0.0,1.0,,0.0,0.0,0.0,0.80369,HS_IMPORT_VOLUME_VOLATILITY;HS_IMPORT_UNIT_VALUE_VOLATILITY;HS_NET_IMPORT_EXPOSURE
2025-04,2924299010,0.459857,3.0114285714285716,2.0318782510895543,-0.2441898946714074,3.0114285714285716,,1.0107289483964705,1.9066512504776272,0,0.0,,,0.0,0.0,0.0,0.0,1.0,1.0,0.0,0.0,1.0,,0.0,0.0,0.0,0.80369,HS_IMPORT_VOLUME_VOLATILITY;HS_IMPORT_UNIT_VALUE_VOLATILITY;HS_NET_IMPORT_EXPOSURE
2025-05,2924299010,0.5181145825950052,-0.7311703360370799,-0.758786263304913,-0.10272648806956874,-0.7311703360370799,,0.9570496330986481,1.7982824777525657,0,0.0,,,0.7742167895352392,0.7311703360370799,0.0,0.0,0.9570496330986481,1.0,0.0,0.0,0.9978428701180745,,0.0,0.0,0.0,0.80369,HS_IMPORT_VOLUME_DROP;HS_NET_IMPORT_AVAILABILITY_DROP;HS_IMPORT_VOLUME_VOLATILITY;HS_IMPORT_UNIT_VALUE_VOLATILITY;HS_NET_IMPORT_EXPOSURE
2025-06,2924299010,0.459857,,2709.5116279069766,,,,1.0221919343713206,1.8000765900323576,0,0.0,,,,,0.0,,1.0,1.0,0.0,0.0,1.0,,0.0,0.0,0.0,0.65447,HS_IMPORT_VOLUME_VOLATILITY;HS_IMPORT_UNIT_VALUE_VOLATILITY;HS_NET_IMPORT_EXPOSURE
2025-07,2924299010,0.4294671636029859,3.1355343179843613,6.687261493730692,0.858831508252947,3.1355343179843613,,0.8020268114467065,1.8283243405456882,0,0.0,,,0.0,0.0,0.0,0.858831508252947,0.8020268114467065,1.0,0.0,0.0,1.0,,0.0,0.0,0.0,0.80369,HS_IMPORT_UNIT_VALUE_SHOCK;HS_IMPORT_VOLUME_VOLATILITY;HS_IMPORT_UNIT_VALUE_VOLATILITY;HS_NET_IMPORT_EXPOSURE
2025-08,2924299010,0.3369302763387865,1.9657142857142857,2.1037621104726756,0.046547917789437676,1.9657142857142857,,0.6662057511266235,1.3406413009454683,0,0.0,,,0.0,0.0,0.0,0.046547917789437676,0.6662057511266235,1.0,0.0,0.0,1.0,,0.0,0.0,0.0,0.80369,HS_IMPORT_VOLUME_VOLATILITY;HS_IMPORT_UNIT_VALUE_VOLATILITY;HS_NET_IMPORT_EXPOSURE
2025-09,2924299010,0.28001997008007057,1.0775000000000001,0.23911600876751993,-0.403554267741266,1.0764999999999998,,0.5759638173444553,0.5452667900898253,0,0.0,,,0.0,0.0,0.0,0.0,0.5759638173444553,0.5452667900898253,0.0,0.0,0.9953424212917884,,0.0,0.0,0.0,0.80369,HS_IMPORT_VOLUME_VOLATILITY;HS_IMPORT_UNIT_VALUE_VOLATILITY;HS_NET_IMPORT_EXPOSURE
2025-10,2924299010,0.39886233640624086,-0.5985002343383846,-0.37810358871160943,0.5489334352750925,-0.5985002343383846,,0.6510742282251093,0.577011080893524,0,0.0,,,0.6337359533443293,0.5985002343383846,0.0,0.5489334352750925,0.6510742282251093,0.577011080893524,0.0,0.0,1.0,,0.0,0.0,0.0,0.80369,HS_IMPORT_VOLUME_DROP;HS_NET_IMPORT_AVAILABILITY_DROP;HS_IMPORT_UNIT_VALUE_SHOCK;HS_IMPORT_VOLUME_VOLATILITY;HS_IMPORT_UNIT_VALUE_VOLATILITY;HS_NET_IMPORT_EXPOSURE
2025-11,2924299010,0.2488667487136614,7.098384728340676,1.1079874150005073,-0.7397027326173444,7.110294117647058,-1.0,0.487405464895805,0.587660792009167,0,0.0,,,0.0,0.0,0.0,0.0,0.487405464895805,0.587660792009167,0.0,0.0,1.0,0.0,0.0,0.0,0.0,0.836219,HS_IMPORT_VOLUME_VOLATILITY;HS_IMPORT_UNIT_VALUE_VOLATILITY;HS_NET_IMPORT_EXPOSURE
2025-12,2924299010,0.18154201335267706,0.36351013607331306,-0.36290498632388635,-0.5327537384424266,0.36351013607331306,,0.314289098635044,0.5359984185013987,0,0.0,,,0.0,0.0,0.0,0.0,0.314289098635044,0.5359984185013987,0.0,0.0,0.9997278911564625,,0.0,0.0,0.0,0.80369,HS_IMPORT_VOLUME_VOLATILITY;HS_IMPORT_UNIT_VALUE_VOLATILITY;HS_NET_IMPORT_EXPOSURE
2026-01,2924299010,0.20327285098647213,8.793447293447294,8.11904294959796,-0.06886281445559739,8.793447293447294,,0.3803271216636925,0.4677758865510372,0,0.0,,,0.0,0.0,0.0,0.0,0.3803271216636925,0.4677758865510372,0.0,0.0,1.0,,0.0,0.0,0.0,0.80369,HS_IMPORT_VOLUME_VOLATILITY;HS_IMPORT_UNIT_VALUE_VOLATILITY;HS_NET_IMPORT_EXPOSURE
2026-02,2924299010,0.16885706349229387,31.18333333333333,0.7051107353351611,-0.9470188274882912,31.18333333333333,,0.2907737165094133,0.4500676979426389,0,0.0,,,0.0,0.0,0.0,0.0,0.2907737165094133,0.4500676979426389,0.0,0.0,1.0,,0.0,0.0,0.0,0.80369,HS_IMPORT_UNIT_VALUE_VOLATILITY;HS_NET_IMPORT_EXPOSURE
2026-03,2924299010,0.1863604607556698,0.9505247376311845,1.8529032258064517,0.46263370608217014,0.9505247376311845,,0.2974317028383065,0.2576698010208186,0,0.0,,,0.0,0.0,0.0,0.46263370608217014,0.2974317028383065,0.2576698010208186,0.0,0.0,1.0,,0.0,0.0,0.0,0.80369,HS_IMPORT_UNIT_VALUE_SHOCK;HS_NET_IMPORT_EXPOSURE
2026-04,2924299010,0.14994140374871995,-0.24501424501424507,-0.3727670032342951,-0.16921214390655692,-0.24501424501424507,,0.2033606452076923,0.20448787300108046,0,0.0,,,0.2594390565589211,0.24501424501424507,0.0,0.0,0.2033606452076923,0.20448787300108046,0.0,0.0,1.0,,0.0,0.0,0.0,0.80369,HS_NET_IMPORT_EXPOSURE
2026-05,2924299010,0.22252026973726036,0.31034482758620685,1.1112246442627915,0.6111977548321303,0.31034482758620685,,0.37186376646986,0.27141091246758003,0,0.0,,,0.0,0.0,0.0,0.6111977548321303,0.37186376646986,0.27141091246758003,0.0,0.0,1.0,,0.0,0.0,0.0,0.80369,HS_IMPORT_UNIT_VALUE_SHOCK;HS_IMPORT_VOLUME_VOLATILITY;HS_NET_IMPORT_EXPOSURE
2026-06,2924299010,0.2728430150493211,0.08815731330092791,0.6596712197130894,0.5252125767353184,0.08793636765355717,,0.5036859784278725,0.3877585115800159,0,0.0,,,0.0,0.0,0.0,0.5252125767353184,0.5036859784278725,0.3877585115800159,0.0,0.0,0.9999327950040839,,0.0,0.0,0.0,0.80369,HS_IMPORT_UNIT_VALUE_SHOCK;HS_IMPORT_VOLUME_VOLATILITY;HS_IMPORT_UNIT_VALUE_VOLATILITY;HS_NET_IMPORT_EXPOSURE
2023-01,2936271000,0.03440879909284908,,,,,,,,0,0.0,,,,,0.0,,,,0.0,0.0,0.8724119341002785,,0.0,0.0,0.0,0.234054,HS_NET_IMPORT_EXPOSURE
2023-02,2936271000,0.03886534052507491,,,,,,,,0,0.0,,,,,0.0,,,,0.0,0.0,0.9854045415956725,,0.0,0.0,0.0,0.234054,HS_NET_IMPORT_EXPOSURE
2023-03,2936271000,0.10834990510409254,,,,,,0.18769578854148047,,0,0.0,,,,,0.0,,0.18769578854148047,,0.0,0.0,0.9606286681997565,,0.0,0.0,0.0,0.6094579999999999,HS_NET_IMPORT_EXPOSURE
2023-04,2936271000,0.10126634410379864,,,,,,0.16221265282487032,0.04737978126280088,0,0.0,,,,,0.0,,0.16221265282487032,0.04737978126280088,0.0,0.0,0.9695090557675979,,0.0,0.0,0.0,0.65447,HS_NET_IMPORT_EXPOSURE
2023-05,2936271000,0.09747035834579382,,,,,,0.14559821509160065,0.11017210325373139,0,0.0,,,,,0.0,,0.14559821509160065,0.11017210325373139,0.0,0.0,0.9597408609287191,,0.0,0.0,0.0,0.65447,HS_NET_IMPORT_EXPOSURE
2023-06,2936271000,0.09350636853808766,,,,,,0.13271456141589794,0.1456771808747094,0,0.0,,,,,0.0,,0.13271456141589794,0.1456771808747094,0.0,0.0,0.941344541436107,,0.0,0.0,0.0,0.65447,HS_NET_IMPORT_EXPOSURE
2023-07,2936271000,0.1065100614503473,,,,,,0.16383091591693139,0.1490175843377167,0,0.0,,,,,0.0,,0.16383091591693139,0.1490175843377167,0.0,0.0,0.9710631268288911,,0.0,0.0,0.0,0.65447,HS_NET_IMPORT_EXPOSURE
2023-08,2936271000,0.08299295372170706,,,,,,0.10485016704013442,0.1422458702246904,0,0.0,,,,,0.0,,0.10485016704013442,0.1422458702246904,0.0,0.0,0.9439164956167108,,0.0,0.0,0.0,0.65447,HS_NET_IMPORT_EXPOSURE
2023-09,2936271000,0.09442699940440158,,,,,,0.1358606425810814,0.127546488950351,0,0.0,,,,,0.0,,0.1358606425810814,0.127546488950351,0.0,0.0,0.9554333859755101,,0.0,0.0,0.0,0.65447,HS_NET_IMPORT_EXPOSURE
2023-10,2936271000,0.10357986979070744,,,,,,0.1699812508925946,0.07157417227215179,0,0.0,,,,,0.0,,0.1699812508925946,0.07157417227215179,0.0,0.0,0.9266127034890025,,0.0,0.0,0.0,0.65447,HS_NET_IMPORT_EXPOSURE
2023-11,2936271000,0.10546684566657413,,,,,,0.17494691005685323,0.08344706277632916,0,0.0,,,,,0.0,,0.17494691005685323,0.08344706277632916,0.0,0.0,0.9136420641946978,,0.0,0.0,0.0,0.65447,HS_NET_IMPORT_EXPOSURE
2023-12,2936271000,0.10873673859131458,,,,,,0.17691317719286043,0.08709181309281837,0,0.0,,,,,0.0,,0.17691317719286043,0.08709181309281837,0.0,0.0,0.9736732722160204,,0.0,0.0,0.0,0.65447,HS_NET_IMPORT_EXPOSURE
2024-01,2936271000,0.11848261223791898,0.21565473317962192,0.6133494535198216,0.32714446749201875,0.2335291123696266,-0.8347774480712167,0.15252147685277476,0.16437704136244052,0,0.0,,,0.0,0.0,0.0,0.32714446749201875,0.15252147685277476,0.16437704136244052,0.0,0.0,0.9404612889883494,0.0,0.0,0.0,0.0,0.836219,HS_IMPORT_UNIT_VALUE_SHOCK;HS_NET_IMPORT_EXPOSURE
2024-02,2936271000,0.1289497324241579,0.1551142169968105,0.03630802909631625,-0.1028523293647784,0.15456788209917205,0.6799007444168734,0.16525410718221642,0.17390488375126323,0,0.0,,,0.0,0.0,0.0,0.0,0.16525410718221642,0.17390488375126323,0.0,0.0,0.9373084259774543,0.6799007444168734,0.0,0.0,0.0,0.836219,HS_NET_IMPORT_EXPOSURE;HS_EXPORT_VOLUME_SURGE
2024-03,2936271000,0.1393133869419173,0.3889942706094869,0.02734432566679801,-0.2603682049631477,0.39079173280637525,-0.33441981747066496,0.24901863418343131,0.1716099719418157,0,0.0,,,0.0,0.0,0.0,0.0,0.24901863418343131,0.1716099719418157,0.0,0.0,0.9661592641635718,0.0,0.0,0.0,0.0,0.836219,HS_NET_IMPORT_EXPOSURE
2024-04,2936271000,0.16603859126289575,-0.1660650427814495,-0.1551104331475036,0.013136048008448142,-0.1668732827577153,0.30491803278688523,0.23416799755457773,0.2956336121586881,0,0.0,,,0.17584184962034044,0.1668732827577153,0.0,0.013136048008448142,0.23416799755457773,0.2956336121586881,0.0,0.0,0.9455372283027593,0.30491803278688523,0.0,0.0,0.0,0.836219,HS_NET_IMPORT_EXPOSURE;HS_EXPORT_VOLUME_SURGE
2024-05,2936271000,0.14253213748839327,-0.004171686443210976,-0.27270665564220986,-0.26965990577218635,-0.003633162670861556,-0.25063078216989065,0.23913065200249087,0.32089861430427585,0,0.0,,,0.004417287635759186,0.003633162670861556,0.0,0.0,0.23913065200249087,0.32089861430427585,0.0,0.0,0.9611989216049056,0.0,0.0,0.0,0.0,0.836219,HS_IMPORT_UNIT_VALUE_VOLATILITY;HS_NET_IMPORT_EXPOSURE
2024-06,2936271000,0.18923215617201963,-0.28803991397980666,-0.3353069600594637,-0.06639002242931435,-0.28823375327190714,-0.22112211221122113,0.2913590283812891,0.3115920521617918,0,0.0,,,0.30499779116879144,0.28823375327190714,0.0,0.0,0.2913590283812891,0.3115920521617918,0.0,0.0,0.9251106235923887,0.0,0.0,0.0,0.0,0.836219,HS_IMPORT_VOLUME_DROP;HS_IMPORT_UNIT_VALUE_VOLATILITY;HS_NET_IMPORT_EXPOSURE
2024-07,2936271000,0.1667228298954706,0.024824264744940372,0.06980093589761349,0.04388720359179521,0.024979576400512293,-0.10480887792848337,0.29914101085721184,0.2986337394266835,0,0.0,,,0.0,0.0,0.0,0.04388720359179521,0.29914101085721184,0.2986337394266835,0.0,0.0,0.9821536377280513,0.0,0.0,0.0,0.0,0.836219,HS_NET_IMPORT_EXPOSURE
2024-08,2936271000,0.18909173915382277,-0.17073189793286703,-0.09752618635292609,0.08827749602023705,-0.17135112585660872,0.08610885458976436,0.3062501319029246,0.2782610297477811,0,0.0,,,0.18078345820930433,0.17135112585660872,0.0,0.08827749602023705,0.3062501319029246,0.2782610297477811,0.0,0.0,0.9348985087426994,0.08610885458976436,0.0,0.0,0.0,0.836219,HS_IMPORT_VOLUME_VOLATILITY;HS_NET_IMPORT_EXPOSURE
2024-09,2936271000,0.13197644334363984,0.05935637276415129,-0.059761286238901534,-0.11244342514525307,0.06035365286179628,-0.4431418522860492,0.21371324198411135,0.29438868749599056,0,0.0,,,0.0,0.0,0.0,0.0,0.21371324198411135,0.29438868749599056,0.0,0.0,0.9760557249630327,0.0,0.0,0.0,0.0,0.836219,HS_NET_IMPORT_EXPOSURE
2024-10,2936271000,0.12983828790525184,0.15399289018078965,0.2654028463065241,0.09654301778954655,0.1564137720526877,-0.755781683626272,0.2092274719870404,0.16447096113571527,0,0.0,,,0.0,0.0,0.0,0.09654301778954655,0.2092274719870404,0.16447096113571527,0.0,0.0,0.9876022211869632,0.0,0.0,0.0,0.0,0.836219,HS_NET_IMPORT_EXPOSURE
2024-11,2936271000,0.14674515053471804,0.20297158302757823,0.39386032540485005,0.1586810071580016,0.2060390400871719,-0.8996328029375765,0.251596801654245,0.1113692647966195,0,0.0,,,0.0,0.0,0.0,0.1586810071580016,0.251596801654245,0.1113692647966195,0.0,0.0,0.9930037083832434,0.0,0.0,0.0,0.0,0.836219,HS_NET_IMPORT_EXPOSURE
2024-12,2936271000,0.16631744183612404,-0.03783927120311359,0.15271930728129002,0.1980527502122058,-0.04167230230053709,5.004504504504505,0.205084535596349,0.09432999350666678,0,0.0,,,0.0400669961913528,0.04167230230053709,0.0,0.1980527502122058,0.205084535596349,0.09432999350666678,0.0,0.0,0.9745828425408585,1.0,0.0,0.0,0.0,0.836219,HS_NET_IMPORT_EXPOSURE;HS_EXPORT_VOLUME_SURGE
2025-01,2936271000,0.13128237130375656,0.06300765194435187,0.2926061914306348,0.21598954538692494,0.062930215803779,0.09698275862068972,0.1926705932280823,0.15948948766049106,0,0.0,,,0.0,0.0,0.0,0.21598954538692494,0.1926705932280823,0.15948948766049106,0.0,0.0,0.9525946531205731,0.09698275862068972,0.0,0.0,0.0,0.836219,HS_NET_IMPORT_EXPOSURE
2025-02,2936271000,0.15189820191385411,0.33031884472404927,0.7940720835612669,0.3486030741249966,0.32941408111621495,0.9276218611521418,0.15787562316092557,0.15997977761664706,0,0.0,,,0.0,0.0,0.0,0.3486030741249966,0.15787562316092557,0.15997977761664706,0.0,0.0,0.9488614477493919,0.9276218611521418,0.0,0.0,0.0,0.836219,HS_IMPORT_UNIT_VALUE_SHOCK;HS_NET_IMPORT_EXPOSURE;HS_EXPORT_VOLUME_SURGE
2025-03,2936271000,0.18054850446124682,-0.4333870750103528,-0.04016849348720475,0.6939809598066133,-0.43354836155020626,-0.29774730656219395,0.14582675046983193,0.17014637477905545,0,0.0,,,0.4589020277534443,0.43354836155020626,0.0,0.6939809598066133,0.14582675046983193,0.17014637477905545,0.0,0.0,0.9762460330647552,0.0,0.0,0.0,0.0,0.836219,HS_IMPORT_VOLUME_DROP;HS_NET_IMPORT_AVAILABILITY_DROP;HS_IMPORT_UNIT_VALUE_SHOCK;HS_NET_IMPORT_EXPOSURE
2025-04,2936271000,0.12027732051888573,0.561216219553538,0.03858727649924498,-0.3347575668947057,0.5606243767150887,0.7814070351758795,0.1255789936799869,0.21751978004029787,0,0.0,,,0.0,0.0,0.0,0.0,0.1255789936799869,0.21751978004029787,0.0,0.0,0.9615647217117682,0.7814070351758795,0.0,0.0,0.0,0.836219,HS_NET_IMPORT_EXPOSURE;HS_EXPORT_VOLUME_SURGE
2025-05,2936271000,0.11547657637914444,0.29483048163397596,0.7560705737978757,0.3562165848782386,0.29570048157704965,-0.23456790123456794,0.12407356944464777,0.254640122606539,0,0.0,,,0.0,0.0,0.0,0.3562165848782386,0.12407356944464777,0.254640122606539,0.0,0.0,0.9942994950298821,0.0,0.0,0.0,0.0,0.836219,HS_IMPORT_UNIT_VALUE_SHOCK;HS_NET_IMPORT_EXPOSURE
2025-06,2936271000,0.11676453317798524,1.3235915521244208,0.9944962365559449,-0.1416321707950733,1.3279052712732664,-0.037288135593220306,0.17338855185611282,0.2861347767896929,0,0.0,,,0.0,0.0,0.0,0.0,0.17338855185611282,0.2861347767896929,0.0,0.0,0.9836028164634618,0.0,0.0,0.0,0.0,0.836219,HS_NET_IMPORT_EXPOSURE
2025-07,2936271000,0.14021036472184553,-0.1472324446978467,-0.39979363746623353,-0.2961665124312792,-0.1476329663804261,0.23553719008264462,0.18104406918436555,0.26385771744348774,0,0.0,,,0.1559005132336369,0.1476329663804261,0.0,0.0,0.18104406918436555,0.26385771744348774,0.0,0.0,0.9558225374505026,0.23553719008264462,0.0,0.0,0.0,0.836219,HS_NET_IMPORT_EXPOSURE
2025-08,2936271000,0.16316567852208355,0.1506823172398195,0.14296007319298343,-0.0067110130495092735,0.14527569197752777,1.861630516080778,0.20952193277815706,0.3093706040586682,0,0.0,,,0.0,0.0,0.0,0.0,0.20952193277815706,0.3093706040586682,0.0,0.0,0.9648821591628884,1.0,0.0,0.0,0.0,0.836219,HS_IMPORT_UNIT_VALUE_VOLATILITY;HS_NET_IMPORT_EXPOSURE;HS_EXPORT_VOLUME_SURGE
2025-09,2936271000,0.13835853878576157,0.28372587486163314,-0.24600478587793873,-0.4126509180136835,0.28356519067889585,0.43789473684210534,0.18234573292399264,0.39415321653297347,0,0.0,,,0.0,0.0,0.0,0.0,0.18234573292399264,0.39415321653297347,0.0,0.0,0.9614187973389112,0.43789473684210534,0.0,0.0,0.0,0.836219,HS_IMPORT_UNIT_VALUE_VOLATILITY;HS_NET_IMPORT_EXPOSURE;HS_EXPORT_VOLUME_SURGE
2025-10,2936271000,0.16103416064857584,0.13543907124576382,-0.24082236051399564,-0.33137967618723785,0.13499579594921074,0.9242424242424243,0.19975653931829027,0.39370766136184193,0,0.0,,,0.0,0.0,0.0,0.0,0.19975653931829027,0.39370766136184193,0.0,0.0,0.9700186529482351,0.9242424242424243,0.0,0.0,0.0,0.836219,HS_IMPORT_UNIT_VALUE_VOLATILITY;HS_NET_IMPORT_EXPOSURE;HS_EXPORT_VOLUME_SURGE
2025-11,2936271000,0.20384470332794544,-0.3049123178434071,-0.2655025324210054,0.056697574182480226,-0.3061842760965101,5.189024390243903,0.21766585736082728,0.3856617069317952,0,0.0,,,0.32286353011796604,0.3061842760965101,0.0,0.056697574182480226,0.21766585736082728,0.3856617069317952,0.0,0.0,0.969712589459457,1.0,0.0,0.0,0.0,0.836219,HS_IMPORT_VOLUME_DROP;HS_NET_IMPORT_AVAILABILITY_DROP;HS_IMPORT_UNIT_VALUE_VOLATILITY;HS_NET_IMPORT_EXPOSURE;HS_EXPORT_VOLUME_SURGE
2025-12,2936271000,0.11825779779337128,0.3718463674883137,0.4053665735452523,0.024434373156748013,0.3763955114954953,-0.5832708177044261,0.1658629899349131,0.3711046091252005,0,0.0,,,0.0,0.0,0.0,0.024434373156748013,0.1658629899349131,0.3711046091252005,0.0,0.0,0.9644320537653919,0.0,0.0,0.0,0.0,0.836219,HS_IMPORT_UNIT_VALUE_VOLATILITY;HS_NET_IMPORT_EXPOSURE
2026-01,2936271000,0.1452277630173735,0.181753216915296,0.10661807380041566,-0.06357938530601515,0.1810500728618214,0.48068107400130966,0.19766251836664792,0.3734080345354113,0,0.0,,,0.0,0.0,0.0,0.0,0.19766251836664792,0.3734080345354113,0.0,0.0,0.9781837647565694,0.48068107400130966,0.0,0.0,0.0,0.836219,HS_IMPORT_UNIT_VALUE_VOLATILITY;HS_NET_IMPORT_EXPOSURE;HS_EXPORT_VOLUME_SURGE
2026-02,2936271000,0.13097516948275995,-0.07586082972834995,-0.04740154696565724,0.030795451246079075,-0.07490991589906537,-0.5088122605363985,0.18098840560005683,0.3376214379398348,0,0.0,,,0.08032701157173862,0.07490991589906537,0.0,0.030795451246079075,0.18098840560005683,0.3376214379398348,0.0,0.0,0.977798184993166,0.0,0.0,0.0,0.0,0.836219,HS_IMPORT_UNIT_VALUE_VOLATILITY;HS_NET_IMPORT_EXPOSURE
2026-03,2936271000,0.1339942427731155,0.3258228820014002,-0.18131654972794875,-0.38250918626762187,0.3253862190623831,0.6220362622036262,0.17717802073781633,0.21061197084959565,0,0.0,,,0.0,0.0,0.0,0.0,0.17717802073781633,0.21061197084959565,0.0,0.0,0.9575472597285194,0.6220362622036262,0.0,0.0,0.0,0.836219,HS_NET_IMPORT_EXPOSURE;HS_EXPORT_VOLUME_SURGE
2026-04,2936271000,0.1243146048624803,0.11375264960755604,0.3442367021866346,0.20694366263487018,0.11687118378556938,-0.9026798307475318,0.17021640372595392,0.2364406668253556,0,0.0,,,0.0,0.0,0.0,0.20694366263487018,0.17021640372595392,0.2364406668253556,0.0,0.0,0.993550961070032,0.0,0.0,0.0,0.0,0.836219,HS_NET_IMPORT_EXPOSURE
2026-05,2936271000,0.09345368924657134,0.007978031260799101,-0.3402043913899877,-0.34542659845004087,0.008603570965937335,-0.6363636363636364,0.11722059092708276,0.229336055073876,0,0.0,,,0.0,0.0,0.0,0.0,0.11722059092708276,0.229336055073876,0.0,0.0,0.9920066940289409,0.0,0.0,0.0,0.0,0.836219,HS_NET_IMPORT_EXPOSURE
2026-06,2936271000,0.111349565132663,0.08292450753633918,-0.125229888575479,-0.1922150571560809,0.08397483016825658,-0.7183098591549295,0.16492108151956106,0.22592167878234848,0,0.0,,,0.0,0.0,0.0,0.0,0.16492108151956106,0.22592167878234848,0.0,0.0,0.9956224446779403,0.0,0.0,0.0,0.0,0.836219,HS_NET_IMPORT_EXPOSURE
2023-01,2937212000,0.039441,,,,,,,,0,0.0,,,,,0.0,,,,0.0,0.0,1.0,,0.0,0.0,0.0,0.234054,HS_NET_IMPORT_EXPOSURE
2023-02,2937212000,0.039441,,,,,,,,0,0.0,,,,,0.0,,,,0.0,0.0,1.0,,0.0,0.0,0.0,0.234054,HS_NET_IMPORT_EXPOSURE
2023-03,2937212000,0.2634014284563157,,,,,,0.5965850882151381,,0,0.0,,,,,0.0,,0.5965850882151381,,0.0,0.0,1.0,,0.0,0.0,0.0,0.6094579999999999,HS_IMPORT_VOLUME_VOLATILITY;HS_NET_IMPORT_EXPOSURE
2023-04,2937212000,0.3897557581609782,,,,,,0.877207466054558,0.4667103566656189,0,0.0,,,,,0.0,,0.877207466054558,0.4667103566656189,0.0,0.0,1.0,,0.0,0.0,0.0,0.65447,HS_IMPORT_VOLUME_VOLATILITY;HS_IMPORT_UNIT_VALUE_VOLATILITY;HS_NET_IMPORT_EXPOSURE
2023-05,2937212000,0.4109943661218625,,,,,,0.920135517352353,0.5805299112618806,0,0.0,,,,,0.0,,0.920135517352353,0.5805299112618806,0.0,0.0,1.0,,0.0,0.0,0.0,0.65447,HS_IMPORT_VOLUME_VOLATILITY;HS_IMPORT_UNIT_VALUE_VOLATILITY;HS_NET_IMPORT_EXPOSURE
2023-06,2937212000,0.36825340320617056,,,,,,0.8080836648036902,0.5655061562295837,0,0.0,,,,,0.0,,0.8080836648036902,0.5655061562295837,0.0,0.0,1.0,,0.0,0.0,0.0,0.65447,HS_IMPORT_VOLUME_VOLATILITY;HS_IMPORT_UNIT_VALUE_VOLATILITY;HS_NET_IMPORT_EXPOSURE
2023-07,2937212000,0.4075735251832489,,,,,,0.918093394409784,0.5217333516445796,0,0.0,,,,,0.0,,0.918093394409784,0.5217333516445796,0.0,0.0,0.9998055557418049,,0.0,0.0,0.0,0.65447,HS_IMPORT_VOLUME_VOLATILITY;HS_IMPORT_UNIT_VALUE_VOLATILITY;HS_NET_IMPORT_EXPOSURE
2023-08,2937212000,0.3518955064179492,,,,,,0.7672954388205563,0.5424578525715313,0,0.0,,,,,0.0,,0.7672954388205563,0.5424578525715313,0.0,0.0,0.9997874456278325,,0.0,0.0,0.0,0.65447,HS_IMPORT_VOLUME_VOLATILITY;HS_IMPORT_UNIT_VALUE_VOLATILITY;HS_NET_IMPORT_EXPOSURE
2023-09,2937212000,0.3734596622235611,,,,,,0.821834390072527,0.5664877111164613,0,0.0,,,,,0.0,,0.821834390072527,0.5664877111164613,0.0,0.0,1.0,,0.0,0.0,0.0,0.65447,HS_IMPORT_VOLUME_VOLATILITY;HS_IMPORT_UNIT_VALUE_VOLATILITY;HS_NET_IMPORT_EXPOSURE
2023-10,2937212000,0.32013161717295235,,,,,,0.6804640018097142,0.5609601665524949,0,0.0,,,,,0.0,,0.6804640018097142,0.5609601665524949,0.0,0.0,0.9997913344164071,,0.0,0.0,0.0,0.65447,HS_IMPORT_VOLUME_VOLATILITY;HS_IMPORT_UNIT_VALUE_VOLATILITY;HS_NET_IMPORT_EXPOSURE
2023-11,2937212000,0.26468372388365463,,,,,,0.5462189421637063,0.44854590152916146,0,0.0,,,,,0.0,,0.5462189421637063,0.44854590152916146,0.0,0.0,1.0,,0.0,0.0,0.0,0.65447,HS_IMPORT_VOLUME_VOLATILITY;HS_IMPORT_UNIT_VALUE_VOLATILITY;HS_NET_IMPORT_EXPOSURE
2023-12,2937212000,0.3301705443175321,,,,,,0.7238946255488968,0.42158993841584547,0,0.0,,,,,0.0,,0.7238946255488968,0.42158993841584547,0.0,0.0,1.0,,0.0,0.0,0.0,0.65447,HS_IMPORT_VOLUME_VOLATILITY;HS_IMPORT_UNIT_VALUE_VOLATILITY;HS_NET_IMPORT_EXPOSURE
2024-01,2937212000,0.30608542292988666,-0.11155378486055778,-0.22588733643291947,-0.12868933383256842,-0.11155378486055778,,0.6312493125309457,0.40687111032535955,0,0.0,,,0.11812133085616029,0.11155378486055778,0.0,0.0,0.6312493125309457,0.40687111032535955,0.0,0.0,0.9998877730694066,,0.0,0.0,0.0,0.80369,HS_IMPORT_VOLUME_VOLATILITY;HS_IMPORT_UNIT_VALUE_VOLATILITY;HS_NET_IMPORT_EXPOSURE
2024-02,2937212000,0.27377045428313057,10.12962962962963,8.876206248606643,-0.11262040361936965,10.12962962962963,,0.5778441642897195,0.3866623040991888,0,0.0,,,0.0,0.0,0.0,0.0,0.5778441642897195,0.3866623040991888,0.0,0.0,1.0,,0.0,0.0,0.0,0.80369,HS_IMPORT_VOLUME_VOLATILITY;HS_IMPORT_UNIT_VALUE_VOLATILITY;HS_NET_IMPORT_EXPOSURE
2024-03,2937212000,0.3461028946954167,-0.4235033259423503,-0.1187397357914457,0.5286476121463768,-0.4235033259423503,,0.5883525585244412,0.3470015298114696,0,0.0,,,0.4484363891808029,0.4235033259423503,0.0,0.5286476121463768,0.5883525585244412,0.3470015298114696,0.0,0.0,1.0,,0.0,0.0,0.0,0.80369,HS_IMPORT_VOLUME_DROP;HS_NET_IMPORT_AVAILABILITY_DROP;HS_IMPORT_UNIT_VALUE_SHOCK;HS_IMPORT_VOLUME_VOLATILITY;HS_IMPORT_UNIT_VALUE_VOLATILITY;HS_NET_IMPORT_EXPOSURE
2024-04,2937212000,0.3204653563840754,0.2727272727272727,-0.18992831224002127,-0.3635151024743024,0.2727272727272727,,0.728593597617725,0.16678675606484838,0,0.0,,,0.0,0.0,0.0,0.0,0.728593597617725,0.16678675606484838,0.0,0.0,1.0,,0.0,0.0,0.0,0.80369,HS_IMPORT_VOLUME_VOLATILITY;HS_NET_IMPORT_EXPOSURE
2024-05,2937212000,0.35584331733826186,2.3423423423423424,4.72622003297118,0.7132356432878733,2.3423423423423424,,0.7244632629590853,0.17669053098177,0,0.0,,,0.0,0.0,0.0,0.7132356432878733,0.7244632629590853,0.17669053098177,0.0,0.0,1.0,,0.0,0.0,0.0,0.80369,HS_IMPORT_UNIT_VALUE_SHOCK;HS_IMPORT_VOLUME_VOLATILITY;HS_NET_IMPORT_EXPOSURE
2024-06,2937212000,0.3298463963010294,-0.5950704225352113,-0.5344634946037199,0.1496727611525528,-0.5950704225352113,,0.5738886849606378,0.1490467354193794,0,0.0,,,0.6301042170004355,0.5950704225352113,0.0,0.1496727611525528,0.5738886849606378,0.1490467354193794,0.0,0.0,0.9998794732456807,,0.0,0.0,0.0,0.80369,HS_IMPORT_VOLUME_DROP;HS_NET_IMPORT_AVAILABILITY_DROP;HS_IMPORT_VOLUME_VOLATILITY;HS_NET_IMPORT_EXPOSURE
2024-07,2937212000,0.2643027225680278,1.0602409638554215,0.7599418008220298,-0.14575924287585684,1.0602409638554215,,0.5805329623147005,0.15397632608892475,0,0.0,,,0.0,0.0,0.0,0.0,0.5805329623147005,0.15397632608892475,0.0,0.0,0.999912375277637,,0.0,0.0,0.0,0.80369,HS_IMPORT_VOLUME_VOLATILITY;HS_NET_IMPORT_EXPOSURE
2024-08,2937212000,0.3019536217054631,-0.4292452830188679,-0.38792691166088467,0.07239251841233418,-0.4292452830188679,,0.5539765432973722,0.15867215812530205,0,0.0,,,0.45451639455619214,0.4292452830188679,0.0,0.07239251841233418,0.5539765432973722,0.15867215812530205,0.0,0.0,0.9996403279217155,,0.0,0.0,0.0,0.80369,HS_IMPORT_VOLUME_DROP;HS_NET_IMPORT_AVAILABILITY_DROP;HS_IMPORT_VOLUME_VOLATILITY;HS_NET_IMPORT_EXPOSURE
2024-09,2937212000,0.3583697700249537,-0.6914556962025317,-0.5319643423073486,0.5169155674961832,-0.6914556962025317,,0.5781495481807858,0.11181212594018944,0,0.0,,,0.7321640154622318,0.6914556962025317,0.0,0.5169155674961832,0.5781495481807858,0.11181212594018944,0.0,0.0,0.999843739148552,,0.0,0.0,0.0,0.80369,HS_IMPORT_VOLUME_DROP;HS_NET_IMPORT_AVAILABILITY_DROP;HS_IMPORT_UNIT_VALUE_SHOCK;HS_IMPORT_VOLUME_VOLATILITY;HS_NET_IMPORT_EXPOSURE
2024-10,2937212000,0.3766262270957727,-0.7088607594936709,-0.42869598914938967,0.9623050807477487,-0.7088607594936709,,0.5257269051424718,0.409154255446938,0,0.0,,,0.7505937732885122,0.7088607594936709,0.0,0.9623050807477487,0.5257269051424718,0.409154255446938,0.0,0.0,0.9997782444789397,,0.0,0.0,0.0,0.80369,HS_IMPORT_VOLUME_DROP;HS_NET_IMPORT_AVAILABILITY_DROP;HS_IMPORT_UNIT_VALUE_SHOCK;HS_IMPORT_VOLUME_VOLATILITY;HS_IMPORT_UNIT_VALUE_VOLATILITY;HS_NET_IMPORT_EXPOSURE
2024-11,2937212000,0.3154386154206172,-0.5568181818181819,-0.5105597394981327,0.10437802369652105,-0.5568181818181819,,0.5073253477808579,0.5220205599001836,0,0.0,,,0.5895999383928228,0.5568181818181819,0.0,0.10437802369652105,0.5073253477808579,0.5220205599001836,0.0,0.0,1.0,,0.0,0.0,0.0,0.80369,HS_IMPORT_VOLUME_DROP;HS_NET_IMPORT_AVAILABILITY_DROP;HS_IMPORT_VOLUME_VOLATILITY;HS_IMPORT_UNIT_VALUE_VOLATILITY;HS_NET_IMPORT_EXPOSURE
2024-12,2937212000,0.25919325873643384,3.086956521739131,3.3224650792501986,0.05762443428462327,3.086956521739131,,0.5140748149163457,0.5291693210585016,0,0.0,,,0.0,0.0,0.0,0.05762443428462327,0.5140748149163457,0.5291693210585016,0.0,0.0,1.0,,0.0,0.0,0.0,0.80369,HS_IMPORT_VOLUME_VOLATILITY;HS_IMPORT_UNIT_VALUE_VOLATILITY;HS_NET_IMPORT_EXPOSURE
2025-01,2937212000,0.3229200829607253,-0.7982062780269058,-0.6910740891236624,0.5308995138982948,-0.7982062780269058,,0.4007439232577092,0.5467694773765976,0,0.0,,,0.8451993625867279,0.7982062780269058,0.0,0.5308995138982948,0.4007439232577092,0.5467694773765976,0.0,0.0,0.9994237610863356,,0.0,0.0,0.0,0.80369,HS_IMPORT_VOLUME_DROP;HS_NET_IMPORT_AVAILABILITY_DROP;HS_IMPORT_UNIT_VALUE_SHOCK;HS_IMPORT_VOLUME_VOLATILITY;HS_IMPORT_UNIT_VALUE_VOLATILITY;HS_NET_IMPORT_EXPOSURE
2025-02,2937212000,0.42518795219747635,0.12978369384359412,0.39370144758354475,0.23360025036481646,0.12978369384359412,,0.9284799726535548,0.5608053438423207,0,0.0,,,0.0,0.0,0.0,0.23360025036481646,0.9284799726535548,0.5608053438423207,0.0,0.0,1.0,,0.0,0.0,0.0,0.80369,HS_IMPORT_VOLUME_VOLATILITY;HS_IMPORT_UNIT_VALUE_VOLATILITY;HS_NET_IMPORT_EXPOSURE
2025-03,2937212000,0.41547055091433127,2.3153846153846156,1.2944738337778166,-0.30793132623870956,2.3153846153846156,,0.9335225858351448,0.5683686760559936,0,0.0,,,0.0,0.0,0.0,0.0,0.9335225858351448,0.5683686760559936,0.0,0.0,0.9999499823747415,,0.0,0.0,0.0,0.80369,HS_IMPORT_VOLUME_VOLATILITY;HS_IMPORT_UNIT_VALUE_VOLATILITY;HS_NET_IMPORT_EXPOSURE
2025-04,2937212000,0.3626716257864454,17.642857142857142,21.95214683710259,0.2311496387717864,17.642857142857142,,0.7797954676215144,0.4148965576319097,0,0.0,,,0.0,0.0,0.0,0.2311496387717864,0.7797954676215144,0.4148965576319097,0.0,0.0,0.9998333975942613,,0.0,0.0,0.0,0.80369,HS_IMPORT_VOLUME_VOLATILITY;HS_IMPORT_UNIT_VALUE_VOLATILITY;HS_NET_IMPORT_EXPOSURE
2025-05,2937212000,0.3218554808166499,-0.08086253369272234,-0.015477041117177404,0.07113788195169257,-0.08086253369272234,,0.6825177871280534,0.3181443893478528,0,0.0,,,0.08562318264794826,0.08086253369272234,0.0,0.07113788195169257,0.6825177871280534,0.3181443893478528,0.0,0.0,1.0,,0.0,0.0,0.0,0.80369,HS_IMPORT_VOLUME_VOLATILITY;HS_IMPORT_UNIT_VALUE_VOLATILITY;HS_NET_IMPORT_EXPOSURE
2025-06,2937212000,0.2773727034005243,0.791304347826087,-0.07044526775280491,-0.4810738145221969,0.791304347826087,,0.5859456027520574,0.3991242412021437,0,0.0,,,0.0,0.0,0.0,0.0,0.5859456027520574,0.3991242412021437,0.0,0.0,1.0,,0.0,0.0,0.0,0.80369,HS_IMPORT_VOLUME_VOLATILITY;HS_IMPORT_UNIT_VALUE_VOLATILITY;HS_NET_IMPORT_EXPOSURE
2025-07,2937212000,0.2616371106973889,-0.23684210526315785,-0.41394680798375516,-0.2320682311511275,-0.23684210526315785,,0.48015986194897575,0.3959139231269165,0,0.0,,,0.25078579549254326,0.23684210526315785,0.0,0.0,0.48015986194897575,0.3959139231269165,0.0,0.0,1.0,,0.0,0.0,0.0,0.80369,HS_IMPORT_VOLUME_VOLATILITY;HS_IMPORT_UNIT_VALUE_VOLATILITY;HS_NET_IMPORT_EXPOSURE
2025-08,2937212000,0.2742454826703191,0.5123966942148761,0.44678713614208276,-0.04338118320660078,0.5123966942148761,,0.5799616617777296,0.3795555627901967,0,0.0,,,0.0,0.0,0.0,0.0,0.5799616617777296,0.3795555627901967,0.0,0.0,1.0,,0.0,0.0,0.0,0.80369,HS_IMPORT_VOLUME_VOLATILITY;HS_IMPORT_UNIT_VALUE_VOLATILITY;HS_NET_IMPORT_EXPOSURE
2025-09,2937212000,0.15341403164962897,0.9589743589743589,0.5527467185221195,-0.20736751279630017,0.9589743589743589,,0.25749630643193105,0.3846396724836837,0,0.0,,,0.0,0.0,0.0,0.0,0.25749630643193105,0.3846396724836837,0.0,0.0,0.9998602290008051,,0.0,0.0,0.0,0.80369,HS_IMPORT_UNIT_VALUE_VOLATILITY;HS_NET_IMPORT_EXPOSURE
2025-10,2937212000,0.1585329670336165,8.91304347826087,3.3448298352486923,-0.5617057622336845,8.91304347826087,,0.2726032876640165,0.37233163730948154,0,0.0,,,0.0,0.0,0.0,0.0,0.2726032876640165,0.37233163730948154,0.0,0.0,0.9999039266960691,,0.0,0.0,0.0,0.80369,HS_IMPORT_UNIT_VALUE_VOLATILITY;HS_NET_IMPORT_EXPOSURE
2025-11,2937212000,0.1607203185300911,1.0,0.5421136852726256,-0.2289431573636872,1.0,,0.27814227471203157,0.3746466727560564,0,0.0,,,0.0,0.0,0.0,0.0,0.27814227471203157,0.3746466727560564,0.0,0.0,1.0,,0.0,0.0,0.0,0.80369,HS_IMPORT_UNIT_VALUE_VOLATILITY;HS_NET_IMPORT_EXPOSURE
2025-12,2937212000,0.16456506482420924,0.27659574468085113,-0.07762438571081731,-0.27747243547347367,0.27659574468085113,,0.298115094923542,0.2936864692776929,0,0.0,,,0.0,0.0,0.0,0.0,0.298115094923542,0.2936864692776929,0.0,0.0,0.9997730882686635,,0.0,0.0,0.0,0.80369,HS_NET_IMPORT_EXPOSURE
2026-01,2937212000,0.2130088037540811,0.11111111111111116,-0.281830936513504,-0.35364784286215367,0.11111111111111116,,0.42887976896795676,0.2795367910615877,0,0.0,,,0.0,0.0,0.0,0.0,0.42887976896795676,0.2795367910615877,0.0,0.0,0.999546485260771,,0.0,0.0,0.0,0.80369,HS_IMPORT_VOLUME_VOLATILITY;HS_NET_IMPORT_EXPOSURE
2026-02,2937212000,0.4678119944528793,-0.9985272459499264,-0.9858928112801979,8.578781140745642,-0.9985272459499264,,0.6326392180355822,0.9311442969338889,0,0.0,,,1.0,0.9985272459499264,0.0,1.0,0.6326392180355822,0.9311442969338889,0.0,0.0,0.9947515171395769,,0.0,0.0,0.0,0.80369,HS_IMPORT_VOLUME_DROP;HS_NET_IMPORT_AVAILABILITY_DROP;HS_IMPORT_UNIT_VALUE_SHOCK;HS_IMPORT_VOLUME_VOLATILITY;HS_IMPORT_UNIT_VALUE_VOLATILITY;HS_NET_IMPORT_EXPOSURE
2026-03,2937212000,0.37694098166892903,-0.511600928074246,-0.583855739641588,-0.1479421557507098,-0.511600928074246,,0.6403334387066434,1.4818742966344705,0,0.0,,,0.5417205930476979,0.511600928074246,0.0,0.0,0.6403334387066434,1.0,0.0,0.0,1.0,,0.0,0.0,0.0,0.80369,HS_IMPORT_VOLUME_DROP;HS_NET_IMPORT_AVAILABILITY_DROP;HS_IMPORT_VOLUME_VOLATILITY;HS_IMPORT_UNIT_VALUE_VOLATILITY;HS_NET_IMPORT_EXPOSURE
2026-04,2937212000,0.36666494070056715,1.4559386973180075,1.8070030131235093,0.14294506462595313,1.4559386973180075,,0.7322781795076371,1.5058328163300934,0,0.0,,,0.0,0.0,0.0,0.14294506462595313,0.7322781795076371,1.0,0.0,0.0,1.0,,0.0,0.0,0.0,0.80369,HS_IMPORT_VOLUME_VOLATILITY;HS_IMPORT_UNIT_VALUE_VOLATILITY;HS_NET_IMPORT_EXPOSURE
2026-05,2937212000,0.5223613500128916,-0.8563049853372434,-0.883161403063741,-0.18689874377011617,-0.8563049853372434,,0.9343169236102423,1.510188494983206,0,0.0,,,0.9067185359352429,0.8563049853372434,0.0,0.0,0.9343169236102423,1.0,0.0,0.0,0.9987636824171516,,0.0,0.0,0.0,0.80369,HS_IMPORT_VOLUME_DROP;HS_NET_IMPORT_AVAILABILITY_DROP;HS_IMPORT_VOLUME_VOLATILITY;HS_IMPORT_UNIT_VALUE_VOLATILITY;HS_NET_IMPORT_EXPOSURE
2026-06,2937212000,0.5394984065112548,-0.5703883495145632,-0.33358889653072965,0.5511942069454203,-0.5703883495145632,,0.9823447248489924,1.5035803470235523,0,0.0,,,0.6039690274402405,0.5703883495145632,0.0,0.5511942069454203,0.9823447248489924,1.0,0.0,0.0,0.9995854904747403,,0.0,0.0,0.0,0.80369,HS_IMPORT_VOLUME_DROP;HS_NET_IMPORT_AVAILABILITY_DROP;HS_IMPORT_UNIT_VALUE_SHOCK;HS_IMPORT_VOLUME_VOLATILITY;HS_IMPORT_UNIT_VALUE_VOLATILITY;HS_NET_IMPORT_EXPOSURE
2023-01,2937214000,0.039441,,,,,,,,0,0.0,,,,,0.0,,,,0.0,0.0,1.0,,0.0,0.0,0.0,0.234054,HS_NET_IMPORT_EXPOSURE
2023-02,2937214000,0.039441,,,,,,,,0,0.0,,,,,0.0,,,,0.0,0.0,1.0,,0.0,0.0,0.0,0.234054,HS_NET_IMPORT_EXPOSURE
2023-03,2937214000,0.32631836650835666,,,,,,0.7641830308370626,,0,0.0,,,,,0.0,,0.7641830308370626,,0.0,0.0,1.0,,0.0,0.0,0.0,0.6094579999999999,HS_IMPORT_VOLUME_VOLATILITY;HS_NET_IMPORT_EXPOSURE
2023-04,2937214000,0.33611687697525566,,,,,,0.7148237810554698,0.6293470690462102,0,0.0,,,,,0.0,,0.7148237810554698,0.6293470690462102,0.0,0.0,1.0,,0.0,0.0,0.0,0.65447,HS_IMPORT_VOLUME_VOLATILITY;HS_IMPORT_UNIT_VALUE_VOLATILITY;HS_NET_IMPORT_EXPOSURE
2023-05,2937214000,0.3814042156903098,,,,,,0.845319111768659,0.5471216532459809,0,0.0,,,,,0.0,,0.845319111768659,0.5471216532459809,0.0,0.0,1.0,,0.0,0.0,0.0,0.65447,HS_IMPORT_VOLUME_VOLATILITY;HS_IMPORT_UNIT_VALUE_VOLATILITY;HS_NET_IMPORT_EXPOSURE
2023-06,2937214000,0.4470633945519926,,,,,,1.0062488320034795,0.7157734504574917,0,0.0,,,,,0.0,,1.0,0.7157734504574917,0.0,0.0,1.0,,0.0,0.0,0.0,0.65447,HS_IMPORT_VOLUME_VOLATILITY;HS_IMPORT_UNIT_VALUE_VOLATILITY;HS_NET_IMPORT_EXPOSURE
2023-07,2937214000,0.6416763945519925,,,,,,1.4240719959308408,0.7157734504574917,1,0.0,,,,,1.0,,1.0,0.7157734504574917,0.0,0.0,1.0,,0.0,0.0,0.0,0.65447,HS_IMPORT_INTERRUPTION;HS_IMPORT_VOLUME_VOLATILITY;HS_IMPORT_UNIT_VALUE_VOLATILITY;HS_NET_IMPORT_EXPOSURE
2023-08,2937214000,0.44788296496448865,,,,,,1.626072968019917,0.7339812708719595,0,0.0,,,,,0.0,,1.0,0.7339812708719595,0.0,0.0,1.0,,0.0,0.0,0.0,0.65447,HS_IMPORT_VOLUME_VOLATILITY;HS_IMPORT_UNIT_VALUE_VOLATILITY;HS_NET_IMPORT_EXPOSURE
2023-09,2937214000,0.4544479751559722,,,,,,1.2789444601785633,0.8798314928457339,0,0.0,,,,,0.0,,1.0,0.8798314928457339,0.0,0.0,1.0,,0.0,0.0,0.0,0.65447,HS_IMPORT_VOLUME_VOLATILITY;HS_IMPORT_UNIT_VALUE_VOLATILITY;HS_NET_IMPORT_EXPOSURE
2023-10,2937214000,0.4513539726956463,,,,,,1.3072642624836655,0.8110942125576798,0,0.0,,,,,0.0,,1.0,0.8110942125576798,0.0,0.0,1.0,,0.0,0.0,0.0,0.65447,HS_IMPORT_VOLUME_VOLATILITY;HS_IMPORT_UNIT_VALUE_VOLATILITY;HS_NET_IMPORT_EXPOSURE
2023-11,2937214000,0.45121597729283675,,,,,,1.187850232374684,0.8080284655833266,0,0.0,,,,,0.0,,1.0,0.8080284655833266,0.0,0.0,1.0,,0.0,0.0,0.0,0.65447,HS_IMPORT_VOLUME_VOLATILITY;HS_IMPORT_UNIT_VALUE_VOLATILITY;HS_NET_IMPORT_EXPOSURE
2023-12,2937214000,0.43817593714803915,,,,,,1.1220358958614765,0.5183270494099157,0,0.0,,,,,0.0,,1.0,0.5183270494099157,0.0,0.0,1.0,,0.0,0.0,0.0,0.65447,HS_IMPORT_VOLUME_VOLATILITY;HS_IMPORT_UNIT_VALUE_VOLATILITY;HS_NET_IMPORT_EXPOSURE
2024-01,2937214000,0.5351037316350578,-0.8947368421052632,-0.8891314147429358,0.05325155994211017,-0.8947368421052632,,1.0280982633557847,0.5867312842474093,0,0.0,,,0.9474130051940525,0.8947368421052632,0.0,0.05325155994211017,1.0,0.5867312842474093,0.0,0.0,1.0,,0.0,0.0,0.0,0.80369,HS_IMPORT_VOLUME_DROP;HS_NET_IMPORT_AVAILABILITY_DROP;HS_IMPORT_VOLUME_VOLATILITY;HS_IMPORT_UNIT_VALUE_VOLATILITY;HS_NET_IMPORT_EXPOSURE
2024-02,2937214000,0.34440348894694855,1.9292929292929295,0.8119602941784076,-0.38143424440116425,1.9292929292929295,,0.7434244776624975,0.5749126085163135,0,0.0,,,0.0,0.0,0.0,0.0,0.7434244776624975,0.5749126085163135,0.0,0.0,1.0,,0.0,0.0,0.0,0.80369,HS_IMPORT_VOLUME_VOLATILITY;HS_IMPORT_UNIT_VALUE_VOLATILITY;HS_NET_IMPORT_EXPOSURE
2024-03,2937214000,0.3981329242414654,5.351351351351352,1.6267001313609626,-0.586434447402742,5.351351351351352,,0.8980976549134887,0.47859397930156466,0,0.0,,,0.0,0.0,0.0,0.0,0.8980976549134887,0.47859397930156466,0.0,0.0,1.0,,0.0,0.0,0.0,0.80369,HS_IMPORT_VOLUME_VOLATILITY;HS_IMPORT_UNIT_VALUE_VOLATILITY;HS_NET_IMPORT_EXPOSURE
2024-04,2937214000,0.5853840571551114,-0.896969696969697,-0.7707447337436717,1.2251246430761285,-0.896969696969697,,1.07027631985206,0.6228503161463629,0,0.0,,,0.9497773157239485,0.896969696969697,0.0,1.0,1.0,0.6228503161463629,0.0,0.0,1.0,,0.0,0.0,0.0,0.80369,HS_IMPORT_VOLUME_DROP;HS_NET_IMPORT_AVAILABILITY_DROP;HS_IMPORT_UNIT_VALUE_SHOCK;HS_IMPORT_VOLUME_VOLATILITY;HS_IMPORT_UNIT_VALUE_VOLATILITY;HS_NET_IMPORT_EXPOSURE
2024-05,2937214000,0.4133458635767985,5.972222222222222,4.565838885523925,-0.2017123510802339,5.972222222222222,,0.9077404041299134,0.7361478029150544,0,0.0,,,0.0,0.0,0.0,0.0,0.9077404041299134,0.7361478029150544,0.0,0.0,1.0,,0.0,0.0,0.0,0.80369,HS_IMPORT_VOLUME_VOLATILITY;HS_IMPORT_UNIT_VALUE_VOLATILITY;HS_NET_IMPORT_EXPOSURE
2024-06,2937214000,0.36998028122129945,10.375,2.7048022164075727,-0.6743031018542793,10.375,,0.7891574867655028,0.7617169656887628,0,0.0,,,0.0,0.0,0.0,0.0,0.7891574867655028,0.7617169656887628,0.0,0.0,1.0,,0.0,0.0,0.0,0.80369,HS_IMPORT_VOLUME_VOLATILITY;HS_IMPORT_UNIT_VALUE_VOLATILITY;HS_NET_IMPORT_EXPOSURE
2024-07,2937214000,0.3587901256676975,,360.22802850356294,,,,0.7691577649058482,0.6799125586728526,0,0.0,,,,,0.0,,0.7691577649058482,0.6799125586728526,0.0,0.0,1.0,,0.0,0.0,0.0,0.65447,HS_IMPORT_VOLUME_VOLATILITY;HS_IMPORT_UNIT_VALUE_VOLATILITY;HS_NET_IMPORT_EXPOSURE
2024-08,2937214000,0.3869987129359363,32.8,23.785803016858917,-0.26669221843612667,32.8,,0.8431834671597651,0.6892221325489164,0,0.0,,,0.0,0.0,0.0,0.0,0.8431834671597651,0.6892221325489164,0.0,0.0,1.0,,0.0,0.0,0.0,0.80369,HS_IMPORT_VOLUME_VOLATILITY;HS_IMPORT_UNIT_VALUE_VOLATILITY;HS_NET_IMPORT_EXPOSURE
2024-09,2937214000,0.5510339028523104,-0.9067961165048544,-0.7207781428766004,1.995817842053142,-0.9067961165048544,,0.8995722343858246,0.6750598181169338,0,0.0,,,0.9601822495815908,0.9067961165048544,0.0,1.0,0.8995722343858246,0.6750598181169338,0.0,0.0,1.0,,0.0,0.0,0.0,0.80369,HS_IMPORT_VOLUME_DROP;HS_NET_IMPORT_AVAILABILITY_DROP;HS_IMPORT_UNIT_VALUE_SHOCK;HS_IMPORT_VOLUME_VOLATILITY;HS_IMPORT_UNIT_VALUE_VOLATILITY;HS_NET_IMPORT_EXPOSURE
2024-10,2937214000,0.7351497033397726,-1.0,-0.9760568610141942,,-1.0,,1.020823846970634,0.6136742055401381,1,0.0,,,1.0,1.0,1.0,,1.0,0.6136742055401381,0.0,0.0,1.0,,0.0,0.0,0.0,0.752539,HS_IMPORT_VOLUME_DROP;HS_NET_IMPORT_AVAILABILITY_DROP;HS_IMPORT_INTERRUPTION;HS_IMPORT_VOLUME_VOLATILITY;HS_IMPORT_UNIT_VALUE_VOLATILITY;HS_NET_IMPORT_EXPOSURE
2024-11,2937214000,0.42975031764052135,2.4689655172413794,0.7253620657444786,-0.5026292255806175,2.4689655172413794,,1.02189240419884,0.33114097664003606,0,0.0,,,0.0,0.0,0.0,0.0,1.0,0.33114097664003606,0.0,0.0,1.0,,0.0,0.0,0.0,0.80369,HS_IMPORT_VOLUME_VOLATILITY;HS_IMPORT_UNIT_VALUE_VOLATILITY;HS_NET_IMPORT_EXPOSURE
2024-12,2937214000,0.4310446435577671,0.5,0.1441070460575744,-0.23726196929495047,0.5,,1.1665244006819928,0.3598961067663533,0,0.0,,,0.0,0.0,0.0,0.0,1.0,0.3598961067663533,0.0,0.0,1.0,,0.0,0.0,0.0,0.80369,HS_IMPORT_VOLUME_VOLATILITY;HS_IMPORT_UNIT_VALUE_VOLATILITY;HS_NET_IMPORT_EXPOSURE
2025-01,2937214000,0.42738830190608246,9.28,9.183132415531302,-0.009422916777110601,9.28,,0.9689389170851993,0.5377178680491924,0,0.0,,,0.0,0.0,0.0,0.0,0.9689389170851993,0.5377178680491924,0.0,0.0,1.0,,0.0,0.0,0.0,0.80369,HS_IMPORT_VOLUME_VOLATILITY;HS_IMPORT_UNIT_VALUE_VOLATILITY;HS_NET_IMPORT_EXPOSURE
2025-02,2937214000,0.464090125181718,-0.3758620689655172,-0.33479459239138176,0.06579871937292414,-0.3758620689655172,,0.9582372046753239,0.5171402857065586,0,0.0,,,0.3979903313908484,0.3758620689655172,0.0,0.06579871937292414,0.9582372046753239,0.5171402857065586,0.0,0.0,1.0,,0.0,0.0,0.0,0.80369,HS_IMPORT_VOLUME_DROP;HS_NET_IMPORT_AVAILABILITY_DROP;HS_IMPORT_VOLUME_VOLATILITY;HS_IMPORT_UNIT_VALUE_VOLATILITY;HS_NET_IMPORT_EXPOSURE
2025-03,2937214000,0.5470557876688478,-0.8921985815602836,-0.7905445234023905,0.9429751447541406,-0.8921985815602836,,0.9224222536999442,0.4939407308225531,0,0.0,,,0.9447253087254168,0.8921985815602836,0.0,0.9429751447541406,0.9224222536999442,0.4939407308225531,0.0,0.0,1.0,,0.0,0.0,0.0,0.80369,HS_IMPORT_VOLUME_DROP;HS_NET_IMPORT_AVAILABILITY_DROP;HS_IMPORT_UNIT_VALUE_SHOCK;HS_IMPORT_VOLUME_VOLATILITY;HS_IMPORT_UNIT_VALUE_VOLATILITY;HS_NET_IMPORT_EXPOSURE
2025-04,2937214000,0.43075347267094977,-0.4411764705882353,-0.6200653759114911,-0.3201169884731946,-0.4411764705882353,,0.8691021854428201,0.44690753168109015,0,0.0,,,0.46715001121160027,0.4411764705882353,0.0,0.0,0.8691021854428201,0.44690753168109015,0.0,0.0,1.0,,0.0,0.0,0.0,0.80369,HS_IMPORT_VOLUME_DROP;HS_NET_IMPORT_AVAILABILITY_DROP;HS_IMPORT_VOLUME_VOLATILITY;HS_IMPORT_UNIT_VALUE_VOLATILITY;HS_NET_IMPORT_EXPOSURE
2025-05,2937214000,0.40952170531803067,-0.12350597609561753,0.18914958139264937,0.3567115678616135,-0.12350597609561753,,0.8503055900023391,0.445390240150441,0,0.0,,,0.13077718773360603,0.12350597609561753,0.0,0.3567115678616135,0.8503055900023391,0.445390240150441,0.0,0.0,1.0,,0.0,0.0,0.0,0.80369,HS_IMPORT_UNIT_VALUE_SHOCK;HS_IMPORT_VOLUME_VOLATILITY;HS_IMPORT_UNIT_VALUE_VOLATILITY;HS_NET_IMPORT_EXPOSURE
2025-06,2937214000,0.5868745157286138,-0.989010989010989,-0.9193189891192808,6.34197199014545,-0.989010989010989,,0.9531129731909848,0.9060666791212482,0,0.0,,,1.0,0.989010989010989,0.0,1.0,0.9531129731909848,0.9060666791212482,0.0,0.0,1.0,,0.0,0.0,0.0,0.80369,HS_IMPORT_VOLUME_DROP;HS_NET_IMPORT_AVAILABILITY_DROP;HS_IMPORT_UNIT_VALUE_SHOCK;HS_IMPORT_VOLUME_VOLATILITY;HS_IMPORT_UNIT_VALUE_VOLATILITY;HS_NET_IMPORT_EXPOSURE
2025-07,2937214000,0.4471174417330367,6.728571428571429,2.9625650164061628,-0.48728363928201224,6.728571428571429,,0.9660644045695749,1.2722391522091951,0,0.0,,,0.0,0.0,0.0,0.0,0.9660644045695749,1.0,0.0,0.0,1.0,,0.0,0.0,0.0,0.80369,HS_IMPORT_VOLUME_VOLATILITY;HS_IMPORT_UNIT_VALUE_VOLATILITY;HS_NET_IMPORT_EXPOSURE
2025-08,2937214000,0.48878352983767287,-0.28402366863905326,-0.7190802474439385,-0.6076410067605422,-0.28402366863905326,,1.0272087683946598,1.274678548378761,0,0.0,,,0.30074509597527876,0.28402366863905326,0.0,0.0,1.0,1.0,0.0,0.0,1.0,,0.0,0.0,0.0,0.80369,HS_IMPORT_VOLUME_DROP;HS_IMPORT_VOLUME_VOLATILITY;HS_IMPORT_UNIT_VALUE_VOLATILITY;HS_NET_IMPORT_EXPOSURE
2025-09,2937214000,0.39383937651974715,6.604166666666667,2.482130743961647,-0.5420759569584683,6.604166666666667,,0.824142461241082,1.3039754625369864,0,0.0,,,0.0,0.0,0.0,0.0,0.824142461241082,1.0,0.0,0.0,1.0,,0.0,0.0,0.0,0.80369,HS_IMPORT_VOLUME_VOLATILITY;HS_IMPORT_UNIT_VALUE_VOLATILITY;HS_NET_IMPORT_EXPOSURE
2025-10,2937214000,0.4118947499621018,,1.7654718361375275,,,,0.8722383084945866,1.6613838084161285,0,0.0,,,,,0.0,,0.8722383084945866,1.0,0.0,0.0,1.0,,0.0,0.0,0.0,0.65447,HS_IMPORT_VOLUME_VOLATILITY;HS_IMPORT_UNIT_VALUE_VOLATILITY;HS_NET_IMPORT_EXPOSURE
2025-11,2937214000,0.608874675944334,-0.9940357852882704,-0.9451873577368777,8.190253019450179,-0.9940357852882704,,1.2153908089973622,1.71385806216838,0,0.0,,,1.0,0.9940357852882704,0.0,1.0,1.0,1.0,0.0,0.0,1.0,,0.0,0.0,0.0,0.80369,HS_IMPORT_VOLUME_DROP;HS_NET_IMPORT_AVAILABILITY_DROP;HS_IMPORT_UNIT_VALUE_SHOCK;HS_IMPORT_VOLUME_VOLATILITY;HS_IMPORT_UNIT_VALUE_VOLATILITY;HS_NET_IMPORT_EXPOSURE
2025-12,2937214000,0.5979161518678526,-0.8533333333333333,-0.6514745976858625,1.3763095612327558,-0.8533333333333333,,1.1980042914336284,1.524010842476578,0,0.0,,,0.9035719327968375,0.8533333333333333,0.0,1.0,1.0,1.0,0.0,0.0,1.0,,0.0,0.0,0.0,0.80369,HS_IMPORT_VOLUME_DROP;HS_NET_IMPORT_AVAILABILITY_DROP;HS_IMPORT_UNIT_VALUE_SHOCK;HS_IMPORT_VOLUME_VOLATILITY;HS_IMPORT_UNIT_VALUE_VOLATILITY;HS_NET_IMPORT_EXPOSURE
2026-01,2937214000,0.46290970927207387,0.5369649805447472,0.6286915791833227,0.059680343924339185,0.5369649805447472,,1.3339884917353875,1.3858217699030073,0,0.0,,,0.0,0.0,0.0,0.059680343924339185,1.0,1.0,0.0,0.0,1.0,,0.0,0.0,0.0,0.80369,HS_IMPORT_VOLUME_VOLATILITY;HS_IMPORT_UNIT_VALUE_VOLATILITY;HS_NET_IMPORT_EXPOSURE
2026-02,2937214000,0.5574473853786557,-0.8121546961325967,-0.7575242094438255,0.2908270026666937,-0.8121546961325967,,1.4628450615905744,1.3840311678228996,0,0.0,,,0.8599689709154984,0.8121546961325967,0.0,0.2908270026666937,1.0,1.0,0.0,0.0,1.0,,0.0,0.0,0.0,0.80369,HS_IMPORT_VOLUME_DROP;HS_NET_IMPORT_AVAILABILITY_DROP;HS_IMPORT_VOLUME_VOLATILITY;HS_IMPORT_UNIT_VALUE_VOLATILITY;HS_NET_IMPORT_EXPOSURE
2026-03,2937214000,0.459857,0.9736842105263157,0.4398624865645435,-0.27046967347396456,0.9736842105263157,,1.7246086994924088,1.374314188574929,0,0.0,,,0.0,0.0,0.0,0.0,1.0,1.0,0.0,0.0,1.0,,0.0,0.0,0.0,0.80369,HS_IMPORT_VOLUME_VOLATILITY;HS_IMPORT_UNIT_VALUE_VOLATILITY;HS_NET_IMPORT_EXPOSURE
2026-04,2937214000,0.4443668751909459,1.210526315789474,0.4564692256783587,-0.34112106457407576,1.210526315789474,,1.5554790466613049,0.655866773103748,0,0.0,,,0.0,0.0,0.0,0.0,1.0,0.655866773103748,0.0,0.0,1.0,,0.0,0.0,0.0,0.80369,HS_IMPORT_VOLUME_VOLATILITY;HS_IMPORT_UNIT_VALUE_VOLATILITY;HS_NET_IMPORT_EXPOSURE
2026-05,2937214000,0.540098995829861,-0.9454545454545454,-0.9502857259064934,-0.08857164161904563,-0.9454545454545454,,1.5140097696438342,0.6450577909092339,0,0.0,,,1.0,0.9454545454545454,0.0,0.0,1.0,0.6450577909092339,0.0,0.0,1.0,,0.0,0.0,0.0,0.80369,HS_IMPORT_VOLUME_DROP;HS_NET_IMPORT_AVAILABILITY_DROP;HS_IMPORT_VOLUME_VOLATILITY;HS_IMPORT_UNIT_VALUE_VOLATILITY;HS_NET_IMPORT_EXPOSURE
2026-06,2937214000,0.4430115346885003,294.5,26.742533470648816,-0.9061166380011885,294.5,,1.074097727269031,0.6257561247778429,0,0.0,,,0.0,0.0,0.0,0.0,1.0,0.6257561247778429,0.0,0.0,1.0,,0.0,0.0,0.0,0.80369,HS_IMPORT_VOLUME_VOLATILITY;HS_IMPORT_UNIT_VALUE_VOLATILITY;HS_NET_IMPORT_EXPOSURE
2023-01,2937902100,0.039441,,,,,,,,0,0.0,,,,,0.0,,,,0.0,0.0,1.0,,0.0,0.0,0.0,0.234054,HS_NET_IMPORT_EXPOSURE
2023-02,2937902100,0.039441,,,,,,,,0,0.0,,,,,0.0,,,,0.0,0.0,1.0,,0.0,0.0,0.0,0.234054,HS_NET_IMPORT_EXPOSURE
2023-03,2937902100,0.2708555674370566,,,,,,0.6164414002968976,,0,0.0,,,,,0.0,,0.6164414002968976,,0.0,0.0,1.0,,0.0,0.0,0.0,0.6094579999999999,HS_IMPORT_VOLUME_VOLATILITY;HS_NET_IMPORT_EXPOSURE
2023-05,2937902100,0.36379974290654593,,,,,,0.7441229792611318,1.9386632233571903,0,0.0,,,,,0.0,,0.7441229792611318,1.0,0.0,0.0,1.0,,0.0,0.0,0.0,0.65447,HS_IMPORT_VOLUME_VOLATILITY;HS_IMPORT_UNIT_VALUE_VOLATILITY;HS_NET_IMPORT_EXPOSURE
2023-06,2937902100,0.39096908246659207,,,,,,0.816496580927726,1.723533042359822,0,0.0,,,,,0.0,,0.816496580927726,1.0,0.0,0.0,1.0,,0.0,0.0,0.0,0.65447,HS_IMPORT_VOLUME_VOLATILITY;HS_IMPORT_UNIT_VALUE_VOLATILITY;HS_NET_IMPORT_EXPOSURE
2023-08,2937902100,0.3568802502229675,,,,,,0.7256908563120464,1.5415840970217156,0,0.0,,,,,0.0,,0.7256908563120464,1.0,0.0,0.0,1.0,,0.0,0.0,0.0,0.65447,HS_IMPORT_VOLUME_VOLATILITY;HS_IMPORT_UNIT_VALUE_VOLATILITY;HS_NET_IMPORT_EXPOSURE
2023-09,2937902100,0.3568802502229675,,,,,,0.7256908563120464,1.4153325163431845,0,0.0,,,,,0.0,,0.7256908563120464,1.0,0.0,0.0,1.0,,0.0,0.0,0.0,0.65447,HS_IMPORT_VOLUME_VOLATILITY;HS_IMPORT_UNIT_VALUE_VOLATILITY;HS_NET_IMPORT_EXPOSURE
2023-10,2937902100,0.65447,,,,,,1.019803902718557,1.0481420590001087,1,0.0,,,,,1.0,,1.0,1.0,0.0,0.0,1.0,,0.0,0.0,0.0,0.65447,HS_IMPORT_INTERRUPTION;HS_IMPORT_VOLUME_VOLATILITY;HS_IMPORT_UNIT_VALUE_VOLATILITY;HS_NET_IMPORT_EXPOSURE
2023-11,2937902100,0.6300758035995218,,,,,,1.2793272453489146,0.4580512663183546,2,0.0,,,,,1.0,,1.0,0.4580512663183546,0.0,0.0,1.0,,0.0,0.0,0.0,0.65447,HS_IMPORT_INTERRUPTION;HS_IMPORT_VOLUME_VOLATILITY;HS_IMPORT_UNIT_VALUE_VOLATILITY;HS_NET_IMPORT_EXPOSURE
2024-01,2937902100,0.4859565238651318,11.0,95.1402890377159,7.011690753142991,11.0,,1.0326308782000686,0.44344894395120715,0,0.0,,,0.0,0.0,0.0,1.0,1.0,0.44344894395120715,0.0,0.0,1.0,,0.0,0.0,0.0,0.80369,HS_IMPORT_UNIT_VALUE_SHOCK;HS_IMPORT_VOLUME_VOLATILITY;HS_IMPORT_UNIT_VALUE_VOLATILITY;HS_NET_IMPORT_EXPOSURE
2024-02,2937902100,0.7075269999999999,-1.0,-0.9998408461199008,,-1.0,,1.4656562175858798,,1,0.0,,,1.0,1.0,1.0,,1.0,,0.0,0.0,1.0,,0.0,0.0,0.0,0.7075269999999999,HS_IMPORT_VOLUME_DROP;HS_NET_IMPORT_AVAILABILITY_DROP;HS_IMPORT_INTERRUPTION;HS_IMPORT_VOLUME_VOLATILITY;HS_NET_IMPORT_EXPOSURE
2024-03,2937902100,0.465996,3.333333333333333,13.173943697436671,2.2709100840238476,3.333333333333333,,1.336780553614059,,0,0.0,,,0.0,0.0,0.0,1.0,1.0,,0.0,0.0,1.0,,0.0,0.0,0.0,0.758678,HS_IMPORT_UNIT_VALUE_SHOCK;HS_IMPORT_VOLUME_VOLATILITY;HS_NET_IMPORT_EXPOSURE
2024-04,2937902100,0.414845,,,,,,1.2100767390069582,,0,0.0,,,,,0.0,,1.0,,0.0,0.0,1.0,,0.0,0.0,0.0,0.6094579999999999,HS_IMPORT_VOLUME_VOLATILITY;HS_NET_IMPORT_EXPOSURE
2024-05,2937902100,0.7075269999999999,-1.0,-0.9838733110562254,,-1.0,,1.2100767390069582,,1,0.0,,,1.0,1.0,1.0,,1.0,,0.0,0.0,1.0,,0.0,0.0,0.0,0.7075269999999999,HS_IMPORT_VOLUME_DROP;HS_NET_IMPORT_AVAILABILITY_DROP;HS_IMPORT_INTERRUPTION;HS_IMPORT_VOLUME_VOLATILITY;HS_NET_IMPORT_EXPOSURE
2024-06,2937902100,0.5576569414231257,-0.9,-0.6208476618499398,2.7915233815006024,-0.9,,1.1421031145985652,,0,0.0,,,0.9529860228716646,0.9,0.0,1.0,1.0,,0.0,0.0,1.0,,0.0,0.0,0.0,0.758678,HS_IMPORT_VOLUME_DROP;HS_NET_IMPORT_AVAILABILITY_DROP;HS_IMPORT_UNIT_VALUE_SHOCK;HS_IMPORT_VOLUME_VOLATILITY;HS_NET_IMPORT_EXPOSURE
2024-07,2937902100,0.414845,,,,,,1.527525231651947,,0,0.0,,,,,0.0,,1.0,,0.0,0.0,1.0,,0.0,0.0,0.0,0.6094579999999999,HS_IMPORT_VOLUME_VOLATILITY;HS_NET_IMPORT_EXPOSURE
2024-08,2937902100,0.7075269999999999,-1.0,-0.9975862602506576,,-1.0,,1.527525231651947,,1,0.0,,,1.0,1.0,1.0,,1.0,,0.0,0.0,1.0,,0.0,0.0,0.0,0.7075269999999999,HS_IMPORT_VOLUME_DROP;HS_NET_IMPORT_AVAILABILITY_DROP;HS_IMPORT_INTERRUPTION;HS_IMPORT_VOLUME_VOLATILITY;HS_NET_IMPORT_EXPOSURE
2024-09,2937902100,0.4339860644613219,1.0,3.0875761880757073,1.0437880940378537,1.0,,0.914732033918983,,0,0.0,,,0.0,0.0,0.0,1.0,0.914732033918983,,0.0,0.0,1.0,,0.0,0.0,0.0,0.758678,HS_IMPORT_UNIT_VALUE_SHOCK;HS_IMPORT_VOLUME_VOLATILITY;HS_NET_IMPORT_EXPOSURE
2024-10,2937902100,0.6094579999999999,,1.13953488372093,,,,1.1180339887499078,,1,0.0,,,,,1.0,,1.0,,0.0,0.0,1.0,,0.0,0.0,0.0,0.6094579999999999,HS_IMPORT_INTERRUPTION;HS_IMPORT_VOLUME_VOLATILITY;HS_NET_IMPORT_EXPOSURE
2024-11,2937902100,0.414845,,69.66751269035532,,,,1.0307764064044183,,0,0.0,,,,,0.0,,1.0,,0.0,0.0,1.0,,0.0,0.0,0.0,0.6094579999999999,HS_IMPORT_VOLUME_VOLATILITY;HS_NET_IMPORT_EXPOSURE
2024-12,2937902100,0.6094579999999999,,,,,,1.2535663410560207,,1,0.0,,,,,1.0,,1.0,,0.0,0.0,1.0,,0.0,0.0,0.0,0.6094579999999999,HS_IMPORT_INTERRUPTION;HS_IMPORT_VOLUME_VOLATILITY;HS_NET_IMPORT_EXPOSURE
2025-01,2937902100,0.7075269999999999,-1.0,-0.9806966086159487,,-1.0,,1.5275252316519505,,2,0.0,,,1.0,1.0,1.0,,1.0,,0.0,0.0,1.0,,0.0,0.0,0.0,0.7075269999999999,HS_IMPORT_VOLUME_DROP;HS_NET_IMPORT_AVAILABILITY_DROP;HS_IMPORT_INTERRUPTION;HS_IMPORT_VOLUME_VOLATILITY;HS_NET_IMPORT_EXPOSURE
2025-02,2937902100,0.414845,,1129.7045454545455,,,,1.2535663410560207,,0,0.0,,,,,0.0,,1.0,,0.0,0.0,1.0,,0.0,0.0,0.0,0.6094579999999999,HS_IMPORT_VOLUME_VOLATILITY;HS_NET_IMPORT_EXPOSURE
2025-03,2937902100,0.7075269999999999,-1.0,-0.9998543268479172,,-1.0,,1.7549928774784294,,1,0.0,,,1.0,1.0,1.0,,1.0,,0.0,0.0,1.0,,0.0,0.0,0.0,0.7075269999999999,HS_IMPORT_VOLUME_DROP;HS_NET_IMPORT_AVAILABILITY_DROP;HS_IMPORT_INTERRUPTION;HS_IMPORT_VOLUME_VOLATILITY;HS_NET_IMPORT_EXPOSURE
2025-04,2937902100,0.4827419936467599,-0.6666666666666667,-0.6785933733516094,-0.03578012005482811,-0.6666666666666667,,1.4142135623730994,,0,0.0,,,0.7059155724975293,0.6666666666666667,0.0,0.0,1.0,,0.0,0.0,1.0,,0.0,0.0,0.0,0.758678,HS_IMPORT_VOLUME_DROP;HS_NET_IMPORT_AVAILABILITY_DROP;HS_IMPORT_VOLUME_VOLATILITY;HS_NET_IMPORT_EXPOSURE
2025-05,2937902100,0.414845,,591.027027027027,,,,1.2806248474865765,,0,0.0,,,,,0.0,,1.0,,0.0,0.0,1.0,,0.0,0.0,0.0,0.6094579999999999,HS_IMPORT_VOLUME_VOLATILITY;HS_NET_IMPORT_EXPOSURE
2025-06,2937902100,0.7075269999999999,-1.0,-0.679041985618186,,-1.0,,1.2806248474865765,,1,0.0,,,1.0,1.0,1.0,,1.0,,0.0,0.0,1.0,,0.0,0.0,0.0,0.7075269999999999,HS_IMPORT_VOLUME_DROP;HS_NET_IMPORT_AVAILABILITY_DROP;HS_IMPORT_INTERRUPTION;HS_IMPORT_VOLUME_VOLATILITY;HS_NET_IMPORT_EXPOSURE
2025-07,2937902100,0.414845,4.0,1.929956571216238,-0.4140086857567523,4.0,,1.0770329614269025,,0,0.0,,,0.0,0.0,0.0,0.0,1.0,,0.0,0.0,1.0,,0.0,0.0,0.0,0.758678,HS_IMPORT_VOLUME_VOLATILITY;HS_NET_IMPORT_EXPOSURE
2025-08,2937902100,0.6094579999999999,,-0.9786324786324786,,,,1.2619796324000627,,1,0.0,,,,,1.0,,1.0,,0.0,0.0,1.0,,0.0,0.0,0.0,0.6094579999999999,HS_IMPORT_INTERRUPTION;HS_IMPORT_VOLUME_VOLATILITY;HS_NET_IMPORT_EXPOSURE
2025-09,2937902100,0.38275651468530086,0.5,0.5181848758338472,0.012123250555898135,0.5,,0.9128709291752781,,0,0.0,,,0.0,0.0,0.0,0.012123250555898135,0.9128709291752781,,0.0,0.0,1.0,,0.0,0.0,0.0,0.758678,HS_IMPORT_VOLUME_VOLATILITY;HS_NET_IMPORT_EXPOSURE
2025-10,2937902100,0.33979667263890145,,2325.804347826087,,,,0.8000865005138502,,0,0.0,,,,,0.0,,0.8000865005138502,,0.0,0.0,1.0,,0.0,0.0,0.0,0.6094579999999999,HS_IMPORT_VOLUME_VOLATILITY;HS_NET_IMPORT_EXPOSURE
2025-11,2937902100,0.38595828767619894,0.75,5.207161584599361,2.5469494769139205,0.75,,0.7867957924694434,,0,0.0,,,0.0,0.0,0.0,1.0,0.7867957924694434,,0.0,0.0,1.0,,0.0,0.0,0.0,0.758678,HS_IMPORT_UNIT_VALUE_SHOCK;HS_IMPORT_VOLUME_VOLATILITY;HS_NET_IMPORT_EXPOSURE
2025-12,2937902100,0.529420287676199,,-0.7159533073929961,,,,0.7867957924694435,,1,0.0,,,,,1.0,,0.7867957924694435,,0.0,0.0,1.0,,0.0,0.0,0.0,0.6094579999999999,HS_IMPORT_INTERRUPTION;HS_IMPORT_VOLUME_VOLATILITY;HS_NET_IMPORT_EXPOSURE
2026-01,2937902100,0.6094579999999999,,-0.8562203228869896,,,,1.096870548424016,,2,0.0,,,,,1.0,,1.0,,0.0,0.0,1.0,,0.0,0.0,0.0,0.6094579999999999,HS_IMPORT_INTERRUPTION;HS_IMPORT_VOLUME_VOLATILITY;HS_NET_IMPORT_EXPOSURE
2026-02,2937902100,0.3490070688558745,8.0,4.0112560551546705,-0.44319377164948104,8.0,,0.8246211251235323,,0,0.0,,,0.0,0.0,0.0,0.0,0.8246211251235323,,0.0,0.0,1.0,,0.0,0.0,0.0,0.758678,HS_IMPORT_VOLUME_VOLATILITY;HS_NET_IMPORT_EXPOSURE
2026-03,2937902100,0.4101500888937337,,4611.512195121952,,,,0.8779711460710617,0.9134277253637438,0,0.0,,,,,0.0,,0.8779711460710617,0.9134277253637438,0.0,0.0,1.0,,0.0,0.0,0.0,0.65447,HS_IMPORT_VOLUME_VOLATILITY;HS_IMPORT_UNIT_VALUE_VOLATILITY;HS_NET_IMPORT_EXPOSURE
2026-04,2937902100,0.44976732104325134,2.0,2.015735294117647,0.005245098039215801,2.0,,0.9724084693648639,1.5814353313158047,0,0.0,,,0.0,0.0,0.0,0.005245098039215801,0.9724084693648639,1.0,0.0,0.0,1.0,,0.0,0.0,0.0,0.80369,HS_IMPORT_VOLUME_VOLATILITY;HS_IMPORT_UNIT_VALUE_VOLATILITY;HS_NET_IMPORT_EXPOSURE
2026-05,2937902100,0.459857,0.0,-0.30531842045195157,-0.30531842045195157,0.0,,1.0669621851304152,1.72524394493629,0,0.0,,,-0.0,-0.0,0.0,0.0,1.0,1.0,0.0,0.0,1.0,,0.0,0.0,0.0,0.80369,HS_IMPORT_VOLUME_VOLATILITY;HS_IMPORT_UNIT_VALUE_VOLATILITY;HS_NET_IMPORT_EXPOSURE
2026-06,2937902100,0.65447,,-0.9959888700177068,,,,1.0669621851304152,1.72524394493629,1,0.0,,,,,1.0,,1.0,1.0,0.0,0.0,1.0,,0.0,0.0,0.0,0.65447,HS_IMPORT_INTERRUPTION;HS_IMPORT_VOLUME_VOLATILITY;HS_IMPORT_UNIT_VALUE_VOLATILITY;HS_NET_IMPORT_EXPOSURE
2023-01,2941302000,0.039441,,,,,,,,0,0.0,,,,,0.0,,,,0.0,0.0,1.0,,0.0,0.0,0.0,0.234054,HS_NET_IMPORT_EXPOSURE
2023-02,2941302000,0.039400976434772805,,,,,,,,0,0.0,,,,,0.0,,,,0.0,0.0,0.9989852294508964,,0.0,0.0,0.0,0.234054,HS_NET_IMPORT_EXPOSURE
2023-03,2941302000,0.12260751903287612,,,,,,0.22153871304747985,,0,0.0,,,,,0.0,,0.22153871304747985,,0.0,0.0,1.0,,0.0,0.0,0.0,0.6094579999999999,HS_NET_IMPORT_EXPOSURE
2023-04,2941302000,0.1546699066082014,,,,,,0.25485306558191956,0.43446295157927833,0,0.0,,,,,0.0,,0.25485306558191956,0.43446295157927833,0.0,0.0,1.0,,0.0,0.0,0.0,0.65447,HS_IMPORT_UNIT_VALUE_VOLATILITY;HS_NET_IMPORT_EXPOSURE
2023-05,2941302000,0.14714703341546115,,,,,,0.23623321954409485,0.4234582306254534,0,0.0,,,,,0.0,,0.23623321954409485,0.4234582306254534,0.0,0.0,0.9990475897877047,,0.0,0.0,0.0,0.65447,HS_IMPORT_UNIT_VALUE_VOLATILITY;HS_NET_IMPORT_EXPOSURE
2023-06,2941302000,0.18633401212778972,,,,,,0.3457749077186495,0.3796260701719054,0,0.0,,,,,0.0,,0.3457749077186495,0.3796260701719054,0.0,0.0,1.0,,0.0,0.0,0.0,0.65447,HS_IMPORT_VOLUME_VOLATILITY;HS_IMPORT_UNIT_VALUE_VOLATILITY;HS_NET_IMPORT_EXPOSURE
2023-07,2941302000,0.18713938919952064,,,,,,0.35062148010061905,0.35709773135670114,0,0.0,,,,,0.0,,0.35062148010061905,0.35709773135670114,0.0,0.0,1.0,,0.0,0.0,0.0,0.65447,HS_IMPORT_VOLUME_VOLATILITY;HS_IMPORT_UNIT_VALUE_VOLATILITY;HS_NET_IMPORT_EXPOSURE
2023-09,2941302000,0.20514773224465477,,,,,,0.4079078682937804,0.27940297822128396,0,0.0,,,,,0.0,,0.4079078682937804,0.27940297822128396,0.0,0.0,1.0,,0.0,0.0,0.0,0.65447,HS_IMPORT_VOLUME_VOLATILITY;HS_NET_IMPORT_EXPOSURE
2023-10,2941302000,0.22107224633275982,,,,,,0.45763149283304894,0.21848736775219774,0,0.0,,,,,0.0,,0.45763149283304894,0.21848736775219774,0.0,0.0,1.0,,0.0,0.0,0.0,0.65447,HS_IMPORT_VOLUME_VOLATILITY;HS_NET_IMPORT_EXPOSURE
2023-11,2941302000,0.26320717956958545,,,,,,0.5803531285994303,0.13642584189606835,0,0.0,,,,,0.0,,0.5803531285994303,0.13642584189606835,0.0,0.0,0.993876769996173,,0.0,0.0,0.0,0.65447,HS_IMPORT_VOLUME_VOLATILITY;HS_NET_IMPORT_EXPOSURE
2023-12,2941302000,0.303517299647813,,,,,,0.693112994226575,0.0861750014036209,0,0.0,,,,,0.0,,0.693112994226575,0.0861750014036209,0.0,0.0,1.0,,0.0,0.0,0.0,0.65447,HS_IMPORT_VOLUME_VOLATILITY;HS_NET_IMPORT_EXPOSURE
2024-01,2941302000,0.327549637360214,-0.607843137254902,-0.3669326268445211,0.6143218015464711,-0.607843137254902,,0.48487160361006365,0.2834053355781597,0,0.0,,,0.6436289043359826,0.607843137254902,0.0,0.6143218015464711,0.48487160361006365,0.2834053355781597,0.0,0.0,1.0,,0.0,0.0,0.0,0.80369,HS_IMPORT_VOLUME_DROP;HS_NET_IMPORT_AVAILABILITY_DROP;HS_IMPORT_UNIT_VALUE_SHOCK;HS_IMPORT_VOLUME_VOLATILITY;HS_NET_IMPORT_EXPOSURE
2024-02,2941302000,0.2647944578800548,-0.6666666666666667,-0.7738672422402268,-0.3216017267206803,-0.6666666666666667,,0.3815527166118201,0.315916826765112,0,0.0,,,0.7059155724975293,0.6666666666666667,0.0,0.0,0.3815527166118201,0.315916826765112,0.0,0.0,1.0,,0.0,0.0,0.0,0.80369,HS_IMPORT_VOLUME_DROP;HS_NET_IMPORT_AVAILABILITY_DROP;HS_IMPORT_VOLUME_VOLATILITY;HS_IMPORT_UNIT_VALUE_VOLATILITY;HS_NET_IMPORT_EXPOSURE
2024-03,2941302000,0.43006494435023396,0.9996000799840032,0.6730638506410358,-0.16330076829441809,0.9996000799840032,,1.0073831596999423,0.33813081734279565,0,0.0,,,0.0,0.0,0.0,0.0,1.0,0.33813081734279565,0.0,0.0,1.0,,0.0,0.0,0.0,0.80369,HS_IMPORT_VOLUME_VOLATILITY;HS_IMPORT_UNIT_VALUE_VOLATILITY;HS_NET_IMPORT_EXPOSURE
2024-04,2941302000,0.46399808612108473,-0.33333333333333337,-0.6087572179925705,-0.41313582698885587,-0.33333333333333337,,1.0738455277260222,0.33778968492190464,0,0.0,,,0.35295778624876467,0.33333333333333337,0.0,0.0,1.0,0.33778968492190464,0.0,0.0,1.0,,0.0,0.0,0.0,0.80369,HS_IMPORT_VOLUME_DROP;HS_NET_IMPORT_AVAILABILITY_DROP;HS_IMPORT_VOLUME_VOLATILITY;HS_IMPORT_UNIT_VALUE_VOLATILITY;HS_NET_IMPORT_EXPOSURE
2024-05,2941302000,0.5359038654812923,-0.98,-0.9770807090847645,0.14596454576177442,-0.98,,1.169775693371356,0.35995052432755126,0,0.0,,,1.0,0.98,0.0,0.14596454576177442,1.0,0.35995052432755126,0.0,0.0,1.0,,0.0,0.0,0.0,0.80369,HS_IMPORT_VOLUME_DROP;HS_NET_IMPORT_AVAILABILITY_DROP;HS_IMPORT_VOLUME_VOLATILITY;HS_IMPORT_UNIT_VALUE_VOLATILITY;HS_NET_IMPORT_EXPOSURE
2024-06,2941302000,0.4242960275809678,0.08749999999999991,-0.1913236531609761,-0.2563895661250356,0.08749999999999991,,0.9779722034269684,0.393680585747581,0,0.0,,,0.0,0.0,0.0,0.0,0.9779722034269684,0.393680585747581,0.0,0.0,1.0,,0.0,0.0,0.0,0.80369,HS_IMPORT_VOLUME_VOLATILITY;HS_IMPORT_UNIT_VALUE_VOLATILITY;HS_NET_IMPORT_EXPOSURE
2024-07,2941302000,0.5180501796790254,-0.8924731182795699,-0.8916555534387502,0.007603353019622672,-0.8924731182795699,,1.0877651968736313,0.2648604395743546,0,0.0,,,0.9450160083434666,0.8924731182795699,0.0,0.007603353019622672,1.0,0.2648604395743546,0.0,0.0,1.0,,0.0,0.0,0.0,0.80369,HS_IMPORT_VOLUME_DROP;HS_NET_IMPORT_AVAILABILITY_DROP;HS_IMPORT_VOLUME_VOLATILITY;HS_NET_IMPORT_EXPOSURE
2024-08,2941302000,0.42615549225648774,,,,,,1.0877651968736313,0.25127726509570175,0,0.0,,,,,0.0,,1.0,0.25127726509570175,0.0,0.0,1.0,,0.0,0.0,0.0,0.65447,HS_IMPORT_VOLUME_VOLATILITY;HS_NET_IMPORT_EXPOSURE
2024-09,2941302000,0.6787928654521972,-1.0,-1.0,,-1.0,,1.4867382555418989,0.2378669122055727,1,0.0,,,1.0,1.0,1.0,,1.0,0.2378669122055727,0.0,0.0,0.0,,0.0,0.0,0.0,0.713098,HS_IMPORT_VOLUME_DROP;HS_NET_IMPORT_AVAILABILITY_DROP;HS_IMPORT_INTERRUPTION;HS_IMPORT_VOLUME_VOLATILITY
2024-10,2941302000,0.4623288183230674,-0.33355548150616465,-0.3125427948957361,0.031529536258948054,-0.33355548150616465,,1.4867382555418989,0.2643723762749241,0,0.0,,,0.3531930130306699,0.33355548150616465,0.0,0.031529536258948054,1.0,0.2643723762749241,0.0,0.0,1.0,,0.0,0.0,0.0,0.80369,HS_IMPORT_VOLUME_DROP;HS_NET_IMPORT_AVAILABILITY_DROP;HS_IMPORT_VOLUME_VOLATILITY;HS_NET_IMPORT_EXPOSURE
2024-11,2941302000,0.42631164480490596,0.0,0.03578262533486409,0.03578262533486409,0.0,,1.3496760145874325,0.2140835274238498,0,0.0,,,-0.0,-0.0,0.0,0.03578262533486409,1.0,0.2140835274238498,0.0,0.0,1.0,,0.0,0.0,0.0,0.80369,HS_IMPORT_VOLUME_VOLATILITY;HS_NET_IMPORT_EXPOSURE
2024-12,2941302000,0.35616561988657414,0.7428571428571429,1.1848343826991514,0.25359349827000477,0.7428571428571429,,0.7981437611386677,0.09167995978993768,0,0.0,,,0.0,0.0,0.0,0.25359349827000477,0.7981437611386677,0.09167995978993768,0.0,0.0,1.0,,0.0,0.0,0.0,0.80369,HS_IMPORT_VOLUME_VOLATILITY;HS_NET_IMPORT_EXPOSURE
2025-01,2941302000,0.29634676262529286,0.5,-0.1828467153284672,-0.4552311435523114,0.5,,0.6660909372634742,0.1522385233456757,0,0.0,,,0.0,0.0,0.0,0.0,0.6660909372634742,0.1522385233456757,0.0,0.0,1.0,,0.0,0.0,0.0,0.80369,HS_IMPORT_VOLUME_VOLATILITY;HS_NET_IMPORT_EXPOSURE
2025-02,2941302000,0.26230557886564887,2.0,1.267611653251656,-0.24412944891611466,2.0,,0.5786113269258603,0.1255570135158009,0,0.0,,,0.0,0.0,0.0,0.0,0.5786113269258603,0.1255570135158009,0.0,0.0,1.0,,0.0,0.0,0.0,0.80369,HS_IMPORT_VOLUME_VOLATILITY;HS_NET_IMPORT_EXPOSURE
2025-03,2941302000,0.5549875788656489,-1.0,-0.9995842506590572,,-1.0,,0.5786113269258603,0.1255570135158009,1,0.0,,,1.0,1.0,1.0,,0.5786113269258603,0.1255570135158009,0.0,0.0,1.0,,0.0,0.0,0.0,0.752539,HS_IMPORT_VOLUME_DROP;HS_NET_IMPORT_AVAILABILITY_DROP;HS_IMPORT_INTERRUPTION;HS_IMPORT_VOLUME_VOLATILITY;HS_NET_IMPORT_EXPOSURE
2025-04,2941302000,0.34871556645230795,-0.5,-0.46368977673325495,0.07262044653349009,-0.5,,0.6632471696205429,0.1255570135158009,0,0.0,,,0.529436679373147,0.5,0.0,0.07262044653349009,0.6632471696205429,0.1255570135158009,0.0,0.0,1.0,,0.0,0.0,0.0,0.80369,HS_IMPORT_VOLUME_DROP;HS_NET_IMPORT_AVAILABILITY_DROP;HS_IMPORT_VOLUME_VOLATILITY;HS_NET_IMPORT_EXPOSURE
2025-05,2941302000,0.29407232084460994,9.0,6.603887399463807,-0.2396112600536192,9.0,,0.6632471696205429,0.1254261170438923,0,0.0,,,0.0,0.0,0.0,0.0,0.6632471696205429,0.1254261170438923,0.0,0.0,1.0,,0.0,0.0,0.0,0.80369,HS_IMPORT_VOLUME_VOLATILITY;HS_NET_IMPORT_EXPOSURE
2025-06,2941302000,0.4424476733306914,-0.45977011494252873,0.7457435738481635,2.2314827856338346,-0.45977011494252873,,0.7521642982103453,0.5035251547476354,0,0.0,,,0.486838325860365,0.45977011494252873,0.0,1.0,0.7521642982103453,0.5035251547476354,0.0,0.0,1.0,,0.0,0.0,0.0,0.80369,HS_IMPORT_VOLUME_DROP;HS_NET_IMPORT_AVAILABILITY_DROP;HS_IMPORT_UNIT_VALUE_SHOCK;HS_IMPORT_VOLUME_VOLATILITY;HS_IMPORT_UNIT_VALUE_VOLATILITY;HS_NET_IMPORT_EXPOSURE
2025-07,2941302000,0.36320185027993296,4.0,4.268507121505187,0.053701424301037415,4.0,,0.7654175429461463,0.7480929848341654,0,0.0,,,0.0,0.0,0.0,0.053701424301037415,0.7654175429461463,0.7480929848341654,0.0,0.0,1.0,,0.0,0.0,0.0,0.80369,HS_IMPORT_VOLUME_VOLATILITY;HS_IMPORT_UNIT_VALUE_VOLATILITY;HS_NET_IMPORT_EXPOSURE
2025-08,2941302000,0.36042739964480136,2.0,1.599644254713625,-0.13345191509545828,2.0,,0.7654175429461463,0.7474805019249592,0,0.0,,,0.0,0.0,0.0,0.0,0.7654175429461463,0.7474805019249592,0.0,0.0,1.0,,0.0,0.0,0.0,0.80369,HS_IMPORT_VOLUME_VOLATILITY;HS_IMPORT_UNIT_VALUE_VOLATILITY;HS_NET_IMPORT_EXPOSURE
2025-09,2941302000,0.2709876430159573,,,,,,0.538168258437824,0.6690535418068683,0,0.0,,,,,0.0,,0.538168258437824,0.6690535418068683,0.0,0.0,0.9848048503220918,,0.0,0.0,0.0,0.65447,HS_IMPORT_VOLUME_VOLATILITY;HS_IMPORT_UNIT_VALUE_VOLATILITY;HS_NET_IMPORT_EXPOSURE
2025-10,2941302000,0.26696880543200074,-0.15000000000000002,-0.009145237232886627,0.1657114856083688,-0.15000000000000002,,0.4715690515594932,0.6110871822076975,0,0.0,,,0.15883100381194412,0.15000000000000002,0.0,0.1657114856083688,0.4715690515594932,0.6110871822076975,0.0,0.0,0.9807182673855432,,0.0,0.0,0.0,0.80369,HS_IMPORT_VOLUME_VOLATILITY;HS_IMPORT_UNIT_VALUE_VOLATILITY;HS_NET_IMPORT_EXPOSURE
2025-11,2941302000,0.25191936038524443,0.0,0.15508959911324594,0.15508959911324594,0.0,,0.4715690515594932,0.6113139622625696,0,0.0,,,-0.0,-0.0,0.0,0.15508959911324594,0.4715690515594932,0.6113139622625696,0.0,0.0,1.0,,0.0,0.0,0.0,0.80369,HS_IMPORT_VOLUME_VOLATILITY;HS_IMPORT_UNIT_VALUE_VOLATILITY;HS_NET_IMPORT_EXPOSURE
2025-12,2941302000,0.23987033520938394,-0.34426229508196726,0.035333032626672756,0.578882874755676,-0.34426229508196726,,0.30669322842409,0.4620158210326413,0,0.0,,,0.3645301726831504,0.34426229508196726,0.0,0.578882874755676,0.30669322842409,0.4620158210326413,0.0,0.0,0.9956191306031562,,0.0,0.0,0.0,0.80369,HS_IMPORT_VOLUME_DROP;HS_NET_IMPORT_AVAILABILITY_DROP;HS_IMPORT_UNIT_VALUE_SHOCK;HS_IMPORT_VOLUME_VOLATILITY;HS_IMPORT_UNIT_VALUE_VOLATILITY;HS_NET_IMPORT_EXPOSURE
2026-01,2941302000,0.20615468466064787,-0.33333333333333337,-0.24823581956230456,0.1276462706565431,-0.33333333333333337,,0.3015774147756771,0.289313641483756,0,0.0,,,0.35295778624876467,0.33333333333333337,0.0,0.1276462706565431,0.3015774147756771,0.289313641483756,0.0,0.0,1.0,,0.0,0.0,0.0,0.80369,HS_IMPORT_VOLUME_DROP;HS_NET_IMPORT_AVAILABILITY_DROP;HS_IMPORT_VOLUME_VOLATILITY;HS_NET_IMPORT_EXPOSURE
2026-02,2941302000,0.24720591272804257,-0.6666666666666667,-0.5214072561645987,0.435778231506204,-0.6666666666666667,,0.27758581480074035,0.2970452666411566,0,0.0,,,0.7059155724975293,0.6666666666666667,0.0,0.435778231506204,0.27758581480074035,0.2970452666411566,0.0,0.0,1.0,,0.0,0.0,0.0,0.80369,HS_IMPORT_VOLUME_DROP;HS_NET_IMPORT_AVAILABILITY_DROP;HS_IMPORT_UNIT_VALUE_SHOCK;HS_NET_IMPORT_EXPOSURE
2026-03,2941302000,0.25651030951563775,,1251.5,,,,0.5418050527668843,0.30377511523012396,0,0.0,,,,,0.0,,0.5418050527668843,0.30377511523012396,0.0,0.0,1.0,,0.0,0.0,0.0,0.65447,HS_IMPORT_VOLUME_VOLATILITY;HS_IMPORT_UNIT_VALUE_VOLATILITY;HS_NET_IMPORT_EXPOSURE
2026-04,2941302000,0.29248481490338074,4.2,4.905258545135846,0.135626643295355,4.2,,0.6191686982368936,0.3036517035292197,0,0.0,,,0.0,0.0,0.0,0.135626643295355,0.6191686982368936,0.3036517035292197,0.0,0.0,1.0,,0.0,0.0,0.0,0.80369,HS_IMPORT_VOLUME_VOLATILITY;HS_IMPORT_UNIT_VALUE_VOLATILITY;HS_NET_IMPORT_EXPOSURE
2026-05,2941302000,0.5868658029395679,-1.0,-1.0,,-1.0,,0.7438015466108816,0.3323053215954954,1,0.0,,,1.0,1.0,1.0,,0.7438015466108816,0.3323053215954954,0.0,0.0,0.0,,0.0,0.0,0.0,0.713098,HS_IMPORT_VOLUME_DROP;HS_NET_IMPORT_AVAILABILITY_DROP;HS_IMPORT_INTERRUPTION;HS_IMPORT_VOLUME_VOLATILITY;HS_IMPORT_UNIT_VALUE_VOLATILITY
2026-06,2941302000,0.3166863341450487,0.19999999999999996,0.12117945466074831,-0.06568378778270978,0.19999999999999996,,0.7087891041690881,0.2480020724152744,0,0.0,,,0.0,0.0,0.0,0.0,0.7087891041690881,0.2480020724152744,0.0,0.0,1.0,,0.0,0.0,0.0,0.80369,HS_IMPORT_VOLUME_VOLATILITY;HS_NET_IMPORT_EXPOSURE
2023-01,3104200000,0.037281300264549004,,,,,,,,0,0.0,,,,,0.0,,,,0.0,0.0,0.945242267299232,,0.0,0.0,0.0,0.234054,HS_NET_IMPORT_EXPOSURE
2023-02,3104200000,0.03943956150051702,,,,,,,,0,0.0,,,,,0.0,,,,0.0,0.0,0.999963527814128,,0.0,0.0,0.0,0.234054,HS_NET_IMPORT_EXPOSURE
2023-03,3104200000,0.2656667777310243,,,,,,0.6026230311573588,,0,0.0,,,,,0.0,,0.6026230311573588,,0.0,0.0,0.9999665663250715,,0.0,0.0,0.0,0.6094579999999999,HS_IMPORT_VOLUME_VOLATILITY;HS_NET_IMPORT_EXPOSURE
2023-04,3104200000,0.2681891753136002,,,,,,0.5923460755906617,0.1498169073383779,0,0.0,,,,,0.0,,0.5923460755906617,0.1498169073383779,0.0,0.0,0.9907591217121369,,0.0,0.0,0.0,0.65447,HS_IMPORT_VOLUME_VOLATILITY;HS_NET_IMPORT_EXPOSURE
2023-05,3104200000,0.24847202037873603,,,,,,0.5414921831246505,0.1298261785217206,0,0.0,,,,,0.0,,0.5414921831246505,0.1298261785217206,0.0,0.0,0.997691562520981,,0.0,0.0,0.0,0.65447,HS_IMPORT_VOLUME_VOLATILITY;HS_NET_IMPORT_EXPOSURE
2023-06,3104200000,0.2483472214129618,,,,,,0.5436940565949594,0.11926428956823815,0,0.0,,,,,0.0,,0.5436940565949594,0.11926428956823815,0.0,0.0,0.9856234271175213,,0.0,0.0,0.0,0.65447,HS_IMPORT_VOLUME_VOLATILITY;HS_NET_IMPORT_EXPOSURE
2023-07,3104200000,0.21600494553578364,,,,,,0.4569533875203316,0.11156877474018871,0,0.0,,,,,0.0,,0.4569533875203316,0.11156877474018871,0.0,0.0,0.9999970172788643,,0.0,0.0,0.0,0.65447,HS_IMPORT_VOLUME_VOLATILITY;HS_NET_IMPORT_EXPOSURE
2023-08,3104200000,0.2608895983688568,,,,,,0.6167885390505489,0.13357036576047837,0,0.0,,,,,0.0,,0.6167885390505489,0.13357036576047837,0.0,0.0,0.5915784171677663,,0.0,0.0,0.0,0.65447,HS_IMPORT_VOLUME_VOLATILITY;HS_NET_IMPORT_EXPOSURE
2023-09,3104200000,0.2754240773273345,,,,,,0.6143961588540774,0.11862428679473751,0,0.0,,,,,0.0,,0.6143961588540774,0.11862428679473751,0.0,0.0,0.9999184937418849,,0.0,0.0,0.0,0.65447,HS_IMPORT_VOLUME_VOLATILITY;HS_NET_IMPORT_EXPOSURE
2023-10,3104200000,0.2726932747108486,,,,,,0.6084114580257024,0.12251299783360163,0,0.0,,,,,0.0,,0.6084114580257024,0.12251299783360163,0.0,0.0,0.9832059193144622,,0.0,0.0,0.0,0.65447,HS_IMPORT_VOLUME_VOLATILITY;HS_NET_IMPORT_EXPOSURE
2023-11,3104200000,0.23626487712681118,,,,,,0.5102854309740017,0.12299720523070412,0,0.0,,,,,0.0,,0.5102854309740017,0.12299720523070412,0.0,0.0,0.9930106994143808,,0.0,0.0,0.0,0.65447,HS_IMPORT_VOLUME_VOLATILITY;HS_NET_IMPORT_EXPOSURE
2023-12,3104200000,0.24303922306579193,,,,,,0.5320677679820981,0.12425142456060212,0,0.0,,,,,0.0,,0.5320677679820981,0.12425142456060212,0.0,0.0,0.9560115000106115,,0.0,0.0,0.0,0.65447,HS_IMPORT_VOLUME_VOLATILITY;HS_NET_IMPORT_EXPOSURE
2024-01,3104200000,0.3665405287313026,3.701723648647648,1.2907480106362734,-0.5127854842563622,4.051302641946382,-0.925059601036051,0.8579767398705901,0.11305416277124666,0,0.0,,,0.0,0.0,0.0,0.0,0.8579767398705901,0.11305416277124666,0.0,0.0,0.9980435258300808,0.0,0.0,0.0,0.0,0.836219,HS_IMPORT_VOLUME_VOLATILITY;HS_NET_IMPORT_EXPOSURE
2024-02,3104200000,0.3047082650832287,1.180031005930577,-0.011661970564815882,-0.5466403795420799,1.173621974825143,3635.5454545454545,0.6097837522822153,0.08945822270319347,0,0.0,,,0.0,0.0,0.0,0.0,0.6097837522822153,0.08945822270319347,0.0,0.0,0.9948356233655286,1.0,0.0,0.0,0.0,0.836219,HS_IMPORT_VOLUME_VOLATILITY;HS_NET_IMPORT_EXPOSURE;HS_EXPORT_VOLUME_SURGE
2024-03,3104200000,0.3330279706977549,-0.4384887255300389,-0.662436615247777,-0.3988306199713154,-0.4407846541262723,873.7126436781609,0.575964262560915,0.008727852884388093,0,0.0,,,0.4643040295743741,0.4407846541262723,0.0,0.0,0.575964262560915,0.008727852884388093,0.0,0.0,0.9926432001800604,1.0,0.0,0.0,0.0,0.836219,HS_IMPORT_VOLUME_DROP;HS_NET_IMPORT_AVAILABILITY_DROP;HS_IMPORT_VOLUME_VOLATILITY;HS_NET_IMPORT_EXPOSURE;HS_EXPORT_VOLUME_SURGE
2024-04,3104200000,0.2271450085187628,1.0204239546485012,0.3012533127353234,-0.35595036391176316,1.0270280518253263,-5.2626500951613586e-05,0.49956148939129225,0.008703144867268815,0,0.0,,,0.0,0.0,0.0,0.0,0.49956148939129225,0.008703144867268815,0.0,0.0,0.9942922643581199,0.0,0.0,0.0,0.0,0.836219,HS_IMPORT_VOLUME_VOLATILITY;HS_NET_IMPORT_EXPOSURE
2024-05,3104200000,0.353449573265913,-0.8017683083034978,-0.8595367635069681,-0.2914188680380899,-0.8014113490694112,-0.9980963712076145,0.6178830580754636,0.009309563459239169,0,0.0,,,0.8489711015496588,0.8014113490694112,0.0,0.0,0.6178830580754636,0.009309563459239169,0.0,0.0,0.999730792506233,0.0,0.0,0.0,0.0,0.836219,HS_IMPORT_VOLUME_DROP;HS_NET_IMPORT_AVAILABILITY_DROP;HS_IMPORT_VOLUME_VOLATILITY;HS_NET_IMPORT_EXPOSURE
2024-06,3104200000,0.23053509271119887,1.8835090685204952,1.1077780663131955,-0.269023257348492,1.9126158757978873,-0.7513602274398314,0.5081511574289808,0.008834849840928813,0,0.0,,,0.0,0.0,0.0,0.0,0.5081511574289808,0.008834849840928813,0.0,0.0,0.9983378044849242,0.0,0.0,0.0,0.0,0.836219,HS_IMPORT_VOLUME_VOLATILITY;HS_NET_IMPORT_EXPOSURE
2024-07,3104200000,0.26396237427922964,-0.28419576812492064,-0.398993504300554,-0.16037588360565558,-0.28564362562202694,10001.4,0.4338329897359671,0.005800482779953506,0,0.0,,,0.30092732753591767,0.28564362562202694,0.0,0.0,0.4338329897359671,0.005800482779953506,0.0,0.0,0.9968426309019134,1.0,0.0,0.0,0.0,0.836219,HS_IMPORT_VOLUME_DROP;HS_IMPORT_VOLUME_VOLATILITY;HS_NET_IMPORT_EXPOSURE;HS_EXPORT_VOLUME_SURGE
2024-08,3104200000,0.2767614644719933,5.3726318685897905,4.418989758290685,-0.14964650868968798,8.23850170538721,-0.4618072289156626,0.6285775154422933,0.06389848053951591,0,0.0,,,0.0,0.0,0.0,0.0,0.6285775154422933,0.06389848053951591,0.0,0.0,0.9613030211924116,0.0,0.0,0.0,0.0,0.836219,HS_IMPORT_VOLUME_VOLATILITY;HS_NET_IMPORT_EXPOSURE
2024-09,3104200000,0.30775969859565344,0.511645043795872,0.37791440158014034,-0.08846696039165547,0.5032958277053976,1716.8743961352657,0.6177425572693512,0.09427150302901637,0,0.0,,,0.0,0.0,0.0,0.0,0.6177425572693512,0.09427150302901637,0.0,0.0,0.9909566880192636,1.0,0.0,0.0,0.0,0.836219,HS_IMPORT_VOLUME_VOLATILITY;HS_NET_IMPORT_EXPOSURE;HS_EXPORT_VOLUME_SURGE
2024-10,3104200000,0.2917301648815231,0.1383040208846642,0.03831282729443464,-0.08784225633545484,0.1443960747821076,-0.439421664390093,0.6615979940773061,0.09438619521132315,0,0.0,,,0.0,0.0,0.0,0.0,0.6615979940773061,0.09438619521132315,0.0,0.0,0.9917375343950202,0.0,0.0,0.0,0.0,0.836219,HS_IMPORT_VOLUME_VOLATILITY;HS_NET_IMPORT_EXPOSURE
2024-11,3104200000,0.2827926394765437,-0.24634030976216925,-0.28590574906482735,-0.05249775172421989,-0.2472215762530955,-0.04565789473684212,0.5706954831733931,0.0961920706083081,0,0.0,,,0.2608431911924706,0.2472215762530955,0.0,0.0,0.5706954831733931,0.0961920706083081,0.0,0.0,0.991428461642252,0.0,0.0,0.0,0.0,0.836219,HS_IMPORT_VOLUME_VOLATILITY;HS_NET_IMPORT_EXPOSURE
2024-12,3104200000,0.2463874246144137,2.259002197475674,1.980112699483775,-0.0855751181168024,2.3389991242871484,-0.7518448504336577,0.5399399018598442,0.09721009257168572,0,0.0,,,0.0,0.0,0.0,0.0,0.5399399018598442,0.09721009257168572,0.0,0.0,0.9968359070455627,0.0,0.0,0.0,0.0,0.836219,HS_IMPORT_VOLUME_VOLATILITY;HS_NET_IMPORT_EXPOSURE
2025-01,3104200000,0.43852666708077476,-0.9386439914427946,-0.933095567835747,0.09042999597789314,-0.9405720836833936,0.7814375,0.718494735382112,0.11884440170654721,0,0.0,,,0.9939051158860596,0.9405720836833936,0.0,0.09042999597789314,0.718494735382112,0.11884440170654721,0.0,0.0,0.9569842475999359,0.7814375,0.0,0.0,0.0,0.836219,HS_IMPORT_VOLUME_DROP;HS_NET_IMPORT_AVAILABILITY_DROP;HS_IMPORT_VOLUME_VOLATILITY;HS_NET_IMPORT_EXPOSURE;HS_EXPORT_VOLUME_SURGE
2025-02,3104200000,0.2602370787220162,0.5653637445944939,0.4588924812543662,-0.06801694731195451,0.5699810324704881,-0.9996500174991251,0.5735015200843401,0.12223005963846784,0,0.0,,,0.0,0.0,0.0,0.0,0.5735015200843401,0.12223005963846784,0.0,0.0,0.9999871867302522,0.0,0.0,0.0,0.0,0.836219,HS_IMPORT_VOLUME_VOLATILITY;HS_NET_IMPORT_EXPOSURE
2025-03,3104200000,0.32548153533289126,-0.2961508668603885,-0.33726796602234255,-0.05841748924026646,-0.2992913256333495,0.4682742006132281,0.6297505267486494,0.10358433497831118,0,0.0,,,0.31358626308808607,0.2992913256333495,0.0,0.0,0.6297505267486494,0.10358433497831118,0.0,0.0,0.9864728318257993,0.4682742006132281,0.0,0.0,0.0,0.836219,HS_IMPORT_VOLUME_DROP;HS_IMPORT_VOLUME_VOLATILITY;HS_NET_IMPORT_EXPOSURE;HS_EXPORT_VOLUME_SURGE
2025-04,3104200000,0.33789186957114736,-0.4929374069195458,-0.5139997172389177,-0.041537890206840844,-0.4934193330289225,-0.34198061488531206,0.6494720024847552,0.1036238777387424,0,0.0,,,0.521958287716588,0.4934193330289225,0.0,0.0,0.6494720024847552,0.1036238777387424,0.0,0.0,0.9937213459946667,0.0,0.0,0.0,0.0,0.836219,HS_IMPORT_VOLUME_DROP;HS_NET_IMPORT_AVAILABILITY_DROP;HS_IMPORT_VOLUME_VOLATILITY;HS_NET_IMPORT_EXPOSURE
2025-05,3104200000,0.32146234858881706,1.109077021857178,1.1343205412828925,0.011968988881916554,1.099933449738649,525.7375,0.6513924305927504,0.10315692038154413,0,0.0,,,0.0,0.0,0.0,0.011968988881916554,0.6513924305927504,0.10315692038154413,0.0,0.0,0.992431721408261,1.0,0.0,0.0,0.0,0.836219,HS_IMPORT_VOLUME_VOLATILITY;HS_NET_IMPORT_EXPOSURE;HS_EXPORT_VOLUME_SURGE
2025-06,3104200000,0.2952416010985604,0.011323618385190581,0.015494465656156198,0.004124147004126222,0.011347682293079586,-0.014194184327254833,0.6687398652030306,0.1020922422191594,0,0.0,,,0.0,0.0,0.0,0.004124147004126222,0.6687398652030306,0.1020922422191594,0.0,0.0,0.9986473591365582,0.0,0.0,0.0,0.0,0.836219,HS_IMPORT_VOLUME_VOLATILITY;HS_NET_IMPORT_EXPOSURE
2025-07,3104200000,0.2500172712545127,0.004276986966681884,0.020199038782204193,0.01585424342303532,0.00311961158298657,0.5752719347356634,0.5016341437625924,0.06504482394738963,0,0.0,,,0.0,0.0,0.0,0.01585424342303532,0.5016341437625924,0.06504482394738963,0.0,0.0,0.9951580427370609,0.5752719347356634,0.0,0.0,0.0,0.836219,HS_IMPORT_VOLUME_VOLATILITY;HS_NET_IMPORT_EXPOSURE;HS_EXPORT_VOLUME_SURGE
2025-08,3104200000,0.24558082138413342,1.9123632328112965,1.9898154672015642,0.026594290683825017,1.978879759583653,-0.4121707335273487,0.5386474905723396,0.06341958020959605,0,0.0,,,0.0,0.0,0.0,0.026594290683825017,0.5386474905723396,0.06341958020959605,0.0,0.0,0.9927596188269101,0.0,0.0,0.0,0.0,0.836219,HS_IMPORT_VOLUME_VOLATILITY;HS_NET_IMPORT_EXPOSURE
2025-09,3104200000,0.24354987726738628,0.36315125412452653,0.6299638368399985,0.1957321917932211,0.3651400934393445,0.005371203599550123,0.5094208810260238,0.06440210363895034,0,0.0,,,0.0,0.0,0.0,0.1957321917932211,0.5094208810260238,0.06440210363895034,0.0,0.0,0.9945426366824263,0.005371203599550123,0.0,0.0,0.0,0.836219,HS_IMPORT_VOLUME_VOLATILITY;HS_NET_IMPORT_EXPOSURE
2025-10,3104200000,0.26156486392353556,0.19276860306626076,0.4604136231634419,0.22438972606182261,0.18799361812004034,1.1171900142522184,0.4681105916289611,0.063974103178913,0,0.0,,,0.0,0.0,0.0,0.22438972606182261,0.4681105916289611,0.063974103178913,0.0,0.0,0.987498140857978,1.0,0.0,0.0,0.0,0.836219,HS_IMPORT_VOLUME_VOLATILITY;HS_NET_IMPORT_EXPOSURE;HS_EXPORT_VOLUME_SURGE
2025-11,3104200000,0.22887704708723836,0.25545911782811515,0.5216734571179029,0.21204540674357109,0.25483522144967297,0.3675260811618182,0.4370291813762473,0.063958374095513,0,0.0,,,0.0,0.0,0.0,0.21204540674357109,0.4370291813762473,0.063958374095513,0.0,0.0,0.9922177290796181,0.3675260811618182,0.0,0.0,0.0,0.836219,HS_IMPORT_VOLUME_VOLATILITY;HS_NET_IMPORT_EXPOSURE;HS_EXPORT_VOLUME_SURGE
2025-12,3104200000,0.3162915653455256,-0.7547492306295309,-0.6946235524138968,0.24515999835584568,-0.7577992266770124,0.7898210715460734,0.4252052010670684,0.06328805368924326,0,0.0,,,0.7991838528478726,0.7577992266770124,0.0,0.24515999835584568,0.4252052010670684,0.06328805368924326,0.0,0.0,0.9790718001043998,0.7898210715460734,0.0,0.0,0.0,0.836219,HS_IMPORT_VOLUME_DROP;HS_NET_IMPORT_AVAILABILITY_DROP;HS_IMPORT_VOLUME_VOLATILITY;HS_NET_IMPORT_EXPOSURE;HS_EXPORT_VOLUME_SURGE
2026-01,3104200000,0.2017262376277157,6.352072833837629,6.516930631635588,0.022423308572135925,6.580236277494788,-0.4381994877732168,0.4219675225391505,0.06385570852490069,0,0.0,,,0.0,0.0,0.0,0.022423308572135925,0.4219675225391505,0.06385570852490069,0.0,0.0,0.9963412182128316,0.0,0.0,0.0,0.0,0.836219,HS_IMPORT_VOLUME_VOLATILITY;HS_NET_IMPORT_EXPOSURE
2026-02,3104200000,0.27068220032223544,-0.5288857192465668,-0.408254561622014,0.25605497976336533,-0.5292425346402557,542.0,0.3482205147948686,0.023576157064649144,0,0.0,,,0.5600229979315616,0.5292425346402557,0.0,0.25605497976336533,0.3482205147948686,0.023576157064649144,0.0,0.0,0.9988189499909566,1.0,0.0,0.0,0.0,0.836219,HS_IMPORT_VOLUME_DROP;HS_NET_IMPORT_AVAILABILITY_DROP;HS_IMPORT_VOLUME_VOLATILITY;HS_NET_IMPORT_EXPOSURE;HS_EXPORT_VOLUME_SURGE
2026-03,3104200000,0.17590759809634765,0.850748681464184,1.3475761440044711,0.26844674672264635,0.8544092472338622,0.4255221400507745,0.28847234398057947,0.020930546934802764,0,0.0,,,0.0,0.0,0.0,0.26844674672264635,0.28847234398057947,0.020930546934802764,0.0,0.0,0.9913204853505516,0.4255221400507745,0.0,0.0,0.0,0.836219,HS_NET_IMPORT_EXPOSURE;HS_EXPORT_VOLUME_SURGE
2026-04,3104200000,0.21925665868388766,1.5416554834695995,2.1256407347844894,0.22976569999868546,1.5402271255862825,1.8860999100209952,0.3589757226347156,0.023100716969529287,0,0.0,,,0.0,0.0,0.0,0.22976569999868546,0.3589757226347156,0.023100716969529287,0.0,0.0,0.9932350019284422,1.0,0.0,0.0,0.0,0.836219,HS_IMPORT_VOLUME_VOLATILITY;HS_NET_IMPORT_EXPOSURE;HS_EXPORT_VOLUME_SURGE
2026-05,3104200000,0.24223107420375448,-0.2749898591352019,-0.11751435348701578,0.21720455587055398,-0.27597090586688144,-0.050582595695199184,0.4341847199813773,0.021585560427508785,0,0.0,,,0.2911794357636615,0.27597090586688144,0.0,0.21720455587055398,0.4341847199813773,0.021585560427508785,0.0,0.0,0.9917293419119636,0.0,0.0,0.0,0.0,0.836219,HS_IMPORT_VOLUME_VOLATILITY;HS_NET_IMPORT_EXPOSURE
2026-06,3104200000,0.2801162518787684,-0.6567948911021284,-0.5706426969753982,0.25102246992589694,-0.6579289153814897,0.5769023097690231,0.3768021003680407,0.020803148715937362,0,0.0,,,0.6954626123487171,0.6579289153814897,0.0,0.25102246992589694,0.3768021003680407,0.020803148715937362,0.0,0.0,0.9936531005892207,0.5769023097690231,0.0,0.0,0.0,0.836219,HS_IMPORT_VOLUME_DROP;HS_NET_IMPORT_AVAILABILITY_DROP;HS_IMPORT_VOLUME_VOLATILITY;HS_NET_IMPORT_EXPOSURE;HS_EXPORT_VOLUME_SURGE
2023-01,3901101000,0.0,,,,,,,,0,3.0,,,,,0.0,,,,0.0,0.0,0.0,,0.2682025785184886,0.22622378474488397,0.052281911040802605,0.234054,
2023-02,3901101000,0.0,,,,,,,,0,3.0,,,,,0.0,,,,0.0,0.0,0.0,,0.2192774923385067,0.13040809976748496,0.021036291567721774,0.234054,
2023-03,3901101000,0.06854301659833621,,,,,,0.18258467304114023,,0,3.0,,,,,0.0,,0.18258467304114023,,0.0,0.0,0.0,,0.23368502321252882,0.10727171854721036,0.01985144660062338,0.6094579999999999,
2023-04,3901101000,0.08948557197223364,,,,,,0.2316766269704824,0.05583487738839973,0,2.0,,,,,0.0,,0.2316766269704824,0.05583487738839973,0.0,0.0,0.0,,0.104683459838185,0.08852956479947889,0.008098432168506666,0.65447,
2023-05,3901101000,0.08920062011178914,,,,,,0.2318069778503506,0.04841716428632639,0,2.0,,,,,0.0,,0.2318069778503506,0.04841716428632639,0.0,0.0,0.0,,0.19852077419578004,0.09941496446489403,0.019705296681970724,0.65447,
2023-06,3901101000,0.08124449771586827,,,,,,0.21071079938582263,0.047605544815447015,0,3.0,,,,,0.0,,0.21071079938582263,0.047605544815447015,0.0,0.0,0.0,,0.22805637926276076,0.1266235542570769,0.02372278964900517,0.65447,
2023-07,3901101000,0.06597921478447683,,,,,,0.16994390271465418,0.0484669405888381,0,3.0,,,,,0.0,,0.16994390271465418,0.0484669405888381,0.0,0.0,0.0,,0.2401534231222574,0.1446012350757358,0.02842492531065695,0.65447,
2023-08,3901101000,0.040756545771497,,,,,,0.1029727508846278,0.04665785120421626,0,3.0,,,,,0.0,,0.1029727508846278,0.04665785120421626,0.0,0.0,0.0,,0.19238687506135682,0.13426743228619598,0.02053334946825897,0.65447,
2023-09,3901101000,0.045462477177856814,,,,,,0.11809586218325611,0.025078159842125,0,3.0,,,,,0.0,,0.11809586218325611,0.025078159842125,0.0,0.0,0.0,,0.2115599016492046,0.16370660921316482,0.028017711249063708,0.65447,
2023-10,3901101000,0.055639786131622786,,,,,,0.13635417046445023,0.09890440599365301,0,3.0,,,,,0.0,,0.13635417046445023,0.09890440599365301,0.0,0.0,0.0,,0.2018460518505107,0.10522873874141672,0.018167220920757714,0.65447,
2023-11,3901101000,0.035503813767605044,,,,,,0.08153264186271432,0.10877396875887847,0,3.0,,,,,0.0,,0.08153264186271432,0.10877396875887847,0.0,0.0,0.0,,0.19862997071158983,0.09317455806773606,0.016647006900848284,0.65447,
2023-12,3901101000,0.04446067042491473,,,,,,0.10549642877837549,0.10790209445919877,0,2.0,,,,,0.0,,0.10549642877837549,0.10790209445919877,0.0,0.0,0.0,,0.1053124671847107,0.08280352267442732,0.007363075950261417,0.65447,
2024-01,3901101000,0.06638213364265076,0.8032438499739494,0.764533836587,-0.021466876699736792,,-0.11665877025201232,0.1639466452260957,0.1074359557050014,0,3.0,,,0.0,,0.0,0.0,0.1639466452260957,0.1074359557050014,0.0,0.0,0.0,0.0,0.10360875873630726,0.0543272922796973,0.004470488908176898,0.802296,
2024-02,3901101000,0.07339380672498656,0.1640110332626843,0.10821718596450869,-0.047932404164406694,,-0.10894315859386405,0.1819698431401895,0.11289433330638213,0,2.0,,,0.0,,0.0,0.0,0.1819698431401895,0.11289433330638213,0.0,0.0,0.0,0.0,0.18765405754576156,0.09479162603861419,0.017608883552464115,0.802296,
2024-03,3901101000,0.07949136400327105,0.24813960769672838,0.10793616345027468,-0.11232993759823073,,-0.2443661402540973,0.19877633731362476,0.1081918570689383,0,2.0,,,0.0,,0.0,0.0,0.19877633731362476,0.1081918570689383,0.0,0.0,0.0,0.0,0.046100897546836175,0.026769166722555464,0.0010903041036824158,0.802296,
2024-04,3901101000,0.06753846731551158,-0.0772194816691677,-0.1190915084859534,-0.045375932830187704,,-0.24699078650655448,0.15791733127448984,0.06688727401492518,0,3.0,,,0.08176565191567947,,0.0,0.0,0.15791733127448984,0.06688727401492518,0.0,0.0,0.0,0.0,0.19059996947500388,0.08245806927370573,0.01301415631766659,0.802296,
2024-05,3901101000,0.09599612422535383,-0.3186695017190019,-0.25836589809057153,0.088508592790983,,0.017051069190546997,0.17695909679355087,0.06305403002496435,0,3.0,,,0.3374306456152074,,0.0,0.088508592790983,0.17695909679355087,0.06305403002496435,0.0,0.0,0.0,0.017051069190546997,0.12119171566647692,0.09075962691242363,0.008949048162677548,0.802296,HS_IMPORT_VOLUME_DROP
2024-06,3901101000,0.12952084894040022,-0.2842733539284895,0.02499668693411916,0.4321063670887957,,0.0198799727706942,0.22172894200899024,0.09386418297604728,0,3.0,,,0.3010094810763337,,0.0,0.4321063670887957,0.22172894200899024,0.09386418297604728,0.0,0.0,0.0,0.0198799727706942,0.0677049626788483,0.024197543047903544,0.001538810689713686,0.802296,HS_IMPORT_VOLUME_DROP;HS_IMPORT_UNIT_VALUE_SHOCK
2024-07,3901101000,0.09236628982389464,-0.08964030041115267,-0.06714423543404213,0.024711182829458167,,-0.16647937425250015,0.20269393225131485,0.19820453918278322,0,3.0,,,0.09491772597538402,,0.0,0.024711182829458167,0.20269393225131485,0.19820453918278322,0.0,0.0,0.0,0.0,0.16292536020214024,0.08427990009174428,0.012587562301621735,0.802296,
2024-08,3901101000,0.11949546351385565,-0.30874773277281264,-0.2826941726775063,0.037690379229878834,,-0.17500768569677794,0.23380145998832752,0.196095367979014,0,3.0,,,0.32692474880645134,,0.0,0.037690379229878834,0.23380145998832752,0.196095367979014,0.0,0.0,0.0,0.0,0.30662587218961124,0.21586791766213628,0.05309885414177534,0.802296,HS_IMPORT_VOLUME_DROP
2024-09,3901101000,0.08491105063009603,-0.1399794876401277,-0.07248230707367953,0.07848322173297695,,-0.21320914334521768,0.16662557151783952,0.19632306695765284,0,2.0,,,0.14822055023308733,,0.0,0.07848322173297695,0.16662557151783952,0.19632306695765284,0.0,0.0,0.0,0.0,0.16138256384190233,0.13160993403964527,0.018207584223262026,0.802296,
2024-10,3901101000,0.048740778605726565,0.1914219514905131,0.15062248176602688,-0.034244349513154915,,-0.026997885382673892,0.10582920716918749,0.20021485198580152,0,3.0,,,0.0,,0.0,0.0,0.10582920716918749,0.20021485198580152,0.0,0.0,0.0,0.0,0.26550918151687547,0.16009807674693333,0.03146218914769168,0.802296,
2024-11,3901101000,0.055754599176298276,-0.024711339045662917,0.02275242511177722,0.048666375461595246,,-0.25172110847716933,0.11430885366800991,0.19272213658231555,0,3.0,,,0.02616617857439953,,0.0,0.048666375461595246,0.11430885366800991,0.19272213658231555,0.0,0.0,0.0,0.0,0.18988425182558188,0.1239725778752042,0.017603798427657774,0.802296,
2024-12,3901101000,0.07579221927998446,-0.25570575003815477,-0.09803075448913157,0.2118449733517438,,-0.3430961912799352,0.1053586660238659,0.17852797071713206,0,3.0,,,0.27076000639364123,,0.0,0.2118449733517438,0.1053586660238659,0.17852797071713206,0.0,0.0,0.0,0.0,0.10827933447243102,0.07579893843025409,0.006443341108178113,0.802296,
2025-01,3901101000,0.06806422250959537,-0.30843293064894695,-0.2685260985739062,0.05770493397334309,,-0.288765628192163,0.10818989957723994,0.07882572599196515,0,2.0,,,0.3265914132242132,,0.0,0.05770493397334309,0.10818989957723994,0.07882572599196515,0.0,0.0,0.0,0.0,0.14682196972930078,0.11164315161447264,0.013701742546368285,0.802296,HS_IMPORT_VOLUME_DROP
2025-02,3901101000,0.034831595365063306,-0.04508968918382217,-0.00997250132239269,0.03677537823569432,,-0.4259577861329892,0.068741073815932,0.09069181405499506,0,2.0,,,0.04774427063090022,,0.0,0.03677537823569432,0.068741073815932,0.09069181405499506,0.0,0.0,0.0,0.0,0.04333115299800449,0.027778926369891446,0.0010135405033560388,0.802296,
2025-03,3901101000,0.05212669587435981,-0.352423867122982,-0.33192445851933394,0.03165559625024206,,-0.5422796302264523,0.06005000789732566,0.08946415510898155,0,2.0,,,0.37317224388286957,,0.0,0.03165559625024206,0.06005000789732566,0.08946415510898155,0.0,0.0,0.0,0.0,0.08195460946282487,0.05227903002234544,0.003613736995205502,0.802296,HS_IMPORT_VOLUME_DROP
2025-04,3901101000,0.04058601269003618,-0.23305783978724215,-0.19039504169457466,0.05562713892379101,,-0.40566319615549806,0.04832506273931913,0.08374073918985307,0,2.0,,,0.24677873759767274,,0.0,0.05562713892379101,0.04832506273931913,0.08374073918985307,0.0,0.0,0.0,0.0,0.03909587176554061,0.02365801470940406,0.000798029090476084,0.802296,
2025-05,3901101000,0.02524336102234125,-0.041691903158100674,-0.003856913133857165,0.03948102927328745,,-0.5678536624381949,0.043580934351495855,0.08956704700427195,0,2.0,,,0.04414644552954328,,0.0,0.03948102927328745,0.043580934351495855,0.08956704700427195,0.0,0.0,0.0,0.0,0.06889008308215369,0.04086083007664415,0.002455246458599253,0.802296,
2025-06,3901101000,0.04794203901649617,0.4539301097206132,-0.041253489665276866,-0.3405828079872727,,-0.43499779188620336,0.11416606884396546,0.11293966293868651,0,2.0,,,0.0,,0.0,0.0,0.11416606884396546,0.11293966293868651,0.0,0.0,0.0,0.0,0.06998105610717849,0.05198732718894009,0.0030264564686329582,0.802296,
2025-07,3901101000,0.0908401526987642,0.5834378529885362,0.6278871715290517,0.028071400754139608,,0.0896740465101471,0.216567190611959,0.11523762097593483,0,1.0,,,0.0,,0.0,0.028071400754139608,0.216567190611959,0.11523762097593483,0.0,0.0,0.0,0.0896740465101471,0.013110374520844067,0.013110374520844067,0.0001718819200767973,0.802296,
2025-08,3901101000,0.0883491422466683,0.18731821497382106,0.24913137034634425,0.05206115310366588,,-0.14203264973598595,0.21506533053185048,0.1099657171706185,0,1.0,,,0.0,,0.0,0.05206115310366588,0.21506533053185048,0.1099657171706185,0.0,0.0,0.0,0.0,0.021398348424327904,0.021398348424327904,0.00045788931528893646,0.802296,
2025-09,3901101000,0.0845782438097626,0.402833235892061,0.3957918246729435,-0.005019421438671623,,0.09088313170839601,0.20367918399998547,0.11463445365879404,0,2.0,,,0.0,,0.0,0.0,0.20367918399998547,0.11463445365879404,0.0,0.0,0.0,0.09088313170839601,0.031367912625538445,0.02008689353389798,0.0005307446835881092,0.802296,
2025-10,3901101000,0.08326438736241788,0.42595092950058633,0.3540786111848304,-0.05040307967745283,,-0.26802780397592285,0.2081801223784873,0.11358608151257965,0,1.0,,,0.0,,0.0,0.0,0.2081801223784873,0.11358608151257965,0.0,0.0,0.0,0.0,0.006012758611253186,0.006012758611253186,3.615326611719934e-05,0.802296,
2025-11,3901101000,0.0719540569478129,0.4484103675300375,0.38832604962231754,-0.04148293829888927,,0.10868410704042053,0.17036293303516722,0.09916789115704988,0,1.0,,,0.0,,0.0,0.0,0.17036293303516722,0.09916789115704988,0.0,0.0,0.0,0.10868410704042053,0.019343419156359086,0.019343419156359086,0.00037416786465859967,0.802296,
2025-12,3901101000,0.06913520835321864,0.31518345476775433,0.08045815115349875,-0.17847343103605662,,0.11082340492803122,0.1688599367300213,0.047532616327152354,0,2.0,,,0.0,,0.0,0.0,0.1688599367300213,0.047532616327152354,0.0,0.0,0.0,0.11082340492803122,0.04853832085362909,0.027468898550250573,0.001198460943762062,0.802296,
2026-01,3901101000,0.06123187870878247,0.30379267878878213,0.17504675722994412,-0.0987472346281637,,-0.3339187062240271,0.15757643731796167,0.04614444667800529,0,0.0,,,0.0,,0.0,0.0,0.15757643731796167,0.04614444667800529,0.0,0.0,0.0,0.0,0.0,0.0,0.0,0.802296,
2026-02,3901101000,0.05606327907642424,0.0698565306258625,0.02630663024888058,-0.04070629951803495,,-0.17440228306714,0.14379202320575768,0.04628051179441001,0,0.0,,,0.0,,0.0,0.0,0.14379202320575768,0.04628051179441001,0.0,0.0,0.0,0.0,0.0,0.0,0.0,0.802296,
2026-03,3901101000,0.06247171578180153,0.15090965758315766,0.1678785113118253,0.014743862488999726,,-0.10696179953016494,0.1598395480508542,0.038059779062112956,0,1.0,,,0.0,,0.0,0.014743862488999726,0.1598395480508542,0.038059779062112956,0.0,0.0,0.0,0.0,0.0037475287275593786,0.0037475287275593786,1.4043971563882815e-05,0.802296,
2026-04,3901101000,0.11899511069111923,1.2794797648695608,1.4510107006849018,0.07525003663507235,,0.088321819144767,0.29240544349245845,0.05560300594054109,0,0.0,,,0.0,,0.0,0.07525003663507235,0.29240544349245845,0.05560300594054109,0.0,0.0,0.0,0.088321819144767,0.0,0.0,0.0,0.802296,
2026-05,3901101000,0.12384661571069307,1.1951847882993594,1.2156174762498901,0.009307958063230037,,0.0670632320330502,0.3167375438041312,0.05075232335269749,0,0.0,,,0.0,,0.0,0.009307958063230037,0.3167375438041312,0.05075232335269749,0.0,0.0,0.0,0.0670632320330502,0.0,0.0,0.0,0.802296,HS_IMPORT_VOLUME_VOLATILITY
2026-06,3901101000,0.13200822645901578,0.18390484748464853,0.5567440852297021,0.31492331375886873,,-0.06489606003297754,0.3030275050477568,0.04758390055957923,0,1.0,,,0.0,,0.0,0.31492331375886873,0.3030275050477568,0.04758390055957923,0.0,0.0,0.0,0.0,0.00867846110857327,0.00867846110857327,7.53156872130188e-05,0.802296,HS_IMPORT_UNIT_VALUE_SHOCK;HS_IMPORT_VOLUME_VOLATILITY
2023-01,3901200000,0.0,,,,,,,,0,3.0,,,,,0.0,,,,0.0,0.0,0.0,,0.1978572535251162,0.14756994094035406,0.023337514833029607,0.234054,
2023-02,3901200000,0.0,,,,,,,,0,2.0,,,,,0.0,,,,0.0,0.0,0.0,,0.1315921618814955,0.09302478491810212,0.010141053174895645,0.234054,
2023-03,3901200000,0.07482971018882925,,,,,,0.19933114774703853,,0,2.0,,,,,0.0,,0.19933114774703853,,0.0,0.0,0.0,,0.1348006250309241,0.11271061783868967,0.01319165179133212,0.6094579999999999,
2023-04,3901200000,0.07350202032393839,,,,,,0.19198302804290981,0.03178760473913336,0,2.0,,,,,0.0,,0.19198302804290981,0.03178760473913336,0.0,0.0,0.0,,0.12345620692057697,0.11429155921260364,0.013146551274859345,0.65447,
2023-05,3901200000,0.06978526236876098,,,,,,0.18099809432462258,0.04083030673865562,0,2.0,,,,,0.0,,0.18099809432462258,0.04083030673865562,0.0,0.0,0.0,,0.14400885620491685,0.10958838078768908,0.013194382331615523,0.65447,
2023-06,3901200000,0.06653185589149395,,,,,,0.1691722923384243,0.06717987777659531,0,2.0,,,,,0.0,,0.1691722923384243,0.06717987777659531,0.0,0.0,0.0,,0.1802845738053835,0.15525988858345552,0.024731867873403604,0.65447,
2023-07,3901200000,0.0561061113042183,,,,,,0.14187283350249277,0.06323829458918725,0,2.0,,,,,0.0,,0.14187283350249277,0.06323829458918725,0.0,0.0,0.0,,0.18695690491458802,0.16009747167917457,0.026352629591791736,0.65447,
2023-08,3901200000,0.057589630896803364,,,,,,0.14640905794094983,0.05836410089618393,0,3.0,,,,,0.0,,0.14640905794094983,0.05836410089618393,0.0,0.0,0.0,,0.20783567548036597,0.1863206999341876,0.035004308824201975,0.65447,
2023-09,3901200000,0.09017965714831908,,,,,,0.2328565377534916,0.06141432172548028,0,2.0,,,,,0.0,,0.2328565377534916,0.06141432172548028,0.0,0.0,0.0,,0.1719478276983044,0.14388096797704958,0.021489481560625363,0.65447,
2023-10,3901200000,0.08633609340723289,,,,,,0.22262149007489232,0.06138575373584833,0,2.0,,,,,0.0,,0.22262149007489232,0.06138575373584833,0.0,0.0,0.0,,0.13108719500542176,0.11185335975766202,0.01288111450741493,0.65447,
2023-11,3901200000,0.08739122117155758,,,,,,0.22519260613921066,0.06338345455597036,0,3.0,,,,,0.0,,0.22519260613921066,0.06338345455597036,0.0,0.0,0.0,,0.13241926346435787,0.10867012999583286,0.012091369055230226,0.65447,
2023-12,3901200000,0.0833608779417922,,,,,,0.2177158527303778,0.03620092338481859,0,2.0,,,,,0.0,,0.2177158527303778,0.03620092338481859,0.0,0.0,0.0,,0.1534081712018007,0.12914596679113427,0.017267335301281717,0.65447,
2024-01,3901200000,0.07473303629525276,-0.0025254543188601986,0.017882384418027364,0.020459508290461503,,0.1468751967849211,0.17876286137448383,0.036189912737456094,0,3.0,,,0.0026741362969718322,,0.0,0.020459508290461503,0.17876286137448383,0.036189912737456094,0.0,0.0,0.0,0.1468751967849211,0.15900140076401653,0.11117828460386675,0.013753489919838692,0.802296,
2024-02,3901200000,0.07632075568895959,-0.036973355618016734,-0.169841491487556,-0.13796932477896984,,0.059376475586533806,0.17978004569156159,0.09748128603919855,0,2.0,,,0.03915010124737053,,0.0,0.0,0.17978004569156159,0.09748128603919855,0.0,0.0,0.0,0.059376475586533806,0.11952383168679824,0.1007996289682394,0.010511160967580414,0.802296,
2024-03,3901200000,0.061934738999354325,-0.1695190087126327,-0.1356253641569013,0.04081206543113214,,-0.056476781376149865,0.11382100068015512,0.1245034401351239,0,2.0,,,0.17949916212688766,,0.0,0.04081206543113214,0.11382100068015512,0.1245034401351239,0.0,0.0,0.0,0.0,0.1494106302358885,0.11028888145498757,0.013694148600268224,0.802296,
2024-04,3901200000,0.061115464922643754,-0.09018419054689764,-0.09572507835766875,-0.0060901203883253485,,0.16176825940404505,0.11738020069054234,0.12580586353590792,0,2.0,,,0.09549363675020926,,0.0,0.0,0.11738020069054234,0.12580586353590792,0.0,0.0,0.0,0.16176825940404505,0.1258836149072328,0.10866328125896511,0.012104248584922619,0.802296,
2024-05,3901200000,0.05447026947568701,0.21066473659766594,0.17473882781565364,-0.0296745314338428,,0.06263116468199126,0.1249166773464316,0.12304985286560716,0,2.0,,,0.0,,0.0,0.0,0.1249166773464316,0.12304985286560716,0.0,0.0,0.0,0.06263116468199126,0.09275786643699852,0.08818690741930003,0.0077978243065216744,0.802296,
2024-06,3901200000,0.06895439128032406,-0.11480908309135485,-0.046130892974349025,0.07758573750039255,,0.10384684346744621,0.12483206862589732,0.1543408981537039,0,2.0,,,0.12156827942752525,,0.0,0.07758573750039255,0.12483206862589732,0.1543408981537039,0.0,0.0,0.0,0.10384684346744621,0.09529539138164453,0.0644368046935007,0.0051043541714980425,0.802296,
2024-07,3901200000,0.05393959300226063,-0.1895429779512704,-0.24562275616289153,-0.06919525241432156,,-0.15414506799113703,0.08887238902643278,0.17111684792065618,0,2.0,,,0.20070200969003643,,0.0,0.0,0.08887238902643278,0.17111684792065618,0.0,0.0,0.0,0.0,0.19314507041915524,0.15619718454275708,0.02576270672981945,0.802296,
2024-08,3901200000,0.03654696656972428,0.010542419892459964,-0.04206896106745128,-0.05206251605500156,,-0.20121308540382343,0.08090074968300309,0.13721899795001752,0,2.0,,,0.0,,0.0,0.0,0.08090074968300309,0.13721899795001752,0.0,0.0,0.0,0.0,0.15112049298862568,0.12045473068226441,0.015449731121567098,0.802296,
2024-09,3901200000,0.039403177538423914,0.5305656618489774,0.4685003364598639,-0.04055058004772982,,-0.1977202814895349,0.09041602858459533,0.12131517692287588,0,2.0,,,0.0,,0.0,0.0,0.09041602858459533,0.12131517692287588,0.0,0.0,0.0,0.0,0.17042622296673157,0.1476917834928803,0.02232971764949804,0.802296,
2024-10,3901200000,0.06512753156773839,-0.26457438978302816,-0.29854578204996907,-0.0461928328235921,,-0.15651397921769783,0.11124007889901846,0.11990157113770726,0,2.0,,,0.2801507727478062,,0.0,0.0,0.11124007889901846,0.11990157113770726,0.0,0.0,0.0,0.0,0.22052188583103963,0.1722044421618533,0.03198894526300007,0.802296,
2024-11,3901200000,0.06942452932925278,-0.21517577332685456,-0.2168581274116509,-0.002143606208396154,,-0.3275250441320433,0.13089359064860512,0.12599478832768146,0,2.0,,,0.2278438938234377,,0.0,0.0,0.13089359064860512,0.12599478832768146,0.0,0.0,0.0,0.0,0.15382540761038335,0.12162850378482047,0.015830133548886634,0.802296,
2024-12,3901200000,0.06312555473085252,0.11217067664968883,-0.023479220093628683,-0.1219685967193006,,-0.1839893334892735,0.15757172929281946,0.08825418260488144,0,2.0,,,0.0,,0.0,0.0,0.15757172929281946,0.08825418260488144,0.0,0.0,0.0,0.0,0.1820961345064628,0.15491131872581074,0.02473653087839771,0.802296,
2025-01,3901200000,0.05947636003423152,0.09054009375663497,-0.0713994028145366,-0.14849476649073112,,-0.28573223069619336,0.15040263598600068,0.0669734487368461,0,3.0,,,0.0,,0.0,0.0,0.15040263598600068,0.0669734487368461,0.0,0.0,0.0,0.0,0.18249657543891068,0.1477368290694509,0.022815430918331048,0.802296,
2025-02,3901200000,0.07568192205063606,0.4327489270309792,0.48917042883400175,0.03937989464765623,,-0.08301656038802707,0.18813854509423106,0.06752951828310405,0,2.0,,,0.0,,0.0,0.03937989464765623,0.18813854509423106,0.06752951828310405,0.0,0.0,0.0,0.0,0.12216474320374546,0.11733191444610047,0.01379013438138776,0.802296,
2025-03,3901200000,0.10945202334875943,-0.3176881371960879,-0.29925944655323744,0.027009189855089044,,-0.13297057937421064,0.21899811924826423,0.09507546540986034,0,2.0,,,0.336391504866675,,0.0,0.027009189855089044,0.21899811924826423,0.09507546540986034,0.0,0.0,0.0,0.0,0.09997724521930657,0.09538170308625846,0.009118788291131786,0.802296,HS_IMPORT_VOLUME_DROP
2025-04,3901200000,0.09491261671853997,-0.13343275196741455,-0.07244360826246399,0.07038016246681078,,-0.026055064750321932,0.2076960794875898,0.0950763614220589,0,2.0,,,0.1412883862424974,,0.0,0.07038016246681078,0.2076960794875898,0.0950763614220589,0.0,0.0,0.0,0.0,0.12439273201313227,0.09651177916088148,0.010091871048748188,0.802296,
2025-05,3901200000,0.08277284379987102,-0.196104555353929,-0.2621246298791571,-0.08212520044107785,,-0.14124982217375115,0.17315384893241897,0.09886889058622053,0,2.0,,,0.20764988919306332,,0.0,0.0,0.17315384893241897,0.09886889058622053,0.0,0.0,0.0,0.0,0.19167153607598741,0.18536483642043022,0.03439989704171826,0.802296,
2025-06,3901200000,0.07316582206457158,-0.12978605448998592,-0.362274341915943,-0.2671622175506514,,-0.023489820198624334,0.16075015649534583,0.08895801711409526,0,2.0,,,0.13742699543624093,,0.0,0.0,0.16075015649534583,0.08895801711409526,0.0,0.0,0.0,0.0,0.1193035816379376,0.10857381583253434,0.011903401358675885,0.802296,
2025-07,3901200000,0.0951977420247291,0.38142446614309056,0.306129216428322,-0.05450551337417053,,0.11437920637305954,0.23235559538897674,0.09441661977286997,0,2.0,,,0.0,,0.0,0.0,0.23235559538897674,0.09441661977286997,0.0,0.0,0.0,0.11437920637305954,0.10513292818831226,0.0876206281885795,0.007984055135441932,0.802296,
2025-08,3901200000,0.09347864150342815,0.04000028506556896,-0.06732711013101322,-0.10319939017114366,,0.08043210137159718,0.23011483496980534,0.09944539613673381,0,2.0,,,0.0,,0.0,0.0,0.23011483496980534,0.09944539613673381,0.0,0.0,0.0,0.08043210137159718,0.22496506827610174,0.2100376601103545,0.04433864617917962,0.802296,
2025-09,3901200000,0.08800525425535712,-0.02885493988307397,-0.11251721461950348,-0.0861480721802328,,0.2971324386780352,0.19504847610595014,0.07015808349543806,0,2.0,,,0.030553727110412928,,0.0,0.0,0.19504847610595014,0.07015808349543806,0.0,0.0,0.0,0.2971324386780352,0.11436431424300463,0.08908257228943803,0.008574871161909681,0.802296,
2025-10,3901200000,0.07683286564531602,0.1736344837067243,0.027456671325841953,-0.12455139518328107,,-0.027212611306061785,0.19626700236563172,0.07005793764437056,0,2.0,,,0.0,,0.0,0.0,0.19626700236563172,0.07005793764437056,0.0,0.0,0.0,0.0,0.19590748866345117,0.1898028268964336,0.03606237999316722,0.802296,
2025-11,3901200000,0.07905701649203764,0.20365730330563592,-0.06309654087034722,-0.2216194289216623,,0.013858287496984145,0.2032036233101237,0.05160328918809557,0,2.0,,,0.0,,0.0,0.0,0.2032036233101237,0.05160328918809557,0.0,0.0,0.0,0.013858287496984145,0.19623529170001192,0.16972343648001448,0.029508923357791615,0.802296,
2025-12,3901200000,0.08883131042809593,-0.13469457667103502,-0.2202055733808158,-0.09882175056849474,,0.12189985221447741,0.19538685730599617,0.052613331000469304,0,2.0,,,0.14262449880456904,,0.0,0.0,0.19538685730599617,0.052613331000469304,0.0,0.0,0.0,0.12189985221447741,0.12031007492267667,0.09557986913654686,0.00974709446238375,0.802296,
2026-01,3901200000,0.03431004834228707,-0.06117525660576795,-0.11018876426238533,-0.0522073028022394,,0.16334138208353077,0.06139405664405279,0.039855289706617565,0,2.0,,,0.06477684943431591,,0.0,0.0,0.06139405664405279,0.039855289706617565,0.0,0.0,0.0,0.16334138208353077,0.193285930776296,0.16686686886520655,0.028542518757140013,0.802296,
2026-02,3901200000,0.07783321515639882,-0.44590468120528537,-0.45494629111920837,-0.016317787945926865,,0.0497845462490325,0.11918698646279283,0.026294004390586222,0,2.0,,,0.47215658746853595,,0.0,0.0,0.11918698646279283,0.026294004390586222,0.0,0.0,0.0,0.0497845462490325,0.21600589584371588,0.19576036043032577,0.03873200041998589,0.802296,HS_IMPORT_VOLUME_DROP
2026-03,3901200000,0.06164391029579375,-0.05252699539646288,-0.10841610006625801,-0.05898754307325249,,-0.16117292483306878,0.14845757574775206,0.052087847363887545,0,2.0,,,0.055619436040303775,,0.0,0.0,0.14845757574775206,0.052087847363887545,0.0,0.0,0.0,0.0,0.15062029102295243,0.12979979446865647,0.017281479720872912,0.802296,
2026-04,3901200000,0.11076484351143562,0.49529963445064573,0.4834573083771405,-0.00791970104229689,,-0.37091457806111927,0.28985754110840345,0.04334762172701792,0,3.0,,,0.0,,0.0,0.0,0.28985754110840345,0.04334762172701792,0.0,0.0,0.0,0.0,0.08050403851764049,0.04419903852042038,0.003062006001529282,0.802296,
2026-05,3901200000,0.13337575276047134,0.6035952105832334,0.90645882796757,0.1888653791090984,,-0.4000144384915134,0.32499727904114734,0.03798589737178862,0,1.0,,,0.0,,0.0,0.1888653791090984,0.32499727904114734,0.03798589737178862,0.0,0.0,0.0,0.0,0.014755512342596056,0.014755512342596056,0.00021772514449250454,0.802296,HS_IMPORT_VOLUME_VOLATILITY
2026-06,3901200000,0.141125994932647,0.34503342665201897,0.8260236073182483,0.3576046298443918,,-0.17495967870565865,0.32111622427955355,0.05078302346118757,0,1.0,,,0.0,,0.0,0.3576046298443918,0.32111622427955355,0.05078302346118757,0.0,0.0,0.0,0.0,0.04920397460056485,0.04920397460056485,0.002421031116493031,0.802296,HS_IMPORT_UNIT_VALUE_SHOCK;HS_IMPORT_VOLUME_VOLATILITY
2023-01,3902100000,0.0,,,,,,,,0,14.0,,,,,0.0,,,,0.0,0.0,0.0,,0.9588805659680658,0.28046695767358887,0.15312315424715592,0.37004,
2023-02,3902100000,0.0,,,,,,,,0,12.0,,,,,0.0,,,,0.0,0.0,0.0,,0.8860618196605249,0.49445602813784434,0.2748117514883153,0.37004,
2023-03,3902100000,0.1043903533852174,,,,,,0.27807469655415873,,0,12.0,,,,,0.0,,0.27807469655415873,,0.0,0.0,0.0,,0.8820578183226342,0.45606319586872174,0.2486052405686455,0.7454439999999999,
2023-04,3902100000,0.1065693942363611,,,,,,0.269823234374764,0.11722813381180969,0,12.0,,,,,0.0,,0.269823234374764,0.11722813381180969,0.0,0.0,0.0,,0.8667360985615867,0.4040482916266403,0.1994569254540555,0.7904559999999999,
2023-05,3902100000,0.09548331430362847,,,,,,0.2421630295978205,0.10162499645623971,0,14.0,,,,,0.0,,0.2421630295978205,0.10162499645623971,0.0,0.0,0.0,,0.9011150317770376,0.5427230852806031,0.31384582662756816,0.7904559999999999,
2023-06,3902100000,0.09866957124248671,,,,,,0.24966183449235013,0.10987114384431917,0,13.0,,,,,0.0,,0.24966183449235013,0.10987114384431917,0.0,0.0,0.0,,0.8772944001906969,0.3287225587483164,0.1577447955941264,0.7904559999999999,
2023-07,3902100000,0.0812339447102413,,,,,,0.20325141637294483,0.10958300004826074,0,14.0,,,,,0.0,,0.20325141637294483,0.10958300004826074,0.0,0.0,0.0,,0.798785222666934,0.32066336934807105,0.14607969512686578,0.7904559999999999,
2023-08,3902100000,0.08117659770087347,,,,,,0.20642852856579993,0.08181156942943894,0,14.0,,,,,0.0,,0.20642852856579993,0.08181156942943894,0.0,0.0,0.0,,0.8741632999811745,0.4302693001336919,0.220943648600049,0.7904559999999999,
2023-09,3902100000,0.056991727654784295,,,,,,0.14077029073523423,0.09210871393438244,0,14.0,,,,,0.0,,0.14077029073523423,0.09210871393438244,0.0,0.0,0.0,,0.8611479054187431,0.3461132839455668,0.16269095942939352,0.7904559999999999,
2023-10,3902100000,0.05508892085916139,,,,,,0.13717875516736955,0.0797891107773524,0,15.0,,,,,0.0,,0.13717875516736955,0.0797891107773524,0.0,0.0,0.0,,0.9067204014684405,0.3522331792980073,0.19556599683605946,0.7904559999999999,
2023-11,3902100000,0.051908092852806655,,,,,,0.12605030539244833,0.10193512857149159,0,10.0,,,,,0.0,,0.12605030539244833,0.10193512857149159,0.0,0.0,0.0,,0.891941876585537,0.5281680539816035,0.30357023228261654,0.7904559999999999,
2023-12,3902100000,0.03867993485768698,,,,,,0.09304444074130087,0.08332621580111241,0,15.0,,,,,0.0,,0.09304444074130087,0.08332621580111241,0.0,0.0,0.0,,0.95661791525191,0.30774116187394457,0.172840547733003,0.7904559999999999,
2024-01,3902100000,0.05278544962728307,0.17222761194258518,0.11424218778238693,-0.04946601118199767,,0.06328032288294683,0.12341285747331293,0.09769225222856406,0,14.0,,,0.0,,0.0,0.0,0.12341285747331293,0.09769225222856406,0.0,0.0,0.0,0.06328032288294683,0.6013019076687438,0.19118572633923703,0.06141603739721535,0.802296,
2024-02,3902100000,0.06583430964637314,-0.13926361289921318,-0.13078502879182352,0.009850384199450612,,0.10241315361807879,0.12679575382841365,0.109754967118962,0,13.0,,,0.14746252954173356,,0.0,0.009850384199450612,0.12679575382841365,0.109754967118962,0.0,0.0,0.0,0.10241315361807879,0.6010427688046617,0.21018681491412877,0.09203474492060368,0.802296,
2024-03,3902100000,0.08909106330658186,-0.4346295757741132,-0.4972165251130727,-0.11070078422417373,,0.09049555918608365,0.13691362845825422,0.11615316505636665,0,14.0,0.16666666666666674,-0.22489187472423733,0.46021767871041214,,0.0,0.0,0.13691362845825422,0.11615316505636665,0.0,0.0,0.0,0.09049555918608365,0.9550875809371192,0.3915898808412636,0.1926959419508928,0.966077,HS_IMPORT_VOLUME_DROP
2024-04,3902100000,0.08646933181557302,0.602032516072986,0.47171934296502727,-0.08134240210516541,,0.24319718137035617,0.1942417869117733,0.12528274524458732,0,12.0,0.0,0.04233784860396117,0.0,,0.0,0.0,0.1942417869117733,0.12528274524458732,0.0,-0.0,0.0,0.24319718137035617,0.9428701051022037,0.37385915240519657,0.20790150256694087,0.966077,
2024-05,3902100000,0.09037014685162592,0.0049274494030204785,-0.21495902554627344,-0.21880830808225815,,0.23314801528250695,0.20470749481198583,0.13192176930824048,0,15.0,0.0714285714285714,-0.3035821307439087,0.0,,0.0,0.0,0.20470749481198583,0.13192176930824048,0.0,0.0,0.0,0.23314801528250695,0.9646153566599632,0.32670994547799176,0.21856784185488765,0.966077,
2024-06,3902100000,0.08514137255079227,0.17100755157950465,-0.12125839008029904,-0.24958501870084693,,0.0722781902196099,0.20387853297655323,0.1389278083090861,0,13.0,0.0,-0.2418760759264884,0.0,,0.0,0.0,0.20387853297655323,0.1389278083090861,0.0,-0.0,0.0,0.0722781902196099,0.819353442263047,0.22654117296506981,0.11959010343799309,0.966077,
2024-07,3902100000,0.08047832852542988,0.4188053573453656,0.2315744177847825,-0.1319637951684216,,0.008187417930559882,0.19911730470861622,0.12135802343227002,0,14.0,0.0,0.32297572308409017,0.0,,0.0,0.0,0.19911730470861622,0.12135802343227002,0.0,-0.0,0.0,0.008187417930559882,0.9797889014709824,0.33044553239795527,0.19325989028836868,0.966077,
2024-08,3902100000,0.07930450402122645,0.3013096729183755,0.11374786735939213,-0.1441331064099055,,-0.19231816767454502,0.18691912362385596,0.11471614348667326,0,13.0,-0.0714285714285714,0.028578816832507403,0.0,,0.0,0.0,0.18691912362385596,0.11471614348667326,0.0,0.1428571428571428,0.0,0.0,0.9463998496179051,0.3440488155641426,0.22725795666369566,0.966077,
2024-09,3902100000,0.0745696681778968,-0.11612576218244608,-0.1212702806283057,-0.005820419043508163,,-0.10707909497737444,0.1442916689824762,0.10159555071082844,0,12.0,-0.1428571428571429,0.22797174676799226,0.12296247583910004,,0.0,0.0,0.1442916689824762,0.10159555071082844,0.0,0.2857142857142858,0.0,0.0,0.9849479247002021,0.3507483956915585,0.1997799016338729,0.966077,
2024-10,3902100000,0.06791312814213378,-0.05750027830047355,-0.06261985457644725,-0.0054319127720716676,,0.20827692120049157,0.13202210726226704,0.08808537529602316,0,14.0,-0.06666666666666665,0.1134005596756118,0.06088551281286907,,0.0,0.0,0.13202210726226704,0.08808537529602316,0.0,0.1333333333333333,0.0,0.20827692120049157,0.9499648233635613,0.3774271065211298,0.21774329033078751,0.966077,
2024-11,3902100000,0.05363380506006132,0.1627686769671457,-0.11542939650362116,-0.23925487414779012,,0.027848945606791853,0.13170663258088636,0.07297409604156478,0,13.0,0.30000000000000004,-0.23339933017718084,0.0,,0.0,0.0,0.13170663258088636,0.07297409604156478,0.0,0.0,0.0,0.027848945606791853,0.9560310747598216,0.34020696997030003,0.23271714340612262,0.966077,
2024-12,3902100000,0.09960270344848572,-0.15640469895467546,-0.06713525002892051,0.1058202301685871,,0.15754130211205264,0.17160886213163412,0.14678712087512985,0,13.0,-0.1333333333333333,0.2311058493809217,0.16561276890584017,,0.0,0.1058202301685871,0.17160886213163412,0.14678712087512985,0.0,0.2666666666666666,0.0,0.15754130211205264,0.9391211850182287,0.3931102512957536,0.21278500932430242,0.966077,
2025-01,3902100000,0.0772875357180032,-0.01888607499639261,-0.1015154681044389,-0.08421997792737723,,-0.20089824552947166,0.18459837057612538,0.1489776006683243,0,12.0,,,0.019997961664964644,,0.0,0.0,0.18459837057612538,0.1489776006683243,0.0,0.0,0.0,0.0,0.8494102713767555,0.35760551878809804,0.17641289917367453,0.938282,
2025-02,3902100000,0.07009402447448511,0.26030530696889675,0.06050656048450476,-0.15853202028079916,,-0.11001392959553258,0.16614141540742747,0.17159585365847335,0,13.0,,,0.0,,0.0,0.0,0.16614141540742747,0.17159585365847335,0.0,0.0,0.0,0.0,0.7999446380971909,0.2936881572395208,0.15422526306891426,0.938282,
2025-03,3902100000,0.07518689906584776,0.3260246482898186,0.3610880969210859,0.02644253157472498,,-0.12834095688915714,0.16545635206480572,0.1721906704216297,0,13.0,-0.0714285714285714,0.07146281317640146,0.0,,0.0,0.02644253157472498,0.16545635206480572,0.1721906704216297,0.0,0.1428571428571428,0.0,0.0,0.9598659908677769,0.3540100260282227,0.20646653605038015,0.966077,
2025-04,3902100000,0.08443723471297579,-0.013511689962433682,-0.18176181960869464,-0.17055461066726052,,0.049895886200657324,0.19740220375689221,0.17308377541307543,0,14.0,0.16666666666666674,-0.055255021533999416,0.014307168532860738,,0.0,0.0,0.19740220375689221,0.17308377541307543,0.0,0.0,0.0,0.049895886200657324,0.9501309136575393,0.30496339814733153,0.19641390056565372,0.966077,
2025-05,3902100000,0.11321101747047484,0.17012429275016805,0.2621608087952523,0.07865533312599537,,-0.18380062665856134,0.2215541835798106,0.166297693796139,0,10.0,-0.33333333333333337,0.058896049797498407,0.0,,0.0,0.07865533312599537,0.2215541835798106,0.166297693796139,0.0,0.6666666666666667,0.0,0.0,0.9681383221640452,0.35918684277914076,0.23144062435290486,0.966077,HS_IMPORT_SUPPLIER_COUNT_DROP
2025-06,3902100000,0.07245771062856267,0.25197458526932515,0.2627950130941241,0.008642689677659465,,-0.06097361494218678,0.16889781347603047,0.09629787151317672,0,12.0,-0.07692307692307687,0.6015141281272043,0.0,,0.0,0.008642689677659465,0.16889781347603047,0.09629787151317672,0.0,0.15384615384615374,0.0,0.0,0.974395283026743,0.332353227615107,0.19152524024013967,0.966077,
2025-07,3902100000,0.053077016041877756,-0.06756263468471191,-0.06369649745388006,0.004146270167460164,,0.183793893442453,0.09033977663458394,0.09803271156133775,0,13.0,-0.0714285714285714,0.15862677463180175,0.07154027391434975,,0.0,0.004146270167460164,0.09033977663458394,0.09803271156133775,0.0,0.1428571428571428,0.0,0.183793893442453,0.980856273558738,0.32510315202206436,0.22391608335050847,0.966077,
2025-08,3902100000,0.07960287817509375,-0.25451628379634084,-0.16807624614759575,0.1159516107057803,,0.06413560099971582,0.12685793454465455,0.05329824500921792,0,12.0,-0.07692307692307687,-0.03872824689136378,0.26950051227905636,,0.0,0.1159516107057803,0.12685793454465455,0.05329824500921792,0.0,0.15384615384615374,0.0,0.06413560099971582,0.9889339584764536,0.37052424676996226,0.2184566544099972,0.966077,
2025-09,3902100000,0.05182320549195742,0.09986747682982688,-0.09591310031139744,-0.17800378797046257,,0.008807901376820304,0.12322591877070464,0.11723963516114,0,14.0,0.16666666666666674,-0.009985216111681794,0.0,,0.0,0.0,0.12322591877070464,0.11723963516114,0.0,0.0,0.0,0.008807901376820304,0.9802171592939831,0.27857932861677226,0.19778505614128816,0.966077,
2025-10,3902100000,0.06607015957130609,0.3620904165505172,0.21730193274677,-0.1062987317467684,,-0.19691540405012242,0.15159371491894466,0.11531499000622741,0,13.0,-0.0714285714285714,0.34423175468615796,0.0,,0.0,0.0,0.15159371491894466,0.11531499000622741,0.0,0.1428571428571428,0.0,0.0,0.9602456008031408,0.42398767959856576,0.292697445232492,0.966077,
2025-11,3902100000,0.09735660882431527,-0.12063580016330688,0.25873359818587494,0.4314132852117867,,-0.2388233290763323,0.15791912749316667,0.17355442433245655,0,13.0,0.0,0.47788196107305936,0.12773803490396748,,0.0,0.4314132852117867,0.15791912749316667,0.17355442433245655,0.0,-0.0,0.0,0.0,0.992292961990237,0.5399715897422385,0.3439284682723609,0.966077,HS_IMPORT_UNIT_VALUE_SHOCK
2025-12,3902100000,0.08862149524928527,1.169151850618631,0.6327963898059654,-0.24726505922566,,-0.16537191937418583,0.20999922867728849,0.21742968112762062,0,13.0,0.0,0.5893333047851681,0.0,,0.0,0.0,0.20999922867728849,0.21742968112762062,0.0,-0.0,0.0,0.0,0.9752169138592508,0.5541223960440007,0.3381863020781364,0.966077,
2026-01,3902100000,0.09603210312108043,0.5061685764954642,0.37685289048615056,-0.08585737880032251,,0.1883712174410903,0.2122546253978188,0.2271247755286687,0,13.0,0.08333333333333326,0.7170517212283751,0.0,,0.0,0.0,0.2122546253978188,0.2271247755286687,0.0,0.0,0.0,0.1883712174410903,0.989757221837309,0.5109156979920381,0.30291007217304566,0.966077,
2026-02,3902100000,0.12933683132258375,-0.28587743026901247,-0.1922326371598465,0.1311326613643402,,0.02615948225754572,0.23430392092715452,0.22496295991767234,0,12.0,-0.07692307692307687,1.3044719281401846,0.3027079947787087,,0.0,0.1311326613643402,0.23430392092715452,0.22496295991767234,0.0,0.15384615384615374,0.0,0.02615948225754572,0.9795738162782122,0.5680715046976814,0.35540778935234807,0.966077,HS_IMPORT_VOLUME_DROP
2026-03,3902100000,0.0992640690750104,0.10287833122080636,0.2091220521766468,0.09633312936544525,,-0.09484998282003165,0.2278880842364844,0.19520205278870778,0,14.0,0.07692307692307687,1.0918618422897306,0.0,,0.0,0.09633312936544525,0.2278880842364844,0.19520205278870778,0.0,0.0,0.0,0.0,0.9831437833142114,0.6338825045633986,0.4318994684735273,0.966077,
2026-04,3902100000,0.1871216685074261,0.9286672453495768,1.5209676421456413,0.30710346651254916,,-0.383655643407803,0.4119434926104838,0.19608894562490153,0,12.0,-0.1428571428571429,2.0464881280290976,0.0,,0.0,0.30710346651254916,0.4119434926104838,0.19608894562490153,0.0,0.2857142857142858,0.0,0.0,0.9985877358281697,0.7672774955500572,0.5983726162531517,0.966077,HS_IMPORT_UNIT_VALUE_SHOCK;HS_IMPORT_VOLUME_VOLATILITY
2026-05,3902100000,0.19717004812624797,1.335504479556433,1.8351370583174909,0.21392918880461753,,-0.3578688646688247,0.47828470236279647,0.1483463472829412,0,10.0,0.0,1.8592183736429004,0.0,,0.0,0.21392918880461753,0.47828470236279647,0.1483463472829412,0.0,-0.0,0.0,0.0,0.9776536587233802,0.8093726118944513,0.6617392855572101,0.966077,HS_IMPORT_VOLUME_VOLATILITY
2026-06,3902100000,0.18776392953318935,1.0086782797864484,1.4833086150430042,0.23628987281478242,,-0.09544442506514506,0.461371124158237,0.055027564990260666,0,14.0,0.16666666666666674,2.5604272601051474,0.0,,0.0,0.23628987281478242,0.461371124158237,0.055027564990260666,0.0,0.0,0.0,0.0,0.9793563602760866,0.8226502083177164,0.6819116863491806,0.966077,HS_IMPORT_VOLUME_VOLATILITY
2023-01,3904100000,0.0,,,,,,,,0,0.0,,,,,0.0,,,,0.0,0.0,0.0,,0.0,0.0,0.0,0.234054,
2023-02,3904100000,0.0,,,,,,,,0,0.0,,,,,0.0,,,,0.0,0.0,0.0,,0.0,0.0,0.0,0.234054,
2023-03,3904100000,0.03795654986403287,,,,,,0.10110853870505607,,0,0.0,,,,,0.0,,0.10110853870505607,,0.0,0.0,0.0,,0.0,0.0,0.0,0.6094579999999999,
2023-04,3904100000,0.03855995635108373,,,,,,0.09670200527758822,0.05015633079747626,0,0.0,,,,,0.0,,0.09670200527758822,0.05015633079747626,0.0,0.0,0.0,,0.0,0.0,0.0,0.65447,
2023-05,3904100000,0.035321932601258516,,,,,,0.08729682287047658,0.05665947099418219,0,0.0,,,,,0.0,,0.08729682287047658,0.05665947099418219,0.0,0.0,0.0,,0.0,0.0,0.0,0.65447,
2023-06,3904100000,0.039816485970278745,,,,,,0.09855653687283328,0.06260481209609957,0,0.0,,,,,0.0,,0.09855653687283328,0.06260481209609957,0.0,0.0,0.0,,0.0,0.0,0.0,0.65447,
2023-07,3904100000,0.029027843647944057,,,,,,0.07040695650065824,0.05769107237560981,0,0.0,,,,,0.0,,0.07040695650065824,0.05769107237560981,0.0,0.0,0.0,,0.0,0.0,0.0,0.65447,
2023-08,3904100000,0.027246118893588314,,,,,,0.06496941574050957,0.06345730798316135,0,0.0,,,,,0.0,,0.06496941574050957,0.06345730798316135,0.0,0.0,0.0,,0.0,0.0,0.0,0.65447,
2023-09,3904100000,0.047083559228708056,,,,,,0.11983944394002685,0.04655097786915087,0,0.0,,,,,0.0,,0.11983944394002685,0.04655097786915087,0.0,0.0,0.0,,0.0,0.0,0.0,0.65447,
2023-10,3904100000,0.04646655491792055,,,,,,0.11926916601896331,0.037599593835813655,0,1.0,,,,,0.0,,0.11926916601896331,0.037599593835813655,0.0,0.0,0.0,,0.06514649193559265,0.06514649193559265,0.004244065411514238,0.65447,
2023-11,3904100000,0.03708316631345774,,,,,,0.09379240835652643,0.04161381513339303,0,0.0,,,,,0.0,,0.09379240835652643,0.04161381513339303,0.0,0.0,0.0,,0.0,0.0,0.0,0.65447,
2023-12,3904100000,0.06879947465167043,,,,,,0.17940568771808407,0.03221056295100823,0,0.0,,,,,0.0,,0.17940568771808407,0.03221056295100823,0.0,0.0,0.0,,0.0,0.0,0.0,0.65447,
2024-01,3904100000,0.07547259684980342,0.6344257023388529,0.6519684304868087,0.010733267424057447,,0.10408457970188256,0.18679135330194868,0.03144919132027395,0,0.0,,,0.0,,0.0,0.010733267424057447,0.18679135330194868,0.03144919132027395,0.0,0.0,0.0,0.10408457970188256,0.0,0.0,0.0,0.802296,
2024-02,3904100000,0.08973142515800435,-0.07054000238939107,-0.1435850265376153,-0.07858866905085027,,0.10287399932539909,0.21162546622489029,0.04773699616108301,0,0.0,,,0.07469292925602612,,0.0,0.0,0.21162546622489029,0.04773699616108301,0.0,0.0,0.0,0.10287399932539909,0.0,0.0,0.0,0.802296,
2024-03,3904100000,0.0837400088141965,0.3635168630216543,0.2372459184414928,-0.09260680817715417,,-0.11551998294309362,0.21581901305496728,0.06044361586487094,0,0.0,,,0.0,,0.0,0.0,0.21581901305496728,0.06044361586487094,0.0,0.0,0.0,0.0,0.0,0.0,0.0,0.802296,
2024-04,3904100000,0.08796292391368819,0.34470005588251285,0.2379798965926041,-0.07936354194606576,,-0.09150477316701289,0.22644619675991665,0.06562951802249248,0,0.0,,,0.0,,0.0,0.0,0.22644619675991665,0.06562951802249248,0.0,0.0,0.0,0.0,0.0,0.0,0.0,0.802296,
2024-05,3904100000,0.0922748961189297,0.5951646229004595,0.6105586014038433,0.009650401145051335,,-0.04111484696096579,0.23643826414031444,0.06712428549339236,0,0.0,,,0.0,,0.0,0.009650401145051335,0.23643826414031444,0.06712428549339236,0.0,0.0,0.0,0.0,0.0,0.0,0.0,0.802296,
2024-06,3904100000,0.0664314839520126,-0.005944015745464326,0.028919813909048075,0.035072299957690456,,-0.3379830743949942,0.16266162438086773,0.07042441893219231,0,0.0,,,0.006293959916840667,,0.0,0.035072299957690456,0.16266162438086773,0.07042441893219231,0.0,0.0,0.0,0.0,0.0,0.0,0.0,0.802296,
2024-07,3904100000,0.0664114133871365,0.0278112375562114,-0.0678205643136861,-0.09304412948167184,,-0.2422955113222981,0.16710835426698958,0.08171751448261685,0,0.0,,,0.0,,0.0,0.0,0.16710835426698958,0.08171751448261685,0.0,0.0,0.0,0.0,0.0,0.0,0.0,0.802296,
2024-08,3904100000,0.04674201438325851,0.34971702372396907,0.36961573990781127,0.014742880051212603,,-0.18641107772982246,0.1142721479405039,0.06864124900697606,0,0.0,,,0.0,,0.0,0.014742880051212603,0.1142721479405039,0.06864124900697606,0.0,0.0,0.0,0.0,0.0,0.0,0.0,0.802296,
2024-09,3904100000,0.11702669610129192,-0.4194497298679444,-0.42832436485353975,-0.015286591777102565,,0.3201649543829108,0.2006908635951438,0.06180189868125593,0,0.0,,,0.4441441442904959,,0.0,0.0,0.2006908635951438,0.06180189868125593,0.0,0.0,0.0,0.3201649543829108,0.0,0.0,0.0,0.802296,HS_IMPORT_VOLUME_DROP;HS_EXPORT_VOLUME_SURGE
2024-10,3904100000,0.08390783726138624,-0.027959975262238257,0.0073539329328329295,0.03632968529726788,,0.09740075890613942,0.19793050173199767,0.0594991339374905,0,0.0,,,0.029606072916389514,,0.0,0.03632968529726788,0.19793050173199767,0.0594991339374905,0.0,0.0,0.0,0.09740075890613942,0.0,0.0,0.0,0.802296,
2024-11,3904100000,0.06963018538513895,0.16934155136201645,0.05651814776424313,-0.0964845587385138,,-0.16346105583732262,0.17783627467798632,0.06375492148591863,0,0.0,,,0.0,,0.0,0.0,0.17783627467798632,0.06375492148591863,0.0,0.0,0.0,0.0,0.0,0.0,0.0,0.802296,
2024-12,3904100000,0.07363615712896773,0.3638991235618183,0.27448922619090954,-0.06555462631093645,,-0.21697928561685975,0.1880189155087638,0.06782867171678145,0,0.0,,,0.0,,0.0,0.0,0.1880189155087638,0.06782867171678145,0.0,0.0,0.0,0.0,0.0,0.0,0.0,0.802296,
2025-01,3904100000,0.08400485893832002,-0.1517874217534142,-0.179316190669914,-0.032455035002436294,,-0.1873030686411652,0.18982883715486407,0.054042798531548634,0,0.0,,,0.16072365708747796,,0.0,0.0,0.18982883715486407,0.054042798531548634,0.0,0.0,0.0,0.0,0.0,0.0,0.0,0.802296,
2025-02,3904100000,0.059076146973440505,0.38952778681103895,0.40912165390700483,0.014101097712434951,,0.03495565570624004,0.14570814500275137,0.055948829940251125,0,0.0,,,0.0,,0.0,0.014101097712434951,0.14570814500275137,0.055948829940251125,0.0,0.0,0.0,0.03495565570624004,0.0,0.0,0.0,0.802296,
2025-03,3904100000,0.1600748295290186,0.9649777892229447,0.8590574879843766,-0.05390407047830015,,-0.2710111739366191,0.4195735087626892,0.05699049243468467,0,0.0,,,0.0,,0.0,0.0,0.4195735087626892,0.05699049243468467,0.0,0.0,0.0,0.0,0.0,0.0,0.0,0.802296,HS_IMPORT_VOLUME_VOLATILITY
2025-04,3904100000,0.1545874853342632,0.5161264682334608,0.27658210735167166,-0.15799761161144965,,-0.05696970061276607,0.40564587434186783,0.05123970325310212,0,0.0,,,0.0,,0.0,0.0,0.40564587434186783,0.05123970325310212,0.0,0.0,0.0,0.0,0.0,0.0,0.0,0.802296,HS_IMPORT_VOLUME_VOLATILITY
2025-05,3904100000,0.14295472189040487,0.125330533778494,-0.09540443163300816,-0.1961512273823638,,-0.1970453275468106,0.37625008686585254,0.037966193028889025,0,0.0,,,0.0,,0.0,0.0,0.37625008686585254,0.037966193028889025,0.0,0.0,0.0,0.0,0.0,0.0,0.0,0.802296,HS_IMPORT_VOLUME_VOLATILITY
2025-06,3904100000,0.17013293779424066,2.278804157381147,1.5959219877572028,-0.20827171640814834,,0.3135018027575389,0.4217805581445457,0.03547785040979429,0,0.0,,,0.0,,0.0,0.0,0.4217805581445457,0.03547785040979429,0.0,0.0,0.0,0.3135018027575389,0.0,0.0,0.0,0.802296,HS_IMPORT_VOLUME_VOLATILITY;HS_EXPORT_VOLUME_SURGE
2025-07,3904100000,0.14868997000058484,1.841253917019197,1.5738914465294118,-0.09410016784782083,,0.485954435467973,0.34934658032022253,0.03857314784311556,0,0.0,,,0.0,,0.0,0.0,0.34934658032022253,0.03857314784311556,0.0,0.0,0.0,0.485954435467973,0.0,0.0,0.0,0.802296,HS_IMPORT_VOLUME_VOLATILITY;HS_EXPORT_VOLUME_SURGE
2025-08,3904100000,0.11101836524741995,0.39799845898650443,0.16518423599897303,-0.16653396253119823,,0.26205464220910013,0.26895195841000524,0.033954252111670594,0,0.0,,,0.0,,0.0,0.0,0.26895195841000524,0.033954252111670594,0.0,0.0,0.0,0.26205464220910013,0.0,0.0,0.0,0.802296,
2025-09,3904100000,0.10433594845120187,2.4690013447248806,1.9850762961673785,-0.1394998157880165,,0.05706676100812036,0.2689315961009196,0.03380491601570886,0,0.0,,,0.0,,0.0,0.0,0.2689315961009196,0.03380491601570886,0.0,0.0,0.0,0.05706676100812036,0.0,0.0,0.0,0.802296,
2025-10,3904100000,0.09338967133348738,1.2488042060567537,0.8949542968829762,-0.1573502522899709,,-0.319558841892148,0.24471392801477543,0.033837285635577745,0,0.0,,,0.0,,0.0,0.0,0.24471392801477543,0.033837285635577745,0.0,0.0,0.0,0.0,0.0,0.0,0.0,0.802296,
2025-11,3904100000,0.0627342443154669,1.4781754228001653,1.3392251029238018,-0.05606960612956091,,-0.059807809922734156,0.16302913004679312,0.03404551629300111,0,0.0,,,0.0,,0.0,0.0,0.16302913004679312,0.03404551629300111,0.0,0.0,0.0,0.0,0.0,0.0,0.0,0.802296,
2025-12,3904100000,0.07606394715458213,1.8346386966231325,1.4033476270761187,-0.15215027934981795,,0.7683641121284055,0.1316630320379349,0.036501423442377945,0,0.0,,,0.0,,0.0,0.0,0.1316630320379349,0.036501423442377945,0.0,0.0,0.0,0.7683641121284055,0.0,0.0,0.0,0.802296,HS_EXPORT_VOLUME_SURGE
2026-01,3904100000,0.06094746517598701,1.4075488429792218,0.8569445405497118,-0.22869912028375072,,0.5603157214989918,0.10860321281493032,0.04334121051653352,0,0.0,,,0.0,,0.0,0.0,0.10860321281493032,0.04334121051653352,0.0,0.0,0.0,0.5603157214989918,0.0,0.0,0.0,0.802296,HS_EXPORT_VOLUME_SURGE
2026-02,3904100000,0.029047114732575197,1.5108738150270482,1.0948360992669182,-0.16569439422651688,,0.20847065858944758,0.053996703882213656,0.044325825449225066,0,0.0,,,0.0,,0.0,0.0,0.053996703882213656,0.044325825449225066,0.0,0.0,0.0,0.20847065858944758,0.0,0.0,0.0,0.802296,
2026-03,3904100000,0.11286253764643848,0.8008725531587231,0.4890550173800876,-0.1731480305098264,,0.6045667962556993,0.24303474753649004,0.043552118698309945,0,0.0,,,0.0,,0.0,0.0,0.24303474753649004,0.043552118698309945,0.0,0.0,0.0,0.6045667962556993,0.0,0.0,0.0,0.802296,HS_EXPORT_VOLUME_SURGE
2026-04,3904100000,0.11468456114346488,0.10718892119923584,0.21259961411863193,0.09520569696924164,,0.14586086425457934,0.26759357411062573,0.10251240533699127,0,0.0,,,0.0,,0.0,0.09520569696924164,0.26759357411062573,0.10251240533699127,0.0,0.0,0.0,0.14586086425457934,0.0,0.0,0.0,0.802296,
2026-05,3904100000,0.1153981827952053,1.1513342261043271,1.6116499109739189,0.21396753664963497,,0.014245066357477798,0.26409947274838147,0.10766358075322192,0,0.0,,,0.0,,0.0,0.21396753664963497,0.26409947274838147,0.10766358075322192,0.0,0.0,0.0,0.014245066357477798,0.0,0.0,0.0,0.802296,
2026-06,3904100000,0.11936551650141616,-0.08208833978034091,0.18337333777670906,0.2892017707820862,,-0.04800975633185478,0.2517776974092316,0.09949696813042462,0,0.0,,,0.08692115605711659,,0.0,0.2892017707820862,0.2517776974092316,0.09949696813042462,0.0,0.0,0.0,0.0,0.0,0.0,0.0,0.802296,
2023-01,3909500000,0.0,,,,,,,,0,0.0,,,,,0.0,,,,0.0,0.0,0.0,,0.0,0.0,0.0,0.234054,
2023-02,3909500000,0.0,,,,,,,,0,0.0,,,,,0.0,,,,0.0,0.0,0.0,,0.0,0.0,0.0,0.234054,
2023-03,3909500000,0.07094768243078098,,,,,,0.18899021435781446,,0,0.0,,,,,0.0,,0.18899021435781446,,0.0,0.0,0.0,,0.0,0.0,0.0,0.6094579999999999,
2023-04,3909500000,0.06257094866574768,,,,,,0.16418664778174774,0.020763892781668136,0,0.0,,,,,0.0,,0.16418664778174774,0.020763892781668136,0.0,0.0,0.0,,0.0,0.0,0.0,0.65447,
2023-05,3909500000,0.07597690913709455,,,,,,0.1999623686753569,0.020222076043962905,0,0.0,,,,,0.0,,0.1999623686753569,0.020222076043962905,0.0,0.0,0.0,,0.0,0.0,0.0,0.65447,
2023-06,3909500000,0.07495207524633983,,,,,,0.19728179087088235,0.019810313388587613,0,0.0,,,,,0.0,,0.19728179087088235,0.019810313388587613,0.0,0.0,0.0,,0.0,0.0,0.0,0.65447,
2023-07,3909500000,0.06616165277188854,,,,,,0.17143301851413623,0.04010068180946748,0,0.0,,,,,0.0,,0.17143301851413623,0.04010068180946748,0.0,0.0,0.0,,0.0,0.0,0.0,0.65447,
2023-08,3909500000,0.05120807505466412,,,,,,0.12656900154717404,0.08205735354680518,0,0.0,,,,,0.0,,0.12656900154717404,0.08205735354680518,0.0,0.0,0.0,,0.0,0.0,0.0,0.65447,
2023-09,3909500000,0.05482475592640767,,,,,,0.13632123456570647,0.08107214044039814,0,0.0,,,,,0.0,,0.13632123456570647,0.08107214044039814,0.0,0.0,0.0,,0.0,0.0,0.0,0.65447,
2023-10,3909500000,0.05428683679455113,,,,,,0.13460116671677633,0.08346708443096126,0,0.0,,,,,0.0,,0.13460116671677633,0.08346708443096126,0.0,0.0,0.0,,0.0,0.0,0.0,0.65447,
2023-11,3909500000,0.042804202363673806,,,,,,0.10448553190977848,0.07953247450936034,0,0.0,,,,,0.0,,0.10448553190977848,0.07953247450936034,0.0,0.0,0.0,,0.0,0.0,0.0,0.65447,
2023-12,3909500000,0.02166066707875313,,,,,,0.04851244050888005,0.07662185332705776,0,0.0,,,,,0.0,,0.04851244050888005,0.07662185332705776,0.0,0.0,0.0,,0.0,0.0,0.0,0.65447,
2024-01,3909500000,0.028691346258068354,0.27335084986165037,0.17292760823699682,-0.07886533521814876,,0.18999250806567702,0.05094531882915589,0.07522446222028585,0,0.0,,,0.0,,0.0,0.0,0.05094531882915589,0.07522446222028585,0.0,0.0,0.0,0.18999250806567702,0.0,0.0,0.0,0.802296,
2024-02,3909500000,0.03415893019059453,0.05508049221541045,0.008119707704601353,-0.044509196082473945,,-0.15735478701226502,0.08735102397997992,0.030369821034705126,0,0.0,,,0.0,,0.0,0.0,0.08735102397997992,0.030369821034705126,0.0,0.0,0.0,0.0,0.0,0.0,0.0,0.802296,
2024-03,3909500000,0.043432641141733994,-0.06155746277636953,-0.04037645734764439,0.022570380804975976,,-0.24404816025111686,0.0982585448008137,0.026889644138897613,0,0.0,,,0.06518155736591437,,0.0,0.022570380804975976,0.0982585448008137,0.026889644138897613,0.0,0.0,0.0,0.0,0.0,0.0,0.0,0.802296,
2024-04,3909500000,0.03952204374481814,0.21934810771254232,0.23877643985468788,0.01593337621902946,,0.008307131549374125,0.09986541855303516,0.021037397786931464,0,0.0,,,0.0,,0.0,0.01593337621902946,0.09986541855303516,0.021037397786931464,0.0,0.0,0.0,0.008307131549374125,0.0,0.0,0.0,0.802296,
2024-05,3909500000,0.057812557770438554,-0.17733034896448074,-0.07509843767770741,0.12426848511804311,,0.016988386069689998,0.10022953013089869,0.027374918040482178,0,0.0,,,0.1877703822156721,,0.0,0.12426848511804311,0.10022953013089869,0.027374918040482178,0.0,0.0,0.0,0.016988386069689998,0.0,0.0,0.0,0.802296,
2024-06,3909500000,0.05567072934370494,-0.09358121134984532,0.07622834254597688,0.18734116726408967,,-0.13714096083658,0.10336483099364258,0.02062119760392974,0,0.0,,,0.09909065157755752,,0.0,0.18734116726408967,0.10336483099364258,0.02062119760392974,0.0,0.0,0.0,0.0,0.0,0.0,0.0,0.802296,
2024-07,3909500000,0.07685805906396898,0.4308063457752731,0.3375461619916169,-0.06518015806892719,,0.15321081030982575,0.18250297071383473,0.07468940277135527,0,1.0,,,0.0,,0.0,0.0,0.18250297071383473,0.07468940277135527,0.0,0.0,0.0,0.15321081030982575,9.588871874467883e-06,9.588871874467883e-06,9.194646382496122e-11,0.802296,
2024-08,3909500000,0.053879212310534934,0.21166749693304165,-0.07649918090369523,-0.23782653126054876,,0.07694622206850332,0.12800231090800326,0.07383917908025697,0,1.0,,,0.0,,0.0,0.0,0.12800231090800326,0.07383917908025697,0.0,0.0,0.0,0.07694622206850332,4.608171791031005e-05,4.608171791031005e-05,2.1235247255653903e-09,0.802296,
2024-09,3909500000,0.049630770856626386,0.3191802129482546,0.08607671232554392,-0.17670330280481117,,-0.06248180328823438,0.12313428297680482,0.07566134564120566,0,0.0,,,0.0,,0.0,0.0,0.12313428297680482,0.07566134564120566,0.0,0.0,0.0,0.0,0.0,0.0,0.0,0.802296,
2024-10,3909500000,0.05784798113668939,0.058575753200382774,-0.01994622315742034,-0.07417700256255455,,0.004910167248660002,0.1435250325884527,0.08460825940687437,0,0.0,,,0.0,,0.0,0.0,0.1435250325884527,0.08460825940687437,0.0,0.0,0.0,0.004910167248660002,0.0,0.0,0.0,0.802296,
2024-11,3909500000,0.07777147955264241,-0.1442533701517248,-0.2046527011411875,-0.07058085756080801,,-0.06887515250696352,0.17128835040559043,0.08155823997080937,0,0.0,,,0.1527460505630292,,0.0,0.0,0.17128835040559043,0.08155823997080937,0.0,0.0,0.0,0.0,0.0,0.0,0.0,0.802296,
2024-12,3909500000,0.07182985681496556,0.15959782078133533,0.2095824777689419,0.0431051663704638,,0.046218102003092065,0.17073588404206244,0.08945663371911876,0,0.0,,,0.0,,0.0,0.0431051663704638,0.17073588404206244,0.08945663371911876,0.0,0.0,0.0,0.046218102003092065,0.0,0.0,0.0,0.802296,
2025-01,3909500000,0.0468532211053938,-0.025166372304505358,-0.012719148263149127,0.012768562437450504,,-0.2802965714906194,0.11370697748292583,0.040093297568086876,0,0.0,,,0.026648001169531296,,0.0,0.012768562437450504,0.11370697748292583,0.040093297568086876,0.0,0.0,0.0,0.0,0.0,0.0,0.0,0.802296,
2025-02,3909500000,0.04811013431963818,0.15467650760420892,0.1817488472818678,0.02344582183786703,,-0.014849668747451084,0.12133134074722825,0.03027162634268579,0,0.0,,,0.0,,0.0,0.02344582183786703,0.12133134074722825,0.03027162634268579,0.0,0.0,0.0,0.0,0.0,0.0,0.0,0.802296,
2025-03,3909500000,0.042079974714338504,-0.12139748614120405,-0.19592004587546186,-0.08481942466446735,,0.024307104634033294,0.08090406472190943,0.0593610548144825,0,0.0,,,0.1285445638936934,,0.0,0.0,0.08090406472190943,0.0593610548144825,0.0,0.0,0.0,0.024307104634033294,0.0,0.0,0.0,0.802296,
2025-04,3909500000,0.06497687253736026,0.2743741570473075,0.12642395600869327,-0.11609636009993429,,-0.02317885585533308,0.1663656216007667,0.056041782767840394,0,0.0,,,0.0,,0.0,0.0,0.1663656216007667,0.056041782767840394,0.0,0.0,0.0,0.0,0.0,0.0,0.0,0.802296,
2025-05,3909500000,0.05926927060687686,0.18541588603963288,0.018985571643991506,-0.14039824871224726,,-0.1337972905574243,0.15112131672238968,0.05637882840186791,0,0.0,,,0.0,,0.0,0.0,0.15112131672238968,0.05637882840186791,0.0,0.0,0.0,0.0,0.0,0.0,0.0,0.802296,
2025-06,3909500000,0.062163301094128064,0.1673035088357604,0.023008157788627193,-0.12361425280992233,,-0.08456181666327889,0.16030930674767693,0.04404483479568009,0,0.0,,,0.0,,0.0,0.0,0.16030930674767693,0.04404483479568009,0.0,0.0,0.0,0.0,0.0,0.0,0.0,0.802296,
2025-07,3909500000,0.07136665705652186,-0.18137496024562727,-0.1722027294274312,0.011204434720135437,,-0.037690670411778315,0.15047697959552878,0.04408690925234879,0,0.0,,,0.19205311334776287,,0.0,0.011204434720135437,0.15047697959552878,0.04408690925234879,0.0,0.0,0.0,0.0,0.0,0.0,0.0,0.802296,
2025-08,3909500000,0.04580643588575353,0.020545896480141268,0.043230802351276854,0.022228207422493984,,-0.057255435230266216,0.11407575930728958,0.04098783659672536,0,0.0,,,0.0,,0.0,0.022228207422493984,0.11407575930728958,0.04098783659672536,0.0,0.0,0.0,0.0,0.0,0.0,0.0,0.802296,
2025-09,3909500000,0.03920848012680035,0.157346308380915,0.17585642628429632,0.015993586162880158,,0.2636182290748652,0.07588765110573388,0.029472741751303155,0,0.0,,,0.0,,0.0,0.015993586162880158,0.07588765110573388,0.029472741751303155,0.0,0.0,0.0,0.2636182290748652,0.0,0.0,0.0,0.802296,
2025-10,3909500000,0.042178498136573574,0.047528842348223854,0.061742326502673084,0.013568585016320078,,-0.10830383315698933,0.1061573117090288,0.03626970584705272,0,0.0,,,0.0,,0.0,0.013568585016320078,0.1061573117090288,0.03626970584705272,0.0,0.0,0.0,0.0,0.0,0.0,0.0,0.802296,
2025-11,3909500000,0.07827195559591532,-0.11472167905951847,-0.1448494412209409,-0.03403196649999973,,-0.004745609895910996,0.18304078354288575,0.03922356567455936,0,0.0,,,0.1214757296267667,,0.0,0.0,0.18304078354288575,0.03922356567455936,0.0,0.0,0.0,0.0,0.0,0.0,0.0,0.802296,
2025-12,3909500000,0.08583111030971151,-0.13615047574520778,-0.13418289936888306,0.002277684158038973,,0.08497519211147009,0.18932006941183369,0.05845676118281244,0,0.0,,,0.144166111547234,,0.0,0.002277684158038973,0.18932006941183369,0.05845676118281244,0.0,0.0,0.0,0.08497519211147009,0.0,0.0,0.0,0.802296,
2026-01,3909500000,0.10761555360075735,-0.2038969361115237,-0.23239318822595612,-0.035794677105305484,,0.3026108736907136,0.21663037928952467,0.05773628996138202,0,0.0,,,0.2159010335784876,,0.0,0.0,0.21663037928952467,0.05773628996138202,0.0,0.0,0.0,0.3026108736907136,0.0,0.0,0.0,0.802296,HS_EXPORT_VOLUME_SURGE
2026-02,3909500000,0.1272368987917159,-0.2997525159908846,-0.2518485850385793,0.06841000081577131,,-0.23460943525079703,0.26777186794098,0.06342955471166467,0,0.0,,,0.31739995339992016,,0.0,0.06841000081577131,0.26777186794098,0.06342955471166467,0.0,0.0,0.0,0.0,0.0,0.0,0.0,0.802296,HS_IMPORT_VOLUME_DROP
2026-03,3909500000,0.07488023710524096,0.16606606620699105,0.10256623901498108,-0.05445645751322126,,0.1176984994783079,0.1750663015241721,0.1184358117464402,0,0.0,,,0.0,,0.0,0.0,0.1750663015241721,0.1184358117464402,0.0,0.0,0.0,0.1176984994783079,0.0,0.0,0.0,0.802296,
2026-04,3909500000,0.1175602187850619,0.0734660238970295,-0.005804237714455818,-0.07384515191613483,,0.13718911310365534,0.2873399305560948,0.11616979548637872,0,0.0,,,0.0,,0.0,0.0,0.2873399305560948,0.11616979548637872,0.0,0.0,0.0,0.13718911310365534,0.0,0.0,0.0,0.802296,
2026-05,3909500000,0.11251553481760339,-0.12908608923033116,-0.1664442997253226,-0.04289541139832764,,0.0031745702757972616,0.26180595105691495,0.11911088831771731,0,0.0,,,0.13668582087074455,,0.0,0.0,0.26180595105691495,0.11911088831771731,0.0,0.0,0.0,0.0031745702757972616,0.0,0.0,0.0,0.802296,
2026-06,3909500000,0.1132294026080584,-0.08870722734298919,-0.06311023248640213,0.02808866220013484,,0.11211006447592342,0.25829312146071365,0.1145544385463329,0,0.0,,,0.09392971976174205,,0.0,0.02808866220013484,0.25829312146071365,0.1145544385463329,0.0,0.0,0.0,0.11211006447592342,0.0,0.0,0.0,0.802296,
2023-01,3912311000,0.035541631265412515,,,,,,,,0,0.0,,,,,0.0,,,,0.0,0.0,0.9011341311176826,,0.0,0.0,0.0,0.234054,HS_NET_IMPORT_EXPOSURE
2023-02,3912311000,0.031330033937597444,,,,,,,,0,0.0,,,,,0.0,,,,0.0,0.0,0.7943519164726414,,0.0,0.0,0.0,0.234054,HS_NET_IMPORT_EXPOSURE
2023-03,3912311000,0.13831981901544138,,,,,,0.2727687887245195,,0,0.0,,,,,0.0,,0.2727687887245195,,0.0,0.0,0.910761001321008,,0.0,0.0,0.0,0.6094579999999999,HS_NET_IMPORT_EXPOSURE
2023-04,3912311000,0.15770378754575376,,,,,,0.29918242822205887,0.2780357522088103,0,0.0,,,,,0.0,,0.29918242822205887,0.2780357522088103,0.0,0.0,0.8335123851590222,,0.0,0.0,0.0,0.65447,HS_NET_IMPORT_EXPOSURE
2023-05,3912311000,0.15172434766431853,,,,,,0.27115829162880484,0.33565279586639,0,0.0,,,,,0.0,,0.27115829162880484,0.33565279586639,0.0,0.0,0.8828892955594619,,0.0,0.0,0.0,0.65447,HS_IMPORT_UNIT_VALUE_VOLATILITY;HS_NET_IMPORT_EXPOSURE
2023-06,3912311000,0.14606842526988126,,,,,,0.2548374489449129,0.312790492813522,0,0.0,,,,,0.0,,0.2548374489449129,0.312790492813522,0.0,0.0,0.9209224391785937,,0.0,0.0,0.0,0.65447,HS_IMPORT_UNIT_VALUE_VOLATILITY;HS_NET_IMPORT_EXPOSURE
2023-07,3912311000,0.14005464854195693,,,,,,0.24738670832716517,0.2864104363123697,0,0.0,,,,,0.0,,0.24738670832716517,0.2864104363123697,0.0,0.0,0.8694704021148912,,0.0,0.0,0.0,0.65447,HS_NET_IMPORT_EXPOSURE
2023-08,3912311000,0.1334987811468759,,,,,,0.2319712924561971,0.2826792388588715,0,0.0,,,,,0.0,,0.2319712924561971,0.2826792388588715,0.0,0.0,0.8542347347717901,,0.0,0.0,0.0,0.65447,HS_NET_IMPORT_EXPOSURE
2023-09,3912311000,0.11595268865805243,,,,,,0.1907601817555574,0.27989427803584493,0,0.0,,,,,0.0,,0.1907601817555574,0.27989427803584493,0.0,0.0,0.8047958252412389,,0.0,0.0,0.0,0.65447,HS_NET_IMPORT_EXPOSURE
2023-10,3912311000,0.1008634273170749,,,,,,0.16787513968412737,0.19220130255044157,0,0.0,,,,,0.0,,0.16787513968412737,0.19220130255044157,0.0,0.0,0.7401197573259872,,0.0,0.0,0.0,0.65447,HS_NET_IMPORT_EXPOSURE
2023-11,3912311000,0.1014245446762946,,,,,,0.17395624640686785,0.09201519531527548,0,0.0,,,,,0.0,,0.17395624640686785,0.09201519531527548,0.0,0.0,0.8108031231114725,,0.0,0.0,0.0,0.65447,HS_NET_IMPORT_EXPOSURE
2023-12,3912311000,0.14569599637202593,,,,,,0.28553510625113177,0.05288864584865621,0,0.0,,,,,0.0,,0.28553510625113177,0.05288864584865621,0.0,0.0,0.915908613320817,,0.0,0.0,0.0,0.65447,HS_NET_IMPORT_EXPOSURE
2024-01,3912311000,0.15558527622703774,0.06323617054045538,-0.2953358266225993,-0.33724586041950433,0.042839522409705344,0.39406168924762186,0.28823671545188556,0.05943455929824684,0,0.0,,,0.0,0.0,0.0,0.0,0.28823671545188556,0.05943455929824684,0.0,0.0,0.8084571696171376,0.39406168924762186,0.0,0.0,0.0,0.836219,HS_NET_IMPORT_EXPOSURE;HS_EXPORT_VOLUME_SURGE
2024-02,3912311000,0.14399995570950833,0.44069625095638876,0.31096045235607717,-0.09005076435382409,0.5511126988829445,-0.3545876741558931,0.2764969691137376,0.10162681889261933,0,0.0,,,0.0,0.0,0.0,0.0,0.2764969691137376,0.10162681889261933,0.0,0.0,0.9033102899099971,0.0,0.0,0.0,0.0,0.836219,HS_NET_IMPORT_EXPOSURE
2024-03,3912311000,0.19881070933868847,-0.31922102397654695,-0.29607365090087456,0.03400130422781289,-0.3918169378068703,0.9838498472282846,0.2535755640280723,0.10073297028085906,0,0.0,,,0.33801463784047747,0.3918169378068703,0.0,0.03400130422781289,0.2535755640280723,0.10073297028085906,0.0,0.0,0.7699219215747201,0.9838498472282846,0.0,0.0,0.0,0.836219,HS_IMPORT_VOLUME_DROP;HS_NET_IMPORT_AVAILABILITY_DROP;HS_NET_IMPORT_EXPOSURE;HS_EXPORT_VOLUME_SURGE
2024-04,3912311000,0.1286081761405672,0.20848210845385196,-0.4059320704919771,-0.5084181012261064,0.3129112050525633,-0.35926477072310403,0.2448140538327392,0.1427186567179548,0,0.0,,,0.0,0.0,0.0,0.0,0.2448140538327392,0.1427186567179548,0.0,0.0,0.7677277173335612,0.0,0.0,0.0,0.0,0.836219,HS_NET_IMPORT_EXPOSURE
2024-05,3912311000,0.1413226708194011,0.06141217829663037,0.22488535336653492,0.15401479124937945,0.05801720711000047,0.10977953074433655,0.22941517510412193,0.20948547337391854,0,0.0,,,0.0,0.0,0.0,0.15401479124937945,0.22941517510412193,0.20948547337391854,0.0,0.0,0.8701834982461651,0.10977953074433655,0.0,0.0,0.0,0.836219,HS_NET_IMPORT_EXPOSURE
2024-06,3912311000,0.14946339669057326,-0.4525272242145455,-0.5285649994471844,-0.13888868743025273,-0.4444477468373583,-0.5657077971233914,0.15845891105733495,0.21250227852789616,0,0.0,,,0.47916902182819304,0.4444477468373583,0.0,0.0,0.15845891105733495,0.21250227852789616,0.0,0.0,0.8772180749157693,0.0,0.0,0.0,0.0,0.836219,HS_IMPORT_VOLUME_DROP;HS_NET_IMPORT_AVAILABILITY_DROP;HS_NET_IMPORT_EXPOSURE
2024-07,3912311000,0.12686015328548006,-0.24561089354811083,-0.4356816517522003,-0.25195321164968476,-0.26106614553033336,-0.07037879030450511,0.1608333313080591,0.23239204658929136,0,0.0,,,0.2600708317959666,0.26106614553033336,0.0,0.0,0.1608333313080591,0.23239204658929136,0.0,0.0,0.7728910561806923,0.0,0.0,0.0,0.0,0.836219,HS_NET_IMPORT_EXPOSURE
2024-08,3912311000,0.09198860345803905,-0.030208637417360684,-0.08360667874858763,-0.05506137030239511,-0.013276650175880866,-0.20760741032715802,0.12338935960017393,0.2322176868177793,0,0.0,,,0.031987121365269676,0.013276650175880866,0.0,0.0,0.12338935960017393,0.2322176868177793,0.0,0.0,0.8294143682117716,0.0,0.0,0.0,0.0,0.836219,HS_NET_IMPORT_EXPOSURE
2024-09,3912311000,0.13172273517888103,-0.2798368438448364,-0.3401321036171874,-0.08372444390831901,-0.3120438874628819,-0.003810208483105648,0.16899751206110372,0.23195676442794433,0,0.0,,,0.2963117787429441,0.3120438874628819,0.0,0.0,0.16899751206110372,0.23195676442794433,0.0,0.0,0.7161805006722844,0.0,0.0,0.0,0.0,0.836219,HS_NET_IMPORT_AVAILABILITY_DROP;HS_NET_IMPORT_EXPOSURE
2024-10,3912311000,0.11553364457839499,0.2299119396587379,0.14004305506678105,-0.07306936512616746,0.4322373589487216,-0.8513191164543676,0.18572377939928314,0.2005251004016452,0,0.0,,,0.0,0.0,0.0,0.0,0.18572377939928314,0.2005251004016452,0.0,0.0,0.9326882958725096,0.0,0.0,0.0,0.0,0.836219,HS_NET_IMPORT_EXPOSURE
2024-11,3912311000,0.12077298611801052,-0.05830642965498467,-0.001158296837346029,0.0606865488066366,-0.08223851262032045,0.19020207712744552,0.1734749958234902,0.12371024631034486,0,0.0,,,0.06173912500527813,0.08223851262032045,0.0,0.0606865488066366,0.1734749958234902,0.12371024631034486,0.0,0.0,0.8630607027680104,0.19020207712744552,0.0,0.0,0.0,0.836219,HS_NET_IMPORT_EXPOSURE
2024-12,3912311000,0.16458043771747072,-0.13161358647586463,-0.09009551113653125,0.04781059985823877,-0.14754966264110547,0.22850939383197444,0.2701160723270145,0.12207878681206208,0,0.0,,,0.13936212036834458,0.14754966264110547,0.0,0.04781059985823877,0.2701160723270145,0.12207878681206208,0.0,0.0,0.858476750219429,0.22850939383197444,0.0,0.0,0.0,0.836219,HS_NET_IMPORT_EXPOSURE
2025-01,3912311000,0.15006875306896778,0.06469938059144553,0.25664740828673027,0.18028377887160696,0.12946987023699563,-0.7211745244003309,0.2654179758922953,0.0999234832106735,0,0.0,,,0.0,0.0,0.0,0.18028377887160696,0.2654179758922953,0.0999234832106735,0.0,0.0,0.9307657475154317,0.0,0.0,0.0,0.0,0.836219,HS_NET_IMPORT_EXPOSURE
2025-02,3912311000,0.2283531681887049,-0.4995831098412631,-0.3493676532711457,0.30018062844055415,-0.5311799567452181,0.047355114741345794,0.32013918080619835,0.1269228549075138,0,0.0,,,0.5289952454905369,0.5311799567452181,0.0,0.30018062844055415,0.32013918080619835,0.1269228549075138,0.0,0.0,0.8521966245670696,0.047355114741345794,0.0,0.0,0.0,0.836219,HS_IMPORT_VOLUME_DROP;HS_NET_IMPORT_AVAILABILITY_DROP;HS_IMPORT_UNIT_VALUE_SHOCK;HS_IMPORT_VOLUME_VOLATILITY;HS_NET_IMPORT_EXPOSURE
2025-03,3912311000,0.15187191897668917,-0.11449804063905311,-0.09371289829571527,0.023472723152796027,-0.11489180730686888,-0.11233123312331228,0.266739960473199,0.161405193432583,0,0.0,,,0.12123892486134383,0.11489180730686888,0.0,0.023472723152796027,0.266739960473199,0.161405193432583,0.0,0.0,0.8011049459447176,0.0,0.0,0.0,0.0,0.836219,HS_NET_IMPORT_EXPOSURE
2025-04,3912311000,0.1813129191203177,0.4150671343040351,0.6519201763926905,0.1673793676263604,0.30589261791606015,1.6312846759279171,0.27644040423494515,0.17156973356542798,0,0.0,,,0.0,0.0,0.0,0.1673793676263604,0.27644040423494515,0.17156973356542798,0.0,0.0,0.7282464118100285,1.0,0.0,0.0,0.0,0.836219,HS_NET_IMPORT_EXPOSURE;HS_EXPORT_VOLUME_SURGE
2025-05,3912311000,0.1685465185163151,0.21716551523730065,-0.019988482278414765,-0.19484120651370862,0.14213492569358244,1.2362509682416731,0.25583953863234016,0.17169254793931632,0,0.0,,,0.0,0.0,0.0,0.0,0.25583953863234016,0.17169254793931632,0.0,0.0,0.8175783420231634,1.0,0.0,0.0,0.0,0.836219,HS_NET_IMPORT_EXPOSURE;HS_EXPORT_VOLUME_SURGE
2025-06,3912311000,0.1627197626322496,0.9089895662989151,0.8998987029574332,-0.00476213359254074,0.8790677541571219,1.445180407878682,0.23390302277148395,0.16593896205062067,0,0.0,,,0.0,0.0,0.0,0.0,0.23390302277148395,0.16593896205062067,0.0,0.0,0.8852054388053266,1.0,0.0,0.0,0.0,0.836219,HS_NET_IMPORT_EXPOSURE;HS_EXPORT_VOLUME_SURGE
2025-07,3912311000,0.14963239631191952,0.5470022842360194,0.8754424981892004,0.21230751712521223,0.6750415623626531,-0.6069300451210691,0.2517728789634696,0.15836680919805443,0,0.0,,,0.0,0.0,0.0,0.21230751712521223,0.2517728789634696,0.15836680919805443,0.0,0.0,0.9413478824934113,0.0,0.0,0.0,0.0,0.836219,HS_NET_IMPORT_EXPOSURE
2025-08,3912311000,0.11540396507472567,0.0982650976170325,-0.003790167343440398,-0.09292407195849883,0.0520901645594718,0.7006914390886931,0.15287765930754094,0.10066381238855837,0,0.0,,,0.0,0.0,0.0,0.0,0.15287765930754094,0.10066381238855837,0.0,0.0,0.7781042294740925,0.7006914390886931,0.0,0.0,0.0,0.836219,HS_NET_IMPORT_EXPOSURE;HS_EXPORT_VOLUME_SURGE
2025-09,3912311000,0.07882562158785225,0.9329098476077229,0.8078613657124676,-0.06469442020279548,1.0998000341405128,-0.05484592624666229,0.11006667696142163,0.07986297869652709,0,0.0,,,0.0,0.0,0.0,0.0,0.11006667696142163,0.07986297869652709,0.0,0.0,0.8597996600679154,0.0,0.0,0.0,0.0,0.836219,HS_NET_IMPORT_EXPOSURE
2025-10,3912311000,0.1155319021005779,0.030978294099663684,-0.007306900602442101,-0.037134821286940456,-0.022803840843714007,2.799614952671266,0.12256681974531687,0.05900385381415621,0,0.0,,,0.0,0.022803840843714007,0.0,0.0,0.12256681974531687,0.05900385381415621,0.0,0.0,0.8509259790594268,1.0,0.0,0.0,0.0,0.836219,HS_NET_IMPORT_EXPOSURE;HS_EXPORT_VOLUME_SURGE
2025-11,3912311000,0.12223836264340297,-0.010930870038676765,-0.09986909699333912,-0.08992114328564704,-0.09669134884663966,0.675753373693645,0.1747241542772392,0.06069918900052071,0,0.0,,,0.011574407071872898,0.09669134884663966,0.0,0.0,0.1747241542772392,0.06069918900052071,0.0,0.0,0.7076374914424414,0.675753373693645,0.0,0.0,0.0,0.836219,HS_NET_IMPORT_EXPOSURE;HS_EXPORT_VOLUME_SURGE
2025-12,3912311000,0.1151413919074234,0.0315200868386285,0.07055007589093032,0.037837352418332415,0.03622148308652018,-0.04220018034265105,0.20397087800282934,0.0482521854576366,0,0.0,,,0.0,0.0,0.0,0.037837352418332415,0.20397087800282934,0.0482521854576366,0.0,0.0,0.8737750725458278,0.0,0.0,0.0,0.0,0.836219,HS_NET_IMPORT_EXPOSURE
2026-01,3912311000,0.13841770733166067,-0.047721579263369285,0.05249135700290397,0.1052349124836347,-0.05857890845442337,0.48590922574903583,0.19181203087803947,0.09538546731851073,0,0.0,,,0.05053110891928132,0.05857890845442337,0.0,0.1052349124836347,0.19181203087803947,0.09538546731851073,0.0,0.0,0.9051408432824709,0.48590922574903583,0.0,0.0,0.0,0.836219,HS_NET_IMPORT_EXPOSURE;HS_EXPORT_VOLUME_SURGE
2026-02,3912311000,0.14008968553618703,0.7229538990533599,0.69224074761655,-0.017825869545136874,0.6679427729249794,1.1491969176492431,0.18725668015319066,0.08771134093375424,0,0.0,,,0.0,0.0,0.0,0.0,0.18725668015319066,0.08771134093375424,0.0,0.0,0.8446975457480412,1.0,0.0,0.0,0.0,0.836219,HS_NET_IMPORT_EXPOSURE;HS_EXPORT_VOLUME_SURGE
2026-03,3912311000,0.11837791105510849,-0.015620983597446125,0.0801863210913274,0.09732765844491964,0.003182712327979509,-0.11879492552783977,0.205048901252694,0.10789142115169185,0,0.0,,,0.016540643368748543,0.0,0.0,0.09732765844491964,0.205048901252694,0.10789142115169185,0.0,0.0,0.773456593740381,0.0,0.0,0.0,0.0,0.836219,HS_NET_IMPORT_EXPOSURE
2026-04,3912311000,0.1440729102092056,-0.2195548167267939,-0.13200945269079434,0.11217362335280479,-0.1382730575815001,-0.668944099378882,0.2091836575178962,0.12510132517410827,0,0.0,,,0.23248074621642725,0.1382730575815001,0.0,0.11217362335280479,0.2091836575178962,0.12510132517410827,0.0,0.0,0.8765580919947473,0.0,0.0,0.0,0.0,0.836219,HS_NET_IMPORT_EXPOSURE
2026-05,3912311000,0.1244815433259521,0.13777089783281737,0.29742256613530493,0.14031969758286666,0.2657647470033102,-0.7501171580513051,0.20112153029079521,0.12238538058179123,0,0.0,,,0.0,0.0,0.0,0.14031969758286666,0.20112153029079521,0.12238538058179123,0.0,0.0,0.9201950449242564,0.0,0.0,0.0,0.0,0.836219,HS_NET_IMPORT_EXPOSURE
2026-06,3912311000,0.12805199475809892,0.05591764737110072,-0.10294773883441921,-0.15045243973433375,0.009234982153811133,0.698781009409752,0.17728644774513705,0.1532157930352204,0,0.0,,,0.0,0.0,0.0,0.0,0.17728644774513705,0.1532157930352204,0.0,0.0,0.8080615703859519,0.698781009409752,0.0,0.0,0.0,0.836219,HS_NET_IMPORT_EXPOSURE;HS_EXPORT_VOLUME_SURGE
2023-01,3913101000,0.03938434374236136,,,,,,,,0,0.0,,,,,0.0,,,,0.0,0.0,0.9985635187333325,,0.0,0.0,0.0,0.234054,HS_NET_IMPORT_EXPOSURE
2023-02,3913101000,0.03764115951888958,,,,,,,,0,0.0,,,,,0.0,,,,0.0,0.0,0.9543662564055065,,0.0,0.0,0.0,0.234054,HS_NET_IMPORT_EXPOSURE
2023-03,3913101000,0.11693421103171801,,,,,,0.20845893182549563,,0,0.0,,,,,0.0,,0.20845893182549563,,0.0,0.0,0.9806519659415239,,0.0,0.0,0.0,0.6094579999999999,HS_NET_IMPORT_EXPOSURE
2023-04,3913101000,0.11784953551042965,,,,,,0.1961198110440883,0.10654398632087415,0,0.0,,,,,0.0,,0.1961198110440883,0.10654398632087415,0.0,0.0,0.9997113676874202,,0.0,0.0,0.0,0.65447,HS_NET_IMPORT_EXPOSURE
2023-05,3913101000,0.1191848402649136,,,,,,0.20151822393267843,0.09343012180278688,0,0.0,,,,,0.0,,0.20151822393267843,0.09343012180278688,0.0,0.0,0.9971505865749692,,0.0,0.0,0.0,0.65447,HS_NET_IMPORT_EXPOSURE
2023-06,3913101000,0.12489736480376792,,,,,,0.217396260440722,0.09678350315811968,0,0.0,,,,,0.0,,0.217396260440722,0.09678350315811968,0.0,0.0,0.9870317691013374,,0.0,0.0,0.0,0.65447,HS_NET_IMPORT_EXPOSURE
2023-07,3913101000,0.12507861870246856,,,,,,0.21613355815631763,0.10093380499273027,0,0.0,,,,,0.0,,0.21613355815631763,0.10093380499273027,0.0,0.0,0.9989093584346619,,0.0,0.0,0.0,0.65447,HS_NET_IMPORT_EXPOSURE
2023-08,3913101000,0.1331859222832593,,,,,,0.23189945117235722,0.16204981384840006,0,0.0,,,,,0.0,,0.23189945117235722,0.16204981384840006,0.0,0.0,0.9846544077079059,,0.0,0.0,0.0,0.65447,HS_NET_IMPORT_EXPOSURE
2023-09,3913101000,0.14524043296002148,,,,,,0.26880680444201277,0.16245674756122258,0,0.0,,,,,0.0,,0.26880680444201277,0.16245674756122258,0.0,0.0,0.9385355397694367,,0.0,0.0,0.0,0.65447,HS_NET_IMPORT_EXPOSURE
2023-10,3913101000,0.16965584455196367,,,,,,0.32837257395415226,0.15471052871637672,0,0.0,,,,,0.0,,0.32837257395415226,0.15471052871637672,0.0,0.0,0.999458342351805,,0.0,0.0,0.0,0.65447,HS_IMPORT_VOLUME_VOLATILITY;HS_NET_IMPORT_EXPOSURE
2023-11,3913101000,0.16502757090044876,,,,,,0.3153362665358747,0.17484019564050227,0,0.0,,,,,0.0,,0.3153362665358747,0.17484019564050227,0.0,0.0,0.9832197006071082,,0.0,0.0,0.0,0.65447,HS_IMPORT_VOLUME_VOLATILITY;HS_NET_IMPORT_EXPOSURE
2023-12,3913101000,0.15111063740157044,,,,,,0.3067314805473972,0.21367512021456964,0,0.0,,,,,0.0,,0.3067314805473972,0.21367512021456964,0.0,0.0,0.667946253062983,,0.0,0.0,0.0,0.65447,HS_IMPORT_VOLUME_VOLATILITY;HS_NET_IMPORT_EXPOSURE
2024-01,3913101000,0.19606198044565712,0.059970911560808915,-0.30026572272515273,-0.33985520768255106,-0.005641082438069933,634.7857142857143,0.3107457331007024,0.20716488970626137,0,0.0,,,0.0,0.005641082438069933,0.0,0.0,0.3107457331007024,0.20716488970626137,0.0,0.0,0.9472762050078889,1.0,0.0,0.0,0.0,0.836219,HS_IMPORT_VOLUME_VOLATILITY;HS_NET_IMPORT_EXPOSURE;HS_EXPORT_VOLUME_SURGE
2024-02,3913101000,0.1546477305068521,0.06705214898327028,-0.21665258943818255,-0.26587710702965917,0.16319997857037616,-0.8298350824587706,0.2876743013151594,0.17849925197945168,0,0.0,,,0.0,0.0,0.0,0.0,0.2876743013151594,0.17849925197945168,0.0,0.0,0.9791597263212619,0.0,0.0,0.0,0.0,0.836219,HS_NET_IMPORT_EXPOSURE
2024-03,3913101000,0.129609922397533,-0.07674442996059394,-0.14757029927044052,-0.07671317846132641,-0.06463660544052219,-0.3326148234123695,0.20132131674979692,0.17937050981964797,0,0.0,,,0.08126263231744381,0.06463660544052219,0.0,0.0,0.20132131674979692,0.17937050981964797,0.0,0.0,0.9775089129940074,0.0,0.0,0.0,0.0,0.836219,HS_NET_IMPORT_EXPOSURE
2024-04,3913101000,0.141835654563846,0.1604723075711021,-0.08432168520220618,-0.2109434160352076,0.08381682246673039,311.44,0.16929766289172968,0.18222349339121,0,0.0,,,0.0,0.0,0.0,0.0,0.16929766289172968,0.18222349339121,0.0,0.0,0.9520395233161928,1.0,0.0,0.0,0.0,0.836219,HS_NET_IMPORT_EXPOSURE;HS_EXPORT_VOLUME_SURGE
2024-05,3913101000,0.14951026057005465,-0.013385342374072962,-0.18462220649400207,-0.17356002446991126,-0.11824542117085024,27.580357142857142,0.1807667223502987,0.1708739562709141,0,0.0,,,0.01417338243760373,0.11824542117085024,0.0,0.0,0.1807667223502987,0.1708739562709141,0.0,0.0,0.9256592429445357,1.0,0.0,0.0,0.0,0.836219,HS_NET_IMPORT_EXPOSURE;HS_EXPORT_VOLUME_SURGE
2024-06,3913101000,0.17468074255999602,-0.13612594883328644,-0.26391181634826466,-0.1479218728035594,-0.37310599523694477,10.132103688933201,0.22325954342401524,0.0902748628974601,0,0.0,,,0.14414014065362815,0.37310599523694477,0.0,0.0,0.22325954342401524,0.0902748628974601,0.0,0.0,0.8207924913900768,1.0,0.0,0.0,0.0,0.836219,HS_NET_IMPORT_AVAILABILITY_DROP;HS_NET_IMPORT_EXPOSURE;HS_EXPORT_VOLUME_SURGE
2024-07,3913101000,0.12526536924120835,0.2384959321257505,-0.3608714559655828,-0.48394780519188385,0.23903362391033633,-0.9347826086956522,0.20694722778904884,0.18091268599966223,0,0.0,,,0.0,0.0,0.0,0.0,0.20694722778904884,0.18091268599966223,0.0,0.0,0.9998050332920424,0.0,0.0,0.0,0.0,0.836219,HS_NET_IMPORT_EXPOSURE
2024-08,3913101000,0.17975815002096993,0.05728587319243594,0.3058740777717006,0.23511919612494347,-0.08778332183236903,68.38125,0.22407541829390917,0.2709159717921998,0,0.0,,,0.0,0.08778332183236903,0.0,0.23511919612494347,0.22407541829390917,0.2709159717921998,0.0,0.0,0.9105097827627674,1.0,0.0,0.0,0.0,0.836219,HS_NET_IMPORT_EXPOSURE;HS_EXPORT_VOLUME_SURGE
2024-09,3913101000,0.13643676257022597,0.6430454450136305,0.23102663939381984,-0.25076531319947304,0.7243853454698583,-0.3573705179282869,0.22346644705168847,0.3176422113031556,0,0.0,,,0.0,0.0,0.0,0.0,0.22346644705168847,0.3176422113031556,0.0,0.0,0.9697739222143525,0.0,0.0,0.0,0.0,0.836219,HS_IMPORT_UNIT_VALUE_VOLATILITY;HS_NET_IMPORT_EXPOSURE
2024-10,3913101000,0.22814618649547408,-0.48510482722103854,-0.6198403812918261,-0.2616756986545452,-0.516685475786673,161.09677419354838,0.2512126372413338,0.3177387822201603,0,0.0,,,0.5136645777435817,0.516685475786673,0.0,0.0,0.2512126372413338,0.3177387822201603,0.0,0.0,0.926240464495917,1.0,0.0,0.0,0.0,0.836219,HS_IMPORT_VOLUME_DROP;HS_NET_IMPORT_AVAILABILITY_DROP;HS_IMPORT_UNIT_VALUE_VOLATILITY;HS_NET_IMPORT_EXPOSURE;HS_EXPORT_VOLUME_SURGE
2024-11,3913101000,0.14325874941551192,0.01759218772773652,-0.23662814890688522,-0.24982536196773553,0.04192224460861138,-0.9981308411214953,0.23723348220577867,0.32839293150490656,0,0.0,,,0.0,0.0,0.0,0.0,0.23723348220577867,0.32839293150490656,0.0,0.0,0.9994353243739997,0.0,0.0,0.0,0.0,0.836219,HS_IMPORT_UNIT_VALUE_VOLATILITY;HS_NET_IMPORT_EXPOSURE
2024-12,3913101000,0.13583842054230824,0.07807997025131441,0.2081557476371274,0.12065503578133518,0.35038207486076933,-0.9945410948420998,0.20114032099454598,0.32915513606595986,0,0.0,,,0.0,0.0,0.0,0.12065503578133518,0.20114032099454598,0.32915513606595986,0.0,0.0,0.9974894845419646,0.0,0.0,0.0,0.0,0.836219,HS_IMPORT_UNIT_VALUE_VOLATILITY;HS_NET_IMPORT_EXPOSURE
2025-01,3913101000,0.1595709647946863,0.2085295182904745,0.1265432605146799,-0.06783968164200771,0.26208315078970235,-0.6017301426805977,0.2871165030682536,0.292399698248868,0,0.0,,,0.0,0.0,0.0,0.0,0.2871165030682536,0.292399698248868,0.0,0.0,0.9793054400059226,0.0,0.0,0.0,0.0,0.836219,HS_NET_IMPORT_EXPOSURE
2025-02,3913101000,0.2096099945438793,-0.11617730416052596,-0.021166841367868172,0.1074994602875805,-0.2040346352247605,5.486049926578561,0.29085461050882083,0.24720525534870844,0,0.0,,,0.12301705226654591,0.2040346352247605,0.0,0.1074994602875805,0.29085461050882083,0.24720525534870844,0.0,0.0,0.9242814261322074,1.0,0.0,0.0,0.0,0.836219,HS_NET_IMPORT_EXPOSURE;HS_EXPORT_VOLUME_SURGE
2025-03,3913101000,0.22337426534417493,-0.4498774728573979,-0.4647963161697317,-0.027119128151003036,-0.4313120213399545,-0.999751552795031,0.35046329139831434,0.1598708247650233,0,0.0,,,0.4763632707088076,0.4313120213399545,0.0,0.0,0.35046329139831434,0.1598708247650233,0.0,0.0,0.9995852608442091,0.0,0.0,0.0,0.0,0.836219,HS_IMPORT_VOLUME_DROP;HS_NET_IMPORT_AVAILABILITY_DROP;HS_IMPORT_VOLUME_VOLATILITY;HS_NET_IMPORT_EXPOSURE
2025-04,3913101000,0.17018282391578785,0.0010098524257673436,-0.10301601344341915,-0.10392092107495099,-0.012287781292034783,0.18832415823838167,0.3163246139080244,0.1771102756047842,0,0.0,,,0.0,0.012287781292034783,0.0,0.0,0.3163246139080244,0.1771102756047842,0.0,0.0,0.9360405639469414,0.18832415823838167,0.0,0.0,0.0,0.836219,HS_IMPORT_VOLUME_VOLATILITY;HS_NET_IMPORT_EXPOSURE
2025-05,3913101000,0.24718037050829794,-0.5559293696854251,-0.5123999742729359,0.0980235855310978,-0.5324077637026889,-0.7468915963761324,0.3724056667133914,0.19252732778231638,0,0.0,,,0.5886587989045161,0.5324077637026889,0.0,0.0980235855310978,0.3724056667133914,0.19252732778231638,0.0,0.0,0.9603400830904322,0.0,0.0,0.0,0.0,0.836219,HS_IMPORT_VOLUME_DROP;HS_NET_IMPORT_AVAILABILITY_DROP;HS_IMPORT_VOLUME_VOLATILITY;HS_NET_IMPORT_EXPOSURE
2025-06,3913101000,0.1954490965226629,0.8686149440249935,0.286555544141738,-0.3114924247739882,1.6311916166565728,-0.9921185795530877,0.38013505357200095,0.2978392460187962,0,0.0,,,0.0,0.0,0.0,0.0,0.38013505357200095,0.2978392460187962,0.0,0.0,0.9974021127689814,0.0,0.0,0.0,0.0,0.836219,HS_IMPORT_VOLUME_VOLATILITY;HS_NET_IMPORT_EXPOSURE
2025-07,3913101000,0.23619584192574752,-0.22157898545480859,0.019556736296695965,0.3097754521598999,-0.2579682876624212,1508.3333333333333,0.2992065687928215,0.3138028902370043,0,0.0,,,0.23462408455612938,0.2579682876624212,0.0,0.3097754521598999,0.2992065687928215,0.3138028902370043,0.0,0.0,0.9526133864648031,1.0,0.0,0.0,0.0,0.836219,HS_IMPORT_UNIT_VALUE_SHOCK;HS_IMPORT_UNIT_VALUE_VOLATILITY;HS_NET_IMPORT_EXPOSURE;HS_EXPORT_VOLUME_SURGE
2025-08,3913101000,0.15914607170905834,0.11917286641116198,-0.2854317081311928,-0.3615210721108665,0.299835614844125,-0.9995495901270156,0.2848292450638635,0.28465078576014924,0,0.0,,,0.0,0.0,0.0,0.0,0.2848292450638635,0.28465078576014924,0.0,0.0,0.9991463864118026,0.0,0.0,0.0,0.0,0.836219,HS_NET_IMPORT_EXPOSURE
2025-09,3913101000,0.16737441423196478,0.4269278805393233,0.6748574412316664,0.17375058969247648,0.4577192933021499,-0.5892746435213887,0.28318195398400015,0.2985971761169016,0,0.0,,,0.0,0.0,0.0,0.17375058969247648,0.28318195398400015,0.2985971761169016,0.0,0.0,0.9821962798565281,0.0,0.0,0.0,0.0,0.836219,HS_NET_IMPORT_EXPOSURE
2025-10,3913101000,0.1936016153182268,-0.11046226923265268,0.019909857966327493,0.14656166083760902,-0.055766446209838394,-0.9448756218905473,0.33107858636323795,0.2942080602708416,0,0.0,,,0.11696555403711634,0.055766446209838394,0.0,0.14656166083760902,0.33107858636323795,0.2942080602708416,0.0,0.0,0.9933592803596502,0.0,0.0,0.0,0.0,0.836219,HS_IMPORT_VOLUME_VOLATILITY;HS_NET_IMPORT_EXPOSURE
2025-11,3913101000,0.21903366124927262,-0.23986278413566897,-0.09380883493720782,0.1921415583269228,-0.288373392156301,1128.6666666666667,0.26800900180755427,0.2858222196783863,0,0.0,,,0.2539843118759731,0.288373392156301,0.0,0.1921415583269228,0.26800900180755427,0.2858222196783863,0.0,0.0,0.941273778069806,1.0,0.0,0.0,0.0,0.836219,HS_NET_IMPORT_EXPOSURE;HS_EXPORT_VOLUME_SURGE
2025-12,3913101000,0.14099330785865571,0.005729615789977993,-0.05386820863667241,-0.05925829715160347,0.006723382216126561,-0.9626168224299065,0.24764637810588438,0.19135228387734332,0,0.0,,,0.0,0.0,0.0,0.0,0.24764637810588438,0.19135228387734332,0.0,0.0,0.9992829271648108,0.0,0.0,0.0,0.0,0.836219,HS_NET_IMPORT_EXPOSURE
2026-01,3913101000,0.21993715586384097,-0.3962918777483848,-0.2637104569939942,0.21961178898821054,-0.42488497699539907,0.9746121297602257,0.2424631609113315,0.1725975187412187,0,0.0,,,0.4196229116353079,0.42488497699539907,0.0,0.21961178898821054,0.2424631609113315,0.1725975187412187,0.0,0.0,0.935055676570676,0.9746121297602257,0.0,0.0,0.0,0.836219,HS_IMPORT_VOLUME_DROP;HS_NET_IMPORT_AVAILABILITY_DROP;HS_NET_IMPORT_EXPOSURE;HS_EXPORT_VOLUME_SURGE
2026-02,3913101000,0.21419672007037607,-0.40907108591365027,-0.40421715450404716,0.008214069905697174,-0.3918527948154149,-0.5438080144894725,0.34477815418294333,0.14784309151185238,0,0.0,,,0.4331544747073806,0.3918527948154149,0.0,0.008214069905697174,0.34477815418294333,0.14784309151185238,0.0,0.0,0.9282929301869031,0.0,0.0,0.0,0.0,0.836219,HS_IMPORT_VOLUME_DROP;HS_NET_IMPORT_AVAILABILITY_DROP;HS_IMPORT_VOLUME_VOLATILITY;HS_NET_IMPORT_EXPOSURE
2026-03,3913101000,0.17796730690553836,0.6660422443801994,0.34401974018973447,-0.1932859177350954,0.636079356884726,2032.0,0.26276149280563404,0.18702873989490232,0,0.0,,,0.0,0.0,0.0,0.0,0.26276149280563404,0.18702873989490232,0.0,0.0,0.9730497152755448,1.0,0.0,0.0,0.0,0.836219,HS_NET_IMPORT_EXPOSURE;HS_EXPORT_VOLUME_SURGE
2026-04,3913101000,0.17283351536334704,-0.31829973380355725,-0.4672795823031738,-0.21854157301544253,-0.26934189701498035,-0.8915104503339797,0.24998884426264215,0.19930495142110607,0,0.0,,,0.33703910822062394,0.26934189701498035,0.0,0.0,0.24998884426264215,0.19930495142110607,0.0,0.0,0.9953853348051007,0.0,0.0,0.0,0.0,0.836219,HS_IMPORT_VOLUME_DROP;HS_NET_IMPORT_EXPOSURE
2026-05,3913101000,0.14667205330233263,0.8595719730284375,0.23451062652416454,-0.3361318387081941,0.9835248033180817,-0.999506294742039,0.2641775524444493,0.17925908815058625,0,0.0,,,0.0,0.0,0.0,0.0,0.2641775524444493,0.17925908815058625,0.0,0.0,0.9997194119987421,0.0,0.0,0.0,0.0,0.836219,HS_NET_IMPORT_EXPOSURE
2026-06,3913101000,0.22583102462825558,-0.35800121214654435,-0.22765342116786424,0.20303432567918445,-0.3783610353558251,16.227272727272727,0.2659229212170954,0.16778024235003122,0,0.0,,,0.3790779459408559,0.3783610353558251,0.0,0.20303432567918445,0.2659229212170954,0.16778024235003122,0.0,0.0,0.9732128477345835,1.0,0.0,0.0,0.0,0.836219,HS_IMPORT_VOLUME_DROP;HS_NET_IMPORT_AVAILABILITY_DROP;HS_NET_IMPORT_EXPOSURE;HS_EXPORT_VOLUME_SURGE
2023-01,5201001000,0.030246983108108104,,,,,,,,0,0.0,,,,,0.0,,,,0.0,0.0,0.7668918918918919,,0.0,0.0,0.0,0.234054,HS_NET_IMPORT_EXPOSURE
2023-02,5201001000,0.0,,,,,,,,0,0.0,,,,,0.0,,,,0.0,0.0,0.0,,0.0,0.0,0.0,0.234054,
2023-03,5201001000,0.13197220217311603,,,,,,0.3515471390105487,,0,0.0,,,,,0.0,,0.3515471390105487,,0.0,0.0,0.0,,0.0,0.0,0.0,0.6094579999999999,HS_IMPORT_VOLUME_VOLATILITY
2023-04,5201001000,0.23334122055792067,,,,,,0.5797463756794187,0.34884280063903345,0,0.0,,,,,0.0,,0.5797463756794187,0.34884280063903345,0.0,0.0,0.0,,0.0,0.0,0.0,0.65447,HS_IMPORT_VOLUME_VOLATILITY;HS_IMPORT_UNIT_VALUE_VOLATILITY
2023-05,5201001000,0.2705181758272353,,,,,,0.6214376271804698,0.8270684447075932,0,0.0,,,,,0.0,,0.6214376271804698,0.8270684447075932,0.0,0.0,0.0,,0.0,0.0,0.0,0.65447,HS_IMPORT_VOLUME_VOLATILITY;HS_IMPORT_UNIT_VALUE_VOLATILITY
2023-06,5201001000,0.33115960271911754,,,,,,0.7913245639764209,0.757424600198018,0,0.0,,,,,0.0,,0.7913245639764209,0.757424600198018,0.0,0.0,0.0,,0.0,0.0,0.0,0.65447,HS_IMPORT_VOLUME_VOLATILITY;HS_IMPORT_UNIT_VALUE_VOLATILITY
2023-07,5201001000,0.45915837964967526,,,,,,2.1120814400721932,1.7338634985802333,0,0.0,,,,,0.0,,1.0,1.0,0.0,0.0,0.9822869513875221,,0.0,0.0,0.0,0.65447,HS_IMPORT_VOLUME_VOLATILITY;HS_IMPORT_UNIT_VALUE_VOLATILITY;HS_NET_IMPORT_EXPOSURE
2023-08,5201001000,0.420416,,,,,,2.1526142500085816,1.8655349777452341,0,0.0,,,,,0.0,,1.0,1.0,0.0,0.0,0.0,,0.0,0.0,0.0,0.65447,HS_IMPORT_VOLUME_VOLATILITY;HS_IMPORT_UNIT_VALUE_VOLATILITY
2023-09,5201001000,0.420416,,,,,,2.187924630387128,1.9288456930088806,0,0.0,,,,,0.0,,1.0,1.0,0.0,0.0,0.0,,0.0,0.0,0.0,0.65447,HS_IMPORT_VOLUME_VOLATILITY;HS_IMPORT_UNIT_VALUE_VOLATILITY
2023-10,5201001000,0.420416,,,,,,2.1985861791949044,1.9615188960149161,0,0.0,,,,,0.0,,1.0,1.0,0.0,0.0,0.0,,0.0,0.0,0.0,0.65447,HS_IMPORT_VOLUME_VOLATILITY;HS_IMPORT_UNIT_VALUE_VOLATILITY
2023-11,5201001000,0.420416,,,,,,2.214252855599714,1.9250285414295365,0,0.0,,,,,0.0,,1.0,1.0,0.0,0.0,0.0,,0.0,0.0,0.0,0.65447,HS_IMPORT_VOLUME_VOLATILITY;HS_IMPORT_UNIT_VALUE_VOLATILITY
2023-12,5201001000,0.420416,,,,,,2.179100127634144,1.908756133502735,0,0.0,,,,,0.0,,1.0,1.0,0.0,0.0,0.0,,0.0,0.0,0.0,0.65447,HS_IMPORT_VOLUME_VOLATILITY;HS_IMPORT_UNIT_VALUE_VOLATILITY
2024-01,5201001000,0.49321589630562057,-0.09345794392523366,-0.35270270270270265,-0.2859710225689607,-1.0,1007.34375,1.2443514413172339,1.282665123946181,0,0.0,,,0.09896012698563496,1.0,0.0,0.0,1.0,1.0,0.0,0.0,0.0,1.0,0.0,0.0,0.0,0.836219,HS_NET_IMPORT_AVAILABILITY_DROP;HS_IMPORT_VOLUME_VOLATILITY;HS_IMPORT_UNIT_VALUE_VOLATILITY;HS_EXPORT_VOLUME_SURGE
2024-02,5201001000,0.45294500000000004,4291.786885245901,482.97628458498025,-0.8872582549465982,,6.8925933741295635,2.2344602920816232,1.2170808326112799,0,0.0,,,0.0,,0.0,0.0,1.0,1.0,0.0,0.0,0.0,1.0,0.0,0.0,0.0,0.802296,HS_IMPORT_VOLUME_VOLATILITY;HS_IMPORT_UNIT_VALUE_VOLATILITY;HS_EXPORT_VOLUME_SURGE
2024-03,5201001000,0.49507616748768474,0.0625,1.876518218623482,1.7073112645868065,,-0.9929724352597632,2.233979330125876,1.5382935128474509,0,0.0,,,0.0,,0.0,1.0,1.0,1.0,0.0,0.0,0.5960591133004927,0.0,0.0,0.0,0.0,0.802296,HS_IMPORT_UNIT_VALUE_SHOCK;HS_IMPORT_VOLUME_VOLATILITY;HS_IMPORT_UNIT_VALUE_VOLATILITY;HS_NET_IMPORT_EXPOSURE
2024-04,5201001000,0.6791750000000001,-1.0,-1.0,,,-0.9988628183326205,2.2339895627985396,1.6800920087812397,1,0.0,,,1.0,,1.0,,1.0,1.0,0.0,0.0,0.0,0.0,0.0,0.0,0.0,0.7117040000000001,HS_IMPORT_VOLUME_DROP;HS_IMPORT_INTERRUPTION;HS_IMPORT_VOLUME_VOLATILITY;HS_IMPORT_UNIT_VALUE_VOLATILITY
2024-05,5201001000,0.43168485714285715,10.214285714285714,0.07488430795119894,-0.9041504438769632,,-0.9995454635283888,2.2308737700339214,1.7288583683124945,0,0.0,,,0.0,,0.0,0.0,1.0,1.0,0.0,0.0,0.2857142857142857,0.0,0.0,0.0,0.0,0.802296,HS_IMPORT_VOLUME_VOLATILITY;HS_IMPORT_UNIT_VALUE_VOLATILITY
2024-06,5201001000,0.420416,1.3333333333333335,0.6096345514950166,-0.31015662078785,,-0.99844849263034,2.231272025133416,2.1110116611320713,0,0.0,,,0.0,,0.0,0.0,1.0,1.0,0.0,0.0,0.0,0.0,0.0,0.0,0.0,0.802296,HS_IMPORT_VOLUME_VOLATILITY;HS_IMPORT_UNIT_VALUE_VOLATILITY
2024-07,5201001000,0.6021650000000001,-0.9829706717123936,-0.8143410089877321,9.902308527775954,-1.0,13.428571428571429,2.231711168058183,2.0577556749479404,0,0.0,,,1.0,1.0,0.0,1.0,1.0,1.0,0.0,0.0,0.0,1.0,0.0,0.0,0.0,0.836219,HS_IMPORT_VOLUME_DROP;HS_NET_IMPORT_AVAILABILITY_DROP;HS_IMPORT_UNIT_VALUE_SHOCK;HS_IMPORT_VOLUME_VOLATILITY;HS_IMPORT_UNIT_VALUE_VOLATILITY;HS_EXPORT_VOLUME_SURGE
2024-08,5201001000,0.5243956036989976,-0.7777777777777778,0.9555555555555555,7.800000000000001,,-0.9993482953851167,1.5530126193785907,1.5275600310041748,0,0.0,,,0.8235681679137842,,0.0,1.0,1.0,1.0,0.0,0.0,0.0,0.0,0.0,0.0,0.0,0.802296,HS_IMPORT_VOLUME_DROP;HS_IMPORT_UNIT_VALUE_SHOCK;HS_IMPORT_VOLUME_VOLATILITY;HS_IMPORT_UNIT_VALUE_VOLATILITY
2024-09,5201001000,0.5055282452350699,-0.5,0.40077071290944133,1.8015414258188827,,-0.9972205018202692,1.8007272837394743,1.3852828054330095,0,1.0,,,0.529436679373147,,0.0,1.0,1.0,1.0,0.0,0.0,0.0,0.0,0.001375515818431912,0.001375515818431912,1.8920437667564127e-06,0.802296,HS_IMPORT_VOLUME_DROP;HS_IMPORT_UNIT_VALUE_SHOCK;HS_IMPORT_VOLUME_VOLATILITY;HS_IMPORT_UNIT_VALUE_VOLATILITY
2024-10,5201001000,0.420416,22.0,5.883116883116883,-0.7007340485601354,,-0.976100012256404,1.6705309029549407,1.9327108052828328,0,0.0,,,0.0,,0.0,0.0,1.0,1.0,0.0,0.0,0.0,0.0,0.0,0.0,0.0,0.802296,HS_IMPORT_VOLUME_VOLATILITY;HS_IMPORT_UNIT_VALUE_VOLATILITY
2024-11,5201001000,0.4469268071303975,-0.33333333333333337,-0.2828947368421053,0.07565789473684226,,-0.7617021276595745,1.1842485113983163,1.7721272396857246,0,0.0,,,0.35295778624876467,,0.0,0.07565789473684226,1.0,1.0,0.0,0.0,0.0,0.0,0.0,0.0,0.0,0.802296,HS_IMPORT_VOLUME_DROP;HS_IMPORT_VOLUME_VOLATILITY;HS_IMPORT_UNIT_VALUE_VOLATILITY
2024-12,5201001000,0.4661898522733551,-0.6739130434782609,-0.8732119635890767,-0.6111833550065019,,-0.6498194945848376,1.0685824746208914,1.2973285735842195,0,0.0,,,0.7135885678507633,,0.0,0.0,1.0,1.0,0.0,0.0,0.0,0.0,0.0,0.0,0.0,0.802296,HS_IMPORT_VOLUME_DROP;HS_IMPORT_VOLUME_VOLATILITY;HS_IMPORT_UNIT_VALUE_VOLATILITY
2025-01,5201001000,0.4482729653750929,-0.8969072164948454,-0.1534446764091858,7.211586638830896,,-0.9962190473238913,0.7756704603843384,1.4948392483405837,0,0.0,,,0.9497111568136863,,0.0,1.0,0.7756704603843384,1.0,0.0,0.0,0.0,0.0,0.0,0.0,0.0,0.802296,HS_IMPORT_VOLUME_DROP;HS_IMPORT_UNIT_VALUE_SHOCK;HS_IMPORT_VOLUME_VOLATILITY;HS_IMPORT_UNIT_VALUE_VOLATILITY
2025-02,5201001000,0.49754733428721704,-0.9999961811655083,-0.9991771883115822,214.4614687290724,-1.0,-0.9997059059433735,0.8079704379474302,1.521533122974553,0,0.0,,,1.0,1.0,0.0,1.0,0.8079704379474302,1.0,0.0,0.0,0.0,0.0,0.0,0.0,0.0,0.836219,HS_IMPORT_VOLUME_DROP;HS_NET_IMPORT_AVAILABILITY_DROP;HS_IMPORT_UNIT_VALUE_SHOCK;HS_IMPORT_VOLUME_VOLATILITY;HS_IMPORT_UNIT_VALUE_VOLATILITY
2025-03,5201001000,0.6326027696420415,-1.0,-1.0,,,-0.6712328767123288,0.8759410385665616,1.6551229622999923,1,0.0,,,1.0,,1.0,,0.8759410385665616,1.0,0.0,0.0,0.0,0.0,0.0,0.0,0.0,0.7117040000000001,HS_IMPORT_VOLUME_DROP;HS_IMPORT_INTERRUPTION;HS_IMPORT_VOLUME_VOLATILITY;HS_IMPORT_UNIT_VALUE_VOLATILITY
2025-04,5201001000,0.420416,,,,,-0.22935779816513757,1.6496531647367207,1.0054121795430524,0,0.0,,,,,0.0,,1.0,1.0,0.0,0.0,0.0,0.0,0.0,0.0,0.0,0.686999,HS_IMPORT_VOLUME_VOLATILITY;HS_IMPORT_UNIT_VALUE_VOLATILITY
2025-05,5201001000,0.5970186184800296,-0.9872611464968153,-0.9565557729941292,2.4103718199608606,-1.0,1.1304347826086958,1.6797734212922704,0.8856664551681687,0,0.0,,,1.0,1.0,0.0,1.0,1.0,0.8856664551681687,0.0,0.0,0.0,1.0,0.0,0.0,0.0,0.836219,HS_IMPORT_VOLUME_DROP;HS_NET_IMPORT_AVAILABILITY_DROP;HS_IMPORT_UNIT_VALUE_SHOCK;HS_IMPORT_VOLUME_VOLATILITY;HS_IMPORT_UNIT_VALUE_VOLATILITY;HS_EXPORT_VOLUME_SURGE
2025-06,5201001000,0.4010662998298969,0.0,-0.1589267285861713,-0.15892672858617118,,0.5919540229885059,1.7987533438127075,0.14233154305749088,0,0.0,,,-0.0,,0.0,0.0,1.0,0.14233154305749088,0.0,0.0,0.0,0.5919540229885059,0.0,0.0,0.0,0.802296,HS_IMPORT_VOLUME_VOLATILITY;HS_EXPORT_VOLUME_SURGE
2025-07,5201001000,0.45294500000000004,1.240740740740741,-0.8275618374558305,-0.9230441258067342,,9.336633663366337,1.312960224572308,2.1375140141697604,0,0.0,,,0.0,,0.0,0.0,1.0,1.0,0.0,0.0,0.0,1.0,0.0,0.0,0.0,0.802296,HS_IMPORT_VOLUME_VOLATILITY;HS_IMPORT_UNIT_VALUE_VOLATILITY;HS_EXPORT_VOLUME_SURGE
2025-08,5201001000,0.4543772452350699,-0.5,-0.9204545454545454,-0.8409090909090909,,-0.171875,1.312960224572308,2.231682796197907,0,0.0,,,0.529436679373147,,0.0,0.0,1.0,1.0,0.0,0.0,0.0,0.0,0.0,0.0,0.0,0.802296,HS_IMPORT_VOLUME_DROP;HS_IMPORT_VOLUME_VOLATILITY;HS_IMPORT_UNIT_VALUE_VOLATILITY
2025-09,5201001000,0.7117040000000001,-1.0,-1.0,,,1.5489130434782608,1.312960224572308,2.231682796197907,1,0.0,,,1.0,,1.0,,1.0,1.0,0.0,0.0,0.0,1.0,0.0,0.0,0.0,0.7117040000000001,HS_IMPORT_VOLUME_DROP;HS_IMPORT_INTERRUPTION;HS_IMPORT_VOLUME_VOLATILITY;HS_IMPORT_UNIT_VALUE_VOLATILITY;HS_EXPORT_VOLUME_SURGE
2025-10,5201001000,0.471567,0.21739130434782616,3.615094339622641,2.790970350404313,,-0.5794871794871794,1.6080240321644113,2.231682796197907,0,0.0,,,0.0,,0.0,1.0,1.0,1.0,0.0,0.0,0.0,0.0,0.0,0.0,0.0,0.802296,HS_IMPORT_UNIT_VALUE_SHOCK;HS_IMPORT_VOLUME_VOLATILITY;HS_IMPORT_UNIT_VALUE_VOLATILITY
2025-11,5201001000,0.420416,5.0,0.9174311926605505,-0.680428134556575,,-0.2142857142857143,1.3043932104519316,2.441712237023262,0,0.0,,,0.0,,0.0,0.0,1.0,1.0,0.0,0.0,0.0,0.0,0.0,0.0,0.0,0.802296,HS_IMPORT_VOLUME_VOLATILITY;HS_IMPORT_UNIT_VALUE_VOLATILITY
2025-12,5201001000,0.5029482910826573,-0.6666666666666667,-0.6358974358974359,0.0923076923076922,,9.11340206185567,1.3245245501804535,2.337182404779316,0,0.0,,,0.7059155724975293,,0.0,0.0923076923076922,1.0,1.0,0.0,0.0,0.0,1.0,0.0,0.0,0.0,0.802296,HS_IMPORT_VOLUME_DROP;HS_IMPORT_VOLUME_VOLATILITY;HS_IMPORT_UNIT_VALUE_VOLATILITY;HS_EXPORT_VOLUME_SURGE
2026-01,5201001000,0.427208249047014,-0.09999999999999998,-0.2922318125770653,-0.21359090286340587,,-0.35245901639344257,1.0500226935167354,1.8857400806926792,0,0.0,,,0.10588733587462937,,0.0,0.0,1.0,1.0,0.0,0.0,0.0,0.0,0.0,0.0,0.0,0.802296,HS_IMPORT_VOLUME_VOLATILITY;HS_IMPORT_UNIT_VALUE_VOLATILITY
2026-02,5201001000,0.6791750000000001,-1.0,-0.9429280397022333,,,-0.8701298701298701,1.0750900094355715,1.8595742961963588,1,0.0,,,1.0,,1.0,,1.0,1.0,0.0,0.0,0.0,0.0,0.0,0.0,0.0,0.7511450000000001,HS_IMPORT_VOLUME_DROP;HS_IMPORT_INTERRUPTION;HS_IMPORT_VOLUME_VOLATILITY;HS_IMPORT_UNIT_VALUE_VOLATILITY
2026-03,5201001000,0.45294500000000004,,,,,3.729166666666667,1.0372783425786307,1.8595742961963588,0,0.0,,,,,0.0,,1.0,1.0,0.0,0.0,0.0,1.0,0.0,0.0,0.0,0.686999,HS_IMPORT_VOLUME_VOLATILITY;HS_IMPORT_UNIT_VALUE_VOLATILITY;HS_EXPORT_VOLUME_SURGE
2026-04,5201001000,0.5630776722493924,-0.5765765765765766,0.3937823834196892,2.291698820416713,-1.0,1.0119047619047619,0.9624302224312049,1.6160184982588477,0,0.0,,,0.6105215762140793,1.0,0.0,1.0,0.9624302224312049,1.0,0.0,0.0,0.0,1.0,0.0,0.0,0.0,0.836219,HS_IMPORT_VOLUME_DROP;HS_NET_IMPORT_AVAILABILITY_DROP;HS_IMPORT_UNIT_VALUE_SHOCK;HS_IMPORT_VOLUME_VOLATILITY;HS_IMPORT_UNIT_VALUE_VOLATILITY;HS_EXPORT_VOLUME_SURGE
2026-05,5201001000,0.39983018125566616,0.0,0.054054054054053946,0.054054054054053946,,-0.7074829931972789,1.2259317313009312,0.48123305644599734,0,0.0,,,-0.0,,0.0,0.054054054054053946,1.0,0.48123305644599734,0.0,0.0,0.0,0.0,0.0,0.0,0.0,0.802296,HS_IMPORT_VOLUME_VOLATILITY;HS_IMPORT_UNIT_VALUE_VOLATILITY
2026-06,5201001000,0.4368566498194946,74.42857142857143,2.5754601226993863,-0.9525980665551218,,0.5054151624548737,1.6900436468050988,1.1490919124306609,0,0.0,,,0.0,,0.0,0.0,1.0,1.0,0.0,0.0,0.0,0.5054151624548737,0.0,0.0,0.0,0.802296,HS_IMPORT_VOLUME_VOLATILITY;HS_IMPORT_UNIT_VALUE_VOLATILITY;HS_EXPORT_VOLUME_SURGE
2023-01,5203000000,0.0,,,,,,,,0,0.0,,,,,0.0,,,,0.0,0.0,0.0,,0.0,0.0,0.0,0.234054,
2023-02,5203000000,0.0,,,,,,,,0,0.0,,,,,0.0,,,,0.0,0.0,0.0,,0.0,0.0,0.0,0.234054,
2023-03,5203000000,0.1466361544842051,,,,,,0.3906089292714119,,0,0.0,,,,,0.0,,0.3906089292714119,,0.0,0.0,0.0,,0.0,0.0,0.0,0.6094579999999999,HS_IMPORT_VOLUME_VOLATILITY
2023-04,5203000000,0.14420843724138585,,,,,,0.339002508467164,0.3764671543761354,0,0.0,,,,,0.0,,0.339002508467164,0.3764671543761354,0.0,0.0,0.0,,0.0,0.0,0.0,0.65447,HS_IMPORT_VOLUME_VOLATILITY;HS_IMPORT_UNIT_VALUE_VOLATILITY
2023-05,5203000000,0.14857094326413256,,,,,,0.3487094300556953,0.3924293162602039,0,0.0,,,,,0.0,,0.3487094300556953,0.3924293162602039,0.0,0.0,0.0,,0.0,0.0,0.0,0.65447,HS_IMPORT_VOLUME_VOLATILITY;HS_IMPORT_UNIT_VALUE_VOLATILITY
2023-06,5203000000,0.15428872939827468,,,,,,0.3592203123301876,0.4317956826684643,0,0.0,,,,,0.0,,0.3592203123301876,0.4317956826684643,0.0,0.0,0.0,,0.0,0.0,0.0,0.65447,HS_IMPORT_VOLUME_VOLATILITY;HS_IMPORT_UNIT_VALUE_VOLATILITY
2023-07,5203000000,0.17559209664276454,,,,,,0.4183476015043133,0.4119508941535428,0,0.0,,,,,0.0,,0.4183476015043133,0.4119508941535428,0.0,0.0,0.0,,0.0,0.0,0.0,0.65447,HS_IMPORT_VOLUME_VOLATILITY;HS_IMPORT_UNIT_VALUE_VOLATILITY
2023-08,5203000000,0.195975366871819,,,,,,0.4723127484914554,0.4147176716682807,0,0.0,,,,,0.0,,0.4723127484914554,0.4147176716682807,0.0,0.0,0.0,,0.0,0.0,0.0,0.65447,HS_IMPORT_VOLUME_VOLATILITY;HS_IMPORT_UNIT_VALUE_VOLATILITY
2023-09,5203000000,0.19628994622132206,,,,,,0.4738177958336441,0.40915423429727016,0,0.0,,,,,0.0,,0.4738177958336441,0.40915423429727016,0.0,0.0,0.0,,0.0,0.0,0.0,0.65447,HS_IMPORT_VOLUME_VOLATILITY;HS_IMPORT_UNIT_VALUE_VOLATILITY
2023-10,5203000000,0.19644447622216638,,,,,,0.4792770308340075,0.3670568234905497,0,0.0,,,,,0.0,,0.4792770308340075,0.3670568234905497,0.0,0.0,0.0,,0.0,0.0,0.0,0.65447,HS_IMPORT_VOLUME_VOLATILITY;HS_IMPORT_UNIT_VALUE_VOLATILITY
2023-11,5203000000,0.20886556373572962,,,,,,0.5226297731005423,0.28144175763560064,0,0.0,,,,,0.0,,0.5226297731005423,0.28144175763560064,0.0,0.0,0.0,,0.0,0.0,0.0,0.65447,HS_IMPORT_VOLUME_VOLATILITY
2023-12,5203000000,0.19404988184815278,,,,,,0.48594692094034647,0.25823033723147076,0,0.0,,,,,0.0,,0.48594692094034647,0.25823033723147076,0.0,0.0,0.0,,0.0,0.0,0.0,0.65447,HS_IMPORT_VOLUME_VOLATILITY
2024-01,5203000000,0.1670285818395709,0.18171747763885127,-0.17166907040776191,-0.299044868789368,,-0.49033921492176036,0.4174109314428989,0.22951320830402686,0,0.0,,,0.0,,0.0,0.0,0.4174109314428989,0.22951320830402686,0.0,0.0,0.0,0.0,0.0,0.0,0.0,0.802296,HS_IMPORT_VOLUME_VOLATILITY
2024-02,5203000000,0.10561157653691802,1.099849387280071,1.2610265008616275,0.07675651147072449,,-0.31420268405260077,0.2513977388495025,0.16239419407314395,0,0.0,,,0.0,,0.0,0.07675651147072449,0.2513977388495025,0.16239419407314395,0.0,0.0,0.0,0.0,0.0,0.0,0.0,0.802296,
2024-03,5203000000,0.1263512380062921,-0.216977653219264,0.010260820279289762,0.2902068816206924,,-0.6683970954440852,0.23979986044323265,0.14990172424380172,0,0.0,,,0.22975185643717067,,0.0,0.2902068816206924,0.23979986044323265,0.14990172424380172,0.0,0.0,0.0,0.0,0.0,0.0,0.0,0.802296,
2024-04,5203000000,0.33162913567445057,-0.9439929410671992,-0.8221186999095882,2.1760514385131318,,-0.2603834546044892,0.5108174074354224,0.5464517486458556,0,0.0,,,0.9995689761406176,,0.0,1.0,0.5108174074354224,0.5464517486458556,0.0,0.0,0.0,0.0,0.0,0.0,0.0,0.802296,HS_IMPORT_VOLUME_DROP;HS_IMPORT_UNIT_VALUE_SHOCK;HS_IMPORT_VOLUME_VOLATILITY;HS_IMPORT_UNIT_VALUE_VOLATILITY
2024-05,5203000000,0.2584979734414215,-0.39100690754516476,-0.17887417005092499,0.3483335691692959,,-0.5766424293720105,0.472866504990882,0.8132547465953636,0,0.0,,,0.4140267974853502,,0.0,0.3483335691692959,0.472866504990882,0.8132547465953636,0.0,0.0,0.0,0.0,0.0,0.0,0.0,0.802296,HS_IMPORT_VOLUME_DROP;HS_IMPORT_UNIT_VALUE_SHOCK;HS_IMPORT_VOLUME_VOLATILITY;HS_IMPORT_UNIT_VALUE_VOLATILITY
2024-06,5203000000,0.42236728112367034,-0.9266018087699156,-0.7497829000268025,2.4090363233724856,,-0.621514272344408,0.7073233733284394,0.9496835278790536,0,0.0,,,0.9811539694725917,,0.0,1.0,0.7073233733284394,0.9496835278790536,0.0,0.0,0.0,0.0,0.0,0.0,0.0,0.802296,HS_IMPORT_VOLUME_DROP;HS_IMPORT_UNIT_VALUE_SHOCK;HS_IMPORT_VOLUME_VOLATILITY;HS_IMPORT_UNIT_VALUE_VOLATILITY
2024-07,5203000000,0.28843407075550526,0.6214853108056992,0.028351763661312424,-0.36579643564557784,,-0.45747531564589716,0.6484269500471631,1.1355065356448621,0,0.0,,,0.0,,0.0,0.0,0.6484269500471631,1.0,0.0,0.0,0.0,0.0,0.0,0.0,0.0,0.802296,HS_IMPORT_VOLUME_VOLATILITY;HS_IMPORT_UNIT_VALUE_VOLATILITY
2024-08,5203000000,0.4849512027557353,-0.795905031583533,-0.021678108830193832,3.7934640366708434,,-0.2630597262074137,0.8916483330834686,1.279552445096532,0,0.0,,,0.8427626340359308,,0.0,1.0,0.8916483330834686,1.0,0.0,0.0,0.0,0.0,0.0,0.0,0.0,0.802296,HS_IMPORT_VOLUME_DROP;HS_IMPORT_UNIT_VALUE_SHOCK;HS_IMPORT_VOLUME_VOLATILITY;HS_IMPORT_UNIT_VALUE_VOLATILITY
2024-09,5203000000,0.3936481053913436,-0.17143387189260295,-0.39061678719663606,-0.264532796923148,,-0.16878899896495636,0.8976779412618382,1.4848351825660344,0,0.0,,,0.18152675973380236,,0.0,0.0,0.8976779412618382,1.0,0.0,0.0,0.0,0.0,0.0,0.0,0.0,0.802296,HS_IMPORT_VOLUME_VOLATILITY;HS_IMPORT_UNIT_VALUE_VOLATILITY
2024-10,5203000000,0.30605847255775165,-0.20702794242167655,-0.3322569732755174,-0.1579236363463813,,-0.29236361471088157,0.6579168552054924,1.3585515500545835,0,0.0,,,0.21921637274637498,,0.0,0.0,0.6579168552054924,1.0,0.0,0.0,0.0,0.0,0.0,0.0,0.0,0.802296,HS_IMPORT_VOLUME_VOLATILITY;HS_IMPORT_UNIT_VALUE_VOLATILITY
2024-11,5203000000,0.3296206396983742,-0.12755567571220983,-0.1858080661067979,-0.06676917801275373,,-0.0017980241638524408,0.7350607359815009,1.253966311310712,0,0.0,,,0.1350653067685407,,0.0,0.0,0.7350607359815009,1.0,0.0,0.0,0.0,0.0,0.0,0.0,0.0,0.802296,HS_IMPORT_VOLUME_VOLATILITY;HS_IMPORT_UNIT_VALUE_VOLATILITY
2024-12,5203000000,0.33211656761474273,-0.5240534376018247,-0.45773265906860894,0.13934501007642952,,1.9910068027210883,0.5643331354566529,1.0942465812390305,0,0.0,,,0.5549062236359854,,0.0,0.13934501007642952,0.5643331354566529,1.0,0.0,0.0,0.0,1.0,0.0,0.0,0.0,0.802296,HS_IMPORT_VOLUME_DROP;HS_IMPORT_VOLUME_VOLATILITY;HS_IMPORT_UNIT_VALUE_VOLATILITY;HS_EXPORT_VOLUME_SURGE
2025-01,5203000000,0.4572281524703421,-0.9445535865652144,-0.8450697091337327,1.7942346721576783,,0.06126816929560408,0.7856233822530537,1.036510465018255,0,0.0,,,1.0,,0.0,1.0,0.7856233822530537,1.0,0.0,0.0,0.0,0.06126816929560408,0.0,0.0,0.0,0.802296,HS_IMPORT_VOLUME_DROP;HS_IMPORT_UNIT_VALUE_SHOCK;HS_IMPORT_VOLUME_VOLATILITY;HS_IMPORT_UNIT_VALUE_VOLATILITY
2025-02,5203000000,0.2854395593669782,0.885059907082892,1.0188788069170793,0.07098920269397224,,0.4715781099856651,0.6043578199257732,0.8795450832853495,0,0.0,,,0.0,,0.0,0.07098920269397224,0.6043578199257732,0.8795450832853495,0.0,0.0,0.0,0.4715781099856651,0.0,0.0,0.0,0.802296,HS_IMPORT_VOLUME_VOLATILITY;HS_IMPORT_UNIT_VALUE_VOLATILITY;HS_EXPORT_VOLUME_SURGE
2025-03,5203000000,0.3787279559137551,-0.7084549935637814,-0.6917905611282538,0.05715903914537912,,1.591516619265425,0.7165890097137692,0.5808407924771858,0,0.0,,,0.7501641185554653,,0.0,0.05715903914537912,0.7165890097137692,0.5808407924771858,0.0,0.0,0.0,1.0,0.0,0.0,0.0,0.802296,HS_IMPORT_VOLUME_DROP;HS_IMPORT_VOLUME_VOLATILITY;HS_IMPORT_UNIT_VALUE_VOLATILITY;HS_EXPORT_VOLUME_SURGE
2025-04,5203000000,0.46015871833404864,-0.8529574350469873,-0.9008011716057891,-0.3253733813341072,,0.07587125096705716,0.9844470690429254,0.6707176230991064,0,0.0,,,0.9031739041158273,,0.0,0.0,0.9844470690429254,0.6707176230991064,0.0,0.0,0.0,0.07587125096705716,0.0,0.0,0.0,0.802296,HS_IMPORT_VOLUME_DROP;HS_IMPORT_VOLUME_VOLATILITY;HS_IMPORT_UNIT_VALUE_VOLATILITY
2025-05,5203000000,0.4597860073690384,-0.0736487855039496,0.15635150385162655,0.24828627172545992,,2.8683730651561508,1.0004415557265183,0.7586978439633869,0,0.0,,,0.07798473687415247,,0.0,0.24828627172545992,1.0,0.7586978439633869,0.0,0.0,0.0,1.0,0.0,0.0,0.0,0.802296,HS_IMPORT_VOLUME_VOLATILITY;HS_IMPORT_UNIT_VALUE_VOLATILITY;HS_EXPORT_VOLUME_SURGE
2025-06,5203000000,0.4259506527893465,12.159440175631175,2.1847122841595614,-0.7579902912544065,,1.1718000454981552,0.9564816702401276,0.7632322015134102,0,0.0,,,0.0,,0.0,0.0,0.9564816702401276,0.7632322015134102,0.0,0.0,0.0,1.0,0.0,0.0,0.0,0.802296,HS_IMPORT_VOLUME_VOLATILITY;HS_IMPORT_UNIT_VALUE_VOLATILITY;HS_EXPORT_VOLUME_SURGE
2025-07,5203000000,0.37225447939380474,-0.2991757387247278,-0.19043974804262087,0.1551544327022054,,1.1703480073524126,0.7548502244969537,0.6241584481287759,0,0.0,,,0.3167892193188562,,0.0,0.1551544327022054,0.7548502244969537,0.6241584481287759,0.0,0.0,0.0,1.0,0.0,0.0,0.0,0.802296,HS_IMPORT_VOLUME_DROP;HS_IMPORT_VOLUME_VOLATILITY;HS_IMPORT_UNIT_VALUE_VOLATILITY;HS_EXPORT_VOLUME_SURGE
2025-08,5203000000,0.4070440070268191,-0.9810565635005336,-0.9944690265486725,-0.7080269225975321,,0.36948049613517897,0.8197705967832862,0.5139521650494321,0,0.0,,,1.0,,0.0,0.0,0.8197705967832862,0.5139521650494321,0.0,0.0,0.0,0.36948049613517897,0.0,0.0,0.0,0.802296,HS_IMPORT_VOLUME_DROP;HS_IMPORT_VOLUME_VOLATILITY;HS_IMPORT_UNIT_VALUE_VOLATILITY;HS_EXPORT_VOLUME_SURGE
2025-09,5203000000,0.3758075711789189,-0.5687068737405605,-0.579346549083176,-0.024669243942958663,,0.34244718472715374,0.8017110582960125,0.5570643687555935,0,0.0,,,0.6021885575397719,,0.0,0.0,0.8017110582960125,0.5570643687555935,0.0,0.0,0.0,0.34244718472715374,0.0,0.0,0.0,0.802296,HS_IMPORT_VOLUME_DROP;HS_IMPORT_VOLUME_VOLATILITY;HS_IMPORT_UNIT_VALUE_VOLATILITY;HS_EXPORT_VOLUME_SURGE
2025-10,5203000000,0.2753181255737704,0.25869880253222477,0.39606687238060156,0.10913498095971996,,0.5970380456609128,0.6179556831100694,0.4072619815414435,0,0.0,,,0.0,,0.0,0.10913498095971996,0.6179556831100694,0.4072619815414435,0.0,0.0,0.0,0.5970380456609128,0.0,0.0,0.0,0.802296,HS_IMPORT_VOLUME_VOLATILITY;HS_IMPORT_UNIT_VALUE_VOLATILITY;HS_EXPORT_VOLUME_SURGE
2025-11,5203000000,0.4418838435678555,-0.9090794646834389,-0.7152850777727382,2.1314699285036123,,0.10967098703888345,0.8049701705779487,0.5160711107762973,0,0.0,,,0.9626000261366359,,0.0,1.0,0.8049701705779487,0.5160711107762973,0.0,0.0,0.0,0.10967098703888345,0.0,0.0,0.0,0.802296,HS_IMPORT_VOLUME_DROP;HS_IMPORT_UNIT_VALUE_SHOCK;HS_IMPORT_VOLUME_VOLATILITY;HS_IMPORT_UNIT_VALUE_VOLATILITY
2025-12,5203000000,0.391606146596072,-0.09444916066489584,0.4944846544644721,0.6503597474016911,,0.19382138746992128,0.8465696268636494,0.6179226167560532,0,0.0,,,0.1000096999840066,,0.0,0.6503597474016911,0.8465696268636494,0.6179226167560532,0.0,0.0,0.0,0.19382138746992128,0.0,0.0,0.0,0.802296,HS_IMPORT_UNIT_VALUE_SHOCK;HS_IMPORT_VOLUME_VOLATILITY;HS_IMPORT_UNIT_VALUE_VOLATILITY
2026-01,5203000000,0.5449084897296254,-0.9969424460431655,-0.9921127911728648,1.5795812399336522,,0.546809893663122,1.1693593885839877,0.809124471222288,0,0.0,,,1.0,,0.0,1.0,1.0,0.809124471222288,0.0,0.0,0.0,0.546809893663122,0.0,0.0,0.0,0.802296,HS_IMPORT_VOLUME_DROP;HS_IMPORT_UNIT_VALUE_SHOCK;HS_IMPORT_VOLUME_VOLATILITY;HS_IMPORT_UNIT_VALUE_VOLATILITY;HS_EXPORT_VOLUME_SURGE
2026-02,5203000000,0.527813191823129,-0.9945347157965738,-0.9674470331957616,4.956317291574874,,-0.352635621365433,1.1616594498254538,0.8244955083784098,0,0.0,,,1.0,,0.0,1.0,1.0,0.8244955083784098,0.0,0.0,0.0,0.0,0.0,0.0,0.0,0.802296,HS_IMPORT_VOLUME_DROP;HS_IMPORT_UNIT_VALUE_SHOCK;HS_IMPORT_VOLUME_VOLATILITY;HS_IMPORT_UNIT_VALUE_VOLATILITY
2026-03,5203000000,0.420416,7.882188240361835,7.232589523899193,-0.07313498643394867,,-0.15650227736767708,1.2253375121756334,1.124775997683743,0,0.0,,,0.0,,0.0,0.0,1.0,1.0,0.0,0.0,0.0,0.0,0.0,0.0,0.0,0.802296,HS_IMPORT_VOLUME_VOLATILITY;HS_IMPORT_UNIT_VALUE_VOLATILITY
2026-04,5203000000,0.44948495188133386,28.56390977443609,22.0034737299175,-0.2219069160531466,,0.893631894043279,1.5592301007627565,1.154415062485527,0,0.0,,,0.0,,0.0,0.0,1.0,1.0,0.0,0.0,0.0,0.893631894043279,0.0,0.0,0.0,0.802296,HS_IMPORT_VOLUME_VOLATILITY;HS_IMPORT_UNIT_VALUE_VOLATILITY;HS_EXPORT_VOLUME_SURGE
2026-05,5203000000,0.535713,-0.9984358180839612,-0.9925236341417879,3.779729123288816,,-0.4542255451166972,1.6503192299229774,1.1407196942450166,0,0.0,,,1.0,,0.0,1.0,1.0,1.0,0.0,0.0,0.0,0.0,0.0,0.0,0.0,0.802296,HS_IMPORT_VOLUME_DROP;HS_IMPORT_UNIT_VALUE_SHOCK;HS_IMPORT_VOLUME_VOLATILITY;HS_IMPORT_UNIT_VALUE_VOLATILITY
2026-06,5203000000,0.420416,1.0492148562133754,0.6029490905177053,-0.2177740242037376,,-0.17733080421085234,1.3589230549587767,1.37644665963374,0,0.0,,,0.0,,0.0,0.0,1.0,1.0,0.0,0.0,0.0,0.0,0.0,0.0,0.0,0.802296,HS_IMPORT_VOLUME_VOLATILITY;HS_IMPORT_UNIT_VALUE_VOLATILITY
2023-01,5501200000,0.0,,,,,,,,1,0.0,,,,,0.0,,,,0.0,0.0,0.0,,0.0,0.0,0.0,0.0,
2023-02,5501200000,0.0,,,,,,,,0,0.0,,,,,0.0,,,,0.0,0.0,0.0,,0.0,0.0,0.0,0.234054,
2023-03,5501200000,0.570017,,,,,,1.414213562373095,,1,0.0,,,,,1.0,,1.0,,0.0,0.0,0.0,,0.0,0.0,0.0,0.570017,HS_IMPORT_INTERRUPTION;HS_IMPORT_VOLUME_VOLATILITY
2023-04,5501200000,0.375404,,,,,,1.104701123987636,,0,0.0,,,,,0.0,,1.0,,0.0,0.0,0.0,,0.0,0.0,0.0,0.6094579999999999,HS_IMPORT_VOLUME_VOLATILITY
2023-05,5501200000,0.375404,,,,,,1.3259521687500506,,0,0.0,,,,,0.0,,1.0,,0.0,0.0,0.0,,0.0,0.0,0.0,0.6094579999999999,HS_IMPORT_VOLUME_VOLATILITY
2023-06,5501200000,0.375404,,,,,,2.1371516877767966,,0,0.0,,,,,0.0,,1.0,,0.0,0.0,0.0,,0.0,0.0,0.0,0.6094579999999999,HS_IMPORT_VOLUME_VOLATILITY
2023-07,5501200000,0.420416,,,,,,1.8136424588380538,2.9791852387763327,0,0.0,,,,,0.0,,1.0,1.0,0.0,0.0,0.0,,0.0,0.0,0.0,0.65447,HS_IMPORT_VOLUME_VOLATILITY;HS_IMPORT_UNIT_VALUE_VOLATILITY
2023-08,5501200000,0.420416,,,,,,1.8640788631005456,2.93385675248884,0,0.0,,,,,0.0,,1.0,1.0,0.0,0.0,0.0,,0.0,0.0,0.0,0.65447,HS_IMPORT_VOLUME_VOLATILITY;HS_IMPORT_UNIT_VALUE_VOLATILITY
2023-09,5501200000,0.420416,,,,,,1.8639964992822777,2.672264698238868,0,0.0,,,,,0.0,,1.0,1.0,0.0,0.0,0.0,,0.0,0.0,0.0,0.65447,HS_IMPORT_VOLUME_VOLATILITY;HS_IMPORT_UNIT_VALUE_VOLATILITY
2023-10,5501200000,0.615029,,,,,,1.8903250906769598,2.672264698238868,1,0.0,,,,,1.0,,1.0,1.0,0.0,0.0,0.0,,0.0,0.0,0.0,0.615029,HS_IMPORT_INTERRUPTION;HS_IMPORT_VOLUME_VOLATILITY;HS_IMPORT_UNIT_VALUE_VOLATILITY
2023-11,5501200000,0.615029,,,,,,1.8905768827425207,2.8752893138092768,2,0.0,,,,,1.0,,1.0,1.0,0.0,0.0,0.0,,0.0,0.0,0.0,0.615029,HS_IMPORT_INTERRUPTION;HS_IMPORT_VOLUME_VOLATILITY;HS_IMPORT_UNIT_VALUE_VOLATILITY
2023-12,5501200000,0.4050343288173335,,,,,,2.071299772681883,0.65827621117332,0,0.0,,,,,0.0,,1.0,0.65827621117332,0.0,0.0,0.0,,0.0,0.0,0.0,0.65447,HS_IMPORT_VOLUME_VOLATILITY;HS_IMPORT_UNIT_VALUE_VOLATILITY
2024-01,5501200000,0.420416,,,,,-0.16001001351087685,2.145571282162214,2.554920287522901,0,0.0,,,,,0.0,,1.0,1.0,0.0,0.0,0.0,0.0,0.0,0.0,0.0,0.686999,HS_IMPORT_VOLUME_VOLATILITY;HS_IMPORT_UNIT_VALUE_VOLATILITY
2024-02,5501200000,0.420416,24.251572327044027,7.55439330543933,-0.6612332414533366,,-0.40057888995690727,1.5221685894529677,1.9465711204644176,0,0.0,,,0.0,,0.0,0.0,1.0,1.0,0.0,0.0,0.0,0.0,0.0,0.0,0.0,0.802296,HS_IMPORT_VOLUME_VOLATILITY;HS_IMPORT_UNIT_VALUE_VOLATILITY
2024-03,5501200000,0.420416,,,,,-0.422999406123012,1.5066543741500973,1.5988571388607837,0,0.0,,,,,0.0,,1.0,1.0,0.0,0.0,0.0,0.0,0.0,0.0,0.0,0.686999,HS_IMPORT_VOLUME_VOLATILITY;HS_IMPORT_UNIT_VALUE_VOLATILITY
2024-04,5501200000,0.5084027079979129,-0.542319749216301,7.175876411170529,16.863729966872594,,-0.2704557563279423,1.4936067960005983,2.4427483702934145,0,0.0,,,0.5742479343671124,,0.0,1.0,1.0,1.0,0.0,0.0,0.0,0.0,0.0,0.0,0.0,0.802296,HS_IMPORT_VOLUME_DROP;HS_IMPORT_UNIT_VALUE_SHOCK;HS_IMPORT_VOLUME_VOLATILITY;HS_IMPORT_UNIT_VALUE_VOLATILITY
2024-05,5501200000,0.6791750000000001,-1.0,-1.0,,,-0.5418543839198513,1.4936067960005983,2.4427483702934145,1,0.0,,,1.0,,1.0,,1.0,1.0,0.0,0.0,0.0,0.0,0.0,0.0,0.0,0.7117040000000001,HS_IMPORT_VOLUME_DROP;HS_IMPORT_INTERRUPTION;HS_IMPORT_VOLUME_VOLATILITY;HS_IMPORT_UNIT_VALUE_VOLATILITY
2024-06,5501200000,0.535713,-0.9939642684693385,-0.9659250038898397,4.645545355531352,,-0.0969381200485333,1.5035905763302757,2.4427483702934145,0,0.0,,,1.0,,0.0,1.0,1.0,1.0,0.0,0.0,0.0,0.0,0.0,0.0,0.0,0.802296,HS_IMPORT_VOLUME_DROP;HS_IMPORT_UNIT_VALUE_SHOCK;HS_IMPORT_VOLUME_VOLATILITY;HS_IMPORT_UNIT_VALUE_VOLATILITY
2024-07,5501200000,0.420416,1.0254600453743383,0.705607476635514,-0.15791600997970323,,-0.10023137032348195,1.4857533512460073,1.8041121529345423,0,0.0,,,0.0,,0.0,0.0,1.0,1.0,0.0,0.0,0.0,0.0,0.0,0.0,0.0,0.802296,HS_IMPORT_VOLUME_VOLATILITY;HS_IMPORT_UNIT_VALUE_VOLATILITY
2024-08,5501200000,0.44287226535936347,69.33333333333333,100.21100917431193,0.4390190877864255,,-0.5904422103897824,2.0272036889557445,1.7523836148374325,0,0.0,,,0.0,,0.0,0.4390190877864255,1.0,1.0,0.0,0.0,0.0,0.0,0.0,0.0,0.0,0.802296,HS_IMPORT_UNIT_VALUE_SHOCK;HS_IMPORT_VOLUME_VOLATILITY;HS_IMPORT_UNIT_VALUE_VOLATILITY
2024-09,5501200000,0.420416,571.0,170.06730769230768,-0.7009312802582033,,-0.5669683706880395,1.9218321493444923,1.876381087783164,0,0.0,,,0.0,,0.0,0.0,1.0,1.0,0.0,0.0,0.0,0.0,0.0,0.0,0.0,0.802296,HS_IMPORT_VOLUME_VOLATILITY;HS_IMPORT_UNIT_VALUE_VOLATILITY
2024-10,5501200000,0.615029,,,,,-0.262296547296913,1.9610996632793654,1.7351641732636565,1,0.0,,,,,1.0,,1.0,1.0,0.0,0.0,0.0,0.0,0.0,0.0,0.0,0.6475580000000001,HS_IMPORT_INTERRUPTION;HS_IMPORT_VOLUME_VOLATILITY;HS_IMPORT_UNIT_VALUE_VOLATILITY
2024-11,5501200000,0.6353441970921179,,,,,0.6245257183472526,1.9610996632793654,1.7351641732636565,2,0.0,,,,,1.0,,1.0,1.0,0.0,0.0,0.0,0.6245257183472526,0.0,0.0,0.0,0.6475580000000001,HS_IMPORT_INTERRUPTION;HS_IMPORT_VOLUME_VOLATILITY;HS_IMPORT_UNIT_VALUE_VOLATILITY;HS_EXPORT_VOLUME_SURGE
2024-12,5501200000,0.48761503574513004,-0.9961977186311787,-0.9968217473627266,-0.16411955639707876,,0.09385581312459723,2.0023251775553224,1.7351641732636565,0,0.0,,,1.0,,0.0,0.0,1.0,1.0,0.0,0.0,0.0,0.09385581312459723,0.0,0.0,0.0,0.802296,HS_IMPORT_VOLUME_DROP;HS_IMPORT_VOLUME_VOLATILITY;HS_IMPORT_UNIT_VALUE_VOLATILITY
2025-01,5501200000,0.420416,0.4937011006497811,-0.12265361402841801,-0.41263591116728526,,-0.21289482795647086,2.0639513312005646,2.7741395340994126,0,0.0,,,0.0,,0.0,0.0,1.0,1.0,0.0,0.0,0.0,0.0,0.0,0.0,0.0,0.802296,HS_IMPORT_VOLUME_VOLATILITY;HS_IMPORT_UNIT_VALUE_VOLATILITY
2025-02,5501200000,0.5414110403596332,-0.9999377334993773,-0.9955979457079971,69.69699192956713,,0.17516801499072088,2.1086156244814913,2.9143840755690658,0,0.0,,,1.0,,0.0,1.0,1.0,1.0,0.0,0.0,0.0,0.17516801499072088,0.0,0.0,0.0,0.802296,HS_IMPORT_VOLUME_DROP;HS_IMPORT_UNIT_VALUE_SHOCK;HS_IMPORT_VOLUME_VOLATILITY;HS_IMPORT_UNIT_VALUE_VOLATILITY
2025-03,5501200000,0.47500134574381064,15.624277456647398,28.621867881548976,0.7818439302878906,,0.4486226710213872,1.7477270914730174,3.235448326520488,0,0.0,,,0.0,,0.0,0.7818439302878906,1.0,1.0,0.0,0.0,0.0,0.4486226710213872,0.0,0.0,0.0,0.802296,HS_IMPORT_UNIT_VALUE_SHOCK;HS_IMPORT_VOLUME_VOLATILITY;HS_IMPORT_UNIT_VALUE_VOLATILITY;HS_EXPORT_VOLUME_SURGE
2025-04,5501200000,0.45764215239151207,-0.4794520547945206,-0.9779796511627907,-0.9576977509179927,,0.14327445568084762,1.7353649183634972,2.816279781222833,0,0.0,,,0.5076790076180862,,0.0,0.0,1.0,1.0,0.0,0.0,0.0,0.14327445568084762,0.0,0.0,0.0,0.802296,HS_IMPORT_VOLUME_DROP;HS_IMPORT_VOLUME_VOLATILITY;HS_IMPORT_UNIT_VALUE_VOLATILITY
2025-05,5501200000,0.4372716008286343,,,,,0.5181715032320175,1.7335786867478553,3.0842229075469842,0,0.0,,,,,0.0,,1.0,1.0,0.0,0.0,0.0,0.5181715032320175,0.0,0.0,0.0,0.686999,HS_IMPORT_VOLUME_VOLATILITY;HS_IMPORT_UNIT_VALUE_VOLATILITY;HS_EXPORT_VOLUME_SURGE
2025-06,5501200000,0.6791750000000001,-1.0,-1.0,,,-0.41857401787219695,1.7337410617465219,3.0842229075469842,1,0.0,,,1.0,,1.0,,1.0,1.0,0.0,0.0,0.0,0.0,0.0,0.0,0.0,0.7117040000000001,HS_IMPORT_VOLUME_DROP;HS_IMPORT_INTERRUPTION;HS_IMPORT_VOLUME_VOLATILITY;HS_IMPORT_UNIT_VALUE_VOLATILITY
2025-07,5501200000,0.7105498593469507,-1.0,-0.9928915216586449,,,0.9645196393049482,2.1570910105366234,2.7883321540032133,2,0.0,,,1.0,,1.0,,1.0,1.0,0.0,0.0,0.0,0.9645196393049482,0.0,0.0,0.0,0.7511450000000001,HS_IMPORT_VOLUME_DROP;HS_IMPORT_INTERRUPTION;HS_IMPORT_VOLUME_VOLATILITY;HS_IMPORT_UNIT_VALUE_VOLATILITY;HS_EXPORT_VOLUME_SURGE
2025-08,5501200000,0.45069837767126025,36.93838862559242,0.21437635968092827,-0.9679908292451374,,0.9309347865369435,1.6152188927006212,2.712340458054818,0,0.0,,,0.0,,0.0,0.0,1.0,1.0,0.0,0.0,0.0,0.9309347865369435,0.0,0.0,0.0,0.802296,HS_IMPORT_VOLUME_VOLATILITY;HS_IMPORT_UNIT_VALUE_VOLATILITY;HS_EXPORT_VOLUME_SURGE
2025-09,5501200000,0.48699942577065664,-0.5611888111888113,-0.9565229610477207,-0.9009208514712999,,0.8750986532243692,2.128292922310815,1.636603756832796,0,0.0,,,0.5942278813943364,,0.0,0.0,1.0,1.0,0.0,0.0,0.0,0.8750986532243692,0.0,0.0,0.0,0.802296,HS_IMPORT_VOLUME_DROP;HS_IMPORT_VOLUME_VOLATILITY;HS_IMPORT_UNIT_VALUE_VOLATILITY;HS_EXPORT_VOLUME_SURGE
2025-10,5501200000,0.43184812470809836,,,,,0.3514440870637998,2.1491921118871677,1.2376490167720797,0,0.0,,,,,0.0,,1.0,1.0,0.0,0.0,0.0,0.3514440870637998,0.0,0.0,0.0,0.686999,HS_IMPORT_VOLUME_VOLATILITY;HS_IMPORT_UNIT_VALUE_VOLATILITY;HS_EXPORT_VOLUME_SURGE
2025-11,5501200000,0.39737149520109977,,,,,0.04957534422854204,2.150454834710908,0.452209606964576,0,0.0,,,,,0.0,,1.0,0.452209606964576,0.0,0.0,0.0,0.04957534422854204,0.0,0.0,0.0,0.686999,HS_IMPORT_VOLUME_VOLATILITY;HS_IMPORT_UNIT_VALUE_VOLATILITY
2025-12,5501200000,0.47926759308520944,12.0,26.74468085106383,1.1342062193126021,,0.2969414801957553,2.14635363810534,0.9564867963192418,0,0.0,,,0.0,,0.0,1.0,1.0,0.9564867963192418,0.0,0.0,0.0,0.2969414801957553,0.0,0.0,0.0,0.802296,HS_IMPORT_UNIT_VALUE_SHOCK;HS_IMPORT_VOLUME_VOLATILITY;HS_IMPORT_UNIT_VALUE_VOLATILITY
2026-01,5501200000,0.535713,-0.9997336647727273,-0.9982125446863829,5.711298884194562,,-0.12555055041120755,2.1454082266902312,1.5507899717914495,0,0.0,,,1.0,,0.0,1.0,1.0,1.0,0.0,0.0,0.0,0.0,0.0,0.0,0.0,0.802296,HS_IMPORT_VOLUME_DROP;HS_IMPORT_UNIT_VALUE_SHOCK;HS_IMPORT_VOLUME_VOLATILITY;HS_IMPORT_UNIT_VALUE_VOLATILITY
2026-02,5501200000,0.420416,4799.0,101.16666666666667,-0.9787152777777778,,-0.32106261083769017,2.0893040406413133,1.664199590498854,0,0.0,,,0.0,,0.0,0.0,1.0,1.0,0.0,0.0,0.0,0.0,0.0,0.0,0.0,0.802296,HS_IMPORT_VOLUME_VOLATILITY;HS_IMPORT_UNIT_VALUE_VOLATILITY
2026-03,5501200000,0.5475406519158363,-0.9982614742698191,-0.995462934481698,1.6097200861273455,,0.3636033052302976,2.2155459916073763,1.7802306328269206,0,0.0,,,1.0,,0.0,1.0,1.0,1.0,0.0,0.0,0.0,0.3636033052302976,0.0,0.0,0.0,0.802296,HS_IMPORT_VOLUME_DROP;HS_IMPORT_UNIT_VALUE_SHOCK;HS_IMPORT_VOLUME_VOLATILITY;HS_IMPORT_UNIT_VALUE_VOLATILITY;HS_EXPORT_VOLUME_SURGE
2026-04,5501200000,0.535713,-0.9736842105263158,-0.9141914191419142,2.2607260726072607,,-0.14119678662682433,2.219406035889273,1.7232453763933546,0,0.0,,,1.0,,0.0,1.0,1.0,1.0,0.0,0.0,0.0,0.0,0.0,0.0,0.0,0.802296,HS_IMPORT_VOLUME_DROP;HS_IMPORT_UNIT_VALUE_SHOCK;HS_IMPORT_VOLUME_VOLATILITY;HS_IMPORT_UNIT_VALUE_VOLATILITY
2026-05,5501200000,0.43489324492973536,936.4545454545455,8.514074074074074,-0.9898511622561273,,0.4450565627512484,1.5455727806507933,1.5064155058293982,0,0.0,,,0.0,,0.0,0.0,1.0,1.0,0.0,0.0,0.0,0.4450565627512484,0.0,0.0,0.0,0.802296,HS_IMPORT_VOLUME_VOLATILITY;HS_IMPORT_UNIT_VALUE_VOLATILITY;HS_EXPORT_VOLUME_SURGE
2026-06,5501200000,0.6475580000000001,,,,,1.420806524694155,1.5474559163888035,1.645382124380839,1,0.0,,,,,1.0,,1.0,1.0,0.0,0.0,0.0,1.0,0.0,0.0,0.0,0.686999,HS_IMPORT_INTERRUPTION;HS_IMPORT_VOLUME_VOLATILITY;HS_IMPORT_UNIT_VALUE_VOLATILITY;HS_EXPORT_VOLUME_SURGE
2023-01,7601100000,0.039404695396546785,,,,,,,,0,3.0,,,,,0.0,,,,0.0,0.0,0.9990795212227577,,0.09413267970491712,0.04143939219641559,0.003259420120484304,0.234054,HS_NET_IMPORT_EXPOSURE
2023-02,7601100000,0.039368575454119106,,,,,,,,0,3.0,,,,,0.0,,,,0.0,0.0,0.9981637244014885,,0.11091541614962631,0.04615759229958027,0.00425525968170877,0.234054,HS_NET_IMPORT_EXPOSURE
2023-03,7601100000,0.08910456893913196,,,,,,0.13239767185177834,,0,4.0,,,,,0.0,,0.13239767185177834,,0.0,0.0,0.9990099981057017,,0.0761567993373631,0.031053526540103942,0.002012838224148825,0.6094579999999999,HS_NET_IMPORT_EXPOSURE
2023-04,7601100000,0.08349038493717789,,,,,,0.1151363614163658,0.01913707412027823,0,4.0,,,,,0.0,,0.1151363614163658,0.01913707412027823,0.0,0.0,0.9991211261308418,,0.068376780467592,0.02753333111020479,0.0013249240293396257,0.65447,HS_NET_IMPORT_EXPOSURE
2023-05,7601100000,0.07969919250814442,,,,,,0.10525396413030244,0.01725903664259189,0,2.0,,,,,0.0,,0.10525396413030244,0.01725903664259189,0.0,0.0,0.9992031033801378,,0.024122670930539675,0.022472503263630674,0.0005077364562628032,0.65447,HS_NET_IMPORT_EXPOSURE
2023-06,7601100000,0.07993206898063089,,,,,,0.10609902914640236,0.015521013846013771,0,2.0,,,,,0.0,,0.10609902914640236,0.015521013846013771,0.0,0.0,0.9990476196779517,,0.02023466437012454,0.018230626331839025,0.00033637190491003766,0.65447,HS_NET_IMPORT_EXPOSURE
2023-07,7601100000,0.08425485854832425,,,,,,0.11746440043982348,0.016248748633048437,0,3.0,,,,,0.0,,0.11746440043982348,0.016248748633048437,0.0,0.0,0.9996415935737425,,0.03315656782387205,0.026962274048503987,0.0007488652117368269,0.65447,HS_NET_IMPORT_EXPOSURE
2023-08,7601100000,0.06545104561578474,,,,,,0.0679632310134427,0.011832794058195909,0,3.0,,,,,0.0,,0.0679632310134427,0.011832794058195909,0.0,0.0,0.9990811367426483,,0.013469621570567003,0.007293236158684612,7.490487126319045e-05,0.65447,HS_NET_IMPORT_EXPOSURE
2023-09,7601100000,0.06558965147598325,,,,,,0.06867891778782324,0.009187081723769797,0,2.0,,,,,0.0,,0.06867891778782324,0.009187081723769797,0.0,0.0,0.9988028219419621,,0.0042583527365526366,0.003840758759721801,1.492581257986514e-05,0.65447,HS_NET_IMPORT_EXPOSURE
2023-10,7601100000,0.06859593140724934,,,,,,0.07643896100231705,0.011442221945959681,0,3.0,,,,,0.0,,0.07643896100231705,0.011442221945959681,0.0,0.0,0.9985903602064853,,0.019745594350418963,0.01043382651119327,0.00015227173061514127,0.65447,HS_NET_IMPORT_EXPOSURE
2023-11,7601100000,0.06898153946800265,,,,,,0.07738974010660599,0.011758947354076971,0,1.0,,,,,0.0,,0.07738974010660599,0.011758947354076971,0.0,0.0,0.9989561049344748,,0.00226709751951791,0.00226709751951791,5.13973116300426e-06,0.65447,HS_NET_IMPORT_EXPOSURE
2023-12,7601100000,0.07429434187876194,,,,,,0.09240027786829796,0.011740607475803033,0,3.0,,,,,0.0,,0.09240027786829796,0.011740607475803033,0.0,0.0,0.9908075287693152,,0.014530016124728878,0.010199312550589801,0.00011359071704412368,0.65447,HS_NET_IMPORT_EXPOSURE
2024-01,7601100000,0.10527291855577292,0.051983948688848924,-0.04093275955188369,-0.08832521480630973,0.04947500691488704,2.9682258949807894,0.08809126554623106,0.006797857333793418,0,2.0,,,0.0,0.0,0.0,0.0,0.08809126554623106,0.006797857333793418,0.0,0.0,0.9981521754100274,1.0,0.022853157903148073,0.020249417035074404,0.0004168183567684385,0.836219,HS_NET_IMPORT_EXPOSURE;HS_EXPORT_VOLUME_SURGE
2024-02,7601100000,0.06324530636730381,0.2428673594106563,0.11533709889485788,-0.10260971096406524,0.24366209121953863,-0.44490382213339996,0.06278022047567056,0.0060539323612529795,0,2.0,,,0.0,0.0,0.0,0.0,0.06278022047567056,0.0060539323612529795,0.0,0.0,0.9990837168532862,0.0,0.008834257915927382,0.0045226191030297925,3.904431280397494e-05,0.836219,HS_NET_IMPORT_EXPOSURE
2024-03,7601100000,0.0979001385666988,0.06684095504187115,-0.00045541746298971564,-0.06308004223761698,0.0659828202451016,1.1481631512781116,0.06842782972885914,0.006797401186025081,0,3.0,,,0.0,0.0,0.0,0.0,0.06842782972885914,0.006797401186025081,0.0,0.0,0.9983796798504296,1.0,0.0416859693396425,0.025041252177642928,0.0008658016183196582,0.836219,HS_NET_IMPORT_EXPOSURE;HS_EXPORT_VOLUME_SURGE
2024-04,7601100000,0.10602947393926697,0.20518987628988872,0.20550399261183228,0.00026063637616213775,0.20220723890547454,3.4583517183899595,0.08843029034842174,0.020984705666184718,0,3.0,,,0.0,0.0,0.0,0.00026063637616213775,0.08843029034842174,0.020984705666184718,0.0,0.0,0.9975785055800986,1.0,0.06170832404000953,0.03324062609147258,0.0017575695074233308,0.836219,HS_NET_IMPORT_EXPOSURE;HS_EXPORT_VOLUME_SURGE
2024-05,7601100000,0.11115132441015971,-0.00037331926485140166,0.08923405471494572,0.08964083863177574,-0.0013475161355807064,1.8204367699339765,0.08788042605582673,0.03516817843838382,0,3.0,,,0.0003952978238579009,0.0013475161355807064,0.0,0.08964083863177574,0.08788042605582673,0.03516817843838382,0.0,0.0,0.9987673689383927,1.0,0.11423797376547475,0.06481382364688476,0.00633172862454216,0.836219,HS_NET_IMPORT_EXPOSURE;HS_EXPORT_VOLUME_SURGE
2024-06,7601100000,0.1200236337043182,-0.11827819665548966,-0.028585108693074512,0.10172492913546538,-0.12224627125870613,5.1241771594140975,0.07787503570028188,0.03363340213851084,0,3.0,,,0.125241631359053,0.12224627125870613,0.0,0.10172492913546538,0.07787503570028188,0.03363340213851084,0.0,0.0,0.9979991711659402,1.0,0.03868744864030403,0.020168721105926126,0.0005883219387046089,0.836219,HS_NET_IMPORT_EXPOSURE;HS_EXPORT_VOLUME_SURGE
2024-07,7601100000,0.11790846389053948,-0.10311007049187537,-0.0038150660985103446,0.1107103571202106,-0.10487395312540759,1.3966227620213787,0.074896132232128,0.0371565478689588,0,4.0,,,0.10918050666229921,0.10487395312540759,0.0,0.1107103571202106,0.074896132232128,0.0371565478689588,0.0,0.0,0.9981133430720109,1.0,0.05213898936150396,0.02219019563728907,0.0007929019023691344,0.836219,HS_NET_IMPORT_EXPOSURE;HS_EXPORT_VOLUME_SURGE
2024-08,7601100000,0.10909186938469959,-0.03477667461134348,0.06457464980637684,0.10293091951307276,-0.03728149941738945,5.8175926536171705,0.07069947864163961,0.03903869609527746,0,4.0,,,0.03682409425174024,0.03728149941738945,0.0,0.10293091951307276,0.07069947864163961,0.03903869609527746,0.0,0.0,0.9982747495614069,1.0,0.027834425519710694,0.011354106645867876,0.00022038448575335695,0.836219,HS_NET_IMPORT_EXPOSURE;HS_EXPORT_VOLUME_SURGE
2024-09,7601100000,0.07730456388967943,-0.007360590374474785,0.12073966218356502,0.12905013775985963,-0.006501266224326785,-0.3783092978031076,0.07679616081536961,0.03887617055972088,0,3.0,,,0.007793933052175757,0.006501266224326785,0.0,0.12905013775985963,0.07679616081536961,0.03887617055972088,0.0,0.0,0.9990504314156581,0.0,0.05375835484233346,0.021570564113476916,0.0010049681596770402,0.836219,HS_NET_IMPORT_EXPOSURE
2024-10,7601100000,0.08636402609148228,0.10300661483467799,0.2624616219830669,0.14456396272137373,0.10210432817970072,0.5581199302018487,0.05277965628825588,0.03585689188199215,0,3.0,,,0.0,0.0,0.0,0.14456396272137373,0.05277965628825588,0.03585689188199215,0.0,0.0,0.9986224263623315,0.5581199302018487,0.024500482531401673,0.009915616072536342,0.00021576118060540422,0.836219,HS_NET_IMPORT_EXPOSURE;HS_EXPORT_VOLUME_SURGE
2024-11,7601100000,0.06830563449401031,0.03483702289155843,0.20499563518864283,0.16443034848291793,0.03515385086021117,-0.08136656480055471,0.052551016280514576,0.01728819058473382,0,2.0,,,0.0,0.0,0.0,0.16443034848291793,0.052551016280514576,0.01728819058473382,0.0,0.0,0.9986770109376092,0.0,0.005496019844415202,0.004837521092389019,2.3835230925728692e-05,0.836219,HS_NET_IMPORT_EXPOSURE
2024-12,7601100000,0.0851744801338628,-0.05147228978696472,0.14288015870193083,0.20489907294879628,-0.043873269531069736,-0.894551140529614,0.07854773655580709,0.018640933441786675,0,2.0,,,0.054502636369085894,0.043873269531069736,0.0,0.20489907294879628,0.07854773655580709,0.018640933441786675,0.0,0.0,0.9985306769236877,0.0,0.00748160457872238,0.0064055953831445205,4.2189448001530505e-05,0.836219,HS_NET_IMPORT_EXPOSURE
2025-01,7601100000,0.10059655236911383,-0.173135573091046,-0.01288602992126997,0.19380389088551397,-0.17146913517030438,-0.6854042755928504,0.08797432369471457,0.0156694360953209,0,2.0,,,0.18332864579738034,0.17146913517030438,0.0,0.19380389088551397,0.08797432369471457,0.0156694360953209,0.0,0.0,0.9983397249287467,0.0,0.01914169822951082,0.00972250759599317,0.00018324830614469147,0.836219,HS_NET_IMPORT_EXPOSURE
2025-02,7601100000,0.10829723217856191,0.022764046446786868,0.249744147073784,0.22192811862673012,0.021667231441540036,2.149389077653518,0.06538105972325829,0.010814283504325534,0,2.0,,,0.0,0.0,0.0,0.22192811862673012,0.06538105972325829,0.010814283504325534,0.0,0.0,0.9985878428345955,1.0,0.018459370670872003,0.016426561296570812,0.00027396422998224497,0.836219,HS_NET_IMPORT_EXPOSURE;HS_EXPORT_VOLUME_SURGE
2025-03,7601100000,0.07966310896340831,-0.007404883218376401,0.22412136979063035,0.2332534676975888,-0.006913718640337407,-0.31452593522209293,0.0722184396483366,0.010902717312712454,0,1.0,,,0.007840833564566286,0.006913718640337407,0.0,0.2332534676975888,0.0722184396483366,0.010902717312712454,0.0,0.0,0.9987734697526972,0.0,0.04486246529000141,0.04486246529000141,0.0020126407918965813,0.836219,HS_NET_IMPORT_EXPOSURE
2025-04,7601100000,0.09031515996823256,0.04294932733219059,0.16412383326273683,0.1161844614642058,0.04497216920475178,-0.5519892892881886,0.11677537343052628,0.025120364195174,0,2.0,,,0.0,0.0,0.0,0.1161844614642058,0.11677537343052628,0.025120364195174,0.0,0.0,0.9990504414038818,0.0,0.04758634171742254,0.03806758354553445,0.0015397476741311317,0.836219,HS_NET_IMPORT_EXPOSURE
2025-05,7601100000,0.09276403217653506,0.21925755544193315,0.22007653051317777,0.0006716998123894591,0.22063382560014144,-0.6915353366561987,0.13888020285754607,0.025865561396596015,0,2.0,,,0.0,0.0,0.0,0.0006716998123894591,0.13888020285754607,0.025865561396596015,0.0,0.0,0.9997015728889665,0.0,0.09935235260666242,0.08097521157534282,0.006894704202156544,0.836219,HS_NET_IMPORT_EXPOSURE
2025-06,7601100000,0.08253811220112008,0.11176970964256405,0.1027595429771011,-0.008104346239438232,0.11372438393640505,-0.25836025971420973,0.11221641441733513,0.023285203223186862,0,2.0,,,0.0,0.0,0.0,0.0,0.11221641441733513,0.023285203223186862,0.0,0.0,0.9980352373345683,0.0,0.030559205172909148,0.0201366694647016,0.0005141147077195072,0.836219,HS_NET_IMPORT_EXPOSURE
2025-07,7601100000,0.07649469851904213,0.012311739044071457,0.04248497390451189,0.029806267868565106,0.013497602968328692,-0.36427375507033743,0.09174652994402054,0.0248728070540698,0,3.0,,,0.0,0.0,0.0,0.029806267868565106,0.09174652994402054,0.0248728070540698,0.0,0.0,0.999175705308544,0.0,0.03582155372070134,0.019919562627041646,0.0005369981045524545,0.836219,HS_NET_IMPORT_EXPOSURE
2025-08,7601100000,0.07196258971213837,-0.014405570492652564,0.029968318507106684,0.04502246326812087,-0.012048448591409855,-0.7920922888538008,0.07414489284512682,0.022385166170875232,0,2.0,,,0.015253674812211524,0.012048448591409855,0.0,0.04502246326812087,0.07414489284512682,0.022385166170875232,0.0,0.0,0.999735642963535,0.0,0.04773828726945073,0.02763570364649418,0.0011678459843548123,0.836219,HS_NET_IMPORT_EXPOSURE
2025-09,7601100000,0.10165425105076589,0.18345767321312278,0.255239574756156,0.060654388549565175,0.17912765805949715,3.1704850760713867,0.06824006025049954,0.025091792547813616,0,1.0,,,0.0,0.0,0.0,0.060654388549565175,0.06824006025049954,0.025091792547813616,0.0,0.0,0.9958088049904003,1.0,0.03899532455082266,0.03899532455082266,0.0015206353368239927,0.836219,HS_NET_IMPORT_EXPOSURE;HS_EXPORT_VOLUME_SURGE
2025-10,7601100000,0.10257296522685941,-0.17781855225727805,-0.13251237857792564,0.05510483580448011,-0.1757296750414945,-0.9230818707033865,0.11047353779762323,0.01803717962269845,0,1.0,,,0.1882873276760674,0.1757296750414945,0.0,0.05510483580448011,0.11047353779762323,0.01803717962269845,0.0,0.0,0.9997475614342173,0.0,0.030654843830691923,0.030654843830691923,0.0009397194502841107,0.836219,HS_NET_IMPORT_EXPOSURE
2025-11,7601100000,0.09164799259386144,-0.10388641515303054,-0.056420654424024885,0.052968464636222956,-0.1019986465958368,-0.8840890738009971,0.10225081616117267,0.013498617750465182,0,2.0,,,0.11000255734120133,0.1019986465958368,0.0,0.052968464636222956,0.10225081616117267,0.013498617750465182,0.0,0.0,0.9997036929900848,0.0,0.0042636765849261475,0.004237422683157265,1.795644026309381e-05,0.836219,HS_NET_IMPORT_EXPOSURE
2025-12,7601100000,0.08912964121021041,-0.01289466841322029,0.035403973254272136,0.048929572277612854,-0.012159005112319377,-0.7529484076677807,0.12110124079249908,0.009823066669689526,0,2.0,,,0.013653820852626312,0.012159005112319377,0.0,0.048929572277612854,0.12110124079249908,0.009823066669689526,0.0,0.0,0.9998349600770029,0.0,0.015815732062734192,0.009672760410850103,0.00013129839468156062,0.836219,HS_NET_IMPORT_EXPOSURE
2026-01,7601100000,0.10184920771456066,0.33601553011014573,0.5205241826238587,0.13810367346441055,0.33738456231867064,-0.7723377854204732,0.14463978954067683,0.023391595789759283,0,3.0,,,0.0,0.0,0.0,0.13810367346441055,0.14463978954067683,0.023391595789759283,0.0,0.0,0.9998176681819858,0.0,0.05615516721726115,0.05379895650133378,0.002898275984156054,0.836219,HS_NET_IMPORT_EXPOSURE
2026-02,7601100000,0.14433963276968637,-0.25846401890551896,-0.14103638962544573,0.15835729118195196,-0.2575635510425457,-0.8248453151569712,0.18545589477390748,0.01995383398396963,0,1.0,,,0.2736806638135525,0.2575635510425457,0.0,0.15835729118195196,0.18545589477390748,0.01995383398396963,0.0,0.0,0.9996603551747549,0.0,0.01851768344945676,0.01851768344945676,0.00034290460033428483,0.836219,HS_NET_IMPORT_EXPOSURE
2026-03,7601100000,0.1473545737054968,-0.01861329871268458,0.1580241004518066,0.17998756140957517,-0.019967365633350442,1.208030962747944,0.1689538240579285,0.020024313055922605,0,2.0,,,0.01970912612524839,0.019967365633350442,0.0,0.17998756140957517,0.1689538240579285,0.020024313055922605,0.0,0.0,0.9976962971808397,1.0,0.07289803954325066,0.0673496996295491,0.004566766115988461,0.836219,HS_NET_IMPORT_EXPOSURE;HS_EXPORT_VOLUME_SURGE
2026-04,7601100000,0.1326247135806013,-0.09875556878453762,0.22785441146470742,0.36239888862199443,-0.09784194027107807,-0.7255082442026718,0.16869726115132683,0.028973202374037672,0,1.0,,,0.104569640813784,0.09784194027107807,0.0,0.36239888862199443,0.16869726115132683,0.028973202374037672,0.0,0.0,0.999646644322609,0.0,0.010784548663830966,0.010784548663830966,0.00011630648988253827,0.836219,HS_IMPORT_UNIT_VALUE_SHOCK;HS_NET_IMPORT_EXPOSURE
2026-05,7601100000,0.14030351304050534,-0.12966655165447094,0.27855480799193755,0.46904018272815073,-0.129443906435028,-0.7127212441040489,0.16652220568361384,0.025834230619742764,0,2.0,,,0.13730045706741947,0.129443906435028,0.0,0.46904018272815073,0.16652220568361384,0.025834230619742764,0.0,0.0,0.999905818960684,0.0,0.002688319606412783,0.002482356685998618,6.204515441107573e-06,0.836219,HS_IMPORT_UNIT_VALUE_SHOCK;HS_NET_IMPORT_EXPOSURE
2026-06,7601100000,0.14464624283628713,-0.06795032156121517,0.38768044914207733,0.4888481603968684,-0.06989641127158841,0.4854347525715914,0.14998053596617794,0.02950467419729585,0,0.0,,,0.07195078521941461,0.06989641127158841,0.0,0.4888481603968684,0.14998053596617794,0.02950467419729585,0.0,0.0,0.9947175520488629,0.4854347525715914,0.0,0.0,0.0,0.836219,HS_IMPORT_UNIT_VALUE_SHOCK;HS_NET_IMPORT_EXPOSURE;HS_EXPORT_VOLUME_SURGE
