standard_item_key,item_names,materials,material_count,rows
NAME::ITEM_0a018547150a40487249,베스타제당의정 | 베스타제당의정(동아제약) - 1정 | 베스타제당의정(동아제약)-1정(보훈급여),MICROBIAL_FUNGAL_ENZYME | PANCREATIN_ANIMAL_ENZYME,2,2312
NAME::ITEM_2ca9d75815d8024a81a4,아시클로버크림(태극제약)-5g | 아시클로버크림_(0.25g/5g)(태극제약(주))-5g/개 | 태극아시클로버크림(태극제약)-5g/개,ACYCLOVIR | PARAFFIN_PETROLEUM,2,1930
NAME::ITEM_b74c0fddec2f49a472ae,아시클로버크림(태극제약)-5g | 아시클로버크림_(0.25g/5g)(태극제약(주))-5g/개 | 태극아시클로버크림(태극제약)-5g/개,ACYCLOVIR | PARAFFIN_PETROLEUM,2,1930
NAME::ITEM_c239fc460ae8ff96bd08,아시클로버크림(태극제약)-5g | 아시클로버크림_(0.25g/5g)(태극제약(주))-5g/개 | 태극아시클로버크림(태극제약)-5g/개,ACYCLOVIR | PARAFFIN_PETROLEUM,2,1930
NAME::ITEM_30e4be86d7fc5ec60aa7,아시클로버크림(태극제약)-5g | 아시클로버크림_(0.25g/5g)(태극제약(주))-5g/개 | 태극아시클로버크림(태극제약)-5g/개,ACYCLOVIR | PARAFFIN_PETROLEUM,2,1930
NAME::ITEM_17783fc7212c7ff5a748,베스타제당의정(동아제약) - 1정 | 베스타제당의정(동아제약)-1정(보훈급여),MICROBIAL_FUNGAL_ENZYME | PANCREATIN_ANIMAL_ENZYME,2,1798
NAME::ITEM_eeaab984d9703de68244,알마겔현탁액(알마게이트)((주)유한양행)-15mL/포 | 알마겔현탁액(알마게이트)(수출명:유만겔현탁액)((주)유한양행)-15mL/포 | 알마겔현탁액-15ml,ALUMINUM_HYDROXIDE_MINERAL | MAGNESIUM_HYDROXIDE_MINERAL,2,1700
NAME::ITEM_8d2fccb8fc753dcd7638,알마겔현탁액(알마게이트)((주)유한양행)-15mL/포 | 알마겔현탁액(알마게이트)(수출명:유만겔현탁액)((주)유한양행)-15mL/포,ALUMINUM_HYDROXIDE_MINERAL | MAGNESIUM_HYDROXIDE_MINERAL,2,1698
NAME::ITEM_daba6ea7d89815c0ede3,알마겔현탁액(알마게이트)((주)유한양행)-15mL/포 | 알마겔현탁액(알마게이트)(수출명:유만겔현탁액)((주)유한양행)-15mL/포,ALUMINUM_HYDROXIDE_MINERAL | MAGNESIUM_HYDROXIDE_MINERAL,2,1698
NAME::ITEM_0aa83f8f6209d9e70113,삐콤씨정 | 삐콤정(1정)((주)유한양행)-1정 | 삐콤정(유한양행),VITAMIN_B_COMPLEX | VITAMIN_B_COMPLEX_C,2,1614
NAME::ITEM_7ab057b1473f656e6675,카네스텐크림(바이엘코리아)-20g/개 | 카네스텐크림(클로트리마졸)_(0.2g/20g)(바이엘코리아(주))-20g/개,CLOTRIMAZOLE | PARAFFIN_PETROLEUM,2,1522
NAME::ITEM_ce689395edd481f72757,카네스텐크림(바이엘코리아)-20g/개 | 카네스텐크림(클로트리마졸)_(0.2g/20g)(바이엘코리아(주))-20g/개,CLOTRIMAZOLE | PARAFFIN_PETROLEUM,2,1522
NAME::ITEM_20ac9cb0e9ef1dffd350,더마톱연고0.25%(프레드니카르베이트)_(25mg/10g)((주)한독)-10g/개 | 더마톱연고0.25%(한독)-10g/개,PARAFFIN_PETROLEUM | PREDNICARBATE,2,1486
NAME::ITEM_1d2d70628c50a8df033c,더마톱연고0.25%(프레드니카르베이트)_(25mg/10g)((주)한독)-10g/개 | 더마톱연고0.25%(한독)-10g/개,PARAFFIN_PETROLEUM | PREDNICARBATE,2,1486
NAME::ITEM_4744bc1950d243b75a8a,제일덱사메타손주사액 1mL | 제일덱사메타손주사액(덱사메타손디나트륨인산염)((주)제일제약)-1mL/앰플 | 제일덱사메타손주사액(덱사메타손디나트륨인산염)((주)제일제약)-5mg/1mL/앰플,DEXAMETHASONE | PARAFFIN_PETROLEUM,2,1398
NAME::ITEM_31aa705a253958f43461,제일덱사메타손주사액 1mL | 제일덱사메타손주사액(덱사메타손디나트륨인산염)((주)제일제약)-1mL/앰플 | 제일덱사메타손주사액(덱사메타손디나트륨인산염)((주)제일제약)-5mg/1mL/앰플,DEXAMETHASONE | PARAFFIN_PETROLEUM,2,1398
NAME::ITEM_6861928ce205b64e1bcf,제일덱사메타손주사액 1mL | 제일덱사메타손주사액(덱사메타손디나트륨인산염)((주)제일제약)-1mL/앰플 | 제일덱사메타손주사액(덱사메타손디나트륨인산염)((주)제일제약)-5mg/1mL/앰플,DEXAMETHASONE | PARAFFIN_PETROLEUM,2,1398
NAME::ITEM_86b10b172cf60e6a11b3,오라메디연고(10mg/10g)(동국제약(주))-10g/개 | 오라메디연고(동국제약(주))-10g | 오라메디연고(동국제약)-10g/개,PARAFFIN_PETROLEUM | TRIAMCINOLONE_ORAL,2,1396
NAME::ITEM_ee87a5fc4d4544fc1b52,오라메디연고(10mg/10g)(동국제약(주))-10g/개 | 오라메디연고(동국제약(주))-10g | 오라메디연고(동국제약)-10g/개,PARAFFIN_PETROLEUM | TRIAMCINOLONE_ORAL,2,1396
NAME::ITEM_b0bbaa0b84cc54d798a3,오라메디연고(10mg/10g)(동국제약(주))-10g/개 | 오라메디연고(동국제약(주))-10g | 오라메디연고(동국제약)-10g/개,PARAFFIN_PETROLEUM | TRIAMCINOLONE_ORAL,2,1396
NAME::ITEM_124e3991a58f0f76e30a,(보령바이오)아스트릭스캡슐100mg(아스피린장용과립)-1캡슐 | 보령바이오아스트릭스캡슐100mg(보령바이오파마)-1캡슐 | 보령바이오아스트릭스캡슐100밀리그램(아스피린장용과립)((주)보령바이오파마)-1캡슐,ALUMINUM | ASPIRIN | POLYPROPYLENE_PP,3,1314
NAME::ITEM_475c6df2b57b3fadf9d5,(보령바이오)아스트릭스캡슐100mg(아스피린장용과립)-1캡슐 | 보령바이오아스트릭스캡슐100mg(보령바이오파마)-1캡슐 | 보령바이오아스트릭스캡슐100밀리그램(아스피린장용과립)((주)보령바이오파마)-1캡슐,ALUMINUM | ASPIRIN | POLYPROPYLENE_PP,3,1314
NAME::ITEM_a030f2a84d94f1b5a592,(보령바이오)아스트릭스캡슐100mg(아스피린장용과립)-1캡슐 | 보령바이오아스트릭스캡슐100mg(보령바이오파마)-1캡슐 | 보령바이오아스트릭스캡슐100밀리그램(아스피린장용과립)((주)보령바이오파마)-1캡슐,ALUMINUM | ASPIRIN | POLYPROPYLENE_PP,3,1314
NAME::ITEM_25bdee2418797a77058b,(보령바이오)아스트릭스캡슐100mg(아스피린장용과립)-1캡슐 | 보령바이오아스트릭스캡슐100mg(보령바이오파마)-1캡슐 | 보령바이오아스트릭스캡슐100밀리그램(아스피린장용과립)((주)보령바이오파마)-1캡슐,ALUMINUM | ASPIRIN | POLYPROPYLENE_PP,3,1314
NAME::ITEM_459b5aaf768930b96a6f,(보령바이오)아스트릭스캡슐100mg(아스피린장용과립)-1캡슐 | 보령바이오아스트릭스캡슐100mg(보령바이오파마)-1캡슐 | 보령바이오아스트릭스캡슐100밀리그램(아스피린장용과립)((주)보령바이오파마)-1캡슐,ALUMINUM | ASPIRIN | POLYPROPYLENE_PP,3,1314
NAME::ITEM_cd63c0cef5e69f26e7be,(보령바이오)아스트릭스캡슐100mg(아스피린장용과립)-1캡슐 | 보령바이오아스트릭스캡슐100mg(보령바이오파마)-1캡슐 | 보령바이오아스트릭스캡슐100밀리그램(아스피린장용과립)((주)보령바이오파마)-1캡슐,ALUMINUM | ASPIRIN | POLYPROPYLENE_PP,3,1314
NAME::ITEM_c421c082ca25e1640ff6,프레벨연고(프레드니카르베이트)_(25mg/10g)(태극제약(주))-10g/개,PARAFFIN_PETROLEUM | PREDNICARBATE,2,1300
NAME::ITEM_a5f890b8f5bd661d7de7,에스로반연고(무피로신)_(0.2g/10g)(제이더블유신약(주))-10g/개 | 에스로반연고(무피로신)_(0.2g/10g)(제이더블유중외신약(주))-10g/개,MUPIROCIN | PARAFFIN_PETROLEUM,2,1116
NAME::ITEM_2f9518051e02c66bb755,에스로반연고(무피로신)_(0.2g/10g)(제이더블유신약(주))-10g/개 | 에스로반연고(무피로신)_(0.2g/10g)(제이더블유중외신약(주))-10g/개,MUPIROCIN | PARAFFIN_PETROLEUM,2,1116
NAME::ITEM_6ea9b549c15114c8a5a4,케토파인겔(케토프로펜)_(1.5g/50g)(태극제약(주))-50g/개 | 케토파인겔(태극제약)-50g,ALUMINUM | KETOPROFEN | POLYPROPYLENE_PP,3,1083
NAME::ITEM_9a7d3d69e2832194321a,케토파인겔(케토프로펜)_(1.5g/50g)(태극제약(주))-50g/개 | 케토파인겔(태극제약)-50g,ALUMINUM | KETOPROFEN | POLYPROPYLENE_PP,3,1083
NAME::ITEM_9a42223a6f3517848746,마데카솔케어연고(10g)(동국제약(주))-10g/개 | 마데카솔케어연고(6g)(동국제약(주)) | 마데카솔케어연고(6g)(동국제약(주))-6g/개,CENTELLA_EXTRACT | PARAFFIN_PETROLEUM,2,1066
NAME::ITEM_edfaa162019f468b7ac5,파티겔현탁액(알마게이트)(수출명:알마게인현탁액호메젤현탁액)(태극제약(주))-15mL/포 | 파티겔현탁액(알마게이트)15mL/포,ALUMINUM_HYDROXIDE_MINERAL | MAGNESIUM_HYDROXIDE_MINERAL,2,1032
NAME::ITEM_9b0c32f5f44c435f6b14,파티겔현탁액(알마게이트)(수출명:알마게인현탁액호메젤현탁액)(태극제약(주))-15mL/포 | 파티겔현탁액(알마게이트)15mL/포,ALUMINUM_HYDROXIDE_MINERAL | MAGNESIUM_HYDROXIDE_MINERAL,2,1032
NAME::ITEM_d76c5a61f51cb9e174ab,판크론정(영진약품공업)-1정(보훈급여),MICROBIAL_FUNGAL_ENZYME | PANCREATIN_ANIMAL_ENZYME,2,1008
NAME::ITEM_68439608931843412ea3,덱사메타손포스페이트이나트륨주사_(5mg/1mL)((주)휴메딕스)-1mL/앰플 | 휴메딕스덱사메타손포스페이트이나트륨주사((주)휴메딕스)-1mL/앰플 | 휴메딕스덱사메타손포스페이트이나트륨주사_(5mg/1mL)((주)휴메딕스)-1mL/앰플,DEXAMETHASONE | PARAFFIN_PETROLEUM,2,864
NAME::ITEM_c3b5d24e47b17c035b3d,덱사메타손포스페이트이나트륨주사_(5mg/1mL)((주)휴메딕스)-1mL/앰플 | 휴메딕스덱사메타손포스페이트이나트륨주사((주)휴메딕스)-1mL/앰플 | 휴메딕스덱사메타손포스페이트이나트륨주사_(5mg/1mL)((주)휴메딕스)-1mL/앰플,DEXAMETHASONE | PARAFFIN_PETROLEUM,2,864
NAME::ITEM_6ebe354d94117b0ca6be,덱사메타손포스페이트이나트륨주사_(5mg/1mL)((주)휴메딕스)-1mL/앰플 | 휴메딕스덱사메타손포스페이트이나트륨주사((주)휴메딕스)-1mL/앰플 | 휴메딕스덱사메타손포스페이트이나트륨주사_(5mg/1mL)((주)휴메딕스)-1mL/앰플,DEXAMETHASONE | PARAFFIN_PETROLEUM,2,864
NAME::ITEM_ab625725f61a97821a91,신플랙스정(나프록센)((주)한국피엠지제약)-1정 | 신플랙스정(나프록센)_(0.5g/1정)((주)한국피엠지제약)-1정,ALUMINUM | NAPROXEN | POLYPROPYLENE_PP,3,837
NAME::ITEM_9420b43622cd54d3e476,신플랙스정(나프록센)((주)한국피엠지제약)-1정 | 신플랙스정(나프록센)_(0.5g/1정)((주)한국피엠지제약)-1정,ALUMINUM | NAPROXEN | POLYPROPYLENE_PP,3,837
NAME::ITEM_88346dd222b39e4fedec,베아로반연고(무피로신)_(0.2g/10g)(한올바이오파마(주))-10g/개,MUPIROCIN | PARAFFIN_PETROLEUM,2,768
NAME::ITEM_7ad216d510518ff1ea43,(이동)아니스펜8시간이알서방정(아세트아미노펜)_(0.65g/1정)((주)제뉴파마)-1정 | 아니스펜8시간이알서방정(아세트아미노펜)_(0.65g/1정)((주)제뉴파마)-1정 | 아니스펜이알서방정(아세트아미노펜)_(0.65g/1정)(콜마파마(주))-1정,ACETAMINOPHEN | ALUMINUM | POLYPROPYLENE_PP,3,765
NAME::ITEM_68fbd010cf48862da481,씨엠지아스피린장용정100mg((주)씨엠지제약)-1정 | 아스피린장용정100mg((주)씨엠지제약)-1정,ALUMINUM | ASPIRIN | POLYPROPYLENE_PP,3,744
NAME::ITEM_f27342e2213e4d851e15,아니스펜8시간이알서방정(아세트아미노펜)_(0.65g/1정)((주)제뉴파마)-1정 | 아니스펜이알서방정(아세트아미노펜)_(0.65g/1정)(콜마파마(주))-1정,ACETAMINOPHEN | ALUMINUM | POLYPROPYLENE_PP,3,744
NAME::ITEM_4a4f4c71719dc27dd785,씨엠지아스피린장용정100mg((주)씨엠지제약)-1정 | 아스피린장용정100mg((주)씨엠지제약)-1정,ALUMINUM | ASPIRIN | POLYPROPYLENE_PP,3,744
NAME::ITEM_2a2d3bdd50bfdebcc68f,타이레놀8시간이알서방정(아세트아미노펜)_(0.65g/1정)(한국존슨앤드존슨판매(유))-1정,ACETAMINOPHEN | ALUMINUM | POLYPROPYLENE_PP,3,690
NAME::ITEM_969bbe71afc7d66f8fea,다이제스토정(1정)(화일약품(주))-1정,MICROBIAL_FUNGAL_ENZYME | PANCREATIN_ANIMAL_ENZYME,2,676
NAME::ITEM_add25c322b91e6ca700c,알마겔에프현탁액(알마게이트)((주)유한양행)-15mL/포 | 알마겔에프현탁액(유한양행)-15mL,ALUMINUM_HYDROXIDE_MINERAL | MAGNESIUM_HYDROXIDE_MINERAL,2,672
NAME::ITEM_84a352736a00ce1c132c,알마겔에프현탁액(알마게이트)((주)유한양행)-15mL/포 | 알마겔에프현탁액(유한양행)-15mL,ALUMINUM_HYDROXIDE_MINERAL | MAGNESIUM_HYDROXIDE_MINERAL,2,672
NAME::ITEM_7114f35931fe71c47b5e,스타빅현탁액(20ml/포) | 스타빅현탁액(대웅제약)-20mL/포 | 스타빅현탁액(디옥타헤드랄스멕타이트)_(3g/20mL)((주)대웅제약)-20mL/포,ALUMINUM | DIOCTAHEDRAL_SMECTITE | PHARMA_API_GENERIC | POLYPROPYLENE_PP,4,640
NAME::ITEM_3517ef3fa73af1e2d70b,스타빅현탁액(20ml/포) | 스타빅현탁액(대웅제약)-20mL/포 | 스타빅현탁액(디옥타헤드랄스멕타이트)_(3g/20mL)((주)대웅제약)-20mL/포,ALUMINUM | DIOCTAHEDRAL_SMECTITE | PHARMA_API_GENERIC | POLYPROPYLENE_PP,4,640
NAME::ITEM_fe0dac0ba6ab795e1584,스타빅현탁액(20ml/포) | 스타빅현탁액(대웅제약)-20mL/포 | 스타빅현탁액(디옥타헤드랄스멕타이트)_(3g/20mL)((주)대웅제약)-20mL/포,ALUMINUM | DIOCTAHEDRAL_SMECTITE | PHARMA_API_GENERIC | POLYPROPYLENE_PP,4,640
NAME::ITEM_2ae7c5e9cc6477c01d42,스타빅현탁액(20ml/포) | 스타빅현탁액(대웅제약)-20mL/포 | 스타빅현탁액(디옥타헤드랄스멕타이트)_(3g/20mL)((주)대웅제약)-20mL/포,ALUMINUM | DIOCTAHEDRAL_SMECTITE | PHARMA_API_GENERIC | POLYPROPYLENE_PP,4,640
NAME::ITEM_8a9a4d8c995874d26613,성광칼라민로오션 | 성광칼라민로오션-100mL | 칼라민로오션(성광제약),CALAMINE | MATERIAL_UNSPECIFIED | PARAFFIN_PETROLEUM,3,619
NAME::ITEM_df8041d194fb047f3f40,성광칼라민로오션 | 성광칼라민로오션-100mL | 칼라민로오션(성광제약),CALAMINE | MATERIAL_UNSPECIFIED | PARAFFIN_PETROLEUM,3,619
NAME::ITEM_5d4fab03e58339ece085,성광칼라민로오션 | 성광칼라민로오션-100mL | 칼라민로오션(성광제약),CALAMINE | MATERIAL_UNSPECIFIED | PARAFFIN_PETROLEUM,3,619
NAME::ITEM_cbc2e864149dcc7fb8f9,베스타제정(무당)(동아제약)-1정(보훈급여),MICROBIAL_FUNGAL_ENZYME | PANCREATIN_ANIMAL_ENZYME,2,608
NAME::ITEM_a10cca585aa8ed0af4ed,대한생리식염주사액(염화나트륨) 20밀리리터(대한약품공업(주))-20mL/앰플(PP) | 대한생리식염주사액(염화나트륨)_(0.18g/20mL/앰플(PP))(대한약품공업(주))-20mL/앰플(PP) | 생리식염주사액20mL(대한약품)-20mL/앰플(PP),GLUCOSE_CORNSTARCH | SODIUM_CHLORIDE,2,588
NAME::ITEM_542be2ff029763c1460c,대한생리식염주사액(염화나트륨) 20밀리리터(대한약품공업(주))-20mL/앰플(PP) | 대한생리식염주사액(염화나트륨)_(0.18g/20mL/앰플(PP))(대한약품공업(주))-20mL/앰플(PP) | 생리식염주사액20mL(대한약품)-20mL/앰플(PP),GLUCOSE_CORNSTARCH | SODIUM_CHLORIDE,2,588
NAME::ITEM_a10ee1fe02db108f3e66,대한생리식염주사액(염화나트륨) 20밀리리터(대한약품공업(주))-20mL/앰플(PP) | 대한생리식염주사액(염화나트륨)_(0.18g/20mL/앰플(PP))(대한약품공업(주))-20mL/앰플(PP) | 생리식염주사액20mL(대한약품)-20mL/앰플(PP),GLUCOSE_CORNSTARCH | SODIUM_CHLORIDE,2,588
NAME::ITEM_1016ebbe56a5d27d10aa,(유한양행)소론도정5mg | 245/소론도정/프레드니솔론5mg/유한양행 | 소론도정(프레드니솔론)_(5mg/1정)((주)유한양행)-1정,PARAFFIN_PETROLEUM | PREDNISOLONE,2,584
NAME::ITEM_d7800c74d721de4165dd,(유한양행)소론도정5mg | 245/소론도정/프레드니솔론5mg/유한양행 | 소론도정(프레드니솔론)_(5mg/1정)((주)유한양행)-1정,PARAFFIN_PETROLEUM | PREDNISOLONE,2,584
NAME::ITEM_faff03c04df758267da3,(유한양행)소론도정5mg | 245/소론도정/프레드니솔론5mg/유한양행 | 소론도정(프레드니솔론)_(5mg/1정)((주)유한양행)-1정,PARAFFIN_PETROLEUM | PREDNISOLONE,2,584
NAME::ITEM_c3e38742828a72389f36,이부펜정400mg(이부프로펜)(제이에스제약(주))-1정 | 이부펜정400mg(이부프로펜)_(0.4g/1정)(제이에스제약(주))-1정,ALUMINUM | IBUPROFEN | POLYPROPYLENE_PP,3,576
NAME::ITEM_9a8d20f961d3bf151cae,이부펜정400mg(이부프로펜)(제이에스제약(주))-1정 | 이부펜정400mg(이부프로펜)_(0.4g/1정)(제이에스제약(주))-1정,ALUMINUM | IBUPROFEN | POLYPROPYLENE_PP,3,576
NAME::ITEM_017a9dc8b6012034236c,마데카솔케어연고(6g)(동국제약(주)) | 마데카솔케어연고(6g)(동국제약(주))-6g/개,CENTELLA_EXTRACT | PARAFFIN_PETROLEUM,2,554
NAME::ITEM_c85760df75a56750b71a,훼스탈플러스정 | 훼스탈플러스정(1정)((주)한독)-1정 | 훼스탈플러스정(한독),MICROBIAL_FUNGAL_ENZYME | PANCREATIN_ANIMAL_ENZYME,2,546
NAME::ITEM_4638326b44c7f4dccc3d,게루삼정(1정)(삼남제약(주))-1정 | 게루삼정(삼남제약) | 게루삼정(삼남제약)-1정,ALUMINUM_HYDROXIDE_MINERAL | MAGNESIUM_HYDROXIDE_MINERAL,2,528
NAME::ITEM_1cd12bb2c5b86ddb17fb,포타겔현탁액(대원제약(주))-20mL/포 | 포타겔현탁액(디옥타헤드랄스멕타이트)_(3g/20mL)(대원제약(주))-20mL/포,ALUMINUM | DIOCTAHEDRAL_SMECTITE | PHARMA_API_GENERIC | POLYPROPYLENE_PP,4,526
NAME::ITEM_bbde46c7143d9c01a8ac,포타겔현탁액(대원제약(주))-20mL/포 | 포타겔현탁액(디옥타헤드랄스멕타이트)_(3g/20mL)(대원제약(주))-20mL/포,ALUMINUM | DIOCTAHEDRAL_SMECTITE | PHARMA_API_GENERIC | POLYPROPYLENE_PP,4,526
NAME::ITEM_cd1e746dde2bd24a7243,베스타제당의정 | 베스타제당의정(동아제약) - 1정,MICROBIAL_FUNGAL_ENZYME | PANCREATIN_ANIMAL_ENZYME,2,514
NAME::ITEM_d104eb246b510867c1eb,마데카솔케어연고(10g)(동국제약(주))-10g/개 | 마데카솔케어연고(6g)(동국제약(주))-6g/개 | 마데카솔케어연고10g,CENTELLA_EXTRACT | PARAFFIN_PETROLEUM,2,512
NAME::ITEM_1d2dc8f637c3bd6be1e7,마데카솔케어연고(10g)(동국제약(주))-10g/개 | 마데카솔케어연고(6g)(동국제약(주))-6g/개 | 마데카솔케어연고10g,CENTELLA_EXTRACT | PARAFFIN_PETROLEUM,2,512
NAME::ITEM_c4cecf65b1cadd2d693a,(AI)인플루엔자 0.5ml | 국가: 어르신 | 독감무료(14-64세 보령시민 지자체),BIOLOGICS_CELL_CULTURE | LIPID_NANOPARTICLE | MATERIAL_UNSPECIFIED,3,512
NAME::ITEM_dfc3f348ff004c26caa3,한미유리아크림200mg | 한미유리아크림200밀리그램(우레아)_(10g/50g)(한미약품(주))-50g/개,PARAFFIN_PETROLEUM | UREA,2,508
NAME::ITEM_b39ebbabc19bf504a16b,한미유리아크림200mg | 한미유리아크림200밀리그램(우레아)_(10g/50g)(한미약품(주))-50g/개,PARAFFIN_PETROLEUM | UREA,2,508
NAME::ITEM_512f05d2920435a86cbc,박테로신연고(무피로신)(수출명: KM MUPIROCIN Oint)_(0.3g/15g)(주식회사제뉴원사이언스)-15g/개 | 박테로신연고(무피로신)(수출명: KM MUPIROCIN Oint)_(0.3g/15g)(한국콜마(주))-15g/개,MUPIROCIN | PARAFFIN_PETROLEUM,2,498
NAME::ITEM_c540e45e3b8d8101dc8d,박테로신연고(무피로신)(수출명: KM MUPIROCIN Oint)_(0.3g/15g)(주식회사제뉴원사이언스)-15g/개 | 박테로신연고(무피로신)(수출명: KM MUPIROCIN Oint)_(0.3g/15g)(한국콜마(주))-15g/개,MUPIROCIN | PARAFFIN_PETROLEUM,2,498
NAME::ITEM_924071e7198a3fc3e3bc,로마졸크림(클로트리마졸))(수출명:Coraliteclotrimazoleantifungalcream1%)_(0.15g/15g)((주)씨엠지제약)-15g/개 | 로마졸크림(클로트리마졸)_(0.15g/15g)((주)씨엠지제약)-15g/개,CLOTRIMAZOLE | PARAFFIN_PETROLEUM,2,494
NAME::ITEM_fadd99208b297fad020d,로마졸크림(클로트리마졸))(수출명:Coraliteclotrimazoleantifungalcream1%)_(0.15g/15g)((주)씨엠지제약)-15g/개 | 로마졸크림(클로트리마졸)_(0.15g/15g)((주)씨엠지제약)-15g/개,CLOTRIMAZOLE | PARAFFIN_PETROLEUM,2,494
NAME::ITEM_e223433ae7f33d6bfa97,에이스린장용정(아스피린)((주)한국파비스제약)-1정,ALUMINUM | ASPIRIN | POLYPROPYLENE_PP,3,480
NAME::ITEM_1f6f6c5938e634820646,게루삼정(1정)(삼남제약(주))-1정 | 게루삼정(삼남제약) | 게루삼정(삼남제약)-1정,ALUMINUM_HYDROXIDE_MINERAL | MAGNESIUM_HYDROXIDE_MINERAL,2,476
NAME::ITEM_29aaa71b771a8e1a1ecc,게루삼정(1정)(삼남제약(주))-1정 | 게루삼정(삼남제약) | 게루삼정(삼남제약)-1정,ALUMINUM_HYDROXIDE_MINERAL | MAGNESIUM_HYDROXIDE_MINERAL,2,476
NAME::ITEM_5a7bc6141fa6b9db0e9d,디나트륨인산덱사메타손주사액(유한양행)-1mL/앰플 | 유한디나트륨인산덱사메타손주사액 1mL | 유한디나트륨인산덱사메타손주사액(수출명:덱사컴유한덱사컴)((주)유한양행)-1mL/앰플,DEXAMETHASONE | PARAFFIN_PETROLEUM,2,460
NAME::ITEM_9a1b36893a77453ab1eb,디나트륨인산덱사메타손주사액(유한양행)-1mL/앰플 | 유한디나트륨인산덱사메타손주사액 1mL | 유한디나트륨인산덱사메타손주사액(수출명:덱사컴유한덱사컴)((주)유한양행)-1mL/앰플,DEXAMETHASONE | PARAFFIN_PETROLEUM,2,460
NAME::ITEM_ac03b27ae62262ca676e,디나트륨인산덱사메타손주사액(유한양행)-1mL/앰플 | 유한디나트륨인산덱사메타손주사액 1mL | 유한디나트륨인산덱사메타손주사액(수출명:덱사컴유한덱사컴)((주)유한양행)-1mL/앰플,DEXAMETHASONE | PARAFFIN_PETROLEUM,2,460
NAME::ITEM_c0080ad1660b9a6b96fd,훼스탈플러스정 | 훼스탈플러스정(1정)((주)한독)-1정 | 훼스탈플러스정(한독),MICROBIAL_FUNGAL_ENZYME | PANCREATIN_ANIMAL_ENZYME,2,446
NAME::ITEM_183b109219ddcdfc8db8,훼스탈플러스정 | 훼스탈플러스정(1정)((주)한독)-1정 | 훼스탈플러스정(한독),MICROBIAL_FUNGAL_ENZYME | PANCREATIN_ANIMAL_ENZYME,2,446
NAME::ITEM_3e6d3c85dd0ee593ce59,베아제정(대웅제약)-1정(보훈급여),MICROBIAL_FUNGAL_ENZYME | PANCREATIN_ANIMAL_ENZYME,2,436
NAME::ITEM_468b1f328ef4a2c95201,베아제정(대웅제약)-1정(보훈급여),MICROBIAL_FUNGAL_ENZYME | PANCREATIN_ANIMAL_ENZYME,2,436
NAME::ITEM_403aae5c7dc5f2621fc8,반질올크림((주)삼공씨앤피) | 반질올크림(삼공씨앤피)-60g/개,PARAFFIN_PETROLEUM | UREA_TOPICAL,2,424
NAME::ITEM_f77dd6e4026bb582a639,반질올크림((주)삼공씨앤피) | 반질올크림(삼공씨앤피)-60g/개,PARAFFIN_PETROLEUM | UREA_TOPICAL,2,424
NAME::ITEM_54aceee191fec9f13711,겟투겔(케토프로펜)_(1.5g/50g)(한국넬슨제약(주))-50g/개,ALUMINUM | KETOPROFEN | POLYPROPYLENE_PP,3,399
NAME::ITEM_d4a67efa400457e42c30,(군)대상포진 | (도)대상포진 스카이조스터 | (도)스카이조스터주 0.5mL(65세이상)무료,MATERIAL_UNSPECIFIED | PHARMA_API_GENERIC | ZOSTER_VACCINE,3,399
NAME::ITEM_f1819b796cded4e3cc62,"라벤다크림_(15g)((주)에이프로젠바이오로직스)-15g/개 | 라벤다크림_(15g)(에이프로젠제약(주))-15g/개 | 라벤다크림_(9.6mg,0.15g,15mg/15g)(슈넬생명과학(주))-15g/개",BETAMETHASONE_CLOTRIMAZOLE_GENTAMICIN | PARAFFIN_PETROLEUM,2,398
NAME::ITEM_8f685f98fb39a894af72,마데카솔분말(센텔라정량추출물)(02g/10g)(동국제약(주))-10g/통,CENTELLA_ASIATICA_EXTRACT | PARAFFIN_PETROLEUM,2,398
NAME::ITEM_5c4bab7541778f49cbcb,"라벤다크림_(15g)((주)에이프로젠바이오로직스)-15g/개 | 라벤다크림_(15g)(에이프로젠제약(주))-15g/개 | 라벤다크림_(9.6mg,0.15g,15mg/15g)(슈넬생명과학(주))-15g/개",BETAMETHASONE_CLOTRIMAZOLE_GENTAMICIN | PARAFFIN_PETROLEUM,2,398
NAME::ITEM_645fe5d824da4b66ca13,"라벤다크림_(15g)((주)에이프로젠바이오로직스)-15g/개 | 라벤다크림_(15g)(에이프로젠제약(주))-15g/개 | 라벤다크림_(9.6mg,0.15g,15mg/15g)(슈넬생명과학(주))-15g/개",BETAMETHASONE_CLOTRIMAZOLE_GENTAMICIN | PARAFFIN_PETROLEUM,2,398
NAME::ITEM_f639ab63e41bc84ef7d7,실마진1%크림(동화약품)-20g/개 | 실마진1%크림(설파디아진은)_(0.2g/20g) | 실마진1%크림(설파디아진은)_(0.2g/20g)(동화약품(주))-20g/개,PARAFFIN_PETROLEUM | SILVER_SULFADIAZINE,2,388
NAME::ITEM_040ff3b0c4463687eb13,9%생리식염주 500mL(대한약품)-500mL/백 | 대한멸균생리식염수500밀리리터(생리식염주사액)(대한약품공업(주))-500mL/백 | 멸균생리식염수1L,GLUCOSE_CORNSTARCH | POLYPROPYLENE_PP | POLYVINYL_CHLORIDE_PVC | SODIUM_CHLORIDE,4,388
NAME::ITEM_d1d8bc52ead8e08b1ed6,실마진1%크림(동화약품)-20g/개 | 실마진1%크림(설파디아진은)_(0.2g/20g) | 실마진1%크림(설파디아진은)_(0.2g/20g)(동화약품(주))-20g/개,PARAFFIN_PETROLEUM | SILVER_SULFADIAZINE,2,388
NAME::ITEM_36970779acb6fbfcb3d6,9%생리식염주 500mL(대한약품)-500mL/백 | 대한멸균생리식염수500밀리리터(생리식염주사액)(대한약품공업(주))-500mL/백 | 멸균생리식염수1L,GLUCOSE_CORNSTARCH | POLYPROPYLENE_PP | POLYVINYL_CHLORIDE_PVC | SODIUM_CHLORIDE,4,388
NAME::ITEM_15891e994df6bdd469e3,9%생리식염주 500mL(대한약품)-500mL/백 | 대한멸균생리식염수500밀리리터(생리식염주사액)(대한약품공업(주))-500mL/백 | 멸균생리식염수1L,GLUCOSE_CORNSTARCH | POLYPROPYLENE_PP | POLYVINYL_CHLORIDE_PVC | SODIUM_CHLORIDE,4,388
NAME::ITEM_f11f28a7a2a403ab119a,실마진1%크림(동화약품)-20g/개 | 실마진1%크림(설파디아진은)_(0.2g/20g) | 실마진1%크림(설파디아진은)_(0.2g/20g)(동화약품(주))-20g/개,PARAFFIN_PETROLEUM | SILVER_SULFADIAZINE,2,388
NAME::ITEM_2482cae306969a2e018f,다솔론정(메틸프레드니솔론)_(4mg/1정)((주)한국파비스제약)-1정,METHYLPREDNISOLONE | PARAFFIN_PETROLEUM,2,382
NAME::ITEM_78701a98cd32b32da573,부스코판당의정(부틸스코폴라민브롬화물)_(10mg/1정)(오펠라헬스케어코리아(주))-1정 | 부스코판당의정(오펠라헬스케어코리아)-1정,BUTYLSCOPOLAMINE | HYOSCINE_BUTYLBROMIDE,2,381
NAME::ITEM_15007e0dd5286e9f9730,부스코판당의정(부틸스코폴라민브롬화물)_(10mg/1정)(오펠라헬스케어코리아(주))-1정 | 부스코판당의정(오펠라헬스케어코리아)-1정,BUTYLSCOPOLAMINE | HYOSCINE_BUTYLBROMIDE,2,381
NAME::ITEM_93b9aa620d065a0aa886,마겐정(알마게이트)_(0.5g/1정)((주)시어스제약)-1정 | 마겐정(알마게이트)_(0.5g/1정)-1정,ALUMINUM_HYDROXIDE_MINERAL | MAGNESIUM_HYDROXIDE_MINERAL,2,374
NAME::ITEM_8c2c8db1183a72afc85f,마겐정(알마게이트)_(0.5g/1정)((주)시어스제약)-1정 | 마겐정(알마게이트)_(0.5g/1정)-1정,ALUMINUM_HYDROXIDE_MINERAL | MAGNESIUM_HYDROXIDE_MINERAL,2,374
NAME::ITEM_838a4965ee14ee41d45d,펜잘8시간이알서방정(아세트아미노펜)_(0.65g/1정)((주)종근당)-1정 | 펜잘이알서방정(아세트아미노펜)((주)종근당)-1정,ACETAMINOPHEN | ALUMINUM | POLYPROPYLENE_PP,3,363
NAME::ITEM_6731b365a21f60c7c555,아스필장용정(아스피린100밀리그람)(익수제약(주))-1정,ALUMINUM | ASPIRIN | POLYPROPYLENE_PP,3,363
NAME::ITEM_2c99232626b015d743e2,펜잘8시간이알서방정(아세트아미노펜)_(0.65g/1정)((주)종근당)-1정 | 펜잘이알서방정(아세트아미노펜)((주)종근당)-1정,ACETAMINOPHEN | ALUMINUM | POLYPROPYLENE_PP,3,363
NAME::ITEM_de51c9ce42ba988f127c,(군)대상포진 | (군)대상포진 스카이조스터 | (군)스카이조스터주 0.5mL/병(50세이상),MATERIAL_UNSPECIFIED | PHARMA_API_GENERIC | ZOSTER_VACCINE,3,346
NAME::ITEM_a0918020926ec7ab3004,메틸론정4mg(메틸프레드니솔론)_(4mg/1정)((주)마더스제약)-1정,METHYLPREDNISOLONE | PARAFFIN_PETROLEUM,2,340
NAME::ITEM_40176626bf0440f9b1eb,삼익아스피린장용정(삼익제약(주))-1정,ALUMINUM | ASPIRIN | POLYPROPYLENE_PP,3,336
NAME::ITEM_9501750c9e7ad86a25c7,베아제정 (대웅제약)-1정,MICROBIAL_FUNGAL_ENZYME | PANCREATIN_ANIMAL_ENZYME,2,332
NAME::ITEM_0cc5f0bac7d7df07dcbf,아크렌틴정375mg | 아크렌틴정375mg(아목시실린-클라불란산칼륨(2:1))((주)씨엠지제약)-1정 | 아크렌틴정375mg(아목시실린클라불란산칼륨(2:1))_(1정)((주)씨엠지제약)-1정,ALUMINUM | AMOXICILLIN_CLAVULANATE | PHARMA_API_GENERIC | POLYPROPYLENE_PP,4,328
NAME::ITEM_71845c32976d4f4f9b5a,아크렌틴정375mg | 아크렌틴정375mg(아목시실린-클라불란산칼륨(2:1))((주)씨엠지제약)-1정 | 아크렌틴정375mg(아목시실린클라불란산칼륨(2:1))_(1정)((주)씨엠지제약)-1정,ALUMINUM | AMOXICILLIN_CLAVULANATE | PHARMA_API_GENERIC | POLYPROPYLENE_PP,4,328
NAME::ITEM_2e2a19d885f1bc8dbf83,아크렌틴정375mg | 아크렌틴정375mg(아목시실린-클라불란산칼륨(2:1))((주)씨엠지제약)-1정 | 아크렌틴정375mg(아목시실린클라불란산칼륨(2:1))_(1정)((주)씨엠지제약)-1정,ALUMINUM | AMOXICILLIN_CLAVULANATE | PHARMA_API_GENERIC | POLYPROPYLENE_PP,4,328
NAME::ITEM_9da71545cf1e62439f9a,버물리에스액(50mL)(현대약품(주))-50mL/병,INSECT_BITE_TOPICAL_UNCONFIRMED | PARAFFIN_PETROLEUM,2,324
NAME::ITEM_35db379a71cabba48565,(한미약품)바이버크림(아시클로버)-5g/개 | 바이버크림(아시클로버)(수출명:바이럴크림)_(0.25g/5g)(한미약품(주))-5g/개 | 바이버크림(아시클로버)(한미약품(주))-5g/개,ACYCLOVIR | PARAFFIN_PETROLEUM,2,314
NAME::ITEM_715d8b32aa9727a8caf6,(한미약품)바이버크림(아시클로버)-5g/개 | 바이버크림(아시클로버)(수출명:바이럴크림)_(0.25g/5g)(한미약품(주))-5g/개 | 바이버크림(아시클로버)(한미약품(주))-5g/개,ACYCLOVIR | PARAFFIN_PETROLEUM,2,314
NAME::ITEM_1199c76d91700792de04,(한미약품)바이버크림(아시클로버)-5g/개 | 바이버크림(아시클로버)(수출명:바이럴크림)_(0.25g/5g)(한미약품(주))-5g/개 | 바이버크림(아시클로버)(한미약품(주))-5g/개,ACYCLOVIR | PARAFFIN_PETROLEUM,2,314
NAME::ITEM_aa156e761f56c1c4f037,(한미약품)바이버크림(아시클로버)-5g/개 | 바이버크림(아시클로버)(수출명:바이럴크림)_(0.25g/5g)(한미약품(주))-5g/개 | 바이버크림(아시클로버)(한미약품(주))-5g/개,ACYCLOVIR | PARAFFIN_PETROLEUM,2,314
NAME::ITEM_e6f05df36f5815ee3e11,그루타제정(1정)(지엘파마(주))-1정 | 그루타제정(지엘파마) | 그루타제정(지엘파마)-1정,MICROBIAL_FUNGAL_ENZYME | PANCREATIN_ANIMAL_ENZYME,2,310
NAME::ITEM_5c03bcf7194ebf138b0c,그루타제정(1정)(지엘파마(주))-1정 | 그루타제정(지엘파마) | 그루타제정(지엘파마)-1정,MICROBIAL_FUNGAL_ENZYME | PANCREATIN_ANIMAL_ENZYME,2,310
NAME::ITEM_2e3fa618c9e71ff311f3,그루타제정(1정)(지엘파마(주))-1정 | 그루타제정(지엘파마) | 그루타제정(지엘파마)-1정,MICROBIAL_FUNGAL_ENZYME | PANCREATIN_ANIMAL_ENZYME,2,310
NAME::ITEM_e2141d22a945bc60b696,대한관류용멸균생리식염수 1000밀리리터(대한약품공업(주))-1000mL/병,POLYPROPYLENE_PP | POLYVINYL_CHLORIDE_PVC,2,294
NAME::ITEM_bb08ceb5cfbc1431c0ae,(군)대상포진 | 대상포진 | 대상포진 0.5ml,MATERIAL_UNSPECIFIED | PHARMA_API_GENERIC | ZOSTER_VACCINE,3,293
NAME::ITEM_494dacbaddfb012fb03e,보드미크림(프레드니카르베이트)1g | 보드미크림(프레드니카르베이트)_(50mg/20g)((주)씨엠지제약)-20g/개,PARAFFIN_PETROLEUM | PHARMA_API_GENERIC | PREDNICARBATE,3,290
NAME::ITEM_55e58084290324753ba8,보드미크림(프레드니카르베이트)1g | 보드미크림(프레드니카르베이트)_(50mg/20g)((주)씨엠지제약)-20g/개,PARAFFIN_PETROLEUM | PHARMA_API_GENERIC | PREDNICARBATE,3,290
NAME::ITEM_e26390b584a8a4c21980,판코타제정(1정)(태극제약(주))-1정,MICROBIAL_FUNGAL_ENZYME | PANCREATIN_ANIMAL_ENZYME,2,288
NAME::ITEM_24b19cc5572a32d64fbc,반질크림(우레아)(12g/60g)(해태에이치티비(주))-60g/개 | 반질크림(우레아)(해태에이치티비(주))-60g/개 | 반질크림(태극제약)-60g,PARAFFIN_PETROLEUM | UREA | UREA_TOPICAL,3,286
NAME::ITEM_ae5e66b62f84fef59a9e,반질크림(우레아)(12g/60g)(해태에이치티비(주))-60g/개 | 반질크림(우레아)(해태에이치티비(주))-60g/개 | 반질크림(태극제약)-60g,PARAFFIN_PETROLEUM | UREA | UREA_TOPICAL,3,286
NAME::ITEM_729caa7943a7fc63e557,반질크림(우레아)(12g/60g)(해태에이치티비(주))-60g/개 | 반질크림(우레아)(해태에이치티비(주))-60g/개 | 반질크림(태극제약)-60g,PARAFFIN_PETROLEUM | UREA | UREA_TOPICAL,3,286
NAME::ITEM_6d66e295968b1ff3984b,반질크림(우레아)(12g/60g)(해태에이치티비(주))-60g/개 | 반질크림(우레아)(해태에이치티비(주))-60g/개 | 반질크림(태극제약)-60g,PARAFFIN_PETROLEUM | UREA | UREA_TOPICAL,3,286
NAME::ITEM_600702efe0727a431690,유한아스피린장용정(아스피린)((주)유한양행)-1정,ALUMINUM | ASPIRIN | POLYPROPYLENE_PP,3,285
NAME::ITEM_4d93ee47cd34daf73d60,"겐트리손크림_(12.8mg,0.2g,20mg/20g)(신풍제약(주))-20g/개 | 겐트리손크림_(20g)(신풍제약(주))-20g/개",BETAMETHASONE_CLOTRIMAZOLE_GENTAMICIN | PARAFFIN_PETROLEUM,2,280
NAME::ITEM_feb56e893ae0f00be2bf,"겐트리손크림_(12.8mg,0.2g,20mg/20g)(신풍제약(주))-20g/개 | 겐트리손크림_(20g)(신풍제약(주))-20g/개",BETAMETHASONE_CLOTRIMAZOLE_GENTAMICIN | PARAFFIN_PETROLEUM,2,280
NAME::ITEM_98268847c9d96073bd4f,로시덴겔(피로시캄)(수출명:SPPiroxicamGelSHINPOONGROSIDENGel)_(0.25g/50g)(신풍제약(주))-50g/개 | 로시덴겔(피록시캄)_(0.25g/50g)(신풍제약(주))-50g/개,ALUMINUM | PIROXICAM | POLYPROPYLENE_PP,3,279
NAME::ITEM_56ca67b806e352d38d41,낙센정(나프록센)(025g/1정)((주)종근당)-1정,ALUMINUM | NAPROXEN | POLYPROPYLENE_PP,3,279
NAME::ITEM_7540d3a1d77ac25b4754,파인스겔(피록시캄)_(0.25g/50g)(태극제약(주))-50g/개,ALUMINUM | PIROXICAM | POLYPROPYLENE_PP,3,279
NAME::ITEM_ea74db3afbb31fb61230,로시덴겔(피로시캄)(수출명:SPPiroxicamGelSHINPOONGROSIDENGel)_(0.25g/50g)(신풍제약(주))-50g/개 | 로시덴겔(피록시캄)_(0.25g/50g)(신풍제약(주))-50g/개,ALUMINUM | PIROXICAM | POLYPROPYLENE_PP,3,279
NAME::ITEM_0caeb398507c63b7a4d7,미모나크림(우레아)_(10g/50g)((주)씨엠지제약)-50g/개,PARAFFIN_PETROLEUM | UREA,2,270
NAME::ITEM_6c9292d21858ff37d635,(군)대상포진 | 대상포진 | 대상포진 0.5ml,MATERIAL_UNSPECIFIED | PHARMA_API_GENERIC | ZOSTER_VACCINE,3,269
NAME::ITEM_188fffb0e68155ea324a,아클라오정375mg | 아클라오정375밀리그램(아목시실린-클라불란산칼륨)_(1정)(알리코제약(주))-1정,ALUMINUM | AMOXICILLIN_CLAVULANATE | PHARMA_API_GENERIC | POLYPROPYLENE_PP,4,248
NAME::ITEM_f9e8f1edc101974e1f58,"나미야지크림(수출명:BECLOGENCream.)_(0.288g,4.5g,0.45g/450g)((주)씨엠지제약)-450g/병 | 나미야지크림_(450g)((주)씨엠지제약)-450g/병",BETAMETHASONE_CLOTRIMAZOLE_GENTAMICIN | PARAFFIN_PETROLEUM,2,248
NAME::ITEM_de0bee44c0fa645eef55,성광칼라민로오션(성광제약)-1ml,CALAMINE | PARAFFIN_PETROLEUM,2,248
NAME::ITEM_c4f65948365637ca3f1e,"나미야지크림(수출명:BECLOGENCream.)_(0.288g,4.5g,0.45g/450g)((주)씨엠지제약)-450g/병 | 나미야지크림_(450g)((주)씨엠지제약)-450g/병",BETAMETHASONE_CLOTRIMAZOLE_GENTAMICIN | PARAFFIN_PETROLEUM,2,248
NAME::ITEM_bb045856f84f2977c08d,아클라오정375mg | 아클라오정375밀리그램(아목시실린-클라불란산칼륨)_(1정)(알리코제약(주))-1정,ALUMINUM | AMOXICILLIN_CLAVULANATE | PHARMA_API_GENERIC | POLYPROPYLENE_PP,4,248
NAME::ITEM_f27ecde364fcba1fb5da,신풍겐타마이신황산염크림(신풍제약)-250g/통 | 신풍겐타마이신황산염크림_(0.25g/250g)(신풍제약(주))-250g/통,GENTAMICIN | PARAFFIN_PETROLEUM,2,242
NAME::ITEM_d5abf993e10f32c8fcf7,박트리안연고(무피로신)(02g/10g)(태극제약(주))-10g/개,MUPIROCIN | PARAFFIN_PETROLEUM,2,242
NAME::ITEM_d88ad5b7ced5c1d74b4b,미프론정4mg(메틸프레드니솔론)_(4mg/1정)((주)팜젠사이언스)-1정 | 미프론정4mg(메틸프레드니솔론)_(4mg/1정)(우리들제약(주))-1정,METHYLPREDNISOLONE | PARAFFIN_PETROLEUM,2,242
NAME::ITEM_20f3cb877cde8b24a18d,미프론정4mg(메틸프레드니솔론)_(4mg/1정)((주)팜젠사이언스)-1정 | 미프론정4mg(메틸프레드니솔론)_(4mg/1정)(우리들제약(주))-1정,METHYLPREDNISOLONE | PARAFFIN_PETROLEUM,2,242
NAME::ITEM_442f485137831ab62135,신풍겐타마이신황산염크림(신풍제약)-250g/통 | 신풍겐타마이신황산염크림_(0.25g/250g)(신풍제약(주))-250g/통,GENTAMICIN | PARAFFIN_PETROLEUM,2,242
NAME::ITEM_bdb5a2d4603c910ad018,더마톱크림0.25%(프레드니카르베이트)_(25mg/10g)((주)한독)-10g/개,PARAFFIN_PETROLEUM | PREDNICARBATE,2,240
NAME::ITEM_5bd130118b8ca58d5ba2,휴메딕스덱사메타손포스페이트이나트륨주사,DEXAMETHASONE | PARAFFIN_PETROLEUM,2,238
NAME::ITEM_c804ac98e077577ece53,듀락칸이지시럽(락툴로오즈농축액)_(20.1g/15mL)(제이더블유중외제약(주))-15mL/포 | 듀락칸이지시럽(락툴로오즈농축액)_(제이더블유중외제약(주))-15mL/포 | 듀락칸이지시럽(제이더블유중외제약(주))-15mL/포,ALUMINUM | LACTULOSE | PHARMA_API_GENERIC | POLYPROPYLENE_PP,4,238
NAME::ITEM_505186c2ef5cc0cc5dde,듀락칸이지시럽(락툴로오즈농축액)_(20.1g/15mL)(제이더블유중외제약(주))-15mL/포 | 듀락칸이지시럽(락툴로오즈농축액)_(제이더블유중외제약(주))-15mL/포 | 듀락칸이지시럽(제이더블유중외제약(주))-15mL/포,ALUMINUM | LACTULOSE | PHARMA_API_GENERIC | POLYPROPYLENE_PP,4,238
NAME::ITEM_ad0d53b6520b6e15a110,듀락칸이지시럽(락툴로오즈농축액)_(20.1g/15mL)(제이더블유중외제약(주))-15mL/포 | 듀락칸이지시럽(락툴로오즈농축액)_(제이더블유중외제약(주))-15mL/포 | 듀락칸이지시럽(제이더블유중외제약(주))-15mL/포,ALUMINUM | LACTULOSE | PHARMA_API_GENERIC | POLYPROPYLENE_PP,4,238
NAME::ITEM_8d086ddb6424373eab87,듀락칸이지시럽(락툴로오즈농축액)_(20.1g/15mL)(제이더블유중외제약(주))-15mL/포 | 듀락칸이지시럽(락툴로오즈농축액)_(제이더블유중외제약(주))-15mL/포 | 듀락칸이지시럽(제이더블유중외제약(주))-15mL/포,ALUMINUM | LACTULOSE | PHARMA_API_GENERIC | POLYPROPYLENE_PP,4,238
NAME::ITEM_42f4e08237e02124c904,파나덤크림_(450g)(제이더블유신약(주))-450g/통,BETAMETHASONE_CLOTRIMAZOLE_GENTAMICIN | PARAFFIN_PETROLEUM,2,238
NAME::ITEM_6d7f2a0872fb0f0f966d,마게이트정(알마게이트)_(0.5g/1정)(익수제약(주))-1정,ALUMINUM_HYDROXIDE_MINERAL | MAGNESIUM_HYDROXIDE_MINERAL,2,236
NAME::ITEM_4f4770bc047435da93f2,무조날크림(테르비나핀염산염)_(0.15g/15g)(한미약품(주))-15g/개,PARAFFIN_PETROLEUM | TERBINAFINE,2,236
NAME::ITEM_6547065f980ede8c97ec,국가: 어르신 | 인플루엔자 | 인플루엔자 (지자체 무료),BIOLOGICS_CELL_CULTURE | LIPID_NANOPARTICLE | MATERIAL_UNSPECIFIED,3,236
NAME::ITEM_39d4aa07941f24b5f15a,에펙신안연고(오플록사신)_(10.5mg/3.5g)(일동제약(주))-3.5g/개 | 에펙신안연고(일동제약(주)-3.5g/개,OFLOXACIN | PARAFFIN_PETROLEUM | PHARMA_API_GENERIC,3,234
NAME::ITEM_790d39f04cd3826ed8ad,에펙신안연고(오플록사신)_(10.5mg/3.5g)(일동제약(주))-3.5g/개 | 에펙신안연고(일동제약(주)-3.5g/개,OFLOXACIN | PARAFFIN_PETROLEUM | PHARMA_API_GENERIC,3,234
NAME::ITEM_8eee8fd4fc1f92c26a48,메피론정4mg(메틸프레드니솔론)_(4mg/1정)((주)디에이치피코리아)-1정 | 메피론정4mg(메틸프레드니솔론)_(4mg/1정)((주)옵투스제약)-1정,METHYLPREDNISOLONE | PARAFFIN_PETROLEUM,2,232
NAME::ITEM_21c7df49a8d167388a38,메피론정4mg(메틸프레드니솔론)_(4mg/1정)((주)디에이치피코리아)-1정 | 메피론정4mg(메틸프레드니솔론)_(4mg/1정)((주)옵투스제약)-1정,METHYLPREDNISOLONE | PARAFFIN_PETROLEUM,2,232
NAME::ITEM_97664ebf6565cce27686,(건)마이니철분플러스 | (건강)임산부엽산제30T | (건강)임산부철분제30T,FOLIC_ACID | IRON_MINERAL_COMPOUND | MATERIAL_UNSPECIFIED | VITAMIN_SYNTHETIC_RAWMATERIAL,4,232
NAME::ITEM_7e5785052d609d903a15,넥스핀장용정100mg(아스피린)((주)넥스팜코리아)-1정,ALUMINUM | ASPIRIN | POLYPROPYLENE_PP,3,231
NAME::ITEM_2d86a9b55947983d3ca0,마데카솔분말 | 마데카솔분말 10g | 마데카솔분말(동국제약)-10g,CENTELLA_EXTRACT | PARAFFIN_PETROLEUM,2,228
NAME::ITEM_83787baf1328b179d021,마데카솔분말 | 마데카솔분말 10g | 마데카솔분말(동국제약)-10g,CENTELLA_EXTRACT | PARAFFIN_PETROLEUM,2,228
NAME::ITEM_fb5615de32d0556e7afe,마데카솔분말 | 마데카솔분말 10g | 마데카솔분말(동국제약)-10g,CENTELLA_EXTRACT | PARAFFIN_PETROLEUM,2,228
NAME::ITEM_711db8d108300c3c273d,텔미로탄정40mg(씨엠지제약) | 텔미로탄정40mg(텔미사르탄)((주)씨엠지제약)-1정 | 텔미로탄정40mg(텔미사르탄)_(40mg/1정)((주)씨엠지제약)-1정,TELMISARTAN | TELMISARTAN_AMLODIPINE,2,223
NAME::ITEM_e8c6d4d6c2eb65b8cf4c,텔미로탄정40mg(씨엠지제약) | 텔미로탄정40mg(텔미사르탄)((주)씨엠지제약)-1정 | 텔미로탄정40mg(텔미사르탄)_(40mg/1정)((주)씨엠지제약)-1정,TELMISARTAN | TELMISARTAN_AMLODIPINE,2,223
NAME::ITEM_401de39e74214c94b8f9,텔미로탄정40mg(씨엠지제약) | 텔미로탄정40mg(텔미사르탄)((주)씨엠지제약)-1정 | 텔미로탄정40mg(텔미사르탄)_(40mg/1정)((주)씨엠지제약)-1정,TELMISARTAN | TELMISARTAN_AMLODIPINE,2,223
NAME::ITEM_e68057d024f953a4353c,마데카솔연고(포장단위 8g)(동국제약),CENTELLA_EXTRACT | PARAFFIN_PETROLEUM,2,222
NAME::ITEM_aac2438b2c2e3ed0a305,실마진1%크림(※%처방)(설파디아진은)_(5g/500g)(동화약품(주))-500g/통 | 실마진1%크림(설파디아진은)_(5g/500g)(동화약품(주))-500g/통,PARAFFIN_PETROLEUM | SILVER_SULFADIAZINE,2,220
NAME::ITEM_4588c1193bedd85054a1,실마진1%크림(※%처방)(설파디아진은)_(5g/500g)(동화약품(주))-500g/통 | 실마진1%크림(설파디아진은)_(5g/500g)(동화약품(주))-500g/통,PARAFFIN_PETROLEUM | SILVER_SULFADIAZINE,2,220
NAME::ITEM_b2878924ae7857a59e33,파라리딘정 20mg | 파라리딘정20밀리그람(파모티딘)_(20mg/1정)((주)제뉴파마)-1정 | 파라리딘정20밀리그람(파모티딘)_(20mg/1정)(콜마파마(주)),ALUMINUM | FAMOTIDINE | PHARMA_API_GENERIC | POLYPROPYLENE_PP,4,216
NAME::ITEM_72fd8d180958336360b1,파라리딘정 20mg | 파라리딘정20밀리그람(파모티딘)_(20mg/1정)((주)제뉴파마)-1정 | 파라리딘정20밀리그람(파모티딘)_(20mg/1정)(콜마파마(주)),ALUMINUM | FAMOTIDINE | PHARMA_API_GENERIC | POLYPROPYLENE_PP,4,216
NAME::ITEM_93cc684eba259267854c,파라리딘정 20mg | 파라리딘정20밀리그람(파모티딘)_(20mg/1정)((주)제뉴파마)-1정 | 파라리딘정20밀리그람(파모티딘)_(20mg/1정)(콜마파마(주)),ALUMINUM | FAMOTIDINE | PHARMA_API_GENERIC | POLYPROPYLENE_PP,4,216
NAME::ITEM_4b4d13368a81247bc36c,후라베린큐엑스정(1정)(일동제약(주))-1정,ALUMINUM | PHARMA_API_GENERIC | POLYPROPYLENE_PP,3,216
NAME::ITEM_39f103e9929fe9a2250b,쎄레스톤지크림(15g)((주)유한양행)-15g/개,BETAMETHASONE_GENTAMICIN | PARAFFIN_PETROLEUM,2,214
NAME::ITEM_091d4c7fa0dbc41e3ff2,엠솔론정(메틸프레드니솔론)(콜마파마(주))-1정 | 엠솔론정(메틸프레드니솔론)_(4mg/1정)((주)제뉴파마)-1정,METHYLPREDNISOLONE | PARAFFIN_PETROLEUM,2,214
NAME::ITEM_a65f7cc81bdc04abfdf8,엠솔론정(메틸프레드니솔론)(콜마파마(주))-1정 | 엠솔론정(메틸프레드니솔론)_(4mg/1정)((주)제뉴파마)-1정,METHYLPREDNISOLONE | PARAFFIN_PETROLEUM,2,214
NAME::ITEM_4d4f6c33dfeb69ea58bb,베이덤연고(우레아)(10g/50g)(태극제약(주))-50g/개 | 베이덤연고(우레아)(10g/50g)(태극제약(주))-g,PARAFFIN_PETROLEUM | UREA,2,208
NAME::ITEM_75c283fd2f0254c491fc,베이덤연고(우레아)(10g/50g)(태극제약(주))-50g/개 | 베이덤연고(우레아)(10g/50g)(태극제약(주))-g,PARAFFIN_PETROLEUM | UREA,2,208
NAME::ITEM_2581e7df23263fe6489e,B형간염(대인)유료 | 유박스 1.0ml | 유박스 1ml,BIOLOGICS_CELL_CULTURE | LIPID_NANOPARTICLE,2,206
NAME::ITEM_b531253d46d6e68308cb,고려은단멀티비타민(올인원) | 고려은단비타민씨 | 고려은단비타민씨1000,REFINED_SUGAR | SYNTHETIC_GUM_BASE | VITAMIN_C,3,202
NAME::ITEM_987470c18f4397abe902,고려은단멀티비타민(올인원) | 고려은단비타민씨 | 고려은단비타민씨1000,REFINED_SUGAR | SYNTHETIC_GUM_BASE | VITAMIN_C,3,202
NAME::ITEM_8e2f7a11681b6d87b112,고려은단멀티비타민(올인원) | 고려은단비타민씨 | 고려은단비타민씨1000,REFINED_SUGAR | SYNTHETIC_GUM_BASE | VITAMIN_C,3,202
NAME::ITEM_ad3db3a614f0f2c1db34,고려은단멀티비타민(올인원) | 고려은단비타민씨 | 고려은단비타민씨1000,REFINED_SUGAR | SYNTHETIC_GUM_BASE | VITAMIN_C,3,202
NAME::ITEM_87da513c9244f0363575,5%포도당주사액 500mL(대한약품)-500mL/백 | 대한포도당주사액(5%) 500ml(구급차용) | 대한포도당주사액(5%) 500밀리리터(대한약품공업(주))-500mL/백,GLUCOSE_CORNSTARCH | SODIUM_CHLORIDE,2,200
NAME::ITEM_be2f9a4587d1be34f7a3,5%포도당주사액 500mL(대한약품)-500mL/백 | 대한포도당주사액(5%) 500ml(구급차용) | 대한포도당주사액(5%) 500밀리리터(대한약품공업(주))-500mL/백,GLUCOSE_CORNSTARCH | SODIUM_CHLORIDE,2,200
NAME::ITEM_8156504092bf744ca9f8,5%포도당주사액 500mL(대한약품)-500mL/백 | 대한포도당주사액(5%) 500ml(구급차용) | 대한포도당주사액(5%) 500밀리리터(대한약품공업(주))-500mL/백,GLUCOSE_CORNSTARCH | SODIUM_CHLORIDE,2,200
NAME::ITEM_3a331884f7b5b4df3936,Tdap | Tdap(지자체) | Tdap(취약계층),BIOLOGICS_CELL_CULTURE | LIPID_NANOPARTICLE | MATERIAL_UNSPECIFIED,3,193
NAME::ITEM_29019866025d0d423eec,게이트정(알마게이트)(오스틴제약(주))-1정,ALUMINUM_HYDROXIDE_MINERAL | MAGNESIUM_HYDROXIDE_MINERAL,2,192
NAME::ITEM_9824a9728363dea61305,국제아시클로버크림_(0.25g/5g)(국제약품(주))-5g/개 | 국제아시클로버크림_(0.25g/5g)(국제약품공업(주))-5g/개,ACYCLOVIR | PARAFFIN_PETROLEUM,2,188
NAME::ITEM_e43b1c31fa8b7fdbae24,국제아시클로버크림_(0.25g/5g)(국제약품(주))-5g/개 | 국제아시클로버크림_(0.25g/5g)(국제약품공업(주))-5g/개,ACYCLOVIR | PARAFFIN_PETROLEUM,2,188
NAME::ITEM_7140c30f5ec164fe7d95,프레디솔정(메틸프레드니솔론)(이연제약(주))-1정 | 프레디솔정(메틸프레드니솔론)_(4mg/1정)(이연제약(주))-1정 | 프레디솔정(이연제약)-4mg,ALUMINUM | METHYLPREDNISOLONE | PARAFFIN_PETROLEUM | PHARMA_API_GENERIC | POLYPROPYLENE_PP,5,187
NAME::ITEM_ad17859dca00de4c0930,프레디솔정(메틸프레드니솔론)(이연제약(주))-1정 | 프레디솔정(메틸프레드니솔론)_(4mg/1정)(이연제약(주))-1정 | 프레디솔정(이연제약)-4mg,ALUMINUM | METHYLPREDNISOLONE | PARAFFIN_PETROLEUM | PHARMA_API_GENERIC | POLYPROPYLENE_PP,5,187
NAME::ITEM_93cf5e2c59324156ff42,프레디솔정(메틸프레드니솔론)(이연제약(주))-1정 | 프레디솔정(메틸프레드니솔론)_(4mg/1정)(이연제약(주))-1정 | 프레디솔정(이연제약)-4mg,ALUMINUM | METHYLPREDNISOLONE | PARAFFIN_PETROLEUM | PHARMA_API_GENERIC | POLYPROPYLENE_PP,5,187
NAME::ITEM_f9257cf38353be2d36fa,396/트라젠타정/리나글립틴5mg/한국베링거인겔하임 | ◇트라젠타정5mg[DPP-4](Linagliptin)(한국베링거인겔하임(주))-1정 | 트라젠타정(리나글립틴)(한국베링거인겔하임(주))-1정,ALUMINUM | LINAGLIPTIN | PHARMA_API_GENERIC | POLYPROPYLENE_PP,4,186
NAME::ITEM_e0810ebdfde8cd1f0c11,396/트라젠타정/리나글립틴5mg/한국베링거인겔하임 | ◇트라젠타정5mg[DPP-4](Linagliptin)(한국베링거인겔하임(주))-1정 | 트라젠타정(리나글립틴)(한국베링거인겔하임(주))-1정,ALUMINUM | LINAGLIPTIN | PHARMA_API_GENERIC | POLYPROPYLENE_PP,4,186
NAME::ITEM_2fe8f51564d50a7cbcbe,396/트라젠타정/리나글립틴5mg/한국베링거인겔하임 | ◇트라젠타정5mg[DPP-4](Linagliptin)(한국베링거인겔하임(주))-1정 | 트라젠타정(리나글립틴)(한국베링거인겔하임(주))-1정,ALUMINUM | LINAGLIPTIN | PHARMA_API_GENERIC | POLYPROPYLENE_PP,4,186
NAME::ITEM_5fe0b1bb243e457cf998,396/트라젠타정/리나글립틴5mg/한국베링거인겔하임 | ◇트라젠타정5mg[DPP-4](Linagliptin)(한국베링거인겔하임(주))-1정 | 트라젠타정(리나글립틴)(한국베링거인겔하임(주))-1정,ALUMINUM | LINAGLIPTIN | PHARMA_API_GENERIC | POLYPROPYLENE_PP,4,186
NAME::ITEM_64bb3eed1c4f41fa0343,쎄레브렉스캡슐200밀리그램(세레콕시브)_(0.2g/1캡슐)(비아트리스코리아(주))-1캡슐,ALUMINUM | CELECOXIB | POLYPROPYLENE_PP,3,186
NAME::ITEM_05741aad58d1abf67899,396/트라젠타정/리나글립틴5mg/한국베링거인겔하임 | ◇트라젠타정5mg[DPP-4](Linagliptin)(한국베링거인겔하임(주))-1정 | 트라젠타정(리나글립틴)(한국베링거인겔하임(주))-1정,ALUMINUM | LINAGLIPTIN | PHARMA_API_GENERIC | POLYPROPYLENE_PP,4,186
NAME::ITEM_b235ed4a9f119128c3e7,국가: 어르신 | 인플루엔자 | 인플루엔자 (지자체 무료),BIOLOGICS_CELL_CULTURE | LIPID_NANOPARTICLE | MATERIAL_UNSPECIFIED,3,184
NAME::ITEM_fa3be2da8d6ebede5541,루마겔(케토프로펜)(수출명:RemasonRicfen)_(1.5g/50g)(한미약품(주))-50g/개 | 루마겔(케토프로펜)_(1.5g/50g)(한미약품(주))-50g/개,ALUMINUM | KETOPROFEN | POLYPROPYLENE_PP,3,183
NAME::ITEM_bb288eb53e56ce24e017,케토톱겔(케토프로펜)_(1.5g/50g)((주)한독)-50g/개,ALUMINUM | KETOPROFEN | POLYPROPYLENE_PP,3,183
NAME::ITEM_65b09e524de3ce7de7c5,루마겔(케토프로펜)(수출명:RemasonRicfen)_(1.5g/50g)(한미약품(주))-50g/개 | 루마겔(케토프로펜)_(1.5g/50g)(한미약품(주))-50g/개,ALUMINUM | KETOPROFEN | POLYPROPYLENE_PP,3,183
NAME::ITEM_52a08c3c350d077d0d0c,5%포도당가생리식염액 500mL(대한약품)-500mL/백 | 대한5%포도당가생리식염액 500밀리리터(대한약품공업(주))-500mL/백,GLUCOSE_CORNSTARCH | SODIUM_CHLORIDE,2,178
NAME::ITEM_3ae8abea1a7130af8290,"엘린플러스크림_(0.2g,0.2g/20g)(태극제약(주))-20g/개 | 엘린플러스크림_(20g)(태극제약(주))-20g/개",CLOTRIMAZOLE | PARAFFIN_PETROLEUM,2,178
NAME::ITEM_5b35a4ee599c28c18164,5%포도당가생리식염액 500mL(대한약품)-500mL/백 | 대한5%포도당가생리식염액 500밀리리터(대한약품공업(주))-500mL/백,GLUCOSE_CORNSTARCH | SODIUM_CHLORIDE,2,178
NAME::ITEM_8a5ac10a27c04046027a,"엘린플러스크림_(0.2g,0.2g/20g)(태극제약(주))-20g/개 | 엘린플러스크림_(20g)(태극제약(주))-20g/개",CLOTRIMAZOLE | PARAFFIN_PETROLEUM,2,178
NAME::ITEM_0c1d4f240878dbb65d4d,쎄레브렉스캡슐100밀리그램(세레콕시브)_(0.1g/1캡슐)(비아트리스코리아(주))-1캡슐,ALUMINUM | CELECOXIB | POLYPROPYLENE_PP,3,174
NAME::ITEM_6b5949a2f909ac440ce0,카네스텐크림(클로트리마졸)_(1g/100g)(바이엘코리아(주))-100g/개,CLOTRIMAZOLE | PARAFFIN_PETROLEUM,2,172
NAME::ITEM_6d00ac087b3d1cb9fe2e,아사프장용정100mg(아스피린)(콜마파마(주))-1정 | 아사프장용정100mg(아스피린)_(0.1g/1정)((주)제뉴파마)-1정 | 아사프장용정100mg(아스피린)_(0.1g/1정)(주)테라젠이텍스,ALUMINUM | ASPIRIN | POLYPROPYLENE_PP,3,171
NAME::ITEM_058bb904909fb87c61c0,이텍스아스피린장용정100mg(아스피린)((주)테라젠이텍스)-1정,ALUMINUM | ASPIRIN | POLYPROPYLENE_PP,3,171
NAME::ITEM_86654ab7b95f35605447,아사프장용정100mg(아스피린)(콜마파마(주))-1정 | 아사프장용정100mg(아스피린)_(0.1g/1정)((주)제뉴파마)-1정 | 아사프장용정100mg(아스피린)_(0.1g/1정)(주)테라젠이텍스,ALUMINUM | ASPIRIN | POLYPROPYLENE_PP,3,171
NAME::ITEM_30bd1cb9e22fdf8d14da,(삼도봉)아페락정(아세클로페낙)((주)마더스제약)-1정 | 아페락정(아세클로페낙)((주)마더스제약)-1정,ACECLOFENAC | ALUMINUM | PHARMA_API_GENERIC | POLYPROPYLENE_PP,4,168
NAME::ITEM_be84c5132ea48cec7aef,(삼도봉)아페락정(아세클로페낙)((주)마더스제약)-1정 | 아페락정(아세클로페낙)((주)마더스제약)-1정,ACECLOFENAC | ALUMINUM | PHARMA_API_GENERIC | POLYPROPYLENE_PP,4,168
NAME::ITEM_b48d92496bf0d3fbce16,토파제정(1정)((주)메디카코리아)-1정 | 토파제정(메디카코리아)-1정(보훈급여),MICROBIAL_FUNGAL_ENZYME | PANCREATIN_ANIMAL_ENZYME,2,168
NAME::ITEM_09a9752a8bf76ecf453b,울트라핀정(에스피씨(주))-1정 | 울트라핀정_(1정)(에스피씨(주))-1정,ALUMINUM | POLYPROPYLENE_PP | TRAMADOL_ACETAMINOPHEN,3,168
NAME::ITEM_f54530adfee053a4194a,토파제정(1정)((주)메디카코리아)-1정 | 토파제정(메디카코리아)-1정(보훈급여),MICROBIAL_FUNGAL_ENZYME | PANCREATIN_ANIMAL_ENZYME,2,168
NAME::ITEM_cbf0b52ff8abeb6cf62d,울트라핀정(에스피씨(주))-1정 | 울트라핀정_(1정)(에스피씨(주))-1정,ALUMINUM | POLYPROPYLENE_PP | TRAMADOL_ACETAMINOPHEN,3,168
NAME::ITEM_910ca481f97e42397e06,"네오덤크림(수출명:더마신크림)_(19.2mg,0.3g,30mg/30g)(태극제약(주))-30g/개 | 네오덤크림(수출명:더마신크림)_(30g)(태극제약(주))-30g/개",BETAMETHASONE_CLOTRIMAZOLE_GENTAMICIN | PARAFFIN_PETROLEUM,2,166
NAME::ITEM_591052b2cc8da802839e,"네오덤크림(수출명:더마신크림)_(19.2mg,0.3g,30mg/30g)(태극제약(주))-30g/개 | 네오덤크림(수출명:더마신크림)_(30g)(태극제약(주))-30g/개",BETAMETHASONE_CLOTRIMAZOLE_GENTAMICIN | PARAFFIN_PETROLEUM,2,166
NAME::ITEM_671ac55a98568dceddfc,린아스장용정(아스피린)(알리코제약(주))-1정,ALUMINUM | ASPIRIN | POLYPROPYLENE_PP,3,165
NAME::ITEM_40aabf37ff4b3c9df263,어린이부루펜시럽(이부프로펜)_(1.8g/90mL)(삼일제약(주))-90(1)mL/병,ALUMINUM | IBUPROFEN | POLYPROPYLENE_PP,3,165
NAME::ITEM_8e2d12b785293b84f9d1,타미스펜8시간이알서방정(아세트아미노펜)_(0.65g/1정)((주)킵스바이오파마)-1정 | 타미스펜8시간이알서방정(아세트아미노펜)_(0.65g/1정)((주)한국글로벌제약)-1정 | 타미스펜이알서방정(아세트아미노펜)_(0.65g/1정)((주)한국글로벌제약)-1정,ACETAMINOPHEN | ALUMINUM | POLYPROPYLENE_PP,3,162
NAME::ITEM_888f9210018924273ca5,타미스펜8시간이알서방정(아세트아미노펜)_(0.65g/1정)((주)킵스바이오파마)-1정 | 타미스펜8시간이알서방정(아세트아미노펜)_(0.65g/1정)((주)한국글로벌제약)-1정 | 타미스펜이알서방정(아세트아미노펜)_(0.65g/1정)((주)한국글로벌제약)-1정,ACETAMINOPHEN | ALUMINUM | POLYPROPYLENE_PP,3,162
NAME::ITEM_655bbbe5a51391bb4e1f,타미스펜8시간이알서방정(아세트아미노펜)_(0.65g/1정)((주)킵스바이오파마)-1정 | 타미스펜8시간이알서방정(아세트아미노펜)_(0.65g/1정)((주)한국글로벌제약)-1정 | 타미스펜이알서방정(아세트아미노펜)_(0.65g/1정)((주)한국글로벌제약)-1정,ACETAMINOPHEN | ALUMINUM | POLYPROPYLENE_PP,3,162
NAME::ITEM_3b6278cc6bfaff07f4b9,유박스 1.0ml | 유박스 1ml | 유박스비1ml,BIOLOGICS_CELL_CULTURE | LIPID_NANOPARTICLE,2,160
NAME::ITEM_a8a340b5481b39054b2a,신신케토크린24플라스타(케토프로펜)(7X10cm2/1매)(신신제약(주))-1매 | 케토크린플라스타(신신제약)-6매/개,ALUMINUM | KETOPROFEN | POLYPROPYLENE_PP,3,159
NAME::ITEM_811eef01b7af97628342,케토크린플라스타 | 케토크린플라스타(신신제약)-1매 | 케토크린플라스타(케토프로펜)_10X7cm2(신신제약(주))-1매,ALUMINUM | KETOPROFEN | POLYPROPYLENE_PP,3,159
NAME::ITEM_7009b54c7729dd2842b2,신신케토크린24플라스타(케토프로펜)(7X10cm2/1매)(신신제약(주))-1매 | 케토크린플라스타(신신제약)-6매/개,ALUMINUM | KETOPROFEN | POLYPROPYLENE_PP,3,159
NAME::ITEM_212e6b8f76c78c1b4514,아세트엠8시간이알서방정650밀리그램(아세트아미노펜)_(0.65g/1정)((주)마더스제약)-1정,ACETAMINOPHEN | ALUMINUM | POLYPROPYLENE_PP,3,159
NAME::ITEM_b5b0bf0a9705103cb759,독감무료(14-64세 보령시민 지자체) | 인플루엔자 (지자체 무료) | 인플루엔자 0.5ml,BIOLOGICS_CELL_CULTURE | LIPID_NANOPARTICLE | MATERIAL_UNSPECIFIED,3,157
NAME::ITEM_f73b367618305dfc3a7d,타세놀8시간이알서방정(아세트아미노펜)_(0.65g/1정)(부광약품(주))-1정 | 타세놀이알서방정(아세트아미노펜)(부광약품(주))-1정,ACETAMINOPHEN | ALUMINUM | POLYPROPYLENE_PP,3,156
NAME::ITEM_2016cfae06d6b53787c8,타세놀8시간이알서방정(아세트아미노펜)_(0.65g/1정)(부광약품(주))-1정 | 타세놀이알서방정(아세트아미노펜)(부광약품(주))-1정,ACETAMINOPHEN | ALUMINUM | POLYPROPYLENE_PP,3,156
NAME::ITEM_8b50d606b32297b9aad6,프레카크림(프레드니카르베이트)_(37.5mg/15g)(주식회사제뉴원사이언스)-15g/개 | 프레카크림(프레드니카르베이트)_(37.5mg/15g)(한국콜마(주))-15g/개,PARAFFIN_PETROLEUM | PREDNICARBATE,2,156
NAME::ITEM_f08dafa33f843a01a82c,타세놀8시간이알서방정(아세트아미노펜)_(0.65g/1정)(부광약품(주))-1정 | 타세놀이알서방정(아세트아미노펜)(부광약품(주))-1정,ACETAMINOPHEN | ALUMINUM | POLYPROPYLENE_PP,3,156
NAME::ITEM_42c3e5138d38fba00f2d,울트라셋급여 | 울트라셋정_(1정)((주)한국얀센)-1정,ALUMINUM | POLYPROPYLENE_PP | TRAMADOL_ACETAMINOPHEN,3,156
NAME::ITEM_5e3b81323f23735d64db,울트라셋급여 | 울트라셋정_(1정)((주)한국얀센)-1정,ALUMINUM | POLYPROPYLENE_PP | TRAMADOL_ACETAMINOPHEN,3,156
NAME::ITEM_3db354d2235b51751694,프레카크림(프레드니카르베이트)_(37.5mg/15g)(주식회사제뉴원사이언스)-15g/개 | 프레카크림(프레드니카르베이트)_(37.5mg/15g)(한국콜마(주))-15g/개,PARAFFIN_PETROLEUM | PREDNICARBATE,2,156
NAME::ITEM_92422302a740f953ae81,타세놀8시간이알서방정(아세트아미노펜)_(0.65g/1정)(부광약품(주))-1정 | 타세놀이알서방정(아세트아미노펜)(부광약품(주))-1정,ACETAMINOPHEN | ALUMINUM | POLYPROPYLENE_PP,3,156
NAME::ITEM_2b602c564c5820b9fd95,조아세레콕시브캡슐200밀리그램(조아제약(주))-1캡슐 | 조아세레콕시브캡슐200밀리그램_(0.2g/1캡슐)(조아제약(주))-1캡슐,ALUMINUM | CELECOXIB | POLYPROPYLENE_PP,3,153
NAME::ITEM_d0ae04631ef7e1ad9975,케이아스피린장용정(아스피린)_(0.1g/1정)(엔비케이제약(주))-1정,ALUMINUM | ASPIRIN | POLYPROPYLENE_PP,3,153
NAME::ITEM_73848570de36e66d4962,대웅알벤다졸정(04g/1정)((주)대웅제약)-1정,ALUMINUM | PHARMA_API_GENERIC | POLYPROPYLENE_PP,3,153
NAME::ITEM_711b8a18619e591dc066,조아세레콕시브캡슐200밀리그램(조아제약(주))-1캡슐 | 조아세레콕시브캡슐200밀리그램_(0.2g/1캡슐)(조아제약(주))-1캡슐,ALUMINUM | CELECOXIB | POLYPROPYLENE_PP,3,153
NAME::ITEM_512eddd5e819430aa80f,바크락스연고(아시클로버)_(0.25g/5g)((주)에이프로젠바이오로직스)-5g/개 | 바크락스연고(아시클로버)_(0.25g/5g)(에이프로젠제약(주))-5g/개,ACYCLOVIR | PARAFFIN_PETROLEUM,2,152
NAME::ITEM_fe99d89109be8d748b8e,바크락스연고(아시클로버)_(0.25g/5g)((주)에이프로젠바이오로직스)-5g/개 | 바크락스연고(아시클로버)_(0.25g/5g)(에이프로젠제약(주))-5g/개,ACYCLOVIR | PARAFFIN_PETROLEUM,2,152
NAME::ITEM_785f1ac9705a167b91d1,(건강)임산부엽산제30T | (건강)임산부철분제30T | ★택배★마이니철분,FOLIC_ACID | IRON_MINERAL_COMPOUND,2,151
NAME::ITEM_2f53623e01cc9b629b52,(군)대상포진 스카이조스터 | (군)스카이조스터주 0.5mL/병(50세이상) | (군)스카이조스터주 0.5mL/병(50세이상)(에스케이케미칼),MATERIAL_UNSPECIFIED | PHARMA_API_GENERIC,2,146
NAME::ITEM_25613df720b2eb2304b6,그린 칼라민로션100mL(그린제약) | 칼라민로션100ml | 퍼슨칼라민로션,CALAMINE | PARAFFIN_PETROLEUM,2,144
NAME::ITEM_78f4beee4573cb8962b5,자쿠텍스정(테라젠이텍스)-375mg | 자쿠텍스정375mg(아목시실린·클라불라산칼륨)((주)테라젠이텍스)-1정 | 자쿠텍스정375mg(테라젠이텍스)-1정,ALUMINUM | AMOXICILLIN_CLAVULANATE | PHARMA_API_GENERIC | POLYPROPYLENE_PP,4,144
NAME::ITEM_34b7d1b3b7193e083d9e,그린 칼라민로션100mL(그린제약) | 칼라민로션100ml | 퍼슨칼라민로션,CALAMINE | PARAFFIN_PETROLEUM,2,144
NAME::ITEM_82d4d94f751fe495e596,자쿠텍스정(테라젠이텍스)-375mg | 자쿠텍스정375mg(아목시실린·클라불라산칼륨)((주)테라젠이텍스)-1정 | 자쿠텍스정375mg(테라젠이텍스)-1정,ALUMINUM | AMOXICILLIN_CLAVULANATE | PHARMA_API_GENERIC | POLYPROPYLENE_PP,4,144
NAME::ITEM_d13ab568503b6dd85031,자쿠텍스정(테라젠이텍스)-375mg | 자쿠텍스정375mg(아목시실린·클라불라산칼륨)((주)테라젠이텍스)-1정 | 자쿠텍스정375mg(테라젠이텍스)-1정,ALUMINUM | AMOXICILLIN_CLAVULANATE | PHARMA_API_GENERIC | POLYPROPYLENE_PP,4,144
NAME::ITEM_9b9792da34f9d05bdb38,픽콕스캡슐200mg(세레콕시브)(익수제약(주))-1캡슐 | 픽콕스캡슐200mg(세레콕시브)_(0.2g/1캡슐)(익수제약(주))-1캡슐,ALUMINUM | CELECOXIB | POLYPROPYLENE_PP,3,144
NAME::ITEM_a246e9afbb7edcb7d6e1,픽콕스캡슐200mg(세레콕시브)(익수제약(주))-1캡슐 | 픽콕스캡슐200mg(세레콕시브)_(0.2g/1캡슐)(익수제약(주))-1캡슐,ALUMINUM | CELECOXIB | POLYPROPYLENE_PP,3,144
NAME::ITEM_1b5ae0aaf1921e9de47a,국가: 어르신 | 독감 0.5ml | 인플루엔자 (지자체 무료),BIOLOGICS_CELL_CULTURE | LIPID_NANOPARTICLE | MATERIAL_UNSPECIFIED,3,143
NAME::ITEM_479f0b25b31041c5168a,아시클로버연고_(0.25g/5g)((주)팜젠사이언스)-5g/개 | 우리들아시클로버연고(수출명:파시버연고)_(0.25g/5g)((주)팜젠사이언스)-5g/개 | 우리들아시클로버연고(수출명:파시버연고)_(0.25g/5g)(우리들제약(주))-5g/개,ACYCLOVIR | PARAFFIN_PETROLEUM,2,142
NAME::ITEM_6d5703b671b5001e0142,아시클로버연고_(0.25g/5g)((주)팜젠사이언스)-5g/개 | 우리들아시클로버연고(수출명:파시버연고)_(0.25g/5g)((주)팜젠사이언스)-5g/개 | 우리들아시클로버연고(수출명:파시버연고)_(0.25g/5g)(우리들제약(주))-5g/개,ACYCLOVIR | PARAFFIN_PETROLEUM,2,142
NAME::ITEM_9c322492833bb908c858,아시클로버연고_(0.25g/5g)((주)팜젠사이언스)-5g/개 | 우리들아시클로버연고(수출명:파시버연고)_(0.25g/5g)((주)팜젠사이언스)-5g/개 | 우리들아시클로버연고(수출명:파시버연고)_(0.25g/5g)(우리들제약(주))-5g/개,ACYCLOVIR | PARAFFIN_PETROLEUM,2,142
NAME::ITEM_ac941c32fc4ebbd20dab,아시클로버연고_(0.25g/5g)((주)팜젠사이언스)-5g/개 | 우리들아시클로버연고(수출명:파시버연고)_(0.25g/5g)((주)팜젠사이언스)-5g/개 | 우리들아시클로버연고(수출명:파시버연고)_(0.25g/5g)(우리들제약(주))-5g/개,ACYCLOVIR | PARAFFIN_PETROLEUM,2,142
NAME::ITEM_4eabe710fd30d9c38b0d,국가: 어르신 | 인플루엔자 (지자체 무료) | 인플루엔자 0.5ml,BIOLOGICS_CELL_CULTURE | LIPID_NANOPARTICLE | MATERIAL_UNSPECIFIED,3,139
NAME::ITEM_473988c3997f22151f5e,국가: 어르신 | 인플루엔자 (지자체 무료) | 인플루엔자 0.5ml,BIOLOGICS_CELL_CULTURE | LIPID_NANOPARTICLE | MATERIAL_UNSPECIFIED,3,139
NAME::ITEM_58341c1dc7fd336c912e,국가: 어르신 | 인플루엔자 (지자체 무료) | 인플루엔자 0.5ml,BIOLOGICS_CELL_CULTURE | LIPID_NANOPARTICLE | MATERIAL_UNSPECIFIED,3,139
NAME::ITEM_2e7b4f6e91b7f69380fc,국가: 어르신 | 인플루엔자 (지자체 무료) | 인플루엔자 0.5ml,BIOLOGICS_CELL_CULTURE | LIPID_NANOPARTICLE | MATERIAL_UNSPECIFIED,3,139
NAME::ITEM_14697f7f18f936a45347,국가: 어르신 | 인플루엔자 (지자체 무료) | 인플루엔자 0.5ml,BIOLOGICS_CELL_CULTURE | LIPID_NANOPARTICLE | MATERIAL_UNSPECIFIED,3,139
NAME::ITEM_c813179c430e08d20471,국가: 어르신 | 인플루엔자 (지자체 무료) | 인플루엔자 0.5ml,BIOLOGICS_CELL_CULTURE | LIPID_NANOPARTICLE | MATERIAL_UNSPECIFIED,3,139
NAME::ITEM_281bafe9875052ec2f26,국가: 어르신 | 인플루엔자 (지자체 무료) | 인플루엔자 0.5ml,BIOLOGICS_CELL_CULTURE | LIPID_NANOPARTICLE | MATERIAL_UNSPECIFIED,3,139
NAME::ITEM_b0f8b238cb389495346a,국가: 어르신 | 인플루엔자 (지자체 무료) | 인플루엔자 0.5ml,BIOLOGICS_CELL_CULTURE | LIPID_NANOPARTICLE | MATERIAL_UNSPECIFIED,3,139
NAME::ITEM_b3b9615d7e450812c48a,아스팜장용정(아스피린)_(0.1g/1정)(한국코러스(주))-1정,ALUMINUM | ASPIRIN | POLYPROPYLENE_PP,3,138
NAME::ITEM_0353653f168b405534e6,대상포진 | 대상포진 0.5ml | 대상포진 0.5ml(군무료),MATERIAL_UNSPECIFIED | PHARMA_API_GENERIC,2,137
NAME::ITEM_e644131889cde32cd1f6,토브라점안액(토브라마이신)-5mL/병 | 토브라점안액(토브라마이신)_(15mg/5mL)((주)대웅제약)-5mL/병,PARAFFIN_PETROLEUM | PHARMA_API_GENERIC | TOBRAMYCIN,3,136
NAME::ITEM_fe20375f0724c1afe8f8,토브라점안액(토브라마이신)-5mL/병 | 토브라점안액(토브라마이신)_(15mg/5mL)((주)대웅제약)-5mL/병,PARAFFIN_PETROLEUM | PHARMA_API_GENERIC | TOBRAMYCIN,3,136
NAME::ITEM_aa057efa80791671ff3f,반질크림(삼공제약)60g,PARAFFIN_PETROLEUM | UREA_TOPICAL,2,136
NAME::ITEM_b6a61a4baedd340635b7,유박스 1.0ml | 유박스 1ml | 유박스비1ml,BIOLOGICS_CELL_CULTURE | LIPID_NANOPARTICLE,2,134
NAME::ITEM_a29583716388680c6ee2,튜비스정 | 튜비스정((주)비씨월드제약)-1정 | 튜비스정_(1정)((주)비씨월드제약)-1정,ALUMINUM | ISONIAZID | PHARMA_API_GENERIC | POLYPROPYLENE_PP | RIFAMPICIN_ISONIAZID,5,133
NAME::ITEM_fdde9cb3a8e1ddf0e6ca,대상포진 | 대상포진 0.5ml | 대상포진 0.5ml(군무료),MATERIAL_UNSPECIFIED | PHARMA_API_GENERIC,2,131
NAME::ITEM_daae96decdcf30e4aeba,"오큐라신점안액(토브라마이신)(수출명: OcuRacin 오큐라신, BeeOcuRacin 비오큐라신, Samitot 사미토트)_(15mg/5mL)(삼일제약(주))-5mL/병 | 오큐라신점안액(토브라마이신)-5mL/병 | 오큐라신점안액(토브라마이신)_(15mg/5mL)(삼일제약(주))-5mL/병",PARAFFIN_PETROLEUM | PHARMA_API_GENERIC | TOBRAMYCIN,3,131
NAME::ITEM_73588e570a596ee30400,"오큐라신점안액(토브라마이신)(수출명: OcuRacin 오큐라신, BeeOcuRacin 비오큐라신, Samitot 사미토트)_(15mg/5mL)(삼일제약(주))-5mL/병 | 오큐라신점안액(토브라마이신)-5mL/병 | 오큐라신점안액(토브라마이신)_(15mg/5mL)(삼일제약(주))-5mL/병",PARAFFIN_PETROLEUM | PHARMA_API_GENERIC | TOBRAMYCIN,3,131
NAME::ITEM_e53a8647561df6fe693f,"오큐라신점안액(토브라마이신)(수출명: OcuRacin 오큐라신, BeeOcuRacin 비오큐라신, Samitot 사미토트)_(15mg/5mL)(삼일제약(주))-5mL/병 | 오큐라신점안액(토브라마이신)-5mL/병 | 오큐라신점안액(토브라마이신)_(15mg/5mL)(삼일제약(주))-5mL/병",PARAFFIN_PETROLEUM | PHARMA_API_GENERIC | TOBRAMYCIN,3,131
NAME::ITEM_67f6163223c95118d3e1,모스쿨액(40mL) | 모스쿨액(40mL)(경남제약(주))-40mL/병,INSECT_BITE_TOPICAL_UNCONFIRMED | PARAFFIN_PETROLEUM,2,130
NAME::ITEM_ef941ffde90a4e531060,에이프로젠무피로신연고_(0.3g/15g)((주)에이프로젠바이오로직스)-15g/개 | 에이프로젠무피로신연고_(0.3g/15g)(에이프로젠제약(주))-15g/개,MUPIROCIN | PARAFFIN_PETROLEUM,2,130
NAME::ITEM_4c359958ed16265b431d,에이프로젠무피로신연고_(0.3g/15g)((주)에이프로젠바이오로직스)-15g/개 | 에이프로젠무피로신연고_(0.3g/15g)(에이프로젠제약(주))-15g/개,MUPIROCIN | PARAFFIN_PETROLEUM,2,130
NAME::ITEM_e9efcd150ef9691cfe8f,모스쿨액(40mL) | 모스쿨액(40mL)(경남제약(주))-40mL/병,INSECT_BITE_TOPICAL_UNCONFIRMED | PARAFFIN_PETROLEUM,2,130
NAME::ITEM_677176dd9da9e3c37c29,"낙소졸정500/20밀리그램(한미약품(주))-1정 | 낙소졸정500/20밀리그램-나프록센500.00mg,에스오메프라졸스트론튬사수화물24.60mg,(한미약품(주))-1정",ALUMINUM | NAPROXEN | POLYPROPYLENE_PP,3,129
NAME::ITEM_c4716a8fe1ec8c68e12d,"낙소졸정500/20밀리그램(한미약품(주))-1정 | 낙소졸정500/20밀리그램-나프록센500.00mg,에스오메프라졸스트론튬사수화물24.60mg,(한미약품(주))-1정",ALUMINUM | NAPROXEN | POLYPROPYLENE_PP,3,129
NAME::ITEM_e251a7a05ee81b84b1c8,EMB | EMB (2) | EMB 400mg,ALUMINUM | ETHAMBUTOL | PHARMA_API_GENERIC | POLYPROPYLENE_PP,4,129
NAME::ITEM_a84ac083c5cc5b77ad5a,아스텍션장용정100밀리그램(아스피린)((주)셀트리온제약)-1정,ALUMINUM | ASPIRIN | POLYPROPYLENE_PP,3,129
NAME::ITEM_577ff27a3a19ceb470dd,알마인정(알마게이트)_(0.5g/1정)((주)인트로바이오파마)-1정,ALUMINUM_HYDROXIDE_MINERAL | MAGNESIUM_HYDROXIDE_MINERAL,2,126
NAME::ITEM_3594c0528a8747c2c51d,"네오덤크림(수출명:더마신크림)_(0.32g,5g,0.5g/500g)(태극제약(주))-500g/병 | 네오덤크림(수출명:더마신크림)_(500g)(태극제약(주))-500g/병",BETAMETHASONE_CLOTRIMAZOLE_GENTAMICIN | PARAFFIN_PETROLEUM,2,124
NAME::ITEM_1065f73afe62933f3ce8,"네오덤크림(수출명:더마신크림)_(0.32g,5g,0.5g/500g)(태극제약(주))-500g/병 | 네오덤크림(수출명:더마신크림)_(500g)(태극제약(주))-500g/병",BETAMETHASONE_CLOTRIMAZOLE_GENTAMICIN | PARAFFIN_PETROLEUM,2,124
NAME::ITEM_950c7d1a4b30a8e8b87f,셀티브캡슐200밀리그램(세레콕시브)(셀티스팜(주))-1캡슐 | 셀티브캡슐200밀리그램(세레콕시브)_(0.2g/1캡슐)((주)텔콘알에프제약)-1캡슐,ALUMINUM | CELECOXIB | POLYPROPYLENE_PP,3,123
NAME::ITEM_ad8bfa84c10001e3065b,셀티브캡슐200밀리그램(세레콕시브)(셀티스팜(주))-1캡슐 | 셀티브캡슐200밀리그램(세레콕시브)_(0.2g/1캡슐)((주)텔콘알에프제약)-1캡슐,ALUMINUM | CELECOXIB | POLYPROPYLENE_PP,3,123
NAME::ITEM_9f924fa0ba6ab33cd2eb,카네스텐크림(클로트리마졸)_(0.1g/10g)(바이엘코리아(주))-10g/개,CLOTRIMAZOLE | PARAFFIN_PETROLEUM,2,120
NAME::ITEM_437b4cb469c2151a768f,라벤다크림(슈넬생명과학(주))-1g,BETAMETHASONE_CLOTRIMAZOLE_GENTAMICIN | PARAFFIN_PETROLEUM,2,120
NAME::ITEM_16ebbddcdf29a24c7d21,"타이레놀8시간이알서방정(아세트아미노펜)(0.65g/1정)(한국얀센)-1정 | 타이레놀8시간이알서방정(아세트아미노펜)(수출명:Tylenol Arthritis Tablet,Tylenol8Hours,Tylenol8hour,Tylenol ER extended release Caplet,Tylenol8 Hour Extended Release Caplet)_(0.65g/1정)((주)한국얀센)-1 | 타이레놀8시간이알서방정(아세트아미노펜)(수출명:Tylenol Arthritis Tablet,Tylenol8Hours,Tylenol8hour,Tylenol ER extended release Caplet,Tylenol8 Hour Extended Release Caplet)_(0.65g/1정)(한국얀센)-1정",ACETAMINOPHEN | ALUMINUM | POLYPROPYLENE_PP,3,120
NAME::ITEM_8c57705ee37482b02fe1,니소론 | 니소론엠정(메틸프레드니솔론)(국제약품공업(주))-1정,MATERIAL_UNSPECIFIED | METHYLPREDNISOLONE | PARAFFIN_PETROLEUM,3,119
NAME::ITEM_3163bb605d43bbbb9579,(군)대상포진 | 대상포진 | 대상포진 0.5ml,MATERIAL_UNSPECIFIED | PHARMA_API_GENERIC | ZOSTER_VACCINE,3,118
NAME::ITEM_87d4c0698ed7aa56487c,(군)대상포진 | 대상포진 | 대상포진 0.5ml,MATERIAL_UNSPECIFIED | PHARMA_API_GENERIC | ZOSTER_VACCINE,3,118
NAME::ITEM_3dba45a10a0e65eb9709,(군)대상포진 | 대상포진 | 대상포진 0.5ml,MATERIAL_UNSPECIFIED | PHARMA_API_GENERIC | ZOSTER_VACCINE,3,118
NAME::ITEM_a7a57eb8bf6f5daffc32,(군)대상포진 | 대상포진 | 대상포진 0.5ml,MATERIAL_UNSPECIFIED | PHARMA_API_GENERIC | ZOSTER_VACCINE,3,118
NAME::ITEM_7670d3581a0e01f357f4,아마프로겔3%(케토프로펜)(15g/50g)((주)씨엠지제약)-50g/개,ALUMINUM | KETOPROFEN | POLYPROPYLENE_PP,3,117
NAME::ITEM_6abd9a945bd3b27095d3,아세바정100밀리그램(아세클로페낙)_(0.1g/1정)((주)서흥)-1정,ACECLOFENAC | ALUMINUM | POLYPROPYLENE_PP,3,117
NAME::ITEM_7eb191246d59be4def6a,판크론정,MICROBIAL_FUNGAL_ENZYME | PANCREATIN_ANIMAL_ENZYME,2,116
NAME::ITEM_d8dd282116aef05c3131,(건강)임산부엽산제30T | (맘편한임신)마이니철분 | ★택배★마이니철분,FOLIC_ACID | IRON_MINERAL_COMPOUND,2,116
NAME::ITEM_b850a361e8270896acb7,EMB | EMB 400mg | EMB(에탐부톨),ALUMINUM | ETHAMBUTOL | PHARMA_API_GENERIC | POLYPROPYLENE_PP,4,115
NAME::ITEM_775117ca83819ec143c5,EMB | EMB 400mg | EMB(에탐부톨),ALUMINUM | ETHAMBUTOL | PHARMA_API_GENERIC | POLYPROPYLENE_PP,4,115
NAME::ITEM_64a1bb8971690651c6fc,EMB | EMB 400mg | EMB(에탐부톨),ALUMINUM | ETHAMBUTOL | PHARMA_API_GENERIC | POLYPROPYLENE_PP,4,115
NAME::ITEM_c5f3f157092b6feafff3,EMB | EMB 400mg | EMB(에탐부톨),ALUMINUM | ETHAMBUTOL | PHARMA_API_GENERIC | POLYPROPYLENE_PP,4,115
NAME::ITEM_5165c12a626a4ccb7782,EMB | EMB 400mg | EMB(에탐부톨),ALUMINUM | ETHAMBUTOL | PHARMA_API_GENERIC | POLYPROPYLENE_PP,4,115
NAME::ITEM_ff4f0ebc5de8e8200eba,플라낙스정(나프록센나트륨)_(0.275g/1정)((주)한국피엠지제약)-1정,ALUMINUM | NAPROXEN | POLYPROPYLENE_PP,3,114
NAME::ITEM_66c26b55b63c3fd0e9fa,(PZA)피라진아미드500mg | PZA | PZA (2),ALUMINUM | PHARMA_API_GENERIC | POLYPROPYLENE_PP | PYRAZINAMIDE,4,114
NAME::ITEM_1e0c152a395dbf0102aa,노통펜프러스정(화일약품(주))-1정,ALUMINUM | POLYPROPYLENE_PP | TRAMADOL_ACETAMINOPHEN,3,114
NAME::ITEM_b55d7b5cb7fad537bf81,"베데스타크림_(0.288g,4.5g,0.45g/450g)(한국넬슨제약(주))-450g/병 | 베데스타크림_(450g)(한국넬슨제약(주))-450g/병",BETAMETHASONE_CLOTRIMAZOLE_GENTAMICIN | PARAFFIN_PETROLEUM,2,114
NAME::ITEM_13ada6c71d3cb52b7c11,"베데스타크림_(0.288g,4.5g,0.45g/450g)(한국넬슨제약(주))-450g/병 | 베데스타크림_(450g)(한국넬슨제약(주))-450g/병",BETAMETHASONE_CLOTRIMAZOLE_GENTAMICIN | PARAFFIN_PETROLEUM,2,114
NAME::ITEM_f24408afbd05ffc8f84a,"타이레놀8시간이알서방정(아세트아미노펜)(0.65g/1정)(한국얀센)-1정 | 타이레놀8시간이알서방정(아세트아미노펜)(수출명:Tylenol Arthritis Tablet,Tylenol8Hours,Tylenol8hour,Tylenol ER extended release Caplet,Tylenol8 Hour Extended Release Caplet)_(0.65g/1정)((주)한국얀센)-1 | 타이레놀8시간이알서방정(아세트아미노펜)(수출명:Tylenol Arthritis Tablet,Tylenol8Hours,Tylenol8hour,Tylenol ER extended release Caplet,Tylenol8 Hour Extended Release Caplet)_(0.65g/1정)(한국얀센)-1정",ACETAMINOPHEN | ALUMINUM | POLYPROPYLENE_PP,3,114
NAME::ITEM_3f342ee321e98c019c3f,"아크라손크림(수출명:사프티덤크림(Saftidermcream),젠트리크림)_(20g)(알리코제약(주))-20g/개 | 아크라손크림(수출명:사프티덤크림(Saftidermcream)젠트리크림)_(12.8mg,0.2g,20mg/20g)(알리코제약(주))-20g/개",BETAMETHASONE_CLOTRIMAZOLE_GENTAMICIN | PARAFFIN_PETROLEUM,2,110
NAME::ITEM_9eb51ff46f71aaff61e5,"나미야지크림(수출명:BECLOGENCream.)_(12.8mg,0.2g,20mg/20g)((주)씨엠지제약)-20g/개",BETAMETHASONE_CLOTRIMAZOLE_GENTAMICIN | PARAFFIN_PETROLEUM,2,110
NAME::ITEM_7cdd59c89c8568e2a4a5,"아크라손크림(수출명:사프티덤크림(Saftidermcream),젠트리크림)_(20g)(알리코제약(주))-20g/개 | 아크라손크림(수출명:사프티덤크림(Saftidermcream)젠트리크림)_(12.8mg,0.2g,20mg/20g)(알리코제약(주))-20g/개",BETAMETHASONE_CLOTRIMAZOLE_GENTAMICIN | PARAFFIN_PETROLEUM,2,110
NAME::ITEM_a86db373a362120338cb,씨엠지알마게이트정500mg(알마게이트)((주)씨엠지제약)-1정,ALUMINUM_HYDROXIDE_MINERAL | MAGNESIUM_HYDROXIDE_MINERAL,2,110
NAME::ITEM_9ebd4b1e102265126693,대상포진 | 대상포진 0.5ml | 대상포진 0.5ml(군무료),MATERIAL_UNSPECIFIED | PHARMA_API_GENERIC,2,110
NAME::ITEM_2568c4bb82b4c00e916d,"테라마이신안연고_(17.5mg,35KI.U/3.5g)(한국화이자제약(주))-3.5g/개",PARAFFIN_PETROLEUM | PHARMA_API_GENERIC,2,108
NAME::ITEM_e5351c908952a4859e0c,플루캡슐50mg(플루코나졸)((주)아이월드제약)-1캡슐 | 플루캡슐50mg(플루코나졸)_(50mg/1캡슐)((주)아이월드제약)-1캡슐,FLUCONAZOLE | PARAFFIN_PETROLEUM,2,108
NAME::ITEM_a2304b9be2cb382cf318,(미사)임산부엽산제 | (위례)임산부엽산제 | (임신준비)엽산제,FOLIC_ACID | IRON_MINERAL_COMPOUND,2,108
NAME::ITEM_bf5c9fef8dd0d92cfe82,플루캡슐50mg(플루코나졸)((주)아이월드제약)-1캡슐 | 플루캡슐50mg(플루코나졸)_(50mg/1캡슐)((주)아이월드제약)-1캡슐,FLUCONAZOLE | PARAFFIN_PETROLEUM,2,108
NAME::ITEM_e5dee399f6d4a67dad83,마데카솔겔(센텔라정량추출물)(02g/10g)(동국제약(주))-10g/개,CENTELLA_ASIATICA_EXTRACT | PARAFFIN_PETROLEUM,2,108
NAME::ITEM_3f34fe8f36363f7ef5f9,케토크린플라스타(케토프로펜)(10X14cm2/1매)(신신제약(주))-1매,ALUMINUM | KETOPROFEN | POLYPROPYLENE_PP,3,108
NAME::ITEM_bc21613e06e2c115e2a4,(건강)임산부엽산제30T | ★택배★마이니철분 | 마미철분,FOLIC_ACID | IRON_MINERAL_COMPOUND | VITAMIN_SYNTHETIC_RAWMATERIAL,3,107
NAME::ITEM_dd265aaee12bceb32a90,박트란연고(무피로신)_(0.3g/15g)(성광제약(주))-15g/개 | 박트란연고(무피로신)_(0.3g/15g)(주)퍼슨)-15g/개 | 박트란연고(무피로신)_(0.3g/15g)-15g/개,MUPIROCIN | PARAFFIN_PETROLEUM,2,106
NAME::ITEM_f9bddf6558142667a3d1,인플루엔자 0.5ml,BIOLOGICS_CELL_CULTURE | LIPID_NANOPARTICLE,2,106
NAME::ITEM_0566cb935001eb0051c6,박트란연고(무피로신)_(0.3g/15g)(성광제약(주))-15g/개 | 박트란연고(무피로신)_(0.3g/15g)(주)퍼슨)-15g/개 | 박트란연고(무피로신)_(0.3g/15g)-15g/개,MUPIROCIN | PARAFFIN_PETROLEUM,2,106
NAME::ITEM_b527604b41747c6990c1,인플루엔자 0.5ml,BIOLOGICS_CELL_CULTURE | LIPID_NANOPARTICLE,2,106
NAME::ITEM_f11fc1418149db228832,겐타프로주사(겐타마이신황산염)((주)휴메딕스)-2ml/앰플 | 겐타프로주사(겐타마이신황산염)_(80mg/2mL)((주)휴메딕스)-2mL/앰플,GENTAMICIN | PARAFFIN_PETROLEUM,2,106
NAME::ITEM_3eb97ac240f56f6596b0,박트란연고(무피로신)_(0.3g/15g)(성광제약(주))-15g/개 | 박트란연고(무피로신)_(0.3g/15g)(주)퍼슨)-15g/개 | 박트란연고(무피로신)_(0.3g/15g)-15g/개,MUPIROCIN | PARAFFIN_PETROLEUM,2,106
NAME::ITEM_44e55cdd3c7407418bd5,케토크린플라스타 | 케토크린플라스타(케토프로펜)_10X7cm2(신신제약(주))-1매 | 케토크린플라스타(케토프로펜)_10X7cm2(신신제약(주))-6매,ALUMINUM | KETOPROFEN | POLYPROPYLENE_PP,3,105
NAME::ITEM_daffbafc0df4812cf580,(군)대상포진 스카이조스터 | (군)스카이조스터주 0.5mL/병(50세이상) | (군)스카이조스터주 0.5mL/병(50세이상)(에스케이케미칼),MATERIAL_UNSPECIFIED | PHARMA_API_GENERIC,2,105
NAME::ITEM_640e51aa7f9895716b2b,케토크린플라스타 | 케토크린플라스타(케토프로펜)_10X7cm2(신신제약(주))-1매 | 케토크린플라스타(케토프로펜)_10X7cm2(신신제약(주))-6매,ALUMINUM | KETOPROFEN | POLYPROPYLENE_PP,3,105
NAME::ITEM_5fab84c1f2de5d95081f,마데카솔케어연고(동국제약) | 마데카솔케어연고(동국제약)10g,CENTELLA_EXTRACT | PARAFFIN_PETROLEUM,2,104
NAME::ITEM_938bf53615cc2ed9e253,뉴펜스탑카타플라스마(티디에스팜)-1매 | 에어파스,ALUMINUM | PARAFFIN_PETROLEUM | PHARMA_API_GENERIC | POLYPROPYLENE_PP,4,104
NAME::ITEM_322b7feae9513b8c4818,Tdap | Tdap(지자체),BIOLOGICS_CELL_CULTURE | LIPID_NANOPARTICLE,2,104
NAME::ITEM_d52fc4efa383e8a3f2fd,Tdap | Tdap(지자체),BIOLOGICS_CELL_CULTURE | LIPID_NANOPARTICLE,2,104
NAME::ITEM_672f3bdf8b0eee58904e,마데카솔케어연고(동국제약) | 마데카솔케어연고(동국제약)10g,CENTELLA_EXTRACT | PARAFFIN_PETROLEUM,2,104
NAME::ITEM_a24d35c181b35a1724b3,위엔자임정(1정)(주식회사노바엠헬스케어)-1정,MICROBIAL_FUNGAL_ENZYME | PANCREATIN_ANIMAL_ENZYME,2,102
NAME::ITEM_1b1af68a1c32fb02962b,일본뇌염(세포배양) 0.7ml,BIOLOGICS_CELL_CULTURE | LIPID_NANOPARTICLE,2,102
NAME::ITEM_0dec00242a1e70b1c541,어린이부루펜시럽(삼일제약)-1ml | 어린이부루펜시럽(이부프로펜)_(20g/1000mL)(삼일제약(주))-1000(1)mL/병 | 어린이부루펜시럽(이부프로펜)_(20g/1000mL)(삼일제약(주))-1mL,ALUMINUM | IBUPROFEN | POLYPROPYLENE_PP,3,102
NAME::ITEM_b02d5da3acc44d26ca0b,카네스졸플러스크림_(20g)(주식회사 더유제약)-20g/개,CLOTRIMAZOLE | PARAFFIN_PETROLEUM,2,102
NAME::ITEM_5964ea43a70a158af711,알드린1그람현탁액(알마게이트)(수출명:ILYANGAlmagatesusp)(일양약품(주))-15mL/포,ALUMINUM_HYDROXIDE_MINERAL | MAGNESIUM_HYDROXIDE_MINERAL,2,102
NAME::ITEM_f6e198b587a6695f030b,대한생리식염주사액(염화나트륨) 20밀리리터(대한약품공업(주))-20mL/앰플,GLUCOSE_CORNSTARCH | SODIUM_CHLORIDE,2,100
NAME::ITEM_421aee14e894afebc682,(RMP)리포덱스600mg | RMP300 | RMP600,RIFAMPICIN | RIFAMPIN,2,100
NAME::ITEM_598fc69ad30b9ae16756,훼스탈플러스정 | 훼스탈플러스정(한독약품) | 훼스탈플러스정(한독약품)-1정,MICROBIAL_FUNGAL_ENZYME | PANCREATIN_ANIMAL_ENZYME,2,100
NAME::ITEM_e6e807ed0bf2c5fdd728,훼스탈플러스정 | 훼스탈플러스정(한독약품) | 훼스탈플러스정(한독약품)-1정,MICROBIAL_FUNGAL_ENZYME | PANCREATIN_ANIMAL_ENZYME,2,100
NAME::ITEM_179786e5457e70295db6,케펜텍플라스타(케토프로펜)(수출명 : KEFEN)_(10X7cm2/1매)(제일헬스사이언스(주))-1매 | 케펜텍플라스타(케토프로펜)(수출명 : KEFEN)_(10X7cm2/1매)(제일헬스사이언스(주))6매 | 케펜텍플라스타(케토프로펜)(수출명 : KEFEN)_(10X7cm2/6매),ALUMINUM | KETOPROFEN | POLYPROPYLENE_PP,3,99
NAME::ITEM_fb1174a020d74add2969,(건강)임산부엽산제30T | (건강기능식품) 마이니 철분 플러스(노바렉스) | (건강기능식품)마이니 철분제,FOLIC_ACID | IRON_MINERAL_COMPOUND,2,99
NAME::ITEM_3da7cc8c4bbd85dfb0e0,케펜텍플라스타(케토프로펜)(수출명 : KEFEN)_(10X7cm2/1매)(제일헬스사이언스(주))-1매 | 케펜텍플라스타(케토프로펜)(수출명 : KEFEN)_(10X7cm2/1매)(제일헬스사이언스(주))6매 | 케펜텍플라스타(케토프로펜)(수출명 : KEFEN)_(10X7cm2/6매),ALUMINUM | KETOPROFEN | POLYPROPYLENE_PP,3,99
NAME::ITEM_4768f595b443fa106b92,다이제스토정(화일약품) | 다이제스토정500정(화일약품),MICROBIAL_FUNGAL_ENZYME | PANCREATIN_ANIMAL_ENZYME,2,98
NAME::ITEM_ca2b1252746faf6ac879,다이제스토정(화일약품) | 다이제스토정500정(화일약품),MICROBIAL_FUNGAL_ENZYME | PANCREATIN_ANIMAL_ENZYME,2,98
NAME::ITEM_87347191f05dd1f969b5,신일겔정(1정)(신일제약(주))-1정,ALUMINUM_HYDROXIDE_MINERAL | MAGNESIUM_HYDROXIDE_MINERAL,2,98
NAME::ITEM_cfb175fff35e0520a7fa,고려아시클로버크림(아시클로버)(수출명:바이락스크림(VIRAXCream)이노바이락스5%크림(INNOVIRAX5%Cream)_(0.25g/5g)(고려제약(주))-5g/개 | 고려아시클로버크림(아시클로버)_(0.25g/5g)(고려제약(주))-5g/개,ACYCLOVIR | PARAFFIN_PETROLEUM,2,98
NAME::ITEM_8de716f98d12c56dbcc3,고려아시클로버크림(아시클로버)(수출명:바이락스크림(VIRAXCream)이노바이락스5%크림(INNOVIRAX5%Cream)_(0.25g/5g)(고려제약(주))-5g/개 | 고려아시클로버크림(아시클로버)_(0.25g/5g)(고려제약(주))-5g/개,ACYCLOVIR | PARAFFIN_PETROLEUM,2,98
NAME::ITEM_d5cb3e5f8616cc20de21,(PZA)피라진아미드500mg | PZA | PZA(피라진아미드),ALUMINUM | PHARMA_API_GENERIC | POLYPROPYLENE_PP | PYRAZINAMIDE,4,97
NAME::ITEM_79a40108d077603aacac,(PZA)피라진아미드500mg | PZA | PZA(피라진아미드),ALUMINUM | PHARMA_API_GENERIC | POLYPROPYLENE_PP | PYRAZINAMIDE,4,97
NAME::ITEM_b6e550b0043dcaeeb415,(PZA)피라진아미드500mg | PZA | PZA(피라진아미드),ALUMINUM | PHARMA_API_GENERIC | POLYPROPYLENE_PP | PYRAZINAMIDE,4,97
NAME::ITEM_4d6980f2ce2b383a8efb,(PZA)피라진아미드500mg | PZA | PZA(피라진아미드),ALUMINUM | PHARMA_API_GENERIC | POLYPROPYLENE_PP | PYRAZINAMIDE,4,97
NAME::ITEM_c9714d9a3a58665d86b6,(PZA)피라진아미드500mg | PZA | PZA(피라진아미드),ALUMINUM | PHARMA_API_GENERIC | POLYPROPYLENE_PP | PYRAZINAMIDE,4,97
NAME::ITEM_701e08763bfa1bfcd5dd,대웅바이오아스피린장용정100밀리그램_(0.1g/1정)(대웅바이오(주))-1정,ALUMINUM | ASPIRIN | POLYPROPYLENE_PP,3,96
NAME::ITEM_b0fcb679cf14a2179966,어린이부루펜시럽(삼일제약)-1ml | 어린이부루펜시럽(이부프로펜)_(20g/1000mL)(삼일제약(주))-1000(1)mL/병 | 어린이부루펜시럽(이부프로펜)_(20g/1000mL)(삼일제약(주))-1mL,ALUMINUM | IBUPROFEN | POLYPROPYLENE_PP,3,96
NAME::ITEM_ca1838078de7fa7c0f42,스테신캅셀(아세틸시스테인)((주)뉴젠팜)-1캡슐 | 스테신캡슐 | 스테신캡슐(아세틸시스테인)_(0.2g/1캡슐)((주)셀릭스)-1캡슐,ACETYLCYSTEINE | ALUMINUM | PHARMA_API_GENERIC | POLYPROPYLENE_PP,4,96
NAME::ITEM_c2aed094b93c7f390562,스테신캅셀(아세틸시스테인)((주)뉴젠팜)-1캡슐 | 스테신캡슐 | 스테신캡슐(아세틸시스테인)_(0.2g/1캡슐)((주)셀릭스)-1캡슐,ACETYLCYSTEINE | ALUMINUM | PHARMA_API_GENERIC | POLYPROPYLENE_PP,4,96
NAME::ITEM_bdb07b76c8fff0aaec2a,어린이부루펜시럽(삼일제약)-1ml | 어린이부루펜시럽(이부프로펜)_(20g/1000mL)(삼일제약(주))-1000(1)mL/병 | 어린이부루펜시럽(이부프로펜)_(20g/1000mL)(삼일제약(주))-1mL,ALUMINUM | IBUPROFEN | POLYPROPYLENE_PP,3,96
NAME::ITEM_b42ecf5dfe0ad76127ae,스테신캅셀(아세틸시스테인)((주)뉴젠팜)-1캡슐 | 스테신캡슐 | 스테신캡슐(아세틸시스테인)_(0.2g/1캡슐)((주)셀릭스)-1캡슐,ACETYLCYSTEINE | ALUMINUM | PHARMA_API_GENERIC | POLYPROPYLENE_PP,4,96
NAME::ITEM_03c3caeff8acbc4cce2d,(건강)임산부엽산제30T | ★택배★마이니철분 | 닥터솔루션 철분제,FOLIC_ACID | IRON_MINERAL_COMPOUND,2,96
NAME::ITEM_595b85d5962e005a492e,제스쿨정(1정)((주)씨엠지제약)-1정,MICROBIAL_FUNGAL_ENZYME | PANCREATIN_ANIMAL_ENZYME,2,96
NAME::ITEM_f9d1534c5c2b361d0f07,유박스(1ml)유료,BIOLOGICS_CELL_CULTURE | LIPID_NANOPARTICLE,2,94
NAME::ITEM_2a520ee154f574f5e74f,생리식염수-20mL/앰플(PP) | 제일생리식염주사액((주)제일제약)-20mL/앰플(PP),GLUCOSE_CORNSTARCH | SODIUM_CHLORIDE,2,94
NAME::ITEM_bc36496beffea118d1de,생리식염수-20mL/앰플(PP) | 제일생리식염주사액((주)제일제약)-20mL/앰플(PP),GLUCOSE_CORNSTARCH | SODIUM_CHLORIDE,2,94
NAME::ITEM_3bea2259501230eb1399,경동아스피린장용정(경동제약(주))-1정,ALUMINUM | ASPIRIN | POLYPROPYLENE_PP,3,93
NAME::ITEM_7f616a6234987cd7219b,케노펜겔(케토프로펜)_(1.5g/50g)(일동제약(주))-50g/개,ALUMINUM | KETOPROFEN | POLYPROPYLENE_PP,3,93
NAME::ITEM_3873126d787296b9ee04,후라베린큐시럽(90mL)(일동제약(주))-90mL/병,ALUMINUM | PHARMA_API_GENERIC | POLYPROPYLENE_PP,3,93
NAME::ITEM_429ec70ff5f3ccff2cc4,인플루엔자 | 인플루엔자(0.5mL 유료) | 인플루엔자(지자체),BIOLOGICS_CELL_CULTURE | INFLUENZA_SPLIT_VACCINE | LIPID_NANOPARTICLE | MATERIAL_UNSPECIFIED,4,93
NAME::ITEM_ee361d89c1c9bc011a6a,신일아시클로버크림(수출명:PytumeCream) _(0.25g/5g)(신일제약(주))-5g/개,ACYCLOVIR | PARAFFIN_PETROLEUM,2,92
NAME::ITEM_2147254ae8e27fda0623,복합마데카솔연고(15g)(동국제약(주))-15g/개,CENTELLA_EXTRACT | PARAFFIN_PETROLEUM,2,90
NAME::ITEM_80c817790f9670a8fc46,챔프시럽(아세트아미노펜)(016g/5mL)(동아제약(주))-5mL/포 | 챔프시럽(아세트아미노펜)(동아제약)-5mL/포,ACETAMINOPHEN | ALUMINUM | POLYPROPYLENE_PP,3,90
NAME::ITEM_b0959409a7239015c3de,"타이레놀8시간이알서방정(아세트아미노펜)(0.65g/1정)(한국얀센)-1정 | 타이레놀8시간이알서방정(아세트아미노펜)(수출명:Tylenol Arthritis Tablet,Tylenol8Hours,Tylenol8hour,Tylenol ER extended release Caplet,Tylenol8 Hour Extended Release Caplet)_(0.65g/1정)((주)한국얀센)-1 | 타이레놀8시간이알서방정(아세트아미노펜)(수출명:Tylenol Arthritis Tablet,Tylenol8Hours,Tylenol8hour,Tylenol ER extended release Caplet,Tylenol8 Hour Extended Release Caplet)_(0.65g/1정)(한국얀센)-1정",ACETAMINOPHEN | ALUMINUM | POLYPROPYLENE_PP,3,90
NAME::ITEM_600ef8316896fc478b11,티티베크림(프레드니카르베이트)_(25mg/10g)(한미약품(주))-10g/개,PARAFFIN_PETROLEUM | PREDNICARBATE,2,90
NAME::ITEM_0cfeeac4fac19067d6c4,"타이레놀8시간이알서방정(아세트아미노펜)(0.65g/1정)(한국얀센)-1정 | 타이레놀8시간이알서방정(아세트아미노펜)(수출명:Tylenol Arthritis Tablet,Tylenol8Hours,Tylenol8hour,Tylenol ER extended release Caplet,Tylenol8 Hour Extended Release Caplet)_(0.65g/1정)((주)한국얀센)-1 | 타이레놀8시간이알서방정(아세트아미노펜)(수출명:Tylenol Arthritis Tablet,Tylenol8Hours,Tylenol8hour,Tylenol ER extended release Caplet,Tylenol8 Hour Extended Release Caplet)_(0.65g/1정)(한국얀센)-1정",ACETAMINOPHEN | ALUMINUM | POLYPROPYLENE_PP,3,90
NAME::ITEM_2d752035a96584d8458f,챔프시럽(아세트아미노펜)(016g/5mL)(동아제약(주))-5mL/포 | 챔프시럽(아세트아미노펜)(동아제약)-5mL/포,ACETAMINOPHEN | ALUMINUM | POLYPROPYLENE_PP,3,90
NAME::ITEM_f31e72e4b3b89397a91f,"타이레놀8시간이알서방정(아세트아미노펜)(0.65g/1정)(한국얀센)-1정 | 타이레놀8시간이알서방정(아세트아미노펜)(수출명:Tylenol Arthritis Tablet,Tylenol8Hours,Tylenol8hour,Tylenol ER extended release Caplet,Tylenol8 Hour Extended Release Caplet)_(0.65g/1정)((주)한국얀센)-1 | 타이레놀8시간이알서방정(아세트아미노펜)(수출명:Tylenol Arthritis Tablet,Tylenol8Hours,Tylenol8hour,Tylenol ER extended release Caplet,Tylenol8 Hour Extended Release Caplet)_(0.65g/1정)(한국얀센)-1정",ACETAMINOPHEN | ALUMINUM | POLYPROPYLENE_PP,3,90
NAME::ITEM_2700b468230408b226df,폐렴구균15가 (박스뉴반스) | 폐렴구균백신,MATERIAL_UNSPECIFIED | PHARMA_API_GENERIC,2,90
NAME::ITEM_6e4dd455ca613ec7833c,아토르바정10mg(유한양행)-1정 | 아토르바정10밀리그램(아토르바스타틴칼슘삼수화물)_(10.85mg/1정)((주)유한양행)-1정,ALUMINUM | ATORVASTATIN | PHARMA_API_GENERIC | POLYPROPYLENE_PP,4,89
NAME::ITEM_a143023dab4e8e7c3de7,아토르바정10mg(유한양행)-1정 | 아토르바정10밀리그램(아토르바스타틴칼슘삼수화물)_(10.85mg/1정)((주)유한양행)-1정,ALUMINUM | ATORVASTATIN | PHARMA_API_GENERIC | POLYPROPYLENE_PP,4,89
NAME::ITEM_a1db9962bbf176c69754,아토르바정10mg(유한양행)-1정 | 아토르바정10밀리그램(아토르바스타틴칼슘삼수화물)_(10.85mg/1정)((주)유한양행)-1정,ALUMINUM | ATORVASTATIN | PHARMA_API_GENERIC | POLYPROPYLENE_PP,4,89
NAME::ITEM_3b62f26f68c9ab98ecc5,대한관류용멸균증류수 1000밀리리터(대한약품공업(주))-1000mL/병,GLUCOSE_CORNSTARCH | SODIUM_CHLORIDE,2,88
NAME::ITEM_024dd1a56e46a31d4e28,필로젠정10밀리그람(피록시캄) | 필로젠정10밀리그람(피록시캄)_(10mg/1정)((주)제뉴파마)-1정,ALUMINUM | PIROXICAM | POLYPROPYLENE_PP,3,87
NAME::ITEM_6b383e28c2c905c3285b,필로젠정10밀리그람(피록시캄) | 필로젠정10밀리그람(피록시캄)_(10mg/1정)((주)제뉴파마)-1정,ALUMINUM | PIROXICAM | POLYPROPYLENE_PP,3,87
NAME::ITEM_8a79ab12ac9f9e5784e8,대한디클로페낙주(디클로페낙나트륨)(대한약품공업(주))-2mL/앰플,ALUMINUM | DICLOFENAC | POLYPROPYLENE_PP,3,87
NAME::ITEM_0f46331f40f6a0513391,필로젠정10밀리그람(피록시캄) | 필로젠정10밀리그람(피록시캄)_(10mg/1정)((주)제뉴파마)-1정,ALUMINUM | PIROXICAM | POLYPROPYLENE_PP,3,87
NAME::ITEM_a2d188d9299df10e48ca,버물리겔 | 버물리에스액,INSECT_BITE_TOPICAL_UNCONFIRMED | PARAFFIN_PETROLEUM,2,86
NAME::ITEM_b4d8ee5058cbd95478ab,(RMP)리포덱스600mg | RMP600 | 리포덱스정(리팜피신) 600mg,RIFAMPICIN | RIFAMPIN,2,86
NAME::ITEM_036cbb9e0bd588a71ab4,버물리겔 | 버물리에스액,INSECT_BITE_TOPICAL_UNCONFIRMED | PARAFFIN_PETROLEUM,2,86
NAME::ITEM_48f45477c46fc3af95d1,대상포진 | 대상포진 0.5ml | 대상포진 무료 0.5ml,MATERIAL_UNSPECIFIED | PHARMA_API_GENERIC,2,86
NAME::ITEM_fd04a52fc2a16724ff28,(RMP)리포덱스600mg | RMP600 | 리포덱스정(리팜피신) 600mg,RIFAMPICIN | RIFAMPIN,2,86
NAME::ITEM_0c4bade07e5b7fabc40d,대상포진 | 대상포진 0.5ml | 대상포진 무료 0.5ml,MATERIAL_UNSPECIFIED | PHARMA_API_GENERIC,2,86
NAME::ITEM_636e07ae35ec4c2b7211,대상포진 | 대상포진 0.5ml | 대상포진 무료 0.5ml,MATERIAL_UNSPECIFIED | PHARMA_API_GENERIC,2,86
NAME::ITEM_e5c4d56af0bdda2918a5,대상포진 | 대상포진 0.5ml | 대상포진 무료 0.5ml,MATERIAL_UNSPECIFIED | PHARMA_API_GENERIC,2,86
NAME::ITEM_205a3100277c07d89132,대상포진 | 대상포진 0.5ml | 대상포진 무료 0.5ml,MATERIAL_UNSPECIFIED | PHARMA_API_GENERIC,2,86
NAME::ITEM_24d44ed91c8153e54917,(RMP)리포덱스600mg | RMP600 | 리포덱스정(리팜피신) 600mg,RIFAMPICIN | RIFAMPIN,2,86
NAME::ITEM_93e8b632237012663d6c,폐렴구균15가 (박스뉴반스) | 폐렴구균백신,MATERIAL_UNSPECIFIED | PHARMA_API_GENERIC,2,85
NAME::ITEM_c3ed29f15963b67382c3,폐렴구균15가 (박스뉴반스) | 폐렴구균백신,MATERIAL_UNSPECIFIED | PHARMA_API_GENERIC,2,85
NAME::ITEM_17df7afcc69d1169e18d,마데카솔연고(동국제약)-10g | 마데카솔연고(동국제약)-1g (포장단위 10g),CENTELLA_EXTRACT | PARAFFIN_PETROLEUM,2,84
NAME::ITEM_346655eda0a4109df254,마데카솔연고(동국제약)-10g | 마데카솔연고(동국제약)-1g (포장단위 10g),CENTELLA_EXTRACT | PARAFFIN_PETROLEUM,2,84
NAME::ITEM_2429cca48d23d514681a,푸리타제정(1정)((주)한국파비스제약)-1정,MICROBIAL_FUNGAL_ENZYME | PANCREATIN_ANIMAL_ENZYME,2,84
NAME::ITEM_081e212a458ab8888f27,메치손정(메틸프레드니솔론)((주)일화)-1정,METHYLPREDNISOLONE | PARAFFIN_PETROLEUM,2,84
NAME::ITEM_8c6c23c99223cca617d4,(건강)임산부엽산제30T | (건강)임산부철분제30T | ★택배★마이니철분,FOLIC_ACID | IRON_MINERAL_COMPOUND,2,84
NAME::ITEM_afa777c154b74c3162a6,겔투현탁액(알마게이트)(삼진제약(주))-15mL/포,ALUMINUM_HYDROXIDE_MINERAL | MAGNESIUM_HYDROXIDE_MINERAL,2,84
NAME::ITEM_cda7f387e36f4ef6d503,정우아시클로버크림(05g/10g)(정우신약(주))-10g/개,ACYCLOVIR | PARAFFIN_PETROLEUM,2,84
NAME::ITEM_24b277002728a1d3efc4,티티베연고0.25%(프레드니카르베이트)_(25mg/10g)(한미약품(주))-10g/개,PARAFFIN_PETROLEUM | PREDNICARBATE,2,82
NAME::ITEM_fca6cbf1146eee1c35c4,나미진크림(테르비나핀염산염)_(0.15g/15g)((주)씨엠지제약)-15g/개,PARAFFIN_PETROLEUM | TERBINAFINE,2,82
NAME::ITEM_f23bd1819f56cca1d20d,슈락스골드장용정(1정)(영풍제약(주))-1정,MICROBIAL_FUNGAL_ENZYME | PANCREATIN_ANIMAL_ENZYME,2,82
NAME::ITEM_b75279f48c62d1d2713e,베이드크림(프레드니카르베이트)(수출명:DERMASTOP)_(50mg/20g)((주)동구바이오제약)-20g/개,PARAFFIN_PETROLEUM | PREDNICARBATE,2,82
NAME::ITEM_834d5348336d89fb0d36,바크락스연고(아시클로버)(슈넬생명과학(주))-1g,ACYCLOVIR | PARAFFIN_PETROLEUM,2,82
NAME::ITEM_69dff73cc4cbdcbae97e,9NS/중외엔에스주사액(염화나트륨)(제이더블유생명과학(주))-500mL/백 | 중외엔에스주사액(염화나트륨)(제이더블유생명과학(주))-500mL/백 | 중외엔에스주사액(염화나트륨)_(4.5g/500mL)(제이더블유생명과학(주))-500mL/백,GLUCOSE_CORNSTARCH | SODIUM_CHLORIDE,2,82
NAME::ITEM_a88dc737704959f3ca2a,아세라노정((주)씨엠지제약)-1정 | 아세라노정_(1정)((주)씨엠지제약)-1정,ALUMINUM | POLYPROPYLENE_PP | TRAMADOL_ACETAMINOPHEN,3,81
NAME::ITEM_98a91abcc8ece8e3673b,디크놀주사2밀리리터(디클로페낙β디메틸아미노에탄올)_(90mg/2mL)(명문제약(주))-2mL/앰플 | 디크놀주사2밀리리터(디클로페낙베타디메칠아미노에탄올)(명문제약(주))-2mL/앰플,ALUMINUM | DICLOFENAC | POLYPROPYLENE_PP,3,81
NAME::ITEM_93685e0577315b6556d0,아세라노정((주)씨엠지제약)-1정 | 아세라노정_(1정)((주)씨엠지제약)-1정,ALUMINUM | POLYPROPYLENE_PP | TRAMADOL_ACETAMINOPHEN,3,81
NAME::ITEM_b8411b1120596273b781,텔미로탄정80mg(씨엠지제약) | 텔미로탄정80mg(텔미사르탄)((주)씨엠지제약)-1정 | 텔미로탄정80mg(텔미사르탄)_(80mg/1정)((주)씨엠지제약)-1정,TELMISARTAN | TELMISARTAN_AMLODIPINE,2,81
NAME::ITEM_3a982f766385eb04e968,텔미로탄정80mg(씨엠지제약) | 텔미로탄정80mg(텔미사르탄)((주)씨엠지제약)-1정 | 텔미로탄정80mg(텔미사르탄)_(80mg/1정)((주)씨엠지제약)-1정,TELMISARTAN | TELMISARTAN_AMLODIPINE,2,81
NAME::ITEM_6e0ce3967255f7fcc922,디크놀주사2밀리리터(디클로페낙β디메틸아미노에탄올)_(90mg/2mL)(명문제약(주))-2mL/앰플 | 디크놀주사2밀리리터(디클로페낙베타디메칠아미노에탄올)(명문제약(주))-2mL/앰플,ALUMINUM | DICLOFENAC | POLYPROPYLENE_PP,3,81
NAME::ITEM_d5b3c6e85fa471488912,(군)대상포진 스카이조스터 | (군)스카이조스터주 0.5mL/병(50세이상) | (군)스카이조스터주 0.5mL/병(50세이상)(에스케이케미칼),MATERIAL_UNSPECIFIED | PHARMA_API_GENERIC,2,81
NAME::ITEM_81e8da5e337e585808b7,텔미로탄정80mg(씨엠지제약) | 텔미로탄정80mg(텔미사르탄)((주)씨엠지제약)-1정 | 텔미로탄정80mg(텔미사르탄)_(80mg/1정)((주)씨엠지제약)-1정,TELMISARTAN | TELMISARTAN_AMLODIPINE,2,81
NAME::ITEM_ead2e70f1fd8862a94dd,디크놀주사2밀리리터(디클로페낙β디메틸아미노에탄올)_(90mg/2mL)(명문제약(주))-2mL/앰플 | 디크놀주사2밀리리터(디클로페낙베타디메칠아미노에탄올)(명문제약(주))-2mL/앰플,ALUMINUM | DICLOFENAC | POLYPROPYLENE_PP,3,81
NAME::ITEM_4f84b55ea583e22aa649,라미실크림1%(염산테르비나핀)_(0.15g/15g)((주)글락소스미스클라인컨슈머헬스케어코리아)-15g/개,PARAFFIN_PETROLEUM | TERBINAFINE,2,80
NAME::ITEM_aec6fc046285f0b54bbd,"신풍겐타마이신주80밀리그람(신풍제약(주))-2mL/앰플 | 신풍겐타마이신주80밀리그램_(겐타마이신황산염, 80mg/2mL)(신풍제약(주))-2mL/앰플",GENTAMICIN | PARAFFIN_PETROLEUM,2,80
NAME::ITEM_d3b2d478f8901ba5772d,"신풍겐타마이신주80밀리그람(신풍제약(주))-2mL/앰플 | 신풍겐타마이신주80밀리그램_(겐타마이신황산염, 80mg/2mL)(신풍제약(주))-2mL/앰플",GENTAMICIN | PARAFFIN_PETROLEUM,2,80
NAME::ITEM_98dbacba73b569befdc3,5DW/중외5%포도당주사액 500밀리리터(제이더블유중외제약(주))-500mL/백 | 중외5%포도당주사액 500밀리리터(제이더블유중외제약(주))-500mL/백,GLUCOSE_CORNSTARCH | SODIUM_CHLORIDE,2,80
NAME::ITEM_7314cb62d62d129047fd,5DW/중외5%포도당주사액 500밀리리터(제이더블유중외제약(주))-500mL/백 | 중외5%포도당주사액 500밀리리터(제이더블유중외제약(주))-500mL/백,GLUCOSE_CORNSTARCH | SODIUM_CHLORIDE,2,80
NAME::ITEM_5a507d870cf54b9958ff,5DW/중외5%포도당주사액 500밀리리터(제이더블유중외제약(주))-500mL/백 | 중외5%포도당주사액 500밀리리터(제이더블유중외제약(주))-500mL/백,GLUCOSE_CORNSTARCH | SODIUM_CHLORIDE,2,80
NAME::ITEM_e80c2dc0e224de2ec34d,9%생리식염주 1000mL(대한약품)-1000mL/백 | 대한멸균생리식염수1000밀리리터(생리식염주사액)(대한약품공업(주))-1000mL/백,GLUCOSE_CORNSTARCH | POLYPROPYLENE_PP | POLYVINYL_CHLORIDE_PVC | SODIUM_CHLORIDE,4,80
NAME::ITEM_49df726c28b7458d2688,9%생리식염주 1000mL(대한약품)-1000mL/백 | 대한멸균생리식염수1000밀리리터(생리식염주사액)(대한약품공업(주))-1000mL/백,GLUCOSE_CORNSTARCH | POLYPROPYLENE_PP | POLYVINYL_CHLORIDE_PVC | SODIUM_CHLORIDE,4,80
NAME::ITEM_dc5caa759afb623258bd,히알루미니점안액(히알루론산나트륨) (0.5mg/0.5mL)(한미약품(주))-0.5mL/관 | 히알루미니점안액0.1%(히알루론산나트륨)(1회용)_(0.5mg/0.5mL)(한미약품(주))-0.5mL/관,PARAFFIN_PETROLEUM | PHARMA_API_GENERIC | SODIUM_HYALURONATE,3,79
NAME::ITEM_7c0eccd3ee6bc8fb37a3,히알루미니점안액(히알루론산나트륨) (0.5mg/0.5mL)(한미약품(주))-0.5mL/관 | 히알루미니점안액0.1%(히알루론산나트륨)(1회용)_(0.5mg/0.5mL)(한미약품(주))-0.5mL/관,PARAFFIN_PETROLEUM | PHARMA_API_GENERIC | SODIUM_HYALURONATE,3,79
NAME::ITEM_6a377c6a5862333704fb,판크론에프정(1정)(영진약품(주))-1정,MICROBIAL_FUNGAL_ENZYME | PANCREATIN_ANIMAL_ENZYME,2,78
NAME::ITEM_333b42eada788d742a8e,물린디액(60g)(신신제약(주))-60g/병 | 물린디액(신신제약)-60g/병,INSECT_BITE_TOPICAL_UNCONFIRMED | PARAFFIN_PETROLEUM,2,78
NAME::ITEM_0be5d61dd5afdb334ed5,삼진아스피린장용정(삼진제약(주))-1정,ALUMINUM | ASPIRIN | POLYPROPYLENE_PP,3,78
NAME::ITEM_b919c12459cbe83c97ad,"파나덤크림_(9.6mg,0.15g,15mg/15g)(제이더블유중외신약(주))-15g/개",BETAMETHASONE_CLOTRIMAZOLE_GENTAMICIN | PARAFFIN_PETROLEUM,2,78
NAME::ITEM_91abc9669c0b66116bbd,물린디액(60g)(신신제약(주))-60g/병 | 물린디액(신신제약)-60g/병,INSECT_BITE_TOPICAL_UNCONFIRMED | PARAFFIN_PETROLEUM,2,78
NAME::ITEM_fc775f7db7a911ea4f7a,그린바세린 | 바세린연고,PARAFFIN_PETROLEUM | PHARMA_API_GENERIC,2,76
NAME::ITEM_78ae899d6c593d421387,다우제큐정(1정)(미래제약(주))-1정,MICROBIAL_FUNGAL_ENZYME | PANCREATIN_ANIMAL_ENZYME,2,76
NAME::ITEM_dc7d10299744ba529770,박트리안연고(태극제약)-10g,MUPIROCIN | PARAFFIN_PETROLEUM,2,76
NAME::ITEM_ecb06befce07f083ce2e,프리베이트크림(일양약품)-20g | 프리베이트크림(프레드니카르베이트)_(50mg/20g)(일양약품(주))-20g/개,PARAFFIN_PETROLEUM | PHARMA_API_GENERIC | PREDNICARBATE,3,76
NAME::ITEM_301474be68bc8b9dd8b4,프리베이트크림(일양약품)-20g | 프리베이트크림(프레드니카르베이트)_(50mg/20g)(일양약품(주))-20g/개,PARAFFIN_PETROLEUM | PHARMA_API_GENERIC | PREDNICARBATE,3,76
NAME::ITEM_213875f8675c5ae58264,그린바세린 | 바세린연고,PARAFFIN_PETROLEUM | PHARMA_API_GENERIC,2,76
NAME::ITEM_ced95e342f4b01e5e5b1,울트라핀세미정(에스피씨(주))-1정 | 울트라핀세미정_(1정)(에스피씨(주))-1정,ALUMINUM | POLYPROPYLENE_PP | TRAMADOL_ACETAMINOPHEN,3,75
NAME::ITEM_24af2351615e62dbea0e,듀얼셋정_(1정)((주)중헌제약)-1정,ALUMINUM | POLYPROPYLENE_PP | TRAMADOL_ACETAMINOPHEN,3,75
NAME::ITEM_cc4801ea51274f32e16f,독감무료(14-64세 보령시민 지자체) | 인플루엔자 | 인플루엔자 (0.5ml)-어린이,BIOLOGICS_CELL_CULTURE | LIPID_NANOPARTICLE | MATERIAL_UNSPECIFIED,3,75
NAME::ITEM_8ef327902a3bc97d219b,울트라핀세미정(에스피씨(주))-1정 | 울트라핀세미정_(1정)(에스피씨(주))-1정,ALUMINUM | POLYPROPYLENE_PP | TRAMADOL_ACETAMINOPHEN,3,75
NAME::ITEM_55df0852f918f74a510b,셀레코캡슐200밀리그램(세레콕시브)_(0.2g/1캡슐)(코오롱제약(주))-1캡슐,ALUMINUM | CELECOXIB | POLYPROPYLENE_PP,3,75
NAME::ITEM_3ada1de76b295fd2d932,중외5%포도당생리식염액500밀리리터(수출명:5%DextroseinnormalsalineInj.)(제이더블유중외제약(주))-500mL/백 | 중외5%포도당생리식염액500밀리리터(제이더블유중외제약(주))-500mL/백,GLUCOSE_CORNSTARCH | SODIUM_CHLORIDE,2,74
NAME::ITEM_7930b67fe87f32402a86,제스판골드정(1정)((주)종근당)-1정,MICROBIAL_FUNGAL_ENZYME | PANCREATIN_ANIMAL_ENZYME,2,74
NAME::ITEM_e93904e6940bbacc8d53,센토스크림(테르비나핀염산염)_(0.15g/15g)((주)메디카코리아)-15g/개,PARAFFIN_PETROLEUM | TERBINAFINE,2,74
NAME::ITEM_38dc7952b66b9a13eab0,중외5%포도당생리식염액500밀리리터(수출명:5%DextroseinnormalsalineInj.)(제이더블유중외제약(주))-500mL/백 | 중외5%포도당생리식염액500밀리리터(제이더블유중외제약(주))-500mL/백,GLUCOSE_CORNSTARCH | SODIUM_CHLORIDE,2,74
NAME::ITEM_859457c0ecb105fc6586,튜비스투정 | 튜비스투정 150/300mg | 튜비스투정(이소니아지드/리팜피신) 150/300mg,ISONIAZID | RIFAMPICIN_ISONIAZID,2,73
NAME::ITEM_e679590685ce40e6ecdb,에페시나정(에페리손염산염)((주)테라젠이텍스)-1정 | 에페시나정(에페리손염산염)_(50mg/1정)((주)테라젠이텍스)-1정 | 에페시나정(테라젠이텍스)-1정,ALUMINUM | EPERISONE | PHARMA_API_GENERIC | POLYPROPYLENE_PP,4,72
NAME::ITEM_603bc12497924b5c30b1,"(이동)엔딕스크림15g(동광제약(주) | 엔딕스크림_(0.15g,15mg/15g)(동광제약(주))-15g/개",BETAMETHASONE_GENTAMICIN | PARAFFIN_PETROLEUM,2,72
NAME::ITEM_87ca959a1ba53ba6739c,"(이동)엔딕스크림15g(동광제약(주) | 엔딕스크림_(0.15g,15mg/15g)(동광제약(주))-15g/개",BETAMETHASONE_GENTAMICIN | PARAFFIN_PETROLEUM,2,72
NAME::ITEM_94b6f6962b512a272dce,에페시나정(에페리손염산염)((주)테라젠이텍스)-1정 | 에페시나정(에페리손염산염)_(50mg/1정)((주)테라젠이텍스)-1정 | 에페시나정(테라젠이텍스)-1정,ALUMINUM | EPERISONE | PHARMA_API_GENERIC | POLYPROPYLENE_PP,4,72
NAME::ITEM_92af23e2ef52d5575d35,베아제정,MICROBIAL_FUNGAL_ENZYME | PANCREATIN_ANIMAL_ENZYME,2,72
NAME::ITEM_5e14272457c806923684,알마펜정(알마게이트)_(0.5g/1정)(오스템파마주식회사)-1정,ALUMINUM_HYDROXIDE_MINERAL | MAGNESIUM_HYDROXIDE_MINERAL,2,72
NAME::ITEM_1fb13862cd8d427b06e8,에페시나정(에페리손염산염)((주)테라젠이텍스)-1정 | 에페시나정(에페리손염산염)_(50mg/1정)((주)테라젠이텍스)-1정 | 에페시나정(테라젠이텍스)-1정,ALUMINUM | EPERISONE | PHARMA_API_GENERIC | POLYPROPYLENE_PP,4,72
NAME::ITEM_b8b78fe89bd1b6fed49d,튜비스정 | 튜비스정((주)비씨월드제약)-1정 | 튜비스정_(1정)((주)비씨월드제약)-1정,ALUMINUM | PHARMA_API_GENERIC | POLYPROPYLENE_PP | RIFAMPICIN_ISONIAZID,4,70
NAME::ITEM_c242bae887512d9c07d1,9NS/중외엔에스주사액(염화나트륨)(제이더블유생명과학(주))-500mL/백 | 중외엔에스주사액(염화나트륨)(제이더블유생명과학(주))-500mL/백 | 중외엔에스주사액(염화나트륨)_(4.5g/500mL)(제이더블유생명과학(주))-500mL/백,GLUCOSE_CORNSTARCH | SODIUM_CHLORIDE,2,70
NAME::ITEM_43372e76bae3f2dd47fd,9NS/중외엔에스주사액(염화나트륨)(제이더블유생명과학(주))-500mL/백 | 중외엔에스주사액(염화나트륨)(제이더블유생명과학(주))-500mL/백 | 중외엔에스주사액(염화나트륨)_(4.5g/500mL)(제이더블유생명과학(주))-500mL/백,GLUCOSE_CORNSTARCH | SODIUM_CHLORIDE,2,70
NAME::ITEM_20aa317be77fcc7eae0d,9NS/중외엔에스주사액(염화나트륨)(제이더블유생명과학(주))-500mL/백 | 중외엔에스주사액(염화나트륨)(제이더블유생명과학(주))-500mL/백 | 중외엔에스주사액(염화나트륨)_(4.5g/500mL)(제이더블유생명과학(주))-500mL/백,GLUCOSE_CORNSTARCH | SODIUM_CHLORIDE,2,70
NAME::ITEM_e06156875666e826ea8a,튜비스정 | 튜비스정((주)비씨월드제약)-1정 | 튜비스정_(1정)((주)비씨월드제약)-1정,ALUMINUM | PHARMA_API_GENERIC | POLYPROPYLENE_PP | RIFAMPICIN_ISONIAZID,4,70
NAME::ITEM_c12be0f4908431ed9576,메디솔론정(메틸프레드니솔론)(한국휴텍스제약(주))-1정,METHYLPREDNISOLONE | PARAFFIN_PETROLEUM,2,70
NAME::ITEM_60464d8cf203b8554c13,알드린현탁액(알마게이트)(일양약품(주))-15mL/포,ALUMINUM_HYDROXIDE_MINERAL | MAGNESIUM_HYDROXIDE_MINERAL,2,70
NAME::ITEM_3c9fd757f94a808847ff,"하이트리크림_(0.2g,0.2g/20g)(한국콜마(주))-20g/개 | 하이트리크림_(20g)(주식회사제뉴원사이언스)-20g/개",CLOTRIMAZOLE | PARAFFIN_PETROLEUM,2,70
NAME::ITEM_dd2d6bcc955a44535521,"하이트리크림_(0.2g,0.2g/20g)(한국콜마(주))-20g/개 | 하이트리크림_(20g)(주식회사제뉴원사이언스)-20g/개",CLOTRIMAZOLE | PARAFFIN_PETROLEUM,2,70
NAME::ITEM_d686b0f432314cc023c6,튜비스정 | 튜비스정((주)비씨월드제약)-1정 | 튜비스정_(1정)((주)비씨월드제약)-1정,ALUMINUM | PHARMA_API_GENERIC | POLYPROPYLENE_PP | RIFAMPICIN_ISONIAZID,4,70
NAME::ITEM_74a945dc8199ff4bfbac,뉴브렉스캡슐200mg(세레콕시브)(화일약품(주))-1캡슐 | 뉴브렉스캡슐200mg(세레콕시브)_(0.2g/1캡슐)(화일약품(주))-1캡슐,ALUMINUM | CELECOXIB | POLYPROPYLENE_PP,3,69
NAME::ITEM_7ed3065b084e0552f681,아세테크정(아세클로페낙)_(0.1g/1정)((주)시어스제약)-1정,ACECLOFENAC | ALUMINUM | POLYPROPYLENE_PP,3,69
NAME::ITEM_e61184103cd9408a5ae9,쎄레젠캡슐200mg(세레콕시브)((주)뉴젠팜)-1캡슐 | 쎄레젠캡슐200mg(세레콕시브)_(0.2g/1캡슐)((주)뉴젠팜)-1캡슐,ALUMINUM | CELECOXIB | POLYPROPYLENE_PP,3,69
NAME::ITEM_7d1e5070ce09e5217c29,뉴브렉스캡슐200mg(세레콕시브)(화일약품(주))-1캡슐 | 뉴브렉스캡슐200mg(세레콕시브)_(0.2g/1캡슐)(화일약품(주))-1캡슐,ALUMINUM | CELECOXIB | POLYPROPYLENE_PP,3,69
NAME::ITEM_9fdcb44f88c28772cf40,피록스타플라스타(피록시캄)(10x7cm2/1매)(신신제약(주))-1매,ALUMINUM | PIROXICAM | POLYPROPYLENE_PP,3,69
NAME::ITEM_fa105dd11e390eeaed33,멘소래담로션(Mentholatumlotion)(100mL)(맨소래덤아시아퍼시픽주식회사)-100mL/통,ALUMINUM | METHYL_SALICYLATE | POLYPROPYLENE_PP,3,69
NAME::ITEM_be598a6b0f82de164683,쎄레젠캡슐200mg(세레콕시브)((주)뉴젠팜)-1캡슐 | 쎄레젠캡슐200mg(세레콕시브)_(0.2g/1캡슐)((주)뉴젠팜)-1캡슐,ALUMINUM | CELECOXIB | POLYPROPYLENE_PP,3,69
NAME::ITEM_c67c184fb1512d169404,쎄레민캡슐(세레콕시브)((주)테라젠이텍스)-1캡슐 | 쎄레민캡슐200mg(세레콕시브)((주)테라젠이텍스)-1캡슐,ALUMINUM | CELECOXIB | POLYPROPYLENE_PP,3,69
NAME::ITEM_2f20aacccd570db54ca2,신신파스아렉스(10X14cm2/1매)(신신제약(주))-1매,ALUMINUM | PHARMA_API_GENERIC | POLYPROPYLENE_PP,3,69
NAME::ITEM_54e494be2ff28e8afe52,B형간염 1ml | B형간염(1mL 무료) | B형간염(대인)유료 1ml,BIOLOGICS_CELL_CULTURE | LIPID_NANOPARTICLE,2,68
NAME::ITEM_1902d20d126e5d9a9fad,알마겔정 | 알마겔정(유한양헁)-1정,ALUMINUM_HYDROXIDE_MINERAL | MAGNESIUM_HYDROXIDE_MINERAL,2,68
NAME::ITEM_40122ba706ebd608e0ff,396/슈가논정5mg/Evogliptin Tab5mg/동아에스티 | 슈가논정5밀리그램(에보글립틴타르타르산염)(동아에스티(주))-1정 | 슈가논정5밀리그램(에보글립틴타르타르산염)_(6.869mg/1정)(동아에스티(주))-1정,ALUMINUM | EVOGLIPTIN | PHARMA_API_GENERIC | POLYPROPYLENE_PP,4,68
NAME::ITEM_578709bffee68baf2cab,알마겔정 | 알마겔정(유한양헁)-1정,ALUMINUM_HYDROXIDE_MINERAL | MAGNESIUM_HYDROXIDE_MINERAL,2,68
NAME::ITEM_243a70e3f253825205f7,396/슈가논정5mg/Evogliptin Tab5mg/동아에스티 | 슈가논정5밀리그램(에보글립틴타르타르산염)(동아에스티(주))-1정 | 슈가논정5밀리그램(에보글립틴타르타르산염)_(6.869mg/1정)(동아에스티(주))-1정,ALUMINUM | EVOGLIPTIN | PHARMA_API_GENERIC | POLYPROPYLENE_PP,4,68
NAME::ITEM_551cd033cf2888a2c67c,396/슈가논정5mg/Evogliptin Tab5mg/동아에스티 | 슈가논정5밀리그램(에보글립틴타르타르산염)(동아에스티(주))-1정 | 슈가논정5밀리그램(에보글립틴타르타르산염)_(6.869mg/1정)(동아에스티(주))-1정,ALUMINUM | EVOGLIPTIN | PHARMA_API_GENERIC | POLYPROPYLENE_PP,4,68
NAME::ITEM_7c1af079196e23c0cf48,휴텍스아스피린장용정100mg(아스피린)_(0.1g/1정)(한국휴텍스제약(주))-1정,ALUMINUM | ASPIRIN | POLYPROPYLENE_PP,3,66
NAME::ITEM_29070bb8b5ae7e577952,"코포나시럽_(0.2g,3mg,10mg,26.2mg/20mL)(한국콜마(주))-20mL/포 | 코포나시럽_(20mL)(주식회사제뉴원사이언스)-20mL/포",ALUMINUM | PHARMA_API_GENERIC | POLYPROPYLENE_PP,3,66
NAME::ITEM_2bcff0206937ec6811a6,크린조(염화나트륨)(제이더블유중외제약(주))-1000mL/병 | 크린조(중외제약)-1000mL/병,GLUCOSE_CORNSTARCH | SODIUM_CHLORIDE,2,66
NAME::ITEM_497febf0ae1fdc5cbe53,안티푸라민한방카타플라스마(유한양행)-6매,ALUMINUM | METHYL_SALICYLATE | POLYPROPYLENE_PP,3,66
NAME::ITEM_99aeb10dcc07786ba06f,"코포나시럽_(0.2g,3mg,10mg,26.2mg/20mL)(한국콜마(주))-20mL/포 | 코포나시럽_(20mL)(주식회사제뉴원사이언스)-20mL/포",ALUMINUM | PHARMA_API_GENERIC | POLYPROPYLENE_PP,3,66
NAME::ITEM_096e96acb5337840decf,쎄레스톤지크림 15g,BETAMETHASONE_GENTAMICIN | PARAFFIN_PETROLEUM,2,66
NAME::ITEM_854497cc362186d36298,캐롤엔연질캡슐(나프록센)(025g/1캡슐)(일동제약(주))-1캡슐,ALUMINUM | NAPROXEN | POLYPROPYLENE_PP,3,66
NAME::ITEM_1609523ef6210667b933,크린조(염화나트륨)(제이더블유중외제약(주))-1000mL/병 | 크린조(중외제약)-1000mL/병,GLUCOSE_CORNSTARCH | SODIUM_CHLORIDE,2,66
NAME::ITEM_64d7f4c0d0a4b6c35684,솔루록센연질캡슐(나프록센)(025g/1캡슐)(현대약품(주))-1캡슐,ALUMINUM | NAPROXEN | POLYPROPYLENE_PP,3,66
NAME::ITEM_af80400d7a36446578eb,장티푸스 (경구용 무료) | 장티푸스(경구용)무료-비보티브,ALUMINUM | PHARMA_API_GENERIC | POLYPROPYLENE_PP,3,66
NAME::ITEM_a8b86ceaeeb3b810a485,탁센연질캡슐(나프록센)(025g/1캡슐)((주)녹십자)-1캡슐,ALUMINUM | NAPROXEN | POLYPROPYLENE_PP,3,66
NAME::ITEM_051988a6b14e377039fa,반드레크림(요소)_(12g/60g)(한국넬슨제약(주))-60g/개 | 반드레크림(우레아)_(12g/60g)(한국넬슨제약(주))-60g/개,PARAFFIN_PETROLEUM | UREA,2,66
NAME::ITEM_527eff9dde4242279b1b,반드레크림(요소)_(12g/60g)(한국넬슨제약(주))-60g/개 | 반드레크림(우레아)_(12g/60g)(한국넬슨제약(주))-60g/개,PARAFFIN_PETROLEUM | UREA,2,66
NAME::ITEM_b9323dbded34d2202a88,프레벨연고(프레드니카르베이트)_(1.25g/500g)(태극제약(주))-500g/병,PARAFFIN_PETROLEUM | PREDNICARBATE,2,66
NAME::ITEM_9fc3585ff414d651413c,대상포진 | 대상포진 0.5ml | 대상포진(50%지원),MATERIAL_UNSPECIFIED | PHARMA_API_GENERIC,2,65
NAME::ITEM_b80098a383a2bb78e3cd,대상포진 | 대상포진 0.5ml | 대상포진(50%지원),MATERIAL_UNSPECIFIED | PHARMA_API_GENERIC,2,65
NAME::ITEM_907fe95d98a2e7615b72,대상포진 | 대상포진 0.5ml | 대상포진(50%지원),MATERIAL_UNSPECIFIED | PHARMA_API_GENERIC,2,65
NAME::ITEM_91fa9fc12158bc548f40,대상포진 | 대상포진 0.5ml | 대상포진(50%지원),MATERIAL_UNSPECIFIED | PHARMA_API_GENERIC,2,65
NAME::ITEM_9fdd3a300a03d981c0ec,대상포진 | 대상포진 0.5ml | 대상포진(50%지원),MATERIAL_UNSPECIFIED | PHARMA_API_GENERIC,2,65
NAME::ITEM_74d9f2587a45c48db673,대상포진 | 대상포진 0.5ml | 대상포진(50%지원),MATERIAL_UNSPECIFIED | PHARMA_API_GENERIC,2,65
NAME::ITEM_3d937b3500151d89a558,메디원정(메틸프레드니솔론)((주)하원제약)-1정 | 메디원정(메틸프레드니솔론)_(4mg/1정)((주)하원제약)-1정,METHYLPREDNISOLONE | PARAFFIN_PETROLEUM,2,64
NAME::ITEM_7b1c4578365c6be6239f,메디원정(메틸프레드니솔론)((주)하원제약)-1정 | 메디원정(메틸프레드니솔론)_(4mg/1정)((주)하원제약)-1정,METHYLPREDNISOLONE | PARAFFIN_PETROLEUM,2,64
NAME::ITEM_44a780854ae7544a7267,미모나크림(우레아)_(11g/55g)((주)씨엠지제약)-55g/개,PARAFFIN_PETROLEUM | UREA,2,64
NAME::ITEM_30a6481ec99f4f00150c,타이레놀8시간이알서방정(아세트아미노펜)_(0.65g/1정)((주)한국얀센)-1정,ACETAMINOPHEN | ALUMINUM | POLYPROPYLENE_PP,3,63
NAME::ITEM_808d9b5ba51770334ef9,에이치엘비피록시캄겔(피록시캄)(025g/50g/병)(에이치엘비제약(주))-50g/병,ALUMINUM | PIROXICAM | POLYPROPYLENE_PP,3,63
NAME::ITEM_ed4ddac5236bc806836e,튜비스투정 | 튜비스투정 150/300mg | 튜비스투정(이소니아지드/리팜피신) 150/300mg,ISONIAZID | RIFAMPICIN_ISONIAZID,2,63
NAME::ITEM_e9ef13f08c9dfb06933a,에어신신파스(220mL)(신신제약(주))-220mL/캔,ALUMINUM | PHARMA_API_GENERIC | POLYPROPYLENE_PP,3,63
NAME::ITEM_f7b43abff10e2f7d719d,아클펜정(아세클로페낙)((주)테라젠이텍스)-1정,ACECLOFENAC | ALUMINUM | POLYPROPYLENE_PP,3,63
NAME::ITEM_285942c46dd1b4550e82,튜비스투정 | 튜비스투정 150/300mg | 튜비스투정(이소니아지드/리팜피신) 150/300mg,ISONIAZID | RIFAMPICIN_ISONIAZID,2,63
NAME::ITEM_753b4957627606c1a895,메디솔정(메틸프레드니솔론)_(4mg/1정)(한국코러스(주))-1정,METHYLPREDNISOLONE | PARAFFIN_PETROLEUM,2,62
NAME::ITEM_ef6f08f3a0d08a08f4aa,B형간염 (소인)유료 0.5ml | B형간염 0.5ml,BIOLOGICS_CELL_CULTURE | LIPID_NANOPARTICLE,2,62
NAME::ITEM_67ed19fb1e3a5457512d,베스타제정(동아제약(주))-1정 | 베스타제정(동아제약(주))-1정(보훈급여),MICROBIAL_FUNGAL_ENZYME | PANCREATIN_ANIMAL_ENZYME,2,62
NAME::ITEM_7c9b3fef2e9247cfe413,베스타제정(동아제약(주))-1정 | 베스타제정(동아제약(주))-1정(보훈급여),MICROBIAL_FUNGAL_ENZYME | PANCREATIN_ANIMAL_ENZYME,2,62
NAME::ITEM_4838a0ca05882a7b64da,셀페낙정(아세클로페낙)(셀티스팜(주))-1정 | 셀페낙정(아세클로페낙)_(0.1g/1정)((주)텔콘알에프제약)-1정,ACECLOFENAC | ALUMINUM | POLYPROPYLENE_PP,3,60
NAME::ITEM_91a7202182dcb170335e,B형간염 (소인)유료 0.5ml | B형간염 0.5ml,BIOLOGICS_CELL_CULTURE | LIPID_NANOPARTICLE,2,60
NAME::ITEM_2cd044c9b941062e7627,쎄레원정200밀리그램(세레콕시브)(일동제약(주))-1정 | 쎄레원정200밀리그램(세레콕시브)_(0.2g/1정)(일동제약(주))-1정,ALUMINUM | CELECOXIB | POLYPROPYLENE_PP,3,60
NAME::ITEM_4db563b0e8f7a71343c2,쎄레원정200밀리그램(세레콕시브)(일동제약(주))-1정 | 쎄레원정200밀리그램(세레콕시브)_(0.2g/1정)(일동제약(주))-1정,ALUMINUM | CELECOXIB | POLYPROPYLENE_PP,3,60
NAME::ITEM_12d46869571994dc35de,9%생리식염주 100mL(대한약품)-100mL/백 | 대한멸균생리식염수100밀리리터(생리식염주사액)(대한약품공업(주))-100mL/백,GLUCOSE_CORNSTARCH | SODIUM_CHLORIDE,2,60
NAME::ITEM_685ff9537be04432a2fc,9%생리식염주 100mL(대한약품)-100mL/백 | 대한멸균생리식염수100밀리리터(생리식염주사액)(대한약품공업(주))-100mL/백,GLUCOSE_CORNSTARCH | SODIUM_CHLORIDE,2,60
NAME::ITEM_8c9e15c3e0b31413a529,제일제약덱사메타손주사액4.37mg(디나트륨인산덱사메타손)((주)제일제약)-1mL/앰플,DEXAMETHASONE | PARAFFIN_PETROLEUM,2,60
NAME::ITEM_257e0edb0a8f21328bba,셀페낙정(아세클로페낙)(셀티스팜(주))-1정 | 셀페낙정(아세클로페낙)_(0.1g/1정)((주)텔콘알에프제약)-1정,ACECLOFENAC | ALUMINUM | POLYPROPYLENE_PP,3,60
NAME::ITEM_b0262c05c59d305c9c1d,둥근머리버물리겔(40g)(현대약품(주))-40g/개,INSECT_BITE_TOPICAL_UNCONFIRMED | PARAFFIN_PETROLEUM,2,58
NAME::ITEM_a7bc1230ea46a7d9b846,중외생리식염주사액(수출명:0.9%SodiumChlorideInj.)(제이더블유중외제약(주))-20mL/앰플(PP),GLUCOSE_CORNSTARCH | SODIUM_CHLORIDE,2,58
NAME::ITEM_dbb96790ace61e1eb865,알마테정(알마게이트)_(0.5g/1정)(정우신약(주))-1정,ALUMINUM_HYDROXIDE_MINERAL | MAGNESIUM_HYDROXIDE_MINERAL,2,58
NAME::ITEM_2d54ae20e0f22859d3cc,트윈맥스정40/5밀리그램(한국프라임제약(주))-1정 | 트윈맥스정40/5밀리그램_(1정)(한국프라임제약(주))-1정,ALUMINUM | PHARMA_API_GENERIC | POLYPROPYLENE_PP,3,57
NAME::ITEM_6d6c3df2b21eeea199d8,유로셋정((주) 아이월드제약)-1정 | 유로셋정_(1정)((주)아이월드제약)-1정,ALUMINUM | POLYPROPYLENE_PP | TRAMADOL_ACETAMINOPHEN,3,57
NAME::ITEM_297572e790b18243fd92,아트놀셋정((주)테라젠이텍스)-1정 | 아트놀셋정_(1정)((주)테라젠이텍스)-1정,ALUMINUM | POLYPROPYLENE_PP | TRAMADOL_ACETAMINOPHEN,3,57
NAME::ITEM_e0553f9cf95abb5a0583,아트놀셋정((주)테라젠이텍스)-1정 | 아트놀셋정_(1정)((주)테라젠이텍스)-1정,ALUMINUM | POLYPROPYLENE_PP | TRAMADOL_ACETAMINOPHEN,3,57
NAME::ITEM_8f21eba63b498326a770,리치스타정40/5밀리그램_(1정)(풍림무약(주))-1정,ALUMINUM | PHARMA_API_GENERIC | POLYPROPYLENE_PP,3,57
NAME::ITEM_92a60bfe330c6f44fb44,유로셋정((주) 아이월드제약)-1정 | 유로셋정_(1정)((주)아이월드제약)-1정,ALUMINUM | POLYPROPYLENE_PP | TRAMADOL_ACETAMINOPHEN,3,57
NAME::ITEM_50a02435294266ada21a,트윈맥스정40/5밀리그램(한국프라임제약(주))-1정 | 트윈맥스정40/5밀리그램_(1정)(한국프라임제약(주))-1정,ALUMINUM | PHARMA_API_GENERIC | POLYPROPYLENE_PP,3,57
NAME::ITEM_454ff60927c232f43a0b,알긴지액(알긴산나트륨)_(1.25g/25mL)((주)넥스팜코리아)-25mL/포,GLUCOSE_CORNSTARCH | SODIUM_CHLORIDE,2,56
NAME::ITEM_c09a650dca3699f05ced,알마드정(알마게이트)((주)넥스팜코리아)-1정,ALUMINUM_HYDROXIDE_MINERAL | MAGNESIUM_HYDROXIDE_MINERAL,2,56
NAME::ITEM_8ecbf10b2a6a051777b7,듀오덤 엑스트라씬(10*10),HYDROCOLLOID_GEL | POLYURETHANE_PU,2,56
NAME::ITEM_2e1a55f0d3bd3cd1d24a,B형간염 1ml | B형간염(1mL 무료) | B형간염(대인)유료 1ml,BIOLOGICS_CELL_CULTURE | LIPID_NANOPARTICLE,2,56
NAME::ITEM_e7e57fe38f38ef4cad7e,인플루엔자 0.5ml | 인플루엔자(0.5mL 무료) | 인플루엔자(0.5ml)무료(직원용),BIOLOGICS_CELL_CULTURE | LIPID_NANOPARTICLE,2,56
NAME::ITEM_526b2fa2658f92c46d1e,인플루엔자 0.5ml | 인플루엔자(0.5mL 무료) | 인플루엔자(0.5ml)무료(직원용),BIOLOGICS_CELL_CULTURE | LIPID_NANOPARTICLE,2,56
NAME::ITEM_7326b485bbb26ffcf607,인플루엔자 0.5ml | 인플루엔자(0.5mL 무료) | 인플루엔자(0.5ml)무료(직원용),BIOLOGICS_CELL_CULTURE | LIPID_NANOPARTICLE,2,56
NAME::ITEM_79e9984c75d3ecc308de,인플루엔자 0.5ml | 인플루엔자(0.5mL 무료) | 인플루엔자(0.5ml)무료(직원용),BIOLOGICS_CELL_CULTURE | LIPID_NANOPARTICLE,2,56
NAME::ITEM_55aee8925534a478366a,타이레놀정500밀리그람(아세트아미노펜)(05g/1정)((주)한국얀센)-1정,ACETAMINOPHEN | ALUMINUM | POLYPROPYLENE_PP,3,54
NAME::ITEM_d99718aa6a20aed533e8,보드미크림(프레드니카르베이트)_(1.125g/450g)((주)씨엠지제약)-450g/병,PARAFFIN_PETROLEUM | PREDNICARBATE,2,54
NAME::ITEM_dc8977f9ad125fcf85f1,트윈하이정40/5밀리그램_(1정)((주)제뉴파마)-1정 | 트윈하이정40/5밀리그램_(1정)(콜마파마(주))-1정,ALUMINUM | PHARMA_API_GENERIC | POLYPROPYLENE_PP,3,54
NAME::ITEM_6fd3e162ccbc801b4751,마더스아스피린장용정100mg(아스피린)_(0.1g/1정)((주)마더스제약)-1정,ALUMINUM | ASPIRIN | POLYPROPYLENE_PP,3,54
NAME::ITEM_860746b0c227849bb92c,세렉시브캡슐200밀리그램(세레콕시브)_(0.2g/1캡슐)(풍림무약(주))-1캡슐,ALUMINUM | CELECOXIB | POLYPROPYLENE_PP,3,54
NAME::ITEM_1339bbffa534b0d884e1,케토크린플라스타(신신제약)-1매 | 케토크린플라스타(케토프로펜)_10X7cm2(신신제약(주))-1매,ALUMINUM | KETOPROFEN | POLYPROPYLENE_PP,3,54
NAME::ITEM_fc70962ff430ff2ae7af,필로젠정(피록시캄)(콜마파마(주))-1정 | 필로젠정(피록시캄)_(20mg/1정)((주)제뉴파마)-1정,ALUMINUM | PIROXICAM | POLYPROPYLENE_PP,3,54
NAME::ITEM_3e2e487860c0e1b55fc2,필로젠정(피록시캄)(콜마파마(주))-1정 | 필로젠정(피록시캄)_(20mg/1정)((주)제뉴파마)-1정,ALUMINUM | PIROXICAM | POLYPROPYLENE_PP,3,54
NAME::ITEM_e8f4a76a4a9e87f2adf6,멘소래담로션(Mentholatumlotion)(75mL)(맨소래덤아시아퍼시픽주식회사)-75mL/통,ALUMINUM | METHYL_SALICYLATE | POLYPROPYLENE_PP,3,54
NAME::ITEM_c9deb9de47b221dc399d,울트라뉴정_(1정)((주)시어스제약)-1정,ALUMINUM | POLYPROPYLENE_PP | TRAMADOL_ACETAMINOPHEN,3,54
NAME::ITEM_45bd3b6020d0e6a8402e,중헌 알마게이트정_(0.5g/1정)((주)중헌제약)-1정,ALUMINUM_HYDROXIDE_MINERAL | MAGNESIUM_HYDROXIDE_MINERAL,2,54
NAME::ITEM_5ab5d33040f558a5b425,트윈하이정40/5밀리그램_(1정)((주)제뉴파마)-1정 | 트윈하이정40/5밀리그램_(1정)(콜마파마(주))-1정,ALUMINUM | PHARMA_API_GENERIC | POLYPROPYLENE_PP,3,54
NAME::ITEM_b3757c698121497db335,셀코브렉스캡슐100밀리그램(세레콕시브)(알리코제약(주))-1캡슐,ALUMINUM | CELECOXIB | POLYPROPYLENE_PP,3,54
NAME::ITEM_99fe8114cfbf5c822580,일본뇌염(세포배양) | 일본뇌염(세포배양) 0.4ml,BIOLOGICS_CELL_CULTURE | LIPID_NANOPARTICLE,2,52
NAME::ITEM_ce143de0b2b5ad66d0d3,다제스캅셀(한림제약)-1캅셀(보훈급여) | 다제스캡슐(1캡슐)(한림제약(주))-1캡슐,MICROBIAL_FUNGAL_ENZYME | PANCREATIN_ANIMAL_ENZYME,2,52
NAME::ITEM_fdd334bc8d1618717648,다제스캅셀(한림제약)-1캅셀(보훈급여) | 다제스캡슐(1캡슐)(한림제약(주))-1캡슐,MICROBIAL_FUNGAL_ENZYME | PANCREATIN_ANIMAL_ENZYME,2,52
NAME::ITEM_fb03c0e53881ac9e924f,닥터베아제정(1정)((주)대웅제약)-1정 | 베아제정(1정)((주)대웅제약)-1정,MICROBIAL_FUNGAL_ENZYME | PANCREATIN_ANIMAL_ENZYME,2,52
NAME::ITEM_8130e4329fd840f97f41,닥터베아제정(1정)((주)대웅제약)-1정 | 베아제정(1정)((주)대웅제약)-1정,MICROBIAL_FUNGAL_ENZYME | PANCREATIN_ANIMAL_ENZYME,2,52
NAME::ITEM_bd4fd66019fe30966c33,타이레놀정500mg(한국얀센)-1정,ACETAMINOPHEN | ALUMINUM | POLYPROPYLENE_PP,3,51
NAME::ITEM_a99455562c2811c5f3f5,신신물파스에스(45mL)(신신제약(주))-45mL/병,ALUMINUM | PHARMA_API_GENERIC | POLYPROPYLENE_PP,3,51
NAME::ITEM_f53deda464f2984e7011,비코그린에스정(1정)(코오롱제약(주))-1정,ALUMINUM | PHARMA_API_GENERIC | POLYPROPYLENE_PP,3,51
NAME::ITEM_0bf667b87f7fb25d248f,부루펜정 200mg(삼일제약),ALUMINUM | IBUPROFEN | POLYPROPYLENE_PP,3,51
NAME::ITEM_7ed01df74433d1c4f4ca,멘소래담로션(Mentholatumlotion)(450mL)(맨소래덤아시아퍼시픽주식회사)-450mL/통,ALUMINUM | METHYL_SALICYLATE | POLYPROPYLENE_PP,3,51
NAME::ITEM_273639569e169e6e4e98,아스트라셋정_(1정)(한국신텍스제약(주))-1정,ALUMINUM | POLYPROPYLENE_PP | TRAMADOL_ACETAMINOPHEN,3,51
NAME::ITEM_545fbe310adcdeeb8539,한국넬슨염산테르비나핀크림_(0.2g/20g)(한국넬슨제약(주))-20g/개,PARAFFIN_PETROLEUM | TERBINAFINE,2,50
NAME::ITEM_5d001e437022e499e84d,데나실크림(염산테르비나핀)_(0.15g/15g)((주)테라젠이텍스)-15g/개,PARAFFIN_PETROLEUM | TERBINAFINE,2,50
NAME::ITEM_b4dfd84c09cc523c6f68,"베데스타크림_(19.2mg,0.3g,30mg/30g)(한국넬슨제약(주))-30g/개 | 베데스타크림_(30g)(한국넬슨제약(주))-30g/개",BETAMETHASONE_CLOTRIMAZOLE_GENTAMICIN | PARAFFIN_PETROLEUM,2,50
NAME::ITEM_afcf52a8fdb618527cb9,알지에액(알긴산나트륨)_(1.25g/25mL)((주)하원제약)-25mL/포,GLUCOSE_CORNSTARCH | SODIUM_CHLORIDE,2,50
NAME::ITEM_da7ce98bf2a26400243a,유한덱사메타손정_(0.5mg/1정)((주)유한양행)-1정,DEXAMETHASONE | PARAFFIN_PETROLEUM,2,50
NAME::ITEM_072a29489ab2c7ba2f8b,"베데스타크림_(19.2mg,0.3g,30mg/30g)(한국넬슨제약(주))-30g/개 | 베데스타크림_(30g)(한국넬슨제약(주))-30g/개",BETAMETHASONE_CLOTRIMAZOLE_GENTAMICIN | PARAFFIN_PETROLEUM,2,50
NAME::ITEM_4f9081c14566673dbbf9,(도)대상포진 스카이조스터 | (도)스카이조스터주 0.5mL(65세이상)무료 | (울산시)스카이조스터주 0.5mL/병(65세이상)(에스케이케미칼),MATERIAL_UNSPECIFIED | PHARMA_API_GENERIC,2,49
NAME::ITEM_4d3227e2b3e39b29fcb6,대상포진 | 대상포진 0.5ml | 대상포진 0.5ml (도무료),MATERIAL_UNSPECIFIED | PHARMA_API_GENERIC,2,49
NAME::ITEM_54dae955941f6724b68c,(도)대상포진 스카이조스터 | (도)스카이조스터주 0.5mL(65세이상)무료 | (울산시)스카이조스터주 0.5mL/병(65세이상)(에스케이케미칼),MATERIAL_UNSPECIFIED | PHARMA_API_GENERIC,2,49
NAME::ITEM_121f0f07a9063508fe75,(도)대상포진 스카이조스터 | (도)스카이조스터주 0.5mL(65세이상)무료 | (울산시)스카이조스터주 0.5mL/병(65세이상)(에스케이케미칼),MATERIAL_UNSPECIFIED | PHARMA_API_GENERIC,2,49
NAME::ITEM_2e4462bd63da10a1616c,(도)대상포진 스카이조스터 | (도)스카이조스터주 0.5mL(65세이상)무료 | (울산시)스카이조스터주 0.5mL/병(65세이상)(에스케이케미칼),MATERIAL_UNSPECIFIED | PHARMA_API_GENERIC,2,49
NAME::ITEM_b076beb7ca583dc3d215,(도)대상포진 스카이조스터 | (도)스카이조스터주 0.5mL(65세이상)무료 | (울산시)스카이조스터주 0.5mL/병(65세이상)(에스케이케미칼),MATERIAL_UNSPECIFIED | PHARMA_API_GENERIC,2,49
NAME::ITEM_32de5eeb17e04233e19d,(도)대상포진 스카이조스터 | (도)스카이조스터주 0.5mL(65세이상)무료 | (울산시)스카이조스터주 0.5mL/병(65세이상)(에스케이케미칼),MATERIAL_UNSPECIFIED | PHARMA_API_GENERIC,2,49
NAME::ITEM_9b3170e3dc8c96b20dc6,(도)대상포진 스카이조스터 | (도)스카이조스터주 0.5mL(65세이상)무료 | (울산시)스카이조스터주 0.5mL/병(65세이상)(에스케이케미칼),MATERIAL_UNSPECIFIED | PHARMA_API_GENERIC,2,49
NAME::ITEM_fb917fcdf83ed0cc864c,(도)대상포진 스카이조스터 | (도)스카이조스터주 0.5mL(65세이상)무료 | (울산시)스카이조스터주 0.5mL/병(65세이상)(에스케이케미칼),MATERIAL_UNSPECIFIED | PHARMA_API_GENERIC,2,49
NAME::ITEM_9aa11574ed673695bb55,록소쿨펜정(록소프로펜나트륨수화물)_(68.1mg/1정)((주)시어스제약)-1정,ALUMINUM | LOXOPROFEN | POLYPROPYLENE_PP,3,48
NAME::ITEM_86f0e8d7387986ca4c02,타세놀8시간이알서방정325밀리그램(아세트아미노펜)_(0.325g/1정)(부광약품(주))-1정 | 타세놀이알서방정325밀리그램(아세트아미노펜)_(0.325g/1정)(부광약품(주))-1정 | 타세놀이알서방정650mg,ACETAMINOPHEN | ALUMINUM | POLYPROPYLENE_PP,3,48
NAME::ITEM_a772ce00be27a749cf07,현대아시클로버크림(아시클로버)_(0.25g/5g)(현대약품(주))-5g/개,ACYCLOVIR | PARAFFIN_PETROLEUM,2,48
NAME::ITEM_5bbfc0e293b1d7a8e498,타세놀8시간이알서방정325밀리그램(아세트아미노펜)_(0.325g/1정)(부광약품(주))-1정 | 타세놀이알서방정325밀리그램(아세트아미노펜)_(0.325g/1정)(부광약품(주))-1정 | 타세놀이알서방정650mg,ACETAMINOPHEN | ALUMINUM | POLYPROPYLENE_PP,3,48
NAME::ITEM_ee87201b6170832ba9cb,하원아스피린장용정100mg((주)하원제약)-1정,ALUMINUM | ASPIRIN | POLYPROPYLENE_PP,3,48
NAME::ITEM_4230c5c3d3534a0fb7dc,"네오덱스안연고_(5g)(한림제약(주))-5g/개 | 네오덱스안연고_(5mg,17.5mg,30KI.U/5g)(한림제약(주))-5g/개",PARAFFIN_PETROLEUM | PHARMA_API_GENERIC,2,48
NAME::ITEM_8f839912cae1e4a34bbd,신신파스 아렉스,ALUMINUM | PHARMA_API_GENERIC | POLYPROPYLENE_PP,3,48
NAME::ITEM_eeb058704455d8faae08,플루코스졸캡슐50밀리그램(플루코나졸)(익수제약(주))-1캡슐 | 플루코스졸캡슐50밀리그램(플루코나졸)_(50mg/1캡슐)(익수제약(주))-1캡슐,FLUCONAZOLE | PARAFFIN_PETROLEUM,2,48
NAME::ITEM_eeb2d9c39090fd5eb6b1,타세놀정 500mg(부광약품),ACETAMINOPHEN | ALUMINUM | POLYPROPYLENE_PP,3,48
NAME::ITEM_d89c49e9e2049f85390b,트라스트겔(피록시캄)_(0.25g/50g)(에스케이케미칼(주))-50g/개,ALUMINUM | PIROXICAM | POLYPROPYLENE_PP,3,48
NAME::ITEM_bbd751d21a5ecb20e19b,"네오덱스안연고_(5g)(한림제약(주))-5g/개 | 네오덱스안연고_(5mg,17.5mg,30KI.U/5g)(한림제약(주))-5g/개",PARAFFIN_PETROLEUM | PHARMA_API_GENERIC,2,48
NAME::ITEM_3b8f1899bedf05acaf91,타세놀8시간이알서방정325밀리그램(아세트아미노펜)_(0.325g/1정)(부광약품(주))-1정 | 타세놀이알서방정325밀리그램(아세트아미노펜)_(0.325g/1정)(부광약품(주))-1정 | 타세놀이알서방정650mg,ACETAMINOPHEN | ALUMINUM | POLYPROPYLENE_PP,3,48
NAME::ITEM_af7727731244c5f77282,셀코브렉스캡슐200mg(세레콕시브)(알리코제약(주))-1캡슐,ALUMINUM | CELECOXIB | POLYPROPYLENE_PP,3,48
NAME::ITEM_111c26af625426114518,플루코스졸캡슐50밀리그램(플루코나졸)(익수제약(주))-1캡슐 | 플루코스졸캡슐50밀리그램(플루코나졸)_(50mg/1캡슐)(익수제약(주))-1캡슐,FLUCONAZOLE | PARAFFIN_PETROLEUM,2,48
NAME::ITEM_65d16fae77f155405715,명문아스피린장용정100mg(명문제약(주))-1정,ALUMINUM | ASPIRIN | POLYPROPYLENE_PP,3,48
NAME::ITEM_3f406c4f9eede945c2ce,겐타프로주사(겐타마이신황산염)((주)휴메딕스)-2ml/앰플 | 겐타프로주사(겐타마이신황산염)_(80mg/2mL)((주)휴메딕스)-2mL/앰플,GENTAMICIN | PARAFFIN_PETROLEUM,2,48
NAME::ITEM_d4736501d2823853f663,아토엠젯정10/10밀리그램_(1정)((주)마더스제약)-1정,ALUMINUM | PHARMA_API_GENERIC | POLYPROPYLENE_PP,3,48
NAME::ITEM_948c4c14aab0a8310d9b,인유두종바이러스(4가) - 무료 | 인유두종바이러스4가 | 인유두종바이러스4가백신,MATERIAL_UNSPECIFIED | PHARMA_API_GENERIC,2,47
NAME::ITEM_47f28b2d254ee5b1a33e,인유두종바이러스(4가) - 무료 | 인유두종바이러스4가 | 인유두종바이러스4가백신,MATERIAL_UNSPECIFIED | PHARMA_API_GENERIC,2,47
NAME::ITEM_68c5563101670ef04b2f,인유두종바이러스(4가) - 무료 | 인유두종바이러스4가 | 인유두종바이러스4가백신,MATERIAL_UNSPECIFIED | PHARMA_API_GENERIC,2,47
NAME::ITEM_f6bc954c1d518ef7f827,마데카솔연고(동국제약)-6g | 복합마데카솔연고(동국제약)-6g,CENTELLA_EXTRACT | PARAFFIN_PETROLEUM,2,46
NAME::ITEM_a422a9ca8982bf45e15d,칸나졸캡슐50mg(플루코나졸)(아이큐어(주))-1캡슐 | 칸나졸캡슐50mg(플루코나졸)_(50mg/1캡슐)(아이큐어(주))-1캡슐,FLUCONAZOLE | PARAFFIN_PETROLEUM,2,46
NAME::ITEM_c07966261f7ba8aa0a45,칸나졸캡슐50mg(플루코나졸)(아이큐어(주))-1캡슐 | 칸나졸캡슐50mg(플루코나졸)_(50mg/1캡슐)(아이큐어(주))-1캡슐,FLUCONAZOLE | PARAFFIN_PETROLEUM,2,46
NAME::ITEM_edddfa98568271aaaca4,마데카솔연고(동국제약)-6g | 복합마데카솔연고(동국제약)-6g,CENTELLA_EXTRACT | PARAFFIN_PETROLEUM,2,46
NAME::ITEM_9f24d6431b903a520f29,베이비락 골든플레인 | 임산부영양제 | 임산부영양제(건강기능식품),IRON_MINERAL_COMPOUND | MATERIAL_UNSPECIFIED | VITAMIN_SYNTHETIC_RAWMATERIAL,3,46
NAME::ITEM_dfca9eddf0fe7ebdf4ea,대상포진 | 대상포진 0.5ml | 대상포진 0.5ml(군무료),MATERIAL_UNSPECIFIED | PHARMA_API_GENERIC,2,45
NAME::ITEM_a5a0c5bfa15ac8d29e05,대상포진 | 대상포진 0.5ml | 대상포진 0.5ml(군무료),MATERIAL_UNSPECIFIED | PHARMA_API_GENERIC,2,45
NAME::ITEM_b6c14ad5c82f6d9fcb4d,록소폰정(록소프로펜나트륨수화물)(성원애드콕제약(주))-1정 | 록소폰정(록소프로펜나트륨수화물)_(68.1mg/1정)(성원애드콕제약(주))-1정,ALUMINUM | LOXOPROFEN | POLYPROPYLENE_PP,3,45
NAME::ITEM_4926bde179eb250a1083,록소폰정(록소프로펜나트륨수화물)(성원애드콕제약(주))-1정 | 록소폰정(록소프로펜나트륨수화물)_(68.1mg/1정)(성원애드콕제약(주))-1정,ALUMINUM | LOXOPROFEN | POLYPROPYLENE_PP,3,45
NAME::ITEM_b6fd56e40108a1e298e6,쎄넥스캡슐100mg(세레콕시브)((주)넥스팜코리아)-1캡슐 | 쎄넥스캡슐100mg(세레콕시브)_(0.1g/1캡슐)((주)넥스팜코리아)-1캡슐,ALUMINUM | CELECOXIB | POLYPROPYLENE_PP,3,45
NAME::ITEM_acb2d53a827f986a5f04,몰바렌에스캡슐(1캡슐)(에이프로젠제약(주))-1캡슐,ALUMINUM | PHARMA_API_GENERIC | POLYPROPYLENE_PP,3,45
NAME::ITEM_dd4f22c5d59ef18faa6e,케펜텍-엘플라스타(케토프로펜) | 케펜텍-엘플라스타(케토프로펜)_(10X7cm2/1매)(제일헬스사이언스(주))-1매,ALUMINUM | KETOPROFEN | POLYPROPYLENE_PP,3,45
NAME::ITEM_dc123d82d760b69b3f54,대상포진 | 대상포진 0.5ml | 대상포진 0.5ml(군무료),MATERIAL_UNSPECIFIED | PHARMA_API_GENERIC,2,45
NAME::ITEM_052cf74ec83c6d2f6da2,대상포진 | 대상포진 0.5ml | 대상포진 0.5ml(군무료),MATERIAL_UNSPECIFIED | PHARMA_API_GENERIC,2,45
NAME::ITEM_752bdea9a4ea52033522,콜대원키즈 이부펜시럽(대원제약),ALUMINUM | IBUPROFEN | POLYPROPYLENE_PP,3,45
NAME::ITEM_cc40d5b43f792304767f,텔미스타플러스정40/12.5밀리그램_(1정)(동광제약(주))-1정,ALUMINUM | PHARMA_API_GENERIC | POLYPROPYLENE_PP,3,45
NAME::ITEM_1e6d7764d444335ae575,케펜텍-엘플라스타(케토프로펜) | 케펜텍-엘플라스타(케토프로펜)_(10X7cm2/1매)(제일헬스사이언스(주))-1매,ALUMINUM | KETOPROFEN | POLYPROPYLENE_PP,3,45
NAME::ITEM_8d7f5a720777b9f05262,대상포진 | 대상포진 0.5ml | 대상포진 0.5ml(군무료),MATERIAL_UNSPECIFIED | PHARMA_API_GENERIC,2,45
NAME::ITEM_bdc2a0c525218ccdbb89,케토톱엘플라스타(케토프로펜)((주)한독)-1매 | 케토톱엘플라스타(한독)-7매 | 케토톱엘플라스타(한독)-7매/개,ALUMINUM | KETOPROFEN | POLYPROPYLENE_PP,3,45
NAME::ITEM_91c001bb9922a13547e3,대상포진 | 대상포진 0.5ml | 대상포진 0.5ml(군무료),MATERIAL_UNSPECIFIED | PHARMA_API_GENERIC,2,45
NAME::ITEM_b5a6c89abe9d631849d9,로로펜정60밀리그램(록소프로펜나트륨수화물)_(68.1mg/1정)(풍림무약(주))-1정,ALUMINUM | LOXOPROFEN | POLYPROPYLENE_PP,3,45
NAME::ITEM_f175954d5cb51b80c4f7,케토톱엘플라스타(케토프로펜)((주)한독)-1매 | 케토톱엘플라스타(한독)-7매 | 케토톱엘플라스타(한독)-7매/개,ALUMINUM | KETOPROFEN | POLYPROPYLENE_PP,3,45
NAME::ITEM_4398f94fdb373e6d60e0,대상포진 | 대상포진 0.5ml | 대상포진 0.5ml(군무료),MATERIAL_UNSPECIFIED | PHARMA_API_GENERIC,2,45
NAME::ITEM_9ecf8a9ad717433c3de1,대상포진 | 대상포진 0.5ml | 대상포진 0.5ml(군무료),MATERIAL_UNSPECIFIED | PHARMA_API_GENERIC,2,45
NAME::ITEM_3fc61a86c37eb7b9a610,케토톱엘플라스타(케토프로펜)((주)한독)-1매 | 케토톱엘플라스타(한독)-7매 | 케토톱엘플라스타(한독)-7매/개,ALUMINUM | KETOPROFEN | POLYPROPYLENE_PP,3,45
NAME::ITEM_c072a0c1a54c4b930ad3,쎄넥스캡슐100mg(세레콕시브)((주)넥스팜코리아)-1캡슐 | 쎄넥스캡슐100mg(세레콕시브)_(0.1g/1캡슐)((주)넥스팜코리아)-1캡슐,ALUMINUM | CELECOXIB | POLYPROPYLENE_PP,3,45
NAME::ITEM_d328503f7265fe3b92a7,케토톱엘플라스타(케토프로펜)((주)한독)-1매 | 케토톱엘플라스타(한독)-7매 | 케토톱엘플라스타(한독)-7매/개,ALUMINUM | KETOPROFEN | POLYPROPYLENE_PP,3,45
NAME::ITEM_39b3167f4ac878eb4489,라미실크림1%(테르비나핀염산염)_(0.15g/15g)(지피테라퓨틱스코리아주식회사)-15g/개,PARAFFIN_PETROLEUM | TERBINAFINE,2,44
NAME::ITEM_3aa828550691e3cc5642,더마톱연고0.25%(한독약품)-1g (포장단위 10g),PARAFFIN_PETROLEUM | PREDNICARBATE,2,44
NAME::ITEM_a3548b01223426bf8387,인플루엔자 | 인플루엔자(지자체),BIOLOGICS_CELL_CULTURE | LIPID_NANOPARTICLE,2,44
NAME::ITEM_60c22b9cc71553b6921f,판디탈정(1정)(신일제약(주))-1정 | 판디탈정(신일제약)-1정(보훈급여),MICROBIAL_FUNGAL_ENZYME | PANCREATIN_ANIMAL_ENZYME,2,44
NAME::ITEM_afe2e3b8670189ece5e6,판디탈정(1정)(신일제약(주))-1정 | 판디탈정(신일제약)-1정(보훈급여),MICROBIAL_FUNGAL_ENZYME | PANCREATIN_ANIMAL_ENZYME,2,44
NAME::ITEM_a058f01c83365712912b,임팩타민 | 임팩타민정(대웅제약)-1정 | 임팩타민정(대웅제약)-30정,VITAMIN_B_COMPLEX | VITAMIN_SYNTHETIC_RAWMATERIAL,2,43
NAME::ITEM_d214c429e3057a8b236c,액티비씨정 | 영양제 | 영양제(무의탁),IRON_MINERAL_COMPOUND | MEDICAL_NUTRITION_FORMULA_MIXED | VITAMIN_SYNTHETIC_RAWMATERIAL,3,43
NAME::ITEM_a62b8abdc7da4189f8ac,울트라셋세미정_(1정)((주)한국얀센)-1정,ALUMINUM | POLYPROPYLENE_PP | TRAMADOL_ACETAMINOPHEN,3,42
NAME::ITEM_3bd7f214033a1436cc9b,B형간염(대인)유료 | 유박스 1ml,BIOLOGICS_CELL_CULTURE | LIPID_NANOPARTICLE,2,42
NAME::ITEM_1b048678e77265de7d2a,B형간염 1ml | B형간염(1mL 무료) | B형간염(대인)유료 1ml,BIOLOGICS_CELL_CULTURE | LIPID_NANOPARTICLE,2,42
NAME::ITEM_b330e2598480c2d7e379,알지에액(알긴산나트륨)_(1.25g/25mL)((주)마더스제약)-25mL/포,GLUCOSE_CORNSTARCH | SODIUM_CHLORIDE,2,42
NAME::ITEM_53cef19f86f1dc0ff8b9,세렉캡슐(세레콕시브)((주)마더스제약)-1캡슐,ALUMINUM | CELECOXIB | POLYPROPYLENE_PP,3,42
NAME::ITEM_a2ed0973ed54d8da7796,덱사신주(덱사메타손포스페이트이나트륨)(경동제약(주))-1mL/앰플,DEXAMETHASONE | PARAFFIN_PETROLEUM,2,42
NAME::ITEM_a66d68a10154fffede67,헤모퀸(경남제약) | 헤모퀸골드플러스캡슐(경남제약) | 헤모퀸골드플러스캡슐(경남제약)-30정,IRON_MINERAL_COMPOUND | MATERIAL_UNSPECIFIED,2,41
NAME::ITEM_ca68b74f8d93c95b0d96,헤모퀸(경남제약) | 헤모퀸골드플러스캡슐(경남제약) | 헤모퀸골드플러스캡슐(경남제약)-30정,IRON_MINERAL_COMPOUND | MATERIAL_UNSPECIFIED,2,41
NAME::ITEM_9e1f8ca12c004535a6ee,헤모퀸(경남제약) | 헤모퀸골드플러스캡슐(경남제약) | 헤모퀸골드플러스캡슐(경남제약)-30정,IRON_MINERAL_COMPOUND | MATERIAL_UNSPECIFIED,2,41
NAME::ITEM_9749a4762348d409183d,(재가암)바로코민정 | 316/바로코민정/아스코르브산과립97%/61.86mgemd/신풍제약 | 바로코민정(신풍제약)-1정,ASCORBIC_ACID | VITAMIN_B_COMPLEX | VITAMIN_SYNTHETIC_RAWMATERIAL,3,41
NAME::ITEM_b0f620eba4f034500d56,HURUM 엑스퍼트 프로바이오틱스 | 더프로바이오 | 레모나 락토톡 온가족 생유산균,MATERIAL_UNSPECIFIED | PROBIOTIC_BACTERIAL_CULTURE | VITAMIN_C,3,41
NAME::ITEM_9390b899db29a29d5714,대한멸균증류수(주사용수)(대한약품공업(주))-20mL/앰플(PP),GLUCOSE_CORNSTARCH | SODIUM_CHLORIDE,2,40
NAME::ITEM_fc9d1090f0a7ba7dd5b1,신도톱쿨점안액(14mL)(국제약품(주))-14mL/병,PARAFFIN_PETROLEUM | PHARMA_API_GENERIC,2,40
NAME::ITEM_290a3cbbbeb03c869b68,삐콤씨정 | 삐콤정(유한양행)-1정,VITAMIN_B_COMPLEX | VITAMIN_B_COMPLEX_C,2,40
NAME::ITEM_44bcdf910ee6700ffec8,데옥손겔0.05%(데속시메타손)_(7.5mg/15g)(한미약품(주))-15g/개,DESOXIMETASONE | PARAFFIN_PETROLEUM,2,40
NAME::ITEM_8012acc3944b466cc47d,"트로나인크림(수출명:BORADERM)_(19.2mg,0.3g,30mg/30g)(콜마파마(주))-30g/개 | 트로나인크림(수출명:BORADERM)_(30g)((주)제뉴파마)-30g/개 | 트로나인크림_(30g)((주)제뉴파마)-30g/개",PARAFFIN_PETROLEUM | PHARMA_API_GENERIC,2,40
NAME::ITEM_c57bbe824f31ad42f31a,"트로나인크림(수출명:BORADERM)_(19.2mg,0.3g,30mg/30g)(콜마파마(주))-30g/개 | 트로나인크림(수출명:BORADERM)_(30g)((주)제뉴파마)-30g/개 | 트로나인크림_(30g)((주)제뉴파마)-30g/개",PARAFFIN_PETROLEUM | PHARMA_API_GENERIC,2,40
NAME::ITEM_89099b9e5e4babbf1d98,제일덱사메타손주(제일제약)- 1ml/Amp,DEXAMETHASONE | PARAFFIN_PETROLEUM,2,40
NAME::ITEM_f32c65476c71b043940b,하티손로션1%(히드로코르티손)_(0.6g/60mL)(한미약품(주))-60mL/병,HYDROCORTISONE | PARAFFIN_PETROLEUM,2,40
NAME::ITEM_d58d8293c97c63c7c0d8,"트로나인크림(수출명:BORADERM)_(19.2mg,0.3g,30mg/30g)(콜마파마(주))-30g/개 | 트로나인크림(수출명:BORADERM)_(30g)((주)제뉴파마)-30g/개 | 트로나인크림_(30g)((주)제뉴파마)-30g/개",PARAFFIN_PETROLEUM | PHARMA_API_GENERIC,2,40
NAME::ITEM_225a498a192210571038,실크론지크림_(500g)(동광제약(주))-500g/병,BETAMETHASONE | PARAFFIN_PETROLEUM,2,40
NAME::ITEM_d7e9a459a238c8ff3829,세토펜현탁액(아세트아미노펜 32mg/mL)(삼아제약(주))-1mL | 세토펜현탁액(아세트아미노펜)_(16g/500mL)(삼아제약(주))-1mL | 세토펜현탁액(아세트아미노펜)_(16g/500mL)(삼아제약(주))-500(1)mL/병,ACETAMINOPHEN | ALUMINUM | POLYPROPYLENE_PP,3,39
NAME::ITEM_6d68ba7ef1afc0f1f08b,유니온아스피린장용정(한국유니온제약(주))-1정,ALUMINUM | ASPIRIN | POLYPROPYLENE_PP,3,39
NAME::ITEM_4cafb0a5f4b949119c02,텔핀스타정40/5밀리그램(현대약품(주))-1정 | 텔핀스타정40/5밀리그램(현대약품)-1정 | 텔핀스타정40/5밀리그램_(1정)(현대약품(주))-1정,ALUMINUM | PHARMA_API_GENERIC | POLYPROPYLENE_PP,3,39
NAME::ITEM_472c90bcb4c9175e3ee6,씨콕스캡슐200mg(세레콕시브)((주)씨엠지제약)-1캡슐 | 씨콕스캡슐200mg(세레콕시브)_(0.2g/1캡슐)((주)씨엠지제약)-1캡슐,ALUMINUM | CELECOXIB | POLYPROPYLENE_PP,3,39
NAME::ITEM_3554ae0f7c55269edcdf,텔핀스타정40/5밀리그램(현대약품(주))-1정 | 텔핀스타정40/5밀리그램(현대약품)-1정 | 텔핀스타정40/5밀리그램_(1정)(현대약품(주))-1정,ALUMINUM | PHARMA_API_GENERIC | POLYPROPYLENE_PP,3,39
NAME::ITEM_cb716b1a6aecf5582ace,텔핀스타정40/5밀리그램(현대약품(주))-1정 | 텔핀스타정40/5밀리그램(현대약품)-1정 | 텔핀스타정40/5밀리그램_(1정)(현대약품(주))-1정,ALUMINUM | PHARMA_API_GENERIC | POLYPROPYLENE_PP,3,39
NAME::ITEM_cfb3c825cbb5facba0cc,쎌레코캡슐100밀리그램(세레콕시브)_(0.1g/1캡슐)((주)팜젠사이언스)-1캡슐,ALUMINUM | CELECOXIB | POLYPROPYLENE_PP,3,39
NAME::ITEM_6892e672c4066ee2cbe2,세토펜현탁액(아세트아미노펜 32mg/mL)(삼아제약(주))-1mL | 세토펜현탁액(아세트아미노펜)_(16g/500mL)(삼아제약(주))-1mL | 세토펜현탁액(아세트아미노펜)_(16g/500mL)(삼아제약(주))-500(1)mL/병,ACETAMINOPHEN | ALUMINUM | POLYPROPYLENE_PP,3,39
NAME::ITEM_55c44ae65b0a99bca4d9,씨콕스캡슐200mg(세레콕시브)((주)씨엠지제약)-1캡슐 | 씨콕스캡슐200mg(세레콕시브)_(0.2g/1캡슐)((주)씨엠지제약)-1캡슐,ALUMINUM | CELECOXIB | POLYPROPYLENE_PP,3,39
NAME::ITEM_96d74a70f4def0ce0792,케프로펜경고제(케토프로펜)(7X14cm2/1매)((주)오현파마코푸레이션)-1매,ALUMINUM | KETOPROFEN | POLYPROPYLENE_PP,3,39
NAME::ITEM_2086de10877dfa8e89cc,듀얼셋세미서방정_(1정)((주)중헌제약)-1정,ALUMINUM | POLYPROPYLENE_PP | TRAMADOL_ACETAMINOPHEN,3,39
NAME::ITEM_03c58f90ab1d85e11dcc,칼라민로션 | 칼라민로오숀,CALAMINE | MATERIAL_UNSPECIFIED | PARAFFIN_PETROLEUM,3,39
NAME::ITEM_4e43fdaf71baa6ae857e,케펨플라스타 | 케펨플라스타(케토프로펜)(7X10cm2/1매)((주)종근당)-1매,ALUMINUM | KETOPROFEN | POLYPROPYLENE_PP,3,39
NAME::ITEM_4ece246f50eb32883a5f,칼라민로션 | 칼라민로오숀,CALAMINE | MATERIAL_UNSPECIFIED | PARAFFIN_PETROLEUM,3,39
NAME::ITEM_0071d527349f6cc27361,비모보정 500/20밀리그램_(1정)((주)엘지화학)-1정,ALUMINUM | NAPROXEN_ESOMEPRAZOLE | POLYPROPYLENE_PP,3,39
NAME::ITEM_a61639d2ece5df340d1c,케펨플라스타 | 케펨플라스타(케토프로펜)(7X10cm2/1매)((주)종근당)-1매,ALUMINUM | KETOPROFEN | POLYPROPYLENE_PP,3,39
NAME::ITEM_c3ac1166d7b399caaf2b,세토펜현탁액(아세트아미노펜 32mg/mL)(삼아제약(주))-1mL | 세토펜현탁액(아세트아미노펜)_(16g/500mL)(삼아제약(주))-1mL | 세토펜현탁액(아세트아미노펜)_(16g/500mL)(삼아제약(주))-500(1)mL/병,ACETAMINOPHEN | ALUMINUM | POLYPROPYLENE_PP,3,39
NAME::ITEM_49cb2eda0ab5fdef1a3a,인플루엔자 (지자체 무료) | 인플루엔자(0.5mL 무료) | 인플루엔자(0.5mL어르신-무료),BIOLOGICS_CELL_CULTURE | LIPID_NANOPARTICLE,2,38
NAME::ITEM_2baadaaf6ae347837adc,스카이셀플루4가프리필드시린지(세포배양인플루엔자표면항원백신)(05mL)(에스케이바이오사이언스(주))-0.5mL/관,BIOLOGICS_CELL_CULTURE | LIPID_NANOPARTICLE,2,38
NAME::ITEM_111a92bdc4804cff2cbe,파티겔현탁액1그람(알마게이트)(태극제약(주))-15mL/포 | 파티겔현탁액1그람(알마게이트)_(1g/15mL)(태극제약(주))-15mL/포,ALUMINUM_HYDROXIDE_MINERAL | MAGNESIUM_HYDROXIDE_MINERAL,2,38
NAME::ITEM_3d17ceb140e209594e4f,인플루엔자 | 인플루엔자 0.5ml | 인플루엔자 0.5ml(65세이상),BIOLOGICS_CELL_CULTURE | LIPID_NANOPARTICLE,2,38
NAME::ITEM_62f77c4700799e564e63,대한멸균생리식염수(생리식염주사액)(대한약품공업(주))-250mL/백 | 대한멸균생리식염수250ml/백,GLUCOSE_CORNSTARCH | SODIUM_CHLORIDE,2,38
NAME::ITEM_e70df5a5a3370b215b79,파티겔현탁액1그람(알마게이트)(태극제약(주))-15mL/포 | 파티겔현탁액1그람(알마게이트)_(1g/15mL)(태극제약(주))-15mL/포,ALUMINUM_HYDROXIDE_MINERAL | MAGNESIUM_HYDROXIDE_MINERAL,2,38
NAME::ITEM_8b579a3ccea2ff347085,대한멸균생리식염수(생리식염주사액)(대한약품공업(주))-250mL/백 | 대한멸균생리식염수250ml/백,GLUCOSE_CORNSTARCH | SODIUM_CHLORIDE,2,38
NAME::ITEM_a8ba63e55dc5401b3b25,인플루엔자 (지자체 무료) | 인플루엔자(0.5mL 무료) | 인플루엔자(0.5mL어르신-무료),BIOLOGICS_CELL_CULTURE | LIPID_NANOPARTICLE,2,38
NAME::ITEM_4e70ca5fd354f8ba9bf4,대원덱사메타손주사액(덱사메타손디나트륨인산염)_(5mg/1mL)(대원제약(주))-1mL/앰플,DEXAMETHASONE | PARAFFIN_PETROLEUM,2,38
NAME::ITEM_50a9219a0bb35b6883e5,5%포도당주사액 200mL(대한약품)-200mL/백 | 대한포도당주사액(5%) 200밀리리터(대한약품공업(주))-200mL/백,GLUCOSE_CORNSTARCH | SODIUM_CHLORIDE,2,38
NAME::ITEM_075eba40cf5e37b69078,5%포도당주사액 200mL(대한약품)-200mL/백 | 대한포도당주사액(5%) 200밀리리터(대한약품공업(주))-200mL/백,GLUCOSE_CORNSTARCH | SODIUM_CHLORIDE,2,38
NAME::ITEM_9b55ea470e114f0a9863,인플루엔자 (지자체 무료) | 인플루엔자(0.5mL 무료) | 인플루엔자(0.5mL어르신-무료),BIOLOGICS_CELL_CULTURE | LIPID_NANOPARTICLE,2,38
NAME::ITEM_2aa5c01a0de020352603,아스테린정(아스피린)(성원애드콕제약(주))-1정,ALUMINUM | ASPIRIN | POLYPROPYLENE_PP,3,36
NAME::ITEM_c94355fce180ab3d29ca,"고려은단아스코르빈산정1,000MG(고려은단)-1T",REFINED_SUGAR | SYNTHETIC_GUM_BASE,2,36
NAME::ITEM_c34cfb16e3a7d529cd3f,쎄레민캡슐100밀리그램(세레콕시브)_(0.1g/1캡슐)((주)테라젠이텍스)-1캡슐,ALUMINUM | CELECOXIB | POLYPROPYLENE_PP,3,36
NAME::ITEM_ce79da6b47506ebe9764,(AI)인플루엔자 0.5ml | 인플루엔자 0.5ml | 인플루엔자 0.5ml(그외무료),BIOLOGICS_CELL_CULTURE | LIPID_NANOPARTICLE | MATERIAL_UNSPECIFIED,3,36
NAME::ITEM_660ca774d9b65b50447c,대웅알벤다졸정(대웅제약)-1정,ALUMINUM | PHARMA_API_GENERIC | POLYPROPYLENE_PP,3,36
NAME::ITEM_c271787f601c9eaec42a,어린이타이레놀현탁액(아세트아미노펜(미분화))_(16g/500mL)(무색소)(한국존슨앤드존슨판매(유))-500(1)mL/병,ACETAMINOPHEN | ALUMINUM | POLYPROPYLENE_PP,3,36
NAME::ITEM_b974f94f1802ac9d78dc,베스타제당의정(동아제약(주))-1정 | 베스타제당의정(동아제약(주))-1정(보훈급여),MICROBIAL_FUNGAL_ENZYME | PANCREATIN_ANIMAL_ENZYME,2,36
NAME::ITEM_b48d0f5d5802aa12257b,(AI)인플루엔자 0.5ml | 인플루엔자 0.5ml | 인플루엔자 0.5ml(그외무료),BIOLOGICS_CELL_CULTURE | LIPID_NANOPARTICLE | MATERIAL_UNSPECIFIED,3,36
NAME::ITEM_eb8ae07a135b39b365a8,(AI)인플루엔자 0.5ml | 인플루엔자 0.5ml | 인플루엔자 0.5ml(그외무료),BIOLOGICS_CELL_CULTURE | LIPID_NANOPARTICLE | MATERIAL_UNSPECIFIED,3,36
NAME::ITEM_64c10e161d8ce173b3be,아마리아엠정2/500밀리그램((주)테라젠이텍스)-1정,ALUMINUM | PHARMA_API_GENERIC | POLYPROPYLENE_PP,3,36
NAME::ITEM_bf40f5cf90f19aed66ed,396/지엠정2/500밀리그램/씨트리 | 지엠정2/500밀리그램((주)씨트리)-1정 | 지엠정2/500밀리그램_(1정)((주)메디포럼제약)-1정,ALUMINUM | PHARMA_API_GENERIC | POLYPROPYLENE_PP,3,36
NAME::ITEM_3d7d9237f82e568a5376,듀얼셋세미정_(1정)((주)중헌제약)-1정,ALUMINUM | POLYPROPYLENE_PP | TRAMADOL_ACETAMINOPHEN,3,36
NAME::ITEM_c977d211856d04461865,트윈히트정40/5밀리그램_(1정)((주)킵스바이오파마)-1정 | 트윈히트정40/5밀리그램_(1정)((주)한국글로벌제약)-1정,ALUMINUM | PHARMA_API_GENERIC | POLYPROPYLENE_PP,3,36
NAME::ITEM_69dd7646c34eadb05881,대화아시클로버크림_(0.25g/5g)(대화제약(주))-5g/개,ACYCLOVIR | PARAFFIN_PETROLEUM,2,36
NAME::ITEM_6af93bb66189be4de20d,베스타제당의정(동아제약(주))-1정 | 베스타제당의정(동아제약(주))-1정(보훈급여),MICROBIAL_FUNGAL_ENZYME | PANCREATIN_ANIMAL_ENZYME,2,36
NAME::ITEM_da4d4090f1c8dfd36cf7,임팩타민파워정 | 종합비타민영양제,VITAMIN_B_COMPLEX | VITAMIN_SYNTHETIC_RAWMATERIAL,2,36
NAME::ITEM_0f81a0654714c230e341,(AI)인플루엔자 0.5ml | 인플루엔자 0.5ml | 인플루엔자 0.5ml(그외무료),BIOLOGICS_CELL_CULTURE | LIPID_NANOPARTICLE | MATERIAL_UNSPECIFIED,3,36
NAME::ITEM_7162e1ace10afa09332e,트윈히트정40/5밀리그램_(1정)((주)킵스바이오파마)-1정 | 트윈히트정40/5밀리그램_(1정)((주)한국글로벌제약)-1정,ALUMINUM | PHARMA_API_GENERIC | POLYPROPYLENE_PP,3,36
NAME::ITEM_d3793a8ddb196e1b4878,케바논겔(케토프로펜)_(1.5g/50g)(대화제약(주))-50g/개,ALUMINUM | KETOPROFEN | POLYPROPYLENE_PP,3,36
NAME::ITEM_49a99434e2ef3f6d3442,텔미로플러스정40/12.5mg | 텔미로플러스정40/12.5mg_(1정)((주)제뉴파마)-1정,ALUMINUM | PHARMA_API_GENERIC | POLYPROPYLENE_PP,3,36
NAME::ITEM_5495bf6eb27dd224d14f,글로게이트정(알마게이트)((주)한국글로벌제약)-1정 | 글로게이트정(알마게이트)_(0.5g/1정)((주)킵스바이오파마)-1정,ALUMINUM_HYDROXIDE_MINERAL | MAGNESIUM_HYDROXIDE_MINERAL,2,36
NAME::ITEM_b01c4908365e4e2ceb75,메디소루정(메틸프레드니솔론)(한올바이오파마(주))-1정 | 메디소루정(메틸프레드니솔론)_(4mg/1정)(한올바이오파마(주))-1정,METHYLPREDNISOLONE | PARAFFIN_PETROLEUM,2,36
NAME::ITEM_26ee2093477d247b40a1,396/지엠정2/500밀리그램/씨트리 | 지엠정2/500밀리그램((주)씨트리)-1정 | 지엠정2/500밀리그램_(1정)((주)메디포럼제약)-1정,ALUMINUM | PHARMA_API_GENERIC | POLYPROPYLENE_PP,3,36
NAME::ITEM_538585b2bf39eabb6213,(AI)인플루엔자 0.5ml | 인플루엔자 0.5ml | 인플루엔자 0.5ml(그외무료),BIOLOGICS_CELL_CULTURE | LIPID_NANOPARTICLE | MATERIAL_UNSPECIFIED,3,36
NAME::ITEM_993d6de010d81fc22ff7,어린이타이레놀현탁액_(3.2g/100mL)((주)한국얀센)-100(1)mL/병 | 어린이타이레놀현탁액_(3.2g/100mL)((주)한국존슨앤드존슨)-100(1)mL/병,ACETAMINOPHEN | ALUMINUM | POLYPROPYLENE_PP,3,36
NAME::ITEM_94bb02c9a8e2112a5b76,올편제에스정(1정)(한국프라임제약(주))-1정,ALUMINUM | PHARMA_API_GENERIC | POLYPROPYLENE_PP,3,36
NAME::ITEM_9550e5fe419812e6215b,(AI)인플루엔자 0.5ml | 인플루엔자 0.5ml | 인플루엔자 0.5ml(그외무료),BIOLOGICS_CELL_CULTURE | LIPID_NANOPARTICLE | MATERIAL_UNSPECIFIED,3,36
NAME::ITEM_583212c198a7fe078b78,(AI)인플루엔자 0.5ml | 인플루엔자 0.5ml | 인플루엔자 0.5ml(그외무료),BIOLOGICS_CELL_CULTURE | LIPID_NANOPARTICLE | MATERIAL_UNSPECIFIED,3,36
NAME::ITEM_fc9e701383f2b1887634,훼너지캡슐(1캡슐)((주)팜젠사이언스)-1캡슐,ALUMINUM | PHARMA_API_GENERIC | POLYPROPYLENE_PP,3,36
NAME::ITEM_aefe5f996a3ab9b6ccb0,글로게이트정(알마게이트)((주)한국글로벌제약)-1정 | 글로게이트정(알마게이트)_(0.5g/1정)((주)킵스바이오파마)-1정,ALUMINUM_HYDROXIDE_MINERAL | MAGNESIUM_HYDROXIDE_MINERAL,2,36
NAME::ITEM_50274f10f0fe7bb84745,396/지엠정2/500밀리그램/씨트리 | 지엠정2/500밀리그램((주)씨트리)-1정 | 지엠정2/500밀리그램_(1정)((주)메디포럼제약)-1정,ALUMINUM | PHARMA_API_GENERIC | POLYPROPYLENE_PP,3,36
NAME::ITEM_24b74613b83eefc03287,(AI)인플루엔자 0.5ml | 인플루엔자 0.5ml | 인플루엔자 0.5ml(그외무료),BIOLOGICS_CELL_CULTURE | LIPID_NANOPARTICLE | MATERIAL_UNSPECIFIED,3,36
NAME::ITEM_ac9b88f96fb644b1774c,텔미로플러스정40/12.5mg | 텔미로플러스정40/12.5mg_(1정)((주)제뉴파마)-1정,ALUMINUM | PHARMA_API_GENERIC | POLYPROPYLENE_PP,3,36
NAME::ITEM_abed5d3157de292daf53,메디소루정(메틸프레드니솔론)(한올바이오파마(주))-1정 | 메디소루정(메틸프레드니솔론)_(4mg/1정)(한올바이오파마(주))-1정,METHYLPREDNISOLONE | PARAFFIN_PETROLEUM,2,36
NAME::ITEM_9e5c7e977935d852d90b,396/지엠정2/500밀리그램/씨트리 | 지엠정2/500밀리그램((주)씨트리)-1정 | 지엠정2/500밀리그램_(1정)((주)메디포럼제약)-1정,ALUMINUM | PHARMA_API_GENERIC | POLYPROPYLENE_PP,3,36
NAME::ITEM_01e227e5c6b8caf8dbbf,어린이타이레놀현탁액_(3.2g/100mL)((주)한국얀센)-100(1)mL/병 | 어린이타이레놀현탁액_(3.2g/100mL)((주)한국존슨앤드존슨)-100(1)mL/병,ACETAMINOPHEN | ALUMINUM | POLYPROPYLENE_PP,3,36
NAME::ITEM_006eb62a0129a4fbf560,(AI)인플루엔자 0.5ml | 인플루엔자 0.5ml | 인플루엔자 0.5ml(그외무료),BIOLOGICS_CELL_CULTURE | LIPID_NANOPARTICLE | MATERIAL_UNSPECIFIED,3,36
NAME::ITEM_7a497d3130439a290131,임산부영양제 | 임산부영양제(철분) | 임산부영양제(철분제),IRON_MINERAL_COMPOUND | VITAMIN_SYNTHETIC_RAWMATERIAL,2,35
NAME::ITEM_b1425327e8b2ede88b3c,임산부영양제 | 임산부영양제(철분) | 임산부영양제(철분제),IRON_MINERAL_COMPOUND | VITAMIN_SYNTHETIC_RAWMATERIAL,2,35
NAME::ITEM_67b00f120028999a0cce,알마겐정500밀리그램(알마게이트)_(0.5g/1정)(한국신텍스제약(주))-1정,ALUMINUM_HYDROXIDE_MINERAL | MAGNESIUM_HYDROXIDE_MINERAL,2,34
NAME::ITEM_7cc4d007e5d5becb1c3e,장티푸스 (0.5mL 무료) | 장티푸스 0.5ml | 장티푸스(VI주사)무료,MATERIAL_UNSPECIFIED | PHARMA_API_GENERIC,2,34
NAME::ITEM_68dd76b179c10ad2b93f,포시가정10밀리그램(다파글리플로진프로판디올수화물)_(12.3mg/1정)(한국아스트라제네카(주))-1정 | 포시가정10밀리그램(한국아스트라제네카(주))-1정,ALUMINUM | DAPAGLIFLOZIN | PHARMA_API_GENERIC | POLYPROPYLENE_PP,4,34
NAME::ITEM_11b4516eee5c80c8da81,라벨리아크림(모메타손푸로에이트)_(20mg/20g)(태극제약(주))-20g/개,MOMETASONE_FUROATE | PARAFFIN_PETROLEUM,2,34
NAME::ITEM_f46d3049f0edb669a590,대상포진 | 대상포진 0.5ml (도무료) | 대상포진 생백신,MATERIAL_UNSPECIFIED | PHARMA_API_GENERIC,2,34
NAME::ITEM_b8993579a06c007e071b,인플루엔자 0.5ml(지자체 무료) | 인플루엔자 0.5ml-AI용 | 인플루엔자(0.5mL 무료),BIOLOGICS_CELL_CULTURE | LIPID_NANOPARTICLE,2,34
NAME::ITEM_91ce2a4274fea2d59065,포시가정10밀리그램(다파글리플로진프로판디올수화물)_(12.3mg/1정)(한국아스트라제네카(주))-1정 | 포시가정10밀리그램(한국아스트라제네카(주))-1정,ALUMINUM | DAPAGLIFLOZIN | PHARMA_API_GENERIC | POLYPROPYLENE_PP,4,34
NAME::ITEM_9420374e5340b2c0d784,에스겔(케토프로펜)_(1.5g/50g)(알리코제약(주))-50g/개,ALUMINUM | KETOPROFEN | POLYPROPYLENE_PP,3,33
NAME::ITEM_93e95132a8521da4c869,텔미콜플러스정40/12.5밀리그램_(1정)((유)한풍제약)-1정,ALUMINUM | PHARMA_API_GENERIC | POLYPROPYLENE_PP,3,33
NAME::ITEM_2be44c58ea4226668bf0,어린이타이레놀산160밀리그램(아세트아미노펜)(0177778g/0304g)(한국존슨앤드존슨판매(유))-304mg/포,ACETAMINOPHEN | ALUMINUM | POLYPROPYLENE_PP,3,33
NAME::ITEM_c221f9eddba3b0c5f647,유영아스피린장용정100mg((주)유영제약)-1정,ALUMINUM | ASPIRIN | POLYPROPYLENE_PP,3,33
NAME::ITEM_ef138e5dc0b3b0926e8f,쎄렉스타캡슐200mg(세레콕시브)_(0.2g/1캡슐)((주)이든파마)-1캡슐,ALUMINUM | CELECOXIB | POLYPROPYLENE_PP,3,33
NAME::ITEM_2fdf2460f09dc01a36c5,트윈하이정80/5밀리그램_(1정)((주)제뉴파마)-1정 | 트윈하이정80/5밀리그램_(1정)(콜마파마(주))-1정,ALUMINUM | PHARMA_API_GENERIC | POLYPROPYLENE_PP,3,33
NAME::ITEM_d052dd5c2d58fb0ca281,시푸로겔3%(케토프로펜)_(1.5g/50g)(삼진제약(주))-50g/개,ALUMINUM | KETOPROFEN | POLYPROPYLENE_PP,3,33
NAME::ITEM_46382f10f7fc057f826a,젠타졸정(알벤다졸),ALUMINUM | PHARMA_API_GENERIC | POLYPROPYLENE_PP,3,33
NAME::ITEM_6e2133d78bea29c3cf09,에페론정 | 에페론정(염산에페리손)((주)넥스팜코리아)-1정,ALUMINUM | EPERISONE | PHARMA_API_GENERIC | POLYPROPYLENE_PP,4,33
NAME::ITEM_6a119aacbf8e2641e251,에페론정 | 에페론정(염산에페리손)((주)넥스팜코리아)-1정,ALUMINUM | EPERISONE | PHARMA_API_GENERIC | POLYPROPYLENE_PP,4,33
NAME::ITEM_0d45aeacde2367e32b90,화록소정(록소프로펜나트륨수화물)(화일약품(주))-1정 | 화록소정(록소프로펜나트륨수화물)_(68.1mg/1정)(화일약품(주))-1정,ALUMINUM | LOXOPROFEN | POLYPROPYLENE_PP,3,33
NAME::ITEM_78cb1e72b2863836add8,이알펜8시간서방정(아세트아미노펜)_(0.65g/1정)((주)경보제약)-1정,ACETAMINOPHEN | ALUMINUM | POLYPROPYLENE_PP,3,33
NAME::ITEM_d33c8576839a366244a6,트윈하이정80/5밀리그램_(1정)((주)제뉴파마)-1정 | 트윈하이정80/5밀리그램_(1정)(콜마파마(주))-1정,ALUMINUM | PHARMA_API_GENERIC | POLYPROPYLENE_PP,3,33
NAME::ITEM_f78b1fb2ef8b3f38458b,아포낙정,ALUMINUM | PHARMA_API_GENERIC | POLYPROPYLENE_PP,3,33
NAME::ITEM_24325a35f2cef2770703,폴엔정(신일제약)-30정,ALUMINUM | PHARMA_API_GENERIC | POLYPROPYLENE_PP,3,33
NAME::ITEM_27befc9308dc6c378b19,화록소정(록소프로펜나트륨수화물)(화일약품(주))-1정 | 화록소정(록소프로펜나트륨수화물)_(68.1mg/1정)(화일약품(주))-1정,ALUMINUM | LOXOPROFEN | POLYPROPYLENE_PP,3,33
NAME::ITEM_064815943719f2fb2a50,세비카에이치씨티정5/40/12.5밀리그램-1정 | 세비카에이치씨티정5/40/12.5밀리그램_(1정)(한국다이이찌산쿄(주))-1정,ALUMINUM | PHARMA_API_GENERIC | POLYPROPYLENE_PP,3,33
NAME::ITEM_52d505453e08521fcede,리센플러스정 | 리센플러스정((주)대웅제약)-1정,ALUMINUM | PHARMA_API_GENERIC | POLYPROPYLENE_PP,3,33
NAME::ITEM_43448eecb6c495d6b9b6,쎌레코캡슐(세레콕시브)_(0.2g/1캡슐)((주)팜젠사이언스)-1캡슐 | 쎌레코캡슐(세레콕시브)_(0.2g/1캡슐)(우리들제약(주))-1캡슐 | 쎌레코캡슐100밀리그램(세레콕시브)_(0.1g/1캡슐)((주)팜젠사이언스)-1캡슐,ALUMINUM | CELECOXIB | POLYPROPYLENE_PP,3,33
NAME::ITEM_0797820dc7876339ec96,트윈하이정80/5밀리그램_(1정)((주)제뉴파마)-1정 | 트윈하이정80/5밀리그램_(1정)(콜마파마(주))-1정,ALUMINUM | PHARMA_API_GENERIC | POLYPROPYLENE_PP,3,33
NAME::ITEM_3f7eb60f1ce4bbdefa55,크바젯정10/5밀리그램_(1정)((주)팜젠사이언스)-1정,ALUMINUM | PHARMA_API_GENERIC | POLYPROPYLENE_PP,3,33
NAME::ITEM_c9e417f250664dcd2406,로닌정(록소프로펜나트륨수화물)((주)테라젠이텍스)-1정,ALUMINUM | LOXOPROFEN | POLYPROPYLENE_PP,3,33
NAME::ITEM_6411efb16b660b135911,쎌레코캡슐(세레콕시브)_(0.2g/1캡슐)((주)팜젠사이언스)-1캡슐 | 쎌레코캡슐(세레콕시브)_(0.2g/1캡슐)(우리들제약(주))-1캡슐 | 쎌레코캡슐100밀리그램(세레콕시브)_(0.1g/1캡슐)((주)팜젠사이언스)-1캡슐,ALUMINUM | CELECOXIB | POLYPROPYLENE_PP,3,33
NAME::ITEM_336dc8a8f7d5e1fc0ad8,낙센에스정500/20밀리그램((주)종근당)-1정 | 낙센에스정500/20밀리그램_(1정)((주)종근당)-1정,ALUMINUM | NAPROXEN | POLYPROPYLENE_PP,3,33
NAME::ITEM_62f2c74b24161aebe02b,낙센에스정500/20밀리그램((주)종근당)-1정 | 낙센에스정500/20밀리그램_(1정)((주)종근당)-1정,ALUMINUM | NAPROXEN | POLYPROPYLENE_PP,3,33
NAME::ITEM_885729aa54756764bc73,비투비플러스정(1정)(주식회사노바엠헬스케어)-1정,ALUMINUM | PHARMA_API_GENERIC | POLYPROPYLENE_PP,3,33
NAME::ITEM_4158388e7477836f4004,중외엔에스주사액 1000mL(염화나트륨)(제이더블유생명과학(주)) - NS 1L/백 | 중외엔에스주사액(염화나트륨)(제이더블유생명과학(주))-1000mL/백 | 중외엔에스주사액(염화나트륨)_(9g/1000mL)(제이더블유생명과학(주))-1000mL/백,GLUCOSE_CORNSTARCH | SODIUM_CHLORIDE,2,32
NAME::ITEM_cb7929d1711958ce0c4c,인플루엔자 0.5ml | 인플루엔자 0.5ml(65세이상) | 인플루엔자 0.5ml(어르신),BIOLOGICS_CELL_CULTURE | LIPID_NANOPARTICLE,2,32
NAME::ITEM_1bc4f82df5035e09b1b1,토브라점안액(대웅제약)-1ml (포장단위 5ml),PARAFFIN_PETROLEUM | PHARMA_API_GENERIC,2,32
NAME::ITEM_6dccdf15721898f4240a,(건강)임산부엽산제30T | ★택배★마이니철분 | 마미철분,FOLIC_ACID | IRON_MINERAL_COMPOUND,2,32
NAME::ITEM_6ea5357e935933b55e9f,(건강)임산부엽산제30T | ★택배★마이니철분 | 마미철분,FOLIC_ACID | IRON_MINERAL_COMPOUND,2,32
NAME::ITEM_3812d0b2752c67544c1e,인플루엔자 0.5ml | 인플루엔자 0.5ml(65세이상) | 인플루엔자 0.5ml(어르신),BIOLOGICS_CELL_CULTURE | LIPID_NANOPARTICLE,2,32
NAME::ITEM_4aac3a652fa6022d30bb,메소론정(메틸프레드니솔론)_(4mg/1정)(지엘파마(주))-1정,METHYLPREDNISOLONE | PARAFFIN_PETROLEUM,2,32
NAME::ITEM_f7787dde04b7dc509835,(군)대상포진 스카이조스터 | (군)스카이조스터주 0.5mL/병(50세이상) | (군)스카이조스터주 0.5mL/병(50세이상)(에스케이케미칼),MATERIAL_UNSPECIFIED | PHARMA_API_GENERIC,2,32
NAME::ITEM_d8213dd0af897e465bb0,중외엔에스주사액 1000mL(염화나트륨)(제이더블유생명과학(주)) - NS 1L/백 | 중외엔에스주사액(염화나트륨)(제이더블유생명과학(주))-1000mL/백 | 중외엔에스주사액(염화나트륨)_(9g/1000mL)(제이더블유생명과학(주))-1000mL/백,GLUCOSE_CORNSTARCH | SODIUM_CHLORIDE,2,32
NAME::ITEM_46e40243ee19431386f1,(군)대상포진 스카이조스터 | (군)스카이조스터주 0.5mL/병(50세이상) | (군)스카이조스터주 0.5mL/병(50세이상)(에스케이케미칼),MATERIAL_UNSPECIFIED | PHARMA_API_GENERIC,2,32
NAME::ITEM_f7a458df285bb4c8c821,아즈렌에스연고 20g | 태극아즈렌에스연고(태극제약)-20g | 태극아즈렌에스연고20g,PARAFFIN_PETROLEUM | PHARMA_API_GENERIC,2,32
NAME::ITEM_6852ac37b8b3cd64277a,"암로잘탄정5/50밀리그램(암로디핀, 로사르탄칼륨)_(1정)(한국휴텍스제약(주))-1정 | 암로잘탄정5/50밀리그램(한국휴텍스제약(주))-1정 | 암로잘탄정5/50밀리그램_(1정)(한국휴텍스제약(주))-1정",AMLODIPINE | LOSARTAN_AMLODIPINE,2,32
NAME::ITEM_95bd9fdde214ebce9207,베아제정(대웅제약)-1정(원내약),MICROBIAL_FUNGAL_ENZYME | PANCREATIN_ANIMAL_ENZYME,2,32
NAME::ITEM_a89fbee12d86889294e3,(군)대상포진 스카이조스터 | (군)스카이조스터주 0.5mL/병(50세이상) | (군)스카이조스터주 0.5mL/병(50세이상)(에스케이케미칼),MATERIAL_UNSPECIFIED | PHARMA_API_GENERIC,2,32
NAME::ITEM_a90faa2f4dfc74a7b78c,중외엔에스주사액 1000mL(염화나트륨)(제이더블유생명과학(주)) - NS 1L/백 | 중외엔에스주사액(염화나트륨)(제이더블유생명과학(주))-1000mL/백 | 중외엔에스주사액(염화나트륨)_(9g/1000mL)(제이더블유생명과학(주))-1000mL/백,GLUCOSE_CORNSTARCH | SODIUM_CHLORIDE,2,32
NAME::ITEM_78a692e53c81257b3b48,(군)대상포진 스카이조스터 | (군)스카이조스터주 0.5mL/병(50세이상) | (군)스카이조스터주 0.5mL/병(50세이상)(에스케이케미칼),MATERIAL_UNSPECIFIED | PHARMA_API_GENERIC,2,32
NAME::ITEM_d373a4e7688a7e1f1543,(군)대상포진 스카이조스터 | (군)스카이조스터주 0.5mL/병(50세이상) | (군)스카이조스터주 0.5mL/병(50세이상)(에스케이케미칼),MATERIAL_UNSPECIFIED | PHARMA_API_GENERIC,2,32
NAME::ITEM_dc054008a9660c4ed104,"암로잘탄정5/50밀리그램(암로디핀, 로사르탄칼륨)_(1정)(한국휴텍스제약(주))-1정 | 암로잘탄정5/50밀리그램(한국휴텍스제약(주))-1정 | 암로잘탄정5/50밀리그램_(1정)(한국휴텍스제약(주))-1정",AMLODIPINE | LOSARTAN_AMLODIPINE,2,32
NAME::ITEM_7a8276a4080e8e3935a1,B형간염(1mL 유료),BIOLOGICS_CELL_CULTURE | LIPID_NANOPARTICLE,2,32
NAME::ITEM_f515788ee9886445dd26,(군)대상포진 스카이조스터 | (군)스카이조스터주 0.5mL/병(50세이상) | (군)스카이조스터주 0.5mL/병(50세이상)(에스케이케미칼),MATERIAL_UNSPECIFIED | PHARMA_API_GENERIC,2,32
NAME::ITEM_5010155018673e3e77b8,(건강)임산부엽산제30T | ★택배★마이니철분 | 마미철분,FOLIC_ACID | IRON_MINERAL_COMPOUND,2,32
NAME::ITEM_5e4b66f051dd5d190899,(건강)임산부엽산제30T | ★택배★마이니철분 | 마미철분,FOLIC_ACID | IRON_MINERAL_COMPOUND,2,32
NAME::ITEM_e5f9f74e5e0ca1f43723,중외엔에스주사액 1000mL(염화나트륨)(제이더블유생명과학(주)) - NS 1L/백 | 중외엔에스주사액(염화나트륨)(제이더블유생명과학(주))-1000mL/백 | 중외엔에스주사액(염화나트륨)_(9g/1000mL)(제이더블유생명과학(주))-1000mL/백,GLUCOSE_CORNSTARCH | SODIUM_CHLORIDE,2,32
NAME::ITEM_09df78fd559813f59a76,(군)대상포진 스카이조스터 | (군)스카이조스터주 0.5mL/병(50세이상) | (군)스카이조스터주 0.5mL/병(50세이상)(에스케이케미칼),MATERIAL_UNSPECIFIED | PHARMA_API_GENERIC,2,32
NAME::ITEM_30fd3720c6352dd3d5bd,"암로잘탄정5/50밀리그램(암로디핀, 로사르탄칼륨)_(1정)(한국휴텍스제약(주))-1정 | 암로잘탄정5/50밀리그램(한국휴텍스제약(주))-1정 | 암로잘탄정5/50밀리그램_(1정)(한국휴텍스제약(주))-1정",AMLODIPINE | LOSARTAN_AMLODIPINE,2,32
NAME::ITEM_c96151d95d56378e2a34,(군)대상포진 스카이조스터 | (군)스카이조스터주 0.5mL/병(50세이상) | (군)스카이조스터주 0.5mL/병(50세이상)(에스케이케미칼),MATERIAL_UNSPECIFIED | PHARMA_API_GENERIC,2,32
NAME::ITEM_30edfc3b42175633efe0,(건강)임산부엽산제30T | ★택배★마이니철분 | 마미철분,FOLIC_ACID | IRON_MINERAL_COMPOUND,2,32
NAME::ITEM_60204dd9288a51ab9552,(건강)임산부엽산제30T | ★택배★마이니철분 | 마미철분,FOLIC_ACID | IRON_MINERAL_COMPOUND,2,32
NAME::ITEM_61360d7e99bb1c0da53d,(건강)임산부엽산제30T | ★택배★마이니철분 | 마미철분,FOLIC_ACID | IRON_MINERAL_COMPOUND,2,32
NAME::ITEM_c2c860aca9cb8ffe7a28,(군)대상포진 스카이조스터 | (군)스카이조스터주 0.5mL/병(50세이상) | (군)스카이조스터주 0.5mL/병(50세이상)(에스케이케미칼),MATERIAL_UNSPECIFIED | PHARMA_API_GENERIC,2,32
NAME::ITEM_8c03254e69c759459ed1,메드닌정(메틸프레드니솔론)(안국약품(주))-1정 | 메드닌정(메틸프레드니솔론)_(4mg/1정)(안국약품(주))-1정,METHYLPREDNISOLONE | PARAFFIN_PETROLEUM,2,32
NAME::ITEM_54ddc99fc68b4d72eb5b,아즈렌에스연고 20g | 태극아즈렌에스연고(태극제약)-20g | 태극아즈렌에스연고20g,PARAFFIN_PETROLEUM | PHARMA_API_GENERIC,2,32
NAME::ITEM_ef9f43e73970ed7ff163,아즈렌에스연고 20g | 태극아즈렌에스연고(태극제약)-20g | 태극아즈렌에스연고20g,PARAFFIN_PETROLEUM | PHARMA_API_GENERIC,2,32
NAME::ITEM_b6be0f08098536d979a7,복합 파자임이중정(부광약품)-1정(보훈급여),MICROBIAL_FUNGAL_ENZYME | PANCREATIN_ANIMAL_ENZYME,2,32
NAME::ITEM_9b87abd36a015d40f33b,(군)대상포진 스카이조스터 | (군)스카이조스터주 0.5mL/병(50세이상) | (군)스카이조스터주 0.5mL/병(50세이상)(에스케이케미칼),MATERIAL_UNSPECIFIED | PHARMA_API_GENERIC,2,32
NAME::ITEM_f88758556a57ab7ff50a,다이제스트정(1정)((주)마더스제약)-1정,MICROBIAL_FUNGAL_ENZYME | PANCREATIN_ANIMAL_ENZYME,2,32
NAME::ITEM_8df3a7112511663b53eb,메드닌정(메틸프레드니솔론)(안국약품(주))-1정 | 메드닌정(메틸프레드니솔론)_(4mg/1정)(안국약품(주))-1정,METHYLPREDNISOLONE | PARAFFIN_PETROLEUM,2,32
NAME::ITEM_bacd8f84c49f8ed3ca12,(군)대상포진 스카이조스터 | (군)스카이조스터주 0.5mL/병(50세이상) | (군)스카이조스터주 0.5mL/병(50세이상)(에스케이케미칼),MATERIAL_UNSPECIFIED | PHARMA_API_GENERIC,2,32
NAME::ITEM_ba75d3aef003e0ce9152,(건강)임산부엽산제30T | ★택배★마이니철분 | 마미철분,FOLIC_ACID | IRON_MINERAL_COMPOUND,2,32
NAME::ITEM_8e2753d727247c30278c,인플루엔자 0.5ml | 인플루엔자 0.5ml(65세이상) | 인플루엔자 0.5ml(어르신),BIOLOGICS_CELL_CULTURE | LIPID_NANOPARTICLE,2,32
NAME::ITEM_50a79dc8a1b618848b3e,스레토정(스트렙토키나제?스트렙토도르나제)(오스틴제약(주))-1정 | 스레토정(스트렙토키나제·스트렙토도르나제)_(12.5KI.U/1정)(오스틴제약(주))-1정,ALUMINUM | PHARMA_API_GENERIC | POLYPROPYLENE_PP | STREPTOKINASE_STREPTODORNASE,4,31
NAME::ITEM_ff6406f6cafab91634e6,스레토정(스트렙토키나제?스트렙토도르나제)(오스틴제약(주))-1정 | 스레토정(스트렙토키나제·스트렙토도르나제)_(12.5KI.U/1정)(오스틴제약(주))-1정,ALUMINUM | PHARMA_API_GENERIC | POLYPROPYLENE_PP | STREPTOKINASE_STREPTODORNASE,4,31
NAME::ITEM_76c5ff2f2d7c31191cab,휴온스토브라마이신점안액_(18mg/6mL)((주)휴온스)-6mL/병 | 휴토신점안액(토브라마이신)_(18mg/6mL)((주)휴온스)-6mL/병,PARAFFIN_PETROLEUM | PHARMA_API_GENERIC | TOBRAMYCIN,3,31
NAME::ITEM_e3fa1fc201ffe9a96061,휴온스토브라마이신점안액_(18mg/6mL)((주)휴온스)-6mL/병 | 휴토신점안액(토브라마이신)_(18mg/6mL)((주)휴온스)-6mL/병,PARAFFIN_PETROLEUM | PHARMA_API_GENERIC | TOBRAMYCIN,3,31
NAME::ITEM_cf7b874e40de77e5425d,메가토스씨정(1정)(태극제약(주))-1정 | 센트렉스 | 액티비씨정,IRON_MINERAL_COMPOUND | MATERIAL_UNSPECIFIED | MEDICAL_NUTRITION_FORMULA_MIXED | VITAMIN_C | VITAMIN_SYNTHETIC_RAWMATERIAL,5,30
NAME::ITEM_468f39f8772e6d1805e8,키아제정(스트렙토키나제?스트렙토도르나제) (콜마파마(주))-1정 | 키아제정(스트렙토키나제·스트렙토도르나제)_(12.5KI.U/1정)((주)제뉴파마)-1정,ALUMINUM | PHARMA_API_GENERIC | POLYPROPYLENE_PP | STREPTOKINASE_STREPTODORNASE,4,30
NAME::ITEM_e67186b9508d3b6d1498,신일겔정(신일제약)-1정,ALUMINUM_HYDROXIDE_MINERAL | MAGNESIUM_HYDROXIDE_MINERAL,2,30
NAME::ITEM_3d764749e4e01a99c0e0,에소록센정(고려제약(주))-1정,ALUMINUM | PHARMA_API_GENERIC | POLYPROPYLENE_PP,3,30
NAME::ITEM_dbe769edd05b8c2c29e2,뉴젠포지정5/80밀리그램((주)뉴젠팜)-1정 | 뉴젠포지정5/80밀리그램_(1정)((주)뉴젠팜)-1정 | 뉴젠포지정5/80밀리그램_(1정)((주)셀릭스)-1정,ALUMINUM | PHARMA_API_GENERIC | POLYPROPYLENE_PP,3,30
NAME::ITEM_3603ed6e9aef247928ce,울트라셋이알서방정_(1정)((주)한국얀센)-1정,ALUMINUM | POLYPROPYLENE_PP | TRAMADOL_ACETAMINOPHEN,3,30
NAME::ITEM_142d11b4b00fcc19c459,뉴젠포지정5/80밀리그램((주)뉴젠팜)-1정 | 뉴젠포지정5/80밀리그램_(1정)((주)뉴젠팜)-1정 | 뉴젠포지정5/80밀리그램_(1정)((주)셀릭스)-1정,ALUMINUM | PHARMA_API_GENERIC | POLYPROPYLENE_PP,3,30
NAME::ITEM_450322e93446a051ffe7,이부서스펜시럽(이부프로펜)(수출명:유프로)_(10g/500mL)(한미약품(주))-500(1)mL/병 | 이부서스펜시럽(이부프로펜)_(10g/500mL)(한미약품(주))-500(1)mL/병,ALUMINUM | IBUPROFEN | POLYPROPYLENE_PP,3,30
NAME::ITEM_a719a3c35176c69795e5,울트라셋이알세미서방정((주)한국얀센)-1정 | 울트라셋이알세미서방정_(1정)((주)한국얀센)-1정,ALUMINUM | POLYPROPYLENE_PP | TRAMADOL_ACETAMINOPHEN,3,30
NAME::ITEM_f9a8408e05f8ebb1408c,에어탈정(대웅제약)-1정(원내약) | 에어탈정(아세클로페낙)_(0.1g/1정)((주)대웅제약)-1정,ACECLOFENAC | ALUMINUM | POLYPROPYLENE_PP,3,30
NAME::ITEM_f4b7f9ded7caed4f7ecc,다이릴엠정_(1정)(한국코러스(주))-1정,ALUMINUM | PHARMA_API_GENERIC | POLYPROPYLENE_PP,3,30
NAME::ITEM_f6438a740c33dc2c1ee8,이부서스펜시럽(이부프로펜)(수출명:유프로)_(10g/500mL)(한미약품(주))-500(1)mL/병 | 이부서스펜시럽(이부프로펜)_(10g/500mL)(한미약품(주))-500(1)mL/병,ALUMINUM | IBUPROFEN | POLYPROPYLENE_PP,3,30
NAME::ITEM_51f971687f578ead693d,키아제정(스트렙토키나제?스트렙토도르나제) (콜마파마(주))-1정 | 키아제정(스트렙토키나제·스트렙토도르나제)_(12.5KI.U/1정)((주)제뉴파마)-1정,ALUMINUM | PHARMA_API_GENERIC | POLYPROPYLENE_PP | STREPTOKINASE_STREPTODORNASE,4,30
NAME::ITEM_91c181be615033a1f78e,겔포스엠현탁액(20g)((주)보령)-20g/포,ALUMINUM | PHARMA_API_GENERIC | POLYPROPYLENE_PP,3,30
NAME::ITEM_8c43a5345ecca12f0c36,씨트렉스캡슐100밀리그램(세레콕시브)_(0.1g/1캡슐)(에이치엘비제약(주))-1캡슐,ALUMINUM | CELECOXIB | POLYPROPYLENE_PP,3,30
NAME::ITEM_5fd1219e5c94c62f89bc,록스로펜정(록소프로펜나트륨수화물)((주)일화)-1정,ALUMINUM | LOXOPROFEN | POLYPROPYLENE_PP,3,30
NAME::ITEM_c4fe70c2edf0e3de007d,베이드크림(프레드니카르베이트)(수출명:DERMASTOP)_(1.25g/500g)((주)동구바이오제약)-500g/병,PARAFFIN_PETROLEUM | PREDNICARBATE,2,30
NAME::ITEM_8027ba42a38cdfc479d6,무피신연고(무피로신)_(0.3g/15g)((주)엘앤씨바이오)-15g/개,MUPIROCIN | PARAFFIN_PETROLEUM,2,30
NAME::ITEM_863d1714ceae1dae80f0,장티푸스 (경구용 무료) | 장티푸스(경구용)무료-비보티브,ALUMINUM | PHARMA_API_GENERIC | POLYPROPYLENE_PP,3,30
NAME::ITEM_6255bacd71cfd51490b9,로페리놀에스캡슐(1캡슐)(일양바이오팜(주))-1캡슐,ALUMINUM | PHARMA_API_GENERIC | POLYPROPYLENE_PP,3,30
NAME::ITEM_8a8f635a93b7d9cd4a65,뉴젠포지정5/80밀리그램((주)뉴젠팜)-1정 | 뉴젠포지정5/80밀리그램_(1정)((주)뉴젠팜)-1정 | 뉴젠포지정5/80밀리그램_(1정)((주)셀릭스)-1정,ALUMINUM | PHARMA_API_GENERIC | POLYPROPYLENE_PP,3,30
NAME::ITEM_1b8c78131352a63f4734,다이제스칸정(1정)(크리스탈생명과학(주))-1정,MICROBIAL_FUNGAL_ENZYME | PANCREATIN_ANIMAL_ENZYME,2,30
NAME::ITEM_bec17fd707b1f33dd2a7,에어탈정(대웅제약)-1정(원내약) | 에어탈정(아세클로페낙)_(0.1g/1정)((주)대웅제약)-1정,ACECLOFENAC | ALUMINUM | POLYPROPYLENE_PP,3,30
NAME::ITEM_54add9fa2488bcb9026f,베타베이트연고(클로베타솔프로피오네이트)_(7.5mg/15g)(고려제약(주))-15g/개,CLOBETASOL_PROPIONATE | PARAFFIN_PETROLEUM,2,30
NAME::ITEM_9f5e8283dcbc89754a84,독감무료(14-64세 보령시민 지자체) | 인플루엔자 0.5ml | 인플루엔자(0.5mL 무료),BIOLOGICS_CELL_CULTURE | LIPID_NANOPARTICLE | MATERIAL_UNSPECIFIED,3,29
NAME::ITEM_98626d2abff717b4a76b,아리로사르탄칼륨정50밀리그램_(50mg/1정)((주)아리제약)-1정 | 에이로사정50밀리그램(로사르탄칼륨)_(50mg/1정)((주)아리제약)-1정,LOSARTAN | PHARMA_API_GENERIC,2,29
NAME::ITEM_fcb4271ba22b7fc4b5f5,삐콤 | 삐콤씨정 | 삐콤정,VITAMIN_B_COMPLEX | VITAMIN_B_COMPLEX_C,2,29
NAME::ITEM_49a18a18b057c44eb0da,독감무료(14-64세 보령시민 지자체) | 인플루엔자 0.5ml | 인플루엔자(0.5mL 무료),BIOLOGICS_CELL_CULTURE | LIPID_NANOPARTICLE | MATERIAL_UNSPECIFIED,3,29
NAME::ITEM_e88158dd2eead0330b03,아리로사르탄칼륨정50밀리그램_(50mg/1정)((주)아리제약)-1정 | 에이로사정50밀리그램(로사르탄칼륨)_(50mg/1정)((주)아리제약)-1정,LOSARTAN | PHARMA_API_GENERIC,2,29
NAME::ITEM_f87125cc94739b39336b,나조넥스나잘스프레이(모메타손푸로에이트)_(7mg/140회)(한국오가논(주))-140회/통,MOMETASONE_FUROATE | PARAFFIN_PETROLEUM,2,28
NAME::ITEM_76d32c3381464d92271d,태극아시클로버크림_(0.5g/10g)(태극제약(주))-10g/개,ACYCLOVIR | PARAFFIN_PETROLEUM,2,28
NAME::ITEM_7c4b4895a17361967037,휴온스덱사메타손디나트륨인산염주사액(수출명:HUDEXAInj.)((주)휴온스)-1mL/앰플,DEXAMETHASONE | PARAFFIN_PETROLEUM,2,28
NAME::ITEM_2bbced1bacccc471193c,229/설포스캡슐/아세브로필린100mg/익수제약 | 설포스캡슐(아세브로필린)(익수제약(주))-1캡슐 | 설포스캡슐(아세브로필린)_(0.1g/1캡슐)(익수제약(주))-1캡슐,ACEBROPHYLLINE | ALUMINUM | PHARMA_API_GENERIC | POLYPROPYLENE_PP,4,28
NAME::ITEM_e8d0b55222fc0d310c23,229/설포스캡슐/아세브로필린100mg/익수제약 | 설포스캡슐(아세브로필린)(익수제약(주))-1캡슐 | 설포스캡슐(아세브로필린)_(0.1g/1캡슐)(익수제약(주))-1캡슐,ACEBROPHYLLINE | ALUMINUM | PHARMA_API_GENERIC | POLYPROPYLENE_PP,4,28
NAME::ITEM_e30919752cdcd12df59b,글루오렌지100액 | 글루오렌지100액 150ml,GLUCOSE_CORNSTARCH | SODIUM_CHLORIDE,2,28
NAME::ITEM_7eec34c168bb1c04593f,더모베이트연고(클로베타솔프로피오네이트)_(7.5mg/15g)((주)글락소스미스클라인)-15g/개,CLOBETASOL_PROPIONATE | PARAFFIN_PETROLEUM,2,28
NAME::ITEM_08da3b9cbd5f8b0cdfb6,하원아시클로버크림(수출명:하시클로크림)_(0.25g/5g)((주)하원제약)-5g/개,ACYCLOVIR | PARAFFIN_PETROLEUM,2,28
NAME::ITEM_1f9a27c20e2fe82e856a,229/설포스캡슐/아세브로필린100mg/익수제약 | 설포스캡슐(아세브로필린)(익수제약(주))-1캡슐 | 설포스캡슐(아세브로필린)_(0.1g/1캡슐)(익수제약(주))-1캡슐,ACEBROPHYLLINE | ALUMINUM | PHARMA_API_GENERIC | POLYPROPYLENE_PP,4,28
NAME::ITEM_f2d3c30b6b1a793a3647,글루오렌지100액 | 글루오렌지100액 150ml,GLUCOSE_CORNSTARCH | SODIUM_CHLORIDE,2,28
NAME::ITEM_023131f050db4044ab4e,쎄레브렉스캡슐100밀리그램(세레콕시브)(한국화이자제약(주))-1캡슐 | 쎄레브렉스캡슐100밀리그램(세레콕시브)_(0.1g/1캡슐)(한국화이자제약(주))-1캡슐,ALUMINUM | CELECOXIB | POLYPROPYLENE_PP,3,27
NAME::ITEM_dc4b36be6230361b2abd,토라렌주(디클로페낙나트륨)(수출명:토페라렌주사(Toferareninjection))(명문제약(주))-2mL/앰플,ALUMINUM | DICLOFENAC | POLYPROPYLENE_PP,3,27
NAME::ITEM_09c7be5c6fdc1b358b6d,(삼도봉)모사엔티정5밀리그램(모사프리드시트르산염수화물)_(5.29mg/1정)(한국신텍스제약(주))-1정 | 모사엔티정5밀리그램(모사프리드시트르산염수화물)_(5.29mg/1정)(한국신텍스제약(주))-1정,ALUMINUM | MOSAPRIDE | PHARMA_API_GENERIC | POLYPROPYLENE_PP,4,27
NAME::ITEM_ea58d47989f8742cbd99,Tdap | Tdap(취약계층) | Tdap무료(보건의료인),BIOLOGICS_CELL_CULTURE | LIPID_NANOPARTICLE | MATERIAL_UNSPECIFIED,3,27
NAME::ITEM_476142c5a87dbd168a2f,쎄레시브캡슐200mg(세레콕시브)((주)유영제약)-1캡슐 | 쎄레시브캡슐200mg(세레콕시브)_(0.2g/1캡슐)((주)유영제약)-1캡슐,ALUMINUM | CELECOXIB | POLYPROPYLENE_PP,3,27
NAME::ITEM_f03e246e4d75eebe87d0,혈당스틱 | 혈당스틱(케어센스),CARBON_GRAPHITE_ELECTRODE | ENZYME_REAGENT | SILVER_SILVER_CHLORIDE_ELECTRODE,3,27
NAME::ITEM_d7f95e4d15488ccdfb25,케토톱플라스타(케토프로펜)(140cm2/1매)((주)한독)-1매 | 케토톱플라스타40매(BM),ALUMINUM | KETOPROFEN | POLYPROPYLENE_PP,3,27
NAME::ITEM_0eec8b4e566d07da7c02,쎄레브린캡슐200밀리그램(세레콕시브)((주)한국코러스제약)-1캡슐 | 쎄레브린캡슐200밀리그램(세레콕시브)_(0.2g/1캡슐)(한국코러스(주))-1캡슐,ALUMINUM | CELECOXIB | POLYPROPYLENE_PP,3,27
NAME::ITEM_e068b3faeb69cfa58608,쎄레브린캡슐200밀리그램(세레콕시브)((주)한국코러스제약)-1캡슐 | 쎄레브린캡슐200밀리그램(세레콕시브)_(0.2g/1캡슐)(한국코러스(주))-1캡슐,ALUMINUM | CELECOXIB | POLYPROPYLENE_PP,3,27
NAME::ITEM_e2a52fb4b0ee9d1bd3c0,벤포스정(1정)(알리코제약(주))-1정,ALUMINUM | PHARMA_API_GENERIC | POLYPROPYLENE_PP,3,27
NAME::ITEM_8e508acf5066b19cc5c8,우르디비캡슐(알리코제약(주))-1캡슐 | 우르디비캡슐_(1캡슐)(알리코제약(주))-1캡슐,ALUMINUM | PHARMA_API_GENERIC | POLYPROPYLENE_PP,3,27
NAME::ITEM_90f2d409318e5af8df43,Tdap | Tdap(취약계층) | Tdap무료(보건의료인),BIOLOGICS_CELL_CULTURE | LIPID_NANOPARTICLE | MATERIAL_UNSPECIFIED,3,27
NAME::ITEM_873e5af3f60451dc321d,록소정(록소프로펜나트륨수화물)_(68.1mg/1정)((주)중헌제약)-1정,ALUMINUM | LOXOPROFEN | POLYPROPYLENE_PP,3,27
NAME::ITEM_8dbb0ba38d36286ee1fc,쎄레시브캡슐200mg(세레콕시브)((주)유영제약)-1캡슐 | 쎄레시브캡슐200mg(세레콕시브)_(0.2g/1캡슐)((주)유영제약)-1캡슐,ALUMINUM | CELECOXIB | POLYPROPYLENE_PP,3,27
NAME::ITEM_827e5a3e40230f3a23b9,아토브젯정10/10밀리그램_(1정)(경동제약(주))-1정,ALUMINUM | PHARMA_API_GENERIC | POLYPROPYLENE_PP,3,27
NAME::ITEM_31dd3050c188bf40026b,아스트라셋세미정_(1정)((주)셀비온)-1정,ALUMINUM | POLYPROPYLENE_PP | TRAMADOL_ACETAMINOPHEN,3,27
NAME::ITEM_60363e4554d9775c91f2,혈당스틱 | 혈당스틱(케어센스),CARBON_GRAPHITE_ELECTRODE | ENZYME_REAGENT | SILVER_SILVER_CHLORIDE_ELECTRODE,3,27
NAME::ITEM_59e6688fa351aca548e4,타이레놀콜드-에스정(한국얀센) | 타이레놀콜드-에스정(한국얀센)-1정,ACETAMINOPHEN | ALUMINUM | POLYPROPYLENE_PP,3,27
NAME::ITEM_436a0e24a24583332ed7,이달비클로정40/12.5밀리그램_(1정)((주)셀트리온제약)-1정,ALUMINUM | PHARMA_API_GENERIC | POLYPROPYLENE_PP,3,27
NAME::ITEM_5ecc1a24d78ae8e29220,아다셀주(사노피파스퇴르),ALUMINUM | PHARMA_API_GENERIC | POLYPROPYLENE_PP,3,27
NAME::ITEM_a6675f96c9417e1aaa73,라비듀오정20/500밀리그램_(1정)(동아에스티(주))-1정,ALUMINUM | PHARMA_API_GENERIC | POLYPROPYLENE_PP,3,27
NAME::ITEM_a2a4b3c4e1407843fa86,세레브캡슐200밀리그램(세레콕시브)_(0.2g/1캡슐)((주)셀트리온제약)-1캡슐,ALUMINUM | CELECOXIB | POLYPROPYLENE_PP,3,27
NAME::ITEM_b89d1c019ea6fd62da9f,(경로당)방문파스 | 파스,ALUMINUM | PHARMA_API_GENERIC | POLYPROPYLENE_PP,3,27
NAME::ITEM_b25f1b60de710e527fb1,맨소래담로오숀(맨소래덤)-100ml | 맨소래담로오숀(맨소래덤)-1ml,ALUMINUM | METHYL_SALICYLATE | POLYPROPYLENE_PP,3,27
NAME::ITEM_b2628ef5ce44c6d4a012,우르디비캡슐(알리코제약(주))-1캡슐 | 우르디비캡슐_(1캡슐)(알리코제약(주))-1캡슐,ALUMINUM | PHARMA_API_GENERIC | POLYPROPYLENE_PP,3,27
NAME::ITEM_2290d3994a8c09182762,쎄브렉스캡슐200밀리그램(세레콕시브)(진양제약(주))-1캡슐,ALUMINUM | CELECOXIB | POLYPROPYLENE_PP,3,27
NAME::ITEM_c38be5cb29421e37e88f,(삼도봉)모사엔티정5밀리그램(모사프리드시트르산염수화물)_(5.29mg/1정)(한국신텍스제약(주))-1정 | 모사엔티정5밀리그램(모사프리드시트르산염수화물)_(5.29mg/1정)(한국신텍스제약(주))-1정,ALUMINUM | MOSAPRIDE | PHARMA_API_GENERIC | POLYPROPYLENE_PP,4,27
NAME::ITEM_154bdb125655c2235c1f,라코르정60/12.5밀리그램(동화약품(주))-1정 | 라코르정60/12.5밀리그램_(1정)(동화약품(주))-1정,ALUMINUM | PHARMA_API_GENERIC | POLYPROPYLENE_PP,3,27
NAME::ITEM_c52c1c070b2ac3f6e025,후라베린큐정(일동제약)-1정,ALUMINUM | PHARMA_API_GENERIC | POLYPROPYLENE_PP,3,27
NAME::ITEM_c57541664c7f1f12e768,라코르정60/12.5밀리그램(동화약품(주))-1정 | 라코르정60/12.5밀리그램_(1정)(동화약품(주))-1정,ALUMINUM | PHARMA_API_GENERIC | POLYPROPYLENE_PP,3,27
NAME::ITEM_c8e7cdba2690ac702b59,바르반플러스정80/12.5mg(우리들제약(주))-1정 | 바르반플러스정80/12.5mg_(1정)((주)팜젠사이언스)-1정 | 바르반플러스정80/12.5mg_(1정)(우리들제약(주))-1정,ALUMINUM | PHARMA_API_GENERIC | POLYPROPYLENE_PP,3,27
NAME::ITEM_cf21417445e0600a1acf,아트놀셋세미정((주)테라젠이텍스)-1정,ALUMINUM | POLYPROPYLENE_PP | TRAMADOL_ACETAMINOPHEN,3,27
NAME::ITEM_152c1b2929f1a1ea737d,맨소래담로오숀(맨소래덤)-100ml | 맨소래담로오숀(맨소래덤)-1ml,ALUMINUM | METHYL_SALICYLATE | POLYPROPYLENE_PP,3,27
NAME::ITEM_4c38e357b12c6c10cbde,Tdap | Tdap(취약계층) | Tdap무료(보건의료인),BIOLOGICS_CELL_CULTURE | LIPID_NANOPARTICLE | MATERIAL_UNSPECIFIED,3,27
NAME::ITEM_cdf6af3022d30120855e,타이레놀콜드-에스정(한국얀센) | 타이레놀콜드-에스정(한국얀센)-1정,ACETAMINOPHEN | ALUMINUM | POLYPROPYLENE_PP,3,27
NAME::ITEM_cf1796edbc73c3ee341b,개스틴포르테연질캡슐_(1캡슐)(한국휴텍스제약(주))-1캡슐,ALUMINUM | PHARMA_API_GENERIC | POLYPROPYLENE_PP,3,27
NAME::ITEM_d0487bb82c8567b48471,쎄레브렉스캡슐100밀리그램(세레콕시브)(한국화이자제약(주))-1캡슐 | 쎄레브렉스캡슐100밀리그램(세레콕시브)_(0.1g/1캡슐)(한국화이자제약(주))-1캡슐,ALUMINUM | CELECOXIB | POLYPROPYLENE_PP,3,27
NAME::ITEM_133ef41b36e2dcdd4f68,바르반플러스정80/12.5mg(우리들제약(주))-1정 | 바르반플러스정80/12.5mg_(1정)((주)팜젠사이언스)-1정 | 바르반플러스정80/12.5mg_(1정)(우리들제약(주))-1정,ALUMINUM | PHARMA_API_GENERIC | POLYPROPYLENE_PP,3,27
NAME::ITEM_708bfcf0273f55660d54,(경로당)방문파스 | 파스,ALUMINUM | PHARMA_API_GENERIC | POLYPROPYLENE_PP,3,27
NAME::ITEM_40d8cbb850f1f91e6abd,"케토톱플라스타(케토프로펜)(인도수출명:케토패취, 대만수출명:관건(關建), 베트남수출명:태평양케토프로펜, 나이지리아수출용:Zilix Plasters)((주)한독)-1매",ALUMINUM | KETOPROFEN | POLYPROPYLENE_PP,3,27
NAME::ITEM_9ddae5d48c82e86ce673,Tdap | Tdap(취약계층) | Tdap무료(보건의료인),BIOLOGICS_CELL_CULTURE | LIPID_NANOPARTICLE | MATERIAL_UNSPECIFIED,3,27
NAME::ITEM_9f0585315f71768ce1d9,바르반플러스정80/12.5mg(우리들제약(주))-1정 | 바르반플러스정80/12.5mg_(1정)((주)팜젠사이언스)-1정 | 바르반플러스정80/12.5mg_(1정)(우리들제약(주))-1정,ALUMINUM | PHARMA_API_GENERIC | POLYPROPYLENE_PP,3,27
NAME::ITEM_27cce260dd7b73724f44,신텍클로페낙정100밀리그램(아세클로페낙)_(0.1g/1정)((주)셀비온)-1정,ACECLOFENAC | ALUMINUM | POLYPROPYLENE_PP,3,27
NAME::ITEM_9d609dd47311bb5044bf,케토톱플라스타(케토프로펜)(140cm2/1매)((주)한독)-1매 | 케토톱플라스타40매(BM),ALUMINUM | KETOPROFEN | POLYPROPYLENE_PP,3,27
NAME::ITEM_a7b312e8a2777de41a05,그린백색바셀린(그린제약)-1g,PARAFFIN_PETROLEUM | PHARMA_API_GENERIC,2,26
NAME::ITEM_d76ef14fabfebef23749,일본뇌염0.5mL생백신,BIOLOGICS_CELL_CULTURE | LIPID_NANOPARTICLE,2,26
NAME::ITEM_115e0073e1d419514799,에스로반연고(무피로신)_(0.3g/15g)(제이더블유신약(주))-5g/개,MUPIROCIN | PARAFFIN_PETROLEUM,2,26
NAME::ITEM_72cdd3c1fe96749df9ba,락티케어에취씨로션1%(히드로코르티손)_(0.6g/60g)((주)한국파마)-60g/병,HYDROCORTISONE | PARAFFIN_PETROLEUM,2,24
NAME::ITEM_41491c643102ebf6c328,알피록소펜정(록소프로펜나트륨수화물)((주)알피코프)-1정 | 알피록소펜정(록소프로펜나트륨수화물)_(68.1mg/1정)((주)알피바이오)-1정,ALUMINUM | LOXOPROFEN | POLYPROPYLENE_PP,3,24
NAME::ITEM_59e806b9083bed022e74,"하이로손크림(히드로코르티손)(수출명:Hydrocortisone1%CreamMaxStrength,HydrocortisoneCream)_(0.2g/20g)(태극제약(주))-20g/개 | 하이로손크림(히드로코르티손)_(0.2g/20g)(태극제약(주))-20g/개",HYDROCORTISONE | PARAFFIN_PETROLEUM,2,24
NAME::ITEM_44cc878d8c480641a5d8,셀베스타캡슐(세레콕시브)(동아에스티(주))-1캡슐 | 셀베스타캡슐(세레콕시브)_(0.2g/1캡슐)(동아에스티(주))-1캡슐,ALUMINUM | CELECOXIB | POLYPROPYLENE_PP,3,24
NAME::ITEM_61cd60b4652ef9f332fd,"케논엘플라스타(케토프로펜) | 케논엘플라스타(케토프로펜)[수출명:케논-엘(Kenon-L),케토덤-엘(Ketoderm-L),케노덤(Kenoderm),페노덤(Fenoderm),케이트란스(Ketrans),케토플라스트-엘(Ketoplast-L)]_(10X7cm2/1매)(아이큐어(주))-1매 | 케논엘플라스타(케토프로펜)[수출명:케논엘(KenonL),케토덤엘(KetodermL),케노덤(Kenoderm),페노덤(Fenoderm),케이트란스(Ketrans),케토플라스트엘(KetoplastL)]_(10X7cm2",ALUMINUM | KETOPROFEN | POLYPROPYLENE_PP,3,24
NAME::ITEM_5454869075b77d2748ba,판크레아정(명문제약)-1정,ALUMINUM | PHARMA_API_GENERIC | POLYPROPYLENE_PP,3,24
NAME::ITEM_6743a559a37038c5d995,큐턴정5/10밀리그램_(1정)(한국아스트라제네카(주))-1정,ALUMINUM | PHARMA_API_GENERIC | POLYPROPYLENE_PP,3,24
NAME::ITEM_e899cb8abaac146a90b0,임펙트윈정10/20mg((주)테라젠이텍스)-1정 | 임펙트윈정10/20mg_(1정)((주)테라젠이텍스)-1정,ALUMINUM | PHARMA_API_GENERIC | POLYPROPYLENE_PP,3,24
NAME::ITEM_f570f3ce9d67ab85724c,데스오웬로션0.05%(데소니드)_(60mg/120mL)(갈더마코리아(주))-120mL/병 | 데스오웬로오숀0.05%(데소나이드)_(60mg/120mL)(갈더마코리아(주))-120mL/병,DESONIDE | PARAFFIN_PETROLEUM,2,24
NAME::ITEM_f555a064428cf6ad2df3,아세라노세미정((주)씨엠지제약)-1정 | 아세라노세미정_(1정)((주)씨엠지제약)-1정,ALUMINUM | POLYPROPYLENE_PP | TRAMADOL_ACETAMINOPHEN,3,24
NAME::ITEM_09de5793aba47e0f322f,디베타씨주(디클로페낙β-디메칠아미노에탄올)(대화제약(주))-2mL/앰플 | 디베타씨주(디클로페낙β디메칠아미노에탄올)_(90mg/2mL)(대화제약(주))-2mL/앰플,ALUMINUM | DICLOFENAC | POLYPROPYLENE_PP,3,24
NAME::ITEM_e619929ecf2825ea723f,한방파스 | 한방파스(BM) | 한방파스(BM)5매입,ALUMINUM | PHARMA_API_GENERIC | POLYPROPYLENE_PP,3,24
NAME::ITEM_0f0a37e06098cddd73bf,유니온피록시캄주(수출명:PROXIDInj.UNIXICAMInj.)(한국유니온제약(주))-1mL/앰플,ALUMINUM | PIROXICAM | POLYPROPYLENE_PP,3,24
NAME::ITEM_d4b8e55b5671d7e5d508,셀베스타캡슐(세레콕시브)(동아에스티(주))-1캡슐 | 셀베스타캡슐(세레콕시브)_(0.2g/1캡슐)(동아에스티(주))-1캡슐,ALUMINUM | CELECOXIB | POLYPROPYLENE_PP,3,24
NAME::ITEM_d870dc1b834ab56ca177,대상포진 | 대상포진 생백신 | 조스타박스,MATERIAL_UNSPECIFIED | PHARMA_API_GENERIC,2,24
NAME::ITEM_04dd51d5e7dad11ccd10,"타이레놀8시간이알서방정(아세트아미노펜)(수출명:Tylenol Arthritis Tablet,Tylenol8Hours,Tylenol8hour,Tylenol ER extended release Caplet,Tylenol8 Hour Extended Release Caplet)_(0.65g/1정)((주)한국얀센)-1 | 타이레놀8시간이알서방정(아세트아미노펜)(수출명:Tylenol Arthritis Tablet,Tylenol8Hours,Tylenol8hour,Tylenol ER extended release Caplet,Tylenol8 Hour Extended Release Caplet)_(0.65g/1정)(한국얀센)-1정 | 타이레놀이알서방정",ACETAMINOPHEN | ALUMINUM | POLYPROPYLENE_PP,3,24
NAME::ITEM_49544683a12211717c2c,아세라노세미정((주)씨엠지제약)-1정 | 아세라노세미정_(1정)((주)씨엠지제약)-1정,ALUMINUM | POLYPROPYLENE_PP | TRAMADOL_ACETAMINOPHEN,3,24
NAME::ITEM_9e66dfcbdddb8539358a,텔미큐어플러스정40/12.5밀리그램_(1정)((주)테라젠이텍스)-1정,ALUMINUM | PHARMA_API_GENERIC | POLYPROPYLENE_PP,3,24
NAME::ITEM_973910abf1e5fd48e922,"하이로손크림(히드로코르티손)(수출명:Hydrocortisone1%CreamMaxStrength,HydrocortisoneCream)_(0.2g/20g)(태극제약(주))-20g/개 | 하이로손크림(히드로코르티손)_(0.2g/20g)(태극제약(주))-20g/개",HYDROCORTISONE | PARAFFIN_PETROLEUM,2,24
NAME::ITEM_97361d86784bdf12af09,노통펜프러스미니정(화일약품(주))-1정 | 노통펜프러스미니정_(1정)(화일약품(주))-1정,ALUMINUM | POLYPROPYLENE_PP | TRAMADOL_ACETAMINOPHEN,3,24
NAME::ITEM_43a154b0d28b57d89f19,"케논엘플라스타(케토프로펜) | 케논엘플라스타(케토프로펜)[수출명:케논-엘(Kenon-L),케토덤-엘(Ketoderm-L),케노덤(Kenoderm),페노덤(Fenoderm),케이트란스(Ketrans),케토플라스트-엘(Ketoplast-L)]_(10X7cm2/1매)(아이큐어(주))-1매 | 케논엘플라스타(케토프로펜)[수출명:케논엘(KenonL),케토덤엘(KetodermL),케노덤(Kenoderm),페노덤(Fenoderm),케이트란스(Ketrans),케토플라스트엘(KetoplastL)]_(10X7cm2",ALUMINUM | KETOPROFEN | POLYPROPYLENE_PP,3,24
NAME::ITEM_52eb1e84db5c34c55ba4,뉴셀콕캡슐200mg(세레콕시브)_(0.2g/1캡슐)(오스틴제약(주))-1캡슐,ALUMINUM | CELECOXIB | POLYPROPYLENE_PP,3,24
NAME::ITEM_e1cf7d9b532294588b64,베아제,MICROBIAL_FUNGAL_ENZYME | PANCREATIN_ANIMAL_ENZYME,2,24
NAME::ITEM_01e337eb0b876e63eea5,임펙트윈정10/20mg((주)테라젠이텍스)-1정 | 임펙트윈정10/20mg_(1정)((주)테라젠이텍스)-1정,ALUMINUM | PHARMA_API_GENERIC | POLYPROPYLENE_PP,3,24
NAME::ITEM_fe40ac7e9ba083b8d8ca,챔프이부펜시럽(동아제약(주))-5mL/포 | 챔프이부펜시럽(이부프로펜)(01g/5mL)(동아제약(주))-5mL/포,ALUMINUM | IBUPROFEN | POLYPROPYLENE_PP,3,24
NAME::ITEM_5892d45da47641ff12b7,겔포스엠현탁액(보령제약)-20g/포,ALUMINUM | PHARMA_API_GENERIC | POLYPROPYLENE_PP,3,24
NAME::ITEM_2a158b3afecd3a0521da,알피가바펜틴캡슐300mg((주)알피코프)-1캡슐 | 알피가바펜틴캡슐300mg_(0.3g/1캡슐)((주)알피바이오)-1캡슐,ALUMINUM | PHARMA_API_GENERIC | POLYPROPYLENE_PP,3,24
NAME::ITEM_86bc7820b4994f071d47,카르손크림0.25%(프레드니카르베이트)_(1.125g/450g)(동성제약(주))-450g/병,PARAFFIN_PETROLEUM | PREDNICARBATE,2,24
NAME::ITEM_2a5d06301fe64df84f9d,멘소래담로오숀(맨소래덤),ALUMINUM | METHYL_SALICYLATE | POLYPROPYLENE_PP,3,24
NAME::ITEM_736aa20a87562698f52d,에크로바크림(아시클로버)_(0.25g/5g)(경동제약(주))-5g/개,ACYCLOVIR | PARAFFIN_PETROLEUM,2,24
NAME::ITEM_75f3afd4a7414d7bbc4b,알피록소펜정(록소프로펜나트륨수화물)((주)알피코프)-1정 | 알피록소펜정(록소프로펜나트륨수화물)_(68.1mg/1정)((주)알피바이오)-1정,ALUMINUM | LOXOPROFEN | POLYPROPYLENE_PP,3,24
NAME::ITEM_5e00d2ee4b872eb0840f,노통펜프러스미니정(화일약품(주))-1정 | 노통펜프러스미니정_(1정)(화일약품(주))-1정,ALUMINUM | POLYPROPYLENE_PP | TRAMADOL_ACETAMINOPHEN,3,24
NAME::ITEM_5cdfcf68f3d7c1fcdd7b,"케논엘플라스타(케토프로펜) | 케논엘플라스타(케토프로펜)[수출명:케논-엘(Kenon-L),케토덤-엘(Ketoderm-L),케노덤(Kenoderm),페노덤(Fenoderm),케이트란스(Ketrans),케토플라스트-엘(Ketoplast-L)]_(10X7cm2/1매)(아이큐어(주))-1매 | 케논엘플라스타(케토프로펜)[수출명:케논엘(KenonL),케토덤엘(KetodermL),케노덤(Kenoderm),페노덤(Fenoderm),케이트란스(Ketrans),케토플라스트엘(KetoplastL)]_(10X7cm2",ALUMINUM | KETOPROFEN | POLYPROPYLENE_PP,3,24
NAME::ITEM_2fb6ba83ec90c8ef0472,알피가바펜틴캡슐300mg((주)알피코프)-1캡슐 | 알피가바펜틴캡슐300mg_(0.3g/1캡슐)((주)알피바이오)-1캡슐,ALUMINUM | PHARMA_API_GENERIC | POLYPROPYLENE_PP,3,24
NAME::ITEM_7e68438b7d4d9c18b194,한방파스 | 한방파스(BM) | 한방파스(BM)5매입,ALUMINUM | PHARMA_API_GENERIC | POLYPROPYLENE_PP,3,24
NAME::ITEM_2e4b04dbf32f26df1abb,신신물파스에스(90mL)(신신제약(주))-90mL/병,ALUMINUM | PHARMA_API_GENERIC | POLYPROPYLENE_PP,3,24
NAME::ITEM_4c88517776b17b1f5d16,록스펜씨알정(록소프로펜나트륨)(신풍제약 (주))-1정,ALUMINUM | LOXOPROFEN | POLYPROPYLENE_PP,3,24
NAME::ITEM_169a7a757566fb8a1076,에이치엘비피록시캄겔(피록시캄)(025g/50g/튜브)(에이치엘비제약(주))-50g/개,ALUMINUM | PIROXICAM | POLYPROPYLENE_PP,3,24
NAME::ITEM_79436be76108e9bd3fa9,아세롬정100밀리그램(아세클로페낙)_(0.1g/1정)(풍림무약(주))-1정,ACECLOFENAC | ALUMINUM | POLYPROPYLENE_PP,3,24
NAME::ITEM_234a8e6f0e218ecd58e2,멘소래담로오숀(맨소래덤),ALUMINUM | METHYL_SALICYLATE | POLYPROPYLENE_PP,3,24
NAME::ITEM_1f4d48342b1212ce741d,안티푸라민에스로오숀(유한양행)-100mL,ALUMINUM | METHYL_SALICYLATE | POLYPROPYLENE_PP,3,24
NAME::ITEM_1d5a28e877fd9bdfd920,디베타씨주(디클로페낙β-디메칠아미노에탄올)(대화제약(주))-2mL/앰플 | 디베타씨주(디클로페낙β디메칠아미노에탄올)_(90mg/2mL)(대화제약(주))-2mL/앰플,ALUMINUM | DICLOFENAC | POLYPROPYLENE_PP,3,24
NAME::ITEM_c36ebf1116ff7edd9d8d,"케논엘플라스타(케토프로펜) | 케논엘플라스타(케토프로펜)[수출명:케논-엘(Kenon-L),케토덤-엘(Ketoderm-L),케노덤(Kenoderm),페노덤(Fenoderm),케이트란스(Ketrans),케토플라스트-엘(Ketoplast-L)]_(10X7cm2/1매)(아이큐어(주))-1매 | 케논엘플라스타(케토프로펜)[수출명:케논엘(KenonL),케토덤엘(KetodermL),케노덤(Kenoderm),페노덤(Fenoderm),케이트란스(Ketrans),케토플라스트엘(KetoplastL)]_(10X7cm2",ALUMINUM | KETOPROFEN | POLYPROPYLENE_PP,3,24
NAME::ITEM_a91947acdab719f8f268,속편엔이중정(1정)((주)한국파비스제약)-1정,ALUMINUM | PHARMA_API_GENERIC | POLYPROPYLENE_PP,3,24
NAME::ITEM_ac72e22e2b550dc0ccbe,챔프시럽(동아제약)-5mL/포,ALUMINUM | PHARMA_API_GENERIC | POLYPROPYLENE_PP,3,24
NAME::ITEM_b736c0c823cc6ca52f57,텔미스타플러스정80/12.5밀리그램_(1정)(동광제약(주))-1정,ALUMINUM | PHARMA_API_GENERIC | POLYPROPYLENE_PP,3,24
NAME::ITEM_b4eec01d2036247533b7,챔프이부펜시럽(동아제약(주))-5mL/포 | 챔프이부펜시럽(이부프로펜)(01g/5mL)(동아제약(주))-5mL/포,ALUMINUM | IBUPROFEN | POLYPROPYLENE_PP,3,24
NAME::ITEM_bf2785a2ecb53f267d9f,바코시론크림(아시클로버)_(0.35g/7g)((주)씨엠지제약)-7g/개,ACYCLOVIR | PARAFFIN_PETROLEUM,2,24
NAME::ITEM_c255b1b27d27eeeb48cb,데스오웬로션0.05%(데소니드)_(60mg/120mL)(갈더마코리아(주))-120mL/병 | 데스오웬로오숀0.05%(데소나이드)_(60mg/120mL)(갈더마코리아(주))-120mL/병,DESONIDE | PARAFFIN_PETROLEUM,2,24
NAME::ITEM_1ec3b6b1cc71e3b3fd26,크바젯정10/10밀리그램_(1정)((주)팜젠사이언스)-1정,ALUMINUM | PHARMA_API_GENERIC | POLYPROPYLENE_PP,3,24
NAME::ITEM_1f33054eecbade73f688,아모르탄정5/80mg_(1정)((주)씨엠지제약)-1정,ALUMINUM | PHARMA_API_GENERIC | POLYPROPYLENE_PP,3,24
NAME::ITEM_16d036216a5ca9ce6dc9,한방파스 | 한방파스(BM) | 한방파스(BM)5매입,ALUMINUM | PHARMA_API_GENERIC | POLYPROPYLENE_PP,3,24
NAME::ITEM_12d42b4f6cce26b77b43,베아로반연고(무피로신)_(0.2g/10g)((주)대웅)-10g/개,MUPIROCIN | PARAFFIN_PETROLEUM,2,24
NAME::ITEM_b0f892df80cba8ed82fe,장티푸스 0.5ml | 장티푸스(VI주사)무료 | 장티푸스무료,MATERIAL_UNSPECIFIED | PHARMA_API_GENERIC,2,23
NAME::ITEM_04f1a851f932c45124a6,글루오렌지100액(포도당)_(50.7g/150mL)(맥널티제약(주))-150mL/병 | 글루오렌지100액(포도당)_(50.7g/150mL)(한국맥널티(주))-150mL/병 | 글루오렌지100액(포도당)_(50g/150mL)(맥널티제약(주)),GLUCOSE_CORNSTARCH | SODIUM_CHLORIDE,2,22
NAME::ITEM_36f810f5b755e3b05ab6,글루오렌지100액(포도당)_(50.7g/150mL)(맥널티제약(주))-150mL/병 | 글루오렌지100액(포도당)_(50.7g/150mL)(한국맥널티(주))-150mL/병 | 글루오렌지100액(포도당)_(50g/150mL)(맥널티제약(주)),GLUCOSE_CORNSTARCH | SODIUM_CHLORIDE,2,22
NAME::ITEM_7102e93685c48eb33305,메티론정(메틸프레드니솔론)_(4mg/1정)((유)한풍제약)-1정,METHYLPREDNISOLONE | PARAFFIN_PETROLEUM,2,22
NAME::ITEM_3ff06e3474d757875b1b,"트로나인크림(수출명:BORADERM)_(0.288g,4.5g,0.45g/450g)(콜마파마(주))-450g/병 | 트로나인크림(수출명:BORADERM)_(450g)((주)제뉴파마)-450g/병 | 트로나인크림_(450g)((주)제뉴파마)-450g/병",PARAFFIN_PETROLEUM | PHARMA_API_GENERIC,2,22
NAME::ITEM_783bf372c49dcf2a27e3,메디손정4mg(메틸프레드니솔론)_(4mg/1정)((주)넥스팜코리아)-1정,METHYLPREDNISOLONE | PARAFFIN_PETROLEUM,2,22
NAME::ITEM_d263f11c2eb4feb90e77,후시메드 연고 10g(녹십자),PARAFFIN_PETROLEUM | PHARMA_API_GENERIC,2,22
NAME::ITEM_d4b0003d5e21671fe342,디쿠아폴점안액3%(디쿠아포솔나트륨)_(0.15g/5mL)(한미약품(주))-5mL/병 | 디쿠아폴점안액3%(한미약품)-5mL/병,DIQUAFOSOL | PARAFFIN_PETROLEUM | PHARMA_API_GENERIC,3,22
NAME::ITEM_db4f5b53c21acabf2867,메프솔정4mg(메틸프레드니솔론)((주)이든파마)-1정 | 메프솔정4mg(메틸프레드니솔론)_(4mg/1정)((주)이든파마)-1정,METHYLPREDNISOLONE | PARAFFIN_PETROLEUM,2,22
NAME::ITEM_da776c2cc08299b508e9,씨플루코캡슐(플루코나졸)_(50mg/1캡슐)(에이치엘비제약(주))-1캡슐,FLUCONAZOLE | PARAFFIN_PETROLEUM,2,22
NAME::ITEM_de123a05cf9b1c7a244d,에스로반연고(무피로신)_(9g/450g)(제이더블유신약(주))-450g/통 | 에스로반연고(무피로신)_(9g/450g)(제이더블유중외신약(주))-450g/통,MUPIROCIN | PARAFFIN_PETROLEUM,2,22
NAME::ITEM_07761d8abf6f28ab9d40,글루오렌지100액(포도당)_(50.7g/150mL)(맥널티제약(주))-150mL/병 | 글루오렌지100액(포도당)_(50.7g/150mL)(한국맥널티(주))-150mL/병 | 글루오렌지100액(포도당)_(50g/150mL)(맥널티제약(주)),GLUCOSE_CORNSTARCH | SODIUM_CHLORIDE,2,22
NAME::ITEM_e9b154a9194c86c23886,영풍아시클로버크림_(0.25g/5g)(영풍제약(주))-5g/개,ACYCLOVIR | PARAFFIN_PETROLEUM,2,22
NAME::ITEM_ef6106b1a3994b32e8a3,맘스폴릭정1000ug(동구바이오제약) | 맘스폴릭정1000ug(동구바이오제약)_임부엽산,ALUMINUM | FOLIC_ACID | PHARMA_API_GENERIC | POLYPROPYLENE_PP,4,22
NAME::ITEM_023b725c438be080b435,넬케어네일라카(아모롤핀염산염)_(0.2787g/5mL)((주)마더스제약)-5mL/병,AMOROLFINE | PARAFFIN_PETROLEUM,2,22
NAME::ITEM_fcbcbdaabd40e9c5bfda,태극케토코나졸크림_(0.4g/20g)(태극제약(주))-20g/개,KETOCONAZOLE | PARAFFIN_PETROLEUM,2,22
NAME::ITEM_521e66d6700942022e27,"트로나인크림(수출명:BORADERM)_(0.288g,4.5g,0.45g/450g)(콜마파마(주))-450g/병 | 트로나인크림(수출명:BORADERM)_(450g)((주)제뉴파마)-450g/병 | 트로나인크림_(450g)((주)제뉴파마)-450g/병",PARAFFIN_PETROLEUM | PHARMA_API_GENERIC,2,22
NAME::ITEM_29b4c15da21273dd791d,제일생리식염주사액((주)제일제약)-20mL/앰플 | 제일생리식염주사액_(0.18g/20mL/앰플)((주)제일제약)-20mL/앰플,GLUCOSE_CORNSTARCH | SODIUM_CHLORIDE,2,22
NAME::ITEM_555558715c8c04d3dbf7,하이스탈정(1정)(명문제약(주))-1정,MICROBIAL_FUNGAL_ENZYME | PANCREATIN_ANIMAL_ENZYME,2,22
NAME::ITEM_3fbd8919158b22f329e3,제일생리식염주사액((주)제일제약)-20mL/앰플 | 제일생리식염주사액_(0.18g/20mL/앰플)((주)제일제약)-20mL/앰플,GLUCOSE_CORNSTARCH | SODIUM_CHLORIDE,2,22
NAME::ITEM_63a6548061d1364e80ea,유박스(0.5mL),BIOLOGICS_CELL_CULTURE | LIPID_NANOPARTICLE,2,22
NAME::ITEM_bef4399a009227f4d5d4,프레드린로션(프레드니카르베이트)_(50mg/20g)((주)마더스제약)-20g/개,PARAFFIN_PETROLEUM | PREDNICARBATE,2,22
NAME::ITEM_2f465aa59de0aec9f160,에스로반연고(무피로신)_(9g/450g)(제이더블유신약(주))-450g/통 | 에스로반연고(무피로신)_(9g/450g)(제이더블유중외신약(주))-450g/통,MUPIROCIN | PARAFFIN_PETROLEUM,2,22
NAME::ITEM_8ee12ffab51342042dcd,맘스폴릭정1000ug(동구바이오제약) | 맘스폴릭정1000ug(동구바이오제약)_임부엽산,ALUMINUM | FOLIC_ACID | PHARMA_API_GENERIC | POLYPROPYLENE_PP,4,22
NAME::ITEM_16955e4beb5ca74098ba,디쿠아폴점안액3%(디쿠아포솔나트륨)_(0.15g/5mL)(한미약품(주))-5mL/병 | 디쿠아폴점안액3%(한미약품)-5mL/병,DIQUAFOSOL | PARAFFIN_PETROLEUM | PHARMA_API_GENERIC,3,22
NAME::ITEM_bf440b807341a5bab578,메프솔정4mg(메틸프레드니솔론)((주)이든파마)-1정 | 메프솔정4mg(메틸프레드니솔론)_(4mg/1정)((주)이든파마)-1정,METHYLPREDNISOLONE | PARAFFIN_PETROLEUM,2,22
NAME::ITEM_bdbe12d165321adf87b5,메치론정1밀리그램(메틸프레드니솔론)(근화제약(주))-1정,METHYLPREDNISOLONE | PARAFFIN_PETROLEUM,2,22
NAME::ITEM_258932618939cdc9e317,"트로나인크림(수출명:BORADERM)_(0.288g,4.5g,0.45g/450g)(콜마파마(주))-450g/병 | 트로나인크림(수출명:BORADERM)_(450g)((주)제뉴파마)-450g/병 | 트로나인크림_(450g)((주)제뉴파마)-450g/병",PARAFFIN_PETROLEUM | PHARMA_API_GENERIC,2,22
NAME::ITEM_a422c6b5f303a099d9aa,프레벨연고(프레드니카르베이트)_(0.1375g/55g)(태극제약(주))-55g/개,PARAFFIN_PETROLEUM | PREDNICARBATE,2,22
NAME::ITEM_7b82da9a5d27b51a407e,글루오렌지100액(포도당)_(50.7g/150mL)(맥널티제약(주))-150mL/병 | 글루오렌지100액(포도당)_(50.7g/150mL)(한국맥널티(주))-150mL/병 | 글루오렌지100액(포도당)_(50g/150mL)(맥널티제약(주)),GLUCOSE_CORNSTARCH | SODIUM_CHLORIDE,2,22
NAME::ITEM_33b06f0eaac091fc8aeb,HURUM 엑스퍼트 프로바이오틱스 | 더프로바이오 | 레모나유산균,MATERIAL_UNSPECIFIED | PROBIOTIC_BACTERIAL_CULTURE,2,22
NAME::ITEM_039c03c968205aa67dbc,인토젯정10/10밀리그램_(1정)((주)인트로바이오파마)-1정,ALUMINUM | PHARMA_API_GENERIC | POLYPROPYLENE_PP,3,21
NAME::ITEM_06d03a1c66c8878e7cdb,보스민액(에피네프린)_(0.1g/100mL)(제일약품(주))-100mL/병 | 보스민액(염산에피네프린액)_(0.1g/100mL)(제일약품(주))-100mL/병 | 보스민액(제일약품)-100mL/병,EPINEPHRINE | MATERIAL_UNSPECIFIED,2,21
NAME::ITEM_e6dd8e1b1cd0ef07069e,아이스타정40/5mg_(1정)((주)인트로바이오파마)-1정 | 아이스타정40/5mg_(1정)((주)인트로팜텍)-1정,ALUMINUM | PHARMA_API_GENERIC | POLYPROPYLENE_PP,3,21
NAME::ITEM_e236687e846bc6b33c76,폴리아린에프캡슐(1캡슐)(알리코제약(주))-1캡슐,ALUMINUM | PHARMA_API_GENERIC | POLYPROPYLENE_PP,3,21
NAME::ITEM_0dc9bd59b1e485efa256,로티젯정10/5밀리그램_(1정)((주)씨엠지제약)-1정,ALUMINUM | PHARMA_API_GENERIC | POLYPROPYLENE_PP,3,21
NAME::ITEM_f90fb9fe8e72b73dab0e,케토크린24플라스타 | 케토크린플라스타(BM),ALUMINUM | KETOPROFEN | POLYPROPYLENE_PP,3,21
NAME::ITEM_a48a214fc7edd8c6bf4d,케토크린24플라스타 | 케토크린플라스타(BM),ALUMINUM | KETOPROFEN | POLYPROPYLENE_PP,3,21
NAME::ITEM_9f2fa3790a84a3d0b204,울트라뉴세미정_(1정)((주)시어스제약)-1정,ALUMINUM | POLYPROPYLENE_PP | TRAMADOL_ACETAMINOPHEN,3,21
NAME::ITEM_a05583fb3bbc7dc3aaab,아주스타정40/5밀리그램_(1정)(아주약품(주))-1정,ALUMINUM | PHARMA_API_GENERIC | POLYPROPYLENE_PP,3,21
NAME::ITEM_a0a41c47c75c3f7b0d08,로사탄플러스정((주)화이트제약)-1정 | 로사탄플러스정_(1정)((주)화이트생명과학)-1정,ALUMINUM | PHARMA_API_GENERIC | POLYPROPYLENE_PP,3,21
NAME::ITEM_b15e7e6e4eccb8466a2a,보스민액(에피네프린)_(0.1g/100mL)(제일약품(주))-100mL/병 | 보스민액(염산에피네프린액)_(0.1g/100mL)(제일약품(주))-100mL/병 | 보스민액(제일약품)-100mL/병,EPINEPHRINE | MATERIAL_UNSPECIFIED,2,21
NAME::ITEM_b603630b47823e81027d,케논엘플라스타(아이큐어),ALUMINUM | KETOPROFEN | POLYPROPYLENE_PP,3,21
NAME::ITEM_1a636469d3946b1b242d,아이스타정40/5mg_(1정)((주)인트로바이오파마)-1정 | 아이스타정40/5mg_(1정)((주)인트로팜텍)-1정,ALUMINUM | PHARMA_API_GENERIC | POLYPROPYLENE_PP,3,21
NAME::ITEM_c5157292851504e9ace7,오노펜정(록소프로펜나트륨수화물)((주)디에이치피코리아)-1정 | 오노펜정(록소프로펜나트륨수화물)_(68.1mg/1정)((주)옵투스제약)-1정,ALUMINUM | LOXOPROFEN | POLYPROPYLENE_PP,3,21
NAME::ITEM_17f8b31a3af57fb2fcf2,세비카에이치씨티정5/20/12.5밀리그램-1정 | 세비카에이치씨티정5/20/12.5밀리그램_(1정)(한국다이이찌산쿄(주))-1정,ALUMINUM | PHARMA_API_GENERIC | POLYPROPYLENE_PP,3,21
NAME::ITEM_46624863dbafc1127231,위더콕스캡슐100밀리그램(세레콕시브)_(0.1g/1캡슐)(위더스제약(주))-1캡슐,ALUMINUM | CELECOXIB | POLYPROPYLENE_PP,3,21
NAME::ITEM_1860b4abc3ad8d464063,뉴클로페낙정(아세클로페낙)((주)알피코프)-1정 | 뉴클로페낙정(아세클로페낙)_(0.1g/1정)((주)알피바이오)-1정,ACECLOFENAC | ALUMINUM | POLYPROPYLENE_PP,3,21
NAME::ITEM_c0f1992c8f28a662a827,아스피린프로텍트정100(바이엘코리아)-1T,ALUMINUM | ASPIRIN | POLYPROPYLENE_PP,3,21
NAME::ITEM_c01ae91804622cb8e23f,아토에브정10/10밀리그램_(1정)(익수제약(주))-1정,ALUMINUM | PHARMA_API_GENERIC | POLYPROPYLENE_PP,3,21
NAME::ITEM_4cf86f1c06ff98fe5630,세비카에이치씨티정5/20/12.5밀리그램-1정 | 세비카에이치씨티정5/20/12.5밀리그램_(1정)(한국다이이찌산쿄(주))-1정,ALUMINUM | PHARMA_API_GENERIC | POLYPROPYLENE_PP,3,21
NAME::ITEM_d4ab4e2ec78ac136d8d2,(이동)아니스펜8시간이알서방정(아세트아미노펜)_(0.65g/1정)((주)제뉴파마)-1정 | 아니스펜8시간이알서방정(아세트아미노펜)_(0.65g/1정)((주)제뉴파마)-1정,ACETAMINOPHEN | ALUMINUM | POLYPROPYLENE_PP,3,21
NAME::ITEM_d2fb34c871face1d752b,세타펜8시간이알서방정650밀리그램(아세트아미노펜)_(0.65g/1정)((주)보령바이오파마)-1정,ACETAMINOPHEN | ALUMINUM | POLYPROPYLENE_PP,3,21
NAME::ITEM_d30b14c0f8ae5deb36d1,쎄넥스캡슐(세레콕시브)_(0.2g/1캡슐)((주)넥스팜코리아)-1캡슐,ALUMINUM | CELECOXIB | POLYPROPYLENE_PP,3,21
NAME::ITEM_a820993ef479f1024325,로사탄플러스정((주)화이트제약)-1정 | 로사탄플러스정_(1정)((주)화이트생명과학)-1정,ALUMINUM | PHARMA_API_GENERIC | POLYPROPYLENE_PP,3,21
NAME::ITEM_a8e8dab81e0e55bad8ab,보스민액(에피네프린)_(0.1g/100mL)(제일약품(주))-100mL/병 | 보스민액(염산에피네프린액)_(0.1g/100mL)(제일약품(주))-100mL/병 | 보스민액(제일약품)-100mL/병,EPINEPHRINE | MATERIAL_UNSPECIFIED,2,21
NAME::ITEM_a78f2fabc109f871789b,테넬리아엠서방정10/500밀리그램((주)한독)-1정,ALUMINUM | PHARMA_API_GENERIC | POLYPROPYLENE_PP,3,21
NAME::ITEM_5159679d5a50f52d4119,휴세린캡슐(디아세레인)-1캡슐,ALUMINUM | PHARMA_API_GENERIC | POLYPROPYLENE_PP,3,21
NAME::ITEM_2f6d4879e2d792659191,뉴클로페낙정(아세클로페낙)((주)알피코프)-1정 | 뉴클로페낙정(아세클로페낙)_(0.1g/1정)((주)알피바이오)-1정,ACECLOFENAC | ALUMINUM | POLYPROPYLENE_PP,3,21
NAME::ITEM_8e6bc9cfc28a6e930efa,오노펜정(록소프로펜나트륨수화물)((주)디에이치피코리아)-1정 | 오노펜정(록소프로펜나트륨수화물)_(68.1mg/1정)((주)옵투스제약)-1정,ALUMINUM | LOXOPROFEN | POLYPROPYLENE_PP,3,21
NAME::ITEM_74482ef6fe691f599803,테네그린듀오서방정10/500밀리그램_(1정)(진양제약(주))-1정,ALUMINUM | PHARMA_API_GENERIC | POLYPROPYLENE_PP,3,21
NAME::ITEM_756192d6d2ca7df968ad,타세놀정500밀리그램(아세트아미노펜)(05g/1정)(부광약품(주))-1정,ACETAMINOPHEN | ALUMINUM | POLYPROPYLENE_PP,3,21
NAME::ITEM_624da27a046b945bfd9e,아토젯정10/10밀리그램_(1정)(한국오가논(주))-1정,ALUMINUM | PHARMA_API_GENERIC | POLYPROPYLENE_PP,3,21
NAME::ITEM_5f4d5733df5fe6b29d6d,장티푸스(VI주사)무료 | 장티푸스무료,MATERIAL_UNSPECIFIED | PHARMA_API_GENERIC,2,21
NAME::ITEM_5f9cbf885176567442de,슈가다파정_(1정)(동아에스티(주))-1정,ALUMINUM | PHARMA_API_GENERIC | POLYPROPYLENE_PP,3,21
NAME::ITEM_585ab5abad4d009de8d0,제일제약디클로페낙나트륨주사액((주)제일제약)-2mL/앰플,ALUMINUM | DICLOFENAC | POLYPROPYLENE_PP,3,21
NAME::ITEM_56b2a230550ed01b8430,대한멸균생리식염수(생리식염주사액)_(4.5g/500mL/병(PP))(대한약품공업(주))-500mL/병(PP) | 대한멸균생리식염수500밀리리터(생리식염주사액)(대한약품공업(주))-500mL/병(PP),POLYPROPYLENE_PP | POLYVINYL_CHLORIDE_PVC,2,20
NAME::ITEM_e5053dd296a3fe9ea335,터나빈겔(테르비나핀)_(0.15g/15g)(주식회사제뉴원사이언스)-15g/개 | 터나빈겔(테르비나핀)_(0.15g/15g)(한국콜마(주))-15g/개,PARAFFIN_PETROLEUM | TERBINAFINE,2,20
NAME::ITEM_d794e1d0c903bb4e766d,하트만용액 500mL(제이더블유중외제약(주)) - HS 500mL/백 | 하트만용액(수출명:LactatedRingersInjection)(제이더블유중외제약(주))-500mL/백 | 하트만용액(제이더블유중외제약(주))-500mL/백,GLUCOSE_CORNSTARCH | SODIUM_CHLORIDE,2,20
NAME::ITEM_db94ec61646ae4c08381,대한멸균생리식염수(생리식염주사액)_(4.5g/500mL/병(PP))(대한약품공업(주))-500mL/병(PP) | 대한멸균생리식염수500밀리리터(생리식염주사액)(대한약품공업(주))-500mL/병(PP),POLYPROPYLENE_PP | POLYVINYL_CHLORIDE_PVC,2,20
NAME::ITEM_10f6ee03a4b5f20ec232,훼로바유서방정 | 훼로바유서방정(건조황산제일철)_(0.256g/1정)(부광약품(주))-1정,FERROUS_SULFATE | IRON_MINERAL_COMPOUND,2,20
NAME::ITEM_ff9e53217d38c7ea9ca0,제놀탑에스카타플라스마(7매) | 제놀탑에스카타플라스마(케토프로펜)(8X12cm2/1매)((주)녹십자)-1매,ALUMINUM | KETOPROFEN | PARAFFIN_PETROLEUM | PHARMA_API_GENERIC | POLYPROPYLENE_PP,5,20
NAME::ITEM_c862c5188fbb6fd335aa,백색바셀린(성광제약)-1g,PARAFFIN_PETROLEUM | PHARMA_API_GENERIC,2,20
NAME::ITEM_c88e5fa4f522702e030f,대한5%포도당가생리식염액 500밀리리터(대한약품공업(주))-500mL/병(PP) | 대한5%포도당가생리식염액_(500mL/병(PP))(대한약품공업(주))-500mL/병(PP),GLUCOSE_CORNSTARCH | SODIUM_CHLORIDE,2,20
NAME::ITEM_0b974890e0b23c38d32f,중외5%포도당주사액 200밀리리터(250mL 용기에 200mL충진)(제이더블유중외제약(주))-200mL/백 | 중외5%포도당주사액_(10g/200mL/백(250mL 용기에 200mL충진))(제이더블유중외제약(주))-200mL/백,POLYPROPYLENE_PP | POLYVINYL_CHLORIDE_PVC,2,20
NAME::ITEM_13d70518f2503b08db76,복합마데카솔연고(동국제약)-10g | 복합마데카솔연고(동국제약)-1g,CENTELLA_EXTRACT | PARAFFIN_PETROLEUM,2,20
NAME::ITEM_1849f2955a1b8deb2e60,복합마데카솔연고(동국제약)-10g | 복합마데카솔연고(동국제약)-1g,CENTELLA_EXTRACT | PARAFFIN_PETROLEUM,2,20
NAME::ITEM_5a2cbaa7c0145844818a,녹십자티디백신프리필드시린지주(05mL)((주)녹십자)-0.5mL/관 | 티디백신(녹십자),BIOLOGICS_CELL_CULTURE | LIPID_NANOPARTICLE,2,20
NAME::ITEM_b31d944ceead606239ff,하트만용액 500mL(제이더블유중외제약(주)) - HS 500mL/백 | 하트만용액(수출명:LactatedRingersInjection)(제이더블유중외제약(주))-500mL/백 | 하트만용액(제이더블유중외제약(주))-500mL/백,GLUCOSE_CORNSTARCH | SODIUM_CHLORIDE,2,20
NAME::ITEM_1dc92c1da3bf04542653,터나빈겔(테르비나핀)_(0.15g/15g)(주식회사제뉴원사이언스)-15g/개 | 터나빈겔(테르비나핀)_(0.15g/15g)(한국콜마(주))-15g/개,PARAFFIN_PETROLEUM | TERBINAFINE,2,20
NAME::ITEM_68e6a11c8140498201b8,훼로바유서방정 | 훼로바유서방정(건조황산제일철)_(0.256g/1정)(부광약품(주))-1정,FERROUS_SULFATE | IRON_MINERAL_COMPOUND,2,20
NAME::ITEM_649d15d7f07777a1b30c,히스판주(부틸스코폴라민브롬화물)((주)휴온스)-1mL/앰플 | 히스판주(부틸스코폴라민브롬화물)(수출명:부스판주디스코판주DISPANInj.)((주)휴온스)-1mL/앰플 | 히스판주(휴온스)-1mL/앰플,BUTYLSCOPOLAMINE | PHARMA_API_GENERIC,2,20
NAME::ITEM_70eadf6c335ba7e38c2a,하트만용액 500mL(제이더블유중외제약(주)) - HS 500mL/백 | 하트만용액(수출명:LactatedRingersInjection)(제이더블유중외제약(주))-500mL/백 | 하트만용액(제이더블유중외제약(주))-500mL/백,GLUCOSE_CORNSTARCH | SODIUM_CHLORIDE,2,20
NAME::ITEM_8d624c3ab9495c617566,하트만액 500밀리리터(대한약품공업(주))-500mL/백,GLUCOSE_CORNSTARCH | SODIUM_CHLORIDE,2,20
NAME::ITEM_09623491b055cdcdaae1,히스판주(부틸스코폴라민브롬화물)((주)휴온스)-1mL/앰플 | 히스판주(부틸스코폴라민브롬화물)(수출명:부스판주디스코판주DISPANInj.)((주)휴온스)-1mL/앰플 | 히스판주(휴온스)-1mL/앰플,BUTYLSCOPOLAMINE | PHARMA_API_GENERIC,2,20
NAME::ITEM_eeed88f322cbf6c5aa7e,대한5%포도당가생리식염액 500밀리리터(대한약품공업(주))-500mL/병(PP) | 대한5%포도당가생리식염액_(500mL/병(PP))(대한약품공업(주))-500mL/병(PP),GLUCOSE_CORNSTARCH | SODIUM_CHLORIDE,2,20
NAME::ITEM_ee2ce1a97e921d2b92c0,베스타제포르테정(1정)(동아제약(주))-1정,MICROBIAL_FUNGAL_ENZYME | PANCREATIN_ANIMAL_ENZYME,2,20
NAME::ITEM_2784f5cdb63f277c050f,결핵영양제 | 임팩타민(영양제),VITAMIN_B_COMPLEX | VITAMIN_SYNTHETIC_RAWMATERIAL,2,20
NAME::ITEM_2342df3444972f005372,마데카솔겔(센텔라정량추출물)(012g/6g)(동국제약(주))-6g/개,CENTELLA_ASIATICA_EXTRACT | PARAFFIN_PETROLEUM,2,20
NAME::ITEM_a6bd4d624d04ee14423d,제놀탑에스카타플라스마(7매) | 제놀탑에스카타플라스마(케토프로펜)(8X12cm2/1매)((주)녹십자)-1매,ALUMINUM | KETOPROFEN | PARAFFIN_PETROLEUM | PHARMA_API_GENERIC | POLYPROPYLENE_PP,5,20
NAME::ITEM_a826601232feb320526e,중외5%포도당주사액 200밀리리터(250mL 용기에 200mL충진)(제이더블유중외제약(주))-200mL/백 | 중외5%포도당주사액_(10g/200mL/백(250mL 용기에 200mL충진))(제이더블유중외제약(주))-200mL/백,POLYPROPYLENE_PP | POLYVINYL_CHLORIDE_PVC,2,20
NAME::ITEM_b28b391bad53a6a948d9,페리덱스연고(덱사메타손)(6mg/6g)((주)녹십자)-6g/개,DEXAMETHASONE | PARAFFIN_PETROLEUM,2,20
NAME::ITEM_8261ed2d2e6bb4ff7e81,결핵영양제 | 임팩타민(영양제),VITAMIN_B_COMPLEX | VITAMIN_SYNTHETIC_RAWMATERIAL,2,20
NAME::ITEM_347f037290ddf8f575ed,결핵영양제 | 임팩타민(영양제),VITAMIN_B_COMPLEX | VITAMIN_SYNTHETIC_RAWMATERIAL,2,20
NAME::ITEM_79f0ee1362806b5f0c70,메칠정(메틸프레드니솔론)_(4mg/1정)((주)킵스바이오파마)-1정 | 메칠정(메틸프레드니솔론)_(4mg/1정)((주)한국글로벌제약)-1정,METHYLPREDNISOLONE | PARAFFIN_PETROLEUM,2,20
NAME::ITEM_7df8a2b51c373e4c4d73,히스판주(부틸스코폴라민브롬화물)((주)휴온스)-1mL/앰플 | 히스판주(부틸스코폴라민브롬화물)(수출명:부스판주디스코판주DISPANInj.)((주)휴온스)-1mL/앰플 | 히스판주(휴온스)-1mL/앰플,BUTYLSCOPOLAMINE | PHARMA_API_GENERIC,2,20
NAME::ITEM_67784d4c7e777b741c13,메칠정(메틸프레드니솔론)_(4mg/1정)((주)킵스바이오파마)-1정 | 메칠정(메틸프레드니솔론)_(4mg/1정)((주)한국글로벌제약)-1정,METHYLPREDNISOLONE | PARAFFIN_PETROLEUM,2,20
NAME::ITEM_f64d06f3fec7f4cb5468,클로빈크림(아시클로버)-(콜마파마(주))-1g,ACYCLOVIR | PARAFFIN_PETROLEUM,2,20
NAME::ITEM_e4cbd1e7b5f95db89a06,"에코론크림(수출명:더마트리스크림)_(0.3mg,30mg/30g)(한미약품(주))-30g/개 | 에코론크림(에코나졸,트리암시놀론아세토니드)_(30g)(한미약품(주))-30g/개 | 에코론크림_(30g)(한미약품(주))-30g/개",ECONAZOLE_TRIAMCINOLONE_ACETONIDE | PARAFFIN_PETROLEUM | PHARMA_API_GENERIC,3,19
NAME::ITEM_c5e42ac190138c445bbc,HURUM 엑스퍼트 프로바이오틱스 | 더프로바이오 | 레모나유산균,MATERIAL_UNSPECIFIED | PROBIOTIC_BACTERIAL_CULTURE,2,19
NAME::ITEM_899c7c0ba0e92a52483a,"에코론크림(수출명:더마트리스크림)_(0.3mg,30mg/30g)(한미약품(주))-30g/개 | 에코론크림(에코나졸,트리암시놀론아세토니드)_(30g)(한미약품(주))-30g/개 | 에코론크림_(30g)(한미약품(주))-30g/개",ECONAZOLE_TRIAMCINOLONE_ACETONIDE | PARAFFIN_PETROLEUM | PHARMA_API_GENERIC,3,19
NAME::ITEM_a7329c47ded4287b6255,HURUM 엑스퍼트 프로바이오틱스 | 더프로바이오 | 레모나유산균,MATERIAL_UNSPECIFIED | PROBIOTIC_BACTERIAL_CULTURE,2,19
NAME::ITEM_34d390b37933996abd3e,HURUM 엑스퍼트 프로바이오틱스 | 더프로바이오 | 레모나유산균,MATERIAL_UNSPECIFIED | PROBIOTIC_BACTERIAL_CULTURE,2,19
NAME::ITEM_52e2a0f54fca085a3ff8,HURUM 엑스퍼트 프로바이오틱스 | 더프로바이오 | 레모나유산균,MATERIAL_UNSPECIFIED | PROBIOTIC_BACTERIAL_CULTURE,2,19
NAME::ITEM_46e2071340ffe61ab62a,"에코론크림(수출명:더마트리스크림)_(0.3mg,30mg/30g)(한미약품(주))-30g/개 | 에코론크림(에코나졸,트리암시놀론아세토니드)_(30g)(한미약품(주))-30g/개 | 에코론크림_(30g)(한미약품(주))-30g/개",ECONAZOLE_TRIAMCINOLONE_ACETONIDE | PARAFFIN_PETROLEUM | PHARMA_API_GENERIC,3,19
NAME::ITEM_92047872f66ddb8a95ed,HURUM 엑스퍼트 프로바이오틱스 | 더프로바이오 | 레모나유산균,MATERIAL_UNSPECIFIED | PROBIOTIC_BACTERIAL_CULTURE,2,19
NAME::ITEM_ceea2fc6f5a14f29b388,파라마셋이알서방정(동아에스티(주))-1정 | 파라마셋이알서방정_(1정)(동아에스티(주))-1정,ALUMINUM | POLYPROPYLENE_PP | TRAMADOL_ACETAMINOPHEN,3,18
NAME::ITEM_b655b605d6f5ed07ab07,유로셋세미정-1정 | 유로셋세미정_(1정)((주)아이월드제약)-1정,ALUMINUM | POLYPROPYLENE_PP | TRAMADOL_ACETAMINOPHEN,3,18
NAME::ITEM_0c13db35c2094dfbdfcf,플루졸캡슐(플루코나졸)(알리코제약(주))-1캡슐,FLUCONAZOLE | PARAFFIN_PETROLEUM,2,18
NAME::ITEM_1a00d735b31b9f3c1fcf,중외엔에스주사액(염화나트륨)(제이더블유생명과학(주))-100mL/백 | 중외엔에스주사액-100mL/백,GLUCOSE_CORNSTARCH | SODIUM_CHLORIDE,2,18
NAME::ITEM_c03b61e6bcdd8467b4d5,덱스파놀연고(D-판테놀)(15g/30g)(태극제약(주))-30g/개,PARAFFIN_PETROLEUM | PHARMA_API_GENERIC,2,18
NAME::ITEM_c61917aa7612ef2839dd,아토엠젯정10/20밀리그램_(1정)((주)마더스제약)-1정,ALUMINUM | PHARMA_API_GENERIC | POLYPROPYLENE_PP,3,18
NAME::ITEM_5d6465040b05c5af0915,마이케어로션1%(히드로코르티손)_(0.5g/50g)((주)마더스제약)-50g/개,HYDROCORTISONE | PARAFFIN_PETROLEUM,2,18
NAME::ITEM_eccb3a88d481ba0cec4f,파라마셋이알서방정(동아에스티(주))-1정 | 파라마셋이알서방정_(1정)(동아에스티(주))-1정,ALUMINUM | POLYPROPYLENE_PP | TRAMADOL_ACETAMINOPHEN,3,18
NAME::ITEM_5cf02c9f74b7dea2c542,판크레아정(1정)(명문제약(주))-1정,ALUMINUM | PHARMA_API_GENERIC | POLYPROPYLENE_PP,3,18
NAME::ITEM_6ccd8b643e0313786741,멕페란정 -동화,ALUMINUM | PHARMA_API_GENERIC | POLYPROPYLENE_PP,3,18
NAME::ITEM_368ec740bdd9e4bd8e42,신신 물파스에스 45ml,ALUMINUM | PHARMA_API_GENERIC | POLYPROPYLENE_PP,3,18
NAME::ITEM_377575f4151069f89ca2,아크로펜정(아세클로페낙)_(0.1g/1정)(동아에스티(주))-1정,ACECLOFENAC | ALUMINUM | POLYPROPYLENE_PP,3,18
NAME::ITEM_97da140728119f1a1dc7,타말겐정(탈니플루메이트)(수출명:TafuronTabs.)((주)테라젠이텍스)-1정 | 타말겐정(탈니플루메이트)_(0.37g/1정)((주)테라젠이텍스)-1정,ALUMINUM | POLYPROPYLENE_PP | TALNIFLUMATE,3,18
NAME::ITEM_0419af9e0c7ae77d3021,아제티브정10/10밀리그램_(1정)(알보젠코리아(주))-1정,ALUMINUM | PHARMA_API_GENERIC | POLYPROPYLENE_PP,3,18
NAME::ITEM_8f4cf175c5f0a752536b,트라스트패취(피록시캄)(수출명:미포톱)_(6.8X5.2cm2/1매)(에스케이케미칼(주))-1매,ALUMINUM | PIROXICAM | POLYPROPYLENE_PP,3,18
NAME::ITEM_8a2dedf117dbecc9835b,신바로정((주)녹십자)-1정,ALUMINUM | PHARMA_API_GENERIC | POLYPROPYLENE_PP,3,18
NAME::ITEM_2f432cb9b73f51744aa4,대한멸균생리식염수500밀리리터(생리식염주사액)(대한약품공업(주))-500mL/병,POLYPROPYLENE_PP | POLYVINYL_CHLORIDE_PVC,2,18
NAME::ITEM_86493feb9f5575066551,베스자임정(동아제약)-1정(보훈급여),MICROBIAL_FUNGAL_ENZYME | PANCREATIN_ANIMAL_ENZYME,2,18
NAME::ITEM_9f2babeab05a97b3252b,다이제스칸정 | 다이제스칸정((주)휴비스트제약)-1정,MICROBIAL_FUNGAL_ENZYME | PANCREATIN_ANIMAL_ENZYME,2,18
NAME::ITEM_4526590d5f5b807b690a,세라칸에이치씨티정5/20/12.5밀리그램_(1정)(알리코제약(주))-1정,ALUMINUM | PHARMA_API_GENERIC | POLYPROPYLENE_PP,3,18
NAME::ITEM_a339e1505e2aa57d2bcb,한미유리아크림200밀리그램(우레아)_(90g/450g)(한미약품(주))-450g/병,PARAFFIN_PETROLEUM | UREA,2,18
NAME::ITEM_252526cfcbb2b58ce4bf,광동아스피린장용정100mg_(0.1g/1정)(광동제약(주))-1정,ALUMINUM | ASPIRIN | POLYPROPYLENE_PP,3,18
NAME::ITEM_51804b1873910732ffa1,디로낙주2밀리리터(디클로페낙β디메틸아미노에탄올)_(90mg/2mL)((주)비씨월드제약)-2mL/앰플 | 디로낙주2밀리리터(디클로페낙베타디메칠아미노에탄올)((주)비씨월드제약)-2mL/앰플,ALUMINUM | DICLOFENAC | POLYPROPYLENE_PP,3,18
NAME::ITEM_8f32512e318f5ce18d0a,슈글렛정50밀리그램(이프라글리플로진L-프롤린)(한국아스텔라스제약(주))-1정 | 슈글렛정50밀리그램(이프라글리플로진L프롤린)_(64.3mg/1정)(한국아스텔라스제약(주))-1정,ALUMINUM | PHARMA_API_GENERIC | POLYPROPYLENE_PP,3,18
NAME::ITEM_f0039162bbd8a6c9dd55,씨트렉스캡슐200밀리그램(세레콕시브)_(0.2g/1캡슐)((주)메디포럼제약)-1캡슐 | 씨트렉스캡슐200밀리그램(세레콕시브)_(0.2g/1캡슐)(에이치엘비제약(주))-1캡슐,ALUMINUM | CELECOXIB | POLYPROPYLENE_PP,3,18
NAME::ITEM_9dfafe4996334367bbee,아스트라셋세미정_(1정)(한국신텍스제약(주))-1정,ALUMINUM | POLYPROPYLENE_PP | TRAMADOL_ACETAMINOPHEN,3,18
NAME::ITEM_2a76fd8cd32d8ebb6209,유로셋세미정-1정 | 유로셋세미정_(1정)((주)아이월드제약)-1정,ALUMINUM | POLYPROPYLENE_PP | TRAMADOL_ACETAMINOPHEN,3,18
NAME::ITEM_13655a6beaa75e95f25b,모드콜에스연질캡슐 | 모드콜에스연질캡슐(종근당)-1캡슐,ALUMINUM | PHARMA_API_GENERIC | POLYPROPYLENE_PP,3,18
NAME::ITEM_144d7df0815d9885255d,실로깅정_(1정)((유)한풍제약)-1정,ALUMINUM | PHARMA_API_GENERIC | POLYPROPYLENE_PP,3,18
NAME::ITEM_cfe6c5c58625b7caf899,무쏘펜정(록소프로펜나트륨)(미래제약(주))-1정,ALUMINUM | LOXOPROFEN | POLYPROPYLENE_PP,3,18
NAME::ITEM_7fbcbdcc6f2e561adb26,다이제스칸정 | 다이제스칸정((주)휴비스트제약)-1정,MICROBIAL_FUNGAL_ENZYME | PANCREATIN_ANIMAL_ENZYME,2,18
NAME::ITEM_f8da48574c771ae31542,타이레놀산500밀리그램(아세트아미노펜)(0555556g/1포)(한국존슨앤드존슨판매(유))-1포,ACETAMINOPHEN | ALUMINUM | POLYPROPYLENE_PP,3,18
NAME::ITEM_836460a55dff076110e2,모드콜에스연질캡슐(1캡슐)((주)종근당)-1캡슐,ALUMINUM | PHARMA_API_GENERIC | POLYPROPYLENE_PP,3,18
NAME::ITEM_86faf0fb3a8413c13fce,로페낙주2ml(디클로페낙나트륨)(이연제약(주))-2mL/앰플,ALUMINUM | DICLOFENAC | POLYPROPYLENE_PP,3,18
NAME::ITEM_43c58cdd3fd649a81a84,아토르바정20mg(유한양행)-1정 | 아토르바정20밀리그램(아토르바스타틴칼슘삼수화물)_(21.7mg/1정)((주)유한양행)-1정,ALUMINUM | ATORVASTATIN | PHARMA_API_GENERIC | POLYPROPYLENE_PP,4,18
NAME::ITEM_6416a5dfabb46d0dfd45,케펜텍엘플라스타(제일약품)1팩,ALUMINUM | KETOPROFEN | POLYPROPYLENE_PP,3,18
NAME::ITEM_6b1af5f60aa42d5941c6,디스타정40/5밀리그램(삼남제약(주))-1정 | 디스타정40/5밀리그램_(1정)(삼남제약(주))-1정,ALUMINUM | PHARMA_API_GENERIC | POLYPROPYLENE_PP,3,18
NAME::ITEM_6d1ac7dd4e317e508543,미보연고 40g | 미보연고(한도상사)-40g | 미보연고5mg(동화약품)-40g,PARAFFIN_PETROLEUM | PHARMA_API_GENERIC,2,18
NAME::ITEM_3bce82f94e0d75d8a610,둥근머리버물리겔(50g)(현대약품(주))-50g/개,INSECT_BITE_TOPICAL_UNCONFIRMED | PARAFFIN_PETROLEUM,2,18
NAME::ITEM_3e42fb56686083954e70,모드콜에스연질캡슐 | 모드콜에스연질캡슐(종근당)-1캡슐,ALUMINUM | PHARMA_API_GENERIC | POLYPROPYLENE_PP,3,18
NAME::ITEM_3b98929fd52e858e239e,"아모잘탄플러스정 5/50/12.5밀리그램_(1정)(한미약품(주))-1정 | 아모잘탄플러스정5/50/12.5밀리그램(암로디핀,로사르탄,클로르탈리돈)_(1정)(한미약품(주))-1정",AMLODIPINE | LOSARTAN_AMLODIPINE,2,18
NAME::ITEM_cb0c6c2dbf73c356a6f2,"코스펜에이시럽_(3g,0.125g/500mL)(한미약품(주))-500(1)mL/병",ALUMINUM | PHARMA_API_GENERIC | POLYPROPYLENE_PP,3,18
NAME::ITEM_ff949bbbab6b36555a5b,피디정2밀리그램(메틸프레드니솔론)_(2mg/1정)(제이더블유신약(주))-1정,METHYLPREDNISOLONE | PARAFFIN_PETROLEUM,2,18
NAME::ITEM_d7a2e88930dfff4b0cee,트윈온정40/5밀리그램_(1정)(한국코러스(주))-1정,ALUMINUM | PHARMA_API_GENERIC | POLYPROPYLENE_PP,3,18
NAME::ITEM_12c94c60709a30d4880c,게보린브이정(아세트아미노펜)(05g/1정)(삼진제약(주))-1정,ACETAMINOPHEN | ALUMINUM | POLYPROPYLENE_PP,3,18
NAME::ITEM_48178662936b99135938,쎄브렉스캡슐100밀리그램(세레콕시브)_(0.1g/1캡슐)(진양제약(주))-1캡슐,ALUMINUM | CELECOXIB | POLYPROPYLENE_PP,3,18
NAME::ITEM_57adcd3ab8108857d1f1,타말겐정(탈니플루메이트)(수출명:TafuronTabs.)((주)테라젠이텍스)-1정 | 타말겐정(탈니플루메이트)_(0.37g/1정)((주)테라젠이텍스)-1정,ALUMINUM | POLYPROPYLENE_PP | TALNIFLUMATE,3,18
NAME::ITEM_0e9ef764e3b9fc39628b,에이젯정10/10밀리그램_(1정)(동광제약(주))-1정,ALUMINUM | PHARMA_API_GENERIC | POLYPROPYLENE_PP,3,18
NAME::ITEM_111b8f4ab344a6fa9c49,휴솔론정(메틸프레드니솔론)_(4mg/1정)((주)휴온스)-1정,METHYLPREDNISOLONE | PARAFFIN_PETROLEUM,2,18
NAME::ITEM_de790bf8135d28fa471e,국제아시클로버크림 (국제약품공업) - 5g,ACYCLOVIR | PARAFFIN_PETROLEUM,2,18
NAME::ITEM_f8872b0ca994c948330f,신신파스아렉스(10X7cm2/1매)(신신제약(주))-1매,ALUMINUM | PHARMA_API_GENERIC | POLYPROPYLENE_PP,3,18
NAME::ITEM_6d95e8d94c0a6a940bf5,중외50%포도당주사액 100밀리리터(제이더블유중외제약(주))-100mL/병(PP),GLUCOSE_CORNSTARCH | SODIUM_CHLORIDE,2,18
NAME::ITEM_76ec3cd858d48408e87e,디스타정40/5밀리그램(삼남제약(주))-1정 | 디스타정40/5밀리그램_(1정)(삼남제약(주))-1정,ALUMINUM | PHARMA_API_GENERIC | POLYPROPYLENE_PP,3,18
NAME::ITEM_3a56be2e6c4094f0d5c6,씨트렉스캡슐200밀리그램(세레콕시브)_(0.2g/1캡슐)((주)메디포럼제약)-1캡슐 | 씨트렉스캡슐200밀리그램(세레콕시브)_(0.2g/1캡슐)(에이치엘비제약(주))-1캡슐,ALUMINUM | CELECOXIB | POLYPROPYLENE_PP,3,18
NAME::ITEM_5452a9f6438eaa4c680f,(이동)알마겔현탁액 | 알마겔현탁액(유한양행)-15ml/포(원내약),ALUMINUM_HYDROXIDE_MINERAL | MAGNESIUM_HYDROXIDE_MINERAL,2,18
NAME::ITEM_31a907e5c3dab91715fc,디로낙주2밀리리터(디클로페낙β디메틸아미노에탄올)_(90mg/2mL)((주)비씨월드제약)-2mL/앰플 | 디로낙주2밀리리터(디클로페낙베타디메칠아미노에탄올)((주)비씨월드제약)-2mL/앰플,ALUMINUM | DICLOFENAC | POLYPROPYLENE_PP,3,18
NAME::ITEM_54f07d57ce1bcdbe9a18,아비나파스타(태극약품공업)-1g,ALUMINUM | PHARMA_API_GENERIC | POLYPROPYLENE_PP,3,18
NAME::ITEM_849bc1cd29cfb2abb3d8,슈글렛정50밀리그램(이프라글리플로진L-프롤린)(한국아스텔라스제약(주))-1정 | 슈글렛정50밀리그램(이프라글리플로진L프롤린)_(64.3mg/1정)(한국아스텔라스제약(주))-1정,ALUMINUM | PHARMA_API_GENERIC | POLYPROPYLENE_PP,3,18
NAME::ITEM_7116249527af139979d5,라코르정120/12.5밀리그램(동화약품(주))-1정 | 라코르정120/12.5밀리그램_(1정)(동화약품(주))-1정,ALUMINUM | PHARMA_API_GENERIC | POLYPROPYLENE_PP,3,18
NAME::ITEM_63c2c5a0c7a46d187fb9,미보연고 40g | 미보연고(한도상사)-40g | 미보연고5mg(동화약품)-40g,PARAFFIN_PETROLEUM | PHARMA_API_GENERIC,2,18
NAME::ITEM_95e3b38351c8042e4108,트윈액트정40/5밀리그램((주)다산메디켐)-1정 | 트윈액트정40/5밀리그램_(1정)((주)다산제약)-1정,ALUMINUM | PHARMA_API_GENERIC | POLYPROPYLENE_PP,3,18
NAME::ITEM_9871d24272c0c97e8e6c,"아모잘탄플러스정 5/50/12.5밀리그램_(1정)(한미약품(주))-1정 | 아모잘탄플러스정5/50/12.5밀리그램(암로디핀,로사르탄,클로르탈리돈)_(1정)(한미약품(주))-1정",AMLODIPINE | LOSARTAN_AMLODIPINE,2,18
NAME::ITEM_5c28323b6f061de744f1,테잘바이정80/5밀리그램_(1정)((주)휴온스)-1정,ALUMINUM | PHARMA_API_GENERIC | POLYPROPYLENE_PP,3,18
NAME::ITEM_20b5afecdffeefff47da,트윈액트정40/5밀리그램((주)다산메디켐)-1정 | 트윈액트정40/5밀리그램_(1정)((주)다산제약)-1정,ALUMINUM | PHARMA_API_GENERIC | POLYPROPYLENE_PP,3,18
NAME::ITEM_ed1c706dc71f64396e9e,바로콕스캡슐200밀리그램(세레콕시브)(신풍제약(주))-1캡슐,ALUMINUM | CELECOXIB | POLYPROPYLENE_PP,3,18
NAME::ITEM_9b5f23be10bc1b48d725,텔핀스타정80/5밀리그램_(1정)(현대약품(주))-1정,ALUMINUM | PHARMA_API_GENERIC | POLYPROPYLENE_PP,3,18
NAME::ITEM_982357cc3984afa2f4c5,카르디날정25mg(카르베딜롤),ALUMINUM | PHARMA_API_GENERIC | POLYPROPYLENE_PP,3,18
NAME::ITEM_9839f6b73021b2cfeac0,(이동)알마겔현탁액 | 알마겔현탁액(유한양행)-15ml/포(원내약),ALUMINUM_HYDROXIDE_MINERAL | MAGNESIUM_HYDROXIDE_MINERAL,2,18
NAME::ITEM_2a90fe1e7a9f70985ef9,유콕스캡슐200밀리그램(세레콕시브)((주)유한양행)-1캡슐,ALUMINUM | CELECOXIB | POLYPROPYLENE_PP,3,18
NAME::ITEM_91319c47dcc9d0867fe9,판스틴정(신일제약)-정/병,ALUMINUM | PHARMA_API_GENERIC | POLYPROPYLENE_PP,3,18
NAME::ITEM_f8e7861589d8f05e1650,미보연고 40g | 미보연고(한도상사)-40g | 미보연고5mg(동화약품)-40g,PARAFFIN_PETROLEUM | PHARMA_API_GENERIC,2,18
NAME::ITEM_2a885b02ea06a5320c7e,중외엔에스주사액(염화나트륨)(제이더블유생명과학(주))-100mL/백 | 중외엔에스주사액-100mL/백,GLUCOSE_CORNSTARCH | SODIUM_CHLORIDE,2,18
NAME::ITEM_bca7294fbd3b8d830b4f,A형간염 0.5ml(대인) | A형간염 1ml | A형간염 1ml (대인),MATERIAL_UNSPECIFIED | PHARMA_API_GENERIC,2,17
NAME::ITEM_cbcb6d0721a8ce81e3fb,스키나제정((스트렙토키나제?스트렙토도르나제)(영진약품공업(주))-1정 | 스키나제정(스트렙토키나제·스트렙토도르나제)_(12.5KI.U/1정)(영진약품(주))-1정,ALUMINUM | PHARMA_API_GENERIC | POLYPROPYLENE_PP | STREPTOKINASE_STREPTODORNASE,4,17
NAME::ITEM_e01751b967176be3e38d,비오플250산(사카로마이세스보울라디균)(건일제약(주))-1포 | 비오플250산(사카로마이세스보울라르디균)_(0.2825g/0.765g)(건일제약(주))-1포 | 비오플250산[※만6세이상 처방 시 보험100%적용](건일제약(주))-1포,MATERIAL_UNSPECIFIED | SACCHAROMYCES_BOULARDII,2,17
NAME::ITEM_ea0a54549a940c98b50f,비오플250산(사카로마이세스보울라디균)(건일제약(주))-1포 | 비오플250산(사카로마이세스보울라르디균)_(0.2825g/0.765g)(건일제약(주))-1포 | 비오플250산[※만6세이상 처방 시 보험100%적용](건일제약(주))-1포,MATERIAL_UNSPECIFIED | SACCHAROMYCES_BOULARDII,2,17
NAME::ITEM_2bb37225a8c13709e642,비오플250산(사카로마이세스보울라디균)(건일제약(주))-1포 | 비오플250산(사카로마이세스보울라르디균)_(0.2825g/0.765g)(건일제약(주))-1포 | 비오플250산[※만6세이상 처방 시 보험100%적용](건일제약(주))-1포,MATERIAL_UNSPECIFIED | SACCHAROMYCES_BOULARDII,2,17
NAME::ITEM_40d3a372ad9de8845a2d,스키나제정((스트렙토키나제?스트렙토도르나제)(영진약품공업(주))-1정 | 스키나제정(스트렙토키나제·스트렙토도르나제)_(12.5KI.U/1정)(영진약품(주))-1정,ALUMINUM | PHARMA_API_GENERIC | POLYPROPYLENE_PP | STREPTOKINASE_STREPTODORNASE,4,17
NAME::ITEM_6e9b91bfe32bfefdc2f8,신신에어스프레이 | 신신에어파스(캔),ALUMINUM | PARAFFIN_PETROLEUM | PHARMA_API_GENERIC | POLYPROPYLENE_PP,4,17
NAME::ITEM_3422c6494b446bf690d7,아토르바정20mg(유한양행)-1정 | 아토르바정20밀리그램(아토르바스타틴칼슘삼수화물)_(21.7mg/1정)((주)유한양행)-1정,ALUMINUM | ATORVASTATIN | PHARMA_API_GENERIC | POLYPROPYLENE_PP,4,17
NAME::ITEM_0b1dd210af021e9d91d1,신신에어스프레이 | 신신에어파스(캔),ALUMINUM | PARAFFIN_PETROLEUM | PHARMA_API_GENERIC | POLYPROPYLENE_PP,4,17
NAME::ITEM_39bfdab96ad097765785,"휴물린알주(1000unit/10mL)(한국릴리(유))-10mL/병 | 휴물린알주100단위(휴먼인슐린,유전자재조합)_(1000unit/10mL)(한국릴리(유))-10mL/병 | 휴물린알주100단위(휴먼인슐린유전자재조합)(한국릴리(유))-10mL/병",INSULIN_HUMAN | PHARMA_API_GENERIC,2,16
NAME::ITEM_cca47db8fc232e18f20a,알마겔현탄액,ALUMINUM_HYDROXIDE_MINERAL | MAGNESIUM_HYDROXIDE_MINERAL,2,16
NAME::ITEM_57ed62e1af3a2b0543ba,"데마코트크림(수출명:POSEN)_(0.32g,5g,0.5g/500g)(대화제약(주))-500g/병 | 데마코트크림(수출명:POSEN)_(500g)(대화제약(주))-500g/병",PARAFFIN_PETROLEUM | PHARMA_API_GENERIC,2,16
NAME::ITEM_1649eb7025a84c1d4ea5,인플루엔자 (0.5ml)-어린이 | 인플루엔자 0.5ml | 인플루엔자 유료 (0.5ml),BIOLOGICS_CELL_CULTURE | LIPID_NANOPARTICLE,2,16
NAME::ITEM_0bb98ec0944599238578,중외10%포도당주사액 500밀리리터(제이더블유중외제약(주))-500mL/백,GLUCOSE_CORNSTARCH | SODIUM_CHLORIDE,2,16
NAME::ITEM_18fd9b596cf0610dcf01,하트만덱스액(제이더블유중외제약(주))-500mL/백,GLUCOSE_CORNSTARCH | SODIUM_CHLORIDE,2,16
NAME::ITEM_4797a13d05b3b86dfd91,휴메딕스트라마돌염산염주((주)휴메딕스)-1mL/앰플,ACRYLIC_ADHESIVE | NONWOVEN_FABRIC_SPUNBOND,2,16
NAME::ITEM_c4963c21f28bd8418487,플루나졸캡슐(플루코나졸)((주)한국코러스제약)-1캡슐,FLUCONAZOLE | PARAFFIN_PETROLEUM,2,16
NAME::ITEM_591cc36beb1f236d9166,디스토시드정(신풍제약)-1정,COTTON_FIBER | POLYESTER_FIBER,2,16
NAME::ITEM_47006f0d48008fe2aa8f,"휴물린알주(1000unit/10mL)(한국릴리(유))-10mL/병 | 휴물린알주100단위(휴먼인슐린,유전자재조합)_(1000unit/10mL)(한국릴리(유))-10mL/병 | 휴물린알주100단위(휴먼인슐린유전자재조합)(한국릴리(유))-10mL/병",INSULIN_HUMAN | PHARMA_API_GENERIC,2,16
NAME::ITEM_1cb30526ce8711ae1284,"휴물린알주(1000unit/10mL)(한국릴리(유))-10mL/병 | 휴물린알주100단위(휴먼인슐린,유전자재조합)_(1000unit/10mL)(한국릴리(유))-10mL/병 | 휴물린알주100단위(휴먼인슐린유전자재조합)(한국릴리(유))-10mL/병",INSULIN_HUMAN | PHARMA_API_GENERIC,2,16
NAME::ITEM_c094f563764b98817a7b,인플루엔자 (0.5ml)-어린이 | 인플루엔자 0.5ml | 인플루엔자 유료 (0.5ml),BIOLOGICS_CELL_CULTURE | LIPID_NANOPARTICLE,2,16
NAME::ITEM_4a679f254154dc7d95f7,하트만용액(수출명:LactatedRingersInjection)(제이더블유중외제약(주))-1000mL/백 | 하트만용액_(1000mL/백)(제이더블유중외제약(주))-1000mL/백,GLUCOSE_CORNSTARCH | SODIUM_CHLORIDE,2,16
NAME::ITEM_bc942eb4896bb0c6df6b,인플루엔자 (0.5ml)-어린이 | 인플루엔자 0.5ml | 인플루엔자 유료 (0.5ml),BIOLOGICS_CELL_CULTURE | LIPID_NANOPARTICLE,2,16
NAME::ITEM_49beaa6810c9d4a553b2,대한5%포도당가생리식염액 1000밀리리터(대한약품공업(주))-1000mL/백,GLUCOSE_CORNSTARCH | SODIUM_CHLORIDE,2,16
NAME::ITEM_b7eb3abca70c032955f4,인플루엔자 (0.5ml)-어린이 | 인플루엔자 0.5ml | 인플루엔자 유료 (0.5ml),BIOLOGICS_CELL_CULTURE | LIPID_NANOPARTICLE,2,16
NAME::ITEM_4f2c3e3cd383cc4ab135,라미실크림1%(염산테르비나핀)_(0.15g/15g)(한국노바티스(주))-15g/개,PARAFFIN_PETROLEUM | TERBINAFINE,2,16
NAME::ITEM_9ad8a41881885814721d,일본뇌염,BIOLOGICS_CELL_CULTURE | LIPID_NANOPARTICLE,2,16
NAME::ITEM_9a2c115c3150ea0455c5,무조날정(테르비나핀염산염)(한미약품(주))-1정 | 무조날정125밀리그램(테르비나핀염산염)_(0.140625g/1정)(한미약품(주))-1정,PARAFFIN_PETROLEUM | TERBINAFINE,2,16
NAME::ITEM_b08cf07a8bceb56ef79c,프레드나로션0.25%(프레드니카르베이트)_(50mg/20g)(주식회사제뉴원사이언스)-20g/개 | 프레드나로션0.25%(프레드니카르베이트)_(50mg/20g)(한국콜마(주))-20g/개,PARAFFIN_PETROLEUM | PREDNICARBATE,2,16
NAME::ITEM_a43b82eaca4a7837ea57,라미나지액(알긴산나트륨)(군납명:알긴산나트륨액)_(1g/20mL)(혼합과일향)((주)태준제약)-20mL/포,GLUCOSE_CORNSTARCH | SODIUM_CHLORIDE,2,16
NAME::ITEM_5b9676adfc1e58315921,로마졸크림(클로트리마졸))(수출명:Coraliteclotrimazoleantifungalcream1%)_(0.3g/30g)((주)씨엠지제약)-30g/개,CLOTRIMAZOLE | PARAFFIN_PETROLEUM,2,16
NAME::ITEM_22af3c8412c626ad473e,팍스로비드(30정)(한국화이자제약(주))-30정/팩 | 팍스로비드(한국화이자제약),ALUMINUM | MATERIAL_UNSPECIFIED | PHARMA_API_GENERIC | POLYPROPYLENE_PP,4,16
NAME::ITEM_a06b69d2266c2d1beabb,다나큐아크림(50g)(광동제약(주))-50g/개,PARAFFIN_PETROLEUM | PHARMA_API_GENERIC,2,16
NAME::ITEM_f76a0cfb54a839a7177f,하트만용액(수출명:LactatedRingersInjection)(제이더블유중외제약(주))-1000mL/백 | 하트만용액_(1000mL/백)(제이더블유중외제약(주))-1000mL/백,GLUCOSE_CORNSTARCH | SODIUM_CHLORIDE,2,16
NAME::ITEM_827dcb8e2ed6856b67ec,이노엔5%포도당주사액_(25g/500mL)(에이치케이이노엔(주)) - 5%DW 500mL/백 | 이노엔5%포도당주사액_(25g/500mL)(에이치케이이노엔(주))-500mL/백,GLUCOSE_CORNSTARCH | SODIUM_CHLORIDE,2,16
NAME::ITEM_71803e2155f355ecd834,메코나졸캡슐(플루코나졸)_(50mg/1캡슐)((주)시어스제약)-1캡슐,FLUCONAZOLE | PARAFFIN_PETROLEUM,2,16
NAME::ITEM_3ce11ae563027c470b57,"데마코트크림(수출명:POSEN)_(0.32g,5g,0.5g/500g)(대화제약(주))-500g/병 | 데마코트크림(수출명:POSEN)_(500g)(대화제약(주))-500g/병",PARAFFIN_PETROLEUM | PHARMA_API_GENERIC,2,16
NAME::ITEM_352138e94150aaac3cec,쎄레스톤지크림(30g)((주)유한양행)-30g/개,BETAMETHASONE_GENTAMICIN | PARAFFIN_PETROLEUM,2,16
NAME::ITEM_05cc422b12bec46aaec6,팍스로비드(30정)(한국화이자제약(주))-30정/팩 | 팍스로비드(한국화이자제약),ALUMINUM | MATERIAL_UNSPECIFIED | PHARMA_API_GENERIC | POLYPROPYLENE_PP,4,16
NAME::ITEM_311da9ebbd12279f99a6,쎄레스톤지크림(유한양행),BETAMETHASONE_GENTAMICIN | PARAFFIN_PETROLEUM,2,16
NAME::ITEM_2b584489b24fb5b2256b,삐콤 | 삐콤씨정 | 삐콤정,VITAMIN_B_COMPLEX | VITAMIN_B_COMPLEX_C,2,16
NAME::ITEM_1c41196f43632f08981e,이노엔5%포도당주사액_(25g/500mL)(에이치케이이노엔(주)) - 5%DW 500mL/백 | 이노엔5%포도당주사액_(25g/500mL)(에이치케이이노엔(주))-500mL/백,GLUCOSE_CORNSTARCH | SODIUM_CHLORIDE,2,16
NAME::ITEM_2ef353118bf1c2aa13b6,무조날정(테르비나핀염산염)(한미약품(주))-1정 | 무조날정125밀리그램(테르비나핀염산염)_(0.140625g/1정)(한미약품(주))-1정,PARAFFIN_PETROLEUM | TERBINAFINE,2,16
NAME::ITEM_20b0d65ca99bf2561c8d,캐롤에프정(이부프로펜아르기닌368.9mg일동제약)-1정 | 캐롤에프정(일동제약)-1정,ALUMINUM | IBUPROFEN | PHARMA_API_GENERIC | POLYPROPYLENE_PP,4,15
NAME::ITEM_1f9033c39c6692be9266,스타펜캡슐_(1캡슐)(한림제약(주))-1캡슐,ALUMINUM | PHARMA_API_GENERIC | POLYPROPYLENE_PP,3,15
NAME::ITEM_b3c245b74b2961f1415a,트윈온정80/5밀리그램_(1정)(한국코러스(주))-1정,ALUMINUM | PHARMA_API_GENERIC | POLYPROPYLENE_PP,3,15
NAME::ITEM_b8a0d858c6caf8492a8b,유테네엠서방정10/500밀리그램_(1정)((주)유영제약)-1정,ALUMINUM | PHARMA_API_GENERIC | POLYPROPYLENE_PP,3,15
NAME::ITEM_1c974d39f0f10482b2e9,"레일라정_(당귀·목과·방풍·속단·오가피·우슬·위령선·육계·진교·천궁·천마, 0.4054g/1정)((주)한국피엠지제약)-1정",ALUMINUM | PHARMA_API_GENERIC | POLYPROPYLENE_PP,3,15
NAME::ITEM_bec4db37a3f065ac4ae5,다파프로메트서방정10/1000밀리그램_(1정)(동아에스티(주))-1정,ALUMINUM | PHARMA_API_GENERIC | POLYPROPYLENE_PP,3,15
NAME::ITEM_b542e077c3d3ef031ed1,콕시브캡슐200밀리그램(세레콕시브)(한미약품(주))-1캡슐,ALUMINUM | CELECOXIB | POLYPROPYLENE_PP,3,15
NAME::ITEM_bf3146b48c20c7d33cf3,페바로에프캡슐_(1캡슐)(안국약품(주))-1캡슐,ALUMINUM | PHARMA_API_GENERIC | POLYPROPYLENE_PP,3,15
NAME::ITEM_16fdd02e647cf97ba243,엠티정(1정)(명문제약(주))-1정,ALUMINUM | PHARMA_API_GENERIC | POLYPROPYLENE_PP,3,15
NAME::ITEM_c99ef010481a3f810dd1,인플루엔자 | 테라텍트프리필드시린지주(인플루엔자분할백신)(05mL)(일양약품(주))-0.5mL/관,BIOLOGICS_CELL_CULTURE | INFLUENZA_SPLIT_VACCINE | LIPID_NANOPARTICLE,3,15
NAME::ITEM_c70a2be52732a7b004b8,콜대원키즈콜드시럽(10mL)(대원제약(주))-10mL/포,ALUMINUM | PHARMA_API_GENERIC | POLYPROPYLENE_PP,3,15
NAME::ITEM_c7d53036116cff02b746,아트로벤트흡입액유디비(브롬화이프라트로피움일수화물)(한국베링거인겔하임(주))-2mL/병 | 아트로벤트흡입액유디비(한국베링거)-2mL/병,IPRATROPIUM | MATERIAL_UNSPECIFIED,2,15
NAME::ITEM_c41ca4cce6581490a07c,싱그릭스(일반) | 싱그릭스주(취약계층) | 싱그릭스주[대상포진바이러스백신(유전자재조합)](005mg/1세트)((주)글락소스미스클라인)-1세트,MATERIAL_UNSPECIFIED | PHARMA_API_GENERIC,2,15
NAME::ITEM_0b3ccbc0127b7af5fb74,폴원연질캡슐(광동제약),ALUMINUM | PHARMA_API_GENERIC | POLYPROPYLENE_PP,3,15
NAME::ITEM_4a183d3bb85b0a8938cc,액티비씨정 | 영양제 | 영양제(무의탁),IRON_MINERAL_COMPOUND | MEDICAL_NUTRITION_FORMULA_MIXED | VITAMIN_SYNTHETIC_RAWMATERIAL,3,15
NAME::ITEM_1640e84836c67974d9a2,레모나 락토톡 온가족 생유산균 | 마이니 유산균(일동제약) | 유산균,PROBIOTIC_BACTERIAL_CULTURE | VITAMIN_C,2,15
NAME::ITEM_ca5b027e5ab886ccc58e,듀얼엑스정5/160mg_(1정)((주)마더스제약)-1정,ALUMINUM | PHARMA_API_GENERIC | POLYPROPYLENE_PP,3,15
NAME::ITEM_cb83f8f06c987e0b07c1,"솔가 IRON""25""(15g*60캡슐) | 솔가 IRON""25""(15g*60캡슐)(한국솔가(주))",ALUMINUM | PHARMA_API_GENERIC | POLYPROPYLENE_PP,3,15
NAME::ITEM_d0257b7d19ccfe11302c,헤파토캡슐((주)넥스팜코리아)-1캡슐,ALUMINUM | PHARMA_API_GENERIC | POLYPROPYLENE_PP,3,15
NAME::ITEM_14314cffc116b2275cd2,인플라정(1정)((주)넥스팜코리아)-1정,ALUMINUM | PHARMA_API_GENERIC | POLYPROPYLENE_PP,3,15
NAME::ITEM_d6514442f1d50f8549a3,풀미칸분무용현탁액(미분화부데소니드)(건일제약(주))-2mL/병 | 풀미칸분무용현탁액(미분화부데소니드)_(0.5mg/2mL)(건일제약(주))-2mL/병 | 풀미칸분무용현탁액0.5mg/2mL(건일제약)-1병,ALUMINUM | BUDESONIDE | PHARMA_API_GENERIC | POLYPROPYLENE_PP,4,15
NAME::ITEM_e36150ba554e4d99f6a3,레모나 락토톡 온가족 생유산균 | 마이니 유산균(일동제약) | 유산균,PROBIOTIC_BACTERIAL_CULTURE | VITAMIN_C,2,15
NAME::ITEM_569d4ac2aaf2fdc6edb2,레모나 락토톡 온가족 생유산균 | 마이니 유산균(일동제약) | 유산균,PROBIOTIC_BACTERIAL_CULTURE | VITAMIN_C,2,15
NAME::ITEM_dd1cfba6c27381e24fc6,구주디클로페낙주사액(수출명:JINTES)(구주제약(주))-2mL/앰플,ALUMINUM | DICLOFENAC | POLYPROPYLENE_PP,3,15
NAME::ITEM_dfa6c09061dc98591d5c,싱그릭스(일반) | 싱그릭스주(취약계층) | 싱그릭스주[대상포진바이러스백신(유전자재조합)](005mg/1세트)((주)글락소스미스클라인)-1세트,MATERIAL_UNSPECIFIED | PHARMA_API_GENERIC,2,15
NAME::ITEM_56d4f07a020fd4d1819c,아모르탄정5/160mg((주)씨엠지제약)-1정,ALUMINUM | PHARMA_API_GENERIC | POLYPROPYLENE_PP,3,15
NAME::ITEM_12940a566567c04c8635,레모나 락토톡 온가족 생유산균 | 마이니 유산균(일동제약) | 유산균,PROBIOTIC_BACTERIAL_CULTURE | VITAMIN_C,2,15
NAME::ITEM_43194a798686bb4bf5b8,캐롤에프정(이부프로펜아르기닌368.9mg일동제약)-1정 | 캐롤에프정(일동제약)-1정,ALUMINUM | IBUPROFEN | PHARMA_API_GENERIC | POLYPROPYLENE_PP,4,15
NAME::ITEM_d450c6746da42239dc11,"솔가 IRON""25""(15g*60캡슐) | 솔가 IRON""25""(15g*60캡슐)(한국솔가(주))",ALUMINUM | PHARMA_API_GENERIC | POLYPROPYLENE_PP,3,15
NAME::ITEM_d3fcb462c2d3211e6133,유테네엠서방정20/1000밀리그램_(1정)((주)유영제약)-1정,ALUMINUM | PHARMA_API_GENERIC | POLYPROPYLENE_PP,3,15
NAME::ITEM_c41d0ae5c991cecbe349,쎄콕스캡슐200밀리그램(세레콕시브)_(0.2g/1캡슐)((주)화이트생명과학)-1캡슐,ALUMINUM | CELECOXIB | POLYPROPYLENE_PP,3,15
NAME::ITEM_8b3c358b40e744a3f88f,테넬리아엠서방정20/1000밀리그램((주)한독)-1정,ALUMINUM | PHARMA_API_GENERIC | POLYPROPYLENE_PP,3,15
NAME::ITEM_3fa0fae50124172fb6d9,마그바이타민연질캡슐(1캡슐)(태극제약(주))-1캡슐 | 마그바이타민연질캡슐(태극제약)-1캡슐,ALUMINUM | PHARMA_API_GENERIC | POLYPROPYLENE_PP,3,15
NAME::ITEM_8e7f6f6f9bb97592406c,뉴젠포지정10/160밀리그램((주)뉴젠팜)-1정 | 뉴젠포지정10/160밀리그램_(1정)((주)뉴젠팜)-1정,ALUMINUM | PHARMA_API_GENERIC | POLYPROPYLENE_PP,3,15
NAME::ITEM_9183623c5ea29e9b847c,아토에젯정10/10밀리그램_(1정)(한국프라임제약(주))-1정,ALUMINUM | PHARMA_API_GENERIC | POLYPROPYLENE_PP,3,15
NAME::ITEM_ef76274419087858871f,케토파인겔(케토프로펜)_(0.9g/30g)(태극제약(주))-30g/개,ALUMINUM | KETOPROFEN | POLYPROPYLENE_PP,3,15
NAME::ITEM_a35f63238da55b971c1e,유니브렉스캡슐(세레콕시브)(한국유니온제약(주))-1캡슐,ALUMINUM | CELECOXIB | POLYPROPYLENE_PP,3,15
NAME::ITEM_9e8f4e3dd106038f7806,자니칼정(리세드론산나트륨2.5수화물)(삼남제약(주))-1정,ALUMINUM | PHARMA_API_GENERIC | POLYPROPYLENE_PP,3,15
NAME::ITEM_9b9a1eed081f5f6b36ca,싱그릭스(일반) | 싱그릭스주(취약계층) | 싱그릭스주[대상포진바이러스백신(유전자재조합)](005mg/1세트)((주)글락소스미스클라인)-1세트,MATERIAL_UNSPECIFIED | PHARMA_API_GENERIC,2,15
NAME::ITEM_afb1159ac03c9cb42986,아트라쿨정((주)한국파비스제약)-1정,ALUMINUM | PHARMA_API_GENERIC | POLYPROPYLENE_PP,3,15
NAME::ITEM_ae41c2724b10678d49b1,노레보원정1.5mg(현대약품)-1정,ALUMINUM | PHARMA_API_GENERIC | POLYPROPYLENE_PP,3,15
NAME::ITEM_ae61c6dbbd043b9a1629,트레스탄캅셀(삼진제약)-1캅셀,ALUMINUM | PHARMA_API_GENERIC | POLYPROPYLENE_PP,3,15
NAME::ITEM_aee592ead3367fa5cbd3,레모나 락토톡 온가족 생유산균 | 마이니 유산균(일동제약) | 유산균,PROBIOTIC_BACTERIAL_CULTURE | VITAMIN_C,2,15
NAME::ITEM_9fd865f6503eef8d9eac,풀미칸분무용현탁액(미분화부데소니드)(건일제약(주))-2mL/병 | 풀미칸분무용현탁액(미분화부데소니드)_(0.5mg/2mL)(건일제약(주))-2mL/병 | 풀미칸분무용현탁액0.5mg/2mL(건일제약)-1병,ALUMINUM | BUDESONIDE | PHARMA_API_GENERIC | POLYPROPYLENE_PP,4,15
NAME::ITEM_8090e27f9379e642644a,경보아스피린장용정-1정,ALUMINUM | ASPIRIN | POLYPROPYLENE_PP,3,15
NAME::ITEM_805886ef5eb7459aaaaa,레모나 락토톡 온가족 생유산균 | 마이니 유산균(일동제약) | 유산균,PROBIOTIC_BACTERIAL_CULTURE | VITAMIN_C,2,15
NAME::ITEM_84b8267c2b7e5fce614d,맥코이정(1정)(오스틴제약(주))-1정,ALUMINUM | PHARMA_API_GENERIC | POLYPROPYLENE_PP,3,15
NAME::ITEM_7727d6b7f3d9399eb056,바이제타정10/10_(1정)((주)이든파마)-1정,ALUMINUM | PHARMA_API_GENERIC | POLYPROPYLENE_PP,3,15
NAME::ITEM_782cbf4b69c773940514,펜클리어정_(1정)((주)팜젠사이언스)-1정,ALUMINUM | PHARMA_API_GENERIC | POLYPROPYLENE_PP,3,15
NAME::ITEM_77719e9474c2691858ce,시푸로겔3%(케토프로펜)_(0.6g/20g)(삼진제약(주))-20g/개,ALUMINUM | KETOPROFEN | POLYPROPYLENE_PP,3,15
NAME::ITEM_7cf0de3c37c117d6b3ad,삼성아스피린장용정100밀리그램_(0.1g/1정)(삼성제약(주))-1정,ALUMINUM | ASPIRIN | POLYPROPYLENE_PP,3,15
NAME::ITEM_52ccb72de75b9881e1f1,현대아세클로페낙정(현대약품(주))-1정,ALUMINUM | PHARMA_API_GENERIC | POLYPROPYLENE_PP,3,15
NAME::ITEM_52cfce055a94359fef72,풀미칸분무용현탁액(미분화부데소니드)(건일제약(주))-2mL/병 | 풀미칸분무용현탁액(미분화부데소니드)_(0.5mg/2mL)(건일제약(주))-2mL/병 | 풀미칸분무용현탁액0.5mg/2mL(건일제약)-1병,ALUMINUM | BUDESONIDE | PHARMA_API_GENERIC | POLYPROPYLENE_PP,4,15
NAME::ITEM_43bb882e04e17849fd0d,레바캄정10/80밀리그램((주)엘지생명과학)-1정,ALUMINUM | PHARMA_API_GENERIC | POLYPROPYLENE_PP,3,15
NAME::ITEM_7b8686ca5e78efe00f8c,코포나시럽에스((주)제뉴원사이언스)-20mL,ALUMINUM | PHARMA_API_GENERIC | POLYPROPYLENE_PP,3,15
NAME::ITEM_6d0de210e8b9b72ada65,유트렌정(일양바이오팜(주))-1정,ALUMINUM | PHARMA_API_GENERIC | POLYPROPYLENE_PP,3,15
NAME::ITEM_3aedd97dbf289b01dcb7,뉴젠포지정10/160밀리그램((주)뉴젠팜)-1정 | 뉴젠포지정10/160밀리그램_(1정)((주)뉴젠팜)-1정,ALUMINUM | PHARMA_API_GENERIC | POLYPROPYLENE_PP,3,15
NAME::ITEM_75434cf1fb62d3931eb0,아트로벤트흡입액유디비(브롬화이프라트로피움일수화물)(한국베링거인겔하임(주))-2mL/병 | 아트로벤트흡입액유디비(한국베링거)-2mL/병,IPRATROPIUM | MATERIAL_UNSPECIFIED,2,15
NAME::ITEM_383471f487fc325bb783,아토엠정10/10밀리그램_(1정)(에이치엘비제약(주))-1정,ALUMINUM | PHARMA_API_GENERIC | POLYPROPYLENE_PP,3,15
NAME::ITEM_6b5ca6dbcca839718902,안티푸라민에스로션(100mL)((주)유한양행)-100mL/병,ALUMINUM | METHYL_SALICYLATE | POLYPROPYLENE_PP,3,15
NAME::ITEM_01838f5caf1a2159ef51,파라마셋이알세미서방정_(1정)(동아에스티(주))-1정,ALUMINUM | POLYPROPYLENE_PP | TRAMADOL_ACETAMINOPHEN,3,15
NAME::ITEM_006179e456d822ff19ec,엄마손시럽(100mL)(삼일제약(주))-100mL/병,ALUMINUM | PHARMA_API_GENERIC | POLYPROPYLENE_PP,3,15
NAME::ITEM_fcb1c014232a49863f4e,"레일라정_(당귀·목과·방풍·속단·오가피·우슬·위령선·육계·진교·천궁·천마, 0.4054g/1정)((주)한국피엠지제약)-1정",ALUMINUM | PHARMA_API_GENERIC | POLYPROPYLENE_PP,3,15
NAME::ITEM_0f79bcd7c93f7772c77b,(이동)우리들아시클로버 연고 | (이동)우리들아시클로버 연고/acyclovir/5g/우리들제약 | 우리들아시클로버 연고/acyclovir/5g/우리들제약,ACYCLOVIR | PARAFFIN_PETROLEUM,2,14
NAME::ITEM_47c2c49926c3a2fb36f8,(이동)우리들아시클로버 연고 | (이동)우리들아시클로버 연고/acyclovir/5g/우리들제약 | 우리들아시클로버 연고/acyclovir/5g/우리들제약,ACYCLOVIR | PARAFFIN_PETROLEUM,2,14
NAME::ITEM_f701b58bf28733a0703f,"레이스타정(당귀,목과,방풍등)(알리코제약) | 레이스타정_(당귀·목과·방풍·속단·오가피·우슬·위령선·육계·진교·천궁·천마·홍화25%에탄올연조엑스(3.5→1), 0.4054g/1정)(알리코제약(주))-1정",HANBANG_HERBAL_DECOCTION | HERBAL_MATERIAL_MULTISOURCE,2,14
NAME::ITEM_bbd8927016449ac0e95e,일본뇌염 1ml,BIOLOGICS_CELL_CULTURE | LIPID_NANOPARTICLE,2,14
NAME::ITEM_bc592ec274a2ef080530,코니솔론정4밀리그램(메틸프레드니솔론)(코오롱제약(주))-1정 | 코니솔론정4밀리그램(메틸프레드니솔론)_(4mg/1정)(코오롱제약(주))-1정,METHYLPREDNISOLONE | PARAFFIN_PETROLEUM,2,14
NAME::ITEM_cac5f5a6dae70933224e,영아 유산균 (12개월미만) | 영유아영양제 | 영유아정장제,PROBIOTIC_BACTERIAL_CULTURE | VITAMIN_SYNTHETIC_RAWMATERIAL,2,14
NAME::ITEM_6a0398ae61da21fc7608,에스와이무피로신나잘연고(무피로신칼슘)(01075g/5g)(주식회사제뉴원사이언스)-5g/개,MUPIROCIN | PARAFFIN_PETROLEUM,2,14
NAME::ITEM_394d2923cb5350bc185b,코니솔론정4밀리그램(메틸프레드니솔론)(코오롱제약(주))-1정 | 코니솔론정4밀리그램(메틸프레드니솔론)_(4mg/1정)(코오롱제약(주))-1정,METHYLPREDNISOLONE | PARAFFIN_PETROLEUM,2,14
NAME::ITEM_374c35d32a154c332d13,판코타제정(JS제약)-1정,MICROBIAL_FUNGAL_ENZYME | PANCREATIN_ANIMAL_ENZYME,2,14
NAME::ITEM_44946897dfa5d69c3c98,모스쿨액(경남제약(주)),INSECT_BITE_TOPICAL_UNCONFIRMED | PARAFFIN_PETROLEUM,2,14
NAME::ITEM_795ceaa568db558a3f12,한방파스-6매/팩 | 한방파프탑(일체형)(제일약품)-6매/팩,ALUMINUM | HERBAL_MATERIAL_MULTISOURCE | PHARMA_API_GENERIC | POLYPROPYLENE_PP,4,14
NAME::ITEM_09792fd28258aebe9458,대한멸균생리식염수200밀리리터(생리식염주사액)(대한약품공업(주))-200mL/병,GLUCOSE_CORNSTARCH | SODIUM_CHLORIDE,2,14
NAME::ITEM_9263c6f574d9e8acecf8,데르민크림(프레드니카르베이트)_(75mg/30g)(대우제약(주))-30g/개,PARAFFIN_PETROLEUM | PREDNICARBATE,2,14
NAME::ITEM_28890c1173cf0af1332c,프레디솔125밀리그램주사(메틸프레드니솔론숙시네이트나트륨)_(0.1657g/1병)(이연제약(주))-1병,METHYLPREDNISOLONE | PARAFFIN_PETROLEUM,2,14
NAME::ITEM_2d12978c44b35a68e201,대한포도당주사액(5%) 200밀리리터(대한약품공업(주))-200mL/병,GLUCOSE_CORNSTARCH | SODIUM_CHLORIDE,2,14
NAME::ITEM_269b0d0ab93878e38add,(이동)우리들아시클로버 연고 | (이동)우리들아시클로버 연고/acyclovir/5g/우리들제약 | 우리들아시클로버 연고/acyclovir/5g/우리들제약,ACYCLOVIR | PARAFFIN_PETROLEUM,2,14
NAME::ITEM_2883b896004a2ca51918,메노바크림(아시클로버)_(0.25g/5g)(동광제약(주))-5g/개,ACYCLOVIR | PARAFFIN_PETROLEUM,2,14
NAME::ITEM_24c7f9b85be5a9dcc889,"하이졸크림_(0.2g,0.2g/20g)((주)마더스제약)-20g/개",PARAFFIN_PETROLEUM | PHARMA_API_GENERIC,2,14
NAME::ITEM_4135a236ea5caf363c03,한방파스-6매/팩 | 한방파프탑(일체형)(제일약품)-6매/팩,ALUMINUM | HERBAL_MATERIAL_MULTISOURCE | PHARMA_API_GENERIC | POLYPROPYLENE_PP,4,14
NAME::ITEM_7146fe0f1ce6b20052a7,알긴엔액(알긴산나트륨)_(1g/20mL)((주)종근당)-20mL/포,GLUCOSE_CORNSTARCH | SODIUM_CHLORIDE,2,14
NAME::ITEM_71e1dc455cc5d0407983,일양바이오알마게이트정500밀리그램(일양바이오팜(주))-1정,ALUMINUM_HYDROXIDE_MINERAL | MAGNESIUM_HYDROXIDE_MINERAL,2,14
NAME::ITEM_39fca064c66d2ea740d0,"레이스타정(당귀,목과,방풍등)(알리코제약) | 레이스타정_(당귀·목과·방풍·속단·오가피·우슬·위령선·육계·진교·천궁·천마·홍화25%에탄올연조엑스(3.5→1), 0.4054g/1정)(알리코제약(주))-1정",HANBANG_HERBAL_DECOCTION | HERBAL_MATERIAL_MULTISOURCE,2,14
NAME::ITEM_2288aad740b2898827d2,중외5%포도당주사액 1000밀리리터(제이더블유중외제약(주))-1000mL/백,GLUCOSE_CORNSTARCH | SODIUM_CHLORIDE,2,14
NAME::ITEM_b3c78f32977d55d862f2,제일알맥스현탁액(알마게이트)(제일약품(주))-15mL/포,ALUMINUM_HYDROXIDE_MINERAL | MAGNESIUM_HYDROXIDE_MINERAL,2,14
NAME::ITEM_b442f8d38ca38ec8dde2,클로빈크림(아시클로버)_(0.25g/5g)(콜마파마(주))-5g/개,ACYCLOVIR | PARAFFIN_PETROLEUM,2,14
NAME::ITEM_ed042c60304c26b59f8a,중외관류용멸균증류수 1000밀리리터(제이더블유중외제약(주))-1000mL/병,GLUCOSE_CORNSTARCH | SODIUM_CHLORIDE,2,14
NAME::ITEM_1e2d959a94152db4b949,"슈바젯정10/5밀리그램(에제티미브, 로수바스타틴)_(1정)(안국약품(주))-1정 | 슈바젯정10/5밀리그램_(1정)(안국약품(주))-1정",ALUMINUM | EZETIMIBE_ROSUVASTATIN | PHARMA_API_GENERIC | POLYPROPYLENE_PP,4,13
NAME::ITEM_98981a7dc1e7aeed0650,간영양제 | 에너리버연질캡슐 350mg(유한양행),ALUMINUM | PHARMA_API_GENERIC | POLYPROPYLENE_PP | VITAMIN_SYNTHETIC_RAWMATERIAL,4,13
NAME::ITEM_68a5d0c6770f14d0535b,"슈바젯정10/5밀리그램(에제티미브, 로수바스타틴)_(1정)(안국약품(주))-1정 | 슈바젯정10/5밀리그램_(1정)(안국약품(주))-1정",ALUMINUM | EZETIMIBE_ROSUVASTATIN | PHARMA_API_GENERIC | POLYPROPYLENE_PP,4,13
NAME::ITEM_9d0e2432b23937f0a3cf,장티푸스 | 장티푸스(VI주사)유료,MATERIAL_UNSPECIFIED | PHARMA_API_GENERIC,2,13
NAME::ITEM_232d5ffd5a2375818e12,간영양제 | 에너리버연질캡슐 350mg(유한양행),ALUMINUM | PHARMA_API_GENERIC | POLYPROPYLENE_PP | VITAMIN_SYNTHETIC_RAWMATERIAL,4,13
NAME::ITEM_4aa4cb86d8fde9c5dfde,316/바로코민정/아스코르브산과립97%/61.86mgemd/신풍제약 | 바로코민정(신풍제약)-1정 | 재가암영양제,ASCORBIC_ACID | VITAMIN_B_COMPLEX | VITAMIN_SYNTHETIC_RAWMATERIAL,3,13
NAME::ITEM_b83c98105a6b66b40e56,실로린정_(1정)((주)이든파마)-1정,ALUMINUM | PHARMA_API_GENERIC | POLYPROPYLENE_PP,3,12
NAME::ITEM_1e079f2113e0351362b5,비카페롤플러스정_(1정)(동국제약(주))-1정,ALUMINUM | PHARMA_API_GENERIC | POLYPROPYLENE_PP,3,12
NAME::ITEM_6cd246eedb27c923824a,신신파스(신신제약) | 에어신신파스(신신제약),ALUMINUM | PHARMA_API_GENERIC | POLYPROPYLENE_PP,3,12
NAME::ITEM_c9203d761f92343c0404,이부서스펜시럽(이부프로펜)(수출명:유프로)_(20g/1000mL)(한미약품(주))-1000(1)mL/병 | 이부서스펜시럽(이부프로펜)_(20g/1000mL)(한미약품(주))-1000(1)mL/병,ALUMINUM | IBUPROFEN | POLYPROPYLENE_PP,3,12
NAME::ITEM_18006a59f4f3589b3c8d,무디스크림1% 20g | 무디스크림1%(염산테르비나핀)_(0.2g/20g)(알리코제약(주))-20g/개 | 무디스크림1%(테르비나핀염산염)_(0.2g/20g)(알리코제약(주))-20g/개,PARAFFIN_PETROLEUM | PHARMA_API_GENERIC | TERBINAFINE,3,12
NAME::ITEM_1eb4264d03e82e598659,미노브이주2mL(디클로페낙β-디메틸아미노에탄올)(이연제약(주))-2mL/앰플 | 미노브이주2mL(디클로페낙β디메틸아미노에탄올)_(90mg/2mL)(이연제약(주))-2mL/앰플,ALUMINUM | DICLOFENAC | POLYPROPYLENE_PP,3,12
NAME::ITEM_1ea87507ed03e7098ffd,쎄콕시브캡슐200밀리그램(세레콕시브)((주)일화)-1캡슐 | 쎄콕시브캡슐200밀리그램(세레콕시브)_(0.2g/1캡슐)((주)일화)-1캡슐,ALUMINUM | CELECOXIB | POLYPROPYLENE_PP,3,12
NAME::ITEM_6bf6b05873a14c1c9231,카듀엣정5mg/10mg_(1정)(비아트리스코리아(주))-1정,ALUMINUM | PHARMA_API_GENERIC | POLYPROPYLENE_PP,3,12
NAME::ITEM_6bfa827dfd5cdd85fba1,다파시타엠서방정10/100/1000밀리그램_(1정)(대원제약(주))-1정,ALUMINUM | PHARMA_API_GENERIC | POLYPROPYLENE_PP,3,12
NAME::ITEM_6d72cad7015277dfb8e9,드롭탑정10/5밀리그램_(1정)(일동제약(주))-1정,ALUMINUM | PHARMA_API_GENERIC | POLYPROPYLENE_PP,3,12
NAME::ITEM_4ca24c36dd8e0c360aff,비카페롤정_(1정)(동국제약(주))-1정,ALUMINUM | PHARMA_API_GENERIC | POLYPROPYLENE_PP,3,12
NAME::ITEM_c25680e39808def6a327,맥스잘탄정5/50밀리그램(알보젠코리아(주))-1정,ALUMINUM | PHARMA_API_GENERIC | POLYPROPYLENE_PP,3,12
NAME::ITEM_0bbc2923e3a62c7a20e0,카네스텐크림(클로트리마졸)_(0.15g/15g)(바이엘코리아(주))-15g/개,CLOTRIMAZOLE | PARAFFIN_PETROLEUM,2,12
NAME::ITEM_197551c317203b9d86c9,"콜민-에이시럽_(0.2g,0.5g/500mL)(영진약품공업(주))-500(1)mL/병 | 콜민-에이시럽_(500mL)(영진약품(주))-500(1)mL/병 | 콜민에이시럽(영진약품)-1mL",ALUMINUM | PHARMA_API_GENERIC | POLYPROPYLENE_PP,3,12
NAME::ITEM_c4978e51d50d960adcfc,테타불린에스앤주(SK플라즈마)-1mL/관 | 테타불린에스앤주프리필드시린지(항파상풍사람면역글로불린)_(250I.U/1mL)(에스케이플라즈마(주))-1mL/관,PHARMA_API_GENERIC | TETANUS_IMMUNE_GLOBULIN,2,12
NAME::ITEM_1948667da677fa8d2374,듀얼엑스정5/80mg_(1정)((주)마더스제약)-1정,ALUMINUM | PHARMA_API_GENERIC | POLYPROPYLENE_PP,3,12
NAME::ITEM_3ca7a3614649b7885ab3,시어스피록시캄겔(025g/50g)((주)시어스제약)-50g/개,ALUMINUM | PIROXICAM | POLYPROPYLENE_PP,3,12
NAME::ITEM_c6a85d5ea41e0b9f06a1,리세네플러스정(알리코제약(주))-1정,ALUMINUM | PHARMA_API_GENERIC | POLYPROPYLENE_PP,3,12
NAME::ITEM_ba1231f98fc9d42b8900,[무상지원 국가비축]타미플루캅셀30mg(한국로슈) | 타미플루캡슐30mg(한국로슈)-100/100,ALUMINUM | PHARMA_API_GENERIC | POLYPROPYLENE_PP,3,12
NAME::ITEM_c2c5acf32a6cf0460b1d,헤모맥스정(1정)((주)마더스제약)-1정 | 헤모맥스정(1정)((주)신신제약)-1정 | 헤모맥스정(신신제약),ALUMINUM | PHARMA_API_GENERIC | POLYPROPYLENE_PP,3,12
NAME::ITEM_472237b0776b3d1ba7c8,이텍스세픽심캡슐((주)테라젠이텍스)-1캡슐 | 이텍스세픽심캡슐_(0.1g/1캡슐)((주)테라젠이텍스)-1캡슐,ALUMINUM | PHARMA_API_GENERIC | POLYPROPYLENE_PP,3,12
NAME::ITEM_faee5fdcbb61fdf22ac1,다파론정10밀리그램(다파글리플로진비스L프롤린)_(15.63mg/1정)(한미약품(주))-1정 | 다파론정10밀리그램(한미약품(주))-1정,ALUMINUM | PHARMA_API_GENERIC | POLYPROPYLENE_PP,3,12
NAME::ITEM_cae3924904a6b642b715,판피린티정(1정)(동아제약(주))-1정,ALUMINUM | PHARMA_API_GENERIC | POLYPROPYLENE_PP,3,12
NAME::ITEM_c71daa3faa7bd976f90d,뉴유스킨에이크림(50g)((주)보령)-50g/개,PARAFFIN_PETROLEUM | PHARMA_API_GENERIC,2,12
NAME::ITEM_1921b79dcb612f3503b5,바르반플러스정160/12.5mg_(1정)((주)팜젠사이언스)-1정 | 바르반플러스정160/12.5mg_(1정)(우리들제약(주))-1정,ALUMINUM | PHARMA_API_GENERIC | POLYPROPYLENE_PP,3,12
NAME::ITEM_c47ee7da4d255c8e900c,삼성피나스테리드정5밀리그램_(5mg/1정)(삼성제약(주))-1정,ALUMINUM | PHARMA_API_GENERIC | POLYPROPYLENE_PP,3,12
NAME::ITEM_4d3510362082f1ad553d,"비알코시럽_(0.2g,3mg,10mg,26.2mg/20mL)((주)보령바이오파마)-20mL/포",ALUMINUM | PHARMA_API_GENERIC | POLYPROPYLENE_PP,3,12
NAME::ITEM_ba76900a6b6ca5476439,올딥정5/20밀리그램((주)일화)-1정 | 올딥정5/20밀리그램_(1정)((주)일화)-1정,ALUMINUM | PHARMA_API_GENERIC | POLYPROPYLENE_PP,3,12
NAME::ITEM_5a6a1f433c71f3fe7130,아목살린정(한화제약(주))-1정 | 아목살린정_(1정)(한화제약(주))-1정,ALUMINUM | PHARMA_API_GENERIC | POLYPROPYLENE_PP,3,12
NAME::ITEM_428665b3018b9b734ad9,트윈맥스정40/10밀리그램 _(1정)(한국프라임제약(주))-1정,ALUMINUM | PHARMA_API_GENERIC | POLYPROPYLENE_PP,3,12
NAME::ITEM_69af67be0c128f96f3c6,다이제스트정,MICROBIAL_FUNGAL_ENZYME | PANCREATIN_ANIMAL_ENZYME,2,12
NAME::ITEM_bb0282628ae570a00709,이부서스펜시럽(이부프로펜)(수출명:유프로)_(20g/1000mL)(한미약품(주))-1000(1)mL/병 | 이부서스펜시럽(이부프로펜)_(20g/1000mL)(한미약품(주))-1000(1)mL/병,ALUMINUM | IBUPROFEN | POLYPROPYLENE_PP,3,12
NAME::ITEM_1dbb578f050f76942bf3,TB-영양제 | 피리독신염산염(B6),PYRIDOXINE_B6 | VITAMIN_SYNTHETIC_RAWMATERIAL,2,12
NAME::ITEM_c34b0161f2635d89a2ee,출산용품(기저귀),COTTON_FIBER | POLYESTER_FIBER,2,12
NAME::ITEM_24282b53054ab6ddd04e,박테로신연고(무피로신)(수출명: KM MUPIROCIN Oint)_(0.1g/5g)(주식회사제뉴원사이언스)-5g/개,MUPIROCIN | PARAFFIN_PETROLEUM,2,12
NAME::ITEM_5e2da932d1b7f21358c9,듀오웰정40/5밀리그램((주)유한양행)-1정,ALUMINUM | PHARMA_API_GENERIC | POLYPROPYLENE_PP,3,12
NAME::ITEM_4090367bb6bf2425e18f,휴온스피록시캄근육주사((주)휴온스)-1mL/앰플 | 휴온스피록시캄근육주사(수출명:CAMADOLinj.CAMROX20mgInj.)((주)휴온스)-1mL/앰플,ALUMINUM | PIROXICAM | POLYPROPYLENE_PP,3,12
NAME::ITEM_1567517aba414e0d4018,아트로드플러스정10/10밀리그램_(1정)((주)화이트생명과학)-1정,ALUMINUM | PHARMA_API_GENERIC | POLYPROPYLENE_PP,3,12
NAME::ITEM_e6ae65c0f0c48db02b95,디아솔액50(태준제약),GLUCOSE_CORNSTARCH | SODIUM_CHLORIDE,2,12
NAME::ITEM_e7c87c8dc99fb9d3ad38,카네스텐질정(바이엘코리아)-1정(원내약),CLOTRIMAZOLE | PARAFFIN_PETROLEUM,2,12
NAME::ITEM_e6d5c70f53bc39c1a093,소아용프리마란시럽(메퀴타진)_(0.25g/500mL)(부광약품(주))-1mL/병 | 소아용프리마란시럽(메퀴타진)_(0.25g/500mL)(부광약품(주))-500(1)mL/병 | 소아용프리마란시럽(부광약품)-1mL,ALUMINUM | MEQUITAZINE | PHARMA_API_GENERIC | POLYPROPYLENE_PP,4,12
NAME::ITEM_cb7c7d89e2c523363817,유박스(1ml)유료,BIOLOGICS_CELL_CULTURE | LIPID_NANOPARTICLE,2,12
NAME::ITEM_e2f0356572a94adf26ae,케로펜플라스타(케토프로펜)(10X7cm2/1매)((주)티디에스팜)-1매,ALUMINUM | KETOPROFEN | POLYPROPYLENE_PP,3,12
NAME::ITEM_ced89215314fee16e822,헤모로빈연질캡슐(1캡슐)((주)알피바이오)-1캡슐,ALUMINUM | PHARMA_API_GENERIC | POLYPROPYLENE_PP,3,12
NAME::ITEM_573011bec95d5d260fe9,에이프로젠무피로신연고_(0.2g/10g)((주)에이프로젠바이오로직스)-10g/개 | 에이프로젠무피로신연고_(0.2g/10g)(에이프로젠제약(주))-10g/개,MUPIROCIN | PARAFFIN_PETROLEUM,2,12
NAME::ITEM_d0336db4954493c86531,한방동의고카타플라스마((주)티디에스팜),ALUMINUM | METHYL_SALICYLATE | POLYPROPYLENE_PP,3,12
NAME::ITEM_d2beac1b8f0f19cc4e56,헤모맥스정(1정)((주)마더스제약)-1정 | 헤모맥스정(1정)((주)신신제약)-1정 | 헤모맥스정(신신제약),ALUMINUM | PHARMA_API_GENERIC | POLYPROPYLENE_PP,3,12
NAME::ITEM_65e0239b70fba8f22830,메피솔론정(메틸프레드니솔론)_(4mg/1정)(동국제약(주))-1정,METHYLPREDNISOLONE | PARAFFIN_PETROLEUM,2,12
NAME::ITEM_6638a2cd54a245ff45a0,아목살린정(한화제약(주))-1정 | 아목살린정_(1정)(한화제약(주))-1정,ALUMINUM | PHARMA_API_GENERIC | POLYPROPYLENE_PP,3,12
NAME::ITEM_1369f36a96e10f65fe30,애드민플러스정_(1정)((주)한국피엠지제약)-1정,ALUMINUM | PHARMA_API_GENERIC | POLYPROPYLENE_PP,3,12
NAME::ITEM_d4fcf59198514e49ad10,나자케어나잘스프레이액(모메타손푸로에이트일수화물)_(7.238mg/140회)((주)유한양행)-140회/통,MOMETASONE_FUROATE | PARAFFIN_PETROLEUM,2,12
NAME::ITEM_5503dff3ef58d760040b,풀미코트레스퓰분무용현탁액0.5mg/2ml(부데소니드(미분화))(한국아스트라제네카(주))-2mL/병 | 풀미코트레스퓰분무용현탁액0.5mg/2ml(부데소니드(미분화))_(0.5mg/2mL)(한국아스트라제네카(주))-2mL/병,ALUMINUM | PHARMA_API_GENERIC | POLYPROPYLENE_PP,3,12
NAME::ITEM_4334039ca865bf2ea337,후코날크림0.5%(플루코나졸)_(75mg/15g)((주)보령)-15g/개,FLUCONAZOLE | PARAFFIN_PETROLEUM,2,12
NAME::ITEM_d76d49eae4967d2c7a9b,에펙신점안액(오플록사신)_(15mg/5mL)(일동제약(주))-5mL/병 | 에펙신점안액(일동제약)-5mL | 에펙신점안액(일동제약)-5mL/개,OFLOXACIN | PARAFFIN_PETROLEUM | PHARMA_API_GENERIC,3,12
NAME::ITEM_d5dac2f35c8e5fb2ff00,풀미코트레스퓰분무용현탁액0.5mg/2ml(부데소니드(미분화))(한국아스트라제네카(주))-2mL/병 | 풀미코트레스퓰분무용현탁액0.5mg/2ml(부데소니드(미분화))_(0.5mg/2mL)(한국아스트라제네카(주))-2mL/병,ALUMINUM | PHARMA_API_GENERIC | POLYPROPYLENE_PP,3,12
NAME::ITEM_0e38a9e743f879afc184,다파시타엠서방정5/50/500밀리그램_(1정)(대원제약(주))-1정,ALUMINUM | PHARMA_API_GENERIC | POLYPROPYLENE_PP,3,12
NAME::ITEM_13c3ab993fb186c54607,유토젯정10/10mg_(1정)((주)유유제약)-1정,ALUMINUM | PHARMA_API_GENERIC | POLYPROPYLENE_PP,3,12
NAME::ITEM_d678f631953b91a0f40c,휴온스피록시캄근육주사((주)휴온스)-1mL/앰플 | 휴온스피록시캄근육주사(수출명:CAMADOLinj.CAMROX20mgInj.)((주)휴온스)-1mL/앰플,ALUMINUM | PIROXICAM | POLYPROPYLENE_PP,3,12
NAME::ITEM_5528f826c8f4b808b5c8,장엔폴캡슐(1캡슐)(성이바이오(주))-1캡슐,ALUMINUM | PHARMA_API_GENERIC | POLYPROPYLENE_PP,3,12
NAME::ITEM_ff03f8592b83c237b6c4,이텍스글리클라짓정(수출명 : Clazide Tab.)((주)테라젠이텍스)-1정,ALUMINUM | PHARMA_API_GENERIC | POLYPROPYLENE_PP,3,12
NAME::ITEM_8164325196bf65e7f8a6,글리포르민정2/500밀리그램(한국콜마(주))-1정 | 글리포르민정2/500밀리그램_(1정)(주식회사제뉴원사이언스)-1정,ALUMINUM | PHARMA_API_GENERIC | POLYPROPYLENE_PP,3,12
NAME::ITEM_7efe9e1897237be53546,"콜민-에이시럽_(0.2g,0.5g/500mL)(영진약품공업(주))-500(1)mL/병 | 콜민-에이시럽_(500mL)(영진약품(주))-500(1)mL/병 | 콜민에이시럽(영진약품)-1mL",ALUMINUM | PHARMA_API_GENERIC | POLYPROPYLENE_PP,3,12
NAME::ITEM_f3ed20980f57430594c1,리치스타정80/5밀리그램_(1정)(풍림무약(주))-1정,ALUMINUM | PHARMA_API_GENERIC | POLYPROPYLENE_PP,3,12
NAME::ITEM_f4365a3f442731779f98,유박스B 1ml,BIOLOGICS_CELL_CULTURE | LIPID_NANOPARTICLE,2,12
NAME::ITEM_886775510a408b68c023,유박스B 1ml,BIOLOGICS_CELL_CULTURE | LIPID_NANOPARTICLE,2,12
NAME::ITEM_f24813864312a63cbe08,유박스(1ml)유료,BIOLOGICS_CELL_CULTURE | LIPID_NANOPARTICLE,2,12
NAME::ITEM_8be9f611104e41e2081d,쎄콕시브캡슐200밀리그램(세레콕시브)((주)일화)-1캡슐 | 쎄콕시브캡슐200밀리그램(세레콕시브)_(0.2g/1캡슐)((주)일화)-1캡슐,ALUMINUM | CELECOXIB | POLYPROPYLENE_PP,3,12
NAME::ITEM_09c470f311ff1faeda97,어린이부루펜시럽(이부프로펜)_(1.6g/80mL)(삼일제약(주))-80(1)mL/병,ALUMINUM | IBUPROFEN | POLYPROPYLENE_PP,3,12
NAME::ITEM_09a73c006cf62b0b3641,소아용프리마란시럽(메퀴타진)_(0.25g/500mL)(부광약품(주))-1mL/병 | 소아용프리마란시럽(메퀴타진)_(0.25g/500mL)(부광약품(주))-500(1)mL/병 | 소아용프리마란시럽(부광약품)-1mL,ALUMINUM | MEQUITAZINE | PHARMA_API_GENERIC | POLYPROPYLENE_PP,4,12
NAME::ITEM_60a4a661af9e242828a0,아바젯정10/10밀리그램_(1정)(위더스제약(주))-1정,ALUMINUM | PHARMA_API_GENERIC | POLYPROPYLENE_PP,3,12
NAME::ITEM_f4b96cc1a7ce5442498f,중외5%포도당주사액 100밀리리터(제이더블유중외제약(주))-100mL/백,GLUCOSE_CORNSTARCH | SODIUM_CHLORIDE,2,12
NAME::ITEM_93754dbacf382de4dd30,이텍스세픽심캡슐((주)테라젠이텍스)-1캡슐 | 이텍스세픽심캡슐_(0.1g/1캡슐)((주)테라젠이텍스)-1캡슐,ALUMINUM | PHARMA_API_GENERIC | POLYPROPYLENE_PP,3,12
NAME::ITEM_2d50df8a6fe9f6923339,악토넬EC정35밀리그램(리세드론산나트륨2.5수화물)_35mg/1정)((주)유유제약)-1정,ALUMINUM | PHARMA_API_GENERIC | POLYPROPYLENE_PP,3,12
NAME::ITEM_61d81d5390c57118b601,[무상지원 국가비축]타미플루캅셀75mg(한국로슈) | 타미플루캅셀75mg(한국로슈)-100/100,ALUMINUM | PHARMA_API_GENERIC | POLYPROPYLENE_PP,3,12
NAME::ITEM_9746e6972d0dfe0fa562,아세트펜 프리믹스 주 - 100mL/백 (acetaminophen 1g) | 아세트펜프리믹스주(아세트아미노펜)(1g/100mL)(에이치케이이노엔(주))-100mL/백,ACETAMINOPHEN | ALUMINUM | POLYPROPYLENE_PP,3,12
NAME::ITEM_8caccc0194398159edc1,"콜민-에이시럽_(0.2g,0.5g/500mL)(영진약품공업(주))-500(1)mL/병 | 콜민-에이시럽_(500mL)(영진약품(주))-500(1)mL/병 | 콜민에이시럽(영진약품)-1mL",ALUMINUM | PHARMA_API_GENERIC | POLYPROPYLENE_PP,3,12
NAME::ITEM_8dbd63230ee100572822,에이프로젠무피로신연고_(0.2g/10g)((주)에이프로젠바이오로직스)-10g/개 | 에이프로젠무피로신연고_(0.2g/10g)(에이프로젠제약(주))-10g/개,MUPIROCIN | PARAFFIN_PETROLEUM,2,12
NAME::ITEM_74973723049649872dce,텔카디플러스정40/12.5밀리그램_(1정)((주)일화)-1정,ALUMINUM | PHARMA_API_GENERIC | POLYPROPYLENE_PP,3,12
NAME::ITEM_9090bd9b14ff7d44ef4e,아시클로버크림5g,ACYCLOVIR | PARAFFIN_PETROLEUM,2,12
NAME::ITEM_771318d27cb06beb993c,무디스크림1% 20g | 무디스크림1%(염산테르비나핀)_(0.2g/20g)(알리코제약(주))-20g/개 | 무디스크림1%(테르비나핀염산염)_(0.2g/20g)(알리코제약(주))-20g/개,PARAFFIN_PETROLEUM | PHARMA_API_GENERIC | TERBINAFINE,3,12
NAME::ITEM_8f978990114c0783b9a4,다파론정10밀리그램(다파글리플로진비스L프롤린)_(15.63mg/1정)(한미약품(주))-1정 | 다파론정10밀리그램(한미약품(주))-1정,ALUMINUM | PHARMA_API_GENERIC | POLYPROPYLENE_PP,3,12
NAME::ITEM_36cc2338e851e3e7b552,로디스타정40/5밀리그램_(1정)((주)메디카코리아)-1정,ALUMINUM | PHARMA_API_GENERIC | POLYPROPYLENE_PP,3,12
NAME::ITEM_904f5ba7878fb49ebd02,미노브이주2mL(디클로페낙β-디메틸아미노에탄올)(이연제약(주))-2mL/앰플 | 미노브이주2mL(디클로페낙β디메틸아미노에탄올)_(90mg/2mL)(이연제약(주))-2mL/앰플,ALUMINUM | DICLOFENAC | POLYPROPYLENE_PP,3,12
NAME::ITEM_8dfb6995520e9d8a95bb,로디스타정80/5밀리그램_(1정)((주)메디카코리아)-1정,ALUMINUM | PHARMA_API_GENERIC | POLYPROPYLENE_PP,3,12
NAME::ITEM_6fb32b897e0045f81389,레이셀코정_(1정)(알리코제약(주))-1정,ALUMINUM | CELECOXIB | POLYPROPYLENE_PP,3,12
NAME::ITEM_672beb486b90320c109d,레보살탄정2.5/80밀리그램(안국약품(주))-1정,ALUMINUM | PHARMA_API_GENERIC | POLYPROPYLENE_PP,3,12
NAME::ITEM_2247d6d580d92e867244,타미트라세미정(삼익제약(주))-1정,ALUMINUM | POLYPROPYLENE_PP | TRAMADOL_ACETAMINOPHEN,3,12
NAME::ITEM_ac82427f767e4ff84180,316/바로코민정/아스코르브산과립97%/61.86mgemd/신풍제약 | 바로코민정(신풍제약)-1정 | 재가암영양제,ASCORBIC_ACID | VITAMIN_B_COMPLEX | VITAMIN_SYNTHETIC_RAWMATERIAL,3,12
NAME::ITEM_234aad13d0aa7121abf9,훼리탑에프캡슐(1캡슐)(일동제약(주))-1캡슐,ALUMINUM | PHARMA_API_GENERIC | POLYPROPYLENE_PP,3,12
NAME::ITEM_650ef7ac8dae16feeeb6,물린디액(신신제약),INSECT_BITE_TOPICAL_UNCONFIRMED | PARAFFIN_PETROLEUM,2,12
NAME::ITEM_fa3e6a495ee6cb2f5612,테네립틴엠서방정10/500밀리그램_(1정)(에이치엘비제약(주) )-1정,ALUMINUM | PHARMA_API_GENERIC | POLYPROPYLENE_PP,3,12
NAME::ITEM_0584712cc9825202b428,이노엔0.9%생리식염주사액_(4.5g/500mL)(에이치케이이노엔(주))-500mL/백,GLUCOSE_CORNSTARCH | SODIUM_CHLORIDE,2,12
NAME::ITEM_a0baf73004a2c109305d,대한5%포도당가생리식염액 500밀리리터(대한약품공업(주))-500mL/병 | 대한5%포도당가생리식염액_(500mL/병)(대한약품공업(주))-500mL/병,GLUCOSE_CORNSTARCH | SODIUM_CHLORIDE,2,12
NAME::ITEM_502ca0b15b6875cc9750,메디롤엠정2/500밀리그램(삼익제약(주))-1정 | 메디롤엠정2/500밀리그램_(1정)(삼익제약(주))-1정,ALUMINUM | PHARMA_API_GENERIC | POLYPROPYLENE_PP,3,12
NAME::ITEM_454ae3a99e8b87a0695d,신신파스(신신제약) | 에어신신파스(신신제약),ALUMINUM | PHARMA_API_GENERIC | POLYPROPYLENE_PP,3,12
NAME::ITEM_ef2d741f70ed6fb6c8b9,세라칸에이치씨티정5/40/12.5밀리그램_(1정)(알리코제약(주))-1정,ALUMINUM | PHARMA_API_GENERIC | POLYPROPYLENE_PP,3,12
NAME::ITEM_26b06d87703e167f7d9e,에펙신점안액(오플록사신)_(15mg/5mL)(일동제약(주))-5mL/병 | 에펙신점안액(일동제약)-5mL | 에펙신점안액(일동제약)-5mL/개,OFLOXACIN | PARAFFIN_PETROLEUM | PHARMA_API_GENERIC,3,12
NAME::ITEM_055d9ebf1212e92d65a6,소아용프리마란시럽(메퀴타진)_(0.25g/500mL)(부광약품(주))-1mL/병 | 소아용프리마란시럽(메퀴타진)_(0.25g/500mL)(부광약품(주))-500(1)mL/병 | 소아용프리마란시럽(부광약품)-1mL,ALUMINUM | MEQUITAZINE | PHARMA_API_GENERIC | POLYPROPYLENE_PP,4,12
NAME::ITEM_243e4d6852433484d49d,실마진1%크림 10mg/g 500g,PARAFFIN_PETROLEUM | SILVER_SULFADIAZINE,2,12
NAME::ITEM_23790749c5d28449a204,[무상지원 국가비축]타미플루캅셀30mg(한국로슈) | 타미플루캡슐30mg(한국로슈)-100/100,ALUMINUM | PHARMA_API_GENERIC | POLYPROPYLENE_PP,3,12
NAME::ITEM_a84b8f314fb286484b44,비사코딜정(신일제약)-1T,ALUMINUM | PHARMA_API_GENERIC | POLYPROPYLENE_PP,3,12
NAME::ITEM_a343e3716db9fadb3c60,하이스탈정(명문제약)-1정,MICROBIAL_FUNGAL_ENZYME | PANCREATIN_ANIMAL_ENZYME,2,12
NAME::ITEM_a714cd4f958f3963755a,이텍스세픽심캡슐((주)테라젠이텍스)-1캡슐 | 이텍스세픽심캡슐_(0.1g/1캡슐)((주)테라젠이텍스)-1캡슐,ALUMINUM | PHARMA_API_GENERIC | POLYPROPYLENE_PP,3,12
NAME::ITEM_0aacd8fa925cc39ac92e,무디스크림1% 20g | 무디스크림1%(염산테르비나핀)_(0.2g/20g)(알리코제약(주))-20g/개 | 무디스크림1%(테르비나핀염산염)_(0.2g/20g)(알리코제약(주))-20g/개,PARAFFIN_PETROLEUM | PHARMA_API_GENERIC | TERBINAFINE,3,12
NAME::ITEM_edafcc36c30f7c87f3d4,에티젯정10/10밀리그램_(1정)((주)넥스팜코리아)-1정,ALUMINUM | PHARMA_API_GENERIC | POLYPROPYLENE_PP,3,12
NAME::ITEM_aa1cb73f3a435691f8da,메디롤엠정2/500밀리그램(삼익제약(주))-1정 | 메디롤엠정2/500밀리그램_(1정)(삼익제약(주))-1정,ALUMINUM | PHARMA_API_GENERIC | POLYPROPYLENE_PP,3,12
NAME::ITEM_a98e818ea2901337db70,록소쿨정(록소프로펜나트륨수화물)_(68.1mg/1정)((주)화이트생명과학)-1정,ALUMINUM | LOXOPROFEN | POLYPROPYLENE_PP,3,12
NAME::ITEM_9ade7a78b953d75a2596,이부프로펜정200mg,ALUMINUM | IBUPROFEN | POLYPROPYLENE_PP,3,12
NAME::ITEM_391715431930dc6f9d38,비사코딜정(신일제약)-1T(원내약),ALUMINUM | PHARMA_API_GENERIC | POLYPROPYLENE_PP,3,12
NAME::ITEM_7478777426dabcab8724,글리포르민정2/500밀리그램(한국콜마(주))-1정 | 글리포르민정2/500밀리그램_(1정)(주식회사제뉴원사이언스)-1정,ALUMINUM | PHARMA_API_GENERIC | POLYPROPYLENE_PP,3,12
NAME::ITEM_72acf40fc87a8e9dff60,일양플루백신프리필드시린지주0.5mL(인플루엔자분할백신),BIOLOGICS_CELL_CULTURE | LIPID_NANOPARTICLE,2,12
NAME::ITEM_9b4f196cd6ccbcdbbd82,세레벡스캡슐(세레콕시브)(한국프라임제약(주))-1캡슐,ALUMINUM | CELECOXIB | POLYPROPYLENE_PP,3,12
NAME::ITEM_9b271e12e6c85dea8000,라도젯정10/10밀리그램_(1정)((주)시어스제약)-1정,ALUMINUM | PHARMA_API_GENERIC | POLYPROPYLENE_PP,3,12
NAME::ITEM_9ada654310e0b4d27ac7,하이소밍에이정(1정)(지엘파마(주))-1정,ALUMINUM | PHARMA_API_GENERIC | POLYPROPYLENE_PP,3,12
NAME::ITEM_9f626d46c4da3b99473d,TB-영양제 | 피리독신염산염(B6),PYRIDOXINE_B6 | VITAMIN_SYNTHETIC_RAWMATERIAL,2,12
NAME::ITEM_ab8701758c46989b9951,더모프레드크림(프레드니카르베이트)_(1.125g/450g)((주)비보존제약)-450g/통,PARAFFIN_PETROLEUM | PREDNICARBATE,2,12
NAME::ITEM_64be536b14aa00b0905d,훼스탈(한독약품)-1정(보훈급여),MICROBIAL_FUNGAL_ENZYME | PANCREATIN_ANIMAL_ENZYME,2,12
NAME::ITEM_b50c0191552f97dd9b58,트라마롤세미정(제일약품(주))-1정,ALUMINUM | PHARMA_API_GENERIC | POLYPROPYLENE_PP,3,12
NAME::ITEM_1fe95b62d6f0bc92cb7f,에펙신점안액(오플록사신)_(15mg/5mL)(일동제약(주))-5mL/병 | 에펙신점안액(일동제약)-5mL | 에펙신점안액(일동제약)-5mL/개,OFLOXACIN | PARAFFIN_PETROLEUM | PHARMA_API_GENERIC,3,12
NAME::ITEM_2095cdfc9cb5a419406b,마그바이타민연질캡슐(1캡슐)(태극제약(주))-1캡슐 | 마그바이타민연질캡슐(태극제약)-1캡슐,ALUMINUM | PHARMA_API_GENERIC | POLYPROPYLENE_PP,3,12
NAME::ITEM_b76e5b39b843a8320562,대한5%포도당가생리식염액 500밀리리터(대한약품공업(주))-500mL/병 | 대한5%포도당가생리식염액_(500mL/병)(대한약품공업(주))-500mL/병,GLUCOSE_CORNSTARCH | SODIUM_CHLORIDE,2,12
NAME::ITEM_4f245416b0fb92348c4e,생리식염주사액(수출명:KWANGMYUNGSODIUMCHLORIDEINJ.0.9%)((주)휴온스)-20mL/앰플,GLUCOSE_CORNSTARCH | SODIUM_CHLORIDE,2,12
NAME::ITEM_4f9b1f1c58ef6f019446,우리버캡슐_(1캡슐)((주)팜젠사이언스)-1캡슐,ALUMINUM | PHARMA_API_GENERIC | POLYPROPYLENE_PP,3,12
NAME::ITEM_fd58dc23fcd3c7d04bfc,로수암핀정10/5밀리그램_(1정)((주)유한양행)-1정,ALUMINUM | PHARMA_API_GENERIC | POLYPROPYLENE_PP,3,12
NAME::ITEM_007ed0c146359f10d7ca,장티푸스(경구용),ALUMINUM | PHARMA_API_GENERIC | POLYPROPYLENE_PP,3,12
NAME::ITEM_5297ca130eeb10de4ada,바르반플러스정160/12.5mg_(1정)((주)팜젠사이언스)-1정 | 바르반플러스정160/12.5mg_(1정)(우리들제약(주))-1정,ALUMINUM | PHARMA_API_GENERIC | POLYPROPYLENE_PP,3,12
NAME::ITEM_7ba8be53a8fd4745913b,제이비카정5/40mg_(1정)((주)비보존제약)-1정,ALUMINUM | PHARMA_API_GENERIC | POLYPROPYLENE_PP,3,12
NAME::ITEM_f437f27ec0d186fa3b8c,낙센정(종근당)-1T,ALUMINUM | NAPROXEN | POLYPROPYLENE_PP,3,12
NAME::ITEM_855596fc550be2764a2f,[무상지원 국가비축]타미플루캅셀75mg(한국로슈) | 타미플루캅셀75mg(한국로슈)-100/100,ALUMINUM | PHARMA_API_GENERIC | POLYPROPYLENE_PP,3,12
NAME::ITEM_8303d607e7d20cd2d9ae,테타불린에스앤주(SK플라즈마)-1mL/관 | 테타불린에스앤주프리필드시린지(항파상풍사람면역글로불린)_(250I.U/1mL)(에스케이플라즈마(주))-1mL/관,PHARMA_API_GENERIC | TETANUS_IMMUNE_GLOBULIN,2,12
NAME::ITEM_8a825e6957fba3b15866,헤모맥스정(1정)((주)마더스제약)-1정 | 헤모맥스정(1정)((주)신신제약)-1정 | 헤모맥스정(신신제약),ALUMINUM | PHARMA_API_GENERIC | POLYPROPYLENE_PP,3,12
NAME::ITEM_06f53e8c728401ddaea4,카마졸크림(클로트리마졸)_(5g/500g)(알보젠코리아(주))-500g/병,CLOTRIMAZOLE | PARAFFIN_PETROLEUM,2,12
NAME::ITEM_f29d460082b6b268523d,보령아스트릭스캅셀100mg(보령제약)-1캅셀(원내약),ALUMINUM | ASPIRIN | POLYPROPYLENE_PP,3,12
NAME::ITEM_f2a2b7647df8654a7f5a,아세트펜 프리믹스 주 - 100mL/백 (acetaminophen 1g) | 아세트펜프리믹스주(아세트아미노펜)(1g/100mL)(에이치케이이노엔(주))-100mL/백,ACETAMINOPHEN | ALUMINUM | POLYPROPYLENE_PP,3,12
NAME::ITEM_77e9f9ad725e37710edf,트라임세미정((주)한국글로벌제약)-1정,ALUMINUM | PHARMA_API_GENERIC | POLYPROPYLENE_PP,3,12
NAME::ITEM_3217ca20223aae7dba69,암로텔정40/5mg_(1정)((주)넥스팜코리아)-1정,ALUMINUM | PHARMA_API_GENERIC | POLYPROPYLENE_PP,3,12
NAME::ITEM_2e0a4b637e0712f8d883,제티스토정10/10밀리그램_(1정)((주)테라젠이텍스)-1정,ALUMINUM | PHARMA_API_GENERIC | POLYPROPYLENE_PP,3,12
NAME::ITEM_99d0b64d5eb031498498,대한멸균생리식염수50밀리리터(생리식염주사액)(대한약품공업(주))-50mL/백,GLUCOSE_CORNSTARCH | SODIUM_CHLORIDE,2,12
NAME::ITEM_9956fb858457bbdc4961,알로펜정(록소프로펜나트륨수화물)(에스피씨(주))-1정,ALUMINUM | LOXOPROFEN | POLYPROPYLENE_PP,3,12
NAME::ITEM_8e6acefec8e83ccb5a59,올딥정5/20밀리그램((주)일화)-1정 | 올딥정5/20밀리그램_(1정)((주)일화)-1정,ALUMINUM | PHARMA_API_GENERIC | POLYPROPYLENE_PP,3,12
NAME::ITEM_03c98e91222aac6bd7b1,제이비카정5/20mg_(1정)((주)비보존제약)-1정,ALUMINUM | PHARMA_API_GENERIC | POLYPROPYLENE_PP,3,12
NAME::ITEM_f1fd503703629a5c730c,맥쎈연질캡슐(나프록센)(025g/1캡슐)(코스맥스파마(주))-1캡슐,ALUMINUM | NAPROXEN | POLYPROPYLENE_PP,3,12
NAME::ITEM_2f6de53cc1cc0fddaa00,"카네스텐플러스크림_(0.2g,0.2g/20g)(바이엘코리아(주))-20g/개",CLOTRIMAZOLE | PARAFFIN_PETROLEUM,2,12
NAME::ITEM_7b80661dbdf4b0e04802,(유한양행)타가메트정400mg | 타가메트정400밀리그램(시메티딘)_(0.4g/1정)((주)유한양행)-1정,ALUMINUM | CIMETIDINE | PHARMA_API_GENERIC | POLYPROPYLENE_PP,4,11
NAME::ITEM_3cbd1d526361ce3df512,프리비투스현탁액(8mL/포) | 프리비투스현탁액(레보클로페라스틴펜디조산염)_(32mg/8mL)(대원제약(주))-8mL/포,ALUMINUM | LEVOCLOPERASTINE | PHARMA_API_GENERIC | POLYPROPYLENE_PP,4,11
NAME::ITEM_476e2baed35116ca2abd,알콜솜(피고셋) | 크린셉 스왑,ETHANOL | MATERIAL_UNSPECIFIED | NONWOVEN_FABRIC_SPUNBOND,3,11
NAME::ITEM_b6c765e2bc0e8e7282dd,(한미약품)토바스트정20mg(아토르바스타틴칼슘)-1정 | 토바스트정20mg(한미약품)-1정 | 토바스트정20밀리그램(아토르바스타틴칼슘삼수화물)_(20.72mg/1정)(한미약품(주))-1정,ALUMINUM | ATORVASTATIN | PHARMA_API_GENERIC | POLYPROPYLENE_PP,4,11
NAME::ITEM_47f8b9cca97a096bf601,프리비투스현탁액(8mL/포) | 프리비투스현탁액(레보클로페라스틴펜디조산염)_(32mg/8mL)(대원제약(주))-8mL/포,ALUMINUM | LEVOCLOPERASTINE | PHARMA_API_GENERIC | POLYPROPYLENE_PP,4,11
NAME::ITEM_fd56c0a3cee38869582c,동아페르디핀주사액(니카르디핀염산염) 10밀리리터(동아에스티(주))-10mL/앰플 | 동아페르디핀주사액(니카르디핀염산염)_(10mg/10mL)(동아에스티(주))-10mL/앰플 | 페르디핀주사액(동아ST)-10mL/앰플,NICARDIPINE | PHARMA_API_GENERIC,2,11
NAME::ITEM_57cd93d95899b8179c99,동아페르디핀주사액(니카르디핀염산염) 10밀리리터(동아에스티(주))-10mL/앰플 | 동아페르디핀주사액(니카르디핀염산염)_(10mg/10mL)(동아에스티(주))-10mL/앰플 | 페르디핀주사액(동아ST)-10mL/앰플,NICARDIPINE | PHARMA_API_GENERIC,2,11
NAME::ITEM_c4bf700efe9e31585965,(한미약품)토바스트정20mg(아토르바스타틴칼슘)-1정 | 토바스트정20mg(한미약품)-1정 | 토바스트정20밀리그램(아토르바스타틴칼슘삼수화물)_(20.72mg/1정)(한미약품(주))-1정,ALUMINUM | ATORVASTATIN | PHARMA_API_GENERIC | POLYPROPYLENE_PP,4,11
NAME::ITEM_e95e8253fc06b5bbd8cb,(유한양행)타가메트정400mg | 타가메트정400밀리그램(시메티딘)_(0.4g/1정)((주)유한양행)-1정,ALUMINUM | CIMETIDINE | PHARMA_API_GENERIC | POLYPROPYLENE_PP,4,11
NAME::ITEM_effa3ee65d831e445a51,알콜솜(피고셋) | 크린셉 스왑,ETHANOL | MATERIAL_UNSPECIFIED | NONWOVEN_FABRIC_SPUNBOND,3,11
NAME::ITEM_7b42714e5adcb44d2a0d,(한미약품)토바스트정20mg(아토르바스타틴칼슘)-1정 | 토바스트정20mg(한미약품)-1정 | 토바스트정20밀리그램(아토르바스타틴칼슘삼수화물)_(20.72mg/1정)(한미약품(주))-1정,ALUMINUM | ATORVASTATIN | PHARMA_API_GENERIC | POLYPROPYLENE_PP,4,11
NAME::ITEM_9f232bba157bbfcd12ca,동아페르디핀주사액(니카르디핀염산염) 10밀리리터(동아에스티(주))-10mL/앰플 | 동아페르디핀주사액(니카르디핀염산염)_(10mg/10mL)(동아에스티(주))-10mL/앰플 | 페르디핀주사액(동아ST)-10mL/앰플,NICARDIPINE | PHARMA_API_GENERIC,2,11
NAME::ITEM_ebcba2124b3098ca9ad7,두드리진시럽(히드록시진염산염 2mg/mL)(삼아제약)-1mL | 두드리진시럽(히드록시진염산염)_(0.2g/100mL)(삼아제약(주))-100(1)mL/병,ALUMINUM | HYDROXYZINE | PHARMA_API_GENERIC | POLYPROPYLENE_PP,4,10
NAME::ITEM_bab47cd40f244de3e3ca,디아솔에스액(포도당)_(50g/100mL)((주)태준제약)-100mL/병,GLUCOSE_CORNSTARCH | SODIUM_CHLORIDE,2,10
NAME::ITEM_eaa14d2c15433f1b9305,두드리진시럽(히드록시진염산염 2mg/mL)(삼아제약)-1mL | 두드리진시럽(히드록시진염산염)_(0.2g/100mL)(삼아제약(주))-100(1)mL/병,ALUMINUM | HYDROXYZINE | PHARMA_API_GENERIC | POLYPROPYLENE_PP,4,10
NAME::ITEM_eb10ce5249daccf7cefa,원폴정(마더스제약) | 원폴정(아이큐어) | 원폴정(폴산1mg),ALUMINUM | FOLIC_ACID | PHARMA_API_GENERIC | POLYPROPYLENE_PP,4,10
NAME::ITEM_6c62f1d038f6c21d18b5,원폴정(마더스제약) | 원폴정(아이큐어) | 원폴정(폴산1mg),ALUMINUM | FOLIC_ACID | PHARMA_API_GENERIC | POLYPROPYLENE_PP,4,10
NAME::ITEM_bcc8ee5e81877650b3ad,스토나제정(스트렙토키나제ᆞ스트렙토도르나제)(메딕스제약(주))-1정 | 스토나제정(스트렙토키나제ᆞ스트렙토도르나제)_(12.5KI.U/1정)(메딕스제약(주))-1정,ACRYLIC_ADHESIVE | NONWOVEN_FABRIC_SPUNBOND,2,10
NAME::ITEM_17665fd3064dfa499d90,베아솔론정(메틸프레드니솔론)(대웅바이오(주))-1정,METHYLPREDNISOLONE | PARAFFIN_PETROLEUM,2,10
NAME::ITEM_6afa8bbd8eb4bbb96b69,케이콘틴서방정(염화칼륨)(동광제약(주))-1정,GLUCOSE_CORNSTARCH | SODIUM_CHLORIDE,2,10
NAME::ITEM_680395e373c847549317,프라빅센정 (클로피도그렐황산염)-1정 | 프라빅센정 (클로피도그렐황산염)_(97.875mg/1정)((주)테라젠이텍스)-1정,ALUMINUM | CLOPIDOGREL | PHARMA_API_GENERIC | POLYPROPYLENE_PP,4,10
NAME::ITEM_59eee4fe3d2839ce0e45,218/에라빅스정/클로피도그렐황산수소염97.875/삼익제약 | 에라빅스정(클로피도그렐황산염)(삼익제약(주))-1정,ALUMINUM | CLOPIDOGREL | PHARMA_API_GENERIC | POLYPROPYLENE_PP,4,10
NAME::ITEM_e7806ccf4bd3911e06ba,"플루오론티점안액_(6mg,1.5mg/6mL)(한미약품(주))-6mL/병",PARAFFIN_PETROLEUM | PHARMA_API_GENERIC,2,10
NAME::ITEM_0f3e309993daa17e7a9f,페리덱스연고 6g(녹십자)-1g,PARAFFIN_PETROLEUM | PHARMA_API_GENERIC,2,10
NAME::ITEM_d674cb390509e2890aaa,아세릴네일라카 (아모롤핀염산염)_(0.2787g/5mL)(알리코제약(주))-5mL/병,AMOROLFINE | PARAFFIN_PETROLEUM,2,10
NAME::ITEM_0e27effa39586a46d8a4,218/에라빅스정/클로피도그렐황산수소염97.875/삼익제약 | 에라빅스정(클로피도그렐황산염)(삼익제약(주))-1정,ALUMINUM | CLOPIDOGREL | PHARMA_API_GENERIC | POLYPROPYLENE_PP,4,10
NAME::ITEM_1366d1eae3073656e883,"인플루엔자0.5ml(25년 AI대응, 만성질환 등) | 지씨플루프리필드시린지주(인플루엔자분할백신)(05mL)((주)녹십자)-0.5mL/관",BIOLOGICS_CELL_CULTURE | INFLUENZA_SPLIT_VACCINE | LIPID_NANOPARTICLE,3,10
NAME::ITEM_f7aa68947d346126ed52,데타손연고0.25%(데속시메타손)_(75mg/30g)(동성제약(주))-30g/개,DESOXIMETASONE | PARAFFIN_PETROLEUM,2,10
NAME::ITEM_6757dac409253e4e999b,프라빅센정 (클로피도그렐황산염)-1정 | 프라빅센정 (클로피도그렐황산염)_(97.875mg/1정)((주)테라젠이텍스)-1정,ALUMINUM | CLOPIDOGREL | PHARMA_API_GENERIC | POLYPROPYLENE_PP,4,10
NAME::ITEM_d7dc5ff2a3eba4f678bf,일본뇌염(1ml)무료,BIOLOGICS_CELL_CULTURE | LIPID_NANOPARTICLE,2,10
NAME::ITEM_ecf3e6a39e7b237ed710,듀오락맘스(프로바이오틱스) | 듀오락스정(영일약품공업)-1정,BISACODYL | PROBIOTIC_BACTERIAL_CULTURE,2,10
NAME::ITEM_ec98983b0af4293b2c71,알마린정(알마게이트)_(0.5g/1정)((주)화이트생명과학)-1정,ALUMINUM_HYDROXIDE_MINERAL | MAGNESIUM_HYDROXIDE_MINERAL,2,10
NAME::ITEM_708ea6099d60f3e30ce7,(한미약품)토바스트정10mg(아토르바스타틴칼슘)-1정 | 토바스트정10mg(한미약품)-1정 | 토바스트정10밀리그램(아토르바스타틴칼슘삼수화물)_(10.36mg/1정)(한미약품(주))-1정,ALUMINUM | ATORVASTATIN | PHARMA_API_GENERIC | POLYPROPYLENE_PP,4,10
NAME::ITEM_ab759635b9010d17aa8c,대한포도당주사액(5%) 500밀리리터(대한약품공업(주))-500mL/병(PP) | 대한포도당주사액(5%)_(25g/500mL/병(PP))(대한약품공업(주))-500mL/병(PP),GLUCOSE_CORNSTARCH | SODIUM_CHLORIDE,2,10
NAME::ITEM_642f7fa5a31b2549ff76,오라메디연고(6mg/6g)(동국제약(주))-6g/개,PARAFFIN_PETROLEUM | TRIAMCINOLONE_ORAL,2,10
NAME::ITEM_6eefb4cab3b22e5c9866,스토나제정(스트렙토키나제ᆞ스트렙토도르나제)(메딕스제약(주))-1정 | 스토나제정(스트렙토키나제ᆞ스트렙토도르나제)_(12.5KI.U/1정)(메딕스제약(주))-1정,ACRYLIC_ADHESIVE | NONWOVEN_FABRIC_SPUNBOND,2,10
NAME::ITEM_406888f199a73f87b6b7,원폴정(마더스제약) | 원폴정(아이큐어) | 원폴정(폴산1mg),ALUMINUM | FOLIC_ACID | PHARMA_API_GENERIC | POLYPROPYLENE_PP,4,10
NAME::ITEM_2d5b2c0285de0e5ae75a,칼라민로션(제이케이제약)-mL,CALAMINE | PARAFFIN_PETROLEUM,2,10
NAME::ITEM_3feac004bb041a28a669,대한염화칼륨-40(포타시움크로라이드주)(대한약품공업(주))-20mL/앰플(PP),GLUCOSE_CORNSTARCH | SODIUM_CHLORIDE,2,10
NAME::ITEM_95f3f35b895cd9467ca6,중외10%포도당주사액 1000밀리리터(제이더블유중외제약(주))-1000mL/백,GLUCOSE_CORNSTARCH | SODIUM_CHLORIDE,2,10
NAME::ITEM_2d0f67de55e112c3ac58,듀오락맘스(프로바이오틱스) | 듀오락스정(영일약품공업)-1정,BISACODYL | PROBIOTIC_BACTERIAL_CULTURE,2,10
NAME::ITEM_878fd09995974b908e9a,"인플루엔자0.5ml(25년 AI대응, 만성질환 등) | 지씨플루프리필드시린지주(인플루엔자분할백신)(05mL)((주)녹십자)-0.5mL/관",BIOLOGICS_CELL_CULTURE | INFLUENZA_SPLIT_VACCINE | LIPID_NANOPARTICLE,3,10
NAME::ITEM_f40a1ef8137cd66c6879,대한멸균생리식염수1000밀리리터(생리식염주사액)(대한약품공업(주))-1000mL/병,POLYPROPYLENE_PP | POLYVINYL_CHLORIDE_PVC,2,10
NAME::ITEM_00fd50745a3b7e3ec474,메디론정(메틸프레드니솔론)(화일약품(주))-1정,METHYLPREDNISOLONE | PARAFFIN_PETROLEUM,2,10
NAME::ITEM_017f823c19b1b6bab651,세레벡스캡슐100밀리그램(세레콕시브)_(0.1g/1캡슐)(한국프라임제약(주))-1캡슐,ALUMINUM | CELECOXIB | POLYPROPYLENE_PP,3,9
NAME::ITEM_3816e57ce83a9a113ee4,움카민플러스시럽_(9mL)(한화제약(주))-9mL/포,ALUMINUM | PHARMA_API_GENERIC | POLYPROPYLENE_PP,3,9
NAME::ITEM_dcf3283ff9b4e97bbb3f,텔미큐어플러스정80/12.5밀리그램_(1정)((주)테라젠이텍스)-1정,ALUMINUM | PHARMA_API_GENERIC | POLYPROPYLENE_PP,3,9
NAME::ITEM_dbf8c3092a077657882f,로수암핀정5/5밀리그램_(1정)((주)유한양행)-1정,ALUMINUM | PHARMA_API_GENERIC | POLYPROPYLENE_PP,3,9
NAME::ITEM_0ec24e4154abf78e9869,본넬플러스정(명문제약(주))-1정,ALUMINUM | PHARMA_API_GENERIC | POLYPROPYLENE_PP,3,9
NAME::ITEM_7b2facceda3b8aeae3cc,"◇휴마로그믹스25퀵펜주100단위/mL(유전자재조합,인슐린라이스프로25%,인슐린라이스프로프로타민현탁액75%)(300unit/3mL)(한국릴리(유))-3mL | 휴마로그믹스25퀵펜주100단위/밀리리터(유전자재조합,인슐린라이스프로25%와 인슐린라이스프로프로타민현탁액75%혼합액)_(300unit/3mL)(한국릴리(유))-3mL | 휴마로그믹스25퀵펜주100단위/밀리리터(유전자재조합,인슐린라이스프로25%와 인슐린라이스프로프로타민현탁액75%혼합액)_(300unit/3mL)(한국릴리(유))-3mL/펜",ALUMINUM | PHARMA_API_GENERIC | POLYPROPYLENE_PP,3,9
NAME::ITEM_53329449f3cefe894a41,아목살린정625밀리그램_(1정)(한화제약(주))-1정,ALUMINUM | PHARMA_API_GENERIC | POLYPROPYLENE_PP,3,9
NAME::ITEM_fe960a3656a40e09f775,크레아진플러스정10/5mg_(1정)(영진약품(주))-1정,ALUMINUM | PHARMA_API_GENERIC | POLYPROPYLENE_PP,3,9
NAME::ITEM_0b1bf6d6846064de05d4,베르텔플러스정40/12.5밀리그램_(1정)(삼익제약(주))-1정,ALUMINUM | PHARMA_API_GENERIC | POLYPROPYLENE_PP,3,9
NAME::ITEM_a8e209db548164b7a664,[무상지원 국가비축]타미플루캅셀45mg(한국로슈) | 타미플루캡슐45mg(한국로슈)-100/100,ALUMINUM | PHARMA_API_GENERIC | POLYPROPYLENE_PP,3,9
NAME::ITEM_a8a610234c05867f21b1,스멕타현탁액(대웅제약)-1ml (포장단위 20ml),ALUMINUM | PHARMA_API_GENERIC | POLYPROPYLENE_PP,3,9
NAME::ITEM_5065b2d21a6b472792a7,테잘바이정40/5밀리그램_(1정)((주)휴온스)-1정,ALUMINUM | PHARMA_API_GENERIC | POLYPROPYLENE_PP,3,9
NAME::ITEM_4ffb8a61c698827cab95,이베라플러스정150/12.5밀리그램(신풍제약(주))-1정,ALUMINUM | PHARMA_API_GENERIC | POLYPROPYLENE_PP,3,9
NAME::ITEM_a59142e6e77a282bab60,아스피드정(아스피린)((주)일화)-1정,ALUMINUM | ASPIRIN | POLYPROPYLENE_PP,3,9
NAME::ITEM_a472daac02e3132e9fe4,아트맥콤비젤연질캡슐5/1000밀리그램_(1캡슐)(한국유나이티드제약(주))-1캡슐,ALUMINUM | PHARMA_API_GENERIC | POLYPROPYLENE_PP,3,9
NAME::ITEM_2281e5820a93e17464b7,테네스엠서방정10/500밀리그램_(1정)(아주약품(주))-1정,ALUMINUM | PHARMA_API_GENERIC | POLYPROPYLENE_PP,3,9
NAME::ITEM_5b5fe81d69a26416a4c2,다파론듀오서방정5/500밀리그램_(1정)(한미약품(주))-1정,ALUMINUM | PHARMA_API_GENERIC | POLYPROPYLENE_PP,3,9
NAME::ITEM_253f51125594538cd43b,다파프로메트서방정5/500밀리그램_(1정)(동아에스티(주))-1정,ALUMINUM | PHARMA_API_GENERIC | POLYPROPYLENE_PP,3,9
NAME::ITEM_232ee75f13e42803f379,다파론듀오서방정5/1000밀리그램_(1정)(한미약품(주))-1정,ALUMINUM | PHARMA_API_GENERIC | POLYPROPYLENE_PP,3,9
NAME::ITEM_10422eb18fc32e9e1a77,크레더블정10/10밀리그램(한림제약(주))-1정,ALUMINUM | PHARMA_API_GENERIC | POLYPROPYLENE_PP,3,9
NAME::ITEM_f46439210fffb1629a92,제스탈정(1정)((주)뉴젠팜)-1정,ALUMINUM | PHARMA_API_GENERIC | POLYPROPYLENE_PP,3,9
NAME::ITEM_e59e779bc3e309670485,라베뉴정20/500밀리그램_(1정)(영진약품(주))-1정,ALUMINUM | PHARMA_API_GENERIC | POLYPROPYLENE_PP,3,9
NAME::ITEM_e4d4b66140f7eb879a20,듀오로반정10/5밀리그램(경동제약(주))-1정,ALUMINUM | PHARMA_API_GENERIC | POLYPROPYLENE_PP,3,9
NAME::ITEM_e42cde4f3b1027d8bd1b,"어린이타이레놀현탁액(무색소)_(16g/500mL)((주)한국얀센)-500(1)mL/병 | 어린이타이레놀현탁액_(아세트아미노펜(미분화), 16g/500mL)(무색소)((주)한국얀센)-500(1)mL/병",ACETAMINOPHEN | ALUMINUM | POLYPROPYLENE_PP,3,9
NAME::ITEM_de80939272c072c3bed6,제스탈정((주)뉴젠팜 | 제스탈정(일성신약(주)),ALUMINUM | PHARMA_API_GENERIC | POLYPROPYLENE_PP,3,9
NAME::ITEM_5e6ec77202022745baf6,클란자CR정(아세클로페낙)(한국유나이티드제약(주))-1정 | 클란자CR정(아세클로페낙)_(0.2g/1정)(한국유나이티드제약(주))-1정,ACECLOFENAC | ALUMINUM | POLYPROPYLENE_PP,3,9
NAME::ITEM_b0a5b3bf7eff26240fd7,"◇휴마로그믹스25퀵펜주100단위/mL(유전자재조합,인슐린라이스프로25%,인슐린라이스프로프로타민현탁액75%)(300unit/3mL)(한국릴리(유))-3mL | 휴마로그믹스25퀵펜주100단위/밀리리터(유전자재조합,인슐린라이스프로25%와 인슐린라이스프로프로타민현탁액75%혼합액)_(300unit/3mL)(한국릴리(유))-3mL | 휴마로그믹스25퀵펜주100단위/밀리리터(유전자재조합,인슐린라이스프로25%와 인슐린라이스프로프로타민현탁액75%혼합액)_(300unit/3mL)(한국릴리(유))-3mL/펜",ALUMINUM | PHARMA_API_GENERIC | POLYPROPYLENE_PP,3,9
NAME::ITEM_227e7cca940d78888f42,[무상지원 국가비축]타미플루캅셀45mg(한국로슈) | 타미플루캡슐45mg(한국로슈)-100/100,ALUMINUM | PHARMA_API_GENERIC | POLYPROPYLENE_PP,3,9
NAME::ITEM_b2af2c08cc531b370b8c,울트론세미서방정_(1정)(익수제약(주))-1정,ALUMINUM | PHARMA_API_GENERIC | POLYPROPYLENE_PP,3,9
NAME::ITEM_b4199acee5a8e4213864,아트라쿨세미서방정_(1정)((주)한국파비스제약)-1정,ALUMINUM | PHARMA_API_GENERIC | POLYPROPYLENE_PP,3,9
NAME::ITEM_b403d113f87b87844652,맥시부펜시럽(덱시부프로펜)_(0.6g/50mL)(한미약품(주))-50(1)mL/병 | 맥시부펜시럽_(0.6g/50mL)(한미약품(주))-50(1)mL/병,ALUMINUM | DEXIBUPROFEN | PHARMA_API_GENERIC | POLYPROPYLENE_PP,4,9
NAME::ITEM_b2fd27e414b3d011dac4,헤파텍트캡슐(익수제약(주))-1캡슐 | 헤파텍트캡슐_(1캡슐)(익수제약(주))-1캡슐,ALUMINUM | PHARMA_API_GENERIC | POLYPROPYLENE_PP,3,9
NAME::ITEM_5f02f887f96d523f225f,쎄레시브캡슐100밀리그램(세레콕시브)_(0.1g/1캡슐)((주)유영제약)-1캡슐,ALUMINUM | CELECOXIB | POLYPROPYLENE_PP,3,9
NAME::ITEM_5ebfe8ab7c147f6507e8,타이레놀콜드-에스정(1정)((주)한국얀센)-1정,ACETAMINOPHEN | ALUMINUM | POLYPROPYLENE_PP,3,9
NAME::ITEM_42e488ced6cf72d4d404,로시덴겔(신풍제약),ALUMINUM | PIROXICAM | POLYPROPYLENE_PP,3,9
NAME::ITEM_47ff2ff72b2f0780c9c6,이트라펜세미정_(1정)((주)화이트생명과학)-1정,ALUMINUM | PHARMA_API_GENERIC | POLYPROPYLENE_PP,3,9
NAME::ITEM_d983459dd4f193c61a49,프리텐션플러스정80/12.5밀리그램 ((주) 다산메디켐)-1정,ALUMINUM | PHARMA_API_GENERIC | POLYPROPYLENE_PP,3,9
NAME::ITEM_eee802a16ef0a7cf8d16,아펙정(아세클로페낙) (메딕스제약(주))-1정 | 아펙정(아세클로페낙)_(0.1g/1정)(메딕스제약(주))-1정,ACECLOFENAC | ACRYLIC_ADHESIVE | ALUMINUM | NONWOVEN_FABRIC_SPUNBOND | POLYPROPYLENE_PP,5,9
NAME::ITEM_eca8347fb2d9322fd6c0,엔쎄콕캡슐200mg(세레콕시브),ALUMINUM | CELECOXIB | POLYPROPYLENE_PP,3,9
NAME::ITEM_ec7b883abe1b9d096f51,겔포스엘현탁액(20g)((주)보령)-20g/포,ALUMINUM | PHARMA_API_GENERIC | POLYPROPYLENE_PP,3,9
NAME::ITEM_ebfaeda5430cd23ff94e,타이놀정500밀리그램(아세트아미노펜)(05g/1정)((주)한국파비스제약)-1정,ACETAMINOPHEN | ALUMINUM | POLYPROPYLENE_PP,3,9
NAME::ITEM_6ef3f62e1dcf73130f0c,로프로펜정(록소프로펜나트륨수화물)(익수제약(주))-1정 | 로프로펜정(록소프로펜나트륨수화물)_(68.1mg/1정)(익수제약(주))-1정,ALUMINUM | LOXOPROFEN | POLYPROPYLENE_PP,3,9
NAME::ITEM_6e0e90a479f979925c74,캐롤에프정(이부프로펜아르기닌)(03689g/1정)(일동제약(주))-1정,ALUMINUM | IBUPROFEN | POLYPROPYLENE_PP,3,9
NAME::ITEM_3e8b17d640c0435d1ea1,로시덴겔(피로시캄)(수출명:SPPiroxicamGelSHINPOONGROSIDENGel)_(0.5g/100g)(신풍제약(주))-100g/개 | 로시덴겔(피록시캄)_(0.5g/100g)(신풍제약(주))-100g/개,ALUMINUM | PIROXICAM | POLYPROPYLENE_PP,3,9
NAME::ITEM_ebf08c60a4502197d4a0,듀얼스타정80/5밀리그램(국제약품(주))-1정 | 듀얼스타정80/5밀리그램_(1정)(국제약품(주))-1정,ALUMINUM | PHARMA_API_GENERIC | POLYPROPYLENE_PP,3,9
NAME::ITEM_9dabf31c7d48f80b800a,클로잘탄정50/12.5밀리그램_(1정)(한미약품(주))-1정,ALUMINUM | PHARMA_API_GENERIC | POLYPROPYLENE_PP,3,9
NAME::ITEM_27b607abffa58c143dd2,아스피린프로텍트정 100mg,ALUMINUM | ASPIRIN | POLYPROPYLENE_PP,3,9
NAME::ITEM_4ef323fa80c201d42f3e,타가메트정200mg(유한),ALUMINUM | PHARMA_API_GENERIC | POLYPROPYLENE_PP,3,9
NAME::ITEM_73a1a3877fc987c11db5,에비스타플러스정_(1정)(알보젠코리아(주))-1정,ALUMINUM | PHARMA_API_GENERIC | POLYPROPYLENE_PP,3,9
NAME::ITEM_3908a12f622a742cd6c8,아박심 160U 성인용주(사노피파스퇴르),ALUMINUM | PHARMA_API_GENERIC | POLYPROPYLENE_PP,3,9
NAME::ITEM_5cbaf9f2e5a240f542c4,"◇휴마로그믹스25퀵펜주100단위/mL(유전자재조합,인슐린라이스프로25%,인슐린라이스프로프로타민현탁액75%)(300unit/3mL)(한국릴리(유))-3mL | 휴마로그믹스25퀵펜주100단위/밀리리터(유전자재조합,인슐린라이스프로25%와 인슐린라이스프로프로타민현탁액75%혼합액)_(300unit/3mL)(한국릴리(유))-3mL | 휴마로그믹스25퀵펜주100단위/밀리리터(유전자재조합,인슐린라이스프로25%와 인슐린라이스프로프로타민현탁액75%혼합액)_(300unit/3mL)(한국릴리(유))-3mL/펜",ALUMINUM | PHARMA_API_GENERIC | POLYPROPYLENE_PP,3,9
NAME::ITEM_5c86808ef6ca46c92eb3,리세드로플러스디정(동광제약(주))-1정 | 리세드로플러스디정_(1정)(동광제약(주))-1정,ALUMINUM | PHARMA_API_GENERIC | POLYPROPYLENE_PP,3,9
NAME::ITEM_7dd4bfefb933df381d8d,비코그린정(코오롱제약)-1정,ALUMINUM | PHARMA_API_GENERIC | POLYPROPYLENE_PP,3,9
NAME::ITEM_340c7b1fa9cb1c28a65e,멕시캄겔(피록시캄) | 멕시캄겔(피록시캄)(025g/50g)(에이프로젠제약(주))-50g/개,ALUMINUM | PIROXICAM | POLYPROPYLENE_PP,3,9
NAME::ITEM_436ba95c813c3d7f6312,클란자CR정(아세클로페낙)(한국유나이티드제약(주))-1정 | 클란자CR정(아세클로페낙)_(0.2g/1정)(한국유나이티드제약(주))-1정,ACECLOFENAC | ALUMINUM | POLYPROPYLENE_PP,3,9
NAME::ITEM_432fd7bbc8074f8acf48,리세드로플러스디정(동광제약(주))-1정 | 리세드로플러스디정_(1정)(동광제약(주))-1정,ALUMINUM | PHARMA_API_GENERIC | POLYPROPYLENE_PP,3,9
NAME::ITEM_42f21cd05092da566f45,쎄레브렉스캡슐200mg(파마시아코리아)-1캡슐,ALUMINUM | PHARMA_API_GENERIC | POLYPROPYLENE_PP,3,9
NAME::ITEM_4fda94d7dd94b8b8e901,세비카정 10/40밀리그램(한국다이이찌산쿄주식회사)-1정,ALUMINUM | PHARMA_API_GENERIC | POLYPROPYLENE_PP,3,9
NAME::ITEM_2885b6680d207934b9d6,○헤르벤주50mg[CCB(Diltiazem)](에이치케이이노엔(주))-1병 | 헤르벤주50밀리그램(딜티아젬염산염)_(50mg/1병)(에이치케이이노엔(주))-1병,DILTIAZEM | PHARMA_API_GENERIC,2,9
NAME::ITEM_284faf8adf2dcdbe8559,아이스타정80/5mg_(1정)((주)인트로팜텍)-1정,ALUMINUM | PHARMA_API_GENERIC | POLYPROPYLENE_PP,3,9
NAME::ITEM_28291ea186df783286f6,다파시타엠서방정5/50/1000밀리그램_(1정)(대원제약(주))-1정,ALUMINUM | PHARMA_API_GENERIC | POLYPROPYLENE_PP,3,9
NAME::ITEM_28271a60e47b3efe3639,프리텐션플러스정40/12.5밀리그램 ((주) 다산메디켐)-1정,ALUMINUM | PHARMA_API_GENERIC | POLYPROPYLENE_PP,3,9
NAME::ITEM_9ac007099e039f674c3c,투투포지정5/160밀리그램(한국코러스(주))-1정,ALUMINUM | PHARMA_API_GENERIC | POLYPROPYLENE_PP,3,9
NAME::ITEM_eaf6584bf38a516b0a94,하이메트정15/850밀리그램_(1정)((주)화이트생명과학)-1정,ALUMINUM | PHARMA_API_GENERIC | POLYPROPYLENE_PP,3,9
NAME::ITEM_eabc5c55227d7d932f44,로자인플러스에프정((주)씨티씨바이오)-1정 | 로자인플러스에프정_(1정)((주)씨티씨바이오)-1정,ALUMINUM | PHARMA_API_GENERIC | POLYPROPYLENE_PP,3,9
NAME::ITEM_b9942bb19c4d5dd0424e,제스판정(종근당)-1정(보훈급여),ALUMINUM | PHARMA_API_GENERIC | POLYPROPYLENE_PP,3,9
NAME::ITEM_d32b177e2aefa13e1016,젠콤정(넥스팜코리아)-정,ALUMINUM | PHARMA_API_GENERIC | POLYPROPYLENE_PP,3,9
NAME::ITEM_f9b8ad8ecb47cf408728,올딥정5/40밀리그램((주)일화)-1정 | 올딥정5/40밀리그램_(1정)((주)일화)-1정,ALUMINUM | PHARMA_API_GENERIC | POLYPROPYLENE_PP,3,9
NAME::ITEM_65b4fb9be4511e5a88ba,"에브젯정10/10밀리그램(에제티미브, 아토르바스타틴)_(1정)((주)이든파마)-1정 | 에브젯정10/10밀리그램_(1정)((주)이든파마)-1정",EZETIMIBE_ATORVASTATIN | ROSUVASTATIN_EZETIMIBE,2,9
NAME::ITEM_d3c28f680be04de2e52a,테라메트엑스알서방정100/1000밀리그램_(1정)((주)테라젠이텍스)-1정,ALUMINUM | PHARMA_API_GENERIC | POLYPROPYLENE_PP,3,9
NAME::ITEM_969b944db6dfd1de78c1,"오엔지질연질캡슐(수출명:LBS Soft Cap., Neonypol Soft Cap.)((주)테라젠이텍스)-1캡슐",ALUMINUM | PHARMA_API_GENERIC | POLYPROPYLENE_PP,3,9
NAME::ITEM_1d0e079eae4afd317f96,그랑페롤 연질캡슐 1000IU,ALUMINUM | PHARMA_API_GENERIC | POLYPROPYLENE_PP,3,9
NAME::ITEM_bd2247feb25a33c7ac94,글로나제정(스트렙토키나제?스트렙토도르나제)((주)한국글로벌제약)-1정,ALUMINUM | PHARMA_API_GENERIC | POLYPROPYLENE_PP,3,9
NAME::ITEM_766584b84f3f7b58cac1,후라베린큐엑스정(일동제약)-1정,ALUMINUM | PHARMA_API_GENERIC | POLYPROPYLENE_PP,3,9
NAME::ITEM_609dd4e5b5f79e04294a,페인리스서방정_(1정)(주식회사제뉴원사이언스)-1정,ALUMINUM | POLYPROPYLENE_PP | TRAMADOL_ACETAMINOPHEN,3,9
NAME::ITEM_19eeedc8747ae6fb1d82,이부날시럽(이부프로펜)_(10g/500mL)(우리들제약(주))-500(1)mL/병,ALUMINUM | IBUPROFEN | POLYPROPYLENE_PP,3,9
NAME::ITEM_6924dc5df496b80305d0,올메론정10밀리그램(올메사탄메독소밀),ALUMINUM | PHARMA_API_GENERIC | POLYPROPYLENE_PP,3,9
NAME::ITEM_60e7c39cc5c6da3622b7,듀오엠정80/5밀리그램_(1정)(맥널티제약(주))-1정,ALUMINUM | PHARMA_API_GENERIC | POLYPROPYLENE_PP,3,9
NAME::ITEM_60d7bd48fe7479ae373a,올메딜에이치씨티정5/40/12.5밀리그램_(1정)((주)메디카코리아)-1정,ALUMINUM | PHARMA_API_GENERIC | POLYPROPYLENE_PP,3,9
NAME::ITEM_6c8eab827fca8d01931b,듀얼스타정40/5밀리그램_(1정)(국제약품(주))-1정,ALUMINUM | PHARMA_API_GENERIC | POLYPROPYLENE_PP,3,9
NAME::ITEM_5a43fbacaad7da4163b0,"어린이타이레놀현탁액(무색소)_(16g/500mL)((주)한국얀센)-500(1)mL/병 | 어린이타이레놀현탁액_(아세트아미노펜(미분화), 16g/500mL)(무색소)((주)한국얀센)-500(1)mL/병",ACETAMINOPHEN | ALUMINUM | POLYPROPYLENE_PP,3,9
NAME::ITEM_95bd53c98fd815188584,맨소래담로숀(영진약품공업)-1ml | 맨소래담로숀-75ml,ALUMINUM | METHYL_SALICYLATE | POLYPROPYLENE_PP,3,9
NAME::ITEM_94828638e92ec26bad03,씨엠지멜록시캄캡슐7.5mg((주)씨엠지제약)-1캡슐 | 씨엠지멜록시캄캡슐7.5mg_(7.5mg/1캡슐)((주)씨엠지제약)-1캡슐,ALUMINUM | PHARMA_API_GENERIC | POLYPROPYLENE_PP,3,9
NAME::ITEM_efcfc7a2bff97603d476,에스올정40밀리그램(올메사탄메독소밀) (삼익제약(주))-1정,ALUMINUM | PHARMA_API_GENERIC | POLYPROPYLENE_PP,3,9
NAME::ITEM_ef91d9cc33197c9fa506,올딥에이치씨티정5/40/12.5밀리그램_(1정)((주)일화)-1정,ALUMINUM | PHARMA_API_GENERIC | POLYPROPYLENE_PP,3,9
NAME::ITEM_fb9a7684d4036f50b624,휴니즈리세드론산나트륨정(리세드론산나트륨2.5수화물)_(40.2mg/1정)((주)휴온스메디텍)-1정,ALUMINUM | PHARMA_API_GENERIC | POLYPROPYLENE_PP,3,9
NAME::ITEM_31a2d4e59a927591efa7,알렌드본플러스디정(알리코제약(주))-1정 | 알렌드본플러스디정_(1정)(알리코제약(주))-1정,ALUMINUM | PHARMA_API_GENERIC | POLYPROPYLENE_PP,3,9
NAME::ITEM_814202edc6489dd7d5a2,안티푸라민연고(유한양행)-500g | 안티푸라민연고(유한양행)-g,ALUMINUM | METHYL_SALICYLATE | POLYPROPYLENE_PP,3,9
NAME::ITEM_d1b5e6e541e1b8de3cb3,로제케이정10/10밀리그램_(1정)(광동제약(주))-1정,ALUMINUM | PHARMA_API_GENERIC | POLYPROPYLENE_PP,3,9
NAME::ITEM_d177cea28b98dee3195c,세비카에이치씨티정10/40/12.5밀리그램_(1정)(한국다이이찌산쿄(주))-1정,ALUMINUM | PHARMA_API_GENERIC | POLYPROPYLENE_PP,3,9
NAME::ITEM_1316976c45c29c4181c3,드롭탑정10/10밀리그램_(1정)(일동제약(주))-1정,ALUMINUM | PHARMA_API_GENERIC | POLYPROPYLENE_PP,3,9
NAME::ITEM_e9b6f0a1cadd82337772,콕시원캡슐(세레콕시브)_(0.2g/1캡슐)((주)중헌제약)-1캡슐 | 콕시원캡슐200밀리그램(세레콕시브)_(0.2g/1캡슐)((주)중헌제약)-1캡슐,ALUMINUM | CELECOXIB | POLYPROPYLENE_PP,3,9
NAME::ITEM_918f687f567ef62a3b40,(삼도봉)트라제트겔(피록시캄)(025g/50g)(아이큐어(주))-50g/개 | 트라제트겔(피록시캄)(025g/50g)(아이큐어(주))-50g/개,ALUMINUM | PIROXICAM | POLYPROPYLENE_PP,3,9
NAME::ITEM_c1c95856b298cf014174,맨소래담로숀(영진약품공업)-1ml | 맨소래담로숀-75ml,ALUMINUM | METHYL_SALICYLATE | POLYPROPYLENE_PP,3,9
NAME::ITEM_c1ae24be7c18cb2aaa97,트윈하이정40/10밀리그램_(1정)((주)제뉴파마)-1정 | 트윈하이정40/10밀리그램_(1정)(콜마파마(주))-1정,ALUMINUM | PHARMA_API_GENERIC | POLYPROPYLENE_PP,3,9
NAME::ITEM_2bf5b925bfd0a2b29e8c,에스카정10/40밀리그램_(1정)(삼익제약(주))-1정,ALUMINUM | PHARMA_API_GENERIC | POLYPROPYLENE_PP,3,9
NAME::ITEM_2b7e9af1574ff0380cb4,넬슨가바펜틴캡슐100밀리그램_(0.1g/1캡슐)(한국넬슨제약(주))-1캡슐,ALUMINUM | PHARMA_API_GENERIC | POLYPROPYLENE_PP,3,9
NAME::ITEM_525fa145d663fb5eacd4,아주스타정40/10밀리그램_(1정)(아주약품(주))-1정,ALUMINUM | PHARMA_API_GENERIC | POLYPROPYLENE_PP,3,9
NAME::ITEM_464c38999209dfaad37a,○헤르벤주50mg[CCB(Diltiazem)](에이치케이이노엔(주))-1병 | 헤르벤주50밀리그램(딜티아젬염산염)_(50mg/1병)(에이치케이이노엔(주))-1병,DILTIAZEM | PHARMA_API_GENERIC,2,9
NAME::ITEM_c2278cc7a0bc91b9b8d9,브렉시브캡슐(세레콕시브)((주)경보제약)-1캡슐 | 브렉시브캡슐(세레콕시브)_(0.2g/1캡슐)((주)경보제약)-1캡슐,ALUMINUM | CELECOXIB | POLYPROPYLENE_PP,3,9
NAME::ITEM_80e4b1f4f4e09b9b03dc,백초시럽플러스(100mL)((주)녹십자)-100mL/병 | 백초시럽플러스(100mL)((주)녹십자)-5ml/포,ALUMINUM | PHARMA_API_GENERIC | POLYPROPYLENE_PP,3,9
NAME::ITEM_329c36de2894c7cb87ca,씨엠지멜록시캄캡슐7.5mg((주)씨엠지제약)-1캡슐 | 씨엠지멜록시캄캡슐7.5mg_(7.5mg/1캡슐)((주)씨엠지제약)-1캡슐,ALUMINUM | PHARMA_API_GENERIC | POLYPROPYLENE_PP,3,9
NAME::ITEM_d01b97f12ba1bbad696b,클래로신정 250밀리그램(클리리트로마이신)-1정,ALUMINUM | PHARMA_API_GENERIC | POLYPROPYLENE_PP,3,9
NAME::ITEM_cf60c7b03d1d4f6328be,텔미로플러스정80/12.5mg (비알엔사이언스(주))-1정 | 텔미로플러스정80/12.5mg_(1정)((주)제뉴파마)-1정,ALUMINUM | PHARMA_API_GENERIC | POLYPROPYLENE_PP,3,9
NAME::ITEM_51d84fd066baf3a4df94,아펙정(아세클로페낙) (메딕스제약(주))-1정 | 아펙정(아세클로페낙)_(0.1g/1정)(메딕스제약(주))-1정,ACECLOFENAC | ACRYLIC_ADHESIVE | ALUMINUM | NONWOVEN_FABRIC_SPUNBOND | POLYPROPYLENE_PP,5,9
NAME::ITEM_3c4b1cb316c67f006131,테라립틴듀오서방정10/500밀리그램_(1정)((주)팜젠사이언스)-1정,ALUMINUM | PHARMA_API_GENERIC | POLYPROPYLENE_PP,3,9
NAME::ITEM_3c3fa7d0df1cdca5c258,헤모콤플러스연질캡슐(1캡슐)(일양약품(주))-1캡슐,ALUMINUM | PHARMA_API_GENERIC | POLYPROPYLENE_PP,3,9
NAME::ITEM_3bc3a37f397f88c61e52,코포나시럽(한국콜마(주))-1mL,ALUMINUM | PHARMA_API_GENERIC | POLYPROPYLENE_PP,3,9
NAME::ITEM_0c91a2e7735fb33ae686,한방동의고카타플라스마(8X12cm2/1매)((주)티디에스팜)-1매,ALUMINUM | METHYL_SALICYLATE | POLYPROPYLENE_PP,3,9
NAME::ITEM_0c08689c52a0c6d0e413,레고렉스캡슐200밀리그램(세레콕시브)_(0.2g/1캡슐)((주)바스칸바이오제약)-1캡슐 | 쎄브렉캡슐200밀리그램(세레콕시브)_(0.2g/1캡슐)((주)바스칸바이오제약)-1캡슐,ALUMINUM | CELECOXIB | POLYPROPYLENE_PP,3,9
NAME::ITEM_9056a3f935404cc899bf,트윈맥스정80/5밀리그램(한국프라임제약(주))-1정 | 트윈맥스정80/5밀리그램_(1정)(한국프라임제약(주))-1정,ALUMINUM | PHARMA_API_GENERIC | POLYPROPYLENE_PP,3,9
NAME::ITEM_f037f21a67e238fa41f3,로프로펜정(록소프로펜나트륨수화물)(익수제약(주))-1정 | 로프로펜정(록소프로펜나트륨수화물)_(68.1mg/1정)(익수제약(주))-1정,ALUMINUM | LOXOPROFEN | POLYPROPYLENE_PP,3,9
NAME::ITEM_900a4810aff5f9f41f51,게리드엠정((주)한국파비스제약)-1정 | 게리드엠정_(1정)((주)한국파비스제약)-1정,ALUMINUM | PHARMA_API_GENERIC | POLYPROPYLENE_PP,3,9
NAME::ITEM_7571bc7a1d60ff3fd602,로시덴겔(피로시캄)(수출명:SPPiroxicamGelSHINPOONGROSIDENGel)_(0.5g/100g)(신풍제약(주))-100g/개 | 로시덴겔(피록시캄)_(0.5g/100g)(신풍제약(주))-100g/개,ALUMINUM | PIROXICAM | POLYPROPYLENE_PP,3,9
NAME::ITEM_368a280d3656ca03f478,세비로텐정5/20밀리그램((주)메디카코리아)-1정 | 세비로텐정5/20밀리그램_(1정)((주)메디카코리아)-1정,ALUMINUM | PHARMA_API_GENERIC | POLYPROPYLENE_PP,3,9
NAME::ITEM_598610b580552c9d2494,애드원정(1정)((주)유앤생명과학)-1정,ALUMINUM | PHARMA_API_GENERIC | POLYPROPYLENE_PP,3,9
NAME::ITEM_5974bddc27311abf8862,레고렉스캡슐200밀리그램(세레콕시브)_(0.2g/1캡슐)((주)바스칸바이오제약)-1캡슐 | 쎄브렉캡슐200밀리그램(세레콕시브)_(0.2g/1캡슐)((주)바스칸바이오제약)-1캡슐,ALUMINUM | CELECOXIB | POLYPROPYLENE_PP,3,9
NAME::ITEM_590ff0ae6d429b1f10ce,(삼도봉)트라제트겔(피록시캄)(025g/50g)(아이큐어(주))-50g/개 | 트라제트겔(피록시캄)(025g/50g)(아이큐어(주))-50g/개,ALUMINUM | PIROXICAM | POLYPROPYLENE_PP,3,9
NAME::ITEM_5b0a3aa2fdab000c1a4c,백초시럽플러스(100mL)((주)녹십자)-100mL/병 | 백초시럽플러스(100mL)((주)녹십자)-5ml/포,ALUMINUM | PHARMA_API_GENERIC | POLYPROPYLENE_PP,3,9
NAME::ITEM_5b060c504665d77134f1,제뉴원세레콕시브캡슐200밀리그램(세레콕시브)_(0.2g/1캡슐)(주식회사제뉴원사이언스)-1캡슐 | 한국콜마세레콕시브캡슐200밀리그램(세레콕시브)(한국콜마(주))-1캡슐,ALUMINUM | CELECOXIB | POLYPROPYLENE_PP,3,9
NAME::ITEM_179dde587b73e0ca7c4c,텔미로플러스정80/12.5mg (비알엔사이언스(주))-1정 | 텔미로플러스정80/12.5mg_(1정)((주)제뉴파마)-1정,ALUMINUM | PHARMA_API_GENERIC | POLYPROPYLENE_PP,3,9
NAME::ITEM_1760f8dd9292a72dfc5c,안티푸라민연고(유한양행)-500g | 안티푸라민연고(유한양행)-g,ALUMINUM | METHYL_SALICYLATE | POLYPROPYLENE_PP,3,9
NAME::ITEM_8490d1b9a97e59a256b0,다파론정5밀리그램(다파글리플로진비스L프롤린)_(7.8mg/1정)(한미약품(주))-1정,ALUMINUM | PHARMA_API_GENERIC | POLYPROPYLENE_PP,3,9
NAME::ITEM_8476b939bfd703d06279,게리드엠정((주)한국파비스제약)-1정 | 게리드엠정_(1정)((주)한국파비스제약)-1정,ALUMINUM | PHARMA_API_GENERIC | POLYPROPYLENE_PP,3,9
NAME::ITEM_84750c0c802c5f5cab72,아로낙정(아세클로페낙)((주)유영제약)-1정,ACECLOFENAC | ALUMINUM | POLYPROPYLENE_PP,3,9
NAME::ITEM_8686b17eb082d0c2d68a,텔미칸플러스정80/12.5밀리그램(제일약품(주))-1정,ALUMINUM | PHARMA_API_GENERIC | POLYPROPYLENE_PP,3,9
NAME::ITEM_862159af0d771930cccf,씨엠지니세르골린정30밀리그램_(30mg/1정)((주)씨엠지제약)-1정,ALUMINUM | PHARMA_API_GENERIC | POLYPROPYLENE_PP,3,9
NAME::ITEM_30397ced4470398455ae,제뉴원세레콕시브캡슐200밀리그램(세레콕시브)_(0.2g/1캡슐)(주식회사제뉴원사이언스)-1캡슐 | 한국콜마세레콕시브캡슐200밀리그램(세레콕시브)(한국콜마(주))-1캡슐,ALUMINUM | CELECOXIB | POLYPROPYLENE_PP,3,9
NAME::ITEM_5531d5d30256291dc49d,리나제틴듀오정2.5/500밀리그램_(1정)(일동제약(주))-1정,ALUMINUM | PHARMA_API_GENERIC | POLYPROPYLENE_PP,3,9
NAME::ITEM_8cb5939de36ba25d46c9,올메듀오정5/40밀리그램((주)휴온스)-1정,ALUMINUM | PHARMA_API_GENERIC | POLYPROPYLENE_PP,3,9
NAME::ITEM_f213be8e9c6fdc125cf0,아세크릴정100밀리그램(아세클로페낙)_(0.1g/1정)((주)중헌제약)-1정,ACECLOFENAC | ALUMINUM | POLYPROPYLENE_PP,3,9
NAME::ITEM_f1659ae2a5549028c104,"에브젯정10/10밀리그램(에제티미브, 아토르바스타틴)_(1정)((주)이든파마)-1정 | 에브젯정10/10밀리그램_(1정)((주)이든파마)-1정",EZETIMIBE_ATORVASTATIN | ROSUVASTATIN_EZETIMIBE,2,9
NAME::ITEM_c9a67a48c59f02034627,아목사실린캅셀 500mg,ALUMINUM | PHARMA_API_GENERIC | POLYPROPYLENE_PP,3,9
NAME::ITEM_c927783457fd23955bae,맥시부펜시럽(덱시부프로펜)_(0.6g/50mL)(한미약품(주))-50(1)mL/병 | 맥시부펜시럽_(0.6g/50mL)(한미약품(주))-50(1)mL/병,ALUMINUM | DEXIBUPROFEN | PHARMA_API_GENERIC | POLYPROPYLENE_PP,4,9
NAME::ITEM_17b45f2062c6b26f704c,올딥정5/40밀리그램((주)일화)-1정 | 올딥정5/40밀리그램_(1정)((주)일화)-1정,ALUMINUM | PHARMA_API_GENERIC | POLYPROPYLENE_PP,3,9
NAME::ITEM_8e0fe9df01c37595ee37,캐롤시럽(이부프로펜)_(10g/500mL)(일동제약(주))-500(1)mL/병,ALUMINUM | IBUPROFEN | POLYPROPYLENE_PP,3,9
NAME::ITEM_7857b70e218f692a0281,로자인플러스에프정((주)씨티씨바이오)-1정 | 로자인플러스에프정_(1정)((주)씨티씨바이오)-1정,ALUMINUM | PHARMA_API_GENERIC | POLYPROPYLENE_PP,3,9
NAME::ITEM_4c12594e8d40dd6e5cfe,제스탈정((주)뉴젠팜 | 제스탈정(일성신약(주)),ALUMINUM | PHARMA_API_GENERIC | POLYPROPYLENE_PP,3,9
NAME::ITEM_586ee7d44336e3f1b45e,메틸솔론정4mg(메틸프레드니솔론)-1정 | 메틸솔론정4mg(메틸프레드니솔론)_(4mg/1정)(삼아제약(주))-1정,ALUMINUM | METHYLPREDNISOLONE | PARAFFIN_PETROLEUM | PHARMA_API_GENERIC | POLYPROPYLENE_PP,5,9
NAME::ITEM_3fc13e000116bd2154b9,울트라셋이알세미서방정((주)한국얀센)-1정 | 울트라셋이알세미서방정_(1정)((주)한국얀센)-1정,ALUMINUM | POLYPROPYLENE_PP | TRAMADOL_ACETAMINOPHEN,3,9
NAME::ITEM_cb0054f912c83063b038,세비로텐정5/20밀리그램((주)메디카코리아)-1정 | 세비로텐정5/20밀리그램_(1정)((주)메디카코리아)-1정,ALUMINUM | PHARMA_API_GENERIC | POLYPROPYLENE_PP,3,9
NAME::ITEM_ce52008fa91a59d75362,세레온캡슐(세레콕시브)((주)휴온스)-1캡슐,ALUMINUM | CELECOXIB | POLYPROPYLENE_PP,3,9
NAME::ITEM_ce3c41b7e1758c5ae923,콕시원캡슐(세레콕시브)_(0.2g/1캡슐)((주)중헌제약)-1캡슐 | 콕시원캡슐200밀리그램(세레콕시브)_(0.2g/1캡슐)((주)중헌제약)-1캡슐,ALUMINUM | CELECOXIB | POLYPROPYLENE_PP,3,9
NAME::ITEM_ce3ad9f5e7782346ae51,헤파텍트캡슐(익수제약(주))-1캡슐 | 헤파텍트캡슐_(1캡슐)(익수제약(주))-1캡슐,ALUMINUM | PHARMA_API_GENERIC | POLYPROPYLENE_PP,3,9
NAME::ITEM_3f2e1a4c08481d9be2b3,가베린연질캡슐((주)한국파마)-1캡슐,ALUMINUM | PHARMA_API_GENERIC | POLYPROPYLENE_PP,3,9
NAME::ITEM_f7415c4c0bfe24995a35,자누믹스정50/500밀리그램_(1정)((주)다산제약)-1정,ALUMINUM | PHARMA_API_GENERIC | POLYPROPYLENE_PP,3,9
NAME::ITEM_8a5d165615bc21ab8d21,케펜텍플라스타(제일약품)-1매,ALUMINUM | KETOPROFEN | POLYPROPYLENE_PP,3,9
NAME::ITEM_89ee124c80352fc94b21,케토톱겔(케토프로펜)((주)한독)-1g,ALUMINUM | KETOPROFEN | POLYPROPYLENE_PP,3,9
NAME::ITEM_8ba0eb3117f92eddabae,하이퍼텔미플러스정40/12.5mg_(1정)(한국휴텍스제약(주))-1정,ALUMINUM | PHARMA_API_GENERIC | POLYPROPYLENE_PP,3,9
NAME::ITEM_f28b326a3cc6b054baec,암로탄정5/80밀리그램_(1정)((주)일화)-1정,ALUMINUM | PHARMA_API_GENERIC | POLYPROPYLENE_PP,3,9
NAME::ITEM_e81eb2dd5a386d8c6f11,메틸솔론정4mg(메틸프레드니솔론)-1정 | 메틸솔론정4mg(메틸프레드니솔론)_(4mg/1정)(삼아제약(주))-1정,ALUMINUM | METHYLPREDNISOLONE | PARAFFIN_PETROLEUM | PHARMA_API_GENERIC | POLYPROPYLENE_PP,5,9
NAME::ITEM_e7e67f44ee0ecc97eeb7,바루돈현탁액(10mL)(태극제약(주))-10mL/포,ALUMINUM | PHARMA_API_GENERIC | POLYPROPYLENE_PP,3,9
NAME::ITEM_e772fb1f04538b7b864a,휴비스트아스피린장용정((주)휴비스트제약)-1정,ALUMINUM | ASPIRIN | POLYPROPYLENE_PP,3,9
NAME::ITEM_e6fa8c00ff8b8b5a2cb2,에클로펜정(아세클로페낙)(화일약품(주))-1정,ACECLOFENAC | ALUMINUM | POLYPROPYLENE_PP,3,9
NAME::ITEM_e6cde89e273e96dfae28,네시나메트정12.5/500밀리그램_(1정)((주)셀트리온제약)-1정,ALUMINUM | PHARMA_API_GENERIC | POLYPROPYLENE_PP,3,9
NAME::ITEM_e231ba5ee5915a75f9e9,아모부로펜주(이부프로펜)(04g/4mL)((주)휴온스)-400mg/4mL/병 | 아모부로펜주(이부프로펜)(04g/4mL)((주)휴온스)-4mL/병,ALUMINUM | IBUPROFEN | POLYPROPYLENE_PP,3,9
NAME::ITEM_e1f23b7279d372d31b9d,지스로맥스정250mg(한국화이자)-1정(원내약),ALUMINUM | PHARMA_API_GENERIC | POLYPROPYLENE_PP,3,9
NAME::ITEM_ff0b49f94dea1fc364cb,케토파인겔(태극제약)-1g,ALUMINUM | KETOPROFEN | POLYPROPYLENE_PP,3,9
NAME::ITEM_3d84180cdeab7365929e,에스케이헤모원캡슐(SK케미칼),ALUMINUM | PHARMA_API_GENERIC | POLYPROPYLENE_PP,3,9
NAME::ITEM_e35b18a33321ca3af91d,트윈맥스정80/5밀리그램(한국프라임제약(주))-1정 | 트윈맥스정80/5밀리그램_(1정)(한국프라임제약(주))-1정,ALUMINUM | PHARMA_API_GENERIC | POLYPROPYLENE_PP,3,9
NAME::ITEM_630f6fdbf7f99cab654b,멕시캄겔(피록시캄) | 멕시캄겔(피록시캄)(025g/50g)(에이프로젠제약(주))-50g/개,ALUMINUM | PIROXICAM | POLYPROPYLENE_PP,3,9
NAME::ITEM_fc88f2ebfdcca1c4cfb6,브렉시브캡슐(세레콕시브)((주)경보제약)-1캡슐 | 브렉시브캡슐(세레콕시브)_(0.2g/1캡슐)((주)경보제약)-1캡슐,ALUMINUM | CELECOXIB | POLYPROPYLENE_PP,3,9
NAME::ITEM_ff80917dc1cc15e0b35a,아모부로펜주(이부프로펜)(04g/4mL)((주)휴온스)-400mg/4mL/병 | 아모부로펜주(이부프로펜)(04g/4mL)((주)휴온스)-4mL/병,ALUMINUM | IBUPROFEN | POLYPROPYLENE_PP,3,9
NAME::ITEM_00a3c944b455289959cb,올탄플러스정20/12.5밀리그램(유니메드제약(주))-1정,ALUMINUM | PHARMA_API_GENERIC | POLYPROPYLENE_PP,3,9
NAME::ITEM_3e98296c3cecc9379f04,제일덱사메타손주사액(덱사메타손포스페이트이나트륨)_(20mg/4mL)((주)제일제약)-4mL/앰플,DEXAMETHASONE | PARAFFIN_PETROLEUM,2,8
NAME::ITEM_fe30faf10a121faf46e8,B형간염 예방접종(성인) | 헤파박스 1ml,BIOLOGICS_CELL_CULTURE | LIPID_NANOPARTICLE | MATERIAL_UNSPECIFIED,3,8
NAME::ITEM_feb9224e99ace2185ee8,우리들시프로플록사신정250mg(시프로플록사신염산염)_(0.291g/1정)((주)팜젠사이언스)-1정 | 우리들시프로플록사신정250mg(시프로플록사신염산염)_(0.291g/1정)(우리들제약(주))-1정 | 팜젠시프로플록사신정250mg(시프로플록사신염산염)_(0.291g/1정)((주)팜젠사이언스)-1정,CIPROFLOXACIN | PHARMA_API_GENERIC,2,8
NAME::ITEM_fee6a9b93553f3732794,○일성이솦틴주사[CCB](Verapamil)(5mg/2mL)(일성아이에스(주))-2mL/앰플 | 일성이솦틴주사(베라파밀염산염)_(5mg/2mL)(일성신약(주))-2mL/앰플 | 일성이솦틴주사(베라파밀염산염)_(5mg/2mL)(일성아이에스(주))-2mL/앰플,PHARMA_API_GENERIC | VERAPAMIL,2,8
NAME::ITEM_cd1b1736b4623923ea6a,플루코팜정150밀리그램(플루코나졸)(일동제약(주))-1정,FLUCONAZOLE | PARAFFIN_PETROLEUM,2,8
NAME::ITEM_a9e2467c8c06d8c521e5,일본뇌염0.5mL씨디제박스(글로박스),BIOLOGICS_CELL_CULTURE | LIPID_NANOPARTICLE,2,8
NAME::ITEM_0aab36ef386a2fe03470,글리아타민정(콜린알포세레이트) | 글리아타민정(콜린알포세레이트)_(0.4g/1정)(대웅바이오(주))-1정,ALUMINUM | CHOLINE_ALFOSCERATE | PHARMA_API_GENERIC | POLYPROPYLENE_PP,4,8
NAME::ITEM_a60ff8e029a54e1a7adf,트리돌주50mg(유한양행)-1mL/앰플 | 트리돌주50밀리그람(염산트라마돌)((주)유한양행)-1mL/앰플,PHARMA_API_GENERIC | TRAMADOL,2,8
NAME::ITEM_aa82bae02068213898cb,닥터로반연고(무피로신)_(0.3g/15g)(주식회사 더유제약)-15g/개,MUPIROCIN | PARAFFIN_PETROLEUM,2,8
NAME::ITEM_229cd15dedbd34e56988,그루타제정(크라운제약)-1정,MICROBIAL_FUNGAL_ENZYME | PANCREATIN_ANIMAL_ENZYME,2,8
NAME::ITEM_2491a04ac2fb90ddc6a0,노바손크림(15g)((주)녹십자)-15g/개,PARAFFIN_PETROLEUM | PHARMA_API_GENERIC,2,8
NAME::ITEM_4101b93505aa5ee09a84,카네스텐질정 100mg,CLOTRIMAZOLE | PARAFFIN_PETROLEUM,2,8
NAME::ITEM_a28a42d80dd9660e6a84,락티케어제마지스로션0.25%(프레드니카르베이트)_(0.15g/60g)((주)한국파마)-60g/개,PARAFFIN_PETROLEUM | PREDNICARBATE,2,8
NAME::ITEM_256538cb70c664ddd2e6,중외엔에스주사액(염화나트륨)(제이더블유생명과학(주))-250mL/백,GLUCOSE_CORNSTARCH | SODIUM_CHLORIDE,2,8
NAME::ITEM_645f6683cedf5a667808,"포러스안연고_(5g)(삼일제약(주))-5g/개 | 포러스안연고_(5mg,17.5mg,30KI.U/5g)(삼일제약(주))-5g/개",PARAFFIN_PETROLEUM | PHARMA_API_GENERIC,2,8
NAME::ITEM_22268ef926a50521f4b4,마데카솔분말(센텔라정량추출물)(06g/30g)(동국제약(주))-30g/통,CENTELLA_ASIATICA_EXTRACT | PARAFFIN_PETROLEUM,2,8
NAME::ITEM_e56b6c9601d1eddb1a5d,튼살크림,PARAFFIN_PETROLEUM | PHARMA_API_GENERIC,2,8
NAME::ITEM_4428e83674436c80d2aa,센시아정(센텔라정량추출물)(30mg/1정)(동국제약(주))-1정,CENTELLA_ASIATICA_EXTRACT | PARAFFIN_PETROLEUM,2,8
NAME::ITEM_3eca39f390d864e50873,비타민D | 일양 비타민C&D1000,VITAMIN_C | VITAMIN_SYNTHETIC_RAWMATERIAL,2,8
NAME::ITEM_3ee493d45547e9683513,대한포도당주사액(5%) 1000밀리리터(대한약품공업(주))-1000mL/백,GLUCOSE_CORNSTARCH | SODIUM_CHLORIDE,2,8
NAME::ITEM_cd6f5c85ff00e344b6fe,대한포도당주사액(5%) 50밀리리터(대한약품공업(주))-50mL/백,GLUCOSE_CORNSTARCH | SODIUM_CHLORIDE,2,8
NAME::ITEM_cbc29f3b7c99fa5c93b4,우리들시프로플록사신정250mg(시프로플록사신염산염)_(0.291g/1정)((주)팜젠사이언스)-1정 | 우리들시프로플록사신정250mg(시프로플록사신염산염)_(0.291g/1정)(우리들제약(주))-1정 | 팜젠시프로플록사신정250mg(시프로플록사신염산염)_(0.291g/1정)((주)팜젠사이언스)-1정,CIPROFLOXACIN | PHARMA_API_GENERIC,2,8
NAME::ITEM_a04215ad559c4962ac9c,베타베이트크림(클로베타솔프로피오네이트)_(7.5mg/15g)(고려제약(주))-15g/개,CLOBETASOL_PROPIONATE | PARAFFIN_PETROLEUM,2,8
NAME::ITEM_9f55fd17a1ee166f35d5,아나솔정(메틸프레드니솔론)(아주약품(주))-1정,METHYLPREDNISOLONE | PARAFFIN_PETROLEUM,2,8
NAME::ITEM_b479853ecdace3b0f8a5,"유박스비주(B형간염백신,유전자재조합)(002mg/1mL)((주)엘지화학)-1mL/병",BIOLOGICS_CELL_CULTURE | LIPID_NANOPARTICLE,2,8
NAME::ITEM_6e5a579b4e346eecd4d9,글리아타민정(콜린알포세레이트) | 글리아타민정(콜린알포세레이트)_(0.4g/1정)(대웅바이오(주))-1정,ALUMINUM | CHOLINE_ALFOSCERATE | PHARMA_API_GENERIC | POLYPROPYLENE_PP,4,8
NAME::ITEM_0a677cc16bb542ef9da0,트로나인크림(수출명:BORADERM),PARAFFIN_PETROLEUM | PHARMA_API_GENERIC,2,8
NAME::ITEM_9b1e10fc4627d56a7cd7,(한미약품)토바스트정10mg(아토르바스타틴칼슘)-1정 | 토바스트정10mg(한미약품)-1정 | 토바스트정10밀리그램(아토르바스타틴칼슘삼수화물)_(10.36mg/1정)(한미약품(주))-1정,ALUMINUM | ATORVASTATIN | PHARMA_API_GENERIC | POLYPROPYLENE_PP,4,8
NAME::ITEM_f9c04db5d68a6cb6da1b,베이덤 크림,PARAFFIN_PETROLEUM | PHARMA_API_GENERIC,2,8
NAME::ITEM_fad25eb170aa0e5cb701,발시버정500밀리그램(발라시클로버염산염세스키히드레이트)(한미약품(주))-1정 | 발시버정500밀리그램(발라시클로비르염산염1.5수화물)_(0.5978g/1정)(한미약품(주))-1정,ALUMINUM | PHARMA_API_GENERIC | POLYPROPYLENE_PP | VALACYCLOVIR,4,8
NAME::ITEM_b784ecf1195b430004d6,○일성이솦틴주사[CCB](Verapamil)(5mg/2mL)(일성아이에스(주))-2mL/앰플 | 일성이솦틴주사(베라파밀염산염)_(5mg/2mL)(일성신약(주))-2mL/앰플 | 일성이솦틴주사(베라파밀염산염)_(5mg/2mL)(일성아이에스(주))-2mL/앰플,PHARMA_API_GENERIC | VERAPAMIL,2,8
NAME::ITEM_4eadd1ad95400429a131,비타민D | 일양 비타민C&D1000,VITAMIN_C | VITAMIN_SYNTHETIC_RAWMATERIAL,2,8
NAME::ITEM_99d463458b233c3a8ead,카네스텐크림(바이엘코리아)-1g,CLOTRIMAZOLE | PARAFFIN_PETROLEUM,2,8
NAME::ITEM_6c46f6ecbdfc4ec5f854,젤콤 | 젤콤정-1정,ALUMINUM | MATERIAL_UNSPECIFIED | PHARMA_API_GENERIC | POLYPROPYLENE_PP,4,8
NAME::ITEM_9c028a86a2526f54a7e8,"트로페린점안액(1회용)_(0.8mL)(한미약품(주))-0.8mL/관 | 트로페린점안액(트로픽아미드,페닐레프린)(1회용)_(0.8mL)(한미약품(주))-0.8mL/관",PARAFFIN_PETROLEUM | PHARMA_API_GENERIC | TROPICAMIDE_PHENYLEPHRINE,3,8
NAME::ITEM_9ca307d5f30e7ac3b1c8,미보(MEBO)연고(02g/10g)((주)한도상사)-40g/개,PARAFFIN_PETROLEUM | PHARMA_API_GENERIC,2,8
NAME::ITEM_c9b0fe7f3e194f38c6da,무조무외용액(테르비나핀염산염)(03g/30mL)(신신제약(주))-30mL/병,PARAFFIN_PETROLEUM | TERBINAFINE,2,8
NAME::ITEM_7837bb3fa7962d3f9713,쎈다실크림1%(염산테르비나핀)_(0.2g/20g)(오스틴제약(주))-20g/개,PARAFFIN_PETROLEUM | TERBINAFINE,2,8
NAME::ITEM_54aad396328ffb8496a2,에스파손로션(0.25%)(데속시메타손)_(50mg/20mL)((주)한독)-20mL/병,PARAFFIN_PETROLEUM | PHARMA_API_GENERIC,2,8
NAME::ITEM_f82bfb572555d6a558ca,"가다실주 | 자궁경부암 4가(12-17세, 지자체무료)",MATERIAL_UNSPECIFIED | PHARMA_API_GENERIC,2,8
NAME::ITEM_eafdef6c4af4fb1e6572,안국니트로푸라존연고(09g/450g)(안국약품(주))-450g/통,PARAFFIN_PETROLEUM | PHARMA_API_GENERIC,2,8
NAME::ITEM_eb26b4a5867843af5e0d,중외20%포도당주사액 20밀리리터(제이더블유중외제약(주))-20mL/앰플,GLUCOSE_CORNSTARCH | SODIUM_CHLORIDE,2,8
NAME::ITEM_604419a73cc6514f7843,○일성이솦틴주사[CCB](Verapamil)(5mg/2mL)(일성아이에스(주))-2mL/앰플 | 일성이솦틴주사(베라파밀염산염)_(5mg/2mL)(일성신약(주))-2mL/앰플 | 일성이솦틴주사(베라파밀염산염)_(5mg/2mL)(일성아이에스(주))-2mL/앰플,PHARMA_API_GENERIC | VERAPAMIL,2,8
NAME::ITEM_bd40b9f2a55a81fd9244,우리들시프로플록사신정250mg(시프로플록사신염산염)_(0.291g/1정)((주)팜젠사이언스)-1정 | 우리들시프로플록사신정250mg(시프로플록사신염산염)_(0.291g/1정)(우리들제약(주))-1정 | 팜젠시프로플록사신정250mg(시프로플록사신염산염)_(0.291g/1정)((주)팜젠사이언스)-1정,CIPROFLOXACIN | PHARMA_API_GENERIC,2,8
NAME::ITEM_9630e7d27b79c7352032,메프나정(메틸프레드니솔론)((주)휴비스트제약)-1정 | 메프나정(메틸프레드니솔론)_(4mg/1정)((주)휴비스트제약)-1정,METHYLPREDNISOLONE | PARAFFIN_PETROLEUM,2,8
NAME::ITEM_b9a3587e48614f18f317,산텐미드린피점안액_(10mL)(한국산텐제약(주))-10mL/병,PARAFFIN_PETROLEUM | PHARMA_API_GENERIC,2,8
NAME::ITEM_f644c4a0b210385cf44a,"가다실주 | 자궁경부암 4가(12-17세, 지자체무료)",MATERIAL_UNSPECIFIED | PHARMA_API_GENERIC,2,8
NAME::ITEM_69893c9f909c2acc39d7,"겐트리손크림_(6.4mg,0.1g,10mg/10g)(신풍제약(주))-10g/개",BETAMETHASONE_CLOTRIMAZOLE_GENTAMICIN | PARAFFIN_PETROLEUM,2,8
NAME::ITEM_69b2025a555ed5da84f7,이노엔0.9%생리식염주사액_(0.9g/100mL)(에이치케이이노엔(주))-100mL/백,GLUCOSE_CORNSTARCH | SODIUM_CHLORIDE,2,8
NAME::ITEM_6a78bc6693ef8e59dd38,더마톱액0.25%(프레드니카르베이트)_(50mg/20mL)((주)한독)-20mL/통,PARAFFIN_PETROLEUM | PREDNICARBATE,2,8
NAME::ITEM_f1deeb964cd454e01964,대한포도당주사액(5%) 500밀리리터(대한약품공업(주))-500mL/병,GLUCOSE_CORNSTARCH | SODIUM_CHLORIDE,2,8
NAME::ITEM_4d63b2a5cd05a17aa3a4,발시버정500밀리그램(발라시클로버염산염세스키히드레이트)(한미약품(주))-1정 | 발시버정500밀리그램(발라시클로비르염산염1.5수화물)_(0.5978g/1정)(한미약품(주))-1정,ALUMINUM | PHARMA_API_GENERIC | POLYPROPYLENE_PP | VALACYCLOVIR,4,8
NAME::ITEM_957bca9aafa042aa3d1d,"아크라손크림(수출명:사프티덤크림(Saftidermcream)젠트리크림)_(6.4mg,0.1g,10mg/10g)(알리코제약(주))-10g/개",BETAMETHASONE_CLOTRIMAZOLE_GENTAMICIN | PARAFFIN_PETROLEUM,2,8
NAME::ITEM_95c286195ecadc3b948a,이노엔0.9%생리식염주사액_(9g/1000mL)(에이치케이이노엔(주))-1000mL/백,GLUCOSE_CORNSTARCH | SODIUM_CHLORIDE,2,8
NAME::ITEM_beb591623ac002b67acf,알마정(알마게이트)(제이에스제약(주))-1정,ALUMINUM_HYDROXIDE_MINERAL | MAGNESIUM_HYDROXIDE_MINERAL,2,8
NAME::ITEM_6c65302b9be711f47a20,영아 유산균 (12개월미만) | 영유아영양제,PROBIOTIC_BACTERIAL_CULTURE | VITAMIN_SYNTHETIC_RAWMATERIAL,2,8
NAME::ITEM_93b17b0b8b4f58f74552,"토바신디점안액(수출명:유니토바디점안액)_(5mg,15mg/5mL)(유니메드제약(주))-5mL/병",PARAFFIN_PETROLEUM | PHARMA_API_GENERIC,2,8
NAME::ITEM_49ad4193a5b6aec04451,레스포크림(테르비나핀염산염)_(0.15g/15g)((주)하원제약)-15g/개,PARAFFIN_PETROLEUM | TERBINAFINE,2,8
NAME::ITEM_4dd37f6c013561fb56c7,"트로페린점안액(1회용)_(0.8mL)(한미약품(주))-0.8mL/관 | 트로페린점안액(트로픽아미드,페닐레프린)(1회용)_(0.8mL)(한미약품(주))-0.8mL/관",PARAFFIN_PETROLEUM | PHARMA_API_GENERIC | TROPICAMIDE_PHENYLEPHRINE,3,8
NAME::ITEM_c36752eb729bbf64ecd4,네오덤크림(수출명:더마신크림)_(50g)(태극제약(주))-50g/개,BETAMETHASONE_CLOTRIMAZOLE_GENTAMICIN | PARAFFIN_PETROLEUM,2,8
NAME::ITEM_d2d5738a058d059b9514,모메손크림(푸로산모메타손)_(15mg/15g)(오스틴제약(주))-15g/개,MOMETASONE_FUROATE | PARAFFIN_PETROLEUM,2,8
NAME::ITEM_31d177fe80e57d9e1dc1,젤콤 | 젤콤정-1정,ALUMINUM | MATERIAL_UNSPECIFIED | PHARMA_API_GENERIC | POLYPROPYLENE_PP,4,8
NAME::ITEM_4172ac37ddecf1675d88,메프나정(메틸프레드니솔론)((주)휴비스트제약)-1정 | 메프나정(메틸프레드니솔론)_(4mg/1정)((주)휴비스트제약)-1정,METHYLPREDNISOLONE | PARAFFIN_PETROLEUM,2,8
NAME::ITEM_19b676f3528f60a4b9fd,오라메디연고(5mg/5g)(동국제약(주))-5g/개,PARAFFIN_PETROLEUM | TRIAMCINOLONE_ORAL,2,8
NAME::ITEM_6b06aeda080981d52d26,(한미약품)토바스트정10mg(아토르바스타틴칼슘)-1정 | 토바스트정10mg(한미약품)-1정 | 토바스트정10밀리그램(아토르바스타틴칼슘삼수화물)_(10.36mg/1정)(한미약품(주))-1정,ALUMINUM | ATORVASTATIN | PHARMA_API_GENERIC | POLYPROPYLENE_PP,4,8
NAME::ITEM_3c9eecb11dbd86b3166c,모테손나잘스프레이(모메타손푸로에이트)(한미약품(주))-140회/통,MOMETASONE_FUROATE | PARAFFIN_PETROLEUM,2,8
NAME::ITEM_e90ec4d5b6ee26d5ffef,하트만덱스액(제이더블유중외제약(주))-1000mL/백,GLUCOSE_CORNSTARCH | SODIUM_CHLORIDE,2,8
NAME::ITEM_14395dacd291f3f861d3,우리들시프로플록사신정250mg(시프로플록사신염산염)_(0.291g/1정)((주)팜젠사이언스)-1정 | 우리들시프로플록사신정250mg(시프로플록사신염산염)_(0.291g/1정)(우리들제약(주))-1정 | 팜젠시프로플록사신정250mg(시프로플록사신염산염)_(0.291g/1정)((주)팜젠사이언스)-1정,CIPROFLOXACIN | PHARMA_API_GENERIC,2,8
NAME::ITEM_17aa7b3937515872edbb,"트로페린점안액(1회용)_(0.8mL)(한미약품(주))-0.8mL/관 | 트로페린점안액(트로픽아미드,페닐레프린)(1회용)_(0.8mL)(한미약품(주))-0.8mL/관",PARAFFIN_PETROLEUM | PHARMA_API_GENERIC | TROPICAMIDE_PHENYLEPHRINE,3,8
NAME::ITEM_751d9c58f9b0398b6226,트리돌주50mg(유한양행)-1mL/앰플 | 트리돌주50밀리그람(염산트라마돌)((주)유한양행)-1mL/앰플,PHARMA_API_GENERIC | TRAMADOL,2,8
NAME::ITEM_f0702a90c49cc9892e44,비타바이탈씨(유한양행) | 유한비타민씨 1000mg (유한양행),ASCORBIC_ACID | VITAMIN_C,2,8
NAME::ITEM_8e75767e37906f5dcfa8,유박스(0.5ml)유료,BIOLOGICS_CELL_CULTURE | LIPID_NANOPARTICLE,2,8
NAME::ITEM_52d3e6cc64b462e7ed5c,베이덤 크림,PARAFFIN_PETROLEUM | PHARMA_API_GENERIC,2,8
NAME::ITEM_23a68a23d2e545e49b7f,"포러스안연고_(5g)(삼일제약(주))-5g/개 | 포러스안연고_(5mg,17.5mg,30KI.U/5g)(삼일제약(주))-5g/개",PARAFFIN_PETROLEUM | PHARMA_API_GENERIC,2,8
NAME::ITEM_e2c2d4b4c57d0911a677,비타바이탈씨(유한양행) | 유한비타민씨 1000mg (유한양행),ASCORBIC_ACID | VITAMIN_C,2,8
NAME::ITEM_022765378d88facf6695,임산부철분제 | 헤모맥스 | 헤모맥스(신신제약),IRON_MINERAL_COMPOUND | MATERIAL_UNSPECIFIED,2,7
NAME::ITEM_e2929546040217a8424b,오메가3 (BIO NATURAL CANADA) | 임산부영양제 (영양제) | 임산부오메가3,OMEGA3_FATTY_ACID | VITAMIN_SYNTHETIC_RAWMATERIAL,2,7
NAME::ITEM_e73f9b3f983d30b31db3,A형간염 0.5ml(대인) | A형간염(16세 이상) | A형간염(대인),MATERIAL_UNSPECIFIED | PHARMA_API_GENERIC,2,7
NAME::ITEM_cd03488b41311d142e5b,진통고 | 진통고 파스,ALUMINUM | MATERIAL_UNSPECIFIED | PHARMA_API_GENERIC | POLYPROPYLENE_PP,4,7
NAME::ITEM_2f75b4caad1b082f4af4,소페낙주사(디클로페낙나트륨)(아주약품(주))-2mL/앰플 | 소페낙주사(아주약품)-2mL/앰플,ALUMINUM | DICLOFENAC | PHARMA_API_GENERIC | POLYPROPYLENE_PP,4,7
NAME::ITEM_3f2f6ec5d194aa21a726,A형간염 0.5ml(대인) | A형간염(16세 이상) | A형간염(대인),MATERIAL_UNSPECIFIED | PHARMA_API_GENERIC,2,7
NAME::ITEM_eee6686aa9a940b9c6a4,임산부철분제 | 헤모맥스 | 헤모맥스(신신제약),IRON_MINERAL_COMPOUND | MATERIAL_UNSPECIFIED,2,7
NAME::ITEM_4b710307e5b9795986eb,리마몬정(리마프로스트알파-시클로덱스트린포접화합물)(한미약품(주))-1정 | 리마몬정(리마프로스트알파덱스)_(0.16667mg/1정)(한미약품(주))-1정,ALUMINUM | LIMAPROST | PHARMA_API_GENERIC | POLYPROPYLENE_PP,4,7
NAME::ITEM_5c28b8f9df1cc3da0b74,센트렉스 | 영양제 | 영양제(재가암),MATERIAL_UNSPECIFIED | VITAMIN_SYNTHETIC_RAWMATERIAL,2,7
NAME::ITEM_5c6a5a84dd4929a55f81,리마몬정(리마프로스트알파-시클로덱스트린포접화합물)(한미약품(주))-1정 | 리마몬정(리마프로스트알파덱스)_(0.16667mg/1정)(한미약품(주))-1정,ALUMINUM | LIMAPROST | PHARMA_API_GENERIC | POLYPROPYLENE_PP,4,7
NAME::ITEM_0e4516d8288ff028b10d,오메가3 (BIO NATURAL CANADA) | 임산부영양제 (영양제) | 임산부오메가3,OMEGA3_FATTY_ACID | VITAMIN_SYNTHETIC_RAWMATERIAL,2,7
NAME::ITEM_5878c64d1f0ee382b292,A형간염 0.5ml(대인) | A형간염(16세 이상) | A형간염(대인),MATERIAL_UNSPECIFIED | PHARMA_API_GENERIC,2,7
NAME::ITEM_65c1f707f04f8b4c41df,센트렉스 | 영양제 | 영양제(재가암),MATERIAL_UNSPECIFIED | VITAMIN_SYNTHETIC_RAWMATERIAL,2,7
NAME::ITEM_15eff53f9d7b0e7f31da,"란투스주솔로스타(사노피-아벤티스코리아)-3mL/관 | 란투스주솔로스타(인슐린글라진,유전자재조합)_(휴먼인슐린, 300I.U/3mL)((주)사노피-아벤티스코리아)-3mL/관",INSULIN_GLARGINE | MATERIAL_UNSPECIFIED,2,7
NAME::ITEM_1c4d4bf6fbb677270d55,소페낙주사(디클로페낙나트륨)(아주약품(주))-2mL/앰플 | 소페낙주사(아주약품)-2mL/앰플,ALUMINUM | DICLOFENAC | PHARMA_API_GENERIC | POLYPROPYLENE_PP,4,7
NAME::ITEM_cf605bb0bf5322e07481,하미돈현탁액(돔페리돈)_(0.5g/500mL)(코오롱제약(주))-500(1)mL/병 | 하미돈현탁액[GI Tract R&A]((돔페리돈)_(0.5g/500mL)(코오롱제약(주))-500(1)mL/병,ALUMINUM | DOMPERIDONE | PHARMA_API_GENERIC | POLYPROPYLENE_PP,4,7
NAME::ITEM_3100141589059be2ad02,오메가3 (BIO NATURAL CANADA) | 임산부영양제 (영양제) | 임산부오메가3,OMEGA3_FATTY_ACID | VITAMIN_SYNTHETIC_RAWMATERIAL,2,7
NAME::ITEM_62e7c70701d18a7bb862,하미돈현탁액(돔페리돈)_(0.5g/500mL)(코오롱제약(주))-500(1)mL/병 | 하미돈현탁액[GI Tract R&A]((돔페리돈)_(0.5g/500mL)(코오롱제약(주))-500(1)mL/병,ALUMINUM | DOMPERIDONE | PHARMA_API_GENERIC | POLYPROPYLENE_PP,4,7
NAME::ITEM_2399422dcec65d5fba4d,"란투스주솔로스타(사노피-아벤티스코리아)-3mL/관 | 란투스주솔로스타(인슐린글라진,유전자재조합)_(휴먼인슐린, 300I.U/3mL)((주)사노피-아벤티스코리아)-3mL/관",INSULIN_GLARGINE | MATERIAL_UNSPECIFIED,2,7
NAME::ITEM_00af8e9ee6842e2e7074,폴엔정(신일제약),ALUMINUM | PHARMA_API_GENERIC | POLYPROPYLENE_PP,3,6
NAME::ITEM_4943887bc64dafed733e,주블리아외용액 10% (동아에스티(주)) | 주블리아외용액-4ml/개,PARAFFIN_PETROLEUM | PHARMA_API_GENERIC,2,6
NAME::ITEM_a8aecb447b69b9b35069,헥사심프리필드시린지주(05mL)(사노피파스퇴르(주))-0.5mL/관,ALUMINUM | PHARMA_API_GENERIC | POLYPROPYLENE_PP,3,6
NAME::ITEM_748e78d6e969965fecad,알리코라푸티딘정10밀리그램_(10mg/1정)(알리코제약(주))-1정,ALUMINUM | PHARMA_API_GENERIC | POLYPROPYLENE_PP,3,6
NAME::ITEM_755f44302b9465583be9,텔미르플러스정80/12.5밀리그램_(1정)(한림제약(주))-1정,ALUMINUM | PHARMA_API_GENERIC | POLYPROPYLENE_PP,3,6
NAME::ITEM_75733bf7c70427e92933,알드맥플러스디정((주)씨티씨바이오)-1정,ALUMINUM | PHARMA_API_GENERIC | POLYPROPYLENE_PP,3,6
NAME::ITEM_8fd72c2a44c014ff61bf,일양바이오알벤다졸정(04g/1정)(일양바이오팜(주))-1정,ALUMINUM | PHARMA_API_GENERIC | POLYPROPYLENE_PP,3,6
NAME::ITEM_f0fd57461b0342000943,에버칼디정_(1정)((주)팜젠사이언스)-1정,ALUMINUM | PHARMA_API_GENERIC | POLYPROPYLENE_PP,3,6
NAME::ITEM_a629954040c7343e9130,B형간염(대인),BIOLOGICS_CELL_CULTURE | LIPID_NANOPARTICLE,2,6
NAME::ITEM_a65b30111f4b3e15fff0,아토에정10/10밀리그램_(1정)((주)일화)-1정,ALUMINUM | PHARMA_API_GENERIC | POLYPROPYLENE_PP,3,6
NAME::ITEM_a3a6e65b7eb6991bc168,글레딘엠정2/500밀리그램(삼진제약(주))-1정,ALUMINUM | PHARMA_API_GENERIC | POLYPROPYLENE_PP,3,6
NAME::ITEM_a4465b6095e89048d829,에소원탑정20/800밀리그램_(1정)(한림제약(주))-1정,ALUMINUM | PHARMA_API_GENERIC | POLYPROPYLENE_PP,3,6
NAME::ITEM_0f5cc8af42bc0e2ddfa1,237/세르비아캡슐/엔테로코쿠스페슘스트레인세르넬레68균30mg/테라젠이텍스 | 세르비아캅셀(스트렙토코카스페시움스트레인세르넬레68균)((주)테라젠이텍스)-1캡슐,ALUMINUM | PHARMA_API_GENERIC | POLYPROPYLENE_PP,3,6
NAME::ITEM_0f63f29776ba831adcca,슈넬무피로신연고_(0.3g/15g)(슈넬생명과학(주))-15g/개,MUPIROCIN | PARAFFIN_PETROLEUM,2,6
NAME::ITEM_e003d788fedcfe763e7e,대웅바이오록소프로펜정(록소프로펜나트륨수화물)(대웅바이오(주))-1정,ALUMINUM | LOXOPROFEN | POLYPROPYLENE_PP,3,6
NAME::ITEM_e0b187cb3b4d1baa1044,녹십자티디백신프리필드시린지주(05mL)((주)녹십자)-0.5mL/관 | 티디백신(녹십자),BIOLOGICS_CELL_CULTURE | LIPID_NANOPARTICLE,2,6
NAME::ITEM_7b54f073cbd21f4f1c28,"◇휴마로그퀵펜주100단위/mL(인슐린라이스프로,유전자재조합)(300unit/3mL)(한국릴리(유))-3mL/펜 | 휴마로그퀵펜주100단위/밀리리터(300unit/3mL)-3mL/펜",INSULIN_LISPRO | PHARMA_API_GENERIC,2,6
NAME::ITEM_df70e9011165dd9731a2,삼현제약백색바세린-100G | 종근당백색바세린(종근당)-1G,PARAFFIN_PETROLEUM | PHARMA_API_GENERIC,2,6
NAME::ITEM_cec0195fb83f17edad7e,에스페낙주(디클로페낙나트륨)_(75mg/2mL)(삼성제약(주))-2mL/앰플,ALUMINUM | DICLOFENAC | POLYPROPYLENE_PP,3,6
NAME::ITEM_cee73977382bfcee1e93,영일클래리스로마이신정250mg_(0.25g/1정)(영일제약(주))-1정,ALUMINUM | PHARMA_API_GENERIC | POLYPROPYLENE_PP,3,6
NAME::ITEM_3132f8515d49c15a1351,진양에제티미브정_(10mg/1정)(진양제약(주))-1정,ALUMINUM | PHARMA_API_GENERIC | POLYPROPYLENE_PP,3,6
NAME::ITEM_17402aef7b6f8e9af010,메프릴엠정2/500밀리그램_(1정)(이연제약(주))-1정,ALUMINUM | PHARMA_API_GENERIC | POLYPROPYLENE_PP,3,6
NAME::ITEM_02f5255fdae8900aa3eb,글리포르민정1/250밀리그램(한국콜마(주))-1정 | 글리포르민정1/250밀리그램_(1정)(주식회사제뉴원사이언스)-1정,ALUMINUM | PHARMA_API_GENERIC | POLYPROPYLENE_PP,3,6
NAME::ITEM_0316c453da9efa1e0d36,텔로스톱정40/5밀리그램(일동제약(주))-1정,ALUMINUM | PHARMA_API_GENERIC | POLYPROPYLENE_PP,3,6
NAME::ITEM_fbe346fe902ee0c84a85,신텍스청신환(한국신텍스제약),ALUMINUM | PHARMA_API_GENERIC | POLYPROPYLENE_PP,3,6
NAME::ITEM_62e06a1104616f8e2342,콜대원키즈펜시럽(아세트아미노펜)(016g/5mL)(대원제약(주))-5mL/포,ACETAMINOPHEN | ALUMINUM | POLYPROPYLENE_PP,3,6
NAME::ITEM_fd2fcc145bb0b912ac1f,유박스(0.5mL 무료),BIOLOGICS_CELL_CULTURE | LIPID_NANOPARTICLE,2,6
NAME::ITEM_fe8599531076ce5370b5,리세드렌플러스정((주)테라젠이텍스)-1정 | 리세드렌플러스정_(1정)((주)테라젠이텍스)-1정,ALUMINUM | PHARMA_API_GENERIC | POLYPROPYLENE_PP,3,6
NAME::ITEM_e354433119a7262190aa,액티진정(1정)(한국코러스(주))-1정 | 액티진정(1정)(한국코러스(주))-30정,ALUMINUM | PHARMA_API_GENERIC | POLYPROPYLENE_PP,3,6
NAME::ITEM_55a0a35bdf17d5756a53,엑스핀정5/80밀리그램_(1정)((주)이든파마)-1정,ALUMINUM | PHARMA_API_GENERIC | POLYPROPYLENE_PP,3,6
NAME::ITEM_563d995f8214334c3e53,다이제틴정(알리코제약),ALUMINUM | PHARMA_API_GENERIC | POLYPROPYLENE_PP,3,6
NAME::ITEM_56aaff1deb6cee111adc,스토린액(알긴산나트륨)_(1.5g/30mL/포(스틱))((주)일화)-30mL/포(스틱),GLUCOSE_CORNSTARCH | SODIUM_CHLORIDE,2,6
NAME::ITEM_3d8c46bb67afdcb48191,모아뷰연질캡슐(1캡슐)((주)유한양행)-1캡슐,ALUMINUM | PHARMA_API_GENERIC | POLYPROPYLENE_PP,3,6
NAME::ITEM_e1a29ef7213ac1469686,씨엠지나조나잘스프레이(모메타손푸로에이트)_(7mg/140회)((주)씨엠지제약)-140회/통,MOMETASONE_FUROATE | PARAFFIN_PETROLEUM,2,6
NAME::ITEM_85c7df4a834cb17cf962,하이라제정(1정)(명인제약(주))-1정,ALUMINUM | PHARMA_API_GENERIC | POLYPROPYLENE_PP,3,6
NAME::ITEM_3284a31fba7606ba7265,아트로젯정10/10밀리그램_(1정)((주)비보존제약)-1정,ALUMINUM | PHARMA_API_GENERIC | POLYPROPYLENE_PP,3,6
NAME::ITEM_32ea3c77ff1b4246cb7c,에스노펜정(아세클로페낙)_(0.1g/1정)(에스에스팜(주))-1정,ACECLOFENAC | ALUMINUM | POLYPROPYLENE_PP,3,6
NAME::ITEM_8396eea1be0891f3557e,다파원엠서방정10/1000밀리그램_(1정)(대원제약(주))-1정,ALUMINUM | PHARMA_API_GENERIC | POLYPROPYLENE_PP,3,6
NAME::ITEM_8f1a2d5cf7079945fee3,로마릴크림(아모롤핀염산염)_(55.76mg/20g)(주식회사제뉴원사이언스)-20g/개 | 로마릴크림(아모롤핀염산염)_(55.76mg/20g)(한국콜마(주))-20g/개,AMOROLFINE | PARAFFIN_PETROLEUM,2,6
NAME::ITEM_364d1412f644cd608f38,아토베리어로션MD | 아토베리어로션MD200g((주)에스트) | 아토베리어로션MD200g(BM5002LZ),PARAFFIN_PETROLEUM | SKINCARE_COSMETIC_TOPICAL,2,6
NAME::ITEM_59c6585ab5744d77d1fb,다낼리아엠서방정10/500밀리그램_(1정)(한국휴텍스제약(주))-1정,ALUMINUM | PHARMA_API_GENERIC | POLYPROPYLENE_PP,3,6
NAME::ITEM_5a1b4b823f68a488ad36,대한멸균생리식염수50밀리리터(생리식염주사액)(대한약품공업(주))-50mL/병(PP),GLUCOSE_CORNSTARCH | SODIUM_CHLORIDE,2,6
NAME::ITEM_c5c7ca053a2fd82543e2,텔로스톱플러스정40/5/5밀리그램_(1정)(일동제약(주))-1정,ALUMINUM | PHARMA_API_GENERIC | POLYPROPYLENE_PP,3,6
NAME::ITEM_c67abb12abee5ffdb230,콜대원콜드큐시럽(20mL)(대원제약(주))-20mL/포,ALUMINUM | PHARMA_API_GENERIC | POLYPROPYLENE_PP,3,6
NAME::ITEM_c3bbbbfac35eb1ec436e,글루코다운정500mg,ALUMINUM | PHARMA_API_GENERIC | POLYPROPYLENE_PP,3,6
NAME::ITEM_c433f5deed0c671440b5,레바캄정10/160밀리그램((주)엘지생명과학)-1정,ALUMINUM | PHARMA_API_GENERIC | POLYPROPYLENE_PP,3,6
NAME::ITEM_5116d4f5a2ac5dcf3acd,타노셋정_(1정)(주식회사다나젠)-1정,ALUMINUM | PHARMA_API_GENERIC | POLYPROPYLENE_PP,3,6
NAME::ITEM_51716cc5961d7bac0a40,오메크라정625mg(한국웨일즈제약)-1정,ALUMINUM | PHARMA_API_GENERIC | POLYPROPYLENE_PP,3,6
NAME::ITEM_c2a4b964790d002c71e4,대상포진 | 대상포진(싱그릭스) | 조스타박스(대상포진),MATERIAL_UNSPECIFIED | PHARMA_API_GENERIC,2,6
NAME::ITEM_1471772d45c76b4c5115,메드론정(메틸프레드니솔론)((주)메디카코리아)-1정 | 메드론정(메틸프레드니솔론)_(4mg/1정)((주)메디카코리아)-1정,METHYLPREDNISOLONE | PARAFFIN_PETROLEUM,2,6
NAME::ITEM_bee350b3c5890124ac3b,프리토플러스정40/12.5밀리그램_(1정)(광동제약(주))-1정,ALUMINUM | PHARMA_API_GENERIC | POLYPROPYLENE_PP,3,6
NAME::ITEM_bf18f7d76c65e0f5284c,로수듀오정10/5밀리그램_(1정)((주)시어스제약)-1정,ALUMINUM | PHARMA_API_GENERIC | POLYPROPYLENE_PP,3,6
NAME::ITEM_bfb1a71ca954a9c18de4,엔티텔미플러스정40/12.5밀리그램_(1정)(한국신텍스제약(주))-1정,ALUMINUM | PHARMA_API_GENERIC | POLYPROPYLENE_PP,3,6
NAME::ITEM_c04c1efae66a4154208a,후라베린큐시럽(일동제약)-1ml,ALUMINUM | PHARMA_API_GENERIC | POLYPROPYLENE_PP,3,6
NAME::ITEM_c09ec9ff239f5966990c,콕시브캡슐100밀리그램(세레콕시브)(한미약품(주))-1캡슐,ALUMINUM | CELECOXIB | POLYPROPYLENE_PP,3,6
NAME::ITEM_933c1aa2d018b091fbf9,대한포도당주사액(10%) 500밀리리터(대한약품공업(주))-500mL/백,GLUCOSE_CORNSTARCH | SODIUM_CHLORIDE,2,6
NAME::ITEM_935167d7e7b473eda61f,트레스탄캡슐(1캡슐)(삼진제약(주))-1캡슐 | 트레스탄캡슐(비급여 570원),ALUMINUM | PHARMA_API_GENERIC | POLYPROPYLENE_PP,3,6
NAME::ITEM_936cc4c9fe93841d216a,유유텔미타플러스정40/12.5밀리그램 ((주)유유제약)-1정,ALUMINUM | PHARMA_API_GENERIC | POLYPROPYLENE_PP,3,6
NAME::ITEM_18170672b68127acd77b,대한포도당주사액(10%) 1000밀리리터(대한약품공업(주))-1000mL/백,GLUCOSE_CORNSTARCH | SODIUM_CHLORIDE,2,6
NAME::ITEM_185a24b96d62f5847cfc,"라파엘크림_(20g)(태극제약(주))-20g/개 | 라파엘크림_(20mg,0.2g/20g)(태극제약(주))-20g/개",PARAFFIN_PETROLEUM | PHARMA_API_GENERIC,2,6
NAME::ITEM_18b9015c75027122c6b9,아세리손정_(1정)((주)마더스제약)-1정,ALUMINUM | PHARMA_API_GENERIC | POLYPROPYLENE_PP,3,6
NAME::ITEM_d2831b7a5b361561fe3a,글리엠정2/500밀리그램_(1정)(오스틴제약(주))-1정,ALUMINUM | PHARMA_API_GENERIC | POLYPROPYLENE_PP,3,6
NAME::ITEM_cf4b0af7817536c3a146,플루란캡슐(플루코나졸)((주)이든파마)-1캡슐 | 플루란캡슐(플루코나졸)_(50mg/1캡슐)((주)이든파마)-1캡슐,FLUCONAZOLE | PARAFFIN_PETROLEUM,2,6
NAME::ITEM_cf5aaee1c5fb2d0f6ea4,뉴젠포지정5/160밀리그램((주)뉴젠팜)-1정,ALUMINUM | PHARMA_API_GENERIC | POLYPROPYLENE_PP,3,6
NAME::ITEM_d06e597bdfb382424946,액티진정(1정)(한국코러스(주))-1정 | 액티진정(1정)(한국코러스(주))-30정,ALUMINUM | PHARMA_API_GENERIC | POLYPROPYLENE_PP,3,6
NAME::ITEM_d0904b64465ebc8e181f,쎄르파캡슐(세레콕시브)(삼익제약(주))-1캡슐 | 쎄르파캡슐(세레콕시브)_(0.2g/1캡슐)(삼익제약(주))-1캡슐,ALUMINUM | CELECOXIB | POLYPROPYLENE_PP,3,6
NAME::ITEM_faecf472afe1ada91876,디푸란캡슐150밀리그램(플루코나졸)(동화약품(주))-1캡슐 | 디푸란캡슐150밀리그램(플루코나졸)_(0.15g/1캡슐)(동화약품(주))-1캡슐,FLUCONAZOLE | PARAFFIN_PETROLEUM,2,6
NAME::ITEM_12ed857168155793b17c,테네글로엠서방정20/1000밀리그램_(1정)((주)일화)-1정,ALUMINUM | PHARMA_API_GENERIC | POLYPROPYLENE_PP,3,6
NAME::ITEM_1352f5db2bcb6fe58ac1,헤모드림캡슐,ALUMINUM | PHARMA_API_GENERIC | POLYPROPYLENE_PP,3,6
NAME::ITEM_d1765e9c2308812b2766,넬슨세레콕시브캡슐200밀리그램(세레콕시브)_(0.2g/1캡슐)(한국넬슨제약(주))-1캡슐,ALUMINUM | CELECOXIB | POLYPROPYLENE_PP,3,6
NAME::ITEM_d1dc48b7f9ff70980184,리비카정10/40밀리그램(한국프라임제약(주))-1정,ALUMINUM | PHARMA_API_GENERIC | POLYPROPYLENE_PP,3,6
NAME::ITEM_d22a2b5d3c2d11d53866,텔로스탄정80/5mg_(1정)((주)오스코리아제약)-1정,ALUMINUM | PHARMA_API_GENERIC | POLYPROPYLENE_PP,3,6
NAME::ITEM_819345978601f8d283bc,쎄르파캡슐(세레콕시브)(삼익제약(주))-1캡슐 | 쎄르파캡슐(세레콕시브)_(0.2g/1캡슐)(삼익제약(주))-1캡슐,ALUMINUM | CELECOXIB | POLYPROPYLENE_PP,3,6
NAME::ITEM_824297a7afec822e41ed,발탄플러스정160/12.5밀리그램(동광제약(주))-1정,ALUMINUM | PHARMA_API_GENERIC | POLYPROPYLENE_PP,3,6
NAME::ITEM_82b126ef5d8d6df24e7c,코발산정80/12.5밀리그램(유니메드제약(주))-1정,ALUMINUM | PHARMA_API_GENERIC | POLYPROPYLENE_PP,3,6
NAME::ITEM_44ae855e4c8bed000a55,고칼디정(대화제약(주))-1정,ALUMINUM | PHARMA_API_GENERIC | POLYPROPYLENE_PP,3,6
NAME::ITEM_c21af5d887baacec6d80,텔로스탄정40/5mg_(1정)((주)오스코리아제약)-1정,ALUMINUM | PHARMA_API_GENERIC | POLYPROPYLENE_PP,3,6
NAME::ITEM_4643c356448c32c13234,(이동)더마톱연고0.25%(한독약품) | 더마톱연고0.25%(한독약품),PARAFFIN_PETROLEUM | PREDNICARBATE,2,6
NAME::ITEM_46c4602b8d3bdb6c0078,알지셀액(알긴산나트륨)_(1.5g/30mL)((주)텔콘알에프제약)-30mL/포,GLUCOSE_CORNSTARCH | SODIUM_CHLORIDE,2,6
NAME::ITEM_c0d1a1b0a6cb479216e8,비모보정 500/20밀리그램(한국아스트라제네카(주))-1정,ALUMINUM | NAPROXEN_ESOMEPRAZOLE | POLYPROPYLENE_PP,3,6
NAME::ITEM_92e89380c7796e608988,에스카정5/20밀리그램_(1정)(삼익제약(주))-1정,ALUMINUM | PHARMA_API_GENERIC | POLYPROPYLENE_PP,3,6
NAME::ITEM_c1eeaeb4015742540891,텔미콜플러스정80/12.5밀리그램_(1정)((유)한풍제약)-1정,ALUMINUM | PHARMA_API_GENERIC | POLYPROPYLENE_PP,3,6
NAME::ITEM_53f208c2840bf9962ff1,로수에젯정10/10밀리그램_(1정)(한국프라임제약(주))-1정,ALUMINUM | PHARMA_API_GENERIC | POLYPROPYLENE_PP,3,6
NAME::ITEM_d24dd2b47fe8557be6ab,판콜아이콜드시럽(12mL)(동화약품(주))-12mL/포,ALUMINUM | PHARMA_API_GENERIC | POLYPROPYLENE_PP,3,6
NAME::ITEM_fbcf374d2487d90064ae,파자임-95밀리그램이중정(1정)(부광약품(주))-1정,MICROBIAL_FUNGAL_ENZYME | PANCREATIN_ANIMAL_ENZYME,2,6
NAME::ITEM_4286189261fda58e130f,신일염산치아민정(신일제약)-1T,ALUMINUM | PHARMA_API_GENERIC | POLYPROPYLENE_PP,3,6
NAME::ITEM_42a31c771074e319e803,B형 간염(성인) | B형간염,BIOLOGICS_CELL_CULTURE | LIPID_NANOPARTICLE | MATERIAL_UNSPECIFIED,3,6
NAME::ITEM_610994b3e0f90bddf4f3,스테로신지크림_(500g)((주)에이프로젠바이오로직스)-500g/병,PARAFFIN_PETROLEUM | PHARMA_API_GENERIC,2,6
NAME::ITEM_94be87ec56a6f00a3fe5,반델크림(낙산프로피온산하이드로코티손)_(10mg/10g)((주)유유제약)-10g/개 | 반델크림(히드로코르티손프로부테이트)_(10mg/10g)((주)유유제약)-10g/개,HYDROCORTISONE | HYDROCORTISONE_BUTYRATE_PROPIONATE | PARAFFIN_PETROLEUM,3,6
NAME::ITEM_95421d45008cec2d18c6,진브렉스캡슐100밀리그램(세레콕시브)_(0.1g/1캡슐)(주식회사다나젠)-1캡슐,ALUMINUM | CELECOXIB | POLYPROPYLENE_PP,3,6
NAME::ITEM_9576ef25dbe87c88022a,아타칸플러스정16/12.5mg_(1정)(디케이에스에이치코리아(주))-1정,ALUMINUM | PHARMA_API_GENERIC | POLYPROPYLENE_PP,3,6
NAME::ITEM_49d611c4a57406d9a7f5,로시덴겔(피로시캄)(수출명:SPPiroxicamGelSHINPOONGROSIDENGel)_(0.15g/30g)(신풍제약(주))-30g/개 | 로시덴겔(피록시캄)_(0.15g/30g)(신풍제약(주))-30g/개,ALUMINUM | PIROXICAM | POLYPROPYLENE_PP,3,6
NAME::ITEM_4a299cbac9803f1dbd60,폴스원정(씨엠지제약)-30정,ALUMINUM | PHARMA_API_GENERIC | POLYPROPYLENE_PP,3,6
NAME::ITEM_bec1134055430df30a6a,베스자임정(동아제약)-1정,MICROBIAL_FUNGAL_ENZYME | PANCREATIN_ANIMAL_ENZYME,2,6
NAME::ITEM_2a6ccff9e12ec3d85aa2,쎄레콕스캡슐200밀리그램(세레콕시브)(영풍제약(주))-1캡슐,ALUMINUM | CELECOXIB | POLYPROPYLENE_PP,3,6
NAME::ITEM_2af8f3f41a8ad0050b15,슈바젯정10/10밀리그램_(1정)(안국약품(주))-1정,ALUMINUM | PHARMA_API_GENERIC | POLYPROPYLENE_PP,3,6
NAME::ITEM_918bf2cfa554deb33aac,리코나졸정(플루코나졸)_(0.15g/1정)((주)씨티씨바이오)-1정,FLUCONAZOLE | PARAFFIN_PETROLEUM,2,6
NAME::ITEM_c0bb1bfa2c1f22fd20ec,개비스콘더블액션현탁액(10mL)((유)옥시레킷벤키저)-10mL/포,ALUMINUM | PHARMA_API_GENERIC | POLYPROPYLENE_PP,3,6
NAME::ITEM_1a96ddd1f54648f10073,아토베리어로션MD | 아토베리어로션MD200g((주)에스트) | 아토베리어로션MD200g(BM5002LZ),PARAFFIN_PETROLEUM | SKINCARE_COSMETIC_TOPICAL,2,6
NAME::ITEM_1baafb440f90a2ae2fbf,인플루엔자 | 인플루엔자(지자체),BIOLOGICS_CELL_CULTURE | LIPID_NANOPARTICLE,2,6
NAME::ITEM_bc6ed06800d149f7478b,디클렉틴장용정_(1정)(현대약품(주))-1정,ALUMINUM | PHARMA_API_GENERIC | POLYPROPYLENE_PP,3,6
NAME::ITEM_78976df47bd5d8d59b0d,액티비씨정 | 영양제 | 영양제(무의탁),IRON_MINERAL_COMPOUND | MEDICAL_NUTRITION_FORMULA_MIXED | VITAMIN_SYNTHETIC_RAWMATERIAL,3,6
NAME::ITEM_f2d23ce3ec1caf686ee7,세비카정 5/40밀리그램(한국다이이찌산쿄주식회사)-1정 | 세비카정 5/40밀리그램_(1정)(한국다이이찌산쿄(주))-1정,ALUMINUM | PHARMA_API_GENERIC | POLYPROPYLENE_PP,3,6
NAME::ITEM_065f97cfb2c6cbf6200d,케토크린에스카타플라스마(신신제약)-1매,ALUMINUM | KETOPROFEN | POLYPROPYLENE_PP,3,6
NAME::ITEM_06c31d7b8f8f7d8af7b9,베이비락 골든플레인 | 임산부철분제 | 해 비타민D(닥터포이),IRON_MINERAL_COMPOUND | MATERIAL_UNSPECIFIED | VITAMIN_SYNTHETIC_RAWMATERIAL,3,6
NAME::ITEM_c92a784665a82b2e5e03,아트맥콤비젤연질캡슐_(1캡슐)(한국유나이티드제약(주))-1캡슐,ALUMINUM | PHARMA_API_GENERIC | POLYPROPYLENE_PP,3,6
NAME::ITEM_c932a40f97e902e35e30,아토엠정10/20밀리그램_(1정)(에이치엘비제약(주))-1정,ALUMINUM | PHARMA_API_GENERIC | POLYPROPYLENE_PP,3,6
NAME::ITEM_c96ddd95bba5a88e5c7f,케페낙정100밀리그램(아세클로페낙)((주)비티오생명제약)-1정 | 케페낙정100밀리그램(아세클로페낙)_(0.1g/1정)((주)휴온스생명과학)-1정,ACECLOFENAC | ALUMINUM | POLYPROPYLENE_PP,3,6
NAME::ITEM_c6b922a5b2f9ad9da5b7,세렉시브캡슐100밀리그램(세레콕시브)_(0.1g/1캡슐)(풍림무약(주))-1캡슐,ALUMINUM | CELECOXIB | POLYPROPYLENE_PP,3,6
NAME::ITEM_f1cd1034df95f75477ab,투투포지정5/80밀리그램(한국코러스(주))-1정,ALUMINUM | PHARMA_API_GENERIC | POLYPROPYLENE_PP,3,6
NAME::ITEM_8d54cb8ba3df88d32a21,라게브리오캡슐(몰누피라비르)-40캡슐,ALUMINUM | PHARMA_API_GENERIC | POLYPROPYLENE_PP,3,6
NAME::ITEM_17376108ea11c1a1aec7,다파프로메트서방정5/1000밀리그램_(1정)(동아에스티(주))-1정,ALUMINUM | PHARMA_API_GENERIC | POLYPROPYLENE_PP,3,6
NAME::ITEM_81395d8d52bf67c34610,대상포진 | 조스타박스주(대상포진생바이러스백신)(한국엠에스디(주))-1병,MATERIAL_UNSPECIFIED | ZOSTER_VACCINE,2,6
NAME::ITEM_13e978e676ee8b87f02b,파인다제정,ALUMINUM | PHARMA_API_GENERIC | POLYPROPYLENE_PP,3,6
NAME::ITEM_bb7780005e0fc5803d55,한풍제통고온혈플라스타(1매)((유)한풍제약)-1매,ALUMINUM | METHYL_SALICYLATE | POLYPROPYLENE_PP,3,6
NAME::ITEM_97e3ce4c6c96f1c6a2e5,덱사메타손주,DEXAMETHASONE | PARAFFIN_PETROLEUM,2,6
NAME::ITEM_994626c15199910e855c,센시아정(동국제약),ALUMINUM | PHARMA_API_GENERIC | POLYPROPYLENE_PP,3,6
NAME::ITEM_960a38f14b9581d90d6c,명문본두베정_(1정)(명문제약(주))-1정,ALUMINUM | PHARMA_API_GENERIC | POLYPROPYLENE_PP,3,6
NAME::ITEM_bbf742fdb67c000920f2,"에취투주(시메티딘)(수출명:CIMEMEDICOINJ.200mg,CIMETIDINEINJ.200mg)_(0.2g/2mL)(제이더블유중외제약(주))-2mL/앰플 | 에취투주(시메티딘)(수출명:CIMEMEDICOINJ.200mgCIMETIDINEINJ.200mg)(제이더블유중외제약(주))-2mL/앰플 | 에취투주(중외제약)-2mL/앰플",CIMETIDINE | PHARMA_API_GENERIC,2,6
NAME::ITEM_ba98ca6b351811ed28f9,액티비씨정 | 영양제 | 영양제(무의탁),IRON_MINERAL_COMPOUND | MEDICAL_NUTRITION_FORMULA_MIXED | VITAMIN_SYNTHETIC_RAWMATERIAL,3,6
NAME::ITEM_1c77ff7fdcbf5c4ace63,케이마릴엠정2/500밀리그램((주)경보제약)-1정 | 케이마릴엠정2/500밀리그램_(1정)((주)경보제약)-1정,ALUMINUM | PHARMA_API_GENERIC | POLYPROPYLENE_PP,3,6
NAME::ITEM_3a68ec0ee102d225b55f,후루졸캡슐(플루코나졸)_(50mg/1캡슐)(주식회사제뉴원사이언스)-1캡슐,FLUCONAZOLE | PARAFFIN_PETROLEUM,2,6
NAME::ITEM_f5e64ecf322ebfcc6f97,록펜스정(록소프로펜나트륨수화물)_(68.1mg/1정)(한국넬슨제약(주))-1정,ALUMINUM | LOXOPROFEN | POLYPROPYLENE_PP,3,6
NAME::ITEM_f6b92191f2afd0d15be7,엘오공정10/10밀리그램_(1정)((주)보령)-1정 | 엘오공정10/10밀리그램_(1정)(보령제약(주))-1정,ALUMINUM | PHARMA_API_GENERIC | POLYPROPYLENE_PP,3,6
NAME::ITEM_04f4b74ec66aeeaf6467,로사르플러스정_(1정)(한국휴텍스제약(주))-1정,ALUMINUM | PHARMA_API_GENERIC | POLYPROPYLENE_PP,3,6
NAME::ITEM_05285f534bb8c13a693f,콜대원키즈노즈에스시럽(대원제약)-5mL/포,ALUMINUM | PHARMA_API_GENERIC | POLYPROPYLENE_PP,3,6
NAME::ITEM_60c5b284aa3e92ff1c02,세비로텐정5/40밀리그램((주)메디카코리아)-1정 | 세비로텐정5/40밀리그램_(1정)((주)메디카코리아)-1정,ALUMINUM | PHARMA_API_GENERIC | POLYPROPYLENE_PP,3,6
NAME::ITEM_60d4e53029815f463ce7,디세든플러스정_(1정)((주)이든파마)-1정,ALUMINUM | PHARMA_API_GENERIC | POLYPROPYLENE_PP,3,6
NAME::ITEM_60f77a2bdec4706a3460,주블리아외용액 10% (동아에스티(주)) | 주블리아외용액-4ml/개,PARAFFIN_PETROLEUM | PHARMA_API_GENERIC,2,6
NAME::ITEM_1a477ed57bb7b401d434,암로탄정5/160밀리그램_(1정)((주)일화)-1정,ALUMINUM | PHARMA_API_GENERIC | POLYPROPYLENE_PP,3,6
NAME::ITEM_b8bb961b9c9766d8c7fa,콜대원키즈노즈에스시럽(5mL)(대원제약(주))-5mL/포,ALUMINUM | PHARMA_API_GENERIC | POLYPROPYLENE_PP,3,6
NAME::ITEM_b94654096ccae4713110,디솔린정(메틸프레드니솔론)(구주제약(주))-1정,METHYLPREDNISOLONE | PARAFFIN_PETROLEUM,2,6
NAME::ITEM_d3d8df5462c8540b35b0,아토스타젯정10/10밀리그램_(1정)(동화약품(주))-1정,ALUMINUM | PHARMA_API_GENERIC | POLYPROPYLENE_PP,3,6
NAME::ITEM_d415b0548f87cfd0fdef,테넬로드엠서방정10/500밀리그램_(1정)(대웅바이오(주))-1정,ALUMINUM | PHARMA_API_GENERIC | POLYPROPYLENE_PP,3,6
NAME::ITEM_65f9fa3064c6e88d7031,판토라인정20mg,ALUMINUM | PHARMA_API_GENERIC | POLYPROPYLENE_PP,3,6
NAME::ITEM_f98ea08b9d822748cd84,크리페낙정(아세클로페낙)(삼진제약(주))-1정,ACECLOFENAC | ALUMINUM | POLYPROPYLENE_PP,3,6
NAME::ITEM_7f8c2e71d85911bc56d9,트윈원정40/5밀리그램_(1정)((주)비보존제약)-1정,ALUMINUM | PHARMA_API_GENERIC | POLYPROPYLENE_PP,3,6
NAME::ITEM_7f94fdb8a0132cb92fb7,박트리안연고(태극제약)-1g,MUPIROCIN | PARAFFIN_PETROLEUM,2,6
NAME::ITEM_807f24988fed5bb81146,텔미칸에이정40/5밀리그램_(1정)(제일헬스사이언스(주))-1정,ALUMINUM | PHARMA_API_GENERIC | POLYPROPYLENE_PP,3,6
NAME::ITEM_80972169d3ca1aea8671,로시덴겔(피로시캄)(수출명:SPPiroxicamGelSHINPOONGROSIDENGel)_(0.15g/30g)(신풍제약(주))-30g/개 | 로시덴겔(피록시캄)_(0.15g/30g)(신풍제약(주))-30g/개,ALUMINUM | PIROXICAM | POLYPROPYLENE_PP,3,6
NAME::ITEM_f83c6db09a593145b6b3,에어신신파스(300mL)(신신제약(주))-300mL/캔,ALUMINUM | PHARMA_API_GENERIC | POLYPROPYLENE_PP,3,6
NAME::ITEM_0908899ac7738eac4f7d,파자임95이중정(부광약품)-1정 | 파자임95이중정(부광약품)-1정(보훈급여),MICROBIAL_FUNGAL_ENZYME | PANCREATIN_ANIMAL_ENZYME,2,6
NAME::ITEM_09a0b0f9191cc9f60ca9,직듀오서방정10/1000밀리그램(한국아스트라제네카(주))-1정 | 직듀오서방정10/1000밀리그램_(1정)(한국아스트라제네카(주))-1정,ALUMINUM | PHARMA_API_GENERIC | POLYPROPYLENE_PP,3,6
NAME::ITEM_76513816bea5fc82637e,모드콜시럽(100mL)((주)종근당)-100mL/병,ALUMINUM | PHARMA_API_GENERIC | POLYPROPYLENE_PP,3,6
NAME::ITEM_7654732273468df427e9,액토스메트정15/850밀리그램_(1정)((주)셀트리온제약)-1정,ALUMINUM | PHARMA_API_GENERIC | POLYPROPYLENE_PP,3,6
NAME::ITEM_bb3005cf4f2a49777b3e,이달비클로정40/25밀리그램_(1정)((주)셀트리온제약)-1정,ALUMINUM | PHARMA_API_GENERIC | POLYPROPYLENE_PP,3,6
NAME::ITEM_9cd03c020bb4f86e6f6e,대한포도당주사액(20%)(대한약품공업(주))-20mL/앰플(PP),GLUCOSE_CORNSTARCH | SODIUM_CHLORIDE,2,6
NAME::ITEM_9a1fe99bf7fe62de1359,뉴마코알연질캡슐_(1캡슐)((주)유유제약)-1캡슐,ALUMINUM | PHARMA_API_GENERIC | POLYPROPYLENE_PP,3,6
NAME::ITEM_9a3cf85bf28c26ba5dea,다파원엠서방정10/500밀리그램_(1정)(대원제약(주))-1정,ALUMINUM | PHARMA_API_GENERIC | POLYPROPYLENE_PP,3,6
NAME::ITEM_ca996adda12120543106,이노코나졸캡슐(플루코나졸)-1캡슐,ALUMINUM | PHARMA_API_GENERIC | POLYPROPYLENE_PP,3,6
NAME::ITEM_04742fd67adecab44b54,에스카에이치씨티정10/40/12.5밀리그램_(1정)(삼익제약(주))-1정,ALUMINUM | PHARMA_API_GENERIC | POLYPROPYLENE_PP,3,6
NAME::ITEM_048a9dd5ca39a2813450,에소프로정20/800밀리그램_(1정)((주)씨엠지제약)-1정,ALUMINUM | PHARMA_API_GENERIC | POLYPROPYLENE_PP,3,6
NAME::ITEM_615d5a50f31abd2de02d,데소니아크림0.05%(데소나이드)_(15mg/30g)((주)메디카코리아)-30g/개,DESONIDE | PARAFFIN_PETROLEUM,2,6
NAME::ITEM_619b6fb1be53653dc218,임펙트윈정10/10mg_(1정)((주)테라젠이텍스)-1정,ALUMINUM | PHARMA_API_GENERIC | POLYPROPYLENE_PP,3,6
NAME::ITEM_61afa430fcf25cc58f81,어린이타이레놀현탁액_(16g/500mL)((주)한국얀센)-500(1)mL/병,ACETAMINOPHEN | ALUMINUM | POLYPROPYLENE_PP,3,6
NAME::ITEM_85320b159644b32ceb91,아토베리어크림MD | 아토베리어크림MD100g((주)에스트) | 에스트라크림MD100g(BM5001LZ),PARAFFIN_PETROLEUM | PHARMA_API_GENERIC | SKINCARE_COSMETIC_TOPICAL,3,6
NAME::ITEM_5550ae1028928b4fd1f5,글루코다운정500mg(한올),ALUMINUM | PHARMA_API_GENERIC | POLYPROPYLENE_PP,3,6
NAME::ITEM_588615f9e07b8a537838,베아제정(이동진료),MICROBIAL_FUNGAL_ENZYME | PANCREATIN_ANIMAL_ENZYME,2,6
NAME::ITEM_4bf0f36c86ab5fe43ee4,콜대원키즈시럽(대원제약)-5mL/포,ALUMINUM | PHARMA_API_GENERIC | POLYPROPYLENE_PP,3,6
NAME::ITEM_4c5f493167adae912f83,페바로젯정2/10밀리그램_(1정)(안국약품(주))-1정,ALUMINUM | PHARMA_API_GENERIC | POLYPROPYLENE_PP,3,6
NAME::ITEM_4c7abeebc7684210682d,"실크론지크림_(0.288g,0.45g/450g)(동광제약(주))-450g/병 | 실크론지크림_(450g)(동광제약(주))-450g/병",BETAMETHASONE | PARAFFIN_PETROLEUM,2,6
NAME::ITEM_e6434914177ddc445c51,(건식)고운마더스_철분 | 고운마더스,IRON_MINERAL_COMPOUND | MATERIAL_UNSPECIFIED,2,6
NAME::ITEM_3470de0397df5fa88da2,텔로스톱정40/10밀리그램(일동제약(주))-1정,ALUMINUM | PHARMA_API_GENERIC | POLYPROPYLENE_PP,3,6
NAME::ITEM_7ef747360dea08a8f97e,글로아타플러스정_(1정)((주)킵스바이오파마)-1정 | 글로아타플러스정_(1정)((주)한국글로벌제약)-1정,ALUMINUM | PHARMA_API_GENERIC | POLYPROPYLENE_PP,3,6
NAME::ITEM_7f00092c6df8972d9def,다보타민큐정(1정)((주)유한양행)-1정,ALUMINUM | PHARMA_API_GENERIC | POLYPROPYLENE_PP,3,6
NAME::ITEM_7d072f9c963001d0c2dc,훼리탑(일동제약)-30정,ALUMINUM | PHARMA_API_GENERIC | POLYPROPYLENE_PP,3,6
NAME::ITEM_7dd750068c55d29b79cc,올비틸아이 시럽(영진약품),ALUMINUM | PHARMA_API_GENERIC | POLYPROPYLENE_PP,3,6
NAME::ITEM_0de3bc3b7794b4af4ed4,쎄브칸플러스정_(1정)((주)보령)-1정,ALUMINUM | PHARMA_API_GENERIC | POLYPROPYLENE_PP,3,6
NAME::ITEM_0e470154b3d8bca5503a,인사돌플러스정(1정)(동국제약(주))-1정,ALUMINUM | PHARMA_API_GENERIC | POLYPROPYLENE_PP,3,6
NAME::ITEM_3b44f845cb6fa1059a16,메드론정(메틸프레드니솔론)((주)메디카코리아)-1정 | 메드론정(메틸프레드니솔론)_(4mg/1정)((주)메디카코리아)-1정,METHYLPREDNISOLONE | PARAFFIN_PETROLEUM,2,6
NAME::ITEM_99697f1de220dc8207f3,레바캄정20/160밀리그램((주)엘지생명과학)-1정,ALUMINUM | PHARMA_API_GENERIC | POLYPROPYLENE_PP,3,6
NAME::ITEM_998e8b026e7a4d509729,대한멸균생리식염수1000밀리리터(생리식염주사액)(대한약품공업(주))-1000mL/병(PP),POLYPROPYLENE_PP | POLYVINYL_CHLORIDE_PVC,2,6
NAME::ITEM_27e1e0b229f9782fc253,디푸란캡슐150밀리그램(플루코나졸)(동화약품(주))-1캡슐 | 디푸란캡슐150밀리그램(플루코나졸)_(0.15g/1캡슐)(동화약품(주))-1캡슐,FLUCONAZOLE | PARAFFIN_PETROLEUM,2,6
NAME::ITEM_280643d022f5ad9ad04e,파자임95이중정(부광약품)-1정 | 파자임95이중정(부광약품)-1정(보훈급여),MICROBIAL_FUNGAL_ENZYME | PANCREATIN_ANIMAL_ENZYME,2,6
NAME::ITEM_3b5956e6967a4ede5cd4,글로아타플러스정_(1정)((주)킵스바이오파마)-1정 | 글로아타플러스정_(1정)((주)한국글로벌제약)-1정,ALUMINUM | PHARMA_API_GENERIC | POLYPROPYLENE_PP,3,6
NAME::ITEM_ebbe78b1238c9af55352,플루란캡슐(플루코나졸)((주)이든파마)-1캡슐 | 플루란캡슐(플루코나졸)_(50mg/1캡슐)((주)이든파마)-1캡슐,FLUCONAZOLE | PARAFFIN_PETROLEUM,2,6
NAME::ITEM_b84d180d342a0f42490e,"◇휴마로그퀵펜주100단위/mL(인슐린라이스프로,유전자재조합)(300unit/3mL)(한국릴리(유))-3mL/펜 | 휴마로그퀵펜주100단위/밀리리터(300unit/3mL)-3mL/펜",INSULIN_LISPRO | PHARMA_API_GENERIC,2,6
NAME::ITEM_1dbbf038a214b22f2328,디클로라주(디클로페낙β-디메틸아미노에탄올)_(90mg/2mL)((주)씨엠지제약)-2mL/앰플,ALUMINUM | DICLOFENAC | POLYPROPYLENE_PP,3,6
NAME::ITEM_9ebb74e0df3be97e0a97,다노펜정_(1정)((유)한풍제약)-1정,ALUMINUM | PHARMA_API_GENERIC | POLYPROPYLENE_PP,3,6
NAME::ITEM_5cd82670292a7ff33302,나코드린나잘스프레이(모메타손푸로에이트)(경동제약(주))-140회/통,MOMETASONE_FUROATE | PARAFFIN_PETROLEUM,2,6
NAME::ITEM_facc34a0c947aa028ed3,데스원로션0.05%(데소나이드)_(55mg/110g)(대원제약(주))-110g/통,DESONIDE | PARAFFIN_PETROLEUM,2,6
NAME::ITEM_4e67082a1464d7a38a6e,레보틱스CR서방정(레보드로프로피진)_(90mg/1정)(한국유나이티드제약(주))-1정 | 레보틱스CR서방정(한국유나이티드제약(주)),ALUMINUM | LEVODROPROPIZINE | PHARMA_API_GENERIC | POLYPROPYLENE_PP,4,6
NAME::ITEM_4e81882c36a3ffb57ad7,암로비카에이치씨티정5/20/12.5밀리그램_(1정)(동국제약(주))-1정,ALUMINUM | PHARMA_API_GENERIC | POLYPROPYLENE_PP,3,6
NAME::ITEM_4eb5110fb1881c5aa3f9,라미실크림1%(테르비나핀염산염)_(0.3g/30g)(지피테라퓨틱스코리아주식회사)-30g/개,PARAFFIN_PETROLEUM | TERBINAFINE,2,6
NAME::ITEM_2771e8ea28c60e7903c3,후루존정150밀리그램(플루코나졸)_(0.15g/1정)((주)테라젠이텍스)-1정,FLUCONAZOLE | PARAFFIN_PETROLEUM,2,6
NAME::ITEM_9d63837b52dc1287dbae,로수듀오정10/10밀리그램_(1정)(에이치엘비제약(주))-1정,ALUMINUM | PHARMA_API_GENERIC | POLYPROPYLENE_PP,3,6
NAME::ITEM_9a8391a714e8d88b3403,크라비트정 | 크라비트정500mg(제일약품)-1정(결핵사용),ALUMINUM | PHARMA_API_GENERIC | POLYPROPYLENE_PP,3,6
NAME::ITEM_9a9bd1f608be44bacb36,글리베타엠정(안국약품(주))-1정,ALUMINUM | PHARMA_API_GENERIC | POLYPROPYLENE_PP,3,6
NAME::ITEM_9a9eb4ea33c390b82c45,아토베리어크림MD | 아토베리어크림MD100g((주)에스트) | 에스트라크림MD100g(BM5001LZ),PARAFFIN_PETROLEUM | PHARMA_API_GENERIC | SKINCARE_COSMETIC_TOPICAL,3,6
NAME::ITEM_b5c918b5aa5e5e9e43c6,울트라셋이알서방정((주)한국얀센)-1정 | 울트라셋이알서방정_(1정)((주)한국얀센)-1정,ALUMINUM | POLYPROPYLENE_PP | TRAMADOL_ACETAMINOPHEN,3,6
NAME::ITEM_b6d291c057f2529c112a,빌다틴메트정50/500밀리그램_(1정)(안국뉴팜(주))-1정,ALUMINUM | PHARMA_API_GENERIC | POLYPROPYLENE_PP,3,6
NAME::ITEM_551e13ea0df5ac9237f0,대한관류용멸균생리식염수 500밀리리터(대한약품공업(주))-500mL/병,POLYPROPYLENE_PP | POLYVINYL_CHLORIDE_PVC,2,6
NAME::ITEM_d6aa97309d442d5e6a2b,동광 이부프로펜주 4ml,ALUMINUM | IBUPROFEN | POLYPROPYLENE_PP,3,6
NAME::ITEM_0db67db193bc6667f2b1,테라립틴듀오서방정20/1000밀리그램_(1정)((주)팜젠사이언스)-1정,ALUMINUM | PHARMA_API_GENERIC | POLYPROPYLENE_PP,3,6
NAME::ITEM_ef20b2c602c68f9f1b4c,엑세라민비 정,ALUMINUM | PHARMA_API_GENERIC | POLYPROPYLENE_PP,3,6
NAME::ITEM_0897f1305b376a8e974b,텐텐츄정,ALUMINUM | PHARMA_API_GENERIC | POLYPROPYLENE_PP,3,6
NAME::ITEM_9dce53db13353cd56eb5,실크론지크림_(15g)(동광제약(주))-15g/개,BETAMETHASONE | PARAFFIN_PETROLEUM,2,6
NAME::ITEM_9dfbeda05fbc80abdda0,에리우스정(데스로라타딘(미분화))_(5mg/1정)(한국오가논(주))-1정,ALUMINUM | PHARMA_API_GENERIC | POLYPROPYLENE_PP,3,6
NAME::ITEM_053fae06d28ecbb8f169,쎄레본정200밀리그램(세레콕시브)(영진약품공업(주))-1정 | 쎄레본정200밀리그램(세레콕시브)_(0.2g/1정)(영진약품(주))-1정,ALUMINUM | CELECOXIB | POLYPROPYLENE_PP,3,6
NAME::ITEM_055317fa1c9179e9edef,코에잘스프레이(모메타손푸로에이트)_(7mg/140회)((주)팜젠사이언스)-140회/통,MOMETASONE_FUROATE | PARAFFIN_PETROLEUM,2,6
NAME::ITEM_4fa6f60deb373c0d452d,로마릴크림(아모롤핀염산염)_(55.76mg/20g)(주식회사제뉴원사이언스)-20g/개 | 로마릴크림(아모롤핀염산염)_(55.76mg/20g)(한국콜마(주))-20g/개,AMOROLFINE | PARAFFIN_PETROLEUM,2,6
NAME::ITEM_1f85bb26b0aaaf118ae8,아토베리어크림MD | 아토베리어크림MD100g((주)에스트) | 에스트라크림MD100g(BM5001LZ),PARAFFIN_PETROLEUM | PHARMA_API_GENERIC | SKINCARE_COSMETIC_TOPICAL,3,6
NAME::ITEM_2067eef4b052a2aee05a,랙시브캡슐100밀리그램(세레콕시브)_(0.1g/1캡슐)((주)한국피엠지제약)-1캡슐,ALUMINUM | CELECOXIB | POLYPROPYLENE_PP,3,6
NAME::ITEM_b4b7b40bc3bc712dee19,슈도스틴서방캡슐_(1캡슐)(하나제약(주))-1캡슐,ALUMINUM | PHARMA_API_GENERIC | POLYPROPYLENE_PP,3,6
NAME::ITEM_656a9aaf144e4108677b,크바젯정10/20밀리그램_(1정)((주)팜젠사이언스)-1정,ALUMINUM | PHARMA_API_GENERIC | POLYPROPYLENE_PP,3,6
NAME::ITEM_395dc62d62124da2e10d,다이리드엠정2/500밀리그램(하나제약(주))-1정,ALUMINUM | PHARMA_API_GENERIC | POLYPROPYLENE_PP,3,6
NAME::ITEM_ecd10e017872e0de2662,올메잘탄플러스정((주)일화)-1정,ALUMINUM | PHARMA_API_GENERIC | POLYPROPYLENE_PP,3,6
NAME::ITEM_ee1e39de9028e1e982e8,(이동)더마톱연고0.25%(한독약품) | 더마톱연고0.25%(한독약품),PARAFFIN_PETROLEUM | PREDNICARBATE,2,6
NAME::ITEM_ee2aa252fa2db9528a92,뉴셀콕캡슐(세레콕시브)_(0.1g/1캡슐)(오스틴제약(주))-1캡슐,ALUMINUM | CELECOXIB | POLYPROPYLENE_PP,3,6
NAME::ITEM_9eb33d2e8f871e018b90,텔미르플러스정40/12.5밀리그램_(1정)(한림제약(주))-1정,ALUMINUM | PHARMA_API_GENERIC | POLYPROPYLENE_PP,3,6
NAME::ITEM_b173e51afd1d3d8b48fc,트레스탄캡슐(1캡슐)(삼진제약(주))-1캡슐 | 트레스탄캡슐(비급여 570원),ALUMINUM | PHARMA_API_GENERIC | POLYPROPYLENE_PP,3,6
NAME::ITEM_a11c25ef036db1931228,동광알긴산나트륨액_(1.25g/25mL)(동광제약(주))-25mL/포,GLUCOSE_CORNSTARCH | SODIUM_CHLORIDE,2,6
NAME::ITEM_9f747d79d4d4472e4d08,베이비락 골든플레인 | 임산부철분제 | 해 비타민D(닥터포이),IRON_MINERAL_COMPOUND | MATERIAL_UNSPECIFIED | VITAMIN_SYNTHETIC_RAWMATERIAL,3,6
NAME::ITEM_4133e9d832abc5a28882,"에취투주(시메티딘)(수출명:CIMEMEDICOINJ.200mg,CIMETIDINEINJ.200mg)_(0.2g/2mL)(제이더블유중외제약(주))-2mL/앰플 | 에취투주(시메티딘)(수출명:CIMEMEDICOINJ.200mgCIMETIDINEINJ.200mg)(제이더블유중외제약(주))-2mL/앰플 | 에취투주(중외제약)-2mL/앰플",CIMETIDINE | PHARMA_API_GENERIC,2,6
NAME::ITEM_d97693e31056f7313360,셀레이나정_(1정)((주)일화)-1정,ALUMINUM | PHARMA_API_GENERIC | POLYPROPYLENE_PP,3,6
NAME::ITEM_4b087272daf49a1b9960,테리아엠서방정20/1000밀리그램_(1정)(구주제약(주))-1정,ALUMINUM | PHARMA_API_GENERIC | POLYPROPYLENE_PP,3,6
NAME::ITEM_4b469ed518276ee33d6d,레보틱스CR서방정(레보드로프로피진)_(90mg/1정)(한국유나이티드제약(주))-1정 | 레보틱스CR서방정(한국유나이티드제약(주)),ALUMINUM | LEVODROPROPIZINE | PHARMA_API_GENERIC | POLYPROPYLENE_PP,4,6
NAME::ITEM_4b4f7aef13e44acbe9b9,립스타플러스정10/10밀리그램_(1정)(한국애보트(주))-1정,ALUMINUM | PHARMA_API_GENERIC | POLYPROPYLENE_PP,3,6
NAME::ITEM_06fb8c9edf891e87da59,카듀엣정5mg/20mg_(1정)(비아트리스코리아(주))-1정,ALUMINUM | PHARMA_API_GENERIC | POLYPROPYLENE_PP,3,6
NAME::ITEM_070c58c6812efab8fd8c,엔피스타정40/5mg_(1정)(대한뉴팜(주))-1정,ALUMINUM | PHARMA_API_GENERIC | POLYPROPYLENE_PP,3,6
NAME::ITEM_073694dbfdcd8b896301,판토라인정40mg,ALUMINUM | PHARMA_API_GENERIC | POLYPROPYLENE_PP,3,6
NAME::ITEM_f3fdf31f72b0862dca28,케페낙정100밀리그램(아세클로페낙)((주)비티오생명제약)-1정 | 케페낙정100밀리그램(아세클로페낙)_(0.1g/1정)((주)휴온스생명과학)-1정,ACECLOFENAC | ALUMINUM | POLYPROPYLENE_PP,3,6
NAME::ITEM_6410280d962a68f36107,반델크림(낙산프로피온산하이드로코티손)_(10mg/10g)((주)유유제약)-10g/개 | 반델크림(히드로코르티손프로부테이트)_(10mg/10g)((주)유유제약)-10g/개,HYDROCORTISONE | HYDROCORTISONE_BUTYRATE_PROPIONATE | PARAFFIN_PETROLEUM,3,6
NAME::ITEM_4406d659d0fe1a772049,세비로텐정5/40밀리그램((주)메디카코리아)-1정 | 세비로텐정5/40밀리그램_(1정)((주)메디카코리아)-1정,ALUMINUM | PHARMA_API_GENERIC | POLYPROPYLENE_PP,3,6
NAME::ITEM_4bbbe656e988d7d3f005,마데카솔분말(센텔라정량추출물)(01g/5g)(동국제약(주))-5g/통,CENTELLA_ASIATICA_EXTRACT | PARAFFIN_PETROLEUM,2,6
NAME::ITEM_12095cfb56bd376ed657,휴니즈트리메부틴말레산염정_(0.1g/1정)((주)휴온스메디텍)-1정,ALUMINUM | PHARMA_API_GENERIC | POLYPROPYLENE_PP,3,6
NAME::ITEM_8c2d5120c311d9be6a52,하이살탄플러스정16/12.5mg(알리코제약(주))-1정,ALUMINUM | PHARMA_API_GENERIC | POLYPROPYLENE_PP,3,6
NAME::ITEM_2ef1d26e39941c1b2893,에스파손겔0.05%(데속시메타손)_(7.5mg/15g)((주)한독)-15g/개,DESOXIMETASONE | PARAFFIN_PETROLEUM,2,6
NAME::ITEM_89d36c9c1eb8ff36e43d,로마졸질정100mg(클로트리마졸)((주)씨엠지제약)-1정,CLOTRIMAZOLE | PARAFFIN_PETROLEUM,2,6
NAME::ITEM_881115100d0fde212afe,태극이브펜정(태극약품공업)-1정,ALUMINUM | IBUPROFEN | POLYPROPYLENE_PP,3,6
NAME::ITEM_cc1a5b1acc2078fa81a4,아메리드엠정2/500밀리그램(한국프라임제약(주))-1정,ALUMINUM | PHARMA_API_GENERIC | POLYPROPYLENE_PP,3,6
NAME::ITEM_cc30b90534e6056b12e5,하이드라섹산10mg(한국애보트(주))-1정,ALUMINUM | PHARMA_API_GENERIC | POLYPROPYLENE_PP,3,6
NAME::ITEM_9ec64ae88cc232d562ff,유디바캡슐_(1캡슐)((주)이든파마)-1캡슐,ALUMINUM | PHARMA_API_GENERIC | POLYPROPYLENE_PP,3,6
NAME::ITEM_26703dfbd4fa960409ad,대웅바이오아테놀올정50밀리그램(대웅바이오(주))-1정,ALUMINUM | PHARMA_API_GENERIC | POLYPROPYLENE_PP,3,6
NAME::ITEM_5f39afd06f7e8c2cbd93,아토엠젯정10/40밀리그램_(1정)((주)마더스제약)-1정,ALUMINUM | PHARMA_API_GENERIC | POLYPROPYLENE_PP,3,6
NAME::ITEM_5dbf16bc74f6898023c0,페인리스세미서방정_(1정)(주식회사제뉴원사이언스)-1정,ALUMINUM | POLYPROPYLENE_PP | TRAMADOL_ACETAMINOPHEN,3,6
NAME::ITEM_b2b9db0398678831270d,고운자임 정,ALUMINUM | PHARMA_API_GENERIC | POLYPROPYLENE_PP,3,6
NAME::ITEM_b3eb2e454fb1670fa38f,"아다셀 프리필드시린지 0.5mL/관(백일해, 사노피파스퇴르) | 아다셀주 0.5mL/병(사노피파스퇴르)",ALUMINUM | PHARMA_API_GENERIC | POLYPROPYLENE_PP,3,6
NAME::ITEM_20bb600e39f24d9dd634,로자스크정5/50밀리그램(한국유나이티드제약(주))-1정,ALUMINUM | PHARMA_API_GENERIC | POLYPROPYLENE_PP,3,6
NAME::ITEM_b2b5902dc87583fa08fc,테네글로엠서방정10/750밀리그램_(1정)((주)일화)-1정,ALUMINUM | PHARMA_API_GENERIC | POLYPROPYLENE_PP,3,6
NAME::ITEM_b0364d8aeda6a7a83dc5,쎄레본정200밀리그램(세레콕시브)(영진약품공업(주))-1정 | 쎄레본정200밀리그램(세레콕시브)_(0.2g/1정)(영진약품(주))-1정,ALUMINUM | CELECOXIB | POLYPROPYLENE_PP,3,6
NAME::ITEM_b086d095172147204960,비유피-4정10mg(제일약품)-1정 | 비유피-4정10밀리그램(프로피베린염산염)_(10mg/1정)(제일약품(주))-1정,ALUMINUM | PHARMA_API_GENERIC | POLYPROPYLENE_PP | PROPIVERINE,4,6
NAME::ITEM_ae728d2fedfbf7b356d7,뉴비카정10/40mg_(1정)(대한뉴팜(주))-1정,ALUMINUM | PHARMA_API_GENERIC | POLYPROPYLENE_PP,3,6
NAME::ITEM_2153453754f75e99937b,로이디펜캡슐(1캡슐)(미래제약(주))-1캡슐,ALUMINUM | DICLOFENAC | POLYPROPYLENE_PP,3,6
NAME::ITEM_216abf6318c9c4170a55,오라메디연고(동국제약)-1g (포장단위 6g),PARAFFIN_PETROLEUM | TRIAMCINOLONE_ORAL,2,6
NAME::ITEM_ddc63c9e8189c04f9cdc,이부날시럽(이부프로펜)_(20g/1000mL)(우리들제약(주))-1000(1)mL/병,ALUMINUM | IBUPROFEN | POLYPROPYLENE_PP,3,6
NAME::ITEM_e36843b39c70592577c7,베스자임엠정(동아제약)-1정,MICROBIAL_FUNGAL_ENZYME | PANCREATIN_ANIMAL_ENZYME,2,6
NAME::ITEM_79fb8671ba535873cf12,셀레비카정5/20밀리그램_(1정)((주)셀트리온제약)-1정,ALUMINUM | PHARMA_API_GENERIC | POLYPROPYLENE_PP,3,6
NAME::ITEM_7a177aa580bafa1bc537,크라비트정 | 크라비트정500mg(제일약품)-1정(결핵사용),ALUMINUM | PHARMA_API_GENERIC | POLYPROPYLENE_PP,3,6
NAME::ITEM_35575c2560e977376533,(건식)고운마더스_철분 | 고운마더스,IRON_MINERAL_COMPOUND | MATERIAL_UNSPECIFIED,2,6
NAME::ITEM_f498c1c349a1cb422102,리세드렌플러스정((주)테라젠이텍스)-1정 | 리세드렌플러스정_(1정)((주)테라젠이텍스)-1정,ALUMINUM | PHARMA_API_GENERIC | POLYPROPYLENE_PP,3,6
NAME::ITEM_dbbc652a3f237c696067,대한멸균생리식염수,GLUCOSE_CORNSTARCH | SODIUM_CHLORIDE,2,6
NAME::ITEM_4bc042e04829ef2a0e01,발사닌플러스정80/12.5밀리그램(명문제약(주))-1정 | 발사닌플러스정80/12.5밀리그램_(1정)(명문제약(주))-1정,ALUMINUM | PHARMA_API_GENERIC | POLYPROPYLENE_PP,3,6
NAME::ITEM_5dd34ecc03206e371b2e,시타글민듀오서방정 50/500밀리그램_(1정)(알리코제약(주))-1정,ALUMINUM | PHARMA_API_GENERIC | POLYPROPYLENE_PP,3,6
NAME::ITEM_35c2d7748e9991ac3782,테네스엠서방정20/1000밀리그램_(1정)(아주약품(주))-1정,ALUMINUM | PHARMA_API_GENERIC | POLYPROPYLENE_PP,3,6
NAME::ITEM_35f96e37715a0aab2106,세비카정 5/40밀리그램(한국다이이찌산쿄주식회사)-1정 | 세비카정 5/40밀리그램_(1정)(한국다이이찌산쿄(주))-1정,ALUMINUM | PHARMA_API_GENERIC | POLYPROPYLENE_PP,3,6
NAME::ITEM_7a76cafa791b12a48556,발트렙플러스정(경동제약(주))-1정,ALUMINUM | PHARMA_API_GENERIC | POLYPROPYLENE_PP,3,6
NAME::ITEM_375c52ee054781432212,엑스핀정5/160밀리그램_(1정)((주)이든파마)-1정,ALUMINUM | PHARMA_API_GENERIC | POLYPROPYLENE_PP,3,6
NAME::ITEM_a1a28dc208bc3596b583,발사탄플러스정80/12.5밀리그램_(1정)((주)일화)-1정,ALUMINUM | PHARMA_API_GENERIC | POLYPROPYLENE_PP,3,6
NAME::ITEM_a46ac092543d081430dd,프로토픽연고0.1%(레오파마(유))-30g/개 | 프로토픽연고0.1%(타크로리무스수화물)_(30.6mg/30g)(레오파마(유))-30g/개,PARAFFIN_PETROLEUM | PHARMA_API_GENERIC | TACROLIMUS,3,6
NAME::ITEM_a5a871e545561635bc90,에프벡스한방카타플라스마(1매)(제1형)(부광약품(주))-1매,PARAFFIN_PETROLEUM | PHARMA_API_GENERIC,2,6
NAME::ITEM_409b57499938c6b3627c,유박스 2ml,BIOLOGICS_CELL_CULTURE | LIPID_NANOPARTICLE,2,6
NAME::ITEM_40c95fe538d938b21b87,글리포르민정1/250밀리그램(한국콜마(주))-1정 | 글리포르민정1/250밀리그램_(1정)(주식회사제뉴원사이언스)-1정,ALUMINUM | PHARMA_API_GENERIC | POLYPROPYLENE_PP,3,6
NAME::ITEM_a1f095afb136fa739652,카르손크림0.25%(프레드니카르베이트)_(50mg/20g)(동성제약(주))-20g/개,PARAFFIN_PETROLEUM | PREDNICARBATE,2,6
NAME::ITEM_a25084e5dd63dda55fa8,일양바이오아세클로페낙정(일양바이오팜(주))-1정,ALUMINUM | PHARMA_API_GENERIC | POLYPROPYLENE_PP,3,6
NAME::ITEM_a2954cae851a4c3fa2f3,류스펜정(록소프로펜나트륨)((주)유영제약)-1정,ALUMINUM | LOXOPROFEN | POLYPROPYLENE_PP,3,6
NAME::ITEM_a0998a6db4952a295eed,유산균 | 정장제 | 정장제(성인용),MATERIAL_UNSPECIFIED | PROBIOTIC_BACTERIAL_CULTURE,2,6
NAME::ITEM_5bdccc78956250c41374,다파원엠서방정5/500밀리그램_(1정)(대원제약(주))-1정,ALUMINUM | PHARMA_API_GENERIC | POLYPROPYLENE_PP,3,6
NAME::ITEM_acd4a63e61ab61aabb42,아토베리어로션MD | 아토베리어로션MD200g((주)에스트) | 아토베리어로션MD200g(BM5002LZ),PARAFFIN_PETROLEUM | SKINCARE_COSMETIC_TOPICAL,2,6
NAME::ITEM_39f1eea95d1933c44388,보령니트로푸란토인캡슐(50mg/1캡슐)((주)보령)-1캡슐,ALUMINUM | PHARMA_API_GENERIC | POLYPROPYLENE_PP,3,6
NAME::ITEM_6f19ebe7610f69df0f2a,일양바이오플루코나졸정150밀리그램(일양바이오팜(주))-1정,ALUMINUM | PHARMA_API_GENERIC | POLYPROPYLENE_PP,3,6
NAME::ITEM_6fb1bfdc13f732822cf9,볼타렌에멀겔(디클로페낙디에칠암모늄)_(0.58g/50g)((주)글락소스미스클라인컨슈머헬스케어코리아)-50g/개,ALUMINUM | DICLOFENAC | POLYPROPYLENE_PP,3,6
NAME::ITEM_66f3cae8d2a6c4b9ac46,보령미라베그론서방정50밀리그램_(50mg/1정)((주)보령)-1정,ALUMINUM | PHARMA_API_GENERIC | POLYPROPYLENE_PP,3,6
NAME::ITEM_b2538541c78e51ff20e6,대상포진 | 대상포진(싱그릭스) | 조스타박스(대상포진),MATERIAL_UNSPECIFIED | PHARMA_API_GENERIC,2,6
NAME::ITEM_df892cb7a3218e4b37b8,위더넥스플러스정(위더스제약(주))-1정,ALUMINUM | PHARMA_API_GENERIC | POLYPROPYLENE_PP,3,6
NAME::ITEM_a8d24468dd1dfc155091,타나센정(1정)((주)유한양행)-1정,ALUMINUM | PHARMA_API_GENERIC | POLYPROPYLENE_PP,3,6
NAME::ITEM_a8f94b00a3ff805cc619,대상포진 | 대상포진(싱그릭스) | 조스타박스(대상포진),MATERIAL_UNSPECIFIED | PHARMA_API_GENERIC,2,6
NAME::ITEM_0ac2cfab0dbb3d43a662,케이마릴엠정2/500밀리그램((주)경보제약)-1정 | 케이마릴엠정2/500밀리그램_(1정)((주)경보제약)-1정,ALUMINUM | PHARMA_API_GENERIC | POLYPROPYLENE_PP,3,6
NAME::ITEM_0adb71eaa6810d66cc71,237/세르비아캡슐/엔테로코쿠스페슘스트레인세르넬레68균30mg/테라젠이텍스 | 세르비아캅셀(스트렙토코카스페시움스트레인세르넬레68균)((주)테라젠이텍스)-1캡슐,ALUMINUM | PHARMA_API_GENERIC | POLYPROPYLENE_PP,3,6
NAME::ITEM_a5cf4d5b6171397807e6,다파론듀오서방정10/500밀리그램_(1정)(한미약품(주))-1정,ALUMINUM | PHARMA_API_GENERIC | POLYPROPYLENE_PP,3,6
NAME::ITEM_64728f1620531fbb6e3a,"실크론지크림_(0.288g,0.45g/450g)(동광제약(주))-450g/병 | 실크론지크림_(450g)(동광제약(주))-450g/병",BETAMETHASONE | PARAFFIN_PETROLEUM,2,6
NAME::ITEM_64bdd4b93ae269840e8d,풋파인크림1%(테르비나핀염산염)_(0.3g/30g)((주)아이월드제약)-30g/개,PARAFFIN_PETROLEUM | TERBINAFINE,2,6
NAME::ITEM_ad7f532425702f76eaa2,아모르탄정10/160mg((주)씨엠지제약)-1정,ALUMINUM | PHARMA_API_GENERIC | POLYPROPYLENE_PP,3,6
NAME::ITEM_ab7fe304cdeb299a7761,인플루엔자 | 인플루엔자(지자체),BIOLOGICS_CELL_CULTURE | LIPID_NANOPARTICLE,2,6
NAME::ITEM_24f6b6a3db3dc57b2698,코푸엔에스시럽(20mL)((주)제뉴파마)-20mL/포,ALUMINUM | PHARMA_API_GENERIC | POLYPROPYLENE_PP,3,6
NAME::ITEM_a2d5426c43b830083ec4,라미실크림1%(테르비나핀염산염)_(0.3g/30g)((주)글락소스미스클라인컨슈머헬스케어코리아)-30g/개,PARAFFIN_PETROLEUM | TERBINAFINE,2,6
NAME::ITEM_a3399648ff5d3fe0ea8e,하티손로션2.5%(히드로코르티손)_(1.5g/60mL)(한미약품(주))-60mL/병,HYDROCORTISONE | PARAFFIN_PETROLEUM,2,6
NAME::ITEM_a13c9606eff5bfd0d368,칼페온정_(1정)((주)이든파마)-1정,ALUMINUM | PHARMA_API_GENERIC | POLYPROPYLENE_PP,3,6
NAME::ITEM_a16894ebb2ebe870e450,"에취투주(시메티딘)(수출명:CIMEMEDICOINJ.200mg,CIMETIDINEINJ.200mg)_(0.2g/2mL)(제이더블유중외제약(주))-2mL/앰플 | 에취투주(시메티딘)(수출명:CIMEMEDICOINJ.200mgCIMETIDINEINJ.200mg)(제이더블유중외제약(주))-2mL/앰플 | 에취투주(중외제약)-2mL/앰플",CIMETIDINE | PHARMA_API_GENERIC,2,6
NAME::ITEM_a17ea5db09b1c4189e28,"아다셀 프리필드시린지 0.5mL/관(백일해, 사노피파스퇴르) | 아다셀주 0.5mL/병(사노피파스퇴르)",ALUMINUM | PHARMA_API_GENERIC | POLYPROPYLENE_PP,3,6
NAME::ITEM_23bdbcf537df8b04133f,엑스브이정5/160밀리그램(광동제약(주))-1정,ALUMINUM | PHARMA_API_GENERIC | POLYPROPYLENE_PP,3,6
NAME::ITEM_021963fd04cdd50d9606,암로텔정80/5mg_(1정)((주)넥스팜코리아)-1정,ALUMINUM | PHARMA_API_GENERIC | POLYPROPYLENE_PP,3,6
NAME::ITEM_4947930574e0da9d5e31,세레비스캡슐(세레콕시브)_(0.2g/1캡슐)((주)한국파비스제약)-1캡슐,ALUMINUM | CELECOXIB | POLYPROPYLENE_PP,3,6
NAME::ITEM_e673bb53bcc49a038f8b,엘오공정10/10밀리그램_(1정)((주)보령)-1정 | 엘오공정10/10밀리그램_(1정)(보령제약(주))-1정,ALUMINUM | PHARMA_API_GENERIC | POLYPROPYLENE_PP,3,6
NAME::ITEM_e6aff3545c61517fbba1,하이카디정_(1정)(조아제약(주))-1정,ALUMINUM | PHARMA_API_GENERIC | POLYPROPYLENE_PP,3,6
NAME::ITEM_06316f5630efabd6928e,아주스타정80/5밀리그램_(1정)(아주약품(주))-1정,ALUMINUM | PHARMA_API_GENERIC | POLYPROPYLENE_PP,3,6
NAME::ITEM_89859cf360ce2d4bcd15,프로토픽연고0.1%(레오파마(유))-30g/개 | 프로토픽연고0.1%(타크로리무스수화물)_(30.6mg/30g)(레오파마(유))-30g/개,PARAFFIN_PETROLEUM | PHARMA_API_GENERIC | TACROLIMUS,3,6
NAME::ITEM_f28e44127a0bbdeab8dd,대한포도당주사액(5%) 100밀리리터(대한약품공업(주))-100mL/백,GLUCOSE_CORNSTARCH | SODIUM_CHLORIDE,2,6
NAME::ITEM_f2a42c1a838a2a06d152,비유피-4정10mg(제일약품)-1정 | 비유피-4정10밀리그램(프로피베린염산염)_(10mg/1정)(제일약품(주))-1정,ALUMINUM | PHARMA_API_GENERIC | POLYPROPYLENE_PP | PROPIVERINE,4,6
NAME::ITEM_a5c110ef33e230673f3a,올메듀오정5/20밀리그램((주)휴온스)-1정,ALUMINUM | PHARMA_API_GENERIC | POLYPROPYLENE_PP,3,6
NAME::ITEM_45095e4174a181121309,인플루엔자 | 인플루엔자(지자체),BIOLOGICS_CELL_CULTURE | LIPID_NANOPARTICLE,2,6
NAME::ITEM_45af3ad0cba7533ab1a0,트윈텔정40/5mg_(1정)(구주제약(주))-1정,ALUMINUM | PHARMA_API_GENERIC | POLYPROPYLENE_PP,3,6
NAME::ITEM_45e7d59a97fa1492843e,트윈엑스정40/5밀리그램_(1정)(영풍제약(주))-1정,ALUMINUM | PHARMA_API_GENERIC | POLYPROPYLENE_PP,3,6
NAME::ITEM_45f9ea87b709386e40a4,제올라크림(15g)(태극제약(주))-15g/개,PARAFFIN_PETROLEUM | PHARMA_API_GENERIC,2,6
NAME::ITEM_5003e7d37adac6afd051,케이엠시프겔(100g)(주식회사제뉴원사이언스)-100g/통,ALUMINUM | METHYL_SALICYLATE | POLYPROPYLENE_PP,3,6
NAME::ITEM_242f66f6c224dfd7b719,케토그린(신신제약),ALUMINUM | KETOPROFEN | POLYPROPYLENE_PP,3,6
NAME::ITEM_e1d467fb0524d044bcb2,플루코졸정150밀리그램(플루코나졸)(동국제약(주))-1정,FLUCONAZOLE | PARAFFIN_PETROLEUM,2,6
NAME::ITEM_03728eba8ebe9d6f75f7,메이킨정(명인제약)-1정,ALUMINUM | PHARMA_API_GENERIC | POLYPROPYLENE_PP,3,6
NAME::ITEM_48e28a79d13635cabee9,세자르50mg(일화)-1정,ALUMINUM | PHARMA_API_GENERIC | POLYPROPYLENE_PP,3,6
NAME::ITEM_dd88ce28e749dc6f040e,유산균 | 정장제 | 정장제(성인용),MATERIAL_UNSPECIFIED | PROBIOTIC_BACTERIAL_CULTURE,2,6
NAME::ITEM_ddc204a8309dc84c5703,발사닌플러스정80/12.5밀리그램(명문제약(주))-1정 | 발사닌플러스정80/12.5밀리그램_(1정)(명문제약(주))-1정,ALUMINUM | PHARMA_API_GENERIC | POLYPROPYLENE_PP,3,6
NAME::ITEM_edac8bc695ec9ac18a78,로수듀오정10/10밀리그램_(1정)((주)시어스제약)-1정,ALUMINUM | PHARMA_API_GENERIC | POLYPROPYLENE_PP,3,6
NAME::ITEM_a8132ce46d4db44ee958,로젯정10/10밀리그램(명문제약(주))-1정,ALUMINUM | PHARMA_API_GENERIC | POLYPROPYLENE_PP,3,6
NAME::ITEM_a83faafa78c2c5243ef8,에이알비티에스정80/5밀리그램_(1정)(삼진제약(주))-1정,ALUMINUM | PHARMA_API_GENERIC | POLYPROPYLENE_PP,3,6
NAME::ITEM_7132151cdae5d125c429,테넬리아엠서방정10/750밀리그램_(1정)((주)한독)-1정,ALUMINUM | PHARMA_API_GENERIC | POLYPROPYLENE_PP,3,6
NAME::ITEM_7139acb8f074038ef57f,진브렉스캡슐200밀리그램(세레콕시브)_(0.2g/1캡슐)(대원바이오텍주식회사)-1캡슐 | 진브렉스캡슐200밀리그램(세레콕시브)_(0.2g/1캡슐)(주식회사다나젠)-1캡슐,ALUMINUM | CELECOXIB | POLYPROPYLENE_PP,3,6
NAME::ITEM_717df7ecfed4a01ffba4,트윈액트정80/5밀리그램_(1정)((주)다산제약)-1정,ALUMINUM | PHARMA_API_GENERIC | POLYPROPYLENE_PP,3,6
NAME::ITEM_719dc96de075e808909a,프리토플러스정80/12.5밀리그램_(1정)(광동제약(주))-1정,ALUMINUM | PHARMA_API_GENERIC | POLYPROPYLENE_PP,3,6
NAME::ITEM_3819838bdd67f2c8c5ca,암로살탄정5/80밀리그램(동국제약(주))-1정,ALUMINUM | PHARMA_API_GENERIC | POLYPROPYLENE_PP,3,6
NAME::ITEM_39f110aa6b2885ab7fb1,로티브정10/10밀리그램_(1정)(동화약품(주))-1정,ALUMINUM | PHARMA_API_GENERIC | POLYPROPYLENE_PP,3,6
NAME::ITEM_23a132b81a4cf83cdc18,삼현제약백색바세린-100G | 종근당백색바세린(종근당)-1G,PARAFFIN_PETROLEUM | PHARMA_API_GENERIC,2,6
NAME::ITEM_23a3109770e3a0b9278a,로티젯정10/10밀리그램_(1정)((주)씨엠지제약)-1정,ALUMINUM | PHARMA_API_GENERIC | POLYPROPYLENE_PP,3,6
NAME::ITEM_7bb4eebc26d8a31a9ddb,"코슈엘정_(1정)(코오롱제약(주))-1정 | 코슈엘정_레보세티리진염산염2.5mg,슈도에페그린염산염120.0mg(1정)(코오롱제약(주))-1정",LEVOCETIRIZINE | PSEUDOEPHEDRINE,2,5
NAME::ITEM_daa377a7a22d332288e8,(삼도봉)노자임캡슐(판크레아틴장용성제피정)(04577g/1캡슐)((주)한국팜비오)-1캡슐 | 노자임캡슐(판크레아틴장용성제피정)(04577g/1캡슐)((주)한국팜비오)-1캡슐,ALUMINUM | PANCREATIN | PHARMA_API_GENERIC | POLYPROPYLENE_PP,4,5
NAME::ITEM_bd5a926d422791d193d1,"휴물린 엔 퀵펜주 100단위/밀리리터(휴먼인슐린,유전자재조합)_(300unit/3mL)(한국릴리(유))-3mL/펜 | 휴물린엔퀵펜주 100 IU/mL(한국릴리)-3mL/펜",INSULIN_HUMAN | PHARMA_API_GENERIC,2,5
NAME::ITEM_25d378296c553bad8577,"발사렉스정10/160밀리그램((주)휴온스)-1정 | 발사렉스정10/160밀리그램(암로디핀, 발사르탄)_(1정)((주)휴온스)-1정",ALUMINUM | AMLODIPINE | PHARMA_API_GENERIC | POLYPROPYLENE_PP,4,5
NAME::ITEM_e07fc132620563f04e90,"휴물린 엔 퀵펜주 100단위/밀리리터(휴먼인슐린,유전자재조합)_(300unit/3mL)(한국릴리(유))-3mL/펜 | 휴물린엔퀵펜주 100 IU/mL(한국릴리)-3mL/펜",INSULIN_HUMAN | PHARMA_API_GENERIC,2,5
NAME::ITEM_e28e074b13fc783dced4,종합비타민제(결핵영양제) | 튜비스투,RIFAMPICIN_ISONIAZID | VITAMIN_SYNTHETIC_RAWMATERIAL,2,5
NAME::ITEM_b7a29b1d21cfda4dc8c5,미노클린치과용연고(동국제약) | 미노클린치과용연고(동국제약)-0.5g | 미노클린치과용연고(미노사이클린염산염)(10mg/05g)(동국제약(주))-0.5g/관,MINOCYCLINE | PARAFFIN_PETROLEUM | PHARMA_API_GENERIC,3,5
NAME::ITEM_3aa28832d618d3ad8d9d,종합비타민제(결핵영양제) | 튜비스투,RIFAMPICIN_ISONIAZID | VITAMIN_SYNTHETIC_RAWMATERIAL,2,5
NAME::ITEM_4d73648873fc7b884b87,미노클린치과용연고(동국제약) | 미노클린치과용연고(동국제약)-0.5g | 미노클린치과용연고(미노사이클린염산염)(10mg/05g)(동국제약(주))-0.5g/관,MINOCYCLINE | PARAFFIN_PETROLEUM | PHARMA_API_GENERIC,3,5
NAME::ITEM_f562c968bc54044cd78f,"코슈엘정_(1정)(코오롱제약(주))-1정 | 코슈엘정_레보세티리진염산염2.5mg,슈도에페그린염산염120.0mg(1정)(코오롱제약(주))-1정",LEVOCETIRIZINE | PSEUDOEPHEDRINE,2,5
NAME::ITEM_e683b568aa5dfc06f0c7,"발사렉스정10/160밀리그램((주)휴온스)-1정 | 발사렉스정10/160밀리그램(암로디핀, 발사르탄)_(1정)((주)휴온스)-1정",ALUMINUM | AMLODIPINE | PHARMA_API_GENERIC | POLYPROPYLENE_PP,4,5
NAME::ITEM_7ff366d74adca5475b24,(삼도봉)노자임캡슐(판크레아틴장용성제피정)(04577g/1캡슐)((주)한국팜비오)-1캡슐 | 노자임캡슐(판크레아틴장용성제피정)(04577g/1캡슐)((주)한국팜비오)-1캡슐,ALUMINUM | PANCREATIN | PHARMA_API_GENERIC | POLYPROPYLENE_PP,4,5
NAME::ITEM_9f28aa223c3ac589bde0,미노클린치과용연고(동국제약) | 미노클린치과용연고(동국제약)-0.5g | 미노클린치과용연고(미노사이클린염산염)(10mg/05g)(동국제약(주))-0.5g/관,MINOCYCLINE | PARAFFIN_PETROLEUM | PHARMA_API_GENERIC,3,5
NAME::ITEM_57d8b00af7d74d30b9cd,"아모잘탄플러스정 5/100/12.5밀리그램_(1정)(한미약품(주))-1정 | 아모잘탄플러스정5/100/12.5밀리그램(암로디핀,로사르탄,클로르탈리돈)_(1정)(한미약품(주))-1정",AMLODIPINE | LOSARTAN_AMLODIPINE,2,5
NAME::ITEM_ed88bb92d71ab28a7a0b,메가토스씨정(1정)(태극제약(주))-1정 | 영양제,VITAMIN_C | VITAMIN_SYNTHETIC_RAWMATERIAL,2,4
NAME::ITEM_6395b71ca257c1362a06,더마크린에취씨로션1%(히드로코르티손)_(1g/100mL)(고려제약(주))-100mL/병,HYDROCORTISONE | PARAFFIN_PETROLEUM,2,4
NAME::ITEM_110d9e3c7356d1117f81,센토스크림(염산테르비나핀)_(0.15g/15g)((주)메디카코리아)-15g/개,PARAFFIN_PETROLEUM | TERBINAFINE,2,4
NAME::ITEM_dbcf0df88a31a0a58a53,락티케어제마지스로션0.25%(프레드니카르베이트)_(50mg/20g)((주)한국파마)-20g/개,PARAFFIN_PETROLEUM | PREDNICARBATE,2,4
NAME::ITEM_a46ff38fe0875b00c263,나조메손나잘스프레이액(모메타손푸로에이트)_(7mg/140회)(대웅바이오(주))-140회/통,MOMETASONE_FUROATE | PARAFFIN_PETROLEUM,2,4
NAME::ITEM_dbe434487ae3f2ae0898,나니실크림(테르비나핀염산염)_(0.15g/15g)((주)에이프로젠바이오로직스)-15g/개 | 나니실크림(테르비나핀염산염)_(0.15g/15g)(에이프로젠제약(주))-15g/개,PARAFFIN_PETROLEUM | TERBINAFINE,2,4
NAME::ITEM_a7a9ff1276d4f9a4eda1,마데카솔케어연고(동국제약)-6g | 마데카솔케어연고(동화약품)-6g,CENTELLA_EXTRACT | PARAFFIN_PETROLEUM,2,4
NAME::ITEM_529c15a152dc4dadfc34,더모타손엠엘이크림(모메타손푸로에이트)_(30mg/30g)((주)동구바이오제약)-30g/개,MOMETASONE_FUROATE | PARAFFIN_PETROLEUM,2,4
NAME::ITEM_5359fc0bd39c3371d1fe,위나지액(알긴산나트륨)_(1g/20mL)(동국제약(주))-20mL/포,GLUCOSE_CORNSTARCH | SODIUM_CHLORIDE,2,4
NAME::ITEM_506c00f07bb18897a66f,피알디현탁시럽0.1%(프레드니솔론)_(0.5g/500mL)(한림제약(주))-500(1)mL/병,PARAFFIN_PETROLEUM | PREDNISOLONE,2,4
NAME::ITEM_df09a01e698663fbc9e5,웅코나졸정150밀리그램(플루코나졸)(대웅바이오(주))-1정,FLUCONAZOLE | PARAFFIN_PETROLEUM,2,4
NAME::ITEM_df6e2c526527d03b4755,(삼도봉)라베졸정10mg(라베프라졸나트륨)((주)테라젠이텍스)-1정 | 라베졸정10mg(라베프라졸나트륨)_(10mg/1정)((주)테라젠이텍스)-1정,PHARMA_API_GENERIC | RABEPRAZOLE,2,4
NAME::ITEM_0e6aaf58427f74951525,참훌루오로메토론0.1%점안액(수출명:훌루론0.1%점안액유니훌루오롬0.1%점안액)_(5mg/5mL)(유니메드제약(주))-5mL/병,PARAFFIN_PETROLEUM | PHARMA_API_GENERIC,2,4
NAME::ITEM_e3947e37806d3dd23825,소아인플루엔자(0.5ml)무료 | 인플루엔자(0.25mL 무료),BIOLOGICS_CELL_CULTURE | LIPID_NANOPARTICLE,2,4
NAME::ITEM_e56b845799a72106c55c,나조넥스나잘스프레이(모메타손푸로에이트)(한국엠에스디(유))-140회/통 | 나조넥스나잘스프레이(모메타손푸로에이트)_(7mg/140회)(한국엠에스디(유))-140회/통,MOMETASONE_FUROATE | PARAFFIN_PETROLEUM,2,4
NAME::ITEM_79c4df622f4ffb0eeecc,인플루엔자 0.5ml | 인플루엔자 0.5ml(취약계층),BIOLOGICS_CELL_CULTURE | LIPID_NANOPARTICLE,2,4
NAME::ITEM_3503e516799c6de7aa86,제로이드 로션 200ml | 제로이드 인텐시브 로션 엠디 300ml (BM5002HP),PARAFFIN_PETROLEUM | SKINCARE_COSMETIC_TOPICAL,2,4
NAME::ITEM_7c2b550ea1bdd5fec707,화콜 | 화콜클래식원연질캡슐(1캡슐)(제이더블유중외제약(주))-1캡슐,ALUMINUM | MATERIAL_UNSPECIFIED | PHARMA_API_GENERIC | POLYPROPYLENE_PP,4,4
NAME::ITEM_33d2ecb3f1516ae557e7,"엔딕스크림_(4.5g,0.45g/450g)(동광제약(주))-450g/병 | 엔딕스크림_(450g)(동광제약(주))-450g/병",BETAMETHASONE_GENTAMICIN | PARAFFIN_PETROLEUM,2,4
NAME::ITEM_0d7fce3db4e54eb10321,인플루엔자(조류대응),BIOLOGICS_CELL_CULTURE | LIPID_NANOPARTICLE,2,4
NAME::ITEM_e5a6da28c3c74feb74bf,중외엔에스주사액(염화나트륨)(제이더블유생명과학(주))-100ml/병,GLUCOSE_CORNSTARCH | SODIUM_CHLORIDE,2,4
NAME::ITEM_d6e11c732caf26d27219,박트란연고(무피로신)_(9g/450g)((주)퍼슨)-450g/통,MUPIROCIN | PARAFFIN_PETROLEUM,2,4
NAME::ITEM_42faf6ceb64d49813858,엘린크림(클로트리마졸)(02g/20g)(태극제약(주))-20g/개,CLOTRIMAZOLE | PARAFFIN_PETROLEUM,2,4
NAME::ITEM_d7f4ba94824a83adfd79,무라졸크림(테르비나핀염산염)_(0.3g/30g)(태극제약(주))-30g/개,PARAFFIN_PETROLEUM | TERBINAFINE,2,4
NAME::ITEM_119f4fd9c4e4e9f5d9ec,이노엔5%포도당주사액_(5g/100mL)(에이치케이이노엔(주)) - 5%DW 100mL/백 | 이노엔5%포도당주사액_(5g/100mL)(에이치케이이노엔(주))-100mL/백,GLUCOSE_CORNSTARCH | SODIUM_CHLORIDE,2,4
NAME::ITEM_119c56efe4829749a038,실버케어크림(설파디아진은)(015g/15g)(태극제약(주))-15g/개,PARAFFIN_PETROLEUM | SILVER_SULFADIAZINE,2,4
NAME::ITEM_32ebb76497af49beab1b,락티케어에취씨로션1%(히드로코르티손)_(0.6g/60mL)((주)한국파마)-60mL/병,HYDROCORTISONE | PARAFFIN_PETROLEUM,2,4
NAME::ITEM_daf1bc2feeb6e0588bfd,마데카솔케어연고(동국제약)-6g | 마데카솔케어연고(동화약품)-6g,CENTELLA_EXTRACT | PARAFFIN_PETROLEUM,2,4
NAME::ITEM_4529d8e04108da5fa707,엠라크림5%-5g/개 | 엠라크림5g,PARAFFIN_PETROLEUM | PHARMA_API_GENERIC,2,4
NAME::ITEM_a33e30c9eccbc09e03d1,데스원로션0.05%(데소나이드)_(27.5mg/55g)(대원제약(주))-55g/통,DESONIDE | PARAFFIN_PETROLEUM,2,4
NAME::ITEM_ab8c5d0cc5ec9d9c9e6e,데옥손로션0.25%(데속시메타손)_(50mg/20mL)(한미약품(주))-20mL/병,DESOXIMETASONE | PARAFFIN_PETROLEUM,2,4
NAME::ITEM_3d6a93526eb6616d48cd,베아로반연고(무피로신)_(0.1g/5g)((주)대웅)-5g/개,MUPIROCIN | PARAFFIN_PETROLEUM,2,4
NAME::ITEM_f848e1669340a9a4fe94,비오비타과립-120g | 비오비타키즈-60g,ALUMINUM | MATERIAL_UNSPECIFIED | PHARMA_API_GENERIC | POLYPROPYLENE_PP,4,4
NAME::ITEM_7fc0b1998b21a8659c43,버물리키드크림(25g)(현대약품(주))-25g/개,INSECT_BITE_TOPICAL_UNCONFIRMED | PARAFFIN_PETROLEUM,2,4
NAME::ITEM_82dc66ae4c4b4d9a50db,제로이드 로션 200ml | 제로이드 인텐시브 로션 엠디 300ml (BM5002HP),PARAFFIN_PETROLEUM | SKINCARE_COSMETIC_TOPICAL,2,4
NAME::ITEM_32e82503ea64fe99091d,이노엔0.9%생리식염주사액_(2.25g/250mL)(에이치케이이노엔(주))-250mL/백,GLUCOSE_CORNSTARCH | SODIUM_CHLORIDE,2,4
NAME::ITEM_420ea6fc23135385cfb9,미보(MEBO)연고(50mg/10g)((주)한도상사)-10g/개,PARAFFIN_PETROLEUM | PHARMA_API_GENERIC,2,4
NAME::ITEM_844afac1ad78fe915a35,푸로칸캡슐(플루코나졸)_(50mg/1캡슐)(화일약품(주))-1캡슐,FLUCONAZOLE | PARAFFIN_PETROLEUM,2,4
NAME::ITEM_254501703ce681d6d584,이노엔5%포도당주사액_(10g/200mL)(에이치케이이노엔(주))-200mL/백,GLUCOSE_CORNSTARCH | SODIUM_CHLORIDE,2,4
NAME::ITEM_5bccbc69fbb2d1e32a51,아시바정(아시클로버)(한국휴텍스제약(주))-1정,ACYCLOVIR | PARAFFIN_PETROLEUM,2,4
NAME::ITEM_a26489a00d86608fa206,히로손로션1%(히드로코르티손)_(0.5g/50g)((주)제뉴파마)-50g/개 | 히로손로션1%(히드로코르티손)_(0.5g/50g)(콜마파마(주))-50g/개,HYDROCORTISONE | PARAFFIN_PETROLEUM,2,4
NAME::ITEM_253d63130f2bf2119e18,다이제스토 1000정(화일약품),MICROBIAL_FUNGAL_ENZYME | PANCREATIN_ANIMAL_ENZYME,2,4
NAME::ITEM_ac9a7f9471b6b437e34c,화콜 | 화콜클래식원연질캡슐(1캡슐)(제이더블유중외제약(주))-1캡슐,ALUMINUM | MATERIAL_UNSPECIFIED | PHARMA_API_GENERIC | POLYPROPYLENE_PP,4,4
NAME::ITEM_2298599a3d60f4d57c51,슈락스정(1정)(영풍제약(주))-1정,MICROBIAL_FUNGAL_ENZYME | PANCREATIN_ANIMAL_ENZYME,2,4
NAME::ITEM_246310a4c8d0d4aa7f98,글루오렌지100액(포도당)_(101.4g/300mL)(맥널티제약(주)) | 글루오렌지100액(포도당)_(101.4g/300mL)(맥널티제약(주))-300mL/병,GLUCOSE_CORNSTARCH | SODIUM_CHLORIDE,2,4
NAME::ITEM_d3341fcb68371e40bcff,비오비타과립-120g | 비오비타키즈-60g,ALUMINUM | MATERIAL_UNSPECIFIED | PHARMA_API_GENERIC | POLYPROPYLENE_PP,4,4
NAME::ITEM_1341ea080c18e8d0e479,비바플로점안액_(6mL)(화일약품(주))-6mL/병,PARAFFIN_PETROLEUM | PHARMA_API_GENERIC,2,4
NAME::ITEM_85a383c10981d791bcd5,광동동의한방고카타플라스마(1매)(광동제약(주))-1매,PARAFFIN_PETROLEUM | PHARMA_API_GENERIC,2,4
NAME::ITEM_80bca231a46cc2e13171,물린디플라스타 42p(신신제약)-42/매 | 물린디플라스타42매,INSECT_BITE_TOPICAL_UNCONFIRMED | PARAFFIN_PETROLEUM,2,4
NAME::ITEM_f7dbb8b675cee16c29e9,"토베손점안액(수출명:필토베손점안액,덱스티어점안액)_(6mL)(대우제약(주))-6mL/병",PARAFFIN_PETROLEUM | PHARMA_API_GENERIC,2,4
NAME::ITEM_f7823cbc3740ab15b4bd,마이케어로션2.5%(히드로코르티손)_(0.75g/30g)((주)마더스제약)-30g/개,HYDROCORTISONE | PARAFFIN_PETROLEUM,2,4
NAME::ITEM_2fc97eabd5457a05e7ef,제로이드 인텐시브 로션 엠디 | 제로이드 인텐시브 로션 엠디 200ml (BM5002HP),PARAFFIN_PETROLEUM | SKINCARE_COSMETIC_TOPICAL,2,4
NAME::ITEM_048e1a8da82ee3bb4b36,프레벨연고(프레드니카르베이트)_(62.5mg/25g)(태극제약(주))-25g/개,PARAFFIN_PETROLEUM | PREDNICARBATE,2,4
NAME::ITEM_cbb00a14f5b1a365782c,파워스탑플라스타(경남제약)-1매,PARAFFIN_PETROLEUM | PHARMA_API_GENERIC,2,4
NAME::ITEM_3f8237fbc8b7a159c9d7,딜라스틴나잘스프레이_(120회)(부광약품(주))-120회/병,PARAFFIN_PETROLEUM | PHARMA_API_GENERIC,2,4
NAME::ITEM_5e51ae550c3873dd2a53,마이케어로션1%(히드로코르티손)((주)마더스제약)-1g,HYDROCORTISONE | PARAFFIN_PETROLEUM,2,4
NAME::ITEM_15f9578f60c029ec250d,엠라크림5%-5g/개 | 엠라크림5g,PARAFFIN_PETROLEUM | PHARMA_API_GENERIC,2,4
NAME::ITEM_048676f309d90184cfb0,영유아영양제 | 영유아정장제,PROBIOTIC_BACTERIAL_CULTURE | VITAMIN_SYNTHETIC_RAWMATERIAL,2,4
NAME::ITEM_f103e9f06320f072d643,로세릴네일라카(아모롤핀염산염)_(0.16722g/3mL)(갈더마코리아(주))-3mL/병,AMOROLFINE | PARAFFIN_PETROLEUM,2,4
NAME::ITEM_f1ca5eaa8759ff2f3385,글루오렌지100액(포도당)_(101.4g/300mL)(맥널티제약(주)) | 글루오렌지100액(포도당)_(101.4g/300mL)(맥널티제약(주))-300mL/병,GLUCOSE_CORNSTARCH | SODIUM_CHLORIDE,2,4
NAME::ITEM_c72f5b08f0c585d622a4,후로졸캡슐50mg(플루코나졸)_(50mg/1캡슐)(위더스제약(주))-1캡슐,FLUCONAZOLE | PARAFFIN_PETROLEUM,2,4
NAME::ITEM_c7f49b5df8bb669df84b,페브릭정80mg | 페브릭정80mg(페북소스타트)(에스케이케미칼(주))-1정,ALUMINUM | FEBUXOSTAT | PHARMA_API_GENERIC | POLYPROPYLENE_PP,4,4
NAME::ITEM_175d013416443e183235,물린디플라스타 42p(신신제약)-42/매 | 물린디플라스타42매,INSECT_BITE_TOPICAL_UNCONFIRMED | PARAFFIN_PETROLEUM,2,4
NAME::ITEM_5b070120c69ec8431d82,프레벨액0.25%(프레드니카르베이트)_(50mg/20g)(태극제약(주))-20g/병,PARAFFIN_PETROLEUM | PREDNICARBATE,2,4
NAME::ITEM_74d36fb4d9a2ab32469b,듀오덤겔,HYDROCOLLOID_GEL | POLYURETHANE_PU,2,4
NAME::ITEM_c91abf81474543f1e416,실크론지크림_(20g)(동광제약(주))-20g/개,BETAMETHASONE | PARAFFIN_PETROLEUM,2,4
NAME::ITEM_f0806b8f2772755a166f,슈퍼포아(9*9),ACRYLIC_ADHESIVE | NONWOVEN_FABRIC_SPUNBOND,2,4
NAME::ITEM_8edae13e97de7f2f48b8,데나실크림(염산테르비나핀)((주)테라젠이텍스)-1g,PARAFFIN_PETROLEUM | TERBINAFINE,2,4
NAME::ITEM_8f437996708fe022cda1,히로손로션1%(히드로코르티손)_(0.5g/50g)((주)제뉴파마)-50g/개 | 히로손로션1%(히드로코르티손)_(0.5g/50g)(콜마파마(주))-50g/개,HYDROCORTISONE | PARAFFIN_PETROLEUM,2,4
NAME::ITEM_8f07bb952271d8478cb9,"엔딕스크림_(4.5g,0.45g/450g)(동광제약(주))-450g/병 | 엔딕스크림_(450g)(동광제약(주))-450g/병",BETAMETHASONE_GENTAMICIN | PARAFFIN_PETROLEUM,2,4
NAME::ITEM_414dca964a2f366fd9ff,클로락정(아시클로버)_(0.2g/1정)((주)씨티씨바이오)-1정,ACYCLOVIR | PARAFFIN_PETROLEUM,2,4
NAME::ITEM_20d1fe0249d01fb48656,제로이드 인텐시브 로션 엠디 | 제로이드 인텐시브 로션 엠디 200ml (BM5002HP),PARAFFIN_PETROLEUM | SKINCARE_COSMETIC_TOPICAL,2,4
NAME::ITEM_20dfee4a07840fe2ef4f,퍼슨쿨링겔(100mL)((주)퍼슨)-100mL/병,INSECT_BITE_TOPICAL_UNCONFIRMED | PARAFFIN_PETROLEUM,2,4
NAME::ITEM_20fc908568630dba28df,다이크론주2ml(디크로페낙베타-디메칠아미노에탄올)(한국넬슨제약(주))-2mL/앰플 | 다이크론주2ml(디클로페낙베타디메틸아미노에탄올)_(90mg/2mL)(한국넬슨제약(주))-2mL/앰플,ALUMINUM | DICLOFENAC | ETHANOL | POLYPROPYLENE_PP,4,4
NAME::ITEM_c595e68e71b888084ad5,휴메딕스린코마이신염산염주사600mg((주)휴메딕스)-2mL/앰플,ACRYLIC_ADHESIVE | NONWOVEN_FABRIC_SPUNBOND,2,4
NAME::ITEM_ac0d8b08e17b8db57010,메치솔주125밀리그램(메틸프레드니솔론숙시네이트나트륨)_(0.1657g/1병)(알보젠코리아(주))-1병,METHYLPREDNISOLONE | PARAFFIN_PETROLEUM,2,4
NAME::ITEM_4cecf1e0085c67e86e85,페브릭정80mg | 페브릭정80mg(페북소스타트)(에스케이케미칼(주))-1정,ALUMINUM | FEBUXOSTAT | PHARMA_API_GENERIC | POLYPROPYLENE_PP,4,4
NAME::ITEM_690b0e27a0d16647f465,엔티푸나졸캡슐50밀리그램(플루코나졸)_(50mg/1캡슐)((주)셀비온)-1캡슐,FLUCONAZOLE | PARAFFIN_PETROLEUM,2,4
NAME::ITEM_77cc561d9ee3d80ba873,중외하트만용액 500ml(중외제약)-500ml,GLUCOSE_CORNSTARCH | SODIUM_CHLORIDE,2,4
NAME::ITEM_2f2c70d841fbffe36c48,하트만액 1000밀리리터(대한약품공업(주))-1000mL/백,GLUCOSE_CORNSTARCH | SODIUM_CHLORIDE,2,4
NAME::ITEM_d4629539e11dbbf752d4,대한멸균증류수(주사용수) 1000밀리리터(대한약품공업(주))-1000mL/백,GLUCOSE_CORNSTARCH | SODIUM_CHLORIDE,2,4
NAME::ITEM_6fdde30e6a08a6cea888,한방통치고카타플라스마(티디에스팜)-1매,PARAFFIN_PETROLEUM | PHARMA_API_GENERIC,2,4
NAME::ITEM_c2e9e374afa7a4b7b4ab,노바손크림(30g)((주)녹십자)-30g/개,PARAFFIN_PETROLEUM | PHARMA_API_GENERIC,2,4
NAME::ITEM_e996de04b5d132a615f6,라미실외용액(염산테르비나핀)_(0.3g/30mL)((주)글락소스미스클라인컨슈머헬스케어코리아)-30mL/병,PARAFFIN_PETROLEUM | TERBINAFINE,2,4
NAME::ITEM_0c93f088e0c7cf8f53b5,(이동)마데카솔케어연고 | 마데카솔연고,CENTELLA_EXTRACT | PARAFFIN_PETROLEUM,2,4
NAME::ITEM_3cd15ed47ae2cafd7e52,제로이드 인텐시브 크림 엠디 | 제로이드 인텐시브 크림 엠디(BM5001HP),PARAFFIN_PETROLEUM | SKINCARE_COSMETIC_TOPICAL,2,4
NAME::ITEM_51c62eef976e035e0896,1cc 주사기,NATURAL_RUBBER_LATEX | POLYPROPYLENE_PP,2,4
NAME::ITEM_c5d74581bdff1502c377,티디백신 0.5ml(진료처방용),BIOLOGICS_CELL_CULTURE | LIPID_NANOPARTICLE,2,4
NAME::ITEM_c59f4d7caa7af8543873,로마졸크림(클로트리마졸))(수출명:Coraliteclotrimazoleantifungalcream1%)_(4.5g/450g)((주)씨엠지제약)-450g/통,CLOTRIMAZOLE | PARAFFIN_PETROLEUM,2,4
NAME::ITEM_b30f3f6423a83e920520,니트릴장갑 비멸균(전규격) | 라텍스장갑(비멸균),NATURAL_RUBBER_LATEX | SYNTHETIC_NITRILE_RUBBER,2,4
NAME::ITEM_c0a47ca4e77d098f41c4,알긴나지액(알긴산나트륨)_(1g/20mL)(한국휴텍스제약(주))-20mL/포,GLUCOSE_CORNSTARCH | SODIUM_CHLORIDE,2,4
NAME::ITEM_5a3ccc8b5b7815a9e4fc,박테로신연고(무피로신)(수출명: KM MUPIROCIN Oint)_(10g/500g)(주식회사제뉴원사이언스)-500g/통,MUPIROCIN | PARAFFIN_PETROLEUM,2,4
NAME::ITEM_5a7869391c8ac895713c,뉴미가서방정50mg(삼진제약)-1정 | 뉴미가서방정50밀리그램(미라베그론)_(50mg/1정)(삼진제약(주))-1정,ALUMINUM | MIRABEGRON | PHARMA_API_GENERIC | POLYPROPYLENE_PP,4,4
NAME::ITEM_5ad26fb350a98cc35e0a,제이알히드로코르티손연고_(4.5g/450g)((주)비보존제약)-450g/통,PARAFFIN_PETROLEUM | PHARMA_API_GENERIC,2,4
NAME::ITEM_bea7988eed679d4a6fb6,(정신건강의학과)듀로셉톨캡슐30밀리그램(둘록세틴염산염)_(33.645mg/1캡슐)(환인제약(주))-1캡슐 | 듀로셉톨캡슐30밀리그램(둘록세틴염산염)_(33.645mg/1캡슐)(환인제약(주))-1캡슐,ALUMINUM | DULOXETINE | PHARMA_API_GENERIC | POLYPROPYLENE_PP,4,4
NAME::ITEM_188042c3711347479db2,나니실크림(테르비나핀염산염)_(0.15g/15g)((주)에이프로젠바이오로직스)-15g/개 | 나니실크림(테르비나핀염산염)_(0.15g/15g)(에이프로젠제약(주))-15g/개,PARAFFIN_PETROLEUM | TERBINAFINE,2,4
NAME::ITEM_9f7f027c6a984f6c206a,(이동)마데카솔케어연고 | 마데카솔연고,CENTELLA_EXTRACT | PARAFFIN_PETROLEUM,2,4
NAME::ITEM_a045d03aeac1e050e33c,락티케어에취씨로션1%(히드로코르티손)_(1.18g/118g)((주)한국파마)-118g/병,HYDROCORTISONE | PARAFFIN_PETROLEUM,2,4
NAME::ITEM_0910cd28ab45af3f035d,헤르페시드안연고(아시클로버)_(0.105g/3.5g)(삼일제약(주))-3.5g/개,ACYCLOVIR | PARAFFIN_PETROLEUM,2,4
NAME::ITEM_1b40393f0d363d5c6b78,씨코나졸정(이트라코나졸고체분산체)((주)씨엠지제약)-1정,ITRACONAZOLE | PARAFFIN_PETROLEUM,2,4
NAME::ITEM_f57e2034afead28256d7,B형간염 2ml,BIOLOGICS_CELL_CULTURE | LIPID_NANOPARTICLE,2,4
NAME::ITEM_09378ebb9c0ab089eea2,대한멸균생리식염수100밀리리터(생리식염주사액)(대한약품공업(주))-100mL/병(PP),GLUCOSE_CORNSTARCH | SODIUM_CHLORIDE,2,4
NAME::ITEM_ee700b5e468a0f9d5d6a,보두레아크림(요소)(수출명:EUSOFTYLCream)_(10g/50g)((주)씨트리)-50g/개,PARAFFIN_PETROLEUM | UREA,2,4
NAME::ITEM_7111ddd4aaf75c3657fe,대한멸균생리식염수(생리식염주사액)(대한약품공업(주))-250ml,GLUCOSE_CORNSTARCH | SODIUM_CHLORIDE,2,4
NAME::ITEM_267194137879cdbb5354,바크락스정200밀리그램(아시클로버)(수출명: 바이러스탈정200밀리그램)_(0.2g/1정)(에이프로젠제약(주))-1정,ACYCLOVIR | PARAFFIN_PETROLEUM,2,4
NAME::ITEM_080a519b917c838e2d9c,오스코나졸캡슐(플루코나졸)((주)오스코리아제약)-1캡슐,FLUCONAZOLE | PARAFFIN_PETROLEUM,2,4
NAME::ITEM_9875a4754728c87ef3ef,일본뇌염(영유아),BIOLOGICS_CELL_CULTURE | LIPID_NANOPARTICLE,2,4
NAME::ITEM_98ba0aa72c57b74b5afc,슈락스골드장용정(영풍제약)-1정,MICROBIAL_FUNGAL_ENZYME | PANCREATIN_ANIMAL_ENZYME,2,4
NAME::ITEM_28a0866e0c8cfd5e8da8,로실크림(염산테르비나핀)_(0.2g/20g)(콜마파마(주))-20g/개 | 로실크림(테르비나핀염산염)_(0.2g/20g)((주)제뉴파마)-20g/개,PARAFFIN_PETROLEUM | TERBINAFINE,2,4
NAME::ITEM_bbb1cdaf478dee44d0d6,듀오덤엑스트라신(10*10),HYDROCOLLOID_GEL | POLYURETHANE_PU,2,4
NAME::ITEM_bc3a3f2f348f65dbdfd5,셀트리온아시클로버크림_(0.5g/10g)((주)셀트리온제약)-10g/개,ACYCLOVIR | PARAFFIN_PETROLEUM,2,4
NAME::ITEM_c14299b824545d2c365e,(삼도봉)라베졸정10mg(라베프라졸나트륨)((주)테라젠이텍스)-1정 | 라베졸정10mg(라베프라졸나트륨)_(10mg/1정)((주)테라젠이텍스)-1정,PHARMA_API_GENERIC | RABEPRAZOLE,2,4
NAME::ITEM_bf14c3b9c7c5db29a8b6,히알루드롭점안액(한미약품)-5ml,PARAFFIN_PETROLEUM | PHARMA_API_GENERIC,2,4
NAME::ITEM_bfe6484c119028cb514f,카네스텐산제(클로트리마졸)(03g/30g)(바이엘코리아(주))-30g/개,CLOTRIMAZOLE | PARAFFIN_PETROLEUM,2,4
NAME::ITEM_b93f5245c6cca5082dd0,카네스텐크림(바이엘코리아)-1g (포장단위 30g),CLOTRIMAZOLE | PARAFFIN_PETROLEUM,2,4
NAME::ITEM_ba26b774bf8bb588425a,덱실란트디알캡슐30밀리그램(덱스란소프라졸)_(30mg/1캡슐)(한국다케다제약(주))-1캡슐 | 덱실란트디알캡슐30밀리그램(한국다케다제약(주))-1캡슐,ALUMINUM | DEXLANSOPRAZOLE | PHARMA_API_GENERIC | POLYPROPYLENE_PP,4,4
NAME::ITEM_b9bf4b55d65e9f5c5ac2,듀오덤CGF,HYDROCOLLOID_GEL | POLYURETHANE_PU,2,4
NAME::ITEM_e9dd3f276d1676665419,제놀한방카타플라스마(1매)((주)녹십자)-1매,PARAFFIN_PETROLEUM | PHARMA_API_GENERIC,2,4
NAME::ITEM_27ff167445b4bd9f0ae9,알마케이드정(알마게이트)_(0.5g/1정)((주)동구바이오제약)-1정,ALUMINUM_HYDROXIDE_MINERAL | MAGNESIUM_HYDROXIDE_MINERAL,2,4
NAME::ITEM_9edd039c85b69dfdfbbf,유박스(0.5ml)유료,BIOLOGICS_CELL_CULTURE | LIPID_NANOPARTICLE,2,4
NAME::ITEM_3b000d256e870e2246cb,오라메디연고(동국제약)-1g (포장단위 15g),PARAFFIN_PETROLEUM | TRIAMCINOLONE_ORAL,2,4
NAME::ITEM_3aeea69657e1cde3cfc9,이노엔5%포도당주사액_(5g/100mL)(에이치케이이노엔(주)) - 5%DW 100mL/백 | 이노엔5%포도당주사액_(5g/100mL)(에이치케이이노엔(주))-100mL/백,GLUCOSE_CORNSTARCH | SODIUM_CHLORIDE,2,4
NAME::ITEM_1fabee5517bf2ab8b8b2,뉴미가서방정50mg(삼진제약)-1정 | 뉴미가서방정50밀리그램(미라베그론)_(50mg/1정)(삼진제약(주))-1정,ALUMINUM | MIRABEGRON | PHARMA_API_GENERIC | POLYPROPYLENE_PP,4,4
NAME::ITEM_650ee6c78574e69cba4f,덱실란트디알캡슐30밀리그램(덱스란소프라졸)_(30mg/1캡슐)(한국다케다제약(주))-1캡슐 | 덱실란트디알캡슐30밀리그램(한국다케다제약(주))-1캡슐,ALUMINUM | DEXLANSOPRAZOLE | PHARMA_API_GENERIC | POLYPROPYLENE_PP,4,4
NAME::ITEM_6d738961795e4a94f0ee,(삼도봉)라베졸정10mg(라베프라졸나트륨)((주)테라젠이텍스)-1정 | 라베졸정10mg(라베프라졸나트륨)_(10mg/1정)((주)테라젠이텍스)-1정,PHARMA_API_GENERIC | RABEPRAZOLE,2,4
NAME::ITEM_eb41e4b92de446d13d26,멜라논크림 23g,PARAFFIN_PETROLEUM | PHARMA_API_GENERIC,2,4
NAME::ITEM_b7b51983ef7a93e875ca,듀오덤엑스트라신(15x15),HYDROCOLLOID_GEL | POLYURETHANE_PU,2,4
NAME::ITEM_9c765604abf34f66932f,한방통치고카타플라스마(티디에스팜)-1매,PARAFFIN_PETROLEUM | PHARMA_API_GENERIC,2,4
NAME::ITEM_9e240b4e55b43db262ce,대화아시클로버정_(0.2g/1정)(대화제약(주))-1정,ACYCLOVIR | PARAFFIN_PETROLEUM,2,4
NAME::ITEM_997719d1734f7231db96,프레벨연고(프레드니카르베이트)_(12.5mg/5g)(태극제약(주))-5g/개,PARAFFIN_PETROLEUM | PREDNICARBATE,2,4
NAME::ITEM_b54ca0a9bb45545d8707,B형간염(0.5mL 유료),BIOLOGICS_CELL_CULTURE | LIPID_NANOPARTICLE,2,4
NAME::ITEM_1e3258f9de924a2f4eff,(이동)베스타제당의정75mg | 베스타제당의정75mg(이동진료),MICROBIAL_FUNGAL_ENZYME | PANCREATIN_ANIMAL_ENZYME,2,4
NAME::ITEM_b57786759cc2def88df9,메니솔론정4밀리그램(메틸프레드니솔론)_(4mg/1정)((주)에이프로젠바이오로직스)-1정,METHYLPREDNISOLONE | PARAFFIN_PETROLEUM,2,4
NAME::ITEM_5cd0eeaf93999664941d,텔비나정(테르비나핀염산염)(알보젠코리아(주))-1정,PARAFFIN_PETROLEUM | TERBINAFINE,2,4
NAME::ITEM_73d78730c9a7d9427b05,히알루미니점안액(히알루론산나트륨) (0.8mg/0.8mL)(한미약품(주))-0.8mL/관,PARAFFIN_PETROLEUM | PHARMA_API_GENERIC,2,4
NAME::ITEM_9e9bcd84302371b42804,제로이드 인텐시브 크림 엠디 | 제로이드 인텐시브 크림 엠디(BM5001HP),PARAFFIN_PETROLEUM | SKINCARE_COSMETIC_TOPICAL,2,4
NAME::ITEM_724e75da87ec088a8973,니트릴장갑 비멸균(전규격) | 라텍스장갑(비멸균),NATURAL_RUBBER_LATEX | SYNTHETIC_NITRILE_RUBBER,2,4
NAME::ITEM_7372ce4827102f02bc11,뉴유스킨에이크림(보령제약),PARAFFIN_PETROLEUM | PHARMA_API_GENERIC,2,4
NAME::ITEM_39db10e5f19fd271b169,(정신건강의학과)듀로셉톨캡슐30밀리그램(둘록세틴염산염)_(33.645mg/1캡슐)(환인제약(주))-1캡슐 | 듀로셉톨캡슐30밀리그램(둘록세틴염산염)_(33.645mg/1캡슐)(환인제약(주))-1캡슐,ALUMINUM | DULOXETINE | PHARMA_API_GENERIC | POLYPROPYLENE_PP,4,4
NAME::ITEM_4e448986619fb5dc4b89,(이동)베스타제당의정75mg | 베스타제당의정75mg(이동진료),MICROBIAL_FUNGAL_ENZYME | PANCREATIN_ANIMAL_ENZYME,2,4
NAME::ITEM_e1f4ed668035f25f1994,명문펜타닐패취25μg/h(펜타닐)_10.5cm2(명문제약(주))-1매,PARAFFIN_PETROLEUM | PHARMA_API_GENERIC,2,4
NAME::ITEM_565554e81be39fa2a0ab,나자케어나잘스프레이액(모메타손푸로에이트일수화물)_(3.102mg/60회)((주)유한양행)-60회/통,MOMETASONE_FUROATE | PARAFFIN_PETROLEUM,2,4
NAME::ITEM_fd19a2283923088af35c,신풍겐타마이신황산염크림_(0.45g/450g)(신풍제약(주))-450g/통,GENTAMICIN | PARAFFIN_PETROLEUM,2,4
NAME::ITEM_e01d080e4e4124326eba,다이크론주2ml(디크로페낙베타-디메칠아미노에탄올)(한국넬슨제약(주))-2mL/앰플 | 다이크론주2ml(디클로페낙베타디메틸아미노에탄올)_(90mg/2mL)(한국넬슨제약(주))-2mL/앰플,ALUMINUM | DICLOFENAC | ETHANOL | POLYPROPYLENE_PP,4,4
NAME::ITEM_e08f0a9c4277b5ec6028,디카졸정150밀리그램(플루코나졸)_(0.15g/1정)((주)넥스팜코리아)-1정,FLUCONAZOLE | PARAFFIN_PETROLEUM,2,4
NAME::ITEM_01bd41c7a0080dd8f6fe,삼아리도스타크림(프레드니카르베이트)_(50mg/20g)(삼아제약(주))-20g/개,PARAFFIN_PETROLEUM | PREDNICARBATE,2,4
NAME::ITEM_380fe03839a84c31f8e3,세리콘정(아세트아미노펜)(오스틴제약(주))-1정,ACETAMINOPHEN | ALUMINUM | POLYPROPYLENE_PP,3,3
NAME::ITEM_a7864580d81dfcc0e747,알로네이트플러스정_(1정)((주)팜젠사이언스)-1정,ALUMINUM | PHARMA_API_GENERIC | POLYPROPYLENE_PP,3,3
NAME::ITEM_a342ee1d834325c37fd9,칼디온정_(1정)((주)넥스팜코리아)-1정,ALUMINUM | PHARMA_API_GENERIC | POLYPROPYLENE_PP,3,3
NAME::ITEM_a40c174b7976ae2bddd4,메토포민정(기화제약)-1정,ALUMINUM | PHARMA_API_GENERIC | POLYPROPYLENE_PP,3,3
NAME::ITEM_0ade878eebbadcf3b315,오라팡정(한국팜비오),ALUMINUM | PHARMA_API_GENERIC | POLYPROPYLENE_PP,3,3
NAME::ITEM_ed28db8a55c6ecc34433,리피로우젯정10/10밀리그램_(1정)((주)종근당)-1정,ALUMINUM | PHARMA_API_GENERIC | POLYPROPYLENE_PP,3,3
NAME::ITEM_ed85234131d23b4b66be,원폴정(광동제약),ALUMINUM | PHARMA_API_GENERIC | POLYPROPYLENE_PP,3,3
NAME::ITEM_eda8ece291d8c9756558,아카브정60/10밀리그램_(1정)(보령제약(주))-1정,ALUMINUM | PHARMA_API_GENERIC | POLYPROPYLENE_PP,3,3
NAME::ITEM_a7b8d6f1f193da866537,트라마셋정(제이더블유중외신약(주))-1정,ALUMINUM | PHARMA_API_GENERIC | POLYPROPYLENE_PP,3,3
NAME::ITEM_713b36536a441fb96eeb,실다파엠서방정5/50/1000밀리그램_(1정)(한미약품(주))-1정,ALUMINUM | PHARMA_API_GENERIC | POLYPROPYLENE_PP,3,3
NAME::ITEM_71d45459e3e88484421b,에이알비티에스정40/5밀리그램_(1정)(삼진제약(주))-1정,ALUMINUM | PHARMA_API_GENERIC | POLYPROPYLENE_PP,3,3
NAME::ITEM_7217ea4e95900b1a8131,오로텐션정5/20밀리그램(고려제약(주))-1정,ALUMINUM | PHARMA_API_GENERIC | POLYPROPYLENE_PP,3,3
NAME::ITEM_37645718c3924e7c99ef,벤티브정(1정)(엔비케이제약(주))-1정,ALUMINUM | PHARMA_API_GENERIC | POLYPROPYLENE_PP,3,3
NAME::ITEM_01a8d1ef5d0eb3dff466,네시나액트정25/15밀리그램(한국다케다제약(주))-1정,ALUMINUM | PHARMA_API_GENERIC | POLYPROPYLENE_PP,3,3
NAME::ITEM_52fe114e6983197cb099,하이퍼스타정80/5mg(한국휴텍스제약(주))-1정,ALUMINUM | PHARMA_API_GENERIC | POLYPROPYLENE_PP,3,3
NAME::ITEM_43ab5519194a918683b7,독시사이클린정 100mg,ALUMINUM | PHARMA_API_GENERIC | POLYPROPYLENE_PP,3,3
NAME::ITEM_7a85e07b1962817aea82,슈바젯정10/20밀리그램_(1정)(안국약품(주))-1정,ALUMINUM | PHARMA_API_GENERIC | POLYPROPYLENE_PP,3,3
NAME::ITEM_3948ff7edac4aff93765,칼디쓰리정_(1정)((주)아이월드제약)-1정,ALUMINUM | PHARMA_API_GENERIC | POLYPROPYLENE_PP,3,3
NAME::ITEM_9ea4f9dbc3313c5f9d7a,다파시타엠서방정5/50/750밀리그램_(1정)(대원제약(주))-1정,ALUMINUM | PHARMA_API_GENERIC | POLYPROPYLENE_PP,3,3
NAME::ITEM_9b008749ce1d1c4bef89,아나텔플러스정80/12.5밀리그램_(1정)(아주약품(주))-1정,ALUMINUM | PHARMA_API_GENERIC | POLYPROPYLENE_PP,3,3
NAME::ITEM_9b4fbb872441777def50,아스필정(대화제약)-1정,ALUMINUM | PHARMA_API_GENERIC | POLYPROPYLENE_PP,3,3
NAME::ITEM_9bfa6f69ec12d80aa1be,티오셋정((주)비티오생명제약)-1정,ALUMINUM | PHARMA_API_GENERIC | POLYPROPYLENE_PP,3,3
NAME::ITEM_04dd43e3e272459c44fc,타나센정,ALUMINUM | PHARMA_API_GENERIC | POLYPROPYLENE_PP,3,3
NAME::ITEM_f9ff163591fd49c90798,게보린정(삼진제약),ALUMINUM | PHARMA_API_GENERIC | POLYPROPYLENE_PP,3,3
NAME::ITEM_fa8015cd0fd2df0afced,아세로낙정(아세클로페낙)_(0.1g/1정)((주)화이트생명과학)-1정,ACECLOFENAC | ALUMINUM | POLYPROPYLENE_PP,3,3
NAME::ITEM_fade6f250ba42962f9a0,타미플루75mg(한국로슈)-1캅셀,ALUMINUM | PHARMA_API_GENERIC | POLYPROPYLENE_PP,3,3
NAME::ITEM_4f76bbd5cb7c78d7e544,간디바캡슐_(1캡슐)(삼익제약(주))-1캡슐,ALUMINUM | PHARMA_API_GENERIC | POLYPROPYLENE_PP,3,3
NAME::ITEM_39d9ddfefcf3f67ec4e9,코텐션정5/100밀리그램(제이더블유중외신약(주))-1정,ALUMINUM | PHARMA_API_GENERIC | POLYPROPYLENE_PP,3,3
NAME::ITEM_23a983e98fcec5bb8cb3,알킬정-1정((주)유한메디카),ALUMINUM | PHARMA_API_GENERIC | POLYPROPYLENE_PP,3,3
NAME::ITEM_23f781b13bc89d9edf1c,하이비날골드정,ALUMINUM | PHARMA_API_GENERIC | POLYPROPYLENE_PP,3,3
NAME::ITEM_e2f5c1a527d4dab1055a,씨트포지정5/160밀리그램_(1정)(에이치엘비제약(주))-1정,ALUMINUM | PHARMA_API_GENERIC | POLYPROPYLENE_PP,3,3
NAME::ITEM_e33289accbb1fe890def,록스핀정(록소프로펜나트륨수화물)(한국유나이티드제약(주))-1정,ALUMINUM | LOXOPROFEN | POLYPROPYLENE_PP,3,3
NAME::ITEM_0ed2bb9404cf6a6b65df,보령아스트릭스캡슐100밀리그람(아스피린)_(0.1g/1캡슐)(보령제약(주))-1캡슐,ALUMINUM | ASPIRIN | POLYPROPYLENE_PP,3,3
NAME::ITEM_6c296ace35e6aa2824d4,아섹정100밀리그램(아세클로페낙)_(0.1g/1정)(한미약품(주))-1정,ACECLOFENAC | ALUMINUM | POLYPROPYLENE_PP,3,3
NAME::ITEM_b7fa7b7f4ee2f8e27d1e,올딥에이치씨티정5/20/12.5밀리그램_(1정)((주)일화)-1정,ALUMINUM | PHARMA_API_GENERIC | POLYPROPYLENE_PP,3,3
NAME::ITEM_b80730a1d7ee19a8fa28,(이동)이토모티정(이연제약)-정,ALUMINUM | PHARMA_API_GENERIC | POLYPROPYLENE_PP,3,3
NAME::ITEM_9cae165f0086f9e1502b,일동라푸티딘정10밀리그램_(10mg/1정)(일동제약(주))-1정,ALUMINUM | PHARMA_API_GENERIC | POLYPROPYLENE_PP,3,3
NAME::ITEM_2853c0ebe4845d81acb9,파이네신캡슐,ALUMINUM | PHARMA_API_GENERIC | POLYPROPYLENE_PP,3,3
NAME::ITEM_28775cb9727bfc2454ca,로자플엠정((주)마더스제약)-1정,ALUMINUM | PHARMA_API_GENERIC | POLYPROPYLENE_PP,3,3
NAME::ITEM_9a3f49d48a523f620663,무파인서방정_(1정)(대한뉴팜(주))-1정,ALUMINUM | PHARMA_API_GENERIC | POLYPROPYLENE_PP,3,3
NAME::ITEM_9a81b5196d67da4c7927,칸데산정8mg(명문제약(주))-1정,ALUMINUM | PHARMA_API_GENERIC | POLYPROPYLENE_PP,3,3
NAME::ITEM_9aa10756a7d8e804241c,폴레디정(에이프로젠제약),ALUMINUM | PHARMA_API_GENERIC | POLYPROPYLENE_PP,3,3
NAME::ITEM_b5cee10cac92363a0948,대웅실로스타졸정50밀리그램(대웅바이오(주))-1정,ALUMINUM | PHARMA_API_GENERIC | POLYPROPYLENE_PP,3,3
NAME::ITEM_b5e2fadde9363104e51c,아트라쿨서방정650mg(1정)((주)한국파비스제약)-1정,ALUMINUM | PHARMA_API_GENERIC | POLYPROPYLENE_PP,3,3
NAME::ITEM_b628c4adac4ec3469b7b,삼토젯정10/10밀리그램_(1정)(삼성제약(주))-1정,ALUMINUM | PHARMA_API_GENERIC | POLYPROPYLENE_PP,3,3
NAME::ITEM_b67e2f4abc7dc6e462ed,현대가바펜틴캡슐300밀리그램_(0.3g/1캡슐)(현대약품(주))-1캡슐,ALUMINUM | PHARMA_API_GENERIC | POLYPROPYLENE_PP,3,3
NAME::ITEM_b744fa16625a8d9ee780,아몰비카에이치씨티정5/20/12.5mg_(1정)(한국휴텍스제약(주))-1정,ALUMINUM | PHARMA_API_GENERIC | POLYPROPYLENE_PP,3,3
NAME::ITEM_38c7274b5850f500d651,라니글듀오정2.5/850밀리그램_(1정)(알리코제약(주))-1정,ALUMINUM | PHARMA_API_GENERIC | POLYPROPYLENE_PP,3,3
NAME::ITEM_39302fde842607e4b477,제이비카에이치씨티정10/40/12.5밀리그램_(1정)((주)비보존제약)-1정,ALUMINUM | PHARMA_API_GENERIC | POLYPROPYLENE_PP,3,3
NAME::ITEM_9e067f8531c37d255d4a,쎌빅캡슐(세레콕시브)(알보젠코리아(주))-1캡슐,ALUMINUM | CELECOXIB | POLYPROPYLENE_PP,3,3
NAME::ITEM_383622aaa610d4c041ad,그리마린엠정2/500밀리그램((주)하원제약)-1정,ALUMINUM | PHARMA_API_GENERIC | POLYPROPYLENE_PP,3,3
NAME::ITEM_4f7c1f87546332ae8cd6,유디비캡슐_(1캡슐)((주)파마킹)-1캡슐,ALUMINUM | PHARMA_API_GENERIC | POLYPROPYLENE_PP,3,3
NAME::ITEM_4fb12905471ef74064a0,미살탄트윈정80/5밀리그램_(1정)(이연제약(주))-1정,ALUMINUM | PHARMA_API_GENERIC | POLYPROPYLENE_PP,3,3
NAME::ITEM_1f5fbd9e71615fa33db1,에이바스타정5/80밀리그램_(1정)(크리스탈생명과학(주))-1정,ALUMINUM | PHARMA_API_GENERIC | POLYPROPYLENE_PP,3,3
NAME::ITEM_1ff4b95c46e067c8cf3d,다파플러스서방정10/1000밀리그램_(1정)((주)씨엠지제약)-1정,ALUMINUM | PHARMA_API_GENERIC | POLYPROPYLENE_PP,3,3
NAME::ITEM_b4a38e3da95fd116d55b,모나필정(제일)30T-1통,ALUMINUM | PHARMA_API_GENERIC | POLYPROPYLENE_PP,3,3
NAME::ITEM_b4e7ad2911d1cfb7b41d,(남녀) 폴원연질캡슐,ALUMINUM | PHARMA_API_GENERIC | POLYPROPYLENE_PP,3,3
NAME::ITEM_9750046475a89911c5d4,록소프로정(록소프로펜나트륨수화물)_(68.1mg/1정)(주식회사케이에스제약)-1정,ALUMINUM | LOXOPROFEN | POLYPROPYLENE_PP,3,3
NAME::ITEM_97567e2305ecdf8626d5,미가펜에스연질캡슐(나프록센)(025g/1캡슐)((주)팜젠사이언스)-1캡슐,ALUMINUM | NAPROXEN | POLYPROPYLENE_PP,3,3
NAME::ITEM_97838d9e9219edb56f21,로칸듀오정10/8밀리그램_(1정)(알보젠코리아(주))-1정,ALUMINUM | PHARMA_API_GENERIC | POLYPROPYLENE_PP,3,3
NAME::ITEM_97abfcad4f3e8de17f99,오구멘킨정375mg(일성신약),ALUMINUM | PHARMA_API_GENERIC | POLYPROPYLENE_PP,3,3
NAME::ITEM_3b71f84f23be67b98972,테네린엠서방정20/1000밀리그램_(1정)((주)넥스팜코리아)-1정,ALUMINUM | PHARMA_API_GENERIC | POLYPROPYLENE_PP,3,3
NAME::ITEM_6d1f90a9bee161653e64,보령니트로푸란토인캡슐(보령제약)-1캡슐,ALUMINUM | PHARMA_API_GENERIC | POLYPROPYLENE_PP,3,3
NAME::ITEM_6b55a69692efe62814df,위더스피록시캄주사액(위더스제약(주))-1mL/앰플,ALUMINUM | PIROXICAM | POLYPROPYLENE_PP,3,3
NAME::ITEM_6bf43194306713467257,암로비카에이치씨티정5/40/12.5밀리그램_(1정)(동국제약(주))-1정,ALUMINUM | PHARMA_API_GENERIC | POLYPROPYLENE_PP,3,3
NAME::ITEM_baddc24a2399d19f84d8,트윈콤비정40/5mg_(1정)(대원제약(주))-1정,ALUMINUM | PHARMA_API_GENERIC | POLYPROPYLENE_PP,3,3
NAME::ITEM_1c766d64a58d585bf15c,테넬엠서방정20/1000밀리그램_(1정)((주)메디카코리아)-1정,ALUMINUM | PHARMA_API_GENERIC | POLYPROPYLENE_PP,3,3
NAME::ITEM_1c880fea5b7ea83a77e4,트윈하트정40/5밀리그램_(1정)((주)동구바이오제약)-1정,ALUMINUM | PHARMA_API_GENERIC | POLYPROPYLENE_PP,3,3
NAME::ITEM_1ca2cd46a3fc3f018dc7,글라포민엠정2/500밀리그램((주)유한양행)-1정,ALUMINUM | PHARMA_API_GENERIC | POLYPROPYLENE_PP,3,3
NAME::ITEM_1e7646aeec018244f2e7,고가이큐캡슐(1캡슐)((주)서흥)-1캡슐,ALUMINUM | PHARMA_API_GENERIC | POLYPROPYLENE_PP,3,3
NAME::ITEM_b8e960db0c59c43c2b71,크레젯정10/5밀리그램_(1정)((주)대웅제약)-1정,ALUMINUM | PHARMA_API_GENERIC | POLYPROPYLENE_PP,3,3
NAME::ITEM_b981d41a14eb17a0dbd3,콕스비토캡슐200밀리그램(세레콕시브)((주)종근당)-1캡슐,ALUMINUM | CELECOXIB | POLYPROPYLENE_PP,3,3
NAME::ITEM_e9bf74cb0a88a8668a3d,엑스비타정(경남제약),ALUMINUM | PHARMA_API_GENERIC | POLYPROPYLENE_PP,3,3
NAME::ITEM_e9c70590bd2a17cb7752,헤모맥스(대신제약)-30정,ALUMINUM | PHARMA_API_GENERIC | POLYPROPYLENE_PP,3,3
NAME::ITEM_eab5f5c7b2ed493955ce,아토젯정10/40밀리그램_(1정)(한국엠에스디(유))-1정,ALUMINUM | PHARMA_API_GENERIC | POLYPROPYLENE_PP,3,3
NAME::ITEM_3b0b78f6957b3c1f32af,포슈벳듀오서방정10/1000밀리그램_(1정)(주식회사제뉴원사이언스)-1정,ALUMINUM | PHARMA_API_GENERIC | POLYPROPYLENE_PP,3,3
NAME::ITEM_9988842cee79519adb6a,오코마릴엠정2/500밀리그램((주)오스코리아제약)-1정,ALUMINUM | PHARMA_API_GENERIC | POLYPROPYLENE_PP,3,3
NAME::ITEM_27afee1219686da099e6,디트루시톨SR캡슐2밀리그람(톨터로딘-L-타르타르산염)_(2mg/1캡슐)(비아트리스코리아(주))-1캡슐,ALUMINUM | PHARMA_API_GENERIC | POLYPROPYLENE_PP,3,3
NAME::ITEM_27b40634700ada9f19c6,에리스토캅셀250mg(하원제약)-1캅셀,ALUMINUM | PHARMA_API_GENERIC | POLYPROPYLENE_PP,3,3
NAME::ITEM_9d005ec1824b7ee0e705,키즈하이츄어블정(sk케미칼),ALUMINUM | PHARMA_API_GENERIC | POLYPROPYLENE_PP,3,3
NAME::ITEM_9d7497acd5a4741237ae,파라마셋정_(1정)(동아에스티(주))-1정,ALUMINUM | POLYPROPYLENE_PP | TRAMADOL_ACETAMINOPHEN,3,3
NAME::ITEM_bd01c760427a27451ef4,프레탈정50mg(한국오츠카제약)-1정(원내약),ALUMINUM | PHARMA_API_GENERIC | POLYPROPYLENE_PP,3,3
NAME::ITEM_bd78a08ff601be067b26,로사베실정5/50밀리그램_(1정)(건일바이오팜주식회사)-1정,ALUMINUM | PHARMA_API_GENERIC | POLYPROPYLENE_PP,3,3
NAME::ITEM_bdb19c6994fcfcbf44fa,코드에이연질캡슐(1캡슐)(동성제약(주))-1캡슐,ALUMINUM | PHARMA_API_GENERIC | POLYPROPYLENE_PP,3,3
NAME::ITEM_bdfd048e1d903e14c2a3,현대물파스에프(88mL)(현대약품(주))-88mL/병,ALUMINUM | PHARMA_API_GENERIC | POLYPROPYLENE_PP,3,3
NAME::ITEM_1d2e986db948cb97ff7c,A형간염_유료(1ml) | 박타프리필드시린지(A형간염백신)(50unit/1mL)(한국엠에스디(주))-1mL/관,MATERIAL_UNSPECIFIED | PHARMA_API_GENERIC,2,3
NAME::ITEM_1d79b3c934fecc610db9,이텍스올메사탄플러스정20/12.5밀리그램((주)테라젠이텍스)-1정,ALUMINUM | PHARMA_API_GENERIC | POLYPROPYLENE_PP,3,3
NAME::ITEM_bbb1c0c7f2281a34697b,노자임캡슐(한국팜비오)-1캡슐,ALUMINUM | PHARMA_API_GENERIC | POLYPROPYLENE_PP,3,3
NAME::ITEM_992c9677942c029a3f1a,애니탈삼중정(안국약품)-1정,ALUMINUM | PHARMA_API_GENERIC | POLYPROPYLENE_PP,3,3
NAME::ITEM_28a595fe4d1bdf33e8c7,A형간염_유료(1ml) | 박타프리필드시린지(A형간염백신)(50unit/1mL)(한국엠에스디(주))-1mL/관,MATERIAL_UNSPECIFIED | PHARMA_API_GENERIC,2,3
NAME::ITEM_29083d92476bd6b1548e,쎄레브린즈캡슐200밀리그램(세레콕시브)_(0.2g/1캡슐)(제일약품(주))-1캡슐,ALUMINUM | CELECOXIB | POLYPROPYLENE_PP,3,3
NAME::ITEM_296104a1facc6fafc846,지스로맥스정250mg(한국화이자)-1정,ALUMINUM | PHARMA_API_GENERIC | POLYPROPYLENE_PP,3,3
NAME::ITEM_29a774a2b9917c988958,로시덴주(피록시캄)_(20mg/1mL)(신풍제약(주))-1mL/앰플,ALUMINUM | PIROXICAM | POLYPROPYLENE_PP,3,3
NAME::ITEM_29b60d7e26f609ae0d47,트라마롤정(제일약품(주))-1정,ALUMINUM | PHARMA_API_GENERIC | POLYPROPYLENE_PP,3,3
NAME::ITEM_29e2f7378dd5ca9cc731,멘소래담쿨로숀(영진약품공업)-1ml,ALUMINUM | METHYL_SALICYLATE | POLYPROPYLENE_PP,3,3
NAME::ITEM_971da416db5fbc67699b,브로나제정(대한뉴팜)-1정,ALUMINUM | PHARMA_API_GENERIC | POLYPROPYLENE_PP,3,3
NAME::ITEM_bc5054fa73ac67f89ba2,아세타미주(아세트아미노펜)100ml(익수제약),ACETAMINOPHEN | ALUMINUM | POLYPROPYLENE_PP,3,3
NAME::ITEM_3e75643b3045175ca326,뮤코라제정(스트렙토키나제.스트렙토도르나제분말)_(12.5KI.U/1정)(한미약품(주))-1정,ALUMINUM | PHARMA_API_GENERIC | POLYPROPYLENE_PP,3,3
NAME::ITEM_6dea38cd8ff38e276003,올로맥스정20/5/5밀리그램_(1정)((주)대웅제약)-1정,ALUMINUM | PHARMA_API_GENERIC | POLYPROPYLENE_PP,3,3
NAME::ITEM_6e937ca9e41861d3e8ed,리마프란정(리마프로스트알파-시클로덱스트린포접화합물)(제일약품(주))-1정,ALUMINUM | PHARMA_API_GENERIC | POLYPROPYLENE_PP,3,3
NAME::ITEM_ecf0f7ce31973f2586c8,보령알벤다졸정(04g/1정)((주)보령)-1정,ALUMINUM | PHARMA_API_GENERIC | POLYPROPYLENE_PP,3,3
NAME::ITEM_09f9c564c7a3f24bddb0,올로스타정20/10밀리그램((주)대웅제약)-1정,ALUMINUM | PHARMA_API_GENERIC | POLYPROPYLENE_PP,3,3
NAME::ITEM_ee4ad1417de26955f63c,노콜레스연질캡슐(1캡슐)(조아제약(주))-1캡슐,ALUMINUM | PHARMA_API_GENERIC | POLYPROPYLENE_PP,3,3
NAME::ITEM_ee9f1d1861217854f7f7,바소피린장용정(아스피린)(조아제약(주))-1정,ALUMINUM | ASPIRIN | POLYPROPYLENE_PP,3,3
NAME::ITEM_ef1d54deb351f37a11ac,큐시미아캡슐11.25mg/69mg(알보젠코리아)-1캡슐,ALUMINUM | PHARMA_API_GENERIC | POLYPROPYLENE_PP,3,3
NAME::ITEM_9ecba0cea79415a044d0,(금연치료용)헬스피온서방정150mg(명인제약),ALUMINUM | PHARMA_API_GENERIC | POLYPROPYLENE_PP,3,3
NAME::ITEM_268c1838fd372de8753a,글루코바이정 100mg(한독약품)-1정(원내약),ALUMINUM | PHARMA_API_GENERIC | POLYPROPYLENE_PP,3,3
NAME::ITEM_5f0c27a2d1a10d9b7fb9,타나민정240mg-1정,ALUMINUM | PHARMA_API_GENERIC | POLYPROPYLENE_PP,3,3
NAME::ITEM_7658b27a6dcda1d7bca7,디펜드 기저귀,ALUMINUM | DICLOFENAC | POLYPROPYLENE_PP,3,3
NAME::ITEM_76e0ddbaa6e07fa532f9,테리아엠서방정10/500밀리그램_(1정)(구주제약(주))-1정,ALUMINUM | PHARMA_API_GENERIC | POLYPROPYLENE_PP,3,3
NAME::ITEM_bc9d957679cb26ed3bf5,리노에스티나서방캡슐(알보젠코리아(주))-1캡슐,ALUMINUM | PHARMA_API_GENERIC | POLYPROPYLENE_PP,3,3
NAME::ITEM_bcd1ae385cca7d84f2ec,위더콕스캡슐200밀리그램(세레콕시브)(위더스제약(주))-1캡슐,ALUMINUM | CELECOXIB | POLYPROPYLENE_PP,3,3
NAME::ITEM_bcf82a1d18b9ccfcbefe,라니글듀오정2.5/1000밀리그램_(1정)(알리코제약(주))-1정,ALUMINUM | PHARMA_API_GENERIC | POLYPROPYLENE_PP,3,3
NAME::ITEM_6c8814439015d9832611,코리텍정((주)일화)-1정,ALUMINUM | PHARMA_API_GENERIC | POLYPROPYLENE_PP,3,3
NAME::ITEM_f6c9bf51c713f053f57e,디파글루엠서방정10/1000밀리그램_(1정)(삼익제약(주))-1정,ALUMINUM | PHARMA_API_GENERIC | POLYPROPYLENE_PP,3,3
NAME::ITEM_052d68da3b38de124b86,아테놀올정 50mg,ALUMINUM | PHARMA_API_GENERIC | POLYPROPYLENE_PP,3,3
NAME::ITEM_052f6b29cb773da8bb69,트라플엠세미정((주)마더스제약)-1정,ALUMINUM | PHARMA_API_GENERIC | POLYPROPYLENE_PP,3,3
NAME::ITEM_60d2098820796e900f61,플루테롤흡입용캡슐250/50_(60캡슐)(한미약품(주))-60캡슐/팩,ALUMINUM | PHARMA_API_GENERIC | POLYPROPYLENE_PP,3,3
NAME::ITEM_60fa487eaf8ab4740971,마이티셋세미정_(1정)(에이치엘비제약(주))-1정,ALUMINUM | PHARMA_API_GENERIC | POLYPROPYLENE_PP,3,3
NAME::ITEM_3a82add4d4afc5c1a6f1,티오셋세미정((주)비티오생명제약)-1정,ALUMINUM | PHARMA_API_GENERIC | POLYPROPYLENE_PP,3,3
NAME::ITEM_69d4774b53abfa250cca,삼남아스피린정500mg(삼남제약)-1정,ALUMINUM | ASPIRIN | POLYPROPYLENE_PP,3,3
NAME::ITEM_6a81b6ba463c2195b237,헤모드림캡슐(1캡슐)((주)마더스제약)-1캡슐,ALUMINUM | PHARMA_API_GENERIC | POLYPROPYLENE_PP,3,3
NAME::ITEM_6a8ed69633d22e07339b,콜대원콜드에스시럽(20mL)(대원제약(주))-20mL/포,ALUMINUM | PHARMA_API_GENERIC | POLYPROPYLENE_PP,3,3
NAME::ITEM_6a92d2c24f917e62ef6b,트루다파정10밀리그램(다파글리플로진비스L프롤린)_(15.63mg/1정)((주)보령)-1정,ALUMINUM | PHARMA_API_GENERIC | POLYPROPYLENE_PP,3,3
NAME::ITEM_1a950720a3af058548f8,텔미즈플러스정40/12.5mg_(1정)((주)휴온스메디텍)-1정,ALUMINUM | PHARMA_API_GENERIC | POLYPROPYLENE_PP,3,3
NAME::ITEM_09a3a858351a50b1fbdc,에스립틴엠정50/500밀리그램_(1정)(위더스제약(주))-1정,ALUMINUM | PHARMA_API_GENERIC | POLYPROPYLENE_PP,3,3
NAME::ITEM_401d58de3a99bae2a474,메디로텐정10/160밀리그램_(1정)((주)메디카코리아)-1정,ALUMINUM | PHARMA_API_GENERIC | POLYPROPYLENE_PP,3,3
NAME::ITEM_61ea2565f4227bd7a97f,메카인정(1정)(태극제약(주))-1정,ALUMINUM | PHARMA_API_GENERIC | POLYPROPYLENE_PP,3,3
NAME::ITEM_6082c9fc94267f1f211b,동광세레콕시브캡슐200mg(동광제약(주))-1캡슐,ALUMINUM | CELECOXIB | POLYPROPYLENE_PP,3,3
NAME::ITEM_c0a15604cb6f4d2b25d3,핀카브정60/5밀리그램_(1정)((주)이든파마)-1정,ALUMINUM | PHARMA_API_GENERIC | POLYPROPYLENE_PP,3,3
NAME::ITEM_c0aa77588e6b3987099d,미살탄트윈정40/10밀리그램_(1정)(이연제약(주))-1정,ALUMINUM | PHARMA_API_GENERIC | POLYPROPYLENE_PP,3,3
NAME::ITEM_e9b1bf5405fe3d35d14e,본비바정150mg-1정,ALUMINUM | PHARMA_API_GENERIC | POLYPROPYLENE_PP,3,3
NAME::ITEM_49814b33c71e9fd71f22,제미다파정_(1정)((주)엘지화학)-1정,ALUMINUM | PHARMA_API_GENERIC | POLYPROPYLENE_PP,3,3
NAME::ITEM_fb32cd1ee88bbcdf1fa8,로펜탁정60밀리그램(록소프로펜나트륨수화물)_(68.1mg/1정)(환인제약(주))-1정,ALUMINUM | LOXOPROFEN | POLYPROPYLENE_PP,3,3
NAME::ITEM_fb8f1804afbf8bfcfda5,정로환당의정,ALUMINUM | PHARMA_API_GENERIC | POLYPROPYLENE_PP,3,3
NAME::ITEM_427cc3eb7848482d12ad,크레더블정10/5밀리그램(한림제약(주))-1정,ALUMINUM | PHARMA_API_GENERIC | POLYPROPYLENE_PP,3,3
NAME::ITEM_ef341638299afcf0983e,티디콤비정10/100밀리그램_(1정)((주)티디에스팜)-1정,ALUMINUM | PHARMA_API_GENERIC | POLYPROPYLENE_PP,3,3
NAME::ITEM_ef78e74d2739b801cd3b,리비카정5/20밀리그램(한국프라임제약(주))-1정,ALUMINUM | PHARMA_API_GENERIC | POLYPROPYLENE_PP,3,3
NAME::ITEM_93f4e31025461b0400ca,넬스타정40/5밀리그램_(1정)(한국넬슨제약(주))-1정,ALUMINUM | PHARMA_API_GENERIC | POLYPROPYLENE_PP,3,3
NAME::ITEM_945f39e7ed6ddaab1b42,뉴세페낙정100밀리그램(아세클로페낙)_(0.1g/1정)(안국뉴팜(주))-1정,ACECLOFENAC | ALUMINUM | POLYPROPYLENE_PP,3,3
NAME::ITEM_94624088f9b9ee18716d,목시크라정625밀리그램_(1정)(지엘파마(주))-1정,ALUMINUM | PHARMA_API_GENERIC | POLYPROPYLENE_PP,3,3
NAME::ITEM_953e26909ee2b91d458b,베아셋서방정_(1정)(대웅바이오(주))-1정,ALUMINUM | PHARMA_API_GENERIC | POLYPROPYLENE_PP,3,3
NAME::ITEM_4a3be2a06cb1ed541aa9,B형간염 예방접종(성인) | 헤파박스 1ml,BIOLOGICS_CELL_CULTURE | LIPID_NANOPARTICLE | MATERIAL_UNSPECIFIED,3,3
NAME::ITEM_4a8a56ae02e813e91b50,유한리바록사반정20밀리그램_(20mg/1정)((주)유한양행)-1정,ALUMINUM | PHARMA_API_GENERIC | POLYPROPYLENE_PP,3,3
NAME::ITEM_be699425f0736afeed44,엑스원정5/160밀리그램_(1정)(에이치케이이노엔(주))-1정,ALUMINUM | PHARMA_API_GENERIC | POLYPROPYLENE_PP,3,3
NAME::ITEM_9182323291e5bf5967ce,엔디멜라정(1정)(주식회사노바엠헬스케어)-1정,ALUMINUM | PHARMA_API_GENERIC | POLYPROPYLENE_PP,3,3
NAME::ITEM_2be486d277fd697df96a,텔미스플러스정40/12.5밀리그램 (삼일제약(주))-1정,ALUMINUM | PHARMA_API_GENERIC | POLYPROPYLENE_PP,3,3
NAME::ITEM_2c9e65f3a960cd17ee11,이지엔6이브연질캡슐(1캡슐)((주)대웅제약)-1캡슐,ALUMINUM | PHARMA_API_GENERIC | POLYPROPYLENE_PP,3,3
NAME::ITEM_9074b3c336579eceb13e,조인스정200mg(이동진료),ALUMINUM | PHARMA_API_GENERIC | POLYPROPYLENE_PP,3,3
NAME::ITEM_c12f4035621b90032b99,테네그린듀오서방정20/1000밀리그램_(1정)(진양제약(주))-1정,ALUMINUM | PHARMA_API_GENERIC | POLYPROPYLENE_PP,3,3
NAME::ITEM_c1611f50fef00ce2671e,듀오웰정80/5밀리그램((주)유한양행)-1정,ALUMINUM | PHARMA_API_GENERIC | POLYPROPYLENE_PP,3,3
NAME::ITEM_c1f33dca8d52fea5622f,타진서방정 10/5mg(먼디파마(유))-1정,ALUMINUM | PHARMA_API_GENERIC | POLYPROPYLENE_PP,3,3
NAME::ITEM_c2174b95603bf1d7da93,시타글민듀오서방정100/1000밀리그램_(1정)(알리코제약(주))-1정,ALUMINUM | PHARMA_API_GENERIC | POLYPROPYLENE_PP,3,3
NAME::ITEM_2ae93c19d7586474df7a,제이비카에이치씨티정5/40/12.5밀리그램_(1정)((주)비보존제약)-1정,ALUMINUM | PHARMA_API_GENERIC | POLYPROPYLENE_PP,3,3
NAME::ITEM_2b1839145ac8674e83f8,한솔이부프로펜연질캡슐(02g/1캡슐)(한솔신약(주))-1캡슐,ALUMINUM | IBUPROFEN | POLYPROPYLENE_PP,3,3
NAME::ITEM_2b491da977fdf3405dc2,카디엔정5/20밀리그램_(1정)((주)셀트리온제약)-1정,ALUMINUM | PHARMA_API_GENERIC | POLYPROPYLENE_PP,3,3
NAME::ITEM_2b531609eb3b56b91f30,헤모콘틴서방정(한국파마)-30정,ALUMINUM | PHARMA_API_GENERIC | POLYPROPYLENE_PP,3,3
NAME::ITEM_91a532d1d370a19620af,암로비카에이치씨티정10/40/12.5밀리그램_(1정)(동국제약(주))-1정,ALUMINUM | PHARMA_API_GENERIC | POLYPROPYLENE_PP,3,3
NAME::ITEM_921402107dfa4056714b,플러스디알레드론정_(1정)(한국휴텍스제약(주))-1정,ALUMINUM | PHARMA_API_GENERIC | POLYPROPYLENE_PP,3,3
NAME::ITEM_9221de6034551da618b8,이가탄에프캅셀(명인제약)-60C,ALUMINUM | PHARMA_API_GENERIC | POLYPROPYLENE_PP,3,3
NAME::ITEM_92308624cb96e2abf734,엘제로젯정2/10밀리그램_(1정)((주)보령)-1정,ALUMINUM | PHARMA_API_GENERIC | POLYPROPYLENE_PP,3,3
NAME::ITEM_5f4751066fc096c1d358,야스민 정-1정,ALUMINUM | PHARMA_API_GENERIC | POLYPROPYLENE_PP,3,3
NAME::ITEM_5f640ef83ac49a5d852a,리버킹연질캡슐350mg,ALUMINUM | PHARMA_API_GENERIC | POLYPROPYLENE_PP,3,3
NAME::ITEM_6018226e86ca271dfd04,크린탈정(아세트아미노펜)(05g/1정)(일양약품(주))-1정,ACETAMINOPHEN | ALUMINUM | POLYPROPYLENE_PP,3,3
NAME::ITEM_60195bb66762c5bceebc,트윈원정80/5밀리그램 _(1정)((주)비보존제약)-1정,ALUMINUM | PHARMA_API_GENERIC | POLYPROPYLENE_PP,3,3
NAME::ITEM_9ff7a631b51763159c2e,엔시트라서방정(한림제약(주))-1정,ALUMINUM | PHARMA_API_GENERIC | POLYPROPYLENE_PP,3,3
NAME::ITEM_a07a1d5de452459af056,메트마릴에스알정2/500밀리그램(제일약품(주))-1정,ALUMINUM | PHARMA_API_GENERIC | POLYPROPYLENE_PP,3,3
NAME::ITEM_ee033113485d19159471,넥시리움듀오정20/800밀리그램_(1정)(알리코제약(주))-1정,ALUMINUM | PHARMA_API_GENERIC | POLYPROPYLENE_PP,3,3
NAME::ITEM_b2c69173de7dbf8fa134,디나펜플라스타(디클로페낙나트륨)(70cm2/1매)(현대약품(주))-1매,ALUMINUM | DICLOFENAC | POLYPROPYLENE_PP,3,3
NAME::ITEM_b38fb9276c4de9844902,올위너플러스정_(1정)(대화제약(주))-1정,ALUMINUM | PHARMA_API_GENERIC | POLYPROPYLENE_PP,3,3
NAME::ITEM_b42061ce80931547e240,아펜정(아세클로페낙)_(0.1g/1정)((주)이든파마)-1정,ACECLOFENAC | ALUMINUM | POLYPROPYLENE_PP,3,3
NAME::ITEM_b45d28a188dce09f6e72,하비카정5/40밀리그램_(1정)((주)화이트생명과학)-1정,ALUMINUM | PHARMA_API_GENERIC | POLYPROPYLENE_PP,3,3
NAME::ITEM_20b97d9755f62c3ed02a,올딥정10/40밀리그램((주)일화)-1정,ALUMINUM | PHARMA_API_GENERIC | POLYPROPYLENE_PP,3,3
NAME::ITEM_9331889c353e38dfbd70,테넬엠서방정10/500밀리그램_(1정)((주)메디카코리아)-1정,ALUMINUM | PHARMA_API_GENERIC | POLYPROPYLENE_PP,3,3
NAME::ITEM_90f59b5d32ec64052932,로제케이정10/5밀리그램_(1정)(광동제약(주))-1정,ALUMINUM | PHARMA_API_GENERIC | POLYPROPYLENE_PP,3,3
NAME::ITEM_91452dc8d33455431200,라베듀오정20/800밀리그램_(1정)(한국유나이티드제약(주))-1정,ALUMINUM | PHARMA_API_GENERIC | POLYPROPYLENE_PP,3,3
NAME::ITEM_91606154fdb0b5288fdb,크리콕스캡슐200밀리그램(세레콕시브)(삼진제약(주))-1캡슐,ALUMINUM | CELECOXIB | POLYPROPYLENE_PP,3,3
NAME::ITEM_687761df1bc74f5f83d9,마그오캅셀500mg(한국파마)-1캅셀,ALUMINUM | PHARMA_API_GENERIC | POLYPROPYLENE_PP,3,3
NAME::ITEM_68a071269c17c34324ed,아주록손정(록소프로펜나트륨)(아주약품(주))-1정,ALUMINUM | LOXOPROFEN | POLYPROPYLENE_PP,3,3
NAME::ITEM_e8622be55b5b7be6ba55,아카브정60/20밀리그램_(1정)((주)보령)-1정,ALUMINUM | PHARMA_API_GENERIC | POLYPROPYLENE_PP,3,3
NAME::ITEM_4e2a28b44d172a31b3e2,필로젠겔(피록시캄)(0375g/70g)((주)제뉴파마)-75g/통,ALUMINUM | PIROXICAM | POLYPROPYLENE_PP,3,3
NAME::ITEM_c269a3ebb23a3e981170,멘소래담로오숀(보령),ALUMINUM | METHYL_SALICYLATE | POLYPROPYLENE_PP,3,3
NAME::ITEM_18bc9ee1430b18f21ca2,부르펜정400mg(이동진료),ALUMINUM | PHARMA_API_GENERIC | POLYPROPYLENE_PP,3,3
NAME::ITEM_4721ed460d1fcd4753d3,레보살탄정2.5/160밀리그램(안국약품(주))-1정,ALUMINUM | PHARMA_API_GENERIC | POLYPROPYLENE_PP,3,3
NAME::ITEM_4dae0e6ccdbf717ecaa5,가나플럭스정20/1100밀리그램_(1정)(한국애보트(주))-1정,ALUMINUM | PHARMA_API_GENERIC | POLYPROPYLENE_PP,3,3
NAME::ITEM_4dc092e8ba1406def268,프로파인퓨전주(아세트아미노펜)(대한약품공업)-mL/(병/백),ACETAMINOPHEN | ALUMINUM | POLYPROPYLENE_PP,3,3
NAME::ITEM_c0c48ef642e39c15c47f,실로진코정_(1정)((주)한국파마)-1정,ALUMINUM | PHARMA_API_GENERIC | POLYPROPYLENE_PP,3,3
NAME::ITEM_c12de4a02ac2996d8519,네포신질연질캡슐_(1캡슐)((주)비씨월드제약)-1캡슐,ALUMINUM | PHARMA_API_GENERIC | POLYPROPYLENE_PP,3,3
NAME::ITEM_92b84b1a3ec02ed70a13,듀비메트서방정0.25/500밀리그램((주)종근당)-1정,ALUMINUM | PHARMA_API_GENERIC | POLYPROPYLENE_PP,3,3
NAME::ITEM_92c5735cd7616841b609,이트라펜정_(1정)((주)화이트생명과학)-1정,ALUMINUM | PHARMA_API_GENERIC | POLYPROPYLENE_PP,3,3
NAME::ITEM_92f1ffeb9ad989a042d2,조아독시사이클린캅셀(조아제약)-1캅셀,ALUMINUM | PHARMA_API_GENERIC | POLYPROPYLENE_PP,3,3
NAME::ITEM_932e999c3054c5348d4f,대화산화마그네슘정_(0.25g/1정)(대화제약(주))-1정,ALUMINUM | PHARMA_API_GENERIC | POLYPROPYLENE_PP,3,3
NAME::ITEM_5f35445503dfcebe50f1,리나제틴듀오정2.5/1000밀리그램_(1정)(일동제약(주))-1정,ALUMINUM | PHARMA_API_GENERIC | POLYPROPYLENE_PP,3,3
NAME::ITEM_6aa5139a207eac33ccec,세레스캡슐100밀리그램(세레콕시브)_(0.1g/1캡슐)((유)한풍제약)-1캡슐,ALUMINUM | CELECOXIB | POLYPROPYLENE_PP,3,3
NAME::ITEM_6aed2a450f810e868b5c,동아아세트아미노펜정300MG(동아제약)-1T,ACETAMINOPHEN | ALUMINUM | POLYPROPYLENE_PP,3,3
NAME::ITEM_3bf08ba552b97e400eee,아토르젯정10/10밀리그램_(1정)((주)한국피엠지제약)-1정,ALUMINUM | PHARMA_API_GENERIC | POLYPROPYLENE_PP,3,3
NAME::ITEM_90cb1c32b8ba443b5762,세라칸에이치씨티정10/40/12.5밀리그램_(1정)(알리코제약(주))-1정,ALUMINUM | PHARMA_API_GENERIC | POLYPROPYLENE_PP,3,3
NAME::ITEM_50d87cd311f1e9306d83,에이알비-엑스지정5/80밀리그램(삼진제약(주))-1정,ALUMINUM | PHARMA_API_GENERIC | POLYPROPYLENE_PP,3,3
NAME::ITEM_50dd5e90194c1f6f1c4e,텔로스톱플러스정80/5/10밀리그램_(1정)(일동제약(주))-1정,ALUMINUM | PHARMA_API_GENERIC | POLYPROPYLENE_PP,3,3
NAME::ITEM_512f9ea355d22758dda4,한국유나이트산화마그네슘정250mg(한국유나이티드제약)-1정,ALUMINUM | PHARMA_API_GENERIC | POLYPROPYLENE_PP,3,3
NAME::ITEM_514c8569a700452d6d5d,칸사타플러스정(경동제약(주))-1정,ALUMINUM | PHARMA_API_GENERIC | POLYPROPYLENE_PP,3,3
NAME::ITEM_515f01b949553fdf5c3d,모나드정,ALUMINUM | PHARMA_API_GENERIC | POLYPROPYLENE_PP,3,3
NAME::ITEM_51b074358cbc59c24af7,페나클주(디클로페낙β-디메틸아미노에탄올)(한국프라임제약(주))-2mL/앰플,ALUMINUM | DICLOFENAC | POLYPROPYLENE_PP,3,3
NAME::ITEM_51fbd705fdb6c9b819f0,제티스토정10/10밀리그램_(1정)(한림제약(주))-1정,ALUMINUM | PHARMA_API_GENERIC | POLYPROPYLENE_PP,3,3
NAME::ITEM_2d2287198a8cc9f8064a,글리미드엠정(구주제약(주))-1정,ALUMINUM | PHARMA_API_GENERIC | POLYPROPYLENE_PP,3,3
NAME::ITEM_2d5fde71539dc9a97298,액토스메트정15/850밀리그램-1정,ALUMINUM | PHARMA_API_GENERIC | POLYPROPYLENE_PP,3,3
NAME::ITEM_2d680db5f68b91efcb9f,다파메트서방정10/1000밀리그램_(1정)(경동제약(주))-1정,ALUMINUM | PHARMA_API_GENERIC | POLYPROPYLENE_PP,3,3
NAME::ITEM_2dab205f57b7fd6666e6,엑스원정5/80밀리그램_(1정)(에이치케이이노엔(주))-1정,ALUMINUM | PHARMA_API_GENERIC | POLYPROPYLENE_PP,3,3
NAME::ITEM_3c552984cce937a2ce38,피오비스정15/850밀리그램_(1정)(국제약품(주))-1정,ALUMINUM | PHARMA_API_GENERIC | POLYPROPYLENE_PP,3,3
NAME::ITEM_20f59fd9f5cc85105d7f,제티스토정10/20밀리그램_(1정)((주)테라젠이텍스)-1정,ALUMINUM | PHARMA_API_GENERIC | POLYPROPYLENE_PP,3,3
NAME::ITEM_b267dbd468b6416c66bc,야즈정(바이엘코리아(주))-1정,ALUMINUM | PHARMA_API_GENERIC | POLYPROPYLENE_PP,3,3
NAME::ITEM_223948044b52fb320859,이메가 연질캡슐,ALUMINUM | PHARMA_API_GENERIC | POLYPROPYLENE_PP,3,3
NAME::ITEM_b025d87c5706624dd51c,멕소자임정_(1정)(크리스탈생명과학(주))-1정,ALUMINUM | PHARMA_API_GENERIC | POLYPROPYLENE_PP,3,3
NAME::ITEM_b0c38ea901217dc66421,헤파론캡슐_(1캡슐)(삼진제약(주))-1캡슐,ALUMINUM | PHARMA_API_GENERIC | POLYPROPYLENE_PP,3,3
NAME::ITEM_b0c394976a77a2956217,디카테오정((주)다림바이오텍)-1정,ALUMINUM | PHARMA_API_GENERIC | POLYPROPYLENE_PP,3,3
NAME::ITEM_b16db83edd4f8b101be1,아미브정10/10밀리그램_(1정)(크리스탈생명과학(주))-1정,ALUMINUM | PHARMA_API_GENERIC | POLYPROPYLENE_PP,3,3
NAME::ITEM_2575c247dcc8d0c62387,비나폴로프리미엄정(유유제약)-1정,ALUMINUM | PHARMA_API_GENERIC | POLYPROPYLENE_PP,3,3
NAME::ITEM_25c9f9f77914ae443001,엘오공정10/20밀리그램_(1정)((주)보령)-1정,ALUMINUM | PHARMA_API_GENERIC | POLYPROPYLENE_PP,3,3
NAME::ITEM_c6135f03d8cb35b2a32d,동광프레가발린캡슐50밀리그램_(50mg/1캡슐)(동광제약(주))-1캡슐,ALUMINUM | PHARMA_API_GENERIC | POLYPROPYLENE_PP,3,3
NAME::ITEM_18d999976f73f722d4ec,코디잔틴정80/12.5밀리그램,ALUMINUM | PHARMA_API_GENERIC | POLYPROPYLENE_PP,3,3
NAME::ITEM_c43fd8c19ff38aadbafd,어린이파렌시럽(이부프로펜)_(10g/500mL)(대원제약(주))-500(1)mL/병,ALUMINUM | IBUPROFEN | POLYPROPYLENE_PP,3,3
NAME::ITEM_c4612ebb41887509cee7,에이알비-엑스지정5/160밀리그램(삼진제약(주))-1정,ALUMINUM | PHARMA_API_GENERIC | POLYPROPYLENE_PP,3,3
NAME::ITEM_c46227d6a95b64dae29b,로사플러스정((주)한국파비스제약)-1정,ALUMINUM | PHARMA_API_GENERIC | POLYPROPYLENE_PP,3,3
NAME::ITEM_c46e1a0685b8f967a785,아넥신정_(1정)(알리코제약(주))-1정,ALUMINUM | PHARMA_API_GENERIC | POLYPROPYLENE_PP,3,3
NAME::ITEM_0c774f36a949e5943ce5,"신바로정_(자오가,우슬,방풍,두충,구척,흑두건조엑스(20->1),0.3g/1정)(대원제약(주))-1정",ALUMINUM | PHARMA_API_GENERIC | POLYPROPYLENE_PP,3,3
NAME::ITEM_2dd02e8e625632c19555,로자인플러스정((주)씨티씨바이오)-1정,ALUMINUM | PHARMA_API_GENERIC | POLYPROPYLENE_PP,3,3
NAME::ITEM_9013ebbd072dd0395ea5,B형 간염(성인) | B형간염,BIOLOGICS_CELL_CULTURE | LIPID_NANOPARTICLE | MATERIAL_UNSPECIFIED,3,3
NAME::ITEM_9055be64a66558467074,에스올정10밀리그램(올메사탄메독소밀) (삼익제약(주))-1정,ALUMINUM | PHARMA_API_GENERIC | POLYPROPYLENE_PP,3,3
NAME::ITEM_905b4bb2a647ce41f98c,에이서정,ALUMINUM | PHARMA_API_GENERIC | POLYPROPYLENE_PP,3,3
NAME::ITEM_8e76c85512fe609a48c2,휴니즈클로피도그렐황산염정((주)휴니즈)-1정,ALUMINUM | PHARMA_API_GENERIC | POLYPROPYLENE_PP,3,3
NAME::ITEM_8fc5e48c242a27d1d452,콘티아민연질캡슐(1캡슐)(에이프로젠제약(주))-1캡슐,ALUMINUM | PHARMA_API_GENERIC | POLYPROPYLENE_PP,3,3
NAME::ITEM_36168081c2b8571d0009,씨콕스플러스정_(1정)((주)씨엠지제약)-1정,ALUMINUM | PHARMA_API_GENERIC | POLYPROPYLENE_PP,3,3
NAME::ITEM_364fdae39ca5c195f847,세비테라에이치씨티정5/40/12.5밀리그램_(1정)((주)테라젠이텍스)-1정,ALUMINUM | PHARMA_API_GENERIC | POLYPROPYLENE_PP,3,3
NAME::ITEM_3681072be4a537a03e47,아테놀정,ALUMINUM | PHARMA_API_GENERIC | POLYPROPYLENE_PP,3,3
NAME::ITEM_59a547e3b80bcf0fdc5b,맥세비카정10/40밀리그램_(1정)(맥널티제약(주))-1정,ALUMINUM | PHARMA_API_GENERIC | POLYPROPYLENE_PP,3,3
NAME::ITEM_5a0c01d7dd08e1ab3d4f,무파인세미서방정(대한뉴팜(주))-1정,ALUMINUM | PHARMA_API_GENERIC | POLYPROPYLENE_PP,3,3
NAME::ITEM_5a19924d27842487e24f,테라메트엑스알서방정50/500밀리그램_(1정)((주)테라젠이텍스)-1정,ALUMINUM | PHARMA_API_GENERIC | POLYPROPYLENE_PP,3,3
NAME::ITEM_c5730b06192153abe529,포사맥스플러스디정_(1정)(한국오가논(주))-1정,ALUMINUM | PHARMA_API_GENERIC | POLYPROPYLENE_PP,3,3
NAME::ITEM_20dd61ddff8c3a5e23ce,썸디정_(1정)(동광제약(주))-1정,ALUMINUM | PHARMA_API_GENERIC | POLYPROPYLENE_PP,3,3
NAME::ITEM_20e03f49ee1ca8abcf9b,서카딘 서방정2mg(건일제약),ALUMINUM | PHARMA_API_GENERIC | POLYPROPYLENE_PP,3,3
NAME::ITEM_20e6df8d1e26c8343d6f,트라비트세미서방정_(1정)((주)씨티씨바이오)-1정,ALUMINUM | PHARMA_API_GENERIC | POLYPROPYLENE_PP,3,3
NAME::ITEM_c8bfc9ee03e534a1e2f9,한방파스(금사만응고 5매)(대재팜),ALUMINUM | PHARMA_API_GENERIC | POLYPROPYLENE_PP,3,3
NAME::ITEM_c8d509f710a192db355a,돔페닐엠정(한국유나이티드제약)-1정,ALUMINUM | PHARMA_API_GENERIC | POLYPROPYLENE_PP,3,3
NAME::ITEM_c97fdefe9306f5572a8c,알듀카정60/2.5밀리그램_(1정)(알리코제약(주))-1정,ALUMINUM | PHARMA_API_GENERIC | POLYPROPYLENE_PP,3,3
NAME::ITEM_f107fd4ad298b58bb231,비타콤비500정(1정)(알리코제약(주))-1정,ALUMINUM | PHARMA_API_GENERIC | POLYPROPYLENE_PP,3,3
NAME::ITEM_f19bfed3f794c2b37f6f,브이타민큐정(1정)(미래제약(주))-1정,ALUMINUM | PHARMA_API_GENERIC | POLYPROPYLENE_PP,3,3
NAME::ITEM_f1db87ba808170025eff,마이암부톨제피정400mg(유한양행)-1정,ALUMINUM | PHARMA_API_GENERIC | POLYPROPYLENE_PP,3,3
NAME::ITEM_8d36cc656bff6793d796,야즈정 28T-1통(바이엘),ALUMINUM | PHARMA_API_GENERIC | POLYPROPYLENE_PP,3,3
NAME::ITEM_8dff370bc7c8d71c49b9,메트마릴정2/500밀리그램(제일약품(주))-1정,ALUMINUM | PHARMA_API_GENERIC | POLYPROPYLENE_PP,3,3
NAME::ITEM_037630b776c0e860c7ac,에스카에이치씨티정5/20/12.5밀리그램_(1정)(삼익제약(주))-1정,ALUMINUM | PHARMA_API_GENERIC | POLYPROPYLENE_PP,3,3
NAME::ITEM_0383f494281ce7815d0b,아토제이정10/20밀리그램_(1정)((유)한풍제약)-1정,ALUMINUM | PHARMA_API_GENERIC | POLYPROPYLENE_PP,3,3
NAME::ITEM_047346683fce231270e7,세비텐션정5/40밀리그램((주)다산메디켐)-1정,ALUMINUM | PHARMA_API_GENERIC | POLYPROPYLENE_PP,3,3
NAME::ITEM_17909c2a3a6df612bc16,유한리바록사반정15밀리그램_(15mg/1정)((주)유한양행)-1정,ALUMINUM | PHARMA_API_GENERIC | POLYPROPYLENE_PP,3,3
NAME::ITEM_5ae51b536dce181ae1fb,아테놀올정 25mg,ALUMINUM | PHARMA_API_GENERIC | POLYPROPYLENE_PP,3,3
NAME::ITEM_373bd9e00e128b6d4bf3,조터나흡입용캡슐110/50마이크로그램_(30캡슐)(한국노바티스(주))-30캡슐/팩,ALUMINUM | PHARMA_API_GENERIC | POLYPROPYLENE_PP,3,3
NAME::ITEM_2cd32841cfcaab3e82af,애니락정(아세클로페낙)(콜마파마(주))-1정,ACECLOFENAC | ALUMINUM | POLYPROPYLENE_PP,3,3
NAME::ITEM_f0d316d0c0e4b50ad357,코비안에스정(1정)(삼아제약(주))-1정,ALUMINUM | PHARMA_API_GENERIC | POLYPROPYLENE_PP,3,3
NAME::ITEM_9f61783694adbac70d1a,카프릴정25mg(캅토프릴)수출명:Captolongtablet25mg(captopril)_(25mg/1정)(보령제약(주))-1정,ALUMINUM | PHARMA_API_GENERIC | POLYPROPYLENE_PP,3,3
NAME::ITEM_61236f35dd8db24dd449,가다실[인유두종바이러스4가]-0.5mL | 가다실프리필드시린지[인유두종바이러스4가(6111618형)백신(유전자재조합)](05mL)(한국엠에스디(주))-0.5mL/관 | 지자체사업-가다실프리필드시린지[인유두종4가],MATERIAL_UNSPECIFIED | PHARMA_API_GENERIC,2,3
NAME::ITEM_614b6bff1339dda7c5b9,리포젯정10/10밀리그램_(1정)(안국약품(주))-1정,ALUMINUM | PHARMA_API_GENERIC | POLYPROPYLENE_PP,3,3
NAME::ITEM_adbd92cbf88581704e73,"아목클란네오시럽_(6g,0.429g/50mL)(한미약품(주))-50(1)mL/ml",ALUMINUM | PHARMA_API_GENERIC | POLYPROPYLENE_PP,3,3
NAME::ITEM_aebce9ee7c3e942acdfa,코디오패스정 160/12.5 밀리그램(일동제약(주))-1정,ALUMINUM | PHARMA_API_GENERIC | POLYPROPYLENE_PP,3,3
NAME::ITEM_21a37f96b95f608078ce,발트렙플러스에프정(경동제약(주))-1정,ALUMINUM | PHARMA_API_GENERIC | POLYPROPYLENE_PP,3,3
NAME::ITEM_21c4bb127be008b38eea,발긴발포과립((주)위드헬스케어)-4g/포,ALUMINUM | PHARMA_API_GENERIC | POLYPROPYLENE_PP,3,3
NAME::ITEM_2229fa32834ef648db95,이노티딘정(라니티딘염산염)-1정,ALUMINUM | PHARMA_API_GENERIC | POLYPROPYLENE_PP,3,3
NAME::ITEM_5e39068544209b99a9f3,프라임아스피린장용정100밀리그램(한국프라임제약(주))-1정,ALUMINUM | ASPIRIN | POLYPROPYLENE_PP,3,3
NAME::ITEM_a1bfef42f32fd97f8314,제피토정10/10밀리그램_(1정)(에이치케이이노엔(주))-1정,ALUMINUM | PHARMA_API_GENERIC | POLYPROPYLENE_PP,3,3
NAME::ITEM_a1e850189143c8e819bb,아모부로펜주(이부프로펜)(08g/8mL)((주)휴온스)-8mL/병,ALUMINUM | IBUPROFEN | POLYPROPYLENE_PP,3,3
NAME::ITEM_8adcbaf56b0842ee0836,에이펙스정(아세클로페낙)(제일약품(주))-1정,ACECLOFENAC | ALUMINUM | POLYPROPYLENE_PP,3,3
NAME::ITEM_8af0b6f885d4303e2d22,플라빅스에이정((주)사노피-아벤티스코리아)-1정,ALUMINUM | PHARMA_API_GENERIC | POLYPROPYLENE_PP,3,3
NAME::ITEM_158e1cbe452dcd704e45,에제스타정10/10((주)일화)-1정,ALUMINUM | PHARMA_API_GENERIC | POLYPROPYLENE_PP,3,3
NAME::ITEM_166d7c21f73bfa74439b,디오브이플러스정80/12.5mg_(1정)(대웅바이오(주))-1정,ALUMINUM | PHARMA_API_GENERIC | POLYPROPYLENE_PP,3,3
NAME::ITEM_16a452d1d531336fac89,세토펜이알서방정325mg(삼아제약)-1정,ACETAMINOPHEN | ALUMINUM | POLYPROPYLENE_PP,3,3
NAME::ITEM_cd77846a9f5e180be1e3,안티푸라민케토플라스타(케토프로펜)(7X10cm2/1매)((주)유한양행)-1매,ALUMINUM | KETOPROFEN | POLYPROPYLENE_PP,3,3
NAME::ITEM_cdc785245a4b4ee61b05,파마가바펜틴캡슐100밀리그람((주)한국파마)-1캡슐,ALUMINUM | PHARMA_API_GENERIC | POLYPROPYLENE_PP,3,3
NAME::ITEM_cde9810d1a8c014311a0,엑스포르정5/80밀리그램_(1정)(주식회사케이에스제약)-1정,ALUMINUM | PHARMA_API_GENERIC | POLYPROPYLENE_PP,3,3
NAME::ITEM_ce72633b15831cf74d53,대원아스피린하트정100mg(아스피린)(대원제약(주))-1정,ALUMINUM | ASPIRIN | POLYPROPYLENE_PP,3,3
NAME::ITEM_ce7328f06c45740f99e4,텔미디퀄정40/5밀리그램((주)한독)-1정,ALUMINUM | PHARMA_API_GENERIC | POLYPROPYLENE_PP,3,3
NAME::ITEM_caf62a8de9160944f5eb,오메탄플러스정20/12.5밀리그램(진양제약(주))-1정,ALUMINUM | PHARMA_API_GENERIC | POLYPROPYLENE_PP,3,3
NAME::ITEM_cc1a1c85087c10b1780f,(남녀) 폴원연질캡슐,ALUMINUM | PHARMA_API_GENERIC | POLYPROPYLENE_PP,3,3
NAME::ITEM_cc8daadb6a1cbd610b83,올로스타정10/5밀리그램((주)대웅제약)-1정(원내약),ALUMINUM | PHARMA_API_GENERIC | POLYPROPYLENE_PP,3,3
NAME::ITEM_cc9e43f293598858c617,씨제이후라시닐정-검진실,ALUMINUM | PHARMA_API_GENERIC | POLYPROPYLENE_PP,3,3
NAME::ITEM_3fe7b4975c0286d4003d,로젯정10/20밀리그램(명문제약(주))-1정,ALUMINUM | PHARMA_API_GENERIC | POLYPROPYLENE_PP,3,3
NAME::ITEM_8e52eb4e66a276d60125,덱스트론정300밀리그램(덱시부프로펜디.씨.)(대화제약(주))-1정,ALUMINUM | PHARMA_API_GENERIC | POLYPROPYLENE_PP,3,3
NAME::ITEM_8e5f954962d64f79c5fd,실넥신정_(1정)(진양제약(주))-1정,ALUMINUM | PHARMA_API_GENERIC | POLYPROPYLENE_PP,3,3
NAME::ITEM_2fe3cf5505b02dac0a76,아토제이정10/10밀리그램_(1정)((유)한풍제약)-1정,ALUMINUM | PHARMA_API_GENERIC | POLYPROPYLENE_PP,3,3
NAME::ITEM_25ffee1ac71a17b813e4,헤모카바(삼성제약)-1정,ALUMINUM | PHARMA_API_GENERIC | POLYPROPYLENE_PP,3,3
NAME::ITEM_a0f7df1c4cf195540e38,토네이드정(일동제약)-5mg,ALUMINUM | PHARMA_API_GENERIC | POLYPROPYLENE_PP,3,3
NAME::ITEM_a1144738f81dfaffb2e1,아트로드플러스정10/20밀리그램_(1정)((주)화이트생명과학)-1정,ALUMINUM | PHARMA_API_GENERIC | POLYPROPYLENE_PP,3,3
NAME::ITEM_89c0134bd79aca6a4ef0,다이보스정(이연제약),ALUMINUM | PHARMA_API_GENERIC | POLYPROPYLENE_PP,3,3
NAME::ITEM_f283823757db0f21c8fe,타렌스타캡슐,ALUMINUM | PHARMA_API_GENERIC | POLYPROPYLENE_PP,3,3
NAME::ITEM_77e84b48bfb04d256ab7,에세탈서방정(아세클로페낙)_(0.2g/1정)((주)씨티씨바이오)-1정,ACECLOFENAC | ALUMINUM | POLYPROPYLENE_PP,3,3
NAME::ITEM_78357d0412fa43f1d8ec,리토바젯정10/20밀리그램_(1정)((주)대웅제약)-1정,ALUMINUM | PHARMA_API_GENERIC | POLYPROPYLENE_PP,3,3
NAME::ITEM_8b999e13e35027d1c47c,트루스타정40/10밀리그램(진양제약(주))-1정,ALUMINUM | PHARMA_API_GENERIC | POLYPROPYLENE_PP,3,3
NAME::ITEM_2e8691ece0572cab386a,미르텔플러스정40/12.5밀리그램_(1정)(삼천당제약(주))-1정,ALUMINUM | PHARMA_API_GENERIC | POLYPROPYLENE_PP,3,3
NAME::ITEM_8a034aecbd1b67a52c99,펠라움에스시럽_(9mL)(한미약품(주))-9mL/포,ALUMINUM | PHARMA_API_GENERIC | POLYPROPYLENE_PP,3,3
NAME::ITEM_8a297f8b4aed3064c688,모바나정0.2mg(두타스테리드)30T-1통,ALUMINUM | PHARMA_API_GENERIC | POLYPROPYLENE_PP,3,3
NAME::ITEM_2fbc450195ce628eeb28,콜대원키즈 코프시럽(대원제약),ALUMINUM | PHARMA_API_GENERIC | POLYPROPYLENE_PP,3,3
NAME::ITEM_87637aec0d2c193360f0,발데사르플러스정160/12.5mg(구주제약(주))-1정,ALUMINUM | PHARMA_API_GENERIC | POLYPROPYLENE_PP,3,3
NAME::ITEM_67c1e687197577db3735,자이데나 정 75mg(동아에스티),ALUMINUM | PHARMA_API_GENERIC | POLYPROPYLENE_PP,3,3
NAME::ITEM_3ef37ad44c03c88ee5ba,에어펜정(아세클로페낙)_(0.1g/1정)(알보젠코리아(주))-1정,ACECLOFENAC | ALUMINUM | POLYPROPYLENE_PP,3,3
NAME::ITEM_3f1a445f579e7e88c8a7,세로콕캡슐200밀리그램(세레콕시브)((주)비티오생명제약)-1캡슐,ALUMINUM | CELECOXIB | POLYPROPYLENE_PP,3,3
NAME::ITEM_3f77ba9dcf57e2cf34de,이록펜정(록소프로펜나트륨)(이연제약(주))-1정,ALUMINUM | LOXOPROFEN | POLYPROPYLENE_PP,3,3
NAME::ITEM_cd260d829d398e5e3fca,유나잘탄정5/80밀리그램(한국유나이티드제약(주))-1정,ALUMINUM | PHARMA_API_GENERIC | POLYPROPYLENE_PP,3,3
NAME::ITEM_cd2614d2b445e4e70b66,싸이브렉스캡슐(세레콕시브)(한국휴텍스제약(주))-1캡슐,ALUMINUM | CELECOXIB | POLYPROPYLENE_PP,3,3
NAME::ITEM_792c56d8e8f0a5f60066,뮤코라제정(스트렙토키나제.스트렙토도르나제분말)_(12.5KI.U/1정)(한미약품(주))-1정,ALUMINUM | PHARMA_API_GENERIC | POLYPROPYLENE_PP,3,3
NAME::ITEM_7994215fd18927c9513d,대원초산메게스트롤현탁액_(0.8g/20mL)(대원제약(주))-20mL/포,ALUMINUM | PHARMA_API_GENERIC | POLYPROPYLENE_PP,3,3
NAME::ITEM_79c0fc0935564628b70d,광동라푸티딘정(광동제약(주))-1정,ALUMINUM | PHARMA_API_GENERIC | POLYPROPYLENE_PP,3,3
NAME::ITEM_771022cb8bffee8cd70b,테넬엠서방정10/750밀리그램_(1정)((주)메디카코리아)-1정,ALUMINUM | PHARMA_API_GENERIC | POLYPROPYLENE_PP,3,3
NAME::ITEM_f2ad155745745e2bee9d,임산부영양제(건강기능식품) | 임산부종합영양제 | 임산부철분제,IRON_MINERAL_COMPOUND | VITAMIN_SYNTHETIC_RAWMATERIAL,2,3
NAME::ITEM_0643e45628657e95455c,아이셀콕캡슐100밀리그램(세레콕시브)_(0.1g/1캡슐)((주)아이월드제약)-1캡슐,ALUMINUM | CELECOXIB | POLYPROPYLENE_PP,3,3
NAME::ITEM_067ca3d8587a4ef2a7d8,미살탄트윈정40/5밀리그램_(1정)(이연제약(주))-1정,ALUMINUM | PHARMA_API_GENERIC | POLYPROPYLENE_PP,3,3
NAME::ITEM_0695c706881332948983,안티푸라민에스로오숀(유한양행)-1ml,ALUMINUM | METHYL_SALICYLATE | POLYPROPYLENE_PP,3,3
NAME::ITEM_85fa2c23e83327d048c3,안티푸라민더블파워카타플라스마(유한양행)-6매,ALUMINUM | METHYL_SALICYLATE | POLYPROPYLENE_PP,3,3
NAME::ITEM_3001921d39a67cfb7c3f,베아틴정(1정)(하나제약(주))-1정,ALUMINUM | PHARMA_API_GENERIC | POLYPROPYLENE_PP,3,3
NAME::ITEM_e727a9fcf86e874275ab,포슈벳듀오서방정10/500밀리그램_(1정)(주식회사제뉴원사이언스)-1정,ALUMINUM | PHARMA_API_GENERIC | POLYPROPYLENE_PP,3,3
NAME::ITEM_0621774017bb0ab57885,신풍아스피린장용정100밀리그램(신풍제약(주))-1정,ALUMINUM | ASPIRIN | POLYPROPYLENE_PP,3,3
NAME::ITEM_f6e97751bf875ab44145,지노센스질연질캡슐_(1캡슐)(현대약품(주))-1캡슐,ALUMINUM | PHARMA_API_GENERIC | POLYPROPYLENE_PP,3,3
NAME::ITEM_88dba10af6d041b14004,에이알비-엑스지정10/160밀리그램(삼진제약(주))-1정,ALUMINUM | PHARMA_API_GENERIC | POLYPROPYLENE_PP,3,3
NAME::ITEM_88f60036b79bd4d4d0a8,(이동)트레스탄캡슐,ALUMINUM | PHARMA_API_GENERIC | POLYPROPYLENE_PP,3,3
NAME::ITEM_897ff1d59e68566d34e4,싸이타민플러스정(한독약품),ALUMINUM | PHARMA_API_GENERIC | POLYPROPYLENE_PP,3,3
NAME::ITEM_a267060c6c4268118296,애드본플러스디정(삼진제약(주))-1정,ALUMINUM | PHARMA_API_GENERIC | POLYPROPYLENE_PP,3,3
NAME::ITEM_a2aac8fe081a4bd4857b,지씨웰빙아세트아미노펜주(1g/100mL)((주)녹십자웰빙)-100mL/백,ACETAMINOPHEN | ALUMINUM | POLYPROPYLENE_PP,3,3
NAME::ITEM_a097184a45b002a30753,현대프레가발린캡슐75밀리그램_(75mg/1캡슐)(현대약품(주))-1캡슐,ALUMINUM | PHARMA_API_GENERIC | POLYPROPYLENE_PP,3,3
NAME::ITEM_5c207a97213a1e433777,에이젯정10/20밀리그램_(1정)(동광제약(주))-1정,ALUMINUM | PHARMA_API_GENERIC | POLYPROPYLENE_PP,3,3
NAME::ITEM_5c210ab223854be7391b,아섹정100밀리그램(아세클로페낙)_(0.1g/1정)(한미약품(주))-1정,ACECLOFENAC | ALUMINUM | POLYPROPYLENE_PP,3,3
NAME::ITEM_2375e3d2949be032a969,아테놀정 50mg,ALUMINUM | PHARMA_API_GENERIC | POLYPROPYLENE_PP,3,3
NAME::ITEM_abdc1ebeb86d7030d878,세비스타정5/20밀리그램(부광약품(주))-1정,ALUMINUM | PHARMA_API_GENERIC | POLYPROPYLENE_PP,3,3
NAME::ITEM_accc1acee3479f89ceac,리세론플러스정_(1정)((주)제뉴파마)-1정,ALUMINUM | PHARMA_API_GENERIC | POLYPROPYLENE_PP,3,3
NAME::ITEM_ad0b16e1f6ad05536c0b,명인트라조돈염산염정25mg(명인제약(주))-1정,ALUMINUM | PHARMA_API_GENERIC | POLYPROPYLENE_PP,3,3
NAME::ITEM_8524db4c306334ec34c1,메가바이정(1정)(부광약품(주))-1정,ALUMINUM | PHARMA_API_GENERIC | POLYPROPYLENE_PP,3,3
NAME::ITEM_854deceb440259a7b365,로탄플러스정_(1정)((주)한국글로벌제약)-1정,ALUMINUM | PHARMA_API_GENERIC | POLYPROPYLENE_PP,3,3
NAME::ITEM_57a4a8792de4fb6c2aed,아르민정((주)티디에스팜)-1정,ALUMINUM | PHARMA_API_GENERIC | POLYPROPYLENE_PP,3,3
NAME::ITEM_58cc486a5868865dea7b,하비카정5/20밀리그램_(1정)((주)화이트생명과학)-1정,ALUMINUM | PHARMA_API_GENERIC | POLYPROPYLENE_PP,3,3
NAME::ITEM_58d44e739483cd0e76f3,아세민정(아세클로페낙)_(0.1g/1정)((주)한국피엠지제약)-1정,ACECLOFENAC | ALUMINUM | POLYPROPYLENE_PP,3,3
NAME::ITEM_58fb98322b42a4203008,발탄엑스정5/80mg_(1정)(동광제약(주))-1정,ALUMINUM | PHARMA_API_GENERIC | POLYPROPYLENE_PP,3,3
NAME::ITEM_4c4f214da52bfc3c0ace,세비텐션정5/20밀리그램_(1정)((주)다산제약)-1정,ALUMINUM | PHARMA_API_GENERIC | POLYPROPYLENE_PP,3,3
NAME::ITEM_82ec35979b5106128416,올메비카정2.5/20밀리그램(동국제약(주))-1정,ALUMINUM | PHARMA_API_GENERIC | POLYPROPYLENE_PP,3,3
NAME::ITEM_8371a2db85be488dd7bd,명도파정25/100밀리그램_(1정)(명인제약(주))-1정,ALUMINUM | PHARMA_API_GENERIC | POLYPROPYLENE_PP,3,3
NAME::ITEM_83eae398681f9f2a9fde,복합유디리버연질캡슐(1캡슐)((주)유한양행)-1캡슐,ALUMINUM | PHARMA_API_GENERIC | POLYPROPYLENE_PP,3,3
NAME::ITEM_d0ad19cc4e0fd15905c0,알킬정-1정((주)유한메디카),ALUMINUM | PHARMA_API_GENERIC | POLYPROPYLENE_PP,3,3
NAME::ITEM_d0b47e6de8fd1236b629,셀비콕스캡슐200밀리그램(세레콕시브)_(0.2g/1캡슐)(광동제약(주))-1캡슐,ALUMINUM | CELECOXIB | POLYPROPYLENE_PP,3,3
NAME::ITEM_d15a92bba999353cbb3e,약국용어린이타이레놀현탁액_(50mg/mL)(한국존슨앤드존슨판매(유))-200밀리리터/병,ACETAMINOPHEN | ALUMINUM | POLYPROPYLENE_PP,3,3
NAME::ITEM_1484b680cc9e5d814a9e,헤모퀸탑연질캡슐(1캡슐)((주)알피바이오)-1캡슐,ALUMINUM | PHARMA_API_GENERIC | POLYPROPYLENE_PP,3,3
NAME::ITEM_14f85233a82d01d2b2b8,세비듀오정5/40밀리그램(제일약품(주))-1정,ALUMINUM | PHARMA_API_GENERIC | POLYPROPYLENE_PP,3,3
NAME::ITEM_ceaa030e173b66776fae,메가바이정(부광약품),ALUMINUM | PHARMA_API_GENERIC | POLYPROPYLENE_PP,3,3
NAME::ITEM_13cba27b4339e82ecf72,메디브렉스캡슐100mg(세레콕시브)_(0.1g/1캡슐)((주)인트로바이오파마)-1캡슐,ALUMINUM | CELECOXIB | POLYPROPYLENE_PP,3,3
NAME::ITEM_424f8676703065637412,아나프록스정550밀리그램(나프록센나트륨)((주)종근당)-1정,ALUMINUM | NAPROXEN | POLYPROPYLENE_PP,3,3
NAME::ITEM_3062039275c161c5555f,바이엘아스피린정100mg(바이엘코리아)-1정,ALUMINUM | ASPIRIN | POLYPROPYLENE_PP,3,3
NAME::ITEM_3168eea1e97d8693f968,알제트정10/5밀리그램_(1정)(동광제약(주))-1정,ALUMINUM | PHARMA_API_GENERIC | POLYPROPYLENE_PP,3,3
NAME::ITEM_8679484596ee70cef2de,테넬로드엠서방정20/1000밀리그램_(1정)(대웅바이오(주))-1정,ALUMINUM | PHARMA_API_GENERIC | POLYPROPYLENE_PP,3,3
NAME::ITEM_8748135485a8bade858d,풍림)이메가연질캡슐,ALUMINUM | PHARMA_API_GENERIC | POLYPROPYLENE_PP,3,3
NAME::ITEM_a241e84447d12e8f8dd7,다파프로메트서방정10/500밀리그램_(1정)(동아에스티(주))-1정,ALUMINUM | PHARMA_API_GENERIC | POLYPROPYLENE_PP,3,3
NAME::ITEM_81c17045c905bacc4072,출산축하용품 | 출산축하용품(고막체온계),ELECTRONIC_DEVICE_COMPONENT | MATERIAL_UNSPECIFIED,2,3
NAME::ITEM_82391db0b46bdd707dd7,파메콘정(1정)(알파제약(주))-1정,ALUMINUM | PHARMA_API_GENERIC | POLYPROPYLENE_PP,3,3
NAME::ITEM_316d5fa626b9a0c9ac05,제이알알벤다졸정400밀리그람(04g/1정)((주)비보존제약)-1정,ALUMINUM | PHARMA_API_GENERIC | POLYPROPYLENE_PP,3,3
NAME::ITEM_31819ae0607da800efb6,로티브정10/5밀리그램_(1정)(동화약품(주))-1정,ALUMINUM | PHARMA_API_GENERIC | POLYPROPYLENE_PP,3,3
NAME::ITEM_7f3bc28c851560372bb5,아몰비카정10/40mg(한국휴텍스제약(주))-1정,ALUMINUM | PHARMA_API_GENERIC | POLYPROPYLENE_PP,3,3
NAME::ITEM_44e1920adc5de38df987,텔로스톱플러스정80/5/5밀리그램_(1정)(일동제약(주))-1정,ALUMINUM | PHARMA_API_GENERIC | POLYPROPYLENE_PP,3,3
NAME::ITEM_53b60f57863f1df350c8,텔미베타플러스정40/12.5밀리그램_(1정)(대웅바이오(주))-1정,ALUMINUM | PHARMA_API_GENERIC | POLYPROPYLENE_PP,3,3
NAME::ITEM_5441d6833d5158850053,몬테어정10밀리그램(몬테루카스트나트륨) ((주)유영제약)-1정,ALUMINUM | PHARMA_API_GENERIC | POLYPROPYLENE_PP,3,3
NAME::ITEM_d29570d9f9f6cc541e14,듀오락 골드캡슐,ALUMINUM | PHARMA_API_GENERIC | POLYPROPYLENE_PP,3,3
NAME::ITEM_d29af9c6732424d2e102,알렌드로플러스디정(동광제약(주))-1정,ALUMINUM | PHARMA_API_GENERIC | POLYPROPYLENE_PP,3,3
NAME::ITEM_d2e849650c0377738224,삼성세레콕시브캡슐200밀리그램_(0.2g/1캡슐)(삼성제약(주))-1캡슐,ALUMINUM | CELECOXIB | POLYPROPYLENE_PP,3,3
NAME::ITEM_cfa8ac860c3f8725851a,어린이알리펜시럽(이부프로펜)(수출명:이부돌시럽)_(20g/1000mL)(대우제약(주))-1000(1)mL/병,ALUMINUM | IBUPROFEN | POLYPROPYLENE_PP,3,3
NAME::ITEM_d02cfb8cb0de71edc528,리세넥스플러스정_(1정)(한림제약(주))-1정,ALUMINUM | PHARMA_API_GENERIC | POLYPROPYLENE_PP,3,3
NAME::ITEM_d06192be4047384c206e,엠비엘총콜레스테롤테스트((주)엠비엘)-1test,CARBON_GRAPHITE_ELECTRODE | ENZYME_REAGENT | SILVER_SILVER_CHLORIDE_ELECTRODE,3,3
NAME::ITEM_859664d4d82fe1417aba,하비카에이치씨티정5/40/12.5밀리그램_(1정)((주)화이트생명과학)-1정,ALUMINUM | PHARMA_API_GENERIC | POLYPROPYLENE_PP,3,3
NAME::ITEM_32076cd1f584ef005a69,아토젯정10/20밀리그램_(1정)(한국엠에스디(유))-1정,ALUMINUM | PHARMA_API_GENERIC | POLYPROPYLENE_PP,3,3
NAME::ITEM_2462d249955693f27e38,케토톱엘플라스타(태평양제약)-유료,ALUMINUM | KETOPROFEN | POLYPROPYLENE_PP,3,3
NAME::ITEM_24dd46bff7bb88716802,리버갈린연질캅셀(대진제약)-1C,ALUMINUM | PHARMA_API_GENERIC | POLYPROPYLENE_PP,3,3
NAME::ITEM_25113861f4c1a0077f3e,드림파마돔페리돈말레산염정_(12.72mg/1정)((주)드림파마)-1정,ALUMINUM | PHARMA_API_GENERIC | POLYPROPYLENE_PP,3,3
NAME::ITEM_a2e0df0b23c6b0ea31ff,듀오토린정10/10mg((주)씨엠지제약)-1정,ALUMINUM | PHARMA_API_GENERIC | POLYPROPYLENE_PP,3,3
NAME::ITEM_a2ea7dda9412e7d2d264,리페스틴캡슐_(1캡슐)(한국프라임제약(주))-1캡슐,ALUMINUM | PHARMA_API_GENERIC | POLYPROPYLENE_PP,3,3
NAME::ITEM_a1b6baa9476318f553f1,케펜텍플라스타(케토프로펜)(수출명:KEFEN)_10X7cm2(제일약품(주))-1매,ALUMINUM | KETOPROFEN | POLYPROPYLENE_PP,3,3
NAME::ITEM_d5665fa068526e28ae8a,엔피스타정80/5mg_(1정)(대한뉴팜(주))-1정,ALUMINUM | PHARMA_API_GENERIC | POLYPROPYLENE_PP,3,3
NAME::ITEM_d5bd2bf1f8a8a459a5d8,락소펜엠정(록소프로펜나트륨수화물)((주)마더스제약)-1정,ALUMINUM | LOXOPROFEN | POLYPROPYLENE_PP,3,3
NAME::ITEM_d33a1910a335248738e8,유니라제정(한국유니온제약)-1정(보훈급여),ALUMINUM | PHARMA_API_GENERIC | POLYPROPYLENE_PP,3,3
NAME::ITEM_d350168aecc2ea57a336,하이코돈정5.0밀리그램((주)비씨월드제약)-1정,ALUMINUM | PHARMA_API_GENERIC | POLYPROPYLENE_PP,3,3
NAME::ITEM_d35518195b4675646c74,가다실[인유두종바이러스4가]-0.5mL | 가다실프리필드시린지[인유두종바이러스4가(6111618형)백신(유전자재조합)](05mL)(한국엠에스디(주))-0.5mL/관 | 지자체사업-가다실프리필드시린지[인유두종4가],MATERIAL_UNSPECIFIED | PHARMA_API_GENERIC,2,3
NAME::ITEM_12d1f60bea7acc66c5fe,셀콕스캡슐200밀리그램(세레콕시브)((주)메디카코리아)-1캡슐,ALUMINUM | CELECOXIB | POLYPROPYLENE_PP,3,3
NAME::ITEM_1393e3c17e24d3c5b754,리바로젯정2/10밀리그램_(1정)(제이더블유중외제약(주))-1정,ALUMINUM | PHARMA_API_GENERIC | POLYPROPYLENE_PP,3,3
NAME::ITEM_d1a4aefc408d14cbc334,네오칸데플러스정_(1정)((주)녹십자)-1정,ALUMINUM | PHARMA_API_GENERIC | POLYPROPYLENE_PP,3,3
NAME::ITEM_d203c639ca113b9473b5,트루바다정((주)유한양행)-1정,ALUMINUM | PHARMA_API_GENERIC | POLYPROPYLENE_PP,3,3
NAME::ITEM_814b0052ff4fc5b85704,맥세비카정5/40밀리그램_(1정)(맥널티제약(주))-1정,ALUMINUM | PHARMA_API_GENERIC | POLYPROPYLENE_PP,3,3
NAME::ITEM_f9bdb1e8abbba56b48b3,로수에젯정10/20밀리그램_(1정)(한국프라임제약(주))-1정,ALUMINUM | PHARMA_API_GENERIC | POLYPROPYLENE_PP,3,3
NAME::ITEM_7ffd22b302743579dede,트라케이듀오정2.5/1000밀리그램_(1정)(주식회사제뉴원사이언스)-1정,ALUMINUM | PHARMA_API_GENERIC | POLYPROPYLENE_PP,3,3
NAME::ITEM_802bf552533384005042,유다파듀오서방정10/1000밀리그램_(1정)((주)유영제약)-1정,ALUMINUM | PHARMA_API_GENERIC | POLYPROPYLENE_PP,3,3
NAME::ITEM_33565b9ed7809c598c6c,맥세비카정5/20밀리그램_(1정)(맥널티제약(주))-1정,ALUMINUM | PHARMA_API_GENERIC | POLYPROPYLENE_PP,3,3
NAME::ITEM_65ff6b1b770ea8153fbb,휴텍스플루코나졸정150mg_(0.15g/1정)(한국휴텍스제약(주))-1정,ALUMINUM | PHARMA_API_GENERIC | POLYPROPYLENE_PP,3,3
NAME::ITEM_f7cc3e588644be924155,아세트펜프리믹스주(아세트아미노펜)(05g/50mL)(에이치케이이노엔(주))-50mL/백,ACETAMINOPHEN | ALUMINUM | POLYPROPYLENE_PP,3,3
NAME::ITEM_3cfaafd1387f9773a927,에페린정(동아바이오테크)-1T,ALUMINUM | PHARMA_API_GENERIC | POLYPROPYLENE_PP,3,3
NAME::ITEM_3d04d1bf0ed92b7619b6,신신파스에스(168X124cm2/1매)(신신제약(주))-1매,ALUMINUM | PHARMA_API_GENERIC | POLYPROPYLENE_PP,3,3
NAME::ITEM_3d5ee6cb842fd31194b4,테라펜세미정((주)넥스팜코리아)-1정,ALUMINUM | PHARMA_API_GENERIC | POLYPROPYLENE_PP,3,3
NAME::ITEM_d52e82ce23a6d3646e91,하이든플러스정160/12.5밀리그램_(1정)(삼익제약(주))-1정,ALUMINUM | PHARMA_API_GENERIC | POLYPROPYLENE_PP,3,3
NAME::ITEM_ad18d7f0e76c36025660,테네린엠서방정10/500밀리그램_(1정)((주)넥스팜코리아)-1정,ALUMINUM | PHARMA_API_GENERIC | POLYPROPYLENE_PP,3,3
NAME::ITEM_643393cdaf7e994472f3,마이다정(1정)((주)휴온스)-1정,ALUMINUM | PHARMA_API_GENERIC | POLYPROPYLENE_PP,3,3
NAME::ITEM_64af31a01fd203267bcb,영풍클래리트로마이신정500밀리그램(영풍제약(주))-1정,ALUMINUM | PHARMA_API_GENERIC | POLYPROPYLENE_PP,3,3
NAME::ITEM_64bbc6df7c51fe0ab5d0,아토메가연질캡슐5/1000mg_(1캡슐)(건일제약(주))-1캡슐,ALUMINUM | PHARMA_API_GENERIC | POLYPROPYLENE_PP,3,3
NAME::ITEM_ad9b758e5337b936584f,뉴비카정5/20mg_(1정)(대한뉴팜(주))-1정,ALUMINUM | PHARMA_API_GENERIC | POLYPROPYLENE_PP,3,3
NAME::ITEM_a2b33eee4c0bd9e98973,직듀오서방정10/500밀리그램_(1정)(한국아스트라제네카(주))-1정,ALUMINUM | PHARMA_API_GENERIC | POLYPROPYLENE_PP,3,3
NAME::ITEM_342fda105f02993f446c,도라셋세미정(진양제약(주))-1정,ALUMINUM | PHARMA_API_GENERIC | POLYPROPYLENE_PP,3,3
NAME::ITEM_349e99ecc0d182286015,칸살탄플러스정16/12.5mg_(1정)(영진약품(주))-1정,ALUMINUM | PHARMA_API_GENERIC | POLYPROPYLENE_PP,3,3
NAME::ITEM_7f2ea3127fce69848b13,올메핀정5/20밀리그램_(1정)(위더스제약(주))-1정,ALUMINUM | PHARMA_API_GENERIC | POLYPROPYLENE_PP,3,3
NAME::ITEM_7f2fc91388becb24eb69,헤파텍스캡슐(영풍제약(주))-1캡슐,ALUMINUM | PHARMA_API_GENERIC | POLYPROPYLENE_PP,3,3
NAME::ITEM_7d26ff19c928c9633c64,비아그라정(한국화이자) 100mg - 1정,ALUMINUM | PHARMA_API_GENERIC | POLYPROPYLENE_PP,3,3
NAME::ITEM_7d7dcac533ce1224ca96,코비안에스정(삼아약품)-1정,ALUMINUM | PHARMA_API_GENERIC | POLYPROPYLENE_PP,3,3
NAME::ITEM_7de3f8a0780d5f7211e4,트라비트정_(1정)((주)씨티씨바이오)-1정,ALUMINUM | PHARMA_API_GENERIC | POLYPROPYLENE_PP,3,3
NAME::ITEM_0dfffd68f2dc2c710029,레가론캅셀 140(부광약품)-1캅셀(원내약),ALUMINUM | PHARMA_API_GENERIC | POLYPROPYLENE_PP,3,3
NAME::ITEM_0e01caf9d807b34596d2,타진서방정 20/10mg(먼디파마(유))-1정,ALUMINUM | PHARMA_API_GENERIC | POLYPROPYLENE_PP,3,3
NAME::ITEM_0e081026622a55ffdd5b,코니톱시럽_(500mL)(코오롱제약(주))-500(1)mL/병,ALUMINUM | PHARMA_API_GENERIC | POLYPROPYLENE_PP,3,3
NAME::ITEM_0e2651c08aa682db5c29,텔미모어정40/12.5밀리그램_(1정)(명문제약(주))-1정,ALUMINUM | PHARMA_API_GENERIC | POLYPROPYLENE_PP,3,3
NAME::ITEM_d3f66f60406a0fd39fdb,케펜텍플라스타(케토프로펜)(수출명:KEFEN)_10X7cm2(제일약품(주))-1매,ALUMINUM | KETOPROFEN | POLYPROPYLENE_PP,3,3
NAME::ITEM_d41f99a92c8d20ea29fa,코스맥스아스피린장용정100mg(아스피린)_(0.1g/1정)(코스맥스바이오(주))-1정,ALUMINUM | ASPIRIN | POLYPROPYLENE_PP,3,3
NAME::ITEM_d42d28b5170531b2495d,(정신건강의학과)로나큐정4밀리그램(블로난세린)_(4mg/1정)(환인제약(주))-1정,ALUMINUM | PHARMA_API_GENERIC | POLYPROPYLENE_PP,3,3
NAME::ITEM_f91a646a627e0c2d4fdc,일양바이오나부메톤정(일양바이오팜(주))-1정,ALUMINUM | PHARMA_API_GENERIC | POLYPROPYLENE_PP,3,3
NAME::ITEM_f98ddc0ff9e8d823893f,엘레비트정(바이엘코리아)-1정,ALUMINUM | PHARMA_API_GENERIC | POLYPROPYLENE_PP,3,3
NAME::ITEM_1171be70a898ac6d04cb,트윈텔라정40/5밀리그램_(1정)((주)보령바이오파마)-1정,ALUMINUM | PHARMA_API_GENERIC | POLYPROPYLENE_PP,3,3
NAME::ITEM_11acd74aad716a475aa6,유나잘탄정5/160밀리그램(한국유나이티드제약(주))-1정,ALUMINUM | PHARMA_API_GENERIC | POLYPROPYLENE_PP,3,3
NAME::ITEM_11b3f4564a4bdbd7bbdc,로시덴겔(신풍제약)-1g (포장단위 50g),ALUMINUM | PIROXICAM | POLYPROPYLENE_PP,3,3
NAME::ITEM_d7c4a9a08b01f8f53d17,텔미칸에이정80/5밀리그램_(1정)(제일헬스사이언스(주))-1정,ALUMINUM | PHARMA_API_GENERIC | POLYPROPYLENE_PP,3,3
NAME::ITEM_d5fe228b1b9ca1e326d2,테네리엠서방정10/500밀리그램_(1정)(경동제약(주))-1정,ALUMINUM | PHARMA_API_GENERIC | POLYPROPYLENE_PP,3,3
NAME::ITEM_56f3e4a0d2e51e50f94f,뉴페낙주사2밀리리터(디클로페낙β디메틸아미노에탄올)_(90mg/2mL)(아주약품(주))-2mL/앰플,ALUMINUM | DICLOFENAC | POLYPROPYLENE_PP,3,3
NAME::ITEM_435dd8ac8f90aa9d13f7,에제심바정10/20밀리그램_(1정)(알리코제약(주))-1정,ALUMINUM | PHARMA_API_GENERIC | POLYPROPYLENE_PP,3,3
NAME::ITEM_438c54a595d8cb76d2ac,하이비날골드정,ALUMINUM | PHARMA_API_GENERIC | POLYPROPYLENE_PP,3,3
NAME::ITEM_ffb745bd2a8d47f15c6f,셀렉카듀오정_(1정)(경동제약(주))-1정,ALUMINUM | PHARMA_API_GENERIC | POLYPROPYLENE_PP,3,3
NAME::ITEM_d65ec016afdc69f988f6,네시나액트정25/30밀리그램_(1정)((주)셀트리온제약)-1정,ALUMINUM | PHARMA_API_GENERIC | POLYPROPYLENE_PP,3,3
NAME::ITEM_d6c6274e6cabdfe83228,포리진질연질캡슐(삼진제약(주))-1캡슐,ALUMINUM | PHARMA_API_GENERIC | POLYPROPYLENE_PP,3,3
NAME::ITEM_d6c825a1e9613f47ef3d,세나트리플질연질캡슐,ALUMINUM | PHARMA_API_GENERIC | POLYPROPYLENE_PP,3,3
NAME::ITEM_d6eff2cffb3a30126623,빌다글메트정50/500밀리그램_(1정)(한미약품(주))-1정,ALUMINUM | PHARMA_API_GENERIC | POLYPROPYLENE_PP,3,3
NAME::ITEM_e5b567dc6d42eb179974,다포르정10밀리그램(다파글리플로진비스L프롤린)_(15.63mg/1정)(일동제약(주))-1정,ALUMINUM | PHARMA_API_GENERIC | POLYPROPYLENE_PP,3,3
NAME::ITEM_0dc6d13c1fb549a34255,올메팜플러스정20/12.5밀리그램(일동제약(주))-1정,ALUMINUM | PHARMA_API_GENERIC | POLYPROPYLENE_PP,3,3
NAME::ITEM_33ff26ed47a120976c3f,테라플루나이트타임건조시럽(1포)((주)글락소스미스)-1포,ALUMINUM | PHARMA_API_GENERIC | POLYPROPYLENE_PP,3,3
NAME::ITEM_dadded5aaff1b196f706,하이비날정,ALUMINUM | PHARMA_API_GENERIC | POLYPROPYLENE_PP,3,3
NAME::ITEM_dae81926976a917d53ba,큐시미아캡슐15mg/92mg(알보젠코리아)-1캡슐,ALUMINUM | PHARMA_API_GENERIC | POLYPROPYLENE_PP,3,3
NAME::ITEM_483e18483cb92576eea7,제미로우정50/5밀리그램_(1정)((주)엘지화학)-1정,ALUMINUM | PHARMA_API_GENERIC | POLYPROPYLENE_PP,3,3
NAME::ITEM_48964e02a43207f576c6,크리스탈이부프로펜주(04g/100mL)(크리스탈생명과학(주))-100mL/병,ALUMINUM | IBUPROFEN | POLYPROPYLENE_PP,3,3
NAME::ITEM_48ab5040e7c184b06be5,리세페롤플러스정_(1정)((주)휴비스트제약)-1정,ALUMINUM | PHARMA_API_GENERIC | POLYPROPYLENE_PP,3,3
NAME::ITEM_4ad4679e6c927f2c8932,한독바클로펜정10밀리그램_(10mg/1정)((주)한독)-1정,ALUMINUM | PHARMA_API_GENERIC | POLYPROPYLENE_PP,3,3
NAME::ITEM_7df2170f5fa66ed4ecf4,올메비카정5/40밀리그램_(1정)(동국제약(주))-1정,ALUMINUM | PHARMA_API_GENERIC | POLYPROPYLENE_PP,3,3
NAME::ITEM_7e0365c49bcb30ee4007,앤세낙정(아세클로페낙)_(0.1g/1정)(한화제약(주))-1정,ACECLOFENAC | ALUMINUM | POLYPROPYLENE_PP,3,3
NAME::ITEM_7e4e7bb21d18b78ce069,싸이브렉스캡슐100mg(세레콕시브)_(0.1g/1캡슐)(한국휴텍스제약(주))-1캡슐,ALUMINUM | CELECOXIB | POLYPROPYLENE_PP,3,3
NAME::ITEM_7e9db17aad05b3f326d8,암로듀엣정5/10mg_(1정)((주)휴온스)-1정,ALUMINUM | PHARMA_API_GENERIC | POLYPROPYLENE_PP,3,3
NAME::ITEM_33017537a1637249efa8,이니스트피나스테리드정5밀리그램_(5mg/1정)(이니스트바이오제약(주))-1정,ALUMINUM | PHARMA_API_GENERIC | POLYPROPYLENE_PP,3,3
NAME::ITEM_07f85639109b8b130924,엑스원정10/160밀리그램_(1정)(에이치케이이노엔(주))-1정,ALUMINUM | PHARMA_API_GENERIC | POLYPROPYLENE_PP,3,3
NAME::ITEM_f3a85e5005489d3d7f60,훼리탑에프캡슐(일동제약)-30정,ALUMINUM | PHARMA_API_GENERIC | POLYPROPYLENE_PP,3,3
NAME::ITEM_63f48303f74e35daf9ec,콜대원키즈코프시럽(5mL)(대원제약(주))-5mL/포,ALUMINUM | PHARMA_API_GENERIC | POLYPROPYLENE_PP,3,3
NAME::ITEM_620eecbba1a32ab83f20,셀레록스캡슐100mg(세레콕시브)_(0.1g/1캡슐)((주)비보존제약)-1캡슐,ALUMINUM | CELECOXIB | POLYPROPYLENE_PP,3,3
NAME::ITEM_115c9d53dbaf468f6807,네시나액트정25/15밀리그램_(1정)((주)셀트리온제약)-1정,ALUMINUM | PHARMA_API_GENERIC | POLYPROPYLENE_PP,3,3
NAME::ITEM_22bc00cb5818571f7050,록소리스정(록소프로펜나트륨)-1정,ALUMINUM | PHARMA_API_GENERIC | POLYPROPYLENE_PP,3,3
NAME::ITEM_230e71423314cf883492,영진멜라토닌서방정2mg(영진약품),ALUMINUM | PHARMA_API_GENERIC | POLYPROPYLENE_PP,3,3
NAME::ITEM_232a41fff36ecffe58b8,안티푸라민롤파스(케토프로펜)(7X5cm2/1매)((주)유한양행)-1매,ALUMINUM | KETOPROFEN | POLYPROPYLENE_PP,3,3
NAME::ITEM_2405f67823e5e6d15783,헬리파인더캡슐(크리스탈생명과학),ALUMINUM | PHARMA_API_GENERIC | POLYPROPYLENE_PP,3,3
NAME::ITEM_a9fa4f98af1793b3385a,"페브로민-에이시럽_(0.2g,0.5g/500mL)((주)테라젠이텍스)-500(1)mL/병",ALUMINUM | PHARMA_API_GENERIC | POLYPROPYLENE_PP,3,3
NAME::ITEM_aa46341765e64f938a72,세레콕스캡슐(세레콕시브)(명문제약(주))-1캡슐,ALUMINUM | CELECOXIB | POLYPROPYLENE_PP,3,3
NAME::ITEM_a5ef03537c28d3de032f,타진서방정 5/2.5mg(한국먼디파마 유한회사)-1정,ALUMINUM | PHARMA_API_GENERIC | POLYPROPYLENE_PP,3,3
NAME::ITEM_a64176e3cfbdbffbcb03,세다큐콜드연질캡슐(1캡슐)(경남제약(주))-1캡슐,ALUMINUM | PHARMA_API_GENERIC | POLYPROPYLENE_PP,3,3
NAME::ITEM_a65a8bbd0c750cb09fcc,로수탄젯정10/10밀리그램_(1정)(동국제약(주))-1정,ALUMINUM | PHARMA_API_GENERIC | POLYPROPYLENE_PP,3,3
NAME::ITEM_a691726af286bd4c75e5,제이비카에이치씨티정5/20/12.5밀리그램_(1정)((주)비보존제약)-1정,ALUMINUM | PHARMA_API_GENERIC | POLYPROPYLENE_PP,3,3
NAME::ITEM_a6bfe6b6d143dafc217c,에제로바정10/10밀리그램_(1정)(국제약품(주))-1정,ALUMINUM | PHARMA_API_GENERIC | POLYPROPYLENE_PP,3,3
NAME::ITEM_a6f5bc426ff15d8094d7,에소듀오에스정20/700밀리그램_(1정)((주)종근당)-1정,ALUMINUM | PHARMA_API_GENERIC | POLYPROPYLENE_PP,3,3
NAME::ITEM_d8a713c5cf0a1e7e3e24,목시크라정375밀리그램_(1정)(지엘파마(주))-1정,ALUMINUM | PHARMA_API_GENERIC | POLYPROPYLENE_PP,3,3
NAME::ITEM_d8d6ff907860301f21e9,트라비트세미정_(1정)((주)씨티씨바이오)-1정,ALUMINUM | PHARMA_API_GENERIC | POLYPROPYLENE_PP,3,3
NAME::ITEM_d9535788b47ac816fef6,웰리드연질캡슐(1캡슐)((주)유한양행)-1캡슐,ALUMINUM | PHARMA_API_GENERIC | POLYPROPYLENE_PP,3,3
NAME::ITEM_da263ac326f2df31f3cd,리바로젯정4/10밀리그램_(1정)(제이더블유중외제약(주))-1정,ALUMINUM | PHARMA_API_GENERIC | POLYPROPYLENE_PP,3,3
NAME::ITEM_4483e626a7e2994b55af,신텍클로페낙정100밀리그램(아세클로페낙)_(0.1g/1정)(한국신텍스제약(주))-1정,ACECLOFENAC | ALUMINUM | POLYPROPYLENE_PP,3,3
NAME::ITEM_7c7c687cf50c6edf4334,유한아세트아미노펜연질캡슐325밀리그램(아세트아미노펜)(0325g/1캡슐)((주)유한양행)-1캡슐,ACETAMINOPHEN | ALUMINUM | POLYPROPYLENE_PP,3,3
NAME::ITEM_34bc83eef351c2874105,보노맥스플러스디정_(1정)(삼익제약(주))-1정,ALUMINUM | PHARMA_API_GENERIC | POLYPROPYLENE_PP,3,3
NAME::ITEM_3576a2d0d38793d4dcb4,마하칸정8/5밀리그램_(1정)(에이치케이이노엔(주))-1정,ALUMINUM | PHARMA_API_GENERIC | POLYPROPYLENE_PP,3,3
NAME::ITEM_3585a4d86b3003b9d4cd,카베진코와알파정(한국코와(주))-100정,ALUMINUM | PHARMA_API_GENERIC | POLYPROPYLENE_PP,3,3
NAME::ITEM_35bcc8ed62bb2836053b,세비칸정5/20밀리그램_(1정)(한국신텍스제약(주))-1정,ALUMINUM | PHARMA_API_GENERIC | POLYPROPYLENE_PP,3,3
NAME::ITEM_f44bd1f09d527924f90f,로자스크정5/100밀리그램(한국유나이티드제약(주))-1정,ALUMINUM | PHARMA_API_GENERIC | POLYPROPYLENE_PP,3,3
NAME::ITEM_f4a640c2c79f22e065aa,에스카에이치씨티정5/40/12.5밀리그램_(1정)(삼익제약(주))-1정,ALUMINUM | PHARMA_API_GENERIC | POLYPROPYLENE_PP,3,3
NAME::ITEM_0f99d546d788ddded5ea,셀레비카정5/40밀리그램_(1정)((주)셀트리온제약)-1정,ALUMINUM | PHARMA_API_GENERIC | POLYPROPYLENE_PP,3,3
NAME::ITEM_0fa19790ac0d320efc28,자이데나정50mg(동아제약),ALUMINUM | PHARMA_API_GENERIC | POLYPROPYLENE_PP,3,3
NAME::ITEM_0fd553eeb5fe7b7a8299,아크로신정(아세클로페낙)_(0.1g/1정)(에스케이케미칼(주))-1정,ACECLOFENAC | ALUMINUM | POLYPROPYLENE_PP,3,3
NAME::ITEM_100dcd1e3be5de4dbb07,임산부영양제(건강기능식품) | 임산부종합영양제 | 임산부철분제,IRON_MINERAL_COMPOUND | VITAMIN_SYNTHETIC_RAWMATERIAL,2,3
NAME::ITEM_10351eda8a51c3a68ea3,케토톱엘플라스타(한독),ALUMINUM | KETOPROFEN | POLYPROPYLENE_PP,3,3
NAME::ITEM_107655d2271ea2e43db4,아에제정10/10밀리그램_(1정)(대웅바이오(주))-1정,ALUMINUM | PHARMA_API_GENERIC | POLYPROPYLENE_PP,3,3
NAME::ITEM_dbc3cdae7eba3182011e,듀오포지정5/160밀리그램((주)유영제약)-1정,ALUMINUM | PHARMA_API_GENERIC | POLYPROPYLENE_PP,3,3
NAME::ITEM_45cd65790223e4204cd1,액토핀메트정15/850밀리그램_(1정)(영풍제약(주))-1정,ALUMINUM | PHARMA_API_GENERIC | POLYPROPYLENE_PP,3,3
NAME::ITEM_7b21da9e02b54906c49e,인토젯정10/20밀리그램_(1정)((주)인트로바이오파마)-1정,ALUMINUM | PHARMA_API_GENERIC | POLYPROPYLENE_PP,3,3
NAME::ITEM_7b7868fa64d0c3d51004,현대가바펜틴캡슐100밀리그램_(0.1g/1캡슐)(현대약품(주))-1캡슐,ALUMINUM | PHARMA_API_GENERIC | POLYPROPYLENE_PP,3,3
NAME::ITEM_7ba4b9cc16864fd5e2f4,경보카르베딜롤정((주)경보제약)-1정,ALUMINUM | PHARMA_API_GENERIC | POLYPROPYLENE_PP,3,3
NAME::ITEM_df396b4c6f468dd2c263,베아로탄플러스정_(1정)(대웅바이오(주))-1정,ALUMINUM | PHARMA_API_GENERIC | POLYPROPYLENE_PP,3,3
NAME::ITEM_dfb7d5d90237ccbefd6a,타바로젯정2/10밀리그램_(1정)(대원제약(주))-1정,ALUMINUM | PHARMA_API_GENERIC | POLYPROPYLENE_PP,3,3
NAME::ITEM_0e846ee238e8d70a28d7,다파메트서방정10/500밀리그램_(1정)(경동제약(주))-1정,ALUMINUM | PHARMA_API_GENERIC | POLYPROPYLENE_PP,3,3
NAME::ITEM_0ecf8dcad68784694e98,가다실[인유두종바이러스4가]-0.5mL | 가다실프리필드시린지[인유두종바이러스4가(6111618형)백신(유전자재조합)](05mL)(한국엠에스디(주))-0.5mL/관 | 지자체사업-가다실프리필드시린지[인유두종4가],MATERIAL_UNSPECIFIED | PHARMA_API_GENERIC,2,3
NAME::ITEM_dc3ae44537eb945dcb5c,데노넥스주(아세트아미노펜)(1g/100mL)(영진약품(주))-100mL/백,ACETAMINOPHEN | ALUMINUM | POLYPROPYLENE_PP,3,3
NAME::ITEM_dc41cd3e6fd2cded4bf5,텔미칸플러스정40/12.5밀리그램(제일약품(주))-1정,ALUMINUM | PHARMA_API_GENERIC | POLYPROPYLENE_PP,3,3
NAME::ITEM_dd701cdb415cadf50154,록소핀정(록소프로펜나트륨)_(68.1mg/1정)((유)한풍제약)-1정,ALUMINUM | LOXOPROFEN | POLYPROPYLENE_PP,3,3
NAME::ITEM_ddef915e7bcddb76c703,출산축하용품 | 출산축하용품(고막체온계),ELECTRONIC_DEVICE_COMPONENT | MATERIAL_UNSPECIFIED,2,3
NAME::ITEM_e3fcbe20ae0df51bda52,엑스브이정5/80밀리그램(광동제약(주))-1정,ALUMINUM | PHARMA_API_GENERIC | POLYPROPYLENE_PP,3,3
NAME::ITEM_e423818afd8d72a93e61,아토스타젯정10/40밀리그램_(1정)(동화약품(주))-1정,ALUMINUM | PHARMA_API_GENERIC | POLYPROPYLENE_PP,3,3
NAME::ITEM_e4940258a2d585cd094b,레일라디에스정_(1정)((주)한국피엠지제약)-1정,ALUMINUM | PHARMA_API_GENERIC | POLYPROPYLENE_PP,3,3
NAME::ITEM_e4c31e7a1c832227fa0d,콘로인캅셀(삼진제약),ALUMINUM | PHARMA_API_GENERIC | POLYPROPYLENE_PP,3,3
NAME::ITEM_e518b550e056058161b9,베아로탄플러스에프정(대웅바이오(주))-1정,ALUMINUM | PHARMA_API_GENERIC | POLYPROPYLENE_PP,3,3
NAME::ITEM_7c8ec5a5f361bc8c9dcb,애드빌리퀴겔연질캡슐(이부프로펜)(02g/1캡슐)((주)글락소스미스)-1캡슐,ALUMINUM | IBUPROFEN | POLYPROPYLENE_PP,3,3
NAME::ITEM_e297d3296cdc15efc8cd,네리막스정(성진제약)-1정,ALUMINUM | PHARMA_API_GENERIC | POLYPROPYLENE_PP,3,3
NAME::ITEM_0034e42ae62d0e58ce2f,로페린캅셀(한국얀센)-1캅셀,ALUMINUM | PHARMA_API_GENERIC | POLYPROPYLENE_PP,3,3
NAME::ITEM_ff923de23849ccf89082,수프렙미니에스정(태준제약),ALUMINUM | PHARMA_API_GENERIC | POLYPROPYLENE_PP,3,3
NAME::ITEM_49701485087e56693b27,아세타펜주(아세트아미노펜)(1g/100mL)(제이더블유생명과학(주))-100mL/백,ACETAMINOPHEN | ALUMINUM | POLYPROPYLENE_PP,3,3
NAME::ITEM_01e5c2c2b0ad4a5a6389,(이동)트레스탄캡슐,ALUMINUM | PHARMA_API_GENERIC | POLYPROPYLENE_PP,3,3
NAME::ITEM_0277c62343ffee369c88,아바젯정10/20밀리그램_(1정)(위더스제약(주))-1정,ALUMINUM | PHARMA_API_GENERIC | POLYPROPYLENE_PP,3,3
NAME::ITEM_02a8c726915c51cfcb97,엔슬림정(조아제약),ALUMINUM | PHARMA_API_GENERIC | POLYPROPYLENE_PP,3,3
NAME::ITEM_03011e1c376469214dc4,자누리틴콤비서방정50/750 밀리그램_(1정)(대원제약(주))-1정,ALUMINUM | PHARMA_API_GENERIC | POLYPROPYLENE_PP,3,3
NAME::ITEM_56be889b18b3f851b07a,트라세펜정(미래제약(주))-1정,ALUMINUM | PHARMA_API_GENERIC | POLYPROPYLENE_PP,3,3
NAME::ITEM_fe6ce4e3053eb25c9e4e,바이탈씨에프정(1정)((주)유한양행)-1정,ALUMINUM | PHARMA_API_GENERIC | POLYPROPYLENE_PP,3,3
NAME::ITEM_630aa0a97b903dac436f,트라펜서방정(명문제약(주))-1정,ALUMINUM | PHARMA_API_GENERIC | POLYPROPYLENE_PP,3,3
NAME::ITEM_633892b403c28499ce8d,코리투살에프시럽(이부프로펜)(2g/100mL)(부광약품(주))-100mL/병,ALUMINUM | IBUPROFEN | POLYPROPYLENE_PP,3,3
NAME::ITEM_636a46d92bf0067e16af,네시나메트정12.5/1000밀리그램_(1정)((주)셀트리온제약)-1정,ALUMINUM | PHARMA_API_GENERIC | POLYPROPYLENE_PP,3,3
NAME::ITEM_fde805494d4aafb134a9,글루코바이정 50mg(한독약품)-1정(원내약),ALUMINUM | PHARMA_API_GENERIC | POLYPROPYLENE_PP,3,3
NAME::ITEM_7c9190a7246dbada63ac,라비에트듀오정20/500밀리그램_(1정)(일동제약(주))-1정,ALUMINUM | PHARMA_API_GENERIC | POLYPROPYLENE_PP,3,3
NAME::ITEM_56691ad226eeffa9f6cd,투비카정5/20밀리그램_(1정)(건일바이오팜주식회사)-1정,ALUMINUM | PHARMA_API_GENERIC | POLYPROPYLENE_PP,3,3
NAME::ITEM_569ac75e25282f91b877,원트라셋세미정_(1정)(엔비케이제약(주))-1정,ALUMINUM | PHARMA_API_GENERIC | POLYPROPYLENE_PP,3,3
NAME::ITEM_56a01b335904d06764ac,알레론플러스디정_(1정)(에이치엘비제약(주))-1정,ALUMINUM | PHARMA_API_GENERIC | POLYPROPYLENE_PP,3,3
NAME::ITEM_0318f40d3d3ede107544,임산부영양제(건강기능식품) | 임산부종합영양제 | 임산부철분제,IRON_MINERAL_COMPOUND | VITAMIN_SYNTHETIC_RAWMATERIAL,2,3
NAME::ITEM_011b3a45de2292dbc39a,지세트프러스정((주)마더스제약)-1정,ALUMINUM | PHARMA_API_GENERIC | POLYPROPYLENE_PP,3,3
NAME::ITEM_0120b28847657c38c9be,아세돌정_(1정)((주)이든파마)-1정,ALUMINUM | PHARMA_API_GENERIC | POLYPROPYLENE_PP,3,3
NAME::ITEM_fe5d3061568e96223674,훼리맘큐연질캡슐(광동제약) 700mg,ALUMINUM | PHARMA_API_GENERIC | POLYPROPYLENE_PP,3,3
NAME::ITEM_fcc20a4cfcae1db0ba79,로메탄정5/40밀리그램_(1정)(주식회사제뉴원사이언스)-1정,ALUMINUM | PHARMA_API_GENERIC | POLYPROPYLENE_PP,3,3
NAME::ITEM_fd58cfc884c5a57d6d1d,아이스타정40/10mg_(1정)((주)인트로팜텍)-1정,ALUMINUM | PHARMA_API_GENERIC | POLYPROPYLENE_PP,3,3
NAME::ITEM_0f1e61138c867779006d,기가제로연질캡슐(1캡슐)(코스맥스파마(주))-1캡슐,ALUMINUM | PHARMA_API_GENERIC | POLYPROPYLENE_PP,3,3
NAME::ITEM_0f4226db93605010c8ed,올멕플러스정20/12.5밀리그램((주)중외제약)-1정,ALUMINUM | PHARMA_API_GENERIC | POLYPROPYLENE_PP,3,3
NAME::ITEM_dfc88f123c850f26be10,자누맥스엠정50/1000밀리그램_(1정)(삼익제약(주))-1정,ALUMINUM | PHARMA_API_GENERIC | POLYPROPYLENE_PP,3,3
NAME::ITEM_e17bd729cbf28a2ba3b4,엠티정(명문제약(주)),ALUMINUM | PHARMA_API_GENERIC | POLYPROPYLENE_PP,3,3
NAME::ITEM_dec5d1688e5272a80196,리메트폴정2/500밀리그램_(1정)((주)마더스제약)-1정,ALUMINUM | PHARMA_API_GENERIC | POLYPROPYLENE_PP,3,3
NAME::ITEM_def9e716bfc8c18ef329,"이텍스이부프로펜정400mg(수출명:IPRO,ILJINIBUPROPENTabs.)_(0.4g/1정)((주)테라젠이텍스)-1정",ALUMINUM | IBUPROFEN | POLYPROPYLENE_PP,3,3
NAME::ITEM_defaad11b1e5d9afacb6,아르바젯정10/10밀리그램_(1정)(알리코제약(주))-1정,ALUMINUM | PHARMA_API_GENERIC | POLYPROPYLENE_PP,3,3
NAME::ITEM_fbb01003a1ecf400423a,유코졸캡슐50밀리그램(플루코나졸)_(50mg/1캡슐)(진양제약(주))-1캡슐,FLUCONAZOLE | PARAFFIN_PETROLEUM,2,2
NAME::ITEM_fa6e959c0c316f74c636,아토베리어로션MD300g((주)에스트),PARAFFIN_PETROLEUM | SKINCARE_COSMETIC_TOPICAL,2,2
NAME::ITEM_5c9dae50965fe6d34991,소아인플루엔자(0.5ml)무료,BIOLOGICS_CELL_CULTURE | LIPID_NANOPARTICLE,2,2
NAME::ITEM_40ed641388d2683e2d7a,티티베크림 10g,PARAFFIN_PETROLEUM | PHARMA_API_GENERIC,2,2
NAME::ITEM_409b5566265264f65e9c,알지나액(알긴산나트륨)_(1.25g/25mL)((주)이든파마)-25mL/포,GLUCOSE_CORNSTARCH | SODIUM_CHLORIDE,2,2
NAME::ITEM_4072817cbe968f5468cc,인플루엔자 0.5ml(현장대응요원),BIOLOGICS_CELL_CULTURE | LIPID_NANOPARTICLE,2,2
NAME::ITEM_4038eff2560214c32917,B형간염(만11세이하),BIOLOGICS_CELL_CULTURE | LIPID_NANOPARTICLE,2,2
NAME::ITEM_5dd9a99da9233e544681,토바신디점안액(수출명:유니토바디점안액)_(0.3mL)(유니메드제약(주))-0.3mL/관,PARAFFIN_PETROLEUM | PHARMA_API_GENERIC,2,2
NAME::ITEM_5d7c29ccadbd445623e6,코디케어로션2.5%(히드로코르티손)_(1.25g/50g)((주)동구바이오제약)-50g/병,HYDROCORTISONE | PARAFFIN_PETROLEUM,2,2
NAME::ITEM_5f3e25be4622c373cff5,수드레싱 5*10 | 수밴드,COTTON_FIBER | MEDICAL_SUPPLY_PLASTIC_GENERIC,2,2
NAME::ITEM_5eec952c71145710a8b3,비타그란 비타민C(동아제약) | 비타민(암환자),VITAMIN_C | VITAMIN_SYNTHETIC_RAWMATERIAL,2,2
NAME::ITEM_41227ce78c8f915d3a2a,메가메솔론정(메틸프레드니솔론)_(4mg/1정)((주)엘앤씨바이오)-1정,METHYLPREDNISOLONE | PARAFFIN_PETROLEUM,2,2
NAME::ITEM_61089c3ed3d22a218dfa,에프벡스한방카타플라스마(1매)(제2형)(부광약품(주))-1매,PARAFFIN_PETROLEUM | PHARMA_API_GENERIC,2,2
NAME::ITEM_606665c82d43ffb4b5d8,"토바신디점안액(수출명:유니토바디점안액)_(0.5mg,1.5mg/0.5mL)(유니메드제약(주))-0.5mL/관",PARAFFIN_PETROLEUM | PHARMA_API_GENERIC,2,2
NAME::ITEM_402b25288fbf6a4e1736,쎄레손크림(30g)(경남제약(주))-30g/개,PARAFFIN_PETROLEUM | PHARMA_API_GENERIC,2,2
NAME::ITEM_3fb042a74b0c48ce6053,(제일약품)크라비트주-100mL/병 | 크라비트주(레보플록사신)_(0.5g/100mL)(제일약품(주))-100mL/병,LEVOFLOXACIN | PHARMA_API_GENERIC,2,2
NAME::ITEM_d39ac9aa70076369c9ec,대봉백색바셀린(대봉엘에스),PARAFFIN_PETROLEUM | PHARMA_API_GENERIC,2,2
NAME::ITEM_0d15689ff109e6e37607,중외5%포도당주사액 500밀리리터(제이더블유중외제약(주))-500mL/병,GLUCOSE_CORNSTARCH | SODIUM_CHLORIDE,2,2
NAME::ITEM_e5e322a7f235d0848264,"네오덤크림(수출명:더마신크림)_(0.288g,4.5g,0.45g/450g)(태극제약(주))-450g/병",BETAMETHASONE_CLOTRIMAZOLE_GENTAMICIN | PARAFFIN_PETROLEUM,2,2
NAME::ITEM_d6d5e133819b95b0d580,인플루엔자 0.5ml(현장대응요원),BIOLOGICS_CELL_CULTURE | LIPID_NANOPARTICLE,2,2
NAME::ITEM_d61f92956f291afdb743,중외5%포도당주사액 200밀리리터(제이더블유중외제약(주))-200mL/병,GLUCOSE_CORNSTARCH | SODIUM_CHLORIDE,2,2
NAME::ITEM_d5e5b648076741f5957a,로실크림(염산테르비나핀)(비알엔사이언스(주))-1g,PARAFFIN_PETROLEUM | TERBINAFINE,2,2
NAME::ITEM_d5d1cf75f6ea9d3773b6,다우제큐정(미래제약(주)),MICROBIAL_FUNGAL_ENZYME | PANCREATIN_ANIMAL_ENZYME,2,2
NAME::ITEM_d5c254fc2e49cda73641,슈퍼포아(9*15),ACRYLIC_ADHESIVE | NONWOVEN_FABRIC_SPUNBOND,2,2
NAME::ITEM_129514a65661b0a4752c,"디겐타안연고_(4mg,12mg/4g)(한림제약(주))-4g/개",PARAFFIN_PETROLEUM | PHARMA_API_GENERIC,2,2
NAME::ITEM_4b0aba7735edaea87a92,아크로빈크림(아시클로버)_(0.25g/5g)(에스케이케미칼(주))-5g/개,ACYCLOVIR | PARAFFIN_PETROLEUM,2,2
NAME::ITEM_d8524a0b3641d19ea0bf,중외엔에스주사액(염화나트륨)(제이더블유생명과학(주))-50mL/백,GLUCOSE_CORNSTARCH | SODIUM_CHLORIDE,2,2
NAME::ITEM_dacb15a501cfd4b9e549,알보젠알마게이트정(알보젠코리아(주))-1정,ALUMINUM_HYDROXIDE_MINERAL | MAGNESIUM_HYDROXIDE_MINERAL,2,2
NAME::ITEM_dab1e23976e15ec443c4,중외50%포도당주사액 500밀리리터(제이더블유중외제약(주))-500mL/백,GLUCOSE_CORNSTARCH | SODIUM_CHLORIDE,2,2
NAME::ITEM_da51911ef0b107b8cc79,네젤렉스나잘스프레이(모메타손푸로에이트)(대원제약(주))-140dose/통,MOMETASONE_FUROATE | PARAFFIN_PETROLEUM,2,2
NAME::ITEM_da1bf074992dcd6021f6,피알디현탁시럽0.3%(프레드니솔론)_(1.5g/500mL)(한림제약(주))-500(1)mL/병,PARAFFIN_PETROLEUM | PREDNISOLONE,2,2
NAME::ITEM_0fff77fe455e60712f30,아시클린정200밀리그램(아시클로버)_(0.2g/1정)(대웅바이오(주))-1정,ACYCLOVIR | PARAFFIN_PETROLEUM,2,2
NAME::ITEM_ccb081eab7a30db94f43,하이로손로션2.5%(히드로코르티손)_(0.5g/20g)(태극제약(주))-20g/병,HYDROCORTISONE | PARAFFIN_PETROLEUM,2,2
NAME::ITEM_e76b8f753d64fe51ce99,프로토픽연고0.03%(레오파마(유))-30g/개,PARAFFIN_PETROLEUM | PHARMA_API_GENERIC,2,2
NAME::ITEM_4d413555e96873f47ae3,비디엔주-1ml/앰플 | 비타민D비오엔주,PHARMA_API_GENERIC | VITAMIN_SYNTHETIC_RAWMATERIAL,2,2
NAME::ITEM_4c7833220524218aa6d0,잘나겔정(알마게이트)_(0.5g/1정)(한국휴텍스제약(주))-1정,ALUMINUM_HYDROXIDE_MINERAL | MAGNESIUM_HYDROXIDE_MINERAL,2,2
NAME::ITEM_4bfa50b7c6c06cfd8321,아네스크림-5g,PARAFFIN_PETROLEUM | PHARMA_API_GENERIC,2,2
NAME::ITEM_4be2d5722817e0e680ec,경남아시클로버크림(아시클로버)(025g/5g)(경남제약(주))-5g/개,ACYCLOVIR | PARAFFIN_PETROLEUM,2,2
NAME::ITEM_13d5d8346746a931459d,라미실외용액(테르비나핀염산염)_(0.3g/30mL)(지피테라퓨틱스코리아주식회사)-30mL/병,PARAFFIN_PETROLEUM | TERBINAFINE,2,2
NAME::ITEM_cf2ee0343ac98be1e707,덱스파놀연고(태극약품공업)-1g,PARAFFIN_PETROLEUM | PHARMA_API_GENERIC,2,2
NAME::ITEM_cee600e8e38db1c33a56,인스틸라젤겔(11mL)(제일메딕스약품)-11mL/관,ACRYLIC_ADHESIVE | NONWOVEN_FABRIC_SPUNBOND,2,2
NAME::ITEM_14e31117280ef412a975,"세레나크림(수출명:콤비겐크림)_(9.6mg,0.15g,15mg/15g)(진양제약(주))-15g/개",PARAFFIN_PETROLEUM | PHARMA_API_GENERIC,2,2
NAME::ITEM_14d5e4597cc026e98ed2,한방수카타플라스마(10X14cm2/1매)((주)녹십자)-1매,PARAFFIN_PETROLEUM | PHARMA_API_GENERIC,2,2
NAME::ITEM_d2cbe6b9a854fd81fc43,마그엠정(알마게이트)_(0.5g/1정)((주)마더스제약)-1정,ALUMINUM_HYDROXIDE_MINERAL | MAGNESIUM_HYDROXIDE_MINERAL,2,2
NAME::ITEM_d1dcef1ffbd6eb42451e,중외덱사메타손주(덱사메타손디나트륨인산염)(제이더블유중외제약(주))-1mL/앰플,DEXAMETHASONE | PARAFFIN_PETROLEUM,2,2
NAME::ITEM_13183d8e2f18658eb01c,이트코젠정(이트라코나졸고체분산체)_(0.253g/1정)((주)뉴젠팜)-1정,ITRACONAZOLE | PARAFFIN_PETROLEUM,2,2
NAME::ITEM_d2f57f533e834c909b13,발무드겔(테르비나핀)_(0.2g/20g)((주)동구바이오제약)-20g/개,PARAFFIN_PETROLEUM | TERBINAFINE,2,2
NAME::ITEM_d4c912c321c884e1d649,더마폴론로션0.25%(프레드니카르베이트)_(50mg/20g)(대웅바이오(주))-20g/개,PARAFFIN_PETROLEUM | PREDNICARBATE,2,2
NAME::ITEM_e85dc66c61998da46ee7,래반포르테주입크림,PARAFFIN_PETROLEUM | PHARMA_API_GENERIC,2,2
NAME::ITEM_e846e62c698946227b04,스폴론정(메틸프레드니솔론)_(4mg/1정)(경동제약(주))-1정,METHYLPREDNISOLONE | PARAFFIN_PETROLEUM,2,2
NAME::ITEM_e82eb5bb479deeb599f4,프로솔연고(클로베타솔프로피오네이트)_(0.225g/450g)(한국콜마(주))-450g/병,CLOBETASOL_PROPIONATE | PARAFFIN_PETROLEUM,2,2
NAME::ITEM_c4273e1a709af9e1e6a0,알마겔현탁액-15ml,ALUMINUM_HYDROXIDE_MINERAL | MAGNESIUM_HYDROXIDE_MINERAL,2,2
NAME::ITEM_c40f71d988c13539e760,더이트라정(이트라코나졸)_(0.1g/1정)((주)마더스제약)-1정,ITRACONAZOLE | PARAFFIN_PETROLEUM,2,2
NAME::ITEM_c64e8596c1c4f24a4af4,B형간염1ml (투석환자),BIOLOGICS_CELL_CULTURE | LIPID_NANOPARTICLE,2,2
NAME::ITEM_c53f321d9db8b6a9f5ba,오메크린크림(대웅제약),PARAFFIN_PETROLEUM | PHARMA_API_GENERIC,2,2
NAME::ITEM_17665a9699d5fb29595a,애크논크림 13g,PARAFFIN_PETROLEUM | PHARMA_API_GENERIC,2,2
NAME::ITEM_c8f4b3f12ddcfa767cb6,현대아시클로버크림 5g,ACYCLOVIR | PARAFFIN_PETROLEUM,2,2
NAME::ITEM_cad6c16017f4608f7901,플루코졸캡슐50밀리그램(플루코나졸)_(50mg/1캡슐)(동국제약(주))-1캡슐,FLUCONAZOLE | PARAFFIN_PETROLEUM,2,2
NAME::ITEM_1590400a6b06c5d2efe9,쓰리엠애바가드9250핸드럽외용액(한국쓰리엠)-1ml(산정불가),PARAFFIN_PETROLEUM | PHARMA_API_GENERIC,2,2
NAME::ITEM_ca459a481a55cd748277,베스타제포르테정(동아제약)-1정,MICROBIAL_FUNGAL_ENZYME | PANCREATIN_ANIMAL_ENZYME,2,2
NAME::ITEM_cbf37a7e9d0d06e17e34,프레드포르테점안액(프레드니솔론아세테이트)_(50mg/5mL)(한국애브비(주))-5mL/병,PARAFFIN_PETROLEUM | PREDNISOLONE,2,2
NAME::ITEM_caf0cc426aa9e0cee563,락티케어에취씨로션1%(히드로코르티손)_(1.18g/118mL)((주)한국파마)-118mL/병,HYDROCORTISONE | PARAFFIN_PETROLEUM,2,2
NAME::ITEM_cea9d7de27f77c879011,대한멸균생리식염수200밀리리터(생리식염주사액)(대한약품공업(주))-200mL/백,GLUCOSE_CORNSTARCH | SODIUM_CHLORIDE,2,2
NAME::ITEM_cd03787a1468608dcad2,더모베이트액(클로베타솔프로피오네이트)_(25mg/50mL)((주)글락소스미스클라인)-50mL/통,CLOBETASOL_PROPIONATE | PARAFFIN_PETROLEUM,2,2
NAME::ITEM_be60470b47c497708706,플루카졸캡슐50밀리그램(플루코나졸)((주)일화)-1캡슐,FLUCONAZOLE | PARAFFIN_PETROLEUM,2,2
NAME::ITEM_4aa7432750cf2f58ec6f,버물리플라스타(1매)(현대약품(주))-1매,INSECT_BITE_TOPICAL_UNCONFIRMED | PARAFFIN_PETROLEUM,2,2
NAME::ITEM_4a61ecdac13594e71d60,엠라5%크림(한국아스트라제네카)-1g(산정불가),PARAFFIN_PETROLEUM | PHARMA_API_GENERIC,2,2
NAME::ITEM_4a5fba750e63b26dba86,뷰티네일라카(아모롤핀염산염)_(0.2787g/5mL)(한국휴텍스제약(주))-5mL/병,AMOROLFINE | PARAFFIN_PETROLEUM,2,2
NAME::ITEM_49a9a1243e09c226bf27,신신퍼메트린크림(15g/30g)(신신제약(주))-30g/개,PARAFFIN_PETROLEUM | PHARMA_API_GENERIC,2,2
NAME::ITEM_befa891091eac65d9b91,"후루손플러스점안액_(6mg,1.5mg/6mL)(대우제약(주))-6mL/병",PARAFFIN_PETROLEUM | PHARMA_API_GENERIC,2,2
NAME::ITEM_c1f88b5fa3b2301e343f,루나졸캡슐(플루코나졸)(콜마파마(주))-1캡슐,FLUCONAZOLE | PARAFFIN_PETROLEUM,2,2
NAME::ITEM_c1b815883cb5c91179a8,디프루졸캡슐150mg(플루코나졸)_(0.15g/1캡슐)((주)뉴젠팜)-1캡슐,FLUCONAZOLE | PARAFFIN_PETROLEUM,2,2
NAME::ITEM_c1b4eb6993fea8998d18,일본뇌염(세포배양),BIOLOGICS_CELL_CULTURE | LIPID_NANOPARTICLE,2,2
NAME::ITEM_c1294322f678269fcd53,슈퍼포아(6*9),ACRYLIC_ADHESIVE | NONWOVEN_FABRIC_SPUNBOND,2,2
NAME::ITEM_c0f9e22c51cb31fae472,플러비카타플라스마(영진약품공업),PARAFFIN_PETROLEUM | PHARMA_API_GENERIC,2,2
NAME::ITEM_4d926de8401aa80f60ba,토피크로연고0.03%(타크로리무스수화물)_(9mg/30g)(코오롱제약(주))-30g/개,PARAFFIN_PETROLEUM | TACROLIMUS,2,2
NAME::ITEM_4d832baffb13d3b8f2dc,맨덤쿨로션(신신제약)-1ml,PARAFFIN_PETROLEUM | PHARMA_API_GENERIC,2,2
NAME::ITEM_467cbe3bd884618d98b3,대한하트만덱스주사액 1000밀리리터(대한약품공업(주))-1000mL/백,GLUCOSE_CORNSTARCH | SODIUM_CHLORIDE,2,2
NAME::ITEM_c35a1968a3edc0a13977,B형간염(만11세이상),BIOLOGICS_CELL_CULTURE | LIPID_NANOPARTICLE,2,2
NAME::ITEM_c2bb517b98a9179ac1a5,모메씨티나잘스프레이액(모메타손푸로에이트)_(7mg/140회)((주)씨티씨바이오)-140회/통,MOMETASONE_FUROATE | PARAFFIN_PETROLEUM,2,2
NAME::ITEM_b80f2a1be12bf1b5ccfd,임팩트 멀티비타민(대원제약),REFINED_SUGAR | SYNTHETIC_GUM_BASE,2,2
NAME::ITEM_ea7a8b69d06e5fc8841d,스카이셀플루프리필드시린지(세포배양인플루엔자표면항원백신)(05mL)(에스케이바이오사이언스(주))-0.5mL/관,BIOLOGICS_CELL_CULTURE | LIPID_NANOPARTICLE,2,2
NAME::ITEM_b97832d164c8b8316307,유센스질크림(한국팜비오)-gm,PARAFFIN_PETROLEUM | PHARMA_API_GENERIC,2,2
NAME::ITEM_b95aed1a5ac76e0afe1d,피지오겔 프로 인텐시브 MD 로션 200ml (BM5000DR),PARAFFIN_PETROLEUM | PHARMA_API_GENERIC,2,2
NAME::ITEM_b8f787bcc180734e0a83,대한염화나트륨포도당주사액(1-2) 500밀리리터(대한약품공업(주))-500mL/백,GLUCOSE_CORNSTARCH | SODIUM_CHLORIDE,2,2
NAME::ITEM_b8f4cacb53ce7bfd5074,제로이드크림 80ml,PARAFFIN_PETROLEUM | SKINCARE_COSMETIC_TOPICAL,2,2
NAME::ITEM_b87483f5a0ef0c8be38e,한방활생카타플라스마(1매)(동광제약(주))-1매,PARAFFIN_PETROLEUM | PHARMA_API_GENERIC,2,2
NAME::ITEM_1eab6962d679289ee788,디코나졸캡슐50mg(플루코나졸)((주)동구제약)-1캡슐,FLUCONAZOLE | PARAFFIN_PETROLEUM,2,2
NAME::ITEM_bafb3abf650d80244453,스카이지겔 플러스 7g,PARAFFIN_PETROLEUM | PHARMA_API_GENERIC,2,2
NAME::ITEM_bb0e9195ef15d007a963,일본뇌염(1ml)영유아,BIOLOGICS_CELL_CULTURE | LIPID_NANOPARTICLE,2,2
NAME::ITEM_1d70d7c7204842917ed7,푸나졸엠정150mg(플루코나졸)_(0.15g/1정)((주)마더스제약)-1정,FLUCONAZOLE | PARAFFIN_PETROLEUM,2,2
NAME::ITEM_1cfd3d1f67a9bad4d2dc,베스톱크림(프레드니카르베이트)_(37.5mg/15g)(오스틴제약(주))-15g/개,PARAFFIN_PETROLEUM | PREDNICARBATE,2,2
NAME::ITEM_bda3a3d718b1ce0ab25e,더모케어로오숀2.5%(히드로코르티손)_(1.25g/50mL)((주)나노팜)-50mL/개,HYDROCORTISONE | PARAFFIN_PETROLEUM,2,2
NAME::ITEM_bd1adc3213d2ad9b0885,우리큐탄연질캡슐(이소트레티노인)_(10mg/1캡슐)((주)팜젠사이언스)-1캡슐,ISOTRETINOIN | PARAFFIN_PETROLEUM,2,2
NAME::ITEM_1b7398745a24f9de8c89,임산부 영양제 03 | 임산부자동차표지,MIXED_MATERIAL_NOT_SINGLE | VITAMIN_SYNTHETIC_RAWMATERIAL,2,2
NAME::ITEM_bea760890ea500d77265,발트렉스 500mg | 발트렉스정500밀리그램(발라시클로비르염산염)_(0.556g/1정)((주)글락소스미스클라인)-1정,MATERIAL_UNSPECIFIED | VALACYCLOVIR,2,2
NAME::ITEM_b2f96fd8a140cbc2e22e,"코반 2""(0.5ea)",NATURAL_RUBBER_LATEX | NONWOVEN_FABRIC_SPUNBOND,2,2
NAME::ITEM_0a136c44202ee4529899,더미소론로션(프레드니카르베이트)_(50mg/20g)(제이더블유중외신약(주))-20g/병,PARAFFIN_PETROLEUM | PREDNICARBATE,2,2
NAME::ITEM_ed0ed9ccc64fce4b5651,바스포연고(10g)((주)녹십자)-10g/개,PARAFFIN_PETROLEUM | PHARMA_API_GENERIC,2,2
NAME::ITEM_ecd223d9265708122bdf,아이리스점안액(15mL)(삼천당제약(주))-15mL/병,PARAFFIN_PETROLEUM | PHARMA_API_GENERIC,2,2
NAME::ITEM_ecb12ec5cca723caf7d1,모아쿨점안액(15mL)(태극제약(주))-15mL/병,PARAFFIN_PETROLEUM | PHARMA_API_GENERIC,2,2
NAME::ITEM_2030c9a3621dd04d3eb1,B형간염(0.5mL 무료),BIOLOGICS_CELL_CULTURE | LIPID_NANOPARTICLE,2,2
NAME::ITEM_2028c430b7d36c852842,"엘린플러스크림_(0.3g,0.3g/30g)(태극제약(주))-30g/개",CLOTRIMAZOLE | PARAFFIN_PETROLEUM,2,2
NAME::ITEM_1f7a91f1dd5914aa5c55,이노엔5%포도당주사액_(50g/1000mL)(에이치케이이노엔(주))-1000mL/백,GLUCOSE_CORNSTARCH | SODIUM_CHLORIDE,2,2
NAME::ITEM_b46bca7ccfa8ffc7991e,롤핀네일라카(아모롤핀염산염)_(0.25g/5mL)((주)일화)-5mL/병,AMOROLFINE | PARAFFIN_PETROLEUM,2,2
NAME::ITEM_4fa19073e60ef448d916,박트로반연고(무피로신)_(0.2g/10g)(한올바이오파마(주))-10g/개,MUPIROCIN | PARAFFIN_PETROLEUM,2,2
NAME::ITEM_4e80dabdd5f7190440d0,명문펜타닐패취12μg/h(펜타닐)_5.25cm2(명문제약(주))-1매,PARAFFIN_PETROLEUM | PHARMA_API_GENERIC,2,2
NAME::ITEM_b5233147190c3d873a1b,B형간염성인(1mL유료),BIOLOGICS_CELL_CULTURE | LIPID_NANOPARTICLE,2,2
NAME::ITEM_b63bda1ef4d9711b98e9,아토베리어크림MD160g((주)에스트),PARAFFIN_PETROLEUM | SKINCARE_COSMETIC_TOPICAL,2,2
NAME::ITEM_1e0621db837d1ed02986,비디엔주-1ml/앰플 | 비타민D비오엔주,PHARMA_API_GENERIC | VITAMIN_SYNTHETIC_RAWMATERIAL,2,2
NAME::ITEM_1dca3bce9733df1748c9,대한포도당주사액(5%) 50밀리리터(대한약품공업(주))-50mL/병,GLUCOSE_CORNSTARCH | SODIUM_CHLORIDE,2,2
NAME::ITEM_b828ffd54bfd604cbb56,글로베타메타손주(베타메타손포스페이트나트륨)((주)한국글로벌제약)-1mL/앰플,BETAMETHASONE | PARAFFIN_PETROLEUM,2,2
NAME::ITEM_a7a0e2c5a1ca7b210118,대한젖산나트륨염화나트륨포도당주사액(1-2-3)(대한약품공업(주))-500mL/백,GLUCOSE_CORNSTARCH | SODIUM_CHLORIDE,2,2
NAME::ITEM_edbabab09dc481d06a50,아이나졸캡슐(플루코나졸)_(50mg/1캡슐)((주)인트로바이오파마)-1캡슐,FLUCONAZOLE | PARAFFIN_PETROLEUM,2,2
NAME::ITEM_0b2c039bc052ec14396f,스토린액(알긴산나트륨)_(1.25g/25mL)((주)일화)-25mL/포,GLUCOSE_CORNSTARCH | SODIUM_CHLORIDE,2,2
NAME::ITEM_aa2598e828242ad3f78a,카네스텐질정 500mg - 1정,CLOTRIMAZOLE | PARAFFIN_PETROLEUM,2,2
NAME::ITEM_a866e3ec086768c9aa08,라벤다크림_(500g)((주)에이프로젠바이오로직스)-500g/병,BETAMETHASONE_CLOTRIMAZOLE_GENTAMICIN | PARAFFIN_PETROLEUM,2,2
NAME::ITEM_22f68b8abc33776a6aed,로테맥스점안현탁액 0.5%_5ml(바슈롬),PARAFFIN_PETROLEUM | PHARMA_API_GENERIC,2,2
NAME::ITEM_aa8e08997bdd1b175d62,새크라손크림(30g)(알리코제약(주))-30g/개,PARAFFIN_PETROLEUM | PHARMA_API_GENERIC,2,2
NAME::ITEM_ace95f186d74b9de87ff,제이알히드로코르티손연고_(0.15g/15g)(이니스트바이오제약(주))-15g/통,PARAFFIN_PETROLEUM | PHARMA_API_GENERIC,2,2
NAME::ITEM_ac9492ea41f93b3b2b3a,로이탄연질캡슐(이소트레티노인)_(10mg/1캡슐)((주)마더스제약)-1캡슐,ISOTRETINOIN | PARAFFIN_PETROLEUM,2,2
NAME::ITEM_21d96839eb96fa392d5a,인플루엔자(소인),BIOLOGICS_CELL_CULTURE | LIPID_NANOPARTICLE,2,2
NAME::ITEM_21d608acf068c33e91b1,더모타손엠엘이로션(모메타손푸로에이트)_(30mg/30g)((주)동구바이오제약)-30g/개,MOMETASONE_FUROATE | PARAFFIN_PETROLEUM,2,2
NAME::ITEM_21a29f79b61238d1d705,모베타스프레이(모메타손푸로에이트)_(7mg/140회)((주)마더스제약)-140회/통,MOMETASONE_FUROATE | PARAFFIN_PETROLEUM,2,2
NAME::ITEM_aec044bc4f68f6c51143,거드액(알긴산나트륨)_(1.25g/25mL)(삼아제약(주))-25mL/포,GLUCOSE_CORNSTARCH | SODIUM_CHLORIDE,2,2
NAME::ITEM_b2311bc565093ebdfba7,B형간염1ml (투석환자),BIOLOGICS_CELL_CULTURE | LIPID_NANOPARTICLE,2,2
NAME::ITEM_b00871341ba66e9bb799,맥시트롤안연고_(3.5g)(한국노바티스(주))-3.5g/개,PARAFFIN_PETROLEUM | PHARMA_API_GENERIC,2,2
NAME::ITEM_b3902b4dbe3e60f1e361,한방장수고카타플라스마(1매)(대화제약(주))-1매,PARAFFIN_PETROLEUM | PHARMA_API_GENERIC,2,2
NAME::ITEM_eddf8ddfdf691c459f02,일성알마게이트정500밀리그램_(0.5g/1정)(일성신약(주))-1정,ALUMINUM_HYDROXIDE_MINERAL | MAGNESIUM_HYDROXIDE_MINERAL,2,2
NAME::ITEM_9ffe9058095689899044,슈퍼포아5*7,ACRYLIC_ADHESIVE | NONWOVEN_FABRIC_SPUNBOND,2,2
NAME::ITEM_9f981dd37383a67e8aaa,나조넥스나잘스프레이(모메타손푸로에이트)(한국엠에스디(유))-140dose/통,MOMETASONE_FUROATE | PARAFFIN_PETROLEUM,2,2
NAME::ITEM_2606f152cd8914b0466d,티어클린점안액(순-1회용)(05mL)(한림제약(주))-0.5mL/관,PARAFFIN_PETROLEUM | PHARMA_API_GENERIC,2,2
NAME::ITEM_256920c8c1ae7fe46482,실로덱스점이현탁액_(7.5mL)(한국노바티스(주))-7.5mL/병,PARAFFIN_PETROLEUM | PHARMA_API_GENERIC,2,2
NAME::ITEM_a1457eb0a4f9a0d2fd8f,라미실크림1%(한국노바티스)-1g (포장단위 15g),PARAFFIN_PETROLEUM | PHARMA_API_GENERIC,2,2
NAME::ITEM_252c1c0ba312ec3389fb,중외생리식염주사액500밀리리터(수출명:0.9%SodiumChlorideInj.)(제이더블유중외제약(주))-500mL/백,GLUCOSE_CORNSTARCH | SODIUM_CHLORIDE,2,2
NAME::ITEM_244abf1f64b4ca4545dd,루핑점안액(1회용)(05mL)(현대약품(주))-0.5mL/관,PARAFFIN_PETROLEUM | PHARMA_API_GENERIC,2,2
NAME::ITEM_500f4350128efb6a32fb,데마코트에스크림(30g)(대화제약(주))-30g/개,PARAFFIN_PETROLEUM | PHARMA_API_GENERIC,2,2
NAME::ITEM_4610f624754816ce4fda,대한포도당주사액(20%)(대한약품공업(주))-20mL/앰플,GLUCOSE_CORNSTARCH | SODIUM_CHLORIDE,2,2
NAME::ITEM_45ff63bcfee21a543975,메틸피디정(메틸프레드니솔론)_(4mg/1정)(일양바이오팜(주))-1정,METHYLPREDNISOLONE | PARAFFIN_PETROLEUM,2,2
NAME::ITEM_a4eefdbb6bf25f93ae3d,메디셋정(메딕스제약(주))-1정,ACRYLIC_ADHESIVE | NONWOVEN_FABRIC_SPUNBOND,2,2
NAME::ITEM_a345a824d46d847260d4,중외50%포도당주사액_(중외제약(주))-50mL/병,GLUCOSE_CORNSTARCH | SODIUM_CHLORIDE,2,2
NAME::ITEM_a7531a912e235a843d42,인플루엔자1ml,BIOLOGICS_CELL_CULTURE | LIPID_NANOPARTICLE,2,2
NAME::ITEM_a66a5d8e8e74b62c62f6,보소미연고(동구제약),PARAFFIN_PETROLEUM | PHARMA_API_GENERIC,2,2
NAME::ITEM_239c5aa58b6ffd48ff6b,중외엔에스주사액(염화나트륨)(제이더블유생명과학(주))-50ml/병,GLUCOSE_CORNSTARCH | SODIUM_CHLORIDE,2,2
NAME::ITEM_956717174c54bef88ac4,"암로잘탄정5/100mg(한국휴텍스제약(주))-1정 | 암로잘탄정5/100밀리그램(암로디핀, 로사르탄칼륨)_(1정)(한국휴텍스제약(주))-1정",AMLODIPINE | LOSARTAN_AMLODIPINE,2,2
NAME::ITEM_955e4e125cbe165c12f3,박테로신연고(무피로신)(수출명: KM MUPIROCIN Oint)_(0.2g/10g)(한국콜마(주))-10g/개,MUPIROCIN | PARAFFIN_PETROLEUM,2,2
NAME::ITEM_953cfee7fb667fc83ce0,이노엔5%포도당주사액_(2.5g/50mL)(에이치케이이노엔(주))-50mL/백,GLUCOSE_CORNSTARCH | SODIUM_CHLORIDE,2,2
NAME::ITEM_962b9503c5b0aeb6181a,리렌스연고(씨엠지제약)-30g,PARAFFIN_PETROLEUM | PHARMA_API_GENERIC,2,2
NAME::ITEM_2926ec334490385b8e53,한미유리아크림200밀리그램(우레아)_(4g/20g)(한미약품(주))-20g/개,PARAFFIN_PETROLEUM | UREA,2,2
NAME::ITEM_98a2f83871013f4cf016,중외20%포도당주사액 600mL(제이더블유중외제약(주)) - 20%DW 600mL/백,GLUCOSE_CORNSTARCH | SODIUM_CHLORIDE,2,2
NAME::ITEM_9767e3a04f037710ed8d,치매장갑(1개당),NATURAL_RUBBER_LATEX | SYNTHETIC_NITRILE_RUBBER,2,2
NAME::ITEM_27c5f42e611a4c9f2d37,프틴크림30g(태극제약(주)),PARAFFIN_PETROLEUM | PHARMA_API_GENERIC,2,2
NAME::ITEM_27c3a6044c87473614ee,알지에스액(알긴산나트륨)_(1g/20mL)((주)팜젠사이언스)-20mL/포,GLUCOSE_CORNSTARCH | SODIUM_CHLORIDE,2,2
NAME::ITEM_99f530334e0246810ba7,유축기노즐,POLYPROPYLENE_PP | SILICONE,2,2
NAME::ITEM_9caafc9b14859646d740,진생고카타플라스마(1매)(신신제약(주))-1매,PARAFFIN_PETROLEUM | PHARMA_API_GENERIC,2,2
NAME::ITEM_9b7c08f604d47da19b82,이지에프새살연고10g(대웅제약),PARAFFIN_PETROLEUM | PHARMA_API_GENERIC,2,2
NAME::ITEM_9d741bf166002da001b1,이노엔10%포도당주사액_(100g/1000mL)(에이치케이이노엔(주))-1000mL/백,GLUCOSE_CORNSTARCH | SODIUM_CHLORIDE,2,2
NAME::ITEM_27386d42f95cda9d9b29,알긴지액(알긴산나트륨)_(1g/20mL)((주)넥스팜코리아)-20mL/포,GLUCOSE_CORNSTARCH | SODIUM_CHLORIDE,2,2
NAME::ITEM_2734fbe04853c52fa353,B형간염(투석환자용),BIOLOGICS_CELL_CULTURE | LIPID_NANOPARTICLE,2,2
NAME::ITEM_2615557e4749ccba59ea,케어스킨로션2.5%(히드로코르티손)_(0.75g/30g)(신일제약(주))-30g/개,HYDROCORTISONE | PARAFFIN_PETROLEUM,2,2
NAME::ITEM_8d488fb339072ed90339,니조랄2%액(케토코나졸)(24g/100mL)((주)휴온스)-100mL/병,KETOCONAZOLE | PARAFFIN_PETROLEUM,2,2
NAME::ITEM_2f33312faa4f0cbb1840,베타베이트액(클로베타솔프로피오네이트)_(13.98mg/30mL)(고려제약(주))-30mL/병,CLOBETASOL_PROPIONATE | PARAFFIN_PETROLEUM,2,2
NAME::ITEM_f0ecc5ef8440bf4abd3c,임산부 영양제 03 | 임산부자동차표지,MIXED_MATERIAL_NOT_SINGLE | VITAMIN_SYNTHETIC_RAWMATERIAL,2,2
NAME::ITEM_8ec81220473745fad253,(제일약품)크라비트주-100mL/병 | 크라비트주(레보플록사신)_(0.5g/100mL)(제일약품(주))-100mL/병,LEVOFLOXACIN | PHARMA_API_GENERIC,2,2
NAME::ITEM_8e75f7a9200da4c4057d,스포라녹스캡슐(이트라코나졸)_(0.1g/1캡슐)((주)한국얀센)-1캡슐,ITRACONAZOLE | PARAFFIN_PETROLEUM,2,2
NAME::ITEM_2dee8a371a39a3f4e9c8,명문펜타닐패취50μg/h(펜타닐)_21cm2(명문제약(주))-1매,PARAFFIN_PETROLEUM | PHARMA_API_GENERIC,2,2
NAME::ITEM_2cdcf73943a26f66037d,광명디나트륨인산덱사메타손주사액1ml,DEXAMETHASONE | PARAFFIN_PETROLEUM,2,2
NAME::ITEM_5224deaeb33dc0725d28,모메트나잘스프레이(모메타손푸로에이트)(동국제약(주))-140회/통,MOMETASONE_FUROATE | PARAFFIN_PETROLEUM,2,2
NAME::ITEM_2bfa07e3fb56d365429e,프로토픽연고0.1%(타크로리무스수화물)_(10.2mg/10g)(레오파마(유))-10g/개,PARAFFIN_PETROLEUM | TACROLIMUS,2,2
NAME::ITEM_2bbc9c22bc1a136cafd6,알지트액(알긴산나트륨)_(1g/20mL)((주)경보제약)-20mL/포(스틱),GLUCOSE_CORNSTARCH | SODIUM_CHLORIDE,2,2
NAME::ITEM_2b70fb957ecb636e7fbc,인플루엔자 0.5ml(현장대응요원),BIOLOGICS_CELL_CULTURE | LIPID_NANOPARTICLE,2,2
NAME::ITEM_2b64995af00c4b60c423,B형간염성인(1mL유료),BIOLOGICS_CELL_CULTURE | LIPID_NANOPARTICLE,2,2
NAME::ITEM_9250a6eb6a3e244b2c37,"토브라덱스점안액_(5mg,15mg/5mL)(한국알콘(주))-5mL/병",PARAFFIN_PETROLEUM | PHARMA_API_GENERIC,2,2
NAME::ITEM_9247a009489b4e4fd0dc,대한멸균증류수(주사용수) 1000밀리리터(대한약품공업(주))-1000mL/병,GLUCOSE_CORNSTARCH | SODIUM_CHLORIDE,2,2
NAME::ITEM_2a7460c18e965a7ea20c,"유니메론점안액5mL(Fluorometholone, Tetrahydrozoline)(유니메드제약(주))-5mL/병",PARAFFIN_PETROLEUM | PHARMA_API_GENERIC,2,2
NAME::ITEM_95a814b1ab975232d380,피디정(메틸프레드니솔론)_(4mg/1정)-JW신약_1정,METHYLPREDNISOLONE | PARAFFIN_PETROLEUM,2,2
NAME::ITEM_f2934d785c2d3fac16c5,바코시론크림(아시클로버)_(0.5g/10g)((주)씨엠지제약)-10g/개,ACYCLOVIR | PARAFFIN_PETROLEUM,2,2
NAME::ITEM_892e54d197f70d051433,나무졸크림(테르비나핀염산염)_(0.15g/15g)(제이더블유중외신약(주))-15g/개,PARAFFIN_PETROLEUM | TERBINAFINE,2,2
NAME::ITEM_88a7500f91b0f96a121e,일본뇌염(0.5ml)무료,BIOLOGICS_CELL_CULTURE | LIPID_NANOPARTICLE,2,2
NAME::ITEM_8897121d625fa5f654fb,오큐카르핀점안액2% 10mL,PARAFFIN_PETROLEUM | PHARMA_API_GENERIC,2,2
NAME::ITEM_87db92f1e4309435fe6b,엔도가드액(알긴산나트륨)_(1.25g/25mL)(유니메드제약(주))-25mL/포,GLUCOSE_CORNSTARCH | SODIUM_CHLORIDE,2,2
NAME::ITEM_87a969bc614ddfc59571,아이수점안액(14mL)(한림제약(주))-14mL/병,PARAFFIN_PETROLEUM | PHARMA_API_GENERIC,2,2
NAME::ITEM_87a2ee45807dca577b4a,신신명황고카타플라스마(10X14cm2/1매)(신신제약(주))-1매,PARAFFIN_PETROLEUM | PHARMA_API_GENERIC,2,2
NAME::ITEM_2fc236e4f975ca819cd4,훼스탈슈퍼자임정(1정)((주)한독)-1정,MICROBIAL_FUNGAL_ENZYME | PANCREATIN_ANIMAL_ENZYME,2,2
NAME::ITEM_2f94ca4e7a65926c6a1c,생리식염수 2ml,GLUCOSE_CORNSTARCH | SODIUM_CHLORIDE,2,2
NAME::ITEM_2f86eeec171bd27dc5aa,모메손크림(모메타손푸로에이트)_(30mg/30g)(오스틴제약(주))-30g/개,MOMETASONE_FUROATE | PARAFFIN_PETROLEUM,2,2
NAME::ITEM_89e9d86d2166f3e7e3e9,대한하트만덱스주사액 500밀리리터(대한약품공업(주))-500mL/백,GLUCOSE_CORNSTARCH | SODIUM_CHLORIDE,2,2
NAME::ITEM_2e65319108f01be7c386,바크락스크림(아시클로버)(수출명:바이러스탈크림BEEVIRUTAL크림)(슈넬생명과학(주))-1g,ACYCLOVIR | PARAFFIN_PETROLEUM,2,2
NAME::ITEM_2e4e8880c8261accc3e5,영일알마게이트정500밀리그램_(0.5g/1정)(영일제약(주))-1정,ALUMINUM_HYDROXIDE_MINERAL | MAGNESIUM_HYDROXIDE_MINERAL,2,2
NAME::ITEM_2e0eb56b0fe9ef542a93,실바딘1%크림(한독약품)-1g,PARAFFIN_PETROLEUM | PHARMA_API_GENERIC,2,2
NAME::ITEM_8e68969b8f32fa5c70e1,제로이드 크림 200ml,PARAFFIN_PETROLEUM | SKINCARE_COSMETIC_TOPICAL,2,2
NAME::ITEM_8df059d1c72482d3291f,바크로비크림(아시클로버)_(0.15g/3g)((주)한독)-3g/개,ACYCLOVIR | PARAFFIN_PETROLEUM,2,2
NAME::ITEM_f4324be19c88f6e9e9be,프레타손크림(푸로산모메타손)_(10mg/10g)(대화제약(주))-10g/개,MOMETASONE_FUROATE | PARAFFIN_PETROLEUM,2,2
NAME::ITEM_f2fd160fe879bb516c46,맥시덱스안연고(덱사메타손)_(3.5mg/3.5g)(한국노바티스(주))-3.5g/개,DEXAMETHASONE | PARAFFIN_PETROLEUM,2,2
NAME::ITEM_7de579254e02a972068d,아비클정(아시클로버)_(0.2g/1정)((주)이든파마)-1정,ACYCLOVIR | PARAFFIN_PETROLEUM,2,2
NAME::ITEM_7d3cb4aaafe75704a23e,푸루코졸캡슐150밀리그램(플루코나졸)_(0.15g/1캡슐)(영풍제약(주))-1캡슐,FLUCONAZOLE | PARAFFIN_PETROLEUM,2,2
NAME::ITEM_7ec43889befa3191fd87,아이리스플러스점안액(1회용)(07mL)(삼천당제약(주))-0.7mL/관,PARAFFIN_PETROLEUM | PHARMA_API_GENERIC,2,2
NAME::ITEM_33041c07d68a4744bd45,베스자임정(동아에스티(주))-1정(보훈급여),MICROBIAL_FUNGAL_ENZYME | PANCREATIN_ANIMAL_ENZYME,2,2
NAME::ITEM_80aca81e6871dd0135a7,라미나지액(알긴산나트륨)(군납명:알긴산나트륨액)_(1.25g/25mL)((주)태준제약)-25mL/포,GLUCOSE_CORNSTARCH | SODIUM_CHLORIDE,2,2
NAME::ITEM_80683c38c28427e44cfe,알지에이액(알긴산나트륨)_(1g/20mL)(화일약품(주))-20mL/포,GLUCOSE_CORNSTARCH | SODIUM_CHLORIDE,2,2
NAME::ITEM_801603c63f0301d258fb,이노엔10%포도당주사액_(50g/500mL)(에이치케이이노엔(주))-500mL/백,GLUCOSE_CORNSTARCH | SODIUM_CHLORIDE,2,2
NAME::ITEM_83dac8a213c5012c1bcd,대한5%포도당주사액-20mL/앰플,GLUCOSE_CORNSTARCH | SODIUM_CHLORIDE,2,2
NAME::ITEM_32bfcbddccd6f43e7e95,케이졸외용약(4ml/1병),PARAFFIN_PETROLEUM | PHARMA_API_GENERIC,2,2
NAME::ITEM_845f019e614fcdf61f17,오스게이트정(알마게이트)_(0.5g/1정)((주)오스코리아제약)-1정,ALUMINUM_HYDROXIDE_MINERAL | MAGNESIUM_HYDROXIDE_MINERAL,2,2
NAME::ITEM_841b47217034d1ddc11c,피지오겔 프로 인텐시브 MD 크림 100ml,PARAFFIN_PETROLEUM | PHARMA_API_GENERIC,2,2
NAME::ITEM_840271d72500695bee18,클리코졸캡슐50밀리그램(플루코나졸)_(50mg/1캡슐)(에이치케이이노엔(주))-1캡슐,FLUCONAZOLE | PARAFFIN_PETROLEUM,2,2
NAME::ITEM_31683b43977b5d44f56c,멜라논크림(10g/병)(동아에스티(주))-10g/병,PARAFFIN_PETROLEUM | PHARMA_API_GENERIC,2,2
NAME::ITEM_3029265685421ada2dba,건강기능식품 엽산제(30T) | 리버 쿨 포르테 1000mg,FOLIC_ACID | MATERIAL_UNSPECIFIED,2,2
NAME::ITEM_731bcd5cf6f2ae7f0284,메솔롬정(메틸프레드니솔론)(아이큐어(주))-1정,METHYLPREDNISOLONE | PARAFFIN_PETROLEUM,2,2
NAME::ITEM_3920fc6da41b60572958,이노엔0.9%생리식염주사액_(0.45g/50mL)(에이치케이이노엔(주))-50mL/백,GLUCOSE_CORNSTARCH | SODIUM_CHLORIDE,2,2
NAME::ITEM_76bdb89b3923d2a19d6f,센토스크림(메디카코리아)-1g,PARAFFIN_PETROLEUM | PHARMA_API_GENERIC,2,2
NAME::ITEM_749b3d9233de14dc4cc1,바크락스주250밀리그램(아시클로버)(슈넬생명과학(주))-1병,ACYCLOVIR | PARAFFIN_PETROLEUM,2,2
NAME::ITEM_36af3c5254289df95589,(이동)오라메디연고,PARAFFIN_PETROLEUM | TRIAMCINOLONE_ORAL,2,2
NAME::ITEM_36993ca1e3c6c4612d77,데르민크림(프레드니카르베이트)_(37.5mg/15g)(대우제약(주))-15g/개,PARAFFIN_PETROLEUM | PREDNICARBATE,2,2
NAME::ITEM_363128cf04b181ea44be,실마진1%크림,PARAFFIN_PETROLEUM | SILVER_SULFADIAZINE,2,2
NAME::ITEM_771d2daeafcd6fee3a87,프레벨액0.25%(프레드니카르베이트)_(1.25g/500mL)(태극제약(주))-500mL/병,PARAFFIN_PETROLEUM | PREDNICARBATE,2,2
NAME::ITEM_7979cb0013f7be9bcd7e,프리겔현탁액(알마게이트)(대원제약(주))-15mL/포,ALUMINUM_HYDROXIDE_MINERAL | MAGNESIUM_HYDROXIDE_MINERAL,2,2
NAME::ITEM_793579a5598a75495c9b,푸가졸캡슐(플루코나졸)_(50mg)(신풍제약(주))-1캡슐,FLUCONAZOLE | PARAFFIN_PETROLEUM,2,2
NAME::ITEM_34db6cb20e395a02716b,"암로잘탄정5/100mg(한국휴텍스제약(주))-1정 | 암로잘탄정5/100밀리그램(암로디핀, 로사르탄칼륨)_(1정)(한국휴텍스제약(주))-1정",AMLODIPINE | LOSARTAN_AMLODIPINE,2,2
NAME::ITEM_7c33c3634917accd968a,플렉스캡슐150mg(플루코나졸)((주)씨엠지제약)-1캡슐,FLUCONAZOLE | PARAFFIN_PETROLEUM,2,2
NAME::ITEM_7bdc79c1c14b9d18f61a,중외5%포도당주사액 200밀리리터(500mL 용기에 200mL충진)(제이더블유중외제약(주))-200mL/백,POLYPROPYLENE_PP | POLYVINYL_CHLORIDE_PVC,2,2
NAME::ITEM_7bb568eccf9d058393c6,"펜탁심주(흡착디프테리아,파상풍톡소이드,정제백일해,개량불활화폴리오및헤모필루스인플루엔자비형-파상풍톡소이드접합혼합백신)(05mL)(사노피파스퇴르(주))-0.5mL/관",BIOLOGICS_CELL_CULTURE | LIPID_NANOPARTICLE,2,2
NAME::ITEM_537350695b5122843a1d,소화제,MICROBIAL_FUNGAL_ENZYME | PANCREATIN_ANIMAL_ENZYME,2,2
NAME::ITEM_535d52d82c3cdbf4fab7,레스톤 크림(씨엠지제약) 30g/개,PARAFFIN_PETROLEUM | PHARMA_API_GENERIC,2,2
NAME::ITEM_3d3e2310a8e5540e7f20,티나졸정150mg(플루코나졸)_(0.15g/1정)(동광제약(주))-1정,FLUCONAZOLE | PARAFFIN_PETROLEUM,2,2
NAME::ITEM_f8acd85e8e2357c179e6,알게론정500밀리그램(알마게이트)(동국제약(주))-1정,ALUMINUM_HYDROXIDE_MINERAL | MAGNESIUM_HYDROXIDE_MINERAL,2,2
NAME::ITEM_6b505e8ebca8551c6a69,아이필점안액(15mL)(한림제약(주))-15mL/병,PARAFFIN_PETROLEUM | PHARMA_API_GENERIC,2,2
NAME::ITEM_6c471ef88db175e18d32,B형간염0.5ml 11세이하유료,BIOLOGICS_CELL_CULTURE | LIPID_NANOPARTICLE,2,2
NAME::ITEM_6c38abeca4ac206401a5,알마로정(알마게이트)_(0.5g/1정)((주)팜젠사이언스)-1정,ALUMINUM_HYDROXIDE_MINERAL | MAGNESIUM_HYDROXIDE_MINERAL,2,2
NAME::ITEM_6bfe8defa34a869239fd,크마론지크림(20g)(신일제약(주))-20g/개,PARAFFIN_PETROLEUM | PHARMA_API_GENERIC,2,2
NAME::ITEM_39635a15c0e41e4dd86a,플루진캡슐(플루코나졸)_(50mg/1캡슐)((유)한풍제약)-1캡슐,FLUCONAZOLE | PARAFFIN_PETROLEUM,2,2
NAME::ITEM_3956bc2a9a58312c2b3c,알마제트정(알마게이트)(조아제약(주))-1정,ALUMINUM_HYDROXIDE_MINERAL | MAGNESIUM_HYDROXIDE_MINERAL,2,2
NAME::ITEM_6eb63ba0a9f3e36139e6,티나롤네일라카(아모롤핀염산염)_(0.25g/5mL)(동광제약(주))-5mL/병,AMOROLFINE | PARAFFIN_PETROLEUM,2,2
NAME::ITEM_6ea2b525bf3955930525,투앤티크림 0.025% 20g - 20g/개,PARAFFIN_PETROLEUM | PHARMA_API_GENERIC,2,2
NAME::ITEM_6e1ed37616e53b9089cb,디아솔액100(태준제약)-296ml,GLUCOSE_CORNSTARCH | SODIUM_CHLORIDE,2,2
NAME::ITEM_6d9c4e6f83ceea11ef63,일본뇌염,BIOLOGICS_CELL_CULTURE | LIPID_NANOPARTICLE,2,2
NAME::ITEM_6fcdb4061d3a8c4e7538,"조이렉스주사액(아시클로버)(수출명:RaxcloInj.250mg/10mL,HerpexInj.250mg/10mL)_(0.25g/10mL)(한국유나이티드제약(주))-10mL/병",ACYCLOVIR | PARAFFIN_PETROLEUM,2,2
NAME::ITEM_3a39ad2c6e0e93d551a0,유박스,BIOLOGICS_CELL_CULTURE | LIPID_NANOPARTICLE,2,2
NAME::ITEM_71dd99f58531c1c5b5dc,중외5%포도당주사액 50밀리리터(제이더블유중외제약(주))-50mL/백,GLUCOSE_CORNSTARCH | SODIUM_CHLORIDE,2,2
NAME::ITEM_7356013b496cdb77fd54,수드레싱 5*10 | 수밴드,COTTON_FIBER | MEDICAL_SUPPLY_PLASTIC_GENERIC,2,2
NAME::ITEM_3f97819d7bbb2f44c4fc,알마겔정 (방),ALUMINUM_HYDROXIDE_MINERAL | MAGNESIUM_HYDROXIDE_MINERAL,2,2
NAME::ITEM_61a7a97b2d00e19d4df5,레스톤크림15g(15g)((주)씨엠지제약)-15g/개,PARAFFIN_PETROLEUM | PHARMA_API_GENERIC,2,2
NAME::ITEM_615ce6a2ed9696f7cbb9,관장주사기(60cc),NATURAL_RUBBER_LATEX | POLYPROPYLENE_PP,2,2
NAME::ITEM_44c591111f41aec40f2e,프레벨연고(프레드니카르베이트)_(37.5mg/15g)(태극제약(주))-15g/개,PARAFFIN_PETROLEUM | PREDNICARBATE,2,2
NAME::ITEM_624a8577f5859a6eadfa,디푸루칸건조시럽(플루코나졸)_(0.35g/35mL),FLUCONAZOLE | PARAFFIN_PETROLEUM,2,2
NAME::ITEM_61fc652025e199e771c2,후루칸정150밀리그램(플루코나졸)(삼익제약(주))-1정,FLUCONAZOLE | PARAFFIN_PETROLEUM,2,2
NAME::ITEM_6409e82e08b73983e9ff,데소나크림0.05%(데소나이드)_(15mg/30g)(주식회사제뉴원사이언스)-30g/개,DESONIDE | PARAFFIN_PETROLEUM,2,2
NAME::ITEM_6374994fd370e5703fec,9%식염수주사(1000ml)(BM),GLUCOSE_CORNSTARCH | SODIUM_CHLORIDE,2,2
NAME::ITEM_633188bb6ecda4d6972d,케펨겔,PARAFFIN_PETROLEUM | PHARMA_API_GENERIC,2,2
NAME::ITEM_62e47be6a8edec8a2fe9,에코암시론크림_(500g)((주)씨엠지제약)-500g/병,PARAFFIN_PETROLEUM | PHARMA_API_GENERIC,2,2
NAME::ITEM_42cd77b8e33e80928f30,카네스텐질정(바이엘코리아)-1T,CLOTRIMAZOLE | PARAFFIN_PETROLEUM,2,2
NAME::ITEM_3e92648cca50f4625536,(이동)국제아시클로버크림,ACYCLOVIR | PARAFFIN_PETROLEUM,2,2
NAME::ITEM_6604fd4921c646d9e2c1,유박스(2ml)유료,BIOLOGICS_CELL_CULTURE | LIPID_NANOPARTICLE,2,2
NAME::ITEM_68265cf60aa5df098c13,엘리델크림1%(피메크로리무스)_(0.3g/30g)(한국메나리니(주))-30g/개,PARAFFIN_PETROLEUM | PIMECROLIMUS,2,2
NAME::ITEM_67636d62231bad50c30c,비타그란 비타민C(동아제약) | 비타민(암환자),VITAMIN_C | VITAMIN_SYNTHETIC_RAWMATERIAL,2,2
NAME::ITEM_67330d41c46b5d0f5666,코솝점안액_(5mL)(한국산텐제약(주))-5mL/병,PARAFFIN_PETROLEUM | PHARMA_API_GENERIC,2,2
NAME::ITEM_4919f9194d9035d40a40,뮤로128점안액5%(염화나트륨)_(0.75g/15mL)((주)바슈헬스코리아)-15mL/병,GLUCOSE_CORNSTARCH | SODIUM_CHLORIDE,2,2
NAME::ITEM_48f1e5d3f996b67e254d,관류용멸균증류수(1000ml),GLUCOSE_CORNSTARCH | SODIUM_CHLORIDE,2,2
NAME::ITEM_fee62a4a506b2ba0bfe0,실마진,PARAFFIN_PETROLEUM | SILVER_SULFADIAZINE,2,2
NAME::ITEM_fc3a72022f6d73446055,올로아이점안액0.2%(※올로파타딘염산염)_(6.66mg/3mL)((주)비보존제약)-3mL/병,PARAFFIN_PETROLEUM | PHARMA_API_GENERIC,2,2
NAME::ITEM_fbd46ff6ad986671aadc,무라졸크림(테르비나핀염산염)_(0.15g/15g)(태극제약(주))-15g/개,PARAFFIN_PETROLEUM | TERBINAFINE,2,2
NAME::ITEM_566a02793400e2ddaf50,이바나파연고(덱사메타손)(10mg/10g)(태극제약(주))-10g/개,DEXAMETHASONE | PARAFFIN_PETROLEUM,2,2
NAME::ITEM_ffc13821895422bccae6,아토릭스정10mg(아토르바스타틴칼슘) (구주제약(주))-1정 | 아토릭스정10mg(아토르바스타틴칼슘수화물)_(10.85mg/1정)(구주제약(주))-1정,ATORVASTATIN | PHARMA_API_GENERIC,2,2
NAME::ITEM_5700873d209025525c8b,하트만액 500밀리리터(대한약품공업(주))-500mL/병,GLUCOSE_CORNSTARCH | SODIUM_CHLORIDE,2,2
NAME::ITEM_56e6ffb269a569237296,프레벨액0.25%(프레드니카르베이트)_(0.125g/50g)(태극제약(주))-50g/병,PARAFFIN_PETROLEUM | PREDNICARBATE,2,2
NAME::ITEM_56dd55d8cea7b0f51359,바크락스크림(아시클로버)(수출명:바이러스탈크림BEEVIRUTAL크림)_(0.25g/5g)(슈넬생명과학(주))-5g/개,ACYCLOVIR | PARAFFIN_PETROLEUM,2,2
NAME::ITEM_58a8f92b7fa4ecf47919,데소니아로션0.05%(데소나이드)_(30mg/60g)((주)메디카코리아)-60g/병,DESONIDE | PARAFFIN_PETROLEUM,2,2
NAME::ITEM_57592281623678cbc557,오라메디 연고(BM),PARAFFIN_PETROLEUM | TRIAMCINOLONE_ORAL,2,2
NAME::ITEM_4230fecea5f618e3fbbc,발트렉스 500mg | 발트렉스정500밀리그램(발라시클로비르염산염)_(0.556g/1정)((주)글락소스미스클라인)-1정,MATERIAL_UNSPECIFIED | VALACYCLOVIR,2,2
NAME::ITEM_42225049f0db22c554a3,트라보코트크림_(15g)(레오파마(유))-15g/개,PARAFFIN_PETROLEUM | PHARMA_API_GENERIC,2,2
NAME::ITEM_5affec1f2ecd1fc61305,데타손로션0.25%(데속시메타손)_(75mg/30mL)(동성제약(주))-30mL/병,DESOXIMETASONE | PARAFFIN_PETROLEUM,2,2
NAME::ITEM_42519f8f78d74da6d948,알마노겐정(알마게이트)((주)테라젠이텍스)-1정,ALUMINUM_HYDROXIDE_MINERAL | MAGNESIUM_HYDROXIDE_MINERAL,2,2
NAME::ITEM_e571411d85bf77635786,코반(1inch),NATURAL_RUBBER_LATEX | NONWOVEN_FABRIC_SPUNBOND,2,2
NAME::ITEM_e3cda3d30a28054b86b7,"코반 3""(0.5ea)",NATURAL_RUBBER_LATEX | NONWOVEN_FABRIC_SPUNBOND,2,2
NAME::ITEM_dd530d79f6349456face,ABGA주사기(23G 1mm),NATURAL_RUBBER_LATEX | POLYPROPYLENE_PP,2,2
NAME::ITEM_dd3254dcd670bbf5a2a8,덱사에스주(덱사메타손디나트륨인산염)(일성신약(주))-1mL/앰플,DEXAMETHASONE | PARAFFIN_PETROLEUM,2,2
NAME::ITEM_dc54963b54f4cad556fe,B형간염 11세이상,BIOLOGICS_CELL_CULTURE | LIPID_NANOPARTICLE,2,2
NAME::ITEM_dc2bf0f37846e035440f,라미실덤겔1%(테르비나핀)(015g/15g)((주)글락소스미스)-15g/개,PARAFFIN_PETROLEUM | TERBINAFINE,2,2
NAME::ITEM_0e715b5a08068d999ccb,신풍겐타마이신황산염크림_(10mg/10g)(신풍제약(주))-10g/개,GENTAMICIN | PARAFFIN_PETROLEUM,2,2
NAME::ITEM_e0e7ef2e01f75d1e0b90,유박스 1ml(외국인무료),BIOLOGICS_CELL_CULTURE | LIPID_NANOPARTICLE,2,2
NAME::ITEM_0eed517a4ab2b085f1fa,엠라5%크림(5g)(미쓰비시다나베파마코리아주식회사)-5g/개,PARAFFIN_PETROLEUM | PHARMA_API_GENERIC,2,2
NAME::ITEM_e2274aa401f95d24b51c,닥터베아제정,MICROBIAL_FUNGAL_ENZYME | PANCREATIN_ANIMAL_ENZYME,2,2
NAME::ITEM_fcaf805f6e63b8923dfb,주블리엠외용액4ml,PARAFFIN_PETROLEUM | PHARMA_API_GENERIC,2,2
NAME::ITEM_02f2aa2cdd575ec5a4c7,무코나졸캡슐50밀리그램(플루코나졸)_(50mg/1캡슐)((주)한국비엔씨)-1캡슐,FLUCONAZOLE | PARAFFIN_PETROLEUM,2,2
NAME::ITEM_496f8699f0d8441e9a96,Tdap (수자원),BIOLOGICS_CELL_CULTURE | LIPID_NANOPARTICLE,2,2
NAME::ITEM_4959f1cfcd27f29f199c,로나실덤겔(테르비나핀)_(0.15g/15g)((주)바이넥스)-15g/개,PARAFFIN_PETROLEUM | TERBINAFINE,2,2
NAME::ITEM_002f70dc4bf92b5c98b6,건강기능식품 엽산제(30T) | 리버 쿨 포르테 1000mg,FOLIC_ACID | MATERIAL_UNSPECIFIED,2,2
NAME::ITEM_fcc254a278c9c82fe3d4,클리마졸질정(클로트리마졸)(01g/1정)(에이치엘비제약(주))-1정,CLOTRIMAZOLE | PARAFFIN_PETROLEUM,2,2
